country_code,indicator_code,period,frequency,value,raw_value,value_status,source_id,source_series_code,seasonal_adjustment,observation_metadata
AFG,cpi_index_all_items_quarterly_imf,2023-Q1,quarterly,144.36884230745167,\N,derived,IMF_CPI,IMF|ACCESS_SHARING_LEVEL=PUBLIC_OPEN|COICOP_1999=_T|COMMON_REFERENCE_PERIOD=2015M4|FREQUENCY=M|IFS_FLAG=true|INDEX_TYPE=CPI|OVERLAP=OL|SCALE=0|SECURITY_CLASSIFICATION=PUB|TYPE_OF_TRANSFORMATION=IX|aggregation=quarterly_mean,\N,"{""aggregation_method"": ""quarterly_mean"", ""source_derivation_types"": [""O"", ""O"", ""O""], ""source_months"": [""2023-M01"", ""2023-M02"", ""2023-M03""], ""source_observation_count"": 3, ""source_series_dimensions"": {""ACCESS_SHARING_LEVEL"": ""PUBLIC_OPEN"", ""COICOP_1999"": ""_T"", ""COMMON_REFERENCE_PERIOD"": ""2015M4"", ""COUNTRY"": ""AFG"", ""FREQUENCY"": ""M"", ""IFS_FLAG"": ""true"", ""INDEX_TYPE"": ""CPI"", ""OVERLAP"": ""OL"", ""SCALE"": ""0"", ""SECURITY_CLASSIFICATION"": ""PUB"", ""TYPE_OF_TRANSFORMATION"": ""IX""}}"
AFG,cpi_index_all_items_quarterly_imf,2023-Q2,quarterly,139.53260938609665,\N,derived,IMF_CPI,IMF|ACCESS_SHARING_LEVEL=PUBLIC_OPEN|COICOP_1999=_T|COMMON_REFERENCE_PERIOD=2015M4|FREQUENCY=M|IFS_FLAG=true|INDEX_TYPE=CPI|OVERLAP=OL|SCALE=0|SECURITY_CLASSIFICATION=PUB|TYPE_OF_TRANSFORMATION=IX|aggregation=quarterly_mean,\N,"{""aggregation_method"": ""quarterly_mean"", ""source_derivation_types"": [""O"", ""O"", ""O""], ""source_months"": [""2023-M04"", ""2023-M05"", ""2023-M06""], ""source_observation_count"": 3, ""source_series_dimensions"": {""ACCESS_SHARING_LEVEL"": ""PUBLIC_OPEN"", ""COICOP_1999"": ""_T"", ""COMMON_REFERENCE_PERIOD"": ""2015M4"", ""COUNTRY"": ""AFG"", ""FREQUENCY"": ""M"", ""IFS_FLAG"": ""true"", ""INDEX_TYPE"": ""CPI"", ""OVERLAP"": ""OL"", ""SCALE"": ""0"", ""SECURITY_CLASSIFICATION"": ""PUB"", ""TYPE_OF_TRANSFORMATION"": ""IX""}}"
AFG,cpi_index_all_items_quarterly_imf,2023-Q3,quarterly,134.4048758844033,\N,derived,IMF_CPI,IMF|ACCESS_SHARING_LEVEL=PUBLIC_OPEN|COICOP_1999=_T|COMMON_REFERENCE_PERIOD=2015M4|FREQUENCY=M|IFS_FLAG=true|INDEX_TYPE=CPI|OVERLAP=OL|SCALE=0|SECURITY_CLASSIFICATION=PUB|TYPE_OF_TRANSFORMATION=IX|aggregation=quarterly_mean,\N,"{""aggregation_method"": ""quarterly_mean"", ""source_derivation_types"": [""O"", ""O"", ""O""], ""source_months"": [""2023-M07"", ""2023-M08"", ""2023-M09""], ""source_observation_count"": 3, ""source_series_dimensions"": {""ACCESS_SHARING_LEVEL"": ""PUBLIC_OPEN"", ""COICOP_1999"": ""_T"", ""COMMON_REFERENCE_PERIOD"": ""2015M4"", ""COUNTRY"": ""AFG"", ""FREQUENCY"": ""M"", ""IFS_FLAG"": ""true"", ""INDEX_TYPE"": ""CPI"", ""OVERLAP"": ""OL"", ""SCALE"": ""0"", ""SECURITY_CLASSIFICATION"": ""PUB"", ""TYPE_OF_TRANSFORMATION"": ""IX""}}"
AFG,cpi_index_all_items_quarterly_imf,2023-Q4,quarterly,131.91085802645432,\N,derived,IMF_CPI,IMF|ACCESS_SHARING_LEVEL=PUBLIC_OPEN|COICOP_1999=_T|COMMON_REFERENCE_PERIOD=2015M4|FREQUENCY=M|IFS_FLAG=true|INDEX_TYPE=CPI|OVERLAP=OL|SCALE=0|SECURITY_CLASSIFICATION=PUB|TYPE_OF_TRANSFORMATION=IX|aggregation=quarterly_mean,\N,"{""aggregation_method"": ""quarterly_mean"", ""source_derivation_types"": [""O"", ""O"", ""O""], ""source_months"": [""2023-M10"", ""2023-M11"", ""2023-M12""], ""source_observation_count"": 3, ""source_series_dimensions"": {""ACCESS_SHARING_LEVEL"": ""PUBLIC_OPEN"", ""COICOP_1999"": ""_T"", ""COMMON_REFERENCE_PERIOD"": ""2015M4"", ""COUNTRY"": ""AFG"", ""FREQUENCY"": ""M"", ""IFS_FLAG"": ""true"", ""INDEX_TYPE"": ""CPI"", ""OVERLAP"": ""OL"", ""SCALE"": ""0"", ""SECURITY_CLASSIFICATION"": ""PUB"", ""TYPE_OF_TRANSFORMATION"": ""IX""}}"
AGO,cpi_index_all_items_quarterly_imf,2023-Q1,quarterly,147.101003601965,\N,derived,IMF_CPI,IMF|ACCESS_SHARING_LEVEL=PUBLIC_OPEN|COICOP_1999=_T|COMMON_REFERENCE_PERIOD=2020M12|FREQUENCY=M|IFS_FLAG=true|INDEX_TYPE=CPI|OVERLAP=OL|SCALE=0|SECURITY_CLASSIFICATION=PUB|TYPE_OF_TRANSFORMATION=IX|aggregation=quarterly_mean,\N,"{""aggregation_method"": ""quarterly_mean"", ""source_derivation_types"": [""O"", ""O"", ""O""], ""source_months"": [""2023-M01"", ""2023-M02"", ""2023-M03""], ""source_observation_count"": 3, ""source_series_dimensions"": {""ACCESS_SHARING_LEVEL"": ""PUBLIC_OPEN"", ""COICOP_1999"": ""_T"", ""COMMON_REFERENCE_PERIOD"": ""2020M12"", ""COUNTRY"": ""AGO"", ""FREQUENCY"": ""M"", ""IFS_FLAG"": ""true"", ""INDEX_TYPE"": ""CPI"", ""OVERLAP"": ""OL"", ""SCALE"": ""0"", ""SECURITY_CLASSIFICATION"": ""PUB"", ""TYPE_OF_TRANSFORMATION"": ""IX""}}"
AGO,cpi_index_all_items_quarterly_imf,2023-Q2,quarterly,151.422952193199,\N,derived,IMF_CPI,IMF|ACCESS_SHARING_LEVEL=PUBLIC_OPEN|COICOP_1999=_T|COMMON_REFERENCE_PERIOD=2020M12|FREQUENCY=M|IFS_FLAG=true|INDEX_TYPE=CPI|OVERLAP=OL|SCALE=0|SECURITY_CLASSIFICATION=PUB|TYPE_OF_TRANSFORMATION=IX|aggregation=quarterly_mean,\N,"{""aggregation_method"": ""quarterly_mean"", ""source_derivation_types"": [""O"", ""O"", ""O""], ""source_months"": [""2023-M04"", ""2023-M05"", ""2023-M06""], ""source_observation_count"": 3, ""source_series_dimensions"": {""ACCESS_SHARING_LEVEL"": ""PUBLIC_OPEN"", ""COICOP_1999"": ""_T"", ""COMMON_REFERENCE_PERIOD"": ""2020M12"", ""COUNTRY"": ""AGO"", ""FREQUENCY"": ""M"", ""IFS_FLAG"": ""true"", ""INDEX_TYPE"": ""CPI"", ""OVERLAP"": ""OL"", ""SCALE"": ""0"", ""SECURITY_CLASSIFICATION"": ""PUB"", ""TYPE_OF_TRANSFORMATION"": ""IX""}}"
AGO,cpi_index_all_items_quarterly_imf,2023-Q3,quarterly,159.01512348382866,\N,derived,IMF_CPI,IMF|ACCESS_SHARING_LEVEL=PUBLIC_OPEN|COICOP_1999=_T|COMMON_REFERENCE_PERIOD=2020M12|FREQUENCY=M|IFS_FLAG=true|INDEX_TYPE=CPI|OVERLAP=OL|SCALE=0|SECURITY_CLASSIFICATION=PUB|TYPE_OF_TRANSFORMATION=IX|aggregation=quarterly_mean,\N,"{""aggregation_method"": ""quarterly_mean"", ""source_derivation_types"": [""O"", ""O"", ""O""], ""source_months"": [""2023-M07"", ""2023-M08"", ""2023-M09""], ""source_observation_count"": 3, ""source_series_dimensions"": {""ACCESS_SHARING_LEVEL"": ""PUBLIC_OPEN"", ""COICOP_1999"": ""_T"", ""COMMON_REFERENCE_PERIOD"": ""2020M12"", ""COUNTRY"": ""AGO"", ""FREQUENCY"": ""M"", ""IFS_FLAG"": ""true"", ""INDEX_TYPE"": ""CPI"", ""OVERLAP"": ""OL"", ""SCALE"": ""0"", ""SECURITY_CLASSIFICATION"": ""PUB"", ""TYPE_OF_TRANSFORMATION"": ""IX""}}"
AGO,cpi_index_all_items_quarterly_imf,2023-Q4,quarterly,169.604731756093,\N,derived,IMF_CPI,IMF|ACCESS_SHARING_LEVEL=PUBLIC_OPEN|COICOP_1999=_T|COMMON_REFERENCE_PERIOD=2020M12|FREQUENCY=M|IFS_FLAG=true|INDEX_TYPE=CPI|OVERLAP=OL|SCALE=0|SECURITY_CLASSIFICATION=PUB|TYPE_OF_TRANSFORMATION=IX|aggregation=quarterly_mean,\N,"{""aggregation_method"": ""quarterly_mean"", ""source_derivation_types"": [""O"", ""O"", ""O""], ""source_months"": [""2023-M10"", ""2023-M11"", ""2023-M12""], ""source_observation_count"": 3, ""source_series_dimensions"": {""ACCESS_SHARING_LEVEL"": ""PUBLIC_OPEN"", ""COICOP_1999"": ""_T"", ""COMMON_REFERENCE_PERIOD"": ""2020M12"", ""COUNTRY"": ""AGO"", ""FREQUENCY"": ""M"", ""IFS_FLAG"": ""true"", ""INDEX_TYPE"": ""CPI"", ""OVERLAP"": ""OL"", ""SCALE"": ""0"", ""SECURITY_CLASSIFICATION"": ""PUB"", ""TYPE_OF_TRANSFORMATION"": ""IX""}}"
ALB,cpi_index_all_items_quarterly_imf,2023-Q1,quarterly,95.22163343189875,\N,derived,IMF_CPI,IMF|ACCESS_SHARING_LEVEL=PUBLIC_OPEN|COICOP_1999=_T|COMMON_REFERENCE_PERIOD=2025A|FREQUENCY=M|IFS_FLAG=true|INDEX_TYPE=CPI|OVERLAP=OL|SCALE=0|SECURITY_CLASSIFICATION=PUB|TYPE_OF_TRANSFORMATION=IX|aggregation=quarterly_mean,\N,"{""aggregation_method"": ""quarterly_mean"", ""source_derivation_types"": [""O"", ""O"", ""O""], ""source_months"": [""2023-M01"", ""2023-M02"", ""2023-M03""], ""source_observation_count"": 3, ""source_series_dimensions"": {""ACCESS_SHARING_LEVEL"": ""PUBLIC_OPEN"", ""COICOP_1999"": ""_T"", ""COMMON_REFERENCE_PERIOD"": ""2025A"", ""COUNTRY"": ""ALB"", ""FREQUENCY"": ""M"", ""IFS_FLAG"": ""true"", ""INDEX_TYPE"": ""CPI"", ""OVERLAP"": ""OL"", ""SCALE"": ""0"", ""SECURITY_CLASSIFICATION"": ""PUB"", ""TYPE_OF_TRANSFORMATION"": ""IX""}}"
ALB,cpi_index_all_items_quarterly_imf,2023-Q2,quarterly,95.72397499162155,\N,derived,IMF_CPI,IMF|ACCESS_SHARING_LEVEL=PUBLIC_OPEN|COICOP_1999=_T|COMMON_REFERENCE_PERIOD=2025A|FREQUENCY=M|IFS_FLAG=true|INDEX_TYPE=CPI|OVERLAP=OL|SCALE=0|SECURITY_CLASSIFICATION=PUB|TYPE_OF_TRANSFORMATION=IX|aggregation=quarterly_mean,\N,"{""aggregation_method"": ""quarterly_mean"", ""source_derivation_types"": [""O"", ""O"", ""O""], ""source_months"": [""2023-M04"", ""2023-M05"", ""2023-M06""], ""source_observation_count"": 3, ""source_series_dimensions"": {""ACCESS_SHARING_LEVEL"": ""PUBLIC_OPEN"", ""COICOP_1999"": ""_T"", ""COMMON_REFERENCE_PERIOD"": ""2025A"", ""COUNTRY"": ""ALB"", ""FREQUENCY"": ""M"", ""IFS_FLAG"": ""true"", ""INDEX_TYPE"": ""CPI"", ""OVERLAP"": ""OL"", ""SCALE"": ""0"", ""SECURITY_CLASSIFICATION"": ""PUB"", ""TYPE_OF_TRANSFORMATION"": ""IX""}}"
ALB,cpi_index_all_items_quarterly_imf,2023-Q3,quarterly,95.89123353573608,\N,derived,IMF_CPI,IMF|ACCESS_SHARING_LEVEL=PUBLIC_OPEN|COICOP_1999=_T|COMMON_REFERENCE_PERIOD=2025A|FREQUENCY=M|IFS_FLAG=true|INDEX_TYPE=CPI|OVERLAP=OL|SCALE=0|SECURITY_CLASSIFICATION=PUB|TYPE_OF_TRANSFORMATION=IX|aggregation=quarterly_mean,\N,"{""aggregation_method"": ""quarterly_mean"", ""source_derivation_types"": [""O"", ""O"", ""O""], ""source_months"": [""2023-M07"", ""2023-M08"", ""2023-M09""], ""source_observation_count"": 3, ""source_series_dimensions"": {""ACCESS_SHARING_LEVEL"": ""PUBLIC_OPEN"", ""COICOP_1999"": ""_T"", ""COMMON_REFERENCE_PERIOD"": ""2025A"", ""COUNTRY"": ""ALB"", ""FREQUENCY"": ""M"", ""IFS_FLAG"": ""true"", ""INDEX_TYPE"": ""CPI"", ""OVERLAP"": ""OL"", ""SCALE"": ""0"", ""SECURITY_CLASSIFICATION"": ""PUB"", ""TYPE_OF_TRANSFORMATION"": ""IX""}}"
ALB,cpi_index_all_items_quarterly_imf,2023-Q4,quarterly,96.70763744714293,\N,derived,IMF_CPI,IMF|ACCESS_SHARING_LEVEL=PUBLIC_OPEN|COICOP_1999=_T|COMMON_REFERENCE_PERIOD=2025A|FREQUENCY=M|IFS_FLAG=true|INDEX_TYPE=CPI|OVERLAP=OL|SCALE=0|SECURITY_CLASSIFICATION=PUB|TYPE_OF_TRANSFORMATION=IX|aggregation=quarterly_mean,\N,"{""aggregation_method"": ""quarterly_mean"", ""source_derivation_types"": [""O"", ""O"", ""O""], ""source_months"": [""2023-M10"", ""2023-M11"", ""2023-M12""], ""source_observation_count"": 3, ""source_series_dimensions"": {""ACCESS_SHARING_LEVEL"": ""PUBLIC_OPEN"", ""COICOP_1999"": ""_T"", ""COMMON_REFERENCE_PERIOD"": ""2025A"", ""COUNTRY"": ""ALB"", ""FREQUENCY"": ""M"", ""IFS_FLAG"": ""true"", ""INDEX_TYPE"": ""CPI"", ""OVERLAP"": ""OL"", ""SCALE"": ""0"", ""SECURITY_CLASSIFICATION"": ""PUB"", ""TYPE_OF_TRANSFORMATION"": ""IX""}}"
ARE,cpi_index_all_items_quarterly_imf,2023-Q1,quarterly,105.53723025849433,\N,derived,IMF_CPI,IMF|ACCESS_SHARING_LEVEL=PUBLIC_OPEN|COICOP_1999=_T|COMMON_REFERENCE_PERIOD=2021A|FREQUENCY=M|IFS_FLAG=true|INDEX_TYPE=CPI|OVERLAP=OL|SCALE=0|SECURITY_CLASSIFICATION=PUB|TYPE_OF_TRANSFORMATION=IX|aggregation=quarterly_mean,\N,"{""aggregation_method"": ""quarterly_mean"", ""source_derivation_types"": [""O"", ""O"", ""O""], ""source_months"": [""2023-M01"", ""2023-M02"", ""2023-M03""], ""source_observation_count"": 3, ""source_series_dimensions"": {""ACCESS_SHARING_LEVEL"": ""PUBLIC_OPEN"", ""COICOP_1999"": ""_T"", ""COMMON_REFERENCE_PERIOD"": ""2021A"", ""COUNTRY"": ""ARE"", ""FREQUENCY"": ""M"", ""IFS_FLAG"": ""true"", ""INDEX_TYPE"": ""CPI"", ""OVERLAP"": ""OL"", ""SCALE"": ""0"", ""SECURITY_CLASSIFICATION"": ""PUB"", ""TYPE_OF_TRANSFORMATION"": ""IX""}}"
ARE,cpi_index_all_items_quarterly_imf,2023-Q2,quarterly,105.99899239297032,\N,derived,IMF_CPI,IMF|ACCESS_SHARING_LEVEL=PUBLIC_OPEN|COICOP_1999=_T|COMMON_REFERENCE_PERIOD=2021A|FREQUENCY=M|IFS_FLAG=true|INDEX_TYPE=CPI|OVERLAP=OL|SCALE=0|SECURITY_CLASSIFICATION=PUB|TYPE_OF_TRANSFORMATION=IX|aggregation=quarterly_mean,\N,"{""aggregation_method"": ""quarterly_mean"", ""source_derivation_types"": [""O"", ""O"", ""O""], ""source_months"": [""2023-M04"", ""2023-M05"", ""2023-M06""], ""source_observation_count"": 3, ""source_series_dimensions"": {""ACCESS_SHARING_LEVEL"": ""PUBLIC_OPEN"", ""COICOP_1999"": ""_T"", ""COMMON_REFERENCE_PERIOD"": ""2021A"", ""COUNTRY"": ""ARE"", ""FREQUENCY"": ""M"", ""IFS_FLAG"": ""true"", ""INDEX_TYPE"": ""CPI"", ""OVERLAP"": ""OL"", ""SCALE"": ""0"", ""SECURITY_CLASSIFICATION"": ""PUB"", ""TYPE_OF_TRANSFORMATION"": ""IX""}}"
ARE,cpi_index_all_items_quarterly_imf,2023-Q3,quarterly,107.012139471301,\N,derived,IMF_CPI,IMF|ACCESS_SHARING_LEVEL=PUBLIC_OPEN|COICOP_1999=_T|COMMON_REFERENCE_PERIOD=2021A|FREQUENCY=M|IFS_FLAG=true|INDEX_TYPE=CPI|OVERLAP=OL|SCALE=0|SECURITY_CLASSIFICATION=PUB|TYPE_OF_TRANSFORMATION=IX|aggregation=quarterly_mean,\N,"{""aggregation_method"": ""quarterly_mean"", ""source_derivation_types"": [""O"", ""O"", ""O""], ""source_months"": [""2023-M07"", ""2023-M08"", ""2023-M09""], ""source_observation_count"": 3, ""source_series_dimensions"": {""ACCESS_SHARING_LEVEL"": ""PUBLIC_OPEN"", ""COICOP_1999"": ""_T"", ""COMMON_REFERENCE_PERIOD"": ""2021A"", ""COUNTRY"": ""ARE"", ""FREQUENCY"": ""M"", ""IFS_FLAG"": ""true"", ""INDEX_TYPE"": ""CPI"", ""OVERLAP"": ""OL"", ""SCALE"": ""0"", ""SECURITY_CLASSIFICATION"": ""PUB"", ""TYPE_OF_TRANSFORMATION"": ""IX""}}"
ARE,cpi_index_all_items_quarterly_imf,2023-Q4,quarterly,107.570956287059,\N,derived,IMF_CPI,IMF|ACCESS_SHARING_LEVEL=PUBLIC_OPEN|COICOP_1999=_T|COMMON_REFERENCE_PERIOD=2021A|FREQUENCY=M|IFS_FLAG=true|INDEX_TYPE=CPI|OVERLAP=OL|SCALE=0|SECURITY_CLASSIFICATION=PUB|TYPE_OF_TRANSFORMATION=IX|aggregation=quarterly_mean,\N,"{""aggregation_method"": ""quarterly_mean"", ""source_derivation_types"": [""O"", ""O"", ""O""], ""source_months"": [""2023-M10"", ""2023-M11"", ""2023-M12""], ""source_observation_count"": 3, ""source_series_dimensions"": {""ACCESS_SHARING_LEVEL"": ""PUBLIC_OPEN"", ""COICOP_1999"": ""_T"", ""COMMON_REFERENCE_PERIOD"": ""2021A"", ""COUNTRY"": ""ARE"", ""FREQUENCY"": ""M"", ""IFS_FLAG"": ""true"", ""INDEX_TYPE"": ""CPI"", ""OVERLAP"": ""OL"", ""SCALE"": ""0"", ""SECURITY_CLASSIFICATION"": ""PUB"", ""TYPE_OF_TRANSFORMATION"": ""IX""}}"
ARG,cpi_index_all_items_quarterly_imf,2023-Q1,quarterly,1288.9494000000002,\N,derived,IMF_CPI,IMF|ACCESS_SHARING_LEVEL=PUBLIC_OPEN|COICOP_1999=_T|COMMON_REFERENCE_PERIOD=2016M12|FREQUENCY=M|IFS_FLAG=true|INDEX_TYPE=CPI|OVERLAP=OL|SCALE=0|SECURITY_CLASSIFICATION=PUB|TYPE_OF_TRANSFORMATION=IX|aggregation=quarterly_mean,\N,"{""aggregation_method"": ""quarterly_mean"", ""source_derivation_types"": [""O"", ""O"", ""O""], ""source_months"": [""2023-M01"", ""2023-M02"", ""2023-M03""], ""source_observation_count"": 3, ""source_series_dimensions"": {""ACCESS_SHARING_LEVEL"": ""PUBLIC_OPEN"", ""COICOP_1999"": ""_T"", ""COMMON_REFERENCE_PERIOD"": ""2016M12"", ""COUNTRY"": ""ARG"", ""FREQUENCY"": ""M"", ""IFS_FLAG"": ""true"", ""INDEX_TYPE"": ""CPI"", ""OVERLAP"": ""OL"", ""SCALE"": ""0"", ""SECURITY_CLASSIFICATION"": ""PUB"", ""TYPE_OF_TRANSFORMATION"": ""IX""}}"
ARG,cpi_index_all_items_quarterly_imf,2023-Q2,quarterly,1606.8052333333333,\N,derived,IMF_CPI,IMF|ACCESS_SHARING_LEVEL=PUBLIC_OPEN|COICOP_1999=_T|COMMON_REFERENCE_PERIOD=2016M12|FREQUENCY=M|IFS_FLAG=true|INDEX_TYPE=CPI|OVERLAP=OL|SCALE=0|SECURITY_CLASSIFICATION=PUB|TYPE_OF_TRANSFORMATION=IX|aggregation=quarterly_mean,\N,"{""aggregation_method"": ""quarterly_mean"", ""source_derivation_types"": [""O"", ""O"", ""O""], ""source_months"": [""2023-M04"", ""2023-M05"", ""2023-M06""], ""source_observation_count"": 3, ""source_series_dimensions"": {""ACCESS_SHARING_LEVEL"": ""PUBLIC_OPEN"", ""COICOP_1999"": ""_T"", ""COMMON_REFERENCE_PERIOD"": ""2016M12"", ""COUNTRY"": ""ARG"", ""FREQUENCY"": ""M"", ""IFS_FLAG"": ""true"", ""INDEX_TYPE"": ""CPI"", ""OVERLAP"": ""OL"", ""SCALE"": ""0"", ""SECURITY_CLASSIFICATION"": ""PUB"", ""TYPE_OF_TRANSFORMATION"": ""IX""}}"
ARG,cpi_index_all_items_quarterly_imf,2023-Q3,quarterly,2055.763733333333,\N,derived,IMF_CPI,IMF|ACCESS_SHARING_LEVEL=PUBLIC_OPEN|COICOP_1999=_T|COMMON_REFERENCE_PERIOD=2016M12|FREQUENCY=M|IFS_FLAG=true|INDEX_TYPE=CPI|OVERLAP=OL|SCALE=0|SECURITY_CLASSIFICATION=PUB|TYPE_OF_TRANSFORMATION=IX|aggregation=quarterly_mean,\N,"{""aggregation_method"": ""quarterly_mean"", ""source_derivation_types"": [""O"", ""O"", ""O""], ""source_months"": [""2023-M07"", ""2023-M08"", ""2023-M09""], ""source_observation_count"": 3, ""source_series_dimensions"": {""ACCESS_SHARING_LEVEL"": ""PUBLIC_OPEN"", ""COICOP_1999"": ""_T"", ""COMMON_REFERENCE_PERIOD"": ""2016M12"", ""COUNTRY"": ""ARG"", ""FREQUENCY"": ""M"", ""IFS_FLAG"": ""true"", ""INDEX_TYPE"": ""CPI"", ""OVERLAP"": ""OL"", ""SCALE"": ""0"", ""SECURITY_CLASSIFICATION"": ""PUB"", ""TYPE_OF_TRANSFORMATION"": ""IX""}}"
ARG,cpi_index_all_items_quarterly_imf,2023-Q4,quarterly,2948.5093333333334,\N,derived,IMF_CPI,IMF|ACCESS_SHARING_LEVEL=PUBLIC_OPEN|COICOP_1999=_T|COMMON_REFERENCE_PERIOD=2016M12|FREQUENCY=M|IFS_FLAG=true|INDEX_TYPE=CPI|OVERLAP=OL|SCALE=0|SECURITY_CLASSIFICATION=PUB|TYPE_OF_TRANSFORMATION=IX|aggregation=quarterly_mean,\N,"{""aggregation_method"": ""quarterly_mean"", ""source_derivation_types"": [""O"", ""O"", ""O""], ""source_months"": [""2023-M10"", ""2023-M11"", ""2023-M12""], ""source_observation_count"": 3, ""source_series_dimensions"": {""ACCESS_SHARING_LEVEL"": ""PUBLIC_OPEN"", ""COICOP_1999"": ""_T"", ""COMMON_REFERENCE_PERIOD"": ""2016M12"", ""COUNTRY"": ""ARG"", ""FREQUENCY"": ""M"", ""IFS_FLAG"": ""true"", ""INDEX_TYPE"": ""CPI"", ""OVERLAP"": ""OL"", ""SCALE"": ""0"", ""SECURITY_CLASSIFICATION"": ""PUB"", ""TYPE_OF_TRANSFORMATION"": ""IX""}}"
ARM,cpi_index_all_items_quarterly_imf,2023-Q1,quarterly,158.00835675566069,\N,derived,IMF_CPI,IMF|ACCESS_SHARING_LEVEL=PUBLIC_OPEN|COICOP_1999=_T|COMMON_REFERENCE_PERIOD=2010A|FREQUENCY=M|IFS_FLAG=true|INDEX_TYPE=CPI|OVERLAP=OL|SCALE=0|SECURITY_CLASSIFICATION=PUB|TYPE_OF_TRANSFORMATION=IX|aggregation=quarterly_mean,\N,"{""aggregation_method"": ""quarterly_mean"", ""source_derivation_types"": [""O"", ""O"", ""O""], ""source_months"": [""2023-M01"", ""2023-M02"", ""2023-M03""], ""source_observation_count"": 3, ""source_series_dimensions"": {""ACCESS_SHARING_LEVEL"": ""PUBLIC_OPEN"", ""COICOP_1999"": ""_T"", ""COMMON_REFERENCE_PERIOD"": ""2010A"", ""COUNTRY"": ""ARM"", ""FREQUENCY"": ""M"", ""IFS_FLAG"": ""true"", ""INDEX_TYPE"": ""CPI"", ""OVERLAP"": ""OL"", ""SCALE"": ""0"", ""SECURITY_CLASSIFICATION"": ""PUB"", ""TYPE_OF_TRANSFORMATION"": ""IX""}}"
ARM,cpi_index_all_items_quarterly_imf,2023-Q2,quarterly,154.88374833004832,\N,derived,IMF_CPI,IMF|ACCESS_SHARING_LEVEL=PUBLIC_OPEN|COICOP_1999=_T|COMMON_REFERENCE_PERIOD=2010A|FREQUENCY=M|IFS_FLAG=true|INDEX_TYPE=CPI|OVERLAP=OL|SCALE=0|SECURITY_CLASSIFICATION=PUB|TYPE_OF_TRANSFORMATION=IX|aggregation=quarterly_mean,\N,"{""aggregation_method"": ""quarterly_mean"", ""source_derivation_types"": [""O"", ""O"", ""O""], ""source_months"": [""2023-M04"", ""2023-M05"", ""2023-M06""], ""source_observation_count"": 3, ""source_series_dimensions"": {""ACCESS_SHARING_LEVEL"": ""PUBLIC_OPEN"", ""COICOP_1999"": ""_T"", ""COMMON_REFERENCE_PERIOD"": ""2010A"", ""COUNTRY"": ""ARM"", ""FREQUENCY"": ""M"", ""IFS_FLAG"": ""true"", ""INDEX_TYPE"": ""CPI"", ""OVERLAP"": ""OL"", ""SCALE"": ""0"", ""SECURITY_CLASSIFICATION"": ""PUB"", ""TYPE_OF_TRANSFORMATION"": ""IX""}}"
ARM,cpi_index_all_items_quarterly_imf,2023-Q3,quarterly,151.5459628274407,\N,derived,IMF_CPI,IMF|ACCESS_SHARING_LEVEL=PUBLIC_OPEN|COICOP_1999=_T|COMMON_REFERENCE_PERIOD=2010A|FREQUENCY=M|IFS_FLAG=true|INDEX_TYPE=CPI|OVERLAP=OL|SCALE=0|SECURITY_CLASSIFICATION=PUB|TYPE_OF_TRANSFORMATION=IX|aggregation=quarterly_mean,\N,"{""aggregation_method"": ""quarterly_mean"", ""source_derivation_types"": [""O"", ""O"", ""O""], ""source_months"": [""2023-M07"", ""2023-M08"", ""2023-M09""], ""source_observation_count"": 3, ""source_series_dimensions"": {""ACCESS_SHARING_LEVEL"": ""PUBLIC_OPEN"", ""COICOP_1999"": ""_T"", ""COMMON_REFERENCE_PERIOD"": ""2010A"", ""COUNTRY"": ""ARM"", ""FREQUENCY"": ""M"", ""IFS_FLAG"": ""true"", ""INDEX_TYPE"": ""CPI"", ""OVERLAP"": ""OL"", ""SCALE"": ""0"", ""SECURITY_CLASSIFICATION"": ""PUB"", ""TYPE_OF_TRANSFORMATION"": ""IX""}}"
ARM,cpi_index_all_items_quarterly_imf,2023-Q4,quarterly,153.9332577701697,\N,derived,IMF_CPI,IMF|ACCESS_SHARING_LEVEL=PUBLIC_OPEN|COICOP_1999=_T|COMMON_REFERENCE_PERIOD=2010A|FREQUENCY=M|IFS_FLAG=true|INDEX_TYPE=CPI|OVERLAP=OL|SCALE=0|SECURITY_CLASSIFICATION=PUB|TYPE_OF_TRANSFORMATION=IX|aggregation=quarterly_mean,\N,"{""aggregation_method"": ""quarterly_mean"", ""source_derivation_types"": [""O"", ""O"", ""O""], ""source_months"": [""2023-M10"", ""2023-M11"", ""2023-M12""], ""source_observation_count"": 3, ""source_series_dimensions"": {""ACCESS_SHARING_LEVEL"": ""PUBLIC_OPEN"", ""COICOP_1999"": ""_T"", ""COMMON_REFERENCE_PERIOD"": ""2010A"", ""COUNTRY"": ""ARM"", ""FREQUENCY"": ""M"", ""IFS_FLAG"": ""true"", ""INDEX_TYPE"": ""CPI"", ""OVERLAP"": ""OL"", ""SCALE"": ""0"", ""SECURITY_CLASSIFICATION"": ""PUB"", ""TYPE_OF_TRANSFORMATION"": ""IX""}}"
ATG,cpi_index_all_items_quarterly_imf,2023-Q1,quarterly,114.24333333333334,\N,derived,IMF_CPI,IMF|ACCESS_SHARING_LEVEL=PUBLIC_OPEN|COICOP_1999=_T|COMMON_REFERENCE_PERIOD=2019M1|FREQUENCY=M|IFS_FLAG=true|INDEX_TYPE=CPI|OVERLAP=OL|SCALE=0|SECURITY_CLASSIFICATION=PUB|TYPE_OF_TRANSFORMATION=IX|aggregation=quarterly_mean,\N,"{""aggregation_method"": ""quarterly_mean"", ""source_derivation_types"": [""O"", ""O"", ""O""], ""source_months"": [""2023-M01"", ""2023-M02"", ""2023-M03""], ""source_observation_count"": 3, ""source_series_dimensions"": {""ACCESS_SHARING_LEVEL"": ""PUBLIC_OPEN"", ""COICOP_1999"": ""_T"", ""COMMON_REFERENCE_PERIOD"": ""2019M1"", ""COUNTRY"": ""ATG"", ""FREQUENCY"": ""M"", ""IFS_FLAG"": ""true"", ""INDEX_TYPE"": ""CPI"", ""OVERLAP"": ""OL"", ""SCALE"": ""0"", ""SECURITY_CLASSIFICATION"": ""PUB"", ""TYPE_OF_TRANSFORMATION"": ""IX""}}"
ATG,cpi_index_all_items_quarterly_imf,2023-Q2,quarterly,117.77,\N,derived,IMF_CPI,IMF|ACCESS_SHARING_LEVEL=PUBLIC_OPEN|COICOP_1999=_T|COMMON_REFERENCE_PERIOD=2019M1|FREQUENCY=M|IFS_FLAG=true|INDEX_TYPE=CPI|OVERLAP=OL|SCALE=0|SECURITY_CLASSIFICATION=PUB|TYPE_OF_TRANSFORMATION=IX|aggregation=quarterly_mean,\N,"{""aggregation_method"": ""quarterly_mean"", ""source_derivation_types"": [""O"", ""O"", ""O""], ""source_months"": [""2023-M04"", ""2023-M05"", ""2023-M06""], ""source_observation_count"": 3, ""source_series_dimensions"": {""ACCESS_SHARING_LEVEL"": ""PUBLIC_OPEN"", ""COICOP_1999"": ""_T"", ""COMMON_REFERENCE_PERIOD"": ""2019M1"", ""COUNTRY"": ""ATG"", ""FREQUENCY"": ""M"", ""IFS_FLAG"": ""true"", ""INDEX_TYPE"": ""CPI"", ""OVERLAP"": ""OL"", ""SCALE"": ""0"", ""SECURITY_CLASSIFICATION"": ""PUB"", ""TYPE_OF_TRANSFORMATION"": ""IX""}}"
ATG,cpi_index_all_items_quarterly_imf,2023-Q3,quarterly,118.94999999999999,\N,derived,IMF_CPI,IMF|ACCESS_SHARING_LEVEL=PUBLIC_OPEN|COICOP_1999=_T|COMMON_REFERENCE_PERIOD=2019M1|FREQUENCY=M|IFS_FLAG=true|INDEX_TYPE=CPI|OVERLAP=OL|SCALE=0|SECURITY_CLASSIFICATION=PUB|TYPE_OF_TRANSFORMATION=IX|aggregation=quarterly_mean,\N,"{""aggregation_method"": ""quarterly_mean"", ""source_derivation_types"": [""O"", ""O"", ""O""], ""source_months"": [""2023-M07"", ""2023-M08"", ""2023-M09""], ""source_observation_count"": 3, ""source_series_dimensions"": {""ACCESS_SHARING_LEVEL"": ""PUBLIC_OPEN"", ""COICOP_1999"": ""_T"", ""COMMON_REFERENCE_PERIOD"": ""2019M1"", ""COUNTRY"": ""ATG"", ""FREQUENCY"": ""M"", ""IFS_FLAG"": ""true"", ""INDEX_TYPE"": ""CPI"", ""OVERLAP"": ""OL"", ""SCALE"": ""0"", ""SECURITY_CLASSIFICATION"": ""PUB"", ""TYPE_OF_TRANSFORMATION"": ""IX""}}"
ATG,cpi_index_all_items_quarterly_imf,2023-Q4,quarterly,117.99333333333333,\N,derived,IMF_CPI,IMF|ACCESS_SHARING_LEVEL=PUBLIC_OPEN|COICOP_1999=_T|COMMON_REFERENCE_PERIOD=2019M1|FREQUENCY=M|IFS_FLAG=true|INDEX_TYPE=CPI|OVERLAP=OL|SCALE=0|SECURITY_CLASSIFICATION=PUB|TYPE_OF_TRANSFORMATION=IX|aggregation=quarterly_mean,\N,"{""aggregation_method"": ""quarterly_mean"", ""source_derivation_types"": [""O"", ""O"", ""O""], ""source_months"": [""2023-M10"", ""2023-M11"", ""2023-M12""], ""source_observation_count"": 3, ""source_series_dimensions"": {""ACCESS_SHARING_LEVEL"": ""PUBLIC_OPEN"", ""COICOP_1999"": ""_T"", ""COMMON_REFERENCE_PERIOD"": ""2019M1"", ""COUNTRY"": ""ATG"", ""FREQUENCY"": ""M"", ""IFS_FLAG"": ""true"", ""INDEX_TYPE"": ""CPI"", ""OVERLAP"": ""OL"", ""SCALE"": ""0"", ""SECURITY_CLASSIFICATION"": ""PUB"", ""TYPE_OF_TRANSFORMATION"": ""IX""}}"
AUT,cpi_index_all_items_quarterly_imf,2023-Q1,quarterly,92.11692347200822,\N,derived,IMF_CPI,IMF|ACCESS_SHARING_LEVEL=PUBLIC_OPEN|COICOP_1999=_T|COMMON_REFERENCE_PERIOD=2025A|FREQUENCY=M|IFS_FLAG=true|INDEX_TYPE=CPI|OVERLAP=OL|SCALE=0|SECURITY_CLASSIFICATION=PUB|TYPE_OF_TRANSFORMATION=IX|aggregation=quarterly_mean,\N,"{""aggregation_method"": ""quarterly_mean"", ""source_derivation_types"": [""O"", ""O"", ""O""], ""source_months"": [""2023-M01"", ""2023-M02"", ""2023-M03""], ""source_observation_count"": 3, ""source_series_dimensions"": {""ACCESS_SHARING_LEVEL"": ""PUBLIC_OPEN"", ""COICOP_1999"": ""_T"", ""COMMON_REFERENCE_PERIOD"": ""2025A"", ""COUNTRY"": ""AUT"", ""FREQUENCY"": ""M"", ""IFS_FLAG"": ""true"", ""INDEX_TYPE"": ""CPI"", ""OVERLAP"": ""OL"", ""SCALE"": ""0"", ""SECURITY_CLASSIFICATION"": ""PUB"", ""TYPE_OF_TRANSFORMATION"": ""IX""}}"
AUT,cpi_index_all_items_quarterly_imf,2023-Q2,quarterly,93.59974319465846,\N,derived,IMF_CPI,IMF|ACCESS_SHARING_LEVEL=PUBLIC_OPEN|COICOP_1999=_T|COMMON_REFERENCE_PERIOD=2025A|FREQUENCY=M|IFS_FLAG=true|INDEX_TYPE=CPI|OVERLAP=OL|SCALE=0|SECURITY_CLASSIFICATION=PUB|TYPE_OF_TRANSFORMATION=IX|aggregation=quarterly_mean,\N,"{""aggregation_method"": ""quarterly_mean"", ""source_derivation_types"": [""O"", ""O"", ""O""], ""source_months"": [""2023-M04"", ""2023-M05"", ""2023-M06""], ""source_observation_count"": 3, ""source_series_dimensions"": {""ACCESS_SHARING_LEVEL"": ""PUBLIC_OPEN"", ""COICOP_1999"": ""_T"", ""COMMON_REFERENCE_PERIOD"": ""2025A"", ""COUNTRY"": ""AUT"", ""FREQUENCY"": ""M"", ""IFS_FLAG"": ""true"", ""INDEX_TYPE"": ""CPI"", ""OVERLAP"": ""OL"", ""SCALE"": ""0"", ""SECURITY_CLASSIFICATION"": ""PUB"", ""TYPE_OF_TRANSFORMATION"": ""IX""}}"
AUT,cpi_index_all_items_quarterly_imf,2023-Q3,quarterly,94.38017462763226,\N,derived,IMF_CPI,IMF|ACCESS_SHARING_LEVEL=PUBLIC_OPEN|COICOP_1999=_T|COMMON_REFERENCE_PERIOD=2025A|FREQUENCY=M|IFS_FLAG=true|INDEX_TYPE=CPI|OVERLAP=OL|SCALE=0|SECURITY_CLASSIFICATION=PUB|TYPE_OF_TRANSFORMATION=IX|aggregation=quarterly_mean,\N,"{""aggregation_method"": ""quarterly_mean"", ""source_derivation_types"": [""O"", ""O"", ""O""], ""source_months"": [""2023-M07"", ""2023-M08"", ""2023-M09""], ""source_observation_count"": 3, ""source_series_dimensions"": {""ACCESS_SHARING_LEVEL"": ""PUBLIC_OPEN"", ""COICOP_1999"": ""_T"", ""COMMON_REFERENCE_PERIOD"": ""2025A"", ""COUNTRY"": ""AUT"", ""FREQUENCY"": ""M"", ""IFS_FLAG"": ""true"", ""INDEX_TYPE"": ""CPI"", ""OVERLAP"": ""OL"", ""SCALE"": ""0"", ""SECURITY_CLASSIFICATION"": ""PUB"", ""TYPE_OF_TRANSFORMATION"": ""IX""}}"
AUT,cpi_index_all_items_quarterly_imf,2023-Q4,quarterly,95.34270672829996,\N,derived,IMF_CPI,IMF|ACCESS_SHARING_LEVEL=PUBLIC_OPEN|COICOP_1999=_T|COMMON_REFERENCE_PERIOD=2025A|FREQUENCY=M|IFS_FLAG=true|INDEX_TYPE=CPI|OVERLAP=OL|SCALE=0|SECURITY_CLASSIFICATION=PUB|TYPE_OF_TRANSFORMATION=IX|aggregation=quarterly_mean,\N,"{""aggregation_method"": ""quarterly_mean"", ""source_derivation_types"": [""O"", ""O"", ""O""], ""source_months"": [""2023-M10"", ""2023-M11"", ""2023-M12""], ""source_observation_count"": 3, ""source_series_dimensions"": {""ACCESS_SHARING_LEVEL"": ""PUBLIC_OPEN"", ""COICOP_1999"": ""_T"", ""COMMON_REFERENCE_PERIOD"": ""2025A"", ""COUNTRY"": ""AUT"", ""FREQUENCY"": ""M"", ""IFS_FLAG"": ""true"", ""INDEX_TYPE"": ""CPI"", ""OVERLAP"": ""OL"", ""SCALE"": ""0"", ""SECURITY_CLASSIFICATION"": ""PUB"", ""TYPE_OF_TRANSFORMATION"": ""IX""}}"
AZE,cpi_index_all_items_quarterly_imf,2023-Q1,quarterly,213.21816826666668,\N,derived,IMF_CPI,IMF|ACCESS_SHARING_LEVEL=PUBLIC_OPEN|COICOP_1999=_T|COMMON_REFERENCE_PERIOD=2010A|FREQUENCY=M|IFS_FLAG=true|INDEX_TYPE=CPI|OVERLAP=OL|SCALE=0|SECURITY_CLASSIFICATION=PUB|TYPE_OF_TRANSFORMATION=IX|aggregation=quarterly_mean,\N,"{""aggregation_method"": ""quarterly_mean"", ""source_derivation_types"": [""O"", ""O"", ""O""], ""source_months"": [""2023-M01"", ""2023-M02"", ""2023-M03""], ""source_observation_count"": 3, ""source_series_dimensions"": {""ACCESS_SHARING_LEVEL"": ""PUBLIC_OPEN"", ""COICOP_1999"": ""_T"", ""COMMON_REFERENCE_PERIOD"": ""2010A"", ""COUNTRY"": ""AZE"", ""FREQUENCY"": ""M"", ""IFS_FLAG"": ""true"", ""INDEX_TYPE"": ""CPI"", ""OVERLAP"": ""OL"", ""SCALE"": ""0"", ""SECURITY_CLASSIFICATION"": ""PUB"", ""TYPE_OF_TRANSFORMATION"": ""IX""}}"
AZE,cpi_index_all_items_quarterly_imf,2023-Q2,quarterly,214.71282483333334,\N,derived,IMF_CPI,IMF|ACCESS_SHARING_LEVEL=PUBLIC_OPEN|COICOP_1999=_T|COMMON_REFERENCE_PERIOD=2010A|FREQUENCY=M|IFS_FLAG=true|INDEX_TYPE=CPI|OVERLAP=OL|SCALE=0|SECURITY_CLASSIFICATION=PUB|TYPE_OF_TRANSFORMATION=IX|aggregation=quarterly_mean,\N,"{""aggregation_method"": ""quarterly_mean"", ""source_derivation_types"": [""O"", ""O"", ""O""], ""source_months"": [""2023-M04"", ""2023-M05"", ""2023-M06""], ""source_observation_count"": 3, ""source_series_dimensions"": {""ACCESS_SHARING_LEVEL"": ""PUBLIC_OPEN"", ""COICOP_1999"": ""_T"", ""COMMON_REFERENCE_PERIOD"": ""2010A"", ""COUNTRY"": ""AZE"", ""FREQUENCY"": ""M"", ""IFS_FLAG"": ""true"", ""INDEX_TYPE"": ""CPI"", ""OVERLAP"": ""OL"", ""SCALE"": ""0"", ""SECURITY_CLASSIFICATION"": ""PUB"", ""TYPE_OF_TRANSFORMATION"": ""IX""}}"
AZE,cpi_index_all_items_quarterly_imf,2023-Q3,quarterly,211.4019955,\N,derived,IMF_CPI,IMF|ACCESS_SHARING_LEVEL=PUBLIC_OPEN|COICOP_1999=_T|COMMON_REFERENCE_PERIOD=2010A|FREQUENCY=M|IFS_FLAG=true|INDEX_TYPE=CPI|OVERLAP=OL|SCALE=0|SECURITY_CLASSIFICATION=PUB|TYPE_OF_TRANSFORMATION=IX|aggregation=quarterly_mean,\N,"{""aggregation_method"": ""quarterly_mean"", ""source_derivation_types"": [""O"", ""O"", ""O""], ""source_months"": [""2023-M07"", ""2023-M08"", ""2023-M09""], ""source_observation_count"": 3, ""source_series_dimensions"": {""ACCESS_SHARING_LEVEL"": ""PUBLIC_OPEN"", ""COICOP_1999"": ""_T"", ""COMMON_REFERENCE_PERIOD"": ""2010A"", ""COUNTRY"": ""AZE"", ""FREQUENCY"": ""M"", ""IFS_FLAG"": ""true"", ""INDEX_TYPE"": ""CPI"", ""OVERLAP"": ""OL"", ""SCALE"": ""0"", ""SECURITY_CLASSIFICATION"": ""PUB"", ""TYPE_OF_TRANSFORMATION"": ""IX""}}"
AZE,cpi_index_all_items_quarterly_imf,2023-Q4,quarterly,212.50565846666666,\N,derived,IMF_CPI,IMF|ACCESS_SHARING_LEVEL=PUBLIC_OPEN|COICOP_1999=_T|COMMON_REFERENCE_PERIOD=2010A|FREQUENCY=M|IFS_FLAG=true|INDEX_TYPE=CPI|OVERLAP=OL|SCALE=0|SECURITY_CLASSIFICATION=PUB|TYPE_OF_TRANSFORMATION=IX|aggregation=quarterly_mean,\N,"{""aggregation_method"": ""quarterly_mean"", ""source_derivation_types"": [""O"", ""O"", ""O""], ""source_months"": [""2023-M10"", ""2023-M11"", ""2023-M12""], ""source_observation_count"": 3, ""source_series_dimensions"": {""ACCESS_SHARING_LEVEL"": ""PUBLIC_OPEN"", ""COICOP_1999"": ""_T"", ""COMMON_REFERENCE_PERIOD"": ""2010A"", ""COUNTRY"": ""AZE"", ""FREQUENCY"": ""M"", ""IFS_FLAG"": ""true"", ""INDEX_TYPE"": ""CPI"", ""OVERLAP"": ""OL"", ""SCALE"": ""0"", ""SECURITY_CLASSIFICATION"": ""PUB"", ""TYPE_OF_TRANSFORMATION"": ""IX""}}"
BDI,cpi_index_all_items_quarterly_imf,2023-Q1,quarterly,181.9666666666667,\N,derived,IMF_CPI,IMF|ACCESS_SHARING_LEVEL=PUBLIC_OPEN|COICOP_1999=_T|COMMON_REFERENCE_PERIOD=2016A|FREQUENCY=M|IFS_FLAG=true|INDEX_TYPE=CPI|OVERLAP=OL|SCALE=0|SECURITY_CLASSIFICATION=PUB|TYPE_OF_TRANSFORMATION=IX|aggregation=quarterly_mean,\N,"{""aggregation_method"": ""quarterly_mean"", ""source_derivation_types"": [""O"", ""O"", ""O""], ""source_months"": [""2023-M01"", ""2023-M02"", ""2023-M03""], ""source_observation_count"": 3, ""source_series_dimensions"": {""ACCESS_SHARING_LEVEL"": ""PUBLIC_OPEN"", ""COICOP_1999"": ""_T"", ""COMMON_REFERENCE_PERIOD"": ""2016A"", ""COUNTRY"": ""BDI"", ""FREQUENCY"": ""M"", ""IFS_FLAG"": ""true"", ""INDEX_TYPE"": ""CPI"", ""OVERLAP"": ""OL"", ""SCALE"": ""0"", ""SECURITY_CLASSIFICATION"": ""PUB"", ""TYPE_OF_TRANSFORMATION"": ""IX""}}"
BDI,cpi_index_all_items_quarterly_imf,2023-Q2,quarterly,194.46666666666667,\N,derived,IMF_CPI,IMF|ACCESS_SHARING_LEVEL=PUBLIC_OPEN|COICOP_1999=_T|COMMON_REFERENCE_PERIOD=2016A|FREQUENCY=M|IFS_FLAG=true|INDEX_TYPE=CPI|OVERLAP=OL|SCALE=0|SECURITY_CLASSIFICATION=PUB|TYPE_OF_TRANSFORMATION=IX|aggregation=quarterly_mean,\N,"{""aggregation_method"": ""quarterly_mean"", ""source_derivation_types"": [""O"", ""O"", ""O""], ""source_months"": [""2023-M04"", ""2023-M05"", ""2023-M06""], ""source_observation_count"": 3, ""source_series_dimensions"": {""ACCESS_SHARING_LEVEL"": ""PUBLIC_OPEN"", ""COICOP_1999"": ""_T"", ""COMMON_REFERENCE_PERIOD"": ""2016A"", ""COUNTRY"": ""BDI"", ""FREQUENCY"": ""M"", ""IFS_FLAG"": ""true"", ""INDEX_TYPE"": ""CPI"", ""OVERLAP"": ""OL"", ""SCALE"": ""0"", ""SECURITY_CLASSIFICATION"": ""PUB"", ""TYPE_OF_TRANSFORMATION"": ""IX""}}"
BDI,cpi_index_all_items_quarterly_imf,2023-Q3,quarterly,197.73333333333335,\N,derived,IMF_CPI,IMF|ACCESS_SHARING_LEVEL=PUBLIC_OPEN|COICOP_1999=_T|COMMON_REFERENCE_PERIOD=2016A|FREQUENCY=M|IFS_FLAG=true|INDEX_TYPE=CPI|OVERLAP=OL|SCALE=0|SECURITY_CLASSIFICATION=PUB|TYPE_OF_TRANSFORMATION=IX|aggregation=quarterly_mean,\N,"{""aggregation_method"": ""quarterly_mean"", ""source_derivation_types"": [""O"", ""O"", ""O""], ""source_months"": [""2023-M07"", ""2023-M08"", ""2023-M09""], ""source_observation_count"": 3, ""source_series_dimensions"": {""ACCESS_SHARING_LEVEL"": ""PUBLIC_OPEN"", ""COICOP_1999"": ""_T"", ""COMMON_REFERENCE_PERIOD"": ""2016A"", ""COUNTRY"": ""BDI"", ""FREQUENCY"": ""M"", ""IFS_FLAG"": ""true"", ""INDEX_TYPE"": ""CPI"", ""OVERLAP"": ""OL"", ""SCALE"": ""0"", ""SECURITY_CLASSIFICATION"": ""PUB"", ""TYPE_OF_TRANSFORMATION"": ""IX""}}"
BDI,cpi_index_all_items_quarterly_imf,2023-Q4,quarterly,203.89999999999998,\N,derived,IMF_CPI,IMF|ACCESS_SHARING_LEVEL=PUBLIC_OPEN|COICOP_1999=_T|COMMON_REFERENCE_PERIOD=2016A|FREQUENCY=M|IFS_FLAG=true|INDEX_TYPE=CPI|OVERLAP=OL|SCALE=0|SECURITY_CLASSIFICATION=PUB|TYPE_OF_TRANSFORMATION=IX|aggregation=quarterly_mean,\N,"{""aggregation_method"": ""quarterly_mean"", ""source_derivation_types"": [""O"", ""O"", ""O""], ""source_months"": [""2023-M10"", ""2023-M11"", ""2023-M12""], ""source_observation_count"": 3, ""source_series_dimensions"": {""ACCESS_SHARING_LEVEL"": ""PUBLIC_OPEN"", ""COICOP_1999"": ""_T"", ""COMMON_REFERENCE_PERIOD"": ""2016A"", ""COUNTRY"": ""BDI"", ""FREQUENCY"": ""M"", ""IFS_FLAG"": ""true"", ""INDEX_TYPE"": ""CPI"", ""OVERLAP"": ""OL"", ""SCALE"": ""0"", ""SECURITY_CLASSIFICATION"": ""PUB"", ""TYPE_OF_TRANSFORMATION"": ""IX""}}"
BEL,cpi_index_all_items_quarterly_imf,2023-Q1,quarterly,94.22666666666667,\N,derived,IMF_CPI,IMF|ACCESS_SHARING_LEVEL=PUBLIC_OPEN|COICOP_1999=_T|COMMON_REFERENCE_PERIOD=2025A|FREQUENCY=M|IFS_FLAG=true|INDEX_TYPE=CPI|OVERLAP=OL|SCALE=0|SECURITY_CLASSIFICATION=PUB|TYPE_OF_TRANSFORMATION=IX|aggregation=quarterly_mean,\N,"{""aggregation_method"": ""quarterly_mean"", ""source_derivation_types"": [""O"", ""O"", ""O""], ""source_months"": [""2023-M01"", ""2023-M02"", ""2023-M03""], ""source_observation_count"": 3, ""source_series_dimensions"": {""ACCESS_SHARING_LEVEL"": ""PUBLIC_OPEN"", ""COICOP_1999"": ""_T"", ""COMMON_REFERENCE_PERIOD"": ""2025A"", ""COUNTRY"": ""BEL"", ""FREQUENCY"": ""M"", ""IFS_FLAG"": ""true"", ""INDEX_TYPE"": ""CPI"", ""OVERLAP"": ""OL"", ""SCALE"": ""0"", ""SECURITY_CLASSIFICATION"": ""PUB"", ""TYPE_OF_TRANSFORMATION"": ""IX""}}"
BEL,cpi_index_all_items_quarterly_imf,2023-Q2,quarterly,93.92333333333333,\N,derived,IMF_CPI,IMF|ACCESS_SHARING_LEVEL=PUBLIC_OPEN|COICOP_1999=_T|COMMON_REFERENCE_PERIOD=2025A|FREQUENCY=M|IFS_FLAG=true|INDEX_TYPE=CPI|OVERLAP=OL|SCALE=0|SECURITY_CLASSIFICATION=PUB|TYPE_OF_TRANSFORMATION=IX|aggregation=quarterly_mean,\N,"{""aggregation_method"": ""quarterly_mean"", ""source_derivation_types"": [""O"", ""O"", ""O""], ""source_months"": [""2023-M04"", ""2023-M05"", ""2023-M06""], ""source_observation_count"": 3, ""source_series_dimensions"": {""ACCESS_SHARING_LEVEL"": ""PUBLIC_OPEN"", ""COICOP_1999"": ""_T"", ""COMMON_REFERENCE_PERIOD"": ""2025A"", ""COUNTRY"": ""BEL"", ""FREQUENCY"": ""M"", ""IFS_FLAG"": ""true"", ""INDEX_TYPE"": ""CPI"", ""OVERLAP"": ""OL"", ""SCALE"": ""0"", ""SECURITY_CLASSIFICATION"": ""PUB"", ""TYPE_OF_TRANSFORMATION"": ""IX""}}"
BEL,cpi_index_all_items_quarterly_imf,2023-Q3,quarterly,94.96999999999998,\N,derived,IMF_CPI,IMF|ACCESS_SHARING_LEVEL=PUBLIC_OPEN|COICOP_1999=_T|COMMON_REFERENCE_PERIOD=2025A|FREQUENCY=M|IFS_FLAG=true|INDEX_TYPE=CPI|OVERLAP=OL|SCALE=0|SECURITY_CLASSIFICATION=PUB|TYPE_OF_TRANSFORMATION=IX|aggregation=quarterly_mean,\N,"{""aggregation_method"": ""quarterly_mean"", ""source_derivation_types"": [""O"", ""O"", ""O""], ""source_months"": [""2023-M07"", ""2023-M08"", ""2023-M09""], ""source_observation_count"": 3, ""source_series_dimensions"": {""ACCESS_SHARING_LEVEL"": ""PUBLIC_OPEN"", ""COICOP_1999"": ""_T"", ""COMMON_REFERENCE_PERIOD"": ""2025A"", ""COUNTRY"": ""BEL"", ""FREQUENCY"": ""M"", ""IFS_FLAG"": ""true"", ""INDEX_TYPE"": ""CPI"", ""OVERLAP"": ""OL"", ""SCALE"": ""0"", ""SECURITY_CLASSIFICATION"": ""PUB"", ""TYPE_OF_TRANSFORMATION"": ""IX""}}"
BEL,cpi_index_all_items_quarterly_imf,2023-Q4,quarterly,95.34666666666668,\N,derived,IMF_CPI,IMF|ACCESS_SHARING_LEVEL=PUBLIC_OPEN|COICOP_1999=_T|COMMON_REFERENCE_PERIOD=2025A|FREQUENCY=M|IFS_FLAG=true|INDEX_TYPE=CPI|OVERLAP=OL|SCALE=0|SECURITY_CLASSIFICATION=PUB|TYPE_OF_TRANSFORMATION=IX|aggregation=quarterly_mean,\N,"{""aggregation_method"": ""quarterly_mean"", ""source_derivation_types"": [""O"", ""O"", ""O""], ""source_months"": [""2023-M10"", ""2023-M11"", ""2023-M12""], ""source_observation_count"": 3, ""source_series_dimensions"": {""ACCESS_SHARING_LEVEL"": ""PUBLIC_OPEN"", ""COICOP_1999"": ""_T"", ""COMMON_REFERENCE_PERIOD"": ""2025A"", ""COUNTRY"": ""BEL"", ""FREQUENCY"": ""M"", ""IFS_FLAG"": ""true"", ""INDEX_TYPE"": ""CPI"", ""OVERLAP"": ""OL"", ""SCALE"": ""0"", ""SECURITY_CLASSIFICATION"": ""PUB"", ""TYPE_OF_TRANSFORMATION"": ""IX""}}"
BEN,cpi_index_all_items_quarterly_imf,2023-Q1,quarterly,101.59955257906721,\N,derived,IMF_CPI,IMF|ACCESS_SHARING_LEVEL=PUBLIC_OPEN|COICOP_1999=_T|COMMON_REFERENCE_PERIOD=2023A|FREQUENCY=M|IFS_FLAG=true|INDEX_TYPE=CPI|OVERLAP=OL|SCALE=0|SECURITY_CLASSIFICATION=PUB|TYPE_OF_TRANSFORMATION=IX|aggregation=quarterly_mean,\N,"{""aggregation_method"": ""quarterly_mean"", ""source_derivation_types"": [""O"", ""O"", ""O""], ""source_months"": [""2023-M01"", ""2023-M02"", ""2023-M03""], ""source_observation_count"": 3, ""source_series_dimensions"": {""ACCESS_SHARING_LEVEL"": ""PUBLIC_OPEN"", ""COICOP_1999"": ""_T"", ""COMMON_REFERENCE_PERIOD"": ""2023A"", ""COUNTRY"": ""BEN"", ""FREQUENCY"": ""M"", ""IFS_FLAG"": ""true"", ""INDEX_TYPE"": ""CPI"", ""OVERLAP"": ""OL"", ""SCALE"": ""0"", ""SECURITY_CLASSIFICATION"": ""PUB"", ""TYPE_OF_TRANSFORMATION"": ""IX""}}"
BEN,cpi_index_all_items_quarterly_imf,2023-Q2,quarterly,100.00031481278275,\N,derived,IMF_CPI,IMF|ACCESS_SHARING_LEVEL=PUBLIC_OPEN|COICOP_1999=_T|COMMON_REFERENCE_PERIOD=2023A|FREQUENCY=M|IFS_FLAG=true|INDEX_TYPE=CPI|OVERLAP=OL|SCALE=0|SECURITY_CLASSIFICATION=PUB|TYPE_OF_TRANSFORMATION=IX|aggregation=quarterly_mean,\N,"{""aggregation_method"": ""quarterly_mean"", ""source_derivation_types"": [""O"", ""O"", ""O""], ""source_months"": [""2023-M04"", ""2023-M05"", ""2023-M06""], ""source_observation_count"": 3, ""source_series_dimensions"": {""ACCESS_SHARING_LEVEL"": ""PUBLIC_OPEN"", ""COICOP_1999"": ""_T"", ""COMMON_REFERENCE_PERIOD"": ""2023A"", ""COUNTRY"": ""BEN"", ""FREQUENCY"": ""M"", ""IFS_FLAG"": ""true"", ""INDEX_TYPE"": ""CPI"", ""OVERLAP"": ""OL"", ""SCALE"": ""0"", ""SECURITY_CLASSIFICATION"": ""PUB"", ""TYPE_OF_TRANSFORMATION"": ""IX""}}"
BEN,cpi_index_all_items_quarterly_imf,2023-Q3,quarterly,98.80174488567991,\N,derived,IMF_CPI,IMF|ACCESS_SHARING_LEVEL=PUBLIC_OPEN|COICOP_1999=_T|COMMON_REFERENCE_PERIOD=2023A|FREQUENCY=M|IFS_FLAG=true|INDEX_TYPE=CPI|OVERLAP=OL|SCALE=0|SECURITY_CLASSIFICATION=PUB|TYPE_OF_TRANSFORMATION=IX|aggregation=quarterly_mean,\N,"{""aggregation_method"": ""quarterly_mean"", ""source_derivation_types"": [""O"", ""O"", ""O""], ""source_months"": [""2023-M07"", ""2023-M08"", ""2023-M09""], ""source_observation_count"": 3, ""source_series_dimensions"": {""ACCESS_SHARING_LEVEL"": ""PUBLIC_OPEN"", ""COICOP_1999"": ""_T"", ""COMMON_REFERENCE_PERIOD"": ""2023A"", ""COUNTRY"": ""BEN"", ""FREQUENCY"": ""M"", ""IFS_FLAG"": ""true"", ""INDEX_TYPE"": ""CPI"", ""OVERLAP"": ""OL"", ""SCALE"": ""0"", ""SECURITY_CLASSIFICATION"": ""PUB"", ""TYPE_OF_TRANSFORMATION"": ""IX""}}"
BEN,cpi_index_all_items_quarterly_imf,2023-Q4,quarterly,99.70818291215404,\N,derived,IMF_CPI,IMF|ACCESS_SHARING_LEVEL=PUBLIC_OPEN|COICOP_1999=_T|COMMON_REFERENCE_PERIOD=2023A|FREQUENCY=M|IFS_FLAG=true|INDEX_TYPE=CPI|OVERLAP=OL|SCALE=0|SECURITY_CLASSIFICATION=PUB|TYPE_OF_TRANSFORMATION=IX|aggregation=quarterly_mean,\N,"{""aggregation_method"": ""quarterly_mean"", ""source_derivation_types"": [""O"", ""O"", ""O""], ""source_months"": [""2023-M10"", ""2023-M11"", ""2023-M12""], ""source_observation_count"": 3, ""source_series_dimensions"": {""ACCESS_SHARING_LEVEL"": ""PUBLIC_OPEN"", ""COICOP_1999"": ""_T"", ""COMMON_REFERENCE_PERIOD"": ""2023A"", ""COUNTRY"": ""BEN"", ""FREQUENCY"": ""M"", ""IFS_FLAG"": ""true"", ""INDEX_TYPE"": ""CPI"", ""OVERLAP"": ""OL"", ""SCALE"": ""0"", ""SECURITY_CLASSIFICATION"": ""PUB"", ""TYPE_OF_TRANSFORMATION"": ""IX""}}"
BFA,cpi_index_all_items_quarterly_imf,2023-Q1,quarterly,97.75958033389493,\N,derived,IMF_CPI,IMF|ACCESS_SHARING_LEVEL=PUBLIC_OPEN|COICOP_1999=_T|COMMON_REFERENCE_PERIOD=2023A|FREQUENCY=M|IFS_FLAG=true|INDEX_TYPE=CPI|OVERLAP=OL|SCALE=0|SECURITY_CLASSIFICATION=PUB|TYPE_OF_TRANSFORMATION=IX|aggregation=quarterly_mean,\N,"{""aggregation_method"": ""quarterly_mean"", ""source_derivation_types"": [""O"", ""O"", ""O""], ""source_months"": [""2023-M01"", ""2023-M02"", ""2023-M03""], ""source_observation_count"": 3, ""source_series_dimensions"": {""ACCESS_SHARING_LEVEL"": ""PUBLIC_OPEN"", ""COICOP_1999"": ""_T"", ""COMMON_REFERENCE_PERIOD"": ""2023A"", ""COUNTRY"": ""BFA"", ""FREQUENCY"": ""M"", ""IFS_FLAG"": ""true"", ""INDEX_TYPE"": ""CPI"", ""OVERLAP"": ""OL"", ""SCALE"": ""0"", ""SECURITY_CLASSIFICATION"": ""PUB"", ""TYPE_OF_TRANSFORMATION"": ""IX""}}"
BFA,cpi_index_all_items_quarterly_imf,2023-Q2,quarterly,99.96897551088222,\N,derived,IMF_CPI,IMF|ACCESS_SHARING_LEVEL=PUBLIC_OPEN|COICOP_1999=_T|COMMON_REFERENCE_PERIOD=2023A|FREQUENCY=M|IFS_FLAG=true|INDEX_TYPE=CPI|OVERLAP=OL|SCALE=0|SECURITY_CLASSIFICATION=PUB|TYPE_OF_TRANSFORMATION=IX|aggregation=quarterly_mean,\N,"{""aggregation_method"": ""quarterly_mean"", ""source_derivation_types"": [""O"", ""O"", ""O""], ""source_months"": [""2023-M04"", ""2023-M05"", ""2023-M06""], ""source_observation_count"": 3, ""source_series_dimensions"": {""ACCESS_SHARING_LEVEL"": ""PUBLIC_OPEN"", ""COICOP_1999"": ""_T"", ""COMMON_REFERENCE_PERIOD"": ""2023A"", ""COUNTRY"": ""BFA"", ""FREQUENCY"": ""M"", ""IFS_FLAG"": ""true"", ""INDEX_TYPE"": ""CPI"", ""OVERLAP"": ""OL"", ""SCALE"": ""0"", ""SECURITY_CLASSIFICATION"": ""PUB"", ""TYPE_OF_TRANSFORMATION"": ""IX""}}"
BFA,cpi_index_all_items_quarterly_imf,2023-Q3,quarterly,101.48464290435237,\N,derived,IMF_CPI,IMF|ACCESS_SHARING_LEVEL=PUBLIC_OPEN|COICOP_1999=_T|COMMON_REFERENCE_PERIOD=2023A|FREQUENCY=M|IFS_FLAG=true|INDEX_TYPE=CPI|OVERLAP=OL|SCALE=0|SECURITY_CLASSIFICATION=PUB|TYPE_OF_TRANSFORMATION=IX|aggregation=quarterly_mean,\N,"{""aggregation_method"": ""quarterly_mean"", ""source_derivation_types"": [""O"", ""O"", ""O""], ""source_months"": [""2023-M07"", ""2023-M08"", ""2023-M09""], ""source_observation_count"": 3, ""source_series_dimensions"": {""ACCESS_SHARING_LEVEL"": ""PUBLIC_OPEN"", ""COICOP_1999"": ""_T"", ""COMMON_REFERENCE_PERIOD"": ""2023A"", ""COUNTRY"": ""BFA"", ""FREQUENCY"": ""M"", ""IFS_FLAG"": ""true"", ""INDEX_TYPE"": ""CPI"", ""OVERLAP"": ""OL"", ""SCALE"": ""0"", ""SECURITY_CLASSIFICATION"": ""PUB"", ""TYPE_OF_TRANSFORMATION"": ""IX""}}"
BFA,cpi_index_all_items_quarterly_imf,2023-Q4,quarterly,100.97643523480879,\N,derived,IMF_CPI,IMF|ACCESS_SHARING_LEVEL=PUBLIC_OPEN|COICOP_1999=_T|COMMON_REFERENCE_PERIOD=2023A|FREQUENCY=M|IFS_FLAG=true|INDEX_TYPE=CPI|OVERLAP=OL|SCALE=0|SECURITY_CLASSIFICATION=PUB|TYPE_OF_TRANSFORMATION=IX|aggregation=quarterly_mean,\N,"{""aggregation_method"": ""quarterly_mean"", ""source_derivation_types"": [""O"", ""O"", ""O""], ""source_months"": [""2023-M10"", ""2023-M11"", ""2023-M12""], ""source_observation_count"": 3, ""source_series_dimensions"": {""ACCESS_SHARING_LEVEL"": ""PUBLIC_OPEN"", ""COICOP_1999"": ""_T"", ""COMMON_REFERENCE_PERIOD"": ""2023A"", ""COUNTRY"": ""BFA"", ""FREQUENCY"": ""M"", ""IFS_FLAG"": ""true"", ""INDEX_TYPE"": ""CPI"", ""OVERLAP"": ""OL"", ""SCALE"": ""0"", ""SECURITY_CLASSIFICATION"": ""PUB"", ""TYPE_OF_TRANSFORMATION"": ""IX""}}"
BGD,cpi_index_all_items_quarterly_imf,2023-Q1,quarterly,109.17721372831566,\N,derived,IMF_CPI,IMF|ACCESS_SHARING_LEVEL=PUBLIC_OPEN|COICOP_1999=_T|COMMON_REFERENCE_PERIOD=2021A|FREQUENCY=M|IFS_FLAG=true|INDEX_TYPE=CPI|OVERLAP=OL|SCALE=0|SECURITY_CLASSIFICATION=PUB|TYPE_OF_TRANSFORMATION=IX|aggregation=quarterly_mean,\N,"{""aggregation_method"": ""quarterly_mean"", ""source_derivation_types"": [""O"", ""O"", ""O""], ""source_months"": [""2023-M01"", ""2023-M02"", ""2023-M03""], ""source_observation_count"": 3, ""source_series_dimensions"": {""ACCESS_SHARING_LEVEL"": ""PUBLIC_OPEN"", ""COICOP_1999"": ""_T"", ""COMMON_REFERENCE_PERIOD"": ""2021A"", ""COUNTRY"": ""BGD"", ""FREQUENCY"": ""M"", ""IFS_FLAG"": ""true"", ""INDEX_TYPE"": ""CPI"", ""OVERLAP"": ""OL"", ""SCALE"": ""0"", ""SECURITY_CLASSIFICATION"": ""PUB"", ""TYPE_OF_TRANSFORMATION"": ""IX""}}"
BGD,cpi_index_all_items_quarterly_imf,2023-Q2,quarterly,111.65666666666665,\N,derived,IMF_CPI,IMF|ACCESS_SHARING_LEVEL=PUBLIC_OPEN|COICOP_1999=_T|COMMON_REFERENCE_PERIOD=2021A|FREQUENCY=M|IFS_FLAG=true|INDEX_TYPE=CPI|OVERLAP=OL|SCALE=0|SECURITY_CLASSIFICATION=PUB|TYPE_OF_TRANSFORMATION=IX|aggregation=quarterly_mean,\N,"{""aggregation_method"": ""quarterly_mean"", ""source_derivation_types"": [""O"", ""O"", ""O""], ""source_months"": [""2023-M04"", ""2023-M05"", ""2023-M06""], ""source_observation_count"": 3, ""source_series_dimensions"": {""ACCESS_SHARING_LEVEL"": ""PUBLIC_OPEN"", ""COICOP_1999"": ""_T"", ""COMMON_REFERENCE_PERIOD"": ""2021A"", ""COUNTRY"": ""BGD"", ""FREQUENCY"": ""M"", ""IFS_FLAG"": ""true"", ""INDEX_TYPE"": ""CPI"", ""OVERLAP"": ""OL"", ""SCALE"": ""0"", ""SECURITY_CLASSIFICATION"": ""PUB"", ""TYPE_OF_TRANSFORMATION"": ""IX""}}"
BGD,cpi_index_all_items_quarterly_imf,2023-Q3,quarterly,116.25999999999999,\N,derived,IMF_CPI,IMF|ACCESS_SHARING_LEVEL=PUBLIC_OPEN|COICOP_1999=_T|COMMON_REFERENCE_PERIOD=2021A|FREQUENCY=M|IFS_FLAG=true|INDEX_TYPE=CPI|OVERLAP=OL|SCALE=0|SECURITY_CLASSIFICATION=PUB|TYPE_OF_TRANSFORMATION=IX|aggregation=quarterly_mean,\N,"{""aggregation_method"": ""quarterly_mean"", ""source_derivation_types"": [""O"", ""O"", ""O""], ""source_months"": [""2023-M07"", ""2023-M08"", ""2023-M09""], ""source_observation_count"": 3, ""source_series_dimensions"": {""ACCESS_SHARING_LEVEL"": ""PUBLIC_OPEN"", ""COICOP_1999"": ""_T"", ""COMMON_REFERENCE_PERIOD"": ""2021A"", ""COUNTRY"": ""BGD"", ""FREQUENCY"": ""M"", ""IFS_FLAG"": ""true"", ""INDEX_TYPE"": ""CPI"", ""OVERLAP"": ""OL"", ""SCALE"": ""0"", ""SECURITY_CLASSIFICATION"": ""PUB"", ""TYPE_OF_TRANSFORMATION"": ""IX""}}"
BGD,cpi_index_all_items_quarterly_imf,2023-Q4,quarterly,119.24666666666667,\N,derived,IMF_CPI,IMF|ACCESS_SHARING_LEVEL=PUBLIC_OPEN|COICOP_1999=_T|COMMON_REFERENCE_PERIOD=2021A|FREQUENCY=M|IFS_FLAG=true|INDEX_TYPE=CPI|OVERLAP=OL|SCALE=0|SECURITY_CLASSIFICATION=PUB|TYPE_OF_TRANSFORMATION=IX|aggregation=quarterly_mean,\N,"{""aggregation_method"": ""quarterly_mean"", ""source_derivation_types"": [""O"", ""O"", ""O""], ""source_months"": [""2023-M10"", ""2023-M11"", ""2023-M12""], ""source_observation_count"": 3, ""source_series_dimensions"": {""ACCESS_SHARING_LEVEL"": ""PUBLIC_OPEN"", ""COICOP_1999"": ""_T"", ""COMMON_REFERENCE_PERIOD"": ""2021A"", ""COUNTRY"": ""BGD"", ""FREQUENCY"": ""M"", ""IFS_FLAG"": ""true"", ""INDEX_TYPE"": ""CPI"", ""OVERLAP"": ""OL"", ""SCALE"": ""0"", ""SECURITY_CLASSIFICATION"": ""PUB"", ""TYPE_OF_TRANSFORMATION"": ""IX""}}"
BGR,cpi_index_all_items_quarterly_imf,2023-Q1,quarterly,92.24740374257074,\N,derived,IMF_CPI,IMF|ACCESS_SHARING_LEVEL=PUBLIC_OPEN|COICOP_1999=_T|COMMON_REFERENCE_PERIOD=2025A|FREQUENCY=M|IFS_FLAG=true|INDEX_TYPE=CPI|OVERLAP=OL|SCALE=0|SECURITY_CLASSIFICATION=PUB|TYPE_OF_TRANSFORMATION=IX|aggregation=quarterly_mean,\N,"{""aggregation_method"": ""quarterly_mean"", ""source_derivation_types"": [""O"", ""O"", ""O""], ""source_months"": [""2023-M01"", ""2023-M02"", ""2023-M03""], ""source_observation_count"": 3, ""source_series_dimensions"": {""ACCESS_SHARING_LEVEL"": ""PUBLIC_OPEN"", ""COICOP_1999"": ""_T"", ""COMMON_REFERENCE_PERIOD"": ""2025A"", ""COUNTRY"": ""BGR"", ""FREQUENCY"": ""M"", ""IFS_FLAG"": ""true"", ""INDEX_TYPE"": ""CPI"", ""OVERLAP"": ""OL"", ""SCALE"": ""0"", ""SECURITY_CLASSIFICATION"": ""PUB"", ""TYPE_OF_TRANSFORMATION"": ""IX""}}"
BGR,cpi_index_all_items_quarterly_imf,2023-Q2,quarterly,92.93568273353083,\N,derived,IMF_CPI,IMF|ACCESS_SHARING_LEVEL=PUBLIC_OPEN|COICOP_1999=_T|COMMON_REFERENCE_PERIOD=2025A|FREQUENCY=M|IFS_FLAG=true|INDEX_TYPE=CPI|OVERLAP=OL|SCALE=0|SECURITY_CLASSIFICATION=PUB|TYPE_OF_TRANSFORMATION=IX|aggregation=quarterly_mean,\N,"{""aggregation_method"": ""quarterly_mean"", ""source_derivation_types"": [""O"", ""O"", ""O""], ""source_months"": [""2023-M04"", ""2023-M05"", ""2023-M06""], ""source_observation_count"": 3, ""source_series_dimensions"": {""ACCESS_SHARING_LEVEL"": ""PUBLIC_OPEN"", ""COICOP_1999"": ""_T"", ""COMMON_REFERENCE_PERIOD"": ""2025A"", ""COUNTRY"": ""BGR"", ""FREQUENCY"": ""M"", ""IFS_FLAG"": ""true"", ""INDEX_TYPE"": ""CPI"", ""OVERLAP"": ""OL"", ""SCALE"": ""0"", ""SECURITY_CLASSIFICATION"": ""PUB"", ""TYPE_OF_TRANSFORMATION"": ""IX""}}"
BGR,cpi_index_all_items_quarterly_imf,2023-Q3,quarterly,93.71380901112111,\N,derived,IMF_CPI,IMF|ACCESS_SHARING_LEVEL=PUBLIC_OPEN|COICOP_1999=_T|COMMON_REFERENCE_PERIOD=2025A|FREQUENCY=M|IFS_FLAG=true|INDEX_TYPE=CPI|OVERLAP=OL|SCALE=0|SECURITY_CLASSIFICATION=PUB|TYPE_OF_TRANSFORMATION=IX|aggregation=quarterly_mean,\N,"{""aggregation_method"": ""quarterly_mean"", ""source_derivation_types"": [""O"", ""O"", ""O""], ""source_months"": [""2023-M07"", ""2023-M08"", ""2023-M09""], ""source_observation_count"": 3, ""source_series_dimensions"": {""ACCESS_SHARING_LEVEL"": ""PUBLIC_OPEN"", ""COICOP_1999"": ""_T"", ""COMMON_REFERENCE_PERIOD"": ""2025A"", ""COUNTRY"": ""BGR"", ""FREQUENCY"": ""M"", ""IFS_FLAG"": ""true"", ""INDEX_TYPE"": ""CPI"", ""OVERLAP"": ""OL"", ""SCALE"": ""0"", ""SECURITY_CLASSIFICATION"": ""PUB"", ""TYPE_OF_TRANSFORMATION"": ""IX""}}"
BGR,cpi_index_all_items_quarterly_imf,2023-Q4,quarterly,94.44836096851651,\N,derived,IMF_CPI,IMF|ACCESS_SHARING_LEVEL=PUBLIC_OPEN|COICOP_1999=_T|COMMON_REFERENCE_PERIOD=2025A|FREQUENCY=M|IFS_FLAG=true|INDEX_TYPE=CPI|OVERLAP=OL|SCALE=0|SECURITY_CLASSIFICATION=PUB|TYPE_OF_TRANSFORMATION=IX|aggregation=quarterly_mean,\N,"{""aggregation_method"": ""quarterly_mean"", ""source_derivation_types"": [""O"", ""O"", ""O""], ""source_months"": [""2023-M10"", ""2023-M11"", ""2023-M12""], ""source_observation_count"": 3, ""source_series_dimensions"": {""ACCESS_SHARING_LEVEL"": ""PUBLIC_OPEN"", ""COICOP_1999"": ""_T"", ""COMMON_REFERENCE_PERIOD"": ""2025A"", ""COUNTRY"": ""BGR"", ""FREQUENCY"": ""M"", ""IFS_FLAG"": ""true"", ""INDEX_TYPE"": ""CPI"", ""OVERLAP"": ""OL"", ""SCALE"": ""0"", ""SECURITY_CLASSIFICATION"": ""PUB"", ""TYPE_OF_TRANSFORMATION"": ""IX""}}"
BHR,cpi_index_all_items_quarterly_imf,2023-Q1,quarterly,100.46666666666665,\N,derived,IMF_CPI,IMF|ACCESS_SHARING_LEVEL=PUBLIC_OPEN|COICOP_1999=_T|COMMON_REFERENCE_PERIOD=2019M4|FREQUENCY=M|IFS_FLAG=true|INDEX_TYPE=CPI|OVERLAP=OL|SCALE=0|SECURITY_CLASSIFICATION=PUB|TYPE_OF_TRANSFORMATION=IX|aggregation=quarterly_mean,\N,"{""aggregation_method"": ""quarterly_mean"", ""source_derivation_types"": [""O"", ""O"", ""O""], ""source_months"": [""2023-M01"", ""2023-M02"", ""2023-M03""], ""source_observation_count"": 3, ""source_series_dimensions"": {""ACCESS_SHARING_LEVEL"": ""PUBLIC_OPEN"", ""COICOP_1999"": ""_T"", ""COMMON_REFERENCE_PERIOD"": ""2019M4"", ""COUNTRY"": ""BHR"", ""FREQUENCY"": ""M"", ""IFS_FLAG"": ""true"", ""INDEX_TYPE"": ""CPI"", ""OVERLAP"": ""OL"", ""SCALE"": ""0"", ""SECURITY_CLASSIFICATION"": ""PUB"", ""TYPE_OF_TRANSFORMATION"": ""IX""}}"
BHR,cpi_index_all_items_quarterly_imf,2023-Q2,quarterly,99.90000000000002,\N,derived,IMF_CPI,IMF|ACCESS_SHARING_LEVEL=PUBLIC_OPEN|COICOP_1999=_T|COMMON_REFERENCE_PERIOD=2019M4|FREQUENCY=M|IFS_FLAG=true|INDEX_TYPE=CPI|OVERLAP=OL|SCALE=0|SECURITY_CLASSIFICATION=PUB|TYPE_OF_TRANSFORMATION=IX|aggregation=quarterly_mean,\N,"{""aggregation_method"": ""quarterly_mean"", ""source_derivation_types"": [""O"", ""O"", ""O""], ""source_months"": [""2023-M04"", ""2023-M05"", ""2023-M06""], ""source_observation_count"": 3, ""source_series_dimensions"": {""ACCESS_SHARING_LEVEL"": ""PUBLIC_OPEN"", ""COICOP_1999"": ""_T"", ""COMMON_REFERENCE_PERIOD"": ""2019M4"", ""COUNTRY"": ""BHR"", ""FREQUENCY"": ""M"", ""IFS_FLAG"": ""true"", ""INDEX_TYPE"": ""CPI"", ""OVERLAP"": ""OL"", ""SCALE"": ""0"", ""SECURITY_CLASSIFICATION"": ""PUB"", ""TYPE_OF_TRANSFORMATION"": ""IX""}}"
BHR,cpi_index_all_items_quarterly_imf,2023-Q3,quarterly,101.06666666666666,\N,derived,IMF_CPI,IMF|ACCESS_SHARING_LEVEL=PUBLIC_OPEN|COICOP_1999=_T|COMMON_REFERENCE_PERIOD=2019M4|FREQUENCY=M|IFS_FLAG=true|INDEX_TYPE=CPI|OVERLAP=OL|SCALE=0|SECURITY_CLASSIFICATION=PUB|TYPE_OF_TRANSFORMATION=IX|aggregation=quarterly_mean,\N,"{""aggregation_method"": ""quarterly_mean"", ""source_derivation_types"": [""O"", ""O"", ""O""], ""source_months"": [""2023-M07"", ""2023-M08"", ""2023-M09""], ""source_observation_count"": 3, ""source_series_dimensions"": {""ACCESS_SHARING_LEVEL"": ""PUBLIC_OPEN"", ""COICOP_1999"": ""_T"", ""COMMON_REFERENCE_PERIOD"": ""2019M4"", ""COUNTRY"": ""BHR"", ""FREQUENCY"": ""M"", ""IFS_FLAG"": ""true"", ""INDEX_TYPE"": ""CPI"", ""OVERLAP"": ""OL"", ""SCALE"": ""0"", ""SECURITY_CLASSIFICATION"": ""PUB"", ""TYPE_OF_TRANSFORMATION"": ""IX""}}"
BHR,cpi_index_all_items_quarterly_imf,2023-Q4,quarterly,100.89999999999999,\N,derived,IMF_CPI,IMF|ACCESS_SHARING_LEVEL=PUBLIC_OPEN|COICOP_1999=_T|COMMON_REFERENCE_PERIOD=2019M4|FREQUENCY=M|IFS_FLAG=true|INDEX_TYPE=CPI|OVERLAP=OL|SCALE=0|SECURITY_CLASSIFICATION=PUB|TYPE_OF_TRANSFORMATION=IX|aggregation=quarterly_mean,\N,"{""aggregation_method"": ""quarterly_mean"", ""source_derivation_types"": [""O"", ""O"", ""O""], ""source_months"": [""2023-M10"", ""2023-M11"", ""2023-M12""], ""source_observation_count"": 3, ""source_series_dimensions"": {""ACCESS_SHARING_LEVEL"": ""PUBLIC_OPEN"", ""COICOP_1999"": ""_T"", ""COMMON_REFERENCE_PERIOD"": ""2019M4"", ""COUNTRY"": ""BHR"", ""FREQUENCY"": ""M"", ""IFS_FLAG"": ""true"", ""INDEX_TYPE"": ""CPI"", ""OVERLAP"": ""OL"", ""SCALE"": ""0"", ""SECURITY_CLASSIFICATION"": ""PUB"", ""TYPE_OF_TRANSFORMATION"": ""IX""}}"
BHS,cpi_index_all_items_quarterly_imf,2023-Q1,quarterly,119.5,\N,derived,IMF_CPI,IMF|ACCESS_SHARING_LEVEL=PUBLIC_OPEN|COICOP_1999=_T|COMMON_REFERENCE_PERIOD=2014M11|FREQUENCY=M|IFS_FLAG=true|INDEX_TYPE=CPI|OVERLAP=OL|SCALE=0|SECURITY_CLASSIFICATION=PUB|TYPE_OF_TRANSFORMATION=IX|aggregation=quarterly_mean,\N,"{""aggregation_method"": ""quarterly_mean"", ""source_derivation_types"": [""O"", ""O"", ""O""], ""source_months"": [""2023-M01"", ""2023-M02"", ""2023-M03""], ""source_observation_count"": 3, ""source_series_dimensions"": {""ACCESS_SHARING_LEVEL"": ""PUBLIC_OPEN"", ""COICOP_1999"": ""_T"", ""COMMON_REFERENCE_PERIOD"": ""2014M11"", ""COUNTRY"": ""BHS"", ""FREQUENCY"": ""M"", ""IFS_FLAG"": ""true"", ""INDEX_TYPE"": ""CPI"", ""OVERLAP"": ""OL"", ""SCALE"": ""0"", ""SECURITY_CLASSIFICATION"": ""PUB"", ""TYPE_OF_TRANSFORMATION"": ""IX""}}"
BHS,cpi_index_all_items_quarterly_imf,2023-Q2,quarterly,120.92666666666666,\N,derived,IMF_CPI,IMF|ACCESS_SHARING_LEVEL=PUBLIC_OPEN|COICOP_1999=_T|COMMON_REFERENCE_PERIOD=2014M11|FREQUENCY=M|IFS_FLAG=true|INDEX_TYPE=CPI|OVERLAP=OL|SCALE=0|SECURITY_CLASSIFICATION=PUB|TYPE_OF_TRANSFORMATION=IX|aggregation=quarterly_mean,\N,"{""aggregation_method"": ""quarterly_mean"", ""source_derivation_types"": [""O"", ""O"", ""O""], ""source_months"": [""2023-M04"", ""2023-M05"", ""2023-M06""], ""source_observation_count"": 3, ""source_series_dimensions"": {""ACCESS_SHARING_LEVEL"": ""PUBLIC_OPEN"", ""COICOP_1999"": ""_T"", ""COMMON_REFERENCE_PERIOD"": ""2014M11"", ""COUNTRY"": ""BHS"", ""FREQUENCY"": ""M"", ""IFS_FLAG"": ""true"", ""INDEX_TYPE"": ""CPI"", ""OVERLAP"": ""OL"", ""SCALE"": ""0"", ""SECURITY_CLASSIFICATION"": ""PUB"", ""TYPE_OF_TRANSFORMATION"": ""IX""}}"
BHS,cpi_index_all_items_quarterly_imf,2023-Q3,quarterly,122.13,\N,derived,IMF_CPI,IMF|ACCESS_SHARING_LEVEL=PUBLIC_OPEN|COICOP_1999=_T|COMMON_REFERENCE_PERIOD=2014M11|FREQUENCY=M|IFS_FLAG=true|INDEX_TYPE=CPI|OVERLAP=OL|SCALE=0|SECURITY_CLASSIFICATION=PUB|TYPE_OF_TRANSFORMATION=IX|aggregation=quarterly_mean,\N,"{""aggregation_method"": ""quarterly_mean"", ""source_derivation_types"": [""O"", ""O"", ""O""], ""source_months"": [""2023-M07"", ""2023-M08"", ""2023-M09""], ""source_observation_count"": 3, ""source_series_dimensions"": {""ACCESS_SHARING_LEVEL"": ""PUBLIC_OPEN"", ""COICOP_1999"": ""_T"", ""COMMON_REFERENCE_PERIOD"": ""2014M11"", ""COUNTRY"": ""BHS"", ""FREQUENCY"": ""M"", ""IFS_FLAG"": ""true"", ""INDEX_TYPE"": ""CPI"", ""OVERLAP"": ""OL"", ""SCALE"": ""0"", ""SECURITY_CLASSIFICATION"": ""PUB"", ""TYPE_OF_TRANSFORMATION"": ""IX""}}"
BHS,cpi_index_all_items_quarterly_imf,2023-Q4,quarterly,122.17333333333333,\N,derived,IMF_CPI,IMF|ACCESS_SHARING_LEVEL=PUBLIC_OPEN|COICOP_1999=_T|COMMON_REFERENCE_PERIOD=2014M11|FREQUENCY=M|IFS_FLAG=true|INDEX_TYPE=CPI|OVERLAP=OL|SCALE=0|SECURITY_CLASSIFICATION=PUB|TYPE_OF_TRANSFORMATION=IX|aggregation=quarterly_mean,\N,"{""aggregation_method"": ""quarterly_mean"", ""source_derivation_types"": [""O"", ""O"", ""O""], ""source_months"": [""2023-M10"", ""2023-M11"", ""2023-M12""], ""source_observation_count"": 3, ""source_series_dimensions"": {""ACCESS_SHARING_LEVEL"": ""PUBLIC_OPEN"", ""COICOP_1999"": ""_T"", ""COMMON_REFERENCE_PERIOD"": ""2014M11"", ""COUNTRY"": ""BHS"", ""FREQUENCY"": ""M"", ""IFS_FLAG"": ""true"", ""INDEX_TYPE"": ""CPI"", ""OVERLAP"": ""OL"", ""SCALE"": ""0"", ""SECURITY_CLASSIFICATION"": ""PUB"", ""TYPE_OF_TRANSFORMATION"": ""IX""}}"
BIH,cpi_index_all_items_quarterly_imf,2023-Q1,quarterly,122.71940000000001,\N,derived,IMF_CPI,IMF|ACCESS_SHARING_LEVEL=PUBLIC_OPEN|COICOP_1999=_T|COMMON_REFERENCE_PERIOD=2015A|FREQUENCY=M|IFS_FLAG=true|INDEX_TYPE=CPI|OVERLAP=OL|SCALE=0|SECURITY_CLASSIFICATION=PUB|TYPE_OF_TRANSFORMATION=IX|aggregation=quarterly_mean,\N,"{""aggregation_method"": ""quarterly_mean"", ""source_derivation_types"": [""O"", ""O"", ""O""], ""source_months"": [""2023-M01"", ""2023-M02"", ""2023-M03""], ""source_observation_count"": 3, ""source_series_dimensions"": {""ACCESS_SHARING_LEVEL"": ""PUBLIC_OPEN"", ""COICOP_1999"": ""_T"", ""COMMON_REFERENCE_PERIOD"": ""2015A"", ""COUNTRY"": ""BIH"", ""FREQUENCY"": ""M"", ""IFS_FLAG"": ""true"", ""INDEX_TYPE"": ""CPI"", ""OVERLAP"": ""OL"", ""SCALE"": ""0"", ""SECURITY_CLASSIFICATION"": ""PUB"", ""TYPE_OF_TRANSFORMATION"": ""IX""}}"
BIH,cpi_index_all_items_quarterly_imf,2023-Q2,quarterly,123.10916666666667,\N,derived,IMF_CPI,IMF|ACCESS_SHARING_LEVEL=PUBLIC_OPEN|COICOP_1999=_T|COMMON_REFERENCE_PERIOD=2015A|FREQUENCY=M|IFS_FLAG=true|INDEX_TYPE=CPI|OVERLAP=OL|SCALE=0|SECURITY_CLASSIFICATION=PUB|TYPE_OF_TRANSFORMATION=IX|aggregation=quarterly_mean,\N,"{""aggregation_method"": ""quarterly_mean"", ""source_derivation_types"": [""O"", ""O"", ""O""], ""source_months"": [""2023-M04"", ""2023-M05"", ""2023-M06""], ""source_observation_count"": 3, ""source_series_dimensions"": {""ACCESS_SHARING_LEVEL"": ""PUBLIC_OPEN"", ""COICOP_1999"": ""_T"", ""COMMON_REFERENCE_PERIOD"": ""2015A"", ""COUNTRY"": ""BIH"", ""FREQUENCY"": ""M"", ""IFS_FLAG"": ""true"", ""INDEX_TYPE"": ""CPI"", ""OVERLAP"": ""OL"", ""SCALE"": ""0"", ""SECURITY_CLASSIFICATION"": ""PUB"", ""TYPE_OF_TRANSFORMATION"": ""IX""}}"
BIH,cpi_index_all_items_quarterly_imf,2023-Q3,quarterly,123.72120000000001,\N,derived,IMF_CPI,IMF|ACCESS_SHARING_LEVEL=PUBLIC_OPEN|COICOP_1999=_T|COMMON_REFERENCE_PERIOD=2015A|FREQUENCY=M|IFS_FLAG=true|INDEX_TYPE=CPI|OVERLAP=OL|SCALE=0|SECURITY_CLASSIFICATION=PUB|TYPE_OF_TRANSFORMATION=IX|aggregation=quarterly_mean,\N,"{""aggregation_method"": ""quarterly_mean"", ""source_derivation_types"": [""O"", ""O"", ""O""], ""source_months"": [""2023-M07"", ""2023-M08"", ""2023-M09""], ""source_observation_count"": 3, ""source_series_dimensions"": {""ACCESS_SHARING_LEVEL"": ""PUBLIC_OPEN"", ""COICOP_1999"": ""_T"", ""COMMON_REFERENCE_PERIOD"": ""2015A"", ""COUNTRY"": ""BIH"", ""FREQUENCY"": ""M"", ""IFS_FLAG"": ""true"", ""INDEX_TYPE"": ""CPI"", ""OVERLAP"": ""OL"", ""SCALE"": ""0"", ""SECURITY_CLASSIFICATION"": ""PUB"", ""TYPE_OF_TRANSFORMATION"": ""IX""}}"
BIH,cpi_index_all_items_quarterly_imf,2023-Q4,quarterly,124.57183333333334,\N,derived,IMF_CPI,IMF|ACCESS_SHARING_LEVEL=PUBLIC_OPEN|COICOP_1999=_T|COMMON_REFERENCE_PERIOD=2015A|FREQUENCY=M|IFS_FLAG=true|INDEX_TYPE=CPI|OVERLAP=OL|SCALE=0|SECURITY_CLASSIFICATION=PUB|TYPE_OF_TRANSFORMATION=IX|aggregation=quarterly_mean,\N,"{""aggregation_method"": ""quarterly_mean"", ""source_derivation_types"": [""O"", ""O"", ""O""], ""source_months"": [""2023-M10"", ""2023-M11"", ""2023-M12""], ""source_observation_count"": 3, ""source_series_dimensions"": {""ACCESS_SHARING_LEVEL"": ""PUBLIC_OPEN"", ""COICOP_1999"": ""_T"", ""COMMON_REFERENCE_PERIOD"": ""2015A"", ""COUNTRY"": ""BIH"", ""FREQUENCY"": ""M"", ""IFS_FLAG"": ""true"", ""INDEX_TYPE"": ""CPI"", ""OVERLAP"": ""OL"", ""SCALE"": ""0"", ""SECURITY_CLASSIFICATION"": ""PUB"", ""TYPE_OF_TRANSFORMATION"": ""IX""}}"
BLR,cpi_index_all_items_quarterly_imf,2023-Q1,quarterly,85.88418969884873,\N,derived,IMF_CPI,IMF|ACCESS_SHARING_LEVEL=PUBLIC_OPEN|COICOP_1999=_T|COMMON_REFERENCE_PERIOD=2025M12|FREQUENCY=M|IFS_FLAG=true|INDEX_TYPE=CPI|OVERLAP=OL|SCALE=0|SECURITY_CLASSIFICATION=PUB|TYPE_OF_TRANSFORMATION=IX|aggregation=quarterly_mean,\N,"{""aggregation_method"": ""quarterly_mean"", ""source_derivation_types"": [""O"", ""O"", ""O""], ""source_months"": [""2023-M01"", ""2023-M02"", ""2023-M03""], ""source_observation_count"": 3, ""source_series_dimensions"": {""ACCESS_SHARING_LEVEL"": ""PUBLIC_OPEN"", ""COICOP_1999"": ""_T"", ""COMMON_REFERENCE_PERIOD"": ""2025M12"", ""COUNTRY"": ""BLR"", ""FREQUENCY"": ""M"", ""IFS_FLAG"": ""true"", ""INDEX_TYPE"": ""CPI"", ""OVERLAP"": ""OL"", ""SCALE"": ""0"", ""SECURITY_CLASSIFICATION"": ""PUB"", ""TYPE_OF_TRANSFORMATION"": ""IX""}}"
BLR,cpi_index_all_items_quarterly_imf,2023-Q2,quarterly,86.7841484618205,\N,derived,IMF_CPI,IMF|ACCESS_SHARING_LEVEL=PUBLIC_OPEN|COICOP_1999=_T|COMMON_REFERENCE_PERIOD=2025M12|FREQUENCY=M|IFS_FLAG=true|INDEX_TYPE=CPI|OVERLAP=OL|SCALE=0|SECURITY_CLASSIFICATION=PUB|TYPE_OF_TRANSFORMATION=IX|aggregation=quarterly_mean,\N,"{""aggregation_method"": ""quarterly_mean"", ""source_derivation_types"": [""O"", ""O"", ""O""], ""source_months"": [""2023-M04"", ""2023-M05"", ""2023-M06""], ""source_observation_count"": 3, ""source_series_dimensions"": {""ACCESS_SHARING_LEVEL"": ""PUBLIC_OPEN"", ""COICOP_1999"": ""_T"", ""COMMON_REFERENCE_PERIOD"": ""2025M12"", ""COUNTRY"": ""BLR"", ""FREQUENCY"": ""M"", ""IFS_FLAG"": ""true"", ""INDEX_TYPE"": ""CPI"", ""OVERLAP"": ""OL"", ""SCALE"": ""0"", ""SECURITY_CLASSIFICATION"": ""PUB"", ""TYPE_OF_TRANSFORMATION"": ""IX""}}"
BLR,cpi_index_all_items_quarterly_imf,2023-Q3,quarterly,87.12725774020346,\N,derived,IMF_CPI,IMF|ACCESS_SHARING_LEVEL=PUBLIC_OPEN|COICOP_1999=_T|COMMON_REFERENCE_PERIOD=2025M12|FREQUENCY=M|IFS_FLAG=true|INDEX_TYPE=CPI|OVERLAP=OL|SCALE=0|SECURITY_CLASSIFICATION=PUB|TYPE_OF_TRANSFORMATION=IX|aggregation=quarterly_mean,\N,"{""aggregation_method"": ""quarterly_mean"", ""source_derivation_types"": [""O"", ""O"", ""O""], ""source_months"": [""2023-M07"", ""2023-M08"", ""2023-M09""], ""source_observation_count"": 3, ""source_series_dimensions"": {""ACCESS_SHARING_LEVEL"": ""PUBLIC_OPEN"", ""COICOP_1999"": ""_T"", ""COMMON_REFERENCE_PERIOD"": ""2025M12"", ""COUNTRY"": ""BLR"", ""FREQUENCY"": ""M"", ""IFS_FLAG"": ""true"", ""INDEX_TYPE"": ""CPI"", ""OVERLAP"": ""OL"", ""SCALE"": ""0"", ""SECURITY_CLASSIFICATION"": ""PUB"", ""TYPE_OF_TRANSFORMATION"": ""IX""}}"
BLR,cpi_index_all_items_quarterly_imf,2023-Q4,quarterly,88.59531547230115,\N,derived,IMF_CPI,IMF|ACCESS_SHARING_LEVEL=PUBLIC_OPEN|COICOP_1999=_T|COMMON_REFERENCE_PERIOD=2025M12|FREQUENCY=M|IFS_FLAG=true|INDEX_TYPE=CPI|OVERLAP=OL|SCALE=0|SECURITY_CLASSIFICATION=PUB|TYPE_OF_TRANSFORMATION=IX|aggregation=quarterly_mean,\N,"{""aggregation_method"": ""quarterly_mean"", ""source_derivation_types"": [""O"", ""O"", ""O""], ""source_months"": [""2023-M10"", ""2023-M11"", ""2023-M12""], ""source_observation_count"": 3, ""source_series_dimensions"": {""ACCESS_SHARING_LEVEL"": ""PUBLIC_OPEN"", ""COICOP_1999"": ""_T"", ""COMMON_REFERENCE_PERIOD"": ""2025M12"", ""COUNTRY"": ""BLR"", ""FREQUENCY"": ""M"", ""IFS_FLAG"": ""true"", ""INDEX_TYPE"": ""CPI"", ""OVERLAP"": ""OL"", ""SCALE"": ""0"", ""SECURITY_CLASSIFICATION"": ""PUB"", ""TYPE_OF_TRANSFORMATION"": ""IX""}}"
BLZ,cpi_index_all_items_quarterly_imf,2023-Q1,quarterly,113.36503295032367,\N,derived,IMF_CPI,IMF|ACCESS_SHARING_LEVEL=PUBLIC_OPEN|COICOP_1999=_T|COMMON_REFERENCE_PERIOD=2020M10|FREQUENCY=M|IFS_FLAG=true|INDEX_TYPE=CPI|OVERLAP=OL|SCALE=0|SECURITY_CLASSIFICATION=PUB|TYPE_OF_TRANSFORMATION=IX|aggregation=quarterly_mean,\N,"{""aggregation_method"": ""quarterly_mean"", ""source_derivation_types"": [""O"", ""O"", ""O""], ""source_months"": [""2023-M01"", ""2023-M02"", ""2023-M03""], ""source_observation_count"": 3, ""source_series_dimensions"": {""ACCESS_SHARING_LEVEL"": ""PUBLIC_OPEN"", ""COICOP_1999"": ""_T"", ""COMMON_REFERENCE_PERIOD"": ""2020M10"", ""COUNTRY"": ""BLZ"", ""FREQUENCY"": ""M"", ""IFS_FLAG"": ""true"", ""INDEX_TYPE"": ""CPI"", ""OVERLAP"": ""OL"", ""SCALE"": ""0"", ""SECURITY_CLASSIFICATION"": ""PUB"", ""TYPE_OF_TRANSFORMATION"": ""IX""}}"
BLZ,cpi_index_all_items_quarterly_imf,2023-Q2,quarterly,113.89233246649833,\N,derived,IMF_CPI,IMF|ACCESS_SHARING_LEVEL=PUBLIC_OPEN|COICOP_1999=_T|COMMON_REFERENCE_PERIOD=2020M10|FREQUENCY=M|IFS_FLAG=true|INDEX_TYPE=CPI|OVERLAP=OL|SCALE=0|SECURITY_CLASSIFICATION=PUB|TYPE_OF_TRANSFORMATION=IX|aggregation=quarterly_mean,\N,"{""aggregation_method"": ""quarterly_mean"", ""source_derivation_types"": [""O"", ""O"", ""O""], ""source_months"": [""2023-M04"", ""2023-M05"", ""2023-M06""], ""source_observation_count"": 3, ""source_series_dimensions"": {""ACCESS_SHARING_LEVEL"": ""PUBLIC_OPEN"", ""COICOP_1999"": ""_T"", ""COMMON_REFERENCE_PERIOD"": ""2020M10"", ""COUNTRY"": ""BLZ"", ""FREQUENCY"": ""M"", ""IFS_FLAG"": ""true"", ""INDEX_TYPE"": ""CPI"", ""OVERLAP"": ""OL"", ""SCALE"": ""0"", ""SECURITY_CLASSIFICATION"": ""PUB"", ""TYPE_OF_TRANSFORMATION"": ""IX""}}"
BLZ,cpi_index_all_items_quarterly_imf,2023-Q3,quarterly,115.76666666666667,\N,derived,IMF_CPI,IMF|ACCESS_SHARING_LEVEL=PUBLIC_OPEN|COICOP_1999=_T|COMMON_REFERENCE_PERIOD=2020M10|FREQUENCY=M|IFS_FLAG=true|INDEX_TYPE=CPI|OVERLAP=OL|SCALE=0|SECURITY_CLASSIFICATION=PUB|TYPE_OF_TRANSFORMATION=IX|aggregation=quarterly_mean,\N,"{""aggregation_method"": ""quarterly_mean"", ""source_derivation_types"": [""O"", ""O"", ""O""], ""source_months"": [""2023-M07"", ""2023-M08"", ""2023-M09""], ""source_observation_count"": 3, ""source_series_dimensions"": {""ACCESS_SHARING_LEVEL"": ""PUBLIC_OPEN"", ""COICOP_1999"": ""_T"", ""COMMON_REFERENCE_PERIOD"": ""2020M10"", ""COUNTRY"": ""BLZ"", ""FREQUENCY"": ""M"", ""IFS_FLAG"": ""true"", ""INDEX_TYPE"": ""CPI"", ""OVERLAP"": ""OL"", ""SCALE"": ""0"", ""SECURITY_CLASSIFICATION"": ""PUB"", ""TYPE_OF_TRANSFORMATION"": ""IX""}}"
BLZ,cpi_index_all_items_quarterly_imf,2023-Q4,quarterly,117.3,\N,derived,IMF_CPI,IMF|ACCESS_SHARING_LEVEL=PUBLIC_OPEN|COICOP_1999=_T|COMMON_REFERENCE_PERIOD=2020M10|FREQUENCY=M|IFS_FLAG=true|INDEX_TYPE=CPI|OVERLAP=OL|SCALE=0|SECURITY_CLASSIFICATION=PUB|TYPE_OF_TRANSFORMATION=IX|aggregation=quarterly_mean,\N,"{""aggregation_method"": ""quarterly_mean"", ""source_derivation_types"": [""O"", ""O"", ""O""], ""source_months"": [""2023-M10"", ""2023-M11"", ""2023-M12""], ""source_observation_count"": 3, ""source_series_dimensions"": {""ACCESS_SHARING_LEVEL"": ""PUBLIC_OPEN"", ""COICOP_1999"": ""_T"", ""COMMON_REFERENCE_PERIOD"": ""2020M10"", ""COUNTRY"": ""BLZ"", ""FREQUENCY"": ""M"", ""IFS_FLAG"": ""true"", ""INDEX_TYPE"": ""CPI"", ""OVERLAP"": ""OL"", ""SCALE"": ""0"", ""SECURITY_CLASSIFICATION"": ""PUB"", ""TYPE_OF_TRANSFORMATION"": ""IX""}}"
BOL,cpi_index_all_items_quarterly_imf,2023-Q1,quarterly,108.8297953654,\N,derived,IMF_CPI,IMF|ACCESS_SHARING_LEVEL=PUBLIC_OPEN|COICOP_1999=_T|COMMON_REFERENCE_PERIOD=2016A|FREQUENCY=M|IFS_FLAG=true|INDEX_TYPE=CPI|OVERLAP=OL|SCALE=0|SECURITY_CLASSIFICATION=PUB|TYPE_OF_TRANSFORMATION=IX|aggregation=quarterly_mean,\N,"{""aggregation_method"": ""quarterly_mean"", ""source_derivation_types"": [""O"", ""O"", ""O""], ""source_months"": [""2023-M01"", ""2023-M02"", ""2023-M03""], ""source_observation_count"": 3, ""source_series_dimensions"": {""ACCESS_SHARING_LEVEL"": ""PUBLIC_OPEN"", ""COICOP_1999"": ""_T"", ""COMMON_REFERENCE_PERIOD"": ""2016A"", ""COUNTRY"": ""BOL"", ""FREQUENCY"": ""M"", ""IFS_FLAG"": ""true"", ""INDEX_TYPE"": ""CPI"", ""OVERLAP"": ""OL"", ""SCALE"": ""0"", ""SECURITY_CLASSIFICATION"": ""PUB"", ""TYPE_OF_TRANSFORMATION"": ""IX""}}"
BOL,cpi_index_all_items_quarterly_imf,2023-Q2,quarterly,109.3110109572,\N,derived,IMF_CPI,IMF|ACCESS_SHARING_LEVEL=PUBLIC_OPEN|COICOP_1999=_T|COMMON_REFERENCE_PERIOD=2016A|FREQUENCY=M|IFS_FLAG=true|INDEX_TYPE=CPI|OVERLAP=OL|SCALE=0|SECURITY_CLASSIFICATION=PUB|TYPE_OF_TRANSFORMATION=IX|aggregation=quarterly_mean,\N,"{""aggregation_method"": ""quarterly_mean"", ""source_derivation_types"": [""O"", ""O"", ""O""], ""source_months"": [""2023-M04"", ""2023-M05"", ""2023-M06""], ""source_observation_count"": 3, ""source_series_dimensions"": {""ACCESS_SHARING_LEVEL"": ""PUBLIC_OPEN"", ""COICOP_1999"": ""_T"", ""COMMON_REFERENCE_PERIOD"": ""2016A"", ""COUNTRY"": ""BOL"", ""FREQUENCY"": ""M"", ""IFS_FLAG"": ""true"", ""INDEX_TYPE"": ""CPI"", ""OVERLAP"": ""OL"", ""SCALE"": ""0"", ""SECURITY_CLASSIFICATION"": ""PUB"", ""TYPE_OF_TRANSFORMATION"": ""IX""}}"
BOL,cpi_index_all_items_quarterly_imf,2023-Q3,quarterly,110.34294064466667,\N,derived,IMF_CPI,IMF|ACCESS_SHARING_LEVEL=PUBLIC_OPEN|COICOP_1999=_T|COMMON_REFERENCE_PERIOD=2016A|FREQUENCY=M|IFS_FLAG=true|INDEX_TYPE=CPI|OVERLAP=OL|SCALE=0|SECURITY_CLASSIFICATION=PUB|TYPE_OF_TRANSFORMATION=IX|aggregation=quarterly_mean,\N,"{""aggregation_method"": ""quarterly_mean"", ""source_derivation_types"": [""O"", ""O"", ""O""], ""source_months"": [""2023-M07"", ""2023-M08"", ""2023-M09""], ""source_observation_count"": 3, ""source_series_dimensions"": {""ACCESS_SHARING_LEVEL"": ""PUBLIC_OPEN"", ""COICOP_1999"": ""_T"", ""COMMON_REFERENCE_PERIOD"": ""2016A"", ""COUNTRY"": ""BOL"", ""FREQUENCY"": ""M"", ""IFS_FLAG"": ""true"", ""INDEX_TYPE"": ""CPI"", ""OVERLAP"": ""OL"", ""SCALE"": ""0"", ""SECURITY_CLASSIFICATION"": ""PUB"", ""TYPE_OF_TRANSFORMATION"": ""IX""}}"
BOL,cpi_index_all_items_quarterly_imf,2023-Q4,quarterly,110.65981017803334,\N,derived,IMF_CPI,IMF|ACCESS_SHARING_LEVEL=PUBLIC_OPEN|COICOP_1999=_T|COMMON_REFERENCE_PERIOD=2016A|FREQUENCY=M|IFS_FLAG=true|INDEX_TYPE=CPI|OVERLAP=OL|SCALE=0|SECURITY_CLASSIFICATION=PUB|TYPE_OF_TRANSFORMATION=IX|aggregation=quarterly_mean,\N,"{""aggregation_method"": ""quarterly_mean"", ""source_derivation_types"": [""O"", ""O"", ""O""], ""source_months"": [""2023-M10"", ""2023-M11"", ""2023-M12""], ""source_observation_count"": 3, ""source_series_dimensions"": {""ACCESS_SHARING_LEVEL"": ""PUBLIC_OPEN"", ""COICOP_1999"": ""_T"", ""COMMON_REFERENCE_PERIOD"": ""2016A"", ""COUNTRY"": ""BOL"", ""FREQUENCY"": ""M"", ""IFS_FLAG"": ""true"", ""INDEX_TYPE"": ""CPI"", ""OVERLAP"": ""OL"", ""SCALE"": ""0"", ""SECURITY_CLASSIFICATION"": ""PUB"", ""TYPE_OF_TRANSFORMATION"": ""IX""}}"
BRA,cpi_index_all_items_quarterly_imf,2023-Q1,quarterly,6560.38,\N,derived,IMF_CPI,IMF|ACCESS_SHARING_LEVEL=PUBLIC_OPEN|COICOP_1999=_T|COMMON_REFERENCE_PERIOD=1993M12|FREQUENCY=M|IFS_FLAG=true|INDEX_TYPE=CPI|OVERLAP=OL|SCALE=0|SECURITY_CLASSIFICATION=PUB|TYPE_OF_TRANSFORMATION=IX|aggregation=quarterly_mean,\N,"{""aggregation_method"": ""quarterly_mean"", ""source_derivation_types"": [""O"", ""O"", ""O""], ""source_months"": [""2023-M01"", ""2023-M02"", ""2023-M03""], ""source_observation_count"": 3, ""source_series_dimensions"": {""ACCESS_SHARING_LEVEL"": ""PUBLIC_OPEN"", ""COICOP_1999"": ""_T"", ""COMMON_REFERENCE_PERIOD"": ""1993M12"", ""COUNTRY"": ""BRA"", ""FREQUENCY"": ""M"", ""IFS_FLAG"": ""true"", ""INDEX_TYPE"": ""CPI"", ""OVERLAP"": ""OL"", ""SCALE"": ""0"", ""SECURITY_CLASSIFICATION"": ""PUB"", ""TYPE_OF_TRANSFORMATION"": ""IX""}}"
BRA,cpi_index_all_items_quarterly_imf,2023-Q2,quarterly,6658.406666666667,\N,derived,IMF_CPI,IMF|ACCESS_SHARING_LEVEL=PUBLIC_OPEN|COICOP_1999=_T|COMMON_REFERENCE_PERIOD=1993M12|FREQUENCY=M|IFS_FLAG=true|INDEX_TYPE=CPI|OVERLAP=OL|SCALE=0|SECURITY_CLASSIFICATION=PUB|TYPE_OF_TRANSFORMATION=IX|aggregation=quarterly_mean,\N,"{""aggregation_method"": ""quarterly_mean"", ""source_derivation_types"": [""O"", ""O"", ""O""], ""source_months"": [""2023-M04"", ""2023-M05"", ""2023-M06""], ""source_observation_count"": 3, ""source_series_dimensions"": {""ACCESS_SHARING_LEVEL"": ""PUBLIC_OPEN"", ""COICOP_1999"": ""_T"", ""COMMON_REFERENCE_PERIOD"": ""1993M12"", ""COUNTRY"": ""BRA"", ""FREQUENCY"": ""M"", ""IFS_FLAG"": ""true"", ""INDEX_TYPE"": ""CPI"", ""OVERLAP"": ""OL"", ""SCALE"": ""0"", ""SECURITY_CLASSIFICATION"": ""PUB"", ""TYPE_OF_TRANSFORMATION"": ""IX""}}"
BRA,cpi_index_all_items_quarterly_imf,2023-Q3,quarterly,6683.959999999999,\N,derived,IMF_CPI,IMF|ACCESS_SHARING_LEVEL=PUBLIC_OPEN|COICOP_1999=_T|COMMON_REFERENCE_PERIOD=1993M12|FREQUENCY=M|IFS_FLAG=true|INDEX_TYPE=CPI|OVERLAP=OL|SCALE=0|SECURITY_CLASSIFICATION=PUB|TYPE_OF_TRANSFORMATION=IX|aggregation=quarterly_mean,\N,"{""aggregation_method"": ""quarterly_mean"", ""source_derivation_types"": [""O"", ""O"", ""O""], ""source_months"": [""2023-M07"", ""2023-M08"", ""2023-M09""], ""source_observation_count"": 3, ""source_series_dimensions"": {""ACCESS_SHARING_LEVEL"": ""PUBLIC_OPEN"", ""COICOP_1999"": ""_T"", ""COMMON_REFERENCE_PERIOD"": ""1993M12"", ""COUNTRY"": ""BRA"", ""FREQUENCY"": ""M"", ""IFS_FLAG"": ""true"", ""INDEX_TYPE"": ""CPI"", ""OVERLAP"": ""OL"", ""SCALE"": ""0"", ""SECURITY_CLASSIFICATION"": ""PUB"", ""TYPE_OF_TRANSFORMATION"": ""IX""}}"
BRA,cpi_index_all_items_quarterly_imf,2023-Q4,quarterly,6741.8533333333335,\N,derived,IMF_CPI,IMF|ACCESS_SHARING_LEVEL=PUBLIC_OPEN|COICOP_1999=_T|COMMON_REFERENCE_PERIOD=1993M12|FREQUENCY=M|IFS_FLAG=true|INDEX_TYPE=CPI|OVERLAP=OL|SCALE=0|SECURITY_CLASSIFICATION=PUB|TYPE_OF_TRANSFORMATION=IX|aggregation=quarterly_mean,\N,"{""aggregation_method"": ""quarterly_mean"", ""source_derivation_types"": [""O"", ""O"", ""O""], ""source_months"": [""2023-M10"", ""2023-M11"", ""2023-M12""], ""source_observation_count"": 3, ""source_series_dimensions"": {""ACCESS_SHARING_LEVEL"": ""PUBLIC_OPEN"", ""COICOP_1999"": ""_T"", ""COMMON_REFERENCE_PERIOD"": ""1993M12"", ""COUNTRY"": ""BRA"", ""FREQUENCY"": ""M"", ""IFS_FLAG"": ""true"", ""INDEX_TYPE"": ""CPI"", ""OVERLAP"": ""OL"", ""SCALE"": ""0"", ""SECURITY_CLASSIFICATION"": ""PUB"", ""TYPE_OF_TRANSFORMATION"": ""IX""}}"
BRB,cpi_index_all_items_quarterly_imf,2023-Q1,quarterly,109.03333333333335,\N,derived,IMF_CPI,IMF|ACCESS_SHARING_LEVEL=PUBLIC_OPEN|COICOP_1999=_T|COMMON_REFERENCE_PERIOD=2018M07|FREQUENCY=M|IFS_FLAG=true|INDEX_TYPE=CPI|OVERLAP=OL|SCALE=0|SECURITY_CLASSIFICATION=PUB|TYPE_OF_TRANSFORMATION=IX|aggregation=quarterly_mean,\N,"{""aggregation_method"": ""quarterly_mean"", ""source_derivation_types"": [""O"", ""O"", ""O""], ""source_months"": [""2023-M01"", ""2023-M02"", ""2023-M03""], ""source_observation_count"": 3, ""source_series_dimensions"": {""ACCESS_SHARING_LEVEL"": ""PUBLIC_OPEN"", ""COICOP_1999"": ""_T"", ""COMMON_REFERENCE_PERIOD"": ""2018M07"", ""COUNTRY"": ""BRB"", ""FREQUENCY"": ""M"", ""IFS_FLAG"": ""true"", ""INDEX_TYPE"": ""CPI"", ""OVERLAP"": ""OL"", ""SCALE"": ""0"", ""SECURITY_CLASSIFICATION"": ""PUB"", ""TYPE_OF_TRANSFORMATION"": ""IX""}}"
BRB,cpi_index_all_items_quarterly_imf,2023-Q2,quarterly,110.43333333333334,\N,derived,IMF_CPI,IMF|ACCESS_SHARING_LEVEL=PUBLIC_OPEN|COICOP_1999=_T|COMMON_REFERENCE_PERIOD=2018M07|FREQUENCY=M|IFS_FLAG=true|INDEX_TYPE=CPI|OVERLAP=OL|SCALE=0|SECURITY_CLASSIFICATION=PUB|TYPE_OF_TRANSFORMATION=IX|aggregation=quarterly_mean,\N,"{""aggregation_method"": ""quarterly_mean"", ""source_derivation_types"": [""O"", ""O"", ""O""], ""source_months"": [""2023-M04"", ""2023-M05"", ""2023-M06""], ""source_observation_count"": 3, ""source_series_dimensions"": {""ACCESS_SHARING_LEVEL"": ""PUBLIC_OPEN"", ""COICOP_1999"": ""_T"", ""COMMON_REFERENCE_PERIOD"": ""2018M07"", ""COUNTRY"": ""BRB"", ""FREQUENCY"": ""M"", ""IFS_FLAG"": ""true"", ""INDEX_TYPE"": ""CPI"", ""OVERLAP"": ""OL"", ""SCALE"": ""0"", ""SECURITY_CLASSIFICATION"": ""PUB"", ""TYPE_OF_TRANSFORMATION"": ""IX""}}"
BRB,cpi_index_all_items_quarterly_imf,2023-Q3,quarterly,111.39999999999999,\N,derived,IMF_CPI,IMF|ACCESS_SHARING_LEVEL=PUBLIC_OPEN|COICOP_1999=_T|COMMON_REFERENCE_PERIOD=2018M07|FREQUENCY=M|IFS_FLAG=true|INDEX_TYPE=CPI|OVERLAP=OL|SCALE=0|SECURITY_CLASSIFICATION=PUB|TYPE_OF_TRANSFORMATION=IX|aggregation=quarterly_mean,\N,"{""aggregation_method"": ""quarterly_mean"", ""source_derivation_types"": [""O"", ""O"", ""O""], ""source_months"": [""2023-M07"", ""2023-M08"", ""2023-M09""], ""source_observation_count"": 3, ""source_series_dimensions"": {""ACCESS_SHARING_LEVEL"": ""PUBLIC_OPEN"", ""COICOP_1999"": ""_T"", ""COMMON_REFERENCE_PERIOD"": ""2018M07"", ""COUNTRY"": ""BRB"", ""FREQUENCY"": ""M"", ""IFS_FLAG"": ""true"", ""INDEX_TYPE"": ""CPI"", ""OVERLAP"": ""OL"", ""SCALE"": ""0"", ""SECURITY_CLASSIFICATION"": ""PUB"", ""TYPE_OF_TRANSFORMATION"": ""IX""}}"
BRB,cpi_index_all_items_quarterly_imf,2023-Q4,quarterly,111.59999999999998,\N,derived,IMF_CPI,IMF|ACCESS_SHARING_LEVEL=PUBLIC_OPEN|COICOP_1999=_T|COMMON_REFERENCE_PERIOD=2018M07|FREQUENCY=M|IFS_FLAG=true|INDEX_TYPE=CPI|OVERLAP=OL|SCALE=0|SECURITY_CLASSIFICATION=PUB|TYPE_OF_TRANSFORMATION=IX|aggregation=quarterly_mean,\N,"{""aggregation_method"": ""quarterly_mean"", ""source_derivation_types"": [""O"", ""O"", ""O""], ""source_months"": [""2023-M10"", ""2023-M11"", ""2023-M12""], ""source_observation_count"": 3, ""source_series_dimensions"": {""ACCESS_SHARING_LEVEL"": ""PUBLIC_OPEN"", ""COICOP_1999"": ""_T"", ""COMMON_REFERENCE_PERIOD"": ""2018M07"", ""COUNTRY"": ""BRB"", ""FREQUENCY"": ""M"", ""IFS_FLAG"": ""true"", ""INDEX_TYPE"": ""CPI"", ""OVERLAP"": ""OL"", ""SCALE"": ""0"", ""SECURITY_CLASSIFICATION"": ""PUB"", ""TYPE_OF_TRANSFORMATION"": ""IX""}}"
BRN,cpi_index_all_items_quarterly_imf,2023-Q1,quarterly,106.64763666666666,\N,derived,IMF_CPI,IMF|ACCESS_SHARING_LEVEL=PUBLIC_OPEN|COICOP_1999=_T|COMMON_REFERENCE_PERIOD=2015M1|FREQUENCY=M|IFS_FLAG=true|INDEX_TYPE=CPI|OVERLAP=OL|SCALE=0|SECURITY_CLASSIFICATION=PUB|TYPE_OF_TRANSFORMATION=IX|aggregation=quarterly_mean,\N,"{""aggregation_method"": ""quarterly_mean"", ""source_derivation_types"": [""O"", ""O"", ""O""], ""source_months"": [""2023-M01"", ""2023-M02"", ""2023-M03""], ""source_observation_count"": 3, ""source_series_dimensions"": {""ACCESS_SHARING_LEVEL"": ""PUBLIC_OPEN"", ""COICOP_1999"": ""_T"", ""COMMON_REFERENCE_PERIOD"": ""2015M1"", ""COUNTRY"": ""BRN"", ""FREQUENCY"": ""M"", ""IFS_FLAG"": ""true"", ""INDEX_TYPE"": ""CPI"", ""OVERLAP"": ""OL"", ""SCALE"": ""0"", ""SECURITY_CLASSIFICATION"": ""PUB"", ""TYPE_OF_TRANSFORMATION"": ""IX""}}"
BRN,cpi_index_all_items_quarterly_imf,2023-Q2,quarterly,106.65911639740553,\N,derived,IMF_CPI,IMF|ACCESS_SHARING_LEVEL=PUBLIC_OPEN|COICOP_1999=_T|COMMON_REFERENCE_PERIOD=2015M1|FREQUENCY=M|IFS_FLAG=true|INDEX_TYPE=CPI|OVERLAP=OL|SCALE=0|SECURITY_CLASSIFICATION=PUB|TYPE_OF_TRANSFORMATION=IX|aggregation=quarterly_mean,\N,"{""aggregation_method"": ""quarterly_mean"", ""source_derivation_types"": [""O"", ""O"", ""O""], ""source_months"": [""2023-M04"", ""2023-M05"", ""2023-M06""], ""source_observation_count"": 3, ""source_series_dimensions"": {""ACCESS_SHARING_LEVEL"": ""PUBLIC_OPEN"", ""COICOP_1999"": ""_T"", ""COMMON_REFERENCE_PERIOD"": ""2015M1"", ""COUNTRY"": ""BRN"", ""FREQUENCY"": ""M"", ""IFS_FLAG"": ""true"", ""INDEX_TYPE"": ""CPI"", ""OVERLAP"": ""OL"", ""SCALE"": ""0"", ""SECURITY_CLASSIFICATION"": ""PUB"", ""TYPE_OF_TRANSFORMATION"": ""IX""}}"
BRN,cpi_index_all_items_quarterly_imf,2023-Q3,quarterly,106.82363874157336,\N,derived,IMF_CPI,IMF|ACCESS_SHARING_LEVEL=PUBLIC_OPEN|COICOP_1999=_T|COMMON_REFERENCE_PERIOD=2015M1|FREQUENCY=M|IFS_FLAG=true|INDEX_TYPE=CPI|OVERLAP=OL|SCALE=0|SECURITY_CLASSIFICATION=PUB|TYPE_OF_TRANSFORMATION=IX|aggregation=quarterly_mean,\N,"{""aggregation_method"": ""quarterly_mean"", ""source_derivation_types"": [""O"", ""O"", ""O""], ""source_months"": [""2023-M07"", ""2023-M08"", ""2023-M09""], ""source_observation_count"": 3, ""source_series_dimensions"": {""ACCESS_SHARING_LEVEL"": ""PUBLIC_OPEN"", ""COICOP_1999"": ""_T"", ""COMMON_REFERENCE_PERIOD"": ""2015M1"", ""COUNTRY"": ""BRN"", ""FREQUENCY"": ""M"", ""IFS_FLAG"": ""true"", ""INDEX_TYPE"": ""CPI"", ""OVERLAP"": ""OL"", ""SCALE"": ""0"", ""SECURITY_CLASSIFICATION"": ""PUB"", ""TYPE_OF_TRANSFORMATION"": ""IX""}}"
BRN,cpi_index_all_items_quarterly_imf,2023-Q4,quarterly,107.11356333333333,\N,derived,IMF_CPI,IMF|ACCESS_SHARING_LEVEL=PUBLIC_OPEN|COICOP_1999=_T|COMMON_REFERENCE_PERIOD=2015M1|FREQUENCY=M|IFS_FLAG=true|INDEX_TYPE=CPI|OVERLAP=OL|SCALE=0|SECURITY_CLASSIFICATION=PUB|TYPE_OF_TRANSFORMATION=IX|aggregation=quarterly_mean,\N,"{""aggregation_method"": ""quarterly_mean"", ""source_derivation_types"": [""O"", ""O"", ""O""], ""source_months"": [""2023-M10"", ""2023-M11"", ""2023-M12""], ""source_observation_count"": 3, ""source_series_dimensions"": {""ACCESS_SHARING_LEVEL"": ""PUBLIC_OPEN"", ""COICOP_1999"": ""_T"", ""COMMON_REFERENCE_PERIOD"": ""2015M1"", ""COUNTRY"": ""BRN"", ""FREQUENCY"": ""M"", ""IFS_FLAG"": ""true"", ""INDEX_TYPE"": ""CPI"", ""OVERLAP"": ""OL"", ""SCALE"": ""0"", ""SECURITY_CLASSIFICATION"": ""PUB"", ""TYPE_OF_TRANSFORMATION"": ""IX""}}"
BTN,cpi_index_all_items_quarterly_imf,2023-Q1,quarterly,96.56549887956965,\N,derived,IMF_CPI,IMF|ACCESS_SHARING_LEVEL=PUBLIC_OPEN|COICOP_1999=_T|COMMON_REFERENCE_PERIOD=MAY 2023 - APRIL 2024|FREQUENCY=M|IFS_FLAG=true|INDEX_TYPE=CPI|OVERLAP=OL|SCALE=0|SECURITY_CLASSIFICATION=PUB|TYPE_OF_TRANSFORMATION=IX|aggregation=quarterly_mean,\N,"{""aggregation_method"": ""quarterly_mean"", ""source_derivation_types"": [""O"", ""O"", ""O""], ""source_months"": [""2023-M01"", ""2023-M02"", ""2023-M03""], ""source_observation_count"": 3, ""source_series_dimensions"": {""ACCESS_SHARING_LEVEL"": ""PUBLIC_OPEN"", ""COICOP_1999"": ""_T"", ""COMMON_REFERENCE_PERIOD"": ""MAY 2023 - APRIL 2024"", ""COUNTRY"": ""BTN"", ""FREQUENCY"": ""M"", ""IFS_FLAG"": ""true"", ""INDEX_TYPE"": ""CPI"", ""OVERLAP"": ""OL"", ""SCALE"": ""0"", ""SECURITY_CLASSIFICATION"": ""PUB"", ""TYPE_OF_TRANSFORMATION"": ""IX""}}"
BTN,cpi_index_all_items_quarterly_imf,2023-Q2,quarterly,97.59164672742702,\N,derived,IMF_CPI,IMF|ACCESS_SHARING_LEVEL=PUBLIC_OPEN|COICOP_1999=_T|COMMON_REFERENCE_PERIOD=MAY 2023 - APRIL 2024|FREQUENCY=M|IFS_FLAG=true|INDEX_TYPE=CPI|OVERLAP=OL|SCALE=0|SECURITY_CLASSIFICATION=PUB|TYPE_OF_TRANSFORMATION=IX|aggregation=quarterly_mean,\N,"{""aggregation_method"": ""quarterly_mean"", ""source_derivation_types"": [""O"", ""O"", ""O""], ""source_months"": [""2023-M04"", ""2023-M05"", ""2023-M06""], ""source_observation_count"": 3, ""source_series_dimensions"": {""ACCESS_SHARING_LEVEL"": ""PUBLIC_OPEN"", ""COICOP_1999"": ""_T"", ""COMMON_REFERENCE_PERIOD"": ""MAY 2023 - APRIL 2024"", ""COUNTRY"": ""BTN"", ""FREQUENCY"": ""M"", ""IFS_FLAG"": ""true"", ""INDEX_TYPE"": ""CPI"", ""OVERLAP"": ""OL"", ""SCALE"": ""0"", ""SECURITY_CLASSIFICATION"": ""PUB"", ""TYPE_OF_TRANSFORMATION"": ""IX""}}"
BTN,cpi_index_all_items_quarterly_imf,2023-Q3,quarterly,99.18543285203043,\N,derived,IMF_CPI,IMF|ACCESS_SHARING_LEVEL=PUBLIC_OPEN|COICOP_1999=_T|COMMON_REFERENCE_PERIOD=MAY 2023 - APRIL 2024|FREQUENCY=M|IFS_FLAG=true|INDEX_TYPE=CPI|OVERLAP=OL|SCALE=0|SECURITY_CLASSIFICATION=PUB|TYPE_OF_TRANSFORMATION=IX|aggregation=quarterly_mean,\N,"{""aggregation_method"": ""quarterly_mean"", ""source_derivation_types"": [""O"", ""O"", ""O""], ""source_months"": [""2023-M07"", ""2023-M08"", ""2023-M09""], ""source_observation_count"": 3, ""source_series_dimensions"": {""ACCESS_SHARING_LEVEL"": ""PUBLIC_OPEN"", ""COICOP_1999"": ""_T"", ""COMMON_REFERENCE_PERIOD"": ""MAY 2023 - APRIL 2024"", ""COUNTRY"": ""BTN"", ""FREQUENCY"": ""M"", ""IFS_FLAG"": ""true"", ""INDEX_TYPE"": ""CPI"", ""OVERLAP"": ""OL"", ""SCALE"": ""0"", ""SECURITY_CLASSIFICATION"": ""PUB"", ""TYPE_OF_TRANSFORMATION"": ""IX""}}"
BTN,cpi_index_all_items_quarterly_imf,2023-Q4,quarterly,100.63780365446705,\N,derived,IMF_CPI,IMF|ACCESS_SHARING_LEVEL=PUBLIC_OPEN|COICOP_1999=_T|COMMON_REFERENCE_PERIOD=MAY 2023 - APRIL 2024|FREQUENCY=M|IFS_FLAG=true|INDEX_TYPE=CPI|OVERLAP=OL|SCALE=0|SECURITY_CLASSIFICATION=PUB|TYPE_OF_TRANSFORMATION=IX|aggregation=quarterly_mean,\N,"{""aggregation_method"": ""quarterly_mean"", ""source_derivation_types"": [""O"", ""O"", ""O""], ""source_months"": [""2023-M10"", ""2023-M11"", ""2023-M12""], ""source_observation_count"": 3, ""source_series_dimensions"": {""ACCESS_SHARING_LEVEL"": ""PUBLIC_OPEN"", ""COICOP_1999"": ""_T"", ""COMMON_REFERENCE_PERIOD"": ""MAY 2023 - APRIL 2024"", ""COUNTRY"": ""BTN"", ""FREQUENCY"": ""M"", ""IFS_FLAG"": ""true"", ""INDEX_TYPE"": ""CPI"", ""OVERLAP"": ""OL"", ""SCALE"": ""0"", ""SECURITY_CLASSIFICATION"": ""PUB"", ""TYPE_OF_TRANSFORMATION"": ""IX""}}"
BWA,cpi_index_all_items_quarterly_imf,2023-Q1,quarterly,127.30856666666666,\N,derived,IMF_CPI,IMF|ACCESS_SHARING_LEVEL=PUBLIC_OPEN|COICOP_1999=_T|COMMON_REFERENCE_PERIOD=2018M12|FREQUENCY=M|IFS_FLAG=true|INDEX_TYPE=CPI|OVERLAP=OL|SCALE=0|SECURITY_CLASSIFICATION=PUB|TYPE_OF_TRANSFORMATION=IX|aggregation=quarterly_mean,\N,"{""aggregation_method"": ""quarterly_mean"", ""source_derivation_types"": [""O"", ""O"", ""O""], ""source_months"": [""2023-M01"", ""2023-M02"", ""2023-M03""], ""source_observation_count"": 3, ""source_series_dimensions"": {""ACCESS_SHARING_LEVEL"": ""PUBLIC_OPEN"", ""COICOP_1999"": ""_T"", ""COMMON_REFERENCE_PERIOD"": ""2018M12"", ""COUNTRY"": ""BWA"", ""FREQUENCY"": ""M"", ""IFS_FLAG"": ""true"", ""INDEX_TYPE"": ""CPI"", ""OVERLAP"": ""OL"", ""SCALE"": ""0"", ""SECURITY_CLASSIFICATION"": ""PUB"", ""TYPE_OF_TRANSFORMATION"": ""IX""}}"
BWA,cpi_index_all_items_quarterly_imf,2023-Q2,quarterly,130.13663333333332,\N,derived,IMF_CPI,IMF|ACCESS_SHARING_LEVEL=PUBLIC_OPEN|COICOP_1999=_T|COMMON_REFERENCE_PERIOD=2018M12|FREQUENCY=M|IFS_FLAG=true|INDEX_TYPE=CPI|OVERLAP=OL|SCALE=0|SECURITY_CLASSIFICATION=PUB|TYPE_OF_TRANSFORMATION=IX|aggregation=quarterly_mean,\N,"{""aggregation_method"": ""quarterly_mean"", ""source_derivation_types"": [""O"", ""O"", ""O""], ""source_months"": [""2023-M04"", ""2023-M05"", ""2023-M06""], ""source_observation_count"": 3, ""source_series_dimensions"": {""ACCESS_SHARING_LEVEL"": ""PUBLIC_OPEN"", ""COICOP_1999"": ""_T"", ""COMMON_REFERENCE_PERIOD"": ""2018M12"", ""COUNTRY"": ""BWA"", ""FREQUENCY"": ""M"", ""IFS_FLAG"": ""true"", ""INDEX_TYPE"": ""CPI"", ""OVERLAP"": ""OL"", ""SCALE"": ""0"", ""SECURITY_CLASSIFICATION"": ""PUB"", ""TYPE_OF_TRANSFORMATION"": ""IX""}}"
BWA,cpi_index_all_items_quarterly_imf,2023-Q3,quarterly,130.43553333333332,\N,derived,IMF_CPI,IMF|ACCESS_SHARING_LEVEL=PUBLIC_OPEN|COICOP_1999=_T|COMMON_REFERENCE_PERIOD=2018M12|FREQUENCY=M|IFS_FLAG=true|INDEX_TYPE=CPI|OVERLAP=OL|SCALE=0|SECURITY_CLASSIFICATION=PUB|TYPE_OF_TRANSFORMATION=IX|aggregation=quarterly_mean,\N,"{""aggregation_method"": ""quarterly_mean"", ""source_derivation_types"": [""O"", ""O"", ""O""], ""source_months"": [""2023-M07"", ""2023-M08"", ""2023-M09""], ""source_observation_count"": 3, ""source_series_dimensions"": {""ACCESS_SHARING_LEVEL"": ""PUBLIC_OPEN"", ""COICOP_1999"": ""_T"", ""COMMON_REFERENCE_PERIOD"": ""2018M12"", ""COUNTRY"": ""BWA"", ""FREQUENCY"": ""M"", ""IFS_FLAG"": ""true"", ""INDEX_TYPE"": ""CPI"", ""OVERLAP"": ""OL"", ""SCALE"": ""0"", ""SECURITY_CLASSIFICATION"": ""PUB"", ""TYPE_OF_TRANSFORMATION"": ""IX""}}"
BWA,cpi_index_all_items_quarterly_imf,2023-Q4,quarterly,132.04853333333332,\N,derived,IMF_CPI,IMF|ACCESS_SHARING_LEVEL=PUBLIC_OPEN|COICOP_1999=_T|COMMON_REFERENCE_PERIOD=2018M12|FREQUENCY=M|IFS_FLAG=true|INDEX_TYPE=CPI|OVERLAP=OL|SCALE=0|SECURITY_CLASSIFICATION=PUB|TYPE_OF_TRANSFORMATION=IX|aggregation=quarterly_mean,\N,"{""aggregation_method"": ""quarterly_mean"", ""source_derivation_types"": [""O"", ""O"", ""O""], ""source_months"": [""2023-M10"", ""2023-M11"", ""2023-M12""], ""source_observation_count"": 3, ""source_series_dimensions"": {""ACCESS_SHARING_LEVEL"": ""PUBLIC_OPEN"", ""COICOP_1999"": ""_T"", ""COMMON_REFERENCE_PERIOD"": ""2018M12"", ""COUNTRY"": ""BWA"", ""FREQUENCY"": ""M"", ""IFS_FLAG"": ""true"", ""INDEX_TYPE"": ""CPI"", ""OVERLAP"": ""OL"", ""SCALE"": ""0"", ""SECURITY_CLASSIFICATION"": ""PUB"", ""TYPE_OF_TRANSFORMATION"": ""IX""}}"
CAF,cpi_index_all_items_quarterly_imf,2023-Q1,quarterly,115.56666666666668,\N,derived,IMF_CPI,IMF|ACCESS_SHARING_LEVEL=PUBLIC_OPEN|COICOP_1999=_T|COMMON_REFERENCE_PERIOD=2019A|FREQUENCY=M|IFS_FLAG=true|INDEX_TYPE=CPI|OVERLAP=OL|SCALE=0|SECURITY_CLASSIFICATION=PUB|TYPE_OF_TRANSFORMATION=IX|aggregation=quarterly_mean,\N,"{""aggregation_method"": ""quarterly_mean"", ""source_derivation_types"": [""O"", ""O"", ""O""], ""source_months"": [""2023-M01"", ""2023-M02"", ""2023-M03""], ""source_observation_count"": 3, ""source_series_dimensions"": {""ACCESS_SHARING_LEVEL"": ""PUBLIC_OPEN"", ""COICOP_1999"": ""_T"", ""COMMON_REFERENCE_PERIOD"": ""2019A"", ""COUNTRY"": ""CAF"", ""FREQUENCY"": ""M"", ""IFS_FLAG"": ""true"", ""INDEX_TYPE"": ""CPI"", ""OVERLAP"": ""OL"", ""SCALE"": ""0"", ""SECURITY_CLASSIFICATION"": ""PUB"", ""TYPE_OF_TRANSFORMATION"": ""IX""}}"
CAF,cpi_index_all_items_quarterly_imf,2023-Q2,quarterly,114.43333333333334,\N,derived,IMF_CPI,IMF|ACCESS_SHARING_LEVEL=PUBLIC_OPEN|COICOP_1999=_T|COMMON_REFERENCE_PERIOD=2019A|FREQUENCY=M|IFS_FLAG=true|INDEX_TYPE=CPI|OVERLAP=OL|SCALE=0|SECURITY_CLASSIFICATION=PUB|TYPE_OF_TRANSFORMATION=IX|aggregation=quarterly_mean,\N,"{""aggregation_method"": ""quarterly_mean"", ""source_derivation_types"": [""O"", ""O"", ""O""], ""source_months"": [""2023-M04"", ""2023-M05"", ""2023-M06""], ""source_observation_count"": 3, ""source_series_dimensions"": {""ACCESS_SHARING_LEVEL"": ""PUBLIC_OPEN"", ""COICOP_1999"": ""_T"", ""COMMON_REFERENCE_PERIOD"": ""2019A"", ""COUNTRY"": ""CAF"", ""FREQUENCY"": ""M"", ""IFS_FLAG"": ""true"", ""INDEX_TYPE"": ""CPI"", ""OVERLAP"": ""OL"", ""SCALE"": ""0"", ""SECURITY_CLASSIFICATION"": ""PUB"", ""TYPE_OF_TRANSFORMATION"": ""IX""}}"
CAF,cpi_index_all_items_quarterly_imf,2023-Q3,quarterly,113.2,\N,derived,IMF_CPI,IMF|ACCESS_SHARING_LEVEL=PUBLIC_OPEN|COICOP_1999=_T|COMMON_REFERENCE_PERIOD=2019A|FREQUENCY=M|IFS_FLAG=true|INDEX_TYPE=CPI|OVERLAP=OL|SCALE=0|SECURITY_CLASSIFICATION=PUB|TYPE_OF_TRANSFORMATION=IX|aggregation=quarterly_mean,\N,"{""aggregation_method"": ""quarterly_mean"", ""source_derivation_types"": [""O"", ""O"", ""O""], ""source_months"": [""2023-M07"", ""2023-M08"", ""2023-M09""], ""source_observation_count"": 3, ""source_series_dimensions"": {""ACCESS_SHARING_LEVEL"": ""PUBLIC_OPEN"", ""COICOP_1999"": ""_T"", ""COMMON_REFERENCE_PERIOD"": ""2019A"", ""COUNTRY"": ""CAF"", ""FREQUENCY"": ""M"", ""IFS_FLAG"": ""true"", ""INDEX_TYPE"": ""CPI"", ""OVERLAP"": ""OL"", ""SCALE"": ""0"", ""SECURITY_CLASSIFICATION"": ""PUB"", ""TYPE_OF_TRANSFORMATION"": ""IX""}}"
CAF,cpi_index_all_items_quarterly_imf,2023-Q4,quarterly,114.23333333333335,\N,derived,IMF_CPI,IMF|ACCESS_SHARING_LEVEL=PUBLIC_OPEN|COICOP_1999=_T|COMMON_REFERENCE_PERIOD=2019A|FREQUENCY=M|IFS_FLAG=true|INDEX_TYPE=CPI|OVERLAP=OL|SCALE=0|SECURITY_CLASSIFICATION=PUB|TYPE_OF_TRANSFORMATION=IX|aggregation=quarterly_mean,\N,"{""aggregation_method"": ""quarterly_mean"", ""source_derivation_types"": [""O"", ""O"", ""O""], ""source_months"": [""2023-M10"", ""2023-M11"", ""2023-M12""], ""source_observation_count"": 3, ""source_series_dimensions"": {""ACCESS_SHARING_LEVEL"": ""PUBLIC_OPEN"", ""COICOP_1999"": ""_T"", ""COMMON_REFERENCE_PERIOD"": ""2019A"", ""COUNTRY"": ""CAF"", ""FREQUENCY"": ""M"", ""IFS_FLAG"": ""true"", ""INDEX_TYPE"": ""CPI"", ""OVERLAP"": ""OL"", ""SCALE"": ""0"", ""SECURITY_CLASSIFICATION"": ""PUB"", ""TYPE_OF_TRANSFORMATION"": ""IX""}}"
CAN,cpi_index_all_items_quarterly_imf,2023-Q1,quarterly,154.56666666666666,\N,derived,IMF_CPI,IMF|ACCESS_SHARING_LEVEL=PUBLIC_OPEN|COICOP_1999=_T|COMMON_REFERENCE_PERIOD=2014M12|FREQUENCY=M|IFS_FLAG=true|INDEX_TYPE=CPI|OVERLAP=OL|SCALE=0|SECURITY_CLASSIFICATION=PUB|TYPE_OF_TRANSFORMATION=IX|aggregation=quarterly_mean,\N,"{""aggregation_method"": ""quarterly_mean"", ""source_derivation_types"": [""O"", ""O"", ""O""], ""source_months"": [""2023-M01"", ""2023-M02"", ""2023-M03""], ""source_observation_count"": 3, ""source_series_dimensions"": {""ACCESS_SHARING_LEVEL"": ""PUBLIC_OPEN"", ""COICOP_1999"": ""_T"", ""COMMON_REFERENCE_PERIOD"": ""2014M12"", ""COUNTRY"": ""CAN"", ""FREQUENCY"": ""M"", ""IFS_FLAG"": ""true"", ""INDEX_TYPE"": ""CPI"", ""OVERLAP"": ""OL"", ""SCALE"": ""0"", ""SECURITY_CLASSIFICATION"": ""PUB"", ""TYPE_OF_TRANSFORMATION"": ""IX""}}"
CAN,cpi_index_all_items_quarterly_imf,2023-Q2,quarterly,156.86666666666665,\N,derived,IMF_CPI,IMF|ACCESS_SHARING_LEVEL=PUBLIC_OPEN|COICOP_1999=_T|COMMON_REFERENCE_PERIOD=2014M12|FREQUENCY=M|IFS_FLAG=true|INDEX_TYPE=CPI|OVERLAP=OL|SCALE=0|SECURITY_CLASSIFICATION=PUB|TYPE_OF_TRANSFORMATION=IX|aggregation=quarterly_mean,\N,"{""aggregation_method"": ""quarterly_mean"", ""source_derivation_types"": [""O"", ""O"", ""O""], ""source_months"": [""2023-M04"", ""2023-M05"", ""2023-M06""], ""source_observation_count"": 3, ""source_series_dimensions"": {""ACCESS_SHARING_LEVEL"": ""PUBLIC_OPEN"", ""COICOP_1999"": ""_T"", ""COMMON_REFERENCE_PERIOD"": ""2014M12"", ""COUNTRY"": ""CAN"", ""FREQUENCY"": ""M"", ""IFS_FLAG"": ""true"", ""INDEX_TYPE"": ""CPI"", ""OVERLAP"": ""OL"", ""SCALE"": ""0"", ""SECURITY_CLASSIFICATION"": ""PUB"", ""TYPE_OF_TRANSFORMATION"": ""IX""}}"
CAN,cpi_index_all_items_quarterly_imf,2023-Q3,quarterly,158.4333333333333,\N,derived,IMF_CPI,IMF|ACCESS_SHARING_LEVEL=PUBLIC_OPEN|COICOP_1999=_T|COMMON_REFERENCE_PERIOD=2014M12|FREQUENCY=M|IFS_FLAG=true|INDEX_TYPE=CPI|OVERLAP=OL|SCALE=0|SECURITY_CLASSIFICATION=PUB|TYPE_OF_TRANSFORMATION=IX|aggregation=quarterly_mean,\N,"{""aggregation_method"": ""quarterly_mean"", ""source_derivation_types"": [""O"", ""O"", ""O""], ""source_months"": [""2023-M07"", ""2023-M08"", ""2023-M09""], ""source_observation_count"": 3, ""source_series_dimensions"": {""ACCESS_SHARING_LEVEL"": ""PUBLIC_OPEN"", ""COICOP_1999"": ""_T"", ""COMMON_REFERENCE_PERIOD"": ""2014M12"", ""COUNTRY"": ""CAN"", ""FREQUENCY"": ""M"", ""IFS_FLAG"": ""true"", ""INDEX_TYPE"": ""CPI"", ""OVERLAP"": ""OL"", ""SCALE"": ""0"", ""SECURITY_CLASSIFICATION"": ""PUB"", ""TYPE_OF_TRANSFORMATION"": ""IX""}}"
CAN,cpi_index_all_items_quarterly_imf,2023-Q4,quarterly,158.56666666666666,\N,derived,IMF_CPI,IMF|ACCESS_SHARING_LEVEL=PUBLIC_OPEN|COICOP_1999=_T|COMMON_REFERENCE_PERIOD=2014M12|FREQUENCY=M|IFS_FLAG=true|INDEX_TYPE=CPI|OVERLAP=OL|SCALE=0|SECURITY_CLASSIFICATION=PUB|TYPE_OF_TRANSFORMATION=IX|aggregation=quarterly_mean,\N,"{""aggregation_method"": ""quarterly_mean"", ""source_derivation_types"": [""O"", ""O"", ""O""], ""source_months"": [""2023-M10"", ""2023-M11"", ""2023-M12""], ""source_observation_count"": 3, ""source_series_dimensions"": {""ACCESS_SHARING_LEVEL"": ""PUBLIC_OPEN"", ""COICOP_1999"": ""_T"", ""COMMON_REFERENCE_PERIOD"": ""2014M12"", ""COUNTRY"": ""CAN"", ""FREQUENCY"": ""M"", ""IFS_FLAG"": ""true"", ""INDEX_TYPE"": ""CPI"", ""OVERLAP"": ""OL"", ""SCALE"": ""0"", ""SECURITY_CLASSIFICATION"": ""PUB"", ""TYPE_OF_TRANSFORMATION"": ""IX""}}"
CHE,cpi_index_all_items_quarterly_imf,2023-Q1,quarterly,98.76735775052843,\N,derived,IMF_CPI,IMF|ACCESS_SHARING_LEVEL=PUBLIC_OPEN|COICOP_1999=_T|COMMON_REFERENCE_PERIOD=2025A|FREQUENCY=M|IFS_FLAG=true|INDEX_TYPE=CPI|OVERLAP=OL|SCALE=0|SECURITY_CLASSIFICATION=PUB|TYPE_OF_TRANSFORMATION=IX|aggregation=quarterly_mean,\N,"{""aggregation_method"": ""quarterly_mean"", ""source_derivation_types"": [""O"", ""O"", ""O""], ""source_months"": [""2023-M01"", ""2023-M02"", ""2023-M03""], ""source_observation_count"": 3, ""source_series_dimensions"": {""ACCESS_SHARING_LEVEL"": ""PUBLIC_OPEN"", ""COICOP_1999"": ""_T"", ""COMMON_REFERENCE_PERIOD"": ""2025A"", ""COUNTRY"": ""CHE"", ""FREQUENCY"": ""M"", ""IFS_FLAG"": ""true"", ""INDEX_TYPE"": ""CPI"", ""OVERLAP"": ""OL"", ""SCALE"": ""0"", ""SECURITY_CLASSIFICATION"": ""PUB"", ""TYPE_OF_TRANSFORMATION"": ""IX""}}"
CHE,cpi_index_all_items_quarterly_imf,2023-Q2,quarterly,99.29638554817747,\N,derived,IMF_CPI,IMF|ACCESS_SHARING_LEVEL=PUBLIC_OPEN|COICOP_1999=_T|COMMON_REFERENCE_PERIOD=2025A|FREQUENCY=M|IFS_FLAG=true|INDEX_TYPE=CPI|OVERLAP=OL|SCALE=0|SECURITY_CLASSIFICATION=PUB|TYPE_OF_TRANSFORMATION=IX|aggregation=quarterly_mean,\N,"{""aggregation_method"": ""quarterly_mean"", ""source_derivation_types"": [""O"", ""O"", ""O""], ""source_months"": [""2023-M04"", ""2023-M05"", ""2023-M06""], ""source_observation_count"": 3, ""source_series_dimensions"": {""ACCESS_SHARING_LEVEL"": ""PUBLIC_OPEN"", ""COICOP_1999"": ""_T"", ""COMMON_REFERENCE_PERIOD"": ""2025A"", ""COUNTRY"": ""CHE"", ""FREQUENCY"": ""M"", ""IFS_FLAG"": ""true"", ""INDEX_TYPE"": ""CPI"", ""OVERLAP"": ""OL"", ""SCALE"": ""0"", ""SECURITY_CLASSIFICATION"": ""PUB"", ""TYPE_OF_TRANSFORMATION"": ""IX""}}"
CHE,cpi_index_all_items_quarterly_imf,2023-Q3,quarterly,99.39622505064447,\N,derived,IMF_CPI,IMF|ACCESS_SHARING_LEVEL=PUBLIC_OPEN|COICOP_1999=_T|COMMON_REFERENCE_PERIOD=2025A|FREQUENCY=M|IFS_FLAG=true|INDEX_TYPE=CPI|OVERLAP=OL|SCALE=0|SECURITY_CLASSIFICATION=PUB|TYPE_OF_TRANSFORMATION=IX|aggregation=quarterly_mean,\N,"{""aggregation_method"": ""quarterly_mean"", ""source_derivation_types"": [""O"", ""O"", ""O""], ""source_months"": [""2023-M07"", ""2023-M08"", ""2023-M09""], ""source_observation_count"": 3, ""source_series_dimensions"": {""ACCESS_SHARING_LEVEL"": ""PUBLIC_OPEN"", ""COICOP_1999"": ""_T"", ""COMMON_REFERENCE_PERIOD"": ""2025A"", ""COUNTRY"": ""CHE"", ""FREQUENCY"": ""M"", ""IFS_FLAG"": ""true"", ""INDEX_TYPE"": ""CPI"", ""OVERLAP"": ""OL"", ""SCALE"": ""0"", ""SECURITY_CLASSIFICATION"": ""PUB"", ""TYPE_OF_TRANSFORMATION"": ""IX""}}"
CHE,cpi_index_all_items_quarterly_imf,2023-Q4,quarterly,99.36277897317113,\N,derived,IMF_CPI,IMF|ACCESS_SHARING_LEVEL=PUBLIC_OPEN|COICOP_1999=_T|COMMON_REFERENCE_PERIOD=2025A|FREQUENCY=M|IFS_FLAG=true|INDEX_TYPE=CPI|OVERLAP=OL|SCALE=0|SECURITY_CLASSIFICATION=PUB|TYPE_OF_TRANSFORMATION=IX|aggregation=quarterly_mean,\N,"{""aggregation_method"": ""quarterly_mean"", ""source_derivation_types"": [""O"", ""O"", ""O""], ""source_months"": [""2023-M10"", ""2023-M11"", ""2023-M12""], ""source_observation_count"": 3, ""source_series_dimensions"": {""ACCESS_SHARING_LEVEL"": ""PUBLIC_OPEN"", ""COICOP_1999"": ""_T"", ""COMMON_REFERENCE_PERIOD"": ""2025A"", ""COUNTRY"": ""CHE"", ""FREQUENCY"": ""M"", ""IFS_FLAG"": ""true"", ""INDEX_TYPE"": ""CPI"", ""OVERLAP"": ""OL"", ""SCALE"": ""0"", ""SECURITY_CLASSIFICATION"": ""PUB"", ""TYPE_OF_TRANSFORMATION"": ""IX""}}"
CHL,cpi_index_all_items_quarterly_imf,2023-Q1,quarterly,98.27509666666667,\N,derived,IMF_CPI,IMF|ACCESS_SHARING_LEVEL=PUBLIC_OPEN|COICOP_1999=_T|COMMON_REFERENCE_PERIOD=2023A|FREQUENCY=M|IFS_FLAG=true|INDEX_TYPE=CPI|OVERLAP=OL|SCALE=0|SECURITY_CLASSIFICATION=PUB|TYPE_OF_TRANSFORMATION=IX|aggregation=quarterly_mean,\N,"{""aggregation_method"": ""quarterly_mean"", ""source_derivation_types"": [""O"", ""O"", ""O""], ""source_months"": [""2023-M01"", ""2023-M02"", ""2023-M03""], ""source_observation_count"": 3, ""source_series_dimensions"": {""ACCESS_SHARING_LEVEL"": ""PUBLIC_OPEN"", ""COICOP_1999"": ""_T"", ""COMMON_REFERENCE_PERIOD"": ""2023A"", ""COUNTRY"": ""CHL"", ""FREQUENCY"": ""M"", ""IFS_FLAG"": ""true"", ""INDEX_TYPE"": ""CPI"", ""OVERLAP"": ""OL"", ""SCALE"": ""0"", ""SECURITY_CLASSIFICATION"": ""PUB"", ""TYPE_OF_TRANSFORMATION"": ""IX""}}"
CHL,cpi_index_all_items_quarterly_imf,2023-Q2,quarterly,99.29702000000002,\N,derived,IMF_CPI,IMF|ACCESS_SHARING_LEVEL=PUBLIC_OPEN|COICOP_1999=_T|COMMON_REFERENCE_PERIOD=2023A|FREQUENCY=M|IFS_FLAG=true|INDEX_TYPE=CPI|OVERLAP=OL|SCALE=0|SECURITY_CLASSIFICATION=PUB|TYPE_OF_TRANSFORMATION=IX|aggregation=quarterly_mean,\N,"{""aggregation_method"": ""quarterly_mean"", ""source_derivation_types"": [""O"", ""O"", ""O""], ""source_months"": [""2023-M04"", ""2023-M05"", ""2023-M06""], ""source_observation_count"": 3, ""source_series_dimensions"": {""ACCESS_SHARING_LEVEL"": ""PUBLIC_OPEN"", ""COICOP_1999"": ""_T"", ""COMMON_REFERENCE_PERIOD"": ""2023A"", ""COUNTRY"": ""CHL"", ""FREQUENCY"": ""M"", ""IFS_FLAG"": ""true"", ""INDEX_TYPE"": ""CPI"", ""OVERLAP"": ""OL"", ""SCALE"": ""0"", ""SECURITY_CLASSIFICATION"": ""PUB"", ""TYPE_OF_TRANSFORMATION"": ""IX""}}"
CHL,cpi_index_all_items_quarterly_imf,2023-Q3,quarterly,99.87952666666666,\N,derived,IMF_CPI,IMF|ACCESS_SHARING_LEVEL=PUBLIC_OPEN|COICOP_1999=_T|COMMON_REFERENCE_PERIOD=2023A|FREQUENCY=M|IFS_FLAG=true|INDEX_TYPE=CPI|OVERLAP=OL|SCALE=0|SECURITY_CLASSIFICATION=PUB|TYPE_OF_TRANSFORMATION=IX|aggregation=quarterly_mean,\N,"{""aggregation_method"": ""quarterly_mean"", ""source_derivation_types"": [""O"", ""O"", ""O""], ""source_months"": [""2023-M07"", ""2023-M08"", ""2023-M09""], ""source_observation_count"": 3, ""source_series_dimensions"": {""ACCESS_SHARING_LEVEL"": ""PUBLIC_OPEN"", ""COICOP_1999"": ""_T"", ""COMMON_REFERENCE_PERIOD"": ""2023A"", ""COUNTRY"": ""CHL"", ""FREQUENCY"": ""M"", ""IFS_FLAG"": ""true"", ""INDEX_TYPE"": ""CPI"", ""OVERLAP"": ""OL"", ""SCALE"": ""0"", ""SECURITY_CLASSIFICATION"": ""PUB"", ""TYPE_OF_TRANSFORMATION"": ""IX""}}"
CHL,cpi_index_all_items_quarterly_imf,2023-Q4,quarterly,101.12240000000001,\N,derived,IMF_CPI,IMF|ACCESS_SHARING_LEVEL=PUBLIC_OPEN|COICOP_1999=_T|COMMON_REFERENCE_PERIOD=2023A|FREQUENCY=M|IFS_FLAG=true|INDEX_TYPE=CPI|OVERLAP=OL|SCALE=0|SECURITY_CLASSIFICATION=PUB|TYPE_OF_TRANSFORMATION=IX|aggregation=quarterly_mean,\N,"{""aggregation_method"": ""quarterly_mean"", ""source_derivation_types"": [""O"", ""O"", ""O""], ""source_months"": [""2023-M10"", ""2023-M11"", ""2023-M12""], ""source_observation_count"": 3, ""source_series_dimensions"": {""ACCESS_SHARING_LEVEL"": ""PUBLIC_OPEN"", ""COICOP_1999"": ""_T"", ""COMMON_REFERENCE_PERIOD"": ""2023A"", ""COUNTRY"": ""CHL"", ""FREQUENCY"": ""M"", ""IFS_FLAG"": ""true"", ""INDEX_TYPE"": ""CPI"", ""OVERLAP"": ""OL"", ""SCALE"": ""0"", ""SECURITY_CLASSIFICATION"": ""PUB"", ""TYPE_OF_TRANSFORMATION"": ""IX""}}"
CHN,cpi_index_all_items_quarterly_imf,2023-Q1,quarterly,103.56666666666666,\N,derived,IMF_CPI,IMF|ACCESS_SHARING_LEVEL=PUBLIC_OPEN|COICOP_1999=_T|COMMON_REFERENCE_PERIOD=2020A|FREQUENCY=M|IFS_FLAG=true|INDEX_TYPE=CPI|OVERLAP=OL|SCALE=0|SECURITY_CLASSIFICATION=PUB|TYPE_OF_TRANSFORMATION=IX|aggregation=quarterly_mean,\N,"{""aggregation_method"": ""quarterly_mean"", ""source_derivation_types"": [""O"", ""O"", ""O""], ""source_months"": [""2023-M01"", ""2023-M02"", ""2023-M03""], ""source_observation_count"": 3, ""source_series_dimensions"": {""ACCESS_SHARING_LEVEL"": ""PUBLIC_OPEN"", ""COICOP_1999"": ""_T"", ""COMMON_REFERENCE_PERIOD"": ""2020A"", ""COUNTRY"": ""CHN"", ""FREQUENCY"": ""M"", ""IFS_FLAG"": ""true"", ""INDEX_TYPE"": ""CPI"", ""OVERLAP"": ""OL"", ""SCALE"": ""0"", ""SECURITY_CLASSIFICATION"": ""PUB"", ""TYPE_OF_TRANSFORMATION"": ""IX""}}"
CHN,cpi_index_all_items_quarterly_imf,2023-Q2,quarterly,102.86666666666667,\N,derived,IMF_CPI,IMF|ACCESS_SHARING_LEVEL=PUBLIC_OPEN|COICOP_1999=_T|COMMON_REFERENCE_PERIOD=2020A|FREQUENCY=M|IFS_FLAG=true|INDEX_TYPE=CPI|OVERLAP=OL|SCALE=0|SECURITY_CLASSIFICATION=PUB|TYPE_OF_TRANSFORMATION=IX|aggregation=quarterly_mean,\N,"{""aggregation_method"": ""quarterly_mean"", ""source_derivation_types"": [""O"", ""O"", ""O""], ""source_months"": [""2023-M04"", ""2023-M05"", ""2023-M06""], ""source_observation_count"": 3, ""source_series_dimensions"": {""ACCESS_SHARING_LEVEL"": ""PUBLIC_OPEN"", ""COICOP_1999"": ""_T"", ""COMMON_REFERENCE_PERIOD"": ""2020A"", ""COUNTRY"": ""CHN"", ""FREQUENCY"": ""M"", ""IFS_FLAG"": ""true"", ""INDEX_TYPE"": ""CPI"", ""OVERLAP"": ""OL"", ""SCALE"": ""0"", ""SECURITY_CLASSIFICATION"": ""PUB"", ""TYPE_OF_TRANSFORMATION"": ""IX""}}"
CHN,cpi_index_all_items_quarterly_imf,2023-Q3,quarterly,103.16666666666667,\N,derived,IMF_CPI,IMF|ACCESS_SHARING_LEVEL=PUBLIC_OPEN|COICOP_1999=_T|COMMON_REFERENCE_PERIOD=2020A|FREQUENCY=M|IFS_FLAG=true|INDEX_TYPE=CPI|OVERLAP=OL|SCALE=0|SECURITY_CLASSIFICATION=PUB|TYPE_OF_TRANSFORMATION=IX|aggregation=quarterly_mean,\N,"{""aggregation_method"": ""quarterly_mean"", ""source_derivation_types"": [""O"", ""O"", ""O""], ""source_months"": [""2023-M07"", ""2023-M08"", ""2023-M09""], ""source_observation_count"": 3, ""source_series_dimensions"": {""ACCESS_SHARING_LEVEL"": ""PUBLIC_OPEN"", ""COICOP_1999"": ""_T"", ""COMMON_REFERENCE_PERIOD"": ""2020A"", ""COUNTRY"": ""CHN"", ""FREQUENCY"": ""M"", ""IFS_FLAG"": ""true"", ""INDEX_TYPE"": ""CPI"", ""OVERLAP"": ""OL"", ""SCALE"": ""0"", ""SECURITY_CLASSIFICATION"": ""PUB"", ""TYPE_OF_TRANSFORMATION"": ""IX""}}"
CHN,cpi_index_all_items_quarterly_imf,2023-Q4,quarterly,103.0,\N,derived,IMF_CPI,IMF|ACCESS_SHARING_LEVEL=PUBLIC_OPEN|COICOP_1999=_T|COMMON_REFERENCE_PERIOD=2020A|FREQUENCY=M|IFS_FLAG=true|INDEX_TYPE=CPI|OVERLAP=OL|SCALE=0|SECURITY_CLASSIFICATION=PUB|TYPE_OF_TRANSFORMATION=IX|aggregation=quarterly_mean,\N,"{""aggregation_method"": ""quarterly_mean"", ""source_derivation_types"": [""O"", ""O"", ""O""], ""source_months"": [""2023-M10"", ""2023-M11"", ""2023-M12""], ""source_observation_count"": 3, ""source_series_dimensions"": {""ACCESS_SHARING_LEVEL"": ""PUBLIC_OPEN"", ""COICOP_1999"": ""_T"", ""COMMON_REFERENCE_PERIOD"": ""2020A"", ""COUNTRY"": ""CHN"", ""FREQUENCY"": ""M"", ""IFS_FLAG"": ""true"", ""INDEX_TYPE"": ""CPI"", ""OVERLAP"": ""OL"", ""SCALE"": ""0"", ""SECURITY_CLASSIFICATION"": ""PUB"", ""TYPE_OF_TRANSFORMATION"": ""IX""}}"
CIV,cpi_index_all_items_quarterly_imf,2023-Q1,quarterly,98.34719517699624,\N,derived,IMF_CPI,IMF|ACCESS_SHARING_LEVEL=PUBLIC_OPEN|COICOP_1999=_T|COMMON_REFERENCE_PERIOD=2023A|FREQUENCY=M|IFS_FLAG=true|INDEX_TYPE=CPI|OVERLAP=OL|SCALE=0|SECURITY_CLASSIFICATION=PUB|TYPE_OF_TRANSFORMATION=IX|aggregation=quarterly_mean,\N,"{""aggregation_method"": ""quarterly_mean"", ""source_derivation_types"": [""O"", ""O"", ""O""], ""source_months"": [""2023-M01"", ""2023-M02"", ""2023-M03""], ""source_observation_count"": 3, ""source_series_dimensions"": {""ACCESS_SHARING_LEVEL"": ""PUBLIC_OPEN"", ""COICOP_1999"": ""_T"", ""COMMON_REFERENCE_PERIOD"": ""2023A"", ""COUNTRY"": ""CIV"", ""FREQUENCY"": ""M"", ""IFS_FLAG"": ""true"", ""INDEX_TYPE"": ""CPI"", ""OVERLAP"": ""OL"", ""SCALE"": ""0"", ""SECURITY_CLASSIFICATION"": ""PUB"", ""TYPE_OF_TRANSFORMATION"": ""IX""}}"
CIV,cpi_index_all_items_quarterly_imf,2023-Q2,quarterly,99.56143925731665,\N,derived,IMF_CPI,IMF|ACCESS_SHARING_LEVEL=PUBLIC_OPEN|COICOP_1999=_T|COMMON_REFERENCE_PERIOD=2023A|FREQUENCY=M|IFS_FLAG=true|INDEX_TYPE=CPI|OVERLAP=OL|SCALE=0|SECURITY_CLASSIFICATION=PUB|TYPE_OF_TRANSFORMATION=IX|aggregation=quarterly_mean,\N,"{""aggregation_method"": ""quarterly_mean"", ""source_derivation_types"": [""O"", ""O"", ""O""], ""source_months"": [""2023-M04"", ""2023-M05"", ""2023-M06""], ""source_observation_count"": 3, ""source_series_dimensions"": {""ACCESS_SHARING_LEVEL"": ""PUBLIC_OPEN"", ""COICOP_1999"": ""_T"", ""COMMON_REFERENCE_PERIOD"": ""2023A"", ""COUNTRY"": ""CIV"", ""FREQUENCY"": ""M"", ""IFS_FLAG"": ""true"", ""INDEX_TYPE"": ""CPI"", ""OVERLAP"": ""OL"", ""SCALE"": ""0"", ""SECURITY_CLASSIFICATION"": ""PUB"", ""TYPE_OF_TRANSFORMATION"": ""IX""}}"
CIV,cpi_index_all_items_quarterly_imf,2023-Q3,quarterly,100.83212157783232,\N,derived,IMF_CPI,IMF|ACCESS_SHARING_LEVEL=PUBLIC_OPEN|COICOP_1999=_T|COMMON_REFERENCE_PERIOD=2023A|FREQUENCY=M|IFS_FLAG=true|INDEX_TYPE=CPI|OVERLAP=OL|SCALE=0|SECURITY_CLASSIFICATION=PUB|TYPE_OF_TRANSFORMATION=IX|aggregation=quarterly_mean,\N,"{""aggregation_method"": ""quarterly_mean"", ""source_derivation_types"": [""O"", ""O"", ""O""], ""source_months"": [""2023-M07"", ""2023-M08"", ""2023-M09""], ""source_observation_count"": 3, ""source_series_dimensions"": {""ACCESS_SHARING_LEVEL"": ""PUBLIC_OPEN"", ""COICOP_1999"": ""_T"", ""COMMON_REFERENCE_PERIOD"": ""2023A"", ""COUNTRY"": ""CIV"", ""FREQUENCY"": ""M"", ""IFS_FLAG"": ""true"", ""INDEX_TYPE"": ""CPI"", ""OVERLAP"": ""OL"", ""SCALE"": ""0"", ""SECURITY_CLASSIFICATION"": ""PUB"", ""TYPE_OF_TRANSFORMATION"": ""IX""}}"
CIV,cpi_index_all_items_quarterly_imf,2023-Q4,quarterly,101.25924398785467,\N,derived,IMF_CPI,IMF|ACCESS_SHARING_LEVEL=PUBLIC_OPEN|COICOP_1999=_T|COMMON_REFERENCE_PERIOD=2023A|FREQUENCY=M|IFS_FLAG=true|INDEX_TYPE=CPI|OVERLAP=OL|SCALE=0|SECURITY_CLASSIFICATION=PUB|TYPE_OF_TRANSFORMATION=IX|aggregation=quarterly_mean,\N,"{""aggregation_method"": ""quarterly_mean"", ""source_derivation_types"": [""O"", ""O"", ""O""], ""source_months"": [""2023-M10"", ""2023-M11"", ""2023-M12""], ""source_observation_count"": 3, ""source_series_dimensions"": {""ACCESS_SHARING_LEVEL"": ""PUBLIC_OPEN"", ""COICOP_1999"": ""_T"", ""COMMON_REFERENCE_PERIOD"": ""2023A"", ""COUNTRY"": ""CIV"", ""FREQUENCY"": ""M"", ""IFS_FLAG"": ""true"", ""INDEX_TYPE"": ""CPI"", ""OVERLAP"": ""OL"", ""SCALE"": ""0"", ""SECURITY_CLASSIFICATION"": ""PUB"", ""TYPE_OF_TRANSFORMATION"": ""IX""}}"
CMR,cpi_index_all_items_quarterly_imf,2023-Q1,quarterly,104.75126578053533,\N,derived,IMF_CPI,IMF|ACCESS_SHARING_LEVEL=PUBLIC_OPEN|COICOP_1999=_T|COMMON_REFERENCE_PERIOD=2022A|FREQUENCY=M|IFS_FLAG=true|INDEX_TYPE=CPI|OVERLAP=OL|SCALE=0|SECURITY_CLASSIFICATION=PUB|TYPE_OF_TRANSFORMATION=IX|aggregation=quarterly_mean,\N,"{""aggregation_method"": ""quarterly_mean"", ""source_derivation_types"": [""O"", ""O"", ""O""], ""source_months"": [""2023-M01"", ""2023-M02"", ""2023-M03""], ""source_observation_count"": 3, ""source_series_dimensions"": {""ACCESS_SHARING_LEVEL"": ""PUBLIC_OPEN"", ""COICOP_1999"": ""_T"", ""COMMON_REFERENCE_PERIOD"": ""2022A"", ""COUNTRY"": ""CMR"", ""FREQUENCY"": ""M"", ""IFS_FLAG"": ""true"", ""INDEX_TYPE"": ""CPI"", ""OVERLAP"": ""OL"", ""SCALE"": ""0"", ""SECURITY_CLASSIFICATION"": ""PUB"", ""TYPE_OF_TRANSFORMATION"": ""IX""}}"
CMR,cpi_index_all_items_quarterly_imf,2023-Q2,quarterly,107.07350892291667,\N,derived,IMF_CPI,IMF|ACCESS_SHARING_LEVEL=PUBLIC_OPEN|COICOP_1999=_T|COMMON_REFERENCE_PERIOD=2022A|FREQUENCY=M|IFS_FLAG=true|INDEX_TYPE=CPI|OVERLAP=OL|SCALE=0|SECURITY_CLASSIFICATION=PUB|TYPE_OF_TRANSFORMATION=IX|aggregation=quarterly_mean,\N,"{""aggregation_method"": ""quarterly_mean"", ""source_derivation_types"": [""O"", ""O"", ""O""], ""source_months"": [""2023-M04"", ""2023-M05"", ""2023-M06""], ""source_observation_count"": 3, ""source_series_dimensions"": {""ACCESS_SHARING_LEVEL"": ""PUBLIC_OPEN"", ""COICOP_1999"": ""_T"", ""COMMON_REFERENCE_PERIOD"": ""2022A"", ""COUNTRY"": ""CMR"", ""FREQUENCY"": ""M"", ""IFS_FLAG"": ""true"", ""INDEX_TYPE"": ""CPI"", ""OVERLAP"": ""OL"", ""SCALE"": ""0"", ""SECURITY_CLASSIFICATION"": ""PUB"", ""TYPE_OF_TRANSFORMATION"": ""IX""}}"
CMR,cpi_index_all_items_quarterly_imf,2023-Q3,quarterly,108.54488220684034,\N,derived,IMF_CPI,IMF|ACCESS_SHARING_LEVEL=PUBLIC_OPEN|COICOP_1999=_T|COMMON_REFERENCE_PERIOD=2022A|FREQUENCY=M|IFS_FLAG=true|INDEX_TYPE=CPI|OVERLAP=OL|SCALE=0|SECURITY_CLASSIFICATION=PUB|TYPE_OF_TRANSFORMATION=IX|aggregation=quarterly_mean,\N,"{""aggregation_method"": ""quarterly_mean"", ""source_derivation_types"": [""O"", ""O"", ""O""], ""source_months"": [""2023-M07"", ""2023-M08"", ""2023-M09""], ""source_observation_count"": 3, ""source_series_dimensions"": {""ACCESS_SHARING_LEVEL"": ""PUBLIC_OPEN"", ""COICOP_1999"": ""_T"", ""COMMON_REFERENCE_PERIOD"": ""2022A"", ""COUNTRY"": ""CMR"", ""FREQUENCY"": ""M"", ""IFS_FLAG"": ""true"", ""INDEX_TYPE"": ""CPI"", ""OVERLAP"": ""OL"", ""SCALE"": ""0"", ""SECURITY_CLASSIFICATION"": ""PUB"", ""TYPE_OF_TRANSFORMATION"": ""IX""}}"
CMR,cpi_index_all_items_quarterly_imf,2023-Q4,quarterly,109.10747276357934,\N,derived,IMF_CPI,IMF|ACCESS_SHARING_LEVEL=PUBLIC_OPEN|COICOP_1999=_T|COMMON_REFERENCE_PERIOD=2022A|FREQUENCY=M|IFS_FLAG=true|INDEX_TYPE=CPI|OVERLAP=OL|SCALE=0|SECURITY_CLASSIFICATION=PUB|TYPE_OF_TRANSFORMATION=IX|aggregation=quarterly_mean,\N,"{""aggregation_method"": ""quarterly_mean"", ""source_derivation_types"": [""O"", ""O"", ""O""], ""source_months"": [""2023-M10"", ""2023-M11"", ""2023-M12""], ""source_observation_count"": 3, ""source_series_dimensions"": {""ACCESS_SHARING_LEVEL"": ""PUBLIC_OPEN"", ""COICOP_1999"": ""_T"", ""COMMON_REFERENCE_PERIOD"": ""2022A"", ""COUNTRY"": ""CMR"", ""FREQUENCY"": ""M"", ""IFS_FLAG"": ""true"", ""INDEX_TYPE"": ""CPI"", ""OVERLAP"": ""OL"", ""SCALE"": ""0"", ""SECURITY_CLASSIFICATION"": ""PUB"", ""TYPE_OF_TRANSFORMATION"": ""IX""}}"
COG,cpi_index_all_items_quarterly_imf,2023-Q1,quarterly,109.46666666666665,\N,derived,IMF_CPI,IMF|ACCESS_SHARING_LEVEL=PUBLIC_OPEN|COICOP_1999=_T|COMMON_REFERENCE_PERIOD=2018A|FREQUENCY=M|IFS_FLAG=true|INDEX_TYPE=CPI|OVERLAP=OL|SCALE=0|SECURITY_CLASSIFICATION=PUB|TYPE_OF_TRANSFORMATION=IX|aggregation=quarterly_mean,\N,"{""aggregation_method"": ""quarterly_mean"", ""source_derivation_types"": [""O"", ""O"", ""O""], ""source_months"": [""2023-M01"", ""2023-M02"", ""2023-M03""], ""source_observation_count"": 3, ""source_series_dimensions"": {""ACCESS_SHARING_LEVEL"": ""PUBLIC_OPEN"", ""COICOP_1999"": ""_T"", ""COMMON_REFERENCE_PERIOD"": ""2018A"", ""COUNTRY"": ""COG"", ""FREQUENCY"": ""M"", ""IFS_FLAG"": ""true"", ""INDEX_TYPE"": ""CPI"", ""OVERLAP"": ""OL"", ""SCALE"": ""0"", ""SECURITY_CLASSIFICATION"": ""PUB"", ""TYPE_OF_TRANSFORMATION"": ""IX""}}"
COG,cpi_index_all_items_quarterly_imf,2023-Q2,quarterly,111.36666666666666,\N,derived,IMF_CPI,IMF|ACCESS_SHARING_LEVEL=PUBLIC_OPEN|COICOP_1999=_T|COMMON_REFERENCE_PERIOD=2018A|FREQUENCY=M|IFS_FLAG=true|INDEX_TYPE=CPI|OVERLAP=OL|SCALE=0|SECURITY_CLASSIFICATION=PUB|TYPE_OF_TRANSFORMATION=IX|aggregation=quarterly_mean,\N,"{""aggregation_method"": ""quarterly_mean"", ""source_derivation_types"": [""O"", ""O"", ""O""], ""source_months"": [""2023-M04"", ""2023-M05"", ""2023-M06""], ""source_observation_count"": 3, ""source_series_dimensions"": {""ACCESS_SHARING_LEVEL"": ""PUBLIC_OPEN"", ""COICOP_1999"": ""_T"", ""COMMON_REFERENCE_PERIOD"": ""2018A"", ""COUNTRY"": ""COG"", ""FREQUENCY"": ""M"", ""IFS_FLAG"": ""true"", ""INDEX_TYPE"": ""CPI"", ""OVERLAP"": ""OL"", ""SCALE"": ""0"", ""SECURITY_CLASSIFICATION"": ""PUB"", ""TYPE_OF_TRANSFORMATION"": ""IX""}}"
COG,cpi_index_all_items_quarterly_imf,2023-Q3,quarterly,112.53333333333335,\N,derived,IMF_CPI,IMF|ACCESS_SHARING_LEVEL=PUBLIC_OPEN|COICOP_1999=_T|COMMON_REFERENCE_PERIOD=2018A|FREQUENCY=M|IFS_FLAG=true|INDEX_TYPE=CPI|OVERLAP=OL|SCALE=0|SECURITY_CLASSIFICATION=PUB|TYPE_OF_TRANSFORMATION=IX|aggregation=quarterly_mean,\N,"{""aggregation_method"": ""quarterly_mean"", ""source_derivation_types"": [""O"", ""O"", ""O""], ""source_months"": [""2023-M07"", ""2023-M08"", ""2023-M09""], ""source_observation_count"": 3, ""source_series_dimensions"": {""ACCESS_SHARING_LEVEL"": ""PUBLIC_OPEN"", ""COICOP_1999"": ""_T"", ""COMMON_REFERENCE_PERIOD"": ""2018A"", ""COUNTRY"": ""COG"", ""FREQUENCY"": ""M"", ""IFS_FLAG"": ""true"", ""INDEX_TYPE"": ""CPI"", ""OVERLAP"": ""OL"", ""SCALE"": ""0"", ""SECURITY_CLASSIFICATION"": ""PUB"", ""TYPE_OF_TRANSFORMATION"": ""IX""}}"
COG,cpi_index_all_items_quarterly_imf,2023-Q4,quarterly,112.76666666666665,\N,derived,IMF_CPI,IMF|ACCESS_SHARING_LEVEL=PUBLIC_OPEN|COICOP_1999=_T|COMMON_REFERENCE_PERIOD=2018A|FREQUENCY=M|IFS_FLAG=true|INDEX_TYPE=CPI|OVERLAP=OL|SCALE=0|SECURITY_CLASSIFICATION=PUB|TYPE_OF_TRANSFORMATION=IX|aggregation=quarterly_mean,\N,"{""aggregation_method"": ""quarterly_mean"", ""source_derivation_types"": [""O"", ""O"", ""O""], ""source_months"": [""2023-M10"", ""2023-M11"", ""2023-M12""], ""source_observation_count"": 3, ""source_series_dimensions"": {""ACCESS_SHARING_LEVEL"": ""PUBLIC_OPEN"", ""COICOP_1999"": ""_T"", ""COMMON_REFERENCE_PERIOD"": ""2018A"", ""COUNTRY"": ""COG"", ""FREQUENCY"": ""M"", ""IFS_FLAG"": ""true"", ""INDEX_TYPE"": ""CPI"", ""OVERLAP"": ""OL"", ""SCALE"": ""0"", ""SECURITY_CLASSIFICATION"": ""PUB"", ""TYPE_OF_TRANSFORMATION"": ""IX""}}"
COL,cpi_index_all_items_quarterly_imf,2023-Q1,quarterly,130.1479666666667,\N,derived,IMF_CPI,IMF|ACCESS_SHARING_LEVEL=PUBLIC_OPEN|COICOP_1999=_T|COMMON_REFERENCE_PERIOD=2018M12|FREQUENCY=M|IFS_FLAG=true|INDEX_TYPE=CPI|OVERLAP=OL|SCALE=0|SECURITY_CLASSIFICATION=PUB|TYPE_OF_TRANSFORMATION=IX|aggregation=quarterly_mean,\N,"{""aggregation_method"": ""quarterly_mean"", ""source_derivation_types"": [""O"", ""O"", ""O""], ""source_months"": [""2023-M01"", ""2023-M02"", ""2023-M03""], ""source_observation_count"": 3, ""source_series_dimensions"": {""ACCESS_SHARING_LEVEL"": ""PUBLIC_OPEN"", ""COICOP_1999"": ""_T"", ""COMMON_REFERENCE_PERIOD"": ""2018M12"", ""COUNTRY"": ""COL"", ""FREQUENCY"": ""M"", ""IFS_FLAG"": ""true"", ""INDEX_TYPE"": ""CPI"", ""OVERLAP"": ""OL"", ""SCALE"": ""0"", ""SECURITY_CLASSIFICATION"": ""PUB"", ""TYPE_OF_TRANSFORMATION"": ""IX""}}"
COL,cpi_index_all_items_quarterly_imf,2023-Q2,quarterly,133.31813333333335,\N,derived,IMF_CPI,IMF|ACCESS_SHARING_LEVEL=PUBLIC_OPEN|COICOP_1999=_T|COMMON_REFERENCE_PERIOD=2018M12|FREQUENCY=M|IFS_FLAG=true|INDEX_TYPE=CPI|OVERLAP=OL|SCALE=0|SECURITY_CLASSIFICATION=PUB|TYPE_OF_TRANSFORMATION=IX|aggregation=quarterly_mean,\N,"{""aggregation_method"": ""quarterly_mean"", ""source_derivation_types"": [""O"", ""O"", ""O""], ""source_months"": [""2023-M04"", ""2023-M05"", ""2023-M06""], ""source_observation_count"": 3, ""source_series_dimensions"": {""ACCESS_SHARING_LEVEL"": ""PUBLIC_OPEN"", ""COICOP_1999"": ""_T"", ""COMMON_REFERENCE_PERIOD"": ""2018M12"", ""COUNTRY"": ""COL"", ""FREQUENCY"": ""M"", ""IFS_FLAG"": ""true"", ""INDEX_TYPE"": ""CPI"", ""OVERLAP"": ""OL"", ""SCALE"": ""0"", ""SECURITY_CLASSIFICATION"": ""PUB"", ""TYPE_OF_TRANSFORMATION"": ""IX""}}"
COL,cpi_index_all_items_quarterly_imf,2023-Q3,quarterly,135.31646666666666,\N,derived,IMF_CPI,IMF|ACCESS_SHARING_LEVEL=PUBLIC_OPEN|COICOP_1999=_T|COMMON_REFERENCE_PERIOD=2018M12|FREQUENCY=M|IFS_FLAG=true|INDEX_TYPE=CPI|OVERLAP=OL|SCALE=0|SECURITY_CLASSIFICATION=PUB|TYPE_OF_TRANSFORMATION=IX|aggregation=quarterly_mean,\N,"{""aggregation_method"": ""quarterly_mean"", ""source_derivation_types"": [""O"", ""O"", ""O""], ""source_months"": [""2023-M07"", ""2023-M08"", ""2023-M09""], ""source_observation_count"": 3, ""source_series_dimensions"": {""ACCESS_SHARING_LEVEL"": ""PUBLIC_OPEN"", ""COICOP_1999"": ""_T"", ""COMMON_REFERENCE_PERIOD"": ""2018M12"", ""COUNTRY"": ""COL"", ""FREQUENCY"": ""M"", ""IFS_FLAG"": ""true"", ""INDEX_TYPE"": ""CPI"", ""OVERLAP"": ""OL"", ""SCALE"": ""0"", ""SECURITY_CLASSIFICATION"": ""PUB"", ""TYPE_OF_TRANSFORMATION"": ""IX""}}"
COL,cpi_index_all_items_quarterly_imf,2023-Q4,quarterly,137.0873,\N,derived,IMF_CPI,IMF|ACCESS_SHARING_LEVEL=PUBLIC_OPEN|COICOP_1999=_T|COMMON_REFERENCE_PERIOD=2018M12|FREQUENCY=M|IFS_FLAG=true|INDEX_TYPE=CPI|OVERLAP=OL|SCALE=0|SECURITY_CLASSIFICATION=PUB|TYPE_OF_TRANSFORMATION=IX|aggregation=quarterly_mean,\N,"{""aggregation_method"": ""quarterly_mean"", ""source_derivation_types"": [""O"", ""O"", ""O""], ""source_months"": [""2023-M10"", ""2023-M11"", ""2023-M12""], ""source_observation_count"": 3, ""source_series_dimensions"": {""ACCESS_SHARING_LEVEL"": ""PUBLIC_OPEN"", ""COICOP_1999"": ""_T"", ""COMMON_REFERENCE_PERIOD"": ""2018M12"", ""COUNTRY"": ""COL"", ""FREQUENCY"": ""M"", ""IFS_FLAG"": ""true"", ""INDEX_TYPE"": ""CPI"", ""OVERLAP"": ""OL"", ""SCALE"": ""0"", ""SECURITY_CLASSIFICATION"": ""PUB"", ""TYPE_OF_TRANSFORMATION"": ""IX""}}"
COM,cpi_index_all_items_quarterly_imf,2023-Q1,quarterly,140.43333333333334,\N,derived,IMF_CPI,IMF|ACCESS_SHARING_LEVEL=PUBLIC_OPEN|COICOP_1999=_T|COMMON_REFERENCE_PERIOD=2011A|FREQUENCY=M|IFS_FLAG=true|INDEX_TYPE=CPI|OVERLAP=OL|SCALE=0|SECURITY_CLASSIFICATION=PUB|TYPE_OF_TRANSFORMATION=IX|aggregation=quarterly_mean,\N,"{""aggregation_method"": ""quarterly_mean"", ""source_derivation_types"": [""O"", ""O"", ""O""], ""source_months"": [""2023-M01"", ""2023-M02"", ""2023-M03""], ""source_observation_count"": 3, ""source_series_dimensions"": {""ACCESS_SHARING_LEVEL"": ""PUBLIC_OPEN"", ""COICOP_1999"": ""_T"", ""COMMON_REFERENCE_PERIOD"": ""2011A"", ""COUNTRY"": ""COM"", ""FREQUENCY"": ""M"", ""IFS_FLAG"": ""true"", ""INDEX_TYPE"": ""CPI"", ""OVERLAP"": ""OL"", ""SCALE"": ""0"", ""SECURITY_CLASSIFICATION"": ""PUB"", ""TYPE_OF_TRANSFORMATION"": ""IX""}}"
COM,cpi_index_all_items_quarterly_imf,2023-Q2,quarterly,138.36666666666667,\N,derived,IMF_CPI,IMF|ACCESS_SHARING_LEVEL=PUBLIC_OPEN|COICOP_1999=_T|COMMON_REFERENCE_PERIOD=2011A|FREQUENCY=M|IFS_FLAG=true|INDEX_TYPE=CPI|OVERLAP=OL|SCALE=0|SECURITY_CLASSIFICATION=PUB|TYPE_OF_TRANSFORMATION=IX|aggregation=quarterly_mean,\N,"{""aggregation_method"": ""quarterly_mean"", ""source_derivation_types"": [""O"", ""O"", ""O""], ""source_months"": [""2023-M04"", ""2023-M05"", ""2023-M06""], ""source_observation_count"": 3, ""source_series_dimensions"": {""ACCESS_SHARING_LEVEL"": ""PUBLIC_OPEN"", ""COICOP_1999"": ""_T"", ""COMMON_REFERENCE_PERIOD"": ""2011A"", ""COUNTRY"": ""COM"", ""FREQUENCY"": ""M"", ""IFS_FLAG"": ""true"", ""INDEX_TYPE"": ""CPI"", ""OVERLAP"": ""OL"", ""SCALE"": ""0"", ""SECURITY_CLASSIFICATION"": ""PUB"", ""TYPE_OF_TRANSFORMATION"": ""IX""}}"
COM,cpi_index_all_items_quarterly_imf,2023-Q3,quarterly,137.16666666666666,\N,derived,IMF_CPI,IMF|ACCESS_SHARING_LEVEL=PUBLIC_OPEN|COICOP_1999=_T|COMMON_REFERENCE_PERIOD=2011A|FREQUENCY=M|IFS_FLAG=true|INDEX_TYPE=CPI|OVERLAP=OL|SCALE=0|SECURITY_CLASSIFICATION=PUB|TYPE_OF_TRANSFORMATION=IX|aggregation=quarterly_mean,\N,"{""aggregation_method"": ""quarterly_mean"", ""source_derivation_types"": [""O"", ""O"", ""O""], ""source_months"": [""2023-M07"", ""2023-M08"", ""2023-M09""], ""source_observation_count"": 3, ""source_series_dimensions"": {""ACCESS_SHARING_LEVEL"": ""PUBLIC_OPEN"", ""COICOP_1999"": ""_T"", ""COMMON_REFERENCE_PERIOD"": ""2011A"", ""COUNTRY"": ""COM"", ""FREQUENCY"": ""M"", ""IFS_FLAG"": ""true"", ""INDEX_TYPE"": ""CPI"", ""OVERLAP"": ""OL"", ""SCALE"": ""0"", ""SECURITY_CLASSIFICATION"": ""PUB"", ""TYPE_OF_TRANSFORMATION"": ""IX""}}"
COM,cpi_index_all_items_quarterly_imf,2023-Q4,quarterly,136.1,\N,derived,IMF_CPI,IMF|ACCESS_SHARING_LEVEL=PUBLIC_OPEN|COICOP_1999=_T|COMMON_REFERENCE_PERIOD=2011A|FREQUENCY=M|IFS_FLAG=true|INDEX_TYPE=CPI|OVERLAP=OL|SCALE=0|SECURITY_CLASSIFICATION=PUB|TYPE_OF_TRANSFORMATION=IX|aggregation=quarterly_mean,\N,"{""aggregation_method"": ""quarterly_mean"", ""source_derivation_types"": [""O"", ""O"", ""O""], ""source_months"": [""2023-M10"", ""2023-M11"", ""2023-M12""], ""source_observation_count"": 3, ""source_series_dimensions"": {""ACCESS_SHARING_LEVEL"": ""PUBLIC_OPEN"", ""COICOP_1999"": ""_T"", ""COMMON_REFERENCE_PERIOD"": ""2011A"", ""COUNTRY"": ""COM"", ""FREQUENCY"": ""M"", ""IFS_FLAG"": ""true"", ""INDEX_TYPE"": ""CPI"", ""OVERLAP"": ""OL"", ""SCALE"": ""0"", ""SECURITY_CLASSIFICATION"": ""PUB"", ""TYPE_OF_TRANSFORMATION"": ""IX""}}"
CPV,cpi_index_all_items_quarterly_imf,2023-Q1,quarterly,116.08666666666666,\N,derived,IMF_CPI,IMF|ACCESS_SHARING_LEVEL=PUBLIC_OPEN|COICOP_1999=_T|COMMON_REFERENCE_PERIOD=2018A|FREQUENCY=M|IFS_FLAG=true|INDEX_TYPE=CPI|OVERLAP=OL|SCALE=0|SECURITY_CLASSIFICATION=PUB|TYPE_OF_TRANSFORMATION=IX|aggregation=quarterly_mean,\N,"{""aggregation_method"": ""quarterly_mean"", ""source_derivation_types"": [""O"", ""O"", ""O""], ""source_months"": [""2023-M01"", ""2023-M02"", ""2023-M03""], ""source_observation_count"": 3, ""source_series_dimensions"": {""ACCESS_SHARING_LEVEL"": ""PUBLIC_OPEN"", ""COICOP_1999"": ""_T"", ""COMMON_REFERENCE_PERIOD"": ""2018A"", ""COUNTRY"": ""CPV"", ""FREQUENCY"": ""M"", ""IFS_FLAG"": ""true"", ""INDEX_TYPE"": ""CPI"", ""OVERLAP"": ""OL"", ""SCALE"": ""0"", ""SECURITY_CLASSIFICATION"": ""PUB"", ""TYPE_OF_TRANSFORMATION"": ""IX""}}"
CPV,cpi_index_all_items_quarterly_imf,2023-Q2,quarterly,115.17666666666668,\N,derived,IMF_CPI,IMF|ACCESS_SHARING_LEVEL=PUBLIC_OPEN|COICOP_1999=_T|COMMON_REFERENCE_PERIOD=2018A|FREQUENCY=M|IFS_FLAG=true|INDEX_TYPE=CPI|OVERLAP=OL|SCALE=0|SECURITY_CLASSIFICATION=PUB|TYPE_OF_TRANSFORMATION=IX|aggregation=quarterly_mean,\N,"{""aggregation_method"": ""quarterly_mean"", ""source_derivation_types"": [""O"", ""O"", ""O""], ""source_months"": [""2023-M04"", ""2023-M05"", ""2023-M06""], ""source_observation_count"": 3, ""source_series_dimensions"": {""ACCESS_SHARING_LEVEL"": ""PUBLIC_OPEN"", ""COICOP_1999"": ""_T"", ""COMMON_REFERENCE_PERIOD"": ""2018A"", ""COUNTRY"": ""CPV"", ""FREQUENCY"": ""M"", ""IFS_FLAG"": ""true"", ""INDEX_TYPE"": ""CPI"", ""OVERLAP"": ""OL"", ""SCALE"": ""0"", ""SECURITY_CLASSIFICATION"": ""PUB"", ""TYPE_OF_TRANSFORMATION"": ""IX""}}"
CPV,cpi_index_all_items_quarterly_imf,2023-Q3,quarterly,116.279999186198,\N,derived,IMF_CPI,IMF|ACCESS_SHARING_LEVEL=PUBLIC_OPEN|COICOP_1999=_T|COMMON_REFERENCE_PERIOD=2018A|FREQUENCY=M|IFS_FLAG=true|INDEX_TYPE=CPI|OVERLAP=OL|SCALE=0|SECURITY_CLASSIFICATION=PUB|TYPE_OF_TRANSFORMATION=IX|aggregation=quarterly_mean,\N,"{""aggregation_method"": ""quarterly_mean"", ""source_derivation_types"": [""O"", ""O"", ""O""], ""source_months"": [""2023-M07"", ""2023-M08"", ""2023-M09""], ""source_observation_count"": 3, ""source_series_dimensions"": {""ACCESS_SHARING_LEVEL"": ""PUBLIC_OPEN"", ""COICOP_1999"": ""_T"", ""COMMON_REFERENCE_PERIOD"": ""2018A"", ""COUNTRY"": ""CPV"", ""FREQUENCY"": ""M"", ""IFS_FLAG"": ""true"", ""INDEX_TYPE"": ""CPI"", ""OVERLAP"": ""OL"", ""SCALE"": ""0"", ""SECURITY_CLASSIFICATION"": ""PUB"", ""TYPE_OF_TRANSFORMATION"": ""IX""}}"
CPV,cpi_index_all_items_quarterly_imf,2023-Q4,quarterly,116.44,\N,derived,IMF_CPI,IMF|ACCESS_SHARING_LEVEL=PUBLIC_OPEN|COICOP_1999=_T|COMMON_REFERENCE_PERIOD=2018A|FREQUENCY=M|IFS_FLAG=true|INDEX_TYPE=CPI|OVERLAP=OL|SCALE=0|SECURITY_CLASSIFICATION=PUB|TYPE_OF_TRANSFORMATION=IX|aggregation=quarterly_mean,\N,"{""aggregation_method"": ""quarterly_mean"", ""source_derivation_types"": [""O"", ""O"", ""O""], ""source_months"": [""2023-M10"", ""2023-M11"", ""2023-M12""], ""source_observation_count"": 3, ""source_series_dimensions"": {""ACCESS_SHARING_LEVEL"": ""PUBLIC_OPEN"", ""COICOP_1999"": ""_T"", ""COMMON_REFERENCE_PERIOD"": ""2018A"", ""COUNTRY"": ""CPV"", ""FREQUENCY"": ""M"", ""IFS_FLAG"": ""true"", ""INDEX_TYPE"": ""CPI"", ""OVERLAP"": ""OL"", ""SCALE"": ""0"", ""SECURITY_CLASSIFICATION"": ""PUB"", ""TYPE_OF_TRANSFORMATION"": ""IX""}}"
CRI,cpi_index_all_items_quarterly_imf,2023-Q1,quarterly,110.896081062355,\N,derived,IMF_CPI,IMF|ACCESS_SHARING_LEVEL=PUBLIC_OPEN|COICOP_1999=_T|COMMON_REFERENCE_PERIOD=2020M12|FREQUENCY=M|IFS_FLAG=true|INDEX_TYPE=CPI|OVERLAP=OL|SCALE=0|SECURITY_CLASSIFICATION=PUB|TYPE_OF_TRANSFORMATION=IX|aggregation=quarterly_mean,\N,"{""aggregation_method"": ""quarterly_mean"", ""source_derivation_types"": [""O"", ""O"", ""O""], ""source_months"": [""2023-M01"", ""2023-M02"", ""2023-M03""], ""source_observation_count"": 3, ""source_series_dimensions"": {""ACCESS_SHARING_LEVEL"": ""PUBLIC_OPEN"", ""COICOP_1999"": ""_T"", ""COMMON_REFERENCE_PERIOD"": ""2020M12"", ""COUNTRY"": ""CRI"", ""FREQUENCY"": ""M"", ""IFS_FLAG"": ""true"", ""INDEX_TYPE"": ""CPI"", ""OVERLAP"": ""OL"", ""SCALE"": ""0"", ""SECURITY_CLASSIFICATION"": ""PUB"", ""TYPE_OF_TRANSFORMATION"": ""IX""}}"
CRI,cpi_index_all_items_quarterly_imf,2023-Q2,quarterly,109.896119277558,\N,derived,IMF_CPI,IMF|ACCESS_SHARING_LEVEL=PUBLIC_OPEN|COICOP_1999=_T|COMMON_REFERENCE_PERIOD=2020M12|FREQUENCY=M|IFS_FLAG=true|INDEX_TYPE=CPI|OVERLAP=OL|SCALE=0|SECURITY_CLASSIFICATION=PUB|TYPE_OF_TRANSFORMATION=IX|aggregation=quarterly_mean,\N,"{""aggregation_method"": ""quarterly_mean"", ""source_derivation_types"": [""O"", ""O"", ""O""], ""source_months"": [""2023-M04"", ""2023-M05"", ""2023-M06""], ""source_observation_count"": 3, ""source_series_dimensions"": {""ACCESS_SHARING_LEVEL"": ""PUBLIC_OPEN"", ""COICOP_1999"": ""_T"", ""COMMON_REFERENCE_PERIOD"": ""2020M12"", ""COUNTRY"": ""CRI"", ""FREQUENCY"": ""M"", ""IFS_FLAG"": ""true"", ""INDEX_TYPE"": ""CPI"", ""OVERLAP"": ""OL"", ""SCALE"": ""0"", ""SECURITY_CLASSIFICATION"": ""PUB"", ""TYPE_OF_TRANSFORMATION"": ""IX""}}"
CRI,cpi_index_all_items_quarterly_imf,2023-Q3,quarterly,109.45844369402165,\N,derived,IMF_CPI,IMF|ACCESS_SHARING_LEVEL=PUBLIC_OPEN|COICOP_1999=_T|COMMON_REFERENCE_PERIOD=2020M12|FREQUENCY=M|IFS_FLAG=true|INDEX_TYPE=CPI|OVERLAP=OL|SCALE=0|SECURITY_CLASSIFICATION=PUB|TYPE_OF_TRANSFORMATION=IX|aggregation=quarterly_mean,\N,"{""aggregation_method"": ""quarterly_mean"", ""source_derivation_types"": [""O"", ""O"", ""O""], ""source_months"": [""2023-M07"", ""2023-M08"", ""2023-M09""], ""source_observation_count"": 3, ""source_series_dimensions"": {""ACCESS_SHARING_LEVEL"": ""PUBLIC_OPEN"", ""COICOP_1999"": ""_T"", ""COMMON_REFERENCE_PERIOD"": ""2020M12"", ""COUNTRY"": ""CRI"", ""FREQUENCY"": ""M"", ""IFS_FLAG"": ""true"", ""INDEX_TYPE"": ""CPI"", ""OVERLAP"": ""OL"", ""SCALE"": ""0"", ""SECURITY_CLASSIFICATION"": ""PUB"", ""TYPE_OF_TRANSFORMATION"": ""IX""}}"
CRI,cpi_index_all_items_quarterly_imf,2023-Q4,quarterly,109.54573518282466,\N,derived,IMF_CPI,IMF|ACCESS_SHARING_LEVEL=PUBLIC_OPEN|COICOP_1999=_T|COMMON_REFERENCE_PERIOD=2020M12|FREQUENCY=M|IFS_FLAG=true|INDEX_TYPE=CPI|OVERLAP=OL|SCALE=0|SECURITY_CLASSIFICATION=PUB|TYPE_OF_TRANSFORMATION=IX|aggregation=quarterly_mean,\N,"{""aggregation_method"": ""quarterly_mean"", ""source_derivation_types"": [""O"", ""O"", ""O""], ""source_months"": [""2023-M10"", ""2023-M11"", ""2023-M12""], ""source_observation_count"": 3, ""source_series_dimensions"": {""ACCESS_SHARING_LEVEL"": ""PUBLIC_OPEN"", ""COICOP_1999"": ""_T"", ""COMMON_REFERENCE_PERIOD"": ""2020M12"", ""COUNTRY"": ""CRI"", ""FREQUENCY"": ""M"", ""IFS_FLAG"": ""true"", ""INDEX_TYPE"": ""CPI"", ""OVERLAP"": ""OL"", ""SCALE"": ""0"", ""SECURITY_CLASSIFICATION"": ""PUB"", ""TYPE_OF_TRANSFORMATION"": ""IX""}}"
CYP,cpi_index_all_items_quarterly_imf,2023-Q1,quarterly,96.27788482741073,\N,derived,IMF_CPI,IMF|ACCESS_SHARING_LEVEL=PUBLIC_OPEN|COICOP_1999=_T|COMMON_REFERENCE_PERIOD=2025A|FREQUENCY=M|IFS_FLAG=true|INDEX_TYPE=CPI|OVERLAP=OL|SCALE=0|SECURITY_CLASSIFICATION=PUB|TYPE_OF_TRANSFORMATION=IX|aggregation=quarterly_mean,\N,"{""aggregation_method"": ""quarterly_mean"", ""source_derivation_types"": [""O"", ""O"", ""O""], ""source_months"": [""2023-M01"", ""2023-M02"", ""2023-M03""], ""source_observation_count"": 3, ""source_series_dimensions"": {""ACCESS_SHARING_LEVEL"": ""PUBLIC_OPEN"", ""COICOP_1999"": ""_T"", ""COMMON_REFERENCE_PERIOD"": ""2025A"", ""COUNTRY"": ""CYP"", ""FREQUENCY"": ""M"", ""IFS_FLAG"": ""true"", ""INDEX_TYPE"": ""CPI"", ""OVERLAP"": ""OL"", ""SCALE"": ""0"", ""SECURITY_CLASSIFICATION"": ""PUB"", ""TYPE_OF_TRANSFORMATION"": ""IX""}}"
CYP,cpi_index_all_items_quarterly_imf,2023-Q2,quarterly,97.576096599101,\N,derived,IMF_CPI,IMF|ACCESS_SHARING_LEVEL=PUBLIC_OPEN|COICOP_1999=_T|COMMON_REFERENCE_PERIOD=2025A|FREQUENCY=M|IFS_FLAG=true|INDEX_TYPE=CPI|OVERLAP=OL|SCALE=0|SECURITY_CLASSIFICATION=PUB|TYPE_OF_TRANSFORMATION=IX|aggregation=quarterly_mean,\N,"{""aggregation_method"": ""quarterly_mean"", ""source_derivation_types"": [""O"", ""O"", ""O""], ""source_months"": [""2023-M04"", ""2023-M05"", ""2023-M06""], ""source_observation_count"": 3, ""source_series_dimensions"": {""ACCESS_SHARING_LEVEL"": ""PUBLIC_OPEN"", ""COICOP_1999"": ""_T"", ""COMMON_REFERENCE_PERIOD"": ""2025A"", ""COUNTRY"": ""CYP"", ""FREQUENCY"": ""M"", ""IFS_FLAG"": ""true"", ""INDEX_TYPE"": ""CPI"", ""OVERLAP"": ""OL"", ""SCALE"": ""0"", ""SECURITY_CLASSIFICATION"": ""PUB"", ""TYPE_OF_TRANSFORMATION"": ""IX""}}"
CYP,cpi_index_all_items_quarterly_imf,2023-Q3,quarterly,99.22939911797134,\N,derived,IMF_CPI,IMF|ACCESS_SHARING_LEVEL=PUBLIC_OPEN|COICOP_1999=_T|COMMON_REFERENCE_PERIOD=2025A|FREQUENCY=M|IFS_FLAG=true|INDEX_TYPE=CPI|OVERLAP=OL|SCALE=0|SECURITY_CLASSIFICATION=PUB|TYPE_OF_TRANSFORMATION=IX|aggregation=quarterly_mean,\N,"{""aggregation_method"": ""quarterly_mean"", ""source_derivation_types"": [""O"", ""O"", ""O""], ""source_months"": [""2023-M07"", ""2023-M08"", ""2023-M09""], ""source_observation_count"": 3, ""source_series_dimensions"": {""ACCESS_SHARING_LEVEL"": ""PUBLIC_OPEN"", ""COICOP_1999"": ""_T"", ""COMMON_REFERENCE_PERIOD"": ""2025A"", ""COUNTRY"": ""CYP"", ""FREQUENCY"": ""M"", ""IFS_FLAG"": ""true"", ""INDEX_TYPE"": ""CPI"", ""OVERLAP"": ""OL"", ""SCALE"": ""0"", ""SECURITY_CLASSIFICATION"": ""PUB"", ""TYPE_OF_TRANSFORMATION"": ""IX""}}"
CYP,cpi_index_all_items_quarterly_imf,2023-Q4,quarterly,99.36007251293358,\N,derived,IMF_CPI,IMF|ACCESS_SHARING_LEVEL=PUBLIC_OPEN|COICOP_1999=_T|COMMON_REFERENCE_PERIOD=2025A|FREQUENCY=M|IFS_FLAG=true|INDEX_TYPE=CPI|OVERLAP=OL|SCALE=0|SECURITY_CLASSIFICATION=PUB|TYPE_OF_TRANSFORMATION=IX|aggregation=quarterly_mean,\N,"{""aggregation_method"": ""quarterly_mean"", ""source_derivation_types"": [""O"", ""O"", ""O""], ""source_months"": [""2023-M10"", ""2023-M11"", ""2023-M12""], ""source_observation_count"": 3, ""source_series_dimensions"": {""ACCESS_SHARING_LEVEL"": ""PUBLIC_OPEN"", ""COICOP_1999"": ""_T"", ""COMMON_REFERENCE_PERIOD"": ""2025A"", ""COUNTRY"": ""CYP"", ""FREQUENCY"": ""M"", ""IFS_FLAG"": ""true"", ""INDEX_TYPE"": ""CPI"", ""OVERLAP"": ""OL"", ""SCALE"": ""0"", ""SECURITY_CLASSIFICATION"": ""PUB"", ""TYPE_OF_TRANSFORMATION"": ""IX""}}"
CZE,cpi_index_all_items_quarterly_imf,2023-Q1,quarterly,94.77909616620262,\N,derived,IMF_CPI,IMF|ACCESS_SHARING_LEVEL=PUBLIC_OPEN|COICOP_1999=_T|COMMON_REFERENCE_PERIOD=2025A|FREQUENCY=M|IFS_FLAG=true|INDEX_TYPE=CPI|OVERLAP=OL|SCALE=0|SECURITY_CLASSIFICATION=PUB|TYPE_OF_TRANSFORMATION=IX|aggregation=quarterly_mean,\N,"{""aggregation_method"": ""quarterly_mean"", ""source_derivation_types"": [""O"", ""O"", ""O""], ""source_months"": [""2023-M01"", ""2023-M02"", ""2023-M03""], ""source_observation_count"": 3, ""source_series_dimensions"": {""ACCESS_SHARING_LEVEL"": ""PUBLIC_OPEN"", ""COICOP_1999"": ""_T"", ""COMMON_REFERENCE_PERIOD"": ""2025A"", ""COUNTRY"": ""CZE"", ""FREQUENCY"": ""M"", ""IFS_FLAG"": ""true"", ""INDEX_TYPE"": ""CPI"", ""OVERLAP"": ""OL"", ""SCALE"": ""0"", ""SECURITY_CLASSIFICATION"": ""PUB"", ""TYPE_OF_TRANSFORMATION"": ""IX""}}"
CZE,cpi_index_all_items_quarterly_imf,2023-Q2,quarterly,95.14429213964446,\N,derived,IMF_CPI,IMF|ACCESS_SHARING_LEVEL=PUBLIC_OPEN|COICOP_1999=_T|COMMON_REFERENCE_PERIOD=2025A|FREQUENCY=M|IFS_FLAG=true|INDEX_TYPE=CPI|OVERLAP=OL|SCALE=0|SECURITY_CLASSIFICATION=PUB|TYPE_OF_TRANSFORMATION=IX|aggregation=quarterly_mean,\N,"{""aggregation_method"": ""quarterly_mean"", ""source_derivation_types"": [""O"", ""O"", ""O""], ""source_months"": [""2023-M04"", ""2023-M05"", ""2023-M06""], ""source_observation_count"": 3, ""source_series_dimensions"": {""ACCESS_SHARING_LEVEL"": ""PUBLIC_OPEN"", ""COICOP_1999"": ""_T"", ""COMMON_REFERENCE_PERIOD"": ""2025A"", ""COUNTRY"": ""CZE"", ""FREQUENCY"": ""M"", ""IFS_FLAG"": ""true"", ""INDEX_TYPE"": ""CPI"", ""OVERLAP"": ""OL"", ""SCALE"": ""0"", ""SECURITY_CLASSIFICATION"": ""PUB"", ""TYPE_OF_TRANSFORMATION"": ""IX""}}"
CZE,cpi_index_all_items_quarterly_imf,2023-Q3,quarterly,95.7887556221889,\N,derived,IMF_CPI,IMF|ACCESS_SHARING_LEVEL=PUBLIC_OPEN|COICOP_1999=_T|COMMON_REFERENCE_PERIOD=2025A|FREQUENCY=M|IFS_FLAG=true|INDEX_TYPE=CPI|OVERLAP=OL|SCALE=0|SECURITY_CLASSIFICATION=PUB|TYPE_OF_TRANSFORMATION=IX|aggregation=quarterly_mean,\N,"{""aggregation_method"": ""quarterly_mean"", ""source_derivation_types"": [""O"", ""O"", ""O""], ""source_months"": [""2023-M07"", ""2023-M08"", ""2023-M09""], ""source_observation_count"": 3, ""source_series_dimensions"": {""ACCESS_SHARING_LEVEL"": ""PUBLIC_OPEN"", ""COICOP_1999"": ""_T"", ""COMMON_REFERENCE_PERIOD"": ""2025A"", ""COUNTRY"": ""CZE"", ""FREQUENCY"": ""M"", ""IFS_FLAG"": ""true"", ""INDEX_TYPE"": ""CPI"", ""OVERLAP"": ""OL"", ""SCALE"": ""0"", ""SECURITY_CLASSIFICATION"": ""PUB"", ""TYPE_OF_TRANSFORMATION"": ""IX""}}"
CZE,cpi_index_all_items_quarterly_imf,2023-Q4,quarterly,95.35911330049264,\N,derived,IMF_CPI,IMF|ACCESS_SHARING_LEVEL=PUBLIC_OPEN|COICOP_1999=_T|COMMON_REFERENCE_PERIOD=2025A|FREQUENCY=M|IFS_FLAG=true|INDEX_TYPE=CPI|OVERLAP=OL|SCALE=0|SECURITY_CLASSIFICATION=PUB|TYPE_OF_TRANSFORMATION=IX|aggregation=quarterly_mean,\N,"{""aggregation_method"": ""quarterly_mean"", ""source_derivation_types"": [""O"", ""O"", ""O""], ""source_months"": [""2023-M10"", ""2023-M11"", ""2023-M12""], ""source_observation_count"": 3, ""source_series_dimensions"": {""ACCESS_SHARING_LEVEL"": ""PUBLIC_OPEN"", ""COICOP_1999"": ""_T"", ""COMMON_REFERENCE_PERIOD"": ""2025A"", ""COUNTRY"": ""CZE"", ""FREQUENCY"": ""M"", ""IFS_FLAG"": ""true"", ""INDEX_TYPE"": ""CPI"", ""OVERLAP"": ""OL"", ""SCALE"": ""0"", ""SECURITY_CLASSIFICATION"": ""PUB"", ""TYPE_OF_TRANSFORMATION"": ""IX""}}"
DEU,cpi_index_all_items_quarterly_imf,2023-Q1,quarterly,115.2,\N,derived,IMF_CPI,IMF|ACCESS_SHARING_LEVEL=PUBLIC_OPEN|COICOP_1999=_T|COMMON_REFERENCE_PERIOD=2020A|FREQUENCY=M|IFS_FLAG=true|INDEX_TYPE=CPI|OVERLAP=OL|SCALE=0|SECURITY_CLASSIFICATION=PUB|TYPE_OF_TRANSFORMATION=IX|aggregation=quarterly_mean,\N,"{""aggregation_method"": ""quarterly_mean"", ""source_derivation_types"": [""O"", ""O"", ""O""], ""source_months"": [""2023-M01"", ""2023-M02"", ""2023-M03""], ""source_observation_count"": 3, ""source_series_dimensions"": {""ACCESS_SHARING_LEVEL"": ""PUBLIC_OPEN"", ""COICOP_1999"": ""_T"", ""COMMON_REFERENCE_PERIOD"": ""2020A"", ""COUNTRY"": ""DEU"", ""FREQUENCY"": ""M"", ""IFS_FLAG"": ""true"", ""INDEX_TYPE"": ""CPI"", ""OVERLAP"": ""OL"", ""SCALE"": ""0"", ""SECURITY_CLASSIFICATION"": ""PUB"", ""TYPE_OF_TRANSFORMATION"": ""IX""}}"
DEU,cpi_index_all_items_quarterly_imf,2023-Q2,quarterly,116.63333333333333,\N,derived,IMF_CPI,IMF|ACCESS_SHARING_LEVEL=PUBLIC_OPEN|COICOP_1999=_T|COMMON_REFERENCE_PERIOD=2020A|FREQUENCY=M|IFS_FLAG=true|INDEX_TYPE=CPI|OVERLAP=OL|SCALE=0|SECURITY_CLASSIFICATION=PUB|TYPE_OF_TRANSFORMATION=IX|aggregation=quarterly_mean,\N,"{""aggregation_method"": ""quarterly_mean"", ""source_derivation_types"": [""O"", ""O"", ""O""], ""source_months"": [""2023-M04"", ""2023-M05"", ""2023-M06""], ""source_observation_count"": 3, ""source_series_dimensions"": {""ACCESS_SHARING_LEVEL"": ""PUBLIC_OPEN"", ""COICOP_1999"": ""_T"", ""COMMON_REFERENCE_PERIOD"": ""2020A"", ""COUNTRY"": ""DEU"", ""FREQUENCY"": ""M"", ""IFS_FLAG"": ""true"", ""INDEX_TYPE"": ""CPI"", ""OVERLAP"": ""OL"", ""SCALE"": ""0"", ""SECURITY_CLASSIFICATION"": ""PUB"", ""TYPE_OF_TRANSFORMATION"": ""IX""}}"
DEU,cpi_index_all_items_quarterly_imf,2023-Q3,quarterly,117.46666666666665,\N,derived,IMF_CPI,IMF|ACCESS_SHARING_LEVEL=PUBLIC_OPEN|COICOP_1999=_T|COMMON_REFERENCE_PERIOD=2020A|FREQUENCY=M|IFS_FLAG=true|INDEX_TYPE=CPI|OVERLAP=OL|SCALE=0|SECURITY_CLASSIFICATION=PUB|TYPE_OF_TRANSFORMATION=IX|aggregation=quarterly_mean,\N,"{""aggregation_method"": ""quarterly_mean"", ""source_derivation_types"": [""O"", ""O"", ""O""], ""source_months"": [""2023-M07"", ""2023-M08"", ""2023-M09""], ""source_observation_count"": 3, ""source_series_dimensions"": {""ACCESS_SHARING_LEVEL"": ""PUBLIC_OPEN"", ""COICOP_1999"": ""_T"", ""COMMON_REFERENCE_PERIOD"": ""2020A"", ""COUNTRY"": ""DEU"", ""FREQUENCY"": ""M"", ""IFS_FLAG"": ""true"", ""INDEX_TYPE"": ""CPI"", ""OVERLAP"": ""OL"", ""SCALE"": ""0"", ""SECURITY_CLASSIFICATION"": ""PUB"", ""TYPE_OF_TRANSFORMATION"": ""IX""}}"
DEU,cpi_index_all_items_quarterly_imf,2023-Q4,quarterly,117.5,\N,derived,IMF_CPI,IMF|ACCESS_SHARING_LEVEL=PUBLIC_OPEN|COICOP_1999=_T|COMMON_REFERENCE_PERIOD=2020A|FREQUENCY=M|IFS_FLAG=true|INDEX_TYPE=CPI|OVERLAP=OL|SCALE=0|SECURITY_CLASSIFICATION=PUB|TYPE_OF_TRANSFORMATION=IX|aggregation=quarterly_mean,\N,"{""aggregation_method"": ""quarterly_mean"", ""source_derivation_types"": [""O"", ""O"", ""O""], ""source_months"": [""2023-M10"", ""2023-M11"", ""2023-M12""], ""source_observation_count"": 3, ""source_series_dimensions"": {""ACCESS_SHARING_LEVEL"": ""PUBLIC_OPEN"", ""COICOP_1999"": ""_T"", ""COMMON_REFERENCE_PERIOD"": ""2020A"", ""COUNTRY"": ""DEU"", ""FREQUENCY"": ""M"", ""IFS_FLAG"": ""true"", ""INDEX_TYPE"": ""CPI"", ""OVERLAP"": ""OL"", ""SCALE"": ""0"", ""SECURITY_CLASSIFICATION"": ""PUB"", ""TYPE_OF_TRANSFORMATION"": ""IX""}}"
DJI,cpi_index_all_items_quarterly_imf,2023-Q1,quarterly,99.82583578442028,\N,derived,IMF_CPI,IMF|ACCESS_SHARING_LEVEL=PUBLIC_OPEN|COICOP_1999=_T|COMMON_REFERENCE_PERIOD=2022A|FREQUENCY=M|IFS_FLAG=true|INDEX_TYPE=CPI|OVERLAP=OL|SCALE=0|SECURITY_CLASSIFICATION=PUB|TYPE_OF_TRANSFORMATION=IX|aggregation=quarterly_mean,\N,"{""aggregation_method"": ""quarterly_mean"", ""source_derivation_types"": [""O"", ""O"", ""O""], ""source_months"": [""2023-M01"", ""2023-M02"", ""2023-M03""], ""source_observation_count"": 3, ""source_series_dimensions"": {""ACCESS_SHARING_LEVEL"": ""PUBLIC_OPEN"", ""COICOP_1999"": ""_T"", ""COMMON_REFERENCE_PERIOD"": ""2022A"", ""COUNTRY"": ""DJI"", ""FREQUENCY"": ""M"", ""IFS_FLAG"": ""true"", ""INDEX_TYPE"": ""CPI"", ""OVERLAP"": ""OL"", ""SCALE"": ""0"", ""SECURITY_CLASSIFICATION"": ""PUB"", ""TYPE_OF_TRANSFORMATION"": ""IX""}}"
DJI,cpi_index_all_items_quarterly_imf,2023-Q2,quarterly,100.23485259824501,\N,derived,IMF_CPI,IMF|ACCESS_SHARING_LEVEL=PUBLIC_OPEN|COICOP_1999=_T|COMMON_REFERENCE_PERIOD=2022A|FREQUENCY=M|IFS_FLAG=true|INDEX_TYPE=CPI|OVERLAP=OL|SCALE=0|SECURITY_CLASSIFICATION=PUB|TYPE_OF_TRANSFORMATION=IX|aggregation=quarterly_mean,\N,"{""aggregation_method"": ""quarterly_mean"", ""source_derivation_types"": [""O"", ""O"", ""O""], ""source_months"": [""2023-M04"", ""2023-M05"", ""2023-M06""], ""source_observation_count"": 3, ""source_series_dimensions"": {""ACCESS_SHARING_LEVEL"": ""PUBLIC_OPEN"", ""COICOP_1999"": ""_T"", ""COMMON_REFERENCE_PERIOD"": ""2022A"", ""COUNTRY"": ""DJI"", ""FREQUENCY"": ""M"", ""IFS_FLAG"": ""true"", ""INDEX_TYPE"": ""CPI"", ""OVERLAP"": ""OL"", ""SCALE"": ""0"", ""SECURITY_CLASSIFICATION"": ""PUB"", ""TYPE_OF_TRANSFORMATION"": ""IX""}}"
DJI,cpi_index_all_items_quarterly_imf,2023-Q3,quarterly,102.16884843183168,\N,derived,IMF_CPI,IMF|ACCESS_SHARING_LEVEL=PUBLIC_OPEN|COICOP_1999=_T|COMMON_REFERENCE_PERIOD=2022A|FREQUENCY=M|IFS_FLAG=true|INDEX_TYPE=CPI|OVERLAP=OL|SCALE=0|SECURITY_CLASSIFICATION=PUB|TYPE_OF_TRANSFORMATION=IX|aggregation=quarterly_mean,\N,"{""aggregation_method"": ""quarterly_mean"", ""source_derivation_types"": [""O"", ""O"", ""O""], ""source_months"": [""2023-M07"", ""2023-M08"", ""2023-M09""], ""source_observation_count"": 3, ""source_series_dimensions"": {""ACCESS_SHARING_LEVEL"": ""PUBLIC_OPEN"", ""COICOP_1999"": ""_T"", ""COMMON_REFERENCE_PERIOD"": ""2022A"", ""COUNTRY"": ""DJI"", ""FREQUENCY"": ""M"", ""IFS_FLAG"": ""true"", ""INDEX_TYPE"": ""CPI"", ""OVERLAP"": ""OL"", ""SCALE"": ""0"", ""SECURITY_CLASSIFICATION"": ""PUB"", ""TYPE_OF_TRANSFORMATION"": ""IX""}}"
DJI,cpi_index_all_items_quarterly_imf,2023-Q4,quarterly,103.56666666666666,\N,derived,IMF_CPI,IMF|ACCESS_SHARING_LEVEL=PUBLIC_OPEN|COICOP_1999=_T|COMMON_REFERENCE_PERIOD=2022A|FREQUENCY=M|IFS_FLAG=true|INDEX_TYPE=CPI|OVERLAP=OL|SCALE=0|SECURITY_CLASSIFICATION=PUB|TYPE_OF_TRANSFORMATION=IX|aggregation=quarterly_mean,\N,"{""aggregation_method"": ""quarterly_mean"", ""source_derivation_types"": [""O"", ""O"", ""O""], ""source_months"": [""2023-M10"", ""2023-M11"", ""2023-M12""], ""source_observation_count"": 3, ""source_series_dimensions"": {""ACCESS_SHARING_LEVEL"": ""PUBLIC_OPEN"", ""COICOP_1999"": ""_T"", ""COMMON_REFERENCE_PERIOD"": ""2022A"", ""COUNTRY"": ""DJI"", ""FREQUENCY"": ""M"", ""IFS_FLAG"": ""true"", ""INDEX_TYPE"": ""CPI"", ""OVERLAP"": ""OL"", ""SCALE"": ""0"", ""SECURITY_CLASSIFICATION"": ""PUB"", ""TYPE_OF_TRANSFORMATION"": ""IX""}}"
DMA,cpi_index_all_items_quarterly_imf,2023-Q1,quarterly,113.74000000000001,\N,derived,IMF_CPI,IMF|ACCESS_SHARING_LEVEL=PUBLIC_OPEN|COICOP_1999=_T|COMMON_REFERENCE_PERIOD=2010M6|FREQUENCY=M|IFS_FLAG=true|INDEX_TYPE=CPI|OVERLAP=OL|SCALE=0|SECURITY_CLASSIFICATION=PUB|TYPE_OF_TRANSFORMATION=IX|aggregation=quarterly_mean,\N,"{""aggregation_method"": ""quarterly_mean"", ""source_derivation_types"": [""O"", ""O"", ""O""], ""source_months"": [""2023-M01"", ""2023-M02"", ""2023-M03""], ""source_observation_count"": 3, ""source_series_dimensions"": {""ACCESS_SHARING_LEVEL"": ""PUBLIC_OPEN"", ""COICOP_1999"": ""_T"", ""COMMON_REFERENCE_PERIOD"": ""2010M6"", ""COUNTRY"": ""DMA"", ""FREQUENCY"": ""M"", ""IFS_FLAG"": ""true"", ""INDEX_TYPE"": ""CPI"", ""OVERLAP"": ""OL"", ""SCALE"": ""0"", ""SECURITY_CLASSIFICATION"": ""PUB"", ""TYPE_OF_TRANSFORMATION"": ""IX""}}"
DMA,cpi_index_all_items_quarterly_imf,2023-Q2,quarterly,118.00333333333333,\N,derived,IMF_CPI,IMF|ACCESS_SHARING_LEVEL=PUBLIC_OPEN|COICOP_1999=_T|COMMON_REFERENCE_PERIOD=2010M6|FREQUENCY=M|IFS_FLAG=true|INDEX_TYPE=CPI|OVERLAP=OL|SCALE=0|SECURITY_CLASSIFICATION=PUB|TYPE_OF_TRANSFORMATION=IX|aggregation=quarterly_mean,\N,"{""aggregation_method"": ""quarterly_mean"", ""source_derivation_types"": [""O"", ""O"", ""O""], ""source_months"": [""2023-M04"", ""2023-M05"", ""2023-M06""], ""source_observation_count"": 3, ""source_series_dimensions"": {""ACCESS_SHARING_LEVEL"": ""PUBLIC_OPEN"", ""COICOP_1999"": ""_T"", ""COMMON_REFERENCE_PERIOD"": ""2010M6"", ""COUNTRY"": ""DMA"", ""FREQUENCY"": ""M"", ""IFS_FLAG"": ""true"", ""INDEX_TYPE"": ""CPI"", ""OVERLAP"": ""OL"", ""SCALE"": ""0"", ""SECURITY_CLASSIFICATION"": ""PUB"", ""TYPE_OF_TRANSFORMATION"": ""IX""}}"
DMA,cpi_index_all_items_quarterly_imf,2023-Q3,quarterly,119.78000000000002,\N,derived,IMF_CPI,IMF|ACCESS_SHARING_LEVEL=PUBLIC_OPEN|COICOP_1999=_T|COMMON_REFERENCE_PERIOD=2010M6|FREQUENCY=M|IFS_FLAG=true|INDEX_TYPE=CPI|OVERLAP=OL|SCALE=0|SECURITY_CLASSIFICATION=PUB|TYPE_OF_TRANSFORMATION=IX|aggregation=quarterly_mean,\N,"{""aggregation_method"": ""quarterly_mean"", ""source_derivation_types"": [""O"", ""O"", ""O""], ""source_months"": [""2023-M07"", ""2023-M08"", ""2023-M09""], ""source_observation_count"": 3, ""source_series_dimensions"": {""ACCESS_SHARING_LEVEL"": ""PUBLIC_OPEN"", ""COICOP_1999"": ""_T"", ""COMMON_REFERENCE_PERIOD"": ""2010M6"", ""COUNTRY"": ""DMA"", ""FREQUENCY"": ""M"", ""IFS_FLAG"": ""true"", ""INDEX_TYPE"": ""CPI"", ""OVERLAP"": ""OL"", ""SCALE"": ""0"", ""SECURITY_CLASSIFICATION"": ""PUB"", ""TYPE_OF_TRANSFORMATION"": ""IX""}}"
DMA,cpi_index_all_items_quarterly_imf,2023-Q4,quarterly,119.56666666666668,\N,derived,IMF_CPI,IMF|ACCESS_SHARING_LEVEL=PUBLIC_OPEN|COICOP_1999=_T|COMMON_REFERENCE_PERIOD=2010M6|FREQUENCY=M|IFS_FLAG=true|INDEX_TYPE=CPI|OVERLAP=OL|SCALE=0|SECURITY_CLASSIFICATION=PUB|TYPE_OF_TRANSFORMATION=IX|aggregation=quarterly_mean,\N,"{""aggregation_method"": ""quarterly_mean"", ""source_derivation_types"": [""O"", ""O"", ""O""], ""source_months"": [""2023-M10"", ""2023-M11"", ""2023-M12""], ""source_observation_count"": 3, ""source_series_dimensions"": {""ACCESS_SHARING_LEVEL"": ""PUBLIC_OPEN"", ""COICOP_1999"": ""_T"", ""COMMON_REFERENCE_PERIOD"": ""2010M6"", ""COUNTRY"": ""DMA"", ""FREQUENCY"": ""M"", ""IFS_FLAG"": ""true"", ""INDEX_TYPE"": ""CPI"", ""OVERLAP"": ""OL"", ""SCALE"": ""0"", ""SECURITY_CLASSIFICATION"": ""PUB"", ""TYPE_OF_TRANSFORMATION"": ""IX""}}"
DNK,cpi_index_all_items_quarterly_imf,2023-Q1,quarterly,96.69666666666667,\N,derived,IMF_CPI,IMF|ACCESS_SHARING_LEVEL=PUBLIC_OPEN|COICOP_1999=_T|COMMON_REFERENCE_PERIOD=2025A|FREQUENCY=M|IFS_FLAG=true|INDEX_TYPE=CPI|OVERLAP=OL|SCALE=0|SECURITY_CLASSIFICATION=PUB|TYPE_OF_TRANSFORMATION=IX|aggregation=quarterly_mean,\N,"{""aggregation_method"": ""quarterly_mean"", ""source_derivation_types"": [""O"", ""O"", ""O""], ""source_months"": [""2023-M01"", ""2023-M02"", ""2023-M03""], ""source_observation_count"": 3, ""source_series_dimensions"": {""ACCESS_SHARING_LEVEL"": ""PUBLIC_OPEN"", ""COICOP_1999"": ""_T"", ""COMMON_REFERENCE_PERIOD"": ""2025A"", ""COUNTRY"": ""DNK"", ""FREQUENCY"": ""M"", ""IFS_FLAG"": ""true"", ""INDEX_TYPE"": ""CPI"", ""OVERLAP"": ""OL"", ""SCALE"": ""0"", ""SECURITY_CLASSIFICATION"": ""PUB"", ""TYPE_OF_TRANSFORMATION"": ""IX""}}"
DNK,cpi_index_all_items_quarterly_imf,2023-Q2,quarterly,96.36,\N,derived,IMF_CPI,IMF|ACCESS_SHARING_LEVEL=PUBLIC_OPEN|COICOP_1999=_T|COMMON_REFERENCE_PERIOD=2025A|FREQUENCY=M|IFS_FLAG=true|INDEX_TYPE=CPI|OVERLAP=OL|SCALE=0|SECURITY_CLASSIFICATION=PUB|TYPE_OF_TRANSFORMATION=IX|aggregation=quarterly_mean,\N,"{""aggregation_method"": ""quarterly_mean"", ""source_derivation_types"": [""O"", ""O"", ""O""], ""source_months"": [""2023-M04"", ""2023-M05"", ""2023-M06""], ""source_observation_count"": 3, ""source_series_dimensions"": {""ACCESS_SHARING_LEVEL"": ""PUBLIC_OPEN"", ""COICOP_1999"": ""_T"", ""COMMON_REFERENCE_PERIOD"": ""2025A"", ""COUNTRY"": ""DNK"", ""FREQUENCY"": ""M"", ""IFS_FLAG"": ""true"", ""INDEX_TYPE"": ""CPI"", ""OVERLAP"": ""OL"", ""SCALE"": ""0"", ""SECURITY_CLASSIFICATION"": ""PUB"", ""TYPE_OF_TRANSFORMATION"": ""IX""}}"
DNK,cpi_index_all_items_quarterly_imf,2023-Q3,quarterly,97.35333333333334,\N,derived,IMF_CPI,IMF|ACCESS_SHARING_LEVEL=PUBLIC_OPEN|COICOP_1999=_T|COMMON_REFERENCE_PERIOD=2025A|FREQUENCY=M|IFS_FLAG=true|INDEX_TYPE=CPI|OVERLAP=OL|SCALE=0|SECURITY_CLASSIFICATION=PUB|TYPE_OF_TRANSFORMATION=IX|aggregation=quarterly_mean,\N,"{""aggregation_method"": ""quarterly_mean"", ""source_derivation_types"": [""O"", ""O"", ""O""], ""source_months"": [""2023-M07"", ""2023-M08"", ""2023-M09""], ""source_observation_count"": 3, ""source_series_dimensions"": {""ACCESS_SHARING_LEVEL"": ""PUBLIC_OPEN"", ""COICOP_1999"": ""_T"", ""COMMON_REFERENCE_PERIOD"": ""2025A"", ""COUNTRY"": ""DNK"", ""FREQUENCY"": ""M"", ""IFS_FLAG"": ""true"", ""INDEX_TYPE"": ""CPI"", ""OVERLAP"": ""OL"", ""SCALE"": ""0"", ""SECURITY_CLASSIFICATION"": ""PUB"", ""TYPE_OF_TRANSFORMATION"": ""IX""}}"
DNK,cpi_index_all_items_quarterly_imf,2023-Q4,quarterly,96.82666666666667,\N,derived,IMF_CPI,IMF|ACCESS_SHARING_LEVEL=PUBLIC_OPEN|COICOP_1999=_T|COMMON_REFERENCE_PERIOD=2025A|FREQUENCY=M|IFS_FLAG=true|INDEX_TYPE=CPI|OVERLAP=OL|SCALE=0|SECURITY_CLASSIFICATION=PUB|TYPE_OF_TRANSFORMATION=IX|aggregation=quarterly_mean,\N,"{""aggregation_method"": ""quarterly_mean"", ""source_derivation_types"": [""O"", ""O"", ""O""], ""source_months"": [""2023-M10"", ""2023-M11"", ""2023-M12""], ""source_observation_count"": 3, ""source_series_dimensions"": {""ACCESS_SHARING_LEVEL"": ""PUBLIC_OPEN"", ""COICOP_1999"": ""_T"", ""COMMON_REFERENCE_PERIOD"": ""2025A"", ""COUNTRY"": ""DNK"", ""FREQUENCY"": ""M"", ""IFS_FLAG"": ""true"", ""INDEX_TYPE"": ""CPI"", ""OVERLAP"": ""OL"", ""SCALE"": ""0"", ""SECURITY_CLASSIFICATION"": ""PUB"", ""TYPE_OF_TRANSFORMATION"": ""IX""}}"
DOM,cpi_index_all_items_quarterly_imf,2023-Q1,quarterly,123.079,\N,derived,IMF_CPI,IMF|ACCESS_SHARING_LEVEL=PUBLIC_OPEN|COICOP_1999=_T|COMMON_REFERENCE_PERIOD=2019M10-2020M09|FREQUENCY=M|IFS_FLAG=true|INDEX_TYPE=CPI|OVERLAP=OL|SCALE=0|SECURITY_CLASSIFICATION=PUB|TYPE_OF_TRANSFORMATION=IX|aggregation=quarterly_mean,\N,"{""aggregation_method"": ""quarterly_mean"", ""source_derivation_types"": [""O"", ""O"", ""O""], ""source_months"": [""2023-M01"", ""2023-M02"", ""2023-M03""], ""source_observation_count"": 3, ""source_series_dimensions"": {""ACCESS_SHARING_LEVEL"": ""PUBLIC_OPEN"", ""COICOP_1999"": ""_T"", ""COMMON_REFERENCE_PERIOD"": ""2019M10-2020M09"", ""COUNTRY"": ""DOM"", ""FREQUENCY"": ""M"", ""IFS_FLAG"": ""true"", ""INDEX_TYPE"": ""CPI"", ""OVERLAP"": ""OL"", ""SCALE"": ""0"", ""SECURITY_CLASSIFICATION"": ""PUB"", ""TYPE_OF_TRANSFORMATION"": ""IX""}}"
DOM,cpi_index_all_items_quarterly_imf,2023-Q2,quarterly,123.52766666666666,\N,derived,IMF_CPI,IMF|ACCESS_SHARING_LEVEL=PUBLIC_OPEN|COICOP_1999=_T|COMMON_REFERENCE_PERIOD=2019M10-2020M09|FREQUENCY=M|IFS_FLAG=true|INDEX_TYPE=CPI|OVERLAP=OL|SCALE=0|SECURITY_CLASSIFICATION=PUB|TYPE_OF_TRANSFORMATION=IX|aggregation=quarterly_mean,\N,"{""aggregation_method"": ""quarterly_mean"", ""source_derivation_types"": [""O"", ""O"", ""O""], ""source_months"": [""2023-M04"", ""2023-M05"", ""2023-M06""], ""source_observation_count"": 3, ""source_series_dimensions"": {""ACCESS_SHARING_LEVEL"": ""PUBLIC_OPEN"", ""COICOP_1999"": ""_T"", ""COMMON_REFERENCE_PERIOD"": ""2019M10-2020M09"", ""COUNTRY"": ""DOM"", ""FREQUENCY"": ""M"", ""IFS_FLAG"": ""true"", ""INDEX_TYPE"": ""CPI"", ""OVERLAP"": ""OL"", ""SCALE"": ""0"", ""SECURITY_CLASSIFICATION"": ""PUB"", ""TYPE_OF_TRANSFORMATION"": ""IX""}}"
DOM,cpi_index_all_items_quarterly_imf,2023-Q3,quarterly,124.79399999999998,\N,derived,IMF_CPI,IMF|ACCESS_SHARING_LEVEL=PUBLIC_OPEN|COICOP_1999=_T|COMMON_REFERENCE_PERIOD=2019M10-2020M09|FREQUENCY=M|IFS_FLAG=true|INDEX_TYPE=CPI|OVERLAP=OL|SCALE=0|SECURITY_CLASSIFICATION=PUB|TYPE_OF_TRANSFORMATION=IX|aggregation=quarterly_mean,\N,"{""aggregation_method"": ""quarterly_mean"", ""source_derivation_types"": [""O"", ""O"", ""O""], ""source_months"": [""2023-M07"", ""2023-M08"", ""2023-M09""], ""source_observation_count"": 3, ""source_series_dimensions"": {""ACCESS_SHARING_LEVEL"": ""PUBLIC_OPEN"", ""COICOP_1999"": ""_T"", ""COMMON_REFERENCE_PERIOD"": ""2019M10-2020M09"", ""COUNTRY"": ""DOM"", ""FREQUENCY"": ""M"", ""IFS_FLAG"": ""true"", ""INDEX_TYPE"": ""CPI"", ""OVERLAP"": ""OL"", ""SCALE"": ""0"", ""SECURITY_CLASSIFICATION"": ""PUB"", ""TYPE_OF_TRANSFORMATION"": ""IX""}}"
DOM,cpi_index_all_items_quarterly_imf,2023-Q4,quarterly,125.97786666666667,\N,derived,IMF_CPI,IMF|ACCESS_SHARING_LEVEL=PUBLIC_OPEN|COICOP_1999=_T|COMMON_REFERENCE_PERIOD=2019M10-2020M09|FREQUENCY=M|IFS_FLAG=true|INDEX_TYPE=CPI|OVERLAP=OL|SCALE=0|SECURITY_CLASSIFICATION=PUB|TYPE_OF_TRANSFORMATION=IX|aggregation=quarterly_mean,\N,"{""aggregation_method"": ""quarterly_mean"", ""source_derivation_types"": [""O"", ""O"", ""O""], ""source_months"": [""2023-M10"", ""2023-M11"", ""2023-M12""], ""source_observation_count"": 3, ""source_series_dimensions"": {""ACCESS_SHARING_LEVEL"": ""PUBLIC_OPEN"", ""COICOP_1999"": ""_T"", ""COMMON_REFERENCE_PERIOD"": ""2019M10-2020M09"", ""COUNTRY"": ""DOM"", ""FREQUENCY"": ""M"", ""IFS_FLAG"": ""true"", ""INDEX_TYPE"": ""CPI"", ""OVERLAP"": ""OL"", ""SCALE"": ""0"", ""SECURITY_CLASSIFICATION"": ""PUB"", ""TYPE_OF_TRANSFORMATION"": ""IX""}}"
DZA,cpi_index_all_items_quarterly_imf,2023-Q1,quarterly,261.68333333333334,\N,derived,IMF_CPI,IMF|ACCESS_SHARING_LEVEL=PUBLIC_OPEN|COICOP_1999=_T|COMMON_REFERENCE_PERIOD=2001A|FREQUENCY=M|IFS_FLAG=true|INDEX_TYPE=CPI|OVERLAP=OL|SCALE=0|SECURITY_CLASSIFICATION=PUB|TYPE_OF_TRANSFORMATION=IX|aggregation=quarterly_mean,\N,"{""aggregation_method"": ""quarterly_mean"", ""source_derivation_types"": [""O"", ""O"", ""O""], ""source_months"": [""2023-M01"", ""2023-M02"", ""2023-M03""], ""source_observation_count"": 3, ""source_series_dimensions"": {""ACCESS_SHARING_LEVEL"": ""PUBLIC_OPEN"", ""COICOP_1999"": ""_T"", ""COMMON_REFERENCE_PERIOD"": ""2001A"", ""COUNTRY"": ""DZA"", ""FREQUENCY"": ""M"", ""IFS_FLAG"": ""true"", ""INDEX_TYPE"": ""CPI"", ""OVERLAP"": ""OL"", ""SCALE"": ""0"", ""SECURITY_CLASSIFICATION"": ""PUB"", ""TYPE_OF_TRANSFORMATION"": ""IX""}}"
DZA,cpi_index_all_items_quarterly_imf,2023-Q2,quarterly,270.79,\N,derived,IMF_CPI,IMF|ACCESS_SHARING_LEVEL=PUBLIC_OPEN|COICOP_1999=_T|COMMON_REFERENCE_PERIOD=2001A|FREQUENCY=M|IFS_FLAG=true|INDEX_TYPE=CPI|OVERLAP=OL|SCALE=0|SECURITY_CLASSIFICATION=PUB|TYPE_OF_TRANSFORMATION=IX|aggregation=quarterly_mean,\N,"{""aggregation_method"": ""quarterly_mean"", ""source_derivation_types"": [""O"", ""O"", ""O""], ""source_months"": [""2023-M04"", ""2023-M05"", ""2023-M06""], ""source_observation_count"": 3, ""source_series_dimensions"": {""ACCESS_SHARING_LEVEL"": ""PUBLIC_OPEN"", ""COICOP_1999"": ""_T"", ""COMMON_REFERENCE_PERIOD"": ""2001A"", ""COUNTRY"": ""DZA"", ""FREQUENCY"": ""M"", ""IFS_FLAG"": ""true"", ""INDEX_TYPE"": ""CPI"", ""OVERLAP"": ""OL"", ""SCALE"": ""0"", ""SECURITY_CLASSIFICATION"": ""PUB"", ""TYPE_OF_TRANSFORMATION"": ""IX""}}"
DZA,cpi_index_all_items_quarterly_imf,2023-Q3,quarterly,273.63333333333327,\N,derived,IMF_CPI,IMF|ACCESS_SHARING_LEVEL=PUBLIC_OPEN|COICOP_1999=_T|COMMON_REFERENCE_PERIOD=2001A|FREQUENCY=M|IFS_FLAG=true|INDEX_TYPE=CPI|OVERLAP=OL|SCALE=0|SECURITY_CLASSIFICATION=PUB|TYPE_OF_TRANSFORMATION=IX|aggregation=quarterly_mean,\N,"{""aggregation_method"": ""quarterly_mean"", ""source_derivation_types"": [""O"", ""O"", ""O""], ""source_months"": [""2023-M07"", ""2023-M08"", ""2023-M09""], ""source_observation_count"": 3, ""source_series_dimensions"": {""ACCESS_SHARING_LEVEL"": ""PUBLIC_OPEN"", ""COICOP_1999"": ""_T"", ""COMMON_REFERENCE_PERIOD"": ""2001A"", ""COUNTRY"": ""DZA"", ""FREQUENCY"": ""M"", ""IFS_FLAG"": ""true"", ""INDEX_TYPE"": ""CPI"", ""OVERLAP"": ""OL"", ""SCALE"": ""0"", ""SECURITY_CLASSIFICATION"": ""PUB"", ""TYPE_OF_TRANSFORMATION"": ""IX""}}"
DZA,cpi_index_all_items_quarterly_imf,2023-Q4,quarterly,275.83666666666664,\N,derived,IMF_CPI,IMF|ACCESS_SHARING_LEVEL=PUBLIC_OPEN|COICOP_1999=_T|COMMON_REFERENCE_PERIOD=2001A|FREQUENCY=M|IFS_FLAG=true|INDEX_TYPE=CPI|OVERLAP=OL|SCALE=0|SECURITY_CLASSIFICATION=PUB|TYPE_OF_TRANSFORMATION=IX|aggregation=quarterly_mean,\N,"{""aggregation_method"": ""quarterly_mean"", ""source_derivation_types"": [""O"", ""O"", ""O""], ""source_months"": [""2023-M10"", ""2023-M11"", ""2023-M12""], ""source_observation_count"": 3, ""source_series_dimensions"": {""ACCESS_SHARING_LEVEL"": ""PUBLIC_OPEN"", ""COICOP_1999"": ""_T"", ""COMMON_REFERENCE_PERIOD"": ""2001A"", ""COUNTRY"": ""DZA"", ""FREQUENCY"": ""M"", ""IFS_FLAG"": ""true"", ""INDEX_TYPE"": ""CPI"", ""OVERLAP"": ""OL"", ""SCALE"": ""0"", ""SECURITY_CLASSIFICATION"": ""PUB"", ""TYPE_OF_TRANSFORMATION"": ""IX""}}"
ECU,cpi_index_all_items_quarterly_imf,2023-Q1,quarterly,110.39759431716601,\N,derived,IMF_CPI,IMF|ACCESS_SHARING_LEVEL=PUBLIC_OPEN|COICOP_1999=_T|COMMON_REFERENCE_PERIOD=2014A|FREQUENCY=M|IFS_FLAG=true|INDEX_TYPE=CPI|OVERLAP=OL|SCALE=0|SECURITY_CLASSIFICATION=PUB|TYPE_OF_TRANSFORMATION=IX|aggregation=quarterly_mean,\N,"{""aggregation_method"": ""quarterly_mean"", ""source_derivation_types"": [""O"", ""O"", ""O""], ""source_months"": [""2023-M01"", ""2023-M02"", ""2023-M03""], ""source_observation_count"": 3, ""source_series_dimensions"": {""ACCESS_SHARING_LEVEL"": ""PUBLIC_OPEN"", ""COICOP_1999"": ""_T"", ""COMMON_REFERENCE_PERIOD"": ""2014A"", ""COUNTRY"": ""ECU"", ""FREQUENCY"": ""M"", ""IFS_FLAG"": ""true"", ""INDEX_TYPE"": ""CPI"", ""OVERLAP"": ""OL"", ""SCALE"": ""0"", ""SECURITY_CLASSIFICATION"": ""PUB"", ""TYPE_OF_TRANSFORMATION"": ""IX""}}"
ECU,cpi_index_all_items_quarterly_imf,2023-Q2,quarterly,110.872665883349,\N,derived,IMF_CPI,IMF|ACCESS_SHARING_LEVEL=PUBLIC_OPEN|COICOP_1999=_T|COMMON_REFERENCE_PERIOD=2014A|FREQUENCY=M|IFS_FLAG=true|INDEX_TYPE=CPI|OVERLAP=OL|SCALE=0|SECURITY_CLASSIFICATION=PUB|TYPE_OF_TRANSFORMATION=IX|aggregation=quarterly_mean,\N,"{""aggregation_method"": ""quarterly_mean"", ""source_derivation_types"": [""O"", ""O"", ""O""], ""source_months"": [""2023-M04"", ""2023-M05"", ""2023-M06""], ""source_observation_count"": 3, ""source_series_dimensions"": {""ACCESS_SHARING_LEVEL"": ""PUBLIC_OPEN"", ""COICOP_1999"": ""_T"", ""COMMON_REFERENCE_PERIOD"": ""2014A"", ""COUNTRY"": ""ECU"", ""FREQUENCY"": ""M"", ""IFS_FLAG"": ""true"", ""INDEX_TYPE"": ""CPI"", ""OVERLAP"": ""OL"", ""SCALE"": ""0"", ""SECURITY_CLASSIFICATION"": ""PUB"", ""TYPE_OF_TRANSFORMATION"": ""IX""}}"
ECU,cpi_index_all_items_quarterly_imf,2023-Q3,quarterly,112.16984864202168,\N,derived,IMF_CPI,IMF|ACCESS_SHARING_LEVEL=PUBLIC_OPEN|COICOP_1999=_T|COMMON_REFERENCE_PERIOD=2014A|FREQUENCY=M|IFS_FLAG=true|INDEX_TYPE=CPI|OVERLAP=OL|SCALE=0|SECURITY_CLASSIFICATION=PUB|TYPE_OF_TRANSFORMATION=IX|aggregation=quarterly_mean,\N,"{""aggregation_method"": ""quarterly_mean"", ""source_derivation_types"": [""O"", ""O"", ""O""], ""source_months"": [""2023-M07"", ""2023-M08"", ""2023-M09""], ""source_observation_count"": 3, ""source_series_dimensions"": {""ACCESS_SHARING_LEVEL"": ""PUBLIC_OPEN"", ""COICOP_1999"": ""_T"", ""COMMON_REFERENCE_PERIOD"": ""2014A"", ""COUNTRY"": ""ECU"", ""FREQUENCY"": ""M"", ""IFS_FLAG"": ""true"", ""INDEX_TYPE"": ""CPI"", ""OVERLAP"": ""OL"", ""SCALE"": ""0"", ""SECURITY_CLASSIFICATION"": ""PUB"", ""TYPE_OF_TRANSFORMATION"": ""IX""}}"
ECU,cpi_index_all_items_quarterly_imf,2023-Q4,quarterly,111.88297053998265,\N,derived,IMF_CPI,IMF|ACCESS_SHARING_LEVEL=PUBLIC_OPEN|COICOP_1999=_T|COMMON_REFERENCE_PERIOD=2014A|FREQUENCY=M|IFS_FLAG=true|INDEX_TYPE=CPI|OVERLAP=OL|SCALE=0|SECURITY_CLASSIFICATION=PUB|TYPE_OF_TRANSFORMATION=IX|aggregation=quarterly_mean,\N,"{""aggregation_method"": ""quarterly_mean"", ""source_derivation_types"": [""O"", ""O"", ""O""], ""source_months"": [""2023-M10"", ""2023-M11"", ""2023-M12""], ""source_observation_count"": 3, ""source_series_dimensions"": {""ACCESS_SHARING_LEVEL"": ""PUBLIC_OPEN"", ""COICOP_1999"": ""_T"", ""COMMON_REFERENCE_PERIOD"": ""2014A"", ""COUNTRY"": ""ECU"", ""FREQUENCY"": ""M"", ""IFS_FLAG"": ""true"", ""INDEX_TYPE"": ""CPI"", ""OVERLAP"": ""OL"", ""SCALE"": ""0"", ""SECURITY_CLASSIFICATION"": ""PUB"", ""TYPE_OF_TRANSFORMATION"": ""IX""}}"
EGY,cpi_index_all_items_quarterly_imf,2023-Q1,quarterly,156.6,\N,derived,IMF_CPI,IMF|ACCESS_SHARING_LEVEL=PUBLIC_OPEN|COICOP_1999=_T|COMMON_REFERENCE_PERIOD=2018A|FREQUENCY=M|IFS_FLAG=true|INDEX_TYPE=CPI|OVERLAP=OL|SCALE=0|SECURITY_CLASSIFICATION=PUB|TYPE_OF_TRANSFORMATION=IX|aggregation=quarterly_mean,\N,"{""aggregation_method"": ""quarterly_mean"", ""source_derivation_types"": [""O"", ""O"", ""O""], ""source_months"": [""2023-M01"", ""2023-M02"", ""2023-M03""], ""source_observation_count"": 3, ""source_series_dimensions"": {""ACCESS_SHARING_LEVEL"": ""PUBLIC_OPEN"", ""COICOP_1999"": ""_T"", ""COMMON_REFERENCE_PERIOD"": ""2018A"", ""COUNTRY"": ""EGY"", ""FREQUENCY"": ""M"", ""IFS_FLAG"": ""true"", ""INDEX_TYPE"": ""CPI"", ""OVERLAP"": ""OL"", ""SCALE"": ""0"", ""SECURITY_CLASSIFICATION"": ""PUB"", ""TYPE_OF_TRANSFORMATION"": ""IX""}}"
EGY,cpi_index_all_items_quarterly_imf,2023-Q2,quarterly,169.6,\N,derived,IMF_CPI,IMF|ACCESS_SHARING_LEVEL=PUBLIC_OPEN|COICOP_1999=_T|COMMON_REFERENCE_PERIOD=2018A|FREQUENCY=M|IFS_FLAG=true|INDEX_TYPE=CPI|OVERLAP=OL|SCALE=0|SECURITY_CLASSIFICATION=PUB|TYPE_OF_TRANSFORMATION=IX|aggregation=quarterly_mean,\N,"{""aggregation_method"": ""quarterly_mean"", ""source_derivation_types"": [""O"", ""O"", ""O""], ""source_months"": [""2023-M04"", ""2023-M05"", ""2023-M06""], ""source_observation_count"": 3, ""source_series_dimensions"": {""ACCESS_SHARING_LEVEL"": ""PUBLIC_OPEN"", ""COICOP_1999"": ""_T"", ""COMMON_REFERENCE_PERIOD"": ""2018A"", ""COUNTRY"": ""EGY"", ""FREQUENCY"": ""M"", ""IFS_FLAG"": ""true"", ""INDEX_TYPE"": ""CPI"", ""OVERLAP"": ""OL"", ""SCALE"": ""0"", ""SECURITY_CLASSIFICATION"": ""PUB"", ""TYPE_OF_TRANSFORMATION"": ""IX""}}"
EGY,cpi_index_all_items_quarterly_imf,2023-Q3,quarterly,179.73333333333335,\N,derived,IMF_CPI,IMF|ACCESS_SHARING_LEVEL=PUBLIC_OPEN|COICOP_1999=_T|COMMON_REFERENCE_PERIOD=2018A|FREQUENCY=M|IFS_FLAG=true|INDEX_TYPE=CPI|OVERLAP=OL|SCALE=0|SECURITY_CLASSIFICATION=PUB|TYPE_OF_TRANSFORMATION=IX|aggregation=quarterly_mean,\N,"{""aggregation_method"": ""quarterly_mean"", ""source_derivation_types"": [""O"", ""O"", ""O""], ""source_months"": [""2023-M07"", ""2023-M08"", ""2023-M09""], ""source_observation_count"": 3, ""source_series_dimensions"": {""ACCESS_SHARING_LEVEL"": ""PUBLIC_OPEN"", ""COICOP_1999"": ""_T"", ""COMMON_REFERENCE_PERIOD"": ""2018A"", ""COUNTRY"": ""EGY"", ""FREQUENCY"": ""M"", ""IFS_FLAG"": ""true"", ""INDEX_TYPE"": ""CPI"", ""OVERLAP"": ""OL"", ""SCALE"": ""0"", ""SECURITY_CLASSIFICATION"": ""PUB"", ""TYPE_OF_TRANSFORMATION"": ""IX""}}"
EGY,cpi_index_all_items_quarterly_imf,2023-Q4,quarterly,187.36666666666667,\N,derived,IMF_CPI,IMF|ACCESS_SHARING_LEVEL=PUBLIC_OPEN|COICOP_1999=_T|COMMON_REFERENCE_PERIOD=2018A|FREQUENCY=M|IFS_FLAG=true|INDEX_TYPE=CPI|OVERLAP=OL|SCALE=0|SECURITY_CLASSIFICATION=PUB|TYPE_OF_TRANSFORMATION=IX|aggregation=quarterly_mean,\N,"{""aggregation_method"": ""quarterly_mean"", ""source_derivation_types"": [""O"", ""O"", ""O""], ""source_months"": [""2023-M10"", ""2023-M11"", ""2023-M12""], ""source_observation_count"": 3, ""source_series_dimensions"": {""ACCESS_SHARING_LEVEL"": ""PUBLIC_OPEN"", ""COICOP_1999"": ""_T"", ""COMMON_REFERENCE_PERIOD"": ""2018A"", ""COUNTRY"": ""EGY"", ""FREQUENCY"": ""M"", ""IFS_FLAG"": ""true"", ""INDEX_TYPE"": ""CPI"", ""OVERLAP"": ""OL"", ""SCALE"": ""0"", ""SECURITY_CLASSIFICATION"": ""PUB"", ""TYPE_OF_TRANSFORMATION"": ""IX""}}"
ESP,cpi_index_all_items_quarterly_imf,2023-Q1,quarterly,93.31033333333333,\N,derived,IMF_CPI,IMF|ACCESS_SHARING_LEVEL=PUBLIC_OPEN|COICOP_1999=_T|COMMON_REFERENCE_PERIOD=2025A|FREQUENCY=M|IFS_FLAG=true|INDEX_TYPE=CPI|OVERLAP=OL|SCALE=0|SECURITY_CLASSIFICATION=PUB|TYPE_OF_TRANSFORMATION=IX|aggregation=quarterly_mean,\N,"{""aggregation_method"": ""quarterly_mean"", ""source_derivation_types"": [""O"", ""O"", ""O""], ""source_months"": [""2023-M01"", ""2023-M02"", ""2023-M03""], ""source_observation_count"": 3, ""source_series_dimensions"": {""ACCESS_SHARING_LEVEL"": ""PUBLIC_OPEN"", ""COICOP_1999"": ""_T"", ""COMMON_REFERENCE_PERIOD"": ""2025A"", ""COUNTRY"": ""ESP"", ""FREQUENCY"": ""M"", ""IFS_FLAG"": ""true"", ""INDEX_TYPE"": ""CPI"", ""OVERLAP"": ""OL"", ""SCALE"": ""0"", ""SECURITY_CLASSIFICATION"": ""PUB"", ""TYPE_OF_TRANSFORMATION"": ""IX""}}"
ESP,cpi_index_all_items_quarterly_imf,2023-Q2,quarterly,94.53866666666666,\N,derived,IMF_CPI,IMF|ACCESS_SHARING_LEVEL=PUBLIC_OPEN|COICOP_1999=_T|COMMON_REFERENCE_PERIOD=2025A|FREQUENCY=M|IFS_FLAG=true|INDEX_TYPE=CPI|OVERLAP=OL|SCALE=0|SECURITY_CLASSIFICATION=PUB|TYPE_OF_TRANSFORMATION=IX|aggregation=quarterly_mean,\N,"{""aggregation_method"": ""quarterly_mean"", ""source_derivation_types"": [""O"", ""O"", ""O""], ""source_months"": [""2023-M04"", ""2023-M05"", ""2023-M06""], ""source_observation_count"": 3, ""source_series_dimensions"": {""ACCESS_SHARING_LEVEL"": ""PUBLIC_OPEN"", ""COICOP_1999"": ""_T"", ""COMMON_REFERENCE_PERIOD"": ""2025A"", ""COUNTRY"": ""ESP"", ""FREQUENCY"": ""M"", ""IFS_FLAG"": ""true"", ""INDEX_TYPE"": ""CPI"", ""OVERLAP"": ""OL"", ""SCALE"": ""0"", ""SECURITY_CLASSIFICATION"": ""PUB"", ""TYPE_OF_TRANSFORMATION"": ""IX""}}"
ESP,cpi_index_all_items_quarterly_imf,2023-Q3,quarterly,95.43833333333333,\N,derived,IMF_CPI,IMF|ACCESS_SHARING_LEVEL=PUBLIC_OPEN|COICOP_1999=_T|COMMON_REFERENCE_PERIOD=2025A|FREQUENCY=M|IFS_FLAG=true|INDEX_TYPE=CPI|OVERLAP=OL|SCALE=0|SECURITY_CLASSIFICATION=PUB|TYPE_OF_TRANSFORMATION=IX|aggregation=quarterly_mean,\N,"{""aggregation_method"": ""quarterly_mean"", ""source_derivation_types"": [""O"", ""O"", ""O""], ""source_months"": [""2023-M07"", ""2023-M08"", ""2023-M09""], ""source_observation_count"": 3, ""source_series_dimensions"": {""ACCESS_SHARING_LEVEL"": ""PUBLIC_OPEN"", ""COICOP_1999"": ""_T"", ""COMMON_REFERENCE_PERIOD"": ""2025A"", ""COUNTRY"": ""ESP"", ""FREQUENCY"": ""M"", ""IFS_FLAG"": ""true"", ""INDEX_TYPE"": ""CPI"", ""OVERLAP"": ""OL"", ""SCALE"": ""0"", ""SECURITY_CLASSIFICATION"": ""PUB"", ""TYPE_OF_TRANSFORMATION"": ""IX""}}"
ESP,cpi_index_all_items_quarterly_imf,2023-Q4,quarterly,95.78266666666667,\N,derived,IMF_CPI,IMF|ACCESS_SHARING_LEVEL=PUBLIC_OPEN|COICOP_1999=_T|COMMON_REFERENCE_PERIOD=2025A|FREQUENCY=M|IFS_FLAG=true|INDEX_TYPE=CPI|OVERLAP=OL|SCALE=0|SECURITY_CLASSIFICATION=PUB|TYPE_OF_TRANSFORMATION=IX|aggregation=quarterly_mean,\N,"{""aggregation_method"": ""quarterly_mean"", ""source_derivation_types"": [""O"", ""O"", ""O""], ""source_months"": [""2023-M10"", ""2023-M11"", ""2023-M12""], ""source_observation_count"": 3, ""source_series_dimensions"": {""ACCESS_SHARING_LEVEL"": ""PUBLIC_OPEN"", ""COICOP_1999"": ""_T"", ""COMMON_REFERENCE_PERIOD"": ""2025A"", ""COUNTRY"": ""ESP"", ""FREQUENCY"": ""M"", ""IFS_FLAG"": ""true"", ""INDEX_TYPE"": ""CPI"", ""OVERLAP"": ""OL"", ""SCALE"": ""0"", ""SECURITY_CLASSIFICATION"": ""PUB"", ""TYPE_OF_TRANSFORMATION"": ""IX""}}"
EST,cpi_index_all_items_quarterly_imf,2023-Q1,quarterly,284.09233333333333,\N,derived,IMF_CPI,IMF|ACCESS_SHARING_LEVEL=PUBLIC_OPEN|COICOP_1999=_T|COMMON_REFERENCE_PERIOD=1997A|FREQUENCY=M|IFS_FLAG=true|INDEX_TYPE=CPI|OVERLAP=OL|SCALE=0|SECURITY_CLASSIFICATION=PUB|TYPE_OF_TRANSFORMATION=IX|aggregation=quarterly_mean,\N,"{""aggregation_method"": ""quarterly_mean"", ""source_derivation_types"": [""O"", ""O"", ""O""], ""source_months"": [""2023-M01"", ""2023-M02"", ""2023-M03""], ""source_observation_count"": 3, ""source_series_dimensions"": {""ACCESS_SHARING_LEVEL"": ""PUBLIC_OPEN"", ""COICOP_1999"": ""_T"", ""COMMON_REFERENCE_PERIOD"": ""1997A"", ""COUNTRY"": ""EST"", ""FREQUENCY"": ""M"", ""IFS_FLAG"": ""true"", ""INDEX_TYPE"": ""CPI"", ""OVERLAP"": ""OL"", ""SCALE"": ""0"", ""SECURITY_CLASSIFICATION"": ""PUB"", ""TYPE_OF_TRANSFORMATION"": ""IX""}}"
EST,cpi_index_all_items_quarterly_imf,2023-Q2,quarterly,292.173,\N,derived,IMF_CPI,IMF|ACCESS_SHARING_LEVEL=PUBLIC_OPEN|COICOP_1999=_T|COMMON_REFERENCE_PERIOD=1997A|FREQUENCY=M|IFS_FLAG=true|INDEX_TYPE=CPI|OVERLAP=OL|SCALE=0|SECURITY_CLASSIFICATION=PUB|TYPE_OF_TRANSFORMATION=IX|aggregation=quarterly_mean,\N,"{""aggregation_method"": ""quarterly_mean"", ""source_derivation_types"": [""O"", ""O"", ""O""], ""source_months"": [""2023-M04"", ""2023-M05"", ""2023-M06""], ""source_observation_count"": 3, ""source_series_dimensions"": {""ACCESS_SHARING_LEVEL"": ""PUBLIC_OPEN"", ""COICOP_1999"": ""_T"", ""COMMON_REFERENCE_PERIOD"": ""1997A"", ""COUNTRY"": ""EST"", ""FREQUENCY"": ""M"", ""IFS_FLAG"": ""true"", ""INDEX_TYPE"": ""CPI"", ""OVERLAP"": ""OL"", ""SCALE"": ""0"", ""SECURITY_CLASSIFICATION"": ""PUB"", ""TYPE_OF_TRANSFORMATION"": ""IX""}}"
EST,cpi_index_all_items_quarterly_imf,2023-Q3,quarterly,292.73333333333335,\N,derived,IMF_CPI,IMF|ACCESS_SHARING_LEVEL=PUBLIC_OPEN|COICOP_1999=_T|COMMON_REFERENCE_PERIOD=1997A|FREQUENCY=M|IFS_FLAG=true|INDEX_TYPE=CPI|OVERLAP=OL|SCALE=0|SECURITY_CLASSIFICATION=PUB|TYPE_OF_TRANSFORMATION=IX|aggregation=quarterly_mean,\N,"{""aggregation_method"": ""quarterly_mean"", ""source_derivation_types"": [""O"", ""O"", ""O""], ""source_months"": [""2023-M07"", ""2023-M08"", ""2023-M09""], ""source_observation_count"": 3, ""source_series_dimensions"": {""ACCESS_SHARING_LEVEL"": ""PUBLIC_OPEN"", ""COICOP_1999"": ""_T"", ""COMMON_REFERENCE_PERIOD"": ""1997A"", ""COUNTRY"": ""EST"", ""FREQUENCY"": ""M"", ""IFS_FLAG"": ""true"", ""INDEX_TYPE"": ""CPI"", ""OVERLAP"": ""OL"", ""SCALE"": ""0"", ""SECURITY_CLASSIFICATION"": ""PUB"", ""TYPE_OF_TRANSFORMATION"": ""IX""}}"
EST,cpi_index_all_items_quarterly_imf,2023-Q4,quarterly,291.77,\N,derived,IMF_CPI,IMF|ACCESS_SHARING_LEVEL=PUBLIC_OPEN|COICOP_1999=_T|COMMON_REFERENCE_PERIOD=1997A|FREQUENCY=M|IFS_FLAG=true|INDEX_TYPE=CPI|OVERLAP=OL|SCALE=0|SECURITY_CLASSIFICATION=PUB|TYPE_OF_TRANSFORMATION=IX|aggregation=quarterly_mean,\N,"{""aggregation_method"": ""quarterly_mean"", ""source_derivation_types"": [""O"", ""O"", ""O""], ""source_months"": [""2023-M10"", ""2023-M11"", ""2023-M12""], ""source_observation_count"": 3, ""source_series_dimensions"": {""ACCESS_SHARING_LEVEL"": ""PUBLIC_OPEN"", ""COICOP_1999"": ""_T"", ""COMMON_REFERENCE_PERIOD"": ""1997A"", ""COUNTRY"": ""EST"", ""FREQUENCY"": ""M"", ""IFS_FLAG"": ""true"", ""INDEX_TYPE"": ""CPI"", ""OVERLAP"": ""OL"", ""SCALE"": ""0"", ""SECURITY_CLASSIFICATION"": ""PUB"", ""TYPE_OF_TRANSFORMATION"": ""IX""}}"
ETH,cpi_index_all_items_quarterly_imf,2023-Q1,quarterly,343.76666666666665,\N,derived,IMF_CPI,IMF|ACCESS_SHARING_LEVEL=PUBLIC_OPEN|COICOP_1999=_T|COMMON_REFERENCE_PERIOD=2016M12|FREQUENCY=M|IFS_FLAG=true|INDEX_TYPE=CPI|OVERLAP=OL|SCALE=0|SECURITY_CLASSIFICATION=PUB|TYPE_OF_TRANSFORMATION=IX|aggregation=quarterly_mean,\N,"{""aggregation_method"": ""quarterly_mean"", ""source_derivation_types"": [""O"", ""O"", ""O""], ""source_months"": [""2023-M01"", ""2023-M02"", ""2023-M03""], ""source_observation_count"": 3, ""source_series_dimensions"": {""ACCESS_SHARING_LEVEL"": ""PUBLIC_OPEN"", ""COICOP_1999"": ""_T"", ""COMMON_REFERENCE_PERIOD"": ""2016M12"", ""COUNTRY"": ""ETH"", ""FREQUENCY"": ""M"", ""IFS_FLAG"": ""true"", ""INDEX_TYPE"": ""CPI"", ""OVERLAP"": ""OL"", ""SCALE"": ""0"", ""SECURITY_CLASSIFICATION"": ""PUB"", ""TYPE_OF_TRANSFORMATION"": ""IX""}}"
ETH,cpi_index_all_items_quarterly_imf,2023-Q2,quarterly,370.1333333333334,\N,derived,IMF_CPI,IMF|ACCESS_SHARING_LEVEL=PUBLIC_OPEN|COICOP_1999=_T|COMMON_REFERENCE_PERIOD=2016M12|FREQUENCY=M|IFS_FLAG=true|INDEX_TYPE=CPI|OVERLAP=OL|SCALE=0|SECURITY_CLASSIFICATION=PUB|TYPE_OF_TRANSFORMATION=IX|aggregation=quarterly_mean,\N,"{""aggregation_method"": ""quarterly_mean"", ""source_derivation_types"": [""O"", ""O"", ""O""], ""source_months"": [""2023-M04"", ""2023-M05"", ""2023-M06""], ""source_observation_count"": 3, ""source_series_dimensions"": {""ACCESS_SHARING_LEVEL"": ""PUBLIC_OPEN"", ""COICOP_1999"": ""_T"", ""COMMON_REFERENCE_PERIOD"": ""2016M12"", ""COUNTRY"": ""ETH"", ""FREQUENCY"": ""M"", ""IFS_FLAG"": ""true"", ""INDEX_TYPE"": ""CPI"", ""OVERLAP"": ""OL"", ""SCALE"": ""0"", ""SECURITY_CLASSIFICATION"": ""PUB"", ""TYPE_OF_TRANSFORMATION"": ""IX""}}"
ETH,cpi_index_all_items_quarterly_imf,2023-Q3,quarterly,398.04194061322636,\N,derived,IMF_CPI,IMF|ACCESS_SHARING_LEVEL=PUBLIC_OPEN|COICOP_1999=_T|COMMON_REFERENCE_PERIOD=2016M12|FREQUENCY=M|IFS_FLAG=true|INDEX_TYPE=CPI|OVERLAP=OL|SCALE=0|SECURITY_CLASSIFICATION=PUB|TYPE_OF_TRANSFORMATION=IX|aggregation=quarterly_mean,\N,"{""aggregation_method"": ""quarterly_mean"", ""source_derivation_types"": [""O"", ""O"", ""O""], ""source_months"": [""2023-M07"", ""2023-M08"", ""2023-M09""], ""source_observation_count"": 3, ""source_series_dimensions"": {""ACCESS_SHARING_LEVEL"": ""PUBLIC_OPEN"", ""COICOP_1999"": ""_T"", ""COMMON_REFERENCE_PERIOD"": ""2016M12"", ""COUNTRY"": ""ETH"", ""FREQUENCY"": ""M"", ""IFS_FLAG"": ""true"", ""INDEX_TYPE"": ""CPI"", ""OVERLAP"": ""OL"", ""SCALE"": ""0"", ""SECURITY_CLASSIFICATION"": ""PUB"", ""TYPE_OF_TRANSFORMATION"": ""IX""}}"
ETH,cpi_index_all_items_quarterly_imf,2023-Q4,quarterly,419.605099577612,\N,derived,IMF_CPI,IMF|ACCESS_SHARING_LEVEL=PUBLIC_OPEN|COICOP_1999=_T|COMMON_REFERENCE_PERIOD=2016M12|FREQUENCY=M|IFS_FLAG=true|INDEX_TYPE=CPI|OVERLAP=OL|SCALE=0|SECURITY_CLASSIFICATION=PUB|TYPE_OF_TRANSFORMATION=IX|aggregation=quarterly_mean,\N,"{""aggregation_method"": ""quarterly_mean"", ""source_derivation_types"": [""O"", ""O"", ""O""], ""source_months"": [""2023-M10"", ""2023-M11"", ""2023-M12""], ""source_observation_count"": 3, ""source_series_dimensions"": {""ACCESS_SHARING_LEVEL"": ""PUBLIC_OPEN"", ""COICOP_1999"": ""_T"", ""COMMON_REFERENCE_PERIOD"": ""2016M12"", ""COUNTRY"": ""ETH"", ""FREQUENCY"": ""M"", ""IFS_FLAG"": ""true"", ""INDEX_TYPE"": ""CPI"", ""OVERLAP"": ""OL"", ""SCALE"": ""0"", ""SECURITY_CLASSIFICATION"": ""PUB"", ""TYPE_OF_TRANSFORMATION"": ""IX""}}"
FIN,cpi_index_all_items_quarterly_imf,2023-Q1,quarterly,96.83,\N,derived,IMF_CPI,IMF|ACCESS_SHARING_LEVEL=PUBLIC_OPEN|COICOP_1999=_T|COMMON_REFERENCE_PERIOD=2025A|FREQUENCY=M|IFS_FLAG=true|INDEX_TYPE=CPI|OVERLAP=OL|SCALE=0|SECURITY_CLASSIFICATION=PUB|TYPE_OF_TRANSFORMATION=IX|aggregation=quarterly_mean,\N,"{""aggregation_method"": ""quarterly_mean"", ""source_derivation_types"": [""O"", ""O"", ""O""], ""source_months"": [""2023-M01"", ""2023-M02"", ""2023-M03""], ""source_observation_count"": 3, ""source_series_dimensions"": {""ACCESS_SHARING_LEVEL"": ""PUBLIC_OPEN"", ""COICOP_1999"": ""_T"", ""COMMON_REFERENCE_PERIOD"": ""2025A"", ""COUNTRY"": ""FIN"", ""FREQUENCY"": ""M"", ""IFS_FLAG"": ""true"", ""INDEX_TYPE"": ""CPI"", ""OVERLAP"": ""OL"", ""SCALE"": ""0"", ""SECURITY_CLASSIFICATION"": ""PUB"", ""TYPE_OF_TRANSFORMATION"": ""IX""}}"
FIN,cpi_index_all_items_quarterly_imf,2023-Q2,quarterly,98.08333333333333,\N,derived,IMF_CPI,IMF|ACCESS_SHARING_LEVEL=PUBLIC_OPEN|COICOP_1999=_T|COMMON_REFERENCE_PERIOD=2025A|FREQUENCY=M|IFS_FLAG=true|INDEX_TYPE=CPI|OVERLAP=OL|SCALE=0|SECURITY_CLASSIFICATION=PUB|TYPE_OF_TRANSFORMATION=IX|aggregation=quarterly_mean,\N,"{""aggregation_method"": ""quarterly_mean"", ""source_derivation_types"": [""O"", ""O"", ""O""], ""source_months"": [""2023-M04"", ""2023-M05"", ""2023-M06""], ""source_observation_count"": 3, ""source_series_dimensions"": {""ACCESS_SHARING_LEVEL"": ""PUBLIC_OPEN"", ""COICOP_1999"": ""_T"", ""COMMON_REFERENCE_PERIOD"": ""2025A"", ""COUNTRY"": ""FIN"", ""FREQUENCY"": ""M"", ""IFS_FLAG"": ""true"", ""INDEX_TYPE"": ""CPI"", ""OVERLAP"": ""OL"", ""SCALE"": ""0"", ""SECURITY_CLASSIFICATION"": ""PUB"", ""TYPE_OF_TRANSFORMATION"": ""IX""}}"
FIN,cpi_index_all_items_quarterly_imf,2023-Q3,quarterly,98.57666666666667,\N,derived,IMF_CPI,IMF|ACCESS_SHARING_LEVEL=PUBLIC_OPEN|COICOP_1999=_T|COMMON_REFERENCE_PERIOD=2025A|FREQUENCY=M|IFS_FLAG=true|INDEX_TYPE=CPI|OVERLAP=OL|SCALE=0|SECURITY_CLASSIFICATION=PUB|TYPE_OF_TRANSFORMATION=IX|aggregation=quarterly_mean,\N,"{""aggregation_method"": ""quarterly_mean"", ""source_derivation_types"": [""O"", ""O"", ""O""], ""source_months"": [""2023-M07"", ""2023-M08"", ""2023-M09""], ""source_observation_count"": 3, ""source_series_dimensions"": {""ACCESS_SHARING_LEVEL"": ""PUBLIC_OPEN"", ""COICOP_1999"": ""_T"", ""COMMON_REFERENCE_PERIOD"": ""2025A"", ""COUNTRY"": ""FIN"", ""FREQUENCY"": ""M"", ""IFS_FLAG"": ""true"", ""INDEX_TYPE"": ""CPI"", ""OVERLAP"": ""OL"", ""SCALE"": ""0"", ""SECURITY_CLASSIFICATION"": ""PUB"", ""TYPE_OF_TRANSFORMATION"": ""IX""}}"
FIN,cpi_index_all_items_quarterly_imf,2023-Q4,quarterly,98.97666666666667,\N,derived,IMF_CPI,IMF|ACCESS_SHARING_LEVEL=PUBLIC_OPEN|COICOP_1999=_T|COMMON_REFERENCE_PERIOD=2025A|FREQUENCY=M|IFS_FLAG=true|INDEX_TYPE=CPI|OVERLAP=OL|SCALE=0|SECURITY_CLASSIFICATION=PUB|TYPE_OF_TRANSFORMATION=IX|aggregation=quarterly_mean,\N,"{""aggregation_method"": ""quarterly_mean"", ""source_derivation_types"": [""O"", ""O"", ""O""], ""source_months"": [""2023-M10"", ""2023-M11"", ""2023-M12""], ""source_observation_count"": 3, ""source_series_dimensions"": {""ACCESS_SHARING_LEVEL"": ""PUBLIC_OPEN"", ""COICOP_1999"": ""_T"", ""COMMON_REFERENCE_PERIOD"": ""2025A"", ""COUNTRY"": ""FIN"", ""FREQUENCY"": ""M"", ""IFS_FLAG"": ""true"", ""INDEX_TYPE"": ""CPI"", ""OVERLAP"": ""OL"", ""SCALE"": ""0"", ""SECURITY_CLASSIFICATION"": ""PUB"", ""TYPE_OF_TRANSFORMATION"": ""IX""}}"
FJI,cpi_index_all_items_quarterly_imf,2023-Q1,quarterly,107.56666666666666,\N,derived,IMF_CPI,IMF|ACCESS_SHARING_LEVEL=PUBLIC_OPEN|COICOP_1999=_T|COMMON_REFERENCE_PERIOD=2019A|FREQUENCY=M|IFS_FLAG=true|INDEX_TYPE=CPI|OVERLAP=OL|SCALE=0|SECURITY_CLASSIFICATION=PUB|TYPE_OF_TRANSFORMATION=IX|aggregation=quarterly_mean,\N,"{""aggregation_method"": ""quarterly_mean"", ""source_derivation_types"": [""O"", ""O"", ""O""], ""source_months"": [""2023-M01"", ""2023-M02"", ""2023-M03""], ""source_observation_count"": 3, ""source_series_dimensions"": {""ACCESS_SHARING_LEVEL"": ""PUBLIC_OPEN"", ""COICOP_1999"": ""_T"", ""COMMON_REFERENCE_PERIOD"": ""2019A"", ""COUNTRY"": ""FJI"", ""FREQUENCY"": ""M"", ""IFS_FLAG"": ""true"", ""INDEX_TYPE"": ""CPI"", ""OVERLAP"": ""OL"", ""SCALE"": ""0"", ""SECURITY_CLASSIFICATION"": ""PUB"", ""TYPE_OF_TRANSFORMATION"": ""IX""}}"
FJI,cpi_index_all_items_quarterly_imf,2023-Q2,quarterly,107.5,\N,derived,IMF_CPI,IMF|ACCESS_SHARING_LEVEL=PUBLIC_OPEN|COICOP_1999=_T|COMMON_REFERENCE_PERIOD=2019A|FREQUENCY=M|IFS_FLAG=true|INDEX_TYPE=CPI|OVERLAP=OL|SCALE=0|SECURITY_CLASSIFICATION=PUB|TYPE_OF_TRANSFORMATION=IX|aggregation=quarterly_mean,\N,"{""aggregation_method"": ""quarterly_mean"", ""source_derivation_types"": [""O"", ""O"", ""O""], ""source_months"": [""2023-M04"", ""2023-M05"", ""2023-M06""], ""source_observation_count"": 3, ""source_series_dimensions"": {""ACCESS_SHARING_LEVEL"": ""PUBLIC_OPEN"", ""COICOP_1999"": ""_T"", ""COMMON_REFERENCE_PERIOD"": ""2019A"", ""COUNTRY"": ""FJI"", ""FREQUENCY"": ""M"", ""IFS_FLAG"": ""true"", ""INDEX_TYPE"": ""CPI"", ""OVERLAP"": ""OL"", ""SCALE"": ""0"", ""SECURITY_CLASSIFICATION"": ""PUB"", ""TYPE_OF_TRANSFORMATION"": ""IX""}}"
FJI,cpi_index_all_items_quarterly_imf,2023-Q3,quarterly,109.0,\N,derived,IMF_CPI,IMF|ACCESS_SHARING_LEVEL=PUBLIC_OPEN|COICOP_1999=_T|COMMON_REFERENCE_PERIOD=2019A|FREQUENCY=M|IFS_FLAG=true|INDEX_TYPE=CPI|OVERLAP=OL|SCALE=0|SECURITY_CLASSIFICATION=PUB|TYPE_OF_TRANSFORMATION=IX|aggregation=quarterly_mean,\N,"{""aggregation_method"": ""quarterly_mean"", ""source_derivation_types"": [""O"", ""O"", ""O""], ""source_months"": [""2023-M07"", ""2023-M08"", ""2023-M09""], ""source_observation_count"": 3, ""source_series_dimensions"": {""ACCESS_SHARING_LEVEL"": ""PUBLIC_OPEN"", ""COICOP_1999"": ""_T"", ""COMMON_REFERENCE_PERIOD"": ""2019A"", ""COUNTRY"": ""FJI"", ""FREQUENCY"": ""M"", ""IFS_FLAG"": ""true"", ""INDEX_TYPE"": ""CPI"", ""OVERLAP"": ""OL"", ""SCALE"": ""0"", ""SECURITY_CLASSIFICATION"": ""PUB"", ""TYPE_OF_TRANSFORMATION"": ""IX""}}"
FJI,cpi_index_all_items_quarterly_imf,2023-Q4,quarterly,112.0,\N,derived,IMF_CPI,IMF|ACCESS_SHARING_LEVEL=PUBLIC_OPEN|COICOP_1999=_T|COMMON_REFERENCE_PERIOD=2019A|FREQUENCY=M|IFS_FLAG=true|INDEX_TYPE=CPI|OVERLAP=OL|SCALE=0|SECURITY_CLASSIFICATION=PUB|TYPE_OF_TRANSFORMATION=IX|aggregation=quarterly_mean,\N,"{""aggregation_method"": ""quarterly_mean"", ""source_derivation_types"": [""O"", ""O"", ""O""], ""source_months"": [""2023-M10"", ""2023-M11"", ""2023-M12""], ""source_observation_count"": 3, ""source_series_dimensions"": {""ACCESS_SHARING_LEVEL"": ""PUBLIC_OPEN"", ""COICOP_1999"": ""_T"", ""COMMON_REFERENCE_PERIOD"": ""2019A"", ""COUNTRY"": ""FJI"", ""FREQUENCY"": ""M"", ""IFS_FLAG"": ""true"", ""INDEX_TYPE"": ""CPI"", ""OVERLAP"": ""OL"", ""SCALE"": ""0"", ""SECURITY_CLASSIFICATION"": ""PUB"", ""TYPE_OF_TRANSFORMATION"": ""IX""}}"
FRA,cpi_index_all_items_quarterly_imf,2023-Q1,quarterly,95.68,\N,derived,IMF_CPI,IMF|ACCESS_SHARING_LEVEL=PUBLIC_OPEN|COICOP_1999=_T|COMMON_REFERENCE_PERIOD=2025A|FREQUENCY=M|IFS_FLAG=true|INDEX_TYPE=CPI|OVERLAP=OL|SCALE=0|SECURITY_CLASSIFICATION=PUB|TYPE_OF_TRANSFORMATION=IX|aggregation=quarterly_mean,\N,"{""aggregation_method"": ""quarterly_mean"", ""source_derivation_types"": [""O"", ""O"", ""O""], ""source_months"": [""2023-M01"", ""2023-M02"", ""2023-M03""], ""source_observation_count"": 3, ""source_series_dimensions"": {""ACCESS_SHARING_LEVEL"": ""PUBLIC_OPEN"", ""COICOP_1999"": ""_T"", ""COMMON_REFERENCE_PERIOD"": ""2025A"", ""COUNTRY"": ""FRA"", ""FREQUENCY"": ""M"", ""IFS_FLAG"": ""true"", ""INDEX_TYPE"": ""CPI"", ""OVERLAP"": ""OL"", ""SCALE"": ""0"", ""SECURITY_CLASSIFICATION"": ""PUB"", ""TYPE_OF_TRANSFORMATION"": ""IX""}}"
FRA,cpi_index_all_items_quarterly_imf,2023-Q2,quarterly,97.17333333333333,\N,derived,IMF_CPI,IMF|ACCESS_SHARING_LEVEL=PUBLIC_OPEN|COICOP_1999=_T|COMMON_REFERENCE_PERIOD=2025A|FREQUENCY=M|IFS_FLAG=true|INDEX_TYPE=CPI|OVERLAP=OL|SCALE=0|SECURITY_CLASSIFICATION=PUB|TYPE_OF_TRANSFORMATION=IX|aggregation=quarterly_mean,\N,"{""aggregation_method"": ""quarterly_mean"", ""source_derivation_types"": [""O"", ""O"", ""O""], ""source_months"": [""2023-M04"", ""2023-M05"", ""2023-M06""], ""source_observation_count"": 3, ""source_series_dimensions"": {""ACCESS_SHARING_LEVEL"": ""PUBLIC_OPEN"", ""COICOP_1999"": ""_T"", ""COMMON_REFERENCE_PERIOD"": ""2025A"", ""COUNTRY"": ""FRA"", ""FREQUENCY"": ""M"", ""IFS_FLAG"": ""true"", ""INDEX_TYPE"": ""CPI"", ""OVERLAP"": ""OL"", ""SCALE"": ""0"", ""SECURITY_CLASSIFICATION"": ""PUB"", ""TYPE_OF_TRANSFORMATION"": ""IX""}}"
FRA,cpi_index_all_items_quarterly_imf,2023-Q3,quarterly,97.79666666666667,\N,derived,IMF_CPI,IMF|ACCESS_SHARING_LEVEL=PUBLIC_OPEN|COICOP_1999=_T|COMMON_REFERENCE_PERIOD=2025A|FREQUENCY=M|IFS_FLAG=true|INDEX_TYPE=CPI|OVERLAP=OL|SCALE=0|SECURITY_CLASSIFICATION=PUB|TYPE_OF_TRANSFORMATION=IX|aggregation=quarterly_mean,\N,"{""aggregation_method"": ""quarterly_mean"", ""source_derivation_types"": [""O"", ""O"", ""O""], ""source_months"": [""2023-M07"", ""2023-M08"", ""2023-M09""], ""source_observation_count"": 3, ""source_series_dimensions"": {""ACCESS_SHARING_LEVEL"": ""PUBLIC_OPEN"", ""COICOP_1999"": ""_T"", ""COMMON_REFERENCE_PERIOD"": ""2025A"", ""COUNTRY"": ""FRA"", ""FREQUENCY"": ""M"", ""IFS_FLAG"": ""true"", ""INDEX_TYPE"": ""CPI"", ""OVERLAP"": ""OL"", ""SCALE"": ""0"", ""SECURITY_CLASSIFICATION"": ""PUB"", ""TYPE_OF_TRANSFORMATION"": ""IX""}}"
FRA,cpi_index_all_items_quarterly_imf,2023-Q4,quarterly,97.85000000000001,\N,derived,IMF_CPI,IMF|ACCESS_SHARING_LEVEL=PUBLIC_OPEN|COICOP_1999=_T|COMMON_REFERENCE_PERIOD=2025A|FREQUENCY=M|IFS_FLAG=true|INDEX_TYPE=CPI|OVERLAP=OL|SCALE=0|SECURITY_CLASSIFICATION=PUB|TYPE_OF_TRANSFORMATION=IX|aggregation=quarterly_mean,\N,"{""aggregation_method"": ""quarterly_mean"", ""source_derivation_types"": [""O"", ""O"", ""O""], ""source_months"": [""2023-M10"", ""2023-M11"", ""2023-M12""], ""source_observation_count"": 3, ""source_series_dimensions"": {""ACCESS_SHARING_LEVEL"": ""PUBLIC_OPEN"", ""COICOP_1999"": ""_T"", ""COMMON_REFERENCE_PERIOD"": ""2025A"", ""COUNTRY"": ""FRA"", ""FREQUENCY"": ""M"", ""IFS_FLAG"": ""true"", ""INDEX_TYPE"": ""CPI"", ""OVERLAP"": ""OL"", ""SCALE"": ""0"", ""SECURITY_CLASSIFICATION"": ""PUB"", ""TYPE_OF_TRANSFORMATION"": ""IX""}}"
GAB,cpi_index_all_items_quarterly_imf,2023-Q1,quarterly,110.207589467366,\N,derived,IMF_CPI,IMF|ACCESS_SHARING_LEVEL=PUBLIC_OPEN|COICOP_1999=_T|COMMON_REFERENCE_PERIOD=2018A|FREQUENCY=M|IFS_FLAG=true|INDEX_TYPE=CPI|OVERLAP=OL|SCALE=0|SECURITY_CLASSIFICATION=PUB|TYPE_OF_TRANSFORMATION=IX|aggregation=quarterly_mean,\N,"{""aggregation_method"": ""quarterly_mean"", ""source_derivation_types"": [""O"", ""O"", ""O""], ""source_months"": [""2023-M01"", ""2023-M02"", ""2023-M03""], ""source_observation_count"": 3, ""source_series_dimensions"": {""ACCESS_SHARING_LEVEL"": ""PUBLIC_OPEN"", ""COICOP_1999"": ""_T"", ""COMMON_REFERENCE_PERIOD"": ""2018A"", ""COUNTRY"": ""GAB"", ""FREQUENCY"": ""M"", ""IFS_FLAG"": ""true"", ""INDEX_TYPE"": ""CPI"", ""OVERLAP"": ""OL"", ""SCALE"": ""0"", ""SECURITY_CLASSIFICATION"": ""PUB"", ""TYPE_OF_TRANSFORMATION"": ""IX""}}"
GAB,cpi_index_all_items_quarterly_imf,2023-Q2,quarterly,111.20722901026367,\N,derived,IMF_CPI,IMF|ACCESS_SHARING_LEVEL=PUBLIC_OPEN|COICOP_1999=_T|COMMON_REFERENCE_PERIOD=2018A|FREQUENCY=M|IFS_FLAG=true|INDEX_TYPE=CPI|OVERLAP=OL|SCALE=0|SECURITY_CLASSIFICATION=PUB|TYPE_OF_TRANSFORMATION=IX|aggregation=quarterly_mean,\N,"{""aggregation_method"": ""quarterly_mean"", ""source_derivation_types"": [""O"", ""O"", ""O""], ""source_months"": [""2023-M04"", ""2023-M05"", ""2023-M06""], ""source_observation_count"": 3, ""source_series_dimensions"": {""ACCESS_SHARING_LEVEL"": ""PUBLIC_OPEN"", ""COICOP_1999"": ""_T"", ""COMMON_REFERENCE_PERIOD"": ""2018A"", ""COUNTRY"": ""GAB"", ""FREQUENCY"": ""M"", ""IFS_FLAG"": ""true"", ""INDEX_TYPE"": ""CPI"", ""OVERLAP"": ""OL"", ""SCALE"": ""0"", ""SECURITY_CLASSIFICATION"": ""PUB"", ""TYPE_OF_TRANSFORMATION"": ""IX""}}"
GAB,cpi_index_all_items_quarterly_imf,2023-Q3,quarterly,112.16666666666667,\N,derived,IMF_CPI,IMF|ACCESS_SHARING_LEVEL=PUBLIC_OPEN|COICOP_1999=_T|COMMON_REFERENCE_PERIOD=2018A|FREQUENCY=M|IFS_FLAG=true|INDEX_TYPE=CPI|OVERLAP=OL|SCALE=0|SECURITY_CLASSIFICATION=PUB|TYPE_OF_TRANSFORMATION=IX|aggregation=quarterly_mean,\N,"{""aggregation_method"": ""quarterly_mean"", ""source_derivation_types"": [""O"", ""O"", ""O""], ""source_months"": [""2023-M07"", ""2023-M08"", ""2023-M09""], ""source_observation_count"": 3, ""source_series_dimensions"": {""ACCESS_SHARING_LEVEL"": ""PUBLIC_OPEN"", ""COICOP_1999"": ""_T"", ""COMMON_REFERENCE_PERIOD"": ""2018A"", ""COUNTRY"": ""GAB"", ""FREQUENCY"": ""M"", ""IFS_FLAG"": ""true"", ""INDEX_TYPE"": ""CPI"", ""OVERLAP"": ""OL"", ""SCALE"": ""0"", ""SECURITY_CLASSIFICATION"": ""PUB"", ""TYPE_OF_TRANSFORMATION"": ""IX""}}"
GAB,cpi_index_all_items_quarterly_imf,2023-Q4,quarterly,112.39999999999999,\N,derived,IMF_CPI,IMF|ACCESS_SHARING_LEVEL=PUBLIC_OPEN|COICOP_1999=_T|COMMON_REFERENCE_PERIOD=2018A|FREQUENCY=M|IFS_FLAG=true|INDEX_TYPE=CPI|OVERLAP=OL|SCALE=0|SECURITY_CLASSIFICATION=PUB|TYPE_OF_TRANSFORMATION=IX|aggregation=quarterly_mean,\N,"{""aggregation_method"": ""quarterly_mean"", ""source_derivation_types"": [""O"", ""O"", ""O""], ""source_months"": [""2023-M10"", ""2023-M11"", ""2023-M12""], ""source_observation_count"": 3, ""source_series_dimensions"": {""ACCESS_SHARING_LEVEL"": ""PUBLIC_OPEN"", ""COICOP_1999"": ""_T"", ""COMMON_REFERENCE_PERIOD"": ""2018A"", ""COUNTRY"": ""GAB"", ""FREQUENCY"": ""M"", ""IFS_FLAG"": ""true"", ""INDEX_TYPE"": ""CPI"", ""OVERLAP"": ""OL"", ""SCALE"": ""0"", ""SECURITY_CLASSIFICATION"": ""PUB"", ""TYPE_OF_TRANSFORMATION"": ""IX""}}"
GBR,cpi_index_all_items_quarterly_imf,2023-Q1,quarterly,125.86666666666667,\N,derived,IMF_CPI,IMF|ACCESS_SHARING_LEVEL=PUBLIC_OPEN|COICOP_1999=_T|COMMON_REFERENCE_PERIOD=2015A|FREQUENCY=M|IFS_FLAG=true|INDEX_TYPE=CPI|OVERLAP=OL|SCALE=0|SECURITY_CLASSIFICATION=PUB|TYPE_OF_TRANSFORMATION=IX|aggregation=quarterly_mean,\N,"{""aggregation_method"": ""quarterly_mean"", ""source_derivation_types"": [""O"", ""O"", ""O""], ""source_months"": [""2023-M01"", ""2023-M02"", ""2023-M03""], ""source_observation_count"": 3, ""source_series_dimensions"": {""ACCESS_SHARING_LEVEL"": ""PUBLIC_OPEN"", ""COICOP_1999"": ""_T"", ""COMMON_REFERENCE_PERIOD"": ""2015A"", ""COUNTRY"": ""GBR"", ""FREQUENCY"": ""M"", ""IFS_FLAG"": ""true"", ""INDEX_TYPE"": ""CPI"", ""OVERLAP"": ""OL"", ""SCALE"": ""0"", ""SECURITY_CLASSIFICATION"": ""PUB"", ""TYPE_OF_TRANSFORMATION"": ""IX""}}"
GBR,cpi_index_all_items_quarterly_imf,2023-Q2,quarterly,128.9333333333333,\N,derived,IMF_CPI,IMF|ACCESS_SHARING_LEVEL=PUBLIC_OPEN|COICOP_1999=_T|COMMON_REFERENCE_PERIOD=2015A|FREQUENCY=M|IFS_FLAG=true|INDEX_TYPE=CPI|OVERLAP=OL|SCALE=0|SECURITY_CLASSIFICATION=PUB|TYPE_OF_TRANSFORMATION=IX|aggregation=quarterly_mean,\N,"{""aggregation_method"": ""quarterly_mean"", ""source_derivation_types"": [""O"", ""O"", ""O""], ""source_months"": [""2023-M04"", ""2023-M05"", ""2023-M06""], ""source_observation_count"": 3, ""source_series_dimensions"": {""ACCESS_SHARING_LEVEL"": ""PUBLIC_OPEN"", ""COICOP_1999"": ""_T"", ""COMMON_REFERENCE_PERIOD"": ""2015A"", ""COUNTRY"": ""GBR"", ""FREQUENCY"": ""M"", ""IFS_FLAG"": ""true"", ""INDEX_TYPE"": ""CPI"", ""OVERLAP"": ""OL"", ""SCALE"": ""0"", ""SECURITY_CLASSIFICATION"": ""PUB"", ""TYPE_OF_TRANSFORMATION"": ""IX""}}"
GBR,cpi_index_all_items_quarterly_imf,2023-Q3,quarterly,129.5,\N,derived,IMF_CPI,IMF|ACCESS_SHARING_LEVEL=PUBLIC_OPEN|COICOP_1999=_T|COMMON_REFERENCE_PERIOD=2015A|FREQUENCY=M|IFS_FLAG=true|INDEX_TYPE=CPI|OVERLAP=OL|SCALE=0|SECURITY_CLASSIFICATION=PUB|TYPE_OF_TRANSFORMATION=IX|aggregation=quarterly_mean,\N,"{""aggregation_method"": ""quarterly_mean"", ""source_derivation_types"": [""O"", ""O"", ""O""], ""source_months"": [""2023-M07"", ""2023-M08"", ""2023-M09""], ""source_observation_count"": 3, ""source_series_dimensions"": {""ACCESS_SHARING_LEVEL"": ""PUBLIC_OPEN"", ""COICOP_1999"": ""_T"", ""COMMON_REFERENCE_PERIOD"": ""2015A"", ""COUNTRY"": ""GBR"", ""FREQUENCY"": ""M"", ""IFS_FLAG"": ""true"", ""INDEX_TYPE"": ""CPI"", ""OVERLAP"": ""OL"", ""SCALE"": ""0"", ""SECURITY_CLASSIFICATION"": ""PUB"", ""TYPE_OF_TRANSFORMATION"": ""IX""}}"
GBR,cpi_index_all_items_quarterly_imf,2023-Q4,quarterly,130.23333333333332,\N,derived,IMF_CPI,IMF|ACCESS_SHARING_LEVEL=PUBLIC_OPEN|COICOP_1999=_T|COMMON_REFERENCE_PERIOD=2015A|FREQUENCY=M|IFS_FLAG=true|INDEX_TYPE=CPI|OVERLAP=OL|SCALE=0|SECURITY_CLASSIFICATION=PUB|TYPE_OF_TRANSFORMATION=IX|aggregation=quarterly_mean,\N,"{""aggregation_method"": ""quarterly_mean"", ""source_derivation_types"": [""O"", ""O"", ""O""], ""source_months"": [""2023-M10"", ""2023-M11"", ""2023-M12""], ""source_observation_count"": 3, ""source_series_dimensions"": {""ACCESS_SHARING_LEVEL"": ""PUBLIC_OPEN"", ""COICOP_1999"": ""_T"", ""COMMON_REFERENCE_PERIOD"": ""2015A"", ""COUNTRY"": ""GBR"", ""FREQUENCY"": ""M"", ""IFS_FLAG"": ""true"", ""INDEX_TYPE"": ""CPI"", ""OVERLAP"": ""OL"", ""SCALE"": ""0"", ""SECURITY_CLASSIFICATION"": ""PUB"", ""TYPE_OF_TRANSFORMATION"": ""IX""}}"
GEO,cpi_index_all_items_quarterly_imf,2023-Q1,quarterly,177.69433333333336,\N,derived,IMF_CPI,IMF|ACCESS_SHARING_LEVEL=PUBLIC_OPEN|COICOP_1999=_T|COMMON_REFERENCE_PERIOD=2010A|FREQUENCY=M|IFS_FLAG=true|INDEX_TYPE=CPI|OVERLAP=OL|SCALE=0|SECURITY_CLASSIFICATION=PUB|TYPE_OF_TRANSFORMATION=IX|aggregation=quarterly_mean,\N,"{""aggregation_method"": ""quarterly_mean"", ""source_derivation_types"": [""O"", ""O"", ""O""], ""source_months"": [""2023-M01"", ""2023-M02"", ""2023-M03""], ""source_observation_count"": 3, ""source_series_dimensions"": {""ACCESS_SHARING_LEVEL"": ""PUBLIC_OPEN"", ""COICOP_1999"": ""_T"", ""COMMON_REFERENCE_PERIOD"": ""2010A"", ""COUNTRY"": ""GEO"", ""FREQUENCY"": ""M"", ""IFS_FLAG"": ""true"", ""INDEX_TYPE"": ""CPI"", ""OVERLAP"": ""OL"", ""SCALE"": ""0"", ""SECURITY_CLASSIFICATION"": ""PUB"", ""TYPE_OF_TRANSFORMATION"": ""IX""}}"
GEO,cpi_index_all_items_quarterly_imf,2023-Q2,quarterly,175.4243,\N,derived,IMF_CPI,IMF|ACCESS_SHARING_LEVEL=PUBLIC_OPEN|COICOP_1999=_T|COMMON_REFERENCE_PERIOD=2010A|FREQUENCY=M|IFS_FLAG=true|INDEX_TYPE=CPI|OVERLAP=OL|SCALE=0|SECURITY_CLASSIFICATION=PUB|TYPE_OF_TRANSFORMATION=IX|aggregation=quarterly_mean,\N,"{""aggregation_method"": ""quarterly_mean"", ""source_derivation_types"": [""O"", ""O"", ""O""], ""source_months"": [""2023-M04"", ""2023-M05"", ""2023-M06""], ""source_observation_count"": 3, ""source_series_dimensions"": {""ACCESS_SHARING_LEVEL"": ""PUBLIC_OPEN"", ""COICOP_1999"": ""_T"", ""COMMON_REFERENCE_PERIOD"": ""2010A"", ""COUNTRY"": ""GEO"", ""FREQUENCY"": ""M"", ""IFS_FLAG"": ""true"", ""INDEX_TYPE"": ""CPI"", ""OVERLAP"": ""OL"", ""SCALE"": ""0"", ""SECURITY_CLASSIFICATION"": ""PUB"", ""TYPE_OF_TRANSFORMATION"": ""IX""}}"
GEO,cpi_index_all_items_quarterly_imf,2023-Q3,quarterly,175.69946666666667,\N,derived,IMF_CPI,IMF|ACCESS_SHARING_LEVEL=PUBLIC_OPEN|COICOP_1999=_T|COMMON_REFERENCE_PERIOD=2010A|FREQUENCY=M|IFS_FLAG=true|INDEX_TYPE=CPI|OVERLAP=OL|SCALE=0|SECURITY_CLASSIFICATION=PUB|TYPE_OF_TRANSFORMATION=IX|aggregation=quarterly_mean,\N,"{""aggregation_method"": ""quarterly_mean"", ""source_derivation_types"": [""O"", ""O"", ""O""], ""source_months"": [""2023-M07"", ""2023-M08"", ""2023-M09""], ""source_observation_count"": 3, ""source_series_dimensions"": {""ACCESS_SHARING_LEVEL"": ""PUBLIC_OPEN"", ""COICOP_1999"": ""_T"", ""COMMON_REFERENCE_PERIOD"": ""2010A"", ""COUNTRY"": ""GEO"", ""FREQUENCY"": ""M"", ""IFS_FLAG"": ""true"", ""INDEX_TYPE"": ""CPI"", ""OVERLAP"": ""OL"", ""SCALE"": ""0"", ""SECURITY_CLASSIFICATION"": ""PUB"", ""TYPE_OF_TRANSFORMATION"": ""IX""}}"
GEO,cpi_index_all_items_quarterly_imf,2023-Q4,quarterly,177.67396666666664,\N,derived,IMF_CPI,IMF|ACCESS_SHARING_LEVEL=PUBLIC_OPEN|COICOP_1999=_T|COMMON_REFERENCE_PERIOD=2010A|FREQUENCY=M|IFS_FLAG=true|INDEX_TYPE=CPI|OVERLAP=OL|SCALE=0|SECURITY_CLASSIFICATION=PUB|TYPE_OF_TRANSFORMATION=IX|aggregation=quarterly_mean,\N,"{""aggregation_method"": ""quarterly_mean"", ""source_derivation_types"": [""O"", ""O"", ""O""], ""source_months"": [""2023-M10"", ""2023-M11"", ""2023-M12""], ""source_observation_count"": 3, ""source_series_dimensions"": {""ACCESS_SHARING_LEVEL"": ""PUBLIC_OPEN"", ""COICOP_1999"": ""_T"", ""COMMON_REFERENCE_PERIOD"": ""2010A"", ""COUNTRY"": ""GEO"", ""FREQUENCY"": ""M"", ""IFS_FLAG"": ""true"", ""INDEX_TYPE"": ""CPI"", ""OVERLAP"": ""OL"", ""SCALE"": ""0"", ""SECURITY_CLASSIFICATION"": ""PUB"", ""TYPE_OF_TRANSFORMATION"": ""IX""}}"
GHA,cpi_index_all_items_quarterly_imf,2023-Q1,quarterly,166.96666666666667,\N,derived,IMF_CPI,IMF|ACCESS_SHARING_LEVEL=PUBLIC_OPEN|COICOP_1999=_T|COMMON_REFERENCE_PERIOD=2021A|FREQUENCY=M|IFS_FLAG=true|INDEX_TYPE=CPI|OVERLAP=OL|SCALE=0|SECURITY_CLASSIFICATION=PUB|TYPE_OF_TRANSFORMATION=IX|aggregation=quarterly_mean,\N,"{""aggregation_method"": ""quarterly_mean"", ""source_derivation_types"": [""O"", ""O"", ""O""], ""source_months"": [""2023-M01"", ""2023-M02"", ""2023-M03""], ""source_observation_count"": 3, ""source_series_dimensions"": {""ACCESS_SHARING_LEVEL"": ""PUBLIC_OPEN"", ""COICOP_1999"": ""_T"", ""COMMON_REFERENCE_PERIOD"": ""2021A"", ""COUNTRY"": ""GHA"", ""FREQUENCY"": ""M"", ""IFS_FLAG"": ""true"", ""INDEX_TYPE"": ""CPI"", ""OVERLAP"": ""OL"", ""SCALE"": ""0"", ""SECURITY_CLASSIFICATION"": ""PUB"", ""TYPE_OF_TRANSFORMATION"": ""IX""}}"
GHA,cpi_index_all_items_quarterly_imf,2023-Q2,quarterly,177.86666666666667,\N,derived,IMF_CPI,IMF|ACCESS_SHARING_LEVEL=PUBLIC_OPEN|COICOP_1999=_T|COMMON_REFERENCE_PERIOD=2021A|FREQUENCY=M|IFS_FLAG=true|INDEX_TYPE=CPI|OVERLAP=OL|SCALE=0|SECURITY_CLASSIFICATION=PUB|TYPE_OF_TRANSFORMATION=IX|aggregation=quarterly_mean,\N,"{""aggregation_method"": ""quarterly_mean"", ""source_derivation_types"": [""O"", ""O"", ""O""], ""source_months"": [""2023-M04"", ""2023-M05"", ""2023-M06""], ""source_observation_count"": 3, ""source_series_dimensions"": {""ACCESS_SHARING_LEVEL"": ""PUBLIC_OPEN"", ""COICOP_1999"": ""_T"", ""COMMON_REFERENCE_PERIOD"": ""2021A"", ""COUNTRY"": ""GHA"", ""FREQUENCY"": ""M"", ""IFS_FLAG"": ""true"", ""INDEX_TYPE"": ""CPI"", ""OVERLAP"": ""OL"", ""SCALE"": ""0"", ""SECURITY_CLASSIFICATION"": ""PUB"", ""TYPE_OF_TRANSFORMATION"": ""IX""}}"
GHA,cpi_index_all_items_quarterly_imf,2023-Q3,quarterly,191.9,\N,derived,IMF_CPI,IMF|ACCESS_SHARING_LEVEL=PUBLIC_OPEN|COICOP_1999=_T|COMMON_REFERENCE_PERIOD=2021A|FREQUENCY=M|IFS_FLAG=true|INDEX_TYPE=CPI|OVERLAP=OL|SCALE=0|SECURITY_CLASSIFICATION=PUB|TYPE_OF_TRANSFORMATION=IX|aggregation=quarterly_mean,\N,"{""aggregation_method"": ""quarterly_mean"", ""source_derivation_types"": [""O"", ""O"", ""O""], ""source_months"": [""2023-M07"", ""2023-M08"", ""2023-M09""], ""source_observation_count"": 3, ""source_series_dimensions"": {""ACCESS_SHARING_LEVEL"": ""PUBLIC_OPEN"", ""COICOP_1999"": ""_T"", ""COMMON_REFERENCE_PERIOD"": ""2021A"", ""COUNTRY"": ""GHA"", ""FREQUENCY"": ""M"", ""IFS_FLAG"": ""true"", ""INDEX_TYPE"": ""CPI"", ""OVERLAP"": ""OL"", ""SCALE"": ""0"", ""SECURITY_CLASSIFICATION"": ""PUB"", ""TYPE_OF_TRANSFORMATION"": ""IX""}}"
GHA,cpi_index_all_items_quarterly_imf,2023-Q4,quarterly,197.96666666666667,\N,derived,IMF_CPI,IMF|ACCESS_SHARING_LEVEL=PUBLIC_OPEN|COICOP_1999=_T|COMMON_REFERENCE_PERIOD=2021A|FREQUENCY=M|IFS_FLAG=true|INDEX_TYPE=CPI|OVERLAP=OL|SCALE=0|SECURITY_CLASSIFICATION=PUB|TYPE_OF_TRANSFORMATION=IX|aggregation=quarterly_mean,\N,"{""aggregation_method"": ""quarterly_mean"", ""source_derivation_types"": [""O"", ""O"", ""O""], ""source_months"": [""2023-M10"", ""2023-M11"", ""2023-M12""], ""source_observation_count"": 3, ""source_series_dimensions"": {""ACCESS_SHARING_LEVEL"": ""PUBLIC_OPEN"", ""COICOP_1999"": ""_T"", ""COMMON_REFERENCE_PERIOD"": ""2021A"", ""COUNTRY"": ""GHA"", ""FREQUENCY"": ""M"", ""IFS_FLAG"": ""true"", ""INDEX_TYPE"": ""CPI"", ""OVERLAP"": ""OL"", ""SCALE"": ""0"", ""SECURITY_CLASSIFICATION"": ""PUB"", ""TYPE_OF_TRANSFORMATION"": ""IX""}}"
GIN,cpi_index_all_items_quarterly_imf,2023-Q1,quarterly,143.66666666666666,\N,derived,IMF_CPI,IMF|ACCESS_SHARING_LEVEL=PUBLIC_OPEN|COICOP_1999=_T|COMMON_REFERENCE_PERIOD=2019A|FREQUENCY=M|IFS_FLAG=true|INDEX_TYPE=CPI|OVERLAP=OL|SCALE=0|SECURITY_CLASSIFICATION=PUB|TYPE_OF_TRANSFORMATION=IX|aggregation=quarterly_mean,\N,"{""aggregation_method"": ""quarterly_mean"", ""source_derivation_types"": [""O"", ""O"", ""O""], ""source_months"": [""2023-M01"", ""2023-M02"", ""2023-M03""], ""source_observation_count"": 3, ""source_series_dimensions"": {""ACCESS_SHARING_LEVEL"": ""PUBLIC_OPEN"", ""COICOP_1999"": ""_T"", ""COMMON_REFERENCE_PERIOD"": ""2019A"", ""COUNTRY"": ""GIN"", ""FREQUENCY"": ""M"", ""IFS_FLAG"": ""true"", ""INDEX_TYPE"": ""CPI"", ""OVERLAP"": ""OL"", ""SCALE"": ""0"", ""SECURITY_CLASSIFICATION"": ""PUB"", ""TYPE_OF_TRANSFORMATION"": ""IX""}}"
GIN,cpi_index_all_items_quarterly_imf,2023-Q2,quarterly,148.46666666666667,\N,derived,IMF_CPI,IMF|ACCESS_SHARING_LEVEL=PUBLIC_OPEN|COICOP_1999=_T|COMMON_REFERENCE_PERIOD=2019A|FREQUENCY=M|IFS_FLAG=true|INDEX_TYPE=CPI|OVERLAP=OL|SCALE=0|SECURITY_CLASSIFICATION=PUB|TYPE_OF_TRANSFORMATION=IX|aggregation=quarterly_mean,\N,"{""aggregation_method"": ""quarterly_mean"", ""source_derivation_types"": [""O"", ""O"", ""O""], ""source_months"": [""2023-M04"", ""2023-M05"", ""2023-M06""], ""source_observation_count"": 3, ""source_series_dimensions"": {""ACCESS_SHARING_LEVEL"": ""PUBLIC_OPEN"", ""COICOP_1999"": ""_T"", ""COMMON_REFERENCE_PERIOD"": ""2019A"", ""COUNTRY"": ""GIN"", ""FREQUENCY"": ""M"", ""IFS_FLAG"": ""true"", ""INDEX_TYPE"": ""CPI"", ""OVERLAP"": ""OL"", ""SCALE"": ""0"", ""SECURITY_CLASSIFICATION"": ""PUB"", ""TYPE_OF_TRANSFORMATION"": ""IX""}}"
GIN,cpi_index_all_items_quarterly_imf,2023-Q3,quarterly,149.76666666666668,\N,derived,IMF_CPI,IMF|ACCESS_SHARING_LEVEL=PUBLIC_OPEN|COICOP_1999=_T|COMMON_REFERENCE_PERIOD=2019A|FREQUENCY=M|IFS_FLAG=true|INDEX_TYPE=CPI|OVERLAP=OL|SCALE=0|SECURITY_CLASSIFICATION=PUB|TYPE_OF_TRANSFORMATION=IX|aggregation=quarterly_mean,\N,"{""aggregation_method"": ""quarterly_mean"", ""source_derivation_types"": [""O"", ""O"", ""O""], ""source_months"": [""2023-M07"", ""2023-M08"", ""2023-M09""], ""source_observation_count"": 3, ""source_series_dimensions"": {""ACCESS_SHARING_LEVEL"": ""PUBLIC_OPEN"", ""COICOP_1999"": ""_T"", ""COMMON_REFERENCE_PERIOD"": ""2019A"", ""COUNTRY"": ""GIN"", ""FREQUENCY"": ""M"", ""IFS_FLAG"": ""true"", ""INDEX_TYPE"": ""CPI"", ""OVERLAP"": ""OL"", ""SCALE"": ""0"", ""SECURITY_CLASSIFICATION"": ""PUB"", ""TYPE_OF_TRANSFORMATION"": ""IX""}}"
GIN,cpi_index_all_items_quarterly_imf,2023-Q4,quarterly,151.46666666666667,\N,derived,IMF_CPI,IMF|ACCESS_SHARING_LEVEL=PUBLIC_OPEN|COICOP_1999=_T|COMMON_REFERENCE_PERIOD=2019A|FREQUENCY=M|IFS_FLAG=true|INDEX_TYPE=CPI|OVERLAP=OL|SCALE=0|SECURITY_CLASSIFICATION=PUB|TYPE_OF_TRANSFORMATION=IX|aggregation=quarterly_mean,\N,"{""aggregation_method"": ""quarterly_mean"", ""source_derivation_types"": [""O"", ""O"", ""O""], ""source_months"": [""2023-M10"", ""2023-M11"", ""2023-M12""], ""source_observation_count"": 3, ""source_series_dimensions"": {""ACCESS_SHARING_LEVEL"": ""PUBLIC_OPEN"", ""COICOP_1999"": ""_T"", ""COMMON_REFERENCE_PERIOD"": ""2019A"", ""COUNTRY"": ""GIN"", ""FREQUENCY"": ""M"", ""IFS_FLAG"": ""true"", ""INDEX_TYPE"": ""CPI"", ""OVERLAP"": ""OL"", ""SCALE"": ""0"", ""SECURITY_CLASSIFICATION"": ""PUB"", ""TYPE_OF_TRANSFORMATION"": ""IX""}}"
GMB,cpi_index_all_items_quarterly_imf,2023-Q1,quarterly,132.861839898802,\N,derived,IMF_CPI,IMF|ACCESS_SHARING_LEVEL=PUBLIC_OPEN|COICOP_1999=_T|COMMON_REFERENCE_PERIOD=2020M1|FREQUENCY=M|IFS_FLAG=true|INDEX_TYPE=CPI|OVERLAP=OL|SCALE=0|SECURITY_CLASSIFICATION=PUB|TYPE_OF_TRANSFORMATION=IX|aggregation=quarterly_mean,\N,"{""aggregation_method"": ""quarterly_mean"", ""source_derivation_types"": [""O"", ""O"", ""O""], ""source_months"": [""2023-M01"", ""2023-M02"", ""2023-M03""], ""source_observation_count"": 3, ""source_series_dimensions"": {""ACCESS_SHARING_LEVEL"": ""PUBLIC_OPEN"", ""COICOP_1999"": ""_T"", ""COMMON_REFERENCE_PERIOD"": ""2020M1"", ""COUNTRY"": ""GMB"", ""FREQUENCY"": ""M"", ""IFS_FLAG"": ""true"", ""INDEX_TYPE"": ""CPI"", ""OVERLAP"": ""OL"", ""SCALE"": ""0"", ""SECURITY_CLASSIFICATION"": ""PUB"", ""TYPE_OF_TRANSFORMATION"": ""IX""}}"
GMB,cpi_index_all_items_quarterly_imf,2023-Q2,quarterly,142.960987183083,\N,derived,IMF_CPI,IMF|ACCESS_SHARING_LEVEL=PUBLIC_OPEN|COICOP_1999=_T|COMMON_REFERENCE_PERIOD=2020M1|FREQUENCY=M|IFS_FLAG=true|INDEX_TYPE=CPI|OVERLAP=OL|SCALE=0|SECURITY_CLASSIFICATION=PUB|TYPE_OF_TRANSFORMATION=IX|aggregation=quarterly_mean,\N,"{""aggregation_method"": ""quarterly_mean"", ""source_derivation_types"": [""O"", ""O"", ""O""], ""source_months"": [""2023-M04"", ""2023-M05"", ""2023-M06""], ""source_observation_count"": 3, ""source_series_dimensions"": {""ACCESS_SHARING_LEVEL"": ""PUBLIC_OPEN"", ""COICOP_1999"": ""_T"", ""COMMON_REFERENCE_PERIOD"": ""2020M1"", ""COUNTRY"": ""GMB"", ""FREQUENCY"": ""M"", ""IFS_FLAG"": ""true"", ""INDEX_TYPE"": ""CPI"", ""OVERLAP"": ""OL"", ""SCALE"": ""0"", ""SECURITY_CLASSIFICATION"": ""PUB"", ""TYPE_OF_TRANSFORMATION"": ""IX""}}"
GMB,cpi_index_all_items_quarterly_imf,2023-Q3,quarterly,147.48417154736,\N,derived,IMF_CPI,IMF|ACCESS_SHARING_LEVEL=PUBLIC_OPEN|COICOP_1999=_T|COMMON_REFERENCE_PERIOD=2020M1|FREQUENCY=M|IFS_FLAG=true|INDEX_TYPE=CPI|OVERLAP=OL|SCALE=0|SECURITY_CLASSIFICATION=PUB|TYPE_OF_TRANSFORMATION=IX|aggregation=quarterly_mean,\N,"{""aggregation_method"": ""quarterly_mean"", ""source_derivation_types"": [""O"", ""O"", ""O""], ""source_months"": [""2023-M07"", ""2023-M08"", ""2023-M09""], ""source_observation_count"": 3, ""source_series_dimensions"": {""ACCESS_SHARING_LEVEL"": ""PUBLIC_OPEN"", ""COICOP_1999"": ""_T"", ""COMMON_REFERENCE_PERIOD"": ""2020M1"", ""COUNTRY"": ""GMB"", ""FREQUENCY"": ""M"", ""IFS_FLAG"": ""true"", ""INDEX_TYPE"": ""CPI"", ""OVERLAP"": ""OL"", ""SCALE"": ""0"", ""SECURITY_CLASSIFICATION"": ""PUB"", ""TYPE_OF_TRANSFORMATION"": ""IX""}}"
GMB,cpi_index_all_items_quarterly_imf,2023-Q4,quarterly,150.541780871322,\N,derived,IMF_CPI,IMF|ACCESS_SHARING_LEVEL=PUBLIC_OPEN|COICOP_1999=_T|COMMON_REFERENCE_PERIOD=2020M1|FREQUENCY=M|IFS_FLAG=true|INDEX_TYPE=CPI|OVERLAP=OL|SCALE=0|SECURITY_CLASSIFICATION=PUB|TYPE_OF_TRANSFORMATION=IX|aggregation=quarterly_mean,\N,"{""aggregation_method"": ""quarterly_mean"", ""source_derivation_types"": [""O"", ""O"", ""O""], ""source_months"": [""2023-M10"", ""2023-M11"", ""2023-M12""], ""source_observation_count"": 3, ""source_series_dimensions"": {""ACCESS_SHARING_LEVEL"": ""PUBLIC_OPEN"", ""COICOP_1999"": ""_T"", ""COMMON_REFERENCE_PERIOD"": ""2020M1"", ""COUNTRY"": ""GMB"", ""FREQUENCY"": ""M"", ""IFS_FLAG"": ""true"", ""INDEX_TYPE"": ""CPI"", ""OVERLAP"": ""OL"", ""SCALE"": ""0"", ""SECURITY_CLASSIFICATION"": ""PUB"", ""TYPE_OF_TRANSFORMATION"": ""IX""}}"
GNB,cpi_index_all_items_quarterly_imf,2023-Q1,quarterly,98.6084955715279,\N,derived,IMF_CPI,IMF|ACCESS_SHARING_LEVEL=PUBLIC_OPEN|COICOP_1999=_T|COMMON_REFERENCE_PERIOD=2023A|FREQUENCY=M|IFS_FLAG=true|INDEX_TYPE=CPI|OVERLAP=OL|SCALE=0|SECURITY_CLASSIFICATION=PUB|TYPE_OF_TRANSFORMATION=IX|aggregation=quarterly_mean,\N,"{""aggregation_method"": ""quarterly_mean"", ""source_derivation_types"": [""O"", ""O"", ""O""], ""source_months"": [""2023-M01"", ""2023-M02"", ""2023-M03""], ""source_observation_count"": 3, ""source_series_dimensions"": {""ACCESS_SHARING_LEVEL"": ""PUBLIC_OPEN"", ""COICOP_1999"": ""_T"", ""COMMON_REFERENCE_PERIOD"": ""2023A"", ""COUNTRY"": ""GNB"", ""FREQUENCY"": ""M"", ""IFS_FLAG"": ""true"", ""INDEX_TYPE"": ""CPI"", ""OVERLAP"": ""OL"", ""SCALE"": ""0"", ""SECURITY_CLASSIFICATION"": ""PUB"", ""TYPE_OF_TRANSFORMATION"": ""IX""}}"
GNB,cpi_index_all_items_quarterly_imf,2023-Q2,quarterly,100.19234626753853,\N,derived,IMF_CPI,IMF|ACCESS_SHARING_LEVEL=PUBLIC_OPEN|COICOP_1999=_T|COMMON_REFERENCE_PERIOD=2023A|FREQUENCY=M|IFS_FLAG=true|INDEX_TYPE=CPI|OVERLAP=OL|SCALE=0|SECURITY_CLASSIFICATION=PUB|TYPE_OF_TRANSFORMATION=IX|aggregation=quarterly_mean,\N,"{""aggregation_method"": ""quarterly_mean"", ""source_derivation_types"": [""O"", ""O"", ""O""], ""source_months"": [""2023-M04"", ""2023-M05"", ""2023-M06""], ""source_observation_count"": 3, ""source_series_dimensions"": {""ACCESS_SHARING_LEVEL"": ""PUBLIC_OPEN"", ""COICOP_1999"": ""_T"", ""COMMON_REFERENCE_PERIOD"": ""2023A"", ""COUNTRY"": ""GNB"", ""FREQUENCY"": ""M"", ""IFS_FLAG"": ""true"", ""INDEX_TYPE"": ""CPI"", ""OVERLAP"": ""OL"", ""SCALE"": ""0"", ""SECURITY_CLASSIFICATION"": ""PUB"", ""TYPE_OF_TRANSFORMATION"": ""IX""}}"
GNB,cpi_index_all_items_quarterly_imf,2023-Q3,quarterly,100.9112110652299,\N,derived,IMF_CPI,IMF|ACCESS_SHARING_LEVEL=PUBLIC_OPEN|COICOP_1999=_T|COMMON_REFERENCE_PERIOD=2023A|FREQUENCY=M|IFS_FLAG=true|INDEX_TYPE=CPI|OVERLAP=OL|SCALE=0|SECURITY_CLASSIFICATION=PUB|TYPE_OF_TRANSFORMATION=IX|aggregation=quarterly_mean,\N,"{""aggregation_method"": ""quarterly_mean"", ""source_derivation_types"": [""O"", ""O"", ""O""], ""source_months"": [""2023-M07"", ""2023-M08"", ""2023-M09""], ""source_observation_count"": 3, ""source_series_dimensions"": {""ACCESS_SHARING_LEVEL"": ""PUBLIC_OPEN"", ""COICOP_1999"": ""_T"", ""COMMON_REFERENCE_PERIOD"": ""2023A"", ""COUNTRY"": ""GNB"", ""FREQUENCY"": ""M"", ""IFS_FLAG"": ""true"", ""INDEX_TYPE"": ""CPI"", ""OVERLAP"": ""OL"", ""SCALE"": ""0"", ""SECURITY_CLASSIFICATION"": ""PUB"", ""TYPE_OF_TRANSFORMATION"": ""IX""}}"
GNB,cpi_index_all_items_quarterly_imf,2023-Q4,quarterly,100.01632782566547,\N,derived,IMF_CPI,IMF|ACCESS_SHARING_LEVEL=PUBLIC_OPEN|COICOP_1999=_T|COMMON_REFERENCE_PERIOD=2023A|FREQUENCY=M|IFS_FLAG=true|INDEX_TYPE=CPI|OVERLAP=OL|SCALE=0|SECURITY_CLASSIFICATION=PUB|TYPE_OF_TRANSFORMATION=IX|aggregation=quarterly_mean,\N,"{""aggregation_method"": ""quarterly_mean"", ""source_derivation_types"": [""O"", ""O"", ""O""], ""source_months"": [""2023-M10"", ""2023-M11"", ""2023-M12""], ""source_observation_count"": 3, ""source_series_dimensions"": {""ACCESS_SHARING_LEVEL"": ""PUBLIC_OPEN"", ""COICOP_1999"": ""_T"", ""COMMON_REFERENCE_PERIOD"": ""2023A"", ""COUNTRY"": ""GNB"", ""FREQUENCY"": ""M"", ""IFS_FLAG"": ""true"", ""INDEX_TYPE"": ""CPI"", ""OVERLAP"": ""OL"", ""SCALE"": ""0"", ""SECURITY_CLASSIFICATION"": ""PUB"", ""TYPE_OF_TRANSFORMATION"": ""IX""}}"
GNQ,cpi_index_all_items_quarterly_imf,2023-Q1,quarterly,154.76666666666665,\N,derived,IMF_CPI,IMF|ACCESS_SHARING_LEVEL=PUBLIC_OPEN|COICOP_1999=_T|COMMON_REFERENCE_PERIOD=2008A|FREQUENCY=M|IFS_FLAG=true|INDEX_TYPE=CPI|OVERLAP=OL|SCALE=0|SECURITY_CLASSIFICATION=PUB|TYPE_OF_TRANSFORMATION=IX|aggregation=quarterly_mean,\N,"{""aggregation_method"": ""quarterly_mean"", ""source_derivation_types"": [""O"", ""O"", ""O""], ""source_months"": [""2023-M01"", ""2023-M02"", ""2023-M03""], ""source_observation_count"": 3, ""source_series_dimensions"": {""ACCESS_SHARING_LEVEL"": ""PUBLIC_OPEN"", ""COICOP_1999"": ""_T"", ""COMMON_REFERENCE_PERIOD"": ""2008A"", ""COUNTRY"": ""GNQ"", ""FREQUENCY"": ""M"", ""IFS_FLAG"": ""true"", ""INDEX_TYPE"": ""CPI"", ""OVERLAP"": ""OL"", ""SCALE"": ""0"", ""SECURITY_CLASSIFICATION"": ""PUB"", ""TYPE_OF_TRANSFORMATION"": ""IX""}}"
GNQ,cpi_index_all_items_quarterly_imf,2023-Q2,quarterly,154.0,\N,derived,IMF_CPI,IMF|ACCESS_SHARING_LEVEL=PUBLIC_OPEN|COICOP_1999=_T|COMMON_REFERENCE_PERIOD=2008A|FREQUENCY=M|IFS_FLAG=true|INDEX_TYPE=CPI|OVERLAP=OL|SCALE=0|SECURITY_CLASSIFICATION=PUB|TYPE_OF_TRANSFORMATION=IX|aggregation=quarterly_mean,\N,"{""aggregation_method"": ""quarterly_mean"", ""source_derivation_types"": [""O"", ""O"", ""O""], ""source_months"": [""2023-M04"", ""2023-M05"", ""2023-M06""], ""source_observation_count"": 3, ""source_series_dimensions"": {""ACCESS_SHARING_LEVEL"": ""PUBLIC_OPEN"", ""COICOP_1999"": ""_T"", ""COMMON_REFERENCE_PERIOD"": ""2008A"", ""COUNTRY"": ""GNQ"", ""FREQUENCY"": ""M"", ""IFS_FLAG"": ""true"", ""INDEX_TYPE"": ""CPI"", ""OVERLAP"": ""OL"", ""SCALE"": ""0"", ""SECURITY_CLASSIFICATION"": ""PUB"", ""TYPE_OF_TRANSFORMATION"": ""IX""}}"
GNQ,cpi_index_all_items_quarterly_imf,2023-Q3,quarterly,156.20000000000002,\N,derived,IMF_CPI,IMF|ACCESS_SHARING_LEVEL=PUBLIC_OPEN|COICOP_1999=_T|COMMON_REFERENCE_PERIOD=2008A|FREQUENCY=M|IFS_FLAG=true|INDEX_TYPE=CPI|OVERLAP=OL|SCALE=0|SECURITY_CLASSIFICATION=PUB|TYPE_OF_TRANSFORMATION=IX|aggregation=quarterly_mean,\N,"{""aggregation_method"": ""quarterly_mean"", ""source_derivation_types"": [""O"", ""O"", ""O""], ""source_months"": [""2023-M07"", ""2023-M08"", ""2023-M09""], ""source_observation_count"": 3, ""source_series_dimensions"": {""ACCESS_SHARING_LEVEL"": ""PUBLIC_OPEN"", ""COICOP_1999"": ""_T"", ""COMMON_REFERENCE_PERIOD"": ""2008A"", ""COUNTRY"": ""GNQ"", ""FREQUENCY"": ""M"", ""IFS_FLAG"": ""true"", ""INDEX_TYPE"": ""CPI"", ""OVERLAP"": ""OL"", ""SCALE"": ""0"", ""SECURITY_CLASSIFICATION"": ""PUB"", ""TYPE_OF_TRANSFORMATION"": ""IX""}}"
GNQ,cpi_index_all_items_quarterly_imf,2023-Q4,quarterly,159.73333333333332,\N,derived,IMF_CPI,IMF|ACCESS_SHARING_LEVEL=PUBLIC_OPEN|COICOP_1999=_T|COMMON_REFERENCE_PERIOD=2008A|FREQUENCY=M|IFS_FLAG=true|INDEX_TYPE=CPI|OVERLAP=OL|SCALE=0|SECURITY_CLASSIFICATION=PUB|TYPE_OF_TRANSFORMATION=IX|aggregation=quarterly_mean,\N,"{""aggregation_method"": ""quarterly_mean"", ""source_derivation_types"": [""O"", ""O"", ""O""], ""source_months"": [""2023-M10"", ""2023-M11"", ""2023-M12""], ""source_observation_count"": 3, ""source_series_dimensions"": {""ACCESS_SHARING_LEVEL"": ""PUBLIC_OPEN"", ""COICOP_1999"": ""_T"", ""COMMON_REFERENCE_PERIOD"": ""2008A"", ""COUNTRY"": ""GNQ"", ""FREQUENCY"": ""M"", ""IFS_FLAG"": ""true"", ""INDEX_TYPE"": ""CPI"", ""OVERLAP"": ""OL"", ""SCALE"": ""0"", ""SECURITY_CLASSIFICATION"": ""PUB"", ""TYPE_OF_TRANSFORMATION"": ""IX""}}"
GRC,cpi_index_all_items_quarterly_imf,2023-Q1,quarterly,112.68206666666667,\N,derived,IMF_CPI,IMF|ACCESS_SHARING_LEVEL=PUBLIC_OPEN|COICOP_1999=_T|COMMON_REFERENCE_PERIOD=2020A|FREQUENCY=M|IFS_FLAG=true|INDEX_TYPE=CPI|OVERLAP=OL|SCALE=0|SECURITY_CLASSIFICATION=PUB|TYPE_OF_TRANSFORMATION=IX|aggregation=quarterly_mean,\N,"{""aggregation_method"": ""quarterly_mean"", ""source_derivation_types"": [""O"", ""O"", ""O""], ""source_months"": [""2023-M01"", ""2023-M02"", ""2023-M03""], ""source_observation_count"": 3, ""source_series_dimensions"": {""ACCESS_SHARING_LEVEL"": ""PUBLIC_OPEN"", ""COICOP_1999"": ""_T"", ""COMMON_REFERENCE_PERIOD"": ""2020A"", ""COUNTRY"": ""GRC"", ""FREQUENCY"": ""M"", ""IFS_FLAG"": ""true"", ""INDEX_TYPE"": ""CPI"", ""OVERLAP"": ""OL"", ""SCALE"": ""0"", ""SECURITY_CLASSIFICATION"": ""PUB"", ""TYPE_OF_TRANSFORMATION"": ""IX""}}"
GRC,cpi_index_all_items_quarterly_imf,2023-Q2,quarterly,114.99526666666667,\N,derived,IMF_CPI,IMF|ACCESS_SHARING_LEVEL=PUBLIC_OPEN|COICOP_1999=_T|COMMON_REFERENCE_PERIOD=2020A|FREQUENCY=M|IFS_FLAG=true|INDEX_TYPE=CPI|OVERLAP=OL|SCALE=0|SECURITY_CLASSIFICATION=PUB|TYPE_OF_TRANSFORMATION=IX|aggregation=quarterly_mean,\N,"{""aggregation_method"": ""quarterly_mean"", ""source_derivation_types"": [""O"", ""O"", ""O""], ""source_months"": [""2023-M04"", ""2023-M05"", ""2023-M06""], ""source_observation_count"": 3, ""source_series_dimensions"": {""ACCESS_SHARING_LEVEL"": ""PUBLIC_OPEN"", ""COICOP_1999"": ""_T"", ""COMMON_REFERENCE_PERIOD"": ""2020A"", ""COUNTRY"": ""GRC"", ""FREQUENCY"": ""M"", ""IFS_FLAG"": ""true"", ""INDEX_TYPE"": ""CPI"", ""OVERLAP"": ""OL"", ""SCALE"": ""0"", ""SECURITY_CLASSIFICATION"": ""PUB"", ""TYPE_OF_TRANSFORMATION"": ""IX""}}"
GRC,cpi_index_all_items_quarterly_imf,2023-Q3,quarterly,114.96793333333335,\N,derived,IMF_CPI,IMF|ACCESS_SHARING_LEVEL=PUBLIC_OPEN|COICOP_1999=_T|COMMON_REFERENCE_PERIOD=2020A|FREQUENCY=M|IFS_FLAG=true|INDEX_TYPE=CPI|OVERLAP=OL|SCALE=0|SECURITY_CLASSIFICATION=PUB|TYPE_OF_TRANSFORMATION=IX|aggregation=quarterly_mean,\N,"{""aggregation_method"": ""quarterly_mean"", ""source_derivation_types"": [""O"", ""O"", ""O""], ""source_months"": [""2023-M07"", ""2023-M08"", ""2023-M09""], ""source_observation_count"": 3, ""source_series_dimensions"": {""ACCESS_SHARING_LEVEL"": ""PUBLIC_OPEN"", ""COICOP_1999"": ""_T"", ""COMMON_REFERENCE_PERIOD"": ""2020A"", ""COUNTRY"": ""GRC"", ""FREQUENCY"": ""M"", ""IFS_FLAG"": ""true"", ""INDEX_TYPE"": ""CPI"", ""OVERLAP"": ""OL"", ""SCALE"": ""0"", ""SECURITY_CLASSIFICATION"": ""PUB"", ""TYPE_OF_TRANSFORMATION"": ""IX""}}"
GRC,cpi_index_all_items_quarterly_imf,2023-Q4,quarterly,116.68299999999999,\N,derived,IMF_CPI,IMF|ACCESS_SHARING_LEVEL=PUBLIC_OPEN|COICOP_1999=_T|COMMON_REFERENCE_PERIOD=2020A|FREQUENCY=M|IFS_FLAG=true|INDEX_TYPE=CPI|OVERLAP=OL|SCALE=0|SECURITY_CLASSIFICATION=PUB|TYPE_OF_TRANSFORMATION=IX|aggregation=quarterly_mean,\N,"{""aggregation_method"": ""quarterly_mean"", ""source_derivation_types"": [""O"", ""O"", ""O""], ""source_months"": [""2023-M10"", ""2023-M11"", ""2023-M12""], ""source_observation_count"": 3, ""source_series_dimensions"": {""ACCESS_SHARING_LEVEL"": ""PUBLIC_OPEN"", ""COICOP_1999"": ""_T"", ""COMMON_REFERENCE_PERIOD"": ""2020A"", ""COUNTRY"": ""GRC"", ""FREQUENCY"": ""M"", ""IFS_FLAG"": ""true"", ""INDEX_TYPE"": ""CPI"", ""OVERLAP"": ""OL"", ""SCALE"": ""0"", ""SECURITY_CLASSIFICATION"": ""PUB"", ""TYPE_OF_TRANSFORMATION"": ""IX""}}"
GRD,cpi_index_all_items_quarterly_imf,2023-Q1,quarterly,117.97666666666667,\N,derived,IMF_CPI,IMF|ACCESS_SHARING_LEVEL=PUBLIC_OPEN|COICOP_1999=_T|COMMON_REFERENCE_PERIOD=2010M1|FREQUENCY=M|IFS_FLAG=true|INDEX_TYPE=CPI|OVERLAP=OL|SCALE=0|SECURITY_CLASSIFICATION=PUB|TYPE_OF_TRANSFORMATION=IX|aggregation=quarterly_mean,\N,"{""aggregation_method"": ""quarterly_mean"", ""source_derivation_types"": [""O"", ""O"", ""O""], ""source_months"": [""2023-M01"", ""2023-M02"", ""2023-M03""], ""source_observation_count"": 3, ""source_series_dimensions"": {""ACCESS_SHARING_LEVEL"": ""PUBLIC_OPEN"", ""COICOP_1999"": ""_T"", ""COMMON_REFERENCE_PERIOD"": ""2010M1"", ""COUNTRY"": ""GRD"", ""FREQUENCY"": ""M"", ""IFS_FLAG"": ""true"", ""INDEX_TYPE"": ""CPI"", ""OVERLAP"": ""OL"", ""SCALE"": ""0"", ""SECURITY_CLASSIFICATION"": ""PUB"", ""TYPE_OF_TRANSFORMATION"": ""IX""}}"
GRD,cpi_index_all_items_quarterly_imf,2023-Q2,quarterly,118.33333333333333,\N,derived,IMF_CPI,IMF|ACCESS_SHARING_LEVEL=PUBLIC_OPEN|COICOP_1999=_T|COMMON_REFERENCE_PERIOD=2010M1|FREQUENCY=M|IFS_FLAG=true|INDEX_TYPE=CPI|OVERLAP=OL|SCALE=0|SECURITY_CLASSIFICATION=PUB|TYPE_OF_TRANSFORMATION=IX|aggregation=quarterly_mean,\N,"{""aggregation_method"": ""quarterly_mean"", ""source_derivation_types"": [""O"", ""O"", ""O""], ""source_months"": [""2023-M04"", ""2023-M05"", ""2023-M06""], ""source_observation_count"": 3, ""source_series_dimensions"": {""ACCESS_SHARING_LEVEL"": ""PUBLIC_OPEN"", ""COICOP_1999"": ""_T"", ""COMMON_REFERENCE_PERIOD"": ""2010M1"", ""COUNTRY"": ""GRD"", ""FREQUENCY"": ""M"", ""IFS_FLAG"": ""true"", ""INDEX_TYPE"": ""CPI"", ""OVERLAP"": ""OL"", ""SCALE"": ""0"", ""SECURITY_CLASSIFICATION"": ""PUB"", ""TYPE_OF_TRANSFORMATION"": ""IX""}}"
GRD,cpi_index_all_items_quarterly_imf,2023-Q3,quarterly,118.55666666666666,\N,derived,IMF_CPI,IMF|ACCESS_SHARING_LEVEL=PUBLIC_OPEN|COICOP_1999=_T|COMMON_REFERENCE_PERIOD=2010M1|FREQUENCY=M|IFS_FLAG=true|INDEX_TYPE=CPI|OVERLAP=OL|SCALE=0|SECURITY_CLASSIFICATION=PUB|TYPE_OF_TRANSFORMATION=IX|aggregation=quarterly_mean,\N,"{""aggregation_method"": ""quarterly_mean"", ""source_derivation_types"": [""O"", ""O"", ""O""], ""source_months"": [""2023-M07"", ""2023-M08"", ""2023-M09""], ""source_observation_count"": 3, ""source_series_dimensions"": {""ACCESS_SHARING_LEVEL"": ""PUBLIC_OPEN"", ""COICOP_1999"": ""_T"", ""COMMON_REFERENCE_PERIOD"": ""2010M1"", ""COUNTRY"": ""GRD"", ""FREQUENCY"": ""M"", ""IFS_FLAG"": ""true"", ""INDEX_TYPE"": ""CPI"", ""OVERLAP"": ""OL"", ""SCALE"": ""0"", ""SECURITY_CLASSIFICATION"": ""PUB"", ""TYPE_OF_TRANSFORMATION"": ""IX""}}"
GRD,cpi_index_all_items_quarterly_imf,2023-Q4,quarterly,118.97666666666667,\N,derived,IMF_CPI,IMF|ACCESS_SHARING_LEVEL=PUBLIC_OPEN|COICOP_1999=_T|COMMON_REFERENCE_PERIOD=2010M1|FREQUENCY=M|IFS_FLAG=true|INDEX_TYPE=CPI|OVERLAP=OL|SCALE=0|SECURITY_CLASSIFICATION=PUB|TYPE_OF_TRANSFORMATION=IX|aggregation=quarterly_mean,\N,"{""aggregation_method"": ""quarterly_mean"", ""source_derivation_types"": [""O"", ""O"", ""O""], ""source_months"": [""2023-M10"", ""2023-M11"", ""2023-M12""], ""source_observation_count"": 3, ""source_series_dimensions"": {""ACCESS_SHARING_LEVEL"": ""PUBLIC_OPEN"", ""COICOP_1999"": ""_T"", ""COMMON_REFERENCE_PERIOD"": ""2010M1"", ""COUNTRY"": ""GRD"", ""FREQUENCY"": ""M"", ""IFS_FLAG"": ""true"", ""INDEX_TYPE"": ""CPI"", ""OVERLAP"": ""OL"", ""SCALE"": ""0"", ""SECURITY_CLASSIFICATION"": ""PUB"", ""TYPE_OF_TRANSFORMATION"": ""IX""}}"
GTM,cpi_index_all_items_quarterly_imf,2023-Q1,quarterly,95.83331101266849,\N,derived,IMF_CPI,IMF|ACCESS_SHARING_LEVEL=PUBLIC_OPEN|COICOP_1999=_T|COMMON_REFERENCE_PERIOD=2024A|FREQUENCY=M|IFS_FLAG=true|INDEX_TYPE=CPI|OVERLAP=OL|SCALE=0|SECURITY_CLASSIFICATION=PUB|TYPE_OF_TRANSFORMATION=IX|aggregation=quarterly_mean,\N,"{""aggregation_method"": ""quarterly_mean"", ""source_derivation_types"": [""O"", ""O"", ""O""], ""source_months"": [""2023-M01"", ""2023-M02"", ""2023-M03""], ""source_observation_count"": 3, ""source_series_dimensions"": {""ACCESS_SHARING_LEVEL"": ""PUBLIC_OPEN"", ""COICOP_1999"": ""_T"", ""COMMON_REFERENCE_PERIOD"": ""2024A"", ""COUNTRY"": ""GTM"", ""FREQUENCY"": ""M"", ""IFS_FLAG"": ""true"", ""INDEX_TYPE"": ""CPI"", ""OVERLAP"": ""OL"", ""SCALE"": ""0"", ""SECURITY_CLASSIFICATION"": ""PUB"", ""TYPE_OF_TRANSFORMATION"": ""IX""}}"
GTM,cpi_index_all_items_quarterly_imf,2023-Q2,quarterly,96.30612297495865,\N,derived,IMF_CPI,IMF|ACCESS_SHARING_LEVEL=PUBLIC_OPEN|COICOP_1999=_T|COMMON_REFERENCE_PERIOD=2024A|FREQUENCY=M|IFS_FLAG=true|INDEX_TYPE=CPI|OVERLAP=OL|SCALE=0|SECURITY_CLASSIFICATION=PUB|TYPE_OF_TRANSFORMATION=IX|aggregation=quarterly_mean,\N,"{""aggregation_method"": ""quarterly_mean"", ""source_derivation_types"": [""O"", ""O"", ""O""], ""source_months"": [""2023-M04"", ""2023-M05"", ""2023-M06""], ""source_observation_count"": 3, ""source_series_dimensions"": {""ACCESS_SHARING_LEVEL"": ""PUBLIC_OPEN"", ""COICOP_1999"": ""_T"", ""COMMON_REFERENCE_PERIOD"": ""2024A"", ""COUNTRY"": ""GTM"", ""FREQUENCY"": ""M"", ""IFS_FLAG"": ""true"", ""INDEX_TYPE"": ""CPI"", ""OVERLAP"": ""OL"", ""SCALE"": ""0"", ""SECURITY_CLASSIFICATION"": ""PUB"", ""TYPE_OF_TRANSFORMATION"": ""IX""}}"
GTM,cpi_index_all_items_quarterly_imf,2023-Q3,quarterly,97.64323520431525,\N,derived,IMF_CPI,IMF|ACCESS_SHARING_LEVEL=PUBLIC_OPEN|COICOP_1999=_T|COMMON_REFERENCE_PERIOD=2024A|FREQUENCY=M|IFS_FLAG=true|INDEX_TYPE=CPI|OVERLAP=OL|SCALE=0|SECURITY_CLASSIFICATION=PUB|TYPE_OF_TRANSFORMATION=IX|aggregation=quarterly_mean,\N,"{""aggregation_method"": ""quarterly_mean"", ""source_derivation_types"": [""O"", ""O"", ""O""], ""source_months"": [""2023-M07"", ""2023-M08"", ""2023-M09""], ""source_observation_count"": 3, ""source_series_dimensions"": {""ACCESS_SHARING_LEVEL"": ""PUBLIC_OPEN"", ""COICOP_1999"": ""_T"", ""COMMON_REFERENCE_PERIOD"": ""2024A"", ""COUNTRY"": ""GTM"", ""FREQUENCY"": ""M"", ""IFS_FLAG"": ""true"", ""INDEX_TYPE"": ""CPI"", ""OVERLAP"": ""OL"", ""SCALE"": ""0"", ""SECURITY_CLASSIFICATION"": ""PUB"", ""TYPE_OF_TRANSFORMATION"": ""IX""}}"
GTM,cpi_index_all_items_quarterly_imf,2023-Q4,quarterly,99.05788859548743,\N,derived,IMF_CPI,IMF|ACCESS_SHARING_LEVEL=PUBLIC_OPEN|COICOP_1999=_T|COMMON_REFERENCE_PERIOD=2024A|FREQUENCY=M|IFS_FLAG=true|INDEX_TYPE=CPI|OVERLAP=OL|SCALE=0|SECURITY_CLASSIFICATION=PUB|TYPE_OF_TRANSFORMATION=IX|aggregation=quarterly_mean,\N,"{""aggregation_method"": ""quarterly_mean"", ""source_derivation_types"": [""O"", ""O"", ""O""], ""source_months"": [""2023-M10"", ""2023-M11"", ""2023-M12""], ""source_observation_count"": 3, ""source_series_dimensions"": {""ACCESS_SHARING_LEVEL"": ""PUBLIC_OPEN"", ""COICOP_1999"": ""_T"", ""COMMON_REFERENCE_PERIOD"": ""2024A"", ""COUNTRY"": ""GTM"", ""FREQUENCY"": ""M"", ""IFS_FLAG"": ""true"", ""INDEX_TYPE"": ""CPI"", ""OVERLAP"": ""OL"", ""SCALE"": ""0"", ""SECURITY_CLASSIFICATION"": ""PUB"", ""TYPE_OF_TRANSFORMATION"": ""IX""}}"
GUY,cpi_index_all_items_quarterly_imf,2023-Q1,quarterly,136.98507584612582,\N,derived,IMF_CPI,IMF|ACCESS_SHARING_LEVEL=PUBLIC_OPEN|COICOP_1999=_T|COMMON_REFERENCE_PERIOD=2009M12|FREQUENCY=M|IFS_FLAG=true|INDEX_TYPE=CPI|OVERLAP=OL|SCALE=0|SECURITY_CLASSIFICATION=PUB|TYPE_OF_TRANSFORMATION=IX|aggregation=quarterly_mean,\N,"{""aggregation_method"": ""quarterly_mean"", ""source_derivation_types"": [""O"", ""O"", ""O""], ""source_months"": [""2023-M01"", ""2023-M02"", ""2023-M03""], ""source_observation_count"": 3, ""source_series_dimensions"": {""ACCESS_SHARING_LEVEL"": ""PUBLIC_OPEN"", ""COICOP_1999"": ""_T"", ""COMMON_REFERENCE_PERIOD"": ""2009M12"", ""COUNTRY"": ""GUY"", ""FREQUENCY"": ""M"", ""IFS_FLAG"": ""true"", ""INDEX_TYPE"": ""CPI"", ""OVERLAP"": ""OL"", ""SCALE"": ""0"", ""SECURITY_CLASSIFICATION"": ""PUB"", ""TYPE_OF_TRANSFORMATION"": ""IX""}}"
GUY,cpi_index_all_items_quarterly_imf,2023-Q2,quarterly,135.71910455192656,\N,derived,IMF_CPI,IMF|ACCESS_SHARING_LEVEL=PUBLIC_OPEN|COICOP_1999=_T|COMMON_REFERENCE_PERIOD=2009M12|FREQUENCY=M|IFS_FLAG=true|INDEX_TYPE=CPI|OVERLAP=OL|SCALE=0|SECURITY_CLASSIFICATION=PUB|TYPE_OF_TRANSFORMATION=IX|aggregation=quarterly_mean,\N,"{""aggregation_method"": ""quarterly_mean"", ""source_derivation_types"": [""O"", ""O"", ""O""], ""source_months"": [""2023-M04"", ""2023-M05"", ""2023-M06""], ""source_observation_count"": 3, ""source_series_dimensions"": {""ACCESS_SHARING_LEVEL"": ""PUBLIC_OPEN"", ""COICOP_1999"": ""_T"", ""COMMON_REFERENCE_PERIOD"": ""2009M12"", ""COUNTRY"": ""GUY"", ""FREQUENCY"": ""M"", ""IFS_FLAG"": ""true"", ""INDEX_TYPE"": ""CPI"", ""OVERLAP"": ""OL"", ""SCALE"": ""0"", ""SECURITY_CLASSIFICATION"": ""PUB"", ""TYPE_OF_TRANSFORMATION"": ""IX""}}"
GUY,cpi_index_all_items_quarterly_imf,2023-Q3,quarterly,137.65248050531102,\N,derived,IMF_CPI,IMF|ACCESS_SHARING_LEVEL=PUBLIC_OPEN|COICOP_1999=_T|COMMON_REFERENCE_PERIOD=2009M12|FREQUENCY=M|IFS_FLAG=true|INDEX_TYPE=CPI|OVERLAP=OL|SCALE=0|SECURITY_CLASSIFICATION=PUB|TYPE_OF_TRANSFORMATION=IX|aggregation=quarterly_mean,\N,"{""aggregation_method"": ""quarterly_mean"", ""source_derivation_types"": [""O"", ""O"", ""O""], ""source_months"": [""2023-M07"", ""2023-M08"", ""2023-M09""], ""source_observation_count"": 3, ""source_series_dimensions"": {""ACCESS_SHARING_LEVEL"": ""PUBLIC_OPEN"", ""COICOP_1999"": ""_T"", ""COMMON_REFERENCE_PERIOD"": ""2009M12"", ""COUNTRY"": ""GUY"", ""FREQUENCY"": ""M"", ""IFS_FLAG"": ""true"", ""INDEX_TYPE"": ""CPI"", ""OVERLAP"": ""OL"", ""SCALE"": ""0"", ""SECURITY_CLASSIFICATION"": ""PUB"", ""TYPE_OF_TRANSFORMATION"": ""IX""}}"
GUY,cpi_index_all_items_quarterly_imf,2023-Q4,quarterly,138.78131459301704,\N,derived,IMF_CPI,IMF|ACCESS_SHARING_LEVEL=PUBLIC_OPEN|COICOP_1999=_T|COMMON_REFERENCE_PERIOD=2009M12|FREQUENCY=M|IFS_FLAG=true|INDEX_TYPE=CPI|OVERLAP=OL|SCALE=0|SECURITY_CLASSIFICATION=PUB|TYPE_OF_TRANSFORMATION=IX|aggregation=quarterly_mean,\N,"{""aggregation_method"": ""quarterly_mean"", ""source_derivation_types"": [""O"", ""O"", ""O""], ""source_months"": [""2023-M10"", ""2023-M11"", ""2023-M12""], ""source_observation_count"": 3, ""source_series_dimensions"": {""ACCESS_SHARING_LEVEL"": ""PUBLIC_OPEN"", ""COICOP_1999"": ""_T"", ""COMMON_REFERENCE_PERIOD"": ""2009M12"", ""COUNTRY"": ""GUY"", ""FREQUENCY"": ""M"", ""IFS_FLAG"": ""true"", ""INDEX_TYPE"": ""CPI"", ""OVERLAP"": ""OL"", ""SCALE"": ""0"", ""SECURITY_CLASSIFICATION"": ""PUB"", ""TYPE_OF_TRANSFORMATION"": ""IX""}}"
HKG,cpi_index_all_items_quarterly_imf,2023-Q1,quarterly,104.89999999999999,\N,derived,IMF_CPI,IMF|ACCESS_SHARING_LEVEL=PUBLIC_OPEN|COICOP_1999=_T|COMMON_REFERENCE_PERIOD=2020A|FREQUENCY=M|IFS_FLAG=true|INDEX_TYPE=CPI|OVERLAP=OL|SCALE=0|SECURITY_CLASSIFICATION=PUB|TYPE_OF_TRANSFORMATION=IX|aggregation=quarterly_mean,\N,"{""aggregation_method"": ""quarterly_mean"", ""source_derivation_types"": [""O"", ""O"", ""O""], ""source_months"": [""2023-M01"", ""2023-M02"", ""2023-M03""], ""source_observation_count"": 3, ""source_series_dimensions"": {""ACCESS_SHARING_LEVEL"": ""PUBLIC_OPEN"", ""COICOP_1999"": ""_T"", ""COMMON_REFERENCE_PERIOD"": ""2020A"", ""COUNTRY"": ""HKG"", ""FREQUENCY"": ""M"", ""IFS_FLAG"": ""true"", ""INDEX_TYPE"": ""CPI"", ""OVERLAP"": ""OL"", ""SCALE"": ""0"", ""SECURITY_CLASSIFICATION"": ""PUB"", ""TYPE_OF_TRANSFORMATION"": ""IX""}}"
HKG,cpi_index_all_items_quarterly_imf,2023-Q2,quarterly,105.13333333333333,\N,derived,IMF_CPI,IMF|ACCESS_SHARING_LEVEL=PUBLIC_OPEN|COICOP_1999=_T|COMMON_REFERENCE_PERIOD=2020A|FREQUENCY=M|IFS_FLAG=true|INDEX_TYPE=CPI|OVERLAP=OL|SCALE=0|SECURITY_CLASSIFICATION=PUB|TYPE_OF_TRANSFORMATION=IX|aggregation=quarterly_mean,\N,"{""aggregation_method"": ""quarterly_mean"", ""source_derivation_types"": [""O"", ""O"", ""O""], ""source_months"": [""2023-M04"", ""2023-M05"", ""2023-M06""], ""source_observation_count"": 3, ""source_series_dimensions"": {""ACCESS_SHARING_LEVEL"": ""PUBLIC_OPEN"", ""COICOP_1999"": ""_T"", ""COMMON_REFERENCE_PERIOD"": ""2020A"", ""COUNTRY"": ""HKG"", ""FREQUENCY"": ""M"", ""IFS_FLAG"": ""true"", ""INDEX_TYPE"": ""CPI"", ""OVERLAP"": ""OL"", ""SCALE"": ""0"", ""SECURITY_CLASSIFICATION"": ""PUB"", ""TYPE_OF_TRANSFORMATION"": ""IX""}}"
HKG,cpi_index_all_items_quarterly_imf,2023-Q3,quarterly,105.33333333333333,\N,derived,IMF_CPI,IMF|ACCESS_SHARING_LEVEL=PUBLIC_OPEN|COICOP_1999=_T|COMMON_REFERENCE_PERIOD=2020A|FREQUENCY=M|IFS_FLAG=true|INDEX_TYPE=CPI|OVERLAP=OL|SCALE=0|SECURITY_CLASSIFICATION=PUB|TYPE_OF_TRANSFORMATION=IX|aggregation=quarterly_mean,\N,"{""aggregation_method"": ""quarterly_mean"", ""source_derivation_types"": [""O"", ""O"", ""O""], ""source_months"": [""2023-M07"", ""2023-M08"", ""2023-M09""], ""source_observation_count"": 3, ""source_series_dimensions"": {""ACCESS_SHARING_LEVEL"": ""PUBLIC_OPEN"", ""COICOP_1999"": ""_T"", ""COMMON_REFERENCE_PERIOD"": ""2020A"", ""COUNTRY"": ""HKG"", ""FREQUENCY"": ""M"", ""IFS_FLAG"": ""true"", ""INDEX_TYPE"": ""CPI"", ""OVERLAP"": ""OL"", ""SCALE"": ""0"", ""SECURITY_CLASSIFICATION"": ""PUB"", ""TYPE_OF_TRANSFORMATION"": ""IX""}}"
HKG,cpi_index_all_items_quarterly_imf,2023-Q4,quarterly,106.66666666666667,\N,derived,IMF_CPI,IMF|ACCESS_SHARING_LEVEL=PUBLIC_OPEN|COICOP_1999=_T|COMMON_REFERENCE_PERIOD=2020A|FREQUENCY=M|IFS_FLAG=true|INDEX_TYPE=CPI|OVERLAP=OL|SCALE=0|SECURITY_CLASSIFICATION=PUB|TYPE_OF_TRANSFORMATION=IX|aggregation=quarterly_mean,\N,"{""aggregation_method"": ""quarterly_mean"", ""source_derivation_types"": [""O"", ""O"", ""O""], ""source_months"": [""2023-M10"", ""2023-M11"", ""2023-M12""], ""source_observation_count"": 3, ""source_series_dimensions"": {""ACCESS_SHARING_LEVEL"": ""PUBLIC_OPEN"", ""COICOP_1999"": ""_T"", ""COMMON_REFERENCE_PERIOD"": ""2020A"", ""COUNTRY"": ""HKG"", ""FREQUENCY"": ""M"", ""IFS_FLAG"": ""true"", ""INDEX_TYPE"": ""CPI"", ""OVERLAP"": ""OL"", ""SCALE"": ""0"", ""SECURITY_CLASSIFICATION"": ""PUB"", ""TYPE_OF_TRANSFORMATION"": ""IX""}}"
HND,cpi_index_all_items_quarterly_imf,2023-Q1,quarterly,87.71482293420343,\N,derived,IMF_CPI,IMF|ACCESS_SHARING_LEVEL=PUBLIC_OPEN|COICOP_1999=_T|COMMON_REFERENCE_PERIOD=2025M12|FREQUENCY=M|IFS_FLAG=true|INDEX_TYPE=CPI|OVERLAP=OL|SCALE=0|SECURITY_CLASSIFICATION=PUB|TYPE_OF_TRANSFORMATION=IX|aggregation=quarterly_mean,\N,"{""aggregation_method"": ""quarterly_mean"", ""source_derivation_types"": [""O"", ""O"", ""O""], ""source_months"": [""2023-M01"", ""2023-M02"", ""2023-M03""], ""source_observation_count"": 3, ""source_series_dimensions"": {""ACCESS_SHARING_LEVEL"": ""PUBLIC_OPEN"", ""COICOP_1999"": ""_T"", ""COMMON_REFERENCE_PERIOD"": ""2025M12"", ""COUNTRY"": ""HND"", ""FREQUENCY"": ""M"", ""IFS_FLAG"": ""true"", ""INDEX_TYPE"": ""CPI"", ""OVERLAP"": ""OL"", ""SCALE"": ""0"", ""SECURITY_CLASSIFICATION"": ""PUB"", ""TYPE_OF_TRANSFORMATION"": ""IX""}}"
HND,cpi_index_all_items_quarterly_imf,2023-Q2,quarterly,88.52111716600729,\N,derived,IMF_CPI,IMF|ACCESS_SHARING_LEVEL=PUBLIC_OPEN|COICOP_1999=_T|COMMON_REFERENCE_PERIOD=2025M12|FREQUENCY=M|IFS_FLAG=true|INDEX_TYPE=CPI|OVERLAP=OL|SCALE=0|SECURITY_CLASSIFICATION=PUB|TYPE_OF_TRANSFORMATION=IX|aggregation=quarterly_mean,\N,"{""aggregation_method"": ""quarterly_mean"", ""source_derivation_types"": [""O"", ""O"", ""O""], ""source_months"": [""2023-M04"", ""2023-M05"", ""2023-M06""], ""source_observation_count"": 3, ""source_series_dimensions"": {""ACCESS_SHARING_LEVEL"": ""PUBLIC_OPEN"", ""COICOP_1999"": ""_T"", ""COMMON_REFERENCE_PERIOD"": ""2025M12"", ""COUNTRY"": ""HND"", ""FREQUENCY"": ""M"", ""IFS_FLAG"": ""true"", ""INDEX_TYPE"": ""CPI"", ""OVERLAP"": ""OL"", ""SCALE"": ""0"", ""SECURITY_CLASSIFICATION"": ""PUB"", ""TYPE_OF_TRANSFORMATION"": ""IX""}}"
HND,cpi_index_all_items_quarterly_imf,2023-Q3,quarterly,89.63423132672767,\N,derived,IMF_CPI,IMF|ACCESS_SHARING_LEVEL=PUBLIC_OPEN|COICOP_1999=_T|COMMON_REFERENCE_PERIOD=2025M12|FREQUENCY=M|IFS_FLAG=true|INDEX_TYPE=CPI|OVERLAP=OL|SCALE=0|SECURITY_CLASSIFICATION=PUB|TYPE_OF_TRANSFORMATION=IX|aggregation=quarterly_mean,\N,"{""aggregation_method"": ""quarterly_mean"", ""source_derivation_types"": [""O"", ""O"", ""O""], ""source_months"": [""2023-M07"", ""2023-M08"", ""2023-M09""], ""source_observation_count"": 3, ""source_series_dimensions"": {""ACCESS_SHARING_LEVEL"": ""PUBLIC_OPEN"", ""COICOP_1999"": ""_T"", ""COMMON_REFERENCE_PERIOD"": ""2025M12"", ""COUNTRY"": ""HND"", ""FREQUENCY"": ""M"", ""IFS_FLAG"": ""true"", ""INDEX_TYPE"": ""CPI"", ""OVERLAP"": ""OL"", ""SCALE"": ""0"", ""SECURITY_CLASSIFICATION"": ""PUB"", ""TYPE_OF_TRANSFORMATION"": ""IX""}}"
HND,cpi_index_all_items_quarterly_imf,2023-Q4,quarterly,90.72593944589575,\N,derived,IMF_CPI,IMF|ACCESS_SHARING_LEVEL=PUBLIC_OPEN|COICOP_1999=_T|COMMON_REFERENCE_PERIOD=2025M12|FREQUENCY=M|IFS_FLAG=true|INDEX_TYPE=CPI|OVERLAP=OL|SCALE=0|SECURITY_CLASSIFICATION=PUB|TYPE_OF_TRANSFORMATION=IX|aggregation=quarterly_mean,\N,"{""aggregation_method"": ""quarterly_mean"", ""source_derivation_types"": [""O"", ""O"", ""O""], ""source_months"": [""2023-M10"", ""2023-M11"", ""2023-M12""], ""source_observation_count"": 3, ""source_series_dimensions"": {""ACCESS_SHARING_LEVEL"": ""PUBLIC_OPEN"", ""COICOP_1999"": ""_T"", ""COMMON_REFERENCE_PERIOD"": ""2025M12"", ""COUNTRY"": ""HND"", ""FREQUENCY"": ""M"", ""IFS_FLAG"": ""true"", ""INDEX_TYPE"": ""CPI"", ""OVERLAP"": ""OL"", ""SCALE"": ""0"", ""SECURITY_CLASSIFICATION"": ""PUB"", ""TYPE_OF_TRANSFORMATION"": ""IX""}}"
HRV,cpi_index_all_items_quarterly_imf,2023-Q1,quarterly,91.26,\N,derived,IMF_CPI,IMF|ACCESS_SHARING_LEVEL=PUBLIC_OPEN|COICOP_1999=_T|COMMON_REFERENCE_PERIOD=2025A|FREQUENCY=M|IFS_FLAG=true|INDEX_TYPE=CPI|OVERLAP=OL|SCALE=0|SECURITY_CLASSIFICATION=PUB|TYPE_OF_TRANSFORMATION=IX|aggregation=quarterly_mean,\N,"{""aggregation_method"": ""quarterly_mean"", ""source_derivation_types"": [""O"", ""O"", ""O""], ""source_months"": [""2023-M01"", ""2023-M02"", ""2023-M03""], ""source_observation_count"": 3, ""source_series_dimensions"": {""ACCESS_SHARING_LEVEL"": ""PUBLIC_OPEN"", ""COICOP_1999"": ""_T"", ""COMMON_REFERENCE_PERIOD"": ""2025A"", ""COUNTRY"": ""HRV"", ""FREQUENCY"": ""M"", ""IFS_FLAG"": ""true"", ""INDEX_TYPE"": ""CPI"", ""OVERLAP"": ""OL"", ""SCALE"": ""0"", ""SECURITY_CLASSIFICATION"": ""PUB"", ""TYPE_OF_TRANSFORMATION"": ""IX""}}"
HRV,cpi_index_all_items_quarterly_imf,2023-Q2,quarterly,93.32279411764705,\N,derived,IMF_CPI,IMF|ACCESS_SHARING_LEVEL=PUBLIC_OPEN|COICOP_1999=_T|COMMON_REFERENCE_PERIOD=2025A|FREQUENCY=M|IFS_FLAG=true|INDEX_TYPE=CPI|OVERLAP=OL|SCALE=0|SECURITY_CLASSIFICATION=PUB|TYPE_OF_TRANSFORMATION=IX|aggregation=quarterly_mean,\N,"{""aggregation_method"": ""quarterly_mean"", ""source_derivation_types"": [""O"", ""O"", ""O""], ""source_months"": [""2023-M04"", ""2023-M05"", ""2023-M06""], ""source_observation_count"": 3, ""source_series_dimensions"": {""ACCESS_SHARING_LEVEL"": ""PUBLIC_OPEN"", ""COICOP_1999"": ""_T"", ""COMMON_REFERENCE_PERIOD"": ""2025A"", ""COUNTRY"": ""HRV"", ""FREQUENCY"": ""M"", ""IFS_FLAG"": ""true"", ""INDEX_TYPE"": ""CPI"", ""OVERLAP"": ""OL"", ""SCALE"": ""0"", ""SECURITY_CLASSIFICATION"": ""PUB"", ""TYPE_OF_TRANSFORMATION"": ""IX""}}"
HRV,cpi_index_all_items_quarterly_imf,2023-Q3,quarterly,94.68970588235294,\N,derived,IMF_CPI,IMF|ACCESS_SHARING_LEVEL=PUBLIC_OPEN|COICOP_1999=_T|COMMON_REFERENCE_PERIOD=2025A|FREQUENCY=M|IFS_FLAG=true|INDEX_TYPE=CPI|OVERLAP=OL|SCALE=0|SECURITY_CLASSIFICATION=PUB|TYPE_OF_TRANSFORMATION=IX|aggregation=quarterly_mean,\N,"{""aggregation_method"": ""quarterly_mean"", ""source_derivation_types"": [""O"", ""O"", ""O""], ""source_months"": [""2023-M07"", ""2023-M08"", ""2023-M09""], ""source_observation_count"": 3, ""source_series_dimensions"": {""ACCESS_SHARING_LEVEL"": ""PUBLIC_OPEN"", ""COICOP_1999"": ""_T"", ""COMMON_REFERENCE_PERIOD"": ""2025A"", ""COUNTRY"": ""HRV"", ""FREQUENCY"": ""M"", ""IFS_FLAG"": ""true"", ""INDEX_TYPE"": ""CPI"", ""OVERLAP"": ""OL"", ""SCALE"": ""0"", ""SECURITY_CLASSIFICATION"": ""PUB"", ""TYPE_OF_TRANSFORMATION"": ""IX""}}"
HRV,cpi_index_all_items_quarterly_imf,2023-Q4,quarterly,95.36073529411765,\N,derived,IMF_CPI,IMF|ACCESS_SHARING_LEVEL=PUBLIC_OPEN|COICOP_1999=_T|COMMON_REFERENCE_PERIOD=2025A|FREQUENCY=M|IFS_FLAG=true|INDEX_TYPE=CPI|OVERLAP=OL|SCALE=0|SECURITY_CLASSIFICATION=PUB|TYPE_OF_TRANSFORMATION=IX|aggregation=quarterly_mean,\N,"{""aggregation_method"": ""quarterly_mean"", ""source_derivation_types"": [""O"", ""O"", ""O""], ""source_months"": [""2023-M10"", ""2023-M11"", ""2023-M12""], ""source_observation_count"": 3, ""source_series_dimensions"": {""ACCESS_SHARING_LEVEL"": ""PUBLIC_OPEN"", ""COICOP_1999"": ""_T"", ""COMMON_REFERENCE_PERIOD"": ""2025A"", ""COUNTRY"": ""HRV"", ""FREQUENCY"": ""M"", ""IFS_FLAG"": ""true"", ""INDEX_TYPE"": ""CPI"", ""OVERLAP"": ""OL"", ""SCALE"": ""0"", ""SECURITY_CLASSIFICATION"": ""PUB"", ""TYPE_OF_TRANSFORMATION"": ""IX""}}"
HTI,cpi_index_all_items_quarterly_imf,2023-Q1,quarterly,304.0333333333333,\N,derived,IMF_CPI,IMF|ACCESS_SHARING_LEVEL=PUBLIC_OPEN|COICOP_1999=_T|COMMON_REFERENCE_PERIOD=2017M10-2018M9|FREQUENCY=M|IFS_FLAG=true|INDEX_TYPE=CPI|OVERLAP=OL|SCALE=0|SECURITY_CLASSIFICATION=PUB|TYPE_OF_TRANSFORMATION=IX|aggregation=quarterly_mean,\N,"{""aggregation_method"": ""quarterly_mean"", ""source_derivation_types"": [""O"", ""O"", ""O""], ""source_months"": [""2023-M01"", ""2023-M02"", ""2023-M03""], ""source_observation_count"": 3, ""source_series_dimensions"": {""ACCESS_SHARING_LEVEL"": ""PUBLIC_OPEN"", ""COICOP_1999"": ""_T"", ""COMMON_REFERENCE_PERIOD"": ""2017M10-2018M9"", ""COUNTRY"": ""HTI"", ""FREQUENCY"": ""M"", ""IFS_FLAG"": ""true"", ""INDEX_TYPE"": ""CPI"", ""OVERLAP"": ""OL"", ""SCALE"": ""0"", ""SECURITY_CLASSIFICATION"": ""PUB"", ""TYPE_OF_TRANSFORMATION"": ""IX""}}"
HTI,cpi_index_all_items_quarterly_imf,2023-Q2,quarterly,315.2333333333333,\N,derived,IMF_CPI,IMF|ACCESS_SHARING_LEVEL=PUBLIC_OPEN|COICOP_1999=_T|COMMON_REFERENCE_PERIOD=2017M10-2018M9|FREQUENCY=M|IFS_FLAG=true|INDEX_TYPE=CPI|OVERLAP=OL|SCALE=0|SECURITY_CLASSIFICATION=PUB|TYPE_OF_TRANSFORMATION=IX|aggregation=quarterly_mean,\N,"{""aggregation_method"": ""quarterly_mean"", ""source_derivation_types"": [""O"", ""O"", ""O""], ""source_months"": [""2023-M04"", ""2023-M05"", ""2023-M06""], ""source_observation_count"": 3, ""source_series_dimensions"": {""ACCESS_SHARING_LEVEL"": ""PUBLIC_OPEN"", ""COICOP_1999"": ""_T"", ""COMMON_REFERENCE_PERIOD"": ""2017M10-2018M9"", ""COUNTRY"": ""HTI"", ""FREQUENCY"": ""M"", ""IFS_FLAG"": ""true"", ""INDEX_TYPE"": ""CPI"", ""OVERLAP"": ""OL"", ""SCALE"": ""0"", ""SECURITY_CLASSIFICATION"": ""PUB"", ""TYPE_OF_TRANSFORMATION"": ""IX""}}"
HTI,cpi_index_all_items_quarterly_imf,2023-Q3,quarterly,323.4,\N,derived,IMF_CPI,IMF|ACCESS_SHARING_LEVEL=PUBLIC_OPEN|COICOP_1999=_T|COMMON_REFERENCE_PERIOD=2017M10-2018M9|FREQUENCY=M|IFS_FLAG=true|INDEX_TYPE=CPI|OVERLAP=OL|SCALE=0|SECURITY_CLASSIFICATION=PUB|TYPE_OF_TRANSFORMATION=IX|aggregation=quarterly_mean,\N,"{""aggregation_method"": ""quarterly_mean"", ""source_derivation_types"": [""O"", ""O"", ""O""], ""source_months"": [""2023-M07"", ""2023-M08"", ""2023-M09""], ""source_observation_count"": 3, ""source_series_dimensions"": {""ACCESS_SHARING_LEVEL"": ""PUBLIC_OPEN"", ""COICOP_1999"": ""_T"", ""COMMON_REFERENCE_PERIOD"": ""2017M10-2018M9"", ""COUNTRY"": ""HTI"", ""FREQUENCY"": ""M"", ""IFS_FLAG"": ""true"", ""INDEX_TYPE"": ""CPI"", ""OVERLAP"": ""OL"", ""SCALE"": ""0"", ""SECURITY_CLASSIFICATION"": ""PUB"", ""TYPE_OF_TRANSFORMATION"": ""IX""}}"
HTI,cpi_index_all_items_quarterly_imf,2023-Q4,quarterly,350.2666666666667,\N,derived,IMF_CPI,IMF|ACCESS_SHARING_LEVEL=PUBLIC_OPEN|COICOP_1999=_T|COMMON_REFERENCE_PERIOD=2017M10-2018M9|FREQUENCY=M|IFS_FLAG=true|INDEX_TYPE=CPI|OVERLAP=OL|SCALE=0|SECURITY_CLASSIFICATION=PUB|TYPE_OF_TRANSFORMATION=IX|aggregation=quarterly_mean,\N,"{""aggregation_method"": ""quarterly_mean"", ""source_derivation_types"": [""O"", ""O"", ""O""], ""source_months"": [""2023-M10"", ""2023-M11"", ""2023-M12""], ""source_observation_count"": 3, ""source_series_dimensions"": {""ACCESS_SHARING_LEVEL"": ""PUBLIC_OPEN"", ""COICOP_1999"": ""_T"", ""COMMON_REFERENCE_PERIOD"": ""2017M10-2018M9"", ""COUNTRY"": ""HTI"", ""FREQUENCY"": ""M"", ""IFS_FLAG"": ""true"", ""INDEX_TYPE"": ""CPI"", ""OVERLAP"": ""OL"", ""SCALE"": ""0"", ""SECURITY_CLASSIFICATION"": ""PUB"", ""TYPE_OF_TRANSFORMATION"": ""IX""}}"
HUN,cpi_index_all_items_quarterly_imf,2023-Q1,quarterly,211.9,\N,derived,IMF_CPI,IMF|ACCESS_SHARING_LEVEL=PUBLIC_OPEN|COICOP_1999=_T|COMMON_REFERENCE_PERIOD=2006M12|FREQUENCY=M|IFS_FLAG=true|INDEX_TYPE=CPI|OVERLAP=OL|SCALE=0|SECURITY_CLASSIFICATION=PUB|TYPE_OF_TRANSFORMATION=IX|aggregation=quarterly_mean,\N,"{""aggregation_method"": ""quarterly_mean"", ""source_derivation_types"": [""O"", ""O"", ""O""], ""source_months"": [""2023-M01"", ""2023-M02"", ""2023-M03""], ""source_observation_count"": 3, ""source_series_dimensions"": {""ACCESS_SHARING_LEVEL"": ""PUBLIC_OPEN"", ""COICOP_1999"": ""_T"", ""COMMON_REFERENCE_PERIOD"": ""2006M12"", ""COUNTRY"": ""HUN"", ""FREQUENCY"": ""M"", ""IFS_FLAG"": ""true"", ""INDEX_TYPE"": ""CPI"", ""OVERLAP"": ""OL"", ""SCALE"": ""0"", ""SECURITY_CLASSIFICATION"": ""PUB"", ""TYPE_OF_TRANSFORMATION"": ""IX""}}"
HUN,cpi_index_all_items_quarterly_imf,2023-Q2,quarterly,214.66666666666666,\N,derived,IMF_CPI,IMF|ACCESS_SHARING_LEVEL=PUBLIC_OPEN|COICOP_1999=_T|COMMON_REFERENCE_PERIOD=2006M12|FREQUENCY=M|IFS_FLAG=true|INDEX_TYPE=CPI|OVERLAP=OL|SCALE=0|SECURITY_CLASSIFICATION=PUB|TYPE_OF_TRANSFORMATION=IX|aggregation=quarterly_mean,\N,"{""aggregation_method"": ""quarterly_mean"", ""source_derivation_types"": [""O"", ""O"", ""O""], ""source_months"": [""2023-M04"", ""2023-M05"", ""2023-M06""], ""source_observation_count"": 3, ""source_series_dimensions"": {""ACCESS_SHARING_LEVEL"": ""PUBLIC_OPEN"", ""COICOP_1999"": ""_T"", ""COMMON_REFERENCE_PERIOD"": ""2006M12"", ""COUNTRY"": ""HUN"", ""FREQUENCY"": ""M"", ""IFS_FLAG"": ""true"", ""INDEX_TYPE"": ""CPI"", ""OVERLAP"": ""OL"", ""SCALE"": ""0"", ""SECURITY_CLASSIFICATION"": ""PUB"", ""TYPE_OF_TRANSFORMATION"": ""IX""}}"
HUN,cpi_index_all_items_quarterly_imf,2023-Q3,quarterly,216.66666666666666,\N,derived,IMF_CPI,IMF|ACCESS_SHARING_LEVEL=PUBLIC_OPEN|COICOP_1999=_T|COMMON_REFERENCE_PERIOD=2006M12|FREQUENCY=M|IFS_FLAG=true|INDEX_TYPE=CPI|OVERLAP=OL|SCALE=0|SECURITY_CLASSIFICATION=PUB|TYPE_OF_TRANSFORMATION=IX|aggregation=quarterly_mean,\N,"{""aggregation_method"": ""quarterly_mean"", ""source_derivation_types"": [""O"", ""O"", ""O""], ""source_months"": [""2023-M07"", ""2023-M08"", ""2023-M09""], ""source_observation_count"": 3, ""source_series_dimensions"": {""ACCESS_SHARING_LEVEL"": ""PUBLIC_OPEN"", ""COICOP_1999"": ""_T"", ""COMMON_REFERENCE_PERIOD"": ""2006M12"", ""COUNTRY"": ""HUN"", ""FREQUENCY"": ""M"", ""IFS_FLAG"": ""true"", ""INDEX_TYPE"": ""CPI"", ""OVERLAP"": ""OL"", ""SCALE"": ""0"", ""SECURITY_CLASSIFICATION"": ""PUB"", ""TYPE_OF_TRANSFORMATION"": ""IX""}}"
HUN,cpi_index_all_items_quarterly_imf,2023-Q4,quarterly,217.16666666666666,\N,derived,IMF_CPI,IMF|ACCESS_SHARING_LEVEL=PUBLIC_OPEN|COICOP_1999=_T|COMMON_REFERENCE_PERIOD=2006M12|FREQUENCY=M|IFS_FLAG=true|INDEX_TYPE=CPI|OVERLAP=OL|SCALE=0|SECURITY_CLASSIFICATION=PUB|TYPE_OF_TRANSFORMATION=IX|aggregation=quarterly_mean,\N,"{""aggregation_method"": ""quarterly_mean"", ""source_derivation_types"": [""O"", ""O"", ""O""], ""source_months"": [""2023-M10"", ""2023-M11"", ""2023-M12""], ""source_observation_count"": 3, ""source_series_dimensions"": {""ACCESS_SHARING_LEVEL"": ""PUBLIC_OPEN"", ""COICOP_1999"": ""_T"", ""COMMON_REFERENCE_PERIOD"": ""2006M12"", ""COUNTRY"": ""HUN"", ""FREQUENCY"": ""M"", ""IFS_FLAG"": ""true"", ""INDEX_TYPE"": ""CPI"", ""OVERLAP"": ""OL"", ""SCALE"": ""0"", ""SECURITY_CLASSIFICATION"": ""PUB"", ""TYPE_OF_TRANSFORMATION"": ""IX""}}"
IDN,cpi_index_all_items_quarterly_imf,2023-Q1,quarterly,102.98593333333334,\N,derived,IMF_CPI,IMF|ACCESS_SHARING_LEVEL=PUBLIC_OPEN|COICOP_1999=_T|COMMON_REFERENCE_PERIOD=2022A|FREQUENCY=M|IFS_FLAG=true|INDEX_TYPE=CPI|OVERLAP=OL|SCALE=0|SECURITY_CLASSIFICATION=PUB|TYPE_OF_TRANSFORMATION=IX|aggregation=quarterly_mean,\N,"{""aggregation_method"": ""quarterly_mean"", ""source_derivation_types"": [""O"", ""O"", ""O""], ""source_months"": [""2023-M01"", ""2023-M02"", ""2023-M03""], ""source_observation_count"": 3, ""source_series_dimensions"": {""ACCESS_SHARING_LEVEL"": ""PUBLIC_OPEN"", ""COICOP_1999"": ""_T"", ""COMMON_REFERENCE_PERIOD"": ""2022A"", ""COUNTRY"": ""IDN"", ""FREQUENCY"": ""M"", ""IFS_FLAG"": ""true"", ""INDEX_TYPE"": ""CPI"", ""OVERLAP"": ""OL"", ""SCALE"": ""0"", ""SECURITY_CLASSIFICATION"": ""PUB"", ""TYPE_OF_TRANSFORMATION"": ""IX""}}"
IDN,cpi_index_all_items_quarterly_imf,2023-Q2,quarterly,103.61136666666668,\N,derived,IMF_CPI,IMF|ACCESS_SHARING_LEVEL=PUBLIC_OPEN|COICOP_1999=_T|COMMON_REFERENCE_PERIOD=2022A|FREQUENCY=M|IFS_FLAG=true|INDEX_TYPE=CPI|OVERLAP=OL|SCALE=0|SECURITY_CLASSIFICATION=PUB|TYPE_OF_TRANSFORMATION=IX|aggregation=quarterly_mean,\N,"{""aggregation_method"": ""quarterly_mean"", ""source_derivation_types"": [""O"", ""O"", ""O""], ""source_months"": [""2023-M04"", ""2023-M05"", ""2023-M06""], ""source_observation_count"": 3, ""source_series_dimensions"": {""ACCESS_SHARING_LEVEL"": ""PUBLIC_OPEN"", ""COICOP_1999"": ""_T"", ""COMMON_REFERENCE_PERIOD"": ""2022A"", ""COUNTRY"": ""IDN"", ""FREQUENCY"": ""M"", ""IFS_FLAG"": ""true"", ""INDEX_TYPE"": ""CPI"", ""OVERLAP"": ""OL"", ""SCALE"": ""0"", ""SECURITY_CLASSIFICATION"": ""PUB"", ""TYPE_OF_TRANSFORMATION"": ""IX""}}"
IDN,cpi_index_all_items_quarterly_imf,2023-Q3,quarterly,104.0083,\N,derived,IMF_CPI,IMF|ACCESS_SHARING_LEVEL=PUBLIC_OPEN|COICOP_1999=_T|COMMON_REFERENCE_PERIOD=2022A|FREQUENCY=M|IFS_FLAG=true|INDEX_TYPE=CPI|OVERLAP=OL|SCALE=0|SECURITY_CLASSIFICATION=PUB|TYPE_OF_TRANSFORMATION=IX|aggregation=quarterly_mean,\N,"{""aggregation_method"": ""quarterly_mean"", ""source_derivation_types"": [""O"", ""O"", ""O""], ""source_months"": [""2023-M07"", ""2023-M08"", ""2023-M09""], ""source_observation_count"": 3, ""source_series_dimensions"": {""ACCESS_SHARING_LEVEL"": ""PUBLIC_OPEN"", ""COICOP_1999"": ""_T"", ""COMMON_REFERENCE_PERIOD"": ""2022A"", ""COUNTRY"": ""IDN"", ""FREQUENCY"": ""M"", ""IFS_FLAG"": ""true"", ""INDEX_TYPE"": ""CPI"", ""OVERLAP"": ""OL"", ""SCALE"": ""0"", ""SECURITY_CLASSIFICATION"": ""PUB"", ""TYPE_OF_TRANSFORMATION"": ""IX""}}"
IDN,cpi_index_all_items_quarterly_imf,2023-Q4,quarterly,104.72393333333333,\N,derived,IMF_CPI,IMF|ACCESS_SHARING_LEVEL=PUBLIC_OPEN|COICOP_1999=_T|COMMON_REFERENCE_PERIOD=2022A|FREQUENCY=M|IFS_FLAG=true|INDEX_TYPE=CPI|OVERLAP=OL|SCALE=0|SECURITY_CLASSIFICATION=PUB|TYPE_OF_TRANSFORMATION=IX|aggregation=quarterly_mean,\N,"{""aggregation_method"": ""quarterly_mean"", ""source_derivation_types"": [""O"", ""O"", ""O""], ""source_months"": [""2023-M10"", ""2023-M11"", ""2023-M12""], ""source_observation_count"": 3, ""source_series_dimensions"": {""ACCESS_SHARING_LEVEL"": ""PUBLIC_OPEN"", ""COICOP_1999"": ""_T"", ""COMMON_REFERENCE_PERIOD"": ""2022A"", ""COUNTRY"": ""IDN"", ""FREQUENCY"": ""M"", ""IFS_FLAG"": ""true"", ""INDEX_TYPE"": ""CPI"", ""OVERLAP"": ""OL"", ""SCALE"": ""0"", ""SECURITY_CLASSIFICATION"": ""PUB"", ""TYPE_OF_TRANSFORMATION"": ""IX""}}"
IND,cpi_index_all_items_quarterly_imf,2023-Q1,quarterly,92.96093588417789,\N,derived,IMF_CPI,IMF|ACCESS_SHARING_LEVEL=PUBLIC_OPEN|COICOP_1999=_T|COMMON_REFERENCE_PERIOD=2024A|FREQUENCY=M|IFS_FLAG=true|INDEX_TYPE=CPI|OVERLAP=OL|SCALE=0|SECURITY_CLASSIFICATION=PUB|TYPE_OF_TRANSFORMATION=IX|aggregation=quarterly_mean,\N,"{""aggregation_method"": ""quarterly_mean"", ""source_derivation_types"": [""O"", ""O"", ""O""], ""source_months"": [""2023-M01"", ""2023-M02"", ""2023-M03""], ""source_observation_count"": 3, ""source_series_dimensions"": {""ACCESS_SHARING_LEVEL"": ""PUBLIC_OPEN"", ""COICOP_1999"": ""_T"", ""COMMON_REFERENCE_PERIOD"": ""2024A"", ""COUNTRY"": ""IND"", ""FREQUENCY"": ""M"", ""IFS_FLAG"": ""true"", ""INDEX_TYPE"": ""CPI"", ""OVERLAP"": ""OL"", ""SCALE"": ""0"", ""SECURITY_CLASSIFICATION"": ""PUB"", ""TYPE_OF_TRANSFORMATION"": ""IX""}}"
IND,cpi_index_all_items_quarterly_imf,2023-Q2,quarterly,94.29270423991727,\N,derived,IMF_CPI,IMF|ACCESS_SHARING_LEVEL=PUBLIC_OPEN|COICOP_1999=_T|COMMON_REFERENCE_PERIOD=2024A|FREQUENCY=M|IFS_FLAG=true|INDEX_TYPE=CPI|OVERLAP=OL|SCALE=0|SECURITY_CLASSIFICATION=PUB|TYPE_OF_TRANSFORMATION=IX|aggregation=quarterly_mean,\N,"{""aggregation_method"": ""quarterly_mean"", ""source_derivation_types"": [""O"", ""O"", ""O""], ""source_months"": [""2023-M04"", ""2023-M05"", ""2023-M06""], ""source_observation_count"": 3, ""source_series_dimensions"": {""ACCESS_SHARING_LEVEL"": ""PUBLIC_OPEN"", ""COICOP_1999"": ""_T"", ""COMMON_REFERENCE_PERIOD"": ""2024A"", ""COUNTRY"": ""IND"", ""FREQUENCY"": ""M"", ""IFS_FLAG"": ""true"", ""INDEX_TYPE"": ""CPI"", ""OVERLAP"": ""OL"", ""SCALE"": ""0"", ""SECURITY_CLASSIFICATION"": ""PUB"", ""TYPE_OF_TRANSFORMATION"": ""IX""}}"
IND,cpi_index_all_items_quarterly_imf,2023-Q3,quarterly,97.5345087900724,\N,derived,IMF_CPI,IMF|ACCESS_SHARING_LEVEL=PUBLIC_OPEN|COICOP_1999=_T|COMMON_REFERENCE_PERIOD=2024A|FREQUENCY=M|IFS_FLAG=true|INDEX_TYPE=CPI|OVERLAP=OL|SCALE=0|SECURITY_CLASSIFICATION=PUB|TYPE_OF_TRANSFORMATION=IX|aggregation=quarterly_mean,\N,"{""aggregation_method"": ""quarterly_mean"", ""source_derivation_types"": [""O"", ""O"", ""O""], ""source_months"": [""2023-M07"", ""2023-M08"", ""2023-M09""], ""source_observation_count"": 3, ""source_series_dimensions"": {""ACCESS_SHARING_LEVEL"": ""PUBLIC_OPEN"", ""COICOP_1999"": ""_T"", ""COMMON_REFERENCE_PERIOD"": ""2024A"", ""COUNTRY"": ""IND"", ""FREQUENCY"": ""M"", ""IFS_FLAG"": ""true"", ""INDEX_TYPE"": ""CPI"", ""OVERLAP"": ""OL"", ""SCALE"": ""0"", ""SECURITY_CLASSIFICATION"": ""PUB"", ""TYPE_OF_TRANSFORMATION"": ""IX""}}"
IND,cpi_index_all_items_quarterly_imf,2023-Q4,quarterly,97.65717166494314,\N,derived,IMF_CPI,IMF|ACCESS_SHARING_LEVEL=PUBLIC_OPEN|COICOP_1999=_T|COMMON_REFERENCE_PERIOD=2024A|FREQUENCY=M|IFS_FLAG=true|INDEX_TYPE=CPI|OVERLAP=OL|SCALE=0|SECURITY_CLASSIFICATION=PUB|TYPE_OF_TRANSFORMATION=IX|aggregation=quarterly_mean,\N,"{""aggregation_method"": ""quarterly_mean"", ""source_derivation_types"": [""O"", ""O"", ""O""], ""source_months"": [""2023-M10"", ""2023-M11"", ""2023-M12""], ""source_observation_count"": 3, ""source_series_dimensions"": {""ACCESS_SHARING_LEVEL"": ""PUBLIC_OPEN"", ""COICOP_1999"": ""_T"", ""COMMON_REFERENCE_PERIOD"": ""2024A"", ""COUNTRY"": ""IND"", ""FREQUENCY"": ""M"", ""IFS_FLAG"": ""true"", ""INDEX_TYPE"": ""CPI"", ""OVERLAP"": ""OL"", ""SCALE"": ""0"", ""SECURITY_CLASSIFICATION"": ""PUB"", ""TYPE_OF_TRANSFORMATION"": ""IX""}}"
IRL,cpi_index_all_items_quarterly_imf,2023-Q1,quarterly,96.2,\N,derived,IMF_CPI,IMF|ACCESS_SHARING_LEVEL=PUBLIC_OPEN|COICOP_1999=_T|COMMON_REFERENCE_PERIOD=2023M12|FREQUENCY=M|IFS_FLAG=true|INDEX_TYPE=CPI|OVERLAP=OL|SCALE=0|SECURITY_CLASSIFICATION=PUB|TYPE_OF_TRANSFORMATION=IX|aggregation=quarterly_mean,\N,"{""aggregation_method"": ""quarterly_mean"", ""source_derivation_types"": [""O"", ""O"", ""O""], ""source_months"": [""2023-M01"", ""2023-M02"", ""2023-M03""], ""source_observation_count"": 3, ""source_series_dimensions"": {""ACCESS_SHARING_LEVEL"": ""PUBLIC_OPEN"", ""COICOP_1999"": ""_T"", ""COMMON_REFERENCE_PERIOD"": ""2023M12"", ""COUNTRY"": ""IRL"", ""FREQUENCY"": ""M"", ""IFS_FLAG"": ""true"", ""INDEX_TYPE"": ""CPI"", ""OVERLAP"": ""OL"", ""SCALE"": ""0"", ""SECURITY_CLASSIFICATION"": ""PUB"", ""TYPE_OF_TRANSFORMATION"": ""IX""}}"
IRL,cpi_index_all_items_quarterly_imf,2023-Q2,quarterly,98.43333333333332,\N,derived,IMF_CPI,IMF|ACCESS_SHARING_LEVEL=PUBLIC_OPEN|COICOP_1999=_T|COMMON_REFERENCE_PERIOD=2023M12|FREQUENCY=M|IFS_FLAG=true|INDEX_TYPE=CPI|OVERLAP=OL|SCALE=0|SECURITY_CLASSIFICATION=PUB|TYPE_OF_TRANSFORMATION=IX|aggregation=quarterly_mean,\N,"{""aggregation_method"": ""quarterly_mean"", ""source_derivation_types"": [""O"", ""O"", ""O""], ""source_months"": [""2023-M04"", ""2023-M05"", ""2023-M06""], ""source_observation_count"": 3, ""source_series_dimensions"": {""ACCESS_SHARING_LEVEL"": ""PUBLIC_OPEN"", ""COICOP_1999"": ""_T"", ""COMMON_REFERENCE_PERIOD"": ""2023M12"", ""COUNTRY"": ""IRL"", ""FREQUENCY"": ""M"", ""IFS_FLAG"": ""true"", ""INDEX_TYPE"": ""CPI"", ""OVERLAP"": ""OL"", ""SCALE"": ""0"", ""SECURITY_CLASSIFICATION"": ""PUB"", ""TYPE_OF_TRANSFORMATION"": ""IX""}}"
IRL,cpi_index_all_items_quarterly_imf,2023-Q3,quarterly,99.73333333333333,\N,derived,IMF_CPI,IMF|ACCESS_SHARING_LEVEL=PUBLIC_OPEN|COICOP_1999=_T|COMMON_REFERENCE_PERIOD=2023M12|FREQUENCY=M|IFS_FLAG=true|INDEX_TYPE=CPI|OVERLAP=OL|SCALE=0|SECURITY_CLASSIFICATION=PUB|TYPE_OF_TRANSFORMATION=IX|aggregation=quarterly_mean,\N,"{""aggregation_method"": ""quarterly_mean"", ""source_derivation_types"": [""O"", ""O"", ""O""], ""source_months"": [""2023-M07"", ""2023-M08"", ""2023-M09""], ""source_observation_count"": 3, ""source_series_dimensions"": {""ACCESS_SHARING_LEVEL"": ""PUBLIC_OPEN"", ""COICOP_1999"": ""_T"", ""COMMON_REFERENCE_PERIOD"": ""2023M12"", ""COUNTRY"": ""IRL"", ""FREQUENCY"": ""M"", ""IFS_FLAG"": ""true"", ""INDEX_TYPE"": ""CPI"", ""OVERLAP"": ""OL"", ""SCALE"": ""0"", ""SECURITY_CLASSIFICATION"": ""PUB"", ""TYPE_OF_TRANSFORMATION"": ""IX""}}"
IRL,cpi_index_all_items_quarterly_imf,2023-Q4,quarterly,99.93333333333334,\N,derived,IMF_CPI,IMF|ACCESS_SHARING_LEVEL=PUBLIC_OPEN|COICOP_1999=_T|COMMON_REFERENCE_PERIOD=2023M12|FREQUENCY=M|IFS_FLAG=true|INDEX_TYPE=CPI|OVERLAP=OL|SCALE=0|SECURITY_CLASSIFICATION=PUB|TYPE_OF_TRANSFORMATION=IX|aggregation=quarterly_mean,\N,"{""aggregation_method"": ""quarterly_mean"", ""source_derivation_types"": [""O"", ""O"", ""O""], ""source_months"": [""2023-M10"", ""2023-M11"", ""2023-M12""], ""source_observation_count"": 3, ""source_series_dimensions"": {""ACCESS_SHARING_LEVEL"": ""PUBLIC_OPEN"", ""COICOP_1999"": ""_T"", ""COMMON_REFERENCE_PERIOD"": ""2023M12"", ""COUNTRY"": ""IRL"", ""FREQUENCY"": ""M"", ""IFS_FLAG"": ""true"", ""INDEX_TYPE"": ""CPI"", ""OVERLAP"": ""OL"", ""SCALE"": ""0"", ""SECURITY_CLASSIFICATION"": ""PUB"", ""TYPE_OF_TRANSFORMATION"": ""IX""}}"
IRN,cpi_index_all_items_quarterly_imf,2023-Q1,quarterly,167.0,\N,derived,IMF_CPI,IMF|ACCESS_SHARING_LEVEL=PUBLIC_OPEN|COICOP_1999=_T|COMMON_REFERENCE_PERIOD=2021A|FREQUENCY=M|IFS_FLAG=true|INDEX_TYPE=CPI|OVERLAP=OL|SCALE=0|SECURITY_CLASSIFICATION=PUB|TYPE_OF_TRANSFORMATION=IX|aggregation=quarterly_mean,\N,"{""aggregation_method"": ""quarterly_mean"", ""source_derivation_types"": [""O"", ""O"", ""O""], ""source_months"": [""2023-M01"", ""2023-M02"", ""2023-M03""], ""source_observation_count"": 3, ""source_series_dimensions"": {""ACCESS_SHARING_LEVEL"": ""PUBLIC_OPEN"", ""COICOP_1999"": ""_T"", ""COMMON_REFERENCE_PERIOD"": ""2021A"", ""COUNTRY"": ""IRN"", ""FREQUENCY"": ""M"", ""IFS_FLAG"": ""true"", ""INDEX_TYPE"": ""CPI"", ""OVERLAP"": ""OL"", ""SCALE"": ""0"", ""SECURITY_CLASSIFICATION"": ""PUB"", ""TYPE_OF_TRANSFORMATION"": ""IX""}}"
IRN,cpi_index_all_items_quarterly_imf,2023-Q2,quarterly,185.1,\N,derived,IMF_CPI,IMF|ACCESS_SHARING_LEVEL=PUBLIC_OPEN|COICOP_1999=_T|COMMON_REFERENCE_PERIOD=2021A|FREQUENCY=M|IFS_FLAG=true|INDEX_TYPE=CPI|OVERLAP=OL|SCALE=0|SECURITY_CLASSIFICATION=PUB|TYPE_OF_TRANSFORMATION=IX|aggregation=quarterly_mean,\N,"{""aggregation_method"": ""quarterly_mean"", ""source_derivation_types"": [""O"", ""O"", ""O""], ""source_months"": [""2023-M04"", ""2023-M05"", ""2023-M06""], ""source_observation_count"": 3, ""source_series_dimensions"": {""ACCESS_SHARING_LEVEL"": ""PUBLIC_OPEN"", ""COICOP_1999"": ""_T"", ""COMMON_REFERENCE_PERIOD"": ""2021A"", ""COUNTRY"": ""IRN"", ""FREQUENCY"": ""M"", ""IFS_FLAG"": ""true"", ""INDEX_TYPE"": ""CPI"", ""OVERLAP"": ""OL"", ""SCALE"": ""0"", ""SECURITY_CLASSIFICATION"": ""PUB"", ""TYPE_OF_TRANSFORMATION"": ""IX""}}"
IRN,cpi_index_all_items_quarterly_imf,2023-Q3,quarterly,197.46666666666667,\N,derived,IMF_CPI,IMF|ACCESS_SHARING_LEVEL=PUBLIC_OPEN|COICOP_1999=_T|COMMON_REFERENCE_PERIOD=2021A|FREQUENCY=M|IFS_FLAG=true|INDEX_TYPE=CPI|OVERLAP=OL|SCALE=0|SECURITY_CLASSIFICATION=PUB|TYPE_OF_TRANSFORMATION=IX|aggregation=quarterly_mean,\N,"{""aggregation_method"": ""quarterly_mean"", ""source_derivation_types"": [""O"", ""O"", ""O""], ""source_months"": [""2023-M07"", ""2023-M08"", ""2023-M09""], ""source_observation_count"": 3, ""source_series_dimensions"": {""ACCESS_SHARING_LEVEL"": ""PUBLIC_OPEN"", ""COICOP_1999"": ""_T"", ""COMMON_REFERENCE_PERIOD"": ""2021A"", ""COUNTRY"": ""IRN"", ""FREQUENCY"": ""M"", ""IFS_FLAG"": ""true"", ""INDEX_TYPE"": ""CPI"", ""OVERLAP"": ""OL"", ""SCALE"": ""0"", ""SECURITY_CLASSIFICATION"": ""PUB"", ""TYPE_OF_TRANSFORMATION"": ""IX""}}"
IRN,cpi_index_all_items_quarterly_imf,2023-Q4,quarterly,211.46666666666667,\N,derived,IMF_CPI,IMF|ACCESS_SHARING_LEVEL=PUBLIC_OPEN|COICOP_1999=_T|COMMON_REFERENCE_PERIOD=2021A|FREQUENCY=M|IFS_FLAG=true|INDEX_TYPE=CPI|OVERLAP=OL|SCALE=0|SECURITY_CLASSIFICATION=PUB|TYPE_OF_TRANSFORMATION=IX|aggregation=quarterly_mean,\N,"{""aggregation_method"": ""quarterly_mean"", ""source_derivation_types"": [""O"", ""O"", ""O""], ""source_months"": [""2023-M10"", ""2023-M11"", ""2023-M12""], ""source_observation_count"": 3, ""source_series_dimensions"": {""ACCESS_SHARING_LEVEL"": ""PUBLIC_OPEN"", ""COICOP_1999"": ""_T"", ""COMMON_REFERENCE_PERIOD"": ""2021A"", ""COUNTRY"": ""IRN"", ""FREQUENCY"": ""M"", ""IFS_FLAG"": ""true"", ""INDEX_TYPE"": ""CPI"", ""OVERLAP"": ""OL"", ""SCALE"": ""0"", ""SECURITY_CLASSIFICATION"": ""PUB"", ""TYPE_OF_TRANSFORMATION"": ""IX""}}"
IRQ,cpi_index_all_items_quarterly_imf,2023-Q1,quarterly,104.67321428571427,\N,derived,IMF_CPI,IMF|ACCESS_SHARING_LEVEL=PUBLIC_OPEN|COICOP_1999=_T|COMMON_REFERENCE_PERIOD=2022A|FREQUENCY=M|IFS_FLAG=true|INDEX_TYPE=CPI|OVERLAP=OL|SCALE=0|SECURITY_CLASSIFICATION=PUB|TYPE_OF_TRANSFORMATION=IX|aggregation=quarterly_mean,\N,"{""aggregation_method"": ""quarterly_mean"", ""source_derivation_types"": [""O"", ""O"", ""O""], ""source_months"": [""2023-M01"", ""2023-M02"", ""2023-M03""], ""source_observation_count"": 3, ""source_series_dimensions"": {""ACCESS_SHARING_LEVEL"": ""PUBLIC_OPEN"", ""COICOP_1999"": ""_T"", ""COMMON_REFERENCE_PERIOD"": ""2022A"", ""COUNTRY"": ""IRQ"", ""FREQUENCY"": ""M"", ""IFS_FLAG"": ""true"", ""INDEX_TYPE"": ""CPI"", ""OVERLAP"": ""OL"", ""SCALE"": ""0"", ""SECURITY_CLASSIFICATION"": ""PUB"", ""TYPE_OF_TRANSFORMATION"": ""IX""}}"
IRQ,cpi_index_all_items_quarterly_imf,2023-Q2,quarterly,103.27719155844157,\N,derived,IMF_CPI,IMF|ACCESS_SHARING_LEVEL=PUBLIC_OPEN|COICOP_1999=_T|COMMON_REFERENCE_PERIOD=2022A|FREQUENCY=M|IFS_FLAG=true|INDEX_TYPE=CPI|OVERLAP=OL|SCALE=0|SECURITY_CLASSIFICATION=PUB|TYPE_OF_TRANSFORMATION=IX|aggregation=quarterly_mean,\N,"{""aggregation_method"": ""quarterly_mean"", ""source_derivation_types"": [""O"", ""O"", ""O""], ""source_months"": [""2023-M04"", ""2023-M05"", ""2023-M06""], ""source_observation_count"": 3, ""source_series_dimensions"": {""ACCESS_SHARING_LEVEL"": ""PUBLIC_OPEN"", ""COICOP_1999"": ""_T"", ""COMMON_REFERENCE_PERIOD"": ""2022A"", ""COUNTRY"": ""IRQ"", ""FREQUENCY"": ""M"", ""IFS_FLAG"": ""true"", ""INDEX_TYPE"": ""CPI"", ""OVERLAP"": ""OL"", ""SCALE"": ""0"", ""SECURITY_CLASSIFICATION"": ""PUB"", ""TYPE_OF_TRANSFORMATION"": ""IX""}}"
IRQ,cpi_index_all_items_quarterly_imf,2023-Q3,quarterly,104.53076298701296,\N,derived,IMF_CPI,IMF|ACCESS_SHARING_LEVEL=PUBLIC_OPEN|COICOP_1999=_T|COMMON_REFERENCE_PERIOD=2022A|FREQUENCY=M|IFS_FLAG=true|INDEX_TYPE=CPI|OVERLAP=OL|SCALE=0|SECURITY_CLASSIFICATION=PUB|TYPE_OF_TRANSFORMATION=IX|aggregation=quarterly_mean,\N,"{""aggregation_method"": ""quarterly_mean"", ""source_derivation_types"": [""O"", ""O"", ""O""], ""source_months"": [""2023-M07"", ""2023-M08"", ""2023-M09""], ""source_observation_count"": 3, ""source_series_dimensions"": {""ACCESS_SHARING_LEVEL"": ""PUBLIC_OPEN"", ""COICOP_1999"": ""_T"", ""COMMON_REFERENCE_PERIOD"": ""2022A"", ""COUNTRY"": ""IRQ"", ""FREQUENCY"": ""M"", ""IFS_FLAG"": ""true"", ""INDEX_TYPE"": ""CPI"", ""OVERLAP"": ""OL"", ""SCALE"": ""0"", ""SECURITY_CLASSIFICATION"": ""PUB"", ""TYPE_OF_TRANSFORMATION"": ""IX""}}"
IRQ,cpi_index_all_items_quarterly_imf,2023-Q4,quarterly,105.0150974025974,\N,derived,IMF_CPI,IMF|ACCESS_SHARING_LEVEL=PUBLIC_OPEN|COICOP_1999=_T|COMMON_REFERENCE_PERIOD=2022A|FREQUENCY=M|IFS_FLAG=true|INDEX_TYPE=CPI|OVERLAP=OL|SCALE=0|SECURITY_CLASSIFICATION=PUB|TYPE_OF_TRANSFORMATION=IX|aggregation=quarterly_mean,\N,"{""aggregation_method"": ""quarterly_mean"", ""source_derivation_types"": [""O"", ""O"", ""O""], ""source_months"": [""2023-M10"", ""2023-M11"", ""2023-M12""], ""source_observation_count"": 3, ""source_series_dimensions"": {""ACCESS_SHARING_LEVEL"": ""PUBLIC_OPEN"", ""COICOP_1999"": ""_T"", ""COMMON_REFERENCE_PERIOD"": ""2022A"", ""COUNTRY"": ""IRQ"", ""FREQUENCY"": ""M"", ""IFS_FLAG"": ""true"", ""INDEX_TYPE"": ""CPI"", ""OVERLAP"": ""OL"", ""SCALE"": ""0"", ""SECURITY_CLASSIFICATION"": ""PUB"", ""TYPE_OF_TRANSFORMATION"": ""IX""}}"
ISL,cpi_index_all_items_quarterly_imf,2023-Q1,quarterly,86.47851468634269,\N,derived,IMF_CPI,IMF|ACCESS_SHARING_LEVEL=PUBLIC_OPEN|COICOP_1999=_T|COMMON_REFERENCE_PERIOD=2025M12|FREQUENCY=M|IFS_FLAG=true|INDEX_TYPE=CPI|OVERLAP=OL|SCALE=0|SECURITY_CLASSIFICATION=PUB|TYPE_OF_TRANSFORMATION=IX|aggregation=quarterly_mean,\N,"{""aggregation_method"": ""quarterly_mean"", ""source_derivation_types"": [""O"", ""O"", ""O""], ""source_months"": [""2023-M01"", ""2023-M02"", ""2023-M03""], ""source_observation_count"": 3, ""source_series_dimensions"": {""ACCESS_SHARING_LEVEL"": ""PUBLIC_OPEN"", ""COICOP_1999"": ""_T"", ""COMMON_REFERENCE_PERIOD"": ""2025M12"", ""COUNTRY"": ""ISL"", ""FREQUENCY"": ""M"", ""IFS_FLAG"": ""true"", ""INDEX_TYPE"": ""CPI"", ""OVERLAP"": ""OL"", ""SCALE"": ""0"", ""SECURITY_CLASSIFICATION"": ""PUB"", ""TYPE_OF_TRANSFORMATION"": ""IX""}}"
ISL,cpi_index_all_items_quarterly_imf,2023-Q2,quarterly,88.83589178186753,\N,derived,IMF_CPI,IMF|ACCESS_SHARING_LEVEL=PUBLIC_OPEN|COICOP_1999=_T|COMMON_REFERENCE_PERIOD=2025M12|FREQUENCY=M|IFS_FLAG=true|INDEX_TYPE=CPI|OVERLAP=OL|SCALE=0|SECURITY_CLASSIFICATION=PUB|TYPE_OF_TRANSFORMATION=IX|aggregation=quarterly_mean,\N,"{""aggregation_method"": ""quarterly_mean"", ""source_derivation_types"": [""O"", ""O"", ""O""], ""source_months"": [""2023-M04"", ""2023-M05"", ""2023-M06""], ""source_observation_count"": 3, ""source_series_dimensions"": {""ACCESS_SHARING_LEVEL"": ""PUBLIC_OPEN"", ""COICOP_1999"": ""_T"", ""COMMON_REFERENCE_PERIOD"": ""2025M12"", ""COUNTRY"": ""ISL"", ""FREQUENCY"": ""M"", ""IFS_FLAG"": ""true"", ""INDEX_TYPE"": ""CPI"", ""OVERLAP"": ""OL"", ""SCALE"": ""0"", ""SECURITY_CLASSIFICATION"": ""PUB"", ""TYPE_OF_TRANSFORMATION"": ""IX""}}"
ISL,cpi_index_all_items_quarterly_imf,2023-Q3,quarterly,89.78839793062504,\N,derived,IMF_CPI,IMF|ACCESS_SHARING_LEVEL=PUBLIC_OPEN|COICOP_1999=_T|COMMON_REFERENCE_PERIOD=2025M12|FREQUENCY=M|IFS_FLAG=true|INDEX_TYPE=CPI|OVERLAP=OL|SCALE=0|SECURITY_CLASSIFICATION=PUB|TYPE_OF_TRANSFORMATION=IX|aggregation=quarterly_mean,\N,"{""aggregation_method"": ""quarterly_mean"", ""source_derivation_types"": [""O"", ""O"", ""O""], ""source_months"": [""2023-M07"", ""2023-M08"", ""2023-M09""], ""source_observation_count"": 3, ""source_series_dimensions"": {""ACCESS_SHARING_LEVEL"": ""PUBLIC_OPEN"", ""COICOP_1999"": ""_T"", ""COMMON_REFERENCE_PERIOD"": ""2025M12"", ""COUNTRY"": ""ISL"", ""FREQUENCY"": ""M"", ""IFS_FLAG"": ""true"", ""INDEX_TYPE"": ""CPI"", ""OVERLAP"": ""OL"", ""SCALE"": ""0"", ""SECURITY_CLASSIFICATION"": ""PUB"", ""TYPE_OF_TRANSFORMATION"": ""IX""}}"
ISL,cpi_index_all_items_quarterly_imf,2023-Q4,quarterly,90.9972295253442,\N,derived,IMF_CPI,IMF|ACCESS_SHARING_LEVEL=PUBLIC_OPEN|COICOP_1999=_T|COMMON_REFERENCE_PERIOD=2025M12|FREQUENCY=M|IFS_FLAG=true|INDEX_TYPE=CPI|OVERLAP=OL|SCALE=0|SECURITY_CLASSIFICATION=PUB|TYPE_OF_TRANSFORMATION=IX|aggregation=quarterly_mean,\N,"{""aggregation_method"": ""quarterly_mean"", ""source_derivation_types"": [""O"", ""O"", ""O""], ""source_months"": [""2023-M10"", ""2023-M11"", ""2023-M12""], ""source_observation_count"": 3, ""source_series_dimensions"": {""ACCESS_SHARING_LEVEL"": ""PUBLIC_OPEN"", ""COICOP_1999"": ""_T"", ""COMMON_REFERENCE_PERIOD"": ""2025M12"", ""COUNTRY"": ""ISL"", ""FREQUENCY"": ""M"", ""IFS_FLAG"": ""true"", ""INDEX_TYPE"": ""CPI"", ""OVERLAP"": ""OL"", ""SCALE"": ""0"", ""SECURITY_CLASSIFICATION"": ""PUB"", ""TYPE_OF_TRANSFORMATION"": ""IX""}}"
ISR,cpi_index_all_items_quarterly_imf,2023-Q1,quarterly,95.66666666666667,\N,derived,IMF_CPI,IMF|ACCESS_SHARING_LEVEL=PUBLIC_OPEN|COICOP_1999=_T|COMMON_REFERENCE_PERIOD=2024A|FREQUENCY=M|IFS_FLAG=true|INDEX_TYPE=CPI|OVERLAP=OL|SCALE=0|SECURITY_CLASSIFICATION=PUB|TYPE_OF_TRANSFORMATION=IX|aggregation=quarterly_mean,\N,"{""aggregation_method"": ""quarterly_mean"", ""source_derivation_types"": [""O"", ""O"", ""O""], ""source_months"": [""2023-M01"", ""2023-M02"", ""2023-M03""], ""source_observation_count"": 3, ""source_series_dimensions"": {""ACCESS_SHARING_LEVEL"": ""PUBLIC_OPEN"", ""COICOP_1999"": ""_T"", ""COMMON_REFERENCE_PERIOD"": ""2024A"", ""COUNTRY"": ""ISR"", ""FREQUENCY"": ""M"", ""IFS_FLAG"": ""true"", ""INDEX_TYPE"": ""CPI"", ""OVERLAP"": ""OL"", ""SCALE"": ""0"", ""SECURITY_CLASSIFICATION"": ""PUB"", ""TYPE_OF_TRANSFORMATION"": ""IX""}}"
ISR,cpi_index_all_items_quarterly_imf,2023-Q2,quarterly,96.93333333333334,\N,derived,IMF_CPI,IMF|ACCESS_SHARING_LEVEL=PUBLIC_OPEN|COICOP_1999=_T|COMMON_REFERENCE_PERIOD=2024A|FREQUENCY=M|IFS_FLAG=true|INDEX_TYPE=CPI|OVERLAP=OL|SCALE=0|SECURITY_CLASSIFICATION=PUB|TYPE_OF_TRANSFORMATION=IX|aggregation=quarterly_mean,\N,"{""aggregation_method"": ""quarterly_mean"", ""source_derivation_types"": [""O"", ""O"", ""O""], ""source_months"": [""2023-M04"", ""2023-M05"", ""2023-M06""], ""source_observation_count"": 3, ""source_series_dimensions"": {""ACCESS_SHARING_LEVEL"": ""PUBLIC_OPEN"", ""COICOP_1999"": ""_T"", ""COMMON_REFERENCE_PERIOD"": ""2024A"", ""COUNTRY"": ""ISR"", ""FREQUENCY"": ""M"", ""IFS_FLAG"": ""true"", ""INDEX_TYPE"": ""CPI"", ""OVERLAP"": ""OL"", ""SCALE"": ""0"", ""SECURITY_CLASSIFICATION"": ""PUB"", ""TYPE_OF_TRANSFORMATION"": ""IX""}}"
ISR,cpi_index_all_items_quarterly_imf,2023-Q3,quarterly,97.60000000000001,\N,derived,IMF_CPI,IMF|ACCESS_SHARING_LEVEL=PUBLIC_OPEN|COICOP_1999=_T|COMMON_REFERENCE_PERIOD=2024A|FREQUENCY=M|IFS_FLAG=true|INDEX_TYPE=CPI|OVERLAP=OL|SCALE=0|SECURITY_CLASSIFICATION=PUB|TYPE_OF_TRANSFORMATION=IX|aggregation=quarterly_mean,\N,"{""aggregation_method"": ""quarterly_mean"", ""source_derivation_types"": [""O"", ""O"", ""O""], ""source_months"": [""2023-M07"", ""2023-M08"", ""2023-M09""], ""source_observation_count"": 3, ""source_series_dimensions"": {""ACCESS_SHARING_LEVEL"": ""PUBLIC_OPEN"", ""COICOP_1999"": ""_T"", ""COMMON_REFERENCE_PERIOD"": ""2024A"", ""COUNTRY"": ""ISR"", ""FREQUENCY"": ""M"", ""IFS_FLAG"": ""true"", ""INDEX_TYPE"": ""CPI"", ""OVERLAP"": ""OL"", ""SCALE"": ""0"", ""SECURITY_CLASSIFICATION"": ""PUB"", ""TYPE_OF_TRANSFORMATION"": ""IX""}}"
ISR,cpi_index_all_items_quarterly_imf,2023-Q4,quarterly,97.89999999999999,\N,derived,IMF_CPI,IMF|ACCESS_SHARING_LEVEL=PUBLIC_OPEN|COICOP_1999=_T|COMMON_REFERENCE_PERIOD=2024A|FREQUENCY=M|IFS_FLAG=true|INDEX_TYPE=CPI|OVERLAP=OL|SCALE=0|SECURITY_CLASSIFICATION=PUB|TYPE_OF_TRANSFORMATION=IX|aggregation=quarterly_mean,\N,"{""aggregation_method"": ""quarterly_mean"", ""source_derivation_types"": [""O"", ""O"", ""O""], ""source_months"": [""2023-M10"", ""2023-M11"", ""2023-M12""], ""source_observation_count"": 3, ""source_series_dimensions"": {""ACCESS_SHARING_LEVEL"": ""PUBLIC_OPEN"", ""COICOP_1999"": ""_T"", ""COMMON_REFERENCE_PERIOD"": ""2024A"", ""COUNTRY"": ""ISR"", ""FREQUENCY"": ""M"", ""IFS_FLAG"": ""true"", ""INDEX_TYPE"": ""CPI"", ""OVERLAP"": ""OL"", ""SCALE"": ""0"", ""SECURITY_CLASSIFICATION"": ""PUB"", ""TYPE_OF_TRANSFORMATION"": ""IX""}}"
ITA,cpi_index_all_items_quarterly_imf,2023-Q1,quarterly,97.118,\N,derived,IMF_CPI,IMF|ACCESS_SHARING_LEVEL=PUBLIC_OPEN|COICOP_1999=_T|COMMON_REFERENCE_PERIOD=2025A|FREQUENCY=M|IFS_FLAG=true|INDEX_TYPE=CPI|OVERLAP=OL|SCALE=0|SECURITY_CLASSIFICATION=PUB|TYPE_OF_TRANSFORMATION=IX|aggregation=quarterly_mean,\N,"{""aggregation_method"": ""quarterly_mean"", ""source_derivation_types"": [""O"", ""O"", ""O""], ""source_months"": [""2023-M01"", ""2023-M02"", ""2023-M03""], ""source_observation_count"": 3, ""source_series_dimensions"": {""ACCESS_SHARING_LEVEL"": ""PUBLIC_OPEN"", ""COICOP_1999"": ""_T"", ""COMMON_REFERENCE_PERIOD"": ""2025A"", ""COUNTRY"": ""ITA"", ""FREQUENCY"": ""M"", ""IFS_FLAG"": ""true"", ""INDEX_TYPE"": ""CPI"", ""OVERLAP"": ""OL"", ""SCALE"": ""0"", ""SECURITY_CLASSIFICATION"": ""PUB"", ""TYPE_OF_TRANSFORMATION"": ""IX""}}"
ITA,cpi_index_all_items_quarterly_imf,2023-Q2,quarterly,97.52582666666667,\N,derived,IMF_CPI,IMF|ACCESS_SHARING_LEVEL=PUBLIC_OPEN|COICOP_1999=_T|COMMON_REFERENCE_PERIOD=2025A|FREQUENCY=M|IFS_FLAG=true|INDEX_TYPE=CPI|OVERLAP=OL|SCALE=0|SECURITY_CLASSIFICATION=PUB|TYPE_OF_TRANSFORMATION=IX|aggregation=quarterly_mean,\N,"{""aggregation_method"": ""quarterly_mean"", ""source_derivation_types"": [""O"", ""O"", ""O""], ""source_months"": [""2023-M04"", ""2023-M05"", ""2023-M06""], ""source_observation_count"": 3, ""source_series_dimensions"": {""ACCESS_SHARING_LEVEL"": ""PUBLIC_OPEN"", ""COICOP_1999"": ""_T"", ""COMMON_REFERENCE_PERIOD"": ""2025A"", ""COUNTRY"": ""ITA"", ""FREQUENCY"": ""M"", ""IFS_FLAG"": ""true"", ""INDEX_TYPE"": ""CPI"", ""OVERLAP"": ""OL"", ""SCALE"": ""0"", ""SECURITY_CLASSIFICATION"": ""PUB"", ""TYPE_OF_TRANSFORMATION"": ""IX""}}"
ITA,cpi_index_all_items_quarterly_imf,2023-Q3,quarterly,97.90647,\N,derived,IMF_CPI,IMF|ACCESS_SHARING_LEVEL=PUBLIC_OPEN|COICOP_1999=_T|COMMON_REFERENCE_PERIOD=2025A|FREQUENCY=M|IFS_FLAG=true|INDEX_TYPE=CPI|OVERLAP=OL|SCALE=0|SECURITY_CLASSIFICATION=PUB|TYPE_OF_TRANSFORMATION=IX|aggregation=quarterly_mean,\N,"{""aggregation_method"": ""quarterly_mean"", ""source_derivation_types"": [""O"", ""O"", ""O""], ""source_months"": [""2023-M07"", ""2023-M08"", ""2023-M09""], ""source_observation_count"": 3, ""source_series_dimensions"": {""ACCESS_SHARING_LEVEL"": ""PUBLIC_OPEN"", ""COICOP_1999"": ""_T"", ""COMMON_REFERENCE_PERIOD"": ""2025A"", ""COUNTRY"": ""ITA"", ""FREQUENCY"": ""M"", ""IFS_FLAG"": ""true"", ""INDEX_TYPE"": ""CPI"", ""OVERLAP"": ""OL"", ""SCALE"": ""0"", ""SECURITY_CLASSIFICATION"": ""PUB"", ""TYPE_OF_TRANSFORMATION"": ""IX""}}"
ITA,cpi_index_all_items_quarterly_imf,2023-Q4,quarterly,97.68896,\N,derived,IMF_CPI,IMF|ACCESS_SHARING_LEVEL=PUBLIC_OPEN|COICOP_1999=_T|COMMON_REFERENCE_PERIOD=2025A|FREQUENCY=M|IFS_FLAG=true|INDEX_TYPE=CPI|OVERLAP=OL|SCALE=0|SECURITY_CLASSIFICATION=PUB|TYPE_OF_TRANSFORMATION=IX|aggregation=quarterly_mean,\N,"{""aggregation_method"": ""quarterly_mean"", ""source_derivation_types"": [""O"", ""O"", ""O""], ""source_months"": [""2023-M10"", ""2023-M11"", ""2023-M12""], ""source_observation_count"": 3, ""source_series_dimensions"": {""ACCESS_SHARING_LEVEL"": ""PUBLIC_OPEN"", ""COICOP_1999"": ""_T"", ""COMMON_REFERENCE_PERIOD"": ""2025A"", ""COUNTRY"": ""ITA"", ""FREQUENCY"": ""M"", ""IFS_FLAG"": ""true"", ""INDEX_TYPE"": ""CPI"", ""OVERLAP"": ""OL"", ""SCALE"": ""0"", ""SECURITY_CLASSIFICATION"": ""PUB"", ""TYPE_OF_TRANSFORMATION"": ""IX""}}"
JAM,cpi_index_all_items_quarterly_imf,2023-Q1,quarterly,127.66666666666667,\N,derived,IMF_CPI,IMF|ACCESS_SHARING_LEVEL=PUBLIC_OPEN|COICOP_1999=_T|COMMON_REFERENCE_PERIOD=2019A|FREQUENCY=M|IFS_FLAG=true|INDEX_TYPE=CPI|OVERLAP=OL|SCALE=0|SECURITY_CLASSIFICATION=PUB|TYPE_OF_TRANSFORMATION=IX|aggregation=quarterly_mean,\N,"{""aggregation_method"": ""quarterly_mean"", ""source_derivation_types"": [""O"", ""O"", ""O""], ""source_months"": [""2023-M01"", ""2023-M02"", ""2023-M03""], ""source_observation_count"": 3, ""source_series_dimensions"": {""ACCESS_SHARING_LEVEL"": ""PUBLIC_OPEN"", ""COICOP_1999"": ""_T"", ""COMMON_REFERENCE_PERIOD"": ""2019A"", ""COUNTRY"": ""JAM"", ""FREQUENCY"": ""M"", ""IFS_FLAG"": ""true"", ""INDEX_TYPE"": ""CPI"", ""OVERLAP"": ""OL"", ""SCALE"": ""0"", ""SECURITY_CLASSIFICATION"": ""PUB"", ""TYPE_OF_TRANSFORMATION"": ""IX""}}"
JAM,cpi_index_all_items_quarterly_imf,2023-Q2,quarterly,128.36666666666667,\N,derived,IMF_CPI,IMF|ACCESS_SHARING_LEVEL=PUBLIC_OPEN|COICOP_1999=_T|COMMON_REFERENCE_PERIOD=2019A|FREQUENCY=M|IFS_FLAG=true|INDEX_TYPE=CPI|OVERLAP=OL|SCALE=0|SECURITY_CLASSIFICATION=PUB|TYPE_OF_TRANSFORMATION=IX|aggregation=quarterly_mean,\N,"{""aggregation_method"": ""quarterly_mean"", ""source_derivation_types"": [""O"", ""O"", ""O""], ""source_months"": [""2023-M04"", ""2023-M05"", ""2023-M06""], ""source_observation_count"": 3, ""source_series_dimensions"": {""ACCESS_SHARING_LEVEL"": ""PUBLIC_OPEN"", ""COICOP_1999"": ""_T"", ""COMMON_REFERENCE_PERIOD"": ""2019A"", ""COUNTRY"": ""JAM"", ""FREQUENCY"": ""M"", ""IFS_FLAG"": ""true"", ""INDEX_TYPE"": ""CPI"", ""OVERLAP"": ""OL"", ""SCALE"": ""0"", ""SECURITY_CLASSIFICATION"": ""PUB"", ""TYPE_OF_TRANSFORMATION"": ""IX""}}"
JAM,cpi_index_all_items_quarterly_imf,2023-Q3,quarterly,131.96666666666667,\N,derived,IMF_CPI,IMF|ACCESS_SHARING_LEVEL=PUBLIC_OPEN|COICOP_1999=_T|COMMON_REFERENCE_PERIOD=2019A|FREQUENCY=M|IFS_FLAG=true|INDEX_TYPE=CPI|OVERLAP=OL|SCALE=0|SECURITY_CLASSIFICATION=PUB|TYPE_OF_TRANSFORMATION=IX|aggregation=quarterly_mean,\N,"{""aggregation_method"": ""quarterly_mean"", ""source_derivation_types"": [""O"", ""O"", ""O""], ""source_months"": [""2023-M07"", ""2023-M08"", ""2023-M09""], ""source_observation_count"": 3, ""source_series_dimensions"": {""ACCESS_SHARING_LEVEL"": ""PUBLIC_OPEN"", ""COICOP_1999"": ""_T"", ""COMMON_REFERENCE_PERIOD"": ""2019A"", ""COUNTRY"": ""JAM"", ""FREQUENCY"": ""M"", ""IFS_FLAG"": ""true"", ""INDEX_TYPE"": ""CPI"", ""OVERLAP"": ""OL"", ""SCALE"": ""0"", ""SECURITY_CLASSIFICATION"": ""PUB"", ""TYPE_OF_TRANSFORMATION"": ""IX""}}"
JAM,cpi_index_all_items_quarterly_imf,2023-Q4,quarterly,135.53333333333333,\N,derived,IMF_CPI,IMF|ACCESS_SHARING_LEVEL=PUBLIC_OPEN|COICOP_1999=_T|COMMON_REFERENCE_PERIOD=2019A|FREQUENCY=M|IFS_FLAG=true|INDEX_TYPE=CPI|OVERLAP=OL|SCALE=0|SECURITY_CLASSIFICATION=PUB|TYPE_OF_TRANSFORMATION=IX|aggregation=quarterly_mean,\N,"{""aggregation_method"": ""quarterly_mean"", ""source_derivation_types"": [""O"", ""O"", ""O""], ""source_months"": [""2023-M10"", ""2023-M11"", ""2023-M12""], ""source_observation_count"": 3, ""source_series_dimensions"": {""ACCESS_SHARING_LEVEL"": ""PUBLIC_OPEN"", ""COICOP_1999"": ""_T"", ""COMMON_REFERENCE_PERIOD"": ""2019A"", ""COUNTRY"": ""JAM"", ""FREQUENCY"": ""M"", ""IFS_FLAG"": ""true"", ""INDEX_TYPE"": ""CPI"", ""OVERLAP"": ""OL"", ""SCALE"": ""0"", ""SECURITY_CLASSIFICATION"": ""PUB"", ""TYPE_OF_TRANSFORMATION"": ""IX""}}"
JOR,cpi_index_all_items_quarterly_imf,2023-Q1,quarterly,108.25666666666666,\N,derived,IMF_CPI,IMF|ACCESS_SHARING_LEVEL=PUBLIC_OPEN|COICOP_1999=_T|COMMON_REFERENCE_PERIOD=2018A|FREQUENCY=M|IFS_FLAG=true|INDEX_TYPE=CPI|OVERLAP=OL|SCALE=0|SECURITY_CLASSIFICATION=PUB|TYPE_OF_TRANSFORMATION=IX|aggregation=quarterly_mean,\N,"{""aggregation_method"": ""quarterly_mean"", ""source_derivation_types"": [""O"", ""O"", ""O""], ""source_months"": [""2023-M01"", ""2023-M02"", ""2023-M03""], ""source_observation_count"": 3, ""source_series_dimensions"": {""ACCESS_SHARING_LEVEL"": ""PUBLIC_OPEN"", ""COICOP_1999"": ""_T"", ""COMMON_REFERENCE_PERIOD"": ""2018A"", ""COUNTRY"": ""JOR"", ""FREQUENCY"": ""M"", ""IFS_FLAG"": ""true"", ""INDEX_TYPE"": ""CPI"", ""OVERLAP"": ""OL"", ""SCALE"": ""0"", ""SECURITY_CLASSIFICATION"": ""PUB"", ""TYPE_OF_TRANSFORMATION"": ""IX""}}"
JOR,cpi_index_all_items_quarterly_imf,2023-Q2,quarterly,108.847713528263,\N,derived,IMF_CPI,IMF|ACCESS_SHARING_LEVEL=PUBLIC_OPEN|COICOP_1999=_T|COMMON_REFERENCE_PERIOD=2018A|FREQUENCY=M|IFS_FLAG=true|INDEX_TYPE=CPI|OVERLAP=OL|SCALE=0|SECURITY_CLASSIFICATION=PUB|TYPE_OF_TRANSFORMATION=IX|aggregation=quarterly_mean,\N,"{""aggregation_method"": ""quarterly_mean"", ""source_derivation_types"": [""O"", ""O"", ""O""], ""source_months"": [""2023-M04"", ""2023-M05"", ""2023-M06""], ""source_observation_count"": 3, ""source_series_dimensions"": {""ACCESS_SHARING_LEVEL"": ""PUBLIC_OPEN"", ""COICOP_1999"": ""_T"", ""COMMON_REFERENCE_PERIOD"": ""2018A"", ""COUNTRY"": ""JOR"", ""FREQUENCY"": ""M"", ""IFS_FLAG"": ""true"", ""INDEX_TYPE"": ""CPI"", ""OVERLAP"": ""OL"", ""SCALE"": ""0"", ""SECURITY_CLASSIFICATION"": ""PUB"", ""TYPE_OF_TRANSFORMATION"": ""IX""}}"
JOR,cpi_index_all_items_quarterly_imf,2023-Q3,quarterly,109.24584044507166,\N,derived,IMF_CPI,IMF|ACCESS_SHARING_LEVEL=PUBLIC_OPEN|COICOP_1999=_T|COMMON_REFERENCE_PERIOD=2018A|FREQUENCY=M|IFS_FLAG=true|INDEX_TYPE=CPI|OVERLAP=OL|SCALE=0|SECURITY_CLASSIFICATION=PUB|TYPE_OF_TRANSFORMATION=IX|aggregation=quarterly_mean,\N,"{""aggregation_method"": ""quarterly_mean"", ""source_derivation_types"": [""O"", ""O"", ""O""], ""source_months"": [""2023-M07"", ""2023-M08"", ""2023-M09""], ""source_observation_count"": 3, ""source_series_dimensions"": {""ACCESS_SHARING_LEVEL"": ""PUBLIC_OPEN"", ""COICOP_1999"": ""_T"", ""COMMON_REFERENCE_PERIOD"": ""2018A"", ""COUNTRY"": ""JOR"", ""FREQUENCY"": ""M"", ""IFS_FLAG"": ""true"", ""INDEX_TYPE"": ""CPI"", ""OVERLAP"": ""OL"", ""SCALE"": ""0"", ""SECURITY_CLASSIFICATION"": ""PUB"", ""TYPE_OF_TRANSFORMATION"": ""IX""}}"
JOR,cpi_index_all_items_quarterly_imf,2023-Q4,quarterly,109.72093568525167,\N,derived,IMF_CPI,IMF|ACCESS_SHARING_LEVEL=PUBLIC_OPEN|COICOP_1999=_T|COMMON_REFERENCE_PERIOD=2018A|FREQUENCY=M|IFS_FLAG=true|INDEX_TYPE=CPI|OVERLAP=OL|SCALE=0|SECURITY_CLASSIFICATION=PUB|TYPE_OF_TRANSFORMATION=IX|aggregation=quarterly_mean,\N,"{""aggregation_method"": ""quarterly_mean"", ""source_derivation_types"": [""O"", ""O"", ""O""], ""source_months"": [""2023-M10"", ""2023-M11"", ""2023-M12""], ""source_observation_count"": 3, ""source_series_dimensions"": {""ACCESS_SHARING_LEVEL"": ""PUBLIC_OPEN"", ""COICOP_1999"": ""_T"", ""COMMON_REFERENCE_PERIOD"": ""2018A"", ""COUNTRY"": ""JOR"", ""FREQUENCY"": ""M"", ""IFS_FLAG"": ""true"", ""INDEX_TYPE"": ""CPI"", ""OVERLAP"": ""OL"", ""SCALE"": ""0"", ""SECURITY_CLASSIFICATION"": ""PUB"", ""TYPE_OF_TRANSFORMATION"": ""IX""}}"
JPN,cpi_index_all_items_quarterly_imf,2023-Q1,quarterly,104.36666666666667,\N,derived,IMF_CPI,IMF|ACCESS_SHARING_LEVEL=PUBLIC_OPEN|COICOP_1999=_T|COMMON_REFERENCE_PERIOD=2020A|FREQUENCY=M|IFS_FLAG=true|INDEX_TYPE=CPI|OVERLAP=OL|SCALE=0|SECURITY_CLASSIFICATION=PUB|TYPE_OF_TRANSFORMATION=IX|aggregation=quarterly_mean,\N,"{""aggregation_method"": ""quarterly_mean"", ""source_derivation_types"": [""O"", ""O"", ""O""], ""source_months"": [""2023-M01"", ""2023-M02"", ""2023-M03""], ""source_observation_count"": 3, ""source_series_dimensions"": {""ACCESS_SHARING_LEVEL"": ""PUBLIC_OPEN"", ""COICOP_1999"": ""_T"", ""COMMON_REFERENCE_PERIOD"": ""2020A"", ""COUNTRY"": ""JPN"", ""FREQUENCY"": ""M"", ""IFS_FLAG"": ""true"", ""INDEX_TYPE"": ""CPI"", ""OVERLAP"": ""OL"", ""SCALE"": ""0"", ""SECURITY_CLASSIFICATION"": ""PUB"", ""TYPE_OF_TRANSFORMATION"": ""IX""}}"
JPN,cpi_index_all_items_quarterly_imf,2023-Q2,quarterly,105.13333333333333,\N,derived,IMF_CPI,IMF|ACCESS_SHARING_LEVEL=PUBLIC_OPEN|COICOP_1999=_T|COMMON_REFERENCE_PERIOD=2020A|FREQUENCY=M|IFS_FLAG=true|INDEX_TYPE=CPI|OVERLAP=OL|SCALE=0|SECURITY_CLASSIFICATION=PUB|TYPE_OF_TRANSFORMATION=IX|aggregation=quarterly_mean,\N,"{""aggregation_method"": ""quarterly_mean"", ""source_derivation_types"": [""O"", ""O"", ""O""], ""source_months"": [""2023-M04"", ""2023-M05"", ""2023-M06""], ""source_observation_count"": 3, ""source_series_dimensions"": {""ACCESS_SHARING_LEVEL"": ""PUBLIC_OPEN"", ""COICOP_1999"": ""_T"", ""COMMON_REFERENCE_PERIOD"": ""2020A"", ""COUNTRY"": ""JPN"", ""FREQUENCY"": ""M"", ""IFS_FLAG"": ""true"", ""INDEX_TYPE"": ""CPI"", ""OVERLAP"": ""OL"", ""SCALE"": ""0"", ""SECURITY_CLASSIFICATION"": ""PUB"", ""TYPE_OF_TRANSFORMATION"": ""IX""}}"
JPN,cpi_index_all_items_quarterly_imf,2023-Q3,quarterly,105.93333333333334,\N,derived,IMF_CPI,IMF|ACCESS_SHARING_LEVEL=PUBLIC_OPEN|COICOP_1999=_T|COMMON_REFERENCE_PERIOD=2020A|FREQUENCY=M|IFS_FLAG=true|INDEX_TYPE=CPI|OVERLAP=OL|SCALE=0|SECURITY_CLASSIFICATION=PUB|TYPE_OF_TRANSFORMATION=IX|aggregation=quarterly_mean,\N,"{""aggregation_method"": ""quarterly_mean"", ""source_derivation_types"": [""O"", ""O"", ""O""], ""source_months"": [""2023-M07"", ""2023-M08"", ""2023-M09""], ""source_observation_count"": 3, ""source_series_dimensions"": {""ACCESS_SHARING_LEVEL"": ""PUBLIC_OPEN"", ""COICOP_1999"": ""_T"", ""COMMON_REFERENCE_PERIOD"": ""2020A"", ""COUNTRY"": ""JPN"", ""FREQUENCY"": ""M"", ""IFS_FLAG"": ""true"", ""INDEX_TYPE"": ""CPI"", ""OVERLAP"": ""OL"", ""SCALE"": ""0"", ""SECURITY_CLASSIFICATION"": ""PUB"", ""TYPE_OF_TRANSFORMATION"": ""IX""}}"
JPN,cpi_index_all_items_quarterly_imf,2023-Q4,quarterly,106.93333333333334,\N,derived,IMF_CPI,IMF|ACCESS_SHARING_LEVEL=PUBLIC_OPEN|COICOP_1999=_T|COMMON_REFERENCE_PERIOD=2020A|FREQUENCY=M|IFS_FLAG=true|INDEX_TYPE=CPI|OVERLAP=OL|SCALE=0|SECURITY_CLASSIFICATION=PUB|TYPE_OF_TRANSFORMATION=IX|aggregation=quarterly_mean,\N,"{""aggregation_method"": ""quarterly_mean"", ""source_derivation_types"": [""O"", ""O"", ""O""], ""source_months"": [""2023-M10"", ""2023-M11"", ""2023-M12""], ""source_observation_count"": 3, ""source_series_dimensions"": {""ACCESS_SHARING_LEVEL"": ""PUBLIC_OPEN"", ""COICOP_1999"": ""_T"", ""COMMON_REFERENCE_PERIOD"": ""2020A"", ""COUNTRY"": ""JPN"", ""FREQUENCY"": ""M"", ""IFS_FLAG"": ""true"", ""INDEX_TYPE"": ""CPI"", ""OVERLAP"": ""OL"", ""SCALE"": ""0"", ""SECURITY_CLASSIFICATION"": ""PUB"", ""TYPE_OF_TRANSFORMATION"": ""IX""}}"
KAZ,cpi_index_all_items_quarterly_imf,2023-Q1,quarterly,133.33333333333334,\N,derived,IMF_CPI,IMF|ACCESS_SHARING_LEVEL=PUBLIC_OPEN|COICOP_1999=_T|COMMON_REFERENCE_PERIOD=2020M12|FREQUENCY=M|IFS_FLAG=true|INDEX_TYPE=CPI|OVERLAP=OL|SCALE=0|SECURITY_CLASSIFICATION=PUB|TYPE_OF_TRANSFORMATION=IX|aggregation=quarterly_mean,\N,"{""aggregation_method"": ""quarterly_mean"", ""source_derivation_types"": [""O"", ""O"", ""O""], ""source_months"": [""2023-M01"", ""2023-M02"", ""2023-M03""], ""source_observation_count"": 3, ""source_series_dimensions"": {""ACCESS_SHARING_LEVEL"": ""PUBLIC_OPEN"", ""COICOP_1999"": ""_T"", ""COMMON_REFERENCE_PERIOD"": ""2020M12"", ""COUNTRY"": ""KAZ"", ""FREQUENCY"": ""M"", ""IFS_FLAG"": ""true"", ""INDEX_TYPE"": ""CPI"", ""OVERLAP"": ""OL"", ""SCALE"": ""0"", ""SECURITY_CLASSIFICATION"": ""PUB"", ""TYPE_OF_TRANSFORMATION"": ""IX""}}"
KAZ,cpi_index_all_items_quarterly_imf,2023-Q2,quarterly,136.63333333333335,\N,derived,IMF_CPI,IMF|ACCESS_SHARING_LEVEL=PUBLIC_OPEN|COICOP_1999=_T|COMMON_REFERENCE_PERIOD=2020M12|FREQUENCY=M|IFS_FLAG=true|INDEX_TYPE=CPI|OVERLAP=OL|SCALE=0|SECURITY_CLASSIFICATION=PUB|TYPE_OF_TRANSFORMATION=IX|aggregation=quarterly_mean,\N,"{""aggregation_method"": ""quarterly_mean"", ""source_derivation_types"": [""O"", ""O"", ""O""], ""source_months"": [""2023-M04"", ""2023-M05"", ""2023-M06""], ""source_observation_count"": 3, ""source_series_dimensions"": {""ACCESS_SHARING_LEVEL"": ""PUBLIC_OPEN"", ""COICOP_1999"": ""_T"", ""COMMON_REFERENCE_PERIOD"": ""2020M12"", ""COUNTRY"": ""KAZ"", ""FREQUENCY"": ""M"", ""IFS_FLAG"": ""true"", ""INDEX_TYPE"": ""CPI"", ""OVERLAP"": ""OL"", ""SCALE"": ""0"", ""SECURITY_CLASSIFICATION"": ""PUB"", ""TYPE_OF_TRANSFORMATION"": ""IX""}}"
KAZ,cpi_index_all_items_quarterly_imf,2023-Q3,quarterly,138.96666666666667,\N,derived,IMF_CPI,IMF|ACCESS_SHARING_LEVEL=PUBLIC_OPEN|COICOP_1999=_T|COMMON_REFERENCE_PERIOD=2020M12|FREQUENCY=M|IFS_FLAG=true|INDEX_TYPE=CPI|OVERLAP=OL|SCALE=0|SECURITY_CLASSIFICATION=PUB|TYPE_OF_TRANSFORMATION=IX|aggregation=quarterly_mean,\N,"{""aggregation_method"": ""quarterly_mean"", ""source_derivation_types"": [""O"", ""O"", ""O""], ""source_months"": [""2023-M07"", ""2023-M08"", ""2023-M09""], ""source_observation_count"": 3, ""source_series_dimensions"": {""ACCESS_SHARING_LEVEL"": ""PUBLIC_OPEN"", ""COICOP_1999"": ""_T"", ""COMMON_REFERENCE_PERIOD"": ""2020M12"", ""COUNTRY"": ""KAZ"", ""FREQUENCY"": ""M"", ""IFS_FLAG"": ""true"", ""INDEX_TYPE"": ""CPI"", ""OVERLAP"": ""OL"", ""SCALE"": ""0"", ""SECURITY_CLASSIFICATION"": ""PUB"", ""TYPE_OF_TRANSFORMATION"": ""IX""}}"
KAZ,cpi_index_all_items_quarterly_imf,2023-Q4,quarterly,142.03333333333333,\N,derived,IMF_CPI,IMF|ACCESS_SHARING_LEVEL=PUBLIC_OPEN|COICOP_1999=_T|COMMON_REFERENCE_PERIOD=2020M12|FREQUENCY=M|IFS_FLAG=true|INDEX_TYPE=CPI|OVERLAP=OL|SCALE=0|SECURITY_CLASSIFICATION=PUB|TYPE_OF_TRANSFORMATION=IX|aggregation=quarterly_mean,\N,"{""aggregation_method"": ""quarterly_mean"", ""source_derivation_types"": [""O"", ""O"", ""O""], ""source_months"": [""2023-M10"", ""2023-M11"", ""2023-M12""], ""source_observation_count"": 3, ""source_series_dimensions"": {""ACCESS_SHARING_LEVEL"": ""PUBLIC_OPEN"", ""COICOP_1999"": ""_T"", ""COMMON_REFERENCE_PERIOD"": ""2020M12"", ""COUNTRY"": ""KAZ"", ""FREQUENCY"": ""M"", ""IFS_FLAG"": ""true"", ""INDEX_TYPE"": ""CPI"", ""OVERLAP"": ""OL"", ""SCALE"": ""0"", ""SECURITY_CLASSIFICATION"": ""PUB"", ""TYPE_OF_TRANSFORMATION"": ""IX""}}"
KEN,cpi_index_all_items_quarterly_imf,2023-Q1,quarterly,130.19968508482367,\N,derived,IMF_CPI,IMF|ACCESS_SHARING_LEVEL=PUBLIC_OPEN|COICOP_1999=_T|COMMON_REFERENCE_PERIOD=2019M2|FREQUENCY=M|IFS_FLAG=true|INDEX_TYPE=CPI|OVERLAP=OL|SCALE=0|SECURITY_CLASSIFICATION=PUB|TYPE_OF_TRANSFORMATION=IX|aggregation=quarterly_mean,\N,"{""aggregation_method"": ""quarterly_mean"", ""source_derivation_types"": [""O"", ""O"", ""O""], ""source_months"": [""2023-M01"", ""2023-M02"", ""2023-M03""], ""source_observation_count"": 3, ""source_series_dimensions"": {""ACCESS_SHARING_LEVEL"": ""PUBLIC_OPEN"", ""COICOP_1999"": ""_T"", ""COMMON_REFERENCE_PERIOD"": ""2019M2"", ""COUNTRY"": ""KEN"", ""FREQUENCY"": ""M"", ""IFS_FLAG"": ""true"", ""INDEX_TYPE"": ""CPI"", ""OVERLAP"": ""OL"", ""SCALE"": ""0"", ""SECURITY_CLASSIFICATION"": ""PUB"", ""TYPE_OF_TRANSFORMATION"": ""IX""}}"
KEN,cpi_index_all_items_quarterly_imf,2023-Q2,quarterly,132.94990106442734,\N,derived,IMF_CPI,IMF|ACCESS_SHARING_LEVEL=PUBLIC_OPEN|COICOP_1999=_T|COMMON_REFERENCE_PERIOD=2019M2|FREQUENCY=M|IFS_FLAG=true|INDEX_TYPE=CPI|OVERLAP=OL|SCALE=0|SECURITY_CLASSIFICATION=PUB|TYPE_OF_TRANSFORMATION=IX|aggregation=quarterly_mean,\N,"{""aggregation_method"": ""quarterly_mean"", ""source_derivation_types"": [""O"", ""O"", ""O""], ""source_months"": [""2023-M04"", ""2023-M05"", ""2023-M06""], ""source_observation_count"": 3, ""source_series_dimensions"": {""ACCESS_SHARING_LEVEL"": ""PUBLIC_OPEN"", ""COICOP_1999"": ""_T"", ""COMMON_REFERENCE_PERIOD"": ""2019M2"", ""COUNTRY"": ""KEN"", ""FREQUENCY"": ""M"", ""IFS_FLAG"": ""true"", ""INDEX_TYPE"": ""CPI"", ""OVERLAP"": ""OL"", ""SCALE"": ""0"", ""SECURITY_CLASSIFICATION"": ""PUB"", ""TYPE_OF_TRANSFORMATION"": ""IX""}}"
KEN,cpi_index_all_items_quarterly_imf,2023-Q3,quarterly,134.499903103537,\N,derived,IMF_CPI,IMF|ACCESS_SHARING_LEVEL=PUBLIC_OPEN|COICOP_1999=_T|COMMON_REFERENCE_PERIOD=2019M2|FREQUENCY=M|IFS_FLAG=true|INDEX_TYPE=CPI|OVERLAP=OL|SCALE=0|SECURITY_CLASSIFICATION=PUB|TYPE_OF_TRANSFORMATION=IX|aggregation=quarterly_mean,\N,"{""aggregation_method"": ""quarterly_mean"", ""source_derivation_types"": [""O"", ""O"", ""O""], ""source_months"": [""2023-M07"", ""2023-M08"", ""2023-M09""], ""source_observation_count"": 3, ""source_series_dimensions"": {""ACCESS_SHARING_LEVEL"": ""PUBLIC_OPEN"", ""COICOP_1999"": ""_T"", ""COMMON_REFERENCE_PERIOD"": ""2019M2"", ""COUNTRY"": ""KEN"", ""FREQUENCY"": ""M"", ""IFS_FLAG"": ""true"", ""INDEX_TYPE"": ""CPI"", ""OVERLAP"": ""OL"", ""SCALE"": ""0"", ""SECURITY_CLASSIFICATION"": ""PUB"", ""TYPE_OF_TRANSFORMATION"": ""IX""}}"
KEN,cpi_index_all_items_quarterly_imf,2023-Q4,quarterly,137.09722492022468,\N,derived,IMF_CPI,IMF|ACCESS_SHARING_LEVEL=PUBLIC_OPEN|COICOP_1999=_T|COMMON_REFERENCE_PERIOD=2019M2|FREQUENCY=M|IFS_FLAG=true|INDEX_TYPE=CPI|OVERLAP=OL|SCALE=0|SECURITY_CLASSIFICATION=PUB|TYPE_OF_TRANSFORMATION=IX|aggregation=quarterly_mean,\N,"{""aggregation_method"": ""quarterly_mean"", ""source_derivation_types"": [""O"", ""O"", ""O""], ""source_months"": [""2023-M10"", ""2023-M11"", ""2023-M12""], ""source_observation_count"": 3, ""source_series_dimensions"": {""ACCESS_SHARING_LEVEL"": ""PUBLIC_OPEN"", ""COICOP_1999"": ""_T"", ""COMMON_REFERENCE_PERIOD"": ""2019M2"", ""COUNTRY"": ""KEN"", ""FREQUENCY"": ""M"", ""IFS_FLAG"": ""true"", ""INDEX_TYPE"": ""CPI"", ""OVERLAP"": ""OL"", ""SCALE"": ""0"", ""SECURITY_CLASSIFICATION"": ""PUB"", ""TYPE_OF_TRANSFORMATION"": ""IX""}}"
KGZ,cpi_index_all_items_quarterly_imf,2023-Q1,quarterly,382.3666666666666,\N,derived,IMF_CPI,IMF|ACCESS_SHARING_LEVEL=PUBLIC_OPEN|COICOP_1999=_T|COMMON_REFERENCE_PERIOD=2005A|FREQUENCY=M|IFS_FLAG=true|INDEX_TYPE=CPI|OVERLAP=OL|SCALE=0|SECURITY_CLASSIFICATION=PUB|TYPE_OF_TRANSFORMATION=IX|aggregation=quarterly_mean,\N,"{""aggregation_method"": ""quarterly_mean"", ""source_derivation_types"": [""O"", ""O"", ""O""], ""source_months"": [""2023-M01"", ""2023-M02"", ""2023-M03""], ""source_observation_count"": 3, ""source_series_dimensions"": {""ACCESS_SHARING_LEVEL"": ""PUBLIC_OPEN"", ""COICOP_1999"": ""_T"", ""COMMON_REFERENCE_PERIOD"": ""2005A"", ""COUNTRY"": ""KGZ"", ""FREQUENCY"": ""M"", ""IFS_FLAG"": ""true"", ""INDEX_TYPE"": ""CPI"", ""OVERLAP"": ""OL"", ""SCALE"": ""0"", ""SECURITY_CLASSIFICATION"": ""PUB"", ""TYPE_OF_TRANSFORMATION"": ""IX""}}"
KGZ,cpi_index_all_items_quarterly_imf,2023-Q2,quarterly,388.3333333333333,\N,derived,IMF_CPI,IMF|ACCESS_SHARING_LEVEL=PUBLIC_OPEN|COICOP_1999=_T|COMMON_REFERENCE_PERIOD=2005A|FREQUENCY=M|IFS_FLAG=true|INDEX_TYPE=CPI|OVERLAP=OL|SCALE=0|SECURITY_CLASSIFICATION=PUB|TYPE_OF_TRANSFORMATION=IX|aggregation=quarterly_mean,\N,"{""aggregation_method"": ""quarterly_mean"", ""source_derivation_types"": [""O"", ""O"", ""O""], ""source_months"": [""2023-M04"", ""2023-M05"", ""2023-M06""], ""source_observation_count"": 3, ""source_series_dimensions"": {""ACCESS_SHARING_LEVEL"": ""PUBLIC_OPEN"", ""COICOP_1999"": ""_T"", ""COMMON_REFERENCE_PERIOD"": ""2005A"", ""COUNTRY"": ""KGZ"", ""FREQUENCY"": ""M"", ""IFS_FLAG"": ""true"", ""INDEX_TYPE"": ""CPI"", ""OVERLAP"": ""OL"", ""SCALE"": ""0"", ""SECURITY_CLASSIFICATION"": ""PUB"", ""TYPE_OF_TRANSFORMATION"": ""IX""}}"
KGZ,cpi_index_all_items_quarterly_imf,2023-Q3,quarterly,393.1000000000001,\N,derived,IMF_CPI,IMF|ACCESS_SHARING_LEVEL=PUBLIC_OPEN|COICOP_1999=_T|COMMON_REFERENCE_PERIOD=2005A|FREQUENCY=M|IFS_FLAG=true|INDEX_TYPE=CPI|OVERLAP=OL|SCALE=0|SECURITY_CLASSIFICATION=PUB|TYPE_OF_TRANSFORMATION=IX|aggregation=quarterly_mean,\N,"{""aggregation_method"": ""quarterly_mean"", ""source_derivation_types"": [""O"", ""O"", ""O""], ""source_months"": [""2023-M07"", ""2023-M08"", ""2023-M09""], ""source_observation_count"": 3, ""source_series_dimensions"": {""ACCESS_SHARING_LEVEL"": ""PUBLIC_OPEN"", ""COICOP_1999"": ""_T"", ""COMMON_REFERENCE_PERIOD"": ""2005A"", ""COUNTRY"": ""KGZ"", ""FREQUENCY"": ""M"", ""IFS_FLAG"": ""true"", ""INDEX_TYPE"": ""CPI"", ""OVERLAP"": ""OL"", ""SCALE"": ""0"", ""SECURITY_CLASSIFICATION"": ""PUB"", ""TYPE_OF_TRANSFORMATION"": ""IX""}}"
KGZ,cpi_index_all_items_quarterly_imf,2023-Q4,quarterly,398.41297543289267,\N,derived,IMF_CPI,IMF|ACCESS_SHARING_LEVEL=PUBLIC_OPEN|COICOP_1999=_T|COMMON_REFERENCE_PERIOD=2005A|FREQUENCY=M|IFS_FLAG=true|INDEX_TYPE=CPI|OVERLAP=OL|SCALE=0|SECURITY_CLASSIFICATION=PUB|TYPE_OF_TRANSFORMATION=IX|aggregation=quarterly_mean,\N,"{""aggregation_method"": ""quarterly_mean"", ""source_derivation_types"": [""O"", ""O"", ""O""], ""source_months"": [""2023-M10"", ""2023-M11"", ""2023-M12""], ""source_observation_count"": 3, ""source_series_dimensions"": {""ACCESS_SHARING_LEVEL"": ""PUBLIC_OPEN"", ""COICOP_1999"": ""_T"", ""COMMON_REFERENCE_PERIOD"": ""2005A"", ""COUNTRY"": ""KGZ"", ""FREQUENCY"": ""M"", ""IFS_FLAG"": ""true"", ""INDEX_TYPE"": ""CPI"", ""OVERLAP"": ""OL"", ""SCALE"": ""0"", ""SECURITY_CLASSIFICATION"": ""PUB"", ""TYPE_OF_TRANSFORMATION"": ""IX""}}"
KHM,cpi_index_all_items_quarterly_imf,2023-Q1,quarterly,199.4813333333333,\N,derived,IMF_CPI,IMF|ACCESS_SHARING_LEVEL=PUBLIC_OPEN|COICOP_1999=_T|COMMON_REFERENCE_PERIOD=Oct - Dec 2006|FREQUENCY=M|IFS_FLAG=true|INDEX_TYPE=CPI|OVERLAP=OL|SCALE=0|SECURITY_CLASSIFICATION=PUB|TYPE_OF_TRANSFORMATION=IX|aggregation=quarterly_mean,\N,"{""aggregation_method"": ""quarterly_mean"", ""source_derivation_types"": [""O"", ""O"", ""O""], ""source_months"": [""2023-M01"", ""2023-M02"", ""2023-M03""], ""source_observation_count"": 3, ""source_series_dimensions"": {""ACCESS_SHARING_LEVEL"": ""PUBLIC_OPEN"", ""COICOP_1999"": ""_T"", ""COMMON_REFERENCE_PERIOD"": ""Oct - Dec 2006"", ""COUNTRY"": ""KHM"", ""FREQUENCY"": ""M"", ""IFS_FLAG"": ""true"", ""INDEX_TYPE"": ""CPI"", ""OVERLAP"": ""OL"", ""SCALE"": ""0"", ""SECURITY_CLASSIFICATION"": ""PUB"", ""TYPE_OF_TRANSFORMATION"": ""IX""}}"
KHM,cpi_index_all_items_quarterly_imf,2023-Q2,quarterly,201.47,\N,derived,IMF_CPI,IMF|ACCESS_SHARING_LEVEL=PUBLIC_OPEN|COICOP_1999=_T|COMMON_REFERENCE_PERIOD=Oct - Dec 2006|FREQUENCY=M|IFS_FLAG=true|INDEX_TYPE=CPI|OVERLAP=OL|SCALE=0|SECURITY_CLASSIFICATION=PUB|TYPE_OF_TRANSFORMATION=IX|aggregation=quarterly_mean,\N,"{""aggregation_method"": ""quarterly_mean"", ""source_derivation_types"": [""O"", ""O"", ""O""], ""source_months"": [""2023-M04"", ""2023-M05"", ""2023-M06""], ""source_observation_count"": 3, ""source_series_dimensions"": {""ACCESS_SHARING_LEVEL"": ""PUBLIC_OPEN"", ""COICOP_1999"": ""_T"", ""COMMON_REFERENCE_PERIOD"": ""Oct - Dec 2006"", ""COUNTRY"": ""KHM"", ""FREQUENCY"": ""M"", ""IFS_FLAG"": ""true"", ""INDEX_TYPE"": ""CPI"", ""OVERLAP"": ""OL"", ""SCALE"": ""0"", ""SECURITY_CLASSIFICATION"": ""PUB"", ""TYPE_OF_TRANSFORMATION"": ""IX""}}"
KHM,cpi_index_all_items_quarterly_imf,2023-Q3,quarterly,204.1963333333333,\N,derived,IMF_CPI,IMF|ACCESS_SHARING_LEVEL=PUBLIC_OPEN|COICOP_1999=_T|COMMON_REFERENCE_PERIOD=Oct - Dec 2006|FREQUENCY=M|IFS_FLAG=true|INDEX_TYPE=CPI|OVERLAP=OL|SCALE=0|SECURITY_CLASSIFICATION=PUB|TYPE_OF_TRANSFORMATION=IX|aggregation=quarterly_mean,\N,"{""aggregation_method"": ""quarterly_mean"", ""source_derivation_types"": [""O"", ""O"", ""O""], ""source_months"": [""2023-M07"", ""2023-M08"", ""2023-M09""], ""source_observation_count"": 3, ""source_series_dimensions"": {""ACCESS_SHARING_LEVEL"": ""PUBLIC_OPEN"", ""COICOP_1999"": ""_T"", ""COMMON_REFERENCE_PERIOD"": ""Oct - Dec 2006"", ""COUNTRY"": ""KHM"", ""FREQUENCY"": ""M"", ""IFS_FLAG"": ""true"", ""INDEX_TYPE"": ""CPI"", ""OVERLAP"": ""OL"", ""SCALE"": ""0"", ""SECURITY_CLASSIFICATION"": ""PUB"", ""TYPE_OF_TRANSFORMATION"": ""IX""}}"
KHM,cpi_index_all_items_quarterly_imf,2023-Q4,quarterly,203.8036666666667,\N,derived,IMF_CPI,IMF|ACCESS_SHARING_LEVEL=PUBLIC_OPEN|COICOP_1999=_T|COMMON_REFERENCE_PERIOD=Oct - Dec 2006|FREQUENCY=M|IFS_FLAG=true|INDEX_TYPE=CPI|OVERLAP=OL|SCALE=0|SECURITY_CLASSIFICATION=PUB|TYPE_OF_TRANSFORMATION=IX|aggregation=quarterly_mean,\N,"{""aggregation_method"": ""quarterly_mean"", ""source_derivation_types"": [""O"", ""O"", ""O""], ""source_months"": [""2023-M10"", ""2023-M11"", ""2023-M12""], ""source_observation_count"": 3, ""source_series_dimensions"": {""ACCESS_SHARING_LEVEL"": ""PUBLIC_OPEN"", ""COICOP_1999"": ""_T"", ""COMMON_REFERENCE_PERIOD"": ""Oct - Dec 2006"", ""COUNTRY"": ""KHM"", ""FREQUENCY"": ""M"", ""IFS_FLAG"": ""true"", ""INDEX_TYPE"": ""CPI"", ""OVERLAP"": ""OL"", ""SCALE"": ""0"", ""SECURITY_CLASSIFICATION"": ""PUB"", ""TYPE_OF_TRANSFORMATION"": ""IX""}}"
KIR,cpi_index_all_items_quarterly_imf,2023-Q1,quarterly,106.56667408601466,\N,derived,IMF_CPI,IMF|ACCESS_SHARING_LEVEL=PUBLIC_OPEN|COICOP_1999=_T|COMMON_REFERENCE_PERIOD=2023M6|FREQUENCY=M|IFS_FLAG=true|INDEX_TYPE=CPI|OVERLAP=OL|SCALE=0|SECURITY_CLASSIFICATION=PUB|TYPE_OF_TRANSFORMATION=IX|aggregation=quarterly_mean,\N,"{""aggregation_method"": ""quarterly_mean"", ""source_derivation_types"": [""O"", ""O"", ""O""], ""source_months"": [""2023-M01"", ""2023-M02"", ""2023-M03""], ""source_observation_count"": 3, ""source_series_dimensions"": {""ACCESS_SHARING_LEVEL"": ""PUBLIC_OPEN"", ""COICOP_1999"": ""_T"", ""COMMON_REFERENCE_PERIOD"": ""2023M6"", ""COUNTRY"": ""KIR"", ""FREQUENCY"": ""M"", ""IFS_FLAG"": ""true"", ""INDEX_TYPE"": ""CPI"", ""OVERLAP"": ""OL"", ""SCALE"": ""0"", ""SECURITY_CLASSIFICATION"": ""PUB"", ""TYPE_OF_TRANSFORMATION"": ""IX""}}"
KIR,cpi_index_all_items_quarterly_imf,2023-Q2,quarterly,101.79774535685134,\N,derived,IMF_CPI,IMF|ACCESS_SHARING_LEVEL=PUBLIC_OPEN|COICOP_1999=_T|COMMON_REFERENCE_PERIOD=2023M6|FREQUENCY=M|IFS_FLAG=true|INDEX_TYPE=CPI|OVERLAP=OL|SCALE=0|SECURITY_CLASSIFICATION=PUB|TYPE_OF_TRANSFORMATION=IX|aggregation=quarterly_mean,\N,"{""aggregation_method"": ""quarterly_mean"", ""source_derivation_types"": [""O"", ""O"", ""O""], ""source_months"": [""2023-M04"", ""2023-M05"", ""2023-M06""], ""source_observation_count"": 3, ""source_series_dimensions"": {""ACCESS_SHARING_LEVEL"": ""PUBLIC_OPEN"", ""COICOP_1999"": ""_T"", ""COMMON_REFERENCE_PERIOD"": ""2023M6"", ""COUNTRY"": ""KIR"", ""FREQUENCY"": ""M"", ""IFS_FLAG"": ""true"", ""INDEX_TYPE"": ""CPI"", ""OVERLAP"": ""OL"", ""SCALE"": ""0"", ""SECURITY_CLASSIFICATION"": ""PUB"", ""TYPE_OF_TRANSFORMATION"": ""IX""}}"
KIR,cpi_index_all_items_quarterly_imf,2023-Q3,quarterly,98.95355685790942,\N,derived,IMF_CPI,IMF|ACCESS_SHARING_LEVEL=PUBLIC_OPEN|COICOP_1999=_T|COMMON_REFERENCE_PERIOD=2023M6|FREQUENCY=M|IFS_FLAG=true|INDEX_TYPE=CPI|OVERLAP=OL|SCALE=0|SECURITY_CLASSIFICATION=PUB|TYPE_OF_TRANSFORMATION=IX|aggregation=quarterly_mean,\N,"{""aggregation_method"": ""quarterly_mean"", ""source_derivation_types"": [""O"", ""O"", ""O""], ""source_months"": [""2023-M07"", ""2023-M08"", ""2023-M09""], ""source_observation_count"": 3, ""source_series_dimensions"": {""ACCESS_SHARING_LEVEL"": ""PUBLIC_OPEN"", ""COICOP_1999"": ""_T"", ""COMMON_REFERENCE_PERIOD"": ""2023M6"", ""COUNTRY"": ""KIR"", ""FREQUENCY"": ""M"", ""IFS_FLAG"": ""true"", ""INDEX_TYPE"": ""CPI"", ""OVERLAP"": ""OL"", ""SCALE"": ""0"", ""SECURITY_CLASSIFICATION"": ""PUB"", ""TYPE_OF_TRANSFORMATION"": ""IX""}}"
KIR,cpi_index_all_items_quarterly_imf,2023-Q4,quarterly,100.46253819642776,\N,derived,IMF_CPI,IMF|ACCESS_SHARING_LEVEL=PUBLIC_OPEN|COICOP_1999=_T|COMMON_REFERENCE_PERIOD=2023M6|FREQUENCY=M|IFS_FLAG=true|INDEX_TYPE=CPI|OVERLAP=OL|SCALE=0|SECURITY_CLASSIFICATION=PUB|TYPE_OF_TRANSFORMATION=IX|aggregation=quarterly_mean,\N,"{""aggregation_method"": ""quarterly_mean"", ""source_derivation_types"": [""O"", ""O"", ""O""], ""source_months"": [""2023-M10"", ""2023-M11"", ""2023-M12""], ""source_observation_count"": 3, ""source_series_dimensions"": {""ACCESS_SHARING_LEVEL"": ""PUBLIC_OPEN"", ""COICOP_1999"": ""_T"", ""COMMON_REFERENCE_PERIOD"": ""2023M6"", ""COUNTRY"": ""KIR"", ""FREQUENCY"": ""M"", ""IFS_FLAG"": ""true"", ""INDEX_TYPE"": ""CPI"", ""OVERLAP"": ""OL"", ""SCALE"": ""0"", ""SECURITY_CLASSIFICATION"": ""PUB"", ""TYPE_OF_TRANSFORMATION"": ""IX""}}"
KNA,cpi_index_all_items_quarterly_imf,2023-Q1,quarterly,112.37,\N,derived,IMF_CPI,IMF|ACCESS_SHARING_LEVEL=PUBLIC_OPEN|COICOP_1999=_T|COMMON_REFERENCE_PERIOD=Multiple|FREQUENCY=M|IFS_FLAG=true|INDEX_TYPE=CPI|OVERLAP=OL|SCALE=0|SECURITY_CLASSIFICATION=PUB|TYPE_OF_TRANSFORMATION=IX|aggregation=quarterly_mean,\N,"{""aggregation_method"": ""quarterly_mean"", ""source_derivation_types"": [""O"", ""O"", ""O""], ""source_months"": [""2023-M01"", ""2023-M02"", ""2023-M03""], ""source_observation_count"": 3, ""source_series_dimensions"": {""ACCESS_SHARING_LEVEL"": ""PUBLIC_OPEN"", ""COICOP_1999"": ""_T"", ""COMMON_REFERENCE_PERIOD"": ""Multiple"", ""COUNTRY"": ""KNA"", ""FREQUENCY"": ""M"", ""IFS_FLAG"": ""true"", ""INDEX_TYPE"": ""CPI"", ""OVERLAP"": ""OL"", ""SCALE"": ""0"", ""SECURITY_CLASSIFICATION"": ""PUB"", ""TYPE_OF_TRANSFORMATION"": ""IX""}}"
KNA,cpi_index_all_items_quarterly_imf,2023-Q2,quarterly,112.55,\N,derived,IMF_CPI,IMF|ACCESS_SHARING_LEVEL=PUBLIC_OPEN|COICOP_1999=_T|COMMON_REFERENCE_PERIOD=Multiple|FREQUENCY=M|IFS_FLAG=true|INDEX_TYPE=CPI|OVERLAP=OL|SCALE=0|SECURITY_CLASSIFICATION=PUB|TYPE_OF_TRANSFORMATION=IX|aggregation=quarterly_mean,\N,"{""aggregation_method"": ""quarterly_mean"", ""source_derivation_types"": [""O"", ""O"", ""O""], ""source_months"": [""2023-M04"", ""2023-M05"", ""2023-M06""], ""source_observation_count"": 3, ""source_series_dimensions"": {""ACCESS_SHARING_LEVEL"": ""PUBLIC_OPEN"", ""COICOP_1999"": ""_T"", ""COMMON_REFERENCE_PERIOD"": ""Multiple"", ""COUNTRY"": ""KNA"", ""FREQUENCY"": ""M"", ""IFS_FLAG"": ""true"", ""INDEX_TYPE"": ""CPI"", ""OVERLAP"": ""OL"", ""SCALE"": ""0"", ""SECURITY_CLASSIFICATION"": ""PUB"", ""TYPE_OF_TRANSFORMATION"": ""IX""}}"
KNA,cpi_index_all_items_quarterly_imf,2023-Q3,quarterly,112.61666666666667,\N,derived,IMF_CPI,IMF|ACCESS_SHARING_LEVEL=PUBLIC_OPEN|COICOP_1999=_T|COMMON_REFERENCE_PERIOD=Multiple|FREQUENCY=M|IFS_FLAG=true|INDEX_TYPE=CPI|OVERLAP=OL|SCALE=0|SECURITY_CLASSIFICATION=PUB|TYPE_OF_TRANSFORMATION=IX|aggregation=quarterly_mean,\N,"{""aggregation_method"": ""quarterly_mean"", ""source_derivation_types"": [""O"", ""O"", ""O""], ""source_months"": [""2023-M07"", ""2023-M08"", ""2023-M09""], ""source_observation_count"": 3, ""source_series_dimensions"": {""ACCESS_SHARING_LEVEL"": ""PUBLIC_OPEN"", ""COICOP_1999"": ""_T"", ""COMMON_REFERENCE_PERIOD"": ""Multiple"", ""COUNTRY"": ""KNA"", ""FREQUENCY"": ""M"", ""IFS_FLAG"": ""true"", ""INDEX_TYPE"": ""CPI"", ""OVERLAP"": ""OL"", ""SCALE"": ""0"", ""SECURITY_CLASSIFICATION"": ""PUB"", ""TYPE_OF_TRANSFORMATION"": ""IX""}}"
KNA,cpi_index_all_items_quarterly_imf,2023-Q4,quarterly,112.83666666666666,\N,derived,IMF_CPI,IMF|ACCESS_SHARING_LEVEL=PUBLIC_OPEN|COICOP_1999=_T|COMMON_REFERENCE_PERIOD=Multiple|FREQUENCY=M|IFS_FLAG=true|INDEX_TYPE=CPI|OVERLAP=OL|SCALE=0|SECURITY_CLASSIFICATION=PUB|TYPE_OF_TRANSFORMATION=IX|aggregation=quarterly_mean,\N,"{""aggregation_method"": ""quarterly_mean"", ""source_derivation_types"": [""O"", ""O"", ""O""], ""source_months"": [""2023-M10"", ""2023-M11"", ""2023-M12""], ""source_observation_count"": 3, ""source_series_dimensions"": {""ACCESS_SHARING_LEVEL"": ""PUBLIC_OPEN"", ""COICOP_1999"": ""_T"", ""COMMON_REFERENCE_PERIOD"": ""Multiple"", ""COUNTRY"": ""KNA"", ""FREQUENCY"": ""M"", ""IFS_FLAG"": ""true"", ""INDEX_TYPE"": ""CPI"", ""OVERLAP"": ""OL"", ""SCALE"": ""0"", ""SECURITY_CLASSIFICATION"": ""PUB"", ""TYPE_OF_TRANSFORMATION"": ""IX""}}"
KOR,cpi_index_all_items_quarterly_imf,2023-Q1,quarterly,110.30666666666666,\N,derived,IMF_CPI,IMF|ACCESS_SHARING_LEVEL=PUBLIC_OPEN|COICOP_1999=_T|COMMON_REFERENCE_PERIOD=2020A|FREQUENCY=M|IFS_FLAG=true|INDEX_TYPE=CPI|OVERLAP=OL|SCALE=0|SECURITY_CLASSIFICATION=PUB|TYPE_OF_TRANSFORMATION=IX|aggregation=quarterly_mean,\N,"{""aggregation_method"": ""quarterly_mean"", ""source_derivation_types"": [""O"", ""O"", ""O""], ""source_months"": [""2023-M01"", ""2023-M02"", ""2023-M03""], ""source_observation_count"": 3, ""source_series_dimensions"": {""ACCESS_SHARING_LEVEL"": ""PUBLIC_OPEN"", ""COICOP_1999"": ""_T"", ""COMMON_REFERENCE_PERIOD"": ""2020A"", ""COUNTRY"": ""KOR"", ""FREQUENCY"": ""M"", ""IFS_FLAG"": ""true"", ""INDEX_TYPE"": ""CPI"", ""OVERLAP"": ""OL"", ""SCALE"": ""0"", ""SECURITY_CLASSIFICATION"": ""PUB"", ""TYPE_OF_TRANSFORMATION"": ""IX""}}"
KOR,cpi_index_all_items_quarterly_imf,2023-Q2,quarterly,111.01999999999998,\N,derived,IMF_CPI,IMF|ACCESS_SHARING_LEVEL=PUBLIC_OPEN|COICOP_1999=_T|COMMON_REFERENCE_PERIOD=2020A|FREQUENCY=M|IFS_FLAG=true|INDEX_TYPE=CPI|OVERLAP=OL|SCALE=0|SECURITY_CLASSIFICATION=PUB|TYPE_OF_TRANSFORMATION=IX|aggregation=quarterly_mean,\N,"{""aggregation_method"": ""quarterly_mean"", ""source_derivation_types"": [""O"", ""O"", ""O""], ""source_months"": [""2023-M04"", ""2023-M05"", ""2023-M06""], ""source_observation_count"": 3, ""source_series_dimensions"": {""ACCESS_SHARING_LEVEL"": ""PUBLIC_OPEN"", ""COICOP_1999"": ""_T"", ""COMMON_REFERENCE_PERIOD"": ""2020A"", ""COUNTRY"": ""KOR"", ""FREQUENCY"": ""M"", ""IFS_FLAG"": ""true"", ""INDEX_TYPE"": ""CPI"", ""OVERLAP"": ""OL"", ""SCALE"": ""0"", ""SECURITY_CLASSIFICATION"": ""PUB"", ""TYPE_OF_TRANSFORMATION"": ""IX""}}"
KOR,cpi_index_all_items_quarterly_imf,2023-Q3,quarterly,112.13999999999999,\N,derived,IMF_CPI,IMF|ACCESS_SHARING_LEVEL=PUBLIC_OPEN|COICOP_1999=_T|COMMON_REFERENCE_PERIOD=2020A|FREQUENCY=M|IFS_FLAG=true|INDEX_TYPE=CPI|OVERLAP=OL|SCALE=0|SECURITY_CLASSIFICATION=PUB|TYPE_OF_TRANSFORMATION=IX|aggregation=quarterly_mean,\N,"{""aggregation_method"": ""quarterly_mean"", ""source_derivation_types"": [""O"", ""O"", ""O""], ""source_months"": [""2023-M07"", ""2023-M08"", ""2023-M09""], ""source_observation_count"": 3, ""source_series_dimensions"": {""ACCESS_SHARING_LEVEL"": ""PUBLIC_OPEN"", ""COICOP_1999"": ""_T"", ""COMMON_REFERENCE_PERIOD"": ""2020A"", ""COUNTRY"": ""KOR"", ""FREQUENCY"": ""M"", ""IFS_FLAG"": ""true"", ""INDEX_TYPE"": ""CPI"", ""OVERLAP"": ""OL"", ""SCALE"": ""0"", ""SECURITY_CLASSIFICATION"": ""PUB"", ""TYPE_OF_TRANSFORMATION"": ""IX""}}"
KOR,cpi_index_all_items_quarterly_imf,2023-Q4,quarterly,112.89333333333333,\N,derived,IMF_CPI,IMF|ACCESS_SHARING_LEVEL=PUBLIC_OPEN|COICOP_1999=_T|COMMON_REFERENCE_PERIOD=2020A|FREQUENCY=M|IFS_FLAG=true|INDEX_TYPE=CPI|OVERLAP=OL|SCALE=0|SECURITY_CLASSIFICATION=PUB|TYPE_OF_TRANSFORMATION=IX|aggregation=quarterly_mean,\N,"{""aggregation_method"": ""quarterly_mean"", ""source_derivation_types"": [""O"", ""O"", ""O""], ""source_months"": [""2023-M10"", ""2023-M11"", ""2023-M12""], ""source_observation_count"": 3, ""source_series_dimensions"": {""ACCESS_SHARING_LEVEL"": ""PUBLIC_OPEN"", ""COICOP_1999"": ""_T"", ""COMMON_REFERENCE_PERIOD"": ""2020A"", ""COUNTRY"": ""KOR"", ""FREQUENCY"": ""M"", ""IFS_FLAG"": ""true"", ""INDEX_TYPE"": ""CPI"", ""OVERLAP"": ""OL"", ""SCALE"": ""0"", ""SECURITY_CLASSIFICATION"": ""PUB"", ""TYPE_OF_TRANSFORMATION"": ""IX""}}"
KWT,cpi_index_all_items_quarterly_imf,2023-Q1,quarterly,128.33333333333334,\N,derived,IMF_CPI,IMF|ACCESS_SHARING_LEVEL=PUBLIC_OPEN|COICOP_1999=_T|COMMON_REFERENCE_PERIOD=2013A|FREQUENCY=M|IFS_FLAG=true|INDEX_TYPE=CPI|OVERLAP=OL|SCALE=0|SECURITY_CLASSIFICATION=PUB|TYPE_OF_TRANSFORMATION=IX|aggregation=quarterly_mean,\N,"{""aggregation_method"": ""quarterly_mean"", ""source_derivation_types"": [""O"", ""O"", ""O""], ""source_months"": [""2023-M01"", ""2023-M02"", ""2023-M03""], ""source_observation_count"": 3, ""source_series_dimensions"": {""ACCESS_SHARING_LEVEL"": ""PUBLIC_OPEN"", ""COICOP_1999"": ""_T"", ""COMMON_REFERENCE_PERIOD"": ""2013A"", ""COUNTRY"": ""KWT"", ""FREQUENCY"": ""M"", ""IFS_FLAG"": ""true"", ""INDEX_TYPE"": ""CPI"", ""OVERLAP"": ""OL"", ""SCALE"": ""0"", ""SECURITY_CLASSIFICATION"": ""PUB"", ""TYPE_OF_TRANSFORMATION"": ""IX""}}"
KWT,cpi_index_all_items_quarterly_imf,2023-Q2,quarterly,129.5666666666667,\N,derived,IMF_CPI,IMF|ACCESS_SHARING_LEVEL=PUBLIC_OPEN|COICOP_1999=_T|COMMON_REFERENCE_PERIOD=2013A|FREQUENCY=M|IFS_FLAG=true|INDEX_TYPE=CPI|OVERLAP=OL|SCALE=0|SECURITY_CLASSIFICATION=PUB|TYPE_OF_TRANSFORMATION=IX|aggregation=quarterly_mean,\N,"{""aggregation_method"": ""quarterly_mean"", ""source_derivation_types"": [""O"", ""O"", ""O""], ""source_months"": [""2023-M04"", ""2023-M05"", ""2023-M06""], ""source_observation_count"": 3, ""source_series_dimensions"": {""ACCESS_SHARING_LEVEL"": ""PUBLIC_OPEN"", ""COICOP_1999"": ""_T"", ""COMMON_REFERENCE_PERIOD"": ""2013A"", ""COUNTRY"": ""KWT"", ""FREQUENCY"": ""M"", ""IFS_FLAG"": ""true"", ""INDEX_TYPE"": ""CPI"", ""OVERLAP"": ""OL"", ""SCALE"": ""0"", ""SECURITY_CLASSIFICATION"": ""PUB"", ""TYPE_OF_TRANSFORMATION"": ""IX""}}"
KWT,cpi_index_all_items_quarterly_imf,2023-Q3,quarterly,130.36666666666665,\N,derived,IMF_CPI,IMF|ACCESS_SHARING_LEVEL=PUBLIC_OPEN|COICOP_1999=_T|COMMON_REFERENCE_PERIOD=2013A|FREQUENCY=M|IFS_FLAG=true|INDEX_TYPE=CPI|OVERLAP=OL|SCALE=0|SECURITY_CLASSIFICATION=PUB|TYPE_OF_TRANSFORMATION=IX|aggregation=quarterly_mean,\N,"{""aggregation_method"": ""quarterly_mean"", ""source_derivation_types"": [""O"", ""O"", ""O""], ""source_months"": [""2023-M07"", ""2023-M08"", ""2023-M09""], ""source_observation_count"": 3, ""source_series_dimensions"": {""ACCESS_SHARING_LEVEL"": ""PUBLIC_OPEN"", ""COICOP_1999"": ""_T"", ""COMMON_REFERENCE_PERIOD"": ""2013A"", ""COUNTRY"": ""KWT"", ""FREQUENCY"": ""M"", ""IFS_FLAG"": ""true"", ""INDEX_TYPE"": ""CPI"", ""OVERLAP"": ""OL"", ""SCALE"": ""0"", ""SECURITY_CLASSIFICATION"": ""PUB"", ""TYPE_OF_TRANSFORMATION"": ""IX""}}"
KWT,cpi_index_all_items_quarterly_imf,2023-Q4,quarterly,131.53333333333333,\N,derived,IMF_CPI,IMF|ACCESS_SHARING_LEVEL=PUBLIC_OPEN|COICOP_1999=_T|COMMON_REFERENCE_PERIOD=2013A|FREQUENCY=M|IFS_FLAG=true|INDEX_TYPE=CPI|OVERLAP=OL|SCALE=0|SECURITY_CLASSIFICATION=PUB|TYPE_OF_TRANSFORMATION=IX|aggregation=quarterly_mean,\N,"{""aggregation_method"": ""quarterly_mean"", ""source_derivation_types"": [""O"", ""O"", ""O""], ""source_months"": [""2023-M10"", ""2023-M11"", ""2023-M12""], ""source_observation_count"": 3, ""source_series_dimensions"": {""ACCESS_SHARING_LEVEL"": ""PUBLIC_OPEN"", ""COICOP_1999"": ""_T"", ""COMMON_REFERENCE_PERIOD"": ""2013A"", ""COUNTRY"": ""KWT"", ""FREQUENCY"": ""M"", ""IFS_FLAG"": ""true"", ""INDEX_TYPE"": ""CPI"", ""OVERLAP"": ""OL"", ""SCALE"": ""0"", ""SECURITY_CLASSIFICATION"": ""PUB"", ""TYPE_OF_TRANSFORMATION"": ""IX""}}"
LAO,cpi_index_all_items_quarterly_imf,2023-Q1,quarterly,172.42920501216818,\N,derived,IMF_CPI,IMF|ACCESS_SHARING_LEVEL=PUBLIC_OPEN|COICOP_1999=_T|COMMON_REFERENCE_PERIOD=2015M12|FREQUENCY=M|IFS_FLAG=true|INDEX_TYPE=CPI|OVERLAP=OL|SCALE=0|SECURITY_CLASSIFICATION=PUB|TYPE_OF_TRANSFORMATION=IX|aggregation=quarterly_mean,\N,"{""aggregation_method"": ""quarterly_mean"", ""source_derivation_types"": [""O"", ""O"", ""O""], ""source_months"": [""2023-M01"", ""2023-M02"", ""2023-M03""], ""source_observation_count"": 3, ""source_series_dimensions"": {""ACCESS_SHARING_LEVEL"": ""PUBLIC_OPEN"", ""COICOP_1999"": ""_T"", ""COMMON_REFERENCE_PERIOD"": ""2015M12"", ""COUNTRY"": ""LAO"", ""FREQUENCY"": ""M"", ""IFS_FLAG"": ""true"", ""INDEX_TYPE"": ""CPI"", ""OVERLAP"": ""OL"", ""SCALE"": ""0"", ""SECURITY_CLASSIFICATION"": ""PUB"", ""TYPE_OF_TRANSFORMATION"": ""IX""}}"
LAO,cpi_index_all_items_quarterly_imf,2023-Q2,quarterly,182.0661546638911,\N,derived,IMF_CPI,IMF|ACCESS_SHARING_LEVEL=PUBLIC_OPEN|COICOP_1999=_T|COMMON_REFERENCE_PERIOD=2015M12|FREQUENCY=M|IFS_FLAG=true|INDEX_TYPE=CPI|OVERLAP=OL|SCALE=0|SECURITY_CLASSIFICATION=PUB|TYPE_OF_TRANSFORMATION=IX|aggregation=quarterly_mean,\N,"{""aggregation_method"": ""quarterly_mean"", ""source_derivation_types"": [""O"", ""O"", ""O""], ""source_months"": [""2023-M04"", ""2023-M05"", ""2023-M06""], ""source_observation_count"": 3, ""source_series_dimensions"": {""ACCESS_SHARING_LEVEL"": ""PUBLIC_OPEN"", ""COICOP_1999"": ""_T"", ""COMMON_REFERENCE_PERIOD"": ""2015M12"", ""COUNTRY"": ""LAO"", ""FREQUENCY"": ""M"", ""IFS_FLAG"": ""true"", ""INDEX_TYPE"": ""CPI"", ""OVERLAP"": ""OL"", ""SCALE"": ""0"", ""SECURITY_CLASSIFICATION"": ""PUB"", ""TYPE_OF_TRANSFORMATION"": ""IX""}}"
LAO,cpi_index_all_items_quarterly_imf,2023-Q3,quarterly,195.710595951976,\N,derived,IMF_CPI,IMF|ACCESS_SHARING_LEVEL=PUBLIC_OPEN|COICOP_1999=_T|COMMON_REFERENCE_PERIOD=2015M12|FREQUENCY=M|IFS_FLAG=true|INDEX_TYPE=CPI|OVERLAP=OL|SCALE=0|SECURITY_CLASSIFICATION=PUB|TYPE_OF_TRANSFORMATION=IX|aggregation=quarterly_mean,\N,"{""aggregation_method"": ""quarterly_mean"", ""source_derivation_types"": [""O"", ""O"", ""O""], ""source_months"": [""2023-M07"", ""2023-M08"", ""2023-M09""], ""source_observation_count"": 3, ""source_series_dimensions"": {""ACCESS_SHARING_LEVEL"": ""PUBLIC_OPEN"", ""COICOP_1999"": ""_T"", ""COMMON_REFERENCE_PERIOD"": ""2015M12"", ""COUNTRY"": ""LAO"", ""FREQUENCY"": ""M"", ""IFS_FLAG"": ""true"", ""INDEX_TYPE"": ""CPI"", ""OVERLAP"": ""OL"", ""SCALE"": ""0"", ""SECURITY_CLASSIFICATION"": ""PUB"", ""TYPE_OF_TRANSFORMATION"": ""IX""}}"
LAO,cpi_index_all_items_quarterly_imf,2023-Q4,quarterly,207.74925285872916,\N,derived,IMF_CPI,IMF|ACCESS_SHARING_LEVEL=PUBLIC_OPEN|COICOP_1999=_T|COMMON_REFERENCE_PERIOD=2015M12|FREQUENCY=M|IFS_FLAG=true|INDEX_TYPE=CPI|OVERLAP=OL|SCALE=0|SECURITY_CLASSIFICATION=PUB|TYPE_OF_TRANSFORMATION=IX|aggregation=quarterly_mean,\N,"{""aggregation_method"": ""quarterly_mean"", ""source_derivation_types"": [""O"", ""O"", ""O""], ""source_months"": [""2023-M10"", ""2023-M11"", ""2023-M12""], ""source_observation_count"": 3, ""source_series_dimensions"": {""ACCESS_SHARING_LEVEL"": ""PUBLIC_OPEN"", ""COICOP_1999"": ""_T"", ""COMMON_REFERENCE_PERIOD"": ""2015M12"", ""COUNTRY"": ""LAO"", ""FREQUENCY"": ""M"", ""IFS_FLAG"": ""true"", ""INDEX_TYPE"": ""CPI"", ""OVERLAP"": ""OL"", ""SCALE"": ""0"", ""SECURITY_CLASSIFICATION"": ""PUB"", ""TYPE_OF_TRANSFORMATION"": ""IX""}}"
LBN,cpi_index_all_items_quarterly_imf,2023-Q1,quarterly,2904.2166666666667,\N,derived,IMF_CPI,IMF|ACCESS_SHARING_LEVEL=PUBLIC_OPEN|COICOP_1999=_T|COMMON_REFERENCE_PERIOD=2013M12|FREQUENCY=M|IFS_FLAG=true|INDEX_TYPE=CPI|OVERLAP=OL|SCALE=0|SECURITY_CLASSIFICATION=PUB|TYPE_OF_TRANSFORMATION=IX|aggregation=quarterly_mean,\N,"{""aggregation_method"": ""quarterly_mean"", ""source_derivation_types"": [""O"", ""O"", ""O""], ""source_months"": [""2023-M01"", ""2023-M02"", ""2023-M03""], ""source_observation_count"": 3, ""source_series_dimensions"": {""ACCESS_SHARING_LEVEL"": ""PUBLIC_OPEN"", ""COICOP_1999"": ""_T"", ""COMMON_REFERENCE_PERIOD"": ""2013M12"", ""COUNTRY"": ""LBN"", ""FREQUENCY"": ""M"", ""IFS_FLAG"": ""true"", ""INDEX_TYPE"": ""CPI"", ""OVERLAP"": ""OL"", ""SCALE"": ""0"", ""SECURITY_CLASSIFICATION"": ""PUB"", ""TYPE_OF_TRANSFORMATION"": ""IX""}}"
LBN,cpi_index_all_items_quarterly_imf,2023-Q2,quarterly,4273.5,\N,derived,IMF_CPI,IMF|ACCESS_SHARING_LEVEL=PUBLIC_OPEN|COICOP_1999=_T|COMMON_REFERENCE_PERIOD=2013M12|FREQUENCY=M|IFS_FLAG=true|INDEX_TYPE=CPI|OVERLAP=OL|SCALE=0|SECURITY_CLASSIFICATION=PUB|TYPE_OF_TRANSFORMATION=IX|aggregation=quarterly_mean,\N,"{""aggregation_method"": ""quarterly_mean"", ""source_derivation_types"": [""O"", ""O"", ""O""], ""source_months"": [""2023-M04"", ""2023-M05"", ""2023-M06""], ""source_observation_count"": 3, ""source_series_dimensions"": {""ACCESS_SHARING_LEVEL"": ""PUBLIC_OPEN"", ""COICOP_1999"": ""_T"", ""COMMON_REFERENCE_PERIOD"": ""2013M12"", ""COUNTRY"": ""LBN"", ""FREQUENCY"": ""M"", ""IFS_FLAG"": ""true"", ""INDEX_TYPE"": ""CPI"", ""OVERLAP"": ""OL"", ""SCALE"": ""0"", ""SECURITY_CLASSIFICATION"": ""PUB"", ""TYPE_OF_TRANSFORMATION"": ""IX""}}"
LBN,cpi_index_all_items_quarterly_imf,2023-Q3,quarterly,4911.246666666666,\N,derived,IMF_CPI,IMF|ACCESS_SHARING_LEVEL=PUBLIC_OPEN|COICOP_1999=_T|COMMON_REFERENCE_PERIOD=2013M12|FREQUENCY=M|IFS_FLAG=true|INDEX_TYPE=CPI|OVERLAP=OL|SCALE=0|SECURITY_CLASSIFICATION=PUB|TYPE_OF_TRANSFORMATION=IX|aggregation=quarterly_mean,\N,"{""aggregation_method"": ""quarterly_mean"", ""source_derivation_types"": [""O"", ""O"", ""O""], ""source_months"": [""2023-M07"", ""2023-M08"", ""2023-M09""], ""source_observation_count"": 3, ""source_series_dimensions"": {""ACCESS_SHARING_LEVEL"": ""PUBLIC_OPEN"", ""COICOP_1999"": ""_T"", ""COMMON_REFERENCE_PERIOD"": ""2013M12"", ""COUNTRY"": ""LBN"", ""FREQUENCY"": ""M"", ""IFS_FLAG"": ""true"", ""INDEX_TYPE"": ""CPI"", ""OVERLAP"": ""OL"", ""SCALE"": ""0"", ""SECURITY_CLASSIFICATION"": ""PUB"", ""TYPE_OF_TRANSFORMATION"": ""IX""}}"
LBN,cpi_index_all_items_quarterly_imf,2023-Q4,quarterly,5927.436666666667,\N,derived,IMF_CPI,IMF|ACCESS_SHARING_LEVEL=PUBLIC_OPEN|COICOP_1999=_T|COMMON_REFERENCE_PERIOD=2013M12|FREQUENCY=M|IFS_FLAG=true|INDEX_TYPE=CPI|OVERLAP=OL|SCALE=0|SECURITY_CLASSIFICATION=PUB|TYPE_OF_TRANSFORMATION=IX|aggregation=quarterly_mean,\N,"{""aggregation_method"": ""quarterly_mean"", ""source_derivation_types"": [""O"", ""O"", ""O""], ""source_months"": [""2023-M10"", ""2023-M11"", ""2023-M12""], ""source_observation_count"": 3, ""source_series_dimensions"": {""ACCESS_SHARING_LEVEL"": ""PUBLIC_OPEN"", ""COICOP_1999"": ""_T"", ""COMMON_REFERENCE_PERIOD"": ""2013M12"", ""COUNTRY"": ""LBN"", ""FREQUENCY"": ""M"", ""IFS_FLAG"": ""true"", ""INDEX_TYPE"": ""CPI"", ""OVERLAP"": ""OL"", ""SCALE"": ""0"", ""SECURITY_CLASSIFICATION"": ""PUB"", ""TYPE_OF_TRANSFORMATION"": ""IX""}}"
LBR,cpi_index_all_items_quarterly_imf,2023-Q1,quarterly,158.793743588049,\N,derived,IMF_CPI,IMF|ACCESS_SHARING_LEVEL=PUBLIC_OPEN|COICOP_1999=_T|COMMON_REFERENCE_PERIOD=2018M12|FREQUENCY=M|IFS_FLAG=true|INDEX_TYPE=CPI|OVERLAP=OL|SCALE=0|SECURITY_CLASSIFICATION=PUB|TYPE_OF_TRANSFORMATION=IX|aggregation=quarterly_mean,\N,"{""aggregation_method"": ""quarterly_mean"", ""source_derivation_types"": [""O"", ""O"", ""O""], ""source_months"": [""2023-M01"", ""2023-M02"", ""2023-M03""], ""source_observation_count"": 3, ""source_series_dimensions"": {""ACCESS_SHARING_LEVEL"": ""PUBLIC_OPEN"", ""COICOP_1999"": ""_T"", ""COMMON_REFERENCE_PERIOD"": ""2018M12"", ""COUNTRY"": ""LBR"", ""FREQUENCY"": ""M"", ""IFS_FLAG"": ""true"", ""INDEX_TYPE"": ""CPI"", ""OVERLAP"": ""OL"", ""SCALE"": ""0"", ""SECURITY_CLASSIFICATION"": ""PUB"", ""TYPE_OF_TRANSFORMATION"": ""IX""}}"
LBR,cpi_index_all_items_quarterly_imf,2023-Q2,quarterly,164.19357408640266,\N,derived,IMF_CPI,IMF|ACCESS_SHARING_LEVEL=PUBLIC_OPEN|COICOP_1999=_T|COMMON_REFERENCE_PERIOD=2018M12|FREQUENCY=M|IFS_FLAG=true|INDEX_TYPE=CPI|OVERLAP=OL|SCALE=0|SECURITY_CLASSIFICATION=PUB|TYPE_OF_TRANSFORMATION=IX|aggregation=quarterly_mean,\N,"{""aggregation_method"": ""quarterly_mean"", ""source_derivation_types"": [""O"", ""O"", ""O""], ""source_months"": [""2023-M04"", ""2023-M05"", ""2023-M06""], ""source_observation_count"": 3, ""source_series_dimensions"": {""ACCESS_SHARING_LEVEL"": ""PUBLIC_OPEN"", ""COICOP_1999"": ""_T"", ""COMMON_REFERENCE_PERIOD"": ""2018M12"", ""COUNTRY"": ""LBR"", ""FREQUENCY"": ""M"", ""IFS_FLAG"": ""true"", ""INDEX_TYPE"": ""CPI"", ""OVERLAP"": ""OL"", ""SCALE"": ""0"", ""SECURITY_CLASSIFICATION"": ""PUB"", ""TYPE_OF_TRANSFORMATION"": ""IX""}}"
LBR,cpi_index_all_items_quarterly_imf,2023-Q3,quarterly,178.77143275396767,\N,derived,IMF_CPI,IMF|ACCESS_SHARING_LEVEL=PUBLIC_OPEN|COICOP_1999=_T|COMMON_REFERENCE_PERIOD=2018M12|FREQUENCY=M|IFS_FLAG=true|INDEX_TYPE=CPI|OVERLAP=OL|SCALE=0|SECURITY_CLASSIFICATION=PUB|TYPE_OF_TRANSFORMATION=IX|aggregation=quarterly_mean,\N,"{""aggregation_method"": ""quarterly_mean"", ""source_derivation_types"": [""O"", ""O"", ""O""], ""source_months"": [""2023-M07"", ""2023-M08"", ""2023-M09""], ""source_observation_count"": 3, ""source_series_dimensions"": {""ACCESS_SHARING_LEVEL"": ""PUBLIC_OPEN"", ""COICOP_1999"": ""_T"", ""COMMON_REFERENCE_PERIOD"": ""2018M12"", ""COUNTRY"": ""LBR"", ""FREQUENCY"": ""M"", ""IFS_FLAG"": ""true"", ""INDEX_TYPE"": ""CPI"", ""OVERLAP"": ""OL"", ""SCALE"": ""0"", ""SECURITY_CLASSIFICATION"": ""PUB"", ""TYPE_OF_TRANSFORMATION"": ""IX""}}"
LBR,cpi_index_all_items_quarterly_imf,2023-Q4,quarterly,175.52587392360434,\N,derived,IMF_CPI,IMF|ACCESS_SHARING_LEVEL=PUBLIC_OPEN|COICOP_1999=_T|COMMON_REFERENCE_PERIOD=2018M12|FREQUENCY=M|IFS_FLAG=true|INDEX_TYPE=CPI|OVERLAP=OL|SCALE=0|SECURITY_CLASSIFICATION=PUB|TYPE_OF_TRANSFORMATION=IX|aggregation=quarterly_mean,\N,"{""aggregation_method"": ""quarterly_mean"", ""source_derivation_types"": [""O"", ""O"", ""O""], ""source_months"": [""2023-M10"", ""2023-M11"", ""2023-M12""], ""source_observation_count"": 3, ""source_series_dimensions"": {""ACCESS_SHARING_LEVEL"": ""PUBLIC_OPEN"", ""COICOP_1999"": ""_T"", ""COMMON_REFERENCE_PERIOD"": ""2018M12"", ""COUNTRY"": ""LBR"", ""FREQUENCY"": ""M"", ""IFS_FLAG"": ""true"", ""INDEX_TYPE"": ""CPI"", ""OVERLAP"": ""OL"", ""SCALE"": ""0"", ""SECURITY_CLASSIFICATION"": ""PUB"", ""TYPE_OF_TRANSFORMATION"": ""IX""}}"
LBY,cpi_index_all_items_quarterly_imf,2023-Q1,quarterly,97.37620614338216,\N,derived,IMF_CPI,IMF|ACCESS_SHARING_LEVEL=PUBLIC_OPEN|COICOP_1999=_T|COMMON_REFERENCE_PERIOD=2024A|FREQUENCY=M|IFS_FLAG=true|INDEX_TYPE=CPI|OVERLAP=OL|SCALE=0|SECURITY_CLASSIFICATION=PUB|TYPE_OF_TRANSFORMATION=IX|aggregation=quarterly_mean,\N,"{""aggregation_method"": ""quarterly_mean"", ""source_derivation_types"": [""O"", ""O"", ""O""], ""source_months"": [""2023-M01"", ""2023-M02"", ""2023-M03""], ""source_observation_count"": 3, ""source_series_dimensions"": {""ACCESS_SHARING_LEVEL"": ""PUBLIC_OPEN"", ""COICOP_1999"": ""_T"", ""COMMON_REFERENCE_PERIOD"": ""2024A"", ""COUNTRY"": ""LBY"", ""FREQUENCY"": ""M"", ""IFS_FLAG"": ""true"", ""INDEX_TYPE"": ""CPI"", ""OVERLAP"": ""OL"", ""SCALE"": ""0"", ""SECURITY_CLASSIFICATION"": ""PUB"", ""TYPE_OF_TRANSFORMATION"": ""IX""}}"
LBY,cpi_index_all_items_quarterly_imf,2023-Q2,quarterly,97.9070474715914,\N,derived,IMF_CPI,IMF|ACCESS_SHARING_LEVEL=PUBLIC_OPEN|COICOP_1999=_T|COMMON_REFERENCE_PERIOD=2024A|FREQUENCY=M|IFS_FLAG=true|INDEX_TYPE=CPI|OVERLAP=OL|SCALE=0|SECURITY_CLASSIFICATION=PUB|TYPE_OF_TRANSFORMATION=IX|aggregation=quarterly_mean,\N,"{""aggregation_method"": ""quarterly_mean"", ""source_derivation_types"": [""O"", ""O"", ""O""], ""source_months"": [""2023-M04"", ""2023-M05"", ""2023-M06""], ""source_observation_count"": 3, ""source_series_dimensions"": {""ACCESS_SHARING_LEVEL"": ""PUBLIC_OPEN"", ""COICOP_1999"": ""_T"", ""COMMON_REFERENCE_PERIOD"": ""2024A"", ""COUNTRY"": ""LBY"", ""FREQUENCY"": ""M"", ""IFS_FLAG"": ""true"", ""INDEX_TYPE"": ""CPI"", ""OVERLAP"": ""OL"", ""SCALE"": ""0"", ""SECURITY_CLASSIFICATION"": ""PUB"", ""TYPE_OF_TRANSFORMATION"": ""IX""}}"
LBY,cpi_index_all_items_quarterly_imf,2023-Q3,quarterly,97.99552102629296,\N,derived,IMF_CPI,IMF|ACCESS_SHARING_LEVEL=PUBLIC_OPEN|COICOP_1999=_T|COMMON_REFERENCE_PERIOD=2024A|FREQUENCY=M|IFS_FLAG=true|INDEX_TYPE=CPI|OVERLAP=OL|SCALE=0|SECURITY_CLASSIFICATION=PUB|TYPE_OF_TRANSFORMATION=IX|aggregation=quarterly_mean,\N,"{""aggregation_method"": ""quarterly_mean"", ""source_derivation_types"": [""O"", ""O"", ""O""], ""source_months"": [""2023-M07"", ""2023-M08"", ""2023-M09""], ""source_observation_count"": 3, ""source_series_dimensions"": {""ACCESS_SHARING_LEVEL"": ""PUBLIC_OPEN"", ""COICOP_1999"": ""_T"", ""COMMON_REFERENCE_PERIOD"": ""2024A"", ""COUNTRY"": ""LBY"", ""FREQUENCY"": ""M"", ""IFS_FLAG"": ""true"", ""INDEX_TYPE"": ""CPI"", ""OVERLAP"": ""OL"", ""SCALE"": ""0"", ""SECURITY_CLASSIFICATION"": ""PUB"", ""TYPE_OF_TRANSFORMATION"": ""IX""}}"
LBY,cpi_index_all_items_quarterly_imf,2023-Q4,quarterly,98.39365202244987,\N,derived,IMF_CPI,IMF|ACCESS_SHARING_LEVEL=PUBLIC_OPEN|COICOP_1999=_T|COMMON_REFERENCE_PERIOD=2024A|FREQUENCY=M|IFS_FLAG=true|INDEX_TYPE=CPI|OVERLAP=OL|SCALE=0|SECURITY_CLASSIFICATION=PUB|TYPE_OF_TRANSFORMATION=IX|aggregation=quarterly_mean,\N,"{""aggregation_method"": ""quarterly_mean"", ""source_derivation_types"": [""O"", ""O"", ""O""], ""source_months"": [""2023-M10"", ""2023-M11"", ""2023-M12""], ""source_observation_count"": 3, ""source_series_dimensions"": {""ACCESS_SHARING_LEVEL"": ""PUBLIC_OPEN"", ""COICOP_1999"": ""_T"", ""COMMON_REFERENCE_PERIOD"": ""2024A"", ""COUNTRY"": ""LBY"", ""FREQUENCY"": ""M"", ""IFS_FLAG"": ""true"", ""INDEX_TYPE"": ""CPI"", ""OVERLAP"": ""OL"", ""SCALE"": ""0"", ""SECURITY_CLASSIFICATION"": ""PUB"", ""TYPE_OF_TRANSFORMATION"": ""IX""}}"
LCA,cpi_index_all_items_quarterly_imf,2023-Q1,quarterly,116.70666666666666,\N,derived,IMF_CPI,IMF|ACCESS_SHARING_LEVEL=PUBLIC_OPEN|COICOP_1999=_T|COMMON_REFERENCE_PERIOD=2018M1|FREQUENCY=M|IFS_FLAG=true|INDEX_TYPE=CPI|OVERLAP=OL|SCALE=0|SECURITY_CLASSIFICATION=PUB|TYPE_OF_TRANSFORMATION=IX|aggregation=quarterly_mean,\N,"{""aggregation_method"": ""quarterly_mean"", ""source_derivation_types"": [""O"", ""O"", ""O""], ""source_months"": [""2023-M01"", ""2023-M02"", ""2023-M03""], ""source_observation_count"": 3, ""source_series_dimensions"": {""ACCESS_SHARING_LEVEL"": ""PUBLIC_OPEN"", ""COICOP_1999"": ""_T"", ""COMMON_REFERENCE_PERIOD"": ""2018M1"", ""COUNTRY"": ""LCA"", ""FREQUENCY"": ""M"", ""IFS_FLAG"": ""true"", ""INDEX_TYPE"": ""CPI"", ""OVERLAP"": ""OL"", ""SCALE"": ""0"", ""SECURITY_CLASSIFICATION"": ""PUB"", ""TYPE_OF_TRANSFORMATION"": ""IX""}}"
LCA,cpi_index_all_items_quarterly_imf,2023-Q2,quarterly,116.23,\N,derived,IMF_CPI,IMF|ACCESS_SHARING_LEVEL=PUBLIC_OPEN|COICOP_1999=_T|COMMON_REFERENCE_PERIOD=2018M1|FREQUENCY=M|IFS_FLAG=true|INDEX_TYPE=CPI|OVERLAP=OL|SCALE=0|SECURITY_CLASSIFICATION=PUB|TYPE_OF_TRANSFORMATION=IX|aggregation=quarterly_mean,\N,"{""aggregation_method"": ""quarterly_mean"", ""source_derivation_types"": [""O"", ""O"", ""O""], ""source_months"": [""2023-M04"", ""2023-M05"", ""2023-M06""], ""source_observation_count"": 3, ""source_series_dimensions"": {""ACCESS_SHARING_LEVEL"": ""PUBLIC_OPEN"", ""COICOP_1999"": ""_T"", ""COMMON_REFERENCE_PERIOD"": ""2018M1"", ""COUNTRY"": ""LCA"", ""FREQUENCY"": ""M"", ""IFS_FLAG"": ""true"", ""INDEX_TYPE"": ""CPI"", ""OVERLAP"": ""OL"", ""SCALE"": ""0"", ""SECURITY_CLASSIFICATION"": ""PUB"", ""TYPE_OF_TRANSFORMATION"": ""IX""}}"
LCA,cpi_index_all_items_quarterly_imf,2023-Q3,quarterly,116.92999999999999,\N,derived,IMF_CPI,IMF|ACCESS_SHARING_LEVEL=PUBLIC_OPEN|COICOP_1999=_T|COMMON_REFERENCE_PERIOD=2018M1|FREQUENCY=M|IFS_FLAG=true|INDEX_TYPE=CPI|OVERLAP=OL|SCALE=0|SECURITY_CLASSIFICATION=PUB|TYPE_OF_TRANSFORMATION=IX|aggregation=quarterly_mean,\N,"{""aggregation_method"": ""quarterly_mean"", ""source_derivation_types"": [""O"", ""O"", ""O""], ""source_months"": [""2023-M07"", ""2023-M08"", ""2023-M09""], ""source_observation_count"": 3, ""source_series_dimensions"": {""ACCESS_SHARING_LEVEL"": ""PUBLIC_OPEN"", ""COICOP_1999"": ""_T"", ""COMMON_REFERENCE_PERIOD"": ""2018M1"", ""COUNTRY"": ""LCA"", ""FREQUENCY"": ""M"", ""IFS_FLAG"": ""true"", ""INDEX_TYPE"": ""CPI"", ""OVERLAP"": ""OL"", ""SCALE"": ""0"", ""SECURITY_CLASSIFICATION"": ""PUB"", ""TYPE_OF_TRANSFORMATION"": ""IX""}}"
LCA,cpi_index_all_items_quarterly_imf,2023-Q4,quarterly,116.33666666666666,\N,derived,IMF_CPI,IMF|ACCESS_SHARING_LEVEL=PUBLIC_OPEN|COICOP_1999=_T|COMMON_REFERENCE_PERIOD=2018M1|FREQUENCY=M|IFS_FLAG=true|INDEX_TYPE=CPI|OVERLAP=OL|SCALE=0|SECURITY_CLASSIFICATION=PUB|TYPE_OF_TRANSFORMATION=IX|aggregation=quarterly_mean,\N,"{""aggregation_method"": ""quarterly_mean"", ""source_derivation_types"": [""O"", ""O"", ""O""], ""source_months"": [""2023-M10"", ""2023-M11"", ""2023-M12""], ""source_observation_count"": 3, ""source_series_dimensions"": {""ACCESS_SHARING_LEVEL"": ""PUBLIC_OPEN"", ""COICOP_1999"": ""_T"", ""COMMON_REFERENCE_PERIOD"": ""2018M1"", ""COUNTRY"": ""LCA"", ""FREQUENCY"": ""M"", ""IFS_FLAG"": ""true"", ""INDEX_TYPE"": ""CPI"", ""OVERLAP"": ""OL"", ""SCALE"": ""0"", ""SECURITY_CLASSIFICATION"": ""PUB"", ""TYPE_OF_TRANSFORMATION"": ""IX""}}"
LKA,cpi_index_all_items_quarterly_imf,2023-Q1,quarterly,203.5666666666667,\N,derived,IMF_CPI,IMF|ACCESS_SHARING_LEVEL=PUBLIC_OPEN|COICOP_1999=_T|COMMON_REFERENCE_PERIOD=2021A|FREQUENCY=M|IFS_FLAG=true|INDEX_TYPE=CPI|OVERLAP=OL|SCALE=0|SECURITY_CLASSIFICATION=PUB|TYPE_OF_TRANSFORMATION=IX|aggregation=quarterly_mean,\N,"{""aggregation_method"": ""quarterly_mean"", ""source_derivation_types"": [""O"", ""O"", ""O""], ""source_months"": [""2023-M01"", ""2023-M02"", ""2023-M03""], ""source_observation_count"": 3, ""source_series_dimensions"": {""ACCESS_SHARING_LEVEL"": ""PUBLIC_OPEN"", ""COICOP_1999"": ""_T"", ""COMMON_REFERENCE_PERIOD"": ""2021A"", ""COUNTRY"": ""LKA"", ""FREQUENCY"": ""M"", ""IFS_FLAG"": ""true"", ""INDEX_TYPE"": ""CPI"", ""OVERLAP"": ""OL"", ""SCALE"": ""0"", ""SECURITY_CLASSIFICATION"": ""PUB"", ""TYPE_OF_TRANSFORMATION"": ""IX""}}"
LKA,cpi_index_all_items_quarterly_imf,2023-Q2,quarterly,203.0333333333333,\N,derived,IMF_CPI,IMF|ACCESS_SHARING_LEVEL=PUBLIC_OPEN|COICOP_1999=_T|COMMON_REFERENCE_PERIOD=2021A|FREQUENCY=M|IFS_FLAG=true|INDEX_TYPE=CPI|OVERLAP=OL|SCALE=0|SECURITY_CLASSIFICATION=PUB|TYPE_OF_TRANSFORMATION=IX|aggregation=quarterly_mean,\N,"{""aggregation_method"": ""quarterly_mean"", ""source_derivation_types"": [""O"", ""O"", ""O""], ""source_months"": [""2023-M04"", ""2023-M05"", ""2023-M06""], ""source_observation_count"": 3, ""source_series_dimensions"": {""ACCESS_SHARING_LEVEL"": ""PUBLIC_OPEN"", ""COICOP_1999"": ""_T"", ""COMMON_REFERENCE_PERIOD"": ""2021A"", ""COUNTRY"": ""LKA"", ""FREQUENCY"": ""M"", ""IFS_FLAG"": ""true"", ""INDEX_TYPE"": ""CPI"", ""OVERLAP"": ""OL"", ""SCALE"": ""0"", ""SECURITY_CLASSIFICATION"": ""PUB"", ""TYPE_OF_TRANSFORMATION"": ""IX""}}"
LKA,cpi_index_all_items_quarterly_imf,2023-Q3,quarterly,202.4333333333333,\N,derived,IMF_CPI,IMF|ACCESS_SHARING_LEVEL=PUBLIC_OPEN|COICOP_1999=_T|COMMON_REFERENCE_PERIOD=2021A|FREQUENCY=M|IFS_FLAG=true|INDEX_TYPE=CPI|OVERLAP=OL|SCALE=0|SECURITY_CLASSIFICATION=PUB|TYPE_OF_TRANSFORMATION=IX|aggregation=quarterly_mean,\N,"{""aggregation_method"": ""quarterly_mean"", ""source_derivation_types"": [""O"", ""O"", ""O""], ""source_months"": [""2023-M07"", ""2023-M08"", ""2023-M09""], ""source_observation_count"": 3, ""source_series_dimensions"": {""ACCESS_SHARING_LEVEL"": ""PUBLIC_OPEN"", ""COICOP_1999"": ""_T"", ""COMMON_REFERENCE_PERIOD"": ""2021A"", ""COUNTRY"": ""LKA"", ""FREQUENCY"": ""M"", ""IFS_FLAG"": ""true"", ""INDEX_TYPE"": ""CPI"", ""OVERLAP"": ""OL"", ""SCALE"": ""0"", ""SECURITY_CLASSIFICATION"": ""PUB"", ""TYPE_OF_TRANSFORMATION"": ""IX""}}"
LKA,cpi_index_all_items_quarterly_imf,2023-Q4,quarterly,206.13333333333335,\N,derived,IMF_CPI,IMF|ACCESS_SHARING_LEVEL=PUBLIC_OPEN|COICOP_1999=_T|COMMON_REFERENCE_PERIOD=2021A|FREQUENCY=M|IFS_FLAG=true|INDEX_TYPE=CPI|OVERLAP=OL|SCALE=0|SECURITY_CLASSIFICATION=PUB|TYPE_OF_TRANSFORMATION=IX|aggregation=quarterly_mean,\N,"{""aggregation_method"": ""quarterly_mean"", ""source_derivation_types"": [""O"", ""O"", ""O""], ""source_months"": [""2023-M10"", ""2023-M11"", ""2023-M12""], ""source_observation_count"": 3, ""source_series_dimensions"": {""ACCESS_SHARING_LEVEL"": ""PUBLIC_OPEN"", ""COICOP_1999"": ""_T"", ""COMMON_REFERENCE_PERIOD"": ""2021A"", ""COUNTRY"": ""LKA"", ""FREQUENCY"": ""M"", ""IFS_FLAG"": ""true"", ""INDEX_TYPE"": ""CPI"", ""OVERLAP"": ""OL"", ""SCALE"": ""0"", ""SECURITY_CLASSIFICATION"": ""PUB"", ""TYPE_OF_TRANSFORMATION"": ""IX""}}"
LSO,cpi_index_all_items_quarterly_imf,2023-Q1,quarterly,103.42034863908934,\N,derived,IMF_CPI,IMF|ACCESS_SHARING_LEVEL=PUBLIC_OPEN|COICOP_1999=_T|COMMON_REFERENCE_PERIOD=2022A|FREQUENCY=M|IFS_FLAG=true|INDEX_TYPE=CPI|OVERLAP=OL|SCALE=0|SECURITY_CLASSIFICATION=PUB|TYPE_OF_TRANSFORMATION=IX|aggregation=quarterly_mean,\N,"{""aggregation_method"": ""quarterly_mean"", ""source_derivation_types"": [""O"", ""O"", ""O""], ""source_months"": [""2023-M01"", ""2023-M02"", ""2023-M03""], ""source_observation_count"": 3, ""source_series_dimensions"": {""ACCESS_SHARING_LEVEL"": ""PUBLIC_OPEN"", ""COICOP_1999"": ""_T"", ""COMMON_REFERENCE_PERIOD"": ""2022A"", ""COUNTRY"": ""LSO"", ""FREQUENCY"": ""M"", ""IFS_FLAG"": ""true"", ""INDEX_TYPE"": ""CPI"", ""OVERLAP"": ""OL"", ""SCALE"": ""0"", ""SECURITY_CLASSIFICATION"": ""PUB"", ""TYPE_OF_TRANSFORMATION"": ""IX""}}"
LSO,cpi_index_all_items_quarterly_imf,2023-Q2,quarterly,105.63701310392167,\N,derived,IMF_CPI,IMF|ACCESS_SHARING_LEVEL=PUBLIC_OPEN|COICOP_1999=_T|COMMON_REFERENCE_PERIOD=2022A|FREQUENCY=M|IFS_FLAG=true|INDEX_TYPE=CPI|OVERLAP=OL|SCALE=0|SECURITY_CLASSIFICATION=PUB|TYPE_OF_TRANSFORMATION=IX|aggregation=quarterly_mean,\N,"{""aggregation_method"": ""quarterly_mean"", ""source_derivation_types"": [""O"", ""O"", ""O""], ""source_months"": [""2023-M04"", ""2023-M05"", ""2023-M06""], ""source_observation_count"": 3, ""source_series_dimensions"": {""ACCESS_SHARING_LEVEL"": ""PUBLIC_OPEN"", ""COICOP_1999"": ""_T"", ""COMMON_REFERENCE_PERIOD"": ""2022A"", ""COUNTRY"": ""LSO"", ""FREQUENCY"": ""M"", ""IFS_FLAG"": ""true"", ""INDEX_TYPE"": ""CPI"", ""OVERLAP"": ""OL"", ""SCALE"": ""0"", ""SECURITY_CLASSIFICATION"": ""PUB"", ""TYPE_OF_TRANSFORMATION"": ""IX""}}"
LSO,cpi_index_all_items_quarterly_imf,2023-Q3,quarterly,106.98281537791,\N,derived,IMF_CPI,IMF|ACCESS_SHARING_LEVEL=PUBLIC_OPEN|COICOP_1999=_T|COMMON_REFERENCE_PERIOD=2022A|FREQUENCY=M|IFS_FLAG=true|INDEX_TYPE=CPI|OVERLAP=OL|SCALE=0|SECURITY_CLASSIFICATION=PUB|TYPE_OF_TRANSFORMATION=IX|aggregation=quarterly_mean,\N,"{""aggregation_method"": ""quarterly_mean"", ""source_derivation_types"": [""O"", ""O"", ""O""], ""source_months"": [""2023-M07"", ""2023-M08"", ""2023-M09""], ""source_observation_count"": 3, ""source_series_dimensions"": {""ACCESS_SHARING_LEVEL"": ""PUBLIC_OPEN"", ""COICOP_1999"": ""_T"", ""COMMON_REFERENCE_PERIOD"": ""2022A"", ""COUNTRY"": ""LSO"", ""FREQUENCY"": ""M"", ""IFS_FLAG"": ""true"", ""INDEX_TYPE"": ""CPI"", ""OVERLAP"": ""OL"", ""SCALE"": ""0"", ""SECURITY_CLASSIFICATION"": ""PUB"", ""TYPE_OF_TRANSFORMATION"": ""IX""}}"
LSO,cpi_index_all_items_quarterly_imf,2023-Q4,quarterly,109.32883513163334,\N,derived,IMF_CPI,IMF|ACCESS_SHARING_LEVEL=PUBLIC_OPEN|COICOP_1999=_T|COMMON_REFERENCE_PERIOD=2022A|FREQUENCY=M|IFS_FLAG=true|INDEX_TYPE=CPI|OVERLAP=OL|SCALE=0|SECURITY_CLASSIFICATION=PUB|TYPE_OF_TRANSFORMATION=IX|aggregation=quarterly_mean,\N,"{""aggregation_method"": ""quarterly_mean"", ""source_derivation_types"": [""O"", ""O"", ""O""], ""source_months"": [""2023-M10"", ""2023-M11"", ""2023-M12""], ""source_observation_count"": 3, ""source_series_dimensions"": {""ACCESS_SHARING_LEVEL"": ""PUBLIC_OPEN"", ""COICOP_1999"": ""_T"", ""COMMON_REFERENCE_PERIOD"": ""2022A"", ""COUNTRY"": ""LSO"", ""FREQUENCY"": ""M"", ""IFS_FLAG"": ""true"", ""INDEX_TYPE"": ""CPI"", ""OVERLAP"": ""OL"", ""SCALE"": ""0"", ""SECURITY_CLASSIFICATION"": ""PUB"", ""TYPE_OF_TRANSFORMATION"": ""IX""}}"
LTU,cpi_index_all_items_quarterly_imf,2023-Q1,quarterly,95.44273333333332,\N,derived,IMF_CPI,IMF|ACCESS_SHARING_LEVEL=PUBLIC_OPEN|COICOP_1999=_T|COMMON_REFERENCE_PERIOD=2025A|FREQUENCY=M|IFS_FLAG=true|INDEX_TYPE=CPI|OVERLAP=OL|SCALE=0|SECURITY_CLASSIFICATION=PUB|TYPE_OF_TRANSFORMATION=IX|aggregation=quarterly_mean,\N,"{""aggregation_method"": ""quarterly_mean"", ""source_derivation_types"": [""O"", ""O"", ""O""], ""source_months"": [""2023-M01"", ""2023-M02"", ""2023-M03""], ""source_observation_count"": 3, ""source_series_dimensions"": {""ACCESS_SHARING_LEVEL"": ""PUBLIC_OPEN"", ""COICOP_1999"": ""_T"", ""COMMON_REFERENCE_PERIOD"": ""2025A"", ""COUNTRY"": ""LTU"", ""FREQUENCY"": ""M"", ""IFS_FLAG"": ""true"", ""INDEX_TYPE"": ""CPI"", ""OVERLAP"": ""OL"", ""SCALE"": ""0"", ""SECURITY_CLASSIFICATION"": ""PUB"", ""TYPE_OF_TRANSFORMATION"": ""IX""}}"
LTU,cpi_index_all_items_quarterly_imf,2023-Q2,quarterly,95.8993,\N,derived,IMF_CPI,IMF|ACCESS_SHARING_LEVEL=PUBLIC_OPEN|COICOP_1999=_T|COMMON_REFERENCE_PERIOD=2025A|FREQUENCY=M|IFS_FLAG=true|INDEX_TYPE=CPI|OVERLAP=OL|SCALE=0|SECURITY_CLASSIFICATION=PUB|TYPE_OF_TRANSFORMATION=IX|aggregation=quarterly_mean,\N,"{""aggregation_method"": ""quarterly_mean"", ""source_derivation_types"": [""O"", ""O"", ""O""], ""source_months"": [""2023-M04"", ""2023-M05"", ""2023-M06""], ""source_observation_count"": 3, ""source_series_dimensions"": {""ACCESS_SHARING_LEVEL"": ""PUBLIC_OPEN"", ""COICOP_1999"": ""_T"", ""COMMON_REFERENCE_PERIOD"": ""2025A"", ""COUNTRY"": ""LTU"", ""FREQUENCY"": ""M"", ""IFS_FLAG"": ""true"", ""INDEX_TYPE"": ""CPI"", ""OVERLAP"": ""OL"", ""SCALE"": ""0"", ""SECURITY_CLASSIFICATION"": ""PUB"", ""TYPE_OF_TRANSFORMATION"": ""IX""}}"
LTU,cpi_index_all_items_quarterly_imf,2023-Q3,quarterly,95.58493333333332,\N,derived,IMF_CPI,IMF|ACCESS_SHARING_LEVEL=PUBLIC_OPEN|COICOP_1999=_T|COMMON_REFERENCE_PERIOD=2025A|FREQUENCY=M|IFS_FLAG=true|INDEX_TYPE=CPI|OVERLAP=OL|SCALE=0|SECURITY_CLASSIFICATION=PUB|TYPE_OF_TRANSFORMATION=IX|aggregation=quarterly_mean,\N,"{""aggregation_method"": ""quarterly_mean"", ""source_derivation_types"": [""O"", ""O"", ""O""], ""source_months"": [""2023-M07"", ""2023-M08"", ""2023-M09""], ""source_observation_count"": 3, ""source_series_dimensions"": {""ACCESS_SHARING_LEVEL"": ""PUBLIC_OPEN"", ""COICOP_1999"": ""_T"", ""COMMON_REFERENCE_PERIOD"": ""2025A"", ""COUNTRY"": ""LTU"", ""FREQUENCY"": ""M"", ""IFS_FLAG"": ""true"", ""INDEX_TYPE"": ""CPI"", ""OVERLAP"": ""OL"", ""SCALE"": ""0"", ""SECURITY_CLASSIFICATION"": ""PUB"", ""TYPE_OF_TRANSFORMATION"": ""IX""}}"
LTU,cpi_index_all_items_quarterly_imf,2023-Q4,quarterly,95.723,\N,derived,IMF_CPI,IMF|ACCESS_SHARING_LEVEL=PUBLIC_OPEN|COICOP_1999=_T|COMMON_REFERENCE_PERIOD=2025A|FREQUENCY=M|IFS_FLAG=true|INDEX_TYPE=CPI|OVERLAP=OL|SCALE=0|SECURITY_CLASSIFICATION=PUB|TYPE_OF_TRANSFORMATION=IX|aggregation=quarterly_mean,\N,"{""aggregation_method"": ""quarterly_mean"", ""source_derivation_types"": [""O"", ""O"", ""O""], ""source_months"": [""2023-M10"", ""2023-M11"", ""2023-M12""], ""source_observation_count"": 3, ""source_series_dimensions"": {""ACCESS_SHARING_LEVEL"": ""PUBLIC_OPEN"", ""COICOP_1999"": ""_T"", ""COMMON_REFERENCE_PERIOD"": ""2025A"", ""COUNTRY"": ""LTU"", ""FREQUENCY"": ""M"", ""IFS_FLAG"": ""true"", ""INDEX_TYPE"": ""CPI"", ""OVERLAP"": ""OL"", ""SCALE"": ""0"", ""SECURITY_CLASSIFICATION"": ""PUB"", ""TYPE_OF_TRANSFORMATION"": ""IX""}}"
LUX,cpi_index_all_items_quarterly_imf,2023-Q1,quarterly,94.09828393300576,\N,derived,IMF_CPI,IMF|ACCESS_SHARING_LEVEL=PUBLIC_OPEN|COICOP_1999=_T|COMMON_REFERENCE_PERIOD=2025A|FREQUENCY=M|IFS_FLAG=true|INDEX_TYPE=CPI|OVERLAP=OL|SCALE=0|SECURITY_CLASSIFICATION=PUB|TYPE_OF_TRANSFORMATION=IX|aggregation=quarterly_mean,\N,"{""aggregation_method"": ""quarterly_mean"", ""source_derivation_types"": [""O"", ""O"", ""O""], ""source_months"": [""2023-M01"", ""2023-M02"", ""2023-M03""], ""source_observation_count"": 3, ""source_series_dimensions"": {""ACCESS_SHARING_LEVEL"": ""PUBLIC_OPEN"", ""COICOP_1999"": ""_T"", ""COMMON_REFERENCE_PERIOD"": ""2025A"", ""COUNTRY"": ""LUX"", ""FREQUENCY"": ""M"", ""IFS_FLAG"": ""true"", ""INDEX_TYPE"": ""CPI"", ""OVERLAP"": ""OL"", ""SCALE"": ""0"", ""SECURITY_CLASSIFICATION"": ""PUB"", ""TYPE_OF_TRANSFORMATION"": ""IX""}}"
LUX,cpi_index_all_items_quarterly_imf,2023-Q2,quarterly,95.82056638664342,\N,derived,IMF_CPI,IMF|ACCESS_SHARING_LEVEL=PUBLIC_OPEN|COICOP_1999=_T|COMMON_REFERENCE_PERIOD=2025A|FREQUENCY=M|IFS_FLAG=true|INDEX_TYPE=CPI|OVERLAP=OL|SCALE=0|SECURITY_CLASSIFICATION=PUB|TYPE_OF_TRANSFORMATION=IX|aggregation=quarterly_mean,\N,"{""aggregation_method"": ""quarterly_mean"", ""source_derivation_types"": [""O"", ""O"", ""O""], ""source_months"": [""2023-M04"", ""2023-M05"", ""2023-M06""], ""source_observation_count"": 3, ""source_series_dimensions"": {""ACCESS_SHARING_LEVEL"": ""PUBLIC_OPEN"", ""COICOP_1999"": ""_T"", ""COMMON_REFERENCE_PERIOD"": ""2025A"", ""COUNTRY"": ""LUX"", ""FREQUENCY"": ""M"", ""IFS_FLAG"": ""true"", ""INDEX_TYPE"": ""CPI"", ""OVERLAP"": ""OL"", ""SCALE"": ""0"", ""SECURITY_CLASSIFICATION"": ""PUB"", ""TYPE_OF_TRANSFORMATION"": ""IX""}}"
LUX,cpi_index_all_items_quarterly_imf,2023-Q3,quarterly,96.55944682200031,\N,derived,IMF_CPI,IMF|ACCESS_SHARING_LEVEL=PUBLIC_OPEN|COICOP_1999=_T|COMMON_REFERENCE_PERIOD=2025A|FREQUENCY=M|IFS_FLAG=true|INDEX_TYPE=CPI|OVERLAP=OL|SCALE=0|SECURITY_CLASSIFICATION=PUB|TYPE_OF_TRANSFORMATION=IX|aggregation=quarterly_mean,\N,"{""aggregation_method"": ""quarterly_mean"", ""source_derivation_types"": [""O"", ""O"", ""O""], ""source_months"": [""2023-M07"", ""2023-M08"", ""2023-M09""], ""source_observation_count"": 3, ""source_series_dimensions"": {""ACCESS_SHARING_LEVEL"": ""PUBLIC_OPEN"", ""COICOP_1999"": ""_T"", ""COMMON_REFERENCE_PERIOD"": ""2025A"", ""COUNTRY"": ""LUX"", ""FREQUENCY"": ""M"", ""IFS_FLAG"": ""true"", ""INDEX_TYPE"": ""CPI"", ""OVERLAP"": ""OL"", ""SCALE"": ""0"", ""SECURITY_CLASSIFICATION"": ""PUB"", ""TYPE_OF_TRANSFORMATION"": ""IX""}}"
LUX,cpi_index_all_items_quarterly_imf,2023-Q4,quarterly,96.81725762138744,\N,derived,IMF_CPI,IMF|ACCESS_SHARING_LEVEL=PUBLIC_OPEN|COICOP_1999=_T|COMMON_REFERENCE_PERIOD=2025A|FREQUENCY=M|IFS_FLAG=true|INDEX_TYPE=CPI|OVERLAP=OL|SCALE=0|SECURITY_CLASSIFICATION=PUB|TYPE_OF_TRANSFORMATION=IX|aggregation=quarterly_mean,\N,"{""aggregation_method"": ""quarterly_mean"", ""source_derivation_types"": [""O"", ""O"", ""O""], ""source_months"": [""2023-M10"", ""2023-M11"", ""2023-M12""], ""source_observation_count"": 3, ""source_series_dimensions"": {""ACCESS_SHARING_LEVEL"": ""PUBLIC_OPEN"", ""COICOP_1999"": ""_T"", ""COMMON_REFERENCE_PERIOD"": ""2025A"", ""COUNTRY"": ""LUX"", ""FREQUENCY"": ""M"", ""IFS_FLAG"": ""true"", ""INDEX_TYPE"": ""CPI"", ""OVERLAP"": ""OL"", ""SCALE"": ""0"", ""SECURITY_CLASSIFICATION"": ""PUB"", ""TYPE_OF_TRANSFORMATION"": ""IX""}}"
LVA,cpi_index_all_items_quarterly_imf,2023-Q1,quarterly,94.58538203236317,\N,derived,IMF_CPI,IMF|ACCESS_SHARING_LEVEL=PUBLIC_OPEN|COICOP_1999=_T|COMMON_REFERENCE_PERIOD=2025A|FREQUENCY=M|IFS_FLAG=true|INDEX_TYPE=CPI|OVERLAP=OL|SCALE=0|SECURITY_CLASSIFICATION=PUB|TYPE_OF_TRANSFORMATION=IX|aggregation=quarterly_mean,\N,"{""aggregation_method"": ""quarterly_mean"", ""source_derivation_types"": [""O"", ""O"", ""O""], ""source_months"": [""2023-M01"", ""2023-M02"", ""2023-M03""], ""source_observation_count"": 3, ""source_series_dimensions"": {""ACCESS_SHARING_LEVEL"": ""PUBLIC_OPEN"", ""COICOP_1999"": ""_T"", ""COMMON_REFERENCE_PERIOD"": ""2025A"", ""COUNTRY"": ""LVA"", ""FREQUENCY"": ""M"", ""IFS_FLAG"": ""true"", ""INDEX_TYPE"": ""CPI"", ""OVERLAP"": ""OL"", ""SCALE"": ""0"", ""SECURITY_CLASSIFICATION"": ""PUB"", ""TYPE_OF_TRANSFORMATION"": ""IX""}}"
LVA,cpi_index_all_items_quarterly_imf,2023-Q2,quarterly,95.90712803859623,\N,derived,IMF_CPI,IMF|ACCESS_SHARING_LEVEL=PUBLIC_OPEN|COICOP_1999=_T|COMMON_REFERENCE_PERIOD=2025A|FREQUENCY=M|IFS_FLAG=true|INDEX_TYPE=CPI|OVERLAP=OL|SCALE=0|SECURITY_CLASSIFICATION=PUB|TYPE_OF_TRANSFORMATION=IX|aggregation=quarterly_mean,\N,"{""aggregation_method"": ""quarterly_mean"", ""source_derivation_types"": [""O"", ""O"", ""O""], ""source_months"": [""2023-M04"", ""2023-M05"", ""2023-M06""], ""source_observation_count"": 3, ""source_series_dimensions"": {""ACCESS_SHARING_LEVEL"": ""PUBLIC_OPEN"", ""COICOP_1999"": ""_T"", ""COMMON_REFERENCE_PERIOD"": ""2025A"", ""COUNTRY"": ""LVA"", ""FREQUENCY"": ""M"", ""IFS_FLAG"": ""true"", ""INDEX_TYPE"": ""CPI"", ""OVERLAP"": ""OL"", ""SCALE"": ""0"", ""SECURITY_CLASSIFICATION"": ""PUB"", ""TYPE_OF_TRANSFORMATION"": ""IX""}}"
LVA,cpi_index_all_items_quarterly_imf,2023-Q3,quarterly,95.6277783599802,\N,derived,IMF_CPI,IMF|ACCESS_SHARING_LEVEL=PUBLIC_OPEN|COICOP_1999=_T|COMMON_REFERENCE_PERIOD=2025A|FREQUENCY=M|IFS_FLAG=true|INDEX_TYPE=CPI|OVERLAP=OL|SCALE=0|SECURITY_CLASSIFICATION=PUB|TYPE_OF_TRANSFORMATION=IX|aggregation=quarterly_mean,\N,"{""aggregation_method"": ""quarterly_mean"", ""source_derivation_types"": [""O"", ""O"", ""O""], ""source_months"": [""2023-M07"", ""2023-M08"", ""2023-M09""], ""source_observation_count"": 3, ""source_series_dimensions"": {""ACCESS_SHARING_LEVEL"": ""PUBLIC_OPEN"", ""COICOP_1999"": ""_T"", ""COMMON_REFERENCE_PERIOD"": ""2025A"", ""COUNTRY"": ""LVA"", ""FREQUENCY"": ""M"", ""IFS_FLAG"": ""true"", ""INDEX_TYPE"": ""CPI"", ""OVERLAP"": ""OL"", ""SCALE"": ""0"", ""SECURITY_CLASSIFICATION"": ""PUB"", ""TYPE_OF_TRANSFORMATION"": ""IX""}}"
LVA,cpi_index_all_items_quarterly_imf,2023-Q4,quarterly,94.56196309991914,\N,derived,IMF_CPI,IMF|ACCESS_SHARING_LEVEL=PUBLIC_OPEN|COICOP_1999=_T|COMMON_REFERENCE_PERIOD=2025A|FREQUENCY=M|IFS_FLAG=true|INDEX_TYPE=CPI|OVERLAP=OL|SCALE=0|SECURITY_CLASSIFICATION=PUB|TYPE_OF_TRANSFORMATION=IX|aggregation=quarterly_mean,\N,"{""aggregation_method"": ""quarterly_mean"", ""source_derivation_types"": [""O"", ""O"", ""O""], ""source_months"": [""2023-M10"", ""2023-M11"", ""2023-M12""], ""source_observation_count"": 3, ""source_series_dimensions"": {""ACCESS_SHARING_LEVEL"": ""PUBLIC_OPEN"", ""COICOP_1999"": ""_T"", ""COMMON_REFERENCE_PERIOD"": ""2025A"", ""COUNTRY"": ""LVA"", ""FREQUENCY"": ""M"", ""IFS_FLAG"": ""true"", ""INDEX_TYPE"": ""CPI"", ""OVERLAP"": ""OL"", ""SCALE"": ""0"", ""SECURITY_CLASSIFICATION"": ""PUB"", ""TYPE_OF_TRANSFORMATION"": ""IX""}}"
MAC,cpi_index_all_items_quarterly_imf,2023-Q1,quarterly,99.87764352246317,\N,derived,IMF_CPI,IMF|ACCESS_SHARING_LEVEL=PUBLIC_OPEN|COICOP_1999=_T|COMMON_REFERENCE_PERIOD=2023M7_2024M6|FREQUENCY=M|IFS_FLAG=true|INDEX_TYPE=CPI|OVERLAP=OL|SCALE=0|SECURITY_CLASSIFICATION=PUB|TYPE_OF_TRANSFORMATION=IX|aggregation=quarterly_mean,\N,"{""aggregation_method"": ""quarterly_mean"", ""source_derivation_types"": [""O"", ""O"", ""O""], ""source_months"": [""2023-M01"", ""2023-M02"", ""2023-M03""], ""source_observation_count"": 3, ""source_series_dimensions"": {""ACCESS_SHARING_LEVEL"": ""PUBLIC_OPEN"", ""COICOP_1999"": ""_T"", ""COMMON_REFERENCE_PERIOD"": ""2023M7_2024M6"", ""COUNTRY"": ""MAC"", ""FREQUENCY"": ""M"", ""IFS_FLAG"": ""true"", ""INDEX_TYPE"": ""CPI"", ""OVERLAP"": ""OL"", ""SCALE"": ""0"", ""SECURITY_CLASSIFICATION"": ""PUB"", ""TYPE_OF_TRANSFORMATION"": ""IX""}}"
MAC,cpi_index_all_items_quarterly_imf,2023-Q2,quarterly,100.03780787375786,\N,derived,IMF_CPI,IMF|ACCESS_SHARING_LEVEL=PUBLIC_OPEN|COICOP_1999=_T|COMMON_REFERENCE_PERIOD=2023M7_2024M6|FREQUENCY=M|IFS_FLAG=true|INDEX_TYPE=CPI|OVERLAP=OL|SCALE=0|SECURITY_CLASSIFICATION=PUB|TYPE_OF_TRANSFORMATION=IX|aggregation=quarterly_mean,\N,"{""aggregation_method"": ""quarterly_mean"", ""source_derivation_types"": [""O"", ""O"", ""O""], ""source_months"": [""2023-M04"", ""2023-M05"", ""2023-M06""], ""source_observation_count"": 3, ""source_series_dimensions"": {""ACCESS_SHARING_LEVEL"": ""PUBLIC_OPEN"", ""COICOP_1999"": ""_T"", ""COMMON_REFERENCE_PERIOD"": ""2023M7_2024M6"", ""COUNTRY"": ""MAC"", ""FREQUENCY"": ""M"", ""IFS_FLAG"": ""true"", ""INDEX_TYPE"": ""CPI"", ""OVERLAP"": ""OL"", ""SCALE"": ""0"", ""SECURITY_CLASSIFICATION"": ""PUB"", ""TYPE_OF_TRANSFORMATION"": ""IX""}}"
MAC,cpi_index_all_items_quarterly_imf,2023-Q3,quarterly,100.23814453002824,\N,derived,IMF_CPI,IMF|ACCESS_SHARING_LEVEL=PUBLIC_OPEN|COICOP_1999=_T|COMMON_REFERENCE_PERIOD=2023M7_2024M6|FREQUENCY=M|IFS_FLAG=true|INDEX_TYPE=CPI|OVERLAP=OL|SCALE=0|SECURITY_CLASSIFICATION=PUB|TYPE_OF_TRANSFORMATION=IX|aggregation=quarterly_mean,\N,"{""aggregation_method"": ""quarterly_mean"", ""source_derivation_types"": [""O"", ""O"", ""O""], ""source_months"": [""2023-M07"", ""2023-M08"", ""2023-M09""], ""source_observation_count"": 3, ""source_series_dimensions"": {""ACCESS_SHARING_LEVEL"": ""PUBLIC_OPEN"", ""COICOP_1999"": ""_T"", ""COMMON_REFERENCE_PERIOD"": ""2023M7_2024M6"", ""COUNTRY"": ""MAC"", ""FREQUENCY"": ""M"", ""IFS_FLAG"": ""true"", ""INDEX_TYPE"": ""CPI"", ""OVERLAP"": ""OL"", ""SCALE"": ""0"", ""SECURITY_CLASSIFICATION"": ""PUB"", ""TYPE_OF_TRANSFORMATION"": ""IX""}}"
MAC,cpi_index_all_items_quarterly_imf,2023-Q4,quarterly,100.52099307711957,\N,derived,IMF_CPI,IMF|ACCESS_SHARING_LEVEL=PUBLIC_OPEN|COICOP_1999=_T|COMMON_REFERENCE_PERIOD=2023M7_2024M6|FREQUENCY=M|IFS_FLAG=true|INDEX_TYPE=CPI|OVERLAP=OL|SCALE=0|SECURITY_CLASSIFICATION=PUB|TYPE_OF_TRANSFORMATION=IX|aggregation=quarterly_mean,\N,"{""aggregation_method"": ""quarterly_mean"", ""source_derivation_types"": [""O"", ""O"", ""O""], ""source_months"": [""2023-M10"", ""2023-M11"", ""2023-M12""], ""source_observation_count"": 3, ""source_series_dimensions"": {""ACCESS_SHARING_LEVEL"": ""PUBLIC_OPEN"", ""COICOP_1999"": ""_T"", ""COMMON_REFERENCE_PERIOD"": ""2023M7_2024M6"", ""COUNTRY"": ""MAC"", ""FREQUENCY"": ""M"", ""IFS_FLAG"": ""true"", ""INDEX_TYPE"": ""CPI"", ""OVERLAP"": ""OL"", ""SCALE"": ""0"", ""SECURITY_CLASSIFICATION"": ""PUB"", ""TYPE_OF_TRANSFORMATION"": ""IX""}}"
MAR,cpi_index_all_items_quarterly_imf,2023-Q1,quarterly,116.2,\N,derived,IMF_CPI,IMF|ACCESS_SHARING_LEVEL=PUBLIC_OPEN|COICOP_1999=_T|COMMON_REFERENCE_PERIOD=2017A|FREQUENCY=M|IFS_FLAG=true|INDEX_TYPE=CPI|OVERLAP=OL|SCALE=0|SECURITY_CLASSIFICATION=PUB|TYPE_OF_TRANSFORMATION=IX|aggregation=quarterly_mean,\N,"{""aggregation_method"": ""quarterly_mean"", ""source_derivation_types"": [""O"", ""O"", ""O""], ""source_months"": [""2023-M01"", ""2023-M02"", ""2023-M03""], ""source_observation_count"": 3, ""source_series_dimensions"": {""ACCESS_SHARING_LEVEL"": ""PUBLIC_OPEN"", ""COICOP_1999"": ""_T"", ""COMMON_REFERENCE_PERIOD"": ""2017A"", ""COUNTRY"": ""MAR"", ""FREQUENCY"": ""M"", ""IFS_FLAG"": ""true"", ""INDEX_TYPE"": ""CPI"", ""OVERLAP"": ""OL"", ""SCALE"": ""0"", ""SECURITY_CLASSIFICATION"": ""PUB"", ""TYPE_OF_TRANSFORMATION"": ""IX""}}"
MAR,cpi_index_all_items_quarterly_imf,2023-Q2,quarterly,117.8,\N,derived,IMF_CPI,IMF|ACCESS_SHARING_LEVEL=PUBLIC_OPEN|COICOP_1999=_T|COMMON_REFERENCE_PERIOD=2017A|FREQUENCY=M|IFS_FLAG=true|INDEX_TYPE=CPI|OVERLAP=OL|SCALE=0|SECURITY_CLASSIFICATION=PUB|TYPE_OF_TRANSFORMATION=IX|aggregation=quarterly_mean,\N,"{""aggregation_method"": ""quarterly_mean"", ""source_derivation_types"": [""O"", ""O"", ""O""], ""source_months"": [""2023-M04"", ""2023-M05"", ""2023-M06""], ""source_observation_count"": 3, ""source_series_dimensions"": {""ACCESS_SHARING_LEVEL"": ""PUBLIC_OPEN"", ""COICOP_1999"": ""_T"", ""COMMON_REFERENCE_PERIOD"": ""2017A"", ""COUNTRY"": ""MAR"", ""FREQUENCY"": ""M"", ""IFS_FLAG"": ""true"", ""INDEX_TYPE"": ""CPI"", ""OVERLAP"": ""OL"", ""SCALE"": ""0"", ""SECURITY_CLASSIFICATION"": ""PUB"", ""TYPE_OF_TRANSFORMATION"": ""IX""}}"
MAR,cpi_index_all_items_quarterly_imf,2023-Q3,quarterly,117.89999999999999,\N,derived,IMF_CPI,IMF|ACCESS_SHARING_LEVEL=PUBLIC_OPEN|COICOP_1999=_T|COMMON_REFERENCE_PERIOD=2017A|FREQUENCY=M|IFS_FLAG=true|INDEX_TYPE=CPI|OVERLAP=OL|SCALE=0|SECURITY_CLASSIFICATION=PUB|TYPE_OF_TRANSFORMATION=IX|aggregation=quarterly_mean,\N,"{""aggregation_method"": ""quarterly_mean"", ""source_derivation_types"": [""O"", ""O"", ""O""], ""source_months"": [""2023-M07"", ""2023-M08"", ""2023-M09""], ""source_observation_count"": 3, ""source_series_dimensions"": {""ACCESS_SHARING_LEVEL"": ""PUBLIC_OPEN"", ""COICOP_1999"": ""_T"", ""COMMON_REFERENCE_PERIOD"": ""2017A"", ""COUNTRY"": ""MAR"", ""FREQUENCY"": ""M"", ""IFS_FLAG"": ""true"", ""INDEX_TYPE"": ""CPI"", ""OVERLAP"": ""OL"", ""SCALE"": ""0"", ""SECURITY_CLASSIFICATION"": ""PUB"", ""TYPE_OF_TRANSFORMATION"": ""IX""}}"
MAR,cpi_index_all_items_quarterly_imf,2023-Q4,quarterly,118.36666666666666,\N,derived,IMF_CPI,IMF|ACCESS_SHARING_LEVEL=PUBLIC_OPEN|COICOP_1999=_T|COMMON_REFERENCE_PERIOD=2017A|FREQUENCY=M|IFS_FLAG=true|INDEX_TYPE=CPI|OVERLAP=OL|SCALE=0|SECURITY_CLASSIFICATION=PUB|TYPE_OF_TRANSFORMATION=IX|aggregation=quarterly_mean,\N,"{""aggregation_method"": ""quarterly_mean"", ""source_derivation_types"": [""O"", ""O"", ""O""], ""source_months"": [""2023-M10"", ""2023-M11"", ""2023-M12""], ""source_observation_count"": 3, ""source_series_dimensions"": {""ACCESS_SHARING_LEVEL"": ""PUBLIC_OPEN"", ""COICOP_1999"": ""_T"", ""COMMON_REFERENCE_PERIOD"": ""2017A"", ""COUNTRY"": ""MAR"", ""FREQUENCY"": ""M"", ""IFS_FLAG"": ""true"", ""INDEX_TYPE"": ""CPI"", ""OVERLAP"": ""OL"", ""SCALE"": ""0"", ""SECURITY_CLASSIFICATION"": ""PUB"", ""TYPE_OF_TRANSFORMATION"": ""IX""}}"
MDA,cpi_index_all_items_quarterly_imf,2023-Q1,quarterly,81.21770571960039,\N,derived,IMF_CPI,IMF|ACCESS_SHARING_LEVEL=PUBLIC_OPEN|COICOP_1999=_T|COMMON_REFERENCE_PERIOD=2026M6|FREQUENCY=M|IFS_FLAG=true|INDEX_TYPE=CPI|OVERLAP=OL|SCALE=0|SECURITY_CLASSIFICATION=PUB|TYPE_OF_TRANSFORMATION=IX|aggregation=quarterly_mean,\N,"{""aggregation_method"": ""quarterly_mean"", ""source_derivation_types"": [""O"", ""O"", ""O""], ""source_months"": [""2023-M01"", ""2023-M02"", ""2023-M03""], ""source_observation_count"": 3, ""source_series_dimensions"": {""ACCESS_SHARING_LEVEL"": ""PUBLIC_OPEN"", ""COICOP_1999"": ""_T"", ""COMMON_REFERENCE_PERIOD"": ""2026M6"", ""COUNTRY"": ""MDA"", ""FREQUENCY"": ""M"", ""IFS_FLAG"": ""true"", ""INDEX_TYPE"": ""CPI"", ""OVERLAP"": ""OL"", ""SCALE"": ""0"", ""SECURITY_CLASSIFICATION"": ""PUB"", ""TYPE_OF_TRANSFORMATION"": ""IX""}}"
MDA,cpi_index_all_items_quarterly_imf,2023-Q2,quarterly,83.8245664115528,\N,derived,IMF_CPI,IMF|ACCESS_SHARING_LEVEL=PUBLIC_OPEN|COICOP_1999=_T|COMMON_REFERENCE_PERIOD=2026M6|FREQUENCY=M|IFS_FLAG=true|INDEX_TYPE=CPI|OVERLAP=OL|SCALE=0|SECURITY_CLASSIFICATION=PUB|TYPE_OF_TRANSFORMATION=IX|aggregation=quarterly_mean,\N,"{""aggregation_method"": ""quarterly_mean"", ""source_derivation_types"": [""O"", ""O"", ""O""], ""source_months"": [""2023-M04"", ""2023-M05"", ""2023-M06""], ""source_observation_count"": 3, ""source_series_dimensions"": {""ACCESS_SHARING_LEVEL"": ""PUBLIC_OPEN"", ""COICOP_1999"": ""_T"", ""COMMON_REFERENCE_PERIOD"": ""2026M6"", ""COUNTRY"": ""MDA"", ""FREQUENCY"": ""M"", ""IFS_FLAG"": ""true"", ""INDEX_TYPE"": ""CPI"", ""OVERLAP"": ""OL"", ""SCALE"": ""0"", ""SECURITY_CLASSIFICATION"": ""PUB"", ""TYPE_OF_TRANSFORMATION"": ""IX""}}"
MDA,cpi_index_all_items_quarterly_imf,2023-Q3,quarterly,83.10470500013453,\N,derived,IMF_CPI,IMF|ACCESS_SHARING_LEVEL=PUBLIC_OPEN|COICOP_1999=_T|COMMON_REFERENCE_PERIOD=2026M6|FREQUENCY=M|IFS_FLAG=true|INDEX_TYPE=CPI|OVERLAP=OL|SCALE=0|SECURITY_CLASSIFICATION=PUB|TYPE_OF_TRANSFORMATION=IX|aggregation=quarterly_mean,\N,"{""aggregation_method"": ""quarterly_mean"", ""source_derivation_types"": [""O"", ""O"", ""O""], ""source_months"": [""2023-M07"", ""2023-M08"", ""2023-M09""], ""source_observation_count"": 3, ""source_series_dimensions"": {""ACCESS_SHARING_LEVEL"": ""PUBLIC_OPEN"", ""COICOP_1999"": ""_T"", ""COMMON_REFERENCE_PERIOD"": ""2026M6"", ""COUNTRY"": ""MDA"", ""FREQUENCY"": ""M"", ""IFS_FLAG"": ""true"", ""INDEX_TYPE"": ""CPI"", ""OVERLAP"": ""OL"", ""SCALE"": ""0"", ""SECURITY_CLASSIFICATION"": ""PUB"", ""TYPE_OF_TRANSFORMATION"": ""IX""}}"
MDA,cpi_index_all_items_quarterly_imf,2023-Q4,quarterly,83.69081591545357,\N,derived,IMF_CPI,IMF|ACCESS_SHARING_LEVEL=PUBLIC_OPEN|COICOP_1999=_T|COMMON_REFERENCE_PERIOD=2026M6|FREQUENCY=M|IFS_FLAG=true|INDEX_TYPE=CPI|OVERLAP=OL|SCALE=0|SECURITY_CLASSIFICATION=PUB|TYPE_OF_TRANSFORMATION=IX|aggregation=quarterly_mean,\N,"{""aggregation_method"": ""quarterly_mean"", ""source_derivation_types"": [""O"", ""O"", ""O""], ""source_months"": [""2023-M10"", ""2023-M11"", ""2023-M12""], ""source_observation_count"": 3, ""source_series_dimensions"": {""ACCESS_SHARING_LEVEL"": ""PUBLIC_OPEN"", ""COICOP_1999"": ""_T"", ""COMMON_REFERENCE_PERIOD"": ""2026M6"", ""COUNTRY"": ""MDA"", ""FREQUENCY"": ""M"", ""IFS_FLAG"": ""true"", ""INDEX_TYPE"": ""CPI"", ""OVERLAP"": ""OL"", ""SCALE"": ""0"", ""SECURITY_CLASSIFICATION"": ""PUB"", ""TYPE_OF_TRANSFORMATION"": ""IX""}}"
MDG,cpi_index_all_items_quarterly_imf,2023-Q1,quarterly,159.43333333333334,\N,derived,IMF_CPI,IMF|ACCESS_SHARING_LEVEL=PUBLIC_OPEN|COICOP_1999=_T|COMMON_REFERENCE_PERIOD=2016A|FREQUENCY=M|IFS_FLAG=true|INDEX_TYPE=CPI|OVERLAP=OL|SCALE=0|SECURITY_CLASSIFICATION=PUB|TYPE_OF_TRANSFORMATION=IX|aggregation=quarterly_mean,\N,"{""aggregation_method"": ""quarterly_mean"", ""source_derivation_types"": [""O"", ""O"", ""O""], ""source_months"": [""2023-M01"", ""2023-M02"", ""2023-M03""], ""source_observation_count"": 3, ""source_series_dimensions"": {""ACCESS_SHARING_LEVEL"": ""PUBLIC_OPEN"", ""COICOP_1999"": ""_T"", ""COMMON_REFERENCE_PERIOD"": ""2016A"", ""COUNTRY"": ""MDG"", ""FREQUENCY"": ""M"", ""IFS_FLAG"": ""true"", ""INDEX_TYPE"": ""CPI"", ""OVERLAP"": ""OL"", ""SCALE"": ""0"", ""SECURITY_CLASSIFICATION"": ""PUB"", ""TYPE_OF_TRANSFORMATION"": ""IX""}}"
MDG,cpi_index_all_items_quarterly_imf,2023-Q2,quarterly,162.76666666666665,\N,derived,IMF_CPI,IMF|ACCESS_SHARING_LEVEL=PUBLIC_OPEN|COICOP_1999=_T|COMMON_REFERENCE_PERIOD=2016A|FREQUENCY=M|IFS_FLAG=true|INDEX_TYPE=CPI|OVERLAP=OL|SCALE=0|SECURITY_CLASSIFICATION=PUB|TYPE_OF_TRANSFORMATION=IX|aggregation=quarterly_mean,\N,"{""aggregation_method"": ""quarterly_mean"", ""source_derivation_types"": [""O"", ""O"", ""O""], ""source_months"": [""2023-M04"", ""2023-M05"", ""2023-M06""], ""source_observation_count"": 3, ""source_series_dimensions"": {""ACCESS_SHARING_LEVEL"": ""PUBLIC_OPEN"", ""COICOP_1999"": ""_T"", ""COMMON_REFERENCE_PERIOD"": ""2016A"", ""COUNTRY"": ""MDG"", ""FREQUENCY"": ""M"", ""IFS_FLAG"": ""true"", ""INDEX_TYPE"": ""CPI"", ""OVERLAP"": ""OL"", ""SCALE"": ""0"", ""SECURITY_CLASSIFICATION"": ""PUB"", ""TYPE_OF_TRANSFORMATION"": ""IX""}}"
MDG,cpi_index_all_items_quarterly_imf,2023-Q3,quarterly,164.33333333333334,\N,derived,IMF_CPI,IMF|ACCESS_SHARING_LEVEL=PUBLIC_OPEN|COICOP_1999=_T|COMMON_REFERENCE_PERIOD=2016A|FREQUENCY=M|IFS_FLAG=true|INDEX_TYPE=CPI|OVERLAP=OL|SCALE=0|SECURITY_CLASSIFICATION=PUB|TYPE_OF_TRANSFORMATION=IX|aggregation=quarterly_mean,\N,"{""aggregation_method"": ""quarterly_mean"", ""source_derivation_types"": [""O"", ""O"", ""O""], ""source_months"": [""2023-M07"", ""2023-M08"", ""2023-M09""], ""source_observation_count"": 3, ""source_series_dimensions"": {""ACCESS_SHARING_LEVEL"": ""PUBLIC_OPEN"", ""COICOP_1999"": ""_T"", ""COMMON_REFERENCE_PERIOD"": ""2016A"", ""COUNTRY"": ""MDG"", ""FREQUENCY"": ""M"", ""IFS_FLAG"": ""true"", ""INDEX_TYPE"": ""CPI"", ""OVERLAP"": ""OL"", ""SCALE"": ""0"", ""SECURITY_CLASSIFICATION"": ""PUB"", ""TYPE_OF_TRANSFORMATION"": ""IX""}}"
MDG,cpi_index_all_items_quarterly_imf,2023-Q4,quarterly,166.26666666666668,\N,derived,IMF_CPI,IMF|ACCESS_SHARING_LEVEL=PUBLIC_OPEN|COICOP_1999=_T|COMMON_REFERENCE_PERIOD=2016A|FREQUENCY=M|IFS_FLAG=true|INDEX_TYPE=CPI|OVERLAP=OL|SCALE=0|SECURITY_CLASSIFICATION=PUB|TYPE_OF_TRANSFORMATION=IX|aggregation=quarterly_mean,\N,"{""aggregation_method"": ""quarterly_mean"", ""source_derivation_types"": [""O"", ""O"", ""O""], ""source_months"": [""2023-M10"", ""2023-M11"", ""2023-M12""], ""source_observation_count"": 3, ""source_series_dimensions"": {""ACCESS_SHARING_LEVEL"": ""PUBLIC_OPEN"", ""COICOP_1999"": ""_T"", ""COMMON_REFERENCE_PERIOD"": ""2016A"", ""COUNTRY"": ""MDG"", ""FREQUENCY"": ""M"", ""IFS_FLAG"": ""true"", ""INDEX_TYPE"": ""CPI"", ""OVERLAP"": ""OL"", ""SCALE"": ""0"", ""SECURITY_CLASSIFICATION"": ""PUB"", ""TYPE_OF_TRANSFORMATION"": ""IX""}}"
MDV,cpi_index_all_items_quarterly_imf,2023-Q1,quarterly,101.70715693766333,\N,derived,IMF_CPI,IMF|ACCESS_SHARING_LEVEL=PUBLIC_OPEN|COICOP_1999=_T|COMMON_REFERENCE_PERIOD=2022M11|FREQUENCY=M|IFS_FLAG=true|INDEX_TYPE=CPI|OVERLAP=OL|SCALE=0|SECURITY_CLASSIFICATION=PUB|TYPE_OF_TRANSFORMATION=IX|aggregation=quarterly_mean,\N,"{""aggregation_method"": ""quarterly_mean"", ""source_derivation_types"": [""O"", ""O"", ""O""], ""source_months"": [""2023-M01"", ""2023-M02"", ""2023-M03""], ""source_observation_count"": 3, ""source_series_dimensions"": {""ACCESS_SHARING_LEVEL"": ""PUBLIC_OPEN"", ""COICOP_1999"": ""_T"", ""COMMON_REFERENCE_PERIOD"": ""2022M11"", ""COUNTRY"": ""MDV"", ""FREQUENCY"": ""M"", ""IFS_FLAG"": ""true"", ""INDEX_TYPE"": ""CPI"", ""OVERLAP"": ""OL"", ""SCALE"": ""0"", ""SECURITY_CLASSIFICATION"": ""PUB"", ""TYPE_OF_TRANSFORMATION"": ""IX""}}"
MDV,cpi_index_all_items_quarterly_imf,2023-Q2,quarterly,102.02211153995766,\N,derived,IMF_CPI,IMF|ACCESS_SHARING_LEVEL=PUBLIC_OPEN|COICOP_1999=_T|COMMON_REFERENCE_PERIOD=2022M11|FREQUENCY=M|IFS_FLAG=true|INDEX_TYPE=CPI|OVERLAP=OL|SCALE=0|SECURITY_CLASSIFICATION=PUB|TYPE_OF_TRANSFORMATION=IX|aggregation=quarterly_mean,\N,"{""aggregation_method"": ""quarterly_mean"", ""source_derivation_types"": [""O"", ""O"", ""O""], ""source_months"": [""2023-M04"", ""2023-M05"", ""2023-M06""], ""source_observation_count"": 3, ""source_series_dimensions"": {""ACCESS_SHARING_LEVEL"": ""PUBLIC_OPEN"", ""COICOP_1999"": ""_T"", ""COMMON_REFERENCE_PERIOD"": ""2022M11"", ""COUNTRY"": ""MDV"", ""FREQUENCY"": ""M"", ""IFS_FLAG"": ""true"", ""INDEX_TYPE"": ""CPI"", ""OVERLAP"": ""OL"", ""SCALE"": ""0"", ""SECURITY_CLASSIFICATION"": ""PUB"", ""TYPE_OF_TRANSFORMATION"": ""IX""}}"
MDV,cpi_index_all_items_quarterly_imf,2023-Q3,quarterly,102.30289819064933,\N,derived,IMF_CPI,IMF|ACCESS_SHARING_LEVEL=PUBLIC_OPEN|COICOP_1999=_T|COMMON_REFERENCE_PERIOD=2022M11|FREQUENCY=M|IFS_FLAG=true|INDEX_TYPE=CPI|OVERLAP=OL|SCALE=0|SECURITY_CLASSIFICATION=PUB|TYPE_OF_TRANSFORMATION=IX|aggregation=quarterly_mean,\N,"{""aggregation_method"": ""quarterly_mean"", ""source_derivation_types"": [""O"", ""O"", ""O""], ""source_months"": [""2023-M07"", ""2023-M08"", ""2023-M09""], ""source_observation_count"": 3, ""source_series_dimensions"": {""ACCESS_SHARING_LEVEL"": ""PUBLIC_OPEN"", ""COICOP_1999"": ""_T"", ""COMMON_REFERENCE_PERIOD"": ""2022M11"", ""COUNTRY"": ""MDV"", ""FREQUENCY"": ""M"", ""IFS_FLAG"": ""true"", ""INDEX_TYPE"": ""CPI"", ""OVERLAP"": ""OL"", ""SCALE"": ""0"", ""SECURITY_CLASSIFICATION"": ""PUB"", ""TYPE_OF_TRANSFORMATION"": ""IX""}}"
MDV,cpi_index_all_items_quarterly_imf,2023-Q4,quarterly,102.39839302407601,\N,derived,IMF_CPI,IMF|ACCESS_SHARING_LEVEL=PUBLIC_OPEN|COICOP_1999=_T|COMMON_REFERENCE_PERIOD=2022M11|FREQUENCY=M|IFS_FLAG=true|INDEX_TYPE=CPI|OVERLAP=OL|SCALE=0|SECURITY_CLASSIFICATION=PUB|TYPE_OF_TRANSFORMATION=IX|aggregation=quarterly_mean,\N,"{""aggregation_method"": ""quarterly_mean"", ""source_derivation_types"": [""O"", ""O"", ""O""], ""source_months"": [""2023-M10"", ""2023-M11"", ""2023-M12""], ""source_observation_count"": 3, ""source_series_dimensions"": {""ACCESS_SHARING_LEVEL"": ""PUBLIC_OPEN"", ""COICOP_1999"": ""_T"", ""COMMON_REFERENCE_PERIOD"": ""2022M11"", ""COUNTRY"": ""MDV"", ""FREQUENCY"": ""M"", ""IFS_FLAG"": ""true"", ""INDEX_TYPE"": ""CPI"", ""OVERLAP"": ""OL"", ""SCALE"": ""0"", ""SECURITY_CLASSIFICATION"": ""PUB"", ""TYPE_OF_TRANSFORMATION"": ""IX""}}"
MEX,cpi_index_all_items_quarterly_imf,2023-Q1,quarterly,127.92366666666668,\N,derived,IMF_CPI,IMF|ACCESS_SHARING_LEVEL=PUBLIC_OPEN|COICOP_1999=_T|COMMON_REFERENCE_PERIOD=2018M07|FREQUENCY=M|IFS_FLAG=true|INDEX_TYPE=CPI|OVERLAP=OL|SCALE=0|SECURITY_CLASSIFICATION=PUB|TYPE_OF_TRANSFORMATION=IX|aggregation=quarterly_mean,\N,"{""aggregation_method"": ""quarterly_mean"", ""source_derivation_types"": [""O"", ""O"", ""O""], ""source_months"": [""2023-M01"", ""2023-M02"", ""2023-M03""], ""source_observation_count"": 3, ""source_series_dimensions"": {""ACCESS_SHARING_LEVEL"": ""PUBLIC_OPEN"", ""COICOP_1999"": ""_T"", ""COMMON_REFERENCE_PERIOD"": ""2018M07"", ""COUNTRY"": ""MEX"", ""FREQUENCY"": ""M"", ""IFS_FLAG"": ""true"", ""INDEX_TYPE"": ""CPI"", ""OVERLAP"": ""OL"", ""SCALE"": ""0"", ""SECURITY_CLASSIFICATION"": ""PUB"", ""TYPE_OF_TRANSFORMATION"": ""IX""}}"
MEX,cpi_index_all_items_quarterly_imf,2023-Q2,quarterly,128.22033333333334,\N,derived,IMF_CPI,IMF|ACCESS_SHARING_LEVEL=PUBLIC_OPEN|COICOP_1999=_T|COMMON_REFERENCE_PERIOD=2018M07|FREQUENCY=M|IFS_FLAG=true|INDEX_TYPE=CPI|OVERLAP=OL|SCALE=0|SECURITY_CLASSIFICATION=PUB|TYPE_OF_TRANSFORMATION=IX|aggregation=quarterly_mean,\N,"{""aggregation_method"": ""quarterly_mean"", ""source_derivation_types"": [""O"", ""O"", ""O""], ""source_months"": [""2023-M04"", ""2023-M05"", ""2023-M06""], ""source_observation_count"": 3, ""source_series_dimensions"": {""ACCESS_SHARING_LEVEL"": ""PUBLIC_OPEN"", ""COICOP_1999"": ""_T"", ""COMMON_REFERENCE_PERIOD"": ""2018M07"", ""COUNTRY"": ""MEX"", ""FREQUENCY"": ""M"", ""IFS_FLAG"": ""true"", ""INDEX_TYPE"": ""CPI"", ""OVERLAP"": ""OL"", ""SCALE"": ""0"", ""SECURITY_CLASSIFICATION"": ""PUB"", ""TYPE_OF_TRANSFORMATION"": ""IX""}}"
MEX,cpi_index_all_items_quarterly_imf,2023-Q3,quarterly,129.499,\N,derived,IMF_CPI,IMF|ACCESS_SHARING_LEVEL=PUBLIC_OPEN|COICOP_1999=_T|COMMON_REFERENCE_PERIOD=2018M07|FREQUENCY=M|IFS_FLAG=true|INDEX_TYPE=CPI|OVERLAP=OL|SCALE=0|SECURITY_CLASSIFICATION=PUB|TYPE_OF_TRANSFORMATION=IX|aggregation=quarterly_mean,\N,"{""aggregation_method"": ""quarterly_mean"", ""source_derivation_types"": [""O"", ""O"", ""O""], ""source_months"": [""2023-M07"", ""2023-M08"", ""2023-M09""], ""source_observation_count"": 3, ""source_series_dimensions"": {""ACCESS_SHARING_LEVEL"": ""PUBLIC_OPEN"", ""COICOP_1999"": ""_T"", ""COMMON_REFERENCE_PERIOD"": ""2018M07"", ""COUNTRY"": ""MEX"", ""FREQUENCY"": ""M"", ""IFS_FLAG"": ""true"", ""INDEX_TYPE"": ""CPI"", ""OVERLAP"": ""OL"", ""SCALE"": ""0"", ""SECURITY_CLASSIFICATION"": ""PUB"", ""TYPE_OF_TRANSFORMATION"": ""IX""}}"
MEX,cpi_index_all_items_quarterly_imf,2023-Q4,quarterly,131.47566666666665,\N,derived,IMF_CPI,IMF|ACCESS_SHARING_LEVEL=PUBLIC_OPEN|COICOP_1999=_T|COMMON_REFERENCE_PERIOD=2018M07|FREQUENCY=M|IFS_FLAG=true|INDEX_TYPE=CPI|OVERLAP=OL|SCALE=0|SECURITY_CLASSIFICATION=PUB|TYPE_OF_TRANSFORMATION=IX|aggregation=quarterly_mean,\N,"{""aggregation_method"": ""quarterly_mean"", ""source_derivation_types"": [""O"", ""O"", ""O""], ""source_months"": [""2023-M10"", ""2023-M11"", ""2023-M12""], ""source_observation_count"": 3, ""source_series_dimensions"": {""ACCESS_SHARING_LEVEL"": ""PUBLIC_OPEN"", ""COICOP_1999"": ""_T"", ""COMMON_REFERENCE_PERIOD"": ""2018M07"", ""COUNTRY"": ""MEX"", ""FREQUENCY"": ""M"", ""IFS_FLAG"": ""true"", ""INDEX_TYPE"": ""CPI"", ""OVERLAP"": ""OL"", ""SCALE"": ""0"", ""SECURITY_CLASSIFICATION"": ""PUB"", ""TYPE_OF_TRANSFORMATION"": ""IX""}}"
MKD,cpi_index_all_items_quarterly_imf,2023-Q1,quarterly,90.91958953846154,\N,derived,IMF_CPI,IMF|ACCESS_SHARING_LEVEL=PUBLIC_OPEN|COICOP_1999=_T|COMMON_REFERENCE_PERIOD=2025A|FREQUENCY=M|IFS_FLAG=true|INDEX_TYPE=CPI|OVERLAP=OL|SCALE=0|SECURITY_CLASSIFICATION=PUB|TYPE_OF_TRANSFORMATION=IX|aggregation=quarterly_mean,\N,"{""aggregation_method"": ""quarterly_mean"", ""source_derivation_types"": [""O"", ""O"", ""O""], ""source_months"": [""2023-M01"", ""2023-M02"", ""2023-M03""], ""source_observation_count"": 3, ""source_series_dimensions"": {""ACCESS_SHARING_LEVEL"": ""PUBLIC_OPEN"", ""COICOP_1999"": ""_T"", ""COMMON_REFERENCE_PERIOD"": ""2025A"", ""COUNTRY"": ""MKD"", ""FREQUENCY"": ""M"", ""IFS_FLAG"": ""true"", ""INDEX_TYPE"": ""CPI"", ""OVERLAP"": ""OL"", ""SCALE"": ""0"", ""SECURITY_CLASSIFICATION"": ""PUB"", ""TYPE_OF_TRANSFORMATION"": ""IX""}}"
MKD,cpi_index_all_items_quarterly_imf,2023-Q2,quarterly,92.22062215384615,\N,derived,IMF_CPI,IMF|ACCESS_SHARING_LEVEL=PUBLIC_OPEN|COICOP_1999=_T|COMMON_REFERENCE_PERIOD=2025A|FREQUENCY=M|IFS_FLAG=true|INDEX_TYPE=CPI|OVERLAP=OL|SCALE=0|SECURITY_CLASSIFICATION=PUB|TYPE_OF_TRANSFORMATION=IX|aggregation=quarterly_mean,\N,"{""aggregation_method"": ""quarterly_mean"", ""source_derivation_types"": [""O"", ""O"", ""O""], ""source_months"": [""2023-M04"", ""2023-M05"", ""2023-M06""], ""source_observation_count"": 3, ""source_series_dimensions"": {""ACCESS_SHARING_LEVEL"": ""PUBLIC_OPEN"", ""COICOP_1999"": ""_T"", ""COMMON_REFERENCE_PERIOD"": ""2025A"", ""COUNTRY"": ""MKD"", ""FREQUENCY"": ""M"", ""IFS_FLAG"": ""true"", ""INDEX_TYPE"": ""CPI"", ""OVERLAP"": ""OL"", ""SCALE"": ""0"", ""SECURITY_CLASSIFICATION"": ""PUB"", ""TYPE_OF_TRANSFORMATION"": ""IX""}}"
MKD,cpi_index_all_items_quarterly_imf,2023-Q3,quarterly,94.5967846153846,\N,derived,IMF_CPI,IMF|ACCESS_SHARING_LEVEL=PUBLIC_OPEN|COICOP_1999=_T|COMMON_REFERENCE_PERIOD=2025A|FREQUENCY=M|IFS_FLAG=true|INDEX_TYPE=CPI|OVERLAP=OL|SCALE=0|SECURITY_CLASSIFICATION=PUB|TYPE_OF_TRANSFORMATION=IX|aggregation=quarterly_mean,\N,"{""aggregation_method"": ""quarterly_mean"", ""source_derivation_types"": [""O"", ""O"", ""O""], ""source_months"": [""2023-M07"", ""2023-M08"", ""2023-M09""], ""source_observation_count"": 3, ""source_series_dimensions"": {""ACCESS_SHARING_LEVEL"": ""PUBLIC_OPEN"", ""COICOP_1999"": ""_T"", ""COMMON_REFERENCE_PERIOD"": ""2025A"", ""COUNTRY"": ""MKD"", ""FREQUENCY"": ""M"", ""IFS_FLAG"": ""true"", ""INDEX_TYPE"": ""CPI"", ""OVERLAP"": ""OL"", ""SCALE"": ""0"", ""SECURITY_CLASSIFICATION"": ""PUB"", ""TYPE_OF_TRANSFORMATION"": ""IX""}}"
MKD,cpi_index_all_items_quarterly_imf,2023-Q4,quarterly,93.64088123076924,\N,derived,IMF_CPI,IMF|ACCESS_SHARING_LEVEL=PUBLIC_OPEN|COICOP_1999=_T|COMMON_REFERENCE_PERIOD=2025A|FREQUENCY=M|IFS_FLAG=true|INDEX_TYPE=CPI|OVERLAP=OL|SCALE=0|SECURITY_CLASSIFICATION=PUB|TYPE_OF_TRANSFORMATION=IX|aggregation=quarterly_mean,\N,"{""aggregation_method"": ""quarterly_mean"", ""source_derivation_types"": [""O"", ""O"", ""O""], ""source_months"": [""2023-M10"", ""2023-M11"", ""2023-M12""], ""source_observation_count"": 3, ""source_series_dimensions"": {""ACCESS_SHARING_LEVEL"": ""PUBLIC_OPEN"", ""COICOP_1999"": ""_T"", ""COMMON_REFERENCE_PERIOD"": ""2025A"", ""COUNTRY"": ""MKD"", ""FREQUENCY"": ""M"", ""IFS_FLAG"": ""true"", ""INDEX_TYPE"": ""CPI"", ""OVERLAP"": ""OL"", ""SCALE"": ""0"", ""SECURITY_CLASSIFICATION"": ""PUB"", ""TYPE_OF_TRANSFORMATION"": ""IX""}}"
MLI,cpi_index_all_items_quarterly_imf,2023-Q1,quarterly,100.29538961038959,\N,derived,IMF_CPI,IMF|ACCESS_SHARING_LEVEL=PUBLIC_OPEN|COICOP_1999=_T|COMMON_REFERENCE_PERIOD=2023A|FREQUENCY=M|IFS_FLAG=true|INDEX_TYPE=CPI|OVERLAP=OL|SCALE=0|SECURITY_CLASSIFICATION=PUB|TYPE_OF_TRANSFORMATION=IX|aggregation=quarterly_mean,\N,"{""aggregation_method"": ""quarterly_mean"", ""source_derivation_types"": [""O"", ""O"", ""O""], ""source_months"": [""2023-M01"", ""2023-M02"", ""2023-M03""], ""source_observation_count"": 3, ""source_series_dimensions"": {""ACCESS_SHARING_LEVEL"": ""PUBLIC_OPEN"", ""COICOP_1999"": ""_T"", ""COMMON_REFERENCE_PERIOD"": ""2023A"", ""COUNTRY"": ""MLI"", ""FREQUENCY"": ""M"", ""IFS_FLAG"": ""true"", ""INDEX_TYPE"": ""CPI"", ""OVERLAP"": ""OL"", ""SCALE"": ""0"", ""SECURITY_CLASSIFICATION"": ""PUB"", ""TYPE_OF_TRANSFORMATION"": ""IX""}}"
MLI,cpi_index_all_items_quarterly_imf,2023-Q2,quarterly,100.55233766233766,\N,derived,IMF_CPI,IMF|ACCESS_SHARING_LEVEL=PUBLIC_OPEN|COICOP_1999=_T|COMMON_REFERENCE_PERIOD=2023A|FREQUENCY=M|IFS_FLAG=true|INDEX_TYPE=CPI|OVERLAP=OL|SCALE=0|SECURITY_CLASSIFICATION=PUB|TYPE_OF_TRANSFORMATION=IX|aggregation=quarterly_mean,\N,"{""aggregation_method"": ""quarterly_mean"", ""source_derivation_types"": [""O"", ""O"", ""O""], ""source_months"": [""2023-M04"", ""2023-M05"", ""2023-M06""], ""source_observation_count"": 3, ""source_series_dimensions"": {""ACCESS_SHARING_LEVEL"": ""PUBLIC_OPEN"", ""COICOP_1999"": ""_T"", ""COMMON_REFERENCE_PERIOD"": ""2023A"", ""COUNTRY"": ""MLI"", ""FREQUENCY"": ""M"", ""IFS_FLAG"": ""true"", ""INDEX_TYPE"": ""CPI"", ""OVERLAP"": ""OL"", ""SCALE"": ""0"", ""SECURITY_CLASSIFICATION"": ""PUB"", ""TYPE_OF_TRANSFORMATION"": ""IX""}}"
MLI,cpi_index_all_items_quarterly_imf,2023-Q3,quarterly,101.63722943722944,\N,derived,IMF_CPI,IMF|ACCESS_SHARING_LEVEL=PUBLIC_OPEN|COICOP_1999=_T|COMMON_REFERENCE_PERIOD=2023A|FREQUENCY=M|IFS_FLAG=true|INDEX_TYPE=CPI|OVERLAP=OL|SCALE=0|SECURITY_CLASSIFICATION=PUB|TYPE_OF_TRANSFORMATION=IX|aggregation=quarterly_mean,\N,"{""aggregation_method"": ""quarterly_mean"", ""source_derivation_types"": [""O"", ""O"", ""O""], ""source_months"": [""2023-M07"", ""2023-M08"", ""2023-M09""], ""source_observation_count"": 3, ""source_series_dimensions"": {""ACCESS_SHARING_LEVEL"": ""PUBLIC_OPEN"", ""COICOP_1999"": ""_T"", ""COMMON_REFERENCE_PERIOD"": ""2023A"", ""COUNTRY"": ""MLI"", ""FREQUENCY"": ""M"", ""IFS_FLAG"": ""true"", ""INDEX_TYPE"": ""CPI"", ""OVERLAP"": ""OL"", ""SCALE"": ""0"", ""SECURITY_CLASSIFICATION"": ""PUB"", ""TYPE_OF_TRANSFORMATION"": ""IX""}}"
MLI,cpi_index_all_items_quarterly_imf,2023-Q4,quarterly,100.8663852813853,\N,derived,IMF_CPI,IMF|ACCESS_SHARING_LEVEL=PUBLIC_OPEN|COICOP_1999=_T|COMMON_REFERENCE_PERIOD=2023A|FREQUENCY=M|IFS_FLAG=true|INDEX_TYPE=CPI|OVERLAP=OL|SCALE=0|SECURITY_CLASSIFICATION=PUB|TYPE_OF_TRANSFORMATION=IX|aggregation=quarterly_mean,\N,"{""aggregation_method"": ""quarterly_mean"", ""source_derivation_types"": [""O"", ""O"", ""O""], ""source_months"": [""2023-M10"", ""2023-M11"", ""2023-M12""], ""source_observation_count"": 3, ""source_series_dimensions"": {""ACCESS_SHARING_LEVEL"": ""PUBLIC_OPEN"", ""COICOP_1999"": ""_T"", ""COMMON_REFERENCE_PERIOD"": ""2023A"", ""COUNTRY"": ""MLI"", ""FREQUENCY"": ""M"", ""IFS_FLAG"": ""true"", ""INDEX_TYPE"": ""CPI"", ""OVERLAP"": ""OL"", ""SCALE"": ""0"", ""SECURITY_CLASSIFICATION"": ""PUB"", ""TYPE_OF_TRANSFORMATION"": ""IX""}}"
MLT,cpi_index_all_items_quarterly_imf,2023-Q1,quarterly,114.92733432932367,\N,derived,IMF_CPI,IMF|ACCESS_SHARING_LEVEL=PUBLIC_OPEN|COICOP_1999=_T|COMMON_REFERENCE_PERIOD=2016M12|FREQUENCY=M|IFS_FLAG=true|INDEX_TYPE=CPI|OVERLAP=OL|SCALE=0|SECURITY_CLASSIFICATION=PUB|TYPE_OF_TRANSFORMATION=IX|aggregation=quarterly_mean,\N,"{""aggregation_method"": ""quarterly_mean"", ""source_derivation_types"": [""O"", ""O"", ""O""], ""source_months"": [""2023-M01"", ""2023-M02"", ""2023-M03""], ""source_observation_count"": 3, ""source_series_dimensions"": {""ACCESS_SHARING_LEVEL"": ""PUBLIC_OPEN"", ""COICOP_1999"": ""_T"", ""COMMON_REFERENCE_PERIOD"": ""2016M12"", ""COUNTRY"": ""MLT"", ""FREQUENCY"": ""M"", ""IFS_FLAG"": ""true"", ""INDEX_TYPE"": ""CPI"", ""OVERLAP"": ""OL"", ""SCALE"": ""0"", ""SECURITY_CLASSIFICATION"": ""PUB"", ""TYPE_OF_TRANSFORMATION"": ""IX""}}"
MLT,cpi_index_all_items_quarterly_imf,2023-Q2,quarterly,117.23666666666668,\N,derived,IMF_CPI,IMF|ACCESS_SHARING_LEVEL=PUBLIC_OPEN|COICOP_1999=_T|COMMON_REFERENCE_PERIOD=2016M12|FREQUENCY=M|IFS_FLAG=true|INDEX_TYPE=CPI|OVERLAP=OL|SCALE=0|SECURITY_CLASSIFICATION=PUB|TYPE_OF_TRANSFORMATION=IX|aggregation=quarterly_mean,\N,"{""aggregation_method"": ""quarterly_mean"", ""source_derivation_types"": [""O"", ""O"", ""O""], ""source_months"": [""2023-M04"", ""2023-M05"", ""2023-M06""], ""source_observation_count"": 3, ""source_series_dimensions"": {""ACCESS_SHARING_LEVEL"": ""PUBLIC_OPEN"", ""COICOP_1999"": ""_T"", ""COMMON_REFERENCE_PERIOD"": ""2016M12"", ""COUNTRY"": ""MLT"", ""FREQUENCY"": ""M"", ""IFS_FLAG"": ""true"", ""INDEX_TYPE"": ""CPI"", ""OVERLAP"": ""OL"", ""SCALE"": ""0"", ""SECURITY_CLASSIFICATION"": ""PUB"", ""TYPE_OF_TRANSFORMATION"": ""IX""}}"
MLT,cpi_index_all_items_quarterly_imf,2023-Q3,quarterly,117.46335162450134,\N,derived,IMF_CPI,IMF|ACCESS_SHARING_LEVEL=PUBLIC_OPEN|COICOP_1999=_T|COMMON_REFERENCE_PERIOD=2016M12|FREQUENCY=M|IFS_FLAG=true|INDEX_TYPE=CPI|OVERLAP=OL|SCALE=0|SECURITY_CLASSIFICATION=PUB|TYPE_OF_TRANSFORMATION=IX|aggregation=quarterly_mean,\N,"{""aggregation_method"": ""quarterly_mean"", ""source_derivation_types"": [""O"", ""O"", ""O""], ""source_months"": [""2023-M07"", ""2023-M08"", ""2023-M09""], ""source_observation_count"": 3, ""source_series_dimensions"": {""ACCESS_SHARING_LEVEL"": ""PUBLIC_OPEN"", ""COICOP_1999"": ""_T"", ""COMMON_REFERENCE_PERIOD"": ""2016M12"", ""COUNTRY"": ""MLT"", ""FREQUENCY"": ""M"", ""IFS_FLAG"": ""true"", ""INDEX_TYPE"": ""CPI"", ""OVERLAP"": ""OL"", ""SCALE"": ""0"", ""SECURITY_CLASSIFICATION"": ""PUB"", ""TYPE_OF_TRANSFORMATION"": ""IX""}}"
MLT,cpi_index_all_items_quarterly_imf,2023-Q4,quarterly,118.32963323638369,\N,derived,IMF_CPI,IMF|ACCESS_SHARING_LEVEL=PUBLIC_OPEN|COICOP_1999=_T|COMMON_REFERENCE_PERIOD=2016M12|FREQUENCY=M|IFS_FLAG=true|INDEX_TYPE=CPI|OVERLAP=OL|SCALE=0|SECURITY_CLASSIFICATION=PUB|TYPE_OF_TRANSFORMATION=IX|aggregation=quarterly_mean,\N,"{""aggregation_method"": ""quarterly_mean"", ""source_derivation_types"": [""O"", ""O"", ""O""], ""source_months"": [""2023-M10"", ""2023-M11"", ""2023-M12""], ""source_observation_count"": 3, ""source_series_dimensions"": {""ACCESS_SHARING_LEVEL"": ""PUBLIC_OPEN"", ""COICOP_1999"": ""_T"", ""COMMON_REFERENCE_PERIOD"": ""2016M12"", ""COUNTRY"": ""MLT"", ""FREQUENCY"": ""M"", ""IFS_FLAG"": ""true"", ""INDEX_TYPE"": ""CPI"", ""OVERLAP"": ""OL"", ""SCALE"": ""0"", ""SECURITY_CLASSIFICATION"": ""PUB"", ""TYPE_OF_TRANSFORMATION"": ""IX""}}"
MNE,cpi_index_all_items_quarterly_imf,2023-Q1,quarterly,91.22154725863409,\N,derived,IMF_CPI,IMF|ACCESS_SHARING_LEVEL=PUBLIC_OPEN|COICOP_1999=_T|COMMON_REFERENCE_PERIOD=2025A|FREQUENCY=M|IFS_FLAG=true|INDEX_TYPE=CPI|OVERLAP=OL|SCALE=0|SECURITY_CLASSIFICATION=PUB|TYPE_OF_TRANSFORMATION=IX|aggregation=quarterly_mean,\N,"{""aggregation_method"": ""quarterly_mean"", ""source_derivation_types"": [""O"", ""O"", ""O""], ""source_months"": [""2023-M01"", ""2023-M02"", ""2023-M03""], ""source_observation_count"": 3, ""source_series_dimensions"": {""ACCESS_SHARING_LEVEL"": ""PUBLIC_OPEN"", ""COICOP_1999"": ""_T"", ""COMMON_REFERENCE_PERIOD"": ""2025A"", ""COUNTRY"": ""MNE"", ""FREQUENCY"": ""M"", ""IFS_FLAG"": ""true"", ""INDEX_TYPE"": ""CPI"", ""OVERLAP"": ""OL"", ""SCALE"": ""0"", ""SECURITY_CLASSIFICATION"": ""PUB"", ""TYPE_OF_TRANSFORMATION"": ""IX""}}"
MNE,cpi_index_all_items_quarterly_imf,2023-Q2,quarterly,91.71468399462447,\N,derived,IMF_CPI,IMF|ACCESS_SHARING_LEVEL=PUBLIC_OPEN|COICOP_1999=_T|COMMON_REFERENCE_PERIOD=2025A|FREQUENCY=M|IFS_FLAG=true|INDEX_TYPE=CPI|OVERLAP=OL|SCALE=0|SECURITY_CLASSIFICATION=PUB|TYPE_OF_TRANSFORMATION=IX|aggregation=quarterly_mean,\N,"{""aggregation_method"": ""quarterly_mean"", ""source_derivation_types"": [""O"", ""O"", ""O""], ""source_months"": [""2023-M04"", ""2023-M05"", ""2023-M06""], ""source_observation_count"": 3, ""source_series_dimensions"": {""ACCESS_SHARING_LEVEL"": ""PUBLIC_OPEN"", ""COICOP_1999"": ""_T"", ""COMMON_REFERENCE_PERIOD"": ""2025A"", ""COUNTRY"": ""MNE"", ""FREQUENCY"": ""M"", ""IFS_FLAG"": ""true"", ""INDEX_TYPE"": ""CPI"", ""OVERLAP"": ""OL"", ""SCALE"": ""0"", ""SECURITY_CLASSIFICATION"": ""PUB"", ""TYPE_OF_TRANSFORMATION"": ""IX""}}"
MNE,cpi_index_all_items_quarterly_imf,2023-Q3,quarterly,94.6269876229182,\N,derived,IMF_CPI,IMF|ACCESS_SHARING_LEVEL=PUBLIC_OPEN|COICOP_1999=_T|COMMON_REFERENCE_PERIOD=2025A|FREQUENCY=M|IFS_FLAG=true|INDEX_TYPE=CPI|OVERLAP=OL|SCALE=0|SECURITY_CLASSIFICATION=PUB|TYPE_OF_TRANSFORMATION=IX|aggregation=quarterly_mean,\N,"{""aggregation_method"": ""quarterly_mean"", ""source_derivation_types"": [""O"", ""O"", ""O""], ""source_months"": [""2023-M07"", ""2023-M08"", ""2023-M09""], ""source_observation_count"": 3, ""source_series_dimensions"": {""ACCESS_SHARING_LEVEL"": ""PUBLIC_OPEN"", ""COICOP_1999"": ""_T"", ""COMMON_REFERENCE_PERIOD"": ""2025A"", ""COUNTRY"": ""MNE"", ""FREQUENCY"": ""M"", ""IFS_FLAG"": ""true"", ""INDEX_TYPE"": ""CPI"", ""OVERLAP"": ""OL"", ""SCALE"": ""0"", ""SECURITY_CLASSIFICATION"": ""PUB"", ""TYPE_OF_TRANSFORMATION"": ""IX""}}"
MNE,cpi_index_all_items_quarterly_imf,2023-Q4,quarterly,95.01047733528533,\N,derived,IMF_CPI,IMF|ACCESS_SHARING_LEVEL=PUBLIC_OPEN|COICOP_1999=_T|COMMON_REFERENCE_PERIOD=2025A|FREQUENCY=M|IFS_FLAG=true|INDEX_TYPE=CPI|OVERLAP=OL|SCALE=0|SECURITY_CLASSIFICATION=PUB|TYPE_OF_TRANSFORMATION=IX|aggregation=quarterly_mean,\N,"{""aggregation_method"": ""quarterly_mean"", ""source_derivation_types"": [""O"", ""O"", ""O""], ""source_months"": [""2023-M10"", ""2023-M11"", ""2023-M12""], ""source_observation_count"": 3, ""source_series_dimensions"": {""ACCESS_SHARING_LEVEL"": ""PUBLIC_OPEN"", ""COICOP_1999"": ""_T"", ""COMMON_REFERENCE_PERIOD"": ""2025A"", ""COUNTRY"": ""MNE"", ""FREQUENCY"": ""M"", ""IFS_FLAG"": ""true"", ""INDEX_TYPE"": ""CPI"", ""OVERLAP"": ""OL"", ""SCALE"": ""0"", ""SECURITY_CLASSIFICATION"": ""PUB"", ""TYPE_OF_TRANSFORMATION"": ""IX""}}"
MNG,cpi_index_all_items_quarterly_imf,2023-Q1,quarterly,97.29776671595789,\N,derived,IMF_CPI,IMF|ACCESS_SHARING_LEVEL=PUBLIC_OPEN|COICOP_1999=_T|COMMON_REFERENCE_PERIOD=2023A|FREQUENCY=M|IFS_FLAG=true|INDEX_TYPE=CPI|OVERLAP=OL|SCALE=0|SECURITY_CLASSIFICATION=PUB|TYPE_OF_TRANSFORMATION=IX|aggregation=quarterly_mean,\N,"{""aggregation_method"": ""quarterly_mean"", ""source_derivation_types"": [""O"", ""O"", ""O""], ""source_months"": [""2023-M01"", ""2023-M02"", ""2023-M03""], ""source_observation_count"": 3, ""source_series_dimensions"": {""ACCESS_SHARING_LEVEL"": ""PUBLIC_OPEN"", ""COICOP_1999"": ""_T"", ""COMMON_REFERENCE_PERIOD"": ""2023A"", ""COUNTRY"": ""MNG"", ""FREQUENCY"": ""M"", ""IFS_FLAG"": ""true"", ""INDEX_TYPE"": ""CPI"", ""OVERLAP"": ""OL"", ""SCALE"": ""0"", ""SECURITY_CLASSIFICATION"": ""PUB"", ""TYPE_OF_TRANSFORMATION"": ""IX""}}"
MNG,cpi_index_all_items_quarterly_imf,2023-Q2,quarterly,100.39608929620847,\N,derived,IMF_CPI,IMF|ACCESS_SHARING_LEVEL=PUBLIC_OPEN|COICOP_1999=_T|COMMON_REFERENCE_PERIOD=2023A|FREQUENCY=M|IFS_FLAG=true|INDEX_TYPE=CPI|OVERLAP=OL|SCALE=0|SECURITY_CLASSIFICATION=PUB|TYPE_OF_TRANSFORMATION=IX|aggregation=quarterly_mean,\N,"{""aggregation_method"": ""quarterly_mean"", ""source_derivation_types"": [""O"", ""O"", ""O""], ""source_months"": [""2023-M04"", ""2023-M05"", ""2023-M06""], ""source_observation_count"": 3, ""source_series_dimensions"": {""ACCESS_SHARING_LEVEL"": ""PUBLIC_OPEN"", ""COICOP_1999"": ""_T"", ""COMMON_REFERENCE_PERIOD"": ""2023A"", ""COUNTRY"": ""MNG"", ""FREQUENCY"": ""M"", ""IFS_FLAG"": ""true"", ""INDEX_TYPE"": ""CPI"", ""OVERLAP"": ""OL"", ""SCALE"": ""0"", ""SECURITY_CLASSIFICATION"": ""PUB"", ""TYPE_OF_TRANSFORMATION"": ""IX""}}"
MNG,cpi_index_all_items_quarterly_imf,2023-Q3,quarterly,100.7680560060568,\N,derived,IMF_CPI,IMF|ACCESS_SHARING_LEVEL=PUBLIC_OPEN|COICOP_1999=_T|COMMON_REFERENCE_PERIOD=2023A|FREQUENCY=M|IFS_FLAG=true|INDEX_TYPE=CPI|OVERLAP=OL|SCALE=0|SECURITY_CLASSIFICATION=PUB|TYPE_OF_TRANSFORMATION=IX|aggregation=quarterly_mean,\N,"{""aggregation_method"": ""quarterly_mean"", ""source_derivation_types"": [""O"", ""O"", ""O""], ""source_months"": [""2023-M07"", ""2023-M08"", ""2023-M09""], ""source_observation_count"": 3, ""source_series_dimensions"": {""ACCESS_SHARING_LEVEL"": ""PUBLIC_OPEN"", ""COICOP_1999"": ""_T"", ""COMMON_REFERENCE_PERIOD"": ""2023A"", ""COUNTRY"": ""MNG"", ""FREQUENCY"": ""M"", ""IFS_FLAG"": ""true"", ""INDEX_TYPE"": ""CPI"", ""OVERLAP"": ""OL"", ""SCALE"": ""0"", ""SECURITY_CLASSIFICATION"": ""PUB"", ""TYPE_OF_TRANSFORMATION"": ""IX""}}"
MNG,cpi_index_all_items_quarterly_imf,2023-Q4,quarterly,101.53808798177677,\N,derived,IMF_CPI,IMF|ACCESS_SHARING_LEVEL=PUBLIC_OPEN|COICOP_1999=_T|COMMON_REFERENCE_PERIOD=2023A|FREQUENCY=M|IFS_FLAG=true|INDEX_TYPE=CPI|OVERLAP=OL|SCALE=0|SECURITY_CLASSIFICATION=PUB|TYPE_OF_TRANSFORMATION=IX|aggregation=quarterly_mean,\N,"{""aggregation_method"": ""quarterly_mean"", ""source_derivation_types"": [""O"", ""O"", ""O""], ""source_months"": [""2023-M10"", ""2023-M11"", ""2023-M12""], ""source_observation_count"": 3, ""source_series_dimensions"": {""ACCESS_SHARING_LEVEL"": ""PUBLIC_OPEN"", ""COICOP_1999"": ""_T"", ""COMMON_REFERENCE_PERIOD"": ""2023A"", ""COUNTRY"": ""MNG"", ""FREQUENCY"": ""M"", ""IFS_FLAG"": ""true"", ""INDEX_TYPE"": ""CPI"", ""OVERLAP"": ""OL"", ""SCALE"": ""0"", ""SECURITY_CLASSIFICATION"": ""PUB"", ""TYPE_OF_TRANSFORMATION"": ""IX""}}"
MOZ,cpi_index_all_items_quarterly_imf,2023-Q1,quarterly,98.40948854715151,\N,derived,IMF_CPI,IMF|ACCESS_SHARING_LEVEL=PUBLIC_OPEN|COICOP_1999=_T|COMMON_REFERENCE_PERIOD=2023A|FREQUENCY=M|IFS_FLAG=true|INDEX_TYPE=CPI|OVERLAP=OL|SCALE=0|SECURITY_CLASSIFICATION=PUB|TYPE_OF_TRANSFORMATION=IX|aggregation=quarterly_mean,\N,"{""aggregation_method"": ""quarterly_mean"", ""source_derivation_types"": [""O"", ""O"", ""O""], ""source_months"": [""2023-M01"", ""2023-M02"", ""2023-M03""], ""source_observation_count"": 3, ""source_series_dimensions"": {""ACCESS_SHARING_LEVEL"": ""PUBLIC_OPEN"", ""COICOP_1999"": ""_T"", ""COMMON_REFERENCE_PERIOD"": ""2023A"", ""COUNTRY"": ""MOZ"", ""FREQUENCY"": ""M"", ""IFS_FLAG"": ""true"", ""INDEX_TYPE"": ""CPI"", ""OVERLAP"": ""OL"", ""SCALE"": ""0"", ""SECURITY_CLASSIFICATION"": ""PUB"", ""TYPE_OF_TRANSFORMATION"": ""IX""}}"
MOZ,cpi_index_all_items_quarterly_imf,2023-Q2,quarterly,99.38818261195621,\N,derived,IMF_CPI,IMF|ACCESS_SHARING_LEVEL=PUBLIC_OPEN|COICOP_1999=_T|COMMON_REFERENCE_PERIOD=2023A|FREQUENCY=M|IFS_FLAG=true|INDEX_TYPE=CPI|OVERLAP=OL|SCALE=0|SECURITY_CLASSIFICATION=PUB|TYPE_OF_TRANSFORMATION=IX|aggregation=quarterly_mean,\N,"{""aggregation_method"": ""quarterly_mean"", ""source_derivation_types"": [""O"", ""O"", ""O""], ""source_months"": [""2023-M04"", ""2023-M05"", ""2023-M06""], ""source_observation_count"": 3, ""source_series_dimensions"": {""ACCESS_SHARING_LEVEL"": ""PUBLIC_OPEN"", ""COICOP_1999"": ""_T"", ""COMMON_REFERENCE_PERIOD"": ""2023A"", ""COUNTRY"": ""MOZ"", ""FREQUENCY"": ""M"", ""IFS_FLAG"": ""true"", ""INDEX_TYPE"": ""CPI"", ""OVERLAP"": ""OL"", ""SCALE"": ""0"", ""SECURITY_CLASSIFICATION"": ""PUB"", ""TYPE_OF_TRANSFORMATION"": ""IX""}}"
MOZ,cpi_index_all_items_quarterly_imf,2023-Q3,quarterly,98.57242916874573,\N,derived,IMF_CPI,IMF|ACCESS_SHARING_LEVEL=PUBLIC_OPEN|COICOP_1999=_T|COMMON_REFERENCE_PERIOD=2023A|FREQUENCY=M|IFS_FLAG=true|INDEX_TYPE=CPI|OVERLAP=OL|SCALE=0|SECURITY_CLASSIFICATION=PUB|TYPE_OF_TRANSFORMATION=IX|aggregation=quarterly_mean,\N,"{""aggregation_method"": ""quarterly_mean"", ""source_derivation_types"": [""O"", ""O"", ""O""], ""source_months"": [""2023-M07"", ""2023-M08"", ""2023-M09""], ""source_observation_count"": 3, ""source_series_dimensions"": {""ACCESS_SHARING_LEVEL"": ""PUBLIC_OPEN"", ""COICOP_1999"": ""_T"", ""COMMON_REFERENCE_PERIOD"": ""2023A"", ""COUNTRY"": ""MOZ"", ""FREQUENCY"": ""M"", ""IFS_FLAG"": ""true"", ""INDEX_TYPE"": ""CPI"", ""OVERLAP"": ""OL"", ""SCALE"": ""0"", ""SECURITY_CLASSIFICATION"": ""PUB"", ""TYPE_OF_TRANSFORMATION"": ""IX""}}"
MOZ,cpi_index_all_items_quarterly_imf,2023-Q4,quarterly,100.25974692938223,\N,derived,IMF_CPI,IMF|ACCESS_SHARING_LEVEL=PUBLIC_OPEN|COICOP_1999=_T|COMMON_REFERENCE_PERIOD=2023A|FREQUENCY=M|IFS_FLAG=true|INDEX_TYPE=CPI|OVERLAP=OL|SCALE=0|SECURITY_CLASSIFICATION=PUB|TYPE_OF_TRANSFORMATION=IX|aggregation=quarterly_mean,\N,"{""aggregation_method"": ""quarterly_mean"", ""source_derivation_types"": [""O"", ""O"", ""O""], ""source_months"": [""2023-M10"", ""2023-M11"", ""2023-M12""], ""source_observation_count"": 3, ""source_series_dimensions"": {""ACCESS_SHARING_LEVEL"": ""PUBLIC_OPEN"", ""COICOP_1999"": ""_T"", ""COMMON_REFERENCE_PERIOD"": ""2023A"", ""COUNTRY"": ""MOZ"", ""FREQUENCY"": ""M"", ""IFS_FLAG"": ""true"", ""INDEX_TYPE"": ""CPI"", ""OVERLAP"": ""OL"", ""SCALE"": ""0"", ""SECURITY_CLASSIFICATION"": ""PUB"", ""TYPE_OF_TRANSFORMATION"": ""IX""}}"
MRT,cpi_index_all_items_quarterly_imf,2023-Q1,quarterly,120.87646789184,\N,derived,IMF_CPI,IMF|ACCESS_SHARING_LEVEL=PUBLIC_OPEN|COICOP_1999=_T|COMMON_REFERENCE_PERIOD=2019A|FREQUENCY=M|IFS_FLAG=true|INDEX_TYPE=CPI|OVERLAP=OL|SCALE=0|SECURITY_CLASSIFICATION=PUB|TYPE_OF_TRANSFORMATION=IX|aggregation=quarterly_mean,\N,"{""aggregation_method"": ""quarterly_mean"", ""source_derivation_types"": [""O"", ""O"", ""O""], ""source_months"": [""2023-M01"", ""2023-M02"", ""2023-M03""], ""source_observation_count"": 3, ""source_series_dimensions"": {""ACCESS_SHARING_LEVEL"": ""PUBLIC_OPEN"", ""COICOP_1999"": ""_T"", ""COMMON_REFERENCE_PERIOD"": ""2019A"", ""COUNTRY"": ""MRT"", ""FREQUENCY"": ""M"", ""IFS_FLAG"": ""true"", ""INDEX_TYPE"": ""CPI"", ""OVERLAP"": ""OL"", ""SCALE"": ""0"", ""SECURITY_CLASSIFICATION"": ""PUB"", ""TYPE_OF_TRANSFORMATION"": ""IX""}}"
MRT,cpi_index_all_items_quarterly_imf,2023-Q2,quarterly,120.87113122041967,\N,derived,IMF_CPI,IMF|ACCESS_SHARING_LEVEL=PUBLIC_OPEN|COICOP_1999=_T|COMMON_REFERENCE_PERIOD=2019A|FREQUENCY=M|IFS_FLAG=true|INDEX_TYPE=CPI|OVERLAP=OL|SCALE=0|SECURITY_CLASSIFICATION=PUB|TYPE_OF_TRANSFORMATION=IX|aggregation=quarterly_mean,\N,"{""aggregation_method"": ""quarterly_mean"", ""source_derivation_types"": [""O"", ""O"", ""O""], ""source_months"": [""2023-M04"", ""2023-M05"", ""2023-M06""], ""source_observation_count"": 3, ""source_series_dimensions"": {""ACCESS_SHARING_LEVEL"": ""PUBLIC_OPEN"", ""COICOP_1999"": ""_T"", ""COMMON_REFERENCE_PERIOD"": ""2019A"", ""COUNTRY"": ""MRT"", ""FREQUENCY"": ""M"", ""IFS_FLAG"": ""true"", ""INDEX_TYPE"": ""CPI"", ""OVERLAP"": ""OL"", ""SCALE"": ""0"", ""SECURITY_CLASSIFICATION"": ""PUB"", ""TYPE_OF_TRANSFORMATION"": ""IX""}}"
MRT,cpi_index_all_items_quarterly_imf,2023-Q3,quarterly,122.567552165172,\N,derived,IMF_CPI,IMF|ACCESS_SHARING_LEVEL=PUBLIC_OPEN|COICOP_1999=_T|COMMON_REFERENCE_PERIOD=2019A|FREQUENCY=M|IFS_FLAG=true|INDEX_TYPE=CPI|OVERLAP=OL|SCALE=0|SECURITY_CLASSIFICATION=PUB|TYPE_OF_TRANSFORMATION=IX|aggregation=quarterly_mean,\N,"{""aggregation_method"": ""quarterly_mean"", ""source_derivation_types"": [""O"", ""O"", ""O""], ""source_months"": [""2023-M07"", ""2023-M08"", ""2023-M09""], ""source_observation_count"": 3, ""source_series_dimensions"": {""ACCESS_SHARING_LEVEL"": ""PUBLIC_OPEN"", ""COICOP_1999"": ""_T"", ""COMMON_REFERENCE_PERIOD"": ""2019A"", ""COUNTRY"": ""MRT"", ""FREQUENCY"": ""M"", ""IFS_FLAG"": ""true"", ""INDEX_TYPE"": ""CPI"", ""OVERLAP"": ""OL"", ""SCALE"": ""0"", ""SECURITY_CLASSIFICATION"": ""PUB"", ""TYPE_OF_TRANSFORMATION"": ""IX""}}"
MRT,cpi_index_all_items_quarterly_imf,2023-Q4,quarterly,123.29905110918867,\N,derived,IMF_CPI,IMF|ACCESS_SHARING_LEVEL=PUBLIC_OPEN|COICOP_1999=_T|COMMON_REFERENCE_PERIOD=2019A|FREQUENCY=M|IFS_FLAG=true|INDEX_TYPE=CPI|OVERLAP=OL|SCALE=0|SECURITY_CLASSIFICATION=PUB|TYPE_OF_TRANSFORMATION=IX|aggregation=quarterly_mean,\N,"{""aggregation_method"": ""quarterly_mean"", ""source_derivation_types"": [""O"", ""O"", ""O""], ""source_months"": [""2023-M10"", ""2023-M11"", ""2023-M12""], ""source_observation_count"": 3, ""source_series_dimensions"": {""ACCESS_SHARING_LEVEL"": ""PUBLIC_OPEN"", ""COICOP_1999"": ""_T"", ""COMMON_REFERENCE_PERIOD"": ""2019A"", ""COUNTRY"": ""MRT"", ""FREQUENCY"": ""M"", ""IFS_FLAG"": ""true"", ""INDEX_TYPE"": ""CPI"", ""OVERLAP"": ""OL"", ""SCALE"": ""0"", ""SECURITY_CLASSIFICATION"": ""PUB"", ""TYPE_OF_TRANSFORMATION"": ""IX""}}"
MUS,cpi_index_all_items_quarterly_imf,2023-Q1,quarterly,99.10316618217054,\N,derived,IMF_CPI,IMF|ACCESS_SHARING_LEVEL=PUBLIC_OPEN|COICOP_1999=_T|COMMON_REFERENCE_PERIOD=2023A|FREQUENCY=M|IFS_FLAG=true|INDEX_TYPE=CPI|OVERLAP=OL|SCALE=0|SECURITY_CLASSIFICATION=PUB|TYPE_OF_TRANSFORMATION=IX|aggregation=quarterly_mean,\N,"{""aggregation_method"": ""quarterly_mean"", ""source_derivation_types"": [""O"", ""O"", ""O""], ""source_months"": [""2023-M01"", ""2023-M02"", ""2023-M03""], ""source_observation_count"": 3, ""source_series_dimensions"": {""ACCESS_SHARING_LEVEL"": ""PUBLIC_OPEN"", ""COICOP_1999"": ""_T"", ""COMMON_REFERENCE_PERIOD"": ""2023A"", ""COUNTRY"": ""MUS"", ""FREQUENCY"": ""M"", ""IFS_FLAG"": ""true"", ""INDEX_TYPE"": ""CPI"", ""OVERLAP"": ""OL"", ""SCALE"": ""0"", ""SECURITY_CLASSIFICATION"": ""PUB"", ""TYPE_OF_TRANSFORMATION"": ""IX""}}"
MUS,cpi_index_all_items_quarterly_imf,2023-Q2,quarterly,100.06853924418603,\N,derived,IMF_CPI,IMF|ACCESS_SHARING_LEVEL=PUBLIC_OPEN|COICOP_1999=_T|COMMON_REFERENCE_PERIOD=2023A|FREQUENCY=M|IFS_FLAG=true|INDEX_TYPE=CPI|OVERLAP=OL|SCALE=0|SECURITY_CLASSIFICATION=PUB|TYPE_OF_TRANSFORMATION=IX|aggregation=quarterly_mean,\N,"{""aggregation_method"": ""quarterly_mean"", ""source_derivation_types"": [""O"", ""O"", ""O""], ""source_months"": [""2023-M04"", ""2023-M05"", ""2023-M06""], ""source_observation_count"": 3, ""source_series_dimensions"": {""ACCESS_SHARING_LEVEL"": ""PUBLIC_OPEN"", ""COICOP_1999"": ""_T"", ""COMMON_REFERENCE_PERIOD"": ""2023A"", ""COUNTRY"": ""MUS"", ""FREQUENCY"": ""M"", ""IFS_FLAG"": ""true"", ""INDEX_TYPE"": ""CPI"", ""OVERLAP"": ""OL"", ""SCALE"": ""0"", ""SECURITY_CLASSIFICATION"": ""PUB"", ""TYPE_OF_TRANSFORMATION"": ""IX""}}"
MUS,cpi_index_all_items_quarterly_imf,2023-Q3,quarterly,100.24637112403097,\N,derived,IMF_CPI,IMF|ACCESS_SHARING_LEVEL=PUBLIC_OPEN|COICOP_1999=_T|COMMON_REFERENCE_PERIOD=2023A|FREQUENCY=M|IFS_FLAG=true|INDEX_TYPE=CPI|OVERLAP=OL|SCALE=0|SECURITY_CLASSIFICATION=PUB|TYPE_OF_TRANSFORMATION=IX|aggregation=quarterly_mean,\N,"{""aggregation_method"": ""quarterly_mean"", ""source_derivation_types"": [""O"", ""O"", ""O""], ""source_months"": [""2023-M07"", ""2023-M08"", ""2023-M09""], ""source_observation_count"": 3, ""source_series_dimensions"": {""ACCESS_SHARING_LEVEL"": ""PUBLIC_OPEN"", ""COICOP_1999"": ""_T"", ""COMMON_REFERENCE_PERIOD"": ""2023A"", ""COUNTRY"": ""MUS"", ""FREQUENCY"": ""M"", ""IFS_FLAG"": ""true"", ""INDEX_TYPE"": ""CPI"", ""OVERLAP"": ""OL"", ""SCALE"": ""0"", ""SECURITY_CLASSIFICATION"": ""PUB"", ""TYPE_OF_TRANSFORMATION"": ""IX""}}"
MUS,cpi_index_all_items_quarterly_imf,2023-Q4,quarterly,100.4496075581395,\N,derived,IMF_CPI,IMF|ACCESS_SHARING_LEVEL=PUBLIC_OPEN|COICOP_1999=_T|COMMON_REFERENCE_PERIOD=2023A|FREQUENCY=M|IFS_FLAG=true|INDEX_TYPE=CPI|OVERLAP=OL|SCALE=0|SECURITY_CLASSIFICATION=PUB|TYPE_OF_TRANSFORMATION=IX|aggregation=quarterly_mean,\N,"{""aggregation_method"": ""quarterly_mean"", ""source_derivation_types"": [""O"", ""O"", ""O""], ""source_months"": [""2023-M10"", ""2023-M11"", ""2023-M12""], ""source_observation_count"": 3, ""source_series_dimensions"": {""ACCESS_SHARING_LEVEL"": ""PUBLIC_OPEN"", ""COICOP_1999"": ""_T"", ""COMMON_REFERENCE_PERIOD"": ""2023A"", ""COUNTRY"": ""MUS"", ""FREQUENCY"": ""M"", ""IFS_FLAG"": ""true"", ""INDEX_TYPE"": ""CPI"", ""OVERLAP"": ""OL"", ""SCALE"": ""0"", ""SECURITY_CLASSIFICATION"": ""PUB"", ""TYPE_OF_TRANSFORMATION"": ""IX""}}"
MWI,cpi_index_all_items_quarterly_imf,2023-Q1,quarterly,134.26666666666665,\N,derived,IMF_CPI,IMF|ACCESS_SHARING_LEVEL=PUBLIC_OPEN|COICOP_1999=_T|COMMON_REFERENCE_PERIOD=2021M12|FREQUENCY=M|IFS_FLAG=true|INDEX_TYPE=CPI|OVERLAP=OL|SCALE=0|SECURITY_CLASSIFICATION=PUB|TYPE_OF_TRANSFORMATION=IX|aggregation=quarterly_mean,\N,"{""aggregation_method"": ""quarterly_mean"", ""source_derivation_types"": [""O"", ""O"", ""O""], ""source_months"": [""2023-M01"", ""2023-M02"", ""2023-M03""], ""source_observation_count"": 3, ""source_series_dimensions"": {""ACCESS_SHARING_LEVEL"": ""PUBLIC_OPEN"", ""COICOP_1999"": ""_T"", ""COMMON_REFERENCE_PERIOD"": ""2021M12"", ""COUNTRY"": ""MWI"", ""FREQUENCY"": ""M"", ""IFS_FLAG"": ""true"", ""INDEX_TYPE"": ""CPI"", ""OVERLAP"": ""OL"", ""SCALE"": ""0"", ""SECURITY_CLASSIFICATION"": ""PUB"", ""TYPE_OF_TRANSFORMATION"": ""IX""}}"
MWI,cpi_index_all_items_quarterly_imf,2023-Q2,quarterly,136.66666666666666,\N,derived,IMF_CPI,IMF|ACCESS_SHARING_LEVEL=PUBLIC_OPEN|COICOP_1999=_T|COMMON_REFERENCE_PERIOD=2021M12|FREQUENCY=M|IFS_FLAG=true|INDEX_TYPE=CPI|OVERLAP=OL|SCALE=0|SECURITY_CLASSIFICATION=PUB|TYPE_OF_TRANSFORMATION=IX|aggregation=quarterly_mean,\N,"{""aggregation_method"": ""quarterly_mean"", ""source_derivation_types"": [""O"", ""O"", ""O""], ""source_months"": [""2023-M04"", ""2023-M05"", ""2023-M06""], ""source_observation_count"": 3, ""source_series_dimensions"": {""ACCESS_SHARING_LEVEL"": ""PUBLIC_OPEN"", ""COICOP_1999"": ""_T"", ""COMMON_REFERENCE_PERIOD"": ""2021M12"", ""COUNTRY"": ""MWI"", ""FREQUENCY"": ""M"", ""IFS_FLAG"": ""true"", ""INDEX_TYPE"": ""CPI"", ""OVERLAP"": ""OL"", ""SCALE"": ""0"", ""SECURITY_CLASSIFICATION"": ""PUB"", ""TYPE_OF_TRANSFORMATION"": ""IX""}}"
MWI,cpi_index_all_items_quarterly_imf,2023-Q3,quarterly,144.06666666666663,\N,derived,IMF_CPI,IMF|ACCESS_SHARING_LEVEL=PUBLIC_OPEN|COICOP_1999=_T|COMMON_REFERENCE_PERIOD=2021M12|FREQUENCY=M|IFS_FLAG=true|INDEX_TYPE=CPI|OVERLAP=OL|SCALE=0|SECURITY_CLASSIFICATION=PUB|TYPE_OF_TRANSFORMATION=IX|aggregation=quarterly_mean,\N,"{""aggregation_method"": ""quarterly_mean"", ""source_derivation_types"": [""O"", ""O"", ""O""], ""source_months"": [""2023-M07"", ""2023-M08"", ""2023-M09""], ""source_observation_count"": 3, ""source_series_dimensions"": {""ACCESS_SHARING_LEVEL"": ""PUBLIC_OPEN"", ""COICOP_1999"": ""_T"", ""COMMON_REFERENCE_PERIOD"": ""2021M12"", ""COUNTRY"": ""MWI"", ""FREQUENCY"": ""M"", ""IFS_FLAG"": ""true"", ""INDEX_TYPE"": ""CPI"", ""OVERLAP"": ""OL"", ""SCALE"": ""0"", ""SECURITY_CLASSIFICATION"": ""PUB"", ""TYPE_OF_TRANSFORMATION"": ""IX""}}"
MWI,cpi_index_all_items_quarterly_imf,2023-Q4,quarterly,160.93333333333334,\N,derived,IMF_CPI,IMF|ACCESS_SHARING_LEVEL=PUBLIC_OPEN|COICOP_1999=_T|COMMON_REFERENCE_PERIOD=2021M12|FREQUENCY=M|IFS_FLAG=true|INDEX_TYPE=CPI|OVERLAP=OL|SCALE=0|SECURITY_CLASSIFICATION=PUB|TYPE_OF_TRANSFORMATION=IX|aggregation=quarterly_mean,\N,"{""aggregation_method"": ""quarterly_mean"", ""source_derivation_types"": [""O"", ""O"", ""O""], ""source_months"": [""2023-M10"", ""2023-M11"", ""2023-M12""], ""source_observation_count"": 3, ""source_series_dimensions"": {""ACCESS_SHARING_LEVEL"": ""PUBLIC_OPEN"", ""COICOP_1999"": ""_T"", ""COMMON_REFERENCE_PERIOD"": ""2021M12"", ""COUNTRY"": ""MWI"", ""FREQUENCY"": ""M"", ""IFS_FLAG"": ""true"", ""INDEX_TYPE"": ""CPI"", ""OVERLAP"": ""OL"", ""SCALE"": ""0"", ""SECURITY_CLASSIFICATION"": ""PUB"", ""TYPE_OF_TRANSFORMATION"": ""IX""}}"
MYS,cpi_index_all_items_quarterly_imf,2023-Q1,quarterly,129.73333333333335,\N,derived,IMF_CPI,IMF|ACCESS_SHARING_LEVEL=PUBLIC_OPEN|COICOP_1999=_T|COMMON_REFERENCE_PERIOD=2010A|FREQUENCY=M|IFS_FLAG=true|INDEX_TYPE=CPI|OVERLAP=OL|SCALE=0|SECURITY_CLASSIFICATION=PUB|TYPE_OF_TRANSFORMATION=IX|aggregation=quarterly_mean,\N,"{""aggregation_method"": ""quarterly_mean"", ""source_derivation_types"": [""O"", ""O"", ""O""], ""source_months"": [""2023-M01"", ""2023-M02"", ""2023-M03""], ""source_observation_count"": 3, ""source_series_dimensions"": {""ACCESS_SHARING_LEVEL"": ""PUBLIC_OPEN"", ""COICOP_1999"": ""_T"", ""COMMON_REFERENCE_PERIOD"": ""2010A"", ""COUNTRY"": ""MYS"", ""FREQUENCY"": ""M"", ""IFS_FLAG"": ""true"", ""INDEX_TYPE"": ""CPI"", ""OVERLAP"": ""OL"", ""SCALE"": ""0"", ""SECURITY_CLASSIFICATION"": ""PUB"", ""TYPE_OF_TRANSFORMATION"": ""IX""}}"
MYS,cpi_index_all_items_quarterly_imf,2023-Q2,quarterly,130.20000000000002,\N,derived,IMF_CPI,IMF|ACCESS_SHARING_LEVEL=PUBLIC_OPEN|COICOP_1999=_T|COMMON_REFERENCE_PERIOD=2010A|FREQUENCY=M|IFS_FLAG=true|INDEX_TYPE=CPI|OVERLAP=OL|SCALE=0|SECURITY_CLASSIFICATION=PUB|TYPE_OF_TRANSFORMATION=IX|aggregation=quarterly_mean,\N,"{""aggregation_method"": ""quarterly_mean"", ""source_derivation_types"": [""O"", ""O"", ""O""], ""source_months"": [""2023-M04"", ""2023-M05"", ""2023-M06""], ""source_observation_count"": 3, ""source_series_dimensions"": {""ACCESS_SHARING_LEVEL"": ""PUBLIC_OPEN"", ""COICOP_1999"": ""_T"", ""COMMON_REFERENCE_PERIOD"": ""2010A"", ""COUNTRY"": ""MYS"", ""FREQUENCY"": ""M"", ""IFS_FLAG"": ""true"", ""INDEX_TYPE"": ""CPI"", ""OVERLAP"": ""OL"", ""SCALE"": ""0"", ""SECURITY_CLASSIFICATION"": ""PUB"", ""TYPE_OF_TRANSFORMATION"": ""IX""}}"
MYS,cpi_index_all_items_quarterly_imf,2023-Q3,quarterly,130.66666666666666,\N,derived,IMF_CPI,IMF|ACCESS_SHARING_LEVEL=PUBLIC_OPEN|COICOP_1999=_T|COMMON_REFERENCE_PERIOD=2010A|FREQUENCY=M|IFS_FLAG=true|INDEX_TYPE=CPI|OVERLAP=OL|SCALE=0|SECURITY_CLASSIFICATION=PUB|TYPE_OF_TRANSFORMATION=IX|aggregation=quarterly_mean,\N,"{""aggregation_method"": ""quarterly_mean"", ""source_derivation_types"": [""O"", ""O"", ""O""], ""source_months"": [""2023-M07"", ""2023-M08"", ""2023-M09""], ""source_observation_count"": 3, ""source_series_dimensions"": {""ACCESS_SHARING_LEVEL"": ""PUBLIC_OPEN"", ""COICOP_1999"": ""_T"", ""COMMON_REFERENCE_PERIOD"": ""2010A"", ""COUNTRY"": ""MYS"", ""FREQUENCY"": ""M"", ""IFS_FLAG"": ""true"", ""INDEX_TYPE"": ""CPI"", ""OVERLAP"": ""OL"", ""SCALE"": ""0"", ""SECURITY_CLASSIFICATION"": ""PUB"", ""TYPE_OF_TRANSFORMATION"": ""IX""}}"
MYS,cpi_index_all_items_quarterly_imf,2023-Q4,quarterly,131.0,\N,derived,IMF_CPI,IMF|ACCESS_SHARING_LEVEL=PUBLIC_OPEN|COICOP_1999=_T|COMMON_REFERENCE_PERIOD=2010A|FREQUENCY=M|IFS_FLAG=true|INDEX_TYPE=CPI|OVERLAP=OL|SCALE=0|SECURITY_CLASSIFICATION=PUB|TYPE_OF_TRANSFORMATION=IX|aggregation=quarterly_mean,\N,"{""aggregation_method"": ""quarterly_mean"", ""source_derivation_types"": [""O"", ""O"", ""O""], ""source_months"": [""2023-M10"", ""2023-M11"", ""2023-M12""], ""source_observation_count"": 3, ""source_series_dimensions"": {""ACCESS_SHARING_LEVEL"": ""PUBLIC_OPEN"", ""COICOP_1999"": ""_T"", ""COMMON_REFERENCE_PERIOD"": ""2010A"", ""COUNTRY"": ""MYS"", ""FREQUENCY"": ""M"", ""IFS_FLAG"": ""true"", ""INDEX_TYPE"": ""CPI"", ""OVERLAP"": ""OL"", ""SCALE"": ""0"", ""SECURITY_CLASSIFICATION"": ""PUB"", ""TYPE_OF_TRANSFORMATION"": ""IX""}}"
NAM,cpi_index_all_items_quarterly_imf,2023-Q1,quarterly,160.93281248388735,\N,derived,IMF_CPI,IMF|ACCESS_SHARING_LEVEL=PUBLIC_OPEN|COICOP_1999=_T|COMMON_REFERENCE_PERIOD=2012M12|FREQUENCY=M|IFS_FLAG=true|INDEX_TYPE=CPI|OVERLAP=OL|SCALE=0|SECURITY_CLASSIFICATION=PUB|TYPE_OF_TRANSFORMATION=IX|aggregation=quarterly_mean,\N,"{""aggregation_method"": ""quarterly_mean"", ""source_derivation_types"": [""O"", ""O"", ""O""], ""source_months"": [""2023-M01"", ""2023-M02"", ""2023-M03""], ""source_observation_count"": 3, ""source_series_dimensions"": {""ACCESS_SHARING_LEVEL"": ""PUBLIC_OPEN"", ""COICOP_1999"": ""_T"", ""COMMON_REFERENCE_PERIOD"": ""2012M12"", ""COUNTRY"": ""NAM"", ""FREQUENCY"": ""M"", ""IFS_FLAG"": ""true"", ""INDEX_TYPE"": ""CPI"", ""OVERLAP"": ""OL"", ""SCALE"": ""0"", ""SECURITY_CLASSIFICATION"": ""PUB"", ""TYPE_OF_TRANSFORMATION"": ""IX""}}"
NAM,cpi_index_all_items_quarterly_imf,2023-Q2,quarterly,162.67152102558734,\N,derived,IMF_CPI,IMF|ACCESS_SHARING_LEVEL=PUBLIC_OPEN|COICOP_1999=_T|COMMON_REFERENCE_PERIOD=2012M12|FREQUENCY=M|IFS_FLAG=true|INDEX_TYPE=CPI|OVERLAP=OL|SCALE=0|SECURITY_CLASSIFICATION=PUB|TYPE_OF_TRANSFORMATION=IX|aggregation=quarterly_mean,\N,"{""aggregation_method"": ""quarterly_mean"", ""source_derivation_types"": [""O"", ""O"", ""O""], ""source_months"": [""2023-M04"", ""2023-M05"", ""2023-M06""], ""source_observation_count"": 3, ""source_series_dimensions"": {""ACCESS_SHARING_LEVEL"": ""PUBLIC_OPEN"", ""COICOP_1999"": ""_T"", ""COMMON_REFERENCE_PERIOD"": ""2012M12"", ""COUNTRY"": ""NAM"", ""FREQUENCY"": ""M"", ""IFS_FLAG"": ""true"", ""INDEX_TYPE"": ""CPI"", ""OVERLAP"": ""OL"", ""SCALE"": ""0"", ""SECURITY_CLASSIFICATION"": ""PUB"", ""TYPE_OF_TRANSFORMATION"": ""IX""}}"
NAM,cpi_index_all_items_quarterly_imf,2023-Q3,quarterly,164.210489956075,\N,derived,IMF_CPI,IMF|ACCESS_SHARING_LEVEL=PUBLIC_OPEN|COICOP_1999=_T|COMMON_REFERENCE_PERIOD=2012M12|FREQUENCY=M|IFS_FLAG=true|INDEX_TYPE=CPI|OVERLAP=OL|SCALE=0|SECURITY_CLASSIFICATION=PUB|TYPE_OF_TRANSFORMATION=IX|aggregation=quarterly_mean,\N,"{""aggregation_method"": ""quarterly_mean"", ""source_derivation_types"": [""O"", ""O"", ""O""], ""source_months"": [""2023-M07"", ""2023-M08"", ""2023-M09""], ""source_observation_count"": 3, ""source_series_dimensions"": {""ACCESS_SHARING_LEVEL"": ""PUBLIC_OPEN"", ""COICOP_1999"": ""_T"", ""COMMON_REFERENCE_PERIOD"": ""2012M12"", ""COUNTRY"": ""NAM"", ""FREQUENCY"": ""M"", ""IFS_FLAG"": ""true"", ""INDEX_TYPE"": ""CPI"", ""OVERLAP"": ""OL"", ""SCALE"": ""0"", ""SECURITY_CLASSIFICATION"": ""PUB"", ""TYPE_OF_TRANSFORMATION"": ""IX""}}"
NAM,cpi_index_all_items_quarterly_imf,2023-Q4,quarterly,166.82901610114303,\N,derived,IMF_CPI,IMF|ACCESS_SHARING_LEVEL=PUBLIC_OPEN|COICOP_1999=_T|COMMON_REFERENCE_PERIOD=2012M12|FREQUENCY=M|IFS_FLAG=true|INDEX_TYPE=CPI|OVERLAP=OL|SCALE=0|SECURITY_CLASSIFICATION=PUB|TYPE_OF_TRANSFORMATION=IX|aggregation=quarterly_mean,\N,"{""aggregation_method"": ""quarterly_mean"", ""source_derivation_types"": [""O"", ""O"", ""O""], ""source_months"": [""2023-M10"", ""2023-M11"", ""2023-M12""], ""source_observation_count"": 3, ""source_series_dimensions"": {""ACCESS_SHARING_LEVEL"": ""PUBLIC_OPEN"", ""COICOP_1999"": ""_T"", ""COMMON_REFERENCE_PERIOD"": ""2012M12"", ""COUNTRY"": ""NAM"", ""FREQUENCY"": ""M"", ""IFS_FLAG"": ""true"", ""INDEX_TYPE"": ""CPI"", ""OVERLAP"": ""OL"", ""SCALE"": ""0"", ""SECURITY_CLASSIFICATION"": ""PUB"", ""TYPE_OF_TRANSFORMATION"": ""IX""}}"
NER,cpi_index_all_items_quarterly_imf,2023-Q1,quarterly,96.52714097496705,\N,derived,IMF_CPI,IMF|ACCESS_SHARING_LEVEL=PUBLIC_OPEN|COICOP_1999=_T|COMMON_REFERENCE_PERIOD=2023A|FREQUENCY=M|IFS_FLAG=true|INDEX_TYPE=CPI|OVERLAP=OL|SCALE=0|SECURITY_CLASSIFICATION=PUB|TYPE_OF_TRANSFORMATION=IX|aggregation=quarterly_mean,\N,"{""aggregation_method"": ""quarterly_mean"", ""source_derivation_types"": [""O"", ""O"", ""O""], ""source_months"": [""2023-M01"", ""2023-M02"", ""2023-M03""], ""source_observation_count"": 3, ""source_series_dimensions"": {""ACCESS_SHARING_LEVEL"": ""PUBLIC_OPEN"", ""COICOP_1999"": ""_T"", ""COMMON_REFERENCE_PERIOD"": ""2023A"", ""COUNTRY"": ""NER"", ""FREQUENCY"": ""M"", ""IFS_FLAG"": ""true"", ""INDEX_TYPE"": ""CPI"", ""OVERLAP"": ""OL"", ""SCALE"": ""0"", ""SECURITY_CLASSIFICATION"": ""PUB"", ""TYPE_OF_TRANSFORMATION"": ""IX""}}"
NER,cpi_index_all_items_quarterly_imf,2023-Q2,quarterly,97.52226613965745,\N,derived,IMF_CPI,IMF|ACCESS_SHARING_LEVEL=PUBLIC_OPEN|COICOP_1999=_T|COMMON_REFERENCE_PERIOD=2023A|FREQUENCY=M|IFS_FLAG=true|INDEX_TYPE=CPI|OVERLAP=OL|SCALE=0|SECURITY_CLASSIFICATION=PUB|TYPE_OF_TRANSFORMATION=IX|aggregation=quarterly_mean,\N,"{""aggregation_method"": ""quarterly_mean"", ""source_derivation_types"": [""O"", ""O"", ""O""], ""source_months"": [""2023-M04"", ""2023-M05"", ""2023-M06""], ""source_observation_count"": 3, ""source_series_dimensions"": {""ACCESS_SHARING_LEVEL"": ""PUBLIC_OPEN"", ""COICOP_1999"": ""_T"", ""COMMON_REFERENCE_PERIOD"": ""2023A"", ""COUNTRY"": ""NER"", ""FREQUENCY"": ""M"", ""IFS_FLAG"": ""true"", ""INDEX_TYPE"": ""CPI"", ""OVERLAP"": ""OL"", ""SCALE"": ""0"", ""SECURITY_CLASSIFICATION"": ""PUB"", ""TYPE_OF_TRANSFORMATION"": ""IX""}}"
NER,cpi_index_all_items_quarterly_imf,2023-Q3,quarterly,102.9243741765481,\N,derived,IMF_CPI,IMF|ACCESS_SHARING_LEVEL=PUBLIC_OPEN|COICOP_1999=_T|COMMON_REFERENCE_PERIOD=2023A|FREQUENCY=M|IFS_FLAG=true|INDEX_TYPE=CPI|OVERLAP=OL|SCALE=0|SECURITY_CLASSIFICATION=PUB|TYPE_OF_TRANSFORMATION=IX|aggregation=quarterly_mean,\N,"{""aggregation_method"": ""quarterly_mean"", ""source_derivation_types"": [""O"", ""O"", ""O""], ""source_months"": [""2023-M07"", ""2023-M08"", ""2023-M09""], ""source_observation_count"": 3, ""source_series_dimensions"": {""ACCESS_SHARING_LEVEL"": ""PUBLIC_OPEN"", ""COICOP_1999"": ""_T"", ""COMMON_REFERENCE_PERIOD"": ""2023A"", ""COUNTRY"": ""NER"", ""FREQUENCY"": ""M"", ""IFS_FLAG"": ""true"", ""INDEX_TYPE"": ""CPI"", ""OVERLAP"": ""OL"", ""SCALE"": ""0"", ""SECURITY_CLASSIFICATION"": ""PUB"", ""TYPE_OF_TRANSFORMATION"": ""IX""}}"
NER,cpi_index_all_items_quarterly_imf,2023-Q4,quarterly,102.95280632411068,\N,derived,IMF_CPI,IMF|ACCESS_SHARING_LEVEL=PUBLIC_OPEN|COICOP_1999=_T|COMMON_REFERENCE_PERIOD=2023A|FREQUENCY=M|IFS_FLAG=true|INDEX_TYPE=CPI|OVERLAP=OL|SCALE=0|SECURITY_CLASSIFICATION=PUB|TYPE_OF_TRANSFORMATION=IX|aggregation=quarterly_mean,\N,"{""aggregation_method"": ""quarterly_mean"", ""source_derivation_types"": [""O"", ""O"", ""O""], ""source_months"": [""2023-M10"", ""2023-M11"", ""2023-M12""], ""source_observation_count"": 3, ""source_series_dimensions"": {""ACCESS_SHARING_LEVEL"": ""PUBLIC_OPEN"", ""COICOP_1999"": ""_T"", ""COMMON_REFERENCE_PERIOD"": ""2023A"", ""COUNTRY"": ""NER"", ""FREQUENCY"": ""M"", ""IFS_FLAG"": ""true"", ""INDEX_TYPE"": ""CPI"", ""OVERLAP"": ""OL"", ""SCALE"": ""0"", ""SECURITY_CLASSIFICATION"": ""PUB"", ""TYPE_OF_TRANSFORMATION"": ""IX""}}"
NGA,cpi_index_all_items_quarterly_imf,2023-Q1,quarterly,67.95241822696914,\N,derived,IMF_CPI,IMF|ACCESS_SHARING_LEVEL=PUBLIC_OPEN|COICOP_1999=_T|COMMON_REFERENCE_PERIOD=2024A|FREQUENCY=M|IFS_FLAG=true|INDEX_TYPE=CPI|OVERLAP=OL|SCALE=0|SECURITY_CLASSIFICATION=PUB|TYPE_OF_TRANSFORMATION=IX|aggregation=quarterly_mean,\N,"{""aggregation_method"": ""quarterly_mean"", ""source_derivation_types"": [""O"", ""O"", ""O""], ""source_months"": [""2023-M01"", ""2023-M02"", ""2023-M03""], ""source_observation_count"": 3, ""source_series_dimensions"": {""ACCESS_SHARING_LEVEL"": ""PUBLIC_OPEN"", ""COICOP_1999"": ""_T"", ""COMMON_REFERENCE_PERIOD"": ""2024A"", ""COUNTRY"": ""NGA"", ""FREQUENCY"": ""M"", ""IFS_FLAG"": ""true"", ""INDEX_TYPE"": ""CPI"", ""OVERLAP"": ""OL"", ""SCALE"": ""0"", ""SECURITY_CLASSIFICATION"": ""PUB"", ""TYPE_OF_TRANSFORMATION"": ""IX""}}"
NGA,cpi_index_all_items_quarterly_imf,2023-Q2,quarterly,71.91656181773897,\N,derived,IMF_CPI,IMF|ACCESS_SHARING_LEVEL=PUBLIC_OPEN|COICOP_1999=_T|COMMON_REFERENCE_PERIOD=2024A|FREQUENCY=M|IFS_FLAG=true|INDEX_TYPE=CPI|OVERLAP=OL|SCALE=0|SECURITY_CLASSIFICATION=PUB|TYPE_OF_TRANSFORMATION=IX|aggregation=quarterly_mean,\N,"{""aggregation_method"": ""quarterly_mean"", ""source_derivation_types"": [""O"", ""O"", ""O""], ""source_months"": [""2023-M04"", ""2023-M05"", ""2023-M06""], ""source_observation_count"": 3, ""source_series_dimensions"": {""ACCESS_SHARING_LEVEL"": ""PUBLIC_OPEN"", ""COICOP_1999"": ""_T"", ""COMMON_REFERENCE_PERIOD"": ""2024A"", ""COUNTRY"": ""NGA"", ""FREQUENCY"": ""M"", ""IFS_FLAG"": ""true"", ""INDEX_TYPE"": ""CPI"", ""OVERLAP"": ""OL"", ""SCALE"": ""0"", ""SECURITY_CLASSIFICATION"": ""PUB"", ""TYPE_OF_TRANSFORMATION"": ""IX""}}"
NGA,cpi_index_all_items_quarterly_imf,2023-Q3,quarterly,77.65588805401414,\N,derived,IMF_CPI,IMF|ACCESS_SHARING_LEVEL=PUBLIC_OPEN|COICOP_1999=_T|COMMON_REFERENCE_PERIOD=2024A|FREQUENCY=M|IFS_FLAG=true|INDEX_TYPE=CPI|OVERLAP=OL|SCALE=0|SECURITY_CLASSIFICATION=PUB|TYPE_OF_TRANSFORMATION=IX|aggregation=quarterly_mean,\N,"{""aggregation_method"": ""quarterly_mean"", ""source_derivation_types"": [""O"", ""O"", ""O""], ""source_months"": [""2023-M07"", ""2023-M08"", ""2023-M09""], ""source_observation_count"": 3, ""source_series_dimensions"": {""ACCESS_SHARING_LEVEL"": ""PUBLIC_OPEN"", ""COICOP_1999"": ""_T"", ""COMMON_REFERENCE_PERIOD"": ""2024A"", ""COUNTRY"": ""NGA"", ""FREQUENCY"": ""M"", ""IFS_FLAG"": ""true"", ""INDEX_TYPE"": ""CPI"", ""OVERLAP"": ""OL"", ""SCALE"": ""0"", ""SECURITY_CLASSIFICATION"": ""PUB"", ""TYPE_OF_TRANSFORMATION"": ""IX""}}"
NGA,cpi_index_all_items_quarterly_imf,2023-Q4,quarterly,82.68154094490977,\N,derived,IMF_CPI,IMF|ACCESS_SHARING_LEVEL=PUBLIC_OPEN|COICOP_1999=_T|COMMON_REFERENCE_PERIOD=2024A|FREQUENCY=M|IFS_FLAG=true|INDEX_TYPE=CPI|OVERLAP=OL|SCALE=0|SECURITY_CLASSIFICATION=PUB|TYPE_OF_TRANSFORMATION=IX|aggregation=quarterly_mean,\N,"{""aggregation_method"": ""quarterly_mean"", ""source_derivation_types"": [""O"", ""O"", ""O""], ""source_months"": [""2023-M10"", ""2023-M11"", ""2023-M12""], ""source_observation_count"": 3, ""source_series_dimensions"": {""ACCESS_SHARING_LEVEL"": ""PUBLIC_OPEN"", ""COICOP_1999"": ""_T"", ""COMMON_REFERENCE_PERIOD"": ""2024A"", ""COUNTRY"": ""NGA"", ""FREQUENCY"": ""M"", ""IFS_FLAG"": ""true"", ""INDEX_TYPE"": ""CPI"", ""OVERLAP"": ""OL"", ""SCALE"": ""0"", ""SECURITY_CLASSIFICATION"": ""PUB"", ""TYPE_OF_TRANSFORMATION"": ""IX""}}"
NIC,cpi_index_all_items_quarterly_imf,2023-Q1,quarterly,289.24501066666664,\N,derived,IMF_CPI,IMF|ACCESS_SHARING_LEVEL=PUBLIC_OPEN|COICOP_1999=_T|COMMON_REFERENCE_PERIOD=2006A|FREQUENCY=M|IFS_FLAG=true|INDEX_TYPE=CPI|OVERLAP=OL|SCALE=0|SECURITY_CLASSIFICATION=PUB|TYPE_OF_TRANSFORMATION=IX|aggregation=quarterly_mean,\N,"{""aggregation_method"": ""quarterly_mean"", ""source_derivation_types"": [""O"", ""O"", ""O""], ""source_months"": [""2023-M01"", ""2023-M02"", ""2023-M03""], ""source_observation_count"": 3, ""source_series_dimensions"": {""ACCESS_SHARING_LEVEL"": ""PUBLIC_OPEN"", ""COICOP_1999"": ""_T"", ""COMMON_REFERENCE_PERIOD"": ""2006A"", ""COUNTRY"": ""NIC"", ""FREQUENCY"": ""M"", ""IFS_FLAG"": ""true"", ""INDEX_TYPE"": ""CPI"", ""OVERLAP"": ""OL"", ""SCALE"": ""0"", ""SECURITY_CLASSIFICATION"": ""PUB"", ""TYPE_OF_TRANSFORMATION"": ""IX""}}"
NIC,cpi_index_all_items_quarterly_imf,2023-Q2,quarterly,294.5269763333333,\N,derived,IMF_CPI,IMF|ACCESS_SHARING_LEVEL=PUBLIC_OPEN|COICOP_1999=_T|COMMON_REFERENCE_PERIOD=2006A|FREQUENCY=M|IFS_FLAG=true|INDEX_TYPE=CPI|OVERLAP=OL|SCALE=0|SECURITY_CLASSIFICATION=PUB|TYPE_OF_TRANSFORMATION=IX|aggregation=quarterly_mean,\N,"{""aggregation_method"": ""quarterly_mean"", ""source_derivation_types"": [""O"", ""O"", ""O""], ""source_months"": [""2023-M04"", ""2023-M05"", ""2023-M06""], ""source_observation_count"": 3, ""source_series_dimensions"": {""ACCESS_SHARING_LEVEL"": ""PUBLIC_OPEN"", ""COICOP_1999"": ""_T"", ""COMMON_REFERENCE_PERIOD"": ""2006A"", ""COUNTRY"": ""NIC"", ""FREQUENCY"": ""M"", ""IFS_FLAG"": ""true"", ""INDEX_TYPE"": ""CPI"", ""OVERLAP"": ""OL"", ""SCALE"": ""0"", ""SECURITY_CLASSIFICATION"": ""PUB"", ""TYPE_OF_TRANSFORMATION"": ""IX""}}"
NIC,cpi_index_all_items_quarterly_imf,2023-Q3,quarterly,296.32472333333334,\N,derived,IMF_CPI,IMF|ACCESS_SHARING_LEVEL=PUBLIC_OPEN|COICOP_1999=_T|COMMON_REFERENCE_PERIOD=2006A|FREQUENCY=M|IFS_FLAG=true|INDEX_TYPE=CPI|OVERLAP=OL|SCALE=0|SECURITY_CLASSIFICATION=PUB|TYPE_OF_TRANSFORMATION=IX|aggregation=quarterly_mean,\N,"{""aggregation_method"": ""quarterly_mean"", ""source_derivation_types"": [""O"", ""O"", ""O""], ""source_months"": [""2023-M07"", ""2023-M08"", ""2023-M09""], ""source_observation_count"": 3, ""source_series_dimensions"": {""ACCESS_SHARING_LEVEL"": ""PUBLIC_OPEN"", ""COICOP_1999"": ""_T"", ""COMMON_REFERENCE_PERIOD"": ""2006A"", ""COUNTRY"": ""NIC"", ""FREQUENCY"": ""M"", ""IFS_FLAG"": ""true"", ""INDEX_TYPE"": ""CPI"", ""OVERLAP"": ""OL"", ""SCALE"": ""0"", ""SECURITY_CLASSIFICATION"": ""PUB"", ""TYPE_OF_TRANSFORMATION"": ""IX""}}"
NIC,cpi_index_all_items_quarterly_imf,2023-Q4,quarterly,299.021721,\N,derived,IMF_CPI,IMF|ACCESS_SHARING_LEVEL=PUBLIC_OPEN|COICOP_1999=_T|COMMON_REFERENCE_PERIOD=2006A|FREQUENCY=M|IFS_FLAG=true|INDEX_TYPE=CPI|OVERLAP=OL|SCALE=0|SECURITY_CLASSIFICATION=PUB|TYPE_OF_TRANSFORMATION=IX|aggregation=quarterly_mean,\N,"{""aggregation_method"": ""quarterly_mean"", ""source_derivation_types"": [""O"", ""O"", ""O""], ""source_months"": [""2023-M10"", ""2023-M11"", ""2023-M12""], ""source_observation_count"": 3, ""source_series_dimensions"": {""ACCESS_SHARING_LEVEL"": ""PUBLIC_OPEN"", ""COICOP_1999"": ""_T"", ""COMMON_REFERENCE_PERIOD"": ""2006A"", ""COUNTRY"": ""NIC"", ""FREQUENCY"": ""M"", ""IFS_FLAG"": ""true"", ""INDEX_TYPE"": ""CPI"", ""OVERLAP"": ""OL"", ""SCALE"": ""0"", ""SECURITY_CLASSIFICATION"": ""PUB"", ""TYPE_OF_TRANSFORMATION"": ""IX""}}"
NLD,cpi_index_all_items_quarterly_imf,2023-Q1,quarterly,92.30000000000001,\N,derived,IMF_CPI,IMF|ACCESS_SHARING_LEVEL=PUBLIC_OPEN|COICOP_1999=_T|COMMON_REFERENCE_PERIOD=2025A|FREQUENCY=M|IFS_FLAG=true|INDEX_TYPE=CPI|OVERLAP=OL|SCALE=0|SECURITY_CLASSIFICATION=PUB|TYPE_OF_TRANSFORMATION=IX|aggregation=quarterly_mean,\N,"{""aggregation_method"": ""quarterly_mean"", ""source_derivation_types"": [""O"", ""O"", ""O""], ""source_months"": [""2023-M01"", ""2023-M02"", ""2023-M03""], ""source_observation_count"": 3, ""source_series_dimensions"": {""ACCESS_SHARING_LEVEL"": ""PUBLIC_OPEN"", ""COICOP_1999"": ""_T"", ""COMMON_REFERENCE_PERIOD"": ""2025A"", ""COUNTRY"": ""NLD"", ""FREQUENCY"": ""M"", ""IFS_FLAG"": ""true"", ""INDEX_TYPE"": ""CPI"", ""OVERLAP"": ""OL"", ""SCALE"": ""0"", ""SECURITY_CLASSIFICATION"": ""PUB"", ""TYPE_OF_TRANSFORMATION"": ""IX""}}"
NLD,cpi_index_all_items_quarterly_imf,2023-Q2,quarterly,93.71666666666665,\N,derived,IMF_CPI,IMF|ACCESS_SHARING_LEVEL=PUBLIC_OPEN|COICOP_1999=_T|COMMON_REFERENCE_PERIOD=2025A|FREQUENCY=M|IFS_FLAG=true|INDEX_TYPE=CPI|OVERLAP=OL|SCALE=0|SECURITY_CLASSIFICATION=PUB|TYPE_OF_TRANSFORMATION=IX|aggregation=quarterly_mean,\N,"{""aggregation_method"": ""quarterly_mean"", ""source_derivation_types"": [""O"", ""O"", ""O""], ""source_months"": [""2023-M04"", ""2023-M05"", ""2023-M06""], ""source_observation_count"": 3, ""source_series_dimensions"": {""ACCESS_SHARING_LEVEL"": ""PUBLIC_OPEN"", ""COICOP_1999"": ""_T"", ""COMMON_REFERENCE_PERIOD"": ""2025A"", ""COUNTRY"": ""NLD"", ""FREQUENCY"": ""M"", ""IFS_FLAG"": ""true"", ""INDEX_TYPE"": ""CPI"", ""OVERLAP"": ""OL"", ""SCALE"": ""0"", ""SECURITY_CLASSIFICATION"": ""PUB"", ""TYPE_OF_TRANSFORMATION"": ""IX""}}"
NLD,cpi_index_all_items_quarterly_imf,2023-Q3,quarterly,94.68,\N,derived,IMF_CPI,IMF|ACCESS_SHARING_LEVEL=PUBLIC_OPEN|COICOP_1999=_T|COMMON_REFERENCE_PERIOD=2025A|FREQUENCY=M|IFS_FLAG=true|INDEX_TYPE=CPI|OVERLAP=OL|SCALE=0|SECURITY_CLASSIFICATION=PUB|TYPE_OF_TRANSFORMATION=IX|aggregation=quarterly_mean,\N,"{""aggregation_method"": ""quarterly_mean"", ""source_derivation_types"": [""O"", ""O"", ""O""], ""source_months"": [""2023-M07"", ""2023-M08"", ""2023-M09""], ""source_observation_count"": 3, ""source_series_dimensions"": {""ACCESS_SHARING_LEVEL"": ""PUBLIC_OPEN"", ""COICOP_1999"": ""_T"", ""COMMON_REFERENCE_PERIOD"": ""2025A"", ""COUNTRY"": ""NLD"", ""FREQUENCY"": ""M"", ""IFS_FLAG"": ""true"", ""INDEX_TYPE"": ""CPI"", ""OVERLAP"": ""OL"", ""SCALE"": ""0"", ""SECURITY_CLASSIFICATION"": ""PUB"", ""TYPE_OF_TRANSFORMATION"": ""IX""}}"
NLD,cpi_index_all_items_quarterly_imf,2023-Q4,quarterly,94.33333333333333,\N,derived,IMF_CPI,IMF|ACCESS_SHARING_LEVEL=PUBLIC_OPEN|COICOP_1999=_T|COMMON_REFERENCE_PERIOD=2025A|FREQUENCY=M|IFS_FLAG=true|INDEX_TYPE=CPI|OVERLAP=OL|SCALE=0|SECURITY_CLASSIFICATION=PUB|TYPE_OF_TRANSFORMATION=IX|aggregation=quarterly_mean,\N,"{""aggregation_method"": ""quarterly_mean"", ""source_derivation_types"": [""O"", ""O"", ""O""], ""source_months"": [""2023-M10"", ""2023-M11"", ""2023-M12""], ""source_observation_count"": 3, ""source_series_dimensions"": {""ACCESS_SHARING_LEVEL"": ""PUBLIC_OPEN"", ""COICOP_1999"": ""_T"", ""COMMON_REFERENCE_PERIOD"": ""2025A"", ""COUNTRY"": ""NLD"", ""FREQUENCY"": ""M"", ""IFS_FLAG"": ""true"", ""INDEX_TYPE"": ""CPI"", ""OVERLAP"": ""OL"", ""SCALE"": ""0"", ""SECURITY_CLASSIFICATION"": ""PUB"", ""TYPE_OF_TRANSFORMATION"": ""IX""}}"
NOR,cpi_index_all_items_quarterly_imf,2023-Q1,quarterly,92.03333333333335,\N,derived,IMF_CPI,IMF|ACCESS_SHARING_LEVEL=PUBLIC_OPEN|COICOP_1999=_T|COMMON_REFERENCE_PERIOD=2025A|FREQUENCY=M|IFS_FLAG=true|INDEX_TYPE=CPI|OVERLAP=OL|SCALE=0|SECURITY_CLASSIFICATION=PUB|TYPE_OF_TRANSFORMATION=IX|aggregation=quarterly_mean,\N,"{""aggregation_method"": ""quarterly_mean"", ""source_derivation_types"": [""O"", ""O"", ""O""], ""source_months"": [""2023-M01"", ""2023-M02"", ""2023-M03""], ""source_observation_count"": 3, ""source_series_dimensions"": {""ACCESS_SHARING_LEVEL"": ""PUBLIC_OPEN"", ""COICOP_1999"": ""_T"", ""COMMON_REFERENCE_PERIOD"": ""2025A"", ""COUNTRY"": ""NOR"", ""FREQUENCY"": ""M"", ""IFS_FLAG"": ""true"", ""INDEX_TYPE"": ""CPI"", ""OVERLAP"": ""OL"", ""SCALE"": ""0"", ""SECURITY_CLASSIFICATION"": ""PUB"", ""TYPE_OF_TRANSFORMATION"": ""IX""}}"
NOR,cpi_index_all_items_quarterly_imf,2023-Q2,quarterly,94.13333333333333,\N,derived,IMF_CPI,IMF|ACCESS_SHARING_LEVEL=PUBLIC_OPEN|COICOP_1999=_T|COMMON_REFERENCE_PERIOD=2025A|FREQUENCY=M|IFS_FLAG=true|INDEX_TYPE=CPI|OVERLAP=OL|SCALE=0|SECURITY_CLASSIFICATION=PUB|TYPE_OF_TRANSFORMATION=IX|aggregation=quarterly_mean,\N,"{""aggregation_method"": ""quarterly_mean"", ""source_derivation_types"": [""O"", ""O"", ""O""], ""source_months"": [""2023-M04"", ""2023-M05"", ""2023-M06""], ""source_observation_count"": 3, ""source_series_dimensions"": {""ACCESS_SHARING_LEVEL"": ""PUBLIC_OPEN"", ""COICOP_1999"": ""_T"", ""COMMON_REFERENCE_PERIOD"": ""2025A"", ""COUNTRY"": ""NOR"", ""FREQUENCY"": ""M"", ""IFS_FLAG"": ""true"", ""INDEX_TYPE"": ""CPI"", ""OVERLAP"": ""OL"", ""SCALE"": ""0"", ""SECURITY_CLASSIFICATION"": ""PUB"", ""TYPE_OF_TRANSFORMATION"": ""IX""}}"
NOR,cpi_index_all_items_quarterly_imf,2023-Q3,quarterly,94.53333333333335,\N,derived,IMF_CPI,IMF|ACCESS_SHARING_LEVEL=PUBLIC_OPEN|COICOP_1999=_T|COMMON_REFERENCE_PERIOD=2025A|FREQUENCY=M|IFS_FLAG=true|INDEX_TYPE=CPI|OVERLAP=OL|SCALE=0|SECURITY_CLASSIFICATION=PUB|TYPE_OF_TRANSFORMATION=IX|aggregation=quarterly_mean,\N,"{""aggregation_method"": ""quarterly_mean"", ""source_derivation_types"": [""O"", ""O"", ""O""], ""source_months"": [""2023-M07"", ""2023-M08"", ""2023-M09""], ""source_observation_count"": 3, ""source_series_dimensions"": {""ACCESS_SHARING_LEVEL"": ""PUBLIC_OPEN"", ""COICOP_1999"": ""_T"", ""COMMON_REFERENCE_PERIOD"": ""2025A"", ""COUNTRY"": ""NOR"", ""FREQUENCY"": ""M"", ""IFS_FLAG"": ""true"", ""INDEX_TYPE"": ""CPI"", ""OVERLAP"": ""OL"", ""SCALE"": ""0"", ""SECURITY_CLASSIFICATION"": ""PUB"", ""TYPE_OF_TRANSFORMATION"": ""IX""}}"
NOR,cpi_index_all_items_quarterly_imf,2023-Q4,quarterly,95.53333333333335,\N,derived,IMF_CPI,IMF|ACCESS_SHARING_LEVEL=PUBLIC_OPEN|COICOP_1999=_T|COMMON_REFERENCE_PERIOD=2025A|FREQUENCY=M|IFS_FLAG=true|INDEX_TYPE=CPI|OVERLAP=OL|SCALE=0|SECURITY_CLASSIFICATION=PUB|TYPE_OF_TRANSFORMATION=IX|aggregation=quarterly_mean,\N,"{""aggregation_method"": ""quarterly_mean"", ""source_derivation_types"": [""O"", ""O"", ""O""], ""source_months"": [""2023-M10"", ""2023-M11"", ""2023-M12""], ""source_observation_count"": 3, ""source_series_dimensions"": {""ACCESS_SHARING_LEVEL"": ""PUBLIC_OPEN"", ""COICOP_1999"": ""_T"", ""COMMON_REFERENCE_PERIOD"": ""2025A"", ""COUNTRY"": ""NOR"", ""FREQUENCY"": ""M"", ""IFS_FLAG"": ""true"", ""INDEX_TYPE"": ""CPI"", ""OVERLAP"": ""OL"", ""SCALE"": ""0"", ""SECURITY_CLASSIFICATION"": ""PUB"", ""TYPE_OF_TRANSFORMATION"": ""IX""}}"
NPL,cpi_index_all_items_quarterly_imf,2023-Q1,quarterly,94.25712611374252,\N,derived,IMF_CPI,IMF|ACCESS_SHARING_LEVEL=PUBLIC_OPEN|COICOP_1999=_T|COMMON_REFERENCE_PERIOD=2023/24|FREQUENCY=M|IFS_FLAG=true|INDEX_TYPE=CPI|OVERLAP=OL|SCALE=0|SECURITY_CLASSIFICATION=PUB|TYPE_OF_TRANSFORMATION=IX|aggregation=quarterly_mean,\N,"{""aggregation_method"": ""quarterly_mean"", ""source_derivation_types"": [""O"", ""O"", ""O""], ""source_months"": [""2023-M01"", ""2023-M02"", ""2023-M03""], ""source_observation_count"": 3, ""source_series_dimensions"": {""ACCESS_SHARING_LEVEL"": ""PUBLIC_OPEN"", ""COICOP_1999"": ""_T"", ""COMMON_REFERENCE_PERIOD"": ""2023/24"", ""COUNTRY"": ""NPL"", ""FREQUENCY"": ""M"", ""IFS_FLAG"": ""true"", ""INDEX_TYPE"": ""CPI"", ""OVERLAP"": ""OL"", ""SCALE"": ""0"", ""SECURITY_CLASSIFICATION"": ""PUB"", ""TYPE_OF_TRANSFORMATION"": ""IX""}}"
NPL,cpi_index_all_items_quarterly_imf,2023-Q2,quarterly,96.83139642145346,\N,derived,IMF_CPI,IMF|ACCESS_SHARING_LEVEL=PUBLIC_OPEN|COICOP_1999=_T|COMMON_REFERENCE_PERIOD=2023/24|FREQUENCY=M|IFS_FLAG=true|INDEX_TYPE=CPI|OVERLAP=OL|SCALE=0|SECURITY_CLASSIFICATION=PUB|TYPE_OF_TRANSFORMATION=IX|aggregation=quarterly_mean,\N,"{""aggregation_method"": ""quarterly_mean"", ""source_derivation_types"": [""O"", ""O"", ""O""], ""source_months"": [""2023-M04"", ""2023-M05"", ""2023-M06""], ""source_observation_count"": 3, ""source_series_dimensions"": {""ACCESS_SHARING_LEVEL"": ""PUBLIC_OPEN"", ""COICOP_1999"": ""_T"", ""COMMON_REFERENCE_PERIOD"": ""2023/24"", ""COUNTRY"": ""NPL"", ""FREQUENCY"": ""M"", ""IFS_FLAG"": ""true"", ""INDEX_TYPE"": ""CPI"", ""OVERLAP"": ""OL"", ""SCALE"": ""0"", ""SECURITY_CLASSIFICATION"": ""PUB"", ""TYPE_OF_TRANSFORMATION"": ""IX""}}"
NPL,cpi_index_all_items_quarterly_imf,2023-Q3,quarterly,99.29438050650249,\N,derived,IMF_CPI,IMF|ACCESS_SHARING_LEVEL=PUBLIC_OPEN|COICOP_1999=_T|COMMON_REFERENCE_PERIOD=2023/24|FREQUENCY=M|IFS_FLAG=true|INDEX_TYPE=CPI|OVERLAP=OL|SCALE=0|SECURITY_CLASSIFICATION=PUB|TYPE_OF_TRANSFORMATION=IX|aggregation=quarterly_mean,\N,"{""aggregation_method"": ""quarterly_mean"", ""source_derivation_types"": [""O"", ""O"", ""O""], ""source_months"": [""2023-M07"", ""2023-M08"", ""2023-M09""], ""source_observation_count"": 3, ""source_series_dimensions"": {""ACCESS_SHARING_LEVEL"": ""PUBLIC_OPEN"", ""COICOP_1999"": ""_T"", ""COMMON_REFERENCE_PERIOD"": ""2023/24"", ""COUNTRY"": ""NPL"", ""FREQUENCY"": ""M"", ""IFS_FLAG"": ""true"", ""INDEX_TYPE"": ""CPI"", ""OVERLAP"": ""OL"", ""SCALE"": ""0"", ""SECURITY_CLASSIFICATION"": ""PUB"", ""TYPE_OF_TRANSFORMATION"": ""IX""}}"
NPL,cpi_index_all_items_quarterly_imf,2023-Q4,quarterly,99.44991666666665,\N,derived,IMF_CPI,IMF|ACCESS_SHARING_LEVEL=PUBLIC_OPEN|COICOP_1999=_T|COMMON_REFERENCE_PERIOD=2023/24|FREQUENCY=M|IFS_FLAG=true|INDEX_TYPE=CPI|OVERLAP=OL|SCALE=0|SECURITY_CLASSIFICATION=PUB|TYPE_OF_TRANSFORMATION=IX|aggregation=quarterly_mean,\N,"{""aggregation_method"": ""quarterly_mean"", ""source_derivation_types"": [""O"", ""O"", ""O""], ""source_months"": [""2023-M10"", ""2023-M11"", ""2023-M12""], ""source_observation_count"": 3, ""source_series_dimensions"": {""ACCESS_SHARING_LEVEL"": ""PUBLIC_OPEN"", ""COICOP_1999"": ""_T"", ""COMMON_REFERENCE_PERIOD"": ""2023/24"", ""COUNTRY"": ""NPL"", ""FREQUENCY"": ""M"", ""IFS_FLAG"": ""true"", ""INDEX_TYPE"": ""CPI"", ""OVERLAP"": ""OL"", ""SCALE"": ""0"", ""SECURITY_CLASSIFICATION"": ""PUB"", ""TYPE_OF_TRANSFORMATION"": ""IX""}}"
OMN,cpi_index_all_items_quarterly_imf,2023-Q1,quarterly,105.39999999999999,\N,derived,IMF_CPI,IMF|ACCESS_SHARING_LEVEL=PUBLIC_OPEN|COICOP_1999=_T|COMMON_REFERENCE_PERIOD=2018A|FREQUENCY=M|IFS_FLAG=true|INDEX_TYPE=CPI|OVERLAP=OL|SCALE=0|SECURITY_CLASSIFICATION=PUB|TYPE_OF_TRANSFORMATION=IX|aggregation=quarterly_mean,\N,"{""aggregation_method"": ""quarterly_mean"", ""source_derivation_types"": [""O"", ""O"", ""O""], ""source_months"": [""2023-M01"", ""2023-M02"", ""2023-M03""], ""source_observation_count"": 3, ""source_series_dimensions"": {""ACCESS_SHARING_LEVEL"": ""PUBLIC_OPEN"", ""COICOP_1999"": ""_T"", ""COMMON_REFERENCE_PERIOD"": ""2018A"", ""COUNTRY"": ""OMN"", ""FREQUENCY"": ""M"", ""IFS_FLAG"": ""true"", ""INDEX_TYPE"": ""CPI"", ""OVERLAP"": ""OL"", ""SCALE"": ""0"", ""SECURITY_CLASSIFICATION"": ""PUB"", ""TYPE_OF_TRANSFORMATION"": ""IX""}}"
OMN,cpi_index_all_items_quarterly_imf,2023-Q2,quarterly,104.96666666666665,\N,derived,IMF_CPI,IMF|ACCESS_SHARING_LEVEL=PUBLIC_OPEN|COICOP_1999=_T|COMMON_REFERENCE_PERIOD=2018A|FREQUENCY=M|IFS_FLAG=true|INDEX_TYPE=CPI|OVERLAP=OL|SCALE=0|SECURITY_CLASSIFICATION=PUB|TYPE_OF_TRANSFORMATION=IX|aggregation=quarterly_mean,\N,"{""aggregation_method"": ""quarterly_mean"", ""source_derivation_types"": [""O"", ""O"", ""O""], ""source_months"": [""2023-M04"", ""2023-M05"", ""2023-M06""], ""source_observation_count"": 3, ""source_series_dimensions"": {""ACCESS_SHARING_LEVEL"": ""PUBLIC_OPEN"", ""COICOP_1999"": ""_T"", ""COMMON_REFERENCE_PERIOD"": ""2018A"", ""COUNTRY"": ""OMN"", ""FREQUENCY"": ""M"", ""IFS_FLAG"": ""true"", ""INDEX_TYPE"": ""CPI"", ""OVERLAP"": ""OL"", ""SCALE"": ""0"", ""SECURITY_CLASSIFICATION"": ""PUB"", ""TYPE_OF_TRANSFORMATION"": ""IX""}}"
OMN,cpi_index_all_items_quarterly_imf,2023-Q3,quarterly,105.13333333333333,\N,derived,IMF_CPI,IMF|ACCESS_SHARING_LEVEL=PUBLIC_OPEN|COICOP_1999=_T|COMMON_REFERENCE_PERIOD=2018A|FREQUENCY=M|IFS_FLAG=true|INDEX_TYPE=CPI|OVERLAP=OL|SCALE=0|SECURITY_CLASSIFICATION=PUB|TYPE_OF_TRANSFORMATION=IX|aggregation=quarterly_mean,\N,"{""aggregation_method"": ""quarterly_mean"", ""source_derivation_types"": [""O"", ""O"", ""O""], ""source_months"": [""2023-M07"", ""2023-M08"", ""2023-M09""], ""source_observation_count"": 3, ""source_series_dimensions"": {""ACCESS_SHARING_LEVEL"": ""PUBLIC_OPEN"", ""COICOP_1999"": ""_T"", ""COMMON_REFERENCE_PERIOD"": ""2018A"", ""COUNTRY"": ""OMN"", ""FREQUENCY"": ""M"", ""IFS_FLAG"": ""true"", ""INDEX_TYPE"": ""CPI"", ""OVERLAP"": ""OL"", ""SCALE"": ""0"", ""SECURITY_CLASSIFICATION"": ""PUB"", ""TYPE_OF_TRANSFORMATION"": ""IX""}}"
OMN,cpi_index_all_items_quarterly_imf,2023-Q4,quarterly,105.66666666666667,\N,derived,IMF_CPI,IMF|ACCESS_SHARING_LEVEL=PUBLIC_OPEN|COICOP_1999=_T|COMMON_REFERENCE_PERIOD=2018A|FREQUENCY=M|IFS_FLAG=true|INDEX_TYPE=CPI|OVERLAP=OL|SCALE=0|SECURITY_CLASSIFICATION=PUB|TYPE_OF_TRANSFORMATION=IX|aggregation=quarterly_mean,\N,"{""aggregation_method"": ""quarterly_mean"", ""source_derivation_types"": [""O"", ""O"", ""O""], ""source_months"": [""2023-M10"", ""2023-M11"", ""2023-M12""], ""source_observation_count"": 3, ""source_series_dimensions"": {""ACCESS_SHARING_LEVEL"": ""PUBLIC_OPEN"", ""COICOP_1999"": ""_T"", ""COMMON_REFERENCE_PERIOD"": ""2018A"", ""COUNTRY"": ""OMN"", ""FREQUENCY"": ""M"", ""IFS_FLAG"": ""true"", ""INDEX_TYPE"": ""CPI"", ""OVERLAP"": ""OL"", ""SCALE"": ""0"", ""SECURITY_CLASSIFICATION"": ""PUB"", ""TYPE_OF_TRANSFORMATION"": ""IX""}}"
PAK,cpi_index_all_items_quarterly_imf,2023-Q1,quarterly,210.9820612179668,\N,derived,IMF_CPI,IMF|ACCESS_SHARING_LEVEL=PUBLIC_OPEN|COICOP_1999=_T|COMMON_REFERENCE_PERIOD=2015/2016|FREQUENCY=M|IFS_FLAG=true|INDEX_TYPE=CPI|OVERLAP=OL|SCALE=0|SECURITY_CLASSIFICATION=PUB|TYPE_OF_TRANSFORMATION=IX|aggregation=quarterly_mean,\N,"{""aggregation_method"": ""quarterly_mean"", ""source_derivation_types"": [""O"", ""O"", ""O""], ""source_months"": [""2023-M01"", ""2023-M02"", ""2023-M03""], ""source_observation_count"": 3, ""source_series_dimensions"": {""ACCESS_SHARING_LEVEL"": ""PUBLIC_OPEN"", ""COICOP_1999"": ""_T"", ""COMMON_REFERENCE_PERIOD"": ""2015/2016"", ""COUNTRY"": ""PAK"", ""FREQUENCY"": ""M"", ""IFS_FLAG"": ""true"", ""INDEX_TYPE"": ""CPI"", ""OVERLAP"": ""OL"", ""SCALE"": ""0"", ""SECURITY_CLASSIFICATION"": ""PUB"", ""TYPE_OF_TRANSFORMATION"": ""IX""}}"
PAK,cpi_index_all_items_quarterly_imf,2023-Q2,quarterly,226.58172067422493,\N,derived,IMF_CPI,IMF|ACCESS_SHARING_LEVEL=PUBLIC_OPEN|COICOP_1999=_T|COMMON_REFERENCE_PERIOD=2015/2016|FREQUENCY=M|IFS_FLAG=true|INDEX_TYPE=CPI|OVERLAP=OL|SCALE=0|SECURITY_CLASSIFICATION=PUB|TYPE_OF_TRANSFORMATION=IX|aggregation=quarterly_mean,\N,"{""aggregation_method"": ""quarterly_mean"", ""source_derivation_types"": [""O"", ""O"", ""O""], ""source_months"": [""2023-M04"", ""2023-M05"", ""2023-M06""], ""source_observation_count"": 3, ""source_series_dimensions"": {""ACCESS_SHARING_LEVEL"": ""PUBLIC_OPEN"", ""COICOP_1999"": ""_T"", ""COMMON_REFERENCE_PERIOD"": ""2015/2016"", ""COUNTRY"": ""PAK"", ""FREQUENCY"": ""M"", ""IFS_FLAG"": ""true"", ""INDEX_TYPE"": ""CPI"", ""OVERLAP"": ""OL"", ""SCALE"": ""0"", ""SECURITY_CLASSIFICATION"": ""PUB"", ""TYPE_OF_TRANSFORMATION"": ""IX""}}"
PAK,cpi_index_all_items_quarterly_imf,2023-Q3,quarterly,239.51668739541617,\N,derived,IMF_CPI,IMF|ACCESS_SHARING_LEVEL=PUBLIC_OPEN|COICOP_1999=_T|COMMON_REFERENCE_PERIOD=2015/2016|FREQUENCY=M|IFS_FLAG=true|INDEX_TYPE=CPI|OVERLAP=OL|SCALE=0|SECURITY_CLASSIFICATION=PUB|TYPE_OF_TRANSFORMATION=IX|aggregation=quarterly_mean,\N,"{""aggregation_method"": ""quarterly_mean"", ""source_derivation_types"": [""O"", ""O"", ""O""], ""source_months"": [""2023-M07"", ""2023-M08"", ""2023-M09""], ""source_observation_count"": 3, ""source_series_dimensions"": {""ACCESS_SHARING_LEVEL"": ""PUBLIC_OPEN"", ""COICOP_1999"": ""_T"", ""COMMON_REFERENCE_PERIOD"": ""2015/2016"", ""COUNTRY"": ""PAK"", ""FREQUENCY"": ""M"", ""IFS_FLAG"": ""true"", ""INDEX_TYPE"": ""CPI"", ""OVERLAP"": ""OL"", ""SCALE"": ""0"", ""SECURITY_CLASSIFICATION"": ""PUB"", ""TYPE_OF_TRANSFORMATION"": ""IX""}}"
PAK,cpi_index_all_items_quarterly_imf,2023-Q4,quarterly,251.69085044277736,\N,derived,IMF_CPI,IMF|ACCESS_SHARING_LEVEL=PUBLIC_OPEN|COICOP_1999=_T|COMMON_REFERENCE_PERIOD=2015/2016|FREQUENCY=M|IFS_FLAG=true|INDEX_TYPE=CPI|OVERLAP=OL|SCALE=0|SECURITY_CLASSIFICATION=PUB|TYPE_OF_TRANSFORMATION=IX|aggregation=quarterly_mean,\N,"{""aggregation_method"": ""quarterly_mean"", ""source_derivation_types"": [""O"", ""O"", ""O""], ""source_months"": [""2023-M10"", ""2023-M11"", ""2023-M12""], ""source_observation_count"": 3, ""source_series_dimensions"": {""ACCESS_SHARING_LEVEL"": ""PUBLIC_OPEN"", ""COICOP_1999"": ""_T"", ""COMMON_REFERENCE_PERIOD"": ""2015/2016"", ""COUNTRY"": ""PAK"", ""FREQUENCY"": ""M"", ""IFS_FLAG"": ""true"", ""INDEX_TYPE"": ""CPI"", ""OVERLAP"": ""OL"", ""SCALE"": ""0"", ""SECURITY_CLASSIFICATION"": ""PUB"", ""TYPE_OF_TRANSFORMATION"": ""IX""}}"
PAN,cpi_index_all_items_quarterly_imf,2023-Q1,quarterly,98.93994012738852,\N,derived,IMF_CPI,IMF|ACCESS_SHARING_LEVEL=PUBLIC_OPEN|COICOP_1999=_T|COMMON_REFERENCE_PERIOD=2024A|FREQUENCY=M|IFS_FLAG=true|INDEX_TYPE=CPI|OVERLAP=OL|SCALE=0|SECURITY_CLASSIFICATION=PUB|TYPE_OF_TRANSFORMATION=IX|aggregation=quarterly_mean,\N,"{""aggregation_method"": ""quarterly_mean"", ""source_derivation_types"": [""O"", ""O"", ""O""], ""source_months"": [""2023-M01"", ""2023-M02"", ""2023-M03""], ""source_observation_count"": 3, ""source_series_dimensions"": {""ACCESS_SHARING_LEVEL"": ""PUBLIC_OPEN"", ""COICOP_1999"": ""_T"", ""COMMON_REFERENCE_PERIOD"": ""2024A"", ""COUNTRY"": ""PAN"", ""FREQUENCY"": ""M"", ""IFS_FLAG"": ""true"", ""INDEX_TYPE"": ""CPI"", ""OVERLAP"": ""OL"", ""SCALE"": ""0"", ""SECURITY_CLASSIFICATION"": ""PUB"", ""TYPE_OF_TRANSFORMATION"": ""IX""}}"
PAN,cpi_index_all_items_quarterly_imf,2023-Q2,quarterly,99.42223111919928,\N,derived,IMF_CPI,IMF|ACCESS_SHARING_LEVEL=PUBLIC_OPEN|COICOP_1999=_T|COMMON_REFERENCE_PERIOD=2024A|FREQUENCY=M|IFS_FLAG=true|INDEX_TYPE=CPI|OVERLAP=OL|SCALE=0|SECURITY_CLASSIFICATION=PUB|TYPE_OF_TRANSFORMATION=IX|aggregation=quarterly_mean,\N,"{""aggregation_method"": ""quarterly_mean"", ""source_derivation_types"": [""O"", ""O"", ""O""], ""source_months"": [""2023-M04"", ""2023-M05"", ""2023-M06""], ""source_observation_count"": 3, ""source_series_dimensions"": {""ACCESS_SHARING_LEVEL"": ""PUBLIC_OPEN"", ""COICOP_1999"": ""_T"", ""COMMON_REFERENCE_PERIOD"": ""2024A"", ""COUNTRY"": ""PAN"", ""FREQUENCY"": ""M"", ""IFS_FLAG"": ""true"", ""INDEX_TYPE"": ""CPI"", ""OVERLAP"": ""OL"", ""SCALE"": ""0"", ""SECURITY_CLASSIFICATION"": ""PUB"", ""TYPE_OF_TRANSFORMATION"": ""IX""}}"
PER,cpi_index_all_items_quarterly_imf,2023-Q1,quarterly,109.8112,\N,derived,IMF_CPI,IMF|ACCESS_SHARING_LEVEL=PUBLIC_OPEN|COICOP_1999=_T|COMMON_REFERENCE_PERIOD=2021M12|FREQUENCY=M|IFS_FLAG=true|INDEX_TYPE=CPI|OVERLAP=OL|SCALE=0|SECURITY_CLASSIFICATION=PUB|TYPE_OF_TRANSFORMATION=IX|aggregation=quarterly_mean,\N,"{""aggregation_method"": ""quarterly_mean"", ""source_derivation_types"": [""O"", ""O"", ""O""], ""source_months"": [""2023-M01"", ""2023-M02"", ""2023-M03""], ""source_observation_count"": 3, ""source_series_dimensions"": {""ACCESS_SHARING_LEVEL"": ""PUBLIC_OPEN"", ""COICOP_1999"": ""_T"", ""COMMON_REFERENCE_PERIOD"": ""2021M12"", ""COUNTRY"": ""PER"", ""FREQUENCY"": ""M"", ""IFS_FLAG"": ""true"", ""INDEX_TYPE"": ""CPI"", ""OVERLAP"": ""OL"", ""SCALE"": ""0"", ""SECURITY_CLASSIFICATION"": ""PUB"", ""TYPE_OF_TRANSFORMATION"": ""IX""}}"
PER,cpi_index_all_items_quarterly_imf,2023-Q2,quarterly,111.61943333333333,\N,derived,IMF_CPI,IMF|ACCESS_SHARING_LEVEL=PUBLIC_OPEN|COICOP_1999=_T|COMMON_REFERENCE_PERIOD=2021M12|FREQUENCY=M|IFS_FLAG=true|INDEX_TYPE=CPI|OVERLAP=OL|SCALE=0|SECURITY_CLASSIFICATION=PUB|TYPE_OF_TRANSFORMATION=IX|aggregation=quarterly_mean,\N,"{""aggregation_method"": ""quarterly_mean"", ""source_derivation_types"": [""O"", ""O"", ""O""], ""source_months"": [""2023-M04"", ""2023-M05"", ""2023-M06""], ""source_observation_count"": 3, ""source_series_dimensions"": {""ACCESS_SHARING_LEVEL"": ""PUBLIC_OPEN"", ""COICOP_1999"": ""_T"", ""COMMON_REFERENCE_PERIOD"": ""2021M12"", ""COUNTRY"": ""PER"", ""FREQUENCY"": ""M"", ""IFS_FLAG"": ""true"", ""INDEX_TYPE"": ""CPI"", ""OVERLAP"": ""OL"", ""SCALE"": ""0"", ""SECURITY_CLASSIFICATION"": ""PUB"", ""TYPE_OF_TRANSFORMATION"": ""IX""}}"
PER,cpi_index_all_items_quarterly_imf,2023-Q3,quarterly,112.32313333333333,\N,derived,IMF_CPI,IMF|ACCESS_SHARING_LEVEL=PUBLIC_OPEN|COICOP_1999=_T|COMMON_REFERENCE_PERIOD=2021M12|FREQUENCY=M|IFS_FLAG=true|INDEX_TYPE=CPI|OVERLAP=OL|SCALE=0|SECURITY_CLASSIFICATION=PUB|TYPE_OF_TRANSFORMATION=IX|aggregation=quarterly_mean,\N,"{""aggregation_method"": ""quarterly_mean"", ""source_derivation_types"": [""O"", ""O"", ""O""], ""source_months"": [""2023-M07"", ""2023-M08"", ""2023-M09""], ""source_observation_count"": 3, ""source_series_dimensions"": {""ACCESS_SHARING_LEVEL"": ""PUBLIC_OPEN"", ""COICOP_1999"": ""_T"", ""COMMON_REFERENCE_PERIOD"": ""2021M12"", ""COUNTRY"": ""PER"", ""FREQUENCY"": ""M"", ""IFS_FLAG"": ""true"", ""INDEX_TYPE"": ""CPI"", ""OVERLAP"": ""OL"", ""SCALE"": ""0"", ""SECURITY_CLASSIFICATION"": ""PUB"", ""TYPE_OF_TRANSFORMATION"": ""IX""}}"
PER,cpi_index_all_items_quarterly_imf,2023-Q4,quarterly,112.1384,\N,derived,IMF_CPI,IMF|ACCESS_SHARING_LEVEL=PUBLIC_OPEN|COICOP_1999=_T|COMMON_REFERENCE_PERIOD=2021M12|FREQUENCY=M|IFS_FLAG=true|INDEX_TYPE=CPI|OVERLAP=OL|SCALE=0|SECURITY_CLASSIFICATION=PUB|TYPE_OF_TRANSFORMATION=IX|aggregation=quarterly_mean,\N,"{""aggregation_method"": ""quarterly_mean"", ""source_derivation_types"": [""O"", ""O"", ""O""], ""source_months"": [""2023-M10"", ""2023-M11"", ""2023-M12""], ""source_observation_count"": 3, ""source_series_dimensions"": {""ACCESS_SHARING_LEVEL"": ""PUBLIC_OPEN"", ""COICOP_1999"": ""_T"", ""COMMON_REFERENCE_PERIOD"": ""2021M12"", ""COUNTRY"": ""PER"", ""FREQUENCY"": ""M"", ""IFS_FLAG"": ""true"", ""INDEX_TYPE"": ""CPI"", ""OVERLAP"": ""OL"", ""SCALE"": ""0"", ""SECURITY_CLASSIFICATION"": ""PUB"", ""TYPE_OF_TRANSFORMATION"": ""IX""}}"
PHL,cpi_index_all_items_quarterly_imf,2023-Q1,quarterly,121.3,\N,derived,IMF_CPI,IMF|ACCESS_SHARING_LEVEL=PUBLIC_OPEN|COICOP_1999=_T|COMMON_REFERENCE_PERIOD=2018A|FREQUENCY=M|IFS_FLAG=true|INDEX_TYPE=CPI|OVERLAP=OL|SCALE=0|SECURITY_CLASSIFICATION=PUB|TYPE_OF_TRANSFORMATION=IX|aggregation=quarterly_mean,\N,"{""aggregation_method"": ""quarterly_mean"", ""source_derivation_types"": [""O"", ""O"", ""O""], ""source_months"": [""2023-M01"", ""2023-M02"", ""2023-M03""], ""source_observation_count"": 3, ""source_series_dimensions"": {""ACCESS_SHARING_LEVEL"": ""PUBLIC_OPEN"", ""COICOP_1999"": ""_T"", ""COMMON_REFERENCE_PERIOD"": ""2018A"", ""COUNTRY"": ""PHL"", ""FREQUENCY"": ""M"", ""IFS_FLAG"": ""true"", ""INDEX_TYPE"": ""CPI"", ""OVERLAP"": ""OL"", ""SCALE"": ""0"", ""SECURITY_CLASSIFICATION"": ""PUB"", ""TYPE_OF_TRANSFORMATION"": ""IX""}}"
PHL,cpi_index_all_items_quarterly_imf,2023-Q2,quarterly,120.96666666666665,\N,derived,IMF_CPI,IMF|ACCESS_SHARING_LEVEL=PUBLIC_OPEN|COICOP_1999=_T|COMMON_REFERENCE_PERIOD=2018A|FREQUENCY=M|IFS_FLAG=true|INDEX_TYPE=CPI|OVERLAP=OL|SCALE=0|SECURITY_CLASSIFICATION=PUB|TYPE_OF_TRANSFORMATION=IX|aggregation=quarterly_mean,\N,"{""aggregation_method"": ""quarterly_mean"", ""source_derivation_types"": [""O"", ""O"", ""O""], ""source_months"": [""2023-M04"", ""2023-M05"", ""2023-M06""], ""source_observation_count"": 3, ""source_series_dimensions"": {""ACCESS_SHARING_LEVEL"": ""PUBLIC_OPEN"", ""COICOP_1999"": ""_T"", ""COMMON_REFERENCE_PERIOD"": ""2018A"", ""COUNTRY"": ""PHL"", ""FREQUENCY"": ""M"", ""IFS_FLAG"": ""true"", ""INDEX_TYPE"": ""CPI"", ""OVERLAP"": ""OL"", ""SCALE"": ""0"", ""SECURITY_CLASSIFICATION"": ""PUB"", ""TYPE_OF_TRANSFORMATION"": ""IX""}}"
PHL,cpi_index_all_items_quarterly_imf,2023-Q3,quarterly,122.53333333333335,\N,derived,IMF_CPI,IMF|ACCESS_SHARING_LEVEL=PUBLIC_OPEN|COICOP_1999=_T|COMMON_REFERENCE_PERIOD=2018A|FREQUENCY=M|IFS_FLAG=true|INDEX_TYPE=CPI|OVERLAP=OL|SCALE=0|SECURITY_CLASSIFICATION=PUB|TYPE_OF_TRANSFORMATION=IX|aggregation=quarterly_mean,\N,"{""aggregation_method"": ""quarterly_mean"", ""source_derivation_types"": [""O"", ""O"", ""O""], ""source_months"": [""2023-M07"", ""2023-M08"", ""2023-M09""], ""source_observation_count"": 3, ""source_series_dimensions"": {""ACCESS_SHARING_LEVEL"": ""PUBLIC_OPEN"", ""COICOP_1999"": ""_T"", ""COMMON_REFERENCE_PERIOD"": ""2018A"", ""COUNTRY"": ""PHL"", ""FREQUENCY"": ""M"", ""IFS_FLAG"": ""true"", ""INDEX_TYPE"": ""CPI"", ""OVERLAP"": ""OL"", ""SCALE"": ""0"", ""SECURITY_CLASSIFICATION"": ""PUB"", ""TYPE_OF_TRANSFORMATION"": ""IX""}}"
PHL,cpi_index_all_items_quarterly_imf,2023-Q4,quarterly,123.90000000000002,\N,derived,IMF_CPI,IMF|ACCESS_SHARING_LEVEL=PUBLIC_OPEN|COICOP_1999=_T|COMMON_REFERENCE_PERIOD=2018A|FREQUENCY=M|IFS_FLAG=true|INDEX_TYPE=CPI|OVERLAP=OL|SCALE=0|SECURITY_CLASSIFICATION=PUB|TYPE_OF_TRANSFORMATION=IX|aggregation=quarterly_mean,\N,"{""aggregation_method"": ""quarterly_mean"", ""source_derivation_types"": [""O"", ""O"", ""O""], ""source_months"": [""2023-M10"", ""2023-M11"", ""2023-M12""], ""source_observation_count"": 3, ""source_series_dimensions"": {""ACCESS_SHARING_LEVEL"": ""PUBLIC_OPEN"", ""COICOP_1999"": ""_T"", ""COMMON_REFERENCE_PERIOD"": ""2018A"", ""COUNTRY"": ""PHL"", ""FREQUENCY"": ""M"", ""IFS_FLAG"": ""true"", ""INDEX_TYPE"": ""CPI"", ""OVERLAP"": ""OL"", ""SCALE"": ""0"", ""SECURITY_CLASSIFICATION"": ""PUB"", ""TYPE_OF_TRANSFORMATION"": ""IX""}}"
POL,cpi_index_all_items_quarterly_imf,2023-Q1,quarterly,91.13967437874892,\N,derived,IMF_CPI,IMF|ACCESS_SHARING_LEVEL=PUBLIC_OPEN|COICOP_1999=_T|COMMON_REFERENCE_PERIOD=2025A|FREQUENCY=M|IFS_FLAG=true|INDEX_TYPE=CPI|OVERLAP=OL|SCALE=0|SECURITY_CLASSIFICATION=PUB|TYPE_OF_TRANSFORMATION=IX|aggregation=quarterly_mean,\N,"{""aggregation_method"": ""quarterly_mean"", ""source_derivation_types"": [""O"", ""O"", ""O""], ""source_months"": [""2023-M01"", ""2023-M02"", ""2023-M03""], ""source_observation_count"": 3, ""source_series_dimensions"": {""ACCESS_SHARING_LEVEL"": ""PUBLIC_OPEN"", ""COICOP_1999"": ""_T"", ""COMMON_REFERENCE_PERIOD"": ""2025A"", ""COUNTRY"": ""POL"", ""FREQUENCY"": ""M"", ""IFS_FLAG"": ""true"", ""INDEX_TYPE"": ""CPI"", ""OVERLAP"": ""OL"", ""SCALE"": ""0"", ""SECURITY_CLASSIFICATION"": ""PUB"", ""TYPE_OF_TRANSFORMATION"": ""IX""}}"
POL,cpi_index_all_items_quarterly_imf,2023-Q2,quarterly,92.853470437018,\N,derived,IMF_CPI,IMF|ACCESS_SHARING_LEVEL=PUBLIC_OPEN|COICOP_1999=_T|COMMON_REFERENCE_PERIOD=2025A|FREQUENCY=M|IFS_FLAG=true|INDEX_TYPE=CPI|OVERLAP=OL|SCALE=0|SECURITY_CLASSIFICATION=PUB|TYPE_OF_TRANSFORMATION=IX|aggregation=quarterly_mean,\N,"{""aggregation_method"": ""quarterly_mean"", ""source_derivation_types"": [""O"", ""O"", ""O""], ""source_months"": [""2023-M04"", ""2023-M05"", ""2023-M06""], ""source_observation_count"": 3, ""source_series_dimensions"": {""ACCESS_SHARING_LEVEL"": ""PUBLIC_OPEN"", ""COICOP_1999"": ""_T"", ""COMMON_REFERENCE_PERIOD"": ""2025A"", ""COUNTRY"": ""POL"", ""FREQUENCY"": ""M"", ""IFS_FLAG"": ""true"", ""INDEX_TYPE"": ""CPI"", ""OVERLAP"": ""OL"", ""SCALE"": ""0"", ""SECURITY_CLASSIFICATION"": ""PUB"", ""TYPE_OF_TRANSFORMATION"": ""IX""}}"
POL,cpi_index_all_items_quarterly_imf,2023-Q3,quarterly,92.52784918594688,\N,derived,IMF_CPI,IMF|ACCESS_SHARING_LEVEL=PUBLIC_OPEN|COICOP_1999=_T|COMMON_REFERENCE_PERIOD=2025A|FREQUENCY=M|IFS_FLAG=true|INDEX_TYPE=CPI|OVERLAP=OL|SCALE=0|SECURITY_CLASSIFICATION=PUB|TYPE_OF_TRANSFORMATION=IX|aggregation=quarterly_mean,\N,"{""aggregation_method"": ""quarterly_mean"", ""source_derivation_types"": [""O"", ""O"", ""O""], ""source_months"": [""2023-M07"", ""2023-M08"", ""2023-M09""], ""source_observation_count"": 3, ""source_series_dimensions"": {""ACCESS_SHARING_LEVEL"": ""PUBLIC_OPEN"", ""COICOP_1999"": ""_T"", ""COMMON_REFERENCE_PERIOD"": ""2025A"", ""COUNTRY"": ""POL"", ""FREQUENCY"": ""M"", ""IFS_FLAG"": ""true"", ""INDEX_TYPE"": ""CPI"", ""OVERLAP"": ""OL"", ""SCALE"": ""0"", ""SECURITY_CLASSIFICATION"": ""PUB"", ""TYPE_OF_TRANSFORMATION"": ""IX""}}"
POL,cpi_index_all_items_quarterly_imf,2023-Q4,quarterly,93.0248500428449,\N,derived,IMF_CPI,IMF|ACCESS_SHARING_LEVEL=PUBLIC_OPEN|COICOP_1999=_T|COMMON_REFERENCE_PERIOD=2025A|FREQUENCY=M|IFS_FLAG=true|INDEX_TYPE=CPI|OVERLAP=OL|SCALE=0|SECURITY_CLASSIFICATION=PUB|TYPE_OF_TRANSFORMATION=IX|aggregation=quarterly_mean,\N,"{""aggregation_method"": ""quarterly_mean"", ""source_derivation_types"": [""O"", ""O"", ""O""], ""source_months"": [""2023-M10"", ""2023-M11"", ""2023-M12""], ""source_observation_count"": 3, ""source_series_dimensions"": {""ACCESS_SHARING_LEVEL"": ""PUBLIC_OPEN"", ""COICOP_1999"": ""_T"", ""COMMON_REFERENCE_PERIOD"": ""2025A"", ""COUNTRY"": ""POL"", ""FREQUENCY"": ""M"", ""IFS_FLAG"": ""true"", ""INDEX_TYPE"": ""CPI"", ""OVERLAP"": ""OL"", ""SCALE"": ""0"", ""SECURITY_CLASSIFICATION"": ""PUB"", ""TYPE_OF_TRANSFORMATION"": ""IX""}}"
PRT,cpi_index_all_items_quarterly_imf,2023-Q1,quarterly,94.24259983262591,\N,derived,IMF_CPI,IMF|ACCESS_SHARING_LEVEL=PUBLIC_OPEN|COICOP_1999=_T|COMMON_REFERENCE_PERIOD=2025A|FREQUENCY=M|IFS_FLAG=true|INDEX_TYPE=CPI|OVERLAP=OL|SCALE=0|SECURITY_CLASSIFICATION=PUB|TYPE_OF_TRANSFORMATION=IX|aggregation=quarterly_mean,\N,"{""aggregation_method"": ""quarterly_mean"", ""source_derivation_types"": [""O"", ""O"", ""O""], ""source_months"": [""2023-M01"", ""2023-M02"", ""2023-M03""], ""source_observation_count"": 3, ""source_series_dimensions"": {""ACCESS_SHARING_LEVEL"": ""PUBLIC_OPEN"", ""COICOP_1999"": ""_T"", ""COMMON_REFERENCE_PERIOD"": ""2025A"", ""COUNTRY"": ""PRT"", ""FREQUENCY"": ""M"", ""IFS_FLAG"": ""true"", ""INDEX_TYPE"": ""CPI"", ""OVERLAP"": ""OL"", ""SCALE"": ""0"", ""SECURITY_CLASSIFICATION"": ""PUB"", ""TYPE_OF_TRANSFORMATION"": ""IX""}}"
PRT,cpi_index_all_items_quarterly_imf,2023-Q2,quarterly,95.6019301551524,\N,derived,IMF_CPI,IMF|ACCESS_SHARING_LEVEL=PUBLIC_OPEN|COICOP_1999=_T|COMMON_REFERENCE_PERIOD=2025A|FREQUENCY=M|IFS_FLAG=true|INDEX_TYPE=CPI|OVERLAP=OL|SCALE=0|SECURITY_CLASSIFICATION=PUB|TYPE_OF_TRANSFORMATION=IX|aggregation=quarterly_mean,\N,"{""aggregation_method"": ""quarterly_mean"", ""source_derivation_types"": [""O"", ""O"", ""O""], ""source_months"": [""2023-M04"", ""2023-M05"", ""2023-M06""], ""source_observation_count"": 3, ""source_series_dimensions"": {""ACCESS_SHARING_LEVEL"": ""PUBLIC_OPEN"", ""COICOP_1999"": ""_T"", ""COMMON_REFERENCE_PERIOD"": ""2025A"", ""COUNTRY"": ""PRT"", ""FREQUENCY"": ""M"", ""IFS_FLAG"": ""true"", ""INDEX_TYPE"": ""CPI"", ""OVERLAP"": ""OL"", ""SCALE"": ""0"", ""SECURITY_CLASSIFICATION"": ""PUB"", ""TYPE_OF_TRANSFORMATION"": ""IX""}}"
PRT,cpi_index_all_items_quarterly_imf,2023-Q3,quarterly,95.75897247134539,\N,derived,IMF_CPI,IMF|ACCESS_SHARING_LEVEL=PUBLIC_OPEN|COICOP_1999=_T|COMMON_REFERENCE_PERIOD=2025A|FREQUENCY=M|IFS_FLAG=true|INDEX_TYPE=CPI|OVERLAP=OL|SCALE=0|SECURITY_CLASSIFICATION=PUB|TYPE_OF_TRANSFORMATION=IX|aggregation=quarterly_mean,\N,"{""aggregation_method"": ""quarterly_mean"", ""source_derivation_types"": [""O"", ""O"", ""O""], ""source_months"": [""2023-M07"", ""2023-M08"", ""2023-M09""], ""source_observation_count"": 3, ""source_series_dimensions"": {""ACCESS_SHARING_LEVEL"": ""PUBLIC_OPEN"", ""COICOP_1999"": ""_T"", ""COMMON_REFERENCE_PERIOD"": ""2025A"", ""COUNTRY"": ""PRT"", ""FREQUENCY"": ""M"", ""IFS_FLAG"": ""true"", ""INDEX_TYPE"": ""CPI"", ""OVERLAP"": ""OL"", ""SCALE"": ""0"", ""SECURITY_CLASSIFICATION"": ""PUB"", ""TYPE_OF_TRANSFORMATION"": ""IX""}}"
PRT,cpi_index_all_items_quarterly_imf,2023-Q4,quarterly,96.04482175578568,\N,derived,IMF_CPI,IMF|ACCESS_SHARING_LEVEL=PUBLIC_OPEN|COICOP_1999=_T|COMMON_REFERENCE_PERIOD=2025A|FREQUENCY=M|IFS_FLAG=true|INDEX_TYPE=CPI|OVERLAP=OL|SCALE=0|SECURITY_CLASSIFICATION=PUB|TYPE_OF_TRANSFORMATION=IX|aggregation=quarterly_mean,\N,"{""aggregation_method"": ""quarterly_mean"", ""source_derivation_types"": [""O"", ""O"", ""O""], ""source_months"": [""2023-M10"", ""2023-M11"", ""2023-M12""], ""source_observation_count"": 3, ""source_series_dimensions"": {""ACCESS_SHARING_LEVEL"": ""PUBLIC_OPEN"", ""COICOP_1999"": ""_T"", ""COMMON_REFERENCE_PERIOD"": ""2025A"", ""COUNTRY"": ""PRT"", ""FREQUENCY"": ""M"", ""IFS_FLAG"": ""true"", ""INDEX_TYPE"": ""CPI"", ""OVERLAP"": ""OL"", ""SCALE"": ""0"", ""SECURITY_CLASSIFICATION"": ""PUB"", ""TYPE_OF_TRANSFORMATION"": ""IX""}}"
PRY,cpi_index_all_items_quarterly_imf,2023-Q1,quarterly,127.26666666666667,\N,derived,IMF_CPI,IMF|ACCESS_SHARING_LEVEL=PUBLIC_OPEN|COICOP_1999=_T|COMMON_REFERENCE_PERIOD=2017M12|FREQUENCY=M|IFS_FLAG=true|INDEX_TYPE=CPI|OVERLAP=OL|SCALE=0|SECURITY_CLASSIFICATION=PUB|TYPE_OF_TRANSFORMATION=IX|aggregation=quarterly_mean,\N,"{""aggregation_method"": ""quarterly_mean"", ""source_derivation_types"": [""O"", ""O"", ""O""], ""source_months"": [""2023-M01"", ""2023-M02"", ""2023-M03""], ""source_observation_count"": 3, ""source_series_dimensions"": {""ACCESS_SHARING_LEVEL"": ""PUBLIC_OPEN"", ""COICOP_1999"": ""_T"", ""COMMON_REFERENCE_PERIOD"": ""2017M12"", ""COUNTRY"": ""PRY"", ""FREQUENCY"": ""M"", ""IFS_FLAG"": ""true"", ""INDEX_TYPE"": ""CPI"", ""OVERLAP"": ""OL"", ""SCALE"": ""0"", ""SECURITY_CLASSIFICATION"": ""PUB"", ""TYPE_OF_TRANSFORMATION"": ""IX""}}"
PRY,cpi_index_all_items_quarterly_imf,2023-Q2,quarterly,128.16666666666666,\N,derived,IMF_CPI,IMF|ACCESS_SHARING_LEVEL=PUBLIC_OPEN|COICOP_1999=_T|COMMON_REFERENCE_PERIOD=2017M12|FREQUENCY=M|IFS_FLAG=true|INDEX_TYPE=CPI|OVERLAP=OL|SCALE=0|SECURITY_CLASSIFICATION=PUB|TYPE_OF_TRANSFORMATION=IX|aggregation=quarterly_mean,\N,"{""aggregation_method"": ""quarterly_mean"", ""source_derivation_types"": [""O"", ""O"", ""O""], ""source_months"": [""2023-M04"", ""2023-M05"", ""2023-M06""], ""source_observation_count"": 3, ""source_series_dimensions"": {""ACCESS_SHARING_LEVEL"": ""PUBLIC_OPEN"", ""COICOP_1999"": ""_T"", ""COMMON_REFERENCE_PERIOD"": ""2017M12"", ""COUNTRY"": ""PRY"", ""FREQUENCY"": ""M"", ""IFS_FLAG"": ""true"", ""INDEX_TYPE"": ""CPI"", ""OVERLAP"": ""OL"", ""SCALE"": ""0"", ""SECURITY_CLASSIFICATION"": ""PUB"", ""TYPE_OF_TRANSFORMATION"": ""IX""}}"
PRY,cpi_index_all_items_quarterly_imf,2023-Q3,quarterly,127.96666666666668,\N,derived,IMF_CPI,IMF|ACCESS_SHARING_LEVEL=PUBLIC_OPEN|COICOP_1999=_T|COMMON_REFERENCE_PERIOD=2017M12|FREQUENCY=M|IFS_FLAG=true|INDEX_TYPE=CPI|OVERLAP=OL|SCALE=0|SECURITY_CLASSIFICATION=PUB|TYPE_OF_TRANSFORMATION=IX|aggregation=quarterly_mean,\N,"{""aggregation_method"": ""quarterly_mean"", ""source_derivation_types"": [""O"", ""O"", ""O""], ""source_months"": [""2023-M07"", ""2023-M08"", ""2023-M09""], ""source_observation_count"": 3, ""source_series_dimensions"": {""ACCESS_SHARING_LEVEL"": ""PUBLIC_OPEN"", ""COICOP_1999"": ""_T"", ""COMMON_REFERENCE_PERIOD"": ""2017M12"", ""COUNTRY"": ""PRY"", ""FREQUENCY"": ""M"", ""IFS_FLAG"": ""true"", ""INDEX_TYPE"": ""CPI"", ""OVERLAP"": ""OL"", ""SCALE"": ""0"", ""SECURITY_CLASSIFICATION"": ""PUB"", ""TYPE_OF_TRANSFORMATION"": ""IX""}}"
PRY,cpi_index_all_items_quarterly_imf,2023-Q4,quarterly,129.36666666666667,\N,derived,IMF_CPI,IMF|ACCESS_SHARING_LEVEL=PUBLIC_OPEN|COICOP_1999=_T|COMMON_REFERENCE_PERIOD=2017M12|FREQUENCY=M|IFS_FLAG=true|INDEX_TYPE=CPI|OVERLAP=OL|SCALE=0|SECURITY_CLASSIFICATION=PUB|TYPE_OF_TRANSFORMATION=IX|aggregation=quarterly_mean,\N,"{""aggregation_method"": ""quarterly_mean"", ""source_derivation_types"": [""O"", ""O"", ""O""], ""source_months"": [""2023-M10"", ""2023-M11"", ""2023-M12""], ""source_observation_count"": 3, ""source_series_dimensions"": {""ACCESS_SHARING_LEVEL"": ""PUBLIC_OPEN"", ""COICOP_1999"": ""_T"", ""COMMON_REFERENCE_PERIOD"": ""2017M12"", ""COUNTRY"": ""PRY"", ""FREQUENCY"": ""M"", ""IFS_FLAG"": ""true"", ""INDEX_TYPE"": ""CPI"", ""OVERLAP"": ""OL"", ""SCALE"": ""0"", ""SECURITY_CLASSIFICATION"": ""PUB"", ""TYPE_OF_TRANSFORMATION"": ""IX""}}"
QAT,cpi_index_all_items_quarterly_imf,2023-Q1,quarterly,105.45666666666666,\N,derived,IMF_CPI,IMF|ACCESS_SHARING_LEVEL=PUBLIC_OPEN|COICOP_1999=_T|COMMON_REFERENCE_PERIOD=2018A|FREQUENCY=M|IFS_FLAG=true|INDEX_TYPE=CPI|OVERLAP=OL|SCALE=0|SECURITY_CLASSIFICATION=PUB|TYPE_OF_TRANSFORMATION=IX|aggregation=quarterly_mean,\N,"{""aggregation_method"": ""quarterly_mean"", ""source_derivation_types"": [""O"", ""O"", ""O""], ""source_months"": [""2023-M01"", ""2023-M02"", ""2023-M03""], ""source_observation_count"": 3, ""source_series_dimensions"": {""ACCESS_SHARING_LEVEL"": ""PUBLIC_OPEN"", ""COICOP_1999"": ""_T"", ""COMMON_REFERENCE_PERIOD"": ""2018A"", ""COUNTRY"": ""QAT"", ""FREQUENCY"": ""M"", ""IFS_FLAG"": ""true"", ""INDEX_TYPE"": ""CPI"", ""OVERLAP"": ""OL"", ""SCALE"": ""0"", ""SECURITY_CLASSIFICATION"": ""PUB"", ""TYPE_OF_TRANSFORMATION"": ""IX""}}"
QAT,cpi_index_all_items_quarterly_imf,2023-Q2,quarterly,106.48333333333333,\N,derived,IMF_CPI,IMF|ACCESS_SHARING_LEVEL=PUBLIC_OPEN|COICOP_1999=_T|COMMON_REFERENCE_PERIOD=2018A|FREQUENCY=M|IFS_FLAG=true|INDEX_TYPE=CPI|OVERLAP=OL|SCALE=0|SECURITY_CLASSIFICATION=PUB|TYPE_OF_TRANSFORMATION=IX|aggregation=quarterly_mean,\N,"{""aggregation_method"": ""quarterly_mean"", ""source_derivation_types"": [""O"", ""O"", ""O""], ""source_months"": [""2023-M04"", ""2023-M05"", ""2023-M06""], ""source_observation_count"": 3, ""source_series_dimensions"": {""ACCESS_SHARING_LEVEL"": ""PUBLIC_OPEN"", ""COICOP_1999"": ""_T"", ""COMMON_REFERENCE_PERIOD"": ""2018A"", ""COUNTRY"": ""QAT"", ""FREQUENCY"": ""M"", ""IFS_FLAG"": ""true"", ""INDEX_TYPE"": ""CPI"", ""OVERLAP"": ""OL"", ""SCALE"": ""0"", ""SECURITY_CLASSIFICATION"": ""PUB"", ""TYPE_OF_TRANSFORMATION"": ""IX""}}"
QAT,cpi_index_all_items_quarterly_imf,2023-Q3,quarterly,106.68666666666667,\N,derived,IMF_CPI,IMF|ACCESS_SHARING_LEVEL=PUBLIC_OPEN|COICOP_1999=_T|COMMON_REFERENCE_PERIOD=2018A|FREQUENCY=M|IFS_FLAG=true|INDEX_TYPE=CPI|OVERLAP=OL|SCALE=0|SECURITY_CLASSIFICATION=PUB|TYPE_OF_TRANSFORMATION=IX|aggregation=quarterly_mean,\N,"{""aggregation_method"": ""quarterly_mean"", ""source_derivation_types"": [""O"", ""O"", ""O""], ""source_months"": [""2023-M07"", ""2023-M08"", ""2023-M09""], ""source_observation_count"": 3, ""source_series_dimensions"": {""ACCESS_SHARING_LEVEL"": ""PUBLIC_OPEN"", ""COICOP_1999"": ""_T"", ""COMMON_REFERENCE_PERIOD"": ""2018A"", ""COUNTRY"": ""QAT"", ""FREQUENCY"": ""M"", ""IFS_FLAG"": ""true"", ""INDEX_TYPE"": ""CPI"", ""OVERLAP"": ""OL"", ""SCALE"": ""0"", ""SECURITY_CLASSIFICATION"": ""PUB"", ""TYPE_OF_TRANSFORMATION"": ""IX""}}"
QAT,cpi_index_all_items_quarterly_imf,2023-Q4,quarterly,108.77666666666669,\N,derived,IMF_CPI,IMF|ACCESS_SHARING_LEVEL=PUBLIC_OPEN|COICOP_1999=_T|COMMON_REFERENCE_PERIOD=2018A|FREQUENCY=M|IFS_FLAG=true|INDEX_TYPE=CPI|OVERLAP=OL|SCALE=0|SECURITY_CLASSIFICATION=PUB|TYPE_OF_TRANSFORMATION=IX|aggregation=quarterly_mean,\N,"{""aggregation_method"": ""quarterly_mean"", ""source_derivation_types"": [""O"", ""O"", ""O""], ""source_months"": [""2023-M10"", ""2023-M11"", ""2023-M12""], ""source_observation_count"": 3, ""source_series_dimensions"": {""ACCESS_SHARING_LEVEL"": ""PUBLIC_OPEN"", ""COICOP_1999"": ""_T"", ""COMMON_REFERENCE_PERIOD"": ""2018A"", ""COUNTRY"": ""QAT"", ""FREQUENCY"": ""M"", ""IFS_FLAG"": ""true"", ""INDEX_TYPE"": ""CPI"", ""OVERLAP"": ""OL"", ""SCALE"": ""0"", ""SECURITY_CLASSIFICATION"": ""PUB"", ""TYPE_OF_TRANSFORMATION"": ""IX""}}"
ROU,cpi_index_all_items_quarterly_imf,2023-Q1,quarterly,142.89000000000001,\N,derived,IMF_CPI,IMF|ACCESS_SHARING_LEVEL=PUBLIC_OPEN|COICOP_1999=_T|COMMON_REFERENCE_PERIOD=2015A|FREQUENCY=M|IFS_FLAG=true|INDEX_TYPE=CPI|OVERLAP=OL|SCALE=0|SECURITY_CLASSIFICATION=PUB|TYPE_OF_TRANSFORMATION=IX|aggregation=quarterly_mean,\N,"{""aggregation_method"": ""quarterly_mean"", ""source_derivation_types"": [""O"", ""O"", ""O""], ""source_months"": [""2023-M01"", ""2023-M02"", ""2023-M03""], ""source_observation_count"": 3, ""source_series_dimensions"": {""ACCESS_SHARING_LEVEL"": ""PUBLIC_OPEN"", ""COICOP_1999"": ""_T"", ""COMMON_REFERENCE_PERIOD"": ""2015A"", ""COUNTRY"": ""ROU"", ""FREQUENCY"": ""M"", ""IFS_FLAG"": ""true"", ""INDEX_TYPE"": ""CPI"", ""OVERLAP"": ""OL"", ""SCALE"": ""0"", ""SECURITY_CLASSIFICATION"": ""PUB"", ""TYPE_OF_TRANSFORMATION"": ""IX""}}"
ROU,cpi_index_all_items_quarterly_imf,2023-Q2,quarterly,146.20666666666668,\N,derived,IMF_CPI,IMF|ACCESS_SHARING_LEVEL=PUBLIC_OPEN|COICOP_1999=_T|COMMON_REFERENCE_PERIOD=2015A|FREQUENCY=M|IFS_FLAG=true|INDEX_TYPE=CPI|OVERLAP=OL|SCALE=0|SECURITY_CLASSIFICATION=PUB|TYPE_OF_TRANSFORMATION=IX|aggregation=quarterly_mean,\N,"{""aggregation_method"": ""quarterly_mean"", ""source_derivation_types"": [""O"", ""O"", ""O""], ""source_months"": [""2023-M04"", ""2023-M05"", ""2023-M06""], ""source_observation_count"": 3, ""source_series_dimensions"": {""ACCESS_SHARING_LEVEL"": ""PUBLIC_OPEN"", ""COICOP_1999"": ""_T"", ""COMMON_REFERENCE_PERIOD"": ""2015A"", ""COUNTRY"": ""ROU"", ""FREQUENCY"": ""M"", ""IFS_FLAG"": ""true"", ""INDEX_TYPE"": ""CPI"", ""OVERLAP"": ""OL"", ""SCALE"": ""0"", ""SECURITY_CLASSIFICATION"": ""PUB"", ""TYPE_OF_TRANSFORMATION"": ""IX""}}"
ROU,cpi_index_all_items_quarterly_imf,2023-Q3,quarterly,148.0533333333333,\N,derived,IMF_CPI,IMF|ACCESS_SHARING_LEVEL=PUBLIC_OPEN|COICOP_1999=_T|COMMON_REFERENCE_PERIOD=2015A|FREQUENCY=M|IFS_FLAG=true|INDEX_TYPE=CPI|OVERLAP=OL|SCALE=0|SECURITY_CLASSIFICATION=PUB|TYPE_OF_TRANSFORMATION=IX|aggregation=quarterly_mean,\N,"{""aggregation_method"": ""quarterly_mean"", ""source_derivation_types"": [""O"", ""O"", ""O""], ""source_months"": [""2023-M07"", ""2023-M08"", ""2023-M09""], ""source_observation_count"": 3, ""source_series_dimensions"": {""ACCESS_SHARING_LEVEL"": ""PUBLIC_OPEN"", ""COICOP_1999"": ""_T"", ""COMMON_REFERENCE_PERIOD"": ""2015A"", ""COUNTRY"": ""ROU"", ""FREQUENCY"": ""M"", ""IFS_FLAG"": ""true"", ""INDEX_TYPE"": ""CPI"", ""OVERLAP"": ""OL"", ""SCALE"": ""0"", ""SECURITY_CLASSIFICATION"": ""PUB"", ""TYPE_OF_TRANSFORMATION"": ""IX""}}"
ROU,cpi_index_all_items_quarterly_imf,2023-Q4,quarterly,150.06,\N,derived,IMF_CPI,IMF|ACCESS_SHARING_LEVEL=PUBLIC_OPEN|COICOP_1999=_T|COMMON_REFERENCE_PERIOD=2015A|FREQUENCY=M|IFS_FLAG=true|INDEX_TYPE=CPI|OVERLAP=OL|SCALE=0|SECURITY_CLASSIFICATION=PUB|TYPE_OF_TRANSFORMATION=IX|aggregation=quarterly_mean,\N,"{""aggregation_method"": ""quarterly_mean"", ""source_derivation_types"": [""O"", ""O"", ""O""], ""source_months"": [""2023-M10"", ""2023-M11"", ""2023-M12""], ""source_observation_count"": 3, ""source_series_dimensions"": {""ACCESS_SHARING_LEVEL"": ""PUBLIC_OPEN"", ""COICOP_1999"": ""_T"", ""COMMON_REFERENCE_PERIOD"": ""2015A"", ""COUNTRY"": ""ROU"", ""FREQUENCY"": ""M"", ""IFS_FLAG"": ""true"", ""INDEX_TYPE"": ""CPI"", ""OVERLAP"": ""OL"", ""SCALE"": ""0"", ""SECURITY_CLASSIFICATION"": ""PUB"", ""TYPE_OF_TRANSFORMATION"": ""IX""}}"
RUS,cpi_index_all_items_quarterly_imf,2023-Q1,quarterly,234.86666666666667,\N,derived,IMF_CPI,IMF|ACCESS_SHARING_LEVEL=PUBLIC_OPEN|COICOP_1999=_T|COMMON_REFERENCE_PERIOD=2010A|FREQUENCY=M|IFS_FLAG=true|INDEX_TYPE=CPI|OVERLAP=OL|SCALE=0|SECURITY_CLASSIFICATION=PUB|TYPE_OF_TRANSFORMATION=IX|aggregation=quarterly_mean,\N,"{""aggregation_method"": ""quarterly_mean"", ""source_derivation_types"": [""O"", ""O"", ""O""], ""source_months"": [""2023-M01"", ""2023-M02"", ""2023-M03""], ""source_observation_count"": 3, ""source_series_dimensions"": {""ACCESS_SHARING_LEVEL"": ""PUBLIC_OPEN"", ""COICOP_1999"": ""_T"", ""COMMON_REFERENCE_PERIOD"": ""2010A"", ""COUNTRY"": ""RUS"", ""FREQUENCY"": ""M"", ""IFS_FLAG"": ""true"", ""INDEX_TYPE"": ""CPI"", ""OVERLAP"": ""OL"", ""SCALE"": ""0"", ""SECURITY_CLASSIFICATION"": ""PUB"", ""TYPE_OF_TRANSFORMATION"": ""IX""}}"
RUS,cpi_index_all_items_quarterly_imf,2023-Q2,quarterly,237.4666666666667,\N,derived,IMF_CPI,IMF|ACCESS_SHARING_LEVEL=PUBLIC_OPEN|COICOP_1999=_T|COMMON_REFERENCE_PERIOD=2010A|FREQUENCY=M|IFS_FLAG=true|INDEX_TYPE=CPI|OVERLAP=OL|SCALE=0|SECURITY_CLASSIFICATION=PUB|TYPE_OF_TRANSFORMATION=IX|aggregation=quarterly_mean,\N,"{""aggregation_method"": ""quarterly_mean"", ""source_derivation_types"": [""O"", ""O"", ""O""], ""source_months"": [""2023-M04"", ""2023-M05"", ""2023-M06""], ""source_observation_count"": 3, ""source_series_dimensions"": {""ACCESS_SHARING_LEVEL"": ""PUBLIC_OPEN"", ""COICOP_1999"": ""_T"", ""COMMON_REFERENCE_PERIOD"": ""2010A"", ""COUNTRY"": ""RUS"", ""FREQUENCY"": ""M"", ""IFS_FLAG"": ""true"", ""INDEX_TYPE"": ""CPI"", ""OVERLAP"": ""OL"", ""SCALE"": ""0"", ""SECURITY_CLASSIFICATION"": ""PUB"", ""TYPE_OF_TRANSFORMATION"": ""IX""}}"
RUS,cpi_index_all_items_quarterly_imf,2023-Q3,quarterly,240.96666666666667,\N,derived,IMF_CPI,IMF|ACCESS_SHARING_LEVEL=PUBLIC_OPEN|COICOP_1999=_T|COMMON_REFERENCE_PERIOD=2010A|FREQUENCY=M|IFS_FLAG=true|INDEX_TYPE=CPI|OVERLAP=OL|SCALE=0|SECURITY_CLASSIFICATION=PUB|TYPE_OF_TRANSFORMATION=IX|aggregation=quarterly_mean,\N,"{""aggregation_method"": ""quarterly_mean"", ""source_derivation_types"": [""O"", ""O"", ""O""], ""source_months"": [""2023-M07"", ""2023-M08"", ""2023-M09""], ""source_observation_count"": 3, ""source_series_dimensions"": {""ACCESS_SHARING_LEVEL"": ""PUBLIC_OPEN"", ""COICOP_1999"": ""_T"", ""COMMON_REFERENCE_PERIOD"": ""2010A"", ""COUNTRY"": ""RUS"", ""FREQUENCY"": ""M"", ""IFS_FLAG"": ""true"", ""INDEX_TYPE"": ""CPI"", ""OVERLAP"": ""OL"", ""SCALE"": ""0"", ""SECURITY_CLASSIFICATION"": ""PUB"", ""TYPE_OF_TRANSFORMATION"": ""IX""}}"
RUS,cpi_index_all_items_quarterly_imf,2023-Q4,quarterly,247.0,\N,derived,IMF_CPI,IMF|ACCESS_SHARING_LEVEL=PUBLIC_OPEN|COICOP_1999=_T|COMMON_REFERENCE_PERIOD=2010A|FREQUENCY=M|IFS_FLAG=true|INDEX_TYPE=CPI|OVERLAP=OL|SCALE=0|SECURITY_CLASSIFICATION=PUB|TYPE_OF_TRANSFORMATION=IX|aggregation=quarterly_mean,\N,"{""aggregation_method"": ""quarterly_mean"", ""source_derivation_types"": [""O"", ""O"", ""O""], ""source_months"": [""2023-M10"", ""2023-M11"", ""2023-M12""], ""source_observation_count"": 3, ""source_series_dimensions"": {""ACCESS_SHARING_LEVEL"": ""PUBLIC_OPEN"", ""COICOP_1999"": ""_T"", ""COMMON_REFERENCE_PERIOD"": ""2010A"", ""COUNTRY"": ""RUS"", ""FREQUENCY"": ""M"", ""IFS_FLAG"": ""true"", ""INDEX_TYPE"": ""CPI"", ""OVERLAP"": ""OL"", ""SCALE"": ""0"", ""SECURITY_CLASSIFICATION"": ""PUB"", ""TYPE_OF_TRANSFORMATION"": ""IX""}}"
RWA,cpi_index_all_items_quarterly_imf,2023-Q1,quarterly,187.19117123974465,\N,derived,IMF_CPI,IMF|ACCESS_SHARING_LEVEL=PUBLIC_OPEN|COICOP_1999=_T|COMMON_REFERENCE_PERIOD=2014M2|FREQUENCY=M|IFS_FLAG=true|INDEX_TYPE=CPI|OVERLAP=OL|SCALE=0|SECURITY_CLASSIFICATION=PUB|TYPE_OF_TRANSFORMATION=IX|aggregation=quarterly_mean,\N,"{""aggregation_method"": ""quarterly_mean"", ""source_derivation_types"": [""O"", ""O"", ""O""], ""source_months"": [""2023-M01"", ""2023-M02"", ""2023-M03""], ""source_observation_count"": 3, ""source_series_dimensions"": {""ACCESS_SHARING_LEVEL"": ""PUBLIC_OPEN"", ""COICOP_1999"": ""_T"", ""COMMON_REFERENCE_PERIOD"": ""2014M2"", ""COUNTRY"": ""RWA"", ""FREQUENCY"": ""M"", ""IFS_FLAG"": ""true"", ""INDEX_TYPE"": ""CPI"", ""OVERLAP"": ""OL"", ""SCALE"": ""0"", ""SECURITY_CLASSIFICATION"": ""PUB"", ""TYPE_OF_TRANSFORMATION"": ""IX""}}"
RWA,cpi_index_all_items_quarterly_imf,2023-Q2,quarterly,192.40498623982333,\N,derived,IMF_CPI,IMF|ACCESS_SHARING_LEVEL=PUBLIC_OPEN|COICOP_1999=_T|COMMON_REFERENCE_PERIOD=2014M2|FREQUENCY=M|IFS_FLAG=true|INDEX_TYPE=CPI|OVERLAP=OL|SCALE=0|SECURITY_CLASSIFICATION=PUB|TYPE_OF_TRANSFORMATION=IX|aggregation=quarterly_mean,\N,"{""aggregation_method"": ""quarterly_mean"", ""source_derivation_types"": [""O"", ""O"", ""O""], ""source_months"": [""2023-M04"", ""2023-M05"", ""2023-M06""], ""source_observation_count"": 3, ""source_series_dimensions"": {""ACCESS_SHARING_LEVEL"": ""PUBLIC_OPEN"", ""COICOP_1999"": ""_T"", ""COMMON_REFERENCE_PERIOD"": ""2014M2"", ""COUNTRY"": ""RWA"", ""FREQUENCY"": ""M"", ""IFS_FLAG"": ""true"", ""INDEX_TYPE"": ""CPI"", ""OVERLAP"": ""OL"", ""SCALE"": ""0"", ""SECURITY_CLASSIFICATION"": ""PUB"", ""TYPE_OF_TRANSFORMATION"": ""IX""}}"
RWA,cpi_index_all_items_quarterly_imf,2023-Q3,quarterly,194.29591085763033,\N,derived,IMF_CPI,IMF|ACCESS_SHARING_LEVEL=PUBLIC_OPEN|COICOP_1999=_T|COMMON_REFERENCE_PERIOD=2014M2|FREQUENCY=M|IFS_FLAG=true|INDEX_TYPE=CPI|OVERLAP=OL|SCALE=0|SECURITY_CLASSIFICATION=PUB|TYPE_OF_TRANSFORMATION=IX|aggregation=quarterly_mean,\N,"{""aggregation_method"": ""quarterly_mean"", ""source_derivation_types"": [""O"", ""O"", ""O""], ""source_months"": [""2023-M07"", ""2023-M08"", ""2023-M09""], ""source_observation_count"": 3, ""source_series_dimensions"": {""ACCESS_SHARING_LEVEL"": ""PUBLIC_OPEN"", ""COICOP_1999"": ""_T"", ""COMMON_REFERENCE_PERIOD"": ""2014M2"", ""COUNTRY"": ""RWA"", ""FREQUENCY"": ""M"", ""IFS_FLAG"": ""true"", ""INDEX_TYPE"": ""CPI"", ""OVERLAP"": ""OL"", ""SCALE"": ""0"", ""SECURITY_CLASSIFICATION"": ""PUB"", ""TYPE_OF_TRANSFORMATION"": ""IX""}}"
RWA,cpi_index_all_items_quarterly_imf,2023-Q4,quarterly,196.33320727188934,\N,derived,IMF_CPI,IMF|ACCESS_SHARING_LEVEL=PUBLIC_OPEN|COICOP_1999=_T|COMMON_REFERENCE_PERIOD=2014M2|FREQUENCY=M|IFS_FLAG=true|INDEX_TYPE=CPI|OVERLAP=OL|SCALE=0|SECURITY_CLASSIFICATION=PUB|TYPE_OF_TRANSFORMATION=IX|aggregation=quarterly_mean,\N,"{""aggregation_method"": ""quarterly_mean"", ""source_derivation_types"": [""O"", ""O"", ""O""], ""source_months"": [""2023-M10"", ""2023-M11"", ""2023-M12""], ""source_observation_count"": 3, ""source_series_dimensions"": {""ACCESS_SHARING_LEVEL"": ""PUBLIC_OPEN"", ""COICOP_1999"": ""_T"", ""COMMON_REFERENCE_PERIOD"": ""2014M2"", ""COUNTRY"": ""RWA"", ""FREQUENCY"": ""M"", ""IFS_FLAG"": ""true"", ""INDEX_TYPE"": ""CPI"", ""OVERLAP"": ""OL"", ""SCALE"": ""0"", ""SECURITY_CLASSIFICATION"": ""PUB"", ""TYPE_OF_TRANSFORMATION"": ""IX""}}"
SAU,cpi_index_all_items_quarterly_imf,2023-Q1,quarterly,99.43523333333333,\N,derived,IMF_CPI,IMF|ACCESS_SHARING_LEVEL=PUBLIC_OPEN|COICOP_1999=_T|COMMON_REFERENCE_PERIOD=2023A|FREQUENCY=M|IFS_FLAG=true|INDEX_TYPE=CPI|OVERLAP=OL|SCALE=0|SECURITY_CLASSIFICATION=PUB|TYPE_OF_TRANSFORMATION=IX|aggregation=quarterly_mean,\N,"{""aggregation_method"": ""quarterly_mean"", ""source_derivation_types"": [""O"", ""O"", ""O""], ""source_months"": [""2023-M01"", ""2023-M02"", ""2023-M03""], ""source_observation_count"": 3, ""source_series_dimensions"": {""ACCESS_SHARING_LEVEL"": ""PUBLIC_OPEN"", ""COICOP_1999"": ""_T"", ""COMMON_REFERENCE_PERIOD"": ""2023A"", ""COUNTRY"": ""SAU"", ""FREQUENCY"": ""M"", ""IFS_FLAG"": ""true"", ""INDEX_TYPE"": ""CPI"", ""OVERLAP"": ""OL"", ""SCALE"": ""0"", ""SECURITY_CLASSIFICATION"": ""PUB"", ""TYPE_OF_TRANSFORMATION"": ""IX""}}"
SAU,cpi_index_all_items_quarterly_imf,2023-Q2,quarterly,99.78396333333335,\N,derived,IMF_CPI,IMF|ACCESS_SHARING_LEVEL=PUBLIC_OPEN|COICOP_1999=_T|COMMON_REFERENCE_PERIOD=2023A|FREQUENCY=M|IFS_FLAG=true|INDEX_TYPE=CPI|OVERLAP=OL|SCALE=0|SECURITY_CLASSIFICATION=PUB|TYPE_OF_TRANSFORMATION=IX|aggregation=quarterly_mean,\N,"{""aggregation_method"": ""quarterly_mean"", ""source_derivation_types"": [""O"", ""O"", ""O""], ""source_months"": [""2023-M04"", ""2023-M05"", ""2023-M06""], ""source_observation_count"": 3, ""source_series_dimensions"": {""ACCESS_SHARING_LEVEL"": ""PUBLIC_OPEN"", ""COICOP_1999"": ""_T"", ""COMMON_REFERENCE_PERIOD"": ""2023A"", ""COUNTRY"": ""SAU"", ""FREQUENCY"": ""M"", ""IFS_FLAG"": ""true"", ""INDEX_TYPE"": ""CPI"", ""OVERLAP"": ""OL"", ""SCALE"": ""0"", ""SECURITY_CLASSIFICATION"": ""PUB"", ""TYPE_OF_TRANSFORMATION"": ""IX""}}"
SAU,cpi_index_all_items_quarterly_imf,2023-Q3,quarterly,100.15500000000002,\N,derived,IMF_CPI,IMF|ACCESS_SHARING_LEVEL=PUBLIC_OPEN|COICOP_1999=_T|COMMON_REFERENCE_PERIOD=2023A|FREQUENCY=M|IFS_FLAG=true|INDEX_TYPE=CPI|OVERLAP=OL|SCALE=0|SECURITY_CLASSIFICATION=PUB|TYPE_OF_TRANSFORMATION=IX|aggregation=quarterly_mean,\N,"{""aggregation_method"": ""quarterly_mean"", ""source_derivation_types"": [""O"", ""O"", ""O""], ""source_months"": [""2023-M07"", ""2023-M08"", ""2023-M09""], ""source_observation_count"": 3, ""source_series_dimensions"": {""ACCESS_SHARING_LEVEL"": ""PUBLIC_OPEN"", ""COICOP_1999"": ""_T"", ""COMMON_REFERENCE_PERIOD"": ""2023A"", ""COUNTRY"": ""SAU"", ""FREQUENCY"": ""M"", ""IFS_FLAG"": ""true"", ""INDEX_TYPE"": ""CPI"", ""OVERLAP"": ""OL"", ""SCALE"": ""0"", ""SECURITY_CLASSIFICATION"": ""PUB"", ""TYPE_OF_TRANSFORMATION"": ""IX""}}"
SAU,cpi_index_all_items_quarterly_imf,2023-Q4,quarterly,100.62996666666668,\N,derived,IMF_CPI,IMF|ACCESS_SHARING_LEVEL=PUBLIC_OPEN|COICOP_1999=_T|COMMON_REFERENCE_PERIOD=2023A|FREQUENCY=M|IFS_FLAG=true|INDEX_TYPE=CPI|OVERLAP=OL|SCALE=0|SECURITY_CLASSIFICATION=PUB|TYPE_OF_TRANSFORMATION=IX|aggregation=quarterly_mean,\N,"{""aggregation_method"": ""quarterly_mean"", ""source_derivation_types"": [""O"", ""O"", ""O""], ""source_months"": [""2023-M10"", ""2023-M11"", ""2023-M12""], ""source_observation_count"": 3, ""source_series_dimensions"": {""ACCESS_SHARING_LEVEL"": ""PUBLIC_OPEN"", ""COICOP_1999"": ""_T"", ""COMMON_REFERENCE_PERIOD"": ""2023A"", ""COUNTRY"": ""SAU"", ""FREQUENCY"": ""M"", ""IFS_FLAG"": ""true"", ""INDEX_TYPE"": ""CPI"", ""OVERLAP"": ""OL"", ""SCALE"": ""0"", ""SECURITY_CLASSIFICATION"": ""PUB"", ""TYPE_OF_TRANSFORMATION"": ""IX""}}"
SEN,cpi_index_all_items_quarterly_imf,2023-Q1,quarterly,97.78602426069081,\N,derived,IMF_CPI,IMF|ACCESS_SHARING_LEVEL=PUBLIC_OPEN|COICOP_1999=_T|COMMON_REFERENCE_PERIOD=2023A|FREQUENCY=M|IFS_FLAG=true|INDEX_TYPE=CPI|OVERLAP=OL|SCALE=0|SECURITY_CLASSIFICATION=PUB|TYPE_OF_TRANSFORMATION=IX|aggregation=quarterly_mean,\N,"{""aggregation_method"": ""quarterly_mean"", ""source_derivation_types"": [""O"", ""O"", ""O""], ""source_months"": [""2023-M01"", ""2023-M02"", ""2023-M03""], ""source_observation_count"": 3, ""source_series_dimensions"": {""ACCESS_SHARING_LEVEL"": ""PUBLIC_OPEN"", ""COICOP_1999"": ""_T"", ""COMMON_REFERENCE_PERIOD"": ""2023A"", ""COUNTRY"": ""SEN"", ""FREQUENCY"": ""M"", ""IFS_FLAG"": ""true"", ""INDEX_TYPE"": ""CPI"", ""OVERLAP"": ""OL"", ""SCALE"": ""0"", ""SECURITY_CLASSIFICATION"": ""PUB"", ""TYPE_OF_TRANSFORMATION"": ""IX""}}"
SEN,cpi_index_all_items_quarterly_imf,2023-Q2,quarterly,98.36308961626537,\N,derived,IMF_CPI,IMF|ACCESS_SHARING_LEVEL=PUBLIC_OPEN|COICOP_1999=_T|COMMON_REFERENCE_PERIOD=2023A|FREQUENCY=M|IFS_FLAG=true|INDEX_TYPE=CPI|OVERLAP=OL|SCALE=0|SECURITY_CLASSIFICATION=PUB|TYPE_OF_TRANSFORMATION=IX|aggregation=quarterly_mean,\N,"{""aggregation_method"": ""quarterly_mean"", ""source_derivation_types"": [""O"", ""O"", ""O""], ""source_months"": [""2023-M04"", ""2023-M05"", ""2023-M06""], ""source_observation_count"": 3, ""source_series_dimensions"": {""ACCESS_SHARING_LEVEL"": ""PUBLIC_OPEN"", ""COICOP_1999"": ""_T"", ""COMMON_REFERENCE_PERIOD"": ""2023A"", ""COUNTRY"": ""SEN"", ""FREQUENCY"": ""M"", ""IFS_FLAG"": ""true"", ""INDEX_TYPE"": ""CPI"", ""OVERLAP"": ""OL"", ""SCALE"": ""0"", ""SECURITY_CLASSIFICATION"": ""PUB"", ""TYPE_OF_TRANSFORMATION"": ""IX""}}"
SEN,cpi_index_all_items_quarterly_imf,2023-Q3,quarterly,102.29635455392317,\N,derived,IMF_CPI,IMF|ACCESS_SHARING_LEVEL=PUBLIC_OPEN|COICOP_1999=_T|COMMON_REFERENCE_PERIOD=2023A|FREQUENCY=M|IFS_FLAG=true|INDEX_TYPE=CPI|OVERLAP=OL|SCALE=0|SECURITY_CLASSIFICATION=PUB|TYPE_OF_TRANSFORMATION=IX|aggregation=quarterly_mean,\N,"{""aggregation_method"": ""quarterly_mean"", ""source_derivation_types"": [""O"", ""O"", ""O""], ""source_months"": [""2023-M07"", ""2023-M08"", ""2023-M09""], ""source_observation_count"": 3, ""source_series_dimensions"": {""ACCESS_SHARING_LEVEL"": ""PUBLIC_OPEN"", ""COICOP_1999"": ""_T"", ""COMMON_REFERENCE_PERIOD"": ""2023A"", ""COUNTRY"": ""SEN"", ""FREQUENCY"": ""M"", ""IFS_FLAG"": ""true"", ""INDEX_TYPE"": ""CPI"", ""OVERLAP"": ""OL"", ""SCALE"": ""0"", ""SECURITY_CLASSIFICATION"": ""PUB"", ""TYPE_OF_TRANSFORMATION"": ""IX""}}"
SEN,cpi_index_all_items_quarterly_imf,2023-Q4,quarterly,101.46377473039092,\N,derived,IMF_CPI,IMF|ACCESS_SHARING_LEVEL=PUBLIC_OPEN|COICOP_1999=_T|COMMON_REFERENCE_PERIOD=2023A|FREQUENCY=M|IFS_FLAG=true|INDEX_TYPE=CPI|OVERLAP=OL|SCALE=0|SECURITY_CLASSIFICATION=PUB|TYPE_OF_TRANSFORMATION=IX|aggregation=quarterly_mean,\N,"{""aggregation_method"": ""quarterly_mean"", ""source_derivation_types"": [""O"", ""O"", ""O""], ""source_months"": [""2023-M10"", ""2023-M11"", ""2023-M12""], ""source_observation_count"": 3, ""source_series_dimensions"": {""ACCESS_SHARING_LEVEL"": ""PUBLIC_OPEN"", ""COICOP_1999"": ""_T"", ""COMMON_REFERENCE_PERIOD"": ""2023A"", ""COUNTRY"": ""SEN"", ""FREQUENCY"": ""M"", ""IFS_FLAG"": ""true"", ""INDEX_TYPE"": ""CPI"", ""OVERLAP"": ""OL"", ""SCALE"": ""0"", ""SECURITY_CLASSIFICATION"": ""PUB"", ""TYPE_OF_TRANSFORMATION"": ""IX""}}"
SGP,cpi_index_all_items_quarterly_imf,2023-Q1,quarterly,96.29066666666667,\N,derived,IMF_CPI,IMF|ACCESS_SHARING_LEVEL=PUBLIC_OPEN|COICOP_1999=_T|COMMON_REFERENCE_PERIOD=2024A|FREQUENCY=M|IFS_FLAG=true|INDEX_TYPE=CPI|OVERLAP=OL|SCALE=0|SECURITY_CLASSIFICATION=PUB|TYPE_OF_TRANSFORMATION=IX|aggregation=quarterly_mean,\N,"{""aggregation_method"": ""quarterly_mean"", ""source_derivation_types"": [""O"", ""O"", ""O""], ""source_months"": [""2023-M01"", ""2023-M02"", ""2023-M03""], ""source_observation_count"": 3, ""source_series_dimensions"": {""ACCESS_SHARING_LEVEL"": ""PUBLIC_OPEN"", ""COICOP_1999"": ""_T"", ""COMMON_REFERENCE_PERIOD"": ""2024A"", ""COUNTRY"": ""SGP"", ""FREQUENCY"": ""M"", ""IFS_FLAG"": ""true"", ""INDEX_TYPE"": ""CPI"", ""OVERLAP"": ""OL"", ""SCALE"": ""0"", ""SECURITY_CLASSIFICATION"": ""PUB"", ""TYPE_OF_TRANSFORMATION"": ""IX""}}"
SGP,cpi_index_all_items_quarterly_imf,2023-Q2,quarterly,97.23166666666667,\N,derived,IMF_CPI,IMF|ACCESS_SHARING_LEVEL=PUBLIC_OPEN|COICOP_1999=_T|COMMON_REFERENCE_PERIOD=2024A|FREQUENCY=M|IFS_FLAG=true|INDEX_TYPE=CPI|OVERLAP=OL|SCALE=0|SECURITY_CLASSIFICATION=PUB|TYPE_OF_TRANSFORMATION=IX|aggregation=quarterly_mean,\N,"{""aggregation_method"": ""quarterly_mean"", ""source_derivation_types"": [""O"", ""O"", ""O""], ""source_months"": [""2023-M04"", ""2023-M05"", ""2023-M06""], ""source_observation_count"": 3, ""source_series_dimensions"": {""ACCESS_SHARING_LEVEL"": ""PUBLIC_OPEN"", ""COICOP_1999"": ""_T"", ""COMMON_REFERENCE_PERIOD"": ""2024A"", ""COUNTRY"": ""SGP"", ""FREQUENCY"": ""M"", ""IFS_FLAG"": ""true"", ""INDEX_TYPE"": ""CPI"", ""OVERLAP"": ""OL"", ""SCALE"": ""0"", ""SECURITY_CLASSIFICATION"": ""PUB"", ""TYPE_OF_TRANSFORMATION"": ""IX""}}"
SGP,cpi_index_all_items_quarterly_imf,2023-Q3,quarterly,98.157,\N,derived,IMF_CPI,IMF|ACCESS_SHARING_LEVEL=PUBLIC_OPEN|COICOP_1999=_T|COMMON_REFERENCE_PERIOD=2024A|FREQUENCY=M|IFS_FLAG=true|INDEX_TYPE=CPI|OVERLAP=OL|SCALE=0|SECURITY_CLASSIFICATION=PUB|TYPE_OF_TRANSFORMATION=IX|aggregation=quarterly_mean,\N,"{""aggregation_method"": ""quarterly_mean"", ""source_derivation_types"": [""O"", ""O"", ""O""], ""source_months"": [""2023-M07"", ""2023-M08"", ""2023-M09""], ""source_observation_count"": 3, ""source_series_dimensions"": {""ACCESS_SHARING_LEVEL"": ""PUBLIC_OPEN"", ""COICOP_1999"": ""_T"", ""COMMON_REFERENCE_PERIOD"": ""2024A"", ""COUNTRY"": ""SGP"", ""FREQUENCY"": ""M"", ""IFS_FLAG"": ""true"", ""INDEX_TYPE"": ""CPI"", ""OVERLAP"": ""OL"", ""SCALE"": ""0"", ""SECURITY_CLASSIFICATION"": ""PUB"", ""TYPE_OF_TRANSFORMATION"": ""IX""}}"
SGP,cpi_index_all_items_quarterly_imf,2023-Q4,quarterly,98.98633333333333,\N,derived,IMF_CPI,IMF|ACCESS_SHARING_LEVEL=PUBLIC_OPEN|COICOP_1999=_T|COMMON_REFERENCE_PERIOD=2024A|FREQUENCY=M|IFS_FLAG=true|INDEX_TYPE=CPI|OVERLAP=OL|SCALE=0|SECURITY_CLASSIFICATION=PUB|TYPE_OF_TRANSFORMATION=IX|aggregation=quarterly_mean,\N,"{""aggregation_method"": ""quarterly_mean"", ""source_derivation_types"": [""O"", ""O"", ""O""], ""source_months"": [""2023-M10"", ""2023-M11"", ""2023-M12""], ""source_observation_count"": 3, ""source_series_dimensions"": {""ACCESS_SHARING_LEVEL"": ""PUBLIC_OPEN"", ""COICOP_1999"": ""_T"", ""COMMON_REFERENCE_PERIOD"": ""2024A"", ""COUNTRY"": ""SGP"", ""FREQUENCY"": ""M"", ""IFS_FLAG"": ""true"", ""INDEX_TYPE"": ""CPI"", ""OVERLAP"": ""OL"", ""SCALE"": ""0"", ""SECURITY_CLASSIFICATION"": ""PUB"", ""TYPE_OF_TRANSFORMATION"": ""IX""}}"
SLB,cpi_index_all_items_quarterly_imf,2023-Q1,quarterly,119.57593466666667,\N,derived,IMF_CPI,IMF|ACCESS_SHARING_LEVEL=PUBLIC_OPEN|COICOP_1999=_T|COMMON_REFERENCE_PERIOD=2017A|FREQUENCY=M|IFS_FLAG=true|INDEX_TYPE=CPI|OVERLAP=OL|SCALE=0|SECURITY_CLASSIFICATION=PUB|TYPE_OF_TRANSFORMATION=IX|aggregation=quarterly_mean,\N,"{""aggregation_method"": ""quarterly_mean"", ""source_derivation_types"": [""O"", ""O"", ""O""], ""source_months"": [""2023-M01"", ""2023-M02"", ""2023-M03""], ""source_observation_count"": 3, ""source_series_dimensions"": {""ACCESS_SHARING_LEVEL"": ""PUBLIC_OPEN"", ""COICOP_1999"": ""_T"", ""COMMON_REFERENCE_PERIOD"": ""2017A"", ""COUNTRY"": ""SLB"", ""FREQUENCY"": ""M"", ""IFS_FLAG"": ""true"", ""INDEX_TYPE"": ""CPI"", ""OVERLAP"": ""OL"", ""SCALE"": ""0"", ""SECURITY_CLASSIFICATION"": ""PUB"", ""TYPE_OF_TRANSFORMATION"": ""IX""}}"
SLB,cpi_index_all_items_quarterly_imf,2023-Q2,quarterly,119.73333333333335,\N,derived,IMF_CPI,IMF|ACCESS_SHARING_LEVEL=PUBLIC_OPEN|COICOP_1999=_T|COMMON_REFERENCE_PERIOD=2017A|FREQUENCY=M|IFS_FLAG=true|INDEX_TYPE=CPI|OVERLAP=OL|SCALE=0|SECURITY_CLASSIFICATION=PUB|TYPE_OF_TRANSFORMATION=IX|aggregation=quarterly_mean,\N,"{""aggregation_method"": ""quarterly_mean"", ""source_derivation_types"": [""O"", ""O"", ""O""], ""source_months"": [""2023-M04"", ""2023-M05"", ""2023-M06""], ""source_observation_count"": 3, ""source_series_dimensions"": {""ACCESS_SHARING_LEVEL"": ""PUBLIC_OPEN"", ""COICOP_1999"": ""_T"", ""COMMON_REFERENCE_PERIOD"": ""2017A"", ""COUNTRY"": ""SLB"", ""FREQUENCY"": ""M"", ""IFS_FLAG"": ""true"", ""INDEX_TYPE"": ""CPI"", ""OVERLAP"": ""OL"", ""SCALE"": ""0"", ""SECURITY_CLASSIFICATION"": ""PUB"", ""TYPE_OF_TRANSFORMATION"": ""IX""}}"
SLB,cpi_index_all_items_quarterly_imf,2023-Q3,quarterly,120.96666666666665,\N,derived,IMF_CPI,IMF|ACCESS_SHARING_LEVEL=PUBLIC_OPEN|COICOP_1999=_T|COMMON_REFERENCE_PERIOD=2017A|FREQUENCY=M|IFS_FLAG=true|INDEX_TYPE=CPI|OVERLAP=OL|SCALE=0|SECURITY_CLASSIFICATION=PUB|TYPE_OF_TRANSFORMATION=IX|aggregation=quarterly_mean,\N,"{""aggregation_method"": ""quarterly_mean"", ""source_derivation_types"": [""O"", ""O"", ""O""], ""source_months"": [""2023-M07"", ""2023-M08"", ""2023-M09""], ""source_observation_count"": 3, ""source_series_dimensions"": {""ACCESS_SHARING_LEVEL"": ""PUBLIC_OPEN"", ""COICOP_1999"": ""_T"", ""COMMON_REFERENCE_PERIOD"": ""2017A"", ""COUNTRY"": ""SLB"", ""FREQUENCY"": ""M"", ""IFS_FLAG"": ""true"", ""INDEX_TYPE"": ""CPI"", ""OVERLAP"": ""OL"", ""SCALE"": ""0"", ""SECURITY_CLASSIFICATION"": ""PUB"", ""TYPE_OF_TRANSFORMATION"": ""IX""}}"
SLB,cpi_index_all_items_quarterly_imf,2023-Q4,quarterly,123.10000000000001,\N,derived,IMF_CPI,IMF|ACCESS_SHARING_LEVEL=PUBLIC_OPEN|COICOP_1999=_T|COMMON_REFERENCE_PERIOD=2017A|FREQUENCY=M|IFS_FLAG=true|INDEX_TYPE=CPI|OVERLAP=OL|SCALE=0|SECURITY_CLASSIFICATION=PUB|TYPE_OF_TRANSFORMATION=IX|aggregation=quarterly_mean,\N,"{""aggregation_method"": ""quarterly_mean"", ""source_derivation_types"": [""O"", ""O"", ""O""], ""source_months"": [""2023-M10"", ""2023-M11"", ""2023-M12""], ""source_observation_count"": 3, ""source_series_dimensions"": {""ACCESS_SHARING_LEVEL"": ""PUBLIC_OPEN"", ""COICOP_1999"": ""_T"", ""COMMON_REFERENCE_PERIOD"": ""2017A"", ""COUNTRY"": ""SLB"", ""FREQUENCY"": ""M"", ""IFS_FLAG"": ""true"", ""INDEX_TYPE"": ""CPI"", ""OVERLAP"": ""OL"", ""SCALE"": ""0"", ""SECURITY_CLASSIFICATION"": ""PUB"", ""TYPE_OF_TRANSFORMATION"": ""IX""}}"
SLE,cpi_index_all_items_quarterly_imf,2023-Q1,quarterly,147.3066666666667,\N,derived,IMF_CPI,IMF|ACCESS_SHARING_LEVEL=PUBLIC_OPEN|COICOP_1999=_T|COMMON_REFERENCE_PERIOD=2021M12|FREQUENCY=M|IFS_FLAG=true|INDEX_TYPE=CPI|OVERLAP=OL|SCALE=0|SECURITY_CLASSIFICATION=PUB|TYPE_OF_TRANSFORMATION=IX|aggregation=quarterly_mean,\N,"{""aggregation_method"": ""quarterly_mean"", ""source_derivation_types"": [""O"", ""O"", ""O""], ""source_months"": [""2023-M01"", ""2023-M02"", ""2023-M03""], ""source_observation_count"": 3, ""source_series_dimensions"": {""ACCESS_SHARING_LEVEL"": ""PUBLIC_OPEN"", ""COICOP_1999"": ""_T"", ""COMMON_REFERENCE_PERIOD"": ""2021M12"", ""COUNTRY"": ""SLE"", ""FREQUENCY"": ""M"", ""IFS_FLAG"": ""true"", ""INDEX_TYPE"": ""CPI"", ""OVERLAP"": ""OL"", ""SCALE"": ""0"", ""SECURITY_CLASSIFICATION"": ""PUB"", ""TYPE_OF_TRANSFORMATION"": ""IX""}}"
SLE,cpi_index_all_items_quarterly_imf,2023-Q2,quarterly,165.52666666666667,\N,derived,IMF_CPI,IMF|ACCESS_SHARING_LEVEL=PUBLIC_OPEN|COICOP_1999=_T|COMMON_REFERENCE_PERIOD=2021M12|FREQUENCY=M|IFS_FLAG=true|INDEX_TYPE=CPI|OVERLAP=OL|SCALE=0|SECURITY_CLASSIFICATION=PUB|TYPE_OF_TRANSFORMATION=IX|aggregation=quarterly_mean,\N,"{""aggregation_method"": ""quarterly_mean"", ""source_derivation_types"": [""O"", ""O"", ""O""], ""source_months"": [""2023-M04"", ""2023-M05"", ""2023-M06""], ""source_observation_count"": 3, ""source_series_dimensions"": {""ACCESS_SHARING_LEVEL"": ""PUBLIC_OPEN"", ""COICOP_1999"": ""_T"", ""COMMON_REFERENCE_PERIOD"": ""2021M12"", ""COUNTRY"": ""SLE"", ""FREQUENCY"": ""M"", ""IFS_FLAG"": ""true"", ""INDEX_TYPE"": ""CPI"", ""OVERLAP"": ""OL"", ""SCALE"": ""0"", ""SECURITY_CLASSIFICATION"": ""PUB"", ""TYPE_OF_TRANSFORMATION"": ""IX""}}"
SLE,cpi_index_all_items_quarterly_imf,2023-Q3,quarterly,184.91505553143566,\N,derived,IMF_CPI,IMF|ACCESS_SHARING_LEVEL=PUBLIC_OPEN|COICOP_1999=_T|COMMON_REFERENCE_PERIOD=2021M12|FREQUENCY=M|IFS_FLAG=true|INDEX_TYPE=CPI|OVERLAP=OL|SCALE=0|SECURITY_CLASSIFICATION=PUB|TYPE_OF_TRANSFORMATION=IX|aggregation=quarterly_mean,\N,"{""aggregation_method"": ""quarterly_mean"", ""source_derivation_types"": [""O"", ""O"", ""O""], ""source_months"": [""2023-M07"", ""2023-M08"", ""2023-M09""], ""source_observation_count"": 3, ""source_series_dimensions"": {""ACCESS_SHARING_LEVEL"": ""PUBLIC_OPEN"", ""COICOP_1999"": ""_T"", ""COMMON_REFERENCE_PERIOD"": ""2021M12"", ""COUNTRY"": ""SLE"", ""FREQUENCY"": ""M"", ""IFS_FLAG"": ""true"", ""INDEX_TYPE"": ""CPI"", ""OVERLAP"": ""OL"", ""SCALE"": ""0"", ""SECURITY_CLASSIFICATION"": ""PUB"", ""TYPE_OF_TRANSFORMATION"": ""IX""}}"
SLE,cpi_index_all_items_quarterly_imf,2023-Q4,quarterly,204.40666666666667,\N,derived,IMF_CPI,IMF|ACCESS_SHARING_LEVEL=PUBLIC_OPEN|COICOP_1999=_T|COMMON_REFERENCE_PERIOD=2021M12|FREQUENCY=M|IFS_FLAG=true|INDEX_TYPE=CPI|OVERLAP=OL|SCALE=0|SECURITY_CLASSIFICATION=PUB|TYPE_OF_TRANSFORMATION=IX|aggregation=quarterly_mean,\N,"{""aggregation_method"": ""quarterly_mean"", ""source_derivation_types"": [""O"", ""O"", ""O""], ""source_months"": [""2023-M10"", ""2023-M11"", ""2023-M12""], ""source_observation_count"": 3, ""source_series_dimensions"": {""ACCESS_SHARING_LEVEL"": ""PUBLIC_OPEN"", ""COICOP_1999"": ""_T"", ""COMMON_REFERENCE_PERIOD"": ""2021M12"", ""COUNTRY"": ""SLE"", ""FREQUENCY"": ""M"", ""IFS_FLAG"": ""true"", ""INDEX_TYPE"": ""CPI"", ""OVERLAP"": ""OL"", ""SCALE"": ""0"", ""SECURITY_CLASSIFICATION"": ""PUB"", ""TYPE_OF_TRANSFORMATION"": ""IX""}}"
SLV,cpi_index_all_items_quarterly_imf,2023-Q1,quarterly,128.754879349653,\N,derived,IMF_CPI,IMF|ACCESS_SHARING_LEVEL=PUBLIC_OPEN|COICOP_1999=_T|COMMON_REFERENCE_PERIOD=2009M12|FREQUENCY=M|IFS_FLAG=true|INDEX_TYPE=CPI|OVERLAP=OL|SCALE=0|SECURITY_CLASSIFICATION=PUB|TYPE_OF_TRANSFORMATION=IX|aggregation=quarterly_mean,\N,"{""aggregation_method"": ""quarterly_mean"", ""source_derivation_types"": [""O"", ""O"", ""O""], ""source_months"": [""2023-M01"", ""2023-M02"", ""2023-M03""], ""source_observation_count"": 3, ""source_series_dimensions"": {""ACCESS_SHARING_LEVEL"": ""PUBLIC_OPEN"", ""COICOP_1999"": ""_T"", ""COMMON_REFERENCE_PERIOD"": ""2009M12"", ""COUNTRY"": ""SLV"", ""FREQUENCY"": ""M"", ""IFS_FLAG"": ""true"", ""INDEX_TYPE"": ""CPI"", ""OVERLAP"": ""OL"", ""SCALE"": ""0"", ""SECURITY_CLASSIFICATION"": ""PUB"", ""TYPE_OF_TRANSFORMATION"": ""IX""}}"
SLV,cpi_index_all_items_quarterly_imf,2023-Q2,quarterly,129.01000000000002,\N,derived,IMF_CPI,IMF|ACCESS_SHARING_LEVEL=PUBLIC_OPEN|COICOP_1999=_T|COMMON_REFERENCE_PERIOD=2009M12|FREQUENCY=M|IFS_FLAG=true|INDEX_TYPE=CPI|OVERLAP=OL|SCALE=0|SECURITY_CLASSIFICATION=PUB|TYPE_OF_TRANSFORMATION=IX|aggregation=quarterly_mean,\N,"{""aggregation_method"": ""quarterly_mean"", ""source_derivation_types"": [""O"", ""O"", ""O""], ""source_months"": [""2023-M04"", ""2023-M05"", ""2023-M06""], ""source_observation_count"": 3, ""source_series_dimensions"": {""ACCESS_SHARING_LEVEL"": ""PUBLIC_OPEN"", ""COICOP_1999"": ""_T"", ""COMMON_REFERENCE_PERIOD"": ""2009M12"", ""COUNTRY"": ""SLV"", ""FREQUENCY"": ""M"", ""IFS_FLAG"": ""true"", ""INDEX_TYPE"": ""CPI"", ""OVERLAP"": ""OL"", ""SCALE"": ""0"", ""SECURITY_CLASSIFICATION"": ""PUB"", ""TYPE_OF_TRANSFORMATION"": ""IX""}}"
SLV,cpi_index_all_items_quarterly_imf,2023-Q3,quarterly,129.42666666666665,\N,derived,IMF_CPI,IMF|ACCESS_SHARING_LEVEL=PUBLIC_OPEN|COICOP_1999=_T|COMMON_REFERENCE_PERIOD=2009M12|FREQUENCY=M|IFS_FLAG=true|INDEX_TYPE=CPI|OVERLAP=OL|SCALE=0|SECURITY_CLASSIFICATION=PUB|TYPE_OF_TRANSFORMATION=IX|aggregation=quarterly_mean,\N,"{""aggregation_method"": ""quarterly_mean"", ""source_derivation_types"": [""O"", ""O"", ""O""], ""source_months"": [""2023-M07"", ""2023-M08"", ""2023-M09""], ""source_observation_count"": 3, ""source_series_dimensions"": {""ACCESS_SHARING_LEVEL"": ""PUBLIC_OPEN"", ""COICOP_1999"": ""_T"", ""COMMON_REFERENCE_PERIOD"": ""2009M12"", ""COUNTRY"": ""SLV"", ""FREQUENCY"": ""M"", ""IFS_FLAG"": ""true"", ""INDEX_TYPE"": ""CPI"", ""OVERLAP"": ""OL"", ""SCALE"": ""0"", ""SECURITY_CLASSIFICATION"": ""PUB"", ""TYPE_OF_TRANSFORMATION"": ""IX""}}"
SLV,cpi_index_all_items_quarterly_imf,2023-Q4,quarterly,129.9333333333333,\N,derived,IMF_CPI,IMF|ACCESS_SHARING_LEVEL=PUBLIC_OPEN|COICOP_1999=_T|COMMON_REFERENCE_PERIOD=2009M12|FREQUENCY=M|IFS_FLAG=true|INDEX_TYPE=CPI|OVERLAP=OL|SCALE=0|SECURITY_CLASSIFICATION=PUB|TYPE_OF_TRANSFORMATION=IX|aggregation=quarterly_mean,\N,"{""aggregation_method"": ""quarterly_mean"", ""source_derivation_types"": [""O"", ""O"", ""O""], ""source_months"": [""2023-M10"", ""2023-M11"", ""2023-M12""], ""source_observation_count"": 3, ""source_series_dimensions"": {""ACCESS_SHARING_LEVEL"": ""PUBLIC_OPEN"", ""COICOP_1999"": ""_T"", ""COMMON_REFERENCE_PERIOD"": ""2009M12"", ""COUNTRY"": ""SLV"", ""FREQUENCY"": ""M"", ""IFS_FLAG"": ""true"", ""INDEX_TYPE"": ""CPI"", ""OVERLAP"": ""OL"", ""SCALE"": ""0"", ""SECURITY_CLASSIFICATION"": ""PUB"", ""TYPE_OF_TRANSFORMATION"": ""IX""}}"
SMR,cpi_index_all_items_quarterly_imf,2023-Q1,quarterly,115.47666666666667,\N,derived,IMF_CPI,IMF|ACCESS_SHARING_LEVEL=PUBLIC_OPEN|COICOP_1999=_T|COMMON_REFERENCE_PERIOD=2015M12|FREQUENCY=M|IFS_FLAG=true|INDEX_TYPE=CPI|OVERLAP=OL|SCALE=0|SECURITY_CLASSIFICATION=PUB|TYPE_OF_TRANSFORMATION=IX|aggregation=quarterly_mean,\N,"{""aggregation_method"": ""quarterly_mean"", ""source_derivation_types"": [""O"", ""O"", ""O""], ""source_months"": [""2023-M01"", ""2023-M02"", ""2023-M03""], ""source_observation_count"": 3, ""source_series_dimensions"": {""ACCESS_SHARING_LEVEL"": ""PUBLIC_OPEN"", ""COICOP_1999"": ""_T"", ""COMMON_REFERENCE_PERIOD"": ""2015M12"", ""COUNTRY"": ""SMR"", ""FREQUENCY"": ""M"", ""IFS_FLAG"": ""true"", ""INDEX_TYPE"": ""CPI"", ""OVERLAP"": ""OL"", ""SCALE"": ""0"", ""SECURITY_CLASSIFICATION"": ""PUB"", ""TYPE_OF_TRANSFORMATION"": ""IX""}}"
SMR,cpi_index_all_items_quarterly_imf,2023-Q2,quarterly,116.53666666666668,\N,derived,IMF_CPI,IMF|ACCESS_SHARING_LEVEL=PUBLIC_OPEN|COICOP_1999=_T|COMMON_REFERENCE_PERIOD=2015M12|FREQUENCY=M|IFS_FLAG=true|INDEX_TYPE=CPI|OVERLAP=OL|SCALE=0|SECURITY_CLASSIFICATION=PUB|TYPE_OF_TRANSFORMATION=IX|aggregation=quarterly_mean,\N,"{""aggregation_method"": ""quarterly_mean"", ""source_derivation_types"": [""O"", ""O"", ""O""], ""source_months"": [""2023-M04"", ""2023-M05"", ""2023-M06""], ""source_observation_count"": 3, ""source_series_dimensions"": {""ACCESS_SHARING_LEVEL"": ""PUBLIC_OPEN"", ""COICOP_1999"": ""_T"", ""COMMON_REFERENCE_PERIOD"": ""2015M12"", ""COUNTRY"": ""SMR"", ""FREQUENCY"": ""M"", ""IFS_FLAG"": ""true"", ""INDEX_TYPE"": ""CPI"", ""OVERLAP"": ""OL"", ""SCALE"": ""0"", ""SECURITY_CLASSIFICATION"": ""PUB"", ""TYPE_OF_TRANSFORMATION"": ""IX""}}"
SMR,cpi_index_all_items_quarterly_imf,2023-Q3,quarterly,117.46999999999998,\N,derived,IMF_CPI,IMF|ACCESS_SHARING_LEVEL=PUBLIC_OPEN|COICOP_1999=_T|COMMON_REFERENCE_PERIOD=2015M12|FREQUENCY=M|IFS_FLAG=true|INDEX_TYPE=CPI|OVERLAP=OL|SCALE=0|SECURITY_CLASSIFICATION=PUB|TYPE_OF_TRANSFORMATION=IX|aggregation=quarterly_mean,\N,"{""aggregation_method"": ""quarterly_mean"", ""source_derivation_types"": [""O"", ""O"", ""O""], ""source_months"": [""2023-M07"", ""2023-M08"", ""2023-M09""], ""source_observation_count"": 3, ""source_series_dimensions"": {""ACCESS_SHARING_LEVEL"": ""PUBLIC_OPEN"", ""COICOP_1999"": ""_T"", ""COMMON_REFERENCE_PERIOD"": ""2015M12"", ""COUNTRY"": ""SMR"", ""FREQUENCY"": ""M"", ""IFS_FLAG"": ""true"", ""INDEX_TYPE"": ""CPI"", ""OVERLAP"": ""OL"", ""SCALE"": ""0"", ""SECURITY_CLASSIFICATION"": ""PUB"", ""TYPE_OF_TRANSFORMATION"": ""IX""}}"
SMR,cpi_index_all_items_quarterly_imf,2023-Q4,quarterly,117.44333333333333,\N,derived,IMF_CPI,IMF|ACCESS_SHARING_LEVEL=PUBLIC_OPEN|COICOP_1999=_T|COMMON_REFERENCE_PERIOD=2015M12|FREQUENCY=M|IFS_FLAG=true|INDEX_TYPE=CPI|OVERLAP=OL|SCALE=0|SECURITY_CLASSIFICATION=PUB|TYPE_OF_TRANSFORMATION=IX|aggregation=quarterly_mean,\N,"{""aggregation_method"": ""quarterly_mean"", ""source_derivation_types"": [""O"", ""O"", ""O""], ""source_months"": [""2023-M10"", ""2023-M11"", ""2023-M12""], ""source_observation_count"": 3, ""source_series_dimensions"": {""ACCESS_SHARING_LEVEL"": ""PUBLIC_OPEN"", ""COICOP_1999"": ""_T"", ""COMMON_REFERENCE_PERIOD"": ""2015M12"", ""COUNTRY"": ""SMR"", ""FREQUENCY"": ""M"", ""IFS_FLAG"": ""true"", ""INDEX_TYPE"": ""CPI"", ""OVERLAP"": ""OL"", ""SCALE"": ""0"", ""SECURITY_CLASSIFICATION"": ""PUB"", ""TYPE_OF_TRANSFORMATION"": ""IX""}}"
SOM,cpi_index_all_items_quarterly_imf,2023-Q1,quarterly,100.62216030305287,\N,derived,IMF_CPI,IMF|ACCESS_SHARING_LEVEL=PUBLIC_OPEN|COICOP_1999=_T|COMMON_REFERENCE_PERIOD=2022A|FREQUENCY=M|IFS_FLAG=true|INDEX_TYPE=CPI|OVERLAP=OL|SCALE=0|SECURITY_CLASSIFICATION=PUB|TYPE_OF_TRANSFORMATION=IX|aggregation=quarterly_mean,\N,"{""aggregation_method"": ""quarterly_mean"", ""source_derivation_types"": [""O"", ""O"", ""O""], ""source_months"": [""2023-M01"", ""2023-M02"", ""2023-M03""], ""source_observation_count"": 3, ""source_series_dimensions"": {""ACCESS_SHARING_LEVEL"": ""PUBLIC_OPEN"", ""COICOP_1999"": ""_T"", ""COMMON_REFERENCE_PERIOD"": ""2022A"", ""COUNTRY"": ""SOM"", ""FREQUENCY"": ""M"", ""IFS_FLAG"": ""true"", ""INDEX_TYPE"": ""CPI"", ""OVERLAP"": ""OL"", ""SCALE"": ""0"", ""SECURITY_CLASSIFICATION"": ""PUB"", ""TYPE_OF_TRANSFORMATION"": ""IX""}}"
SOM,cpi_index_all_items_quarterly_imf,2023-Q2,quarterly,106.25305395167129,\N,derived,IMF_CPI,IMF|ACCESS_SHARING_LEVEL=PUBLIC_OPEN|COICOP_1999=_T|COMMON_REFERENCE_PERIOD=2022A|FREQUENCY=M|IFS_FLAG=true|INDEX_TYPE=CPI|OVERLAP=OL|SCALE=0|SECURITY_CLASSIFICATION=PUB|TYPE_OF_TRANSFORMATION=IX|aggregation=quarterly_mean,\N,"{""aggregation_method"": ""quarterly_mean"", ""source_derivation_types"": [""O"", ""O"", ""O""], ""source_months"": [""2023-M04"", ""2023-M05"", ""2023-M06""], ""source_observation_count"": 3, ""source_series_dimensions"": {""ACCESS_SHARING_LEVEL"": ""PUBLIC_OPEN"", ""COICOP_1999"": ""_T"", ""COMMON_REFERENCE_PERIOD"": ""2022A"", ""COUNTRY"": ""SOM"", ""FREQUENCY"": ""M"", ""IFS_FLAG"": ""true"", ""INDEX_TYPE"": ""CPI"", ""OVERLAP"": ""OL"", ""SCALE"": ""0"", ""SECURITY_CLASSIFICATION"": ""PUB"", ""TYPE_OF_TRANSFORMATION"": ""IX""}}"
SOM,cpi_index_all_items_quarterly_imf,2023-Q3,quarterly,106.64729089140282,\N,derived,IMF_CPI,IMF|ACCESS_SHARING_LEVEL=PUBLIC_OPEN|COICOP_1999=_T|COMMON_REFERENCE_PERIOD=2022A|FREQUENCY=M|IFS_FLAG=true|INDEX_TYPE=CPI|OVERLAP=OL|SCALE=0|SECURITY_CLASSIFICATION=PUB|TYPE_OF_TRANSFORMATION=IX|aggregation=quarterly_mean,\N,"{""aggregation_method"": ""quarterly_mean"", ""source_derivation_types"": [""O"", ""O"", ""O""], ""source_months"": [""2023-M07"", ""2023-M08"", ""2023-M09""], ""source_observation_count"": 3, ""source_series_dimensions"": {""ACCESS_SHARING_LEVEL"": ""PUBLIC_OPEN"", ""COICOP_1999"": ""_T"", ""COMMON_REFERENCE_PERIOD"": ""2022A"", ""COUNTRY"": ""SOM"", ""FREQUENCY"": ""M"", ""IFS_FLAG"": ""true"", ""INDEX_TYPE"": ""CPI"", ""OVERLAP"": ""OL"", ""SCALE"": ""0"", ""SECURITY_CLASSIFICATION"": ""PUB"", ""TYPE_OF_TRANSFORMATION"": ""IX""}}"
SOM,cpi_index_all_items_quarterly_imf,2023-Q4,quarterly,107.13326850264427,\N,derived,IMF_CPI,IMF|ACCESS_SHARING_LEVEL=PUBLIC_OPEN|COICOP_1999=_T|COMMON_REFERENCE_PERIOD=2022A|FREQUENCY=M|IFS_FLAG=true|INDEX_TYPE=CPI|OVERLAP=OL|SCALE=0|SECURITY_CLASSIFICATION=PUB|TYPE_OF_TRANSFORMATION=IX|aggregation=quarterly_mean,\N,"{""aggregation_method"": ""quarterly_mean"", ""source_derivation_types"": [""O"", ""O"", ""O""], ""source_months"": [""2023-M10"", ""2023-M11"", ""2023-M12""], ""source_observation_count"": 3, ""source_series_dimensions"": {""ACCESS_SHARING_LEVEL"": ""PUBLIC_OPEN"", ""COICOP_1999"": ""_T"", ""COMMON_REFERENCE_PERIOD"": ""2022A"", ""COUNTRY"": ""SOM"", ""FREQUENCY"": ""M"", ""IFS_FLAG"": ""true"", ""INDEX_TYPE"": ""CPI"", ""OVERLAP"": ""OL"", ""SCALE"": ""0"", ""SECURITY_CLASSIFICATION"": ""PUB"", ""TYPE_OF_TRANSFORMATION"": ""IX""}}"
SRB,cpi_index_all_items_quarterly_imf,2023-Q1,quarterly,256.26666666666665,\N,derived,IMF_CPI,IMF|ACCESS_SHARING_LEVEL=PUBLIC_OPEN|COICOP_1999=_T|COMMON_REFERENCE_PERIOD=2006A|FREQUENCY=M|IFS_FLAG=true|INDEX_TYPE=CPI|OVERLAP=OL|SCALE=0|SECURITY_CLASSIFICATION=PUB|TYPE_OF_TRANSFORMATION=IX|aggregation=quarterly_mean,\N,"{""aggregation_method"": ""quarterly_mean"", ""source_derivation_types"": [""O"", ""O"", ""O""], ""source_months"": [""2023-M01"", ""2023-M02"", ""2023-M03""], ""source_observation_count"": 3, ""source_series_dimensions"": {""ACCESS_SHARING_LEVEL"": ""PUBLIC_OPEN"", ""COICOP_1999"": ""_T"", ""COMMON_REFERENCE_PERIOD"": ""2006A"", ""COUNTRY"": ""SRB"", ""FREQUENCY"": ""M"", ""IFS_FLAG"": ""true"", ""INDEX_TYPE"": ""CPI"", ""OVERLAP"": ""OL"", ""SCALE"": ""0"", ""SECURITY_CLASSIFICATION"": ""PUB"", ""TYPE_OF_TRANSFORMATION"": ""IX""}}"
SRB,cpi_index_all_items_quarterly_imf,2023-Q2,quarterly,262.76666666666665,\N,derived,IMF_CPI,IMF|ACCESS_SHARING_LEVEL=PUBLIC_OPEN|COICOP_1999=_T|COMMON_REFERENCE_PERIOD=2006A|FREQUENCY=M|IFS_FLAG=true|INDEX_TYPE=CPI|OVERLAP=OL|SCALE=0|SECURITY_CLASSIFICATION=PUB|TYPE_OF_TRANSFORMATION=IX|aggregation=quarterly_mean,\N,"{""aggregation_method"": ""quarterly_mean"", ""source_derivation_types"": [""O"", ""O"", ""O""], ""source_months"": [""2023-M04"", ""2023-M05"", ""2023-M06""], ""source_observation_count"": 3, ""source_series_dimensions"": {""ACCESS_SHARING_LEVEL"": ""PUBLIC_OPEN"", ""COICOP_1999"": ""_T"", ""COMMON_REFERENCE_PERIOD"": ""2006A"", ""COUNTRY"": ""SRB"", ""FREQUENCY"": ""M"", ""IFS_FLAG"": ""true"", ""INDEX_TYPE"": ""CPI"", ""OVERLAP"": ""OL"", ""SCALE"": ""0"", ""SECURITY_CLASSIFICATION"": ""PUB"", ""TYPE_OF_TRANSFORMATION"": ""IX""}}"
SRB,cpi_index_all_items_quarterly_imf,2023-Q3,quarterly,265.56666666666666,\N,derived,IMF_CPI,IMF|ACCESS_SHARING_LEVEL=PUBLIC_OPEN|COICOP_1999=_T|COMMON_REFERENCE_PERIOD=2006A|FREQUENCY=M|IFS_FLAG=true|INDEX_TYPE=CPI|OVERLAP=OL|SCALE=0|SECURITY_CLASSIFICATION=PUB|TYPE_OF_TRANSFORMATION=IX|aggregation=quarterly_mean,\N,"{""aggregation_method"": ""quarterly_mean"", ""source_derivation_types"": [""O"", ""O"", ""O""], ""source_months"": [""2023-M07"", ""2023-M08"", ""2023-M09""], ""source_observation_count"": 3, ""source_series_dimensions"": {""ACCESS_SHARING_LEVEL"": ""PUBLIC_OPEN"", ""COICOP_1999"": ""_T"", ""COMMON_REFERENCE_PERIOD"": ""2006A"", ""COUNTRY"": ""SRB"", ""FREQUENCY"": ""M"", ""IFS_FLAG"": ""true"", ""INDEX_TYPE"": ""CPI"", ""OVERLAP"": ""OL"", ""SCALE"": ""0"", ""SECURITY_CLASSIFICATION"": ""PUB"", ""TYPE_OF_TRANSFORMATION"": ""IX""}}"
SRB,cpi_index_all_items_quarterly_imf,2023-Q4,quarterly,268.09999999999997,\N,derived,IMF_CPI,IMF|ACCESS_SHARING_LEVEL=PUBLIC_OPEN|COICOP_1999=_T|COMMON_REFERENCE_PERIOD=2006A|FREQUENCY=M|IFS_FLAG=true|INDEX_TYPE=CPI|OVERLAP=OL|SCALE=0|SECURITY_CLASSIFICATION=PUB|TYPE_OF_TRANSFORMATION=IX|aggregation=quarterly_mean,\N,"{""aggregation_method"": ""quarterly_mean"", ""source_derivation_types"": [""O"", ""O"", ""O""], ""source_months"": [""2023-M10"", ""2023-M11"", ""2023-M12""], ""source_observation_count"": 3, ""source_series_dimensions"": {""ACCESS_SHARING_LEVEL"": ""PUBLIC_OPEN"", ""COICOP_1999"": ""_T"", ""COMMON_REFERENCE_PERIOD"": ""2006A"", ""COUNTRY"": ""SRB"", ""FREQUENCY"": ""M"", ""IFS_FLAG"": ""true"", ""INDEX_TYPE"": ""CPI"", ""OVERLAP"": ""OL"", ""SCALE"": ""0"", ""SECURITY_CLASSIFICATION"": ""PUB"", ""TYPE_OF_TRANSFORMATION"": ""IX""}}"
SSD,cpi_index_all_items_quarterly_imf,2023-Q1,quarterly,47.67191303742339,\N,derived,IMF_CPI,IMF|ACCESS_SHARING_LEVEL=PUBLIC_OPEN|COICOP_1999=_T|COMMON_REFERENCE_PERIOD=2024M8|FREQUENCY=M|IFS_FLAG=true|INDEX_TYPE=CPI|OVERLAP=OL|SCALE=0|SECURITY_CLASSIFICATION=PUB|TYPE_OF_TRANSFORMATION=IX|aggregation=quarterly_mean,\N,"{""aggregation_method"": ""quarterly_mean"", ""source_derivation_types"": [""O"", ""O"", ""O""], ""source_months"": [""2023-M01"", ""2023-M02"", ""2023-M03""], ""source_observation_count"": 3, ""source_series_dimensions"": {""ACCESS_SHARING_LEVEL"": ""PUBLIC_OPEN"", ""COICOP_1999"": ""_T"", ""COMMON_REFERENCE_PERIOD"": ""2024M8"", ""COUNTRY"": ""SSD"", ""FREQUENCY"": ""M"", ""IFS_FLAG"": ""true"", ""INDEX_TYPE"": ""CPI"", ""OVERLAP"": ""OL"", ""SCALE"": ""0"", ""SECURITY_CLASSIFICATION"": ""PUB"", ""TYPE_OF_TRANSFORMATION"": ""IX""}}"
SSD,cpi_index_all_items_quarterly_imf,2023-Q2,quarterly,48.96659159750419,\N,derived,IMF_CPI,IMF|ACCESS_SHARING_LEVEL=PUBLIC_OPEN|COICOP_1999=_T|COMMON_REFERENCE_PERIOD=2024M8|FREQUENCY=M|IFS_FLAG=true|INDEX_TYPE=CPI|OVERLAP=OL|SCALE=0|SECURITY_CLASSIFICATION=PUB|TYPE_OF_TRANSFORMATION=IX|aggregation=quarterly_mean,\N,"{""aggregation_method"": ""quarterly_mean"", ""source_derivation_types"": [""O"", ""O"", ""O""], ""source_months"": [""2023-M04"", ""2023-M05"", ""2023-M06""], ""source_observation_count"": 3, ""source_series_dimensions"": {""ACCESS_SHARING_LEVEL"": ""PUBLIC_OPEN"", ""COICOP_1999"": ""_T"", ""COMMON_REFERENCE_PERIOD"": ""2024M8"", ""COUNTRY"": ""SSD"", ""FREQUENCY"": ""M"", ""IFS_FLAG"": ""true"", ""INDEX_TYPE"": ""CPI"", ""OVERLAP"": ""OL"", ""SCALE"": ""0"", ""SECURITY_CLASSIFICATION"": ""PUB"", ""TYPE_OF_TRANSFORMATION"": ""IX""}}"
SSD,cpi_index_all_items_quarterly_imf,2023-Q3,quarterly,47.059394688340596,\N,derived,IMF_CPI,IMF|ACCESS_SHARING_LEVEL=PUBLIC_OPEN|COICOP_1999=_T|COMMON_REFERENCE_PERIOD=2024M8|FREQUENCY=M|IFS_FLAG=true|INDEX_TYPE=CPI|OVERLAP=OL|SCALE=0|SECURITY_CLASSIFICATION=PUB|TYPE_OF_TRANSFORMATION=IX|aggregation=quarterly_mean,\N,"{""aggregation_method"": ""quarterly_mean"", ""source_derivation_types"": [""O"", ""O"", ""O""], ""source_months"": [""2023-M07"", ""2023-M08"", ""2023-M09""], ""source_observation_count"": 3, ""source_series_dimensions"": {""ACCESS_SHARING_LEVEL"": ""PUBLIC_OPEN"", ""COICOP_1999"": ""_T"", ""COMMON_REFERENCE_PERIOD"": ""2024M8"", ""COUNTRY"": ""SSD"", ""FREQUENCY"": ""M"", ""IFS_FLAG"": ""true"", ""INDEX_TYPE"": ""CPI"", ""OVERLAP"": ""OL"", ""SCALE"": ""0"", ""SECURITY_CLASSIFICATION"": ""PUB"", ""TYPE_OF_TRANSFORMATION"": ""IX""}}"
SSD,cpi_index_all_items_quarterly_imf,2023-Q4,quarterly,44.978649557247394,\N,derived,IMF_CPI,IMF|ACCESS_SHARING_LEVEL=PUBLIC_OPEN|COICOP_1999=_T|COMMON_REFERENCE_PERIOD=2024M8|FREQUENCY=M|IFS_FLAG=true|INDEX_TYPE=CPI|OVERLAP=OL|SCALE=0|SECURITY_CLASSIFICATION=PUB|TYPE_OF_TRANSFORMATION=IX|aggregation=quarterly_mean,\N,"{""aggregation_method"": ""quarterly_mean"", ""source_derivation_types"": [""O"", ""O"", ""O""], ""source_months"": [""2023-M10"", ""2023-M11"", ""2023-M12""], ""source_observation_count"": 3, ""source_series_dimensions"": {""ACCESS_SHARING_LEVEL"": ""PUBLIC_OPEN"", ""COICOP_1999"": ""_T"", ""COMMON_REFERENCE_PERIOD"": ""2024M8"", ""COUNTRY"": ""SSD"", ""FREQUENCY"": ""M"", ""IFS_FLAG"": ""true"", ""INDEX_TYPE"": ""CPI"", ""OVERLAP"": ""OL"", ""SCALE"": ""0"", ""SECURITY_CLASSIFICATION"": ""PUB"", ""TYPE_OF_TRANSFORMATION"": ""IX""}}"
STP,cpi_index_all_items_quarterly_imf,2023-Q1,quarterly,203.820973253213,\N,derived,IMF_CPI,IMF|ACCESS_SHARING_LEVEL=PUBLIC_OPEN|COICOP_1999=_T|COMMON_REFERENCE_PERIOD=2014A|FREQUENCY=M|IFS_FLAG=true|INDEX_TYPE=CPI|OVERLAP=OL|SCALE=0|SECURITY_CLASSIFICATION=PUB|TYPE_OF_TRANSFORMATION=IX|aggregation=quarterly_mean,\N,"{""aggregation_method"": ""quarterly_mean"", ""source_derivation_types"": [""O"", ""O"", ""O""], ""source_months"": [""2023-M01"", ""2023-M02"", ""2023-M03""], ""source_observation_count"": 3, ""source_series_dimensions"": {""ACCESS_SHARING_LEVEL"": ""PUBLIC_OPEN"", ""COICOP_1999"": ""_T"", ""COMMON_REFERENCE_PERIOD"": ""2014A"", ""COUNTRY"": ""STP"", ""FREQUENCY"": ""M"", ""IFS_FLAG"": ""true"", ""INDEX_TYPE"": ""CPI"", ""OVERLAP"": ""OL"", ""SCALE"": ""0"", ""SECURITY_CLASSIFICATION"": ""PUB"", ""TYPE_OF_TRANSFORMATION"": ""IX""}}"
STP,cpi_index_all_items_quarterly_imf,2023-Q2,quarterly,212.22126430846103,\N,derived,IMF_CPI,IMF|ACCESS_SHARING_LEVEL=PUBLIC_OPEN|COICOP_1999=_T|COMMON_REFERENCE_PERIOD=2014A|FREQUENCY=M|IFS_FLAG=true|INDEX_TYPE=CPI|OVERLAP=OL|SCALE=0|SECURITY_CLASSIFICATION=PUB|TYPE_OF_TRANSFORMATION=IX|aggregation=quarterly_mean,\N,"{""aggregation_method"": ""quarterly_mean"", ""source_derivation_types"": [""O"", ""O"", ""O""], ""source_months"": [""2023-M04"", ""2023-M05"", ""2023-M06""], ""source_observation_count"": 3, ""source_series_dimensions"": {""ACCESS_SHARING_LEVEL"": ""PUBLIC_OPEN"", ""COICOP_1999"": ""_T"", ""COMMON_REFERENCE_PERIOD"": ""2014A"", ""COUNTRY"": ""STP"", ""FREQUENCY"": ""M"", ""IFS_FLAG"": ""true"", ""INDEX_TYPE"": ""CPI"", ""OVERLAP"": ""OL"", ""SCALE"": ""0"", ""SECURITY_CLASSIFICATION"": ""PUB"", ""TYPE_OF_TRANSFORMATION"": ""IX""}}"
STP,cpi_index_all_items_quarterly_imf,2023-Q3,quarterly,222.66621925396066,\N,derived,IMF_CPI,IMF|ACCESS_SHARING_LEVEL=PUBLIC_OPEN|COICOP_1999=_T|COMMON_REFERENCE_PERIOD=2014A|FREQUENCY=M|IFS_FLAG=true|INDEX_TYPE=CPI|OVERLAP=OL|SCALE=0|SECURITY_CLASSIFICATION=PUB|TYPE_OF_TRANSFORMATION=IX|aggregation=quarterly_mean,\N,"{""aggregation_method"": ""quarterly_mean"", ""source_derivation_types"": [""O"", ""O"", ""O""], ""source_months"": [""2023-M07"", ""2023-M08"", ""2023-M09""], ""source_observation_count"": 3, ""source_series_dimensions"": {""ACCESS_SHARING_LEVEL"": ""PUBLIC_OPEN"", ""COICOP_1999"": ""_T"", ""COMMON_REFERENCE_PERIOD"": ""2014A"", ""COUNTRY"": ""STP"", ""FREQUENCY"": ""M"", ""IFS_FLAG"": ""true"", ""INDEX_TYPE"": ""CPI"", ""OVERLAP"": ""OL"", ""SCALE"": ""0"", ""SECURITY_CLASSIFICATION"": ""PUB"", ""TYPE_OF_TRANSFORMATION"": ""IX""}}"
STP,cpi_index_all_items_quarterly_imf,2023-Q4,quarterly,230.91568847556934,\N,derived,IMF_CPI,IMF|ACCESS_SHARING_LEVEL=PUBLIC_OPEN|COICOP_1999=_T|COMMON_REFERENCE_PERIOD=2014A|FREQUENCY=M|IFS_FLAG=true|INDEX_TYPE=CPI|OVERLAP=OL|SCALE=0|SECURITY_CLASSIFICATION=PUB|TYPE_OF_TRANSFORMATION=IX|aggregation=quarterly_mean,\N,"{""aggregation_method"": ""quarterly_mean"", ""source_derivation_types"": [""O"", ""O"", ""O""], ""source_months"": [""2023-M10"", ""2023-M11"", ""2023-M12""], ""source_observation_count"": 3, ""source_series_dimensions"": {""ACCESS_SHARING_LEVEL"": ""PUBLIC_OPEN"", ""COICOP_1999"": ""_T"", ""COMMON_REFERENCE_PERIOD"": ""2014A"", ""COUNTRY"": ""STP"", ""FREQUENCY"": ""M"", ""IFS_FLAG"": ""true"", ""INDEX_TYPE"": ""CPI"", ""OVERLAP"": ""OL"", ""SCALE"": ""0"", ""SECURITY_CLASSIFICATION"": ""PUB"", ""TYPE_OF_TRANSFORMATION"": ""IX""}}"
SUR,cpi_index_all_items_quarterly_imf,2023-Q1,quarterly,613.2333333333332,\N,derived,IMF_CPI,IMF|ACCESS_SHARING_LEVEL=PUBLIC_OPEN|COICOP_1999=_T|COMMON_REFERENCE_PERIOD=APRIL 2016 - JUNE 2016=100|FREQUENCY=M|IFS_FLAG=true|INDEX_TYPE=CPI|OVERLAP=OL|SCALE=0|SECURITY_CLASSIFICATION=PUB|TYPE_OF_TRANSFORMATION=IX|aggregation=quarterly_mean,\N,"{""aggregation_method"": ""quarterly_mean"", ""source_derivation_types"": [""O"", ""O"", ""O""], ""source_months"": [""2023-M01"", ""2023-M02"", ""2023-M03""], ""source_observation_count"": 3, ""source_series_dimensions"": {""ACCESS_SHARING_LEVEL"": ""PUBLIC_OPEN"", ""COICOP_1999"": ""_T"", ""COMMON_REFERENCE_PERIOD"": ""APRIL 2016 - JUNE 2016=100"", ""COUNTRY"": ""SUR"", ""FREQUENCY"": ""M"", ""IFS_FLAG"": ""true"", ""INDEX_TYPE"": ""CPI"", ""OVERLAP"": ""OL"", ""SCALE"": ""0"", ""SECURITY_CLASSIFICATION"": ""PUB"", ""TYPE_OF_TRANSFORMATION"": ""IX""}}"
SUR,cpi_index_all_items_quarterly_imf,2023-Q2,quarterly,684.9666666666666,\N,derived,IMF_CPI,IMF|ACCESS_SHARING_LEVEL=PUBLIC_OPEN|COICOP_1999=_T|COMMON_REFERENCE_PERIOD=APRIL 2016 - JUNE 2016=100|FREQUENCY=M|IFS_FLAG=true|INDEX_TYPE=CPI|OVERLAP=OL|SCALE=0|SECURITY_CLASSIFICATION=PUB|TYPE_OF_TRANSFORMATION=IX|aggregation=quarterly_mean,\N,"{""aggregation_method"": ""quarterly_mean"", ""source_derivation_types"": [""O"", ""O"", ""O""], ""source_months"": [""2023-M04"", ""2023-M05"", ""2023-M06""], ""source_observation_count"": 3, ""source_series_dimensions"": {""ACCESS_SHARING_LEVEL"": ""PUBLIC_OPEN"", ""COICOP_1999"": ""_T"", ""COMMON_REFERENCE_PERIOD"": ""APRIL 2016 - JUNE 2016=100"", ""COUNTRY"": ""SUR"", ""FREQUENCY"": ""M"", ""IFS_FLAG"": ""true"", ""INDEX_TYPE"": ""CPI"", ""OVERLAP"": ""OL"", ""SCALE"": ""0"", ""SECURITY_CLASSIFICATION"": ""PUB"", ""TYPE_OF_TRANSFORMATION"": ""IX""}}"
SUR,cpi_index_all_items_quarterly_imf,2023-Q3,quarterly,734.7333333333332,\N,derived,IMF_CPI,IMF|ACCESS_SHARING_LEVEL=PUBLIC_OPEN|COICOP_1999=_T|COMMON_REFERENCE_PERIOD=APRIL 2016 - JUNE 2016=100|FREQUENCY=M|IFS_FLAG=true|INDEX_TYPE=CPI|OVERLAP=OL|SCALE=0|SECURITY_CLASSIFICATION=PUB|TYPE_OF_TRANSFORMATION=IX|aggregation=quarterly_mean,\N,"{""aggregation_method"": ""quarterly_mean"", ""source_derivation_types"": [""O"", ""O"", ""O""], ""source_months"": [""2023-M07"", ""2023-M08"", ""2023-M09""], ""source_observation_count"": 3, ""source_series_dimensions"": {""ACCESS_SHARING_LEVEL"": ""PUBLIC_OPEN"", ""COICOP_1999"": ""_T"", ""COMMON_REFERENCE_PERIOD"": ""APRIL 2016 - JUNE 2016=100"", ""COUNTRY"": ""SUR"", ""FREQUENCY"": ""M"", ""IFS_FLAG"": ""true"", ""INDEX_TYPE"": ""CPI"", ""OVERLAP"": ""OL"", ""SCALE"": ""0"", ""SECURITY_CLASSIFICATION"": ""PUB"", ""TYPE_OF_TRANSFORMATION"": ""IX""}}"
SUR,cpi_index_all_items_quarterly_imf,2023-Q4,quarterly,757.2333333333332,\N,derived,IMF_CPI,IMF|ACCESS_SHARING_LEVEL=PUBLIC_OPEN|COICOP_1999=_T|COMMON_REFERENCE_PERIOD=APRIL 2016 - JUNE 2016=100|FREQUENCY=M|IFS_FLAG=true|INDEX_TYPE=CPI|OVERLAP=OL|SCALE=0|SECURITY_CLASSIFICATION=PUB|TYPE_OF_TRANSFORMATION=IX|aggregation=quarterly_mean,\N,"{""aggregation_method"": ""quarterly_mean"", ""source_derivation_types"": [""O"", ""O"", ""O""], ""source_months"": [""2023-M10"", ""2023-M11"", ""2023-M12""], ""source_observation_count"": 3, ""source_series_dimensions"": {""ACCESS_SHARING_LEVEL"": ""PUBLIC_OPEN"", ""COICOP_1999"": ""_T"", ""COMMON_REFERENCE_PERIOD"": ""APRIL 2016 - JUNE 2016=100"", ""COUNTRY"": ""SUR"", ""FREQUENCY"": ""M"", ""IFS_FLAG"": ""true"", ""INDEX_TYPE"": ""CPI"", ""OVERLAP"": ""OL"", ""SCALE"": ""0"", ""SECURITY_CLASSIFICATION"": ""PUB"", ""TYPE_OF_TRANSFORMATION"": ""IX""}}"
SVK,cpi_index_all_items_quarterly_imf,2023-Q1,quarterly,92.2797055214724,\N,derived,IMF_CPI,IMF|ACCESS_SHARING_LEVEL=PUBLIC_OPEN|COICOP_1999=_T|COMMON_REFERENCE_PERIOD=2025A|FREQUENCY=M|IFS_FLAG=true|INDEX_TYPE=CPI|OVERLAP=OL|SCALE=0|SECURITY_CLASSIFICATION=PUB|TYPE_OF_TRANSFORMATION=IX|aggregation=quarterly_mean,\N,"{""aggregation_method"": ""quarterly_mean"", ""source_derivation_types"": [""O"", ""O"", ""O""], ""source_months"": [""2023-M01"", ""2023-M02"", ""2023-M03""], ""source_observation_count"": 3, ""source_series_dimensions"": {""ACCESS_SHARING_LEVEL"": ""PUBLIC_OPEN"", ""COICOP_1999"": ""_T"", ""COMMON_REFERENCE_PERIOD"": ""2025A"", ""COUNTRY"": ""SVK"", ""FREQUENCY"": ""M"", ""IFS_FLAG"": ""true"", ""INDEX_TYPE"": ""CPI"", ""OVERLAP"": ""OL"", ""SCALE"": ""0"", ""SECURITY_CLASSIFICATION"": ""PUB"", ""TYPE_OF_TRANSFORMATION"": ""IX""}}"
SVK,cpi_index_all_items_quarterly_imf,2023-Q2,quarterly,93.88564417177913,\N,derived,IMF_CPI,IMF|ACCESS_SHARING_LEVEL=PUBLIC_OPEN|COICOP_1999=_T|COMMON_REFERENCE_PERIOD=2025A|FREQUENCY=M|IFS_FLAG=true|INDEX_TYPE=CPI|OVERLAP=OL|SCALE=0|SECURITY_CLASSIFICATION=PUB|TYPE_OF_TRANSFORMATION=IX|aggregation=quarterly_mean,\N,"{""aggregation_method"": ""quarterly_mean"", ""source_derivation_types"": [""O"", ""O"", ""O""], ""source_months"": [""2023-M04"", ""2023-M05"", ""2023-M06""], ""source_observation_count"": 3, ""source_series_dimensions"": {""ACCESS_SHARING_LEVEL"": ""PUBLIC_OPEN"", ""COICOP_1999"": ""_T"", ""COMMON_REFERENCE_PERIOD"": ""2025A"", ""COUNTRY"": ""SVK"", ""FREQUENCY"": ""M"", ""IFS_FLAG"": ""true"", ""INDEX_TYPE"": ""CPI"", ""OVERLAP"": ""OL"", ""SCALE"": ""0"", ""SECURITY_CLASSIFICATION"": ""PUB"", ""TYPE_OF_TRANSFORMATION"": ""IX""}}"
SVK,cpi_index_all_items_quarterly_imf,2023-Q3,quarterly,93.85819222903886,\N,derived,IMF_CPI,IMF|ACCESS_SHARING_LEVEL=PUBLIC_OPEN|COICOP_1999=_T|COMMON_REFERENCE_PERIOD=2025A|FREQUENCY=M|IFS_FLAG=true|INDEX_TYPE=CPI|OVERLAP=OL|SCALE=0|SECURITY_CLASSIFICATION=PUB|TYPE_OF_TRANSFORMATION=IX|aggregation=quarterly_mean,\N,"{""aggregation_method"": ""quarterly_mean"", ""source_derivation_types"": [""O"", ""O"", ""O""], ""source_months"": [""2023-M07"", ""2023-M08"", ""2023-M09""], ""source_observation_count"": 3, ""source_series_dimensions"": {""ACCESS_SHARING_LEVEL"": ""PUBLIC_OPEN"", ""COICOP_1999"": ""_T"", ""COMMON_REFERENCE_PERIOD"": ""2025A"", ""COUNTRY"": ""SVK"", ""FREQUENCY"": ""M"", ""IFS_FLAG"": ""true"", ""INDEX_TYPE"": ""CPI"", ""OVERLAP"": ""OL"", ""SCALE"": ""0"", ""SECURITY_CLASSIFICATION"": ""PUB"", ""TYPE_OF_TRANSFORMATION"": ""IX""}}"
SVK,cpi_index_all_items_quarterly_imf,2023-Q4,quarterly,94.28369734151329,\N,derived,IMF_CPI,IMF|ACCESS_SHARING_LEVEL=PUBLIC_OPEN|COICOP_1999=_T|COMMON_REFERENCE_PERIOD=2025A|FREQUENCY=M|IFS_FLAG=true|INDEX_TYPE=CPI|OVERLAP=OL|SCALE=0|SECURITY_CLASSIFICATION=PUB|TYPE_OF_TRANSFORMATION=IX|aggregation=quarterly_mean,\N,"{""aggregation_method"": ""quarterly_mean"", ""source_derivation_types"": [""O"", ""O"", ""O""], ""source_months"": [""2023-M10"", ""2023-M11"", ""2023-M12""], ""source_observation_count"": 3, ""source_series_dimensions"": {""ACCESS_SHARING_LEVEL"": ""PUBLIC_OPEN"", ""COICOP_1999"": ""_T"", ""COMMON_REFERENCE_PERIOD"": ""2025A"", ""COUNTRY"": ""SVK"", ""FREQUENCY"": ""M"", ""IFS_FLAG"": ""true"", ""INDEX_TYPE"": ""CPI"", ""OVERLAP"": ""OL"", ""SCALE"": ""0"", ""SECURITY_CLASSIFICATION"": ""PUB"", ""TYPE_OF_TRANSFORMATION"": ""IX""}}"
SVN,cpi_index_all_items_quarterly_imf,2023-Q1,quarterly,93.07333333333334,\N,derived,IMF_CPI,IMF|ACCESS_SHARING_LEVEL=PUBLIC_OPEN|COICOP_1999=_T|COMMON_REFERENCE_PERIOD=2025A|FREQUENCY=M|IFS_FLAG=true|INDEX_TYPE=CPI|OVERLAP=OL|SCALE=0|SECURITY_CLASSIFICATION=PUB|TYPE_OF_TRANSFORMATION=IX|aggregation=quarterly_mean,\N,"{""aggregation_method"": ""quarterly_mean"", ""source_derivation_types"": [""O"", ""O"", ""O""], ""source_months"": [""2023-M01"", ""2023-M02"", ""2023-M03""], ""source_observation_count"": 3, ""source_series_dimensions"": {""ACCESS_SHARING_LEVEL"": ""PUBLIC_OPEN"", ""COICOP_1999"": ""_T"", ""COMMON_REFERENCE_PERIOD"": ""2025A"", ""COUNTRY"": ""SVN"", ""FREQUENCY"": ""M"", ""IFS_FLAG"": ""true"", ""INDEX_TYPE"": ""CPI"", ""OVERLAP"": ""OL"", ""SCALE"": ""0"", ""SECURITY_CLASSIFICATION"": ""PUB"", ""TYPE_OF_TRANSFORMATION"": ""IX""}}"
SVN,cpi_index_all_items_quarterly_imf,2023-Q2,quarterly,95.81666666666666,\N,derived,IMF_CPI,IMF|ACCESS_SHARING_LEVEL=PUBLIC_OPEN|COICOP_1999=_T|COMMON_REFERENCE_PERIOD=2025A|FREQUENCY=M|IFS_FLAG=true|INDEX_TYPE=CPI|OVERLAP=OL|SCALE=0|SECURITY_CLASSIFICATION=PUB|TYPE_OF_TRANSFORMATION=IX|aggregation=quarterly_mean,\N,"{""aggregation_method"": ""quarterly_mean"", ""source_derivation_types"": [""O"", ""O"", ""O""], ""source_months"": [""2023-M04"", ""2023-M05"", ""2023-M06""], ""source_observation_count"": 3, ""source_series_dimensions"": {""ACCESS_SHARING_LEVEL"": ""PUBLIC_OPEN"", ""COICOP_1999"": ""_T"", ""COMMON_REFERENCE_PERIOD"": ""2025A"", ""COUNTRY"": ""SVN"", ""FREQUENCY"": ""M"", ""IFS_FLAG"": ""true"", ""INDEX_TYPE"": ""CPI"", ""OVERLAP"": ""OL"", ""SCALE"": ""0"", ""SECURITY_CLASSIFICATION"": ""PUB"", ""TYPE_OF_TRANSFORMATION"": ""IX""}}"
SVN,cpi_index_all_items_quarterly_imf,2023-Q3,quarterly,97.34666666666668,\N,derived,IMF_CPI,IMF|ACCESS_SHARING_LEVEL=PUBLIC_OPEN|COICOP_1999=_T|COMMON_REFERENCE_PERIOD=2025A|FREQUENCY=M|IFS_FLAG=true|INDEX_TYPE=CPI|OVERLAP=OL|SCALE=0|SECURITY_CLASSIFICATION=PUB|TYPE_OF_TRANSFORMATION=IX|aggregation=quarterly_mean,\N,"{""aggregation_method"": ""quarterly_mean"", ""source_derivation_types"": [""O"", ""O"", ""O""], ""source_months"": [""2023-M07"", ""2023-M08"", ""2023-M09""], ""source_observation_count"": 3, ""source_series_dimensions"": {""ACCESS_SHARING_LEVEL"": ""PUBLIC_OPEN"", ""COICOP_1999"": ""_T"", ""COMMON_REFERENCE_PERIOD"": ""2025A"", ""COUNTRY"": ""SVN"", ""FREQUENCY"": ""M"", ""IFS_FLAG"": ""true"", ""INDEX_TYPE"": ""CPI"", ""OVERLAP"": ""OL"", ""SCALE"": ""0"", ""SECURITY_CLASSIFICATION"": ""PUB"", ""TYPE_OF_TRANSFORMATION"": ""IX""}}"
SVN,cpi_index_all_items_quarterly_imf,2023-Q4,quarterly,96.95666666666666,\N,derived,IMF_CPI,IMF|ACCESS_SHARING_LEVEL=PUBLIC_OPEN|COICOP_1999=_T|COMMON_REFERENCE_PERIOD=2025A|FREQUENCY=M|IFS_FLAG=true|INDEX_TYPE=CPI|OVERLAP=OL|SCALE=0|SECURITY_CLASSIFICATION=PUB|TYPE_OF_TRANSFORMATION=IX|aggregation=quarterly_mean,\N,"{""aggregation_method"": ""quarterly_mean"", ""source_derivation_types"": [""O"", ""O"", ""O""], ""source_months"": [""2023-M10"", ""2023-M11"", ""2023-M12""], ""source_observation_count"": 3, ""source_series_dimensions"": {""ACCESS_SHARING_LEVEL"": ""PUBLIC_OPEN"", ""COICOP_1999"": ""_T"", ""COMMON_REFERENCE_PERIOD"": ""2025A"", ""COUNTRY"": ""SVN"", ""FREQUENCY"": ""M"", ""IFS_FLAG"": ""true"", ""INDEX_TYPE"": ""CPI"", ""OVERLAP"": ""OL"", ""SCALE"": ""0"", ""SECURITY_CLASSIFICATION"": ""PUB"", ""TYPE_OF_TRANSFORMATION"": ""IX""}}"
SWE,cpi_index_all_items_quarterly_imf,2023-Q1,quarterly,117.62333333333333,\N,derived,IMF_CPI,IMF|ACCESS_SHARING_LEVEL=PUBLIC_OPEN|COICOP_1999=_T|COMMON_REFERENCE_PERIOD=2020A|FREQUENCY=M|IFS_FLAG=true|INDEX_TYPE=CPI|OVERLAP=OL|SCALE=0|SECURITY_CLASSIFICATION=PUB|TYPE_OF_TRANSFORMATION=IX|aggregation=quarterly_mean,\N,"{""aggregation_method"": ""quarterly_mean"", ""source_derivation_types"": [""O"", ""O"", ""O""], ""source_months"": [""2023-M01"", ""2023-M02"", ""2023-M03""], ""source_observation_count"": 3, ""source_series_dimensions"": {""ACCESS_SHARING_LEVEL"": ""PUBLIC_OPEN"", ""COICOP_1999"": ""_T"", ""COMMON_REFERENCE_PERIOD"": ""2020A"", ""COUNTRY"": ""SWE"", ""FREQUENCY"": ""M"", ""IFS_FLAG"": ""true"", ""INDEX_TYPE"": ""CPI"", ""OVERLAP"": ""OL"", ""SCALE"": ""0"", ""SECURITY_CLASSIFICATION"": ""PUB"", ""TYPE_OF_TRANSFORMATION"": ""IX""}}"
SWE,cpi_index_all_items_quarterly_imf,2023-Q2,quarterly,119.73,\N,derived,IMF_CPI,IMF|ACCESS_SHARING_LEVEL=PUBLIC_OPEN|COICOP_1999=_T|COMMON_REFERENCE_PERIOD=2020A|FREQUENCY=M|IFS_FLAG=true|INDEX_TYPE=CPI|OVERLAP=OL|SCALE=0|SECURITY_CLASSIFICATION=PUB|TYPE_OF_TRANSFORMATION=IX|aggregation=quarterly_mean,\N,"{""aggregation_method"": ""quarterly_mean"", ""source_derivation_types"": [""O"", ""O"", ""O""], ""source_months"": [""2023-M04"", ""2023-M05"", ""2023-M06""], ""source_observation_count"": 3, ""source_series_dimensions"": {""ACCESS_SHARING_LEVEL"": ""PUBLIC_OPEN"", ""COICOP_1999"": ""_T"", ""COMMON_REFERENCE_PERIOD"": ""2020A"", ""COUNTRY"": ""SWE"", ""FREQUENCY"": ""M"", ""IFS_FLAG"": ""true"", ""INDEX_TYPE"": ""CPI"", ""OVERLAP"": ""OL"", ""SCALE"": ""0"", ""SECURITY_CLASSIFICATION"": ""PUB"", ""TYPE_OF_TRANSFORMATION"": ""IX""}}"
SWE,cpi_index_all_items_quarterly_imf,2023-Q3,quarterly,121.02666666666669,\N,derived,IMF_CPI,IMF|ACCESS_SHARING_LEVEL=PUBLIC_OPEN|COICOP_1999=_T|COMMON_REFERENCE_PERIOD=2020A|FREQUENCY=M|IFS_FLAG=true|INDEX_TYPE=CPI|OVERLAP=OL|SCALE=0|SECURITY_CLASSIFICATION=PUB|TYPE_OF_TRANSFORMATION=IX|aggregation=quarterly_mean,\N,"{""aggregation_method"": ""quarterly_mean"", ""source_derivation_types"": [""O"", ""O"", ""O""], ""source_months"": [""2023-M07"", ""2023-M08"", ""2023-M09""], ""source_observation_count"": 3, ""source_series_dimensions"": {""ACCESS_SHARING_LEVEL"": ""PUBLIC_OPEN"", ""COICOP_1999"": ""_T"", ""COMMON_REFERENCE_PERIOD"": ""2020A"", ""COUNTRY"": ""SWE"", ""FREQUENCY"": ""M"", ""IFS_FLAG"": ""true"", ""INDEX_TYPE"": ""CPI"", ""OVERLAP"": ""OL"", ""SCALE"": ""0"", ""SECURITY_CLASSIFICATION"": ""PUB"", ""TYPE_OF_TRANSFORMATION"": ""IX""}}"
SWE,cpi_index_all_items_quarterly_imf,2023-Q4,quarterly,122.32666666666667,\N,derived,IMF_CPI,IMF|ACCESS_SHARING_LEVEL=PUBLIC_OPEN|COICOP_1999=_T|COMMON_REFERENCE_PERIOD=2020A|FREQUENCY=M|IFS_FLAG=true|INDEX_TYPE=CPI|OVERLAP=OL|SCALE=0|SECURITY_CLASSIFICATION=PUB|TYPE_OF_TRANSFORMATION=IX|aggregation=quarterly_mean,\N,"{""aggregation_method"": ""quarterly_mean"", ""source_derivation_types"": [""O"", ""O"", ""O""], ""source_months"": [""2023-M10"", ""2023-M11"", ""2023-M12""], ""source_observation_count"": 3, ""source_series_dimensions"": {""ACCESS_SHARING_LEVEL"": ""PUBLIC_OPEN"", ""COICOP_1999"": ""_T"", ""COMMON_REFERENCE_PERIOD"": ""2020A"", ""COUNTRY"": ""SWE"", ""FREQUENCY"": ""M"", ""IFS_FLAG"": ""true"", ""INDEX_TYPE"": ""CPI"", ""OVERLAP"": ""OL"", ""SCALE"": ""0"", ""SECURITY_CLASSIFICATION"": ""PUB"", ""TYPE_OF_TRANSFORMATION"": ""IX""}}"
SYC,cpi_index_all_items_quarterly_imf,2023-Q1,quarterly,127.64999999999999,\N,derived,IMF_CPI,IMF|ACCESS_SHARING_LEVEL=PUBLIC_OPEN|COICOP_1999=_T|COMMON_REFERENCE_PERIOD=2014A|FREQUENCY=M|IFS_FLAG=true|INDEX_TYPE=CPI|OVERLAP=OL|SCALE=0|SECURITY_CLASSIFICATION=PUB|TYPE_OF_TRANSFORMATION=IX|aggregation=quarterly_mean,\N,"{""aggregation_method"": ""quarterly_mean"", ""source_derivation_types"": [""O"", ""O"", ""O""], ""source_months"": [""2023-M01"", ""2023-M02"", ""2023-M03""], ""source_observation_count"": 3, ""source_series_dimensions"": {""ACCESS_SHARING_LEVEL"": ""PUBLIC_OPEN"", ""COICOP_1999"": ""_T"", ""COMMON_REFERENCE_PERIOD"": ""2014A"", ""COUNTRY"": ""SYC"", ""FREQUENCY"": ""M"", ""IFS_FLAG"": ""true"", ""INDEX_TYPE"": ""CPI"", ""OVERLAP"": ""OL"", ""SCALE"": ""0"", ""SECURITY_CLASSIFICATION"": ""PUB"", ""TYPE_OF_TRANSFORMATION"": ""IX""}}"
SYC,cpi_index_all_items_quarterly_imf,2023-Q2,quarterly,126.13666666666666,\N,derived,IMF_CPI,IMF|ACCESS_SHARING_LEVEL=PUBLIC_OPEN|COICOP_1999=_T|COMMON_REFERENCE_PERIOD=2014A|FREQUENCY=M|IFS_FLAG=true|INDEX_TYPE=CPI|OVERLAP=OL|SCALE=0|SECURITY_CLASSIFICATION=PUB|TYPE_OF_TRANSFORMATION=IX|aggregation=quarterly_mean,\N,"{""aggregation_method"": ""quarterly_mean"", ""source_derivation_types"": [""O"", ""O"", ""O""], ""source_months"": [""2023-M04"", ""2023-M05"", ""2023-M06""], ""source_observation_count"": 3, ""source_series_dimensions"": {""ACCESS_SHARING_LEVEL"": ""PUBLIC_OPEN"", ""COICOP_1999"": ""_T"", ""COMMON_REFERENCE_PERIOD"": ""2014A"", ""COUNTRY"": ""SYC"", ""FREQUENCY"": ""M"", ""IFS_FLAG"": ""true"", ""INDEX_TYPE"": ""CPI"", ""OVERLAP"": ""OL"", ""SCALE"": ""0"", ""SECURITY_CLASSIFICATION"": ""PUB"", ""TYPE_OF_TRANSFORMATION"": ""IX""}}"
SYC,cpi_index_all_items_quarterly_imf,2023-Q3,quarterly,125.54666666666667,\N,derived,IMF_CPI,IMF|ACCESS_SHARING_LEVEL=PUBLIC_OPEN|COICOP_1999=_T|COMMON_REFERENCE_PERIOD=2014A|FREQUENCY=M|IFS_FLAG=true|INDEX_TYPE=CPI|OVERLAP=OL|SCALE=0|SECURITY_CLASSIFICATION=PUB|TYPE_OF_TRANSFORMATION=IX|aggregation=quarterly_mean,\N,"{""aggregation_method"": ""quarterly_mean"", ""source_derivation_types"": [""O"", ""O"", ""O""], ""source_months"": [""2023-M07"", ""2023-M08"", ""2023-M09""], ""source_observation_count"": 3, ""source_series_dimensions"": {""ACCESS_SHARING_LEVEL"": ""PUBLIC_OPEN"", ""COICOP_1999"": ""_T"", ""COMMON_REFERENCE_PERIOD"": ""2014A"", ""COUNTRY"": ""SYC"", ""FREQUENCY"": ""M"", ""IFS_FLAG"": ""true"", ""INDEX_TYPE"": ""CPI"", ""OVERLAP"": ""OL"", ""SCALE"": ""0"", ""SECURITY_CLASSIFICATION"": ""PUB"", ""TYPE_OF_TRANSFORMATION"": ""IX""}}"
SYC,cpi_index_all_items_quarterly_imf,2023-Q4,quarterly,125.38333333333334,\N,derived,IMF_CPI,IMF|ACCESS_SHARING_LEVEL=PUBLIC_OPEN|COICOP_1999=_T|COMMON_REFERENCE_PERIOD=2014A|FREQUENCY=M|IFS_FLAG=true|INDEX_TYPE=CPI|OVERLAP=OL|SCALE=0|SECURITY_CLASSIFICATION=PUB|TYPE_OF_TRANSFORMATION=IX|aggregation=quarterly_mean,\N,"{""aggregation_method"": ""quarterly_mean"", ""source_derivation_types"": [""O"", ""O"", ""O""], ""source_months"": [""2023-M10"", ""2023-M11"", ""2023-M12""], ""source_observation_count"": 3, ""source_series_dimensions"": {""ACCESS_SHARING_LEVEL"": ""PUBLIC_OPEN"", ""COICOP_1999"": ""_T"", ""COMMON_REFERENCE_PERIOD"": ""2014A"", ""COUNTRY"": ""SYC"", ""FREQUENCY"": ""M"", ""IFS_FLAG"": ""true"", ""INDEX_TYPE"": ""CPI"", ""OVERLAP"": ""OL"", ""SCALE"": ""0"", ""SECURITY_CLASSIFICATION"": ""PUB"", ""TYPE_OF_TRANSFORMATION"": ""IX""}}"
TCD,cpi_index_all_items_quarterly_imf,2023-Q1,quarterly,96.11644243704355,\N,derived,IMF_CPI,IMF|ACCESS_SHARING_LEVEL=PUBLIC_OPEN|COICOP_1999=_T|COMMON_REFERENCE_PERIOD=2022A|FREQUENCY=M|IFS_FLAG=true|INDEX_TYPE=CPI|OVERLAP=OL|SCALE=0|SECURITY_CLASSIFICATION=PUB|TYPE_OF_TRANSFORMATION=IX|aggregation=quarterly_mean,\N,"{""aggregation_method"": ""quarterly_mean"", ""source_derivation_types"": [""O"", ""O"", ""O""], ""source_months"": [""2023-M01"", ""2023-M02"", ""2023-M03""], ""source_observation_count"": 3, ""source_series_dimensions"": {""ACCESS_SHARING_LEVEL"": ""PUBLIC_OPEN"", ""COICOP_1999"": ""_T"", ""COMMON_REFERENCE_PERIOD"": ""2022A"", ""COUNTRY"": ""TCD"", ""FREQUENCY"": ""M"", ""IFS_FLAG"": ""true"", ""INDEX_TYPE"": ""CPI"", ""OVERLAP"": ""OL"", ""SCALE"": ""0"", ""SECURITY_CLASSIFICATION"": ""PUB"", ""TYPE_OF_TRANSFORMATION"": ""IX""}}"
TCD,cpi_index_all_items_quarterly_imf,2023-Q2,quarterly,102.05333206112424,\N,derived,IMF_CPI,IMF|ACCESS_SHARING_LEVEL=PUBLIC_OPEN|COICOP_1999=_T|COMMON_REFERENCE_PERIOD=2022A|FREQUENCY=M|IFS_FLAG=true|INDEX_TYPE=CPI|OVERLAP=OL|SCALE=0|SECURITY_CLASSIFICATION=PUB|TYPE_OF_TRANSFORMATION=IX|aggregation=quarterly_mean,\N,"{""aggregation_method"": ""quarterly_mean"", ""source_derivation_types"": [""O"", ""O"", ""O""], ""source_months"": [""2023-M04"", ""2023-M05"", ""2023-M06""], ""source_observation_count"": 3, ""source_series_dimensions"": {""ACCESS_SHARING_LEVEL"": ""PUBLIC_OPEN"", ""COICOP_1999"": ""_T"", ""COMMON_REFERENCE_PERIOD"": ""2022A"", ""COUNTRY"": ""TCD"", ""FREQUENCY"": ""M"", ""IFS_FLAG"": ""true"", ""INDEX_TYPE"": ""CPI"", ""OVERLAP"": ""OL"", ""SCALE"": ""0"", ""SECURITY_CLASSIFICATION"": ""PUB"", ""TYPE_OF_TRANSFORMATION"": ""IX""}}"
TCD,cpi_index_all_items_quarterly_imf,2023-Q3,quarterly,104.97357961477593,\N,derived,IMF_CPI,IMF|ACCESS_SHARING_LEVEL=PUBLIC_OPEN|COICOP_1999=_T|COMMON_REFERENCE_PERIOD=2022A|FREQUENCY=M|IFS_FLAG=true|INDEX_TYPE=CPI|OVERLAP=OL|SCALE=0|SECURITY_CLASSIFICATION=PUB|TYPE_OF_TRANSFORMATION=IX|aggregation=quarterly_mean,\N,"{""aggregation_method"": ""quarterly_mean"", ""source_derivation_types"": [""O"", ""O"", ""O""], ""source_months"": [""2023-M07"", ""2023-M08"", ""2023-M09""], ""source_observation_count"": 3, ""source_series_dimensions"": {""ACCESS_SHARING_LEVEL"": ""PUBLIC_OPEN"", ""COICOP_1999"": ""_T"", ""COMMON_REFERENCE_PERIOD"": ""2022A"", ""COUNTRY"": ""TCD"", ""FREQUENCY"": ""M"", ""IFS_FLAG"": ""true"", ""INDEX_TYPE"": ""CPI"", ""OVERLAP"": ""OL"", ""SCALE"": ""0"", ""SECURITY_CLASSIFICATION"": ""PUB"", ""TYPE_OF_TRANSFORMATION"": ""IX""}}"
TCD,cpi_index_all_items_quarterly_imf,2023-Q4,quarterly,106.71330156163219,\N,derived,IMF_CPI,IMF|ACCESS_SHARING_LEVEL=PUBLIC_OPEN|COICOP_1999=_T|COMMON_REFERENCE_PERIOD=2022A|FREQUENCY=M|IFS_FLAG=true|INDEX_TYPE=CPI|OVERLAP=OL|SCALE=0|SECURITY_CLASSIFICATION=PUB|TYPE_OF_TRANSFORMATION=IX|aggregation=quarterly_mean,\N,"{""aggregation_method"": ""quarterly_mean"", ""source_derivation_types"": [""O"", ""O"", ""O""], ""source_months"": [""2023-M10"", ""2023-M11"", ""2023-M12""], ""source_observation_count"": 3, ""source_series_dimensions"": {""ACCESS_SHARING_LEVEL"": ""PUBLIC_OPEN"", ""COICOP_1999"": ""_T"", ""COMMON_REFERENCE_PERIOD"": ""2022A"", ""COUNTRY"": ""TCD"", ""FREQUENCY"": ""M"", ""IFS_FLAG"": ""true"", ""INDEX_TYPE"": ""CPI"", ""OVERLAP"": ""OL"", ""SCALE"": ""0"", ""SECURITY_CLASSIFICATION"": ""PUB"", ""TYPE_OF_TRANSFORMATION"": ""IX""}}"
TGO,cpi_index_all_items_quarterly_imf,2023-Q1,quarterly,98.20136563076045,\N,derived,IMF_CPI,IMF|ACCESS_SHARING_LEVEL=PUBLIC_OPEN|COICOP_1999=_T|COMMON_REFERENCE_PERIOD=2023A|FREQUENCY=M|IFS_FLAG=true|INDEX_TYPE=CPI|OVERLAP=OL|SCALE=0|SECURITY_CLASSIFICATION=PUB|TYPE_OF_TRANSFORMATION=IX|aggregation=quarterly_mean,\N,"{""aggregation_method"": ""quarterly_mean"", ""source_derivation_types"": [""O"", ""O"", ""O""], ""source_months"": [""2023-M01"", ""2023-M02"", ""2023-M03""], ""source_observation_count"": 3, ""source_series_dimensions"": {""ACCESS_SHARING_LEVEL"": ""PUBLIC_OPEN"", ""COICOP_1999"": ""_T"", ""COMMON_REFERENCE_PERIOD"": ""2023A"", ""COUNTRY"": ""TGO"", ""FREQUENCY"": ""M"", ""IFS_FLAG"": ""true"", ""INDEX_TYPE"": ""CPI"", ""OVERLAP"": ""OL"", ""SCALE"": ""0"", ""SECURITY_CLASSIFICATION"": ""PUB"", ""TYPE_OF_TRANSFORMATION"": ""IX""}}"
TGO,cpi_index_all_items_quarterly_imf,2023-Q2,quarterly,100.80167198899188,\N,derived,IMF_CPI,IMF|ACCESS_SHARING_LEVEL=PUBLIC_OPEN|COICOP_1999=_T|COMMON_REFERENCE_PERIOD=2023A|FREQUENCY=M|IFS_FLAG=true|INDEX_TYPE=CPI|OVERLAP=OL|SCALE=0|SECURITY_CLASSIFICATION=PUB|TYPE_OF_TRANSFORMATION=IX|aggregation=quarterly_mean,\N,"{""aggregation_method"": ""quarterly_mean"", ""source_derivation_types"": [""O"", ""O"", ""O""], ""source_months"": [""2023-M04"", ""2023-M05"", ""2023-M06""], ""source_observation_count"": 3, ""source_series_dimensions"": {""ACCESS_SHARING_LEVEL"": ""PUBLIC_OPEN"", ""COICOP_1999"": ""_T"", ""COMMON_REFERENCE_PERIOD"": ""2023A"", ""COUNTRY"": ""TGO"", ""FREQUENCY"": ""M"", ""IFS_FLAG"": ""true"", ""INDEX_TYPE"": ""CPI"", ""OVERLAP"": ""OL"", ""SCALE"": ""0"", ""SECURITY_CLASSIFICATION"": ""PUB"", ""TYPE_OF_TRANSFORMATION"": ""IX""}}"
TGO,cpi_index_all_items_quarterly_imf,2023-Q3,quarterly,100.48326712880026,\N,derived,IMF_CPI,IMF|ACCESS_SHARING_LEVEL=PUBLIC_OPEN|COICOP_1999=_T|COMMON_REFERENCE_PERIOD=2023A|FREQUENCY=M|IFS_FLAG=true|INDEX_TYPE=CPI|OVERLAP=OL|SCALE=0|SECURITY_CLASSIFICATION=PUB|TYPE_OF_TRANSFORMATION=IX|aggregation=quarterly_mean,\N,"{""aggregation_method"": ""quarterly_mean"", ""source_derivation_types"": [""O"", ""O"", ""O""], ""source_months"": [""2023-M07"", ""2023-M08"", ""2023-M09""], ""source_observation_count"": 3, ""source_series_dimensions"": {""ACCESS_SHARING_LEVEL"": ""PUBLIC_OPEN"", ""COICOP_1999"": ""_T"", ""COMMON_REFERENCE_PERIOD"": ""2023A"", ""COUNTRY"": ""TGO"", ""FREQUENCY"": ""M"", ""IFS_FLAG"": ""true"", ""INDEX_TYPE"": ""CPI"", ""OVERLAP"": ""OL"", ""SCALE"": ""0"", ""SECURITY_CLASSIFICATION"": ""PUB"", ""TYPE_OF_TRANSFORMATION"": ""IX""}}"
TGO,cpi_index_all_items_quarterly_imf,2023-Q4,quarterly,100.47265363346055,\N,derived,IMF_CPI,IMF|ACCESS_SHARING_LEVEL=PUBLIC_OPEN|COICOP_1999=_T|COMMON_REFERENCE_PERIOD=2023A|FREQUENCY=M|IFS_FLAG=true|INDEX_TYPE=CPI|OVERLAP=OL|SCALE=0|SECURITY_CLASSIFICATION=PUB|TYPE_OF_TRANSFORMATION=IX|aggregation=quarterly_mean,\N,"{""aggregation_method"": ""quarterly_mean"", ""source_derivation_types"": [""O"", ""O"", ""O""], ""source_months"": [""2023-M10"", ""2023-M11"", ""2023-M12""], ""source_observation_count"": 3, ""source_series_dimensions"": {""ACCESS_SHARING_LEVEL"": ""PUBLIC_OPEN"", ""COICOP_1999"": ""_T"", ""COMMON_REFERENCE_PERIOD"": ""2023A"", ""COUNTRY"": ""TGO"", ""FREQUENCY"": ""M"", ""IFS_FLAG"": ""true"", ""INDEX_TYPE"": ""CPI"", ""OVERLAP"": ""OL"", ""SCALE"": ""0"", ""SECURITY_CLASSIFICATION"": ""PUB"", ""TYPE_OF_TRANSFORMATION"": ""IX""}}"
THA,cpi_index_all_items_quarterly_imf,2023-Q1,quarterly,100.20333333333333,\N,derived,IMF_CPI,IMF|ACCESS_SHARING_LEVEL=PUBLIC_OPEN|COICOP_1999=_T|COMMON_REFERENCE_PERIOD=2023A|FREQUENCY=M|IFS_FLAG=true|INDEX_TYPE=CPI|OVERLAP=OL|SCALE=0|SECURITY_CLASSIFICATION=PUB|TYPE_OF_TRANSFORMATION=IX|aggregation=quarterly_mean,\N,"{""aggregation_method"": ""quarterly_mean"", ""source_derivation_types"": [""O"", ""O"", ""O""], ""source_months"": [""2023-M01"", ""2023-M02"", ""2023-M03""], ""source_observation_count"": 3, ""source_series_dimensions"": {""ACCESS_SHARING_LEVEL"": ""PUBLIC_OPEN"", ""COICOP_1999"": ""_T"", ""COMMON_REFERENCE_PERIOD"": ""2023A"", ""COUNTRY"": ""THA"", ""FREQUENCY"": ""M"", ""IFS_FLAG"": ""true"", ""INDEX_TYPE"": ""CPI"", ""OVERLAP"": ""OL"", ""SCALE"": ""0"", ""SECURITY_CLASSIFICATION"": ""PUB"", ""TYPE_OF_TRANSFORMATION"": ""IX""}}"
THA,cpi_index_all_items_quarterly_imf,2023-Q2,quarterly,99.89,\N,derived,IMF_CPI,IMF|ACCESS_SHARING_LEVEL=PUBLIC_OPEN|COICOP_1999=_T|COMMON_REFERENCE_PERIOD=2023A|FREQUENCY=M|IFS_FLAG=true|INDEX_TYPE=CPI|OVERLAP=OL|SCALE=0|SECURITY_CLASSIFICATION=PUB|TYPE_OF_TRANSFORMATION=IX|aggregation=quarterly_mean,\N,"{""aggregation_method"": ""quarterly_mean"", ""source_derivation_types"": [""O"", ""O"", ""O""], ""source_months"": [""2023-M04"", ""2023-M05"", ""2023-M06""], ""source_observation_count"": 3, ""source_series_dimensions"": {""ACCESS_SHARING_LEVEL"": ""PUBLIC_OPEN"", ""COICOP_1999"": ""_T"", ""COMMON_REFERENCE_PERIOD"": ""2023A"", ""COUNTRY"": ""THA"", ""FREQUENCY"": ""M"", ""IFS_FLAG"": ""true"", ""INDEX_TYPE"": ""CPI"", ""OVERLAP"": ""OL"", ""SCALE"": ""0"", ""SECURITY_CLASSIFICATION"": ""PUB"", ""TYPE_OF_TRANSFORMATION"": ""IX""}}"
THA,cpi_index_all_items_quarterly_imf,2023-Q3,quarterly,100.28000000000002,\N,derived,IMF_CPI,IMF|ACCESS_SHARING_LEVEL=PUBLIC_OPEN|COICOP_1999=_T|COMMON_REFERENCE_PERIOD=2023A|FREQUENCY=M|IFS_FLAG=true|INDEX_TYPE=CPI|OVERLAP=OL|SCALE=0|SECURITY_CLASSIFICATION=PUB|TYPE_OF_TRANSFORMATION=IX|aggregation=quarterly_mean,\N,"{""aggregation_method"": ""quarterly_mean"", ""source_derivation_types"": [""O"", ""O"", ""O""], ""source_months"": [""2023-M07"", ""2023-M08"", ""2023-M09""], ""source_observation_count"": 3, ""source_series_dimensions"": {""ACCESS_SHARING_LEVEL"": ""PUBLIC_OPEN"", ""COICOP_1999"": ""_T"", ""COMMON_REFERENCE_PERIOD"": ""2023A"", ""COUNTRY"": ""THA"", ""FREQUENCY"": ""M"", ""IFS_FLAG"": ""true"", ""INDEX_TYPE"": ""CPI"", ""OVERLAP"": ""OL"", ""SCALE"": ""0"", ""SECURITY_CLASSIFICATION"": ""PUB"", ""TYPE_OF_TRANSFORMATION"": ""IX""}}"
THA,cpi_index_all_items_quarterly_imf,2023-Q4,quarterly,99.62666666666667,\N,derived,IMF_CPI,IMF|ACCESS_SHARING_LEVEL=PUBLIC_OPEN|COICOP_1999=_T|COMMON_REFERENCE_PERIOD=2023A|FREQUENCY=M|IFS_FLAG=true|INDEX_TYPE=CPI|OVERLAP=OL|SCALE=0|SECURITY_CLASSIFICATION=PUB|TYPE_OF_TRANSFORMATION=IX|aggregation=quarterly_mean,\N,"{""aggregation_method"": ""quarterly_mean"", ""source_derivation_types"": [""O"", ""O"", ""O""], ""source_months"": [""2023-M10"", ""2023-M11"", ""2023-M12""], ""source_observation_count"": 3, ""source_series_dimensions"": {""ACCESS_SHARING_LEVEL"": ""PUBLIC_OPEN"", ""COICOP_1999"": ""_T"", ""COMMON_REFERENCE_PERIOD"": ""2023A"", ""COUNTRY"": ""THA"", ""FREQUENCY"": ""M"", ""IFS_FLAG"": ""true"", ""INDEX_TYPE"": ""CPI"", ""OVERLAP"": ""OL"", ""SCALE"": ""0"", ""SECURITY_CLASSIFICATION"": ""PUB"", ""TYPE_OF_TRANSFORMATION"": ""IX""}}"
TJK,cpi_index_all_items_quarterly_imf,2023-Q1,quarterly,229.8418172132067,\N,derived,IMF_CPI,IMF|ACCESS_SHARING_LEVEL=PUBLIC_OPEN|COICOP_1999=_T|COMMON_REFERENCE_PERIOD=2010A|FREQUENCY=M|IFS_FLAG=true|INDEX_TYPE=CPI|OVERLAP=OL|SCALE=0|SECURITY_CLASSIFICATION=PUB|TYPE_OF_TRANSFORMATION=IX|aggregation=quarterly_mean,\N,"{""aggregation_method"": ""quarterly_mean"", ""source_derivation_types"": [""O"", ""O"", ""O""], ""source_months"": [""2023-M01"", ""2023-M02"", ""2023-M03""], ""source_observation_count"": 3, ""source_series_dimensions"": {""ACCESS_SHARING_LEVEL"": ""PUBLIC_OPEN"", ""COICOP_1999"": ""_T"", ""COMMON_REFERENCE_PERIOD"": ""2010A"", ""COUNTRY"": ""TJK"", ""FREQUENCY"": ""M"", ""IFS_FLAG"": ""true"", ""INDEX_TYPE"": ""CPI"", ""OVERLAP"": ""OL"", ""SCALE"": ""0"", ""SECURITY_CLASSIFICATION"": ""PUB"", ""TYPE_OF_TRANSFORMATION"": ""IX""}}"
TJK,cpi_index_all_items_quarterly_imf,2023-Q2,quarterly,232.3626991003263,\N,derived,IMF_CPI,IMF|ACCESS_SHARING_LEVEL=PUBLIC_OPEN|COICOP_1999=_T|COMMON_REFERENCE_PERIOD=2010A|FREQUENCY=M|IFS_FLAG=true|INDEX_TYPE=CPI|OVERLAP=OL|SCALE=0|SECURITY_CLASSIFICATION=PUB|TYPE_OF_TRANSFORMATION=IX|aggregation=quarterly_mean,\N,"{""aggregation_method"": ""quarterly_mean"", ""source_derivation_types"": [""O"", ""O"", ""O""], ""source_months"": [""2023-M04"", ""2023-M05"", ""2023-M06""], ""source_observation_count"": 3, ""source_series_dimensions"": {""ACCESS_SHARING_LEVEL"": ""PUBLIC_OPEN"", ""COICOP_1999"": ""_T"", ""COMMON_REFERENCE_PERIOD"": ""2010A"", ""COUNTRY"": ""TJK"", ""FREQUENCY"": ""M"", ""IFS_FLAG"": ""true"", ""INDEX_TYPE"": ""CPI"", ""OVERLAP"": ""OL"", ""SCALE"": ""0"", ""SECURITY_CLASSIFICATION"": ""PUB"", ""TYPE_OF_TRANSFORMATION"": ""IX""}}"
TJK,cpi_index_all_items_quarterly_imf,2023-Q3,quarterly,234.6787511163487,\N,derived,IMF_CPI,IMF|ACCESS_SHARING_LEVEL=PUBLIC_OPEN|COICOP_1999=_T|COMMON_REFERENCE_PERIOD=2010A|FREQUENCY=M|IFS_FLAG=true|INDEX_TYPE=CPI|OVERLAP=OL|SCALE=0|SECURITY_CLASSIFICATION=PUB|TYPE_OF_TRANSFORMATION=IX|aggregation=quarterly_mean,\N,"{""aggregation_method"": ""quarterly_mean"", ""source_derivation_types"": [""O"", ""O"", ""O""], ""source_months"": [""2023-M07"", ""2023-M08"", ""2023-M09""], ""source_observation_count"": 3, ""source_series_dimensions"": {""ACCESS_SHARING_LEVEL"": ""PUBLIC_OPEN"", ""COICOP_1999"": ""_T"", ""COMMON_REFERENCE_PERIOD"": ""2010A"", ""COUNTRY"": ""TJK"", ""FREQUENCY"": ""M"", ""IFS_FLAG"": ""true"", ""INDEX_TYPE"": ""CPI"", ""OVERLAP"": ""OL"", ""SCALE"": ""0"", ""SECURITY_CLASSIFICATION"": ""PUB"", ""TYPE_OF_TRANSFORMATION"": ""IX""}}"
TJK,cpi_index_all_items_quarterly_imf,2023-Q4,quarterly,235.54675648815635,\N,derived,IMF_CPI,IMF|ACCESS_SHARING_LEVEL=PUBLIC_OPEN|COICOP_1999=_T|COMMON_REFERENCE_PERIOD=2010A|FREQUENCY=M|IFS_FLAG=true|INDEX_TYPE=CPI|OVERLAP=OL|SCALE=0|SECURITY_CLASSIFICATION=PUB|TYPE_OF_TRANSFORMATION=IX|aggregation=quarterly_mean,\N,"{""aggregation_method"": ""quarterly_mean"", ""source_derivation_types"": [""O"", ""O"", ""O""], ""source_months"": [""2023-M10"", ""2023-M11"", ""2023-M12""], ""source_observation_count"": 3, ""source_series_dimensions"": {""ACCESS_SHARING_LEVEL"": ""PUBLIC_OPEN"", ""COICOP_1999"": ""_T"", ""COMMON_REFERENCE_PERIOD"": ""2010A"", ""COUNTRY"": ""TJK"", ""FREQUENCY"": ""M"", ""IFS_FLAG"": ""true"", ""INDEX_TYPE"": ""CPI"", ""OVERLAP"": ""OL"", ""SCALE"": ""0"", ""SECURITY_CLASSIFICATION"": ""PUB"", ""TYPE_OF_TRANSFORMATION"": ""IX""}}"
TLS,cpi_index_all_items_quarterly_imf,2023-Q1,quarterly,119.86666666666667,\N,derived,IMF_CPI,IMF|ACCESS_SHARING_LEVEL=PUBLIC_OPEN|COICOP_1999=_T|COMMON_REFERENCE_PERIOD=2018M8|FREQUENCY=M|IFS_FLAG=true|INDEX_TYPE=CPI|OVERLAP=OL|SCALE=0|SECURITY_CLASSIFICATION=PUB|TYPE_OF_TRANSFORMATION=IX|aggregation=quarterly_mean,\N,"{""aggregation_method"": ""quarterly_mean"", ""source_derivation_types"": [""O"", ""O"", ""O""], ""source_months"": [""2023-M01"", ""2023-M02"", ""2023-M03""], ""source_observation_count"": 3, ""source_series_dimensions"": {""ACCESS_SHARING_LEVEL"": ""PUBLIC_OPEN"", ""COICOP_1999"": ""_T"", ""COMMON_REFERENCE_PERIOD"": ""2018M8"", ""COUNTRY"": ""TLS"", ""FREQUENCY"": ""M"", ""IFS_FLAG"": ""true"", ""INDEX_TYPE"": ""CPI"", ""OVERLAP"": ""OL"", ""SCALE"": ""0"", ""SECURITY_CLASSIFICATION"": ""PUB"", ""TYPE_OF_TRANSFORMATION"": ""IX""}}"
TLS,cpi_index_all_items_quarterly_imf,2023-Q2,quarterly,121.0,\N,derived,IMF_CPI,IMF|ACCESS_SHARING_LEVEL=PUBLIC_OPEN|COICOP_1999=_T|COMMON_REFERENCE_PERIOD=2018M8|FREQUENCY=M|IFS_FLAG=true|INDEX_TYPE=CPI|OVERLAP=OL|SCALE=0|SECURITY_CLASSIFICATION=PUB|TYPE_OF_TRANSFORMATION=IX|aggregation=quarterly_mean,\N,"{""aggregation_method"": ""quarterly_mean"", ""source_derivation_types"": [""O"", ""O"", ""O""], ""source_months"": [""2023-M04"", ""2023-M05"", ""2023-M06""], ""source_observation_count"": 3, ""source_series_dimensions"": {""ACCESS_SHARING_LEVEL"": ""PUBLIC_OPEN"", ""COICOP_1999"": ""_T"", ""COMMON_REFERENCE_PERIOD"": ""2018M8"", ""COUNTRY"": ""TLS"", ""FREQUENCY"": ""M"", ""IFS_FLAG"": ""true"", ""INDEX_TYPE"": ""CPI"", ""OVERLAP"": ""OL"", ""SCALE"": ""0"", ""SECURITY_CLASSIFICATION"": ""PUB"", ""TYPE_OF_TRANSFORMATION"": ""IX""}}"
TLS,cpi_index_all_items_quarterly_imf,2023-Q3,quarterly,122.8,\N,derived,IMF_CPI,IMF|ACCESS_SHARING_LEVEL=PUBLIC_OPEN|COICOP_1999=_T|COMMON_REFERENCE_PERIOD=2018M8|FREQUENCY=M|IFS_FLAG=true|INDEX_TYPE=CPI|OVERLAP=OL|SCALE=0|SECURITY_CLASSIFICATION=PUB|TYPE_OF_TRANSFORMATION=IX|aggregation=quarterly_mean,\N,"{""aggregation_method"": ""quarterly_mean"", ""source_derivation_types"": [""O"", ""O"", ""O""], ""source_months"": [""2023-M07"", ""2023-M08"", ""2023-M09""], ""source_observation_count"": 3, ""source_series_dimensions"": {""ACCESS_SHARING_LEVEL"": ""PUBLIC_OPEN"", ""COICOP_1999"": ""_T"", ""COMMON_REFERENCE_PERIOD"": ""2018M8"", ""COUNTRY"": ""TLS"", ""FREQUENCY"": ""M"", ""IFS_FLAG"": ""true"", ""INDEX_TYPE"": ""CPI"", ""OVERLAP"": ""OL"", ""SCALE"": ""0"", ""SECURITY_CLASSIFICATION"": ""PUB"", ""TYPE_OF_TRANSFORMATION"": ""IX""}}"
TLS,cpi_index_all_items_quarterly_imf,2023-Q4,quarterly,124.33333333333333,\N,derived,IMF_CPI,IMF|ACCESS_SHARING_LEVEL=PUBLIC_OPEN|COICOP_1999=_T|COMMON_REFERENCE_PERIOD=2018M8|FREQUENCY=M|IFS_FLAG=true|INDEX_TYPE=CPI|OVERLAP=OL|SCALE=0|SECURITY_CLASSIFICATION=PUB|TYPE_OF_TRANSFORMATION=IX|aggregation=quarterly_mean,\N,"{""aggregation_method"": ""quarterly_mean"", ""source_derivation_types"": [""O"", ""O"", ""O""], ""source_months"": [""2023-M10"", ""2023-M11"", ""2023-M12""], ""source_observation_count"": 3, ""source_series_dimensions"": {""ACCESS_SHARING_LEVEL"": ""PUBLIC_OPEN"", ""COICOP_1999"": ""_T"", ""COMMON_REFERENCE_PERIOD"": ""2018M8"", ""COUNTRY"": ""TLS"", ""FREQUENCY"": ""M"", ""IFS_FLAG"": ""true"", ""INDEX_TYPE"": ""CPI"", ""OVERLAP"": ""OL"", ""SCALE"": ""0"", ""SECURITY_CLASSIFICATION"": ""PUB"", ""TYPE_OF_TRANSFORMATION"": ""IX""}}"
TON,cpi_index_all_items_quarterly_imf,2023-Q1,quarterly,118.27802955234553,\N,derived,IMF_CPI,IMF|ACCESS_SHARING_LEVEL=PUBLIC_OPEN|COICOP_1999=_T|COMMON_REFERENCE_PERIOD=2021M9|FREQUENCY=M|IFS_FLAG=true|INDEX_TYPE=CPI|OVERLAP=OL|SCALE=0|SECURITY_CLASSIFICATION=PUB|TYPE_OF_TRANSFORMATION=IX|aggregation=quarterly_mean,\N,"{""aggregation_method"": ""quarterly_mean"", ""source_derivation_types"": [""O"", ""O"", ""O""], ""source_months"": [""2023-M01"", ""2023-M02"", ""2023-M03""], ""source_observation_count"": 3, ""source_series_dimensions"": {""ACCESS_SHARING_LEVEL"": ""PUBLIC_OPEN"", ""COICOP_1999"": ""_T"", ""COMMON_REFERENCE_PERIOD"": ""2021M9"", ""COUNTRY"": ""TON"", ""FREQUENCY"": ""M"", ""IFS_FLAG"": ""true"", ""INDEX_TYPE"": ""CPI"", ""OVERLAP"": ""OL"", ""SCALE"": ""0"", ""SECURITY_CLASSIFICATION"": ""PUB"", ""TYPE_OF_TRANSFORMATION"": ""IX""}}"
TON,cpi_index_all_items_quarterly_imf,2023-Q2,quarterly,120.28548584368019,\N,derived,IMF_CPI,IMF|ACCESS_SHARING_LEVEL=PUBLIC_OPEN|COICOP_1999=_T|COMMON_REFERENCE_PERIOD=2021M9|FREQUENCY=M|IFS_FLAG=true|INDEX_TYPE=CPI|OVERLAP=OL|SCALE=0|SECURITY_CLASSIFICATION=PUB|TYPE_OF_TRANSFORMATION=IX|aggregation=quarterly_mean,\N,"{""aggregation_method"": ""quarterly_mean"", ""source_derivation_types"": [""O"", ""O"", ""O""], ""source_months"": [""2023-M04"", ""2023-M05"", ""2023-M06""], ""source_observation_count"": 3, ""source_series_dimensions"": {""ACCESS_SHARING_LEVEL"": ""PUBLIC_OPEN"", ""COICOP_1999"": ""_T"", ""COMMON_REFERENCE_PERIOD"": ""2021M9"", ""COUNTRY"": ""TON"", ""FREQUENCY"": ""M"", ""IFS_FLAG"": ""true"", ""INDEX_TYPE"": ""CPI"", ""OVERLAP"": ""OL"", ""SCALE"": ""0"", ""SECURITY_CLASSIFICATION"": ""PUB"", ""TYPE_OF_TRANSFORMATION"": ""IX""}}"
TON,cpi_index_all_items_quarterly_imf,2023-Q3,quarterly,120.83591740743323,\N,derived,IMF_CPI,IMF|ACCESS_SHARING_LEVEL=PUBLIC_OPEN|COICOP_1999=_T|COMMON_REFERENCE_PERIOD=2021M9|FREQUENCY=M|IFS_FLAG=true|INDEX_TYPE=CPI|OVERLAP=OL|SCALE=0|SECURITY_CLASSIFICATION=PUB|TYPE_OF_TRANSFORMATION=IX|aggregation=quarterly_mean,\N,"{""aggregation_method"": ""quarterly_mean"", ""source_derivation_types"": [""O"", ""O"", ""O""], ""source_months"": [""2023-M07"", ""2023-M08"", ""2023-M09""], ""source_observation_count"": 3, ""source_series_dimensions"": {""ACCESS_SHARING_LEVEL"": ""PUBLIC_OPEN"", ""COICOP_1999"": ""_T"", ""COMMON_REFERENCE_PERIOD"": ""2021M9"", ""COUNTRY"": ""TON"", ""FREQUENCY"": ""M"", ""IFS_FLAG"": ""true"", ""INDEX_TYPE"": ""CPI"", ""OVERLAP"": ""OL"", ""SCALE"": ""0"", ""SECURITY_CLASSIFICATION"": ""PUB"", ""TYPE_OF_TRANSFORMATION"": ""IX""}}"
TON,cpi_index_all_items_quarterly_imf,2023-Q4,quarterly,123.68521020803723,\N,derived,IMF_CPI,IMF|ACCESS_SHARING_LEVEL=PUBLIC_OPEN|COICOP_1999=_T|COMMON_REFERENCE_PERIOD=2021M9|FREQUENCY=M|IFS_FLAG=true|INDEX_TYPE=CPI|OVERLAP=OL|SCALE=0|SECURITY_CLASSIFICATION=PUB|TYPE_OF_TRANSFORMATION=IX|aggregation=quarterly_mean,\N,"{""aggregation_method"": ""quarterly_mean"", ""source_derivation_types"": [""O"", ""O"", ""O""], ""source_months"": [""2023-M10"", ""2023-M11"", ""2023-M12""], ""source_observation_count"": 3, ""source_series_dimensions"": {""ACCESS_SHARING_LEVEL"": ""PUBLIC_OPEN"", ""COICOP_1999"": ""_T"", ""COMMON_REFERENCE_PERIOD"": ""2021M9"", ""COUNTRY"": ""TON"", ""FREQUENCY"": ""M"", ""IFS_FLAG"": ""true"", ""INDEX_TYPE"": ""CPI"", ""OVERLAP"": ""OL"", ""SCALE"": ""0"", ""SECURITY_CLASSIFICATION"": ""PUB"", ""TYPE_OF_TRANSFORMATION"": ""IX""}}"
TTO,cpi_index_all_items_quarterly_imf,2023-Q1,quarterly,123.16666666666667,\N,derived,IMF_CPI,IMF|ACCESS_SHARING_LEVEL=PUBLIC_OPEN|COICOP_1999=_T|COMMON_REFERENCE_PERIOD=2015M1|FREQUENCY=M|IFS_FLAG=true|INDEX_TYPE=CPI|OVERLAP=OL|SCALE=0|SECURITY_CLASSIFICATION=PUB|TYPE_OF_TRANSFORMATION=IX|aggregation=quarterly_mean,\N,"{""aggregation_method"": ""quarterly_mean"", ""source_derivation_types"": [""O"", ""O"", ""O""], ""source_months"": [""2023-M01"", ""2023-M02"", ""2023-M03""], ""source_observation_count"": 3, ""source_series_dimensions"": {""ACCESS_SHARING_LEVEL"": ""PUBLIC_OPEN"", ""COICOP_1999"": ""_T"", ""COMMON_REFERENCE_PERIOD"": ""2015M1"", ""COUNTRY"": ""TTO"", ""FREQUENCY"": ""M"", ""IFS_FLAG"": ""true"", ""INDEX_TYPE"": ""CPI"", ""OVERLAP"": ""OL"", ""SCALE"": ""0"", ""SECURITY_CLASSIFICATION"": ""PUB"", ""TYPE_OF_TRANSFORMATION"": ""IX""}}"
TTO,cpi_index_all_items_quarterly_imf,2023-Q2,quarterly,122.73333333333335,\N,derived,IMF_CPI,IMF|ACCESS_SHARING_LEVEL=PUBLIC_OPEN|COICOP_1999=_T|COMMON_REFERENCE_PERIOD=2015M1|FREQUENCY=M|IFS_FLAG=true|INDEX_TYPE=CPI|OVERLAP=OL|SCALE=0|SECURITY_CLASSIFICATION=PUB|TYPE_OF_TRANSFORMATION=IX|aggregation=quarterly_mean,\N,"{""aggregation_method"": ""quarterly_mean"", ""source_derivation_types"": [""O"", ""O"", ""O""], ""source_months"": [""2023-M04"", ""2023-M05"", ""2023-M06""], ""source_observation_count"": 3, ""source_series_dimensions"": {""ACCESS_SHARING_LEVEL"": ""PUBLIC_OPEN"", ""COICOP_1999"": ""_T"", ""COMMON_REFERENCE_PERIOD"": ""2015M1"", ""COUNTRY"": ""TTO"", ""FREQUENCY"": ""M"", ""IFS_FLAG"": ""true"", ""INDEX_TYPE"": ""CPI"", ""OVERLAP"": ""OL"", ""SCALE"": ""0"", ""SECURITY_CLASSIFICATION"": ""PUB"", ""TYPE_OF_TRANSFORMATION"": ""IX""}}"
TTO,cpi_index_all_items_quarterly_imf,2023-Q3,quarterly,123.5,\N,derived,IMF_CPI,IMF|ACCESS_SHARING_LEVEL=PUBLIC_OPEN|COICOP_1999=_T|COMMON_REFERENCE_PERIOD=2015M1|FREQUENCY=M|IFS_FLAG=true|INDEX_TYPE=CPI|OVERLAP=OL|SCALE=0|SECURITY_CLASSIFICATION=PUB|TYPE_OF_TRANSFORMATION=IX|aggregation=quarterly_mean,\N,"{""aggregation_method"": ""quarterly_mean"", ""source_derivation_types"": [""O"", ""O"", ""O""], ""source_months"": [""2023-M07"", ""2023-M08"", ""2023-M09""], ""source_observation_count"": 3, ""source_series_dimensions"": {""ACCESS_SHARING_LEVEL"": ""PUBLIC_OPEN"", ""COICOP_1999"": ""_T"", ""COMMON_REFERENCE_PERIOD"": ""2015M1"", ""COUNTRY"": ""TTO"", ""FREQUENCY"": ""M"", ""IFS_FLAG"": ""true"", ""INDEX_TYPE"": ""CPI"", ""OVERLAP"": ""OL"", ""SCALE"": ""0"", ""SECURITY_CLASSIFICATION"": ""PUB"", ""TYPE_OF_TRANSFORMATION"": ""IX""}}"
TTO,cpi_index_all_items_quarterly_imf,2023-Q4,quarterly,124.06666666666666,\N,derived,IMF_CPI,IMF|ACCESS_SHARING_LEVEL=PUBLIC_OPEN|COICOP_1999=_T|COMMON_REFERENCE_PERIOD=2015M1|FREQUENCY=M|IFS_FLAG=true|INDEX_TYPE=CPI|OVERLAP=OL|SCALE=0|SECURITY_CLASSIFICATION=PUB|TYPE_OF_TRANSFORMATION=IX|aggregation=quarterly_mean,\N,"{""aggregation_method"": ""quarterly_mean"", ""source_derivation_types"": [""O"", ""O"", ""O""], ""source_months"": [""2023-M10"", ""2023-M11"", ""2023-M12""], ""source_observation_count"": 3, ""source_series_dimensions"": {""ACCESS_SHARING_LEVEL"": ""PUBLIC_OPEN"", ""COICOP_1999"": ""_T"", ""COMMON_REFERENCE_PERIOD"": ""2015M1"", ""COUNTRY"": ""TTO"", ""FREQUENCY"": ""M"", ""IFS_FLAG"": ""true"", ""INDEX_TYPE"": ""CPI"", ""OVERLAP"": ""OL"", ""SCALE"": ""0"", ""SECURITY_CLASSIFICATION"": ""PUB"", ""TYPE_OF_TRANSFORMATION"": ""IX""}}"
TUN,cpi_index_all_items_quarterly_imf,2023-Q1,quarterly,160.2,\N,derived,IMF_CPI,IMF|ACCESS_SHARING_LEVEL=PUBLIC_OPEN|COICOP_1999=_T|COMMON_REFERENCE_PERIOD=2015A|FREQUENCY=M|IFS_FLAG=true|INDEX_TYPE=CPI|OVERLAP=OL|SCALE=0|SECURITY_CLASSIFICATION=PUB|TYPE_OF_TRANSFORMATION=IX|aggregation=quarterly_mean,\N,"{""aggregation_method"": ""quarterly_mean"", ""source_derivation_types"": [""O"", ""O"", ""O""], ""source_months"": [""2023-M01"", ""2023-M02"", ""2023-M03""], ""source_observation_count"": 3, ""source_series_dimensions"": {""ACCESS_SHARING_LEVEL"": ""PUBLIC_OPEN"", ""COICOP_1999"": ""_T"", ""COMMON_REFERENCE_PERIOD"": ""2015A"", ""COUNTRY"": ""TUN"", ""FREQUENCY"": ""M"", ""IFS_FLAG"": ""true"", ""INDEX_TYPE"": ""CPI"", ""OVERLAP"": ""OL"", ""SCALE"": ""0"", ""SECURITY_CLASSIFICATION"": ""PUB"", ""TYPE_OF_TRANSFORMATION"": ""IX""}}"
TUN,cpi_index_all_items_quarterly_imf,2023-Q2,quarterly,163.86666666666667,\N,derived,IMF_CPI,IMF|ACCESS_SHARING_LEVEL=PUBLIC_OPEN|COICOP_1999=_T|COMMON_REFERENCE_PERIOD=2015A|FREQUENCY=M|IFS_FLAG=true|INDEX_TYPE=CPI|OVERLAP=OL|SCALE=0|SECURITY_CLASSIFICATION=PUB|TYPE_OF_TRANSFORMATION=IX|aggregation=quarterly_mean,\N,"{""aggregation_method"": ""quarterly_mean"", ""source_derivation_types"": [""O"", ""O"", ""O""], ""source_months"": [""2023-M04"", ""2023-M05"", ""2023-M06""], ""source_observation_count"": 3, ""source_series_dimensions"": {""ACCESS_SHARING_LEVEL"": ""PUBLIC_OPEN"", ""COICOP_1999"": ""_T"", ""COMMON_REFERENCE_PERIOD"": ""2015A"", ""COUNTRY"": ""TUN"", ""FREQUENCY"": ""M"", ""IFS_FLAG"": ""true"", ""INDEX_TYPE"": ""CPI"", ""OVERLAP"": ""OL"", ""SCALE"": ""0"", ""SECURITY_CLASSIFICATION"": ""PUB"", ""TYPE_OF_TRANSFORMATION"": ""IX""}}"
TUN,cpi_index_all_items_quarterly_imf,2023-Q3,quarterly,166.9,\N,derived,IMF_CPI,IMF|ACCESS_SHARING_LEVEL=PUBLIC_OPEN|COICOP_1999=_T|COMMON_REFERENCE_PERIOD=2015A|FREQUENCY=M|IFS_FLAG=true|INDEX_TYPE=CPI|OVERLAP=OL|SCALE=0|SECURITY_CLASSIFICATION=PUB|TYPE_OF_TRANSFORMATION=IX|aggregation=quarterly_mean,\N,"{""aggregation_method"": ""quarterly_mean"", ""source_derivation_types"": [""O"", ""O"", ""O""], ""source_months"": [""2023-M07"", ""2023-M08"", ""2023-M09""], ""source_observation_count"": 3, ""source_series_dimensions"": {""ACCESS_SHARING_LEVEL"": ""PUBLIC_OPEN"", ""COICOP_1999"": ""_T"", ""COMMON_REFERENCE_PERIOD"": ""2015A"", ""COUNTRY"": ""TUN"", ""FREQUENCY"": ""M"", ""IFS_FLAG"": ""true"", ""INDEX_TYPE"": ""CPI"", ""OVERLAP"": ""OL"", ""SCALE"": ""0"", ""SECURITY_CLASSIFICATION"": ""PUB"", ""TYPE_OF_TRANSFORMATION"": ""IX""}}"
TUN,cpi_index_all_items_quarterly_imf,2023-Q4,quarterly,170.00000000000003,\N,derived,IMF_CPI,IMF|ACCESS_SHARING_LEVEL=PUBLIC_OPEN|COICOP_1999=_T|COMMON_REFERENCE_PERIOD=2015A|FREQUENCY=M|IFS_FLAG=true|INDEX_TYPE=CPI|OVERLAP=OL|SCALE=0|SECURITY_CLASSIFICATION=PUB|TYPE_OF_TRANSFORMATION=IX|aggregation=quarterly_mean,\N,"{""aggregation_method"": ""quarterly_mean"", ""source_derivation_types"": [""O"", ""O"", ""O""], ""source_months"": [""2023-M10"", ""2023-M11"", ""2023-M12""], ""source_observation_count"": 3, ""source_series_dimensions"": {""ACCESS_SHARING_LEVEL"": ""PUBLIC_OPEN"", ""COICOP_1999"": ""_T"", ""COMMON_REFERENCE_PERIOD"": ""2015A"", ""COUNTRY"": ""TUN"", ""FREQUENCY"": ""M"", ""IFS_FLAG"": ""true"", ""INDEX_TYPE"": ""CPI"", ""OVERLAP"": ""OL"", ""SCALE"": ""0"", ""SECURITY_CLASSIFICATION"": ""PUB"", ""TYPE_OF_TRANSFORMATION"": ""IX""}}"
TUR,cpi_index_all_items_quarterly_imf,2023-Q1,quarterly,38.89719,\N,derived,IMF_CPI,IMF|ACCESS_SHARING_LEVEL=PUBLIC_OPEN|COICOP_1999=_T|COMMON_REFERENCE_PERIOD=2025A|FREQUENCY=M|IFS_FLAG=true|INDEX_TYPE=CPI|OVERLAP=OL|SCALE=0|SECURITY_CLASSIFICATION=PUB|TYPE_OF_TRANSFORMATION=IX|aggregation=quarterly_mean,\N,"{""aggregation_method"": ""quarterly_mean"", ""source_derivation_types"": [""O"", ""O"", ""O""], ""source_months"": [""2023-M01"", ""2023-M02"", ""2023-M03""], ""source_observation_count"": 3, ""source_series_dimensions"": {""ACCESS_SHARING_LEVEL"": ""PUBLIC_OPEN"", ""COICOP_1999"": ""_T"", ""COMMON_REFERENCE_PERIOD"": ""2025A"", ""COUNTRY"": ""TUR"", ""FREQUENCY"": ""M"", ""IFS_FLAG"": ""true"", ""INDEX_TYPE"": ""CPI"", ""OVERLAP"": ""OL"", ""SCALE"": ""0"", ""SECURITY_CLASSIFICATION"": ""PUB"", ""TYPE_OF_TRANSFORMATION"": ""IX""}}"
TUR,cpi_index_all_items_quarterly_imf,2023-Q2,quarterly,41.385960000000004,\N,derived,IMF_CPI,IMF|ACCESS_SHARING_LEVEL=PUBLIC_OPEN|COICOP_1999=_T|COMMON_REFERENCE_PERIOD=2025A|FREQUENCY=M|IFS_FLAG=true|INDEX_TYPE=CPI|OVERLAP=OL|SCALE=0|SECURITY_CLASSIFICATION=PUB|TYPE_OF_TRANSFORMATION=IX|aggregation=quarterly_mean,\N,"{""aggregation_method"": ""quarterly_mean"", ""source_derivation_types"": [""O"", ""O"", ""O""], ""source_months"": [""2023-M04"", ""2023-M05"", ""2023-M06""], ""source_observation_count"": 3, ""source_series_dimensions"": {""ACCESS_SHARING_LEVEL"": ""PUBLIC_OPEN"", ""COICOP_1999"": ""_T"", ""COMMON_REFERENCE_PERIOD"": ""2025A"", ""COUNTRY"": ""TUR"", ""FREQUENCY"": ""M"", ""IFS_FLAG"": ""true"", ""INDEX_TYPE"": ""CPI"", ""OVERLAP"": ""OL"", ""SCALE"": ""0"", ""SECURITY_CLASSIFICATION"": ""PUB"", ""TYPE_OF_TRANSFORMATION"": ""IX""}}"
TUR,cpi_index_all_items_quarterly_imf,2023-Q3,quarterly,50.10834,\N,derived,IMF_CPI,IMF|ACCESS_SHARING_LEVEL=PUBLIC_OPEN|COICOP_1999=_T|COMMON_REFERENCE_PERIOD=2025A|FREQUENCY=M|IFS_FLAG=true|INDEX_TYPE=CPI|OVERLAP=OL|SCALE=0|SECURITY_CLASSIFICATION=PUB|TYPE_OF_TRANSFORMATION=IX|aggregation=quarterly_mean,\N,"{""aggregation_method"": ""quarterly_mean"", ""source_derivation_types"": [""O"", ""O"", ""O""], ""source_months"": [""2023-M07"", ""2023-M08"", ""2023-M09""], ""source_observation_count"": 3, ""source_series_dimensions"": {""ACCESS_SHARING_LEVEL"": ""PUBLIC_OPEN"", ""COICOP_1999"": ""_T"", ""COMMON_REFERENCE_PERIOD"": ""2025A"", ""COUNTRY"": ""TUR"", ""FREQUENCY"": ""M"", ""IFS_FLAG"": ""true"", ""INDEX_TYPE"": ""CPI"", ""OVERLAP"": ""OL"", ""SCALE"": ""0"", ""SECURITY_CLASSIFICATION"": ""PUB"", ""TYPE_OF_TRANSFORMATION"": ""IX""}}"
TUR,cpi_index_all_items_quarterly_imf,2023-Q4,quarterly,56.70332,\N,derived,IMF_CPI,IMF|ACCESS_SHARING_LEVEL=PUBLIC_OPEN|COICOP_1999=_T|COMMON_REFERENCE_PERIOD=2025A|FREQUENCY=M|IFS_FLAG=true|INDEX_TYPE=CPI|OVERLAP=OL|SCALE=0|SECURITY_CLASSIFICATION=PUB|TYPE_OF_TRANSFORMATION=IX|aggregation=quarterly_mean,\N,"{""aggregation_method"": ""quarterly_mean"", ""source_derivation_types"": [""O"", ""O"", ""O""], ""source_months"": [""2023-M10"", ""2023-M11"", ""2023-M12""], ""source_observation_count"": 3, ""source_series_dimensions"": {""ACCESS_SHARING_LEVEL"": ""PUBLIC_OPEN"", ""COICOP_1999"": ""_T"", ""COMMON_REFERENCE_PERIOD"": ""2025A"", ""COUNTRY"": ""TUR"", ""FREQUENCY"": ""M"", ""IFS_FLAG"": ""true"", ""INDEX_TYPE"": ""CPI"", ""OVERLAP"": ""OL"", ""SCALE"": ""0"", ""SECURITY_CLASSIFICATION"": ""PUB"", ""TYPE_OF_TRANSFORMATION"": ""IX""}}"
TZA,cpi_index_all_items_quarterly_imf,2023-Q1,quarterly,111.40666666666668,\N,derived,IMF_CPI,IMF|ACCESS_SHARING_LEVEL=PUBLIC_OPEN|COICOP_1999=_T|COMMON_REFERENCE_PERIOD=2020A|FREQUENCY=M|IFS_FLAG=true|INDEX_TYPE=CPI|OVERLAP=OL|SCALE=0|SECURITY_CLASSIFICATION=PUB|TYPE_OF_TRANSFORMATION=IX|aggregation=quarterly_mean,\N,"{""aggregation_method"": ""quarterly_mean"", ""source_derivation_types"": [""O"", ""O"", ""O""], ""source_months"": [""2023-M01"", ""2023-M02"", ""2023-M03""], ""source_observation_count"": 3, ""source_series_dimensions"": {""ACCESS_SHARING_LEVEL"": ""PUBLIC_OPEN"", ""COICOP_1999"": ""_T"", ""COMMON_REFERENCE_PERIOD"": ""2020A"", ""COUNTRY"": ""TZA"", ""FREQUENCY"": ""M"", ""IFS_FLAG"": ""true"", ""INDEX_TYPE"": ""CPI"", ""OVERLAP"": ""OL"", ""SCALE"": ""0"", ""SECURITY_CLASSIFICATION"": ""PUB"", ""TYPE_OF_TRANSFORMATION"": ""IX""}}"
TZA,cpi_index_all_items_quarterly_imf,2023-Q2,quarterly,112.69,\N,derived,IMF_CPI,IMF|ACCESS_SHARING_LEVEL=PUBLIC_OPEN|COICOP_1999=_T|COMMON_REFERENCE_PERIOD=2020A|FREQUENCY=M|IFS_FLAG=true|INDEX_TYPE=CPI|OVERLAP=OL|SCALE=0|SECURITY_CLASSIFICATION=PUB|TYPE_OF_TRANSFORMATION=IX|aggregation=quarterly_mean,\N,"{""aggregation_method"": ""quarterly_mean"", ""source_derivation_types"": [""O"", ""O"", ""O""], ""source_months"": [""2023-M04"", ""2023-M05"", ""2023-M06""], ""source_observation_count"": 3, ""source_series_dimensions"": {""ACCESS_SHARING_LEVEL"": ""PUBLIC_OPEN"", ""COICOP_1999"": ""_T"", ""COMMON_REFERENCE_PERIOD"": ""2020A"", ""COUNTRY"": ""TZA"", ""FREQUENCY"": ""M"", ""IFS_FLAG"": ""true"", ""INDEX_TYPE"": ""CPI"", ""OVERLAP"": ""OL"", ""SCALE"": ""0"", ""SECURITY_CLASSIFICATION"": ""PUB"", ""TYPE_OF_TRANSFORMATION"": ""IX""}}"
TZA,cpi_index_all_items_quarterly_imf,2023-Q3,quarterly,112.42333333333333,\N,derived,IMF_CPI,IMF|ACCESS_SHARING_LEVEL=PUBLIC_OPEN|COICOP_1999=_T|COMMON_REFERENCE_PERIOD=2020A|FREQUENCY=M|IFS_FLAG=true|INDEX_TYPE=CPI|OVERLAP=OL|SCALE=0|SECURITY_CLASSIFICATION=PUB|TYPE_OF_TRANSFORMATION=IX|aggregation=quarterly_mean,\N,"{""aggregation_method"": ""quarterly_mean"", ""source_derivation_types"": [""O"", ""O"", ""O""], ""source_months"": [""2023-M07"", ""2023-M08"", ""2023-M09""], ""source_observation_count"": 3, ""source_series_dimensions"": {""ACCESS_SHARING_LEVEL"": ""PUBLIC_OPEN"", ""COICOP_1999"": ""_T"", ""COMMON_REFERENCE_PERIOD"": ""2020A"", ""COUNTRY"": ""TZA"", ""FREQUENCY"": ""M"", ""IFS_FLAG"": ""true"", ""INDEX_TYPE"": ""CPI"", ""OVERLAP"": ""OL"", ""SCALE"": ""0"", ""SECURITY_CLASSIFICATION"": ""PUB"", ""TYPE_OF_TRANSFORMATION"": ""IX""}}"
TZA,cpi_index_all_items_quarterly_imf,2023-Q4,quarterly,112.73000000000002,\N,derived,IMF_CPI,IMF|ACCESS_SHARING_LEVEL=PUBLIC_OPEN|COICOP_1999=_T|COMMON_REFERENCE_PERIOD=2020A|FREQUENCY=M|IFS_FLAG=true|INDEX_TYPE=CPI|OVERLAP=OL|SCALE=0|SECURITY_CLASSIFICATION=PUB|TYPE_OF_TRANSFORMATION=IX|aggregation=quarterly_mean,\N,"{""aggregation_method"": ""quarterly_mean"", ""source_derivation_types"": [""O"", ""O"", ""O""], ""source_months"": [""2023-M10"", ""2023-M11"", ""2023-M12""], ""source_observation_count"": 3, ""source_series_dimensions"": {""ACCESS_SHARING_LEVEL"": ""PUBLIC_OPEN"", ""COICOP_1999"": ""_T"", ""COMMON_REFERENCE_PERIOD"": ""2020A"", ""COUNTRY"": ""TZA"", ""FREQUENCY"": ""M"", ""IFS_FLAG"": ""true"", ""INDEX_TYPE"": ""CPI"", ""OVERLAP"": ""OL"", ""SCALE"": ""0"", ""SECURITY_CLASSIFICATION"": ""PUB"", ""TYPE_OF_TRANSFORMATION"": ""IX""}}"
UGA,cpi_index_all_items_quarterly_imf,2023-Q1,quarterly,126.36655080752267,\N,derived,IMF_CPI,IMF|ACCESS_SHARING_LEVEL=PUBLIC_OPEN|COICOP_1999=_T|COMMON_REFERENCE_PERIOD=2016/2017|FREQUENCY=M|IFS_FLAG=true|INDEX_TYPE=CPI|OVERLAP=OL|SCALE=0|SECURITY_CLASSIFICATION=PUB|TYPE_OF_TRANSFORMATION=IX|aggregation=quarterly_mean,\N,"{""aggregation_method"": ""quarterly_mean"", ""source_derivation_types"": [""O"", ""O"", ""O""], ""source_months"": [""2023-M01"", ""2023-M02"", ""2023-M03""], ""source_observation_count"": 3, ""source_series_dimensions"": {""ACCESS_SHARING_LEVEL"": ""PUBLIC_OPEN"", ""COICOP_1999"": ""_T"", ""COMMON_REFERENCE_PERIOD"": ""2016/2017"", ""COUNTRY"": ""UGA"", ""FREQUENCY"": ""M"", ""IFS_FLAG"": ""true"", ""INDEX_TYPE"": ""CPI"", ""OVERLAP"": ""OL"", ""SCALE"": ""0"", ""SECURITY_CLASSIFICATION"": ""PUB"", ""TYPE_OF_TRANSFORMATION"": ""IX""}}"
UGA,cpi_index_all_items_quarterly_imf,2023-Q2,quarterly,127.13223486110034,\N,derived,IMF_CPI,IMF|ACCESS_SHARING_LEVEL=PUBLIC_OPEN|COICOP_1999=_T|COMMON_REFERENCE_PERIOD=2016/2017|FREQUENCY=M|IFS_FLAG=true|INDEX_TYPE=CPI|OVERLAP=OL|SCALE=0|SECURITY_CLASSIFICATION=PUB|TYPE_OF_TRANSFORMATION=IX|aggregation=quarterly_mean,\N,"{""aggregation_method"": ""quarterly_mean"", ""source_derivation_types"": [""O"", ""O"", ""O""], ""source_months"": [""2023-M04"", ""2023-M05"", ""2023-M06""], ""source_observation_count"": 3, ""source_series_dimensions"": {""ACCESS_SHARING_LEVEL"": ""PUBLIC_OPEN"", ""COICOP_1999"": ""_T"", ""COMMON_REFERENCE_PERIOD"": ""2016/2017"", ""COUNTRY"": ""UGA"", ""FREQUENCY"": ""M"", ""IFS_FLAG"": ""true"", ""INDEX_TYPE"": ""CPI"", ""OVERLAP"": ""OL"", ""SCALE"": ""0"", ""SECURITY_CLASSIFICATION"": ""PUB"", ""TYPE_OF_TRANSFORMATION"": ""IX""}}"
UGA,cpi_index_all_items_quarterly_imf,2023-Q3,quarterly,127.57557743287066,\N,derived,IMF_CPI,IMF|ACCESS_SHARING_LEVEL=PUBLIC_OPEN|COICOP_1999=_T|COMMON_REFERENCE_PERIOD=2016/2017|FREQUENCY=M|IFS_FLAG=true|INDEX_TYPE=CPI|OVERLAP=OL|SCALE=0|SECURITY_CLASSIFICATION=PUB|TYPE_OF_TRANSFORMATION=IX|aggregation=quarterly_mean,\N,"{""aggregation_method"": ""quarterly_mean"", ""source_derivation_types"": [""O"", ""O"", ""O""], ""source_months"": [""2023-M07"", ""2023-M08"", ""2023-M09""], ""source_observation_count"": 3, ""source_series_dimensions"": {""ACCESS_SHARING_LEVEL"": ""PUBLIC_OPEN"", ""COICOP_1999"": ""_T"", ""COMMON_REFERENCE_PERIOD"": ""2016/2017"", ""COUNTRY"": ""UGA"", ""FREQUENCY"": ""M"", ""IFS_FLAG"": ""true"", ""INDEX_TYPE"": ""CPI"", ""OVERLAP"": ""OL"", ""SCALE"": ""0"", ""SECURITY_CLASSIFICATION"": ""PUB"", ""TYPE_OF_TRANSFORMATION"": ""IX""}}"
UGA,cpi_index_all_items_quarterly_imf,2023-Q4,quarterly,129.45941211550965,\N,derived,IMF_CPI,IMF|ACCESS_SHARING_LEVEL=PUBLIC_OPEN|COICOP_1999=_T|COMMON_REFERENCE_PERIOD=2016/2017|FREQUENCY=M|IFS_FLAG=true|INDEX_TYPE=CPI|OVERLAP=OL|SCALE=0|SECURITY_CLASSIFICATION=PUB|TYPE_OF_TRANSFORMATION=IX|aggregation=quarterly_mean,\N,"{""aggregation_method"": ""quarterly_mean"", ""source_derivation_types"": [""O"", ""O"", ""O""], ""source_months"": [""2023-M10"", ""2023-M11"", ""2023-M12""], ""source_observation_count"": 3, ""source_series_dimensions"": {""ACCESS_SHARING_LEVEL"": ""PUBLIC_OPEN"", ""COICOP_1999"": ""_T"", ""COMMON_REFERENCE_PERIOD"": ""2016/2017"", ""COUNTRY"": ""UGA"", ""FREQUENCY"": ""M"", ""IFS_FLAG"": ""true"", ""INDEX_TYPE"": ""CPI"", ""OVERLAP"": ""OL"", ""SCALE"": ""0"", ""SECURITY_CLASSIFICATION"": ""PUB"", ""TYPE_OF_TRANSFORMATION"": ""IX""}}"
UKR,cpi_index_all_items_quarterly_imf,2023-Q1,quarterly,407.5,\N,derived,IMF_CPI,IMF|ACCESS_SHARING_LEVEL=PUBLIC_OPEN|COICOP_1999=_T|COMMON_REFERENCE_PERIOD=2010M12|FREQUENCY=M|IFS_FLAG=true|INDEX_TYPE=CPI|OVERLAP=OL|SCALE=0|SECURITY_CLASSIFICATION=PUB|TYPE_OF_TRANSFORMATION=IX|aggregation=quarterly_mean,\N,"{""aggregation_method"": ""quarterly_mean"", ""source_derivation_types"": [""O"", ""O"", ""O""], ""source_months"": [""2023-M01"", ""2023-M02"", ""2023-M03""], ""source_observation_count"": 3, ""source_series_dimensions"": {""ACCESS_SHARING_LEVEL"": ""PUBLIC_OPEN"", ""COICOP_1999"": ""_T"", ""COMMON_REFERENCE_PERIOD"": ""2010M12"", ""COUNTRY"": ""UKR"", ""FREQUENCY"": ""M"", ""IFS_FLAG"": ""true"", ""INDEX_TYPE"": ""CPI"", ""OVERLAP"": ""OL"", ""SCALE"": ""0"", ""SECURITY_CLASSIFICATION"": ""PUB"", ""TYPE_OF_TRANSFORMATION"": ""IX""}}"
UKR,cpi_index_all_items_quarterly_imf,2023-Q2,quarterly,415.8,\N,derived,IMF_CPI,IMF|ACCESS_SHARING_LEVEL=PUBLIC_OPEN|COICOP_1999=_T|COMMON_REFERENCE_PERIOD=2010M12|FREQUENCY=M|IFS_FLAG=true|INDEX_TYPE=CPI|OVERLAP=OL|SCALE=0|SECURITY_CLASSIFICATION=PUB|TYPE_OF_TRANSFORMATION=IX|aggregation=quarterly_mean,\N,"{""aggregation_method"": ""quarterly_mean"", ""source_derivation_types"": [""O"", ""O"", ""O""], ""source_months"": [""2023-M04"", ""2023-M05"", ""2023-M06""], ""source_observation_count"": 3, ""source_series_dimensions"": {""ACCESS_SHARING_LEVEL"": ""PUBLIC_OPEN"", ""COICOP_1999"": ""_T"", ""COMMON_REFERENCE_PERIOD"": ""2010M12"", ""COUNTRY"": ""UKR"", ""FREQUENCY"": ""M"", ""IFS_FLAG"": ""true"", ""INDEX_TYPE"": ""CPI"", ""OVERLAP"": ""OL"", ""SCALE"": ""0"", ""SECURITY_CLASSIFICATION"": ""PUB"", ""TYPE_OF_TRANSFORMATION"": ""IX""}}"
UKR,cpi_index_all_items_quarterly_imf,2023-Q3,quarterly,413.0,\N,derived,IMF_CPI,IMF|ACCESS_SHARING_LEVEL=PUBLIC_OPEN|COICOP_1999=_T|COMMON_REFERENCE_PERIOD=2010M12|FREQUENCY=M|IFS_FLAG=true|INDEX_TYPE=CPI|OVERLAP=OL|SCALE=0|SECURITY_CLASSIFICATION=PUB|TYPE_OF_TRANSFORMATION=IX|aggregation=quarterly_mean,\N,"{""aggregation_method"": ""quarterly_mean"", ""source_derivation_types"": [""O"", ""O"", ""O""], ""source_months"": [""2023-M07"", ""2023-M08"", ""2023-M09""], ""source_observation_count"": 3, ""source_series_dimensions"": {""ACCESS_SHARING_LEVEL"": ""PUBLIC_OPEN"", ""COICOP_1999"": ""_T"", ""COMMON_REFERENCE_PERIOD"": ""2010M12"", ""COUNTRY"": ""UKR"", ""FREQUENCY"": ""M"", ""IFS_FLAG"": ""true"", ""INDEX_TYPE"": ""CPI"", ""OVERLAP"": ""OL"", ""SCALE"": ""0"", ""SECURITY_CLASSIFICATION"": ""PUB"", ""TYPE_OF_TRANSFORMATION"": ""IX""}}"
UKR,cpi_index_all_items_quarterly_imf,2023-Q4,quarterly,418.06666666666666,\N,derived,IMF_CPI,IMF|ACCESS_SHARING_LEVEL=PUBLIC_OPEN|COICOP_1999=_T|COMMON_REFERENCE_PERIOD=2010M12|FREQUENCY=M|IFS_FLAG=true|INDEX_TYPE=CPI|OVERLAP=OL|SCALE=0|SECURITY_CLASSIFICATION=PUB|TYPE_OF_TRANSFORMATION=IX|aggregation=quarterly_mean,\N,"{""aggregation_method"": ""quarterly_mean"", ""source_derivation_types"": [""O"", ""O"", ""O""], ""source_months"": [""2023-M10"", ""2023-M11"", ""2023-M12""], ""source_observation_count"": 3, ""source_series_dimensions"": {""ACCESS_SHARING_LEVEL"": ""PUBLIC_OPEN"", ""COICOP_1999"": ""_T"", ""COMMON_REFERENCE_PERIOD"": ""2010M12"", ""COUNTRY"": ""UKR"", ""FREQUENCY"": ""M"", ""IFS_FLAG"": ""true"", ""INDEX_TYPE"": ""CPI"", ""OVERLAP"": ""OL"", ""SCALE"": ""0"", ""SECURITY_CLASSIFICATION"": ""PUB"", ""TYPE_OF_TRANSFORMATION"": ""IX""}}"
URY,cpi_index_all_items_quarterly_imf,2023-Q1,quarterly,101.99272772333332,\N,derived,IMF_CPI,IMF|ACCESS_SHARING_LEVEL=PUBLIC_OPEN|COICOP_1999=_T|COMMON_REFERENCE_PERIOD=2022M10|FREQUENCY=M|IFS_FLAG=true|INDEX_TYPE=CPI|OVERLAP=OL|SCALE=0|SECURITY_CLASSIFICATION=PUB|TYPE_OF_TRANSFORMATION=IX|aggregation=quarterly_mean,\N,"{""aggregation_method"": ""quarterly_mean"", ""source_derivation_types"": [""O"", ""O"", ""O""], ""source_months"": [""2023-M01"", ""2023-M02"", ""2023-M03""], ""source_observation_count"": 3, ""source_series_dimensions"": {""ACCESS_SHARING_LEVEL"": ""PUBLIC_OPEN"", ""COICOP_1999"": ""_T"", ""COMMON_REFERENCE_PERIOD"": ""2022M10"", ""COUNTRY"": ""URY"", ""FREQUENCY"": ""M"", ""IFS_FLAG"": ""true"", ""INDEX_TYPE"": ""CPI"", ""OVERLAP"": ""OL"", ""SCALE"": ""0"", ""SECURITY_CLASSIFICATION"": ""PUB"", ""TYPE_OF_TRANSFORMATION"": ""IX""}}"
URY,cpi_index_all_items_quarterly_imf,2023-Q2,quarterly,103.54644522666666,\N,derived,IMF_CPI,IMF|ACCESS_SHARING_LEVEL=PUBLIC_OPEN|COICOP_1999=_T|COMMON_REFERENCE_PERIOD=2022M10|FREQUENCY=M|IFS_FLAG=true|INDEX_TYPE=CPI|OVERLAP=OL|SCALE=0|SECURITY_CLASSIFICATION=PUB|TYPE_OF_TRANSFORMATION=IX|aggregation=quarterly_mean,\N,"{""aggregation_method"": ""quarterly_mean"", ""source_derivation_types"": [""O"", ""O"", ""O""], ""source_months"": [""2023-M04"", ""2023-M05"", ""2023-M06""], ""source_observation_count"": 3, ""source_series_dimensions"": {""ACCESS_SHARING_LEVEL"": ""PUBLIC_OPEN"", ""COICOP_1999"": ""_T"", ""COMMON_REFERENCE_PERIOD"": ""2022M10"", ""COUNTRY"": ""URY"", ""FREQUENCY"": ""M"", ""IFS_FLAG"": ""true"", ""INDEX_TYPE"": ""CPI"", ""OVERLAP"": ""OL"", ""SCALE"": ""0"", ""SECURITY_CLASSIFICATION"": ""PUB"", ""TYPE_OF_TRANSFORMATION"": ""IX""}}"
URY,cpi_index_all_items_quarterly_imf,2023-Q3,quarterly,103.17677920666667,\N,derived,IMF_CPI,IMF|ACCESS_SHARING_LEVEL=PUBLIC_OPEN|COICOP_1999=_T|COMMON_REFERENCE_PERIOD=2022M10|FREQUENCY=M|IFS_FLAG=true|INDEX_TYPE=CPI|OVERLAP=OL|SCALE=0|SECURITY_CLASSIFICATION=PUB|TYPE_OF_TRANSFORMATION=IX|aggregation=quarterly_mean,\N,"{""aggregation_method"": ""quarterly_mean"", ""source_derivation_types"": [""O"", ""O"", ""O""], ""source_months"": [""2023-M07"", ""2023-M08"", ""2023-M09""], ""source_observation_count"": 3, ""source_series_dimensions"": {""ACCESS_SHARING_LEVEL"": ""PUBLIC_OPEN"", ""COICOP_1999"": ""_T"", ""COMMON_REFERENCE_PERIOD"": ""2022M10"", ""COUNTRY"": ""URY"", ""FREQUENCY"": ""M"", ""IFS_FLAG"": ""true"", ""INDEX_TYPE"": ""CPI"", ""OVERLAP"": ""OL"", ""SCALE"": ""0"", ""SECURITY_CLASSIFICATION"": ""PUB"", ""TYPE_OF_TRANSFORMATION"": ""IX""}}"
URY,cpi_index_all_items_quarterly_imf,2023-Q4,quarterly,104.50508471666667,\N,derived,IMF_CPI,IMF|ACCESS_SHARING_LEVEL=PUBLIC_OPEN|COICOP_1999=_T|COMMON_REFERENCE_PERIOD=2022M10|FREQUENCY=M|IFS_FLAG=true|INDEX_TYPE=CPI|OVERLAP=OL|SCALE=0|SECURITY_CLASSIFICATION=PUB|TYPE_OF_TRANSFORMATION=IX|aggregation=quarterly_mean,\N,"{""aggregation_method"": ""quarterly_mean"", ""source_derivation_types"": [""O"", ""O"", ""O""], ""source_months"": [""2023-M10"", ""2023-M11"", ""2023-M12""], ""source_observation_count"": 3, ""source_series_dimensions"": {""ACCESS_SHARING_LEVEL"": ""PUBLIC_OPEN"", ""COICOP_1999"": ""_T"", ""COMMON_REFERENCE_PERIOD"": ""2022M10"", ""COUNTRY"": ""URY"", ""FREQUENCY"": ""M"", ""IFS_FLAG"": ""true"", ""INDEX_TYPE"": ""CPI"", ""OVERLAP"": ""OL"", ""SCALE"": ""0"", ""SECURITY_CLASSIFICATION"": ""PUB"", ""TYPE_OF_TRANSFORMATION"": ""IX""}}"
USA,cpi_index_all_items_quarterly_imf,2023-Q1,quarterly,137.86184404123415,\N,derived,IMF_CPI,IMF|ACCESS_SHARING_LEVEL=PUBLIC_OPEN|COICOP_1999=_T|COMMON_REFERENCE_PERIOD=2010A|FREQUENCY=M|IFS_FLAG=true|INDEX_TYPE=CPI|OVERLAP=OL|SCALE=0|SECURITY_CLASSIFICATION=PUB|TYPE_OF_TRANSFORMATION=IX|aggregation=quarterly_mean,\N,"{""aggregation_method"": ""quarterly_mean"", ""source_derivation_types"": [""O"", ""O"", ""O""], ""source_months"": [""2023-M01"", ""2023-M02"", ""2023-M03""], ""source_observation_count"": 3, ""source_series_dimensions"": {""ACCESS_SHARING_LEVEL"": ""PUBLIC_OPEN"", ""COICOP_1999"": ""_T"", ""COMMON_REFERENCE_PERIOD"": ""2010A"", ""COUNTRY"": ""USA"", ""FREQUENCY"": ""M"", ""IFS_FLAG"": ""true"", ""INDEX_TYPE"": ""CPI"", ""OVERLAP"": ""OL"", ""SCALE"": ""0"", ""SECURITY_CLASSIFICATION"": ""PUB"", ""TYPE_OF_TRANSFORMATION"": ""IX""}}"
USA,cpi_index_all_items_quarterly_imf,2023-Q2,quarterly,139.50561516066628,\N,derived,IMF_CPI,IMF|ACCESS_SHARING_LEVEL=PUBLIC_OPEN|COICOP_1999=_T|COMMON_REFERENCE_PERIOD=2010A|FREQUENCY=M|IFS_FLAG=true|INDEX_TYPE=CPI|OVERLAP=OL|SCALE=0|SECURITY_CLASSIFICATION=PUB|TYPE_OF_TRANSFORMATION=IX|aggregation=quarterly_mean,\N,"{""aggregation_method"": ""quarterly_mean"", ""source_derivation_types"": [""O"", ""O"", ""O""], ""source_months"": [""2023-M04"", ""2023-M05"", ""2023-M06""], ""source_observation_count"": 3, ""source_series_dimensions"": {""ACCESS_SHARING_LEVEL"": ""PUBLIC_OPEN"", ""COICOP_1999"": ""_T"", ""COMMON_REFERENCE_PERIOD"": ""2010A"", ""COUNTRY"": ""USA"", ""FREQUENCY"": ""M"", ""IFS_FLAG"": ""true"", ""INDEX_TYPE"": ""CPI"", ""OVERLAP"": ""OL"", ""SCALE"": ""0"", ""SECURITY_CLASSIFICATION"": ""PUB"", ""TYPE_OF_TRANSFORMATION"": ""IX""}}"
USA,cpi_index_all_items_quarterly_imf,2023-Q3,quarterly,140.71432884441495,\N,derived,IMF_CPI,IMF|ACCESS_SHARING_LEVEL=PUBLIC_OPEN|COICOP_1999=_T|COMMON_REFERENCE_PERIOD=2010A|FREQUENCY=M|IFS_FLAG=true|INDEX_TYPE=CPI|OVERLAP=OL|SCALE=0|SECURITY_CLASSIFICATION=PUB|TYPE_OF_TRANSFORMATION=IX|aggregation=quarterly_mean,\N,"{""aggregation_method"": ""quarterly_mean"", ""source_derivation_types"": [""O"", ""O"", ""O""], ""source_months"": [""2023-M07"", ""2023-M08"", ""2023-M09""], ""source_observation_count"": 3, ""source_series_dimensions"": {""ACCESS_SHARING_LEVEL"": ""PUBLIC_OPEN"", ""COICOP_1999"": ""_T"", ""COMMON_REFERENCE_PERIOD"": ""2010A"", ""COUNTRY"": ""USA"", ""FREQUENCY"": ""M"", ""IFS_FLAG"": ""true"", ""INDEX_TYPE"": ""CPI"", ""OVERLAP"": ""OL"", ""SCALE"": ""0"", ""SECURITY_CLASSIFICATION"": ""PUB"", ""TYPE_OF_TRANSFORMATION"": ""IX""}}"
USA,cpi_index_all_items_quarterly_imf,2023-Q4,quarterly,140.8613862067226,\N,derived,IMF_CPI,IMF|ACCESS_SHARING_LEVEL=PUBLIC_OPEN|COICOP_1999=_T|COMMON_REFERENCE_PERIOD=2010A|FREQUENCY=M|IFS_FLAG=true|INDEX_TYPE=CPI|OVERLAP=OL|SCALE=0|SECURITY_CLASSIFICATION=PUB|TYPE_OF_TRANSFORMATION=IX|aggregation=quarterly_mean,\N,"{""aggregation_method"": ""quarterly_mean"", ""source_derivation_types"": [""O"", ""O"", ""O""], ""source_months"": [""2023-M10"", ""2023-M11"", ""2023-M12""], ""source_observation_count"": 3, ""source_series_dimensions"": {""ACCESS_SHARING_LEVEL"": ""PUBLIC_OPEN"", ""COICOP_1999"": ""_T"", ""COMMON_REFERENCE_PERIOD"": ""2010A"", ""COUNTRY"": ""USA"", ""FREQUENCY"": ""M"", ""IFS_FLAG"": ""true"", ""INDEX_TYPE"": ""CPI"", ""OVERLAP"": ""OL"", ""SCALE"": ""0"", ""SECURITY_CLASSIFICATION"": ""PUB"", ""TYPE_OF_TRANSFORMATION"": ""IX""}}"
UZB,cpi_index_all_items_quarterly_imf,2023-Q1,quarterly,132.432951483977,\N,derived,IMF_CPI,IMF|ACCESS_SHARING_LEVEL=PUBLIC_OPEN|COICOP_1999=_T|COMMON_REFERENCE_PERIOD=2020A|FREQUENCY=M|IFS_FLAG=true|INDEX_TYPE=CPI|OVERLAP=OL|SCALE=0|SECURITY_CLASSIFICATION=PUB|TYPE_OF_TRANSFORMATION=IX|aggregation=quarterly_mean,\N,"{""aggregation_method"": ""quarterly_mean"", ""source_derivation_types"": [""O"", ""O"", ""O""], ""source_months"": [""2023-M01"", ""2023-M02"", ""2023-M03""], ""source_observation_count"": 3, ""source_series_dimensions"": {""ACCESS_SHARING_LEVEL"": ""PUBLIC_OPEN"", ""COICOP_1999"": ""_T"", ""COMMON_REFERENCE_PERIOD"": ""2020A"", ""COUNTRY"": ""UZB"", ""FREQUENCY"": ""M"", ""IFS_FLAG"": ""true"", ""INDEX_TYPE"": ""CPI"", ""OVERLAP"": ""OL"", ""SCALE"": ""0"", ""SECURITY_CLASSIFICATION"": ""PUB"", ""TYPE_OF_TRANSFORMATION"": ""IX""}}"
UZB,cpi_index_all_items_quarterly_imf,2023-Q2,quarterly,134.97763115672367,\N,derived,IMF_CPI,IMF|ACCESS_SHARING_LEVEL=PUBLIC_OPEN|COICOP_1999=_T|COMMON_REFERENCE_PERIOD=2020A|FREQUENCY=M|IFS_FLAG=true|INDEX_TYPE=CPI|OVERLAP=OL|SCALE=0|SECURITY_CLASSIFICATION=PUB|TYPE_OF_TRANSFORMATION=IX|aggregation=quarterly_mean,\N,"{""aggregation_method"": ""quarterly_mean"", ""source_derivation_types"": [""O"", ""O"", ""O""], ""source_months"": [""2023-M04"", ""2023-M05"", ""2023-M06""], ""source_observation_count"": 3, ""source_series_dimensions"": {""ACCESS_SHARING_LEVEL"": ""PUBLIC_OPEN"", ""COICOP_1999"": ""_T"", ""COMMON_REFERENCE_PERIOD"": ""2020A"", ""COUNTRY"": ""UZB"", ""FREQUENCY"": ""M"", ""IFS_FLAG"": ""true"", ""INDEX_TYPE"": ""CPI"", ""OVERLAP"": ""OL"", ""SCALE"": ""0"", ""SECURITY_CLASSIFICATION"": ""PUB"", ""TYPE_OF_TRANSFORMATION"": ""IX""}}"
UZB,cpi_index_all_items_quarterly_imf,2023-Q3,quarterly,135.76489937121266,\N,derived,IMF_CPI,IMF|ACCESS_SHARING_LEVEL=PUBLIC_OPEN|COICOP_1999=_T|COMMON_REFERENCE_PERIOD=2020A|FREQUENCY=M|IFS_FLAG=true|INDEX_TYPE=CPI|OVERLAP=OL|SCALE=0|SECURITY_CLASSIFICATION=PUB|TYPE_OF_TRANSFORMATION=IX|aggregation=quarterly_mean,\N,"{""aggregation_method"": ""quarterly_mean"", ""source_derivation_types"": [""O"", ""O"", ""O""], ""source_months"": [""2023-M07"", ""2023-M08"", ""2023-M09""], ""source_observation_count"": 3, ""source_series_dimensions"": {""ACCESS_SHARING_LEVEL"": ""PUBLIC_OPEN"", ""COICOP_1999"": ""_T"", ""COMMON_REFERENCE_PERIOD"": ""2020A"", ""COUNTRY"": ""UZB"", ""FREQUENCY"": ""M"", ""IFS_FLAG"": ""true"", ""INDEX_TYPE"": ""CPI"", ""OVERLAP"": ""OL"", ""SCALE"": ""0"", ""SECURITY_CLASSIFICATION"": ""PUB"", ""TYPE_OF_TRANSFORMATION"": ""IX""}}"
UZB,cpi_index_all_items_quarterly_imf,2023-Q4,quarterly,140.17614253170333,\N,derived,IMF_CPI,IMF|ACCESS_SHARING_LEVEL=PUBLIC_OPEN|COICOP_1999=_T|COMMON_REFERENCE_PERIOD=2020A|FREQUENCY=M|IFS_FLAG=true|INDEX_TYPE=CPI|OVERLAP=OL|SCALE=0|SECURITY_CLASSIFICATION=PUB|TYPE_OF_TRANSFORMATION=IX|aggregation=quarterly_mean,\N,"{""aggregation_method"": ""quarterly_mean"", ""source_derivation_types"": [""O"", ""O"", ""O""], ""source_months"": [""2023-M10"", ""2023-M11"", ""2023-M12""], ""source_observation_count"": 3, ""source_series_dimensions"": {""ACCESS_SHARING_LEVEL"": ""PUBLIC_OPEN"", ""COICOP_1999"": ""_T"", ""COMMON_REFERENCE_PERIOD"": ""2020A"", ""COUNTRY"": ""UZB"", ""FREQUENCY"": ""M"", ""IFS_FLAG"": ""true"", ""INDEX_TYPE"": ""CPI"", ""OVERLAP"": ""OL"", ""SCALE"": ""0"", ""SECURITY_CLASSIFICATION"": ""PUB"", ""TYPE_OF_TRANSFORMATION"": ""IX""}}"
VCT,cpi_index_all_items_quarterly_imf,2023-Q1,quarterly,121.56666666666666,\N,derived,IMF_CPI,IMF|ACCESS_SHARING_LEVEL=PUBLIC_OPEN|COICOP_1999=_T|COMMON_REFERENCE_PERIOD=2010M1|FREQUENCY=M|IFS_FLAG=true|INDEX_TYPE=CPI|OVERLAP=OL|SCALE=0|SECURITY_CLASSIFICATION=PUB|TYPE_OF_TRANSFORMATION=IX|aggregation=quarterly_mean,\N,"{""aggregation_method"": ""quarterly_mean"", ""source_derivation_types"": [""O"", ""O"", ""O""], ""source_months"": [""2023-M01"", ""2023-M02"", ""2023-M03""], ""source_observation_count"": 3, ""source_series_dimensions"": {""ACCESS_SHARING_LEVEL"": ""PUBLIC_OPEN"", ""COICOP_1999"": ""_T"", ""COMMON_REFERENCE_PERIOD"": ""2010M1"", ""COUNTRY"": ""VCT"", ""FREQUENCY"": ""M"", ""IFS_FLAG"": ""true"", ""INDEX_TYPE"": ""CPI"", ""OVERLAP"": ""OL"", ""SCALE"": ""0"", ""SECURITY_CLASSIFICATION"": ""PUB"", ""TYPE_OF_TRANSFORMATION"": ""IX""}}"
VCT,cpi_index_all_items_quarterly_imf,2023-Q2,quarterly,123.86666666666667,\N,derived,IMF_CPI,IMF|ACCESS_SHARING_LEVEL=PUBLIC_OPEN|COICOP_1999=_T|COMMON_REFERENCE_PERIOD=2010M1|FREQUENCY=M|IFS_FLAG=true|INDEX_TYPE=CPI|OVERLAP=OL|SCALE=0|SECURITY_CLASSIFICATION=PUB|TYPE_OF_TRANSFORMATION=IX|aggregation=quarterly_mean,\N,"{""aggregation_method"": ""quarterly_mean"", ""source_derivation_types"": [""O"", ""O"", ""O""], ""source_months"": [""2023-M04"", ""2023-M05"", ""2023-M06""], ""source_observation_count"": 3, ""source_series_dimensions"": {""ACCESS_SHARING_LEVEL"": ""PUBLIC_OPEN"", ""COICOP_1999"": ""_T"", ""COMMON_REFERENCE_PERIOD"": ""2010M1"", ""COUNTRY"": ""VCT"", ""FREQUENCY"": ""M"", ""IFS_FLAG"": ""true"", ""INDEX_TYPE"": ""CPI"", ""OVERLAP"": ""OL"", ""SCALE"": ""0"", ""SECURITY_CLASSIFICATION"": ""PUB"", ""TYPE_OF_TRANSFORMATION"": ""IX""}}"
VCT,cpi_index_all_items_quarterly_imf,2023-Q3,quarterly,125.26666666666667,\N,derived,IMF_CPI,IMF|ACCESS_SHARING_LEVEL=PUBLIC_OPEN|COICOP_1999=_T|COMMON_REFERENCE_PERIOD=2010M1|FREQUENCY=M|IFS_FLAG=true|INDEX_TYPE=CPI|OVERLAP=OL|SCALE=0|SECURITY_CLASSIFICATION=PUB|TYPE_OF_TRANSFORMATION=IX|aggregation=quarterly_mean,\N,"{""aggregation_method"": ""quarterly_mean"", ""source_derivation_types"": [""O"", ""O"", ""O""], ""source_months"": [""2023-M07"", ""2023-M08"", ""2023-M09""], ""source_observation_count"": 3, ""source_series_dimensions"": {""ACCESS_SHARING_LEVEL"": ""PUBLIC_OPEN"", ""COICOP_1999"": ""_T"", ""COMMON_REFERENCE_PERIOD"": ""2010M1"", ""COUNTRY"": ""VCT"", ""FREQUENCY"": ""M"", ""IFS_FLAG"": ""true"", ""INDEX_TYPE"": ""CPI"", ""OVERLAP"": ""OL"", ""SCALE"": ""0"", ""SECURITY_CLASSIFICATION"": ""PUB"", ""TYPE_OF_TRANSFORMATION"": ""IX""}}"
VCT,cpi_index_all_items_quarterly_imf,2023-Q4,quarterly,126.39999999999999,\N,derived,IMF_CPI,IMF|ACCESS_SHARING_LEVEL=PUBLIC_OPEN|COICOP_1999=_T|COMMON_REFERENCE_PERIOD=2010M1|FREQUENCY=M|IFS_FLAG=true|INDEX_TYPE=CPI|OVERLAP=OL|SCALE=0|SECURITY_CLASSIFICATION=PUB|TYPE_OF_TRANSFORMATION=IX|aggregation=quarterly_mean,\N,"{""aggregation_method"": ""quarterly_mean"", ""source_derivation_types"": [""O"", ""O"", ""O""], ""source_months"": [""2023-M10"", ""2023-M11"", ""2023-M12""], ""source_observation_count"": 3, ""source_series_dimensions"": {""ACCESS_SHARING_LEVEL"": ""PUBLIC_OPEN"", ""COICOP_1999"": ""_T"", ""COMMON_REFERENCE_PERIOD"": ""2010M1"", ""COUNTRY"": ""VCT"", ""FREQUENCY"": ""M"", ""IFS_FLAG"": ""true"", ""INDEX_TYPE"": ""CPI"", ""OVERLAP"": ""OL"", ""SCALE"": ""0"", ""SECURITY_CLASSIFICATION"": ""PUB"", ""TYPE_OF_TRANSFORMATION"": ""IX""}}"
VNM,cpi_index_all_items_quarterly_imf,2023-Q1,quarterly,95.20685283835489,\N,derived,IMF_CPI,IMF|ACCESS_SHARING_LEVEL=PUBLIC_OPEN|COICOP_1999=_T|COMMON_REFERENCE_PERIOD=2024A|FREQUENCY=M|IFS_FLAG=true|INDEX_TYPE=CPI|OVERLAP=OL|SCALE=0|SECURITY_CLASSIFICATION=PUB|TYPE_OF_TRANSFORMATION=IX|aggregation=quarterly_mean,\N,"{""aggregation_method"": ""quarterly_mean"", ""source_derivation_types"": [""O"", ""O"", ""O""], ""source_months"": [""2023-M01"", ""2023-M02"", ""2023-M03""], ""source_observation_count"": 3, ""source_series_dimensions"": {""ACCESS_SHARING_LEVEL"": ""PUBLIC_OPEN"", ""COICOP_1999"": ""_T"", ""COMMON_REFERENCE_PERIOD"": ""2024A"", ""COUNTRY"": ""VNM"", ""FREQUENCY"": ""M"", ""IFS_FLAG"": ""true"", ""INDEX_TYPE"": ""CPI"", ""OVERLAP"": ""OL"", ""SCALE"": ""0"", ""SECURITY_CLASSIFICATION"": ""PUB"", ""TYPE_OF_TRANSFORMATION"": ""IX""}}"
VNM,cpi_index_all_items_quarterly_imf,2023-Q2,quarterly,94.96853353883814,\N,derived,IMF_CPI,IMF|ACCESS_SHARING_LEVEL=PUBLIC_OPEN|COICOP_1999=_T|COMMON_REFERENCE_PERIOD=2024A|FREQUENCY=M|IFS_FLAG=true|INDEX_TYPE=CPI|OVERLAP=OL|SCALE=0|SECURITY_CLASSIFICATION=PUB|TYPE_OF_TRANSFORMATION=IX|aggregation=quarterly_mean,\N,"{""aggregation_method"": ""quarterly_mean"", ""source_derivation_types"": [""O"", ""O"", ""O""], ""source_months"": [""2023-M04"", ""2023-M05"", ""2023-M06""], ""source_observation_count"": 3, ""source_series_dimensions"": {""ACCESS_SHARING_LEVEL"": ""PUBLIC_OPEN"", ""COICOP_1999"": ""_T"", ""COMMON_REFERENCE_PERIOD"": ""2024A"", ""COUNTRY"": ""VNM"", ""FREQUENCY"": ""M"", ""IFS_FLAG"": ""true"", ""INDEX_TYPE"": ""CPI"", ""OVERLAP"": ""OL"", ""SCALE"": ""0"", ""SECURITY_CLASSIFICATION"": ""PUB"", ""TYPE_OF_TRANSFORMATION"": ""IX""}}"
VNM,cpi_index_all_items_quarterly_imf,2023-Q3,quarterly,96.48120884775517,\N,derived,IMF_CPI,IMF|ACCESS_SHARING_LEVEL=PUBLIC_OPEN|COICOP_1999=_T|COMMON_REFERENCE_PERIOD=2024A|FREQUENCY=M|IFS_FLAG=true|INDEX_TYPE=CPI|OVERLAP=OL|SCALE=0|SECURITY_CLASSIFICATION=PUB|TYPE_OF_TRANSFORMATION=IX|aggregation=quarterly_mean,\N,"{""aggregation_method"": ""quarterly_mean"", ""source_derivation_types"": [""O"", ""O"", ""O""], ""source_months"": [""2023-M07"", ""2023-M08"", ""2023-M09""], ""source_observation_count"": 3, ""source_series_dimensions"": {""ACCESS_SHARING_LEVEL"": ""PUBLIC_OPEN"", ""COICOP_1999"": ""_T"", ""COMMON_REFERENCE_PERIOD"": ""2024A"", ""COUNTRY"": ""VNM"", ""FREQUENCY"": ""M"", ""IFS_FLAG"": ""true"", ""INDEX_TYPE"": ""CPI"", ""OVERLAP"": ""OL"", ""SCALE"": ""0"", ""SECURITY_CLASSIFICATION"": ""PUB"", ""TYPE_OF_TRANSFORMATION"": ""IX""}}"
VNM,cpi_index_all_items_quarterly_imf,2023-Q4,quarterly,97.7354648593191,\N,derived,IMF_CPI,IMF|ACCESS_SHARING_LEVEL=PUBLIC_OPEN|COICOP_1999=_T|COMMON_REFERENCE_PERIOD=2024A|FREQUENCY=M|IFS_FLAG=true|INDEX_TYPE=CPI|OVERLAP=OL|SCALE=0|SECURITY_CLASSIFICATION=PUB|TYPE_OF_TRANSFORMATION=IX|aggregation=quarterly_mean,\N,"{""aggregation_method"": ""quarterly_mean"", ""source_derivation_types"": [""O"", ""O"", ""O""], ""source_months"": [""2023-M10"", ""2023-M11"", ""2023-M12""], ""source_observation_count"": 3, ""source_series_dimensions"": {""ACCESS_SHARING_LEVEL"": ""PUBLIC_OPEN"", ""COICOP_1999"": ""_T"", ""COMMON_REFERENCE_PERIOD"": ""2024A"", ""COUNTRY"": ""VNM"", ""FREQUENCY"": ""M"", ""IFS_FLAG"": ""true"", ""INDEX_TYPE"": ""CPI"", ""OVERLAP"": ""OL"", ""SCALE"": ""0"", ""SECURITY_CLASSIFICATION"": ""PUB"", ""TYPE_OF_TRANSFORMATION"": ""IX""}}"
WSM,cpi_index_all_items_quarterly_imf,2023-Q1,quarterly,128.98222500928617,\N,derived,IMF_CPI,IMF|ACCESS_SHARING_LEVEL=PUBLIC_OPEN|COICOP_1999=_T|COMMON_REFERENCE_PERIOD=2016M02|FREQUENCY=M|IFS_FLAG=true|INDEX_TYPE=CPI|OVERLAP=OL|SCALE=0|SECURITY_CLASSIFICATION=PUB|TYPE_OF_TRANSFORMATION=IX|aggregation=quarterly_mean,\N,"{""aggregation_method"": ""quarterly_mean"", ""source_derivation_types"": [""O"", ""O"", ""O""], ""source_months"": [""2023-M01"", ""2023-M02"", ""2023-M03""], ""source_observation_count"": 3, ""source_series_dimensions"": {""ACCESS_SHARING_LEVEL"": ""PUBLIC_OPEN"", ""COICOP_1999"": ""_T"", ""COMMON_REFERENCE_PERIOD"": ""2016M02"", ""COUNTRY"": ""WSM"", ""FREQUENCY"": ""M"", ""IFS_FLAG"": ""true"", ""INDEX_TYPE"": ""CPI"", ""OVERLAP"": ""OL"", ""SCALE"": ""0"", ""SECURITY_CLASSIFICATION"": ""PUB"", ""TYPE_OF_TRANSFORMATION"": ""IX""}}"
WSM,cpi_index_all_items_quarterly_imf,2023-Q2,quarterly,132.4219203204266,\N,derived,IMF_CPI,IMF|ACCESS_SHARING_LEVEL=PUBLIC_OPEN|COICOP_1999=_T|COMMON_REFERENCE_PERIOD=2016M02|FREQUENCY=M|IFS_FLAG=true|INDEX_TYPE=CPI|OVERLAP=OL|SCALE=0|SECURITY_CLASSIFICATION=PUB|TYPE_OF_TRANSFORMATION=IX|aggregation=quarterly_mean,\N,"{""aggregation_method"": ""quarterly_mean"", ""source_derivation_types"": [""O"", ""O"", ""O""], ""source_months"": [""2023-M04"", ""2023-M05"", ""2023-M06""], ""source_observation_count"": 3, ""source_series_dimensions"": {""ACCESS_SHARING_LEVEL"": ""PUBLIC_OPEN"", ""COICOP_1999"": ""_T"", ""COMMON_REFERENCE_PERIOD"": ""2016M02"", ""COUNTRY"": ""WSM"", ""FREQUENCY"": ""M"", ""IFS_FLAG"": ""true"", ""INDEX_TYPE"": ""CPI"", ""OVERLAP"": ""OL"", ""SCALE"": ""0"", ""SECURITY_CLASSIFICATION"": ""PUB"", ""TYPE_OF_TRANSFORMATION"": ""IX""}}"
WSM,cpi_index_all_items_quarterly_imf,2023-Q3,quarterly,132.8207838311705,\N,derived,IMF_CPI,IMF|ACCESS_SHARING_LEVEL=PUBLIC_OPEN|COICOP_1999=_T|COMMON_REFERENCE_PERIOD=2016M02|FREQUENCY=M|IFS_FLAG=true|INDEX_TYPE=CPI|OVERLAP=OL|SCALE=0|SECURITY_CLASSIFICATION=PUB|TYPE_OF_TRANSFORMATION=IX|aggregation=quarterly_mean,\N,"{""aggregation_method"": ""quarterly_mean"", ""source_derivation_types"": [""O"", ""O"", ""O""], ""source_months"": [""2023-M07"", ""2023-M08"", ""2023-M09""], ""source_observation_count"": 3, ""source_series_dimensions"": {""ACCESS_SHARING_LEVEL"": ""PUBLIC_OPEN"", ""COICOP_1999"": ""_T"", ""COMMON_REFERENCE_PERIOD"": ""2016M02"", ""COUNTRY"": ""WSM"", ""FREQUENCY"": ""M"", ""IFS_FLAG"": ""true"", ""INDEX_TYPE"": ""CPI"", ""OVERLAP"": ""OL"", ""SCALE"": ""0"", ""SECURITY_CLASSIFICATION"": ""PUB"", ""TYPE_OF_TRANSFORMATION"": ""IX""}}"
WSM,cpi_index_all_items_quarterly_imf,2023-Q4,quarterly,132.24755806343842,\N,derived,IMF_CPI,IMF|ACCESS_SHARING_LEVEL=PUBLIC_OPEN|COICOP_1999=_T|COMMON_REFERENCE_PERIOD=2016M02|FREQUENCY=M|IFS_FLAG=true|INDEX_TYPE=CPI|OVERLAP=OL|SCALE=0|SECURITY_CLASSIFICATION=PUB|TYPE_OF_TRANSFORMATION=IX|aggregation=quarterly_mean,\N,"{""aggregation_method"": ""quarterly_mean"", ""source_derivation_types"": [""O"", ""O"", ""O""], ""source_months"": [""2023-M10"", ""2023-M11"", ""2023-M12""], ""source_observation_count"": 3, ""source_series_dimensions"": {""ACCESS_SHARING_LEVEL"": ""PUBLIC_OPEN"", ""COICOP_1999"": ""_T"", ""COMMON_REFERENCE_PERIOD"": ""2016M02"", ""COUNTRY"": ""WSM"", ""FREQUENCY"": ""M"", ""IFS_FLAG"": ""true"", ""INDEX_TYPE"": ""CPI"", ""OVERLAP"": ""OL"", ""SCALE"": ""0"", ""SECURITY_CLASSIFICATION"": ""PUB"", ""TYPE_OF_TRANSFORMATION"": ""IX""}}"
ZAF,cpi_index_all_items_quarterly_imf,2023-Q1,quarterly,93.06666666666668,\N,derived,IMF_CPI,IMF|ACCESS_SHARING_LEVEL=PUBLIC_OPEN|COICOP_1999=_T|COMMON_REFERENCE_PERIOD=2024M12|FREQUENCY=M|IFS_FLAG=true|INDEX_TYPE=CPI|OVERLAP=OL|SCALE=0|SECURITY_CLASSIFICATION=PUB|TYPE_OF_TRANSFORMATION=IX|aggregation=quarterly_mean,\N,"{""aggregation_method"": ""quarterly_mean"", ""source_derivation_types"": [""O"", ""O"", ""O""], ""source_months"": [""2023-M01"", ""2023-M02"", ""2023-M03""], ""source_observation_count"": 3, ""source_series_dimensions"": {""ACCESS_SHARING_LEVEL"": ""PUBLIC_OPEN"", ""COICOP_1999"": ""_T"", ""COMMON_REFERENCE_PERIOD"": ""2024M12"", ""COUNTRY"": ""ZAF"", ""FREQUENCY"": ""M"", ""IFS_FLAG"": ""true"", ""INDEX_TYPE"": ""CPI"", ""OVERLAP"": ""OL"", ""SCALE"": ""0"", ""SECURITY_CLASSIFICATION"": ""PUB"", ""TYPE_OF_TRANSFORMATION"": ""IX""}}"
ZAF,cpi_index_all_items_quarterly_imf,2023-Q2,quarterly,94.5,\N,derived,IMF_CPI,IMF|ACCESS_SHARING_LEVEL=PUBLIC_OPEN|COICOP_1999=_T|COMMON_REFERENCE_PERIOD=2024M12|FREQUENCY=M|IFS_FLAG=true|INDEX_TYPE=CPI|OVERLAP=OL|SCALE=0|SECURITY_CLASSIFICATION=PUB|TYPE_OF_TRANSFORMATION=IX|aggregation=quarterly_mean,\N,"{""aggregation_method"": ""quarterly_mean"", ""source_derivation_types"": [""O"", ""O"", ""O""], ""source_months"": [""2023-M04"", ""2023-M05"", ""2023-M06""], ""source_observation_count"": 3, ""source_series_dimensions"": {""ACCESS_SHARING_LEVEL"": ""PUBLIC_OPEN"", ""COICOP_1999"": ""_T"", ""COMMON_REFERENCE_PERIOD"": ""2024M12"", ""COUNTRY"": ""ZAF"", ""FREQUENCY"": ""M"", ""IFS_FLAG"": ""true"", ""INDEX_TYPE"": ""CPI"", ""OVERLAP"": ""OL"", ""SCALE"": ""0"", ""SECURITY_CLASSIFICATION"": ""PUB"", ""TYPE_OF_TRANSFORMATION"": ""IX""}}"
ZAF,cpi_index_all_items_quarterly_imf,2023-Q3,quarterly,95.83333333333333,\N,derived,IMF_CPI,IMF|ACCESS_SHARING_LEVEL=PUBLIC_OPEN|COICOP_1999=_T|COMMON_REFERENCE_PERIOD=2024M12|FREQUENCY=M|IFS_FLAG=true|INDEX_TYPE=CPI|OVERLAP=OL|SCALE=0|SECURITY_CLASSIFICATION=PUB|TYPE_OF_TRANSFORMATION=IX|aggregation=quarterly_mean,\N,"{""aggregation_method"": ""quarterly_mean"", ""source_derivation_types"": [""O"", ""O"", ""O""], ""source_months"": [""2023-M07"", ""2023-M08"", ""2023-M09""], ""source_observation_count"": 3, ""source_series_dimensions"": {""ACCESS_SHARING_LEVEL"": ""PUBLIC_OPEN"", ""COICOP_1999"": ""_T"", ""COMMON_REFERENCE_PERIOD"": ""2024M12"", ""COUNTRY"": ""ZAF"", ""FREQUENCY"": ""M"", ""IFS_FLAG"": ""true"", ""INDEX_TYPE"": ""CPI"", ""OVERLAP"": ""OL"", ""SCALE"": ""0"", ""SECURITY_CLASSIFICATION"": ""PUB"", ""TYPE_OF_TRANSFORMATION"": ""IX""}}"
ZAF,cpi_index_all_items_quarterly_imf,2023-Q4,quarterly,97.23333333333333,\N,derived,IMF_CPI,IMF|ACCESS_SHARING_LEVEL=PUBLIC_OPEN|COICOP_1999=_T|COMMON_REFERENCE_PERIOD=2024M12|FREQUENCY=M|IFS_FLAG=true|INDEX_TYPE=CPI|OVERLAP=OL|SCALE=0|SECURITY_CLASSIFICATION=PUB|TYPE_OF_TRANSFORMATION=IX|aggregation=quarterly_mean,\N,"{""aggregation_method"": ""quarterly_mean"", ""source_derivation_types"": [""O"", ""O"", ""O""], ""source_months"": [""2023-M10"", ""2023-M11"", ""2023-M12""], ""source_observation_count"": 3, ""source_series_dimensions"": {""ACCESS_SHARING_LEVEL"": ""PUBLIC_OPEN"", ""COICOP_1999"": ""_T"", ""COMMON_REFERENCE_PERIOD"": ""2024M12"", ""COUNTRY"": ""ZAF"", ""FREQUENCY"": ""M"", ""IFS_FLAG"": ""true"", ""INDEX_TYPE"": ""CPI"", ""OVERLAP"": ""OL"", ""SCALE"": ""0"", ""SECURITY_CLASSIFICATION"": ""PUB"", ""TYPE_OF_TRANSFORMATION"": ""IX""}}"
ZMB,cpi_index_all_items_quarterly_imf,2023-Q1,quarterly,383.4866666666667,\N,derived,IMF_CPI,IMF|ACCESS_SHARING_LEVEL=PUBLIC_OPEN|COICOP_1999=_T|COMMON_REFERENCE_PERIOD=2009A|FREQUENCY=M|IFS_FLAG=true|INDEX_TYPE=CPI|OVERLAP=OL|SCALE=0|SECURITY_CLASSIFICATION=PUB|TYPE_OF_TRANSFORMATION=IX|aggregation=quarterly_mean,\N,"{""aggregation_method"": ""quarterly_mean"", ""source_derivation_types"": [""O"", ""O"", ""O""], ""source_months"": [""2023-M01"", ""2023-M02"", ""2023-M03""], ""source_observation_count"": 3, ""source_series_dimensions"": {""ACCESS_SHARING_LEVEL"": ""PUBLIC_OPEN"", ""COICOP_1999"": ""_T"", ""COMMON_REFERENCE_PERIOD"": ""2009A"", ""COUNTRY"": ""ZMB"", ""FREQUENCY"": ""M"", ""IFS_FLAG"": ""true"", ""INDEX_TYPE"": ""CPI"", ""OVERLAP"": ""OL"", ""SCALE"": ""0"", ""SECURITY_CLASSIFICATION"": ""PUB"", ""TYPE_OF_TRANSFORMATION"": ""IX""}}"
ZMB,cpi_index_all_items_quarterly_imf,2023-Q2,quarterly,394.8233333333333,\N,derived,IMF_CPI,IMF|ACCESS_SHARING_LEVEL=PUBLIC_OPEN|COICOP_1999=_T|COMMON_REFERENCE_PERIOD=2009A|FREQUENCY=M|IFS_FLAG=true|INDEX_TYPE=CPI|OVERLAP=OL|SCALE=0|SECURITY_CLASSIFICATION=PUB|TYPE_OF_TRANSFORMATION=IX|aggregation=quarterly_mean,\N,"{""aggregation_method"": ""quarterly_mean"", ""source_derivation_types"": [""O"", ""O"", ""O""], ""source_months"": [""2023-M04"", ""2023-M05"", ""2023-M06""], ""source_observation_count"": 3, ""source_series_dimensions"": {""ACCESS_SHARING_LEVEL"": ""PUBLIC_OPEN"", ""COICOP_1999"": ""_T"", ""COMMON_REFERENCE_PERIOD"": ""2009A"", ""COUNTRY"": ""ZMB"", ""FREQUENCY"": ""M"", ""IFS_FLAG"": ""true"", ""INDEX_TYPE"": ""CPI"", ""OVERLAP"": ""OL"", ""SCALE"": ""0"", ""SECURITY_CLASSIFICATION"": ""PUB"", ""TYPE_OF_TRANSFORMATION"": ""IX""}}"
ZMB,cpi_index_all_items_quarterly_imf,2023-Q3,quarterly,404.27333333333337,\N,derived,IMF_CPI,IMF|ACCESS_SHARING_LEVEL=PUBLIC_OPEN|COICOP_1999=_T|COMMON_REFERENCE_PERIOD=2009A|FREQUENCY=M|IFS_FLAG=true|INDEX_TYPE=CPI|OVERLAP=OL|SCALE=0|SECURITY_CLASSIFICATION=PUB|TYPE_OF_TRANSFORMATION=IX|aggregation=quarterly_mean,\N,"{""aggregation_method"": ""quarterly_mean"", ""source_derivation_types"": [""O"", ""O"", ""O""], ""source_months"": [""2023-M07"", ""2023-M08"", ""2023-M09""], ""source_observation_count"": 3, ""source_series_dimensions"": {""ACCESS_SHARING_LEVEL"": ""PUBLIC_OPEN"", ""COICOP_1999"": ""_T"", ""COMMON_REFERENCE_PERIOD"": ""2009A"", ""COUNTRY"": ""ZMB"", ""FREQUENCY"": ""M"", ""IFS_FLAG"": ""true"", ""INDEX_TYPE"": ""CPI"", ""OVERLAP"": ""OL"", ""SCALE"": ""0"", ""SECURITY_CLASSIFICATION"": ""PUB"", ""TYPE_OF_TRANSFORMATION"": ""IX""}}"
ZMB,cpi_index_all_items_quarterly_imf,2023-Q4,quarterly,414.08,\N,derived,IMF_CPI,IMF|ACCESS_SHARING_LEVEL=PUBLIC_OPEN|COICOP_1999=_T|COMMON_REFERENCE_PERIOD=2009A|FREQUENCY=M|IFS_FLAG=true|INDEX_TYPE=CPI|OVERLAP=OL|SCALE=0|SECURITY_CLASSIFICATION=PUB|TYPE_OF_TRANSFORMATION=IX|aggregation=quarterly_mean,\N,"{""aggregation_method"": ""quarterly_mean"", ""source_derivation_types"": [""O"", ""O"", ""O""], ""source_months"": [""2023-M10"", ""2023-M11"", ""2023-M12""], ""source_observation_count"": 3, ""source_series_dimensions"": {""ACCESS_SHARING_LEVEL"": ""PUBLIC_OPEN"", ""COICOP_1999"": ""_T"", ""COMMON_REFERENCE_PERIOD"": ""2009A"", ""COUNTRY"": ""ZMB"", ""FREQUENCY"": ""M"", ""IFS_FLAG"": ""true"", ""INDEX_TYPE"": ""CPI"", ""OVERLAP"": ""OL"", ""SCALE"": ""0"", ""SECURITY_CLASSIFICATION"": ""PUB"", ""TYPE_OF_TRANSFORMATION"": ""IX""}}"
ZWE,cpi_index_all_items_quarterly_imf,2023-Q1,quarterly,275.26301016229365,\N,derived,IMF_CPI,IMF|ACCESS_SHARING_LEVEL=PUBLIC_OPEN|COICOP_1999=_T|COMMON_REFERENCE_PERIOD=2020M7|FREQUENCY=M|IFS_FLAG=true|INDEX_TYPE=CPI|OVERLAP=OL|SCALE=0|SECURITY_CLASSIFICATION=PUB|TYPE_OF_TRANSFORMATION=IX|aggregation=quarterly_mean,\N,"{""aggregation_method"": ""quarterly_mean"", ""source_derivation_types"": [""O"", ""O"", ""O""], ""source_months"": [""2023-M01"", ""2023-M02"", ""2023-M03""], ""source_observation_count"": 3, ""source_series_dimensions"": {""ACCESS_SHARING_LEVEL"": ""PUBLIC_OPEN"", ""COICOP_1999"": ""_T"", ""COMMON_REFERENCE_PERIOD"": ""2020M7"", ""COUNTRY"": ""ZWE"", ""FREQUENCY"": ""M"", ""IFS_FLAG"": ""true"", ""INDEX_TYPE"": ""CPI"", ""OVERLAP"": ""OL"", ""SCALE"": ""0"", ""SECURITY_CLASSIFICATION"": ""PUB"", ""TYPE_OF_TRANSFORMATION"": ""IX""}}"
ZWE,cpi_index_all_items_quarterly_imf,2023-Q2,quarterly,390.4911301928353,\N,derived,IMF_CPI,IMF|ACCESS_SHARING_LEVEL=PUBLIC_OPEN|COICOP_1999=_T|COMMON_REFERENCE_PERIOD=2020M7|FREQUENCY=M|IFS_FLAG=true|INDEX_TYPE=CPI|OVERLAP=OL|SCALE=0|SECURITY_CLASSIFICATION=PUB|TYPE_OF_TRANSFORMATION=IX|aggregation=quarterly_mean,\N,"{""aggregation_method"": ""quarterly_mean"", ""source_derivation_types"": [""O"", ""O"", ""O""], ""source_months"": [""2023-M04"", ""2023-M05"", ""2023-M06""], ""source_observation_count"": 3, ""source_series_dimensions"": {""ACCESS_SHARING_LEVEL"": ""PUBLIC_OPEN"", ""COICOP_1999"": ""_T"", ""COMMON_REFERENCE_PERIOD"": ""2020M7"", ""COUNTRY"": ""ZWE"", ""FREQUENCY"": ""M"", ""IFS_FLAG"": ""true"", ""INDEX_TYPE"": ""CPI"", ""OVERLAP"": ""OL"", ""SCALE"": ""0"", ""SECURITY_CLASSIFICATION"": ""PUB"", ""TYPE_OF_TRANSFORMATION"": ""IX""}}"
