country_code,indicator_code,period,frequency,value,raw_value,value_status,source_id,source_series_code,seasonal_adjustment,observation_metadata
ABW,cpi_index_all_items_quarterly_imf,2015-Q1,quarterly,93.4818832571691,\N,derived,IMF_CPI,IMF|ACCESS_SHARING_LEVEL=PUBLIC_OPEN|COICOP_1999=_T|COMMON_REFERENCE_PERIOD=2019M6|FREQUENCY=M|IFS_FLAG=true|INDEX_TYPE=CPI|OVERLAP=OL|SCALE=0|SECURITY_CLASSIFICATION=PUB|TYPE_OF_TRANSFORMATION=IX|aggregation=quarterly_mean,\N,"{""aggregation_method"": ""quarterly_mean"", ""source_derivation_types"": [""O"", ""O"", ""O""], ""source_months"": [""2015-M01"", ""2015-M02"", ""2015-M03""], ""source_observation_count"": 3, ""source_series_dimensions"": {""ACCESS_SHARING_LEVEL"": ""PUBLIC_OPEN"", ""COICOP_1999"": ""_T"", ""COMMON_REFERENCE_PERIOD"": ""2019M6"", ""COUNTRY"": ""ABW"", ""FREQUENCY"": ""M"", ""IFS_FLAG"": ""true"", ""INDEX_TYPE"": ""CPI"", ""OVERLAP"": ""OL"", ""SCALE"": ""0"", ""SECURITY_CLASSIFICATION"": ""PUB"", ""TYPE_OF_TRANSFORMATION"": ""IX""}}"
ABW,cpi_index_all_items_quarterly_imf,2015-Q2,quarterly,93.94321247582498,\N,derived,IMF_CPI,IMF|ACCESS_SHARING_LEVEL=PUBLIC_OPEN|COICOP_1999=_T|COMMON_REFERENCE_PERIOD=2019M6|FREQUENCY=M|IFS_FLAG=true|INDEX_TYPE=CPI|OVERLAP=OL|SCALE=0|SECURITY_CLASSIFICATION=PUB|TYPE_OF_TRANSFORMATION=IX|aggregation=quarterly_mean,\N,"{""aggregation_method"": ""quarterly_mean"", ""source_derivation_types"": [""O"", ""O"", ""O""], ""source_months"": [""2015-M04"", ""2015-M05"", ""2015-M06""], ""source_observation_count"": 3, ""source_series_dimensions"": {""ACCESS_SHARING_LEVEL"": ""PUBLIC_OPEN"", ""COICOP_1999"": ""_T"", ""COMMON_REFERENCE_PERIOD"": ""2019M6"", ""COUNTRY"": ""ABW"", ""FREQUENCY"": ""M"", ""IFS_FLAG"": ""true"", ""INDEX_TYPE"": ""CPI"", ""OVERLAP"": ""OL"", ""SCALE"": ""0"", ""SECURITY_CLASSIFICATION"": ""PUB"", ""TYPE_OF_TRANSFORMATION"": ""IX""}}"
ABW,cpi_index_all_items_quarterly_imf,2015-Q3,quarterly,94.04672767543177,\N,derived,IMF_CPI,IMF|ACCESS_SHARING_LEVEL=PUBLIC_OPEN|COICOP_1999=_T|COMMON_REFERENCE_PERIOD=2019M6|FREQUENCY=M|IFS_FLAG=true|INDEX_TYPE=CPI|OVERLAP=OL|SCALE=0|SECURITY_CLASSIFICATION=PUB|TYPE_OF_TRANSFORMATION=IX|aggregation=quarterly_mean,\N,"{""aggregation_method"": ""quarterly_mean"", ""source_derivation_types"": [""O"", ""O"", ""O""], ""source_months"": [""2015-M07"", ""2015-M08"", ""2015-M09""], ""source_observation_count"": 3, ""source_series_dimensions"": {""ACCESS_SHARING_LEVEL"": ""PUBLIC_OPEN"", ""COICOP_1999"": ""_T"", ""COMMON_REFERENCE_PERIOD"": ""2019M6"", ""COUNTRY"": ""ABW"", ""FREQUENCY"": ""M"", ""IFS_FLAG"": ""true"", ""INDEX_TYPE"": ""CPI"", ""OVERLAP"": ""OL"", ""SCALE"": ""0"", ""SECURITY_CLASSIFICATION"": ""PUB"", ""TYPE_OF_TRANSFORMATION"": ""IX""}}"
ABW,cpi_index_all_items_quarterly_imf,2015-Q4,quarterly,93.44808237566484,\N,derived,IMF_CPI,IMF|ACCESS_SHARING_LEVEL=PUBLIC_OPEN|COICOP_1999=_T|COMMON_REFERENCE_PERIOD=2019M6|FREQUENCY=M|IFS_FLAG=true|INDEX_TYPE=CPI|OVERLAP=OL|SCALE=0|SECURITY_CLASSIFICATION=PUB|TYPE_OF_TRANSFORMATION=IX|aggregation=quarterly_mean,\N,"{""aggregation_method"": ""quarterly_mean"", ""source_derivation_types"": [""O"", ""O"", ""O""], ""source_months"": [""2015-M10"", ""2015-M11"", ""2015-M12""], ""source_observation_count"": 3, ""source_series_dimensions"": {""ACCESS_SHARING_LEVEL"": ""PUBLIC_OPEN"", ""COICOP_1999"": ""_T"", ""COMMON_REFERENCE_PERIOD"": ""2019M6"", ""COUNTRY"": ""ABW"", ""FREQUENCY"": ""M"", ""IFS_FLAG"": ""true"", ""INDEX_TYPE"": ""CPI"", ""OVERLAP"": ""OL"", ""SCALE"": ""0"", ""SECURITY_CLASSIFICATION"": ""PUB"", ""TYPE_OF_TRANSFORMATION"": ""IX""}}"
AFG,cpi_index_all_items_quarterly_imf,2015-Q1,quarterly,101.331173529575,\N,derived,IMF_CPI,IMF|ACCESS_SHARING_LEVEL=PUBLIC_OPEN|COICOP_1999=_T|COMMON_REFERENCE_PERIOD=2015M4|FREQUENCY=M|IFS_FLAG=true|INDEX_TYPE=CPI|OVERLAP=OL|SCALE=0|SECURITY_CLASSIFICATION=PUB|TYPE_OF_TRANSFORMATION=IX|aggregation=quarterly_mean,\N,"{""aggregation_method"": ""quarterly_mean"", ""source_derivation_types"": [""O"", ""O"", ""O""], ""source_months"": [""2015-M01"", ""2015-M02"", ""2015-M03""], ""source_observation_count"": 3, ""source_series_dimensions"": {""ACCESS_SHARING_LEVEL"": ""PUBLIC_OPEN"", ""COICOP_1999"": ""_T"", ""COMMON_REFERENCE_PERIOD"": ""2015M4"", ""COUNTRY"": ""AFG"", ""FREQUENCY"": ""M"", ""IFS_FLAG"": ""true"", ""INDEX_TYPE"": ""CPI"", ""OVERLAP"": ""OL"", ""SCALE"": ""0"", ""SECURITY_CLASSIFICATION"": ""PUB"", ""TYPE_OF_TRANSFORMATION"": ""IX""}}"
AFG,cpi_index_all_items_quarterly_imf,2015-Q2,quarterly,99.89131015950916,\N,derived,IMF_CPI,IMF|ACCESS_SHARING_LEVEL=PUBLIC_OPEN|COICOP_1999=_T|COMMON_REFERENCE_PERIOD=2015M4|FREQUENCY=M|IFS_FLAG=true|INDEX_TYPE=CPI|OVERLAP=OL|SCALE=0|SECURITY_CLASSIFICATION=PUB|TYPE_OF_TRANSFORMATION=IX|aggregation=quarterly_mean,\N,"{""aggregation_method"": ""quarterly_mean"", ""source_derivation_types"": [""O"", ""O"", ""O""], ""source_months"": [""2015-M04"", ""2015-M05"", ""2015-M06""], ""source_observation_count"": 3, ""source_series_dimensions"": {""ACCESS_SHARING_LEVEL"": ""PUBLIC_OPEN"", ""COICOP_1999"": ""_T"", ""COMMON_REFERENCE_PERIOD"": ""2015M4"", ""COUNTRY"": ""AFG"", ""FREQUENCY"": ""M"", ""IFS_FLAG"": ""true"", ""INDEX_TYPE"": ""CPI"", ""OVERLAP"": ""OL"", ""SCALE"": ""0"", ""SECURITY_CLASSIFICATION"": ""PUB"", ""TYPE_OF_TRANSFORMATION"": ""IX""}}"
AFG,cpi_index_all_items_quarterly_imf,2015-Q3,quarterly,100.59252604215364,\N,derived,IMF_CPI,IMF|ACCESS_SHARING_LEVEL=PUBLIC_OPEN|COICOP_1999=_T|COMMON_REFERENCE_PERIOD=2015M4|FREQUENCY=M|IFS_FLAG=true|INDEX_TYPE=CPI|OVERLAP=OL|SCALE=0|SECURITY_CLASSIFICATION=PUB|TYPE_OF_TRANSFORMATION=IX|aggregation=quarterly_mean,\N,"{""aggregation_method"": ""quarterly_mean"", ""source_derivation_types"": [""O"", ""O"", ""O""], ""source_months"": [""2015-M07"", ""2015-M08"", ""2015-M09""], ""source_observation_count"": 3, ""source_series_dimensions"": {""ACCESS_SHARING_LEVEL"": ""PUBLIC_OPEN"", ""COICOP_1999"": ""_T"", ""COMMON_REFERENCE_PERIOD"": ""2015M4"", ""COUNTRY"": ""AFG"", ""FREQUENCY"": ""M"", ""IFS_FLAG"": ""true"", ""INDEX_TYPE"": ""CPI"", ""OVERLAP"": ""OL"", ""SCALE"": ""0"", ""SECURITY_CLASSIFICATION"": ""PUB"", ""TYPE_OF_TRANSFORMATION"": ""IX""}}"
AFG,cpi_index_all_items_quarterly_imf,2015-Q4,quarterly,103.36799514675067,\N,derived,IMF_CPI,IMF|ACCESS_SHARING_LEVEL=PUBLIC_OPEN|COICOP_1999=_T|COMMON_REFERENCE_PERIOD=2015M4|FREQUENCY=M|IFS_FLAG=true|INDEX_TYPE=CPI|OVERLAP=OL|SCALE=0|SECURITY_CLASSIFICATION=PUB|TYPE_OF_TRANSFORMATION=IX|aggregation=quarterly_mean,\N,"{""aggregation_method"": ""quarterly_mean"", ""source_derivation_types"": [""O"", ""O"", ""O""], ""source_months"": [""2015-M10"", ""2015-M11"", ""2015-M12""], ""source_observation_count"": 3, ""source_series_dimensions"": {""ACCESS_SHARING_LEVEL"": ""PUBLIC_OPEN"", ""COICOP_1999"": ""_T"", ""COMMON_REFERENCE_PERIOD"": ""2015M4"", ""COUNTRY"": ""AFG"", ""FREQUENCY"": ""M"", ""IFS_FLAG"": ""true"", ""INDEX_TYPE"": ""CPI"", ""OVERLAP"": ""OL"", ""SCALE"": ""0"", ""SECURITY_CLASSIFICATION"": ""PUB"", ""TYPE_OF_TRANSFORMATION"": ""IX""}}"
AGO,cpi_index_all_items_quarterly_imf,2015-Q1,quarterly,29.807529188440537,\N,derived,IMF_CPI,IMF|ACCESS_SHARING_LEVEL=PUBLIC_OPEN|COICOP_1999=_T|COMMON_REFERENCE_PERIOD=2020M12|FREQUENCY=M|IFS_FLAG=true|INDEX_TYPE=CPI|OVERLAP=OL|SCALE=0|SECURITY_CLASSIFICATION=PUB|TYPE_OF_TRANSFORMATION=IX|aggregation=quarterly_mean,\N,"{""aggregation_method"": ""quarterly_mean"", ""source_derivation_types"": [""O"", ""O"", ""O""], ""source_months"": [""2015-M01"", ""2015-M02"", ""2015-M03""], ""source_observation_count"": 3, ""source_series_dimensions"": {""ACCESS_SHARING_LEVEL"": ""PUBLIC_OPEN"", ""COICOP_1999"": ""_T"", ""COMMON_REFERENCE_PERIOD"": ""2020M12"", ""COUNTRY"": ""AGO"", ""FREQUENCY"": ""M"", ""IFS_FLAG"": ""true"", ""INDEX_TYPE"": ""CPI"", ""OVERLAP"": ""OL"", ""SCALE"": ""0"", ""SECURITY_CLASSIFICATION"": ""PUB"", ""TYPE_OF_TRANSFORMATION"": ""IX""}}"
AGO,cpi_index_all_items_quarterly_imf,2015-Q2,quarterly,30.505679345718203,\N,derived,IMF_CPI,IMF|ACCESS_SHARING_LEVEL=PUBLIC_OPEN|COICOP_1999=_T|COMMON_REFERENCE_PERIOD=2020M12|FREQUENCY=M|IFS_FLAG=true|INDEX_TYPE=CPI|OVERLAP=OL|SCALE=0|SECURITY_CLASSIFICATION=PUB|TYPE_OF_TRANSFORMATION=IX|aggregation=quarterly_mean,\N,"{""aggregation_method"": ""quarterly_mean"", ""source_derivation_types"": [""O"", ""O"", ""O""], ""source_months"": [""2015-M04"", ""2015-M05"", ""2015-M06""], ""source_observation_count"": 3, ""source_series_dimensions"": {""ACCESS_SHARING_LEVEL"": ""PUBLIC_OPEN"", ""COICOP_1999"": ""_T"", ""COMMON_REFERENCE_PERIOD"": ""2020M12"", ""COUNTRY"": ""AGO"", ""FREQUENCY"": ""M"", ""IFS_FLAG"": ""true"", ""INDEX_TYPE"": ""CPI"", ""OVERLAP"": ""OL"", ""SCALE"": ""0"", ""SECURITY_CLASSIFICATION"": ""PUB"", ""TYPE_OF_TRANSFORMATION"": ""IX""}}"
AGO,cpi_index_all_items_quarterly_imf,2015-Q3,quarterly,31.502584056376964,\N,derived,IMF_CPI,IMF|ACCESS_SHARING_LEVEL=PUBLIC_OPEN|COICOP_1999=_T|COMMON_REFERENCE_PERIOD=2020M12|FREQUENCY=M|IFS_FLAG=true|INDEX_TYPE=CPI|OVERLAP=OL|SCALE=0|SECURITY_CLASSIFICATION=PUB|TYPE_OF_TRANSFORMATION=IX|aggregation=quarterly_mean,\N,"{""aggregation_method"": ""quarterly_mean"", ""source_derivation_types"": [""O"", ""O"", ""O""], ""source_months"": [""2015-M07"", ""2015-M08"", ""2015-M09""], ""source_observation_count"": 3, ""source_series_dimensions"": {""ACCESS_SHARING_LEVEL"": ""PUBLIC_OPEN"", ""COICOP_1999"": ""_T"", ""COMMON_REFERENCE_PERIOD"": ""2020M12"", ""COUNTRY"": ""AGO"", ""FREQUENCY"": ""M"", ""IFS_FLAG"": ""true"", ""INDEX_TYPE"": ""CPI"", ""OVERLAP"": ""OL"", ""SCALE"": ""0"", ""SECURITY_CLASSIFICATION"": ""PUB"", ""TYPE_OF_TRANSFORMATION"": ""IX""}}"
AGO,cpi_index_all_items_quarterly_imf,2015-Q4,quarterly,32.6099670323023,\N,derived,IMF_CPI,IMF|ACCESS_SHARING_LEVEL=PUBLIC_OPEN|COICOP_1999=_T|COMMON_REFERENCE_PERIOD=2020M12|FREQUENCY=M|IFS_FLAG=true|INDEX_TYPE=CPI|OVERLAP=OL|SCALE=0|SECURITY_CLASSIFICATION=PUB|TYPE_OF_TRANSFORMATION=IX|aggregation=quarterly_mean,\N,"{""aggregation_method"": ""quarterly_mean"", ""source_derivation_types"": [""O"", ""O"", ""O""], ""source_months"": [""2015-M10"", ""2015-M11"", ""2015-M12""], ""source_observation_count"": 3, ""source_series_dimensions"": {""ACCESS_SHARING_LEVEL"": ""PUBLIC_OPEN"", ""COICOP_1999"": ""_T"", ""COMMON_REFERENCE_PERIOD"": ""2020M12"", ""COUNTRY"": ""AGO"", ""FREQUENCY"": ""M"", ""IFS_FLAG"": ""true"", ""INDEX_TYPE"": ""CPI"", ""OVERLAP"": ""OL"", ""SCALE"": ""0"", ""SECURITY_CLASSIFICATION"": ""PUB"", ""TYPE_OF_TRANSFORMATION"": ""IX""}}"
ALB,cpi_index_all_items_quarterly_imf,2015-Q1,quarterly,78.23926844140348,\N,derived,IMF_CPI,IMF|ACCESS_SHARING_LEVEL=PUBLIC_OPEN|COICOP_1999=_T|COMMON_REFERENCE_PERIOD=2025A|FREQUENCY=M|IFS_FLAG=true|INDEX_TYPE=CPI|OVERLAP=OL|SCALE=0|SECURITY_CLASSIFICATION=PUB|TYPE_OF_TRANSFORMATION=IX|aggregation=quarterly_mean,\N,"{""aggregation_method"": ""quarterly_mean"", ""source_derivation_types"": [""O"", ""O"", ""O""], ""source_months"": [""2015-M01"", ""2015-M02"", ""2015-M03""], ""source_observation_count"": 3, ""source_series_dimensions"": {""ACCESS_SHARING_LEVEL"": ""PUBLIC_OPEN"", ""COICOP_1999"": ""_T"", ""COMMON_REFERENCE_PERIOD"": ""2025A"", ""COUNTRY"": ""ALB"", ""FREQUENCY"": ""M"", ""IFS_FLAG"": ""true"", ""INDEX_TYPE"": ""CPI"", ""OVERLAP"": ""OL"", ""SCALE"": ""0"", ""SECURITY_CLASSIFICATION"": ""PUB"", ""TYPE_OF_TRANSFORMATION"": ""IX""}}"
ALB,cpi_index_all_items_quarterly_imf,2015-Q2,quarterly,77.56990050004381,\N,derived,IMF_CPI,IMF|ACCESS_SHARING_LEVEL=PUBLIC_OPEN|COICOP_1999=_T|COMMON_REFERENCE_PERIOD=2025A|FREQUENCY=M|IFS_FLAG=true|INDEX_TYPE=CPI|OVERLAP=OL|SCALE=0|SECURITY_CLASSIFICATION=PUB|TYPE_OF_TRANSFORMATION=IX|aggregation=quarterly_mean,\N,"{""aggregation_method"": ""quarterly_mean"", ""source_derivation_types"": [""O"", ""O"", ""O""], ""source_months"": [""2015-M04"", ""2015-M05"", ""2015-M06""], ""source_observation_count"": 3, ""source_series_dimensions"": {""ACCESS_SHARING_LEVEL"": ""PUBLIC_OPEN"", ""COICOP_1999"": ""_T"", ""COMMON_REFERENCE_PERIOD"": ""2025A"", ""COUNTRY"": ""ALB"", ""FREQUENCY"": ""M"", ""IFS_FLAG"": ""true"", ""INDEX_TYPE"": ""CPI"", ""OVERLAP"": ""OL"", ""SCALE"": ""0"", ""SECURITY_CLASSIFICATION"": ""PUB"", ""TYPE_OF_TRANSFORMATION"": ""IX""}}"
ALB,cpi_index_all_items_quarterly_imf,2015-Q3,quarterly,76.62818247741403,\N,derived,IMF_CPI,IMF|ACCESS_SHARING_LEVEL=PUBLIC_OPEN|COICOP_1999=_T|COMMON_REFERENCE_PERIOD=2025A|FREQUENCY=M|IFS_FLAG=true|INDEX_TYPE=CPI|OVERLAP=OL|SCALE=0|SECURITY_CLASSIFICATION=PUB|TYPE_OF_TRANSFORMATION=IX|aggregation=quarterly_mean,\N,"{""aggregation_method"": ""quarterly_mean"", ""source_derivation_types"": [""O"", ""O"", ""O""], ""source_months"": [""2015-M07"", ""2015-M08"", ""2015-M09""], ""source_observation_count"": 3, ""source_series_dimensions"": {""ACCESS_SHARING_LEVEL"": ""PUBLIC_OPEN"", ""COICOP_1999"": ""_T"", ""COMMON_REFERENCE_PERIOD"": ""2025A"", ""COUNTRY"": ""ALB"", ""FREQUENCY"": ""M"", ""IFS_FLAG"": ""true"", ""INDEX_TYPE"": ""CPI"", ""OVERLAP"": ""OL"", ""SCALE"": ""0"", ""SECURITY_CLASSIFICATION"": ""PUB"", ""TYPE_OF_TRANSFORMATION"": ""IX""}}"
ALB,cpi_index_all_items_quarterly_imf,2015-Q4,quarterly,77.12480579537554,\N,derived,IMF_CPI,IMF|ACCESS_SHARING_LEVEL=PUBLIC_OPEN|COICOP_1999=_T|COMMON_REFERENCE_PERIOD=2025A|FREQUENCY=M|IFS_FLAG=true|INDEX_TYPE=CPI|OVERLAP=OL|SCALE=0|SECURITY_CLASSIFICATION=PUB|TYPE_OF_TRANSFORMATION=IX|aggregation=quarterly_mean,\N,"{""aggregation_method"": ""quarterly_mean"", ""source_derivation_types"": [""O"", ""O"", ""O""], ""source_months"": [""2015-M10"", ""2015-M11"", ""2015-M12""], ""source_observation_count"": 3, ""source_series_dimensions"": {""ACCESS_SHARING_LEVEL"": ""PUBLIC_OPEN"", ""COICOP_1999"": ""_T"", ""COMMON_REFERENCE_PERIOD"": ""2025A"", ""COUNTRY"": ""ALB"", ""FREQUENCY"": ""M"", ""IFS_FLAG"": ""true"", ""INDEX_TYPE"": ""CPI"", ""OVERLAP"": ""OL"", ""SCALE"": ""0"", ""SECURITY_CLASSIFICATION"": ""PUB"", ""TYPE_OF_TRANSFORMATION"": ""IX""}}"
ARE,cpi_index_all_items_quarterly_imf,2015-Q1,quarterly,95.49798875712246,\N,derived,IMF_CPI,IMF|ACCESS_SHARING_LEVEL=PUBLIC_OPEN|COICOP_1999=_T|COMMON_REFERENCE_PERIOD=2021A|FREQUENCY=M|IFS_FLAG=true|INDEX_TYPE=CPI|OVERLAP=OL|SCALE=0|SECURITY_CLASSIFICATION=PUB|TYPE_OF_TRANSFORMATION=IX|aggregation=quarterly_mean,\N,"{""aggregation_method"": ""quarterly_mean"", ""source_derivation_types"": [""O"", ""O"", ""O""], ""source_months"": [""2015-M01"", ""2015-M02"", ""2015-M03""], ""source_observation_count"": 3, ""source_series_dimensions"": {""ACCESS_SHARING_LEVEL"": ""PUBLIC_OPEN"", ""COICOP_1999"": ""_T"", ""COMMON_REFERENCE_PERIOD"": ""2021A"", ""COUNTRY"": ""ARE"", ""FREQUENCY"": ""M"", ""IFS_FLAG"": ""true"", ""INDEX_TYPE"": ""CPI"", ""OVERLAP"": ""OL"", ""SCALE"": ""0"", ""SECURITY_CLASSIFICATION"": ""PUB"", ""TYPE_OF_TRANSFORMATION"": ""IX""}}"
ARE,cpi_index_all_items_quarterly_imf,2015-Q2,quarterly,96.54704203151901,\N,derived,IMF_CPI,IMF|ACCESS_SHARING_LEVEL=PUBLIC_OPEN|COICOP_1999=_T|COMMON_REFERENCE_PERIOD=2021A|FREQUENCY=M|IFS_FLAG=true|INDEX_TYPE=CPI|OVERLAP=OL|SCALE=0|SECURITY_CLASSIFICATION=PUB|TYPE_OF_TRANSFORMATION=IX|aggregation=quarterly_mean,\N,"{""aggregation_method"": ""quarterly_mean"", ""source_derivation_types"": [""O"", ""O"", ""O""], ""source_months"": [""2015-M04"", ""2015-M05"", ""2015-M06""], ""source_observation_count"": 3, ""source_series_dimensions"": {""ACCESS_SHARING_LEVEL"": ""PUBLIC_OPEN"", ""COICOP_1999"": ""_T"", ""COMMON_REFERENCE_PERIOD"": ""2021A"", ""COUNTRY"": ""ARE"", ""FREQUENCY"": ""M"", ""IFS_FLAG"": ""true"", ""INDEX_TYPE"": ""CPI"", ""OVERLAP"": ""OL"", ""SCALE"": ""0"", ""SECURITY_CLASSIFICATION"": ""PUB"", ""TYPE_OF_TRANSFORMATION"": ""IX""}}"
ARE,cpi_index_all_items_quarterly_imf,2015-Q3,quarterly,97.81025115187224,\N,derived,IMF_CPI,IMF|ACCESS_SHARING_LEVEL=PUBLIC_OPEN|COICOP_1999=_T|COMMON_REFERENCE_PERIOD=2021A|FREQUENCY=M|IFS_FLAG=true|INDEX_TYPE=CPI|OVERLAP=OL|SCALE=0|SECURITY_CLASSIFICATION=PUB|TYPE_OF_TRANSFORMATION=IX|aggregation=quarterly_mean,\N,"{""aggregation_method"": ""quarterly_mean"", ""source_derivation_types"": [""O"", ""O"", ""O""], ""source_months"": [""2015-M07"", ""2015-M08"", ""2015-M09""], ""source_observation_count"": 3, ""source_series_dimensions"": {""ACCESS_SHARING_LEVEL"": ""PUBLIC_OPEN"", ""COICOP_1999"": ""_T"", ""COMMON_REFERENCE_PERIOD"": ""2021A"", ""COUNTRY"": ""ARE"", ""FREQUENCY"": ""M"", ""IFS_FLAG"": ""true"", ""INDEX_TYPE"": ""CPI"", ""OVERLAP"": ""OL"", ""SCALE"": ""0"", ""SECURITY_CLASSIFICATION"": ""PUB"", ""TYPE_OF_TRANSFORMATION"": ""IX""}}"
ARE,cpi_index_all_items_quarterly_imf,2015-Q4,quarterly,97.75128070153634,\N,derived,IMF_CPI,IMF|ACCESS_SHARING_LEVEL=PUBLIC_OPEN|COICOP_1999=_T|COMMON_REFERENCE_PERIOD=2021A|FREQUENCY=M|IFS_FLAG=true|INDEX_TYPE=CPI|OVERLAP=OL|SCALE=0|SECURITY_CLASSIFICATION=PUB|TYPE_OF_TRANSFORMATION=IX|aggregation=quarterly_mean,\N,"{""aggregation_method"": ""quarterly_mean"", ""source_derivation_types"": [""O"", ""O"", ""O""], ""source_months"": [""2015-M10"", ""2015-M11"", ""2015-M12""], ""source_observation_count"": 3, ""source_series_dimensions"": {""ACCESS_SHARING_LEVEL"": ""PUBLIC_OPEN"", ""COICOP_1999"": ""_T"", ""COMMON_REFERENCE_PERIOD"": ""2021A"", ""COUNTRY"": ""ARE"", ""FREQUENCY"": ""M"", ""IFS_FLAG"": ""true"", ""INDEX_TYPE"": ""CPI"", ""OVERLAP"": ""OL"", ""SCALE"": ""0"", ""SECURITY_CLASSIFICATION"": ""PUB"", ""TYPE_OF_TRANSFORMATION"": ""IX""}}"
ARM,cpi_index_all_items_quarterly_imf,2015-Q1,quarterly,127.21901590851066,\N,derived,IMF_CPI,IMF|ACCESS_SHARING_LEVEL=PUBLIC_OPEN|COICOP_1999=_T|COMMON_REFERENCE_PERIOD=2010A|FREQUENCY=M|IFS_FLAG=true|INDEX_TYPE=CPI|OVERLAP=OL|SCALE=0|SECURITY_CLASSIFICATION=PUB|TYPE_OF_TRANSFORMATION=IX|aggregation=quarterly_mean,\N,"{""aggregation_method"": ""quarterly_mean"", ""source_derivation_types"": [""O"", ""O"", ""O""], ""source_months"": [""2015-M01"", ""2015-M02"", ""2015-M03""], ""source_observation_count"": 3, ""source_series_dimensions"": {""ACCESS_SHARING_LEVEL"": ""PUBLIC_OPEN"", ""COICOP_1999"": ""_T"", ""COMMON_REFERENCE_PERIOD"": ""2010A"", ""COUNTRY"": ""ARM"", ""FREQUENCY"": ""M"", ""IFS_FLAG"": ""true"", ""INDEX_TYPE"": ""CPI"", ""OVERLAP"": ""OL"", ""SCALE"": ""0"", ""SECURITY_CLASSIFICATION"": ""PUB"", ""TYPE_OF_TRANSFORMATION"": ""IX""}}"
ARM,cpi_index_all_items_quarterly_imf,2015-Q2,quarterly,125.58781546650499,\N,derived,IMF_CPI,IMF|ACCESS_SHARING_LEVEL=PUBLIC_OPEN|COICOP_1999=_T|COMMON_REFERENCE_PERIOD=2010A|FREQUENCY=M|IFS_FLAG=true|INDEX_TYPE=CPI|OVERLAP=OL|SCALE=0|SECURITY_CLASSIFICATION=PUB|TYPE_OF_TRANSFORMATION=IX|aggregation=quarterly_mean,\N,"{""aggregation_method"": ""quarterly_mean"", ""source_derivation_types"": [""O"", ""O"", ""O""], ""source_months"": [""2015-M04"", ""2015-M05"", ""2015-M06""], ""source_observation_count"": 3, ""source_series_dimensions"": {""ACCESS_SHARING_LEVEL"": ""PUBLIC_OPEN"", ""COICOP_1999"": ""_T"", ""COMMON_REFERENCE_PERIOD"": ""2010A"", ""COUNTRY"": ""ARM"", ""FREQUENCY"": ""M"", ""IFS_FLAG"": ""true"", ""INDEX_TYPE"": ""CPI"", ""OVERLAP"": ""OL"", ""SCALE"": ""0"", ""SECURITY_CLASSIFICATION"": ""PUB"", ""TYPE_OF_TRANSFORMATION"": ""IX""}}"
ARM,cpi_index_all_items_quarterly_imf,2015-Q3,quarterly,121.64832114039366,\N,derived,IMF_CPI,IMF|ACCESS_SHARING_LEVEL=PUBLIC_OPEN|COICOP_1999=_T|COMMON_REFERENCE_PERIOD=2010A|FREQUENCY=M|IFS_FLAG=true|INDEX_TYPE=CPI|OVERLAP=OL|SCALE=0|SECURITY_CLASSIFICATION=PUB|TYPE_OF_TRANSFORMATION=IX|aggregation=quarterly_mean,\N,"{""aggregation_method"": ""quarterly_mean"", ""source_derivation_types"": [""O"", ""O"", ""O""], ""source_months"": [""2015-M07"", ""2015-M08"", ""2015-M09""], ""source_observation_count"": 3, ""source_series_dimensions"": {""ACCESS_SHARING_LEVEL"": ""PUBLIC_OPEN"", ""COICOP_1999"": ""_T"", ""COMMON_REFERENCE_PERIOD"": ""2010A"", ""COUNTRY"": ""ARM"", ""FREQUENCY"": ""M"", ""IFS_FLAG"": ""true"", ""INDEX_TYPE"": ""CPI"", ""OVERLAP"": ""OL"", ""SCALE"": ""0"", ""SECURITY_CLASSIFICATION"": ""PUB"", ""TYPE_OF_TRANSFORMATION"": ""IX""}}"
ARM,cpi_index_all_items_quarterly_imf,2015-Q4,quarterly,122.47022258456066,\N,derived,IMF_CPI,IMF|ACCESS_SHARING_LEVEL=PUBLIC_OPEN|COICOP_1999=_T|COMMON_REFERENCE_PERIOD=2010A|FREQUENCY=M|IFS_FLAG=true|INDEX_TYPE=CPI|OVERLAP=OL|SCALE=0|SECURITY_CLASSIFICATION=PUB|TYPE_OF_TRANSFORMATION=IX|aggregation=quarterly_mean,\N,"{""aggregation_method"": ""quarterly_mean"", ""source_derivation_types"": [""O"", ""O"", ""O""], ""source_months"": [""2015-M10"", ""2015-M11"", ""2015-M12""], ""source_observation_count"": 3, ""source_series_dimensions"": {""ACCESS_SHARING_LEVEL"": ""PUBLIC_OPEN"", ""COICOP_1999"": ""_T"", ""COMMON_REFERENCE_PERIOD"": ""2010A"", ""COUNTRY"": ""ARM"", ""FREQUENCY"": ""M"", ""IFS_FLAG"": ""true"", ""INDEX_TYPE"": ""CPI"", ""OVERLAP"": ""OL"", ""SCALE"": ""0"", ""SECURITY_CLASSIFICATION"": ""PUB"", ""TYPE_OF_TRANSFORMATION"": ""IX""}}"
ATG,cpi_index_all_items_quarterly_imf,2015-Q1,quarterly,96.61026495664565,\N,derived,IMF_CPI,IMF|ACCESS_SHARING_LEVEL=PUBLIC_OPEN|COICOP_1999=_T|COMMON_REFERENCE_PERIOD=2019M1|FREQUENCY=M|IFS_FLAG=true|INDEX_TYPE=CPI|OVERLAP=OL|SCALE=0|SECURITY_CLASSIFICATION=PUB|TYPE_OF_TRANSFORMATION=IX|aggregation=quarterly_mean,\N,"{""aggregation_method"": ""quarterly_mean"", ""source_derivation_types"": [""O"", ""O"", ""O""], ""source_months"": [""2015-M01"", ""2015-M02"", ""2015-M03""], ""source_observation_count"": 3, ""source_series_dimensions"": {""ACCESS_SHARING_LEVEL"": ""PUBLIC_OPEN"", ""COICOP_1999"": ""_T"", ""COMMON_REFERENCE_PERIOD"": ""2019M1"", ""COUNTRY"": ""ATG"", ""FREQUENCY"": ""M"", ""IFS_FLAG"": ""true"", ""INDEX_TYPE"": ""CPI"", ""OVERLAP"": ""OL"", ""SCALE"": ""0"", ""SECURITY_CLASSIFICATION"": ""PUB"", ""TYPE_OF_TRANSFORMATION"": ""IX""}}"
ATG,cpi_index_all_items_quarterly_imf,2015-Q2,quarterly,96.03190348525469,\N,derived,IMF_CPI,IMF|ACCESS_SHARING_LEVEL=PUBLIC_OPEN|COICOP_1999=_T|COMMON_REFERENCE_PERIOD=2019M1|FREQUENCY=M|IFS_FLAG=true|INDEX_TYPE=CPI|OVERLAP=OL|SCALE=0|SECURITY_CLASSIFICATION=PUB|TYPE_OF_TRANSFORMATION=IX|aggregation=quarterly_mean,\N,"{""aggregation_method"": ""quarterly_mean"", ""source_derivation_types"": [""O"", ""O"", ""O""], ""source_months"": [""2015-M04"", ""2015-M05"", ""2015-M06""], ""source_observation_count"": 3, ""source_series_dimensions"": {""ACCESS_SHARING_LEVEL"": ""PUBLIC_OPEN"", ""COICOP_1999"": ""_T"", ""COMMON_REFERENCE_PERIOD"": ""2019M1"", ""COUNTRY"": ""ATG"", ""FREQUENCY"": ""M"", ""IFS_FLAG"": ""true"", ""INDEX_TYPE"": ""CPI"", ""OVERLAP"": ""OL"", ""SCALE"": ""0"", ""SECURITY_CLASSIFICATION"": ""PUB"", ""TYPE_OF_TRANSFORMATION"": ""IX""}}"
ATG,cpi_index_all_items_quarterly_imf,2015-Q3,quarterly,96.40473154119267,\N,derived,IMF_CPI,IMF|ACCESS_SHARING_LEVEL=PUBLIC_OPEN|COICOP_1999=_T|COMMON_REFERENCE_PERIOD=2019M1|FREQUENCY=M|IFS_FLAG=true|INDEX_TYPE=CPI|OVERLAP=OL|SCALE=0|SECURITY_CLASSIFICATION=PUB|TYPE_OF_TRANSFORMATION=IX|aggregation=quarterly_mean,\N,"{""aggregation_method"": ""quarterly_mean"", ""source_derivation_types"": [""O"", ""O"", ""O""], ""source_months"": [""2015-M07"", ""2015-M08"", ""2015-M09""], ""source_observation_count"": 3, ""source_series_dimensions"": {""ACCESS_SHARING_LEVEL"": ""PUBLIC_OPEN"", ""COICOP_1999"": ""_T"", ""COMMON_REFERENCE_PERIOD"": ""2019M1"", ""COUNTRY"": ""ATG"", ""FREQUENCY"": ""M"", ""IFS_FLAG"": ""true"", ""INDEX_TYPE"": ""CPI"", ""OVERLAP"": ""OL"", ""SCALE"": ""0"", ""SECURITY_CLASSIFICATION"": ""PUB"", ""TYPE_OF_TRANSFORMATION"": ""IX""}}"
ATG,cpi_index_all_items_quarterly_imf,2015-Q4,quarterly,97.19818612177862,\N,derived,IMF_CPI,IMF|ACCESS_SHARING_LEVEL=PUBLIC_OPEN|COICOP_1999=_T|COMMON_REFERENCE_PERIOD=2019M1|FREQUENCY=M|IFS_FLAG=true|INDEX_TYPE=CPI|OVERLAP=OL|SCALE=0|SECURITY_CLASSIFICATION=PUB|TYPE_OF_TRANSFORMATION=IX|aggregation=quarterly_mean,\N,"{""aggregation_method"": ""quarterly_mean"", ""source_derivation_types"": [""O"", ""O"", ""O""], ""source_months"": [""2015-M10"", ""2015-M11"", ""2015-M12""], ""source_observation_count"": 3, ""source_series_dimensions"": {""ACCESS_SHARING_LEVEL"": ""PUBLIC_OPEN"", ""COICOP_1999"": ""_T"", ""COMMON_REFERENCE_PERIOD"": ""2019M1"", ""COUNTRY"": ""ATG"", ""FREQUENCY"": ""M"", ""IFS_FLAG"": ""true"", ""INDEX_TYPE"": ""CPI"", ""OVERLAP"": ""OL"", ""SCALE"": ""0"", ""SECURITY_CLASSIFICATION"": ""PUB"", ""TYPE_OF_TRANSFORMATION"": ""IX""}}"
AUT,cpi_index_all_items_quarterly_imf,2015-Q1,quarterly,71.56674865947612,\N,derived,IMF_CPI,IMF|ACCESS_SHARING_LEVEL=PUBLIC_OPEN|COICOP_1999=_T|COMMON_REFERENCE_PERIOD=2025A|FREQUENCY=M|IFS_FLAG=true|INDEX_TYPE=CPI|OVERLAP=OL|SCALE=0|SECURITY_CLASSIFICATION=PUB|TYPE_OF_TRANSFORMATION=IX|aggregation=quarterly_mean,\N,"{""aggregation_method"": ""quarterly_mean"", ""source_derivation_types"": [""O"", ""O"", ""O""], ""source_months"": [""2015-M01"", ""2015-M02"", ""2015-M03""], ""source_observation_count"": 3, ""source_series_dimensions"": {""ACCESS_SHARING_LEVEL"": ""PUBLIC_OPEN"", ""COICOP_1999"": ""_T"", ""COMMON_REFERENCE_PERIOD"": ""2025A"", ""COUNTRY"": ""AUT"", ""FREQUENCY"": ""M"", ""IFS_FLAG"": ""true"", ""INDEX_TYPE"": ""CPI"", ""OVERLAP"": ""OL"", ""SCALE"": ""0"", ""SECURITY_CLASSIFICATION"": ""PUB"", ""TYPE_OF_TRANSFORMATION"": ""IX""}}"
AUT,cpi_index_all_items_quarterly_imf,2015-Q2,quarterly,72.43276740626605,\N,derived,IMF_CPI,IMF|ACCESS_SHARING_LEVEL=PUBLIC_OPEN|COICOP_1999=_T|COMMON_REFERENCE_PERIOD=2025A|FREQUENCY=M|IFS_FLAG=true|INDEX_TYPE=CPI|OVERLAP=OL|SCALE=0|SECURITY_CLASSIFICATION=PUB|TYPE_OF_TRANSFORMATION=IX|aggregation=quarterly_mean,\N,"{""aggregation_method"": ""quarterly_mean"", ""source_derivation_types"": [""O"", ""O"", ""O""], ""source_months"": [""2015-M04"", ""2015-M05"", ""2015-M06""], ""source_observation_count"": 3, ""source_series_dimensions"": {""ACCESS_SHARING_LEVEL"": ""PUBLIC_OPEN"", ""COICOP_1999"": ""_T"", ""COMMON_REFERENCE_PERIOD"": ""2025A"", ""COUNTRY"": ""AUT"", ""FREQUENCY"": ""M"", ""IFS_FLAG"": ""true"", ""INDEX_TYPE"": ""CPI"", ""OVERLAP"": ""OL"", ""SCALE"": ""0"", ""SECURITY_CLASSIFICATION"": ""PUB"", ""TYPE_OF_TRANSFORMATION"": ""IX""}}"
AUT,cpi_index_all_items_quarterly_imf,2015-Q3,quarterly,72.24031561633282,\N,derived,IMF_CPI,IMF|ACCESS_SHARING_LEVEL=PUBLIC_OPEN|COICOP_1999=_T|COMMON_REFERENCE_PERIOD=2025A|FREQUENCY=M|IFS_FLAG=true|INDEX_TYPE=CPI|OVERLAP=OL|SCALE=0|SECURITY_CLASSIFICATION=PUB|TYPE_OF_TRANSFORMATION=IX|aggregation=quarterly_mean,\N,"{""aggregation_method"": ""quarterly_mean"", ""source_derivation_types"": [""O"", ""O"", ""O""], ""source_months"": [""2015-M07"", ""2015-M08"", ""2015-M09""], ""source_observation_count"": 3, ""source_series_dimensions"": {""ACCESS_SHARING_LEVEL"": ""PUBLIC_OPEN"", ""COICOP_1999"": ""_T"", ""COMMON_REFERENCE_PERIOD"": ""2025A"", ""COUNTRY"": ""AUT"", ""FREQUENCY"": ""M"", ""IFS_FLAG"": ""true"", ""INDEX_TYPE"": ""CPI"", ""OVERLAP"": ""OL"", ""SCALE"": ""0"", ""SECURITY_CLASSIFICATION"": ""PUB"", ""TYPE_OF_TRANSFORMATION"": ""IX""}}"
AUT,cpi_index_all_items_quarterly_imf,2015-Q4,quarterly,72.45682030303031,\N,derived,IMF_CPI,IMF|ACCESS_SHARING_LEVEL=PUBLIC_OPEN|COICOP_1999=_T|COMMON_REFERENCE_PERIOD=2025A|FREQUENCY=M|IFS_FLAG=true|INDEX_TYPE=CPI|OVERLAP=OL|SCALE=0|SECURITY_CLASSIFICATION=PUB|TYPE_OF_TRANSFORMATION=IX|aggregation=quarterly_mean,\N,"{""aggregation_method"": ""quarterly_mean"", ""source_derivation_types"": [""O"", ""O"", ""O""], ""source_months"": [""2015-M10"", ""2015-M11"", ""2015-M12""], ""source_observation_count"": 3, ""source_series_dimensions"": {""ACCESS_SHARING_LEVEL"": ""PUBLIC_OPEN"", ""COICOP_1999"": ""_T"", ""COMMON_REFERENCE_PERIOD"": ""2025A"", ""COUNTRY"": ""AUT"", ""FREQUENCY"": ""M"", ""IFS_FLAG"": ""true"", ""INDEX_TYPE"": ""CPI"", ""OVERLAP"": ""OL"", ""SCALE"": ""0"", ""SECURITY_CLASSIFICATION"": ""PUB"", ""TYPE_OF_TRANSFORMATION"": ""IX""}}"
AZE,cpi_index_all_items_quarterly_imf,2015-Q1,quarterly,117.33333333333333,\N,derived,IMF_CPI,IMF|ACCESS_SHARING_LEVEL=PUBLIC_OPEN|COICOP_1999=_T|COMMON_REFERENCE_PERIOD=2010A|FREQUENCY=M|IFS_FLAG=true|INDEX_TYPE=CPI|OVERLAP=OL|SCALE=0|SECURITY_CLASSIFICATION=PUB|TYPE_OF_TRANSFORMATION=IX|aggregation=quarterly_mean,\N,"{""aggregation_method"": ""quarterly_mean"", ""source_derivation_types"": [""O"", ""O"", ""O""], ""source_months"": [""2015-M01"", ""2015-M02"", ""2015-M03""], ""source_observation_count"": 3, ""source_series_dimensions"": {""ACCESS_SHARING_LEVEL"": ""PUBLIC_OPEN"", ""COICOP_1999"": ""_T"", ""COMMON_REFERENCE_PERIOD"": ""2010A"", ""COUNTRY"": ""AZE"", ""FREQUENCY"": ""M"", ""IFS_FLAG"": ""true"", ""INDEX_TYPE"": ""CPI"", ""OVERLAP"": ""OL"", ""SCALE"": ""0"", ""SECURITY_CLASSIFICATION"": ""PUB"", ""TYPE_OF_TRANSFORMATION"": ""IX""}}"
AZE,cpi_index_all_items_quarterly_imf,2015-Q2,quarterly,118.39999999999999,\N,derived,IMF_CPI,IMF|ACCESS_SHARING_LEVEL=PUBLIC_OPEN|COICOP_1999=_T|COMMON_REFERENCE_PERIOD=2010A|FREQUENCY=M|IFS_FLAG=true|INDEX_TYPE=CPI|OVERLAP=OL|SCALE=0|SECURITY_CLASSIFICATION=PUB|TYPE_OF_TRANSFORMATION=IX|aggregation=quarterly_mean,\N,"{""aggregation_method"": ""quarterly_mean"", ""source_derivation_types"": [""O"", ""O"", ""O""], ""source_months"": [""2015-M04"", ""2015-M05"", ""2015-M06""], ""source_observation_count"": 3, ""source_series_dimensions"": {""ACCESS_SHARING_LEVEL"": ""PUBLIC_OPEN"", ""COICOP_1999"": ""_T"", ""COMMON_REFERENCE_PERIOD"": ""2010A"", ""COUNTRY"": ""AZE"", ""FREQUENCY"": ""M"", ""IFS_FLAG"": ""true"", ""INDEX_TYPE"": ""CPI"", ""OVERLAP"": ""OL"", ""SCALE"": ""0"", ""SECURITY_CLASSIFICATION"": ""PUB"", ""TYPE_OF_TRANSFORMATION"": ""IX""}}"
AZE,cpi_index_all_items_quarterly_imf,2015-Q3,quarterly,116.43333333333332,\N,derived,IMF_CPI,IMF|ACCESS_SHARING_LEVEL=PUBLIC_OPEN|COICOP_1999=_T|COMMON_REFERENCE_PERIOD=2010A|FREQUENCY=M|IFS_FLAG=true|INDEX_TYPE=CPI|OVERLAP=OL|SCALE=0|SECURITY_CLASSIFICATION=PUB|TYPE_OF_TRANSFORMATION=IX|aggregation=quarterly_mean,\N,"{""aggregation_method"": ""quarterly_mean"", ""source_derivation_types"": [""O"", ""O"", ""O""], ""source_months"": [""2015-M07"", ""2015-M08"", ""2015-M09""], ""source_observation_count"": 3, ""source_series_dimensions"": {""ACCESS_SHARING_LEVEL"": ""PUBLIC_OPEN"", ""COICOP_1999"": ""_T"", ""COMMON_REFERENCE_PERIOD"": ""2010A"", ""COUNTRY"": ""AZE"", ""FREQUENCY"": ""M"", ""IFS_FLAG"": ""true"", ""INDEX_TYPE"": ""CPI"", ""OVERLAP"": ""OL"", ""SCALE"": ""0"", ""SECURITY_CLASSIFICATION"": ""PUB"", ""TYPE_OF_TRANSFORMATION"": ""IX""}}"
AZE,cpi_index_all_items_quarterly_imf,2015-Q4,quarterly,118.76666666666667,\N,derived,IMF_CPI,IMF|ACCESS_SHARING_LEVEL=PUBLIC_OPEN|COICOP_1999=_T|COMMON_REFERENCE_PERIOD=2010A|FREQUENCY=M|IFS_FLAG=true|INDEX_TYPE=CPI|OVERLAP=OL|SCALE=0|SECURITY_CLASSIFICATION=PUB|TYPE_OF_TRANSFORMATION=IX|aggregation=quarterly_mean,\N,"{""aggregation_method"": ""quarterly_mean"", ""source_derivation_types"": [""O"", ""O"", ""O""], ""source_months"": [""2015-M10"", ""2015-M11"", ""2015-M12""], ""source_observation_count"": 3, ""source_series_dimensions"": {""ACCESS_SHARING_LEVEL"": ""PUBLIC_OPEN"", ""COICOP_1999"": ""_T"", ""COMMON_REFERENCE_PERIOD"": ""2010A"", ""COUNTRY"": ""AZE"", ""FREQUENCY"": ""M"", ""IFS_FLAG"": ""true"", ""INDEX_TYPE"": ""CPI"", ""OVERLAP"": ""OL"", ""SCALE"": ""0"", ""SECURITY_CLASSIFICATION"": ""PUB"", ""TYPE_OF_TRANSFORMATION"": ""IX""}}"
BDI,cpi_index_all_items_quarterly_imf,2015-Q1,quarterly,90.29064343779221,\N,derived,IMF_CPI,IMF|ACCESS_SHARING_LEVEL=PUBLIC_OPEN|COICOP_1999=_T|COMMON_REFERENCE_PERIOD=2016A|FREQUENCY=M|IFS_FLAG=true|INDEX_TYPE=CPI|OVERLAP=OL|SCALE=0|SECURITY_CLASSIFICATION=PUB|TYPE_OF_TRANSFORMATION=IX|aggregation=quarterly_mean,\N,"{""aggregation_method"": ""quarterly_mean"", ""source_derivation_types"": [""O"", ""O"", ""O""], ""source_months"": [""2015-M01"", ""2015-M02"", ""2015-M03""], ""source_observation_count"": 3, ""source_series_dimensions"": {""ACCESS_SHARING_LEVEL"": ""PUBLIC_OPEN"", ""COICOP_1999"": ""_T"", ""COMMON_REFERENCE_PERIOD"": ""2016A"", ""COUNTRY"": ""BDI"", ""FREQUENCY"": ""M"", ""IFS_FLAG"": ""true"", ""INDEX_TYPE"": ""CPI"", ""OVERLAP"": ""OL"", ""SCALE"": ""0"", ""SECURITY_CLASSIFICATION"": ""PUB"", ""TYPE_OF_TRANSFORMATION"": ""IX""}}"
BDI,cpi_index_all_items_quarterly_imf,2015-Q2,quarterly,94.9606102636256,\N,derived,IMF_CPI,IMF|ACCESS_SHARING_LEVEL=PUBLIC_OPEN|COICOP_1999=_T|COMMON_REFERENCE_PERIOD=2016A|FREQUENCY=M|IFS_FLAG=true|INDEX_TYPE=CPI|OVERLAP=OL|SCALE=0|SECURITY_CLASSIFICATION=PUB|TYPE_OF_TRANSFORMATION=IX|aggregation=quarterly_mean,\N,"{""aggregation_method"": ""quarterly_mean"", ""source_derivation_types"": [""O"", ""O"", ""O""], ""source_months"": [""2015-M04"", ""2015-M05"", ""2015-M06""], ""source_observation_count"": 3, ""source_series_dimensions"": {""ACCESS_SHARING_LEVEL"": ""PUBLIC_OPEN"", ""COICOP_1999"": ""_T"", ""COMMON_REFERENCE_PERIOD"": ""2016A"", ""COUNTRY"": ""BDI"", ""FREQUENCY"": ""M"", ""IFS_FLAG"": ""true"", ""INDEX_TYPE"": ""CPI"", ""OVERLAP"": ""OL"", ""SCALE"": ""0"", ""SECURITY_CLASSIFICATION"": ""PUB"", ""TYPE_OF_TRANSFORMATION"": ""IX""}}"
BDI,cpi_index_all_items_quarterly_imf,2015-Q3,quarterly,94.64337864041688,\N,derived,IMF_CPI,IMF|ACCESS_SHARING_LEVEL=PUBLIC_OPEN|COICOP_1999=_T|COMMON_REFERENCE_PERIOD=2016A|FREQUENCY=M|IFS_FLAG=true|INDEX_TYPE=CPI|OVERLAP=OL|SCALE=0|SECURITY_CLASSIFICATION=PUB|TYPE_OF_TRANSFORMATION=IX|aggregation=quarterly_mean,\N,"{""aggregation_method"": ""quarterly_mean"", ""source_derivation_types"": [""O"", ""O"", ""O""], ""source_months"": [""2015-M07"", ""2015-M08"", ""2015-M09""], ""source_observation_count"": 3, ""source_series_dimensions"": {""ACCESS_SHARING_LEVEL"": ""PUBLIC_OPEN"", ""COICOP_1999"": ""_T"", ""COMMON_REFERENCE_PERIOD"": ""2016A"", ""COUNTRY"": ""BDI"", ""FREQUENCY"": ""M"", ""IFS_FLAG"": ""true"", ""INDEX_TYPE"": ""CPI"", ""OVERLAP"": ""OL"", ""SCALE"": ""0"", ""SECURITY_CLASSIFICATION"": ""PUB"", ""TYPE_OF_TRANSFORMATION"": ""IX""}}"
BDI,cpi_index_all_items_quarterly_imf,2015-Q4,quarterly,95.1723094143263,\N,derived,IMF_CPI,IMF|ACCESS_SHARING_LEVEL=PUBLIC_OPEN|COICOP_1999=_T|COMMON_REFERENCE_PERIOD=2016A|FREQUENCY=M|IFS_FLAG=true|INDEX_TYPE=CPI|OVERLAP=OL|SCALE=0|SECURITY_CLASSIFICATION=PUB|TYPE_OF_TRANSFORMATION=IX|aggregation=quarterly_mean,\N,"{""aggregation_method"": ""quarterly_mean"", ""source_derivation_types"": [""O"", ""O"", ""O""], ""source_months"": [""2015-M10"", ""2015-M11"", ""2015-M12""], ""source_observation_count"": 3, ""source_series_dimensions"": {""ACCESS_SHARING_LEVEL"": ""PUBLIC_OPEN"", ""COICOP_1999"": ""_T"", ""COMMON_REFERENCE_PERIOD"": ""2016A"", ""COUNTRY"": ""BDI"", ""FREQUENCY"": ""M"", ""IFS_FLAG"": ""true"", ""INDEX_TYPE"": ""CPI"", ""OVERLAP"": ""OL"", ""SCALE"": ""0"", ""SECURITY_CLASSIFICATION"": ""PUB"", ""TYPE_OF_TRANSFORMATION"": ""IX""}}"
BEL,cpi_index_all_items_quarterly_imf,2015-Q1,quarterly,74.01666666666667,\N,derived,IMF_CPI,IMF|ACCESS_SHARING_LEVEL=PUBLIC_OPEN|COICOP_1999=_T|COMMON_REFERENCE_PERIOD=2025A|FREQUENCY=M|IFS_FLAG=true|INDEX_TYPE=CPI|OVERLAP=OL|SCALE=0|SECURITY_CLASSIFICATION=PUB|TYPE_OF_TRANSFORMATION=IX|aggregation=quarterly_mean,\N,"{""aggregation_method"": ""quarterly_mean"", ""source_derivation_types"": [""O"", ""O"", ""O""], ""source_months"": [""2015-M01"", ""2015-M02"", ""2015-M03""], ""source_observation_count"": 3, ""source_series_dimensions"": {""ACCESS_SHARING_LEVEL"": ""PUBLIC_OPEN"", ""COICOP_1999"": ""_T"", ""COMMON_REFERENCE_PERIOD"": ""2025A"", ""COUNTRY"": ""BEL"", ""FREQUENCY"": ""M"", ""IFS_FLAG"": ""true"", ""INDEX_TYPE"": ""CPI"", ""OVERLAP"": ""OL"", ""SCALE"": ""0"", ""SECURITY_CLASSIFICATION"": ""PUB"", ""TYPE_OF_TRANSFORMATION"": ""IX""}}"
BEL,cpi_index_all_items_quarterly_imf,2015-Q2,quarterly,74.54666666666667,\N,derived,IMF_CPI,IMF|ACCESS_SHARING_LEVEL=PUBLIC_OPEN|COICOP_1999=_T|COMMON_REFERENCE_PERIOD=2025A|FREQUENCY=M|IFS_FLAG=true|INDEX_TYPE=CPI|OVERLAP=OL|SCALE=0|SECURITY_CLASSIFICATION=PUB|TYPE_OF_TRANSFORMATION=IX|aggregation=quarterly_mean,\N,"{""aggregation_method"": ""quarterly_mean"", ""source_derivation_types"": [""O"", ""O"", ""O""], ""source_months"": [""2015-M04"", ""2015-M05"", ""2015-M06""], ""source_observation_count"": 3, ""source_series_dimensions"": {""ACCESS_SHARING_LEVEL"": ""PUBLIC_OPEN"", ""COICOP_1999"": ""_T"", ""COMMON_REFERENCE_PERIOD"": ""2025A"", ""COUNTRY"": ""BEL"", ""FREQUENCY"": ""M"", ""IFS_FLAG"": ""true"", ""INDEX_TYPE"": ""CPI"", ""OVERLAP"": ""OL"", ""SCALE"": ""0"", ""SECURITY_CLASSIFICATION"": ""PUB"", ""TYPE_OF_TRANSFORMATION"": ""IX""}}"
BEL,cpi_index_all_items_quarterly_imf,2015-Q3,quarterly,74.71,\N,derived,IMF_CPI,IMF|ACCESS_SHARING_LEVEL=PUBLIC_OPEN|COICOP_1999=_T|COMMON_REFERENCE_PERIOD=2025A|FREQUENCY=M|IFS_FLAG=true|INDEX_TYPE=CPI|OVERLAP=OL|SCALE=0|SECURITY_CLASSIFICATION=PUB|TYPE_OF_TRANSFORMATION=IX|aggregation=quarterly_mean,\N,"{""aggregation_method"": ""quarterly_mean"", ""source_derivation_types"": [""O"", ""O"", ""O""], ""source_months"": [""2015-M07"", ""2015-M08"", ""2015-M09""], ""source_observation_count"": 3, ""source_series_dimensions"": {""ACCESS_SHARING_LEVEL"": ""PUBLIC_OPEN"", ""COICOP_1999"": ""_T"", ""COMMON_REFERENCE_PERIOD"": ""2025A"", ""COUNTRY"": ""BEL"", ""FREQUENCY"": ""M"", ""IFS_FLAG"": ""true"", ""INDEX_TYPE"": ""CPI"", ""OVERLAP"": ""OL"", ""SCALE"": ""0"", ""SECURITY_CLASSIFICATION"": ""PUB"", ""TYPE_OF_TRANSFORMATION"": ""IX""}}"
BEL,cpi_index_all_items_quarterly_imf,2015-Q4,quarterly,75.04,\N,derived,IMF_CPI,IMF|ACCESS_SHARING_LEVEL=PUBLIC_OPEN|COICOP_1999=_T|COMMON_REFERENCE_PERIOD=2025A|FREQUENCY=M|IFS_FLAG=true|INDEX_TYPE=CPI|OVERLAP=OL|SCALE=0|SECURITY_CLASSIFICATION=PUB|TYPE_OF_TRANSFORMATION=IX|aggregation=quarterly_mean,\N,"{""aggregation_method"": ""quarterly_mean"", ""source_derivation_types"": [""O"", ""O"", ""O""], ""source_months"": [""2015-M10"", ""2015-M11"", ""2015-M12""], ""source_observation_count"": 3, ""source_series_dimensions"": {""ACCESS_SHARING_LEVEL"": ""PUBLIC_OPEN"", ""COICOP_1999"": ""_T"", ""COMMON_REFERENCE_PERIOD"": ""2025A"", ""COUNTRY"": ""BEL"", ""FREQUENCY"": ""M"", ""IFS_FLAG"": ""true"", ""INDEX_TYPE"": ""CPI"", ""OVERLAP"": ""OL"", ""SCALE"": ""0"", ""SECURITY_CLASSIFICATION"": ""PUB"", ""TYPE_OF_TRANSFORMATION"": ""IX""}}"
BEN,cpi_index_all_items_quarterly_imf,2015-Q1,quarterly,90.26532183092955,\N,derived,IMF_CPI,IMF|ACCESS_SHARING_LEVEL=PUBLIC_OPEN|COICOP_1999=_T|COMMON_REFERENCE_PERIOD=2023A|FREQUENCY=M|IFS_FLAG=true|INDEX_TYPE=CPI|OVERLAP=OL|SCALE=0|SECURITY_CLASSIFICATION=PUB|TYPE_OF_TRANSFORMATION=IX|aggregation=quarterly_mean,\N,"{""aggregation_method"": ""quarterly_mean"", ""source_derivation_types"": [""O"", ""O"", ""O""], ""source_months"": [""2015-M01"", ""2015-M02"", ""2015-M03""], ""source_observation_count"": 3, ""source_series_dimensions"": {""ACCESS_SHARING_LEVEL"": ""PUBLIC_OPEN"", ""COICOP_1999"": ""_T"", ""COMMON_REFERENCE_PERIOD"": ""2023A"", ""COUNTRY"": ""BEN"", ""FREQUENCY"": ""M"", ""IFS_FLAG"": ""true"", ""INDEX_TYPE"": ""CPI"", ""OVERLAP"": ""OL"", ""SCALE"": ""0"", ""SECURITY_CLASSIFICATION"": ""PUB"", ""TYPE_OF_TRANSFORMATION"": ""IX""}}"
BEN,cpi_index_all_items_quarterly_imf,2015-Q2,quarterly,90.55573695121495,\N,derived,IMF_CPI,IMF|ACCESS_SHARING_LEVEL=PUBLIC_OPEN|COICOP_1999=_T|COMMON_REFERENCE_PERIOD=2023A|FREQUENCY=M|IFS_FLAG=true|INDEX_TYPE=CPI|OVERLAP=OL|SCALE=0|SECURITY_CLASSIFICATION=PUB|TYPE_OF_TRANSFORMATION=IX|aggregation=quarterly_mean,\N,"{""aggregation_method"": ""quarterly_mean"", ""source_derivation_types"": [""O"", ""O"", ""O""], ""source_months"": [""2015-M04"", ""2015-M05"", ""2015-M06""], ""source_observation_count"": 3, ""source_series_dimensions"": {""ACCESS_SHARING_LEVEL"": ""PUBLIC_OPEN"", ""COICOP_1999"": ""_T"", ""COMMON_REFERENCE_PERIOD"": ""2023A"", ""COUNTRY"": ""BEN"", ""FREQUENCY"": ""M"", ""IFS_FLAG"": ""true"", ""INDEX_TYPE"": ""CPI"", ""OVERLAP"": ""OL"", ""SCALE"": ""0"", ""SECURITY_CLASSIFICATION"": ""PUB"", ""TYPE_OF_TRANSFORMATION"": ""IX""}}"
BEN,cpi_index_all_items_quarterly_imf,2015-Q3,quarterly,91.18765874072487,\N,derived,IMF_CPI,IMF|ACCESS_SHARING_LEVEL=PUBLIC_OPEN|COICOP_1999=_T|COMMON_REFERENCE_PERIOD=2023A|FREQUENCY=M|IFS_FLAG=true|INDEX_TYPE=CPI|OVERLAP=OL|SCALE=0|SECURITY_CLASSIFICATION=PUB|TYPE_OF_TRANSFORMATION=IX|aggregation=quarterly_mean,\N,"{""aggregation_method"": ""quarterly_mean"", ""source_derivation_types"": [""O"", ""O"", ""O""], ""source_months"": [""2015-M07"", ""2015-M08"", ""2015-M09""], ""source_observation_count"": 3, ""source_series_dimensions"": {""ACCESS_SHARING_LEVEL"": ""PUBLIC_OPEN"", ""COICOP_1999"": ""_T"", ""COMMON_REFERENCE_PERIOD"": ""2023A"", ""COUNTRY"": ""BEN"", ""FREQUENCY"": ""M"", ""IFS_FLAG"": ""true"", ""INDEX_TYPE"": ""CPI"", ""OVERLAP"": ""OL"", ""SCALE"": ""0"", ""SECURITY_CLASSIFICATION"": ""PUB"", ""TYPE_OF_TRANSFORMATION"": ""IX""}}"
BEN,cpi_index_all_items_quarterly_imf,2015-Q4,quarterly,91.35975658978288,\N,derived,IMF_CPI,IMF|ACCESS_SHARING_LEVEL=PUBLIC_OPEN|COICOP_1999=_T|COMMON_REFERENCE_PERIOD=2023A|FREQUENCY=M|IFS_FLAG=true|INDEX_TYPE=CPI|OVERLAP=OL|SCALE=0|SECURITY_CLASSIFICATION=PUB|TYPE_OF_TRANSFORMATION=IX|aggregation=quarterly_mean,\N,"{""aggregation_method"": ""quarterly_mean"", ""source_derivation_types"": [""O"", ""O"", ""O""], ""source_months"": [""2015-M10"", ""2015-M11"", ""2015-M12""], ""source_observation_count"": 3, ""source_series_dimensions"": {""ACCESS_SHARING_LEVEL"": ""PUBLIC_OPEN"", ""COICOP_1999"": ""_T"", ""COMMON_REFERENCE_PERIOD"": ""2023A"", ""COUNTRY"": ""BEN"", ""FREQUENCY"": ""M"", ""IFS_FLAG"": ""true"", ""INDEX_TYPE"": ""CPI"", ""OVERLAP"": ""OL"", ""SCALE"": ""0"", ""SECURITY_CLASSIFICATION"": ""PUB"", ""TYPE_OF_TRANSFORMATION"": ""IX""}}"
BFA,cpi_index_all_items_quarterly_imf,2015-Q1,quarterly,80.35022974421811,\N,derived,IMF_CPI,IMF|ACCESS_SHARING_LEVEL=PUBLIC_OPEN|COICOP_1999=_T|COMMON_REFERENCE_PERIOD=2023A|FREQUENCY=M|IFS_FLAG=true|INDEX_TYPE=CPI|OVERLAP=OL|SCALE=0|SECURITY_CLASSIFICATION=PUB|TYPE_OF_TRANSFORMATION=IX|aggregation=quarterly_mean,\N,"{""aggregation_method"": ""quarterly_mean"", ""source_derivation_types"": [""O"", ""O"", ""O""], ""source_months"": [""2015-M01"", ""2015-M02"", ""2015-M03""], ""source_observation_count"": 3, ""source_series_dimensions"": {""ACCESS_SHARING_LEVEL"": ""PUBLIC_OPEN"", ""COICOP_1999"": ""_T"", ""COMMON_REFERENCE_PERIOD"": ""2023A"", ""COUNTRY"": ""BFA"", ""FREQUENCY"": ""M"", ""IFS_FLAG"": ""true"", ""INDEX_TYPE"": ""CPI"", ""OVERLAP"": ""OL"", ""SCALE"": ""0"", ""SECURITY_CLASSIFICATION"": ""PUB"", ""TYPE_OF_TRANSFORMATION"": ""IX""}}"
BFA,cpi_index_all_items_quarterly_imf,2015-Q2,quarterly,81.47168274876192,\N,derived,IMF_CPI,IMF|ACCESS_SHARING_LEVEL=PUBLIC_OPEN|COICOP_1999=_T|COMMON_REFERENCE_PERIOD=2023A|FREQUENCY=M|IFS_FLAG=true|INDEX_TYPE=CPI|OVERLAP=OL|SCALE=0|SECURITY_CLASSIFICATION=PUB|TYPE_OF_TRANSFORMATION=IX|aggregation=quarterly_mean,\N,"{""aggregation_method"": ""quarterly_mean"", ""source_derivation_types"": [""O"", ""O"", ""O""], ""source_months"": [""2015-M04"", ""2015-M05"", ""2015-M06""], ""source_observation_count"": 3, ""source_series_dimensions"": {""ACCESS_SHARING_LEVEL"": ""PUBLIC_OPEN"", ""COICOP_1999"": ""_T"", ""COMMON_REFERENCE_PERIOD"": ""2023A"", ""COUNTRY"": ""BFA"", ""FREQUENCY"": ""M"", ""IFS_FLAG"": ""true"", ""INDEX_TYPE"": ""CPI"", ""OVERLAP"": ""OL"", ""SCALE"": ""0"", ""SECURITY_CLASSIFICATION"": ""PUB"", ""TYPE_OF_TRANSFORMATION"": ""IX""}}"
BFA,cpi_index_all_items_quarterly_imf,2015-Q3,quarterly,82.7353295553173,\N,derived,IMF_CPI,IMF|ACCESS_SHARING_LEVEL=PUBLIC_OPEN|COICOP_1999=_T|COMMON_REFERENCE_PERIOD=2023A|FREQUENCY=M|IFS_FLAG=true|INDEX_TYPE=CPI|OVERLAP=OL|SCALE=0|SECURITY_CLASSIFICATION=PUB|TYPE_OF_TRANSFORMATION=IX|aggregation=quarterly_mean,\N,"{""aggregation_method"": ""quarterly_mean"", ""source_derivation_types"": [""O"", ""O"", ""O""], ""source_months"": [""2015-M07"", ""2015-M08"", ""2015-M09""], ""source_observation_count"": 3, ""source_series_dimensions"": {""ACCESS_SHARING_LEVEL"": ""PUBLIC_OPEN"", ""COICOP_1999"": ""_T"", ""COMMON_REFERENCE_PERIOD"": ""2023A"", ""COUNTRY"": ""BFA"", ""FREQUENCY"": ""M"", ""IFS_FLAG"": ""true"", ""INDEX_TYPE"": ""CPI"", ""OVERLAP"": ""OL"", ""SCALE"": ""0"", ""SECURITY_CLASSIFICATION"": ""PUB"", ""TYPE_OF_TRANSFORMATION"": ""IX""}}"
BFA,cpi_index_all_items_quarterly_imf,2015-Q4,quarterly,82.71386633991933,\N,derived,IMF_CPI,IMF|ACCESS_SHARING_LEVEL=PUBLIC_OPEN|COICOP_1999=_T|COMMON_REFERENCE_PERIOD=2023A|FREQUENCY=M|IFS_FLAG=true|INDEX_TYPE=CPI|OVERLAP=OL|SCALE=0|SECURITY_CLASSIFICATION=PUB|TYPE_OF_TRANSFORMATION=IX|aggregation=quarterly_mean,\N,"{""aggregation_method"": ""quarterly_mean"", ""source_derivation_types"": [""O"", ""O"", ""O""], ""source_months"": [""2015-M10"", ""2015-M11"", ""2015-M12""], ""source_observation_count"": 3, ""source_series_dimensions"": {""ACCESS_SHARING_LEVEL"": ""PUBLIC_OPEN"", ""COICOP_1999"": ""_T"", ""COMMON_REFERENCE_PERIOD"": ""2023A"", ""COUNTRY"": ""BFA"", ""FREQUENCY"": ""M"", ""IFS_FLAG"": ""true"", ""INDEX_TYPE"": ""CPI"", ""OVERLAP"": ""OL"", ""SCALE"": ""0"", ""SECURITY_CLASSIFICATION"": ""PUB"", ""TYPE_OF_TRANSFORMATION"": ""IX""}}"
BGD,cpi_index_all_items_quarterly_imf,2015-Q1,quarterly,68.49117713866163,\N,derived,IMF_CPI,IMF|ACCESS_SHARING_LEVEL=PUBLIC_OPEN|COICOP_1999=_T|COMMON_REFERENCE_PERIOD=2021A|FREQUENCY=M|IFS_FLAG=true|INDEX_TYPE=CPI|OVERLAP=OL|SCALE=0|SECURITY_CLASSIFICATION=PUB|TYPE_OF_TRANSFORMATION=IX|aggregation=quarterly_mean,\N,"{""aggregation_method"": ""quarterly_mean"", ""source_derivation_types"": [""O"", ""O"", ""O""], ""source_months"": [""2015-M01"", ""2015-M02"", ""2015-M03""], ""source_observation_count"": 3, ""source_series_dimensions"": {""ACCESS_SHARING_LEVEL"": ""PUBLIC_OPEN"", ""COICOP_1999"": ""_T"", ""COMMON_REFERENCE_PERIOD"": ""2021A"", ""COUNTRY"": ""BGD"", ""FREQUENCY"": ""M"", ""IFS_FLAG"": ""true"", ""INDEX_TYPE"": ""CPI"", ""OVERLAP"": ""OL"", ""SCALE"": ""0"", ""SECURITY_CLASSIFICATION"": ""PUB"", ""TYPE_OF_TRANSFORMATION"": ""IX""}}"
BGD,cpi_index_all_items_quarterly_imf,2015-Q2,quarterly,68.19648425254371,\N,derived,IMF_CPI,IMF|ACCESS_SHARING_LEVEL=PUBLIC_OPEN|COICOP_1999=_T|COMMON_REFERENCE_PERIOD=2021A|FREQUENCY=M|IFS_FLAG=true|INDEX_TYPE=CPI|OVERLAP=OL|SCALE=0|SECURITY_CLASSIFICATION=PUB|TYPE_OF_TRANSFORMATION=IX|aggregation=quarterly_mean,\N,"{""aggregation_method"": ""quarterly_mean"", ""source_derivation_types"": [""O"", ""O"", ""O""], ""source_months"": [""2015-M04"", ""2015-M05"", ""2015-M06""], ""source_observation_count"": 3, ""source_series_dimensions"": {""ACCESS_SHARING_LEVEL"": ""PUBLIC_OPEN"", ""COICOP_1999"": ""_T"", ""COMMON_REFERENCE_PERIOD"": ""2021A"", ""COUNTRY"": ""BGD"", ""FREQUENCY"": ""M"", ""IFS_FLAG"": ""true"", ""INDEX_TYPE"": ""CPI"", ""OVERLAP"": ""OL"", ""SCALE"": ""0"", ""SECURITY_CLASSIFICATION"": ""PUB"", ""TYPE_OF_TRANSFORMATION"": ""IX""}}"
BGD,cpi_index_all_items_quarterly_imf,2015-Q3,quarterly,69.97764272599169,\N,derived,IMF_CPI,IMF|ACCESS_SHARING_LEVEL=PUBLIC_OPEN|COICOP_1999=_T|COMMON_REFERENCE_PERIOD=2021A|FREQUENCY=M|IFS_FLAG=true|INDEX_TYPE=CPI|OVERLAP=OL|SCALE=0|SECURITY_CLASSIFICATION=PUB|TYPE_OF_TRANSFORMATION=IX|aggregation=quarterly_mean,\N,"{""aggregation_method"": ""quarterly_mean"", ""source_derivation_types"": [""O"", ""O"", ""O""], ""source_months"": [""2015-M07"", ""2015-M08"", ""2015-M09""], ""source_observation_count"": 3, ""source_series_dimensions"": {""ACCESS_SHARING_LEVEL"": ""PUBLIC_OPEN"", ""COICOP_1999"": ""_T"", ""COMMON_REFERENCE_PERIOD"": ""2021A"", ""COUNTRY"": ""BGD"", ""FREQUENCY"": ""M"", ""IFS_FLAG"": ""true"", ""INDEX_TYPE"": ""CPI"", ""OVERLAP"": ""OL"", ""SCALE"": ""0"", ""SECURITY_CLASSIFICATION"": ""PUB"", ""TYPE_OF_TRANSFORMATION"": ""IX""}}"
BGD,cpi_index_all_items_quarterly_imf,2015-Q4,quarterly,71.44677343766774,\N,derived,IMF_CPI,IMF|ACCESS_SHARING_LEVEL=PUBLIC_OPEN|COICOP_1999=_T|COMMON_REFERENCE_PERIOD=2021A|FREQUENCY=M|IFS_FLAG=true|INDEX_TYPE=CPI|OVERLAP=OL|SCALE=0|SECURITY_CLASSIFICATION=PUB|TYPE_OF_TRANSFORMATION=IX|aggregation=quarterly_mean,\N,"{""aggregation_method"": ""quarterly_mean"", ""source_derivation_types"": [""O"", ""O"", ""O""], ""source_months"": [""2015-M10"", ""2015-M11"", ""2015-M12""], ""source_observation_count"": 3, ""source_series_dimensions"": {""ACCESS_SHARING_LEVEL"": ""PUBLIC_OPEN"", ""COICOP_1999"": ""_T"", ""COMMON_REFERENCE_PERIOD"": ""2021A"", ""COUNTRY"": ""BGD"", ""FREQUENCY"": ""M"", ""IFS_FLAG"": ""true"", ""INDEX_TYPE"": ""CPI"", ""OVERLAP"": ""OL"", ""SCALE"": ""0"", ""SECURITY_CLASSIFICATION"": ""PUB"", ""TYPE_OF_TRANSFORMATION"": ""IX""}}"
BGR,cpi_index_all_items_quarterly_imf,2015-Q1,quarterly,65.57964991193172,\N,derived,IMF_CPI,IMF|ACCESS_SHARING_LEVEL=PUBLIC_OPEN|COICOP_1999=_T|COMMON_REFERENCE_PERIOD=2025A|FREQUENCY=M|IFS_FLAG=true|INDEX_TYPE=CPI|OVERLAP=OL|SCALE=0|SECURITY_CLASSIFICATION=PUB|TYPE_OF_TRANSFORMATION=IX|aggregation=quarterly_mean,\N,"{""aggregation_method"": ""quarterly_mean"", ""source_derivation_types"": [""O"", ""O"", ""O""], ""source_months"": [""2015-M01"", ""2015-M02"", ""2015-M03""], ""source_observation_count"": 3, ""source_series_dimensions"": {""ACCESS_SHARING_LEVEL"": ""PUBLIC_OPEN"", ""COICOP_1999"": ""_T"", ""COMMON_REFERENCE_PERIOD"": ""2025A"", ""COUNTRY"": ""BGR"", ""FREQUENCY"": ""M"", ""IFS_FLAG"": ""true"", ""INDEX_TYPE"": ""CPI"", ""OVERLAP"": ""OL"", ""SCALE"": ""0"", ""SECURITY_CLASSIFICATION"": ""PUB"", ""TYPE_OF_TRANSFORMATION"": ""IX""}}"
BGR,cpi_index_all_items_quarterly_imf,2015-Q2,quarterly,65.96662254149844,\N,derived,IMF_CPI,IMF|ACCESS_SHARING_LEVEL=PUBLIC_OPEN|COICOP_1999=_T|COMMON_REFERENCE_PERIOD=2025A|FREQUENCY=M|IFS_FLAG=true|INDEX_TYPE=CPI|OVERLAP=OL|SCALE=0|SECURITY_CLASSIFICATION=PUB|TYPE_OF_TRANSFORMATION=IX|aggregation=quarterly_mean,\N,"{""aggregation_method"": ""quarterly_mean"", ""source_derivation_types"": [""O"", ""O"", ""O""], ""source_months"": [""2015-M04"", ""2015-M05"", ""2015-M06""], ""source_observation_count"": 3, ""source_series_dimensions"": {""ACCESS_SHARING_LEVEL"": ""PUBLIC_OPEN"", ""COICOP_1999"": ""_T"", ""COMMON_REFERENCE_PERIOD"": ""2025A"", ""COUNTRY"": ""BGR"", ""FREQUENCY"": ""M"", ""IFS_FLAG"": ""true"", ""INDEX_TYPE"": ""CPI"", ""OVERLAP"": ""OL"", ""SCALE"": ""0"", ""SECURITY_CLASSIFICATION"": ""PUB"", ""TYPE_OF_TRANSFORMATION"": ""IX""}}"
BGR,cpi_index_all_items_quarterly_imf,2015-Q3,quarterly,65.42560826822996,\N,derived,IMF_CPI,IMF|ACCESS_SHARING_LEVEL=PUBLIC_OPEN|COICOP_1999=_T|COMMON_REFERENCE_PERIOD=2025A|FREQUENCY=M|IFS_FLAG=true|INDEX_TYPE=CPI|OVERLAP=OL|SCALE=0|SECURITY_CLASSIFICATION=PUB|TYPE_OF_TRANSFORMATION=IX|aggregation=quarterly_mean,\N,"{""aggregation_method"": ""quarterly_mean"", ""source_derivation_types"": [""O"", ""O"", ""O""], ""source_months"": [""2015-M07"", ""2015-M08"", ""2015-M09""], ""source_observation_count"": 3, ""source_series_dimensions"": {""ACCESS_SHARING_LEVEL"": ""PUBLIC_OPEN"", ""COICOP_1999"": ""_T"", ""COMMON_REFERENCE_PERIOD"": ""2025A"", ""COUNTRY"": ""BGR"", ""FREQUENCY"": ""M"", ""IFS_FLAG"": ""true"", ""INDEX_TYPE"": ""CPI"", ""OVERLAP"": ""OL"", ""SCALE"": ""0"", ""SECURITY_CLASSIFICATION"": ""PUB"", ""TYPE_OF_TRANSFORMATION"": ""IX""}}"
BGR,cpi_index_all_items_quarterly_imf,2015-Q4,quarterly,65.4474843552134,\N,derived,IMF_CPI,IMF|ACCESS_SHARING_LEVEL=PUBLIC_OPEN|COICOP_1999=_T|COMMON_REFERENCE_PERIOD=2025A|FREQUENCY=M|IFS_FLAG=true|INDEX_TYPE=CPI|OVERLAP=OL|SCALE=0|SECURITY_CLASSIFICATION=PUB|TYPE_OF_TRANSFORMATION=IX|aggregation=quarterly_mean,\N,"{""aggregation_method"": ""quarterly_mean"", ""source_derivation_types"": [""O"", ""O"", ""O""], ""source_months"": [""2015-M10"", ""2015-M11"", ""2015-M12""], ""source_observation_count"": 3, ""source_series_dimensions"": {""ACCESS_SHARING_LEVEL"": ""PUBLIC_OPEN"", ""COICOP_1999"": ""_T"", ""COMMON_REFERENCE_PERIOD"": ""2025A"", ""COUNTRY"": ""BGR"", ""FREQUENCY"": ""M"", ""IFS_FLAG"": ""true"", ""INDEX_TYPE"": ""CPI"", ""OVERLAP"": ""OL"", ""SCALE"": ""0"", ""SECURITY_CLASSIFICATION"": ""PUB"", ""TYPE_OF_TRANSFORMATION"": ""IX""}}"
BHR,cpi_index_all_items_quarterly_imf,2015-Q1,quarterly,92.6041361915094,\N,derived,IMF_CPI,IMF|ACCESS_SHARING_LEVEL=PUBLIC_OPEN|COICOP_1999=_T|COMMON_REFERENCE_PERIOD=2019M4|FREQUENCY=M|IFS_FLAG=true|INDEX_TYPE=CPI|OVERLAP=OL|SCALE=0|SECURITY_CLASSIFICATION=PUB|TYPE_OF_TRANSFORMATION=IX|aggregation=quarterly_mean,\N,"{""aggregation_method"": ""quarterly_mean"", ""source_derivation_types"": [""O"", ""O"", ""O""], ""source_months"": [""2015-M01"", ""2015-M02"", ""2015-M03""], ""source_observation_count"": 3, ""source_series_dimensions"": {""ACCESS_SHARING_LEVEL"": ""PUBLIC_OPEN"", ""COICOP_1999"": ""_T"", ""COMMON_REFERENCE_PERIOD"": ""2019M4"", ""COUNTRY"": ""BHR"", ""FREQUENCY"": ""M"", ""IFS_FLAG"": ""true"", ""INDEX_TYPE"": ""CPI"", ""OVERLAP"": ""OL"", ""SCALE"": ""0"", ""SECURITY_CLASSIFICATION"": ""PUB"", ""TYPE_OF_TRANSFORMATION"": ""IX""}}"
BHR,cpi_index_all_items_quarterly_imf,2015-Q2,quarterly,92.45461325923414,\N,derived,IMF_CPI,IMF|ACCESS_SHARING_LEVEL=PUBLIC_OPEN|COICOP_1999=_T|COMMON_REFERENCE_PERIOD=2019M4|FREQUENCY=M|IFS_FLAG=true|INDEX_TYPE=CPI|OVERLAP=OL|SCALE=0|SECURITY_CLASSIFICATION=PUB|TYPE_OF_TRANSFORMATION=IX|aggregation=quarterly_mean,\N,"{""aggregation_method"": ""quarterly_mean"", ""source_derivation_types"": [""O"", ""O"", ""O""], ""source_months"": [""2015-M04"", ""2015-M05"", ""2015-M06""], ""source_observation_count"": 3, ""source_series_dimensions"": {""ACCESS_SHARING_LEVEL"": ""PUBLIC_OPEN"", ""COICOP_1999"": ""_T"", ""COMMON_REFERENCE_PERIOD"": ""2019M4"", ""COUNTRY"": ""BHR"", ""FREQUENCY"": ""M"", ""IFS_FLAG"": ""true"", ""INDEX_TYPE"": ""CPI"", ""OVERLAP"": ""OL"", ""SCALE"": ""0"", ""SECURITY_CLASSIFICATION"": ""PUB"", ""TYPE_OF_TRANSFORMATION"": ""IX""}}"
BHR,cpi_index_all_items_quarterly_imf,2015-Q3,quarterly,93.24520523216488,\N,derived,IMF_CPI,IMF|ACCESS_SHARING_LEVEL=PUBLIC_OPEN|COICOP_1999=_T|COMMON_REFERENCE_PERIOD=2019M4|FREQUENCY=M|IFS_FLAG=true|INDEX_TYPE=CPI|OVERLAP=OL|SCALE=0|SECURITY_CLASSIFICATION=PUB|TYPE_OF_TRANSFORMATION=IX|aggregation=quarterly_mean,\N,"{""aggregation_method"": ""quarterly_mean"", ""source_derivation_types"": [""O"", ""O"", ""O""], ""source_months"": [""2015-M07"", ""2015-M08"", ""2015-M09""], ""source_observation_count"": 3, ""source_series_dimensions"": {""ACCESS_SHARING_LEVEL"": ""PUBLIC_OPEN"", ""COICOP_1999"": ""_T"", ""COMMON_REFERENCE_PERIOD"": ""2019M4"", ""COUNTRY"": ""BHR"", ""FREQUENCY"": ""M"", ""IFS_FLAG"": ""true"", ""INDEX_TYPE"": ""CPI"", ""OVERLAP"": ""OL"", ""SCALE"": ""0"", ""SECURITY_CLASSIFICATION"": ""PUB"", ""TYPE_OF_TRANSFORMATION"": ""IX""}}"
BHR,cpi_index_all_items_quarterly_imf,2015-Q4,quarterly,93.55797559075666,\N,derived,IMF_CPI,IMF|ACCESS_SHARING_LEVEL=PUBLIC_OPEN|COICOP_1999=_T|COMMON_REFERENCE_PERIOD=2019M4|FREQUENCY=M|IFS_FLAG=true|INDEX_TYPE=CPI|OVERLAP=OL|SCALE=0|SECURITY_CLASSIFICATION=PUB|TYPE_OF_TRANSFORMATION=IX|aggregation=quarterly_mean,\N,"{""aggregation_method"": ""quarterly_mean"", ""source_derivation_types"": [""O"", ""O"", ""O""], ""source_months"": [""2015-M10"", ""2015-M11"", ""2015-M12""], ""source_observation_count"": 3, ""source_series_dimensions"": {""ACCESS_SHARING_LEVEL"": ""PUBLIC_OPEN"", ""COICOP_1999"": ""_T"", ""COMMON_REFERENCE_PERIOD"": ""2019M4"", ""COUNTRY"": ""BHR"", ""FREQUENCY"": ""M"", ""IFS_FLAG"": ""true"", ""INDEX_TYPE"": ""CPI"", ""OVERLAP"": ""OL"", ""SCALE"": ""0"", ""SECURITY_CLASSIFICATION"": ""PUB"", ""TYPE_OF_TRANSFORMATION"": ""IX""}}"
BHS,cpi_index_all_items_quarterly_imf,2015-Q1,quarterly,101.97333333333331,\N,derived,IMF_CPI,IMF|ACCESS_SHARING_LEVEL=PUBLIC_OPEN|COICOP_1999=_T|COMMON_REFERENCE_PERIOD=2014M11|FREQUENCY=M|IFS_FLAG=true|INDEX_TYPE=CPI|OVERLAP=OL|SCALE=0|SECURITY_CLASSIFICATION=PUB|TYPE_OF_TRANSFORMATION=IX|aggregation=quarterly_mean,\N,"{""aggregation_method"": ""quarterly_mean"", ""source_derivation_types"": [""O"", ""O"", ""O""], ""source_months"": [""2015-M01"", ""2015-M02"", ""2015-M03""], ""source_observation_count"": 3, ""source_series_dimensions"": {""ACCESS_SHARING_LEVEL"": ""PUBLIC_OPEN"", ""COICOP_1999"": ""_T"", ""COMMON_REFERENCE_PERIOD"": ""2014M11"", ""COUNTRY"": ""BHS"", ""FREQUENCY"": ""M"", ""IFS_FLAG"": ""true"", ""INDEX_TYPE"": ""CPI"", ""OVERLAP"": ""OL"", ""SCALE"": ""0"", ""SECURITY_CLASSIFICATION"": ""PUB"", ""TYPE_OF_TRANSFORMATION"": ""IX""}}"
BHS,cpi_index_all_items_quarterly_imf,2015-Q2,quarterly,102.03000000000002,\N,derived,IMF_CPI,IMF|ACCESS_SHARING_LEVEL=PUBLIC_OPEN|COICOP_1999=_T|COMMON_REFERENCE_PERIOD=2014M11|FREQUENCY=M|IFS_FLAG=true|INDEX_TYPE=CPI|OVERLAP=OL|SCALE=0|SECURITY_CLASSIFICATION=PUB|TYPE_OF_TRANSFORMATION=IX|aggregation=quarterly_mean,\N,"{""aggregation_method"": ""quarterly_mean"", ""source_derivation_types"": [""O"", ""O"", ""O""], ""source_months"": [""2015-M04"", ""2015-M05"", ""2015-M06""], ""source_observation_count"": 3, ""source_series_dimensions"": {""ACCESS_SHARING_LEVEL"": ""PUBLIC_OPEN"", ""COICOP_1999"": ""_T"", ""COMMON_REFERENCE_PERIOD"": ""2014M11"", ""COUNTRY"": ""BHS"", ""FREQUENCY"": ""M"", ""IFS_FLAG"": ""true"", ""INDEX_TYPE"": ""CPI"", ""OVERLAP"": ""OL"", ""SCALE"": ""0"", ""SECURITY_CLASSIFICATION"": ""PUB"", ""TYPE_OF_TRANSFORMATION"": ""IX""}}"
BHS,cpi_index_all_items_quarterly_imf,2015-Q3,quarterly,102.44333333333333,\N,derived,IMF_CPI,IMF|ACCESS_SHARING_LEVEL=PUBLIC_OPEN|COICOP_1999=_T|COMMON_REFERENCE_PERIOD=2014M11|FREQUENCY=M|IFS_FLAG=true|INDEX_TYPE=CPI|OVERLAP=OL|SCALE=0|SECURITY_CLASSIFICATION=PUB|TYPE_OF_TRANSFORMATION=IX|aggregation=quarterly_mean,\N,"{""aggregation_method"": ""quarterly_mean"", ""source_derivation_types"": [""O"", ""O"", ""O""], ""source_months"": [""2015-M07"", ""2015-M08"", ""2015-M09""], ""source_observation_count"": 3, ""source_series_dimensions"": {""ACCESS_SHARING_LEVEL"": ""PUBLIC_OPEN"", ""COICOP_1999"": ""_T"", ""COMMON_REFERENCE_PERIOD"": ""2014M11"", ""COUNTRY"": ""BHS"", ""FREQUENCY"": ""M"", ""IFS_FLAG"": ""true"", ""INDEX_TYPE"": ""CPI"", ""OVERLAP"": ""OL"", ""SCALE"": ""0"", ""SECURITY_CLASSIFICATION"": ""PUB"", ""TYPE_OF_TRANSFORMATION"": ""IX""}}"
BHS,cpi_index_all_items_quarterly_imf,2015-Q4,quarterly,101.58666666666666,\N,derived,IMF_CPI,IMF|ACCESS_SHARING_LEVEL=PUBLIC_OPEN|COICOP_1999=_T|COMMON_REFERENCE_PERIOD=2014M11|FREQUENCY=M|IFS_FLAG=true|INDEX_TYPE=CPI|OVERLAP=OL|SCALE=0|SECURITY_CLASSIFICATION=PUB|TYPE_OF_TRANSFORMATION=IX|aggregation=quarterly_mean,\N,"{""aggregation_method"": ""quarterly_mean"", ""source_derivation_types"": [""O"", ""O"", ""O""], ""source_months"": [""2015-M10"", ""2015-M11"", ""2015-M12""], ""source_observation_count"": 3, ""source_series_dimensions"": {""ACCESS_SHARING_LEVEL"": ""PUBLIC_OPEN"", ""COICOP_1999"": ""_T"", ""COMMON_REFERENCE_PERIOD"": ""2014M11"", ""COUNTRY"": ""BHS"", ""FREQUENCY"": ""M"", ""IFS_FLAG"": ""true"", ""INDEX_TYPE"": ""CPI"", ""OVERLAP"": ""OL"", ""SCALE"": ""0"", ""SECURITY_CLASSIFICATION"": ""PUB"", ""TYPE_OF_TRANSFORMATION"": ""IX""}}"
BIH,cpi_index_all_items_quarterly_imf,2015-Q1,quarterly,100.67343681042733,\N,derived,IMF_CPI,IMF|ACCESS_SHARING_LEVEL=PUBLIC_OPEN|COICOP_1999=_T|COMMON_REFERENCE_PERIOD=2015A|FREQUENCY=M|IFS_FLAG=true|INDEX_TYPE=CPI|OVERLAP=OL|SCALE=0|SECURITY_CLASSIFICATION=PUB|TYPE_OF_TRANSFORMATION=IX|aggregation=quarterly_mean,\N,"{""aggregation_method"": ""quarterly_mean"", ""source_derivation_types"": [""O"", ""O"", ""O""], ""source_months"": [""2015-M01"", ""2015-M02"", ""2015-M03""], ""source_observation_count"": 3, ""source_series_dimensions"": {""ACCESS_SHARING_LEVEL"": ""PUBLIC_OPEN"", ""COICOP_1999"": ""_T"", ""COMMON_REFERENCE_PERIOD"": ""2015A"", ""COUNTRY"": ""BIH"", ""FREQUENCY"": ""M"", ""IFS_FLAG"": ""true"", ""INDEX_TYPE"": ""CPI"", ""OVERLAP"": ""OL"", ""SCALE"": ""0"", ""SECURITY_CLASSIFICATION"": ""PUB"", ""TYPE_OF_TRANSFORMATION"": ""IX""}}"
BIH,cpi_index_all_items_quarterly_imf,2015-Q2,quarterly,100.466414264788,\N,derived,IMF_CPI,IMF|ACCESS_SHARING_LEVEL=PUBLIC_OPEN|COICOP_1999=_T|COMMON_REFERENCE_PERIOD=2015A|FREQUENCY=M|IFS_FLAG=true|INDEX_TYPE=CPI|OVERLAP=OL|SCALE=0|SECURITY_CLASSIFICATION=PUB|TYPE_OF_TRANSFORMATION=IX|aggregation=quarterly_mean,\N,"{""aggregation_method"": ""quarterly_mean"", ""source_derivation_types"": [""O"", ""O"", ""O""], ""source_months"": [""2015-M04"", ""2015-M05"", ""2015-M06""], ""source_observation_count"": 3, ""source_series_dimensions"": {""ACCESS_SHARING_LEVEL"": ""PUBLIC_OPEN"", ""COICOP_1999"": ""_T"", ""COMMON_REFERENCE_PERIOD"": ""2015A"", ""COUNTRY"": ""BIH"", ""FREQUENCY"": ""M"", ""IFS_FLAG"": ""true"", ""INDEX_TYPE"": ""CPI"", ""OVERLAP"": ""OL"", ""SCALE"": ""0"", ""SECURITY_CLASSIFICATION"": ""PUB"", ""TYPE_OF_TRANSFORMATION"": ""IX""}}"
BIH,cpi_index_all_items_quarterly_imf,2015-Q3,quarterly,99.31558675872635,\N,derived,IMF_CPI,IMF|ACCESS_SHARING_LEVEL=PUBLIC_OPEN|COICOP_1999=_T|COMMON_REFERENCE_PERIOD=2015A|FREQUENCY=M|IFS_FLAG=true|INDEX_TYPE=CPI|OVERLAP=OL|SCALE=0|SECURITY_CLASSIFICATION=PUB|TYPE_OF_TRANSFORMATION=IX|aggregation=quarterly_mean,\N,"{""aggregation_method"": ""quarterly_mean"", ""source_derivation_types"": [""O"", ""O"", ""O""], ""source_months"": [""2015-M07"", ""2015-M08"", ""2015-M09""], ""source_observation_count"": 3, ""source_series_dimensions"": {""ACCESS_SHARING_LEVEL"": ""PUBLIC_OPEN"", ""COICOP_1999"": ""_T"", ""COMMON_REFERENCE_PERIOD"": ""2015A"", ""COUNTRY"": ""BIH"", ""FREQUENCY"": ""M"", ""IFS_FLAG"": ""true"", ""INDEX_TYPE"": ""CPI"", ""OVERLAP"": ""OL"", ""SCALE"": ""0"", ""SECURITY_CLASSIFICATION"": ""PUB"", ""TYPE_OF_TRANSFORMATION"": ""IX""}}"
BIH,cpi_index_all_items_quarterly_imf,2015-Q4,quarterly,99.54456216605827,\N,derived,IMF_CPI,IMF|ACCESS_SHARING_LEVEL=PUBLIC_OPEN|COICOP_1999=_T|COMMON_REFERENCE_PERIOD=2015A|FREQUENCY=M|IFS_FLAG=true|INDEX_TYPE=CPI|OVERLAP=OL|SCALE=0|SECURITY_CLASSIFICATION=PUB|TYPE_OF_TRANSFORMATION=IX|aggregation=quarterly_mean,\N,"{""aggregation_method"": ""quarterly_mean"", ""source_derivation_types"": [""O"", ""O"", ""O""], ""source_months"": [""2015-M10"", ""2015-M11"", ""2015-M12""], ""source_observation_count"": 3, ""source_series_dimensions"": {""ACCESS_SHARING_LEVEL"": ""PUBLIC_OPEN"", ""COICOP_1999"": ""_T"", ""COMMON_REFERENCE_PERIOD"": ""2015A"", ""COUNTRY"": ""BIH"", ""FREQUENCY"": ""M"", ""IFS_FLAG"": ""true"", ""INDEX_TYPE"": ""CPI"", ""OVERLAP"": ""OL"", ""SCALE"": ""0"", ""SECURITY_CLASSIFICATION"": ""PUB"", ""TYPE_OF_TRANSFORMATION"": ""IX""}}"
BLR,cpi_index_all_items_quarterly_imf,2015-Q1,quarterly,45.870305194586905,\N,derived,IMF_CPI,IMF|ACCESS_SHARING_LEVEL=PUBLIC_OPEN|COICOP_1999=_T|COMMON_REFERENCE_PERIOD=2025M12|FREQUENCY=M|IFS_FLAG=true|INDEX_TYPE=CPI|OVERLAP=OL|SCALE=0|SECURITY_CLASSIFICATION=PUB|TYPE_OF_TRANSFORMATION=IX|aggregation=quarterly_mean,\N,"{""aggregation_method"": ""quarterly_mean"", ""source_derivation_types"": [""O"", ""O"", ""O""], ""source_months"": [""2015-M01"", ""2015-M02"", ""2015-M03""], ""source_observation_count"": 3, ""source_series_dimensions"": {""ACCESS_SHARING_LEVEL"": ""PUBLIC_OPEN"", ""COICOP_1999"": ""_T"", ""COMMON_REFERENCE_PERIOD"": ""2025M12"", ""COUNTRY"": ""BLR"", ""FREQUENCY"": ""M"", ""IFS_FLAG"": ""true"", ""INDEX_TYPE"": ""CPI"", ""OVERLAP"": ""OL"", ""SCALE"": ""0"", ""SECURITY_CLASSIFICATION"": ""PUB"", ""TYPE_OF_TRANSFORMATION"": ""IX""}}"
BLR,cpi_index_all_items_quarterly_imf,2015-Q2,quarterly,47.10502560294691,\N,derived,IMF_CPI,IMF|ACCESS_SHARING_LEVEL=PUBLIC_OPEN|COICOP_1999=_T|COMMON_REFERENCE_PERIOD=2025M12|FREQUENCY=M|IFS_FLAG=true|INDEX_TYPE=CPI|OVERLAP=OL|SCALE=0|SECURITY_CLASSIFICATION=PUB|TYPE_OF_TRANSFORMATION=IX|aggregation=quarterly_mean,\N,"{""aggregation_method"": ""quarterly_mean"", ""source_derivation_types"": [""O"", ""O"", ""O""], ""source_months"": [""2015-M04"", ""2015-M05"", ""2015-M06""], ""source_observation_count"": 3, ""source_series_dimensions"": {""ACCESS_SHARING_LEVEL"": ""PUBLIC_OPEN"", ""COICOP_1999"": ""_T"", ""COMMON_REFERENCE_PERIOD"": ""2025M12"", ""COUNTRY"": ""BLR"", ""FREQUENCY"": ""M"", ""IFS_FLAG"": ""true"", ""INDEX_TYPE"": ""CPI"", ""OVERLAP"": ""OL"", ""SCALE"": ""0"", ""SECURITY_CLASSIFICATION"": ""PUB"", ""TYPE_OF_TRANSFORMATION"": ""IX""}}"
BLR,cpi_index_all_items_quarterly_imf,2015-Q3,quarterly,47.81668426313532,\N,derived,IMF_CPI,IMF|ACCESS_SHARING_LEVEL=PUBLIC_OPEN|COICOP_1999=_T|COMMON_REFERENCE_PERIOD=2025M12|FREQUENCY=M|IFS_FLAG=true|INDEX_TYPE=CPI|OVERLAP=OL|SCALE=0|SECURITY_CLASSIFICATION=PUB|TYPE_OF_TRANSFORMATION=IX|aggregation=quarterly_mean,\N,"{""aggregation_method"": ""quarterly_mean"", ""source_derivation_types"": [""O"", ""O"", ""O""], ""source_months"": [""2015-M07"", ""2015-M08"", ""2015-M09""], ""source_observation_count"": 3, ""source_series_dimensions"": {""ACCESS_SHARING_LEVEL"": ""PUBLIC_OPEN"", ""COICOP_1999"": ""_T"", ""COMMON_REFERENCE_PERIOD"": ""2025M12"", ""COUNTRY"": ""BLR"", ""FREQUENCY"": ""M"", ""IFS_FLAG"": ""true"", ""INDEX_TYPE"": ""CPI"", ""OVERLAP"": ""OL"", ""SCALE"": ""0"", ""SECURITY_CLASSIFICATION"": ""PUB"", ""TYPE_OF_TRANSFORMATION"": ""IX""}}"
BLR,cpi_index_all_items_quarterly_imf,2015-Q4,quarterly,49.027830057493226,\N,derived,IMF_CPI,IMF|ACCESS_SHARING_LEVEL=PUBLIC_OPEN|COICOP_1999=_T|COMMON_REFERENCE_PERIOD=2025M12|FREQUENCY=M|IFS_FLAG=true|INDEX_TYPE=CPI|OVERLAP=OL|SCALE=0|SECURITY_CLASSIFICATION=PUB|TYPE_OF_TRANSFORMATION=IX|aggregation=quarterly_mean,\N,"{""aggregation_method"": ""quarterly_mean"", ""source_derivation_types"": [""O"", ""O"", ""O""], ""source_months"": [""2015-M10"", ""2015-M11"", ""2015-M12""], ""source_observation_count"": 3, ""source_series_dimensions"": {""ACCESS_SHARING_LEVEL"": ""PUBLIC_OPEN"", ""COICOP_1999"": ""_T"", ""COMMON_REFERENCE_PERIOD"": ""2025M12"", ""COUNTRY"": ""BLR"", ""FREQUENCY"": ""M"", ""IFS_FLAG"": ""true"", ""INDEX_TYPE"": ""CPI"", ""OVERLAP"": ""OL"", ""SCALE"": ""0"", ""SECURITY_CLASSIFICATION"": ""PUB"", ""TYPE_OF_TRANSFORMATION"": ""IX""}}"
BLZ,cpi_index_all_items_quarterly_imf,2015-Q1,quarterly,97.9512441168519,\N,derived,IMF_CPI,IMF|ACCESS_SHARING_LEVEL=PUBLIC_OPEN|COICOP_1999=_T|COMMON_REFERENCE_PERIOD=2020M10|FREQUENCY=M|IFS_FLAG=true|INDEX_TYPE=CPI|OVERLAP=OL|SCALE=0|SECURITY_CLASSIFICATION=PUB|TYPE_OF_TRANSFORMATION=IX|aggregation=quarterly_mean,\N,"{""aggregation_method"": ""quarterly_mean"", ""source_derivation_types"": [""O"", ""O"", ""O""], ""source_months"": [""2015-M01"", ""2015-M02"", ""2015-M03""], ""source_observation_count"": 3, ""source_series_dimensions"": {""ACCESS_SHARING_LEVEL"": ""PUBLIC_OPEN"", ""COICOP_1999"": ""_T"", ""COMMON_REFERENCE_PERIOD"": ""2020M10"", ""COUNTRY"": ""BLZ"", ""FREQUENCY"": ""M"", ""IFS_FLAG"": ""true"", ""INDEX_TYPE"": ""CPI"", ""OVERLAP"": ""OL"", ""SCALE"": ""0"", ""SECURITY_CLASSIFICATION"": ""PUB"", ""TYPE_OF_TRANSFORMATION"": ""IX""}}"
BLZ,cpi_index_all_items_quarterly_imf,2015-Q2,quarterly,98.04849766192564,\N,derived,IMF_CPI,IMF|ACCESS_SHARING_LEVEL=PUBLIC_OPEN|COICOP_1999=_T|COMMON_REFERENCE_PERIOD=2020M10|FREQUENCY=M|IFS_FLAG=true|INDEX_TYPE=CPI|OVERLAP=OL|SCALE=0|SECURITY_CLASSIFICATION=PUB|TYPE_OF_TRANSFORMATION=IX|aggregation=quarterly_mean,\N,"{""aggregation_method"": ""quarterly_mean"", ""source_derivation_types"": [""O"", ""O"", ""O""], ""source_months"": [""2015-M04"", ""2015-M05"", ""2015-M06""], ""source_observation_count"": 3, ""source_series_dimensions"": {""ACCESS_SHARING_LEVEL"": ""PUBLIC_OPEN"", ""COICOP_1999"": ""_T"", ""COMMON_REFERENCE_PERIOD"": ""2020M10"", ""COUNTRY"": ""BLZ"", ""FREQUENCY"": ""M"", ""IFS_FLAG"": ""true"", ""INDEX_TYPE"": ""CPI"", ""OVERLAP"": ""OL"", ""SCALE"": ""0"", ""SECURITY_CLASSIFICATION"": ""PUB"", ""TYPE_OF_TRANSFORMATION"": ""IX""}}"
BLZ,cpi_index_all_items_quarterly_imf,2015-Q3,quarterly,98.28949290976986,\N,derived,IMF_CPI,IMF|ACCESS_SHARING_LEVEL=PUBLIC_OPEN|COICOP_1999=_T|COMMON_REFERENCE_PERIOD=2020M10|FREQUENCY=M|IFS_FLAG=true|INDEX_TYPE=CPI|OVERLAP=OL|SCALE=0|SECURITY_CLASSIFICATION=PUB|TYPE_OF_TRANSFORMATION=IX|aggregation=quarterly_mean,\N,"{""aggregation_method"": ""quarterly_mean"", ""source_derivation_types"": [""O"", ""O"", ""O""], ""source_months"": [""2015-M07"", ""2015-M08"", ""2015-M09""], ""source_observation_count"": 3, ""source_series_dimensions"": {""ACCESS_SHARING_LEVEL"": ""PUBLIC_OPEN"", ""COICOP_1999"": ""_T"", ""COMMON_REFERENCE_PERIOD"": ""2020M10"", ""COUNTRY"": ""BLZ"", ""FREQUENCY"": ""M"", ""IFS_FLAG"": ""true"", ""INDEX_TYPE"": ""CPI"", ""OVERLAP"": ""OL"", ""SCALE"": ""0"", ""SECURITY_CLASSIFICATION"": ""PUB"", ""TYPE_OF_TRANSFORMATION"": ""IX""}}"
BLZ,cpi_index_all_items_quarterly_imf,2015-Q4,quarterly,98.1746742021145,\N,derived,IMF_CPI,IMF|ACCESS_SHARING_LEVEL=PUBLIC_OPEN|COICOP_1999=_T|COMMON_REFERENCE_PERIOD=2020M10|FREQUENCY=M|IFS_FLAG=true|INDEX_TYPE=CPI|OVERLAP=OL|SCALE=0|SECURITY_CLASSIFICATION=PUB|TYPE_OF_TRANSFORMATION=IX|aggregation=quarterly_mean,\N,"{""aggregation_method"": ""quarterly_mean"", ""source_derivation_types"": [""O"", ""O"", ""O""], ""source_months"": [""2015-M10"", ""2015-M11"", ""2015-M12""], ""source_observation_count"": 3, ""source_series_dimensions"": {""ACCESS_SHARING_LEVEL"": ""PUBLIC_OPEN"", ""COICOP_1999"": ""_T"", ""COMMON_REFERENCE_PERIOD"": ""2020M10"", ""COUNTRY"": ""BLZ"", ""FREQUENCY"": ""M"", ""IFS_FLAG"": ""true"", ""INDEX_TYPE"": ""CPI"", ""OVERLAP"": ""OL"", ""SCALE"": ""0"", ""SECURITY_CLASSIFICATION"": ""PUB"", ""TYPE_OF_TRANSFORMATION"": ""IX""}}"
BOL,cpi_index_all_items_quarterly_imf,2015-Q1,quarterly,92.64666666666666,\N,derived,IMF_CPI,IMF|ACCESS_SHARING_LEVEL=PUBLIC_OPEN|COICOP_1999=_T|COMMON_REFERENCE_PERIOD=2016A|FREQUENCY=M|IFS_FLAG=true|INDEX_TYPE=CPI|OVERLAP=OL|SCALE=0|SECURITY_CLASSIFICATION=PUB|TYPE_OF_TRANSFORMATION=IX|aggregation=quarterly_mean,\N,"{""aggregation_method"": ""quarterly_mean"", ""source_derivation_types"": [""O"", ""O"", ""O""], ""source_months"": [""2015-M01"", ""2015-M02"", ""2015-M03""], ""source_observation_count"": 3, ""source_series_dimensions"": {""ACCESS_SHARING_LEVEL"": ""PUBLIC_OPEN"", ""COICOP_1999"": ""_T"", ""COMMON_REFERENCE_PERIOD"": ""2016A"", ""COUNTRY"": ""BOL"", ""FREQUENCY"": ""M"", ""IFS_FLAG"": ""true"", ""INDEX_TYPE"": ""CPI"", ""OVERLAP"": ""OL"", ""SCALE"": ""0"", ""SECURITY_CLASSIFICATION"": ""PUB"", ""TYPE_OF_TRANSFORMATION"": ""IX""}}"
BOL,cpi_index_all_items_quarterly_imf,2015-Q2,quarterly,92.38666666666666,\N,derived,IMF_CPI,IMF|ACCESS_SHARING_LEVEL=PUBLIC_OPEN|COICOP_1999=_T|COMMON_REFERENCE_PERIOD=2016A|FREQUENCY=M|IFS_FLAG=true|INDEX_TYPE=CPI|OVERLAP=OL|SCALE=0|SECURITY_CLASSIFICATION=PUB|TYPE_OF_TRANSFORMATION=IX|aggregation=quarterly_mean,\N,"{""aggregation_method"": ""quarterly_mean"", ""source_derivation_types"": [""O"", ""O"", ""O""], ""source_months"": [""2015-M04"", ""2015-M05"", ""2015-M06""], ""source_observation_count"": 3, ""source_series_dimensions"": {""ACCESS_SHARING_LEVEL"": ""PUBLIC_OPEN"", ""COICOP_1999"": ""_T"", ""COMMON_REFERENCE_PERIOD"": ""2016A"", ""COUNTRY"": ""BOL"", ""FREQUENCY"": ""M"", ""IFS_FLAG"": ""true"", ""INDEX_TYPE"": ""CPI"", ""OVERLAP"": ""OL"", ""SCALE"": ""0"", ""SECURITY_CLASSIFICATION"": ""PUB"", ""TYPE_OF_TRANSFORMATION"": ""IX""}}"
BOL,cpi_index_all_items_quarterly_imf,2015-Q3,quarterly,93.54333333333334,\N,derived,IMF_CPI,IMF|ACCESS_SHARING_LEVEL=PUBLIC_OPEN|COICOP_1999=_T|COMMON_REFERENCE_PERIOD=2016A|FREQUENCY=M|IFS_FLAG=true|INDEX_TYPE=CPI|OVERLAP=OL|SCALE=0|SECURITY_CLASSIFICATION=PUB|TYPE_OF_TRANSFORMATION=IX|aggregation=quarterly_mean,\N,"{""aggregation_method"": ""quarterly_mean"", ""source_derivation_types"": [""O"", ""O"", ""O""], ""source_months"": [""2015-M07"", ""2015-M08"", ""2015-M09""], ""source_observation_count"": 3, ""source_series_dimensions"": {""ACCESS_SHARING_LEVEL"": ""PUBLIC_OPEN"", ""COICOP_1999"": ""_T"", ""COMMON_REFERENCE_PERIOD"": ""2016A"", ""COUNTRY"": ""BOL"", ""FREQUENCY"": ""M"", ""IFS_FLAG"": ""true"", ""INDEX_TYPE"": ""CPI"", ""OVERLAP"": ""OL"", ""SCALE"": ""0"", ""SECURITY_CLASSIFICATION"": ""PUB"", ""TYPE_OF_TRANSFORMATION"": ""IX""}}"
BOL,cpi_index_all_items_quarterly_imf,2015-Q4,quarterly,94.29666666666667,\N,derived,IMF_CPI,IMF|ACCESS_SHARING_LEVEL=PUBLIC_OPEN|COICOP_1999=_T|COMMON_REFERENCE_PERIOD=2016A|FREQUENCY=M|IFS_FLAG=true|INDEX_TYPE=CPI|OVERLAP=OL|SCALE=0|SECURITY_CLASSIFICATION=PUB|TYPE_OF_TRANSFORMATION=IX|aggregation=quarterly_mean,\N,"{""aggregation_method"": ""quarterly_mean"", ""source_derivation_types"": [""O"", ""O"", ""O""], ""source_months"": [""2015-M10"", ""2015-M11"", ""2015-M12""], ""source_observation_count"": 3, ""source_series_dimensions"": {""ACCESS_SHARING_LEVEL"": ""PUBLIC_OPEN"", ""COICOP_1999"": ""_T"", ""COMMON_REFERENCE_PERIOD"": ""2016A"", ""COUNTRY"": ""BOL"", ""FREQUENCY"": ""M"", ""IFS_FLAG"": ""true"", ""INDEX_TYPE"": ""CPI"", ""OVERLAP"": ""OL"", ""SCALE"": ""0"", ""SECURITY_CLASSIFICATION"": ""PUB"", ""TYPE_OF_TRANSFORMATION"": ""IX""}}"
BRA,cpi_index_all_items_quarterly_imf,2015-Q1,quarterly,4161.933333333333,\N,derived,IMF_CPI,IMF|ACCESS_SHARING_LEVEL=PUBLIC_OPEN|COICOP_1999=_T|COMMON_REFERENCE_PERIOD=1993M12|FREQUENCY=M|IFS_FLAG=true|INDEX_TYPE=CPI|OVERLAP=OL|SCALE=0|SECURITY_CLASSIFICATION=PUB|TYPE_OF_TRANSFORMATION=IX|aggregation=quarterly_mean,\N,"{""aggregation_method"": ""quarterly_mean"", ""source_derivation_types"": [""O"", ""O"", ""O""], ""source_months"": [""2015-M01"", ""2015-M02"", ""2015-M03""], ""source_observation_count"": 3, ""source_series_dimensions"": {""ACCESS_SHARING_LEVEL"": ""PUBLIC_OPEN"", ""COICOP_1999"": ""_T"", ""COMMON_REFERENCE_PERIOD"": ""1993M12"", ""COUNTRY"": ""BRA"", ""FREQUENCY"": ""M"", ""IFS_FLAG"": ""true"", ""INDEX_TYPE"": ""CPI"", ""OVERLAP"": ""OL"", ""SCALE"": ""0"", ""SECURITY_CLASSIFICATION"": ""PUB"", ""TYPE_OF_TRANSFORMATION"": ""IX""}}"
BRA,cpi_index_all_items_quarterly_imf,2015-Q2,quarterly,4277.393333333333,\N,derived,IMF_CPI,IMF|ACCESS_SHARING_LEVEL=PUBLIC_OPEN|COICOP_1999=_T|COMMON_REFERENCE_PERIOD=1993M12|FREQUENCY=M|IFS_FLAG=true|INDEX_TYPE=CPI|OVERLAP=OL|SCALE=0|SECURITY_CLASSIFICATION=PUB|TYPE_OF_TRANSFORMATION=IX|aggregation=quarterly_mean,\N,"{""aggregation_method"": ""quarterly_mean"", ""source_derivation_types"": [""O"", ""O"", ""O""], ""source_months"": [""2015-M04"", ""2015-M05"", ""2015-M06""], ""source_observation_count"": 3, ""source_series_dimensions"": {""ACCESS_SHARING_LEVEL"": ""PUBLIC_OPEN"", ""COICOP_1999"": ""_T"", ""COMMON_REFERENCE_PERIOD"": ""1993M12"", ""COUNTRY"": ""BRA"", ""FREQUENCY"": ""M"", ""IFS_FLAG"": ""true"", ""INDEX_TYPE"": ""CPI"", ""OVERLAP"": ""OL"", ""SCALE"": ""0"", ""SECURITY_CLASSIFICATION"": ""PUB"", ""TYPE_OF_TRANSFORMATION"": ""IX""}}"
BRA,cpi_index_all_items_quarterly_imf,2015-Q3,quarterly,4351.293333333332,\N,derived,IMF_CPI,IMF|ACCESS_SHARING_LEVEL=PUBLIC_OPEN|COICOP_1999=_T|COMMON_REFERENCE_PERIOD=1993M12|FREQUENCY=M|IFS_FLAG=true|INDEX_TYPE=CPI|OVERLAP=OL|SCALE=0|SECURITY_CLASSIFICATION=PUB|TYPE_OF_TRANSFORMATION=IX|aggregation=quarterly_mean,\N,"{""aggregation_method"": ""quarterly_mean"", ""source_derivation_types"": [""O"", ""O"", ""O""], ""source_months"": [""2015-M07"", ""2015-M08"", ""2015-M09""], ""source_observation_count"": 3, ""source_series_dimensions"": {""ACCESS_SHARING_LEVEL"": ""PUBLIC_OPEN"", ""COICOP_1999"": ""_T"", ""COMMON_REFERENCE_PERIOD"": ""1993M12"", ""COUNTRY"": ""BRA"", ""FREQUENCY"": ""M"", ""IFS_FLAG"": ""true"", ""INDEX_TYPE"": ""CPI"", ""OVERLAP"": ""OL"", ""SCALE"": ""0"", ""SECURITY_CLASSIFICATION"": ""PUB"", ""TYPE_OF_TRANSFORMATION"": ""IX""}}"
BRA,cpi_index_all_items_quarterly_imf,2015-Q4,quarterly,4449.856666666667,\N,derived,IMF_CPI,IMF|ACCESS_SHARING_LEVEL=PUBLIC_OPEN|COICOP_1999=_T|COMMON_REFERENCE_PERIOD=1993M12|FREQUENCY=M|IFS_FLAG=true|INDEX_TYPE=CPI|OVERLAP=OL|SCALE=0|SECURITY_CLASSIFICATION=PUB|TYPE_OF_TRANSFORMATION=IX|aggregation=quarterly_mean,\N,"{""aggregation_method"": ""quarterly_mean"", ""source_derivation_types"": [""O"", ""O"", ""O""], ""source_months"": [""2015-M10"", ""2015-M11"", ""2015-M12""], ""source_observation_count"": 3, ""source_series_dimensions"": {""ACCESS_SHARING_LEVEL"": ""PUBLIC_OPEN"", ""COICOP_1999"": ""_T"", ""COMMON_REFERENCE_PERIOD"": ""1993M12"", ""COUNTRY"": ""BRA"", ""FREQUENCY"": ""M"", ""IFS_FLAG"": ""true"", ""INDEX_TYPE"": ""CPI"", ""OVERLAP"": ""OL"", ""SCALE"": ""0"", ""SECURITY_CLASSIFICATION"": ""PUB"", ""TYPE_OF_TRANSFORMATION"": ""IX""}}"
BRB,cpi_index_all_items_quarterly_imf,2015-Q1,quarterly,90.03273176886097,\N,derived,IMF_CPI,IMF|ACCESS_SHARING_LEVEL=PUBLIC_OPEN|COICOP_1999=_T|COMMON_REFERENCE_PERIOD=2018M07|FREQUENCY=M|IFS_FLAG=true|INDEX_TYPE=CPI|OVERLAP=OL|SCALE=0|SECURITY_CLASSIFICATION=PUB|TYPE_OF_TRANSFORMATION=IX|aggregation=quarterly_mean,\N,"{""aggregation_method"": ""quarterly_mean"", ""source_derivation_types"": [""O"", ""O"", ""O""], ""source_months"": [""2015-M01"", ""2015-M02"", ""2015-M03""], ""source_observation_count"": 3, ""source_series_dimensions"": {""ACCESS_SHARING_LEVEL"": ""PUBLIC_OPEN"", ""COICOP_1999"": ""_T"", ""COMMON_REFERENCE_PERIOD"": ""2018M07"", ""COUNTRY"": ""BRB"", ""FREQUENCY"": ""M"", ""IFS_FLAG"": ""true"", ""INDEX_TYPE"": ""CPI"", ""OVERLAP"": ""OL"", ""SCALE"": ""0"", ""SECURITY_CLASSIFICATION"": ""PUB"", ""TYPE_OF_TRANSFORMATION"": ""IX""}}"
BRB,cpi_index_all_items_quarterly_imf,2015-Q2,quarterly,90.34776554118889,\N,derived,IMF_CPI,IMF|ACCESS_SHARING_LEVEL=PUBLIC_OPEN|COICOP_1999=_T|COMMON_REFERENCE_PERIOD=2018M07|FREQUENCY=M|IFS_FLAG=true|INDEX_TYPE=CPI|OVERLAP=OL|SCALE=0|SECURITY_CLASSIFICATION=PUB|TYPE_OF_TRANSFORMATION=IX|aggregation=quarterly_mean,\N,"{""aggregation_method"": ""quarterly_mean"", ""source_derivation_types"": [""O"", ""O"", ""O""], ""source_months"": [""2015-M04"", ""2015-M05"", ""2015-M06""], ""source_observation_count"": 3, ""source_series_dimensions"": {""ACCESS_SHARING_LEVEL"": ""PUBLIC_OPEN"", ""COICOP_1999"": ""_T"", ""COMMON_REFERENCE_PERIOD"": ""2018M07"", ""COUNTRY"": ""BRB"", ""FREQUENCY"": ""M"", ""IFS_FLAG"": ""true"", ""INDEX_TYPE"": ""CPI"", ""OVERLAP"": ""OL"", ""SCALE"": ""0"", ""SECURITY_CLASSIFICATION"": ""PUB"", ""TYPE_OF_TRANSFORMATION"": ""IX""}}"
BRB,cpi_index_all_items_quarterly_imf,2015-Q3,quarterly,91.16999775613182,\N,derived,IMF_CPI,IMF|ACCESS_SHARING_LEVEL=PUBLIC_OPEN|COICOP_1999=_T|COMMON_REFERENCE_PERIOD=2018M07|FREQUENCY=M|IFS_FLAG=true|INDEX_TYPE=CPI|OVERLAP=OL|SCALE=0|SECURITY_CLASSIFICATION=PUB|TYPE_OF_TRANSFORMATION=IX|aggregation=quarterly_mean,\N,"{""aggregation_method"": ""quarterly_mean"", ""source_derivation_types"": [""O"", ""O"", ""O""], ""source_months"": [""2015-M07"", ""2015-M08"", ""2015-M09""], ""source_observation_count"": 3, ""source_series_dimensions"": {""ACCESS_SHARING_LEVEL"": ""PUBLIC_OPEN"", ""COICOP_1999"": ""_T"", ""COMMON_REFERENCE_PERIOD"": ""2018M07"", ""COUNTRY"": ""BRB"", ""FREQUENCY"": ""M"", ""IFS_FLAG"": ""true"", ""INDEX_TYPE"": ""CPI"", ""OVERLAP"": ""OL"", ""SCALE"": ""0"", ""SECURITY_CLASSIFICATION"": ""PUB"", ""TYPE_OF_TRANSFORMATION"": ""IX""}}"
BRB,cpi_index_all_items_quarterly_imf,2015-Q4,quarterly,90.52860264328778,\N,derived,IMF_CPI,IMF|ACCESS_SHARING_LEVEL=PUBLIC_OPEN|COICOP_1999=_T|COMMON_REFERENCE_PERIOD=2018M07|FREQUENCY=M|IFS_FLAG=true|INDEX_TYPE=CPI|OVERLAP=OL|SCALE=0|SECURITY_CLASSIFICATION=PUB|TYPE_OF_TRANSFORMATION=IX|aggregation=quarterly_mean,\N,"{""aggregation_method"": ""quarterly_mean"", ""source_derivation_types"": [""O"", ""O"", ""O""], ""source_months"": [""2015-M10"", ""2015-M11"", ""2015-M12""], ""source_observation_count"": 3, ""source_series_dimensions"": {""ACCESS_SHARING_LEVEL"": ""PUBLIC_OPEN"", ""COICOP_1999"": ""_T"", ""COMMON_REFERENCE_PERIOD"": ""2018M07"", ""COUNTRY"": ""BRB"", ""FREQUENCY"": ""M"", ""IFS_FLAG"": ""true"", ""INDEX_TYPE"": ""CPI"", ""OVERLAP"": ""OL"", ""SCALE"": ""0"", ""SECURITY_CLASSIFICATION"": ""PUB"", ""TYPE_OF_TRANSFORMATION"": ""IX""}}"
BRN,cpi_index_all_items_quarterly_imf,2015-Q1,quarterly,100.02414553603494,\N,derived,IMF_CPI,IMF|ACCESS_SHARING_LEVEL=PUBLIC_OPEN|COICOP_1999=_T|COMMON_REFERENCE_PERIOD=2015M1|FREQUENCY=M|IFS_FLAG=true|INDEX_TYPE=CPI|OVERLAP=OL|SCALE=0|SECURITY_CLASSIFICATION=PUB|TYPE_OF_TRANSFORMATION=IX|aggregation=quarterly_mean,\N,"{""aggregation_method"": ""quarterly_mean"", ""source_derivation_types"": [""O"", ""O"", ""O""], ""source_months"": [""2015-M01"", ""2015-M02"", ""2015-M03""], ""source_observation_count"": 3, ""source_series_dimensions"": {""ACCESS_SHARING_LEVEL"": ""PUBLIC_OPEN"", ""COICOP_1999"": ""_T"", ""COMMON_REFERENCE_PERIOD"": ""2015M1"", ""COUNTRY"": ""BRN"", ""FREQUENCY"": ""M"", ""IFS_FLAG"": ""true"", ""INDEX_TYPE"": ""CPI"", ""OVERLAP"": ""OL"", ""SCALE"": ""0"", ""SECURITY_CLASSIFICATION"": ""PUB"", ""TYPE_OF_TRANSFORMATION"": ""IX""}}"
BRN,cpi_index_all_items_quarterly_imf,2015-Q2,quarterly,100.1844517135007,\N,derived,IMF_CPI,IMF|ACCESS_SHARING_LEVEL=PUBLIC_OPEN|COICOP_1999=_T|COMMON_REFERENCE_PERIOD=2015M1|FREQUENCY=M|IFS_FLAG=true|INDEX_TYPE=CPI|OVERLAP=OL|SCALE=0|SECURITY_CLASSIFICATION=PUB|TYPE_OF_TRANSFORMATION=IX|aggregation=quarterly_mean,\N,"{""aggregation_method"": ""quarterly_mean"", ""source_derivation_types"": [""O"", ""O"", ""O""], ""source_months"": [""2015-M04"", ""2015-M05"", ""2015-M06""], ""source_observation_count"": 3, ""source_series_dimensions"": {""ACCESS_SHARING_LEVEL"": ""PUBLIC_OPEN"", ""COICOP_1999"": ""_T"", ""COMMON_REFERENCE_PERIOD"": ""2015M1"", ""COUNTRY"": ""BRN"", ""FREQUENCY"": ""M"", ""IFS_FLAG"": ""true"", ""INDEX_TYPE"": ""CPI"", ""OVERLAP"": ""OL"", ""SCALE"": ""0"", ""SECURITY_CLASSIFICATION"": ""PUB"", ""TYPE_OF_TRANSFORMATION"": ""IX""}}"
BRN,cpi_index_all_items_quarterly_imf,2015-Q3,quarterly,99.96424131504943,\N,derived,IMF_CPI,IMF|ACCESS_SHARING_LEVEL=PUBLIC_OPEN|COICOP_1999=_T|COMMON_REFERENCE_PERIOD=2015M1|FREQUENCY=M|IFS_FLAG=true|INDEX_TYPE=CPI|OVERLAP=OL|SCALE=0|SECURITY_CLASSIFICATION=PUB|TYPE_OF_TRANSFORMATION=IX|aggregation=quarterly_mean,\N,"{""aggregation_method"": ""quarterly_mean"", ""source_derivation_types"": [""O"", ""O"", ""O""], ""source_months"": [""2015-M07"", ""2015-M08"", ""2015-M09""], ""source_observation_count"": 3, ""source_series_dimensions"": {""ACCESS_SHARING_LEVEL"": ""PUBLIC_OPEN"", ""COICOP_1999"": ""_T"", ""COMMON_REFERENCE_PERIOD"": ""2015M1"", ""COUNTRY"": ""BRN"", ""FREQUENCY"": ""M"", ""IFS_FLAG"": ""true"", ""INDEX_TYPE"": ""CPI"", ""OVERLAP"": ""OL"", ""SCALE"": ""0"", ""SECURITY_CLASSIFICATION"": ""PUB"", ""TYPE_OF_TRANSFORMATION"": ""IX""}}"
BRN,cpi_index_all_items_quarterly_imf,2015-Q4,quarterly,100.2722095957141,\N,derived,IMF_CPI,IMF|ACCESS_SHARING_LEVEL=PUBLIC_OPEN|COICOP_1999=_T|COMMON_REFERENCE_PERIOD=2015M1|FREQUENCY=M|IFS_FLAG=true|INDEX_TYPE=CPI|OVERLAP=OL|SCALE=0|SECURITY_CLASSIFICATION=PUB|TYPE_OF_TRANSFORMATION=IX|aggregation=quarterly_mean,\N,"{""aggregation_method"": ""quarterly_mean"", ""source_derivation_types"": [""O"", ""O"", ""O""], ""source_months"": [""2015-M10"", ""2015-M11"", ""2015-M12""], ""source_observation_count"": 3, ""source_series_dimensions"": {""ACCESS_SHARING_LEVEL"": ""PUBLIC_OPEN"", ""COICOP_1999"": ""_T"", ""COMMON_REFERENCE_PERIOD"": ""2015M1"", ""COUNTRY"": ""BRN"", ""FREQUENCY"": ""M"", ""IFS_FLAG"": ""true"", ""INDEX_TYPE"": ""CPI"", ""OVERLAP"": ""OL"", ""SCALE"": ""0"", ""SECURITY_CLASSIFICATION"": ""PUB"", ""TYPE_OF_TRANSFORMATION"": ""IX""}}"
BTN,cpi_index_all_items_quarterly_imf,2015-Q1,quarterly,68.16392547887021,\N,derived,IMF_CPI,IMF|ACCESS_SHARING_LEVEL=PUBLIC_OPEN|COICOP_1999=_T|COMMON_REFERENCE_PERIOD=MAY 2023 - APRIL 2024|FREQUENCY=M|IFS_FLAG=true|INDEX_TYPE=CPI|OVERLAP=OL|SCALE=0|SECURITY_CLASSIFICATION=PUB|TYPE_OF_TRANSFORMATION=IX|aggregation=quarterly_mean,\N,"{""aggregation_method"": ""quarterly_mean"", ""source_derivation_types"": [""O"", ""O"", ""O""], ""source_months"": [""2015-M01"", ""2015-M02"", ""2015-M03""], ""source_observation_count"": 3, ""source_series_dimensions"": {""ACCESS_SHARING_LEVEL"": ""PUBLIC_OPEN"", ""COICOP_1999"": ""_T"", ""COMMON_REFERENCE_PERIOD"": ""MAY 2023 - APRIL 2024"", ""COUNTRY"": ""BTN"", ""FREQUENCY"": ""M"", ""IFS_FLAG"": ""true"", ""INDEX_TYPE"": ""CPI"", ""OVERLAP"": ""OL"", ""SCALE"": ""0"", ""SECURITY_CLASSIFICATION"": ""PUB"", ""TYPE_OF_TRANSFORMATION"": ""IX""}}"
BTN,cpi_index_all_items_quarterly_imf,2015-Q2,quarterly,68.36914838575224,\N,derived,IMF_CPI,IMF|ACCESS_SHARING_LEVEL=PUBLIC_OPEN|COICOP_1999=_T|COMMON_REFERENCE_PERIOD=MAY 2023 - APRIL 2024|FREQUENCY=M|IFS_FLAG=true|INDEX_TYPE=CPI|OVERLAP=OL|SCALE=0|SECURITY_CLASSIFICATION=PUB|TYPE_OF_TRANSFORMATION=IX|aggregation=quarterly_mean,\N,"{""aggregation_method"": ""quarterly_mean"", ""source_derivation_types"": [""O"", ""O"", ""O""], ""source_months"": [""2015-M04"", ""2015-M05"", ""2015-M06""], ""source_observation_count"": 3, ""source_series_dimensions"": {""ACCESS_SHARING_LEVEL"": ""PUBLIC_OPEN"", ""COICOP_1999"": ""_T"", ""COMMON_REFERENCE_PERIOD"": ""MAY 2023 - APRIL 2024"", ""COUNTRY"": ""BTN"", ""FREQUENCY"": ""M"", ""IFS_FLAG"": ""true"", ""INDEX_TYPE"": ""CPI"", ""OVERLAP"": ""OL"", ""SCALE"": ""0"", ""SECURITY_CLASSIFICATION"": ""PUB"", ""TYPE_OF_TRANSFORMATION"": ""IX""}}"
BTN,cpi_index_all_items_quarterly_imf,2015-Q3,quarterly,69.40008057071238,\N,derived,IMF_CPI,IMF|ACCESS_SHARING_LEVEL=PUBLIC_OPEN|COICOP_1999=_T|COMMON_REFERENCE_PERIOD=MAY 2023 - APRIL 2024|FREQUENCY=M|IFS_FLAG=true|INDEX_TYPE=CPI|OVERLAP=OL|SCALE=0|SECURITY_CLASSIFICATION=PUB|TYPE_OF_TRANSFORMATION=IX|aggregation=quarterly_mean,\N,"{""aggregation_method"": ""quarterly_mean"", ""source_derivation_types"": [""O"", ""O"", ""O""], ""source_months"": [""2015-M07"", ""2015-M08"", ""2015-M09""], ""source_observation_count"": 3, ""source_series_dimensions"": {""ACCESS_SHARING_LEVEL"": ""PUBLIC_OPEN"", ""COICOP_1999"": ""_T"", ""COMMON_REFERENCE_PERIOD"": ""MAY 2023 - APRIL 2024"", ""COUNTRY"": ""BTN"", ""FREQUENCY"": ""M"", ""IFS_FLAG"": ""true"", ""INDEX_TYPE"": ""CPI"", ""OVERLAP"": ""OL"", ""SCALE"": ""0"", ""SECURITY_CLASSIFICATION"": ""PUB"", ""TYPE_OF_TRANSFORMATION"": ""IX""}}"
BTN,cpi_index_all_items_quarterly_imf,2015-Q4,quarterly,70.10236511478827,\N,derived,IMF_CPI,IMF|ACCESS_SHARING_LEVEL=PUBLIC_OPEN|COICOP_1999=_T|COMMON_REFERENCE_PERIOD=MAY 2023 - APRIL 2024|FREQUENCY=M|IFS_FLAG=true|INDEX_TYPE=CPI|OVERLAP=OL|SCALE=0|SECURITY_CLASSIFICATION=PUB|TYPE_OF_TRANSFORMATION=IX|aggregation=quarterly_mean,\N,"{""aggregation_method"": ""quarterly_mean"", ""source_derivation_types"": [""O"", ""O"", ""O""], ""source_months"": [""2015-M10"", ""2015-M11"", ""2015-M12""], ""source_observation_count"": 3, ""source_series_dimensions"": {""ACCESS_SHARING_LEVEL"": ""PUBLIC_OPEN"", ""COICOP_1999"": ""_T"", ""COMMON_REFERENCE_PERIOD"": ""MAY 2023 - APRIL 2024"", ""COUNTRY"": ""BTN"", ""FREQUENCY"": ""M"", ""IFS_FLAG"": ""true"", ""INDEX_TYPE"": ""CPI"", ""OVERLAP"": ""OL"", ""SCALE"": ""0"", ""SECURITY_CLASSIFICATION"": ""PUB"", ""TYPE_OF_TRANSFORMATION"": ""IX""}}"
BWA,cpi_index_all_items_quarterly_imf,2015-Q1,quarterly,88.67473618870265,\N,derived,IMF_CPI,IMF|ACCESS_SHARING_LEVEL=PUBLIC_OPEN|COICOP_1999=_T|COMMON_REFERENCE_PERIOD=2018M12|FREQUENCY=M|IFS_FLAG=true|INDEX_TYPE=CPI|OVERLAP=OL|SCALE=0|SECURITY_CLASSIFICATION=PUB|TYPE_OF_TRANSFORMATION=IX|aggregation=quarterly_mean,\N,"{""aggregation_method"": ""quarterly_mean"", ""source_derivation_types"": [""O"", ""O"", ""O""], ""source_months"": [""2015-M01"", ""2015-M02"", ""2015-M03""], ""source_observation_count"": 3, ""source_series_dimensions"": {""ACCESS_SHARING_LEVEL"": ""PUBLIC_OPEN"", ""COICOP_1999"": ""_T"", ""COMMON_REFERENCE_PERIOD"": ""2018M12"", ""COUNTRY"": ""BWA"", ""FREQUENCY"": ""M"", ""IFS_FLAG"": ""true"", ""INDEX_TYPE"": ""CPI"", ""OVERLAP"": ""OL"", ""SCALE"": ""0"", ""SECURITY_CLASSIFICATION"": ""PUB"", ""TYPE_OF_TRANSFORMATION"": ""IX""}}"
BWA,cpi_index_all_items_quarterly_imf,2015-Q2,quarterly,89.90999379267534,\N,derived,IMF_CPI,IMF|ACCESS_SHARING_LEVEL=PUBLIC_OPEN|COICOP_1999=_T|COMMON_REFERENCE_PERIOD=2018M12|FREQUENCY=M|IFS_FLAG=true|INDEX_TYPE=CPI|OVERLAP=OL|SCALE=0|SECURITY_CLASSIFICATION=PUB|TYPE_OF_TRANSFORMATION=IX|aggregation=quarterly_mean,\N,"{""aggregation_method"": ""quarterly_mean"", ""source_derivation_types"": [""O"", ""O"", ""O""], ""source_months"": [""2015-M04"", ""2015-M05"", ""2015-M06""], ""source_observation_count"": 3, ""source_series_dimensions"": {""ACCESS_SHARING_LEVEL"": ""PUBLIC_OPEN"", ""COICOP_1999"": ""_T"", ""COMMON_REFERENCE_PERIOD"": ""2018M12"", ""COUNTRY"": ""BWA"", ""FREQUENCY"": ""M"", ""IFS_FLAG"": ""true"", ""INDEX_TYPE"": ""CPI"", ""OVERLAP"": ""OL"", ""SCALE"": ""0"", ""SECURITY_CLASSIFICATION"": ""PUB"", ""TYPE_OF_TRANSFORMATION"": ""IX""}}"
BWA,cpi_index_all_items_quarterly_imf,2015-Q3,quarterly,90.43761638733706,\N,derived,IMF_CPI,IMF|ACCESS_SHARING_LEVEL=PUBLIC_OPEN|COICOP_1999=_T|COMMON_REFERENCE_PERIOD=2018M12|FREQUENCY=M|IFS_FLAG=true|INDEX_TYPE=CPI|OVERLAP=OL|SCALE=0|SECURITY_CLASSIFICATION=PUB|TYPE_OF_TRANSFORMATION=IX|aggregation=quarterly_mean,\N,"{""aggregation_method"": ""quarterly_mean"", ""source_derivation_types"": [""O"", ""O"", ""O""], ""source_months"": [""2015-M07"", ""2015-M08"", ""2015-M09""], ""source_observation_count"": 3, ""source_series_dimensions"": {""ACCESS_SHARING_LEVEL"": ""PUBLIC_OPEN"", ""COICOP_1999"": ""_T"", ""COMMON_REFERENCE_PERIOD"": ""2018M12"", ""COUNTRY"": ""BWA"", ""FREQUENCY"": ""M"", ""IFS_FLAG"": ""true"", ""INDEX_TYPE"": ""CPI"", ""OVERLAP"": ""OL"", ""SCALE"": ""0"", ""SECURITY_CLASSIFICATION"": ""PUB"", ""TYPE_OF_TRANSFORMATION"": ""IX""}}"
BWA,cpi_index_all_items_quarterly_imf,2015-Q4,quarterly,90.85350713842332,\N,derived,IMF_CPI,IMF|ACCESS_SHARING_LEVEL=PUBLIC_OPEN|COICOP_1999=_T|COMMON_REFERENCE_PERIOD=2018M12|FREQUENCY=M|IFS_FLAG=true|INDEX_TYPE=CPI|OVERLAP=OL|SCALE=0|SECURITY_CLASSIFICATION=PUB|TYPE_OF_TRANSFORMATION=IX|aggregation=quarterly_mean,\N,"{""aggregation_method"": ""quarterly_mean"", ""source_derivation_types"": [""O"", ""O"", ""O""], ""source_months"": [""2015-M10"", ""2015-M11"", ""2015-M12""], ""source_observation_count"": 3, ""source_series_dimensions"": {""ACCESS_SHARING_LEVEL"": ""PUBLIC_OPEN"", ""COICOP_1999"": ""_T"", ""COMMON_REFERENCE_PERIOD"": ""2018M12"", ""COUNTRY"": ""BWA"", ""FREQUENCY"": ""M"", ""IFS_FLAG"": ""true"", ""INDEX_TYPE"": ""CPI"", ""OVERLAP"": ""OL"", ""SCALE"": ""0"", ""SECURITY_CLASSIFICATION"": ""PUB"", ""TYPE_OF_TRANSFORMATION"": ""IX""}}"
CAF,cpi_index_all_items_quarterly_imf,2015-Q1,quarterly,84.94113623764476,\N,derived,IMF_CPI,IMF|ACCESS_SHARING_LEVEL=PUBLIC_OPEN|COICOP_1999=_T|COMMON_REFERENCE_PERIOD=2019A|FREQUENCY=M|IFS_FLAG=true|INDEX_TYPE=CPI|OVERLAP=OL|SCALE=0|SECURITY_CLASSIFICATION=PUB|TYPE_OF_TRANSFORMATION=IX|aggregation=quarterly_mean,\N,"{""aggregation_method"": ""quarterly_mean"", ""source_derivation_types"": [""O"", ""O"", ""O""], ""source_months"": [""2015-M01"", ""2015-M02"", ""2015-M03""], ""source_observation_count"": 3, ""source_series_dimensions"": {""ACCESS_SHARING_LEVEL"": ""PUBLIC_OPEN"", ""COICOP_1999"": ""_T"", ""COMMON_REFERENCE_PERIOD"": ""2019A"", ""COUNTRY"": ""CAF"", ""FREQUENCY"": ""M"", ""IFS_FLAG"": ""true"", ""INDEX_TYPE"": ""CPI"", ""OVERLAP"": ""OL"", ""SCALE"": ""0"", ""SECURITY_CLASSIFICATION"": ""PUB"", ""TYPE_OF_TRANSFORMATION"": ""IX""}}"
CAF,cpi_index_all_items_quarterly_imf,2015-Q2,quarterly,84.31065213620361,\N,derived,IMF_CPI,IMF|ACCESS_SHARING_LEVEL=PUBLIC_OPEN|COICOP_1999=_T|COMMON_REFERENCE_PERIOD=2019A|FREQUENCY=M|IFS_FLAG=true|INDEX_TYPE=CPI|OVERLAP=OL|SCALE=0|SECURITY_CLASSIFICATION=PUB|TYPE_OF_TRANSFORMATION=IX|aggregation=quarterly_mean,\N,"{""aggregation_method"": ""quarterly_mean"", ""source_derivation_types"": [""O"", ""O"", ""O""], ""source_months"": [""2015-M04"", ""2015-M05"", ""2015-M06""], ""source_observation_count"": 3, ""source_series_dimensions"": {""ACCESS_SHARING_LEVEL"": ""PUBLIC_OPEN"", ""COICOP_1999"": ""_T"", ""COMMON_REFERENCE_PERIOD"": ""2019A"", ""COUNTRY"": ""CAF"", ""FREQUENCY"": ""M"", ""IFS_FLAG"": ""true"", ""INDEX_TYPE"": ""CPI"", ""OVERLAP"": ""OL"", ""SCALE"": ""0"", ""SECURITY_CLASSIFICATION"": ""PUB"", ""TYPE_OF_TRANSFORMATION"": ""IX""}}"
CAF,cpi_index_all_items_quarterly_imf,2015-Q3,quarterly,86.75328684102617,\N,derived,IMF_CPI,IMF|ACCESS_SHARING_LEVEL=PUBLIC_OPEN|COICOP_1999=_T|COMMON_REFERENCE_PERIOD=2019A|FREQUENCY=M|IFS_FLAG=true|INDEX_TYPE=CPI|OVERLAP=OL|SCALE=0|SECURITY_CLASSIFICATION=PUB|TYPE_OF_TRANSFORMATION=IX|aggregation=quarterly_mean,\N,"{""aggregation_method"": ""quarterly_mean"", ""source_derivation_types"": [""O"", ""O"", ""O""], ""source_months"": [""2015-M07"", ""2015-M08"", ""2015-M09""], ""source_observation_count"": 3, ""source_series_dimensions"": {""ACCESS_SHARING_LEVEL"": ""PUBLIC_OPEN"", ""COICOP_1999"": ""_T"", ""COMMON_REFERENCE_PERIOD"": ""2019A"", ""COUNTRY"": ""CAF"", ""FREQUENCY"": ""M"", ""IFS_FLAG"": ""true"", ""INDEX_TYPE"": ""CPI"", ""OVERLAP"": ""OL"", ""SCALE"": ""0"", ""SECURITY_CLASSIFICATION"": ""PUB"", ""TYPE_OF_TRANSFORMATION"": ""IX""}}"
CAF,cpi_index_all_items_quarterly_imf,2015-Q4,quarterly,91.77068175673402,\N,derived,IMF_CPI,IMF|ACCESS_SHARING_LEVEL=PUBLIC_OPEN|COICOP_1999=_T|COMMON_REFERENCE_PERIOD=2019A|FREQUENCY=M|IFS_FLAG=true|INDEX_TYPE=CPI|OVERLAP=OL|SCALE=0|SECURITY_CLASSIFICATION=PUB|TYPE_OF_TRANSFORMATION=IX|aggregation=quarterly_mean,\N,"{""aggregation_method"": ""quarterly_mean"", ""source_derivation_types"": [""O"", ""O"", ""O""], ""source_months"": [""2015-M10"", ""2015-M11"", ""2015-M12""], ""source_observation_count"": 3, ""source_series_dimensions"": {""ACCESS_SHARING_LEVEL"": ""PUBLIC_OPEN"", ""COICOP_1999"": ""_T"", ""COMMON_REFERENCE_PERIOD"": ""2019A"", ""COUNTRY"": ""CAF"", ""FREQUENCY"": ""M"", ""IFS_FLAG"": ""true"", ""INDEX_TYPE"": ""CPI"", ""OVERLAP"": ""OL"", ""SCALE"": ""0"", ""SECURITY_CLASSIFICATION"": ""PUB"", ""TYPE_OF_TRANSFORMATION"": ""IX""}}"
CAN,cpi_index_all_items_quarterly_imf,2015-Q1,quarterly,125.33333333333333,\N,derived,IMF_CPI,IMF|ACCESS_SHARING_LEVEL=PUBLIC_OPEN|COICOP_1999=_T|COMMON_REFERENCE_PERIOD=2014M12|FREQUENCY=M|IFS_FLAG=true|INDEX_TYPE=CPI|OVERLAP=OL|SCALE=0|SECURITY_CLASSIFICATION=PUB|TYPE_OF_TRANSFORMATION=IX|aggregation=quarterly_mean,\N,"{""aggregation_method"": ""quarterly_mean"", ""source_derivation_types"": [""O"", ""O"", ""O""], ""source_months"": [""2015-M01"", ""2015-M02"", ""2015-M03""], ""source_observation_count"": 3, ""source_series_dimensions"": {""ACCESS_SHARING_LEVEL"": ""PUBLIC_OPEN"", ""COICOP_1999"": ""_T"", ""COMMON_REFERENCE_PERIOD"": ""2014M12"", ""COUNTRY"": ""CAN"", ""FREQUENCY"": ""M"", ""IFS_FLAG"": ""true"", ""INDEX_TYPE"": ""CPI"", ""OVERLAP"": ""OL"", ""SCALE"": ""0"", ""SECURITY_CLASSIFICATION"": ""PUB"", ""TYPE_OF_TRANSFORMATION"": ""IX""}}"
CAN,cpi_index_all_items_quarterly_imf,2015-Q2,quarterly,126.76666666666667,\N,derived,IMF_CPI,IMF|ACCESS_SHARING_LEVEL=PUBLIC_OPEN|COICOP_1999=_T|COMMON_REFERENCE_PERIOD=2014M12|FREQUENCY=M|IFS_FLAG=true|INDEX_TYPE=CPI|OVERLAP=OL|SCALE=0|SECURITY_CLASSIFICATION=PUB|TYPE_OF_TRANSFORMATION=IX|aggregation=quarterly_mean,\N,"{""aggregation_method"": ""quarterly_mean"", ""source_derivation_types"": [""O"", ""O"", ""O""], ""source_months"": [""2015-M04"", ""2015-M05"", ""2015-M06""], ""source_observation_count"": 3, ""source_series_dimensions"": {""ACCESS_SHARING_LEVEL"": ""PUBLIC_OPEN"", ""COICOP_1999"": ""_T"", ""COMMON_REFERENCE_PERIOD"": ""2014M12"", ""COUNTRY"": ""CAN"", ""FREQUENCY"": ""M"", ""IFS_FLAG"": ""true"", ""INDEX_TYPE"": ""CPI"", ""OVERLAP"": ""OL"", ""SCALE"": ""0"", ""SECURITY_CLASSIFICATION"": ""PUB"", ""TYPE_OF_TRANSFORMATION"": ""IX""}}"
CAN,cpi_index_all_items_quarterly_imf,2015-Q3,quarterly,127.23333333333333,\N,derived,IMF_CPI,IMF|ACCESS_SHARING_LEVEL=PUBLIC_OPEN|COICOP_1999=_T|COMMON_REFERENCE_PERIOD=2014M12|FREQUENCY=M|IFS_FLAG=true|INDEX_TYPE=CPI|OVERLAP=OL|SCALE=0|SECURITY_CLASSIFICATION=PUB|TYPE_OF_TRANSFORMATION=IX|aggregation=quarterly_mean,\N,"{""aggregation_method"": ""quarterly_mean"", ""source_derivation_types"": [""O"", ""O"", ""O""], ""source_months"": [""2015-M07"", ""2015-M08"", ""2015-M09""], ""source_observation_count"": 3, ""source_series_dimensions"": {""ACCESS_SHARING_LEVEL"": ""PUBLIC_OPEN"", ""COICOP_1999"": ""_T"", ""COMMON_REFERENCE_PERIOD"": ""2014M12"", ""COUNTRY"": ""CAN"", ""FREQUENCY"": ""M"", ""IFS_FLAG"": ""true"", ""INDEX_TYPE"": ""CPI"", ""OVERLAP"": ""OL"", ""SCALE"": ""0"", ""SECURITY_CLASSIFICATION"": ""PUB"", ""TYPE_OF_TRANSFORMATION"": ""IX""}}"
CAN,cpi_index_all_items_quarterly_imf,2015-Q4,quarterly,126.93333333333334,\N,derived,IMF_CPI,IMF|ACCESS_SHARING_LEVEL=PUBLIC_OPEN|COICOP_1999=_T|COMMON_REFERENCE_PERIOD=2014M12|FREQUENCY=M|IFS_FLAG=true|INDEX_TYPE=CPI|OVERLAP=OL|SCALE=0|SECURITY_CLASSIFICATION=PUB|TYPE_OF_TRANSFORMATION=IX|aggregation=quarterly_mean,\N,"{""aggregation_method"": ""quarterly_mean"", ""source_derivation_types"": [""O"", ""O"", ""O""], ""source_months"": [""2015-M10"", ""2015-M11"", ""2015-M12""], ""source_observation_count"": 3, ""source_series_dimensions"": {""ACCESS_SHARING_LEVEL"": ""PUBLIC_OPEN"", ""COICOP_1999"": ""_T"", ""COMMON_REFERENCE_PERIOD"": ""2014M12"", ""COUNTRY"": ""CAN"", ""FREQUENCY"": ""M"", ""IFS_FLAG"": ""true"", ""INDEX_TYPE"": ""CPI"", ""OVERLAP"": ""OL"", ""SCALE"": ""0"", ""SECURITY_CLASSIFICATION"": ""PUB"", ""TYPE_OF_TRANSFORMATION"": ""IX""}}"
CHE,cpi_index_all_items_quarterly_imf,2015-Q1,quarterly,93.4805397130869,\N,derived,IMF_CPI,IMF|ACCESS_SHARING_LEVEL=PUBLIC_OPEN|COICOP_1999=_T|COMMON_REFERENCE_PERIOD=2025A|FREQUENCY=M|IFS_FLAG=true|INDEX_TYPE=CPI|OVERLAP=OL|SCALE=0|SECURITY_CLASSIFICATION=PUB|TYPE_OF_TRANSFORMATION=IX|aggregation=quarterly_mean,\N,"{""aggregation_method"": ""quarterly_mean"", ""source_derivation_types"": [""O"", ""O"", ""O""], ""source_months"": [""2015-M01"", ""2015-M02"", ""2015-M03""], ""source_observation_count"": 3, ""source_series_dimensions"": {""ACCESS_SHARING_LEVEL"": ""PUBLIC_OPEN"", ""COICOP_1999"": ""_T"", ""COMMON_REFERENCE_PERIOD"": ""2025A"", ""COUNTRY"": ""CHE"", ""FREQUENCY"": ""M"", ""IFS_FLAG"": ""true"", ""INDEX_TYPE"": ""CPI"", ""OVERLAP"": ""OL"", ""SCALE"": ""0"", ""SECURITY_CLASSIFICATION"": ""PUB"", ""TYPE_OF_TRANSFORMATION"": ""IX""}}"
CHE,cpi_index_all_items_quarterly_imf,2015-Q2,quarterly,93.60145055606831,\N,derived,IMF_CPI,IMF|ACCESS_SHARING_LEVEL=PUBLIC_OPEN|COICOP_1999=_T|COMMON_REFERENCE_PERIOD=2025A|FREQUENCY=M|IFS_FLAG=true|INDEX_TYPE=CPI|OVERLAP=OL|SCALE=0|SECURITY_CLASSIFICATION=PUB|TYPE_OF_TRANSFORMATION=IX|aggregation=quarterly_mean,\N,"{""aggregation_method"": ""quarterly_mean"", ""source_derivation_types"": [""O"", ""O"", ""O""], ""source_months"": [""2015-M04"", ""2015-M05"", ""2015-M06""], ""source_observation_count"": 3, ""source_series_dimensions"": {""ACCESS_SHARING_LEVEL"": ""PUBLIC_OPEN"", ""COICOP_1999"": ""_T"", ""COMMON_REFERENCE_PERIOD"": ""2025A"", ""COUNTRY"": ""CHE"", ""FREQUENCY"": ""M"", ""IFS_FLAG"": ""true"", ""INDEX_TYPE"": ""CPI"", ""OVERLAP"": ""OL"", ""SCALE"": ""0"", ""SECURITY_CLASSIFICATION"": ""PUB"", ""TYPE_OF_TRANSFORMATION"": ""IX""}}"
CHE,cpi_index_all_items_quarterly_imf,2015-Q3,quarterly,93.07513460253871,\N,derived,IMF_CPI,IMF|ACCESS_SHARING_LEVEL=PUBLIC_OPEN|COICOP_1999=_T|COMMON_REFERENCE_PERIOD=2025A|FREQUENCY=M|IFS_FLAG=true|INDEX_TYPE=CPI|OVERLAP=OL|SCALE=0|SECURITY_CLASSIFICATION=PUB|TYPE_OF_TRANSFORMATION=IX|aggregation=quarterly_mean,\N,"{""aggregation_method"": ""quarterly_mean"", ""source_derivation_types"": [""O"", ""O"", ""O""], ""source_months"": [""2015-M07"", ""2015-M08"", ""2015-M09""], ""source_observation_count"": 3, ""source_series_dimensions"": {""ACCESS_SHARING_LEVEL"": ""PUBLIC_OPEN"", ""COICOP_1999"": ""_T"", ""COMMON_REFERENCE_PERIOD"": ""2025A"", ""COUNTRY"": ""CHE"", ""FREQUENCY"": ""M"", ""IFS_FLAG"": ""true"", ""INDEX_TYPE"": ""CPI"", ""OVERLAP"": ""OL"", ""SCALE"": ""0"", ""SECURITY_CLASSIFICATION"": ""PUB"", ""TYPE_OF_TRANSFORMATION"": ""IX""}}"
CHE,cpi_index_all_items_quarterly_imf,2015-Q4,quarterly,92.99212723598562,\N,derived,IMF_CPI,IMF|ACCESS_SHARING_LEVEL=PUBLIC_OPEN|COICOP_1999=_T|COMMON_REFERENCE_PERIOD=2025A|FREQUENCY=M|IFS_FLAG=true|INDEX_TYPE=CPI|OVERLAP=OL|SCALE=0|SECURITY_CLASSIFICATION=PUB|TYPE_OF_TRANSFORMATION=IX|aggregation=quarterly_mean,\N,"{""aggregation_method"": ""quarterly_mean"", ""source_derivation_types"": [""O"", ""O"", ""O""], ""source_months"": [""2015-M10"", ""2015-M11"", ""2015-M12""], ""source_observation_count"": 3, ""source_series_dimensions"": {""ACCESS_SHARING_LEVEL"": ""PUBLIC_OPEN"", ""COICOP_1999"": ""_T"", ""COMMON_REFERENCE_PERIOD"": ""2025A"", ""COUNTRY"": ""CHE"", ""FREQUENCY"": ""M"", ""IFS_FLAG"": ""true"", ""INDEX_TYPE"": ""CPI"", ""OVERLAP"": ""OL"", ""SCALE"": ""0"", ""SECURITY_CLASSIFICATION"": ""PUB"", ""TYPE_OF_TRANSFORMATION"": ""IX""}}"
CHL,cpi_index_all_items_quarterly_imf,2015-Q1,quarterly,67.76311666666668,\N,derived,IMF_CPI,IMF|ACCESS_SHARING_LEVEL=PUBLIC_OPEN|COICOP_1999=_T|COMMON_REFERENCE_PERIOD=2023A|FREQUENCY=M|IFS_FLAG=true|INDEX_TYPE=CPI|OVERLAP=OL|SCALE=0|SECURITY_CLASSIFICATION=PUB|TYPE_OF_TRANSFORMATION=IX|aggregation=quarterly_mean,\N,"{""aggregation_method"": ""quarterly_mean"", ""source_derivation_types"": [""O"", ""O"", ""O""], ""source_months"": [""2015-M01"", ""2015-M02"", ""2015-M03""], ""source_observation_count"": 3, ""source_series_dimensions"": {""ACCESS_SHARING_LEVEL"": ""PUBLIC_OPEN"", ""COICOP_1999"": ""_T"", ""COMMON_REFERENCE_PERIOD"": ""2023A"", ""COUNTRY"": ""CHL"", ""FREQUENCY"": ""M"", ""IFS_FLAG"": ""true"", ""INDEX_TYPE"": ""CPI"", ""OVERLAP"": ""OL"", ""SCALE"": ""0"", ""SECURITY_CLASSIFICATION"": ""PUB"", ""TYPE_OF_TRANSFORMATION"": ""IX""}}"
CHL,cpi_index_all_items_quarterly_imf,2015-Q2,quarterly,68.71473333333334,\N,derived,IMF_CPI,IMF|ACCESS_SHARING_LEVEL=PUBLIC_OPEN|COICOP_1999=_T|COMMON_REFERENCE_PERIOD=2023A|FREQUENCY=M|IFS_FLAG=true|INDEX_TYPE=CPI|OVERLAP=OL|SCALE=0|SECURITY_CLASSIFICATION=PUB|TYPE_OF_TRANSFORMATION=IX|aggregation=quarterly_mean,\N,"{""aggregation_method"": ""quarterly_mean"", ""source_derivation_types"": [""O"", ""O"", ""O""], ""source_months"": [""2015-M04"", ""2015-M05"", ""2015-M06""], ""source_observation_count"": 3, ""source_series_dimensions"": {""ACCESS_SHARING_LEVEL"": ""PUBLIC_OPEN"", ""COICOP_1999"": ""_T"", ""COMMON_REFERENCE_PERIOD"": ""2023A"", ""COUNTRY"": ""CHL"", ""FREQUENCY"": ""M"", ""IFS_FLAG"": ""true"", ""INDEX_TYPE"": ""CPI"", ""OVERLAP"": ""OL"", ""SCALE"": ""0"", ""SECURITY_CLASSIFICATION"": ""PUB"", ""TYPE_OF_TRANSFORMATION"": ""IX""}}"
CHL,cpi_index_all_items_quarterly_imf,2015-Q3,quarterly,69.69648000000001,\N,derived,IMF_CPI,IMF|ACCESS_SHARING_LEVEL=PUBLIC_OPEN|COICOP_1999=_T|COMMON_REFERENCE_PERIOD=2023A|FREQUENCY=M|IFS_FLAG=true|INDEX_TYPE=CPI|OVERLAP=OL|SCALE=0|SECURITY_CLASSIFICATION=PUB|TYPE_OF_TRANSFORMATION=IX|aggregation=quarterly_mean,\N,"{""aggregation_method"": ""quarterly_mean"", ""source_derivation_types"": [""O"", ""O"", ""O""], ""source_months"": [""2015-M07"", ""2015-M08"", ""2015-M09""], ""source_observation_count"": 3, ""source_series_dimensions"": {""ACCESS_SHARING_LEVEL"": ""PUBLIC_OPEN"", ""COICOP_1999"": ""_T"", ""COMMON_REFERENCE_PERIOD"": ""2023A"", ""COUNTRY"": ""CHL"", ""FREQUENCY"": ""M"", ""IFS_FLAG"": ""true"", ""INDEX_TYPE"": ""CPI"", ""OVERLAP"": ""OL"", ""SCALE"": ""0"", ""SECURITY_CLASSIFICATION"": ""PUB"", ""TYPE_OF_TRANSFORMATION"": ""IX""}}"
CHL,cpi_index_all_items_quarterly_imf,2015-Q4,quarterly,70.36436333333334,\N,derived,IMF_CPI,IMF|ACCESS_SHARING_LEVEL=PUBLIC_OPEN|COICOP_1999=_T|COMMON_REFERENCE_PERIOD=2023A|FREQUENCY=M|IFS_FLAG=true|INDEX_TYPE=CPI|OVERLAP=OL|SCALE=0|SECURITY_CLASSIFICATION=PUB|TYPE_OF_TRANSFORMATION=IX|aggregation=quarterly_mean,\N,"{""aggregation_method"": ""quarterly_mean"", ""source_derivation_types"": [""O"", ""O"", ""O""], ""source_months"": [""2015-M10"", ""2015-M11"", ""2015-M12""], ""source_observation_count"": 3, ""source_series_dimensions"": {""ACCESS_SHARING_LEVEL"": ""PUBLIC_OPEN"", ""COICOP_1999"": ""_T"", ""COMMON_REFERENCE_PERIOD"": ""2023A"", ""COUNTRY"": ""CHL"", ""FREQUENCY"": ""M"", ""IFS_FLAG"": ""true"", ""INDEX_TYPE"": ""CPI"", ""OVERLAP"": ""OL"", ""SCALE"": ""0"", ""SECURITY_CLASSIFICATION"": ""PUB"", ""TYPE_OF_TRANSFORMATION"": ""IX""}}"
CHN,cpi_index_all_items_quarterly_imf,2015-Q1,quarterly,89.55939333333333,\N,derived,IMF_CPI,IMF|ACCESS_SHARING_LEVEL=PUBLIC_OPEN|COICOP_1999=_T|COMMON_REFERENCE_PERIOD=2020A|FREQUENCY=M|IFS_FLAG=true|INDEX_TYPE=CPI|OVERLAP=OL|SCALE=0|SECURITY_CLASSIFICATION=PUB|TYPE_OF_TRANSFORMATION=IX|aggregation=quarterly_mean,\N,"{""aggregation_method"": ""quarterly_mean"", ""source_derivation_types"": [""O"", ""O"", ""O""], ""source_months"": [""2015-M01"", ""2015-M02"", ""2015-M03""], ""source_observation_count"": 3, ""source_series_dimensions"": {""ACCESS_SHARING_LEVEL"": ""PUBLIC_OPEN"", ""COICOP_1999"": ""_T"", ""COMMON_REFERENCE_PERIOD"": ""2020A"", ""COUNTRY"": ""CHN"", ""FREQUENCY"": ""M"", ""IFS_FLAG"": ""true"", ""INDEX_TYPE"": ""CPI"", ""OVERLAP"": ""OL"", ""SCALE"": ""0"", ""SECURITY_CLASSIFICATION"": ""PUB"", ""TYPE_OF_TRANSFORMATION"": ""IX""}}"
CHN,cpi_index_all_items_quarterly_imf,2015-Q2,quarterly,89.26056666666666,\N,derived,IMF_CPI,IMF|ACCESS_SHARING_LEVEL=PUBLIC_OPEN|COICOP_1999=_T|COMMON_REFERENCE_PERIOD=2020A|FREQUENCY=M|IFS_FLAG=true|INDEX_TYPE=CPI|OVERLAP=OL|SCALE=0|SECURITY_CLASSIFICATION=PUB|TYPE_OF_TRANSFORMATION=IX|aggregation=quarterly_mean,\N,"{""aggregation_method"": ""quarterly_mean"", ""source_derivation_types"": [""O"", ""O"", ""O""], ""source_months"": [""2015-M04"", ""2015-M05"", ""2015-M06""], ""source_observation_count"": 3, ""source_series_dimensions"": {""ACCESS_SHARING_LEVEL"": ""PUBLIC_OPEN"", ""COICOP_1999"": ""_T"", ""COMMON_REFERENCE_PERIOD"": ""2020A"", ""COUNTRY"": ""CHN"", ""FREQUENCY"": ""M"", ""IFS_FLAG"": ""true"", ""INDEX_TYPE"": ""CPI"", ""OVERLAP"": ""OL"", ""SCALE"": ""0"", ""SECURITY_CLASSIFICATION"": ""PUB"", ""TYPE_OF_TRANSFORMATION"": ""IX""}}"
CHN,cpi_index_all_items_quarterly_imf,2015-Q3,quarterly,89.88810666666666,\N,derived,IMF_CPI,IMF|ACCESS_SHARING_LEVEL=PUBLIC_OPEN|COICOP_1999=_T|COMMON_REFERENCE_PERIOD=2020A|FREQUENCY=M|IFS_FLAG=true|INDEX_TYPE=CPI|OVERLAP=OL|SCALE=0|SECURITY_CLASSIFICATION=PUB|TYPE_OF_TRANSFORMATION=IX|aggregation=quarterly_mean,\N,"{""aggregation_method"": ""quarterly_mean"", ""source_derivation_types"": [""O"", ""O"", ""O""], ""source_months"": [""2015-M07"", ""2015-M08"", ""2015-M09""], ""source_observation_count"": 3, ""source_series_dimensions"": {""ACCESS_SHARING_LEVEL"": ""PUBLIC_OPEN"", ""COICOP_1999"": ""_T"", ""COMMON_REFERENCE_PERIOD"": ""2020A"", ""COUNTRY"": ""CHN"", ""FREQUENCY"": ""M"", ""IFS_FLAG"": ""true"", ""INDEX_TYPE"": ""CPI"", ""OVERLAP"": ""OL"", ""SCALE"": ""0"", ""SECURITY_CLASSIFICATION"": ""PUB"", ""TYPE_OF_TRANSFORMATION"": ""IX""}}"
CHN,cpi_index_all_items_quarterly_imf,2015-Q4,quarterly,89.88810666666667,\N,derived,IMF_CPI,IMF|ACCESS_SHARING_LEVEL=PUBLIC_OPEN|COICOP_1999=_T|COMMON_REFERENCE_PERIOD=2020A|FREQUENCY=M|IFS_FLAG=true|INDEX_TYPE=CPI|OVERLAP=OL|SCALE=0|SECURITY_CLASSIFICATION=PUB|TYPE_OF_TRANSFORMATION=IX|aggregation=quarterly_mean,\N,"{""aggregation_method"": ""quarterly_mean"", ""source_derivation_types"": [""O"", ""O"", ""O""], ""source_months"": [""2015-M10"", ""2015-M11"", ""2015-M12""], ""source_observation_count"": 3, ""source_series_dimensions"": {""ACCESS_SHARING_LEVEL"": ""PUBLIC_OPEN"", ""COICOP_1999"": ""_T"", ""COMMON_REFERENCE_PERIOD"": ""2020A"", ""COUNTRY"": ""CHN"", ""FREQUENCY"": ""M"", ""IFS_FLAG"": ""true"", ""INDEX_TYPE"": ""CPI"", ""OVERLAP"": ""OL"", ""SCALE"": ""0"", ""SECURITY_CLASSIFICATION"": ""PUB"", ""TYPE_OF_TRANSFORMATION"": ""IX""}}"
CIV,cpi_index_all_items_quarterly_imf,2015-Q1,quarterly,82.9405304977153,\N,derived,IMF_CPI,IMF|ACCESS_SHARING_LEVEL=PUBLIC_OPEN|COICOP_1999=_T|COMMON_REFERENCE_PERIOD=2023A|FREQUENCY=M|IFS_FLAG=true|INDEX_TYPE=CPI|OVERLAP=OL|SCALE=0|SECURITY_CLASSIFICATION=PUB|TYPE_OF_TRANSFORMATION=IX|aggregation=quarterly_mean,\N,"{""aggregation_method"": ""quarterly_mean"", ""source_derivation_types"": [""O"", ""O"", ""O""], ""source_months"": [""2015-M01"", ""2015-M02"", ""2015-M03""], ""source_observation_count"": 3, ""source_series_dimensions"": {""ACCESS_SHARING_LEVEL"": ""PUBLIC_OPEN"", ""COICOP_1999"": ""_T"", ""COMMON_REFERENCE_PERIOD"": ""2023A"", ""COUNTRY"": ""CIV"", ""FREQUENCY"": ""M"", ""IFS_FLAG"": ""true"", ""INDEX_TYPE"": ""CPI"", ""OVERLAP"": ""OL"", ""SCALE"": ""0"", ""SECURITY_CLASSIFICATION"": ""PUB"", ""TYPE_OF_TRANSFORMATION"": ""IX""}}"
CIV,cpi_index_all_items_quarterly_imf,2015-Q2,quarterly,83.48575757966533,\N,derived,IMF_CPI,IMF|ACCESS_SHARING_LEVEL=PUBLIC_OPEN|COICOP_1999=_T|COMMON_REFERENCE_PERIOD=2023A|FREQUENCY=M|IFS_FLAG=true|INDEX_TYPE=CPI|OVERLAP=OL|SCALE=0|SECURITY_CLASSIFICATION=PUB|TYPE_OF_TRANSFORMATION=IX|aggregation=quarterly_mean,\N,"{""aggregation_method"": ""quarterly_mean"", ""source_derivation_types"": [""O"", ""O"", ""O""], ""source_months"": [""2015-M04"", ""2015-M05"", ""2015-M06""], ""source_observation_count"": 3, ""source_series_dimensions"": {""ACCESS_SHARING_LEVEL"": ""PUBLIC_OPEN"", ""COICOP_1999"": ""_T"", ""COMMON_REFERENCE_PERIOD"": ""2023A"", ""COUNTRY"": ""CIV"", ""FREQUENCY"": ""M"", ""IFS_FLAG"": ""true"", ""INDEX_TYPE"": ""CPI"", ""OVERLAP"": ""OL"", ""SCALE"": ""0"", ""SECURITY_CLASSIFICATION"": ""PUB"", ""TYPE_OF_TRANSFORMATION"": ""IX""}}"
CIV,cpi_index_all_items_quarterly_imf,2015-Q3,quarterly,83.21925644992292,\N,derived,IMF_CPI,IMF|ACCESS_SHARING_LEVEL=PUBLIC_OPEN|COICOP_1999=_T|COMMON_REFERENCE_PERIOD=2023A|FREQUENCY=M|IFS_FLAG=true|INDEX_TYPE=CPI|OVERLAP=OL|SCALE=0|SECURITY_CLASSIFICATION=PUB|TYPE_OF_TRANSFORMATION=IX|aggregation=quarterly_mean,\N,"{""aggregation_method"": ""quarterly_mean"", ""source_derivation_types"": [""O"", ""O"", ""O""], ""source_months"": [""2015-M07"", ""2015-M08"", ""2015-M09""], ""source_observation_count"": 3, ""source_series_dimensions"": {""ACCESS_SHARING_LEVEL"": ""PUBLIC_OPEN"", ""COICOP_1999"": ""_T"", ""COMMON_REFERENCE_PERIOD"": ""2023A"", ""COUNTRY"": ""CIV"", ""FREQUENCY"": ""M"", ""IFS_FLAG"": ""true"", ""INDEX_TYPE"": ""CPI"", ""OVERLAP"": ""OL"", ""SCALE"": ""0"", ""SECURITY_CLASSIFICATION"": ""PUB"", ""TYPE_OF_TRANSFORMATION"": ""IX""}}"
CIV,cpi_index_all_items_quarterly_imf,2015-Q4,quarterly,83.03099418395813,\N,derived,IMF_CPI,IMF|ACCESS_SHARING_LEVEL=PUBLIC_OPEN|COICOP_1999=_T|COMMON_REFERENCE_PERIOD=2023A|FREQUENCY=M|IFS_FLAG=true|INDEX_TYPE=CPI|OVERLAP=OL|SCALE=0|SECURITY_CLASSIFICATION=PUB|TYPE_OF_TRANSFORMATION=IX|aggregation=quarterly_mean,\N,"{""aggregation_method"": ""quarterly_mean"", ""source_derivation_types"": [""O"", ""O"", ""O""], ""source_months"": [""2015-M10"", ""2015-M11"", ""2015-M12""], ""source_observation_count"": 3, ""source_series_dimensions"": {""ACCESS_SHARING_LEVEL"": ""PUBLIC_OPEN"", ""COICOP_1999"": ""_T"", ""COMMON_REFERENCE_PERIOD"": ""2023A"", ""COUNTRY"": ""CIV"", ""FREQUENCY"": ""M"", ""IFS_FLAG"": ""true"", ""INDEX_TYPE"": ""CPI"", ""OVERLAP"": ""OL"", ""SCALE"": ""0"", ""SECURITY_CLASSIFICATION"": ""PUB"", ""TYPE_OF_TRANSFORMATION"": ""IX""}}"
CMR,cpi_index_all_items_quarterly_imf,2015-Q1,quarterly,84.58178495336091,\N,derived,IMF_CPI,IMF|ACCESS_SHARING_LEVEL=PUBLIC_OPEN|COICOP_1999=_T|COMMON_REFERENCE_PERIOD=2022A|FREQUENCY=M|IFS_FLAG=true|INDEX_TYPE=CPI|OVERLAP=OL|SCALE=0|SECURITY_CLASSIFICATION=PUB|TYPE_OF_TRANSFORMATION=IX|aggregation=quarterly_mean,\N,"{""aggregation_method"": ""quarterly_mean"", ""source_derivation_types"": [""O"", ""O"", ""O""], ""source_months"": [""2015-M01"", ""2015-M02"", ""2015-M03""], ""source_observation_count"": 3, ""source_series_dimensions"": {""ACCESS_SHARING_LEVEL"": ""PUBLIC_OPEN"", ""COICOP_1999"": ""_T"", ""COMMON_REFERENCE_PERIOD"": ""2022A"", ""COUNTRY"": ""CMR"", ""FREQUENCY"": ""M"", ""IFS_FLAG"": ""true"", ""INDEX_TYPE"": ""CPI"", ""OVERLAP"": ""OL"", ""SCALE"": ""0"", ""SECURITY_CLASSIFICATION"": ""PUB"", ""TYPE_OF_TRANSFORMATION"": ""IX""}}"
CMR,cpi_index_all_items_quarterly_imf,2015-Q2,quarterly,85.30835928590787,\N,derived,IMF_CPI,IMF|ACCESS_SHARING_LEVEL=PUBLIC_OPEN|COICOP_1999=_T|COMMON_REFERENCE_PERIOD=2022A|FREQUENCY=M|IFS_FLAG=true|INDEX_TYPE=CPI|OVERLAP=OL|SCALE=0|SECURITY_CLASSIFICATION=PUB|TYPE_OF_TRANSFORMATION=IX|aggregation=quarterly_mean,\N,"{""aggregation_method"": ""quarterly_mean"", ""source_derivation_types"": [""O"", ""O"", ""O""], ""source_months"": [""2015-M04"", ""2015-M05"", ""2015-M06""], ""source_observation_count"": 3, ""source_series_dimensions"": {""ACCESS_SHARING_LEVEL"": ""PUBLIC_OPEN"", ""COICOP_1999"": ""_T"", ""COMMON_REFERENCE_PERIOD"": ""2022A"", ""COUNTRY"": ""CMR"", ""FREQUENCY"": ""M"", ""IFS_FLAG"": ""true"", ""INDEX_TYPE"": ""CPI"", ""OVERLAP"": ""OL"", ""SCALE"": ""0"", ""SECURITY_CLASSIFICATION"": ""PUB"", ""TYPE_OF_TRANSFORMATION"": ""IX""}}"
CMR,cpi_index_all_items_quarterly_imf,2015-Q3,quarterly,85.8915412498604,\N,derived,IMF_CPI,IMF|ACCESS_SHARING_LEVEL=PUBLIC_OPEN|COICOP_1999=_T|COMMON_REFERENCE_PERIOD=2022A|FREQUENCY=M|IFS_FLAG=true|INDEX_TYPE=CPI|OVERLAP=OL|SCALE=0|SECURITY_CLASSIFICATION=PUB|TYPE_OF_TRANSFORMATION=IX|aggregation=quarterly_mean,\N,"{""aggregation_method"": ""quarterly_mean"", ""source_derivation_types"": [""O"", ""O"", ""O""], ""source_months"": [""2015-M07"", ""2015-M08"", ""2015-M09""], ""source_observation_count"": 3, ""source_series_dimensions"": {""ACCESS_SHARING_LEVEL"": ""PUBLIC_OPEN"", ""COICOP_1999"": ""_T"", ""COMMON_REFERENCE_PERIOD"": ""2022A"", ""COUNTRY"": ""CMR"", ""FREQUENCY"": ""M"", ""IFS_FLAG"": ""true"", ""INDEX_TYPE"": ""CPI"", ""OVERLAP"": ""OL"", ""SCALE"": ""0"", ""SECURITY_CLASSIFICATION"": ""PUB"", ""TYPE_OF_TRANSFORMATION"": ""IX""}}"
CMR,cpi_index_all_items_quarterly_imf,2015-Q4,quarterly,86.02187742778126,\N,derived,IMF_CPI,IMF|ACCESS_SHARING_LEVEL=PUBLIC_OPEN|COICOP_1999=_T|COMMON_REFERENCE_PERIOD=2022A|FREQUENCY=M|IFS_FLAG=true|INDEX_TYPE=CPI|OVERLAP=OL|SCALE=0|SECURITY_CLASSIFICATION=PUB|TYPE_OF_TRANSFORMATION=IX|aggregation=quarterly_mean,\N,"{""aggregation_method"": ""quarterly_mean"", ""source_derivation_types"": [""O"", ""O"", ""O""], ""source_months"": [""2015-M10"", ""2015-M11"", ""2015-M12""], ""source_observation_count"": 3, ""source_series_dimensions"": {""ACCESS_SHARING_LEVEL"": ""PUBLIC_OPEN"", ""COICOP_1999"": ""_T"", ""COMMON_REFERENCE_PERIOD"": ""2022A"", ""COUNTRY"": ""CMR"", ""FREQUENCY"": ""M"", ""IFS_FLAG"": ""true"", ""INDEX_TYPE"": ""CPI"", ""OVERLAP"": ""OL"", ""SCALE"": ""0"", ""SECURITY_CLASSIFICATION"": ""PUB"", ""TYPE_OF_TRANSFORMATION"": ""IX""}}"
COD,cpi_index_all_items_quarterly_imf,2015-Q1,quarterly,125.33312686099232,\N,derived,IMF_CPI,IMF|ACCESS_SHARING_LEVEL=PUBLIC_OPEN|COICOP_1999=_T|COMMON_REFERENCE_PERIOD=2009M12|FREQUENCY=M|IFS_FLAG=true|INDEX_TYPE=CPI|OVERLAP=OL|SCALE=0|SECURITY_CLASSIFICATION=PUB|TYPE_OF_TRANSFORMATION=IX|aggregation=quarterly_mean,\N,"{""aggregation_method"": ""quarterly_mean"", ""source_derivation_types"": [""O"", ""O"", ""O""], ""source_months"": [""2015-M01"", ""2015-M02"", ""2015-M03""], ""source_observation_count"": 3, ""source_series_dimensions"": {""ACCESS_SHARING_LEVEL"": ""PUBLIC_OPEN"", ""COICOP_1999"": ""_T"", ""COMMON_REFERENCE_PERIOD"": ""2009M12"", ""COUNTRY"": ""COD"", ""FREQUENCY"": ""M"", ""IFS_FLAG"": ""true"", ""INDEX_TYPE"": ""CPI"", ""OVERLAP"": ""OL"", ""SCALE"": ""0"", ""SECURITY_CLASSIFICATION"": ""PUB"", ""TYPE_OF_TRANSFORMATION"": ""IX""}}"
COD,cpi_index_all_items_quarterly_imf,2015-Q2,quarterly,125.54018990033,\N,derived,IMF_CPI,IMF|ACCESS_SHARING_LEVEL=PUBLIC_OPEN|COICOP_1999=_T|COMMON_REFERENCE_PERIOD=2009M12|FREQUENCY=M|IFS_FLAG=true|INDEX_TYPE=CPI|OVERLAP=OL|SCALE=0|SECURITY_CLASSIFICATION=PUB|TYPE_OF_TRANSFORMATION=IX|aggregation=quarterly_mean,\N,"{""aggregation_method"": ""quarterly_mean"", ""source_derivation_types"": [""O"", ""O"", ""O""], ""source_months"": [""2015-M04"", ""2015-M05"", ""2015-M06""], ""source_observation_count"": 3, ""source_series_dimensions"": {""ACCESS_SHARING_LEVEL"": ""PUBLIC_OPEN"", ""COICOP_1999"": ""_T"", ""COMMON_REFERENCE_PERIOD"": ""2009M12"", ""COUNTRY"": ""COD"", ""FREQUENCY"": ""M"", ""IFS_FLAG"": ""true"", ""INDEX_TYPE"": ""CPI"", ""OVERLAP"": ""OL"", ""SCALE"": ""0"", ""SECURITY_CLASSIFICATION"": ""PUB"", ""TYPE_OF_TRANSFORMATION"": ""IX""}}"
COD,cpi_index_all_items_quarterly_imf,2015-Q3,quarterly,125.77970253585067,\N,derived,IMF_CPI,IMF|ACCESS_SHARING_LEVEL=PUBLIC_OPEN|COICOP_1999=_T|COMMON_REFERENCE_PERIOD=2009M12|FREQUENCY=M|IFS_FLAG=true|INDEX_TYPE=CPI|OVERLAP=OL|SCALE=0|SECURITY_CLASSIFICATION=PUB|TYPE_OF_TRANSFORMATION=IX|aggregation=quarterly_mean,\N,"{""aggregation_method"": ""quarterly_mean"", ""source_derivation_types"": [""O"", ""O"", ""O""], ""source_months"": [""2015-M07"", ""2015-M08"", ""2015-M09""], ""source_observation_count"": 3, ""source_series_dimensions"": {""ACCESS_SHARING_LEVEL"": ""PUBLIC_OPEN"", ""COICOP_1999"": ""_T"", ""COMMON_REFERENCE_PERIOD"": ""2009M12"", ""COUNTRY"": ""COD"", ""FREQUENCY"": ""M"", ""IFS_FLAG"": ""true"", ""INDEX_TYPE"": ""CPI"", ""OVERLAP"": ""OL"", ""SCALE"": ""0"", ""SECURITY_CLASSIFICATION"": ""PUB"", ""TYPE_OF_TRANSFORMATION"": ""IX""}}"
COD,cpi_index_all_items_quarterly_imf,2015-Q4,quarterly,126.08780213839833,\N,derived,IMF_CPI,IMF|ACCESS_SHARING_LEVEL=PUBLIC_OPEN|COICOP_1999=_T|COMMON_REFERENCE_PERIOD=2009M12|FREQUENCY=M|IFS_FLAG=true|INDEX_TYPE=CPI|OVERLAP=OL|SCALE=0|SECURITY_CLASSIFICATION=PUB|TYPE_OF_TRANSFORMATION=IX|aggregation=quarterly_mean,\N,"{""aggregation_method"": ""quarterly_mean"", ""source_derivation_types"": [""O"", ""O"", ""O""], ""source_months"": [""2015-M10"", ""2015-M11"", ""2015-M12""], ""source_observation_count"": 3, ""source_series_dimensions"": {""ACCESS_SHARING_LEVEL"": ""PUBLIC_OPEN"", ""COICOP_1999"": ""_T"", ""COMMON_REFERENCE_PERIOD"": ""2009M12"", ""COUNTRY"": ""COD"", ""FREQUENCY"": ""M"", ""IFS_FLAG"": ""true"", ""INDEX_TYPE"": ""CPI"", ""OVERLAP"": ""OL"", ""SCALE"": ""0"", ""SECURITY_CLASSIFICATION"": ""PUB"", ""TYPE_OF_TRANSFORMATION"": ""IX""}}"
COG,cpi_index_all_items_quarterly_imf,2015-Q1,quarterly,92.67121580666783,\N,derived,IMF_CPI,IMF|ACCESS_SHARING_LEVEL=PUBLIC_OPEN|COICOP_1999=_T|COMMON_REFERENCE_PERIOD=2018A|FREQUENCY=M|IFS_FLAG=true|INDEX_TYPE=CPI|OVERLAP=OL|SCALE=0|SECURITY_CLASSIFICATION=PUB|TYPE_OF_TRANSFORMATION=IX|aggregation=quarterly_mean,\N,"{""aggregation_method"": ""quarterly_mean"", ""source_derivation_types"": [""O"", ""O"", ""O""], ""source_months"": [""2015-M01"", ""2015-M02"", ""2015-M03""], ""source_observation_count"": 3, ""source_series_dimensions"": {""ACCESS_SHARING_LEVEL"": ""PUBLIC_OPEN"", ""COICOP_1999"": ""_T"", ""COMMON_REFERENCE_PERIOD"": ""2018A"", ""COUNTRY"": ""COG"", ""FREQUENCY"": ""M"", ""IFS_FLAG"": ""true"", ""INDEX_TYPE"": ""CPI"", ""OVERLAP"": ""OL"", ""SCALE"": ""0"", ""SECURITY_CLASSIFICATION"": ""PUB"", ""TYPE_OF_TRANSFORMATION"": ""IX""}}"
COG,cpi_index_all_items_quarterly_imf,2015-Q2,quarterly,92.04545266381233,\N,derived,IMF_CPI,IMF|ACCESS_SHARING_LEVEL=PUBLIC_OPEN|COICOP_1999=_T|COMMON_REFERENCE_PERIOD=2018A|FREQUENCY=M|IFS_FLAG=true|INDEX_TYPE=CPI|OVERLAP=OL|SCALE=0|SECURITY_CLASSIFICATION=PUB|TYPE_OF_TRANSFORMATION=IX|aggregation=quarterly_mean,\N,"{""aggregation_method"": ""quarterly_mean"", ""source_derivation_types"": [""O"", ""O"", ""O""], ""source_months"": [""2015-M04"", ""2015-M05"", ""2015-M06""], ""source_observation_count"": 3, ""source_series_dimensions"": {""ACCESS_SHARING_LEVEL"": ""PUBLIC_OPEN"", ""COICOP_1999"": ""_T"", ""COMMON_REFERENCE_PERIOD"": ""2018A"", ""COUNTRY"": ""COG"", ""FREQUENCY"": ""M"", ""IFS_FLAG"": ""true"", ""INDEX_TYPE"": ""CPI"", ""OVERLAP"": ""OL"", ""SCALE"": ""0"", ""SECURITY_CLASSIFICATION"": ""PUB"", ""TYPE_OF_TRANSFORMATION"": ""IX""}}"
COG,cpi_index_all_items_quarterly_imf,2015-Q3,quarterly,93.58102371784302,\N,derived,IMF_CPI,IMF|ACCESS_SHARING_LEVEL=PUBLIC_OPEN|COICOP_1999=_T|COMMON_REFERENCE_PERIOD=2018A|FREQUENCY=M|IFS_FLAG=true|INDEX_TYPE=CPI|OVERLAP=OL|SCALE=0|SECURITY_CLASSIFICATION=PUB|TYPE_OF_TRANSFORMATION=IX|aggregation=quarterly_mean,\N,"{""aggregation_method"": ""quarterly_mean"", ""source_derivation_types"": [""O"", ""O"", ""O""], ""source_months"": [""2015-M07"", ""2015-M08"", ""2015-M09""], ""source_observation_count"": 3, ""source_series_dimensions"": {""ACCESS_SHARING_LEVEL"": ""PUBLIC_OPEN"", ""COICOP_1999"": ""_T"", ""COMMON_REFERENCE_PERIOD"": ""2018A"", ""COUNTRY"": ""COG"", ""FREQUENCY"": ""M"", ""IFS_FLAG"": ""true"", ""INDEX_TYPE"": ""CPI"", ""OVERLAP"": ""OL"", ""SCALE"": ""0"", ""SECURITY_CLASSIFICATION"": ""PUB"", ""TYPE_OF_TRANSFORMATION"": ""IX""}}"
COG,cpi_index_all_items_quarterly_imf,2015-Q4,quarterly,95.80621090703217,\N,derived,IMF_CPI,IMF|ACCESS_SHARING_LEVEL=PUBLIC_OPEN|COICOP_1999=_T|COMMON_REFERENCE_PERIOD=2018A|FREQUENCY=M|IFS_FLAG=true|INDEX_TYPE=CPI|OVERLAP=OL|SCALE=0|SECURITY_CLASSIFICATION=PUB|TYPE_OF_TRANSFORMATION=IX|aggregation=quarterly_mean,\N,"{""aggregation_method"": ""quarterly_mean"", ""source_derivation_types"": [""O"", ""O"", ""O""], ""source_months"": [""2015-M10"", ""2015-M11"", ""2015-M12""], ""source_observation_count"": 3, ""source_series_dimensions"": {""ACCESS_SHARING_LEVEL"": ""PUBLIC_OPEN"", ""COICOP_1999"": ""_T"", ""COMMON_REFERENCE_PERIOD"": ""2018A"", ""COUNTRY"": ""COG"", ""FREQUENCY"": ""M"", ""IFS_FLAG"": ""true"", ""INDEX_TYPE"": ""CPI"", ""OVERLAP"": ""OL"", ""SCALE"": ""0"", ""SECURITY_CLASSIFICATION"": ""PUB"", ""TYPE_OF_TRANSFORMATION"": ""IX""}}"
COL,cpi_index_all_items_quarterly_imf,2015-Q1,quarterly,83.79749333333332,\N,derived,IMF_CPI,IMF|ACCESS_SHARING_LEVEL=PUBLIC_OPEN|COICOP_1999=_T|COMMON_REFERENCE_PERIOD=2018M12|FREQUENCY=M|IFS_FLAG=true|INDEX_TYPE=CPI|OVERLAP=OL|SCALE=0|SECURITY_CLASSIFICATION=PUB|TYPE_OF_TRANSFORMATION=IX|aggregation=quarterly_mean,\N,"{""aggregation_method"": ""quarterly_mean"", ""source_derivation_types"": [""O"", ""O"", ""O""], ""source_months"": [""2015-M01"", ""2015-M02"", ""2015-M03""], ""source_observation_count"": 3, ""source_series_dimensions"": {""ACCESS_SHARING_LEVEL"": ""PUBLIC_OPEN"", ""COICOP_1999"": ""_T"", ""COMMON_REFERENCE_PERIOD"": ""2018M12"", ""COUNTRY"": ""COL"", ""FREQUENCY"": ""M"", ""IFS_FLAG"": ""true"", ""INDEX_TYPE"": ""CPI"", ""OVERLAP"": ""OL"", ""SCALE"": ""0"", ""SECURITY_CLASSIFICATION"": ""PUB"", ""TYPE_OF_TRANSFORMATION"": ""IX""}}"
COL,cpi_index_all_items_quarterly_imf,2015-Q2,quarterly,85.0748,\N,derived,IMF_CPI,IMF|ACCESS_SHARING_LEVEL=PUBLIC_OPEN|COICOP_1999=_T|COMMON_REFERENCE_PERIOD=2018M12|FREQUENCY=M|IFS_FLAG=true|INDEX_TYPE=CPI|OVERLAP=OL|SCALE=0|SECURITY_CLASSIFICATION=PUB|TYPE_OF_TRANSFORMATION=IX|aggregation=quarterly_mean,\N,"{""aggregation_method"": ""quarterly_mean"", ""source_derivation_types"": [""O"", ""O"", ""O""], ""source_months"": [""2015-M04"", ""2015-M05"", ""2015-M06""], ""source_observation_count"": 3, ""source_series_dimensions"": {""ACCESS_SHARING_LEVEL"": ""PUBLIC_OPEN"", ""COICOP_1999"": ""_T"", ""COMMON_REFERENCE_PERIOD"": ""2018M12"", ""COUNTRY"": ""COL"", ""FREQUENCY"": ""M"", ""IFS_FLAG"": ""true"", ""INDEX_TYPE"": ""CPI"", ""OVERLAP"": ""OL"", ""SCALE"": ""0"", ""SECURITY_CLASSIFICATION"": ""PUB"", ""TYPE_OF_TRANSFORMATION"": ""IX""}}"
COL,cpi_index_all_items_quarterly_imf,2015-Q3,quarterly,85.84956333333332,\N,derived,IMF_CPI,IMF|ACCESS_SHARING_LEVEL=PUBLIC_OPEN|COICOP_1999=_T|COMMON_REFERENCE_PERIOD=2018M12|FREQUENCY=M|IFS_FLAG=true|INDEX_TYPE=CPI|OVERLAP=OL|SCALE=0|SECURITY_CLASSIFICATION=PUB|TYPE_OF_TRANSFORMATION=IX|aggregation=quarterly_mean,\N,"{""aggregation_method"": ""quarterly_mean"", ""source_derivation_types"": [""O"", ""O"", ""O""], ""source_months"": [""2015-M07"", ""2015-M08"", ""2015-M09""], ""source_observation_count"": 3, ""source_series_dimensions"": {""ACCESS_SHARING_LEVEL"": ""PUBLIC_OPEN"", ""COICOP_1999"": ""_T"", ""COMMON_REFERENCE_PERIOD"": ""2018M12"", ""COUNTRY"": ""COL"", ""FREQUENCY"": ""M"", ""IFS_FLAG"": ""true"", ""INDEX_TYPE"": ""CPI"", ""OVERLAP"": ""OL"", ""SCALE"": ""0"", ""SECURITY_CLASSIFICATION"": ""PUB"", ""TYPE_OF_TRANSFORMATION"": ""IX""}}"
COL,cpi_index_all_items_quarterly_imf,2015-Q4,quarterly,87.51308999999999,\N,derived,IMF_CPI,IMF|ACCESS_SHARING_LEVEL=PUBLIC_OPEN|COICOP_1999=_T|COMMON_REFERENCE_PERIOD=2018M12|FREQUENCY=M|IFS_FLAG=true|INDEX_TYPE=CPI|OVERLAP=OL|SCALE=0|SECURITY_CLASSIFICATION=PUB|TYPE_OF_TRANSFORMATION=IX|aggregation=quarterly_mean,\N,"{""aggregation_method"": ""quarterly_mean"", ""source_derivation_types"": [""O"", ""O"", ""O""], ""source_months"": [""2015-M10"", ""2015-M11"", ""2015-M12""], ""source_observation_count"": 3, ""source_series_dimensions"": {""ACCESS_SHARING_LEVEL"": ""PUBLIC_OPEN"", ""COICOP_1999"": ""_T"", ""COMMON_REFERENCE_PERIOD"": ""2018M12"", ""COUNTRY"": ""COL"", ""FREQUENCY"": ""M"", ""IFS_FLAG"": ""true"", ""INDEX_TYPE"": ""CPI"", ""OVERLAP"": ""OL"", ""SCALE"": ""0"", ""SECURITY_CLASSIFICATION"": ""PUB"", ""TYPE_OF_TRANSFORMATION"": ""IX""}}"
COM,cpi_index_all_items_quarterly_imf,2015-Q1,quarterly,104.18333333333334,\N,derived,IMF_CPI,IMF|ACCESS_SHARING_LEVEL=PUBLIC_OPEN|COICOP_1999=_T|COMMON_REFERENCE_PERIOD=2011A|FREQUENCY=M|IFS_FLAG=true|INDEX_TYPE=CPI|OVERLAP=OL|SCALE=0|SECURITY_CLASSIFICATION=PUB|TYPE_OF_TRANSFORMATION=IX|aggregation=quarterly_mean,\N,"{""aggregation_method"": ""quarterly_mean"", ""source_derivation_types"": [""O"", ""O"", ""O""], ""source_months"": [""2015-M01"", ""2015-M02"", ""2015-M03""], ""source_observation_count"": 3, ""source_series_dimensions"": {""ACCESS_SHARING_LEVEL"": ""PUBLIC_OPEN"", ""COICOP_1999"": ""_T"", ""COMMON_REFERENCE_PERIOD"": ""2011A"", ""COUNTRY"": ""COM"", ""FREQUENCY"": ""M"", ""IFS_FLAG"": ""true"", ""INDEX_TYPE"": ""CPI"", ""OVERLAP"": ""OL"", ""SCALE"": ""0"", ""SECURITY_CLASSIFICATION"": ""PUB"", ""TYPE_OF_TRANSFORMATION"": ""IX""}}"
COM,cpi_index_all_items_quarterly_imf,2015-Q2,quarterly,104.42333333333333,\N,derived,IMF_CPI,IMF|ACCESS_SHARING_LEVEL=PUBLIC_OPEN|COICOP_1999=_T|COMMON_REFERENCE_PERIOD=2011A|FREQUENCY=M|IFS_FLAG=true|INDEX_TYPE=CPI|OVERLAP=OL|SCALE=0|SECURITY_CLASSIFICATION=PUB|TYPE_OF_TRANSFORMATION=IX|aggregation=quarterly_mean,\N,"{""aggregation_method"": ""quarterly_mean"", ""source_derivation_types"": [""O"", ""O"", ""O""], ""source_months"": [""2015-M04"", ""2015-M05"", ""2015-M06""], ""source_observation_count"": 3, ""source_series_dimensions"": {""ACCESS_SHARING_LEVEL"": ""PUBLIC_OPEN"", ""COICOP_1999"": ""_T"", ""COMMON_REFERENCE_PERIOD"": ""2011A"", ""COUNTRY"": ""COM"", ""FREQUENCY"": ""M"", ""IFS_FLAG"": ""true"", ""INDEX_TYPE"": ""CPI"", ""OVERLAP"": ""OL"", ""SCALE"": ""0"", ""SECURITY_CLASSIFICATION"": ""PUB"", ""TYPE_OF_TRANSFORMATION"": ""IX""}}"
COM,cpi_index_all_items_quarterly_imf,2015-Q3,quarterly,107.08666666666666,\N,derived,IMF_CPI,IMF|ACCESS_SHARING_LEVEL=PUBLIC_OPEN|COICOP_1999=_T|COMMON_REFERENCE_PERIOD=2011A|FREQUENCY=M|IFS_FLAG=true|INDEX_TYPE=CPI|OVERLAP=OL|SCALE=0|SECURITY_CLASSIFICATION=PUB|TYPE_OF_TRANSFORMATION=IX|aggregation=quarterly_mean,\N,"{""aggregation_method"": ""quarterly_mean"", ""source_derivation_types"": [""O"", ""O"", ""O""], ""source_months"": [""2015-M07"", ""2015-M08"", ""2015-M09""], ""source_observation_count"": 3, ""source_series_dimensions"": {""ACCESS_SHARING_LEVEL"": ""PUBLIC_OPEN"", ""COICOP_1999"": ""_T"", ""COMMON_REFERENCE_PERIOD"": ""2011A"", ""COUNTRY"": ""COM"", ""FREQUENCY"": ""M"", ""IFS_FLAG"": ""true"", ""INDEX_TYPE"": ""CPI"", ""OVERLAP"": ""OL"", ""SCALE"": ""0"", ""SECURITY_CLASSIFICATION"": ""PUB"", ""TYPE_OF_TRANSFORMATION"": ""IX""}}"
COM,cpi_index_all_items_quarterly_imf,2015-Q4,quarterly,106.45,\N,derived,IMF_CPI,IMF|ACCESS_SHARING_LEVEL=PUBLIC_OPEN|COICOP_1999=_T|COMMON_REFERENCE_PERIOD=2011A|FREQUENCY=M|IFS_FLAG=true|INDEX_TYPE=CPI|OVERLAP=OL|SCALE=0|SECURITY_CLASSIFICATION=PUB|TYPE_OF_TRANSFORMATION=IX|aggregation=quarterly_mean,\N,"{""aggregation_method"": ""quarterly_mean"", ""source_derivation_types"": [""O"", ""O"", ""O""], ""source_months"": [""2015-M10"", ""2015-M11"", ""2015-M12""], ""source_observation_count"": 3, ""source_series_dimensions"": {""ACCESS_SHARING_LEVEL"": ""PUBLIC_OPEN"", ""COICOP_1999"": ""_T"", ""COMMON_REFERENCE_PERIOD"": ""2011A"", ""COUNTRY"": ""COM"", ""FREQUENCY"": ""M"", ""IFS_FLAG"": ""true"", ""INDEX_TYPE"": ""CPI"", ""OVERLAP"": ""OL"", ""SCALE"": ""0"", ""SECURITY_CLASSIFICATION"": ""PUB"", ""TYPE_OF_TRANSFORMATION"": ""IX""}}"
CPV,cpi_index_all_items_quarterly_imf,2015-Q1,quarterly,99.56857133036392,\N,derived,IMF_CPI,IMF|ACCESS_SHARING_LEVEL=PUBLIC_OPEN|COICOP_1999=_T|COMMON_REFERENCE_PERIOD=2018A|FREQUENCY=M|IFS_FLAG=true|INDEX_TYPE=CPI|OVERLAP=OL|SCALE=0|SECURITY_CLASSIFICATION=PUB|TYPE_OF_TRANSFORMATION=IX|aggregation=quarterly_mean,\N,"{""aggregation_method"": ""quarterly_mean"", ""source_derivation_types"": [""O"", ""O"", ""O""], ""source_months"": [""2015-M01"", ""2015-M02"", ""2015-M03""], ""source_observation_count"": 3, ""source_series_dimensions"": {""ACCESS_SHARING_LEVEL"": ""PUBLIC_OPEN"", ""COICOP_1999"": ""_T"", ""COMMON_REFERENCE_PERIOD"": ""2018A"", ""COUNTRY"": ""CPV"", ""FREQUENCY"": ""M"", ""IFS_FLAG"": ""true"", ""INDEX_TYPE"": ""CPI"", ""OVERLAP"": ""OL"", ""SCALE"": ""0"", ""SECURITY_CLASSIFICATION"": ""PUB"", ""TYPE_OF_TRANSFORMATION"": ""IX""}}"
CPV,cpi_index_all_items_quarterly_imf,2015-Q2,quarterly,99.01999849106863,\N,derived,IMF_CPI,IMF|ACCESS_SHARING_LEVEL=PUBLIC_OPEN|COICOP_1999=_T|COMMON_REFERENCE_PERIOD=2018A|FREQUENCY=M|IFS_FLAG=true|INDEX_TYPE=CPI|OVERLAP=OL|SCALE=0|SECURITY_CLASSIFICATION=PUB|TYPE_OF_TRANSFORMATION=IX|aggregation=quarterly_mean,\N,"{""aggregation_method"": ""quarterly_mean"", ""source_derivation_types"": [""O"", ""O"", ""O""], ""source_months"": [""2015-M04"", ""2015-M05"", ""2015-M06""], ""source_observation_count"": 3, ""source_series_dimensions"": {""ACCESS_SHARING_LEVEL"": ""PUBLIC_OPEN"", ""COICOP_1999"": ""_T"", ""COMMON_REFERENCE_PERIOD"": ""2018A"", ""COUNTRY"": ""CPV"", ""FREQUENCY"": ""M"", ""IFS_FLAG"": ""true"", ""INDEX_TYPE"": ""CPI"", ""OVERLAP"": ""OL"", ""SCALE"": ""0"", ""SECURITY_CLASSIFICATION"": ""PUB"", ""TYPE_OF_TRANSFORMATION"": ""IX""}}"
CPV,cpi_index_all_items_quarterly_imf,2015-Q3,quarterly,99.49376700007417,\N,derived,IMF_CPI,IMF|ACCESS_SHARING_LEVEL=PUBLIC_OPEN|COICOP_1999=_T|COMMON_REFERENCE_PERIOD=2018A|FREQUENCY=M|IFS_FLAG=true|INDEX_TYPE=CPI|OVERLAP=OL|SCALE=0|SECURITY_CLASSIFICATION=PUB|TYPE_OF_TRANSFORMATION=IX|aggregation=quarterly_mean,\N,"{""aggregation_method"": ""quarterly_mean"", ""source_derivation_types"": [""O"", ""O"", ""O""], ""source_months"": [""2015-M07"", ""2015-M08"", ""2015-M09""], ""source_observation_count"": 3, ""source_series_dimensions"": {""ACCESS_SHARING_LEVEL"": ""PUBLIC_OPEN"", ""COICOP_1999"": ""_T"", ""COMMON_REFERENCE_PERIOD"": ""2018A"", ""COUNTRY"": ""CPV"", ""FREQUENCY"": ""M"", ""IFS_FLAG"": ""true"", ""INDEX_TYPE"": ""CPI"", ""OVERLAP"": ""OL"", ""SCALE"": ""0"", ""SECURITY_CLASSIFICATION"": ""PUB"", ""TYPE_OF_TRANSFORMATION"": ""IX""}}"
CPV,cpi_index_all_items_quarterly_imf,2015-Q4,quarterly,99.47437312823781,\N,derived,IMF_CPI,IMF|ACCESS_SHARING_LEVEL=PUBLIC_OPEN|COICOP_1999=_T|COMMON_REFERENCE_PERIOD=2018A|FREQUENCY=M|IFS_FLAG=true|INDEX_TYPE=CPI|OVERLAP=OL|SCALE=0|SECURITY_CLASSIFICATION=PUB|TYPE_OF_TRANSFORMATION=IX|aggregation=quarterly_mean,\N,"{""aggregation_method"": ""quarterly_mean"", ""source_derivation_types"": [""O"", ""O"", ""O""], ""source_months"": [""2015-M10"", ""2015-M11"", ""2015-M12""], ""source_observation_count"": 3, ""source_series_dimensions"": {""ACCESS_SHARING_LEVEL"": ""PUBLIC_OPEN"", ""COICOP_1999"": ""_T"", ""COMMON_REFERENCE_PERIOD"": ""2018A"", ""COUNTRY"": ""CPV"", ""FREQUENCY"": ""M"", ""IFS_FLAG"": ""true"", ""INDEX_TYPE"": ""CPI"", ""OVERLAP"": ""OL"", ""SCALE"": ""0"", ""SECURITY_CLASSIFICATION"": ""PUB"", ""TYPE_OF_TRANSFORMATION"": ""IX""}}"
CRI,cpi_index_all_items_quarterly_imf,2015-Q1,quarterly,93.31233333333334,\N,derived,IMF_CPI,IMF|ACCESS_SHARING_LEVEL=PUBLIC_OPEN|COICOP_1999=_T|COMMON_REFERENCE_PERIOD=2020M12|FREQUENCY=M|IFS_FLAG=true|INDEX_TYPE=CPI|OVERLAP=OL|SCALE=0|SECURITY_CLASSIFICATION=PUB|TYPE_OF_TRANSFORMATION=IX|aggregation=quarterly_mean,\N,"{""aggregation_method"": ""quarterly_mean"", ""source_derivation_types"": [""O"", ""O"", ""O""], ""source_months"": [""2015-M01"", ""2015-M02"", ""2015-M03""], ""source_observation_count"": 3, ""source_series_dimensions"": {""ACCESS_SHARING_LEVEL"": ""PUBLIC_OPEN"", ""COICOP_1999"": ""_T"", ""COMMON_REFERENCE_PERIOD"": ""2020M12"", ""COUNTRY"": ""CRI"", ""FREQUENCY"": ""M"", ""IFS_FLAG"": ""true"", ""INDEX_TYPE"": ""CPI"", ""OVERLAP"": ""OL"", ""SCALE"": ""0"", ""SECURITY_CLASSIFICATION"": ""PUB"", ""TYPE_OF_TRANSFORMATION"": ""IX""}}"
CRI,cpi_index_all_items_quarterly_imf,2015-Q2,quarterly,93.23033333333335,\N,derived,IMF_CPI,IMF|ACCESS_SHARING_LEVEL=PUBLIC_OPEN|COICOP_1999=_T|COMMON_REFERENCE_PERIOD=2020M12|FREQUENCY=M|IFS_FLAG=true|INDEX_TYPE=CPI|OVERLAP=OL|SCALE=0|SECURITY_CLASSIFICATION=PUB|TYPE_OF_TRANSFORMATION=IX|aggregation=quarterly_mean,\N,"{""aggregation_method"": ""quarterly_mean"", ""source_derivation_types"": [""O"", ""O"", ""O""], ""source_months"": [""2015-M04"", ""2015-M05"", ""2015-M06""], ""source_observation_count"": 3, ""source_series_dimensions"": {""ACCESS_SHARING_LEVEL"": ""PUBLIC_OPEN"", ""COICOP_1999"": ""_T"", ""COMMON_REFERENCE_PERIOD"": ""2020M12"", ""COUNTRY"": ""CRI"", ""FREQUENCY"": ""M"", ""IFS_FLAG"": ""true"", ""INDEX_TYPE"": ""CPI"", ""OVERLAP"": ""OL"", ""SCALE"": ""0"", ""SECURITY_CLASSIFICATION"": ""PUB"", ""TYPE_OF_TRANSFORMATION"": ""IX""}}"
CRI,cpi_index_all_items_quarterly_imf,2015-Q3,quarterly,92.86800000000001,\N,derived,IMF_CPI,IMF|ACCESS_SHARING_LEVEL=PUBLIC_OPEN|COICOP_1999=_T|COMMON_REFERENCE_PERIOD=2020M12|FREQUENCY=M|IFS_FLAG=true|INDEX_TYPE=CPI|OVERLAP=OL|SCALE=0|SECURITY_CLASSIFICATION=PUB|TYPE_OF_TRANSFORMATION=IX|aggregation=quarterly_mean,\N,"{""aggregation_method"": ""quarterly_mean"", ""source_derivation_types"": [""O"", ""O"", ""O""], ""source_months"": [""2015-M07"", ""2015-M08"", ""2015-M09""], ""source_observation_count"": 3, ""source_series_dimensions"": {""ACCESS_SHARING_LEVEL"": ""PUBLIC_OPEN"", ""COICOP_1999"": ""_T"", ""COMMON_REFERENCE_PERIOD"": ""2020M12"", ""COUNTRY"": ""CRI"", ""FREQUENCY"": ""M"", ""IFS_FLAG"": ""true"", ""INDEX_TYPE"": ""CPI"", ""OVERLAP"": ""OL"", ""SCALE"": ""0"", ""SECURITY_CLASSIFICATION"": ""PUB"", ""TYPE_OF_TRANSFORMATION"": ""IX""}}"
CRI,cpi_index_all_items_quarterly_imf,2015-Q4,quarterly,92.46733333333333,\N,derived,IMF_CPI,IMF|ACCESS_SHARING_LEVEL=PUBLIC_OPEN|COICOP_1999=_T|COMMON_REFERENCE_PERIOD=2020M12|FREQUENCY=M|IFS_FLAG=true|INDEX_TYPE=CPI|OVERLAP=OL|SCALE=0|SECURITY_CLASSIFICATION=PUB|TYPE_OF_TRANSFORMATION=IX|aggregation=quarterly_mean,\N,"{""aggregation_method"": ""quarterly_mean"", ""source_derivation_types"": [""O"", ""O"", ""O""], ""source_months"": [""2015-M10"", ""2015-M11"", ""2015-M12""], ""source_observation_count"": 3, ""source_series_dimensions"": {""ACCESS_SHARING_LEVEL"": ""PUBLIC_OPEN"", ""COICOP_1999"": ""_T"", ""COMMON_REFERENCE_PERIOD"": ""2020M12"", ""COUNTRY"": ""CRI"", ""FREQUENCY"": ""M"", ""IFS_FLAG"": ""true"", ""INDEX_TYPE"": ""CPI"", ""OVERLAP"": ""OL"", ""SCALE"": ""0"", ""SECURITY_CLASSIFICATION"": ""PUB"", ""TYPE_OF_TRANSFORMATION"": ""IX""}}"
CUW,cpi_index_all_items_quarterly_imf,2015-Q1,quarterly,123.2,\N,derived,IMF_CPI,IMF|ACCESS_SHARING_LEVEL=PUBLIC_OPEN|COICOP_1999=_T|COMMON_REFERENCE_PERIOD=2006M10|FREQUENCY=M|IFS_FLAG=true|INDEX_TYPE=CPI|OVERLAP=OL|SCALE=0|SECURITY_CLASSIFICATION=PUB|TYPE_OF_TRANSFORMATION=IX|aggregation=quarterly_mean,\N,"{""aggregation_method"": ""quarterly_mean"", ""source_derivation_types"": [""O"", ""O"", ""O""], ""source_months"": [""2015-M01"", ""2015-M02"", ""2015-M03""], ""source_observation_count"": 3, ""source_series_dimensions"": {""ACCESS_SHARING_LEVEL"": ""PUBLIC_OPEN"", ""COICOP_1999"": ""_T"", ""COMMON_REFERENCE_PERIOD"": ""2006M10"", ""COUNTRY"": ""CUW"", ""FREQUENCY"": ""M"", ""IFS_FLAG"": ""true"", ""INDEX_TYPE"": ""CPI"", ""OVERLAP"": ""OL"", ""SCALE"": ""0"", ""SECURITY_CLASSIFICATION"": ""PUB"", ""TYPE_OF_TRANSFORMATION"": ""IX""}}"
CUW,cpi_index_all_items_quarterly_imf,2015-Q2,quarterly,123.13333333333334,\N,derived,IMF_CPI,IMF|ACCESS_SHARING_LEVEL=PUBLIC_OPEN|COICOP_1999=_T|COMMON_REFERENCE_PERIOD=2006M10|FREQUENCY=M|IFS_FLAG=true|INDEX_TYPE=CPI|OVERLAP=OL|SCALE=0|SECURITY_CLASSIFICATION=PUB|TYPE_OF_TRANSFORMATION=IX|aggregation=quarterly_mean,\N,"{""aggregation_method"": ""quarterly_mean"", ""source_derivation_types"": [""O"", ""O"", ""O""], ""source_months"": [""2015-M04"", ""2015-M05"", ""2015-M06""], ""source_observation_count"": 3, ""source_series_dimensions"": {""ACCESS_SHARING_LEVEL"": ""PUBLIC_OPEN"", ""COICOP_1999"": ""_T"", ""COMMON_REFERENCE_PERIOD"": ""2006M10"", ""COUNTRY"": ""CUW"", ""FREQUENCY"": ""M"", ""IFS_FLAG"": ""true"", ""INDEX_TYPE"": ""CPI"", ""OVERLAP"": ""OL"", ""SCALE"": ""0"", ""SECURITY_CLASSIFICATION"": ""PUB"", ""TYPE_OF_TRANSFORMATION"": ""IX""}}"
CUW,cpi_index_all_items_quarterly_imf,2015-Q3,quarterly,124.76666666666667,\N,derived,IMF_CPI,IMF|ACCESS_SHARING_LEVEL=PUBLIC_OPEN|COICOP_1999=_T|COMMON_REFERENCE_PERIOD=2006M10|FREQUENCY=M|IFS_FLAG=true|INDEX_TYPE=CPI|OVERLAP=OL|SCALE=0|SECURITY_CLASSIFICATION=PUB|TYPE_OF_TRANSFORMATION=IX|aggregation=quarterly_mean,\N,"{""aggregation_method"": ""quarterly_mean"", ""source_derivation_types"": [""O"", ""O"", ""O""], ""source_months"": [""2015-M07"", ""2015-M08"", ""2015-M09""], ""source_observation_count"": 3, ""source_series_dimensions"": {""ACCESS_SHARING_LEVEL"": ""PUBLIC_OPEN"", ""COICOP_1999"": ""_T"", ""COMMON_REFERENCE_PERIOD"": ""2006M10"", ""COUNTRY"": ""CUW"", ""FREQUENCY"": ""M"", ""IFS_FLAG"": ""true"", ""INDEX_TYPE"": ""CPI"", ""OVERLAP"": ""OL"", ""SCALE"": ""0"", ""SECURITY_CLASSIFICATION"": ""PUB"", ""TYPE_OF_TRANSFORMATION"": ""IX""}}"
CUW,cpi_index_all_items_quarterly_imf,2015-Q4,quarterly,123.16666666666667,\N,derived,IMF_CPI,IMF|ACCESS_SHARING_LEVEL=PUBLIC_OPEN|COICOP_1999=_T|COMMON_REFERENCE_PERIOD=2006M10|FREQUENCY=M|IFS_FLAG=true|INDEX_TYPE=CPI|OVERLAP=OL|SCALE=0|SECURITY_CLASSIFICATION=PUB|TYPE_OF_TRANSFORMATION=IX|aggregation=quarterly_mean,\N,"{""aggregation_method"": ""quarterly_mean"", ""source_derivation_types"": [""O"", ""O"", ""O""], ""source_months"": [""2015-M10"", ""2015-M11"", ""2015-M12""], ""source_observation_count"": 3, ""source_series_dimensions"": {""ACCESS_SHARING_LEVEL"": ""PUBLIC_OPEN"", ""COICOP_1999"": ""_T"", ""COMMON_REFERENCE_PERIOD"": ""2006M10"", ""COUNTRY"": ""CUW"", ""FREQUENCY"": ""M"", ""IFS_FLAG"": ""true"", ""INDEX_TYPE"": ""CPI"", ""OVERLAP"": ""OL"", ""SCALE"": ""0"", ""SECURITY_CLASSIFICATION"": ""PUB"", ""TYPE_OF_TRANSFORMATION"": ""IX""}}"
CYP,cpi_index_all_items_quarterly_imf,2015-Q1,quarterly,85.18095422242924,\N,derived,IMF_CPI,IMF|ACCESS_SHARING_LEVEL=PUBLIC_OPEN|COICOP_1999=_T|COMMON_REFERENCE_PERIOD=2025A|FREQUENCY=M|IFS_FLAG=true|INDEX_TYPE=CPI|OVERLAP=OL|SCALE=0|SECURITY_CLASSIFICATION=PUB|TYPE_OF_TRANSFORMATION=IX|aggregation=quarterly_mean,\N,"{""aggregation_method"": ""quarterly_mean"", ""source_derivation_types"": [""O"", ""O"", ""O""], ""source_months"": [""2015-M01"", ""2015-M02"", ""2015-M03""], ""source_observation_count"": 3, ""source_series_dimensions"": {""ACCESS_SHARING_LEVEL"": ""PUBLIC_OPEN"", ""COICOP_1999"": ""_T"", ""COMMON_REFERENCE_PERIOD"": ""2025A"", ""COUNTRY"": ""CYP"", ""FREQUENCY"": ""M"", ""IFS_FLAG"": ""true"", ""INDEX_TYPE"": ""CPI"", ""OVERLAP"": ""OL"", ""SCALE"": ""0"", ""SECURITY_CLASSIFICATION"": ""PUB"", ""TYPE_OF_TRANSFORMATION"": ""IX""}}"
CYP,cpi_index_all_items_quarterly_imf,2015-Q2,quarterly,85.73766014220286,\N,derived,IMF_CPI,IMF|ACCESS_SHARING_LEVEL=PUBLIC_OPEN|COICOP_1999=_T|COMMON_REFERENCE_PERIOD=2025A|FREQUENCY=M|IFS_FLAG=true|INDEX_TYPE=CPI|OVERLAP=OL|SCALE=0|SECURITY_CLASSIFICATION=PUB|TYPE_OF_TRANSFORMATION=IX|aggregation=quarterly_mean,\N,"{""aggregation_method"": ""quarterly_mean"", ""source_derivation_types"": [""O"", ""O"", ""O""], ""source_months"": [""2015-M04"", ""2015-M05"", ""2015-M06""], ""source_observation_count"": 3, ""source_series_dimensions"": {""ACCESS_SHARING_LEVEL"": ""PUBLIC_OPEN"", ""COICOP_1999"": ""_T"", ""COMMON_REFERENCE_PERIOD"": ""2025A"", ""COUNTRY"": ""CYP"", ""FREQUENCY"": ""M"", ""IFS_FLAG"": ""true"", ""INDEX_TYPE"": ""CPI"", ""OVERLAP"": ""OL"", ""SCALE"": ""0"", ""SECURITY_CLASSIFICATION"": ""PUB"", ""TYPE_OF_TRANSFORMATION"": ""IX""}}"
CYP,cpi_index_all_items_quarterly_imf,2015-Q3,quarterly,84.70095000715774,\N,derived,IMF_CPI,IMF|ACCESS_SHARING_LEVEL=PUBLIC_OPEN|COICOP_1999=_T|COMMON_REFERENCE_PERIOD=2025A|FREQUENCY=M|IFS_FLAG=true|INDEX_TYPE=CPI|OVERLAP=OL|SCALE=0|SECURITY_CLASSIFICATION=PUB|TYPE_OF_TRANSFORMATION=IX|aggregation=quarterly_mean,\N,"{""aggregation_method"": ""quarterly_mean"", ""source_derivation_types"": [""O"", ""O"", ""O""], ""source_months"": [""2015-M07"", ""2015-M08"", ""2015-M09""], ""source_observation_count"": 3, ""source_series_dimensions"": {""ACCESS_SHARING_LEVEL"": ""PUBLIC_OPEN"", ""COICOP_1999"": ""_T"", ""COMMON_REFERENCE_PERIOD"": ""2025A"", ""COUNTRY"": ""CYP"", ""FREQUENCY"": ""M"", ""IFS_FLAG"": ""true"", ""INDEX_TYPE"": ""CPI"", ""OVERLAP"": ""OL"", ""SCALE"": ""0"", ""SECURITY_CLASSIFICATION"": ""PUB"", ""TYPE_OF_TRANSFORMATION"": ""IX""}}"
CYP,cpi_index_all_items_quarterly_imf,2015-Q4,quarterly,85.26755292106067,\N,derived,IMF_CPI,IMF|ACCESS_SHARING_LEVEL=PUBLIC_OPEN|COICOP_1999=_T|COMMON_REFERENCE_PERIOD=2025A|FREQUENCY=M|IFS_FLAG=true|INDEX_TYPE=CPI|OVERLAP=OL|SCALE=0|SECURITY_CLASSIFICATION=PUB|TYPE_OF_TRANSFORMATION=IX|aggregation=quarterly_mean,\N,"{""aggregation_method"": ""quarterly_mean"", ""source_derivation_types"": [""O"", ""O"", ""O""], ""source_months"": [""2015-M10"", ""2015-M11"", ""2015-M12""], ""source_observation_count"": 3, ""source_series_dimensions"": {""ACCESS_SHARING_LEVEL"": ""PUBLIC_OPEN"", ""COICOP_1999"": ""_T"", ""COMMON_REFERENCE_PERIOD"": ""2025A"", ""COUNTRY"": ""CYP"", ""FREQUENCY"": ""M"", ""IFS_FLAG"": ""true"", ""INDEX_TYPE"": ""CPI"", ""OVERLAP"": ""OL"", ""SCALE"": ""0"", ""SECURITY_CLASSIFICATION"": ""PUB"", ""TYPE_OF_TRANSFORMATION"": ""IX""}}"
CZE,cpi_index_all_items_quarterly_imf,2015-Q1,quarterly,64.23152709359606,\N,derived,IMF_CPI,IMF|ACCESS_SHARING_LEVEL=PUBLIC_OPEN|COICOP_1999=_T|COMMON_REFERENCE_PERIOD=2025A|FREQUENCY=M|IFS_FLAG=true|INDEX_TYPE=CPI|OVERLAP=OL|SCALE=0|SECURITY_CLASSIFICATION=PUB|TYPE_OF_TRANSFORMATION=IX|aggregation=quarterly_mean,\N,"{""aggregation_method"": ""quarterly_mean"", ""source_derivation_types"": [""O"", ""O"", ""O""], ""source_months"": [""2015-M01"", ""2015-M02"", ""2015-M03""], ""source_observation_count"": 3, ""source_series_dimensions"": {""ACCESS_SHARING_LEVEL"": ""PUBLIC_OPEN"", ""COICOP_1999"": ""_T"", ""COMMON_REFERENCE_PERIOD"": ""2025A"", ""COUNTRY"": ""CZE"", ""FREQUENCY"": ""M"", ""IFS_FLAG"": ""true"", ""INDEX_TYPE"": ""CPI"", ""OVERLAP"": ""OL"", ""SCALE"": ""0"", ""SECURITY_CLASSIFICATION"": ""PUB"", ""TYPE_OF_TRANSFORMATION"": ""IX""}}"
CZE,cpi_index_all_items_quarterly_imf,2015-Q2,quarterly,64.66116941529236,\N,derived,IMF_CPI,IMF|ACCESS_SHARING_LEVEL=PUBLIC_OPEN|COICOP_1999=_T|COMMON_REFERENCE_PERIOD=2025A|FREQUENCY=M|IFS_FLAG=true|INDEX_TYPE=CPI|OVERLAP=OL|SCALE=0|SECURITY_CLASSIFICATION=PUB|TYPE_OF_TRANSFORMATION=IX|aggregation=quarterly_mean,\N,"{""aggregation_method"": ""quarterly_mean"", ""source_derivation_types"": [""O"", ""O"", ""O""], ""source_months"": [""2015-M04"", ""2015-M05"", ""2015-M06""], ""source_observation_count"": 3, ""source_series_dimensions"": {""ACCESS_SHARING_LEVEL"": ""PUBLIC_OPEN"", ""COICOP_1999"": ""_T"", ""COMMON_REFERENCE_PERIOD"": ""2025A"", ""COUNTRY"": ""CZE"", ""FREQUENCY"": ""M"", ""IFS_FLAG"": ""true"", ""INDEX_TYPE"": ""CPI"", ""OVERLAP"": ""OL"", ""SCALE"": ""0"", ""SECURITY_CLASSIFICATION"": ""PUB"", ""TYPE_OF_TRANSFORMATION"": ""IX""}}"
CZE,cpi_index_all_items_quarterly_imf,2015-Q3,quarterly,64.5752409509531,\N,derived,IMF_CPI,IMF|ACCESS_SHARING_LEVEL=PUBLIC_OPEN|COICOP_1999=_T|COMMON_REFERENCE_PERIOD=2025A|FREQUENCY=M|IFS_FLAG=true|INDEX_TYPE=CPI|OVERLAP=OL|SCALE=0|SECURITY_CLASSIFICATION=PUB|TYPE_OF_TRANSFORMATION=IX|aggregation=quarterly_mean,\N,"{""aggregation_method"": ""quarterly_mean"", ""source_derivation_types"": [""O"", ""O"", ""O""], ""source_months"": [""2015-M07"", ""2015-M08"", ""2015-M09""], ""source_observation_count"": 3, ""source_series_dimensions"": {""ACCESS_SHARING_LEVEL"": ""PUBLIC_OPEN"", ""COICOP_1999"": ""_T"", ""COMMON_REFERENCE_PERIOD"": ""2025A"", ""COUNTRY"": ""CZE"", ""FREQUENCY"": ""M"", ""IFS_FLAG"": ""true"", ""INDEX_TYPE"": ""CPI"", ""OVERLAP"": ""OL"", ""SCALE"": ""0"", ""SECURITY_CLASSIFICATION"": ""PUB"", ""TYPE_OF_TRANSFORMATION"": ""IX""}}"
CZE,cpi_index_all_items_quarterly_imf,2015-Q4,quarterly,64.25300920968088,\N,derived,IMF_CPI,IMF|ACCESS_SHARING_LEVEL=PUBLIC_OPEN|COICOP_1999=_T|COMMON_REFERENCE_PERIOD=2025A|FREQUENCY=M|IFS_FLAG=true|INDEX_TYPE=CPI|OVERLAP=OL|SCALE=0|SECURITY_CLASSIFICATION=PUB|TYPE_OF_TRANSFORMATION=IX|aggregation=quarterly_mean,\N,"{""aggregation_method"": ""quarterly_mean"", ""source_derivation_types"": [""O"", ""O"", ""O""], ""source_months"": [""2015-M10"", ""2015-M11"", ""2015-M12""], ""source_observation_count"": 3, ""source_series_dimensions"": {""ACCESS_SHARING_LEVEL"": ""PUBLIC_OPEN"", ""COICOP_1999"": ""_T"", ""COMMON_REFERENCE_PERIOD"": ""2025A"", ""COUNTRY"": ""CZE"", ""FREQUENCY"": ""M"", ""IFS_FLAG"": ""true"", ""INDEX_TYPE"": ""CPI"", ""OVERLAP"": ""OL"", ""SCALE"": ""0"", ""SECURITY_CLASSIFICATION"": ""PUB"", ""TYPE_OF_TRANSFORMATION"": ""IX""}}"
DEU,cpi_index_all_items_quarterly_imf,2015-Q1,quarterly,94.04474333333333,\N,derived,IMF_CPI,IMF|ACCESS_SHARING_LEVEL=PUBLIC_OPEN|COICOP_1999=_T|COMMON_REFERENCE_PERIOD=2020A|FREQUENCY=M|IFS_FLAG=true|INDEX_TYPE=CPI|OVERLAP=OL|SCALE=0|SECURITY_CLASSIFICATION=PUB|TYPE_OF_TRANSFORMATION=IX|aggregation=quarterly_mean,\N,"{""aggregation_method"": ""quarterly_mean"", ""source_derivation_types"": [""O"", ""O"", ""O""], ""source_months"": [""2015-M01"", ""2015-M02"", ""2015-M03""], ""source_observation_count"": 3, ""source_series_dimensions"": {""ACCESS_SHARING_LEVEL"": ""PUBLIC_OPEN"", ""COICOP_1999"": ""_T"", ""COMMON_REFERENCE_PERIOD"": ""2020A"", ""COUNTRY"": ""DEU"", ""FREQUENCY"": ""M"", ""IFS_FLAG"": ""true"", ""INDEX_TYPE"": ""CPI"", ""OVERLAP"": ""OL"", ""SCALE"": ""0"", ""SECURITY_CLASSIFICATION"": ""PUB"", ""TYPE_OF_TRANSFORMATION"": ""IX""}}"
DEU,cpi_index_all_items_quarterly_imf,2015-Q2,quarterly,95.18314666666667,\N,derived,IMF_CPI,IMF|ACCESS_SHARING_LEVEL=PUBLIC_OPEN|COICOP_1999=_T|COMMON_REFERENCE_PERIOD=2020A|FREQUENCY=M|IFS_FLAG=true|INDEX_TYPE=CPI|OVERLAP=OL|SCALE=0|SECURITY_CLASSIFICATION=PUB|TYPE_OF_TRANSFORMATION=IX|aggregation=quarterly_mean,\N,"{""aggregation_method"": ""quarterly_mean"", ""source_derivation_types"": [""O"", ""O"", ""O""], ""source_months"": [""2015-M04"", ""2015-M05"", ""2015-M06""], ""source_observation_count"": 3, ""source_series_dimensions"": {""ACCESS_SHARING_LEVEL"": ""PUBLIC_OPEN"", ""COICOP_1999"": ""_T"", ""COMMON_REFERENCE_PERIOD"": ""2020A"", ""COUNTRY"": ""DEU"", ""FREQUENCY"": ""M"", ""IFS_FLAG"": ""true"", ""INDEX_TYPE"": ""CPI"", ""OVERLAP"": ""OL"", ""SCALE"": ""0"", ""SECURITY_CLASSIFICATION"": ""PUB"", ""TYPE_OF_TRANSFORMATION"": ""IX""}}"
DEU,cpi_index_all_items_quarterly_imf,2015-Q3,quarterly,95.37287666666667,\N,derived,IMF_CPI,IMF|ACCESS_SHARING_LEVEL=PUBLIC_OPEN|COICOP_1999=_T|COMMON_REFERENCE_PERIOD=2020A|FREQUENCY=M|IFS_FLAG=true|INDEX_TYPE=CPI|OVERLAP=OL|SCALE=0|SECURITY_CLASSIFICATION=PUB|TYPE_OF_TRANSFORMATION=IX|aggregation=quarterly_mean,\N,"{""aggregation_method"": ""quarterly_mean"", ""source_derivation_types"": [""O"", ""O"", ""O""], ""source_months"": [""2015-M07"", ""2015-M08"", ""2015-M09""], ""source_observation_count"": 3, ""source_series_dimensions"": {""ACCESS_SHARING_LEVEL"": ""PUBLIC_OPEN"", ""COICOP_1999"": ""_T"", ""COMMON_REFERENCE_PERIOD"": ""2020A"", ""COUNTRY"": ""DEU"", ""FREQUENCY"": ""M"", ""IFS_FLAG"": ""true"", ""INDEX_TYPE"": ""CPI"", ""OVERLAP"": ""OL"", ""SCALE"": ""0"", ""SECURITY_CLASSIFICATION"": ""PUB"", ""TYPE_OF_TRANSFORMATION"": ""IX""}}"
DEU,cpi_index_all_items_quarterly_imf,2015-Q4,quarterly,94.80367666666666,\N,derived,IMF_CPI,IMF|ACCESS_SHARING_LEVEL=PUBLIC_OPEN|COICOP_1999=_T|COMMON_REFERENCE_PERIOD=2020A|FREQUENCY=M|IFS_FLAG=true|INDEX_TYPE=CPI|OVERLAP=OL|SCALE=0|SECURITY_CLASSIFICATION=PUB|TYPE_OF_TRANSFORMATION=IX|aggregation=quarterly_mean,\N,"{""aggregation_method"": ""quarterly_mean"", ""source_derivation_types"": [""O"", ""O"", ""O""], ""source_months"": [""2015-M10"", ""2015-M11"", ""2015-M12""], ""source_observation_count"": 3, ""source_series_dimensions"": {""ACCESS_SHARING_LEVEL"": ""PUBLIC_OPEN"", ""COICOP_1999"": ""_T"", ""COMMON_REFERENCE_PERIOD"": ""2020A"", ""COUNTRY"": ""DEU"", ""FREQUENCY"": ""M"", ""IFS_FLAG"": ""true"", ""INDEX_TYPE"": ""CPI"", ""OVERLAP"": ""OL"", ""SCALE"": ""0"", ""SECURITY_CLASSIFICATION"": ""PUB"", ""TYPE_OF_TRANSFORMATION"": ""IX""}}"
DJI,cpi_index_all_items_quarterly_imf,2015-Q1,quarterly,85.79243735636419,\N,derived,IMF_CPI,IMF|ACCESS_SHARING_LEVEL=PUBLIC_OPEN|COICOP_1999=_T|COMMON_REFERENCE_PERIOD=2022A|FREQUENCY=M|IFS_FLAG=true|INDEX_TYPE=CPI|OVERLAP=OL|SCALE=0|SECURITY_CLASSIFICATION=PUB|TYPE_OF_TRANSFORMATION=IX|aggregation=quarterly_mean,\N,"{""aggregation_method"": ""quarterly_mean"", ""source_derivation_types"": [""O"", ""O"", ""O""], ""source_months"": [""2015-M01"", ""2015-M02"", ""2015-M03""], ""source_observation_count"": 3, ""source_series_dimensions"": {""ACCESS_SHARING_LEVEL"": ""PUBLIC_OPEN"", ""COICOP_1999"": ""_T"", ""COMMON_REFERENCE_PERIOD"": ""2022A"", ""COUNTRY"": ""DJI"", ""FREQUENCY"": ""M"", ""IFS_FLAG"": ""true"", ""INDEX_TYPE"": ""CPI"", ""OVERLAP"": ""OL"", ""SCALE"": ""0"", ""SECURITY_CLASSIFICATION"": ""PUB"", ""TYPE_OF_TRANSFORMATION"": ""IX""}}"
DJI,cpi_index_all_items_quarterly_imf,2015-Q2,quarterly,86.56519313904722,\N,derived,IMF_CPI,IMF|ACCESS_SHARING_LEVEL=PUBLIC_OPEN|COICOP_1999=_T|COMMON_REFERENCE_PERIOD=2022A|FREQUENCY=M|IFS_FLAG=true|INDEX_TYPE=CPI|OVERLAP=OL|SCALE=0|SECURITY_CLASSIFICATION=PUB|TYPE_OF_TRANSFORMATION=IX|aggregation=quarterly_mean,\N,"{""aggregation_method"": ""quarterly_mean"", ""source_derivation_types"": [""O"", ""O"", ""O""], ""source_months"": [""2015-M04"", ""2015-M05"", ""2015-M06""], ""source_observation_count"": 3, ""source_series_dimensions"": {""ACCESS_SHARING_LEVEL"": ""PUBLIC_OPEN"", ""COICOP_1999"": ""_T"", ""COMMON_REFERENCE_PERIOD"": ""2022A"", ""COUNTRY"": ""DJI"", ""FREQUENCY"": ""M"", ""IFS_FLAG"": ""true"", ""INDEX_TYPE"": ""CPI"", ""OVERLAP"": ""OL"", ""SCALE"": ""0"", ""SECURITY_CLASSIFICATION"": ""PUB"", ""TYPE_OF_TRANSFORMATION"": ""IX""}}"
DJI,cpi_index_all_items_quarterly_imf,2015-Q3,quarterly,87.3893745493887,\N,derived,IMF_CPI,IMF|ACCESS_SHARING_LEVEL=PUBLIC_OPEN|COICOP_1999=_T|COMMON_REFERENCE_PERIOD=2022A|FREQUENCY=M|IFS_FLAG=true|INDEX_TYPE=CPI|OVERLAP=OL|SCALE=0|SECURITY_CLASSIFICATION=PUB|TYPE_OF_TRANSFORMATION=IX|aggregation=quarterly_mean,\N,"{""aggregation_method"": ""quarterly_mean"", ""source_derivation_types"": [""O"", ""O"", ""O""], ""source_months"": [""2015-M07"", ""2015-M08"", ""2015-M09""], ""source_observation_count"": 3, ""source_series_dimensions"": {""ACCESS_SHARING_LEVEL"": ""PUBLIC_OPEN"", ""COICOP_1999"": ""_T"", ""COMMON_REFERENCE_PERIOD"": ""2022A"", ""COUNTRY"": ""DJI"", ""FREQUENCY"": ""M"", ""IFS_FLAG"": ""true"", ""INDEX_TYPE"": ""CPI"", ""OVERLAP"": ""OL"", ""SCALE"": ""0"", ""SECURITY_CLASSIFICATION"": ""PUB"", ""TYPE_OF_TRANSFORMATION"": ""IX""}}"
DJI,cpi_index_all_items_quarterly_imf,2015-Q4,quarterly,86.84198751065897,\N,derived,IMF_CPI,IMF|ACCESS_SHARING_LEVEL=PUBLIC_OPEN|COICOP_1999=_T|COMMON_REFERENCE_PERIOD=2022A|FREQUENCY=M|IFS_FLAG=true|INDEX_TYPE=CPI|OVERLAP=OL|SCALE=0|SECURITY_CLASSIFICATION=PUB|TYPE_OF_TRANSFORMATION=IX|aggregation=quarterly_mean,\N,"{""aggregation_method"": ""quarterly_mean"", ""source_derivation_types"": [""O"", ""O"", ""O""], ""source_months"": [""2015-M10"", ""2015-M11"", ""2015-M12""], ""source_observation_count"": 3, ""source_series_dimensions"": {""ACCESS_SHARING_LEVEL"": ""PUBLIC_OPEN"", ""COICOP_1999"": ""_T"", ""COMMON_REFERENCE_PERIOD"": ""2022A"", ""COUNTRY"": ""DJI"", ""FREQUENCY"": ""M"", ""IFS_FLAG"": ""true"", ""INDEX_TYPE"": ""CPI"", ""OVERLAP"": ""OL"", ""SCALE"": ""0"", ""SECURITY_CLASSIFICATION"": ""PUB"", ""TYPE_OF_TRANSFORMATION"": ""IX""}}"
DMA,cpi_index_all_items_quarterly_imf,2015-Q1,quarterly,101.49666666666667,\N,derived,IMF_CPI,IMF|ACCESS_SHARING_LEVEL=PUBLIC_OPEN|COICOP_1999=_T|COMMON_REFERENCE_PERIOD=2010M6|FREQUENCY=M|IFS_FLAG=true|INDEX_TYPE=CPI|OVERLAP=OL|SCALE=0|SECURITY_CLASSIFICATION=PUB|TYPE_OF_TRANSFORMATION=IX|aggregation=quarterly_mean,\N,"{""aggregation_method"": ""quarterly_mean"", ""source_derivation_types"": [""O"", ""O"", ""O""], ""source_months"": [""2015-M01"", ""2015-M02"", ""2015-M03""], ""source_observation_count"": 3, ""source_series_dimensions"": {""ACCESS_SHARING_LEVEL"": ""PUBLIC_OPEN"", ""COICOP_1999"": ""_T"", ""COMMON_REFERENCE_PERIOD"": ""2010M6"", ""COUNTRY"": ""DMA"", ""FREQUENCY"": ""M"", ""IFS_FLAG"": ""true"", ""INDEX_TYPE"": ""CPI"", ""OVERLAP"": ""OL"", ""SCALE"": ""0"", ""SECURITY_CLASSIFICATION"": ""PUB"", ""TYPE_OF_TRANSFORMATION"": ""IX""}}"
DMA,cpi_index_all_items_quarterly_imf,2015-Q2,quarterly,102.55,\N,derived,IMF_CPI,IMF|ACCESS_SHARING_LEVEL=PUBLIC_OPEN|COICOP_1999=_T|COMMON_REFERENCE_PERIOD=2010M6|FREQUENCY=M|IFS_FLAG=true|INDEX_TYPE=CPI|OVERLAP=OL|SCALE=0|SECURITY_CLASSIFICATION=PUB|TYPE_OF_TRANSFORMATION=IX|aggregation=quarterly_mean,\N,"{""aggregation_method"": ""quarterly_mean"", ""source_derivation_types"": [""O"", ""O"", ""O""], ""source_months"": [""2015-M04"", ""2015-M05"", ""2015-M06""], ""source_observation_count"": 3, ""source_series_dimensions"": {""ACCESS_SHARING_LEVEL"": ""PUBLIC_OPEN"", ""COICOP_1999"": ""_T"", ""COMMON_REFERENCE_PERIOD"": ""2010M6"", ""COUNTRY"": ""DMA"", ""FREQUENCY"": ""M"", ""IFS_FLAG"": ""true"", ""INDEX_TYPE"": ""CPI"", ""OVERLAP"": ""OL"", ""SCALE"": ""0"", ""SECURITY_CLASSIFICATION"": ""PUB"", ""TYPE_OF_TRANSFORMATION"": ""IX""}}"
DMA,cpi_index_all_items_quarterly_imf,2015-Q3,quarterly,102.48,\N,derived,IMF_CPI,IMF|ACCESS_SHARING_LEVEL=PUBLIC_OPEN|COICOP_1999=_T|COMMON_REFERENCE_PERIOD=2010M6|FREQUENCY=M|IFS_FLAG=true|INDEX_TYPE=CPI|OVERLAP=OL|SCALE=0|SECURITY_CLASSIFICATION=PUB|TYPE_OF_TRANSFORMATION=IX|aggregation=quarterly_mean,\N,"{""aggregation_method"": ""quarterly_mean"", ""source_derivation_types"": [""O"", ""O"", ""O""], ""source_months"": [""2015-M07"", ""2015-M08"", ""2015-M09""], ""source_observation_count"": 3, ""source_series_dimensions"": {""ACCESS_SHARING_LEVEL"": ""PUBLIC_OPEN"", ""COICOP_1999"": ""_T"", ""COMMON_REFERENCE_PERIOD"": ""2010M6"", ""COUNTRY"": ""DMA"", ""FREQUENCY"": ""M"", ""IFS_FLAG"": ""true"", ""INDEX_TYPE"": ""CPI"", ""OVERLAP"": ""OL"", ""SCALE"": ""0"", ""SECURITY_CLASSIFICATION"": ""PUB"", ""TYPE_OF_TRANSFORMATION"": ""IX""}}"
DMA,cpi_index_all_items_quarterly_imf,2015-Q4,quarterly,102.45333333333333,\N,derived,IMF_CPI,IMF|ACCESS_SHARING_LEVEL=PUBLIC_OPEN|COICOP_1999=_T|COMMON_REFERENCE_PERIOD=2010M6|FREQUENCY=M|IFS_FLAG=true|INDEX_TYPE=CPI|OVERLAP=OL|SCALE=0|SECURITY_CLASSIFICATION=PUB|TYPE_OF_TRANSFORMATION=IX|aggregation=quarterly_mean,\N,"{""aggregation_method"": ""quarterly_mean"", ""source_derivation_types"": [""O"", ""O"", ""O""], ""source_months"": [""2015-M10"", ""2015-M11"", ""2015-M12""], ""source_observation_count"": 3, ""source_series_dimensions"": {""ACCESS_SHARING_LEVEL"": ""PUBLIC_OPEN"", ""COICOP_1999"": ""_T"", ""COMMON_REFERENCE_PERIOD"": ""2010M6"", ""COUNTRY"": ""DMA"", ""FREQUENCY"": ""M"", ""IFS_FLAG"": ""true"", ""INDEX_TYPE"": ""CPI"", ""OVERLAP"": ""OL"", ""SCALE"": ""0"", ""SECURITY_CLASSIFICATION"": ""PUB"", ""TYPE_OF_TRANSFORMATION"": ""IX""}}"
DNK,cpi_index_all_items_quarterly_imf,2015-Q1,quarterly,82.27999999999999,\N,derived,IMF_CPI,IMF|ACCESS_SHARING_LEVEL=PUBLIC_OPEN|COICOP_1999=_T|COMMON_REFERENCE_PERIOD=2025A|FREQUENCY=M|IFS_FLAG=true|INDEX_TYPE=CPI|OVERLAP=OL|SCALE=0|SECURITY_CLASSIFICATION=PUB|TYPE_OF_TRANSFORMATION=IX|aggregation=quarterly_mean,\N,"{""aggregation_method"": ""quarterly_mean"", ""source_derivation_types"": [""O"", ""O"", ""O""], ""source_months"": [""2015-M01"", ""2015-M02"", ""2015-M03""], ""source_observation_count"": 3, ""source_series_dimensions"": {""ACCESS_SHARING_LEVEL"": ""PUBLIC_OPEN"", ""COICOP_1999"": ""_T"", ""COMMON_REFERENCE_PERIOD"": ""2025A"", ""COUNTRY"": ""DNK"", ""FREQUENCY"": ""M"", ""IFS_FLAG"": ""true"", ""INDEX_TYPE"": ""CPI"", ""OVERLAP"": ""OL"", ""SCALE"": ""0"", ""SECURITY_CLASSIFICATION"": ""PUB"", ""TYPE_OF_TRANSFORMATION"": ""IX""}}"
DNK,cpi_index_all_items_quarterly_imf,2015-Q2,quarterly,82.87666666666668,\N,derived,IMF_CPI,IMF|ACCESS_SHARING_LEVEL=PUBLIC_OPEN|COICOP_1999=_T|COMMON_REFERENCE_PERIOD=2025A|FREQUENCY=M|IFS_FLAG=true|INDEX_TYPE=CPI|OVERLAP=OL|SCALE=0|SECURITY_CLASSIFICATION=PUB|TYPE_OF_TRANSFORMATION=IX|aggregation=quarterly_mean,\N,"{""aggregation_method"": ""quarterly_mean"", ""source_derivation_types"": [""O"", ""O"", ""O""], ""source_months"": [""2015-M04"", ""2015-M05"", ""2015-M06""], ""source_observation_count"": 3, ""source_series_dimensions"": {""ACCESS_SHARING_LEVEL"": ""PUBLIC_OPEN"", ""COICOP_1999"": ""_T"", ""COMMON_REFERENCE_PERIOD"": ""2025A"", ""COUNTRY"": ""DNK"", ""FREQUENCY"": ""M"", ""IFS_FLAG"": ""true"", ""INDEX_TYPE"": ""CPI"", ""OVERLAP"": ""OL"", ""SCALE"": ""0"", ""SECURITY_CLASSIFICATION"": ""PUB"", ""TYPE_OF_TRANSFORMATION"": ""IX""}}"
DNK,cpi_index_all_items_quarterly_imf,2015-Q3,quarterly,82.69333333333334,\N,derived,IMF_CPI,IMF|ACCESS_SHARING_LEVEL=PUBLIC_OPEN|COICOP_1999=_T|COMMON_REFERENCE_PERIOD=2025A|FREQUENCY=M|IFS_FLAG=true|INDEX_TYPE=CPI|OVERLAP=OL|SCALE=0|SECURITY_CLASSIFICATION=PUB|TYPE_OF_TRANSFORMATION=IX|aggregation=quarterly_mean,\N,"{""aggregation_method"": ""quarterly_mean"", ""source_derivation_types"": [""O"", ""O"", ""O""], ""source_months"": [""2015-M07"", ""2015-M08"", ""2015-M09""], ""source_observation_count"": 3, ""source_series_dimensions"": {""ACCESS_SHARING_LEVEL"": ""PUBLIC_OPEN"", ""COICOP_1999"": ""_T"", ""COMMON_REFERENCE_PERIOD"": ""2025A"", ""COUNTRY"": ""DNK"", ""FREQUENCY"": ""M"", ""IFS_FLAG"": ""true"", ""INDEX_TYPE"": ""CPI"", ""OVERLAP"": ""OL"", ""SCALE"": ""0"", ""SECURITY_CLASSIFICATION"": ""PUB"", ""TYPE_OF_TRANSFORMATION"": ""IX""}}"
DNK,cpi_index_all_items_quarterly_imf,2015-Q4,quarterly,82.56666666666666,\N,derived,IMF_CPI,IMF|ACCESS_SHARING_LEVEL=PUBLIC_OPEN|COICOP_1999=_T|COMMON_REFERENCE_PERIOD=2025A|FREQUENCY=M|IFS_FLAG=true|INDEX_TYPE=CPI|OVERLAP=OL|SCALE=0|SECURITY_CLASSIFICATION=PUB|TYPE_OF_TRANSFORMATION=IX|aggregation=quarterly_mean,\N,"{""aggregation_method"": ""quarterly_mean"", ""source_derivation_types"": [""O"", ""O"", ""O""], ""source_months"": [""2015-M10"", ""2015-M11"", ""2015-M12""], ""source_observation_count"": 3, ""source_series_dimensions"": {""ACCESS_SHARING_LEVEL"": ""PUBLIC_OPEN"", ""COICOP_1999"": ""_T"", ""COMMON_REFERENCE_PERIOD"": ""2025A"", ""COUNTRY"": ""DNK"", ""FREQUENCY"": ""M"", ""IFS_FLAG"": ""true"", ""INDEX_TYPE"": ""CPI"", ""OVERLAP"": ""OL"", ""SCALE"": ""0"", ""SECURITY_CLASSIFICATION"": ""PUB"", ""TYPE_OF_TRANSFORMATION"": ""IX""}}"
DOM,cpi_index_all_items_quarterly_imf,2015-Q1,quarterly,86.95391256283331,\N,derived,IMF_CPI,IMF|ACCESS_SHARING_LEVEL=PUBLIC_OPEN|COICOP_1999=_T|COMMON_REFERENCE_PERIOD=2019M10-2020M09|FREQUENCY=M|IFS_FLAG=true|INDEX_TYPE=CPI|OVERLAP=OL|SCALE=0|SECURITY_CLASSIFICATION=PUB|TYPE_OF_TRANSFORMATION=IX|aggregation=quarterly_mean,\N,"{""aggregation_method"": ""quarterly_mean"", ""source_derivation_types"": [""O"", ""O"", ""O""], ""source_months"": [""2015-M01"", ""2015-M02"", ""2015-M03""], ""source_observation_count"": 3, ""source_series_dimensions"": {""ACCESS_SHARING_LEVEL"": ""PUBLIC_OPEN"", ""COICOP_1999"": ""_T"", ""COMMON_REFERENCE_PERIOD"": ""2019M10-2020M09"", ""COUNTRY"": ""DOM"", ""FREQUENCY"": ""M"", ""IFS_FLAG"": ""true"", ""INDEX_TYPE"": ""CPI"", ""OVERLAP"": ""OL"", ""SCALE"": ""0"", ""SECURITY_CLASSIFICATION"": ""PUB"", ""TYPE_OF_TRANSFORMATION"": ""IX""}}"
DOM,cpi_index_all_items_quarterly_imf,2015-Q2,quarterly,87.15998774213806,\N,derived,IMF_CPI,IMF|ACCESS_SHARING_LEVEL=PUBLIC_OPEN|COICOP_1999=_T|COMMON_REFERENCE_PERIOD=2019M10-2020M09|FREQUENCY=M|IFS_FLAG=true|INDEX_TYPE=CPI|OVERLAP=OL|SCALE=0|SECURITY_CLASSIFICATION=PUB|TYPE_OF_TRANSFORMATION=IX|aggregation=quarterly_mean,\N,"{""aggregation_method"": ""quarterly_mean"", ""source_derivation_types"": [""O"", ""O"", ""O""], ""source_months"": [""2015-M04"", ""2015-M05"", ""2015-M06""], ""source_observation_count"": 3, ""source_series_dimensions"": {""ACCESS_SHARING_LEVEL"": ""PUBLIC_OPEN"", ""COICOP_1999"": ""_T"", ""COMMON_REFERENCE_PERIOD"": ""2019M10-2020M09"", ""COUNTRY"": ""DOM"", ""FREQUENCY"": ""M"", ""IFS_FLAG"": ""true"", ""INDEX_TYPE"": ""CPI"", ""OVERLAP"": ""OL"", ""SCALE"": ""0"", ""SECURITY_CLASSIFICATION"": ""PUB"", ""TYPE_OF_TRANSFORMATION"": ""IX""}}"
DOM,cpi_index_all_items_quarterly_imf,2015-Q3,quarterly,87.92540983669862,\N,derived,IMF_CPI,IMF|ACCESS_SHARING_LEVEL=PUBLIC_OPEN|COICOP_1999=_T|COMMON_REFERENCE_PERIOD=2019M10-2020M09|FREQUENCY=M|IFS_FLAG=true|INDEX_TYPE=CPI|OVERLAP=OL|SCALE=0|SECURITY_CLASSIFICATION=PUB|TYPE_OF_TRANSFORMATION=IX|aggregation=quarterly_mean,\N,"{""aggregation_method"": ""quarterly_mean"", ""source_derivation_types"": [""O"", ""O"", ""O""], ""source_months"": [""2015-M07"", ""2015-M08"", ""2015-M09""], ""source_observation_count"": 3, ""source_series_dimensions"": {""ACCESS_SHARING_LEVEL"": ""PUBLIC_OPEN"", ""COICOP_1999"": ""_T"", ""COMMON_REFERENCE_PERIOD"": ""2019M10-2020M09"", ""COUNTRY"": ""DOM"", ""FREQUENCY"": ""M"", ""IFS_FLAG"": ""true"", ""INDEX_TYPE"": ""CPI"", ""OVERLAP"": ""OL"", ""SCALE"": ""0"", ""SECURITY_CLASSIFICATION"": ""PUB"", ""TYPE_OF_TRANSFORMATION"": ""IX""}}"
DOM,cpi_index_all_items_quarterly_imf,2015-Q4,quarterly,88.8920005586757,\N,derived,IMF_CPI,IMF|ACCESS_SHARING_LEVEL=PUBLIC_OPEN|COICOP_1999=_T|COMMON_REFERENCE_PERIOD=2019M10-2020M09|FREQUENCY=M|IFS_FLAG=true|INDEX_TYPE=CPI|OVERLAP=OL|SCALE=0|SECURITY_CLASSIFICATION=PUB|TYPE_OF_TRANSFORMATION=IX|aggregation=quarterly_mean,\N,"{""aggregation_method"": ""quarterly_mean"", ""source_derivation_types"": [""O"", ""O"", ""O""], ""source_months"": [""2015-M10"", ""2015-M11"", ""2015-M12""], ""source_observation_count"": 3, ""source_series_dimensions"": {""ACCESS_SHARING_LEVEL"": ""PUBLIC_OPEN"", ""COICOP_1999"": ""_T"", ""COMMON_REFERENCE_PERIOD"": ""2019M10-2020M09"", ""COUNTRY"": ""DOM"", ""FREQUENCY"": ""M"", ""IFS_FLAG"": ""true"", ""INDEX_TYPE"": ""CPI"", ""OVERLAP"": ""OL"", ""SCALE"": ""0"", ""SECURITY_CLASSIFICATION"": ""PUB"", ""TYPE_OF_TRANSFORMATION"": ""IX""}}"
DZA,cpi_index_all_items_quarterly_imf,2015-Q1,quarterly,170.04,\N,derived,IMF_CPI,IMF|ACCESS_SHARING_LEVEL=PUBLIC_OPEN|COICOP_1999=_T|COMMON_REFERENCE_PERIOD=2001A|FREQUENCY=M|IFS_FLAG=true|INDEX_TYPE=CPI|OVERLAP=OL|SCALE=0|SECURITY_CLASSIFICATION=PUB|TYPE_OF_TRANSFORMATION=IX|aggregation=quarterly_mean,\N,"{""aggregation_method"": ""quarterly_mean"", ""source_derivation_types"": [""O"", ""O"", ""O""], ""source_months"": [""2015-M01"", ""2015-M02"", ""2015-M03""], ""source_observation_count"": 3, ""source_series_dimensions"": {""ACCESS_SHARING_LEVEL"": ""PUBLIC_OPEN"", ""COICOP_1999"": ""_T"", ""COMMON_REFERENCE_PERIOD"": ""2001A"", ""COUNTRY"": ""DZA"", ""FREQUENCY"": ""M"", ""IFS_FLAG"": ""true"", ""INDEX_TYPE"": ""CPI"", ""OVERLAP"": ""OL"", ""SCALE"": ""0"", ""SECURITY_CLASSIFICATION"": ""PUB"", ""TYPE_OF_TRANSFORMATION"": ""IX""}}"
DZA,cpi_index_all_items_quarterly_imf,2015-Q2,quarterly,171.38,\N,derived,IMF_CPI,IMF|ACCESS_SHARING_LEVEL=PUBLIC_OPEN|COICOP_1999=_T|COMMON_REFERENCE_PERIOD=2001A|FREQUENCY=M|IFS_FLAG=true|INDEX_TYPE=CPI|OVERLAP=OL|SCALE=0|SECURITY_CLASSIFICATION=PUB|TYPE_OF_TRANSFORMATION=IX|aggregation=quarterly_mean,\N,"{""aggregation_method"": ""quarterly_mean"", ""source_derivation_types"": [""O"", ""O"", ""O""], ""source_months"": [""2015-M04"", ""2015-M05"", ""2015-M06""], ""source_observation_count"": 3, ""source_series_dimensions"": {""ACCESS_SHARING_LEVEL"": ""PUBLIC_OPEN"", ""COICOP_1999"": ""_T"", ""COMMON_REFERENCE_PERIOD"": ""2001A"", ""COUNTRY"": ""DZA"", ""FREQUENCY"": ""M"", ""IFS_FLAG"": ""true"", ""INDEX_TYPE"": ""CPI"", ""OVERLAP"": ""OL"", ""SCALE"": ""0"", ""SECURITY_CLASSIFICATION"": ""PUB"", ""TYPE_OF_TRANSFORMATION"": ""IX""}}"
DZA,cpi_index_all_items_quarterly_imf,2015-Q3,quarterly,173.54333333333332,\N,derived,IMF_CPI,IMF|ACCESS_SHARING_LEVEL=PUBLIC_OPEN|COICOP_1999=_T|COMMON_REFERENCE_PERIOD=2001A|FREQUENCY=M|IFS_FLAG=true|INDEX_TYPE=CPI|OVERLAP=OL|SCALE=0|SECURITY_CLASSIFICATION=PUB|TYPE_OF_TRANSFORMATION=IX|aggregation=quarterly_mean,\N,"{""aggregation_method"": ""quarterly_mean"", ""source_derivation_types"": [""O"", ""O"", ""O""], ""source_months"": [""2015-M07"", ""2015-M08"", ""2015-M09""], ""source_observation_count"": 3, ""source_series_dimensions"": {""ACCESS_SHARING_LEVEL"": ""PUBLIC_OPEN"", ""COICOP_1999"": ""_T"", ""COMMON_REFERENCE_PERIOD"": ""2001A"", ""COUNTRY"": ""DZA"", ""FREQUENCY"": ""M"", ""IFS_FLAG"": ""true"", ""INDEX_TYPE"": ""CPI"", ""OVERLAP"": ""OL"", ""SCALE"": ""0"", ""SECURITY_CLASSIFICATION"": ""PUB"", ""TYPE_OF_TRANSFORMATION"": ""IX""}}"
DZA,cpi_index_all_items_quarterly_imf,2015-Q4,quarterly,175.65,\N,derived,IMF_CPI,IMF|ACCESS_SHARING_LEVEL=PUBLIC_OPEN|COICOP_1999=_T|COMMON_REFERENCE_PERIOD=2001A|FREQUENCY=M|IFS_FLAG=true|INDEX_TYPE=CPI|OVERLAP=OL|SCALE=0|SECURITY_CLASSIFICATION=PUB|TYPE_OF_TRANSFORMATION=IX|aggregation=quarterly_mean,\N,"{""aggregation_method"": ""quarterly_mean"", ""source_derivation_types"": [""O"", ""O"", ""O""], ""source_months"": [""2015-M10"", ""2015-M11"", ""2015-M12""], ""source_observation_count"": 3, ""source_series_dimensions"": {""ACCESS_SHARING_LEVEL"": ""PUBLIC_OPEN"", ""COICOP_1999"": ""_T"", ""COMMON_REFERENCE_PERIOD"": ""2001A"", ""COUNTRY"": ""DZA"", ""FREQUENCY"": ""M"", ""IFS_FLAG"": ""true"", ""INDEX_TYPE"": ""CPI"", ""OVERLAP"": ""OL"", ""SCALE"": ""0"", ""SECURITY_CLASSIFICATION"": ""PUB"", ""TYPE_OF_TRANSFORMATION"": ""IX""}}"
ECU,cpi_index_all_items_quarterly_imf,2015-Q1,quarterly,101.792035498233,\N,derived,IMF_CPI,IMF|ACCESS_SHARING_LEVEL=PUBLIC_OPEN|COICOP_1999=_T|COMMON_REFERENCE_PERIOD=2014A|FREQUENCY=M|IFS_FLAG=true|INDEX_TYPE=CPI|OVERLAP=OL|SCALE=0|SECURITY_CLASSIFICATION=PUB|TYPE_OF_TRANSFORMATION=IX|aggregation=quarterly_mean,\N,"{""aggregation_method"": ""quarterly_mean"", ""source_derivation_types"": [""O"", ""O"", ""O""], ""source_months"": [""2015-M01"", ""2015-M02"", ""2015-M03""], ""source_observation_count"": 3, ""source_series_dimensions"": {""ACCESS_SHARING_LEVEL"": ""PUBLIC_OPEN"", ""COICOP_1999"": ""_T"", ""COMMON_REFERENCE_PERIOD"": ""2014A"", ""COUNTRY"": ""ECU"", ""FREQUENCY"": ""M"", ""IFS_FLAG"": ""true"", ""INDEX_TYPE"": ""CPI"", ""OVERLAP"": ""OL"", ""SCALE"": ""0"", ""SECURITY_CLASSIFICATION"": ""PUB"", ""TYPE_OF_TRANSFORMATION"": ""IX""}}"
ECU,cpi_index_all_items_quarterly_imf,2015-Q2,quarterly,103.39835374499233,\N,derived,IMF_CPI,IMF|ACCESS_SHARING_LEVEL=PUBLIC_OPEN|COICOP_1999=_T|COMMON_REFERENCE_PERIOD=2014A|FREQUENCY=M|IFS_FLAG=true|INDEX_TYPE=CPI|OVERLAP=OL|SCALE=0|SECURITY_CLASSIFICATION=PUB|TYPE_OF_TRANSFORMATION=IX|aggregation=quarterly_mean,\N,"{""aggregation_method"": ""quarterly_mean"", ""source_derivation_types"": [""O"", ""O"", ""O""], ""source_months"": [""2015-M04"", ""2015-M05"", ""2015-M06""], ""source_observation_count"": 3, ""source_series_dimensions"": {""ACCESS_SHARING_LEVEL"": ""PUBLIC_OPEN"", ""COICOP_1999"": ""_T"", ""COMMON_REFERENCE_PERIOD"": ""2014A"", ""COUNTRY"": ""ECU"", ""FREQUENCY"": ""M"", ""IFS_FLAG"": ""true"", ""INDEX_TYPE"": ""CPI"", ""OVERLAP"": ""OL"", ""SCALE"": ""0"", ""SECURITY_CLASSIFICATION"": ""PUB"", ""TYPE_OF_TRANSFORMATION"": ""IX""}}"
ECU,cpi_index_all_items_quarterly_imf,2015-Q3,quarterly,103.74791538950133,\N,derived,IMF_CPI,IMF|ACCESS_SHARING_LEVEL=PUBLIC_OPEN|COICOP_1999=_T|COMMON_REFERENCE_PERIOD=2014A|FREQUENCY=M|IFS_FLAG=true|INDEX_TYPE=CPI|OVERLAP=OL|SCALE=0|SECURITY_CLASSIFICATION=PUB|TYPE_OF_TRANSFORMATION=IX|aggregation=quarterly_mean,\N,"{""aggregation_method"": ""quarterly_mean"", ""source_derivation_types"": [""O"", ""O"", ""O""], ""source_months"": [""2015-M07"", ""2015-M08"", ""2015-M09""], ""source_observation_count"": 3, ""source_series_dimensions"": {""ACCESS_SHARING_LEVEL"": ""PUBLIC_OPEN"", ""COICOP_1999"": ""_T"", ""COMMON_REFERENCE_PERIOD"": ""2014A"", ""COUNTRY"": ""ECU"", ""FREQUENCY"": ""M"", ""IFS_FLAG"": ""true"", ""INDEX_TYPE"": ""CPI"", ""OVERLAP"": ""OL"", ""SCALE"": ""0"", ""SECURITY_CLASSIFICATION"": ""PUB"", ""TYPE_OF_TRANSFORMATION"": ""IX""}}"
ECU,cpi_index_all_items_quarterly_imf,2015-Q4,quarterly,103.943218893479,\N,derived,IMF_CPI,IMF|ACCESS_SHARING_LEVEL=PUBLIC_OPEN|COICOP_1999=_T|COMMON_REFERENCE_PERIOD=2014A|FREQUENCY=M|IFS_FLAG=true|INDEX_TYPE=CPI|OVERLAP=OL|SCALE=0|SECURITY_CLASSIFICATION=PUB|TYPE_OF_TRANSFORMATION=IX|aggregation=quarterly_mean,\N,"{""aggregation_method"": ""quarterly_mean"", ""source_derivation_types"": [""O"", ""O"", ""O""], ""source_months"": [""2015-M10"", ""2015-M11"", ""2015-M12""], ""source_observation_count"": 3, ""source_series_dimensions"": {""ACCESS_SHARING_LEVEL"": ""PUBLIC_OPEN"", ""COICOP_1999"": ""_T"", ""COMMON_REFERENCE_PERIOD"": ""2014A"", ""COUNTRY"": ""ECU"", ""FREQUENCY"": ""M"", ""IFS_FLAG"": ""true"", ""INDEX_TYPE"": ""CPI"", ""OVERLAP"": ""OL"", ""SCALE"": ""0"", ""SECURITY_CLASSIFICATION"": ""PUB"", ""TYPE_OF_TRANSFORMATION"": ""IX""}}"
EGY,cpi_index_all_items_quarterly_imf,2015-Q1,quarterly,53.879761243592036,\N,derived,IMF_CPI,IMF|ACCESS_SHARING_LEVEL=PUBLIC_OPEN|COICOP_1999=_T|COMMON_REFERENCE_PERIOD=2018A|FREQUENCY=M|IFS_FLAG=true|INDEX_TYPE=CPI|OVERLAP=OL|SCALE=0|SECURITY_CLASSIFICATION=PUB|TYPE_OF_TRANSFORMATION=IX|aggregation=quarterly_mean,\N,"{""aggregation_method"": ""quarterly_mean"", ""source_derivation_types"": [""O"", ""O"", ""O""], ""source_months"": [""2015-M01"", ""2015-M02"", ""2015-M03""], ""source_observation_count"": 3, ""source_series_dimensions"": {""ACCESS_SHARING_LEVEL"": ""PUBLIC_OPEN"", ""COICOP_1999"": ""_T"", ""COMMON_REFERENCE_PERIOD"": ""2018A"", ""COUNTRY"": ""EGY"", ""FREQUENCY"": ""M"", ""IFS_FLAG"": ""true"", ""INDEX_TYPE"": ""CPI"", ""OVERLAP"": ""OL"", ""SCALE"": ""0"", ""SECURITY_CLASSIFICATION"": ""PUB"", ""TYPE_OF_TRANSFORMATION"": ""IX""}}"
EGY,cpi_index_all_items_quarterly_imf,2015-Q2,quarterly,55.1286015253934,\N,derived,IMF_CPI,IMF|ACCESS_SHARING_LEVEL=PUBLIC_OPEN|COICOP_1999=_T|COMMON_REFERENCE_PERIOD=2018A|FREQUENCY=M|IFS_FLAG=true|INDEX_TYPE=CPI|OVERLAP=OL|SCALE=0|SECURITY_CLASSIFICATION=PUB|TYPE_OF_TRANSFORMATION=IX|aggregation=quarterly_mean,\N,"{""aggregation_method"": ""quarterly_mean"", ""source_derivation_types"": [""O"", ""O"", ""O""], ""source_months"": [""2015-M04"", ""2015-M05"", ""2015-M06""], ""source_observation_count"": 3, ""source_series_dimensions"": {""ACCESS_SHARING_LEVEL"": ""PUBLIC_OPEN"", ""COICOP_1999"": ""_T"", ""COMMON_REFERENCE_PERIOD"": ""2018A"", ""COUNTRY"": ""EGY"", ""FREQUENCY"": ""M"", ""IFS_FLAG"": ""true"", ""INDEX_TYPE"": ""CPI"", ""OVERLAP"": ""OL"", ""SCALE"": ""0"", ""SECURITY_CLASSIFICATION"": ""PUB"", ""TYPE_OF_TRANSFORMATION"": ""IX""}}"
EGY,cpi_index_all_items_quarterly_imf,2015-Q3,quarterly,56.17391058971143,\N,derived,IMF_CPI,IMF|ACCESS_SHARING_LEVEL=PUBLIC_OPEN|COICOP_1999=_T|COMMON_REFERENCE_PERIOD=2018A|FREQUENCY=M|IFS_FLAG=true|INDEX_TYPE=CPI|OVERLAP=OL|SCALE=0|SECURITY_CLASSIFICATION=PUB|TYPE_OF_TRANSFORMATION=IX|aggregation=quarterly_mean,\N,"{""aggregation_method"": ""quarterly_mean"", ""source_derivation_types"": [""O"", ""O"", ""O""], ""source_months"": [""2015-M07"", ""2015-M08"", ""2015-M09""], ""source_observation_count"": 3, ""source_series_dimensions"": {""ACCESS_SHARING_LEVEL"": ""PUBLIC_OPEN"", ""COICOP_1999"": ""_T"", ""COMMON_REFERENCE_PERIOD"": ""2018A"", ""COUNTRY"": ""EGY"", ""FREQUENCY"": ""M"", ""IFS_FLAG"": ""true"", ""INDEX_TYPE"": ""CPI"", ""OVERLAP"": ""OL"", ""SCALE"": ""0"", ""SECURITY_CLASSIFICATION"": ""PUB"", ""TYPE_OF_TRANSFORMATION"": ""IX""}}"
EGY,cpi_index_all_items_quarterly_imf,2015-Q4,quarterly,58.31971831043629,\N,derived,IMF_CPI,IMF|ACCESS_SHARING_LEVEL=PUBLIC_OPEN|COICOP_1999=_T|COMMON_REFERENCE_PERIOD=2018A|FREQUENCY=M|IFS_FLAG=true|INDEX_TYPE=CPI|OVERLAP=OL|SCALE=0|SECURITY_CLASSIFICATION=PUB|TYPE_OF_TRANSFORMATION=IX|aggregation=quarterly_mean,\N,"{""aggregation_method"": ""quarterly_mean"", ""source_derivation_types"": [""O"", ""O"", ""O""], ""source_months"": [""2015-M10"", ""2015-M11"", ""2015-M12""], ""source_observation_count"": 3, ""source_series_dimensions"": {""ACCESS_SHARING_LEVEL"": ""PUBLIC_OPEN"", ""COICOP_1999"": ""_T"", ""COMMON_REFERENCE_PERIOD"": ""2018A"", ""COUNTRY"": ""EGY"", ""FREQUENCY"": ""M"", ""IFS_FLAG"": ""true"", ""INDEX_TYPE"": ""CPI"", ""OVERLAP"": ""OL"", ""SCALE"": ""0"", ""SECURITY_CLASSIFICATION"": ""PUB"", ""TYPE_OF_TRANSFORMATION"": ""IX""}}"
ESP,cpi_index_all_items_quarterly_imf,2015-Q1,quarterly,78.08466666666666,\N,derived,IMF_CPI,IMF|ACCESS_SHARING_LEVEL=PUBLIC_OPEN|COICOP_1999=_T|COMMON_REFERENCE_PERIOD=2025A|FREQUENCY=M|IFS_FLAG=true|INDEX_TYPE=CPI|OVERLAP=OL|SCALE=0|SECURITY_CLASSIFICATION=PUB|TYPE_OF_TRANSFORMATION=IX|aggregation=quarterly_mean,\N,"{""aggregation_method"": ""quarterly_mean"", ""source_derivation_types"": [""O"", ""O"", ""O""], ""source_months"": [""2015-M01"", ""2015-M02"", ""2015-M03""], ""source_observation_count"": 3, ""source_series_dimensions"": {""ACCESS_SHARING_LEVEL"": ""PUBLIC_OPEN"", ""COICOP_1999"": ""_T"", ""COMMON_REFERENCE_PERIOD"": ""2025A"", ""COUNTRY"": ""ESP"", ""FREQUENCY"": ""M"", ""IFS_FLAG"": ""true"", ""INDEX_TYPE"": ""CPI"", ""OVERLAP"": ""OL"", ""SCALE"": ""0"", ""SECURITY_CLASSIFICATION"": ""PUB"", ""TYPE_OF_TRANSFORMATION"": ""IX""}}"
ESP,cpi_index_all_items_quarterly_imf,2015-Q2,quarterly,79.514,\N,derived,IMF_CPI,IMF|ACCESS_SHARING_LEVEL=PUBLIC_OPEN|COICOP_1999=_T|COMMON_REFERENCE_PERIOD=2025A|FREQUENCY=M|IFS_FLAG=true|INDEX_TYPE=CPI|OVERLAP=OL|SCALE=0|SECURITY_CLASSIFICATION=PUB|TYPE_OF_TRANSFORMATION=IX|aggregation=quarterly_mean,\N,"{""aggregation_method"": ""quarterly_mean"", ""source_derivation_types"": [""O"", ""O"", ""O""], ""source_months"": [""2015-M04"", ""2015-M05"", ""2015-M06""], ""source_observation_count"": 3, ""source_series_dimensions"": {""ACCESS_SHARING_LEVEL"": ""PUBLIC_OPEN"", ""COICOP_1999"": ""_T"", ""COMMON_REFERENCE_PERIOD"": ""2025A"", ""COUNTRY"": ""ESP"", ""FREQUENCY"": ""M"", ""IFS_FLAG"": ""true"", ""INDEX_TYPE"": ""CPI"", ""OVERLAP"": ""OL"", ""SCALE"": ""0"", ""SECURITY_CLASSIFICATION"": ""PUB"", ""TYPE_OF_TRANSFORMATION"": ""IX""}}"
ESP,cpi_index_all_items_quarterly_imf,2015-Q3,quarterly,78.78533333333333,\N,derived,IMF_CPI,IMF|ACCESS_SHARING_LEVEL=PUBLIC_OPEN|COICOP_1999=_T|COMMON_REFERENCE_PERIOD=2025A|FREQUENCY=M|IFS_FLAG=true|INDEX_TYPE=CPI|OVERLAP=OL|SCALE=0|SECURITY_CLASSIFICATION=PUB|TYPE_OF_TRANSFORMATION=IX|aggregation=quarterly_mean,\N,"{""aggregation_method"": ""quarterly_mean"", ""source_derivation_types"": [""O"", ""O"", ""O""], ""source_months"": [""2015-M07"", ""2015-M08"", ""2015-M09""], ""source_observation_count"": 3, ""source_series_dimensions"": {""ACCESS_SHARING_LEVEL"": ""PUBLIC_OPEN"", ""COICOP_1999"": ""_T"", ""COMMON_REFERENCE_PERIOD"": ""2025A"", ""COUNTRY"": ""ESP"", ""FREQUENCY"": ""M"", ""IFS_FLAG"": ""true"", ""INDEX_TYPE"": ""CPI"", ""OVERLAP"": ""OL"", ""SCALE"": ""0"", ""SECURITY_CLASSIFICATION"": ""PUB"", ""TYPE_OF_TRANSFORMATION"": ""IX""}}"
ESP,cpi_index_all_items_quarterly_imf,2015-Q4,quarterly,79.15499999999999,\N,derived,IMF_CPI,IMF|ACCESS_SHARING_LEVEL=PUBLIC_OPEN|COICOP_1999=_T|COMMON_REFERENCE_PERIOD=2025A|FREQUENCY=M|IFS_FLAG=true|INDEX_TYPE=CPI|OVERLAP=OL|SCALE=0|SECURITY_CLASSIFICATION=PUB|TYPE_OF_TRANSFORMATION=IX|aggregation=quarterly_mean,\N,"{""aggregation_method"": ""quarterly_mean"", ""source_derivation_types"": [""O"", ""O"", ""O""], ""source_months"": [""2015-M10"", ""2015-M11"", ""2015-M12""], ""source_observation_count"": 3, ""source_series_dimensions"": {""ACCESS_SHARING_LEVEL"": ""PUBLIC_OPEN"", ""COICOP_1999"": ""_T"", ""COMMON_REFERENCE_PERIOD"": ""2025A"", ""COUNTRY"": ""ESP"", ""FREQUENCY"": ""M"", ""IFS_FLAG"": ""true"", ""INDEX_TYPE"": ""CPI"", ""OVERLAP"": ""OL"", ""SCALE"": ""0"", ""SECURITY_CLASSIFICATION"": ""PUB"", ""TYPE_OF_TRANSFORMATION"": ""IX""}}"
EST,cpi_index_all_items_quarterly_imf,2015-Q1,quarterly,194.525,\N,derived,IMF_CPI,IMF|ACCESS_SHARING_LEVEL=PUBLIC_OPEN|COICOP_1999=_T|COMMON_REFERENCE_PERIOD=1997A|FREQUENCY=M|IFS_FLAG=true|INDEX_TYPE=CPI|OVERLAP=OL|SCALE=0|SECURITY_CLASSIFICATION=PUB|TYPE_OF_TRANSFORMATION=IX|aggregation=quarterly_mean,\N,"{""aggregation_method"": ""quarterly_mean"", ""source_derivation_types"": [""O"", ""O"", ""O""], ""source_months"": [""2015-M01"", ""2015-M02"", ""2015-M03""], ""source_observation_count"": 3, ""source_series_dimensions"": {""ACCESS_SHARING_LEVEL"": ""PUBLIC_OPEN"", ""COICOP_1999"": ""_T"", ""COMMON_REFERENCE_PERIOD"": ""1997A"", ""COUNTRY"": ""EST"", ""FREQUENCY"": ""M"", ""IFS_FLAG"": ""true"", ""INDEX_TYPE"": ""CPI"", ""OVERLAP"": ""OL"", ""SCALE"": ""0"", ""SECURITY_CLASSIFICATION"": ""PUB"", ""TYPE_OF_TRANSFORMATION"": ""IX""}}"
EST,cpi_index_all_items_quarterly_imf,2015-Q2,quarterly,196.76633333333334,\N,derived,IMF_CPI,IMF|ACCESS_SHARING_LEVEL=PUBLIC_OPEN|COICOP_1999=_T|COMMON_REFERENCE_PERIOD=1997A|FREQUENCY=M|IFS_FLAG=true|INDEX_TYPE=CPI|OVERLAP=OL|SCALE=0|SECURITY_CLASSIFICATION=PUB|TYPE_OF_TRANSFORMATION=IX|aggregation=quarterly_mean,\N,"{""aggregation_method"": ""quarterly_mean"", ""source_derivation_types"": [""O"", ""O"", ""O""], ""source_months"": [""2015-M04"", ""2015-M05"", ""2015-M06""], ""source_observation_count"": 3, ""source_series_dimensions"": {""ACCESS_SHARING_LEVEL"": ""PUBLIC_OPEN"", ""COICOP_1999"": ""_T"", ""COMMON_REFERENCE_PERIOD"": ""1997A"", ""COUNTRY"": ""EST"", ""FREQUENCY"": ""M"", ""IFS_FLAG"": ""true"", ""INDEX_TYPE"": ""CPI"", ""OVERLAP"": ""OL"", ""SCALE"": ""0"", ""SECURITY_CLASSIFICATION"": ""PUB"", ""TYPE_OF_TRANSFORMATION"": ""IX""}}"
EST,cpi_index_all_items_quarterly_imf,2015-Q3,quarterly,195.25233333333333,\N,derived,IMF_CPI,IMF|ACCESS_SHARING_LEVEL=PUBLIC_OPEN|COICOP_1999=_T|COMMON_REFERENCE_PERIOD=1997A|FREQUENCY=M|IFS_FLAG=true|INDEX_TYPE=CPI|OVERLAP=OL|SCALE=0|SECURITY_CLASSIFICATION=PUB|TYPE_OF_TRANSFORMATION=IX|aggregation=quarterly_mean,\N,"{""aggregation_method"": ""quarterly_mean"", ""source_derivation_types"": [""O"", ""O"", ""O""], ""source_months"": [""2015-M07"", ""2015-M08"", ""2015-M09""], ""source_observation_count"": 3, ""source_series_dimensions"": {""ACCESS_SHARING_LEVEL"": ""PUBLIC_OPEN"", ""COICOP_1999"": ""_T"", ""COMMON_REFERENCE_PERIOD"": ""1997A"", ""COUNTRY"": ""EST"", ""FREQUENCY"": ""M"", ""IFS_FLAG"": ""true"", ""INDEX_TYPE"": ""CPI"", ""OVERLAP"": ""OL"", ""SCALE"": ""0"", ""SECURITY_CLASSIFICATION"": ""PUB"", ""TYPE_OF_TRANSFORMATION"": ""IX""}}"
EST,cpi_index_all_items_quarterly_imf,2015-Q4,quarterly,193.6483333333333,\N,derived,IMF_CPI,IMF|ACCESS_SHARING_LEVEL=PUBLIC_OPEN|COICOP_1999=_T|COMMON_REFERENCE_PERIOD=1997A|FREQUENCY=M|IFS_FLAG=true|INDEX_TYPE=CPI|OVERLAP=OL|SCALE=0|SECURITY_CLASSIFICATION=PUB|TYPE_OF_TRANSFORMATION=IX|aggregation=quarterly_mean,\N,"{""aggregation_method"": ""quarterly_mean"", ""source_derivation_types"": [""O"", ""O"", ""O""], ""source_months"": [""2015-M10"", ""2015-M11"", ""2015-M12""], ""source_observation_count"": 3, ""source_series_dimensions"": {""ACCESS_SHARING_LEVEL"": ""PUBLIC_OPEN"", ""COICOP_1999"": ""_T"", ""COMMON_REFERENCE_PERIOD"": ""1997A"", ""COUNTRY"": ""EST"", ""FREQUENCY"": ""M"", ""IFS_FLAG"": ""true"", ""INDEX_TYPE"": ""CPI"", ""OVERLAP"": ""OL"", ""SCALE"": ""0"", ""SECURITY_CLASSIFICATION"": ""PUB"", ""TYPE_OF_TRANSFORMATION"": ""IX""}}"
ETH,cpi_index_all_items_quarterly_imf,2015-Q1,quarterly,88.00309185339158,\N,derived,IMF_CPI,IMF|ACCESS_SHARING_LEVEL=PUBLIC_OPEN|COICOP_1999=_T|COMMON_REFERENCE_PERIOD=2016M12|FREQUENCY=M|IFS_FLAG=true|INDEX_TYPE=CPI|OVERLAP=OL|SCALE=0|SECURITY_CLASSIFICATION=PUB|TYPE_OF_TRANSFORMATION=IX|aggregation=quarterly_mean,\N,"{""aggregation_method"": ""quarterly_mean"", ""source_derivation_types"": [""O"", ""O"", ""O""], ""source_months"": [""2015-M01"", ""2015-M02"", ""2015-M03""], ""source_observation_count"": 3, ""source_series_dimensions"": {""ACCESS_SHARING_LEVEL"": ""PUBLIC_OPEN"", ""COICOP_1999"": ""_T"", ""COMMON_REFERENCE_PERIOD"": ""2016M12"", ""COUNTRY"": ""ETH"", ""FREQUENCY"": ""M"", ""IFS_FLAG"": ""true"", ""INDEX_TYPE"": ""CPI"", ""OVERLAP"": ""OL"", ""SCALE"": ""0"", ""SECURITY_CLASSIFICATION"": ""PUB"", ""TYPE_OF_TRANSFORMATION"": ""IX""}}"
ETH,cpi_index_all_items_quarterly_imf,2015-Q2,quarterly,91.698318107162,\N,derived,IMF_CPI,IMF|ACCESS_SHARING_LEVEL=PUBLIC_OPEN|COICOP_1999=_T|COMMON_REFERENCE_PERIOD=2016M12|FREQUENCY=M|IFS_FLAG=true|INDEX_TYPE=CPI|OVERLAP=OL|SCALE=0|SECURITY_CLASSIFICATION=PUB|TYPE_OF_TRANSFORMATION=IX|aggregation=quarterly_mean,\N,"{""aggregation_method"": ""quarterly_mean"", ""source_derivation_types"": [""O"", ""O"", ""O""], ""source_months"": [""2015-M04"", ""2015-M05"", ""2015-M06""], ""source_observation_count"": 3, ""source_series_dimensions"": {""ACCESS_SHARING_LEVEL"": ""PUBLIC_OPEN"", ""COICOP_1999"": ""_T"", ""COMMON_REFERENCE_PERIOD"": ""2016M12"", ""COUNTRY"": ""ETH"", ""FREQUENCY"": ""M"", ""IFS_FLAG"": ""true"", ""INDEX_TYPE"": ""CPI"", ""OVERLAP"": ""OL"", ""SCALE"": ""0"", ""SECURITY_CLASSIFICATION"": ""PUB"", ""TYPE_OF_TRANSFORMATION"": ""IX""}}"
ETH,cpi_index_all_items_quarterly_imf,2015-Q3,quarterly,95.22558308920702,\N,derived,IMF_CPI,IMF|ACCESS_SHARING_LEVEL=PUBLIC_OPEN|COICOP_1999=_T|COMMON_REFERENCE_PERIOD=2016M12|FREQUENCY=M|IFS_FLAG=true|INDEX_TYPE=CPI|OVERLAP=OL|SCALE=0|SECURITY_CLASSIFICATION=PUB|TYPE_OF_TRANSFORMATION=IX|aggregation=quarterly_mean,\N,"{""aggregation_method"": ""quarterly_mean"", ""source_derivation_types"": [""O"", ""O"", ""O""], ""source_months"": [""2015-M07"", ""2015-M08"", ""2015-M09""], ""source_observation_count"": 3, ""source_series_dimensions"": {""ACCESS_SHARING_LEVEL"": ""PUBLIC_OPEN"", ""COICOP_1999"": ""_T"", ""COMMON_REFERENCE_PERIOD"": ""2016M12"", ""COUNTRY"": ""ETH"", ""FREQUENCY"": ""M"", ""IFS_FLAG"": ""true"", ""INDEX_TYPE"": ""CPI"", ""OVERLAP"": ""OL"", ""SCALE"": ""0"", ""SECURITY_CLASSIFICATION"": ""PUB"", ""TYPE_OF_TRANSFORMATION"": ""IX""}}"
ETH,cpi_index_all_items_quarterly_imf,2015-Q4,quarterly,94.90402958697457,\N,derived,IMF_CPI,IMF|ACCESS_SHARING_LEVEL=PUBLIC_OPEN|COICOP_1999=_T|COMMON_REFERENCE_PERIOD=2016M12|FREQUENCY=M|IFS_FLAG=true|INDEX_TYPE=CPI|OVERLAP=OL|SCALE=0|SECURITY_CLASSIFICATION=PUB|TYPE_OF_TRANSFORMATION=IX|aggregation=quarterly_mean,\N,"{""aggregation_method"": ""quarterly_mean"", ""source_derivation_types"": [""O"", ""O"", ""O""], ""source_months"": [""2015-M10"", ""2015-M11"", ""2015-M12""], ""source_observation_count"": 3, ""source_series_dimensions"": {""ACCESS_SHARING_LEVEL"": ""PUBLIC_OPEN"", ""COICOP_1999"": ""_T"", ""COMMON_REFERENCE_PERIOD"": ""2016M12"", ""COUNTRY"": ""ETH"", ""FREQUENCY"": ""M"", ""IFS_FLAG"": ""true"", ""INDEX_TYPE"": ""CPI"", ""OVERLAP"": ""OL"", ""SCALE"": ""0"", ""SECURITY_CLASSIFICATION"": ""PUB"", ""TYPE_OF_TRANSFORMATION"": ""IX""}}"
FIN,cpi_index_all_items_quarterly_imf,2015-Q1,quarterly,81.34333333333332,\N,derived,IMF_CPI,IMF|ACCESS_SHARING_LEVEL=PUBLIC_OPEN|COICOP_1999=_T|COMMON_REFERENCE_PERIOD=2025A|FREQUENCY=M|IFS_FLAG=true|INDEX_TYPE=CPI|OVERLAP=OL|SCALE=0|SECURITY_CLASSIFICATION=PUB|TYPE_OF_TRANSFORMATION=IX|aggregation=quarterly_mean,\N,"{""aggregation_method"": ""quarterly_mean"", ""source_derivation_types"": [""O"", ""O"", ""O""], ""source_months"": [""2015-M01"", ""2015-M02"", ""2015-M03""], ""source_observation_count"": 3, ""source_series_dimensions"": {""ACCESS_SHARING_LEVEL"": ""PUBLIC_OPEN"", ""COICOP_1999"": ""_T"", ""COMMON_REFERENCE_PERIOD"": ""2025A"", ""COUNTRY"": ""FIN"", ""FREQUENCY"": ""M"", ""IFS_FLAG"": ""true"", ""INDEX_TYPE"": ""CPI"", ""OVERLAP"": ""OL"", ""SCALE"": ""0"", ""SECURITY_CLASSIFICATION"": ""PUB"", ""TYPE_OF_TRANSFORMATION"": ""IX""}}"
FIN,cpi_index_all_items_quarterly_imf,2015-Q2,quarterly,81.46333333333332,\N,derived,IMF_CPI,IMF|ACCESS_SHARING_LEVEL=PUBLIC_OPEN|COICOP_1999=_T|COMMON_REFERENCE_PERIOD=2025A|FREQUENCY=M|IFS_FLAG=true|INDEX_TYPE=CPI|OVERLAP=OL|SCALE=0|SECURITY_CLASSIFICATION=PUB|TYPE_OF_TRANSFORMATION=IX|aggregation=quarterly_mean,\N,"{""aggregation_method"": ""quarterly_mean"", ""source_derivation_types"": [""O"", ""O"", ""O""], ""source_months"": [""2015-M04"", ""2015-M05"", ""2015-M06""], ""source_observation_count"": 3, ""source_series_dimensions"": {""ACCESS_SHARING_LEVEL"": ""PUBLIC_OPEN"", ""COICOP_1999"": ""_T"", ""COMMON_REFERENCE_PERIOD"": ""2025A"", ""COUNTRY"": ""FIN"", ""FREQUENCY"": ""M"", ""IFS_FLAG"": ""true"", ""INDEX_TYPE"": ""CPI"", ""OVERLAP"": ""OL"", ""SCALE"": ""0"", ""SECURITY_CLASSIFICATION"": ""PUB"", ""TYPE_OF_TRANSFORMATION"": ""IX""}}"
FIN,cpi_index_all_items_quarterly_imf,2015-Q3,quarterly,81.43666666666667,\N,derived,IMF_CPI,IMF|ACCESS_SHARING_LEVEL=PUBLIC_OPEN|COICOP_1999=_T|COMMON_REFERENCE_PERIOD=2025A|FREQUENCY=M|IFS_FLAG=true|INDEX_TYPE=CPI|OVERLAP=OL|SCALE=0|SECURITY_CLASSIFICATION=PUB|TYPE_OF_TRANSFORMATION=IX|aggregation=quarterly_mean,\N,"{""aggregation_method"": ""quarterly_mean"", ""source_derivation_types"": [""O"", ""O"", ""O""], ""source_months"": [""2015-M07"", ""2015-M08"", ""2015-M09""], ""source_observation_count"": 3, ""source_series_dimensions"": {""ACCESS_SHARING_LEVEL"": ""PUBLIC_OPEN"", ""COICOP_1999"": ""_T"", ""COMMON_REFERENCE_PERIOD"": ""2025A"", ""COUNTRY"": ""FIN"", ""FREQUENCY"": ""M"", ""IFS_FLAG"": ""true"", ""INDEX_TYPE"": ""CPI"", ""OVERLAP"": ""OL"", ""SCALE"": ""0"", ""SECURITY_CLASSIFICATION"": ""PUB"", ""TYPE_OF_TRANSFORMATION"": ""IX""}}"
FIN,cpi_index_all_items_quarterly_imf,2015-Q4,quarterly,81.56666666666666,\N,derived,IMF_CPI,IMF|ACCESS_SHARING_LEVEL=PUBLIC_OPEN|COICOP_1999=_T|COMMON_REFERENCE_PERIOD=2025A|FREQUENCY=M|IFS_FLAG=true|INDEX_TYPE=CPI|OVERLAP=OL|SCALE=0|SECURITY_CLASSIFICATION=PUB|TYPE_OF_TRANSFORMATION=IX|aggregation=quarterly_mean,\N,"{""aggregation_method"": ""quarterly_mean"", ""source_derivation_types"": [""O"", ""O"", ""O""], ""source_months"": [""2015-M10"", ""2015-M11"", ""2015-M12""], ""source_observation_count"": 3, ""source_series_dimensions"": {""ACCESS_SHARING_LEVEL"": ""PUBLIC_OPEN"", ""COICOP_1999"": ""_T"", ""COMMON_REFERENCE_PERIOD"": ""2025A"", ""COUNTRY"": ""FIN"", ""FREQUENCY"": ""M"", ""IFS_FLAG"": ""true"", ""INDEX_TYPE"": ""CPI"", ""OVERLAP"": ""OL"", ""SCALE"": ""0"", ""SECURITY_CLASSIFICATION"": ""PUB"", ""TYPE_OF_TRANSFORMATION"": ""IX""}}"
FJI,cpi_index_all_items_quarterly_imf,2015-Q1,quarterly,88.31408045977012,\N,derived,IMF_CPI,IMF|ACCESS_SHARING_LEVEL=PUBLIC_OPEN|COICOP_1999=_T|COMMON_REFERENCE_PERIOD=2019A|FREQUENCY=M|IFS_FLAG=true|INDEX_TYPE=CPI|OVERLAP=OL|SCALE=0|SECURITY_CLASSIFICATION=PUB|TYPE_OF_TRANSFORMATION=IX|aggregation=quarterly_mean,\N,"{""aggregation_method"": ""quarterly_mean"", ""source_derivation_types"": [""O"", ""O"", ""O""], ""source_months"": [""2015-M01"", ""2015-M02"", ""2015-M03""], ""source_observation_count"": 3, ""source_series_dimensions"": {""ACCESS_SHARING_LEVEL"": ""PUBLIC_OPEN"", ""COICOP_1999"": ""_T"", ""COMMON_REFERENCE_PERIOD"": ""2019A"", ""COUNTRY"": ""FJI"", ""FREQUENCY"": ""M"", ""IFS_FLAG"": ""true"", ""INDEX_TYPE"": ""CPI"", ""OVERLAP"": ""OL"", ""SCALE"": ""0"", ""SECURITY_CLASSIFICATION"": ""PUB"", ""TYPE_OF_TRANSFORMATION"": ""IX""}}"
FJI,cpi_index_all_items_quarterly_imf,2015-Q2,quarterly,87.38902298850576,\N,derived,IMF_CPI,IMF|ACCESS_SHARING_LEVEL=PUBLIC_OPEN|COICOP_1999=_T|COMMON_REFERENCE_PERIOD=2019A|FREQUENCY=M|IFS_FLAG=true|INDEX_TYPE=CPI|OVERLAP=OL|SCALE=0|SECURITY_CLASSIFICATION=PUB|TYPE_OF_TRANSFORMATION=IX|aggregation=quarterly_mean,\N,"{""aggregation_method"": ""quarterly_mean"", ""source_derivation_types"": [""O"", ""O"", ""O""], ""source_months"": [""2015-M04"", ""2015-M05"", ""2015-M06""], ""source_observation_count"": 3, ""source_series_dimensions"": {""ACCESS_SHARING_LEVEL"": ""PUBLIC_OPEN"", ""COICOP_1999"": ""_T"", ""COMMON_REFERENCE_PERIOD"": ""2019A"", ""COUNTRY"": ""FJI"", ""FREQUENCY"": ""M"", ""IFS_FLAG"": ""true"", ""INDEX_TYPE"": ""CPI"", ""OVERLAP"": ""OL"", ""SCALE"": ""0"", ""SECURITY_CLASSIFICATION"": ""PUB"", ""TYPE_OF_TRANSFORMATION"": ""IX""}}"
FJI,cpi_index_all_items_quarterly_imf,2015-Q3,quarterly,87.62028735632184,\N,derived,IMF_CPI,IMF|ACCESS_SHARING_LEVEL=PUBLIC_OPEN|COICOP_1999=_T|COMMON_REFERENCE_PERIOD=2019A|FREQUENCY=M|IFS_FLAG=true|INDEX_TYPE=CPI|OVERLAP=OL|SCALE=0|SECURITY_CLASSIFICATION=PUB|TYPE_OF_TRANSFORMATION=IX|aggregation=quarterly_mean,\N,"{""aggregation_method"": ""quarterly_mean"", ""source_derivation_types"": [""O"", ""O"", ""O""], ""source_months"": [""2015-M07"", ""2015-M08"", ""2015-M09""], ""source_observation_count"": 3, ""source_series_dimensions"": {""ACCESS_SHARING_LEVEL"": ""PUBLIC_OPEN"", ""COICOP_1999"": ""_T"", ""COMMON_REFERENCE_PERIOD"": ""2019A"", ""COUNTRY"": ""FJI"", ""FREQUENCY"": ""M"", ""IFS_FLAG"": ""true"", ""INDEX_TYPE"": ""CPI"", ""OVERLAP"": ""OL"", ""SCALE"": ""0"", ""SECURITY_CLASSIFICATION"": ""PUB"", ""TYPE_OF_TRANSFORMATION"": ""IX""}}"
FJI,cpi_index_all_items_quarterly_imf,2015-Q4,quarterly,88.37189655172413,\N,derived,IMF_CPI,IMF|ACCESS_SHARING_LEVEL=PUBLIC_OPEN|COICOP_1999=_T|COMMON_REFERENCE_PERIOD=2019A|FREQUENCY=M|IFS_FLAG=true|INDEX_TYPE=CPI|OVERLAP=OL|SCALE=0|SECURITY_CLASSIFICATION=PUB|TYPE_OF_TRANSFORMATION=IX|aggregation=quarterly_mean,\N,"{""aggregation_method"": ""quarterly_mean"", ""source_derivation_types"": [""O"", ""O"", ""O""], ""source_months"": [""2015-M10"", ""2015-M11"", ""2015-M12""], ""source_observation_count"": 3, ""source_series_dimensions"": {""ACCESS_SHARING_LEVEL"": ""PUBLIC_OPEN"", ""COICOP_1999"": ""_T"", ""COMMON_REFERENCE_PERIOD"": ""2019A"", ""COUNTRY"": ""FJI"", ""FREQUENCY"": ""M"", ""IFS_FLAG"": ""true"", ""INDEX_TYPE"": ""CPI"", ""OVERLAP"": ""OL"", ""SCALE"": ""0"", ""SECURITY_CLASSIFICATION"": ""PUB"", ""TYPE_OF_TRANSFORMATION"": ""IX""}}"
FRA,cpi_index_all_items_quarterly_imf,2015-Q1,quarterly,82.27999999999999,\N,derived,IMF_CPI,IMF|ACCESS_SHARING_LEVEL=PUBLIC_OPEN|COICOP_1999=_T|COMMON_REFERENCE_PERIOD=2025A|FREQUENCY=M|IFS_FLAG=true|INDEX_TYPE=CPI|OVERLAP=OL|SCALE=0|SECURITY_CLASSIFICATION=PUB|TYPE_OF_TRANSFORMATION=IX|aggregation=quarterly_mean,\N,"{""aggregation_method"": ""quarterly_mean"", ""source_derivation_types"": [""O"", ""O"", ""O""], ""source_months"": [""2015-M01"", ""2015-M02"", ""2015-M03""], ""source_observation_count"": 3, ""source_series_dimensions"": {""ACCESS_SHARING_LEVEL"": ""PUBLIC_OPEN"", ""COICOP_1999"": ""_T"", ""COMMON_REFERENCE_PERIOD"": ""2025A"", ""COUNTRY"": ""FRA"", ""FREQUENCY"": ""M"", ""IFS_FLAG"": ""true"", ""INDEX_TYPE"": ""CPI"", ""OVERLAP"": ""OL"", ""SCALE"": ""0"", ""SECURITY_CLASSIFICATION"": ""PUB"", ""TYPE_OF_TRANSFORMATION"": ""IX""}}"
FRA,cpi_index_all_items_quarterly_imf,2015-Q2,quarterly,83.02333333333333,\N,derived,IMF_CPI,IMF|ACCESS_SHARING_LEVEL=PUBLIC_OPEN|COICOP_1999=_T|COMMON_REFERENCE_PERIOD=2025A|FREQUENCY=M|IFS_FLAG=true|INDEX_TYPE=CPI|OVERLAP=OL|SCALE=0|SECURITY_CLASSIFICATION=PUB|TYPE_OF_TRANSFORMATION=IX|aggregation=quarterly_mean,\N,"{""aggregation_method"": ""quarterly_mean"", ""source_derivation_types"": [""O"", ""O"", ""O""], ""source_months"": [""2015-M04"", ""2015-M05"", ""2015-M06""], ""source_observation_count"": 3, ""source_series_dimensions"": {""ACCESS_SHARING_LEVEL"": ""PUBLIC_OPEN"", ""COICOP_1999"": ""_T"", ""COMMON_REFERENCE_PERIOD"": ""2025A"", ""COUNTRY"": ""FRA"", ""FREQUENCY"": ""M"", ""IFS_FLAG"": ""true"", ""INDEX_TYPE"": ""CPI"", ""OVERLAP"": ""OL"", ""SCALE"": ""0"", ""SECURITY_CLASSIFICATION"": ""PUB"", ""TYPE_OF_TRANSFORMATION"": ""IX""}}"
FRA,cpi_index_all_items_quarterly_imf,2015-Q3,quarterly,82.77,\N,derived,IMF_CPI,IMF|ACCESS_SHARING_LEVEL=PUBLIC_OPEN|COICOP_1999=_T|COMMON_REFERENCE_PERIOD=2025A|FREQUENCY=M|IFS_FLAG=true|INDEX_TYPE=CPI|OVERLAP=OL|SCALE=0|SECURITY_CLASSIFICATION=PUB|TYPE_OF_TRANSFORMATION=IX|aggregation=quarterly_mean,\N,"{""aggregation_method"": ""quarterly_mean"", ""source_derivation_types"": [""O"", ""O"", ""O""], ""source_months"": [""2015-M07"", ""2015-M08"", ""2015-M09""], ""source_observation_count"": 3, ""source_series_dimensions"": {""ACCESS_SHARING_LEVEL"": ""PUBLIC_OPEN"", ""COICOP_1999"": ""_T"", ""COMMON_REFERENCE_PERIOD"": ""2025A"", ""COUNTRY"": ""FRA"", ""FREQUENCY"": ""M"", ""IFS_FLAG"": ""true"", ""INDEX_TYPE"": ""CPI"", ""OVERLAP"": ""OL"", ""SCALE"": ""0"", ""SECURITY_CLASSIFICATION"": ""PUB"", ""TYPE_OF_TRANSFORMATION"": ""IX""}}"
FRA,cpi_index_all_items_quarterly_imf,2015-Q4,quarterly,82.64,\N,derived,IMF_CPI,IMF|ACCESS_SHARING_LEVEL=PUBLIC_OPEN|COICOP_1999=_T|COMMON_REFERENCE_PERIOD=2025A|FREQUENCY=M|IFS_FLAG=true|INDEX_TYPE=CPI|OVERLAP=OL|SCALE=0|SECURITY_CLASSIFICATION=PUB|TYPE_OF_TRANSFORMATION=IX|aggregation=quarterly_mean,\N,"{""aggregation_method"": ""quarterly_mean"", ""source_derivation_types"": [""O"", ""O"", ""O""], ""source_months"": [""2015-M10"", ""2015-M11"", ""2015-M12""], ""source_observation_count"": 3, ""source_series_dimensions"": {""ACCESS_SHARING_LEVEL"": ""PUBLIC_OPEN"", ""COICOP_1999"": ""_T"", ""COMMON_REFERENCE_PERIOD"": ""2025A"", ""COUNTRY"": ""FRA"", ""FREQUENCY"": ""M"", ""IFS_FLAG"": ""true"", ""INDEX_TYPE"": ""CPI"", ""OVERLAP"": ""OL"", ""SCALE"": ""0"", ""SECURITY_CLASSIFICATION"": ""PUB"", ""TYPE_OF_TRANSFORMATION"": ""IX""}}"
GAB,cpi_index_all_items_quarterly_imf,2015-Q1,quarterly,89.87998131695697,\N,derived,IMF_CPI,IMF|ACCESS_SHARING_LEVEL=PUBLIC_OPEN|COICOP_1999=_T|COMMON_REFERENCE_PERIOD=2018A|FREQUENCY=M|IFS_FLAG=true|INDEX_TYPE=CPI|OVERLAP=OL|SCALE=0|SECURITY_CLASSIFICATION=PUB|TYPE_OF_TRANSFORMATION=IX|aggregation=quarterly_mean,\N,"{""aggregation_method"": ""quarterly_mean"", ""source_derivation_types"": [""O"", ""O"", ""O""], ""source_months"": [""2015-M01"", ""2015-M02"", ""2015-M03""], ""source_observation_count"": 3, ""source_series_dimensions"": {""ACCESS_SHARING_LEVEL"": ""PUBLIC_OPEN"", ""COICOP_1999"": ""_T"", ""COMMON_REFERENCE_PERIOD"": ""2018A"", ""COUNTRY"": ""GAB"", ""FREQUENCY"": ""M"", ""IFS_FLAG"": ""true"", ""INDEX_TYPE"": ""CPI"", ""OVERLAP"": ""OL"", ""SCALE"": ""0"", ""SECURITY_CLASSIFICATION"": ""PUB"", ""TYPE_OF_TRANSFORMATION"": ""IX""}}"
GAB,cpi_index_all_items_quarterly_imf,2015-Q2,quarterly,89.8356373674345,\N,derived,IMF_CPI,IMF|ACCESS_SHARING_LEVEL=PUBLIC_OPEN|COICOP_1999=_T|COMMON_REFERENCE_PERIOD=2018A|FREQUENCY=M|IFS_FLAG=true|INDEX_TYPE=CPI|OVERLAP=OL|SCALE=0|SECURITY_CLASSIFICATION=PUB|TYPE_OF_TRANSFORMATION=IX|aggregation=quarterly_mean,\N,"{""aggregation_method"": ""quarterly_mean"", ""source_derivation_types"": [""O"", ""O"", ""O""], ""source_months"": [""2015-M04"", ""2015-M05"", ""2015-M06""], ""source_observation_count"": 3, ""source_series_dimensions"": {""ACCESS_SHARING_LEVEL"": ""PUBLIC_OPEN"", ""COICOP_1999"": ""_T"", ""COMMON_REFERENCE_PERIOD"": ""2018A"", ""COUNTRY"": ""GAB"", ""FREQUENCY"": ""M"", ""IFS_FLAG"": ""true"", ""INDEX_TYPE"": ""CPI"", ""OVERLAP"": ""OL"", ""SCALE"": ""0"", ""SECURITY_CLASSIFICATION"": ""PUB"", ""TYPE_OF_TRANSFORMATION"": ""IX""}}"
GAB,cpi_index_all_items_quarterly_imf,2015-Q3,quarterly,89.1435533442229,\N,derived,IMF_CPI,IMF|ACCESS_SHARING_LEVEL=PUBLIC_OPEN|COICOP_1999=_T|COMMON_REFERENCE_PERIOD=2018A|FREQUENCY=M|IFS_FLAG=true|INDEX_TYPE=CPI|OVERLAP=OL|SCALE=0|SECURITY_CLASSIFICATION=PUB|TYPE_OF_TRANSFORMATION=IX|aggregation=quarterly_mean,\N,"{""aggregation_method"": ""quarterly_mean"", ""source_derivation_types"": [""O"", ""O"", ""O""], ""source_months"": [""2015-M07"", ""2015-M08"", ""2015-M09""], ""source_observation_count"": 3, ""source_series_dimensions"": {""ACCESS_SHARING_LEVEL"": ""PUBLIC_OPEN"", ""COICOP_1999"": ""_T"", ""COMMON_REFERENCE_PERIOD"": ""2018A"", ""COUNTRY"": ""GAB"", ""FREQUENCY"": ""M"", ""IFS_FLAG"": ""true"", ""INDEX_TYPE"": ""CPI"", ""OVERLAP"": ""OL"", ""SCALE"": ""0"", ""SECURITY_CLASSIFICATION"": ""PUB"", ""TYPE_OF_TRANSFORMATION"": ""IX""}}"
GAB,cpi_index_all_items_quarterly_imf,2015-Q4,quarterly,89.37068526686335,\N,derived,IMF_CPI,IMF|ACCESS_SHARING_LEVEL=PUBLIC_OPEN|COICOP_1999=_T|COMMON_REFERENCE_PERIOD=2018A|FREQUENCY=M|IFS_FLAG=true|INDEX_TYPE=CPI|OVERLAP=OL|SCALE=0|SECURITY_CLASSIFICATION=PUB|TYPE_OF_TRANSFORMATION=IX|aggregation=quarterly_mean,\N,"{""aggregation_method"": ""quarterly_mean"", ""source_derivation_types"": [""O"", ""O"", ""O""], ""source_months"": [""2015-M10"", ""2015-M11"", ""2015-M12""], ""source_observation_count"": 3, ""source_series_dimensions"": {""ACCESS_SHARING_LEVEL"": ""PUBLIC_OPEN"", ""COICOP_1999"": ""_T"", ""COMMON_REFERENCE_PERIOD"": ""2018A"", ""COUNTRY"": ""GAB"", ""FREQUENCY"": ""M"", ""IFS_FLAG"": ""true"", ""INDEX_TYPE"": ""CPI"", ""OVERLAP"": ""OL"", ""SCALE"": ""0"", ""SECURITY_CLASSIFICATION"": ""PUB"", ""TYPE_OF_TRANSFORMATION"": ""IX""}}"
GBR,cpi_index_all_items_quarterly_imf,2015-Q1,quarterly,99.43333333333332,\N,derived,IMF_CPI,IMF|ACCESS_SHARING_LEVEL=PUBLIC_OPEN|COICOP_1999=_T|COMMON_REFERENCE_PERIOD=2015A|FREQUENCY=M|IFS_FLAG=true|INDEX_TYPE=CPI|OVERLAP=OL|SCALE=0|SECURITY_CLASSIFICATION=PUB|TYPE_OF_TRANSFORMATION=IX|aggregation=quarterly_mean,\N,"{""aggregation_method"": ""quarterly_mean"", ""source_derivation_types"": [""O"", ""O"", ""O""], ""source_months"": [""2015-M01"", ""2015-M02"", ""2015-M03""], ""source_observation_count"": 3, ""source_series_dimensions"": {""ACCESS_SHARING_LEVEL"": ""PUBLIC_OPEN"", ""COICOP_1999"": ""_T"", ""COMMON_REFERENCE_PERIOD"": ""2015A"", ""COUNTRY"": ""GBR"", ""FREQUENCY"": ""M"", ""IFS_FLAG"": ""true"", ""INDEX_TYPE"": ""CPI"", ""OVERLAP"": ""OL"", ""SCALE"": ""0"", ""SECURITY_CLASSIFICATION"": ""PUB"", ""TYPE_OF_TRANSFORMATION"": ""IX""}}"
GBR,cpi_index_all_items_quarterly_imf,2015-Q2,quarterly,100.03333333333335,\N,derived,IMF_CPI,IMF|ACCESS_SHARING_LEVEL=PUBLIC_OPEN|COICOP_1999=_T|COMMON_REFERENCE_PERIOD=2015A|FREQUENCY=M|IFS_FLAG=true|INDEX_TYPE=CPI|OVERLAP=OL|SCALE=0|SECURITY_CLASSIFICATION=PUB|TYPE_OF_TRANSFORMATION=IX|aggregation=quarterly_mean,\N,"{""aggregation_method"": ""quarterly_mean"", ""source_derivation_types"": [""O"", ""O"", ""O""], ""source_months"": [""2015-M04"", ""2015-M05"", ""2015-M06""], ""source_observation_count"": 3, ""source_series_dimensions"": {""ACCESS_SHARING_LEVEL"": ""PUBLIC_OPEN"", ""COICOP_1999"": ""_T"", ""COMMON_REFERENCE_PERIOD"": ""2015A"", ""COUNTRY"": ""GBR"", ""FREQUENCY"": ""M"", ""IFS_FLAG"": ""true"", ""INDEX_TYPE"": ""CPI"", ""OVERLAP"": ""OL"", ""SCALE"": ""0"", ""SECURITY_CLASSIFICATION"": ""PUB"", ""TYPE_OF_TRANSFORMATION"": ""IX""}}"
GBR,cpi_index_all_items_quarterly_imf,2015-Q3,quarterly,100.16666666666667,\N,derived,IMF_CPI,IMF|ACCESS_SHARING_LEVEL=PUBLIC_OPEN|COICOP_1999=_T|COMMON_REFERENCE_PERIOD=2015A|FREQUENCY=M|IFS_FLAG=true|INDEX_TYPE=CPI|OVERLAP=OL|SCALE=0|SECURITY_CLASSIFICATION=PUB|TYPE_OF_TRANSFORMATION=IX|aggregation=quarterly_mean,\N,"{""aggregation_method"": ""quarterly_mean"", ""source_derivation_types"": [""O"", ""O"", ""O""], ""source_months"": [""2015-M07"", ""2015-M08"", ""2015-M09""], ""source_observation_count"": 3, ""source_series_dimensions"": {""ACCESS_SHARING_LEVEL"": ""PUBLIC_OPEN"", ""COICOP_1999"": ""_T"", ""COMMON_REFERENCE_PERIOD"": ""2015A"", ""COUNTRY"": ""GBR"", ""FREQUENCY"": ""M"", ""IFS_FLAG"": ""true"", ""INDEX_TYPE"": ""CPI"", ""OVERLAP"": ""OL"", ""SCALE"": ""0"", ""SECURITY_CLASSIFICATION"": ""PUB"", ""TYPE_OF_TRANSFORMATION"": ""IX""}}"
GBR,cpi_index_all_items_quarterly_imf,2015-Q4,quarterly,100.33333333333333,\N,derived,IMF_CPI,IMF|ACCESS_SHARING_LEVEL=PUBLIC_OPEN|COICOP_1999=_T|COMMON_REFERENCE_PERIOD=2015A|FREQUENCY=M|IFS_FLAG=true|INDEX_TYPE=CPI|OVERLAP=OL|SCALE=0|SECURITY_CLASSIFICATION=PUB|TYPE_OF_TRANSFORMATION=IX|aggregation=quarterly_mean,\N,"{""aggregation_method"": ""quarterly_mean"", ""source_derivation_types"": [""O"", ""O"", ""O""], ""source_months"": [""2015-M10"", ""2015-M11"", ""2015-M12""], ""source_observation_count"": 3, ""source_series_dimensions"": {""ACCESS_SHARING_LEVEL"": ""PUBLIC_OPEN"", ""COICOP_1999"": ""_T"", ""COMMON_REFERENCE_PERIOD"": ""2015A"", ""COUNTRY"": ""GBR"", ""FREQUENCY"": ""M"", ""IFS_FLAG"": ""true"", ""INDEX_TYPE"": ""CPI"", ""OVERLAP"": ""OL"", ""SCALE"": ""0"", ""SECURITY_CLASSIFICATION"": ""PUB"", ""TYPE_OF_TRANSFORMATION"": ""IX""}}"
GEO,cpi_index_all_items_quarterly_imf,2015-Q1,quarterly,112.25356666666666,\N,derived,IMF_CPI,IMF|ACCESS_SHARING_LEVEL=PUBLIC_OPEN|COICOP_1999=_T|COMMON_REFERENCE_PERIOD=2010A|FREQUENCY=M|IFS_FLAG=true|INDEX_TYPE=CPI|OVERLAP=OL|SCALE=0|SECURITY_CLASSIFICATION=PUB|TYPE_OF_TRANSFORMATION=IX|aggregation=quarterly_mean,\N,"{""aggregation_method"": ""quarterly_mean"", ""source_derivation_types"": [""O"", ""O"", ""O""], ""source_months"": [""2015-M01"", ""2015-M02"", ""2015-M03""], ""source_observation_count"": 3, ""source_series_dimensions"": {""ACCESS_SHARING_LEVEL"": ""PUBLIC_OPEN"", ""COICOP_1999"": ""_T"", ""COMMON_REFERENCE_PERIOD"": ""2010A"", ""COUNTRY"": ""GEO"", ""FREQUENCY"": ""M"", ""IFS_FLAG"": ""true"", ""INDEX_TYPE"": ""CPI"", ""OVERLAP"": ""OL"", ""SCALE"": ""0"", ""SECURITY_CLASSIFICATION"": ""PUB"", ""TYPE_OF_TRANSFORMATION"": ""IX""}}"
GEO,cpi_index_all_items_quarterly_imf,2015-Q2,quarterly,113.95703333333334,\N,derived,IMF_CPI,IMF|ACCESS_SHARING_LEVEL=PUBLIC_OPEN|COICOP_1999=_T|COMMON_REFERENCE_PERIOD=2010A|FREQUENCY=M|IFS_FLAG=true|INDEX_TYPE=CPI|OVERLAP=OL|SCALE=0|SECURITY_CLASSIFICATION=PUB|TYPE_OF_TRANSFORMATION=IX|aggregation=quarterly_mean,\N,"{""aggregation_method"": ""quarterly_mean"", ""source_derivation_types"": [""O"", ""O"", ""O""], ""source_months"": [""2015-M04"", ""2015-M05"", ""2015-M06""], ""source_observation_count"": 3, ""source_series_dimensions"": {""ACCESS_SHARING_LEVEL"": ""PUBLIC_OPEN"", ""COICOP_1999"": ""_T"", ""COMMON_REFERENCE_PERIOD"": ""2010A"", ""COUNTRY"": ""GEO"", ""FREQUENCY"": ""M"", ""IFS_FLAG"": ""true"", ""INDEX_TYPE"": ""CPI"", ""OVERLAP"": ""OL"", ""SCALE"": ""0"", ""SECURITY_CLASSIFICATION"": ""PUB"", ""TYPE_OF_TRANSFORMATION"": ""IX""}}"
GEO,cpi_index_all_items_quarterly_imf,2015-Q3,quarterly,115.15866666666666,\N,derived,IMF_CPI,IMF|ACCESS_SHARING_LEVEL=PUBLIC_OPEN|COICOP_1999=_T|COMMON_REFERENCE_PERIOD=2010A|FREQUENCY=M|IFS_FLAG=true|INDEX_TYPE=CPI|OVERLAP=OL|SCALE=0|SECURITY_CLASSIFICATION=PUB|TYPE_OF_TRANSFORMATION=IX|aggregation=quarterly_mean,\N,"{""aggregation_method"": ""quarterly_mean"", ""source_derivation_types"": [""O"", ""O"", ""O""], ""source_months"": [""2015-M07"", ""2015-M08"", ""2015-M09""], ""source_observation_count"": 3, ""source_series_dimensions"": {""ACCESS_SHARING_LEVEL"": ""PUBLIC_OPEN"", ""COICOP_1999"": ""_T"", ""COMMON_REFERENCE_PERIOD"": ""2010A"", ""COUNTRY"": ""GEO"", ""FREQUENCY"": ""M"", ""IFS_FLAG"": ""true"", ""INDEX_TYPE"": ""CPI"", ""OVERLAP"": ""OL"", ""SCALE"": ""0"", ""SECURITY_CLASSIFICATION"": ""PUB"", ""TYPE_OF_TRANSFORMATION"": ""IX""}}"
GEO,cpi_index_all_items_quarterly_imf,2015-Q4,quarterly,117.28963333333333,\N,derived,IMF_CPI,IMF|ACCESS_SHARING_LEVEL=PUBLIC_OPEN|COICOP_1999=_T|COMMON_REFERENCE_PERIOD=2010A|FREQUENCY=M|IFS_FLAG=true|INDEX_TYPE=CPI|OVERLAP=OL|SCALE=0|SECURITY_CLASSIFICATION=PUB|TYPE_OF_TRANSFORMATION=IX|aggregation=quarterly_mean,\N,"{""aggregation_method"": ""quarterly_mean"", ""source_derivation_types"": [""O"", ""O"", ""O""], ""source_months"": [""2015-M10"", ""2015-M11"", ""2015-M12""], ""source_observation_count"": 3, ""source_series_dimensions"": {""ACCESS_SHARING_LEVEL"": ""PUBLIC_OPEN"", ""COICOP_1999"": ""_T"", ""COMMON_REFERENCE_PERIOD"": ""2010A"", ""COUNTRY"": ""GEO"", ""FREQUENCY"": ""M"", ""IFS_FLAG"": ""true"", ""INDEX_TYPE"": ""CPI"", ""OVERLAP"": ""OL"", ""SCALE"": ""0"", ""SECURITY_CLASSIFICATION"": ""PUB"", ""TYPE_OF_TRANSFORMATION"": ""IX""}}"
GHA,cpi_index_all_items_quarterly_imf,2015-Q1,quarterly,51.9877217798126,\N,derived,IMF_CPI,IMF|ACCESS_SHARING_LEVEL=PUBLIC_OPEN|COICOP_1999=_T|COMMON_REFERENCE_PERIOD=2021A|FREQUENCY=M|IFS_FLAG=true|INDEX_TYPE=CPI|OVERLAP=OL|SCALE=0|SECURITY_CLASSIFICATION=PUB|TYPE_OF_TRANSFORMATION=IX|aggregation=quarterly_mean,\N,"{""aggregation_method"": ""quarterly_mean"", ""source_derivation_types"": [""O"", ""O"", ""O""], ""source_months"": [""2015-M01"", ""2015-M02"", ""2015-M03""], ""source_observation_count"": 3, ""source_series_dimensions"": {""ACCESS_SHARING_LEVEL"": ""PUBLIC_OPEN"", ""COICOP_1999"": ""_T"", ""COMMON_REFERENCE_PERIOD"": ""2021A"", ""COUNTRY"": ""GHA"", ""FREQUENCY"": ""M"", ""IFS_FLAG"": ""true"", ""INDEX_TYPE"": ""CPI"", ""OVERLAP"": ""OL"", ""SCALE"": ""0"", ""SECURITY_CLASSIFICATION"": ""PUB"", ""TYPE_OF_TRANSFORMATION"": ""IX""}}"
GHA,cpi_index_all_items_quarterly_imf,2015-Q2,quarterly,54.182183928640534,\N,derived,IMF_CPI,IMF|ACCESS_SHARING_LEVEL=PUBLIC_OPEN|COICOP_1999=_T|COMMON_REFERENCE_PERIOD=2021A|FREQUENCY=M|IFS_FLAG=true|INDEX_TYPE=CPI|OVERLAP=OL|SCALE=0|SECURITY_CLASSIFICATION=PUB|TYPE_OF_TRANSFORMATION=IX|aggregation=quarterly_mean,\N,"{""aggregation_method"": ""quarterly_mean"", ""source_derivation_types"": [""O"", ""O"", ""O""], ""source_months"": [""2015-M04"", ""2015-M05"", ""2015-M06""], ""source_observation_count"": 3, ""source_series_dimensions"": {""ACCESS_SHARING_LEVEL"": ""PUBLIC_OPEN"", ""COICOP_1999"": ""_T"", ""COMMON_REFERENCE_PERIOD"": ""2021A"", ""COUNTRY"": ""GHA"", ""FREQUENCY"": ""M"", ""IFS_FLAG"": ""true"", ""INDEX_TYPE"": ""CPI"", ""OVERLAP"": ""OL"", ""SCALE"": ""0"", ""SECURITY_CLASSIFICATION"": ""PUB"", ""TYPE_OF_TRANSFORMATION"": ""IX""}}"
GHA,cpi_index_all_items_quarterly_imf,2015-Q3,quarterly,55.95525836029369,\N,derived,IMF_CPI,IMF|ACCESS_SHARING_LEVEL=PUBLIC_OPEN|COICOP_1999=_T|COMMON_REFERENCE_PERIOD=2021A|FREQUENCY=M|IFS_FLAG=true|INDEX_TYPE=CPI|OVERLAP=OL|SCALE=0|SECURITY_CLASSIFICATION=PUB|TYPE_OF_TRANSFORMATION=IX|aggregation=quarterly_mean,\N,"{""aggregation_method"": ""quarterly_mean"", ""source_derivation_types"": [""O"", ""O"", ""O""], ""source_months"": [""2015-M07"", ""2015-M08"", ""2015-M09""], ""source_observation_count"": 3, ""source_series_dimensions"": {""ACCESS_SHARING_LEVEL"": ""PUBLIC_OPEN"", ""COICOP_1999"": ""_T"", ""COMMON_REFERENCE_PERIOD"": ""2021A"", ""COUNTRY"": ""GHA"", ""FREQUENCY"": ""M"", ""IFS_FLAG"": ""true"", ""INDEX_TYPE"": ""CPI"", ""OVERLAP"": ""OL"", ""SCALE"": ""0"", ""SECURITY_CLASSIFICATION"": ""PUB"", ""TYPE_OF_TRANSFORMATION"": ""IX""}}"
GHA,cpi_index_all_items_quarterly_imf,2015-Q4,quarterly,57.86396396654987,\N,derived,IMF_CPI,IMF|ACCESS_SHARING_LEVEL=PUBLIC_OPEN|COICOP_1999=_T|COMMON_REFERENCE_PERIOD=2021A|FREQUENCY=M|IFS_FLAG=true|INDEX_TYPE=CPI|OVERLAP=OL|SCALE=0|SECURITY_CLASSIFICATION=PUB|TYPE_OF_TRANSFORMATION=IX|aggregation=quarterly_mean,\N,"{""aggregation_method"": ""quarterly_mean"", ""source_derivation_types"": [""O"", ""O"", ""O""], ""source_months"": [""2015-M10"", ""2015-M11"", ""2015-M12""], ""source_observation_count"": 3, ""source_series_dimensions"": {""ACCESS_SHARING_LEVEL"": ""PUBLIC_OPEN"", ""COICOP_1999"": ""_T"", ""COMMON_REFERENCE_PERIOD"": ""2021A"", ""COUNTRY"": ""GHA"", ""FREQUENCY"": ""M"", ""IFS_FLAG"": ""true"", ""INDEX_TYPE"": ""CPI"", ""OVERLAP"": ""OL"", ""SCALE"": ""0"", ""SECURITY_CLASSIFICATION"": ""PUB"", ""TYPE_OF_TRANSFORMATION"": ""IX""}}"
GIN,cpi_index_all_items_quarterly_imf,2015-Q1,quarterly,68.70784134707428,\N,derived,IMF_CPI,IMF|ACCESS_SHARING_LEVEL=PUBLIC_OPEN|COICOP_1999=_T|COMMON_REFERENCE_PERIOD=2019A|FREQUENCY=M|IFS_FLAG=true|INDEX_TYPE=CPI|OVERLAP=OL|SCALE=0|SECURITY_CLASSIFICATION=PUB|TYPE_OF_TRANSFORMATION=IX|aggregation=quarterly_mean,\N,"{""aggregation_method"": ""quarterly_mean"", ""source_derivation_types"": [""O"", ""O"", ""O""], ""source_months"": [""2015-M01"", ""2015-M02"", ""2015-M03""], ""source_observation_count"": 3, ""source_series_dimensions"": {""ACCESS_SHARING_LEVEL"": ""PUBLIC_OPEN"", ""COICOP_1999"": ""_T"", ""COMMON_REFERENCE_PERIOD"": ""2019A"", ""COUNTRY"": ""GIN"", ""FREQUENCY"": ""M"", ""IFS_FLAG"": ""true"", ""INDEX_TYPE"": ""CPI"", ""OVERLAP"": ""OL"", ""SCALE"": ""0"", ""SECURITY_CLASSIFICATION"": ""PUB"", ""TYPE_OF_TRANSFORMATION"": ""IX""}}"
GIN,cpi_index_all_items_quarterly_imf,2015-Q2,quarterly,70.04742396140013,\N,derived,IMF_CPI,IMF|ACCESS_SHARING_LEVEL=PUBLIC_OPEN|COICOP_1999=_T|COMMON_REFERENCE_PERIOD=2019A|FREQUENCY=M|IFS_FLAG=true|INDEX_TYPE=CPI|OVERLAP=OL|SCALE=0|SECURITY_CLASSIFICATION=PUB|TYPE_OF_TRANSFORMATION=IX|aggregation=quarterly_mean,\N,"{""aggregation_method"": ""quarterly_mean"", ""source_derivation_types"": [""O"", ""O"", ""O""], ""source_months"": [""2015-M04"", ""2015-M05"", ""2015-M06""], ""source_observation_count"": 3, ""source_series_dimensions"": {""ACCESS_SHARING_LEVEL"": ""PUBLIC_OPEN"", ""COICOP_1999"": ""_T"", ""COMMON_REFERENCE_PERIOD"": ""2019A"", ""COUNTRY"": ""GIN"", ""FREQUENCY"": ""M"", ""IFS_FLAG"": ""true"", ""INDEX_TYPE"": ""CPI"", ""OVERLAP"": ""OL"", ""SCALE"": ""0"", ""SECURITY_CLASSIFICATION"": ""PUB"", ""TYPE_OF_TRANSFORMATION"": ""IX""}}"
GIN,cpi_index_all_items_quarterly_imf,2015-Q3,quarterly,71.22845651144107,\N,derived,IMF_CPI,IMF|ACCESS_SHARING_LEVEL=PUBLIC_OPEN|COICOP_1999=_T|COMMON_REFERENCE_PERIOD=2019A|FREQUENCY=M|IFS_FLAG=true|INDEX_TYPE=CPI|OVERLAP=OL|SCALE=0|SECURITY_CLASSIFICATION=PUB|TYPE_OF_TRANSFORMATION=IX|aggregation=quarterly_mean,\N,"{""aggregation_method"": ""quarterly_mean"", ""source_derivation_types"": [""O"", ""O"", ""O""], ""source_months"": [""2015-M07"", ""2015-M08"", ""2015-M09""], ""source_observation_count"": 3, ""source_series_dimensions"": {""ACCESS_SHARING_LEVEL"": ""PUBLIC_OPEN"", ""COICOP_1999"": ""_T"", ""COMMON_REFERENCE_PERIOD"": ""2019A"", ""COUNTRY"": ""GIN"", ""FREQUENCY"": ""M"", ""IFS_FLAG"": ""true"", ""INDEX_TYPE"": ""CPI"", ""OVERLAP"": ""OL"", ""SCALE"": ""0"", ""SECURITY_CLASSIFICATION"": ""PUB"", ""TYPE_OF_TRANSFORMATION"": ""IX""}}"
GIN,cpi_index_all_items_quarterly_imf,2015-Q4,quarterly,72.40707287788912,\N,derived,IMF_CPI,IMF|ACCESS_SHARING_LEVEL=PUBLIC_OPEN|COICOP_1999=_T|COMMON_REFERENCE_PERIOD=2019A|FREQUENCY=M|IFS_FLAG=true|INDEX_TYPE=CPI|OVERLAP=OL|SCALE=0|SECURITY_CLASSIFICATION=PUB|TYPE_OF_TRANSFORMATION=IX|aggregation=quarterly_mean,\N,"{""aggregation_method"": ""quarterly_mean"", ""source_derivation_types"": [""O"", ""O"", ""O""], ""source_months"": [""2015-M10"", ""2015-M11"", ""2015-M12""], ""source_observation_count"": 3, ""source_series_dimensions"": {""ACCESS_SHARING_LEVEL"": ""PUBLIC_OPEN"", ""COICOP_1999"": ""_T"", ""COMMON_REFERENCE_PERIOD"": ""2019A"", ""COUNTRY"": ""GIN"", ""FREQUENCY"": ""M"", ""IFS_FLAG"": ""true"", ""INDEX_TYPE"": ""CPI"", ""OVERLAP"": ""OL"", ""SCALE"": ""0"", ""SECURITY_CLASSIFICATION"": ""PUB"", ""TYPE_OF_TRANSFORMATION"": ""IX""}}"
GMB,cpi_index_all_items_quarterly_imf,2015-Q1,quarterly,71.3260222705183,\N,derived,IMF_CPI,IMF|ACCESS_SHARING_LEVEL=PUBLIC_OPEN|COICOP_1999=_T|COMMON_REFERENCE_PERIOD=2020M1|FREQUENCY=M|IFS_FLAG=true|INDEX_TYPE=CPI|OVERLAP=OL|SCALE=0|SECURITY_CLASSIFICATION=PUB|TYPE_OF_TRANSFORMATION=IX|aggregation=quarterly_mean,\N,"{""aggregation_method"": ""quarterly_mean"", ""source_derivation_types"": [""O"", ""O"", ""O""], ""source_months"": [""2015-M01"", ""2015-M02"", ""2015-M03""], ""source_observation_count"": 3, ""source_series_dimensions"": {""ACCESS_SHARING_LEVEL"": ""PUBLIC_OPEN"", ""COICOP_1999"": ""_T"", ""COMMON_REFERENCE_PERIOD"": ""2020M1"", ""COUNTRY"": ""GMB"", ""FREQUENCY"": ""M"", ""IFS_FLAG"": ""true"", ""INDEX_TYPE"": ""CPI"", ""OVERLAP"": ""OL"", ""SCALE"": ""0"", ""SECURITY_CLASSIFICATION"": ""PUB"", ""TYPE_OF_TRANSFORMATION"": ""IX""}}"
GMB,cpi_index_all_items_quarterly_imf,2015-Q2,quarterly,72.39905092403252,\N,derived,IMF_CPI,IMF|ACCESS_SHARING_LEVEL=PUBLIC_OPEN|COICOP_1999=_T|COMMON_REFERENCE_PERIOD=2020M1|FREQUENCY=M|IFS_FLAG=true|INDEX_TYPE=CPI|OVERLAP=OL|SCALE=0|SECURITY_CLASSIFICATION=PUB|TYPE_OF_TRANSFORMATION=IX|aggregation=quarterly_mean,\N,"{""aggregation_method"": ""quarterly_mean"", ""source_derivation_types"": [""O"", ""O"", ""O""], ""source_months"": [""2015-M04"", ""2015-M05"", ""2015-M06""], ""source_observation_count"": 3, ""source_series_dimensions"": {""ACCESS_SHARING_LEVEL"": ""PUBLIC_OPEN"", ""COICOP_1999"": ""_T"", ""COMMON_REFERENCE_PERIOD"": ""2020M1"", ""COUNTRY"": ""GMB"", ""FREQUENCY"": ""M"", ""IFS_FLAG"": ""true"", ""INDEX_TYPE"": ""CPI"", ""OVERLAP"": ""OL"", ""SCALE"": ""0"", ""SECURITY_CLASSIFICATION"": ""PUB"", ""TYPE_OF_TRANSFORMATION"": ""IX""}}"
GMB,cpi_index_all_items_quarterly_imf,2015-Q3,quarterly,73.72424286482203,\N,derived,IMF_CPI,IMF|ACCESS_SHARING_LEVEL=PUBLIC_OPEN|COICOP_1999=_T|COMMON_REFERENCE_PERIOD=2020M1|FREQUENCY=M|IFS_FLAG=true|INDEX_TYPE=CPI|OVERLAP=OL|SCALE=0|SECURITY_CLASSIFICATION=PUB|TYPE_OF_TRANSFORMATION=IX|aggregation=quarterly_mean,\N,"{""aggregation_method"": ""quarterly_mean"", ""source_derivation_types"": [""O"", ""O"", ""O""], ""source_months"": [""2015-M07"", ""2015-M08"", ""2015-M09""], ""source_observation_count"": 3, ""source_series_dimensions"": {""ACCESS_SHARING_LEVEL"": ""PUBLIC_OPEN"", ""COICOP_1999"": ""_T"", ""COMMON_REFERENCE_PERIOD"": ""2020M1"", ""COUNTRY"": ""GMB"", ""FREQUENCY"": ""M"", ""IFS_FLAG"": ""true"", ""INDEX_TYPE"": ""CPI"", ""OVERLAP"": ""OL"", ""SCALE"": ""0"", ""SECURITY_CLASSIFICATION"": ""PUB"", ""TYPE_OF_TRANSFORMATION"": ""IX""}}"
GMB,cpi_index_all_items_quarterly_imf,2015-Q4,quarterly,75.1760871718156,\N,derived,IMF_CPI,IMF|ACCESS_SHARING_LEVEL=PUBLIC_OPEN|COICOP_1999=_T|COMMON_REFERENCE_PERIOD=2020M1|FREQUENCY=M|IFS_FLAG=true|INDEX_TYPE=CPI|OVERLAP=OL|SCALE=0|SECURITY_CLASSIFICATION=PUB|TYPE_OF_TRANSFORMATION=IX|aggregation=quarterly_mean,\N,"{""aggregation_method"": ""quarterly_mean"", ""source_derivation_types"": [""O"", ""O"", ""O""], ""source_months"": [""2015-M10"", ""2015-M11"", ""2015-M12""], ""source_observation_count"": 3, ""source_series_dimensions"": {""ACCESS_SHARING_LEVEL"": ""PUBLIC_OPEN"", ""COICOP_1999"": ""_T"", ""COMMON_REFERENCE_PERIOD"": ""2020M1"", ""COUNTRY"": ""GMB"", ""FREQUENCY"": ""M"", ""IFS_FLAG"": ""true"", ""INDEX_TYPE"": ""CPI"", ""OVERLAP"": ""OL"", ""SCALE"": ""0"", ""SECURITY_CLASSIFICATION"": ""PUB"", ""TYPE_OF_TRANSFORMATION"": ""IX""}}"
GNB,cpi_index_all_items_quarterly_imf,2015-Q1,quarterly,77.83443339347114,\N,derived,IMF_CPI,IMF|ACCESS_SHARING_LEVEL=PUBLIC_OPEN|COICOP_1999=_T|COMMON_REFERENCE_PERIOD=2023A|FREQUENCY=M|IFS_FLAG=true|INDEX_TYPE=CPI|OVERLAP=OL|SCALE=0|SECURITY_CLASSIFICATION=PUB|TYPE_OF_TRANSFORMATION=IX|aggregation=quarterly_mean,\N,"{""aggregation_method"": ""quarterly_mean"", ""source_derivation_types"": [""O"", ""O"", ""O""], ""source_months"": [""2015-M01"", ""2015-M02"", ""2015-M03""], ""source_observation_count"": 3, ""source_series_dimensions"": {""ACCESS_SHARING_LEVEL"": ""PUBLIC_OPEN"", ""COICOP_1999"": ""_T"", ""COMMON_REFERENCE_PERIOD"": ""2023A"", ""COUNTRY"": ""GNB"", ""FREQUENCY"": ""M"", ""IFS_FLAG"": ""true"", ""INDEX_TYPE"": ""CPI"", ""OVERLAP"": ""OL"", ""SCALE"": ""0"", ""SECURITY_CLASSIFICATION"": ""PUB"", ""TYPE_OF_TRANSFORMATION"": ""IX""}}"
GNB,cpi_index_all_items_quarterly_imf,2015-Q2,quarterly,78.22209661813996,\N,derived,IMF_CPI,IMF|ACCESS_SHARING_LEVEL=PUBLIC_OPEN|COICOP_1999=_T|COMMON_REFERENCE_PERIOD=2023A|FREQUENCY=M|IFS_FLAG=true|INDEX_TYPE=CPI|OVERLAP=OL|SCALE=0|SECURITY_CLASSIFICATION=PUB|TYPE_OF_TRANSFORMATION=IX|aggregation=quarterly_mean,\N,"{""aggregation_method"": ""quarterly_mean"", ""source_derivation_types"": [""O"", ""O"", ""O""], ""source_months"": [""2015-M04"", ""2015-M05"", ""2015-M06""], ""source_observation_count"": 3, ""source_series_dimensions"": {""ACCESS_SHARING_LEVEL"": ""PUBLIC_OPEN"", ""COICOP_1999"": ""_T"", ""COMMON_REFERENCE_PERIOD"": ""2023A"", ""COUNTRY"": ""GNB"", ""FREQUENCY"": ""M"", ""IFS_FLAG"": ""true"", ""INDEX_TYPE"": ""CPI"", ""OVERLAP"": ""OL"", ""SCALE"": ""0"", ""SECURITY_CLASSIFICATION"": ""PUB"", ""TYPE_OF_TRANSFORMATION"": ""IX""}}"
GNB,cpi_index_all_items_quarterly_imf,2015-Q3,quarterly,80.82042164930617,\N,derived,IMF_CPI,IMF|ACCESS_SHARING_LEVEL=PUBLIC_OPEN|COICOP_1999=_T|COMMON_REFERENCE_PERIOD=2023A|FREQUENCY=M|IFS_FLAG=true|INDEX_TYPE=CPI|OVERLAP=OL|SCALE=0|SECURITY_CLASSIFICATION=PUB|TYPE_OF_TRANSFORMATION=IX|aggregation=quarterly_mean,\N,"{""aggregation_method"": ""quarterly_mean"", ""source_derivation_types"": [""O"", ""O"", ""O""], ""source_months"": [""2015-M07"", ""2015-M08"", ""2015-M09""], ""source_observation_count"": 3, ""source_series_dimensions"": {""ACCESS_SHARING_LEVEL"": ""PUBLIC_OPEN"", ""COICOP_1999"": ""_T"", ""COMMON_REFERENCE_PERIOD"": ""2023A"", ""COUNTRY"": ""GNB"", ""FREQUENCY"": ""M"", ""IFS_FLAG"": ""true"", ""INDEX_TYPE"": ""CPI"", ""OVERLAP"": ""OL"", ""SCALE"": ""0"", ""SECURITY_CLASSIFICATION"": ""PUB"", ""TYPE_OF_TRANSFORMATION"": ""IX""}}"
GNB,cpi_index_all_items_quarterly_imf,2015-Q4,quarterly,80.77135035504429,\N,derived,IMF_CPI,IMF|ACCESS_SHARING_LEVEL=PUBLIC_OPEN|COICOP_1999=_T|COMMON_REFERENCE_PERIOD=2023A|FREQUENCY=M|IFS_FLAG=true|INDEX_TYPE=CPI|OVERLAP=OL|SCALE=0|SECURITY_CLASSIFICATION=PUB|TYPE_OF_TRANSFORMATION=IX|aggregation=quarterly_mean,\N,"{""aggregation_method"": ""quarterly_mean"", ""source_derivation_types"": [""O"", ""O"", ""O""], ""source_months"": [""2015-M10"", ""2015-M11"", ""2015-M12""], ""source_observation_count"": 3, ""source_series_dimensions"": {""ACCESS_SHARING_LEVEL"": ""PUBLIC_OPEN"", ""COICOP_1999"": ""_T"", ""COMMON_REFERENCE_PERIOD"": ""2023A"", ""COUNTRY"": ""GNB"", ""FREQUENCY"": ""M"", ""IFS_FLAG"": ""true"", ""INDEX_TYPE"": ""CPI"", ""OVERLAP"": ""OL"", ""SCALE"": ""0"", ""SECURITY_CLASSIFICATION"": ""PUB"", ""TYPE_OF_TRANSFORMATION"": ""IX""}}"
GNQ,cpi_index_all_items_quarterly_imf,2015-Q1,quarterly,131.31665927221468,\N,derived,IMF_CPI,IMF|ACCESS_SHARING_LEVEL=PUBLIC_OPEN|COICOP_1999=_T|COMMON_REFERENCE_PERIOD=2008A|FREQUENCY=M|IFS_FLAG=true|INDEX_TYPE=CPI|OVERLAP=OL|SCALE=0|SECURITY_CLASSIFICATION=PUB|TYPE_OF_TRANSFORMATION=IX|aggregation=quarterly_mean,\N,"{""aggregation_method"": ""quarterly_mean"", ""source_derivation_types"": [""O"", ""O"", ""O""], ""source_months"": [""2015-M01"", ""2015-M02"", ""2015-M03""], ""source_observation_count"": 3, ""source_series_dimensions"": {""ACCESS_SHARING_LEVEL"": ""PUBLIC_OPEN"", ""COICOP_1999"": ""_T"", ""COMMON_REFERENCE_PERIOD"": ""2008A"", ""COUNTRY"": ""GNQ"", ""FREQUENCY"": ""M"", ""IFS_FLAG"": ""true"", ""INDEX_TYPE"": ""CPI"", ""OVERLAP"": ""OL"", ""SCALE"": ""0"", ""SECURITY_CLASSIFICATION"": ""PUB"", ""TYPE_OF_TRANSFORMATION"": ""IX""}}"
GNQ,cpi_index_all_items_quarterly_imf,2015-Q2,quarterly,132.26066355356866,\N,derived,IMF_CPI,IMF|ACCESS_SHARING_LEVEL=PUBLIC_OPEN|COICOP_1999=_T|COMMON_REFERENCE_PERIOD=2008A|FREQUENCY=M|IFS_FLAG=true|INDEX_TYPE=CPI|OVERLAP=OL|SCALE=0|SECURITY_CLASSIFICATION=PUB|TYPE_OF_TRANSFORMATION=IX|aggregation=quarterly_mean,\N,"{""aggregation_method"": ""quarterly_mean"", ""source_derivation_types"": [""O"", ""O"", ""O""], ""source_months"": [""2015-M04"", ""2015-M05"", ""2015-M06""], ""source_observation_count"": 3, ""source_series_dimensions"": {""ACCESS_SHARING_LEVEL"": ""PUBLIC_OPEN"", ""COICOP_1999"": ""_T"", ""COMMON_REFERENCE_PERIOD"": ""2008A"", ""COUNTRY"": ""GNQ"", ""FREQUENCY"": ""M"", ""IFS_FLAG"": ""true"", ""INDEX_TYPE"": ""CPI"", ""OVERLAP"": ""OL"", ""SCALE"": ""0"", ""SECURITY_CLASSIFICATION"": ""PUB"", ""TYPE_OF_TRANSFORMATION"": ""IX""}}"
GNQ,cpi_index_all_items_quarterly_imf,2015-Q3,quarterly,132.29999999999998,\N,derived,IMF_CPI,IMF|ACCESS_SHARING_LEVEL=PUBLIC_OPEN|COICOP_1999=_T|COMMON_REFERENCE_PERIOD=2008A|FREQUENCY=M|IFS_FLAG=true|INDEX_TYPE=CPI|OVERLAP=OL|SCALE=0|SECURITY_CLASSIFICATION=PUB|TYPE_OF_TRANSFORMATION=IX|aggregation=quarterly_mean,\N,"{""aggregation_method"": ""quarterly_mean"", ""source_derivation_types"": [""O"", ""O"", ""O""], ""source_months"": [""2015-M07"", ""2015-M08"", ""2015-M09""], ""source_observation_count"": 3, ""source_series_dimensions"": {""ACCESS_SHARING_LEVEL"": ""PUBLIC_OPEN"", ""COICOP_1999"": ""_T"", ""COMMON_REFERENCE_PERIOD"": ""2008A"", ""COUNTRY"": ""GNQ"", ""FREQUENCY"": ""M"", ""IFS_FLAG"": ""true"", ""INDEX_TYPE"": ""CPI"", ""OVERLAP"": ""OL"", ""SCALE"": ""0"", ""SECURITY_CLASSIFICATION"": ""PUB"", ""TYPE_OF_TRANSFORMATION"": ""IX""}}"
GNQ,cpi_index_all_items_quarterly_imf,2015-Q4,quarterly,132.36666666666667,\N,derived,IMF_CPI,IMF|ACCESS_SHARING_LEVEL=PUBLIC_OPEN|COICOP_1999=_T|COMMON_REFERENCE_PERIOD=2008A|FREQUENCY=M|IFS_FLAG=true|INDEX_TYPE=CPI|OVERLAP=OL|SCALE=0|SECURITY_CLASSIFICATION=PUB|TYPE_OF_TRANSFORMATION=IX|aggregation=quarterly_mean,\N,"{""aggregation_method"": ""quarterly_mean"", ""source_derivation_types"": [""O"", ""O"", ""O""], ""source_months"": [""2015-M10"", ""2015-M11"", ""2015-M12""], ""source_observation_count"": 3, ""source_series_dimensions"": {""ACCESS_SHARING_LEVEL"": ""PUBLIC_OPEN"", ""COICOP_1999"": ""_T"", ""COMMON_REFERENCE_PERIOD"": ""2008A"", ""COUNTRY"": ""GNQ"", ""FREQUENCY"": ""M"", ""IFS_FLAG"": ""true"", ""INDEX_TYPE"": ""CPI"", ""OVERLAP"": ""OL"", ""SCALE"": ""0"", ""SECURITY_CLASSIFICATION"": ""PUB"", ""TYPE_OF_TRANSFORMATION"": ""IX""}}"
GRC,cpi_index_all_items_quarterly_imf,2015-Q1,quarterly,99.30796666666667,\N,derived,IMF_CPI,IMF|ACCESS_SHARING_LEVEL=PUBLIC_OPEN|COICOP_1999=_T|COMMON_REFERENCE_PERIOD=2020A|FREQUENCY=M|IFS_FLAG=true|INDEX_TYPE=CPI|OVERLAP=OL|SCALE=0|SECURITY_CLASSIFICATION=PUB|TYPE_OF_TRANSFORMATION=IX|aggregation=quarterly_mean,\N,"{""aggregation_method"": ""quarterly_mean"", ""source_derivation_types"": [""O"", ""O"", ""O""], ""source_months"": [""2015-M01"", ""2015-M02"", ""2015-M03""], ""source_observation_count"": 3, ""source_series_dimensions"": {""ACCESS_SHARING_LEVEL"": ""PUBLIC_OPEN"", ""COICOP_1999"": ""_T"", ""COMMON_REFERENCE_PERIOD"": ""2020A"", ""COUNTRY"": ""GRC"", ""FREQUENCY"": ""M"", ""IFS_FLAG"": ""true"", ""INDEX_TYPE"": ""CPI"", ""OVERLAP"": ""OL"", ""SCALE"": ""0"", ""SECURITY_CLASSIFICATION"": ""PUB"", ""TYPE_OF_TRANSFORMATION"": ""IX""}}"
GRC,cpi_index_all_items_quarterly_imf,2015-Q2,quarterly,100.78813333333333,\N,derived,IMF_CPI,IMF|ACCESS_SHARING_LEVEL=PUBLIC_OPEN|COICOP_1999=_T|COMMON_REFERENCE_PERIOD=2020A|FREQUENCY=M|IFS_FLAG=true|INDEX_TYPE=CPI|OVERLAP=OL|SCALE=0|SECURITY_CLASSIFICATION=PUB|TYPE_OF_TRANSFORMATION=IX|aggregation=quarterly_mean,\N,"{""aggregation_method"": ""quarterly_mean"", ""source_derivation_types"": [""O"", ""O"", ""O""], ""source_months"": [""2015-M04"", ""2015-M05"", ""2015-M06""], ""source_observation_count"": 3, ""source_series_dimensions"": {""ACCESS_SHARING_LEVEL"": ""PUBLIC_OPEN"", ""COICOP_1999"": ""_T"", ""COMMON_REFERENCE_PERIOD"": ""2020A"", ""COUNTRY"": ""GRC"", ""FREQUENCY"": ""M"", ""IFS_FLAG"": ""true"", ""INDEX_TYPE"": ""CPI"", ""OVERLAP"": ""OL"", ""SCALE"": ""0"", ""SECURITY_CLASSIFICATION"": ""PUB"", ""TYPE_OF_TRANSFORMATION"": ""IX""}}"
GRC,cpi_index_all_items_quarterly_imf,2015-Q3,quarterly,99.949,\N,derived,IMF_CPI,IMF|ACCESS_SHARING_LEVEL=PUBLIC_OPEN|COICOP_1999=_T|COMMON_REFERENCE_PERIOD=2020A|FREQUENCY=M|IFS_FLAG=true|INDEX_TYPE=CPI|OVERLAP=OL|SCALE=0|SECURITY_CLASSIFICATION=PUB|TYPE_OF_TRANSFORMATION=IX|aggregation=quarterly_mean,\N,"{""aggregation_method"": ""quarterly_mean"", ""source_derivation_types"": [""O"", ""O"", ""O""], ""source_months"": [""2015-M07"", ""2015-M08"", ""2015-M09""], ""source_observation_count"": 3, ""source_series_dimensions"": {""ACCESS_SHARING_LEVEL"": ""PUBLIC_OPEN"", ""COICOP_1999"": ""_T"", ""COMMON_REFERENCE_PERIOD"": ""2020A"", ""COUNTRY"": ""GRC"", ""FREQUENCY"": ""M"", ""IFS_FLAG"": ""true"", ""INDEX_TYPE"": ""CPI"", ""OVERLAP"": ""OL"", ""SCALE"": ""0"", ""SECURITY_CLASSIFICATION"": ""PUB"", ""TYPE_OF_TRANSFORMATION"": ""IX""}}"
GRC,cpi_index_all_items_quarterly_imf,2015-Q4,quarterly,100.36983333333335,\N,derived,IMF_CPI,IMF|ACCESS_SHARING_LEVEL=PUBLIC_OPEN|COICOP_1999=_T|COMMON_REFERENCE_PERIOD=2020A|FREQUENCY=M|IFS_FLAG=true|INDEX_TYPE=CPI|OVERLAP=OL|SCALE=0|SECURITY_CLASSIFICATION=PUB|TYPE_OF_TRANSFORMATION=IX|aggregation=quarterly_mean,\N,"{""aggregation_method"": ""quarterly_mean"", ""source_derivation_types"": [""O"", ""O"", ""O""], ""source_months"": [""2015-M10"", ""2015-M11"", ""2015-M12""], ""source_observation_count"": 3, ""source_series_dimensions"": {""ACCESS_SHARING_LEVEL"": ""PUBLIC_OPEN"", ""COICOP_1999"": ""_T"", ""COMMON_REFERENCE_PERIOD"": ""2020A"", ""COUNTRY"": ""GRC"", ""FREQUENCY"": ""M"", ""IFS_FLAG"": ""true"", ""INDEX_TYPE"": ""CPI"", ""OVERLAP"": ""OL"", ""SCALE"": ""0"", ""SECURITY_CLASSIFICATION"": ""PUB"", ""TYPE_OF_TRANSFORMATION"": ""IX""}}"
GRD,cpi_index_all_items_quarterly_imf,2015-Q1,quarterly,106.81666666666666,\N,derived,IMF_CPI,IMF|ACCESS_SHARING_LEVEL=PUBLIC_OPEN|COICOP_1999=_T|COMMON_REFERENCE_PERIOD=2010M1|FREQUENCY=M|IFS_FLAG=true|INDEX_TYPE=CPI|OVERLAP=OL|SCALE=0|SECURITY_CLASSIFICATION=PUB|TYPE_OF_TRANSFORMATION=IX|aggregation=quarterly_mean,\N,"{""aggregation_method"": ""quarterly_mean"", ""source_derivation_types"": [""O"", ""O"", ""O""], ""source_months"": [""2015-M01"", ""2015-M02"", ""2015-M03""], ""source_observation_count"": 3, ""source_series_dimensions"": {""ACCESS_SHARING_LEVEL"": ""PUBLIC_OPEN"", ""COICOP_1999"": ""_T"", ""COMMON_REFERENCE_PERIOD"": ""2010M1"", ""COUNTRY"": ""GRD"", ""FREQUENCY"": ""M"", ""IFS_FLAG"": ""true"", ""INDEX_TYPE"": ""CPI"", ""OVERLAP"": ""OL"", ""SCALE"": ""0"", ""SECURITY_CLASSIFICATION"": ""PUB"", ""TYPE_OF_TRANSFORMATION"": ""IX""}}"
GRD,cpi_index_all_items_quarterly_imf,2015-Q2,quarterly,107.30333333333333,\N,derived,IMF_CPI,IMF|ACCESS_SHARING_LEVEL=PUBLIC_OPEN|COICOP_1999=_T|COMMON_REFERENCE_PERIOD=2010M1|FREQUENCY=M|IFS_FLAG=true|INDEX_TYPE=CPI|OVERLAP=OL|SCALE=0|SECURITY_CLASSIFICATION=PUB|TYPE_OF_TRANSFORMATION=IX|aggregation=quarterly_mean,\N,"{""aggregation_method"": ""quarterly_mean"", ""source_derivation_types"": [""O"", ""O"", ""O""], ""source_months"": [""2015-M04"", ""2015-M05"", ""2015-M06""], ""source_observation_count"": 3, ""source_series_dimensions"": {""ACCESS_SHARING_LEVEL"": ""PUBLIC_OPEN"", ""COICOP_1999"": ""_T"", ""COMMON_REFERENCE_PERIOD"": ""2010M1"", ""COUNTRY"": ""GRD"", ""FREQUENCY"": ""M"", ""IFS_FLAG"": ""true"", ""INDEX_TYPE"": ""CPI"", ""OVERLAP"": ""OL"", ""SCALE"": ""0"", ""SECURITY_CLASSIFICATION"": ""PUB"", ""TYPE_OF_TRANSFORMATION"": ""IX""}}"
GRD,cpi_index_all_items_quarterly_imf,2015-Q3,quarterly,107.60666666666667,\N,derived,IMF_CPI,IMF|ACCESS_SHARING_LEVEL=PUBLIC_OPEN|COICOP_1999=_T|COMMON_REFERENCE_PERIOD=2010M1|FREQUENCY=M|IFS_FLAG=true|INDEX_TYPE=CPI|OVERLAP=OL|SCALE=0|SECURITY_CLASSIFICATION=PUB|TYPE_OF_TRANSFORMATION=IX|aggregation=quarterly_mean,\N,"{""aggregation_method"": ""quarterly_mean"", ""source_derivation_types"": [""O"", ""O"", ""O""], ""source_months"": [""2015-M07"", ""2015-M08"", ""2015-M09""], ""source_observation_count"": 3, ""source_series_dimensions"": {""ACCESS_SHARING_LEVEL"": ""PUBLIC_OPEN"", ""COICOP_1999"": ""_T"", ""COMMON_REFERENCE_PERIOD"": ""2010M1"", ""COUNTRY"": ""GRD"", ""FREQUENCY"": ""M"", ""IFS_FLAG"": ""true"", ""INDEX_TYPE"": ""CPI"", ""OVERLAP"": ""OL"", ""SCALE"": ""0"", ""SECURITY_CLASSIFICATION"": ""PUB"", ""TYPE_OF_TRANSFORMATION"": ""IX""}}"
GRD,cpi_index_all_items_quarterly_imf,2015-Q4,quarterly,108.67666666666666,\N,derived,IMF_CPI,IMF|ACCESS_SHARING_LEVEL=PUBLIC_OPEN|COICOP_1999=_T|COMMON_REFERENCE_PERIOD=2010M1|FREQUENCY=M|IFS_FLAG=true|INDEX_TYPE=CPI|OVERLAP=OL|SCALE=0|SECURITY_CLASSIFICATION=PUB|TYPE_OF_TRANSFORMATION=IX|aggregation=quarterly_mean,\N,"{""aggregation_method"": ""quarterly_mean"", ""source_derivation_types"": [""O"", ""O"", ""O""], ""source_months"": [""2015-M10"", ""2015-M11"", ""2015-M12""], ""source_observation_count"": 3, ""source_series_dimensions"": {""ACCESS_SHARING_LEVEL"": ""PUBLIC_OPEN"", ""COICOP_1999"": ""_T"", ""COMMON_REFERENCE_PERIOD"": ""2010M1"", ""COUNTRY"": ""GRD"", ""FREQUENCY"": ""M"", ""IFS_FLAG"": ""true"", ""INDEX_TYPE"": ""CPI"", ""OVERLAP"": ""OL"", ""SCALE"": ""0"", ""SECURITY_CLASSIFICATION"": ""PUB"", ""TYPE_OF_TRANSFORMATION"": ""IX""}}"
GTM,cpi_index_all_items_quarterly_imf,2015-Q1,quarterly,66.9331526296446,\N,derived,IMF_CPI,IMF|ACCESS_SHARING_LEVEL=PUBLIC_OPEN|COICOP_1999=_T|COMMON_REFERENCE_PERIOD=2024A|FREQUENCY=M|IFS_FLAG=true|INDEX_TYPE=CPI|OVERLAP=OL|SCALE=0|SECURITY_CLASSIFICATION=PUB|TYPE_OF_TRANSFORMATION=IX|aggregation=quarterly_mean,\N,"{""aggregation_method"": ""quarterly_mean"", ""source_derivation_types"": [""O"", ""O"", ""O""], ""source_months"": [""2015-M01"", ""2015-M02"", ""2015-M03""], ""source_observation_count"": 3, ""source_series_dimensions"": {""ACCESS_SHARING_LEVEL"": ""PUBLIC_OPEN"", ""COICOP_1999"": ""_T"", ""COMMON_REFERENCE_PERIOD"": ""2024A"", ""COUNTRY"": ""GTM"", ""FREQUENCY"": ""M"", ""IFS_FLAG"": ""true"", ""INDEX_TYPE"": ""CPI"", ""OVERLAP"": ""OL"", ""SCALE"": ""0"", ""SECURITY_CLASSIFICATION"": ""PUB"", ""TYPE_OF_TRANSFORMATION"": ""IX""}}"
GTM,cpi_index_all_items_quarterly_imf,2015-Q2,quarterly,67.49863573654362,\N,derived,IMF_CPI,IMF|ACCESS_SHARING_LEVEL=PUBLIC_OPEN|COICOP_1999=_T|COMMON_REFERENCE_PERIOD=2024A|FREQUENCY=M|IFS_FLAG=true|INDEX_TYPE=CPI|OVERLAP=OL|SCALE=0|SECURITY_CLASSIFICATION=PUB|TYPE_OF_TRANSFORMATION=IX|aggregation=quarterly_mean,\N,"{""aggregation_method"": ""quarterly_mean"", ""source_derivation_types"": [""O"", ""O"", ""O""], ""source_months"": [""2015-M04"", ""2015-M05"", ""2015-M06""], ""source_observation_count"": 3, ""source_series_dimensions"": {""ACCESS_SHARING_LEVEL"": ""PUBLIC_OPEN"", ""COICOP_1999"": ""_T"", ""COMMON_REFERENCE_PERIOD"": ""2024A"", ""COUNTRY"": ""GTM"", ""FREQUENCY"": ""M"", ""IFS_FLAG"": ""true"", ""INDEX_TYPE"": ""CPI"", ""OVERLAP"": ""OL"", ""SCALE"": ""0"", ""SECURITY_CLASSIFICATION"": ""PUB"", ""TYPE_OF_TRANSFORMATION"": ""IX""}}"
GTM,cpi_index_all_items_quarterly_imf,2015-Q3,quarterly,68.07924882623594,\N,derived,IMF_CPI,IMF|ACCESS_SHARING_LEVEL=PUBLIC_OPEN|COICOP_1999=_T|COMMON_REFERENCE_PERIOD=2024A|FREQUENCY=M|IFS_FLAG=true|INDEX_TYPE=CPI|OVERLAP=OL|SCALE=0|SECURITY_CLASSIFICATION=PUB|TYPE_OF_TRANSFORMATION=IX|aggregation=quarterly_mean,\N,"{""aggregation_method"": ""quarterly_mean"", ""source_derivation_types"": [""O"", ""O"", ""O""], ""source_months"": [""2015-M07"", ""2015-M08"", ""2015-M09""], ""source_observation_count"": 3, ""source_series_dimensions"": {""ACCESS_SHARING_LEVEL"": ""PUBLIC_OPEN"", ""COICOP_1999"": ""_T"", ""COMMON_REFERENCE_PERIOD"": ""2024A"", ""COUNTRY"": ""GTM"", ""FREQUENCY"": ""M"", ""IFS_FLAG"": ""true"", ""INDEX_TYPE"": ""CPI"", ""OVERLAP"": ""OL"", ""SCALE"": ""0"", ""SECURITY_CLASSIFICATION"": ""PUB"", ""TYPE_OF_TRANSFORMATION"": ""IX""}}"
GTM,cpi_index_all_items_quarterly_imf,2015-Q4,quarterly,68.73362058204553,\N,derived,IMF_CPI,IMF|ACCESS_SHARING_LEVEL=PUBLIC_OPEN|COICOP_1999=_T|COMMON_REFERENCE_PERIOD=2024A|FREQUENCY=M|IFS_FLAG=true|INDEX_TYPE=CPI|OVERLAP=OL|SCALE=0|SECURITY_CLASSIFICATION=PUB|TYPE_OF_TRANSFORMATION=IX|aggregation=quarterly_mean,\N,"{""aggregation_method"": ""quarterly_mean"", ""source_derivation_types"": [""O"", ""O"", ""O""], ""source_months"": [""2015-M10"", ""2015-M11"", ""2015-M12""], ""source_observation_count"": 3, ""source_series_dimensions"": {""ACCESS_SHARING_LEVEL"": ""PUBLIC_OPEN"", ""COICOP_1999"": ""_T"", ""COMMON_REFERENCE_PERIOD"": ""2024A"", ""COUNTRY"": ""GTM"", ""FREQUENCY"": ""M"", ""IFS_FLAG"": ""true"", ""INDEX_TYPE"": ""CPI"", ""OVERLAP"": ""OL"", ""SCALE"": ""0"", ""SECURITY_CLASSIFICATION"": ""PUB"", ""TYPE_OF_TRANSFORMATION"": ""IX""}}"
GUY,cpi_index_all_items_quarterly_imf,2015-Q1,quarterly,110.88700282777381,\N,derived,IMF_CPI,IMF|ACCESS_SHARING_LEVEL=PUBLIC_OPEN|COICOP_1999=_T|COMMON_REFERENCE_PERIOD=2009M12|FREQUENCY=M|IFS_FLAG=true|INDEX_TYPE=CPI|OVERLAP=OL|SCALE=0|SECURITY_CLASSIFICATION=PUB|TYPE_OF_TRANSFORMATION=IX|aggregation=quarterly_mean,\N,"{""aggregation_method"": ""quarterly_mean"", ""source_derivation_types"": [""O"", ""O"", ""O""], ""source_months"": [""2015-M01"", ""2015-M02"", ""2015-M03""], ""source_observation_count"": 3, ""source_series_dimensions"": {""ACCESS_SHARING_LEVEL"": ""PUBLIC_OPEN"", ""COICOP_1999"": ""_T"", ""COMMON_REFERENCE_PERIOD"": ""2009M12"", ""COUNTRY"": ""GUY"", ""FREQUENCY"": ""M"", ""IFS_FLAG"": ""true"", ""INDEX_TYPE"": ""CPI"", ""OVERLAP"": ""OL"", ""SCALE"": ""0"", ""SECURITY_CLASSIFICATION"": ""PUB"", ""TYPE_OF_TRANSFORMATION"": ""IX""}}"
GUY,cpi_index_all_items_quarterly_imf,2015-Q2,quarterly,111.6645650334467,\N,derived,IMF_CPI,IMF|ACCESS_SHARING_LEVEL=PUBLIC_OPEN|COICOP_1999=_T|COMMON_REFERENCE_PERIOD=2009M12|FREQUENCY=M|IFS_FLAG=true|INDEX_TYPE=CPI|OVERLAP=OL|SCALE=0|SECURITY_CLASSIFICATION=PUB|TYPE_OF_TRANSFORMATION=IX|aggregation=quarterly_mean,\N,"{""aggregation_method"": ""quarterly_mean"", ""source_derivation_types"": [""O"", ""O"", ""O""], ""source_months"": [""2015-M04"", ""2015-M05"", ""2015-M06""], ""source_observation_count"": 3, ""source_series_dimensions"": {""ACCESS_SHARING_LEVEL"": ""PUBLIC_OPEN"", ""COICOP_1999"": ""_T"", ""COMMON_REFERENCE_PERIOD"": ""2009M12"", ""COUNTRY"": ""GUY"", ""FREQUENCY"": ""M"", ""IFS_FLAG"": ""true"", ""INDEX_TYPE"": ""CPI"", ""OVERLAP"": ""OL"", ""SCALE"": ""0"", ""SECURITY_CLASSIFICATION"": ""PUB"", ""TYPE_OF_TRANSFORMATION"": ""IX""}}"
GUY,cpi_index_all_items_quarterly_imf,2015-Q3,quarterly,112.13693469779639,\N,derived,IMF_CPI,IMF|ACCESS_SHARING_LEVEL=PUBLIC_OPEN|COICOP_1999=_T|COMMON_REFERENCE_PERIOD=2009M12|FREQUENCY=M|IFS_FLAG=true|INDEX_TYPE=CPI|OVERLAP=OL|SCALE=0|SECURITY_CLASSIFICATION=PUB|TYPE_OF_TRANSFORMATION=IX|aggregation=quarterly_mean,\N,"{""aggregation_method"": ""quarterly_mean"", ""source_derivation_types"": [""O"", ""O"", ""O""], ""source_months"": [""2015-M07"", ""2015-M08"", ""2015-M09""], ""source_observation_count"": 3, ""source_series_dimensions"": {""ACCESS_SHARING_LEVEL"": ""PUBLIC_OPEN"", ""COICOP_1999"": ""_T"", ""COMMON_REFERENCE_PERIOD"": ""2009M12"", ""COUNTRY"": ""GUY"", ""FREQUENCY"": ""M"", ""IFS_FLAG"": ""true"", ""INDEX_TYPE"": ""CPI"", ""OVERLAP"": ""OL"", ""SCALE"": ""0"", ""SECURITY_CLASSIFICATION"": ""PUB"", ""TYPE_OF_TRANSFORMATION"": ""IX""}}"
GUY,cpi_index_all_items_quarterly_imf,2015-Q4,quarterly,111.78325409312487,\N,derived,IMF_CPI,IMF|ACCESS_SHARING_LEVEL=PUBLIC_OPEN|COICOP_1999=_T|COMMON_REFERENCE_PERIOD=2009M12|FREQUENCY=M|IFS_FLAG=true|INDEX_TYPE=CPI|OVERLAP=OL|SCALE=0|SECURITY_CLASSIFICATION=PUB|TYPE_OF_TRANSFORMATION=IX|aggregation=quarterly_mean,\N,"{""aggregation_method"": ""quarterly_mean"", ""source_derivation_types"": [""O"", ""O"", ""O""], ""source_months"": [""2015-M10"", ""2015-M11"", ""2015-M12""], ""source_observation_count"": 3, ""source_series_dimensions"": {""ACCESS_SHARING_LEVEL"": ""PUBLIC_OPEN"", ""COICOP_1999"": ""_T"", ""COMMON_REFERENCE_PERIOD"": ""2009M12"", ""COUNTRY"": ""GUY"", ""FREQUENCY"": ""M"", ""IFS_FLAG"": ""true"", ""INDEX_TYPE"": ""CPI"", ""OVERLAP"": ""OL"", ""SCALE"": ""0"", ""SECURITY_CLASSIFICATION"": ""PUB"", ""TYPE_OF_TRANSFORMATION"": ""IX""}}"
HKG,cpi_index_all_items_quarterly_imf,2015-Q1,quarterly,90.83333333333333,\N,derived,IMF_CPI,IMF|ACCESS_SHARING_LEVEL=PUBLIC_OPEN|COICOP_1999=_T|COMMON_REFERENCE_PERIOD=2020A|FREQUENCY=M|IFS_FLAG=true|INDEX_TYPE=CPI|OVERLAP=OL|SCALE=0|SECURITY_CLASSIFICATION=PUB|TYPE_OF_TRANSFORMATION=IX|aggregation=quarterly_mean,\N,"{""aggregation_method"": ""quarterly_mean"", ""source_derivation_types"": [""O"", ""O"", ""O""], ""source_months"": [""2015-M01"", ""2015-M02"", ""2015-M03""], ""source_observation_count"": 3, ""source_series_dimensions"": {""ACCESS_SHARING_LEVEL"": ""PUBLIC_OPEN"", ""COICOP_1999"": ""_T"", ""COMMON_REFERENCE_PERIOD"": ""2020A"", ""COUNTRY"": ""HKG"", ""FREQUENCY"": ""M"", ""IFS_FLAG"": ""true"", ""INDEX_TYPE"": ""CPI"", ""OVERLAP"": ""OL"", ""SCALE"": ""0"", ""SECURITY_CLASSIFICATION"": ""PUB"", ""TYPE_OF_TRANSFORMATION"": ""IX""}}"
HKG,cpi_index_all_items_quarterly_imf,2015-Q2,quarterly,90.23333333333333,\N,derived,IMF_CPI,IMF|ACCESS_SHARING_LEVEL=PUBLIC_OPEN|COICOP_1999=_T|COMMON_REFERENCE_PERIOD=2020A|FREQUENCY=M|IFS_FLAG=true|INDEX_TYPE=CPI|OVERLAP=OL|SCALE=0|SECURITY_CLASSIFICATION=PUB|TYPE_OF_TRANSFORMATION=IX|aggregation=quarterly_mean,\N,"{""aggregation_method"": ""quarterly_mean"", ""source_derivation_types"": [""O"", ""O"", ""O""], ""source_months"": [""2015-M04"", ""2015-M05"", ""2015-M06""], ""source_observation_count"": 3, ""source_series_dimensions"": {""ACCESS_SHARING_LEVEL"": ""PUBLIC_OPEN"", ""COICOP_1999"": ""_T"", ""COMMON_REFERENCE_PERIOD"": ""2020A"", ""COUNTRY"": ""HKG"", ""FREQUENCY"": ""M"", ""IFS_FLAG"": ""true"", ""INDEX_TYPE"": ""CPI"", ""OVERLAP"": ""OL"", ""SCALE"": ""0"", ""SECURITY_CLASSIFICATION"": ""PUB"", ""TYPE_OF_TRANSFORMATION"": ""IX""}}"
HKG,cpi_index_all_items_quarterly_imf,2015-Q3,quarterly,90.26666666666665,\N,derived,IMF_CPI,IMF|ACCESS_SHARING_LEVEL=PUBLIC_OPEN|COICOP_1999=_T|COMMON_REFERENCE_PERIOD=2020A|FREQUENCY=M|IFS_FLAG=true|INDEX_TYPE=CPI|OVERLAP=OL|SCALE=0|SECURITY_CLASSIFICATION=PUB|TYPE_OF_TRANSFORMATION=IX|aggregation=quarterly_mean,\N,"{""aggregation_method"": ""quarterly_mean"", ""source_derivation_types"": [""O"", ""O"", ""O""], ""source_months"": [""2015-M07"", ""2015-M08"", ""2015-M09""], ""source_observation_count"": 3, ""source_series_dimensions"": {""ACCESS_SHARING_LEVEL"": ""PUBLIC_OPEN"", ""COICOP_1999"": ""_T"", ""COMMON_REFERENCE_PERIOD"": ""2020A"", ""COUNTRY"": ""HKG"", ""FREQUENCY"": ""M"", ""IFS_FLAG"": ""true"", ""INDEX_TYPE"": ""CPI"", ""OVERLAP"": ""OL"", ""SCALE"": ""0"", ""SECURITY_CLASSIFICATION"": ""PUB"", ""TYPE_OF_TRANSFORMATION"": ""IX""}}"
HKG,cpi_index_all_items_quarterly_imf,2015-Q4,quarterly,92.53333333333335,\N,derived,IMF_CPI,IMF|ACCESS_SHARING_LEVEL=PUBLIC_OPEN|COICOP_1999=_T|COMMON_REFERENCE_PERIOD=2020A|FREQUENCY=M|IFS_FLAG=true|INDEX_TYPE=CPI|OVERLAP=OL|SCALE=0|SECURITY_CLASSIFICATION=PUB|TYPE_OF_TRANSFORMATION=IX|aggregation=quarterly_mean,\N,"{""aggregation_method"": ""quarterly_mean"", ""source_derivation_types"": [""O"", ""O"", ""O""], ""source_months"": [""2015-M10"", ""2015-M11"", ""2015-M12""], ""source_observation_count"": 3, ""source_series_dimensions"": {""ACCESS_SHARING_LEVEL"": ""PUBLIC_OPEN"", ""COICOP_1999"": ""_T"", ""COMMON_REFERENCE_PERIOD"": ""2020A"", ""COUNTRY"": ""HKG"", ""FREQUENCY"": ""M"", ""IFS_FLAG"": ""true"", ""INDEX_TYPE"": ""CPI"", ""OVERLAP"": ""OL"", ""SCALE"": ""0"", ""SECURITY_CLASSIFICATION"": ""PUB"", ""TYPE_OF_TRANSFORMATION"": ""IX""}}"
HND,cpi_index_all_items_quarterly_imf,2015-Q1,quarterly,60.09389398453275,\N,derived,IMF_CPI,IMF|ACCESS_SHARING_LEVEL=PUBLIC_OPEN|COICOP_1999=_T|COMMON_REFERENCE_PERIOD=2025M12|FREQUENCY=M|IFS_FLAG=true|INDEX_TYPE=CPI|OVERLAP=OL|SCALE=0|SECURITY_CLASSIFICATION=PUB|TYPE_OF_TRANSFORMATION=IX|aggregation=quarterly_mean,\N,"{""aggregation_method"": ""quarterly_mean"", ""source_derivation_types"": [""O"", ""O"", ""O""], ""source_months"": [""2015-M01"", ""2015-M02"", ""2015-M03""], ""source_observation_count"": 3, ""source_series_dimensions"": {""ACCESS_SHARING_LEVEL"": ""PUBLIC_OPEN"", ""COICOP_1999"": ""_T"", ""COMMON_REFERENCE_PERIOD"": ""2025M12"", ""COUNTRY"": ""HND"", ""FREQUENCY"": ""M"", ""IFS_FLAG"": ""true"", ""INDEX_TYPE"": ""CPI"", ""OVERLAP"": ""OL"", ""SCALE"": ""0"", ""SECURITY_CLASSIFICATION"": ""PUB"", ""TYPE_OF_TRANSFORMATION"": ""IX""}}"
HND,cpi_index_all_items_quarterly_imf,2015-Q2,quarterly,60.928729605073045,\N,derived,IMF_CPI,IMF|ACCESS_SHARING_LEVEL=PUBLIC_OPEN|COICOP_1999=_T|COMMON_REFERENCE_PERIOD=2025M12|FREQUENCY=M|IFS_FLAG=true|INDEX_TYPE=CPI|OVERLAP=OL|SCALE=0|SECURITY_CLASSIFICATION=PUB|TYPE_OF_TRANSFORMATION=IX|aggregation=quarterly_mean,\N,"{""aggregation_method"": ""quarterly_mean"", ""source_derivation_types"": [""O"", ""O"", ""O""], ""source_months"": [""2015-M04"", ""2015-M05"", ""2015-M06""], ""source_observation_count"": 3, ""source_series_dimensions"": {""ACCESS_SHARING_LEVEL"": ""PUBLIC_OPEN"", ""COICOP_1999"": ""_T"", ""COMMON_REFERENCE_PERIOD"": ""2025M12"", ""COUNTRY"": ""HND"", ""FREQUENCY"": ""M"", ""IFS_FLAG"": ""true"", ""INDEX_TYPE"": ""CPI"", ""OVERLAP"": ""OL"", ""SCALE"": ""0"", ""SECURITY_CLASSIFICATION"": ""PUB"", ""TYPE_OF_TRANSFORMATION"": ""IX""}}"
HND,cpi_index_all_items_quarterly_imf,2015-Q3,quarterly,61.42820390796041,\N,derived,IMF_CPI,IMF|ACCESS_SHARING_LEVEL=PUBLIC_OPEN|COICOP_1999=_T|COMMON_REFERENCE_PERIOD=2025M12|FREQUENCY=M|IFS_FLAG=true|INDEX_TYPE=CPI|OVERLAP=OL|SCALE=0|SECURITY_CLASSIFICATION=PUB|TYPE_OF_TRANSFORMATION=IX|aggregation=quarterly_mean,\N,"{""aggregation_method"": ""quarterly_mean"", ""source_derivation_types"": [""O"", ""O"", ""O""], ""source_months"": [""2015-M07"", ""2015-M08"", ""2015-M09""], ""source_observation_count"": 3, ""source_series_dimensions"": {""ACCESS_SHARING_LEVEL"": ""PUBLIC_OPEN"", ""COICOP_1999"": ""_T"", ""COMMON_REFERENCE_PERIOD"": ""2025M12"", ""COUNTRY"": ""HND"", ""FREQUENCY"": ""M"", ""IFS_FLAG"": ""true"", ""INDEX_TYPE"": ""CPI"", ""OVERLAP"": ""OL"", ""SCALE"": ""0"", ""SECURITY_CLASSIFICATION"": ""PUB"", ""TYPE_OF_TRANSFORMATION"": ""IX""}}"
HND,cpi_index_all_items_quarterly_imf,2015-Q4,quarterly,61.36398578330346,\N,derived,IMF_CPI,IMF|ACCESS_SHARING_LEVEL=PUBLIC_OPEN|COICOP_1999=_T|COMMON_REFERENCE_PERIOD=2025M12|FREQUENCY=M|IFS_FLAG=true|INDEX_TYPE=CPI|OVERLAP=OL|SCALE=0|SECURITY_CLASSIFICATION=PUB|TYPE_OF_TRANSFORMATION=IX|aggregation=quarterly_mean,\N,"{""aggregation_method"": ""quarterly_mean"", ""source_derivation_types"": [""O"", ""O"", ""O""], ""source_months"": [""2015-M10"", ""2015-M11"", ""2015-M12""], ""source_observation_count"": 3, ""source_series_dimensions"": {""ACCESS_SHARING_LEVEL"": ""PUBLIC_OPEN"", ""COICOP_1999"": ""_T"", ""COMMON_REFERENCE_PERIOD"": ""2025M12"", ""COUNTRY"": ""HND"", ""FREQUENCY"": ""M"", ""IFS_FLAG"": ""true"", ""INDEX_TYPE"": ""CPI"", ""OVERLAP"": ""OL"", ""SCALE"": ""0"", ""SECURITY_CLASSIFICATION"": ""PUB"", ""TYPE_OF_TRANSFORMATION"": ""IX""}}"
HRV,cpi_index_all_items_quarterly_imf,2015-Q1,quarterly,74.38485294117646,\N,derived,IMF_CPI,IMF|ACCESS_SHARING_LEVEL=PUBLIC_OPEN|COICOP_1999=_T|COMMON_REFERENCE_PERIOD=2025A|FREQUENCY=M|IFS_FLAG=true|INDEX_TYPE=CPI|OVERLAP=OL|SCALE=0|SECURITY_CLASSIFICATION=PUB|TYPE_OF_TRANSFORMATION=IX|aggregation=quarterly_mean,\N,"{""aggregation_method"": ""quarterly_mean"", ""source_derivation_types"": [""O"", ""O"", ""O""], ""source_months"": [""2015-M01"", ""2015-M02"", ""2015-M03""], ""source_observation_count"": 3, ""source_series_dimensions"": {""ACCESS_SHARING_LEVEL"": ""PUBLIC_OPEN"", ""COICOP_1999"": ""_T"", ""COMMON_REFERENCE_PERIOD"": ""2025A"", ""COUNTRY"": ""HRV"", ""FREQUENCY"": ""M"", ""IFS_FLAG"": ""true"", ""INDEX_TYPE"": ""CPI"", ""OVERLAP"": ""OL"", ""SCALE"": ""0"", ""SECURITY_CLASSIFICATION"": ""PUB"", ""TYPE_OF_TRANSFORMATION"": ""IX""}}"
HRV,cpi_index_all_items_quarterly_imf,2015-Q2,quarterly,75.10558823529412,\N,derived,IMF_CPI,IMF|ACCESS_SHARING_LEVEL=PUBLIC_OPEN|COICOP_1999=_T|COMMON_REFERENCE_PERIOD=2025A|FREQUENCY=M|IFS_FLAG=true|INDEX_TYPE=CPI|OVERLAP=OL|SCALE=0|SECURITY_CLASSIFICATION=PUB|TYPE_OF_TRANSFORMATION=IX|aggregation=quarterly_mean,\N,"{""aggregation_method"": ""quarterly_mean"", ""source_derivation_types"": [""O"", ""O"", ""O""], ""source_months"": [""2015-M04"", ""2015-M05"", ""2015-M06""], ""source_observation_count"": 3, ""source_series_dimensions"": {""ACCESS_SHARING_LEVEL"": ""PUBLIC_OPEN"", ""COICOP_1999"": ""_T"", ""COMMON_REFERENCE_PERIOD"": ""2025A"", ""COUNTRY"": ""HRV"", ""FREQUENCY"": ""M"", ""IFS_FLAG"": ""true"", ""INDEX_TYPE"": ""CPI"", ""OVERLAP"": ""OL"", ""SCALE"": ""0"", ""SECURITY_CLASSIFICATION"": ""PUB"", ""TYPE_OF_TRANSFORMATION"": ""IX""}}"
HRV,cpi_index_all_items_quarterly_imf,2015-Q3,quarterly,74.40970588235292,\N,derived,IMF_CPI,IMF|ACCESS_SHARING_LEVEL=PUBLIC_OPEN|COICOP_1999=_T|COMMON_REFERENCE_PERIOD=2025A|FREQUENCY=M|IFS_FLAG=true|INDEX_TYPE=CPI|OVERLAP=OL|SCALE=0|SECURITY_CLASSIFICATION=PUB|TYPE_OF_TRANSFORMATION=IX|aggregation=quarterly_mean,\N,"{""aggregation_method"": ""quarterly_mean"", ""source_derivation_types"": [""O"", ""O"", ""O""], ""source_months"": [""2015-M07"", ""2015-M08"", ""2015-M09""], ""source_observation_count"": 3, ""source_series_dimensions"": {""ACCESS_SHARING_LEVEL"": ""PUBLIC_OPEN"", ""COICOP_1999"": ""_T"", ""COMMON_REFERENCE_PERIOD"": ""2025A"", ""COUNTRY"": ""HRV"", ""FREQUENCY"": ""M"", ""IFS_FLAG"": ""true"", ""INDEX_TYPE"": ""CPI"", ""OVERLAP"": ""OL"", ""SCALE"": ""0"", ""SECURITY_CLASSIFICATION"": ""PUB"", ""TYPE_OF_TRANSFORMATION"": ""IX""}}"
HRV,cpi_index_all_items_quarterly_imf,2015-Q4,quarterly,74.33514705882352,\N,derived,IMF_CPI,IMF|ACCESS_SHARING_LEVEL=PUBLIC_OPEN|COICOP_1999=_T|COMMON_REFERENCE_PERIOD=2025A|FREQUENCY=M|IFS_FLAG=true|INDEX_TYPE=CPI|OVERLAP=OL|SCALE=0|SECURITY_CLASSIFICATION=PUB|TYPE_OF_TRANSFORMATION=IX|aggregation=quarterly_mean,\N,"{""aggregation_method"": ""quarterly_mean"", ""source_derivation_types"": [""O"", ""O"", ""O""], ""source_months"": [""2015-M10"", ""2015-M11"", ""2015-M12""], ""source_observation_count"": 3, ""source_series_dimensions"": {""ACCESS_SHARING_LEVEL"": ""PUBLIC_OPEN"", ""COICOP_1999"": ""_T"", ""COMMON_REFERENCE_PERIOD"": ""2025A"", ""COUNTRY"": ""HRV"", ""FREQUENCY"": ""M"", ""IFS_FLAG"": ""true"", ""INDEX_TYPE"": ""CPI"", ""OVERLAP"": ""OL"", ""SCALE"": ""0"", ""SECURITY_CLASSIFICATION"": ""PUB"", ""TYPE_OF_TRANSFORMATION"": ""IX""}}"
HTI,cpi_index_all_items_quarterly_imf,2015-Q1,quarterly,72.02326945302804,\N,derived,IMF_CPI,IMF|ACCESS_SHARING_LEVEL=PUBLIC_OPEN|COICOP_1999=_T|COMMON_REFERENCE_PERIOD=2017M10-2018M9|FREQUENCY=M|IFS_FLAG=true|INDEX_TYPE=CPI|OVERLAP=OL|SCALE=0|SECURITY_CLASSIFICATION=PUB|TYPE_OF_TRANSFORMATION=IX|aggregation=quarterly_mean,\N,"{""aggregation_method"": ""quarterly_mean"", ""source_derivation_types"": [""O"", ""O"", ""O""], ""source_months"": [""2015-M01"", ""2015-M02"", ""2015-M03""], ""source_observation_count"": 3, ""source_series_dimensions"": {""ACCESS_SHARING_LEVEL"": ""PUBLIC_OPEN"", ""COICOP_1999"": ""_T"", ""COMMON_REFERENCE_PERIOD"": ""2017M10-2018M9"", ""COUNTRY"": ""HTI"", ""FREQUENCY"": ""M"", ""IFS_FLAG"": ""true"", ""INDEX_TYPE"": ""CPI"", ""OVERLAP"": ""OL"", ""SCALE"": ""0"", ""SECURITY_CLASSIFICATION"": ""PUB"", ""TYPE_OF_TRANSFORMATION"": ""IX""}}"
HTI,cpi_index_all_items_quarterly_imf,2015-Q2,quarterly,72.63683248817783,\N,derived,IMF_CPI,IMF|ACCESS_SHARING_LEVEL=PUBLIC_OPEN|COICOP_1999=_T|COMMON_REFERENCE_PERIOD=2017M10-2018M9|FREQUENCY=M|IFS_FLAG=true|INDEX_TYPE=CPI|OVERLAP=OL|SCALE=0|SECURITY_CLASSIFICATION=PUB|TYPE_OF_TRANSFORMATION=IX|aggregation=quarterly_mean,\N,"{""aggregation_method"": ""quarterly_mean"", ""source_derivation_types"": [""O"", ""O"", ""O""], ""source_months"": [""2015-M04"", ""2015-M05"", ""2015-M06""], ""source_observation_count"": 3, ""source_series_dimensions"": {""ACCESS_SHARING_LEVEL"": ""PUBLIC_OPEN"", ""COICOP_1999"": ""_T"", ""COMMON_REFERENCE_PERIOD"": ""2017M10-2018M9"", ""COUNTRY"": ""HTI"", ""FREQUENCY"": ""M"", ""IFS_FLAG"": ""true"", ""INDEX_TYPE"": ""CPI"", ""OVERLAP"": ""OL"", ""SCALE"": ""0"", ""SECURITY_CLASSIFICATION"": ""PUB"", ""TYPE_OF_TRANSFORMATION"": ""IX""}}"
HTI,cpi_index_all_items_quarterly_imf,2015-Q3,quarterly,75.43548987924926,\N,derived,IMF_CPI,IMF|ACCESS_SHARING_LEVEL=PUBLIC_OPEN|COICOP_1999=_T|COMMON_REFERENCE_PERIOD=2017M10-2018M9|FREQUENCY=M|IFS_FLAG=true|INDEX_TYPE=CPI|OVERLAP=OL|SCALE=0|SECURITY_CLASSIFICATION=PUB|TYPE_OF_TRANSFORMATION=IX|aggregation=quarterly_mean,\N,"{""aggregation_method"": ""quarterly_mean"", ""source_derivation_types"": [""O"", ""O"", ""O""], ""source_months"": [""2015-M07"", ""2015-M08"", ""2015-M09""], ""source_observation_count"": 3, ""source_series_dimensions"": {""ACCESS_SHARING_LEVEL"": ""PUBLIC_OPEN"", ""COICOP_1999"": ""_T"", ""COMMON_REFERENCE_PERIOD"": ""2017M10-2018M9"", ""COUNTRY"": ""HTI"", ""FREQUENCY"": ""M"", ""IFS_FLAG"": ""true"", ""INDEX_TYPE"": ""CPI"", ""OVERLAP"": ""OL"", ""SCALE"": ""0"", ""SECURITY_CLASSIFICATION"": ""PUB"", ""TYPE_OF_TRANSFORMATION"": ""IX""}}"
HTI,cpi_index_all_items_quarterly_imf,2015-Q4,quarterly,78.24398523110183,\N,derived,IMF_CPI,IMF|ACCESS_SHARING_LEVEL=PUBLIC_OPEN|COICOP_1999=_T|COMMON_REFERENCE_PERIOD=2017M10-2018M9|FREQUENCY=M|IFS_FLAG=true|INDEX_TYPE=CPI|OVERLAP=OL|SCALE=0|SECURITY_CLASSIFICATION=PUB|TYPE_OF_TRANSFORMATION=IX|aggregation=quarterly_mean,\N,"{""aggregation_method"": ""quarterly_mean"", ""source_derivation_types"": [""O"", ""O"", ""O""], ""source_months"": [""2015-M10"", ""2015-M11"", ""2015-M12""], ""source_observation_count"": 3, ""source_series_dimensions"": {""ACCESS_SHARING_LEVEL"": ""PUBLIC_OPEN"", ""COICOP_1999"": ""_T"", ""COMMON_REFERENCE_PERIOD"": ""2017M10-2018M9"", ""COUNTRY"": ""HTI"", ""FREQUENCY"": ""M"", ""IFS_FLAG"": ""true"", ""INDEX_TYPE"": ""CPI"", ""OVERLAP"": ""OL"", ""SCALE"": ""0"", ""SECURITY_CLASSIFICATION"": ""PUB"", ""TYPE_OF_TRANSFORMATION"": ""IX""}}"
HUN,cpi_index_all_items_quarterly_imf,2015-Q1,quarterly,133.96666666666667,\N,derived,IMF_CPI,IMF|ACCESS_SHARING_LEVEL=PUBLIC_OPEN|COICOP_1999=_T|COMMON_REFERENCE_PERIOD=2006M12|FREQUENCY=M|IFS_FLAG=true|INDEX_TYPE=CPI|OVERLAP=OL|SCALE=0|SECURITY_CLASSIFICATION=PUB|TYPE_OF_TRANSFORMATION=IX|aggregation=quarterly_mean,\N,"{""aggregation_method"": ""quarterly_mean"", ""source_derivation_types"": [""O"", ""O"", ""O""], ""source_months"": [""2015-M01"", ""2015-M02"", ""2015-M03""], ""source_observation_count"": 3, ""source_series_dimensions"": {""ACCESS_SHARING_LEVEL"": ""PUBLIC_OPEN"", ""COICOP_1999"": ""_T"", ""COMMON_REFERENCE_PERIOD"": ""2006M12"", ""COUNTRY"": ""HUN"", ""FREQUENCY"": ""M"", ""IFS_FLAG"": ""true"", ""INDEX_TYPE"": ""CPI"", ""OVERLAP"": ""OL"", ""SCALE"": ""0"", ""SECURITY_CLASSIFICATION"": ""PUB"", ""TYPE_OF_TRANSFORMATION"": ""IX""}}"
HUN,cpi_index_all_items_quarterly_imf,2015-Q2,quarterly,135.9333333333333,\N,derived,IMF_CPI,IMF|ACCESS_SHARING_LEVEL=PUBLIC_OPEN|COICOP_1999=_T|COMMON_REFERENCE_PERIOD=2006M12|FREQUENCY=M|IFS_FLAG=true|INDEX_TYPE=CPI|OVERLAP=OL|SCALE=0|SECURITY_CLASSIFICATION=PUB|TYPE_OF_TRANSFORMATION=IX|aggregation=quarterly_mean,\N,"{""aggregation_method"": ""quarterly_mean"", ""source_derivation_types"": [""O"", ""O"", ""O""], ""source_months"": [""2015-M04"", ""2015-M05"", ""2015-M06""], ""source_observation_count"": 3, ""source_series_dimensions"": {""ACCESS_SHARING_LEVEL"": ""PUBLIC_OPEN"", ""COICOP_1999"": ""_T"", ""COMMON_REFERENCE_PERIOD"": ""2006M12"", ""COUNTRY"": ""HUN"", ""FREQUENCY"": ""M"", ""IFS_FLAG"": ""true"", ""INDEX_TYPE"": ""CPI"", ""OVERLAP"": ""OL"", ""SCALE"": ""0"", ""SECURITY_CLASSIFICATION"": ""PUB"", ""TYPE_OF_TRANSFORMATION"": ""IX""}}"
HUN,cpi_index_all_items_quarterly_imf,2015-Q3,quarterly,135.56666666666666,\N,derived,IMF_CPI,IMF|ACCESS_SHARING_LEVEL=PUBLIC_OPEN|COICOP_1999=_T|COMMON_REFERENCE_PERIOD=2006M12|FREQUENCY=M|IFS_FLAG=true|INDEX_TYPE=CPI|OVERLAP=OL|SCALE=0|SECURITY_CLASSIFICATION=PUB|TYPE_OF_TRANSFORMATION=IX|aggregation=quarterly_mean,\N,"{""aggregation_method"": ""quarterly_mean"", ""source_derivation_types"": [""O"", ""O"", ""O""], ""source_months"": [""2015-M07"", ""2015-M08"", ""2015-M09""], ""source_observation_count"": 3, ""source_series_dimensions"": {""ACCESS_SHARING_LEVEL"": ""PUBLIC_OPEN"", ""COICOP_1999"": ""_T"", ""COMMON_REFERENCE_PERIOD"": ""2006M12"", ""COUNTRY"": ""HUN"", ""FREQUENCY"": ""M"", ""IFS_FLAG"": ""true"", ""INDEX_TYPE"": ""CPI"", ""OVERLAP"": ""OL"", ""SCALE"": ""0"", ""SECURITY_CLASSIFICATION"": ""PUB"", ""TYPE_OF_TRANSFORMATION"": ""IX""}}"
HUN,cpi_index_all_items_quarterly_imf,2015-Q4,quarterly,134.96666666666667,\N,derived,IMF_CPI,IMF|ACCESS_SHARING_LEVEL=PUBLIC_OPEN|COICOP_1999=_T|COMMON_REFERENCE_PERIOD=2006M12|FREQUENCY=M|IFS_FLAG=true|INDEX_TYPE=CPI|OVERLAP=OL|SCALE=0|SECURITY_CLASSIFICATION=PUB|TYPE_OF_TRANSFORMATION=IX|aggregation=quarterly_mean,\N,"{""aggregation_method"": ""quarterly_mean"", ""source_derivation_types"": [""O"", ""O"", ""O""], ""source_months"": [""2015-M10"", ""2015-M11"", ""2015-M12""], ""source_observation_count"": 3, ""source_series_dimensions"": {""ACCESS_SHARING_LEVEL"": ""PUBLIC_OPEN"", ""COICOP_1999"": ""_T"", ""COMMON_REFERENCE_PERIOD"": ""2006M12"", ""COUNTRY"": ""HUN"", ""FREQUENCY"": ""M"", ""IFS_FLAG"": ""true"", ""INDEX_TYPE"": ""CPI"", ""OVERLAP"": ""OL"", ""SCALE"": ""0"", ""SECURITY_CLASSIFICATION"": ""PUB"", ""TYPE_OF_TRANSFORMATION"": ""IX""}}"
IDN,cpi_index_all_items_quarterly_imf,2015-Q1,quarterly,79.95557666666666,\N,derived,IMF_CPI,IMF|ACCESS_SHARING_LEVEL=PUBLIC_OPEN|COICOP_1999=_T|COMMON_REFERENCE_PERIOD=2022A|FREQUENCY=M|IFS_FLAG=true|INDEX_TYPE=CPI|OVERLAP=OL|SCALE=0|SECURITY_CLASSIFICATION=PUB|TYPE_OF_TRANSFORMATION=IX|aggregation=quarterly_mean,\N,"{""aggregation_method"": ""quarterly_mean"", ""source_derivation_types"": [""O"", ""O"", ""O""], ""source_months"": [""2015-M01"", ""2015-M02"", ""2015-M03""], ""source_observation_count"": 3, ""source_series_dimensions"": {""ACCESS_SHARING_LEVEL"": ""PUBLIC_OPEN"", ""COICOP_1999"": ""_T"", ""COMMON_REFERENCE_PERIOD"": ""2022A"", ""COUNTRY"": ""IDN"", ""FREQUENCY"": ""M"", ""IFS_FLAG"": ""true"", ""INDEX_TYPE"": ""CPI"", ""OVERLAP"": ""OL"", ""SCALE"": ""0"", ""SECURITY_CLASSIFICATION"": ""PUB"", ""TYPE_OF_TRANSFORMATION"": ""IX""}}"
IDN,cpi_index_all_items_quarterly_imf,2015-Q2,quarterly,80.64836333333334,\N,derived,IMF_CPI,IMF|ACCESS_SHARING_LEVEL=PUBLIC_OPEN|COICOP_1999=_T|COMMON_REFERENCE_PERIOD=2022A|FREQUENCY=M|IFS_FLAG=true|INDEX_TYPE=CPI|OVERLAP=OL|SCALE=0|SECURITY_CLASSIFICATION=PUB|TYPE_OF_TRANSFORMATION=IX|aggregation=quarterly_mean,\N,"{""aggregation_method"": ""quarterly_mean"", ""source_derivation_types"": [""O"", ""O"", ""O""], ""source_months"": [""2015-M04"", ""2015-M05"", ""2015-M06""], ""source_observation_count"": 3, ""source_series_dimensions"": {""ACCESS_SHARING_LEVEL"": ""PUBLIC_OPEN"", ""COICOP_1999"": ""_T"", ""COMMON_REFERENCE_PERIOD"": ""2022A"", ""COUNTRY"": ""IDN"", ""FREQUENCY"": ""M"", ""IFS_FLAG"": ""true"", ""INDEX_TYPE"": ""CPI"", ""OVERLAP"": ""OL"", ""SCALE"": ""0"", ""SECURITY_CLASSIFICATION"": ""PUB"", ""TYPE_OF_TRANSFORMATION"": ""IX""}}"
IDN,cpi_index_all_items_quarterly_imf,2015-Q3,quarterly,82.02267666666667,\N,derived,IMF_CPI,IMF|ACCESS_SHARING_LEVEL=PUBLIC_OPEN|COICOP_1999=_T|COMMON_REFERENCE_PERIOD=2022A|FREQUENCY=M|IFS_FLAG=true|INDEX_TYPE=CPI|OVERLAP=OL|SCALE=0|SECURITY_CLASSIFICATION=PUB|TYPE_OF_TRANSFORMATION=IX|aggregation=quarterly_mean,\N,"{""aggregation_method"": ""quarterly_mean"", ""source_derivation_types"": [""O"", ""O"", ""O""], ""source_months"": [""2015-M07"", ""2015-M08"", ""2015-M09""], ""source_observation_count"": 3, ""source_series_dimensions"": {""ACCESS_SHARING_LEVEL"": ""PUBLIC_OPEN"", ""COICOP_1999"": ""_T"", ""COMMON_REFERENCE_PERIOD"": ""2022A"", ""COUNTRY"": ""IDN"", ""FREQUENCY"": ""M"", ""IFS_FLAG"": ""true"", ""INDEX_TYPE"": ""CPI"", ""OVERLAP"": ""OL"", ""SCALE"": ""0"", ""SECURITY_CLASSIFICATION"": ""PUB"", ""TYPE_OF_TRANSFORMATION"": ""IX""}}"
IDN,cpi_index_all_items_quarterly_imf,2015-Q4,quarterly,82.40955333333333,\N,derived,IMF_CPI,IMF|ACCESS_SHARING_LEVEL=PUBLIC_OPEN|COICOP_1999=_T|COMMON_REFERENCE_PERIOD=2022A|FREQUENCY=M|IFS_FLAG=true|INDEX_TYPE=CPI|OVERLAP=OL|SCALE=0|SECURITY_CLASSIFICATION=PUB|TYPE_OF_TRANSFORMATION=IX|aggregation=quarterly_mean,\N,"{""aggregation_method"": ""quarterly_mean"", ""source_derivation_types"": [""O"", ""O"", ""O""], ""source_months"": [""2015-M10"", ""2015-M11"", ""2015-M12""], ""source_observation_count"": 3, ""source_series_dimensions"": {""ACCESS_SHARING_LEVEL"": ""PUBLIC_OPEN"", ""COICOP_1999"": ""_T"", ""COMMON_REFERENCE_PERIOD"": ""2022A"", ""COUNTRY"": ""IDN"", ""FREQUENCY"": ""M"", ""IFS_FLAG"": ""true"", ""INDEX_TYPE"": ""CPI"", ""OVERLAP"": ""OL"", ""SCALE"": ""0"", ""SECURITY_CLASSIFICATION"": ""PUB"", ""TYPE_OF_TRANSFORMATION"": ""IX""}}"
IND,cpi_index_all_items_quarterly_imf,2015-Q1,quarterly,62.9786246122027,\N,derived,IMF_CPI,IMF|ACCESS_SHARING_LEVEL=PUBLIC_OPEN|COICOP_1999=_T|COMMON_REFERENCE_PERIOD=2024A|FREQUENCY=M|IFS_FLAG=true|INDEX_TYPE=CPI|OVERLAP=OL|SCALE=0|SECURITY_CLASSIFICATION=PUB|TYPE_OF_TRANSFORMATION=IX|aggregation=quarterly_mean,\N,"{""aggregation_method"": ""quarterly_mean"", ""source_derivation_types"": [""O"", ""O"", ""O""], ""source_months"": [""2015-M01"", ""2015-M02"", ""2015-M03""], ""source_observation_count"": 3, ""source_series_dimensions"": {""ACCESS_SHARING_LEVEL"": ""PUBLIC_OPEN"", ""COICOP_1999"": ""_T"", ""COMMON_REFERENCE_PERIOD"": ""2024A"", ""COUNTRY"": ""IND"", ""FREQUENCY"": ""M"", ""IFS_FLAG"": ""true"", ""INDEX_TYPE"": ""CPI"", ""OVERLAP"": ""OL"", ""SCALE"": ""0"", ""SECURITY_CLASSIFICATION"": ""PUB"", ""TYPE_OF_TRANSFORMATION"": ""IX""}}"
IND,cpi_index_all_items_quarterly_imf,2015-Q2,quarterly,64.0124974146846,\N,derived,IMF_CPI,IMF|ACCESS_SHARING_LEVEL=PUBLIC_OPEN|COICOP_1999=_T|COMMON_REFERENCE_PERIOD=2024A|FREQUENCY=M|IFS_FLAG=true|INDEX_TYPE=CPI|OVERLAP=OL|SCALE=0|SECURITY_CLASSIFICATION=PUB|TYPE_OF_TRANSFORMATION=IX|aggregation=quarterly_mean,\N,"{""aggregation_method"": ""quarterly_mean"", ""source_derivation_types"": [""O"", ""O"", ""O""], ""source_months"": [""2015-M04"", ""2015-M05"", ""2015-M06""], ""source_observation_count"": 3, ""source_series_dimensions"": {""ACCESS_SHARING_LEVEL"": ""PUBLIC_OPEN"", ""COICOP_1999"": ""_T"", ""COMMON_REFERENCE_PERIOD"": ""2024A"", ""COUNTRY"": ""IND"", ""FREQUENCY"": ""M"", ""IFS_FLAG"": ""true"", ""INDEX_TYPE"": ""CPI"", ""OVERLAP"": ""OL"", ""SCALE"": ""0"", ""SECURITY_CLASSIFICATION"": ""PUB"", ""TYPE_OF_TRANSFORMATION"": ""IX""}}"
IND,cpi_index_all_items_quarterly_imf,2015-Q3,quarterly,65.50197518097208,\N,derived,IMF_CPI,IMF|ACCESS_SHARING_LEVEL=PUBLIC_OPEN|COICOP_1999=_T|COMMON_REFERENCE_PERIOD=2024A|FREQUENCY=M|IFS_FLAG=true|INDEX_TYPE=CPI|OVERLAP=OL|SCALE=0|SECURITY_CLASSIFICATION=PUB|TYPE_OF_TRANSFORMATION=IX|aggregation=quarterly_mean,\N,"{""aggregation_method"": ""quarterly_mean"", ""source_derivation_types"": [""O"", ""O"", ""O""], ""source_months"": [""2015-M07"", ""2015-M08"", ""2015-M09""], ""source_observation_count"": 3, ""source_series_dimensions"": {""ACCESS_SHARING_LEVEL"": ""PUBLIC_OPEN"", ""COICOP_1999"": ""_T"", ""COMMON_REFERENCE_PERIOD"": ""2024A"", ""COUNTRY"": ""IND"", ""FREQUENCY"": ""M"", ""IFS_FLAG"": ""true"", ""INDEX_TYPE"": ""CPI"", ""OVERLAP"": ""OL"", ""SCALE"": ""0"", ""SECURITY_CLASSIFICATION"": ""PUB"", ""TYPE_OF_TRANSFORMATION"": ""IX""}}"
IND,cpi_index_all_items_quarterly_imf,2015-Q4,quarterly,66.37813857290591,\N,derived,IMF_CPI,IMF|ACCESS_SHARING_LEVEL=PUBLIC_OPEN|COICOP_1999=_T|COMMON_REFERENCE_PERIOD=2024A|FREQUENCY=M|IFS_FLAG=true|INDEX_TYPE=CPI|OVERLAP=OL|SCALE=0|SECURITY_CLASSIFICATION=PUB|TYPE_OF_TRANSFORMATION=IX|aggregation=quarterly_mean,\N,"{""aggregation_method"": ""quarterly_mean"", ""source_derivation_types"": [""O"", ""O"", ""O""], ""source_months"": [""2015-M10"", ""2015-M11"", ""2015-M12""], ""source_observation_count"": 3, ""source_series_dimensions"": {""ACCESS_SHARING_LEVEL"": ""PUBLIC_OPEN"", ""COICOP_1999"": ""_T"", ""COMMON_REFERENCE_PERIOD"": ""2024A"", ""COUNTRY"": ""IND"", ""FREQUENCY"": ""M"", ""IFS_FLAG"": ""true"", ""INDEX_TYPE"": ""CPI"", ""OVERLAP"": ""OL"", ""SCALE"": ""0"", ""SECURITY_CLASSIFICATION"": ""PUB"", ""TYPE_OF_TRANSFORMATION"": ""IX""}}"
IRL,cpi_index_all_items_quarterly_imf,2015-Q1,quarterly,82.3,\N,derived,IMF_CPI,IMF|ACCESS_SHARING_LEVEL=PUBLIC_OPEN|COICOP_1999=_T|COMMON_REFERENCE_PERIOD=2023M12|FREQUENCY=M|IFS_FLAG=true|INDEX_TYPE=CPI|OVERLAP=OL|SCALE=0|SECURITY_CLASSIFICATION=PUB|TYPE_OF_TRANSFORMATION=IX|aggregation=quarterly_mean,\N,"{""aggregation_method"": ""quarterly_mean"", ""source_derivation_types"": [""O"", ""O"", ""O""], ""source_months"": [""2015-M01"", ""2015-M02"", ""2015-M03""], ""source_observation_count"": 3, ""source_series_dimensions"": {""ACCESS_SHARING_LEVEL"": ""PUBLIC_OPEN"", ""COICOP_1999"": ""_T"", ""COMMON_REFERENCE_PERIOD"": ""2023M12"", ""COUNTRY"": ""IRL"", ""FREQUENCY"": ""M"", ""IFS_FLAG"": ""true"", ""INDEX_TYPE"": ""CPI"", ""OVERLAP"": ""OL"", ""SCALE"": ""0"", ""SECURITY_CLASSIFICATION"": ""PUB"", ""TYPE_OF_TRANSFORMATION"": ""IX""}}"
IRL,cpi_index_all_items_quarterly_imf,2015-Q2,quarterly,83.06666666666666,\N,derived,IMF_CPI,IMF|ACCESS_SHARING_LEVEL=PUBLIC_OPEN|COICOP_1999=_T|COMMON_REFERENCE_PERIOD=2023M12|FREQUENCY=M|IFS_FLAG=true|INDEX_TYPE=CPI|OVERLAP=OL|SCALE=0|SECURITY_CLASSIFICATION=PUB|TYPE_OF_TRANSFORMATION=IX|aggregation=quarterly_mean,\N,"{""aggregation_method"": ""quarterly_mean"", ""source_derivation_types"": [""O"", ""O"", ""O""], ""source_months"": [""2015-M04"", ""2015-M05"", ""2015-M06""], ""source_observation_count"": 3, ""source_series_dimensions"": {""ACCESS_SHARING_LEVEL"": ""PUBLIC_OPEN"", ""COICOP_1999"": ""_T"", ""COMMON_REFERENCE_PERIOD"": ""2023M12"", ""COUNTRY"": ""IRL"", ""FREQUENCY"": ""M"", ""IFS_FLAG"": ""true"", ""INDEX_TYPE"": ""CPI"", ""OVERLAP"": ""OL"", ""SCALE"": ""0"", ""SECURITY_CLASSIFICATION"": ""PUB"", ""TYPE_OF_TRANSFORMATION"": ""IX""}}"
IRL,cpi_index_all_items_quarterly_imf,2015-Q3,quarterly,83.2,\N,derived,IMF_CPI,IMF|ACCESS_SHARING_LEVEL=PUBLIC_OPEN|COICOP_1999=_T|COMMON_REFERENCE_PERIOD=2023M12|FREQUENCY=M|IFS_FLAG=true|INDEX_TYPE=CPI|OVERLAP=OL|SCALE=0|SECURITY_CLASSIFICATION=PUB|TYPE_OF_TRANSFORMATION=IX|aggregation=quarterly_mean,\N,"{""aggregation_method"": ""quarterly_mean"", ""source_derivation_types"": [""O"", ""O"", ""O""], ""source_months"": [""2015-M07"", ""2015-M08"", ""2015-M09""], ""source_observation_count"": 3, ""source_series_dimensions"": {""ACCESS_SHARING_LEVEL"": ""PUBLIC_OPEN"", ""COICOP_1999"": ""_T"", ""COMMON_REFERENCE_PERIOD"": ""2023M12"", ""COUNTRY"": ""IRL"", ""FREQUENCY"": ""M"", ""IFS_FLAG"": ""true"", ""INDEX_TYPE"": ""CPI"", ""OVERLAP"": ""OL"", ""SCALE"": ""0"", ""SECURITY_CLASSIFICATION"": ""PUB"", ""TYPE_OF_TRANSFORMATION"": ""IX""}}"
IRL,cpi_index_all_items_quarterly_imf,2015-Q4,quarterly,82.7,\N,derived,IMF_CPI,IMF|ACCESS_SHARING_LEVEL=PUBLIC_OPEN|COICOP_1999=_T|COMMON_REFERENCE_PERIOD=2023M12|FREQUENCY=M|IFS_FLAG=true|INDEX_TYPE=CPI|OVERLAP=OL|SCALE=0|SECURITY_CLASSIFICATION=PUB|TYPE_OF_TRANSFORMATION=IX|aggregation=quarterly_mean,\N,"{""aggregation_method"": ""quarterly_mean"", ""source_derivation_types"": [""O"", ""O"", ""O""], ""source_months"": [""2015-M10"", ""2015-M11"", ""2015-M12""], ""source_observation_count"": 3, ""source_series_dimensions"": {""ACCESS_SHARING_LEVEL"": ""PUBLIC_OPEN"", ""COICOP_1999"": ""_T"", ""COMMON_REFERENCE_PERIOD"": ""2023M12"", ""COUNTRY"": ""IRL"", ""FREQUENCY"": ""M"", ""IFS_FLAG"": ""true"", ""INDEX_TYPE"": ""CPI"", ""OVERLAP"": ""OL"", ""SCALE"": ""0"", ""SECURITY_CLASSIFICATION"": ""PUB"", ""TYPE_OF_TRANSFORMATION"": ""IX""}}"
IRN,cpi_index_all_items_quarterly_imf,2015-Q1,quarterly,24.67321671787428,\N,derived,IMF_CPI,IMF|ACCESS_SHARING_LEVEL=PUBLIC_OPEN|COICOP_1999=_T|COMMON_REFERENCE_PERIOD=2021A|FREQUENCY=M|IFS_FLAG=true|INDEX_TYPE=CPI|OVERLAP=OL|SCALE=0|SECURITY_CLASSIFICATION=PUB|TYPE_OF_TRANSFORMATION=IX|aggregation=quarterly_mean,\N,"{""aggregation_method"": ""quarterly_mean"", ""source_derivation_types"": [""O"", ""O"", ""O""], ""source_months"": [""2015-M01"", ""2015-M02"", ""2015-M03""], ""source_observation_count"": 3, ""source_series_dimensions"": {""ACCESS_SHARING_LEVEL"": ""PUBLIC_OPEN"", ""COICOP_1999"": ""_T"", ""COMMON_REFERENCE_PERIOD"": ""2021A"", ""COUNTRY"": ""IRN"", ""FREQUENCY"": ""M"", ""IFS_FLAG"": ""true"", ""INDEX_TYPE"": ""CPI"", ""OVERLAP"": ""OL"", ""SCALE"": ""0"", ""SECURITY_CLASSIFICATION"": ""PUB"", ""TYPE_OF_TRANSFORMATION"": ""IX""}}"
IRN,cpi_index_all_items_quarterly_imf,2015-Q2,quarterly,25.257794046692734,\N,derived,IMF_CPI,IMF|ACCESS_SHARING_LEVEL=PUBLIC_OPEN|COICOP_1999=_T|COMMON_REFERENCE_PERIOD=2021A|FREQUENCY=M|IFS_FLAG=true|INDEX_TYPE=CPI|OVERLAP=OL|SCALE=0|SECURITY_CLASSIFICATION=PUB|TYPE_OF_TRANSFORMATION=IX|aggregation=quarterly_mean,\N,"{""aggregation_method"": ""quarterly_mean"", ""source_derivation_types"": [""O"", ""O"", ""O""], ""source_months"": [""2015-M04"", ""2015-M05"", ""2015-M06""], ""source_observation_count"": 3, ""source_series_dimensions"": {""ACCESS_SHARING_LEVEL"": ""PUBLIC_OPEN"", ""COICOP_1999"": ""_T"", ""COMMON_REFERENCE_PERIOD"": ""2021A"", ""COUNTRY"": ""IRN"", ""FREQUENCY"": ""M"", ""IFS_FLAG"": ""true"", ""INDEX_TYPE"": ""CPI"", ""OVERLAP"": ""OL"", ""SCALE"": ""0"", ""SECURITY_CLASSIFICATION"": ""PUB"", ""TYPE_OF_TRANSFORMATION"": ""IX""}}"
IRN,cpi_index_all_items_quarterly_imf,2015-Q3,quarterly,25.952554005707537,\N,derived,IMF_CPI,IMF|ACCESS_SHARING_LEVEL=PUBLIC_OPEN|COICOP_1999=_T|COMMON_REFERENCE_PERIOD=2021A|FREQUENCY=M|IFS_FLAG=true|INDEX_TYPE=CPI|OVERLAP=OL|SCALE=0|SECURITY_CLASSIFICATION=PUB|TYPE_OF_TRANSFORMATION=IX|aggregation=quarterly_mean,\N,"{""aggregation_method"": ""quarterly_mean"", ""source_derivation_types"": [""O"", ""O"", ""O""], ""source_months"": [""2015-M07"", ""2015-M08"", ""2015-M09""], ""source_observation_count"": 3, ""source_series_dimensions"": {""ACCESS_SHARING_LEVEL"": ""PUBLIC_OPEN"", ""COICOP_1999"": ""_T"", ""COMMON_REFERENCE_PERIOD"": ""2021A"", ""COUNTRY"": ""IRN"", ""FREQUENCY"": ""M"", ""IFS_FLAG"": ""true"", ""INDEX_TYPE"": ""CPI"", ""OVERLAP"": ""OL"", ""SCALE"": ""0"", ""SECURITY_CLASSIFICATION"": ""PUB"", ""TYPE_OF_TRANSFORMATION"": ""IX""}}"
IRN,cpi_index_all_items_quarterly_imf,2015-Q4,quarterly,26.512606063253326,\N,derived,IMF_CPI,IMF|ACCESS_SHARING_LEVEL=PUBLIC_OPEN|COICOP_1999=_T|COMMON_REFERENCE_PERIOD=2021A|FREQUENCY=M|IFS_FLAG=true|INDEX_TYPE=CPI|OVERLAP=OL|SCALE=0|SECURITY_CLASSIFICATION=PUB|TYPE_OF_TRANSFORMATION=IX|aggregation=quarterly_mean,\N,"{""aggregation_method"": ""quarterly_mean"", ""source_derivation_types"": [""O"", ""O"", ""O""], ""source_months"": [""2015-M10"", ""2015-M11"", ""2015-M12""], ""source_observation_count"": 3, ""source_series_dimensions"": {""ACCESS_SHARING_LEVEL"": ""PUBLIC_OPEN"", ""COICOP_1999"": ""_T"", ""COMMON_REFERENCE_PERIOD"": ""2021A"", ""COUNTRY"": ""IRN"", ""FREQUENCY"": ""M"", ""IFS_FLAG"": ""true"", ""INDEX_TYPE"": ""CPI"", ""OVERLAP"": ""OL"", ""SCALE"": ""0"", ""SECURITY_CLASSIFICATION"": ""PUB"", ""TYPE_OF_TRANSFORMATION"": ""IX""}}"
IRQ,cpi_index_all_items_quarterly_imf,2015-Q1,quarterly,87.41432193304705,\N,derived,IMF_CPI,IMF|ACCESS_SHARING_LEVEL=PUBLIC_OPEN|COICOP_1999=_T|COMMON_REFERENCE_PERIOD=2022A|FREQUENCY=M|IFS_FLAG=true|INDEX_TYPE=CPI|OVERLAP=OL|SCALE=0|SECURITY_CLASSIFICATION=PUB|TYPE_OF_TRANSFORMATION=IX|aggregation=quarterly_mean,\N,"{""aggregation_method"": ""quarterly_mean"", ""source_derivation_types"": [""O"", ""O"", ""O""], ""source_months"": [""2015-M01"", ""2015-M02"", ""2015-M03""], ""source_observation_count"": 3, ""source_series_dimensions"": {""ACCESS_SHARING_LEVEL"": ""PUBLIC_OPEN"", ""COICOP_1999"": ""_T"", ""COMMON_REFERENCE_PERIOD"": ""2022A"", ""COUNTRY"": ""IRQ"", ""FREQUENCY"": ""M"", ""IFS_FLAG"": ""true"", ""INDEX_TYPE"": ""CPI"", ""OVERLAP"": ""OL"", ""SCALE"": ""0"", ""SECURITY_CLASSIFICATION"": ""PUB"", ""TYPE_OF_TRANSFORMATION"": ""IX""}}"
IRQ,cpi_index_all_items_quarterly_imf,2015-Q2,quarterly,87.89286749107465,\N,derived,IMF_CPI,IMF|ACCESS_SHARING_LEVEL=PUBLIC_OPEN|COICOP_1999=_T|COMMON_REFERENCE_PERIOD=2022A|FREQUENCY=M|IFS_FLAG=true|INDEX_TYPE=CPI|OVERLAP=OL|SCALE=0|SECURITY_CLASSIFICATION=PUB|TYPE_OF_TRANSFORMATION=IX|aggregation=quarterly_mean,\N,"{""aggregation_method"": ""quarterly_mean"", ""source_derivation_types"": [""O"", ""O"", ""O""], ""source_months"": [""2015-M04"", ""2015-M05"", ""2015-M06""], ""source_observation_count"": 3, ""source_series_dimensions"": {""ACCESS_SHARING_LEVEL"": ""PUBLIC_OPEN"", ""COICOP_1999"": ""_T"", ""COMMON_REFERENCE_PERIOD"": ""2022A"", ""COUNTRY"": ""IRQ"", ""FREQUENCY"": ""M"", ""IFS_FLAG"": ""true"", ""INDEX_TYPE"": ""CPI"", ""OVERLAP"": ""OL"", ""SCALE"": ""0"", ""SECURITY_CLASSIFICATION"": ""PUB"", ""TYPE_OF_TRANSFORMATION"": ""IX""}}"
IRQ,cpi_index_all_items_quarterly_imf,2015-Q3,quarterly,89.1490495808972,\N,derived,IMF_CPI,IMF|ACCESS_SHARING_LEVEL=PUBLIC_OPEN|COICOP_1999=_T|COMMON_REFERENCE_PERIOD=2022A|FREQUENCY=M|IFS_FLAG=true|INDEX_TYPE=CPI|OVERLAP=OL|SCALE=0|SECURITY_CLASSIFICATION=PUB|TYPE_OF_TRANSFORMATION=IX|aggregation=quarterly_mean,\N,"{""aggregation_method"": ""quarterly_mean"", ""source_derivation_types"": [""O"", ""O"", ""O""], ""source_months"": [""2015-M07"", ""2015-M08"", ""2015-M09""], ""source_observation_count"": 3, ""source_series_dimensions"": {""ACCESS_SHARING_LEVEL"": ""PUBLIC_OPEN"", ""COICOP_1999"": ""_T"", ""COMMON_REFERENCE_PERIOD"": ""2022A"", ""COUNTRY"": ""IRQ"", ""FREQUENCY"": ""M"", ""IFS_FLAG"": ""true"", ""INDEX_TYPE"": ""CPI"", ""OVERLAP"": ""OL"", ""SCALE"": ""0"", ""SECURITY_CLASSIFICATION"": ""PUB"", ""TYPE_OF_TRANSFORMATION"": ""IX""}}"
IRQ,cpi_index_all_items_quarterly_imf,2015-Q4,quarterly,89.58771634242252,\N,derived,IMF_CPI,IMF|ACCESS_SHARING_LEVEL=PUBLIC_OPEN|COICOP_1999=_T|COMMON_REFERENCE_PERIOD=2022A|FREQUENCY=M|IFS_FLAG=true|INDEX_TYPE=CPI|OVERLAP=OL|SCALE=0|SECURITY_CLASSIFICATION=PUB|TYPE_OF_TRANSFORMATION=IX|aggregation=quarterly_mean,\N,"{""aggregation_method"": ""quarterly_mean"", ""source_derivation_types"": [""O"", ""O"", ""O""], ""source_months"": [""2015-M10"", ""2015-M11"", ""2015-M12""], ""source_observation_count"": 3, ""source_series_dimensions"": {""ACCESS_SHARING_LEVEL"": ""PUBLIC_OPEN"", ""COICOP_1999"": ""_T"", ""COMMON_REFERENCE_PERIOD"": ""2022A"", ""COUNTRY"": ""IRQ"", ""FREQUENCY"": ""M"", ""IFS_FLAG"": ""true"", ""INDEX_TYPE"": ""CPI"", ""OVERLAP"": ""OL"", ""SCALE"": ""0"", ""SECURITY_CLASSIFICATION"": ""PUB"", ""TYPE_OF_TRANSFORMATION"": ""IX""}}"
ISL,cpi_index_all_items_quarterly_imf,2015-Q1,quarterly,63.46558109292397,\N,derived,IMF_CPI,IMF|ACCESS_SHARING_LEVEL=PUBLIC_OPEN|COICOP_1999=_T|COMMON_REFERENCE_PERIOD=2025M12|FREQUENCY=M|IFS_FLAG=true|INDEX_TYPE=CPI|OVERLAP=OL|SCALE=0|SECURITY_CLASSIFICATION=PUB|TYPE_OF_TRANSFORMATION=IX|aggregation=quarterly_mean,\N,"{""aggregation_method"": ""quarterly_mean"", ""source_derivation_types"": [""O"", ""O"", ""O""], ""source_months"": [""2015-M01"", ""2015-M02"", ""2015-M03""], ""source_observation_count"": 3, ""source_series_dimensions"": {""ACCESS_SHARING_LEVEL"": ""PUBLIC_OPEN"", ""COICOP_1999"": ""_T"", ""COMMON_REFERENCE_PERIOD"": ""2025M12"", ""COUNTRY"": ""ISL"", ""FREQUENCY"": ""M"", ""IFS_FLAG"": ""true"", ""INDEX_TYPE"": ""CPI"", ""OVERLAP"": ""OL"", ""SCALE"": ""0"", ""SECURITY_CLASSIFICATION"": ""PUB"", ""TYPE_OF_TRANSFORMATION"": ""IX""}}"
ISL,cpi_index_all_items_quarterly_imf,2015-Q2,quarterly,64.30896446442202,\N,derived,IMF_CPI,IMF|ACCESS_SHARING_LEVEL=PUBLIC_OPEN|COICOP_1999=_T|COMMON_REFERENCE_PERIOD=2025M12|FREQUENCY=M|IFS_FLAG=true|INDEX_TYPE=CPI|OVERLAP=OL|SCALE=0|SECURITY_CLASSIFICATION=PUB|TYPE_OF_TRANSFORMATION=IX|aggregation=quarterly_mean,\N,"{""aggregation_method"": ""quarterly_mean"", ""source_derivation_types"": [""O"", ""O"", ""O""], ""source_months"": [""2015-M04"", ""2015-M05"", ""2015-M06""], ""source_observation_count"": 3, ""source_series_dimensions"": {""ACCESS_SHARING_LEVEL"": ""PUBLIC_OPEN"", ""COICOP_1999"": ""_T"", ""COMMON_REFERENCE_PERIOD"": ""2025M12"", ""COUNTRY"": ""ISL"", ""FREQUENCY"": ""M"", ""IFS_FLAG"": ""true"", ""INDEX_TYPE"": ""CPI"", ""OVERLAP"": ""OL"", ""SCALE"": ""0"", ""SECURITY_CLASSIFICATION"": ""PUB"", ""TYPE_OF_TRANSFORMATION"": ""IX""}}"
ISL,cpi_index_all_items_quarterly_imf,2015-Q3,quarterly,64.72990699120798,\N,derived,IMF_CPI,IMF|ACCESS_SHARING_LEVEL=PUBLIC_OPEN|COICOP_1999=_T|COMMON_REFERENCE_PERIOD=2025M12|FREQUENCY=M|IFS_FLAG=true|INDEX_TYPE=CPI|OVERLAP=OL|SCALE=0|SECURITY_CLASSIFICATION=PUB|TYPE_OF_TRANSFORMATION=IX|aggregation=quarterly_mean,\N,"{""aggregation_method"": ""quarterly_mean"", ""source_derivation_types"": [""O"", ""O"", ""O""], ""source_months"": [""2015-M07"", ""2015-M08"", ""2015-M09""], ""source_observation_count"": 3, ""source_series_dimensions"": {""ACCESS_SHARING_LEVEL"": ""PUBLIC_OPEN"", ""COICOP_1999"": ""_T"", ""COMMON_REFERENCE_PERIOD"": ""2025M12"", ""COUNTRY"": ""ISL"", ""FREQUENCY"": ""M"", ""IFS_FLAG"": ""true"", ""INDEX_TYPE"": ""CPI"", ""OVERLAP"": ""OL"", ""SCALE"": ""0"", ""SECURITY_CLASSIFICATION"": ""PUB"", ""TYPE_OF_TRANSFORMATION"": ""IX""}}"
ISL,cpi_index_all_items_quarterly_imf,2015-Q4,quarterly,64.63743533203291,\N,derived,IMF_CPI,IMF|ACCESS_SHARING_LEVEL=PUBLIC_OPEN|COICOP_1999=_T|COMMON_REFERENCE_PERIOD=2025M12|FREQUENCY=M|IFS_FLAG=true|INDEX_TYPE=CPI|OVERLAP=OL|SCALE=0|SECURITY_CLASSIFICATION=PUB|TYPE_OF_TRANSFORMATION=IX|aggregation=quarterly_mean,\N,"{""aggregation_method"": ""quarterly_mean"", ""source_derivation_types"": [""O"", ""O"", ""O""], ""source_months"": [""2015-M10"", ""2015-M11"", ""2015-M12""], ""source_observation_count"": 3, ""source_series_dimensions"": {""ACCESS_SHARING_LEVEL"": ""PUBLIC_OPEN"", ""COICOP_1999"": ""_T"", ""COMMON_REFERENCE_PERIOD"": ""2025M12"", ""COUNTRY"": ""ISL"", ""FREQUENCY"": ""M"", ""IFS_FLAG"": ""true"", ""INDEX_TYPE"": ""CPI"", ""OVERLAP"": ""OL"", ""SCALE"": ""0"", ""SECURITY_CLASSIFICATION"": ""PUB"", ""TYPE_OF_TRANSFORMATION"": ""IX""}}"
ISR,cpi_index_all_items_quarterly_imf,2015-Q1,quarterly,86.7,\N,derived,IMF_CPI,IMF|ACCESS_SHARING_LEVEL=PUBLIC_OPEN|COICOP_1999=_T|COMMON_REFERENCE_PERIOD=2024A|FREQUENCY=M|IFS_FLAG=true|INDEX_TYPE=CPI|OVERLAP=OL|SCALE=0|SECURITY_CLASSIFICATION=PUB|TYPE_OF_TRANSFORMATION=IX|aggregation=quarterly_mean,\N,"{""aggregation_method"": ""quarterly_mean"", ""source_derivation_types"": [""O"", ""O"", ""O""], ""source_months"": [""2015-M01"", ""2015-M02"", ""2015-M03""], ""source_observation_count"": 3, ""source_series_dimensions"": {""ACCESS_SHARING_LEVEL"": ""PUBLIC_OPEN"", ""COICOP_1999"": ""_T"", ""COMMON_REFERENCE_PERIOD"": ""2024A"", ""COUNTRY"": ""ISR"", ""FREQUENCY"": ""M"", ""IFS_FLAG"": ""true"", ""INDEX_TYPE"": ""CPI"", ""OVERLAP"": ""OL"", ""SCALE"": ""0"", ""SECURITY_CLASSIFICATION"": ""PUB"", ""TYPE_OF_TRANSFORMATION"": ""IX""}}"
ISR,cpi_index_all_items_quarterly_imf,2015-Q2,quarterly,87.40000000000002,\N,derived,IMF_CPI,IMF|ACCESS_SHARING_LEVEL=PUBLIC_OPEN|COICOP_1999=_T|COMMON_REFERENCE_PERIOD=2024A|FREQUENCY=M|IFS_FLAG=true|INDEX_TYPE=CPI|OVERLAP=OL|SCALE=0|SECURITY_CLASSIFICATION=PUB|TYPE_OF_TRANSFORMATION=IX|aggregation=quarterly_mean,\N,"{""aggregation_method"": ""quarterly_mean"", ""source_derivation_types"": [""O"", ""O"", ""O""], ""source_months"": [""2015-M04"", ""2015-M05"", ""2015-M06""], ""source_observation_count"": 3, ""source_series_dimensions"": {""ACCESS_SHARING_LEVEL"": ""PUBLIC_OPEN"", ""COICOP_1999"": ""_T"", ""COMMON_REFERENCE_PERIOD"": ""2024A"", ""COUNTRY"": ""ISR"", ""FREQUENCY"": ""M"", ""IFS_FLAG"": ""true"", ""INDEX_TYPE"": ""CPI"", ""OVERLAP"": ""OL"", ""SCALE"": ""0"", ""SECURITY_CLASSIFICATION"": ""PUB"", ""TYPE_OF_TRANSFORMATION"": ""IX""}}"
ISR,cpi_index_all_items_quarterly_imf,2015-Q3,quarterly,87.56666666666666,\N,derived,IMF_CPI,IMF|ACCESS_SHARING_LEVEL=PUBLIC_OPEN|COICOP_1999=_T|COMMON_REFERENCE_PERIOD=2024A|FREQUENCY=M|IFS_FLAG=true|INDEX_TYPE=CPI|OVERLAP=OL|SCALE=0|SECURITY_CLASSIFICATION=PUB|TYPE_OF_TRANSFORMATION=IX|aggregation=quarterly_mean,\N,"{""aggregation_method"": ""quarterly_mean"", ""source_derivation_types"": [""O"", ""O"", ""O""], ""source_months"": [""2015-M07"", ""2015-M08"", ""2015-M09""], ""source_observation_count"": 3, ""source_series_dimensions"": {""ACCESS_SHARING_LEVEL"": ""PUBLIC_OPEN"", ""COICOP_1999"": ""_T"", ""COMMON_REFERENCE_PERIOD"": ""2024A"", ""COUNTRY"": ""ISR"", ""FREQUENCY"": ""M"", ""IFS_FLAG"": ""true"", ""INDEX_TYPE"": ""CPI"", ""OVERLAP"": ""OL"", ""SCALE"": ""0"", ""SECURITY_CLASSIFICATION"": ""PUB"", ""TYPE_OF_TRANSFORMATION"": ""IX""}}"
ISR,cpi_index_all_items_quarterly_imf,2015-Q4,quarterly,87.13333333333333,\N,derived,IMF_CPI,IMF|ACCESS_SHARING_LEVEL=PUBLIC_OPEN|COICOP_1999=_T|COMMON_REFERENCE_PERIOD=2024A|FREQUENCY=M|IFS_FLAG=true|INDEX_TYPE=CPI|OVERLAP=OL|SCALE=0|SECURITY_CLASSIFICATION=PUB|TYPE_OF_TRANSFORMATION=IX|aggregation=quarterly_mean,\N,"{""aggregation_method"": ""quarterly_mean"", ""source_derivation_types"": [""O"", ""O"", ""O""], ""source_months"": [""2015-M10"", ""2015-M11"", ""2015-M12""], ""source_observation_count"": 3, ""source_series_dimensions"": {""ACCESS_SHARING_LEVEL"": ""PUBLIC_OPEN"", ""COICOP_1999"": ""_T"", ""COMMON_REFERENCE_PERIOD"": ""2024A"", ""COUNTRY"": ""ISR"", ""FREQUENCY"": ""M"", ""IFS_FLAG"": ""true"", ""INDEX_TYPE"": ""CPI"", ""OVERLAP"": ""OL"", ""SCALE"": ""0"", ""SECURITY_CLASSIFICATION"": ""PUB"", ""TYPE_OF_TRANSFORMATION"": ""IX""}}"
ITA,cpi_index_all_items_quarterly_imf,2015-Q1,quarterly,81.26260666666667,\N,derived,IMF_CPI,IMF|ACCESS_SHARING_LEVEL=PUBLIC_OPEN|COICOP_1999=_T|COMMON_REFERENCE_PERIOD=2025A|FREQUENCY=M|IFS_FLAG=true|INDEX_TYPE=CPI|OVERLAP=OL|SCALE=0|SECURITY_CLASSIFICATION=PUB|TYPE_OF_TRANSFORMATION=IX|aggregation=quarterly_mean,\N,"{""aggregation_method"": ""quarterly_mean"", ""source_derivation_types"": [""O"", ""O"", ""O""], ""source_months"": [""2015-M01"", ""2015-M02"", ""2015-M03""], ""source_observation_count"": 3, ""source_series_dimensions"": {""ACCESS_SHARING_LEVEL"": ""PUBLIC_OPEN"", ""COICOP_1999"": ""_T"", ""COMMON_REFERENCE_PERIOD"": ""2025A"", ""COUNTRY"": ""ITA"", ""FREQUENCY"": ""M"", ""IFS_FLAG"": ""true"", ""INDEX_TYPE"": ""CPI"", ""OVERLAP"": ""OL"", ""SCALE"": ""0"", ""SECURITY_CLASSIFICATION"": ""PUB"", ""TYPE_OF_TRANSFORMATION"": ""IX""}}"
ITA,cpi_index_all_items_quarterly_imf,2015-Q2,quarterly,81.66727333333334,\N,derived,IMF_CPI,IMF|ACCESS_SHARING_LEVEL=PUBLIC_OPEN|COICOP_1999=_T|COMMON_REFERENCE_PERIOD=2025A|FREQUENCY=M|IFS_FLAG=true|INDEX_TYPE=CPI|OVERLAP=OL|SCALE=0|SECURITY_CLASSIFICATION=PUB|TYPE_OF_TRANSFORMATION=IX|aggregation=quarterly_mean,\N,"{""aggregation_method"": ""quarterly_mean"", ""source_derivation_types"": [""O"", ""O"", ""O""], ""source_months"": [""2015-M04"", ""2015-M05"", ""2015-M06""], ""source_observation_count"": 3, ""source_series_dimensions"": {""ACCESS_SHARING_LEVEL"": ""PUBLIC_OPEN"", ""COICOP_1999"": ""_T"", ""COMMON_REFERENCE_PERIOD"": ""2025A"", ""COUNTRY"": ""ITA"", ""FREQUENCY"": ""M"", ""IFS_FLAG"": ""true"", ""INDEX_TYPE"": ""CPI"", ""OVERLAP"": ""OL"", ""SCALE"": ""0"", ""SECURITY_CLASSIFICATION"": ""PUB"", ""TYPE_OF_TRANSFORMATION"": ""IX""}}"
ITA,cpi_index_all_items_quarterly_imf,2015-Q3,quarterly,81.71785999999999,\N,derived,IMF_CPI,IMF|ACCESS_SHARING_LEVEL=PUBLIC_OPEN|COICOP_1999=_T|COMMON_REFERENCE_PERIOD=2025A|FREQUENCY=M|IFS_FLAG=true|INDEX_TYPE=CPI|OVERLAP=OL|SCALE=0|SECURITY_CLASSIFICATION=PUB|TYPE_OF_TRANSFORMATION=IX|aggregation=quarterly_mean,\N,"{""aggregation_method"": ""quarterly_mean"", ""source_derivation_types"": [""O"", ""O"", ""O""], ""source_months"": [""2015-M07"", ""2015-M08"", ""2015-M09""], ""source_observation_count"": 3, ""source_series_dimensions"": {""ACCESS_SHARING_LEVEL"": ""PUBLIC_OPEN"", ""COICOP_1999"": ""_T"", ""COMMON_REFERENCE_PERIOD"": ""2025A"", ""COUNTRY"": ""ITA"", ""FREQUENCY"": ""M"", ""IFS_FLAG"": ""true"", ""INDEX_TYPE"": ""CPI"", ""OVERLAP"": ""OL"", ""SCALE"": ""0"", ""SECURITY_CLASSIFICATION"": ""PUB"", ""TYPE_OF_TRANSFORMATION"": ""IX""}}"
ITA,cpi_index_all_items_quarterly_imf,2015-Q4,quarterly,81.51552666666667,\N,derived,IMF_CPI,IMF|ACCESS_SHARING_LEVEL=PUBLIC_OPEN|COICOP_1999=_T|COMMON_REFERENCE_PERIOD=2025A|FREQUENCY=M|IFS_FLAG=true|INDEX_TYPE=CPI|OVERLAP=OL|SCALE=0|SECURITY_CLASSIFICATION=PUB|TYPE_OF_TRANSFORMATION=IX|aggregation=quarterly_mean,\N,"{""aggregation_method"": ""quarterly_mean"", ""source_derivation_types"": [""O"", ""O"", ""O""], ""source_months"": [""2015-M10"", ""2015-M11"", ""2015-M12""], ""source_observation_count"": 3, ""source_series_dimensions"": {""ACCESS_SHARING_LEVEL"": ""PUBLIC_OPEN"", ""COICOP_1999"": ""_T"", ""COMMON_REFERENCE_PERIOD"": ""2025A"", ""COUNTRY"": ""ITA"", ""FREQUENCY"": ""M"", ""IFS_FLAG"": ""true"", ""INDEX_TYPE"": ""CPI"", ""OVERLAP"": ""OL"", ""SCALE"": ""0"", ""SECURITY_CLASSIFICATION"": ""PUB"", ""TYPE_OF_TRANSFORMATION"": ""IX""}}"
JAM,cpi_index_all_items_quarterly_imf,2015-Q1,quarterly,85.16666666666667,\N,derived,IMF_CPI,IMF|ACCESS_SHARING_LEVEL=PUBLIC_OPEN|COICOP_1999=_T|COMMON_REFERENCE_PERIOD=2019A|FREQUENCY=M|IFS_FLAG=true|INDEX_TYPE=CPI|OVERLAP=OL|SCALE=0|SECURITY_CLASSIFICATION=PUB|TYPE_OF_TRANSFORMATION=IX|aggregation=quarterly_mean,\N,"{""aggregation_method"": ""quarterly_mean"", ""source_derivation_types"": [""O"", ""O"", ""O""], ""source_months"": [""2015-M01"", ""2015-M02"", ""2015-M03""], ""source_observation_count"": 3, ""source_series_dimensions"": {""ACCESS_SHARING_LEVEL"": ""PUBLIC_OPEN"", ""COICOP_1999"": ""_T"", ""COMMON_REFERENCE_PERIOD"": ""2019A"", ""COUNTRY"": ""JAM"", ""FREQUENCY"": ""M"", ""IFS_FLAG"": ""true"", ""INDEX_TYPE"": ""CPI"", ""OVERLAP"": ""OL"", ""SCALE"": ""0"", ""SECURITY_CLASSIFICATION"": ""PUB"", ""TYPE_OF_TRANSFORMATION"": ""IX""}}"
JAM,cpi_index_all_items_quarterly_imf,2015-Q2,quarterly,85.86666666666667,\N,derived,IMF_CPI,IMF|ACCESS_SHARING_LEVEL=PUBLIC_OPEN|COICOP_1999=_T|COMMON_REFERENCE_PERIOD=2019A|FREQUENCY=M|IFS_FLAG=true|INDEX_TYPE=CPI|OVERLAP=OL|SCALE=0|SECURITY_CLASSIFICATION=PUB|TYPE_OF_TRANSFORMATION=IX|aggregation=quarterly_mean,\N,"{""aggregation_method"": ""quarterly_mean"", ""source_derivation_types"": [""O"", ""O"", ""O""], ""source_months"": [""2015-M04"", ""2015-M05"", ""2015-M06""], ""source_observation_count"": 3, ""source_series_dimensions"": {""ACCESS_SHARING_LEVEL"": ""PUBLIC_OPEN"", ""COICOP_1999"": ""_T"", ""COMMON_REFERENCE_PERIOD"": ""2019A"", ""COUNTRY"": ""JAM"", ""FREQUENCY"": ""M"", ""IFS_FLAG"": ""true"", ""INDEX_TYPE"": ""CPI"", ""OVERLAP"": ""OL"", ""SCALE"": ""0"", ""SECURITY_CLASSIFICATION"": ""PUB"", ""TYPE_OF_TRANSFORMATION"": ""IX""}}"
JAM,cpi_index_all_items_quarterly_imf,2015-Q3,quarterly,87.59999999999998,\N,derived,IMF_CPI,IMF|ACCESS_SHARING_LEVEL=PUBLIC_OPEN|COICOP_1999=_T|COMMON_REFERENCE_PERIOD=2019A|FREQUENCY=M|IFS_FLAG=true|INDEX_TYPE=CPI|OVERLAP=OL|SCALE=0|SECURITY_CLASSIFICATION=PUB|TYPE_OF_TRANSFORMATION=IX|aggregation=quarterly_mean,\N,"{""aggregation_method"": ""quarterly_mean"", ""source_derivation_types"": [""O"", ""O"", ""O""], ""source_months"": [""2015-M07"", ""2015-M08"", ""2015-M09""], ""source_observation_count"": 3, ""source_series_dimensions"": {""ACCESS_SHARING_LEVEL"": ""PUBLIC_OPEN"", ""COICOP_1999"": ""_T"", ""COMMON_REFERENCE_PERIOD"": ""2019A"", ""COUNTRY"": ""JAM"", ""FREQUENCY"": ""M"", ""IFS_FLAG"": ""true"", ""INDEX_TYPE"": ""CPI"", ""OVERLAP"": ""OL"", ""SCALE"": ""0"", ""SECURITY_CLASSIFICATION"": ""PUB"", ""TYPE_OF_TRANSFORMATION"": ""IX""}}"
JAM,cpi_index_all_items_quarterly_imf,2015-Q4,quarterly,88.73333333333333,\N,derived,IMF_CPI,IMF|ACCESS_SHARING_LEVEL=PUBLIC_OPEN|COICOP_1999=_T|COMMON_REFERENCE_PERIOD=2019A|FREQUENCY=M|IFS_FLAG=true|INDEX_TYPE=CPI|OVERLAP=OL|SCALE=0|SECURITY_CLASSIFICATION=PUB|TYPE_OF_TRANSFORMATION=IX|aggregation=quarterly_mean,\N,"{""aggregation_method"": ""quarterly_mean"", ""source_derivation_types"": [""O"", ""O"", ""O""], ""source_months"": [""2015-M10"", ""2015-M11"", ""2015-M12""], ""source_observation_count"": 3, ""source_series_dimensions"": {""ACCESS_SHARING_LEVEL"": ""PUBLIC_OPEN"", ""COICOP_1999"": ""_T"", ""COMMON_REFERENCE_PERIOD"": ""2019A"", ""COUNTRY"": ""JAM"", ""FREQUENCY"": ""M"", ""IFS_FLAG"": ""true"", ""INDEX_TYPE"": ""CPI"", ""OVERLAP"": ""OL"", ""SCALE"": ""0"", ""SECURITY_CLASSIFICATION"": ""PUB"", ""TYPE_OF_TRANSFORMATION"": ""IX""}}"
JOR,cpi_index_all_items_quarterly_imf,2015-Q1,quarterly,92.81369520031717,\N,derived,IMF_CPI,IMF|ACCESS_SHARING_LEVEL=PUBLIC_OPEN|COICOP_1999=_T|COMMON_REFERENCE_PERIOD=2018A|FREQUENCY=M|IFS_FLAG=true|INDEX_TYPE=CPI|OVERLAP=OL|SCALE=0|SECURITY_CLASSIFICATION=PUB|TYPE_OF_TRANSFORMATION=IX|aggregation=quarterly_mean,\N,"{""aggregation_method"": ""quarterly_mean"", ""source_derivation_types"": [""O"", ""O"", ""O""], ""source_months"": [""2015-M01"", ""2015-M02"", ""2015-M03""], ""source_observation_count"": 3, ""source_series_dimensions"": {""ACCESS_SHARING_LEVEL"": ""PUBLIC_OPEN"", ""COICOP_1999"": ""_T"", ""COMMON_REFERENCE_PERIOD"": ""2018A"", ""COUNTRY"": ""JOR"", ""FREQUENCY"": ""M"", ""IFS_FLAG"": ""true"", ""INDEX_TYPE"": ""CPI"", ""OVERLAP"": ""OL"", ""SCALE"": ""0"", ""SECURITY_CLASSIFICATION"": ""PUB"", ""TYPE_OF_TRANSFORMATION"": ""IX""}}"
JOR,cpi_index_all_items_quarterly_imf,2015-Q2,quarterly,93.58532168919005,\N,derived,IMF_CPI,IMF|ACCESS_SHARING_LEVEL=PUBLIC_OPEN|COICOP_1999=_T|COMMON_REFERENCE_PERIOD=2018A|FREQUENCY=M|IFS_FLAG=true|INDEX_TYPE=CPI|OVERLAP=OL|SCALE=0|SECURITY_CLASSIFICATION=PUB|TYPE_OF_TRANSFORMATION=IX|aggregation=quarterly_mean,\N,"{""aggregation_method"": ""quarterly_mean"", ""source_derivation_types"": [""O"", ""O"", ""O""], ""source_months"": [""2015-M04"", ""2015-M05"", ""2015-M06""], ""source_observation_count"": 3, ""source_series_dimensions"": {""ACCESS_SHARING_LEVEL"": ""PUBLIC_OPEN"", ""COICOP_1999"": ""_T"", ""COMMON_REFERENCE_PERIOD"": ""2018A"", ""COUNTRY"": ""JOR"", ""FREQUENCY"": ""M"", ""IFS_FLAG"": ""true"", ""INDEX_TYPE"": ""CPI"", ""OVERLAP"": ""OL"", ""SCALE"": ""0"", ""SECURITY_CLASSIFICATION"": ""PUB"", ""TYPE_OF_TRANSFORMATION"": ""IX""}}"
JOR,cpi_index_all_items_quarterly_imf,2015-Q3,quarterly,93.81496192505797,\N,derived,IMF_CPI,IMF|ACCESS_SHARING_LEVEL=PUBLIC_OPEN|COICOP_1999=_T|COMMON_REFERENCE_PERIOD=2018A|FREQUENCY=M|IFS_FLAG=true|INDEX_TYPE=CPI|OVERLAP=OL|SCALE=0|SECURITY_CLASSIFICATION=PUB|TYPE_OF_TRANSFORMATION=IX|aggregation=quarterly_mean,\N,"{""aggregation_method"": ""quarterly_mean"", ""source_derivation_types"": [""O"", ""O"", ""O""], ""source_months"": [""2015-M07"", ""2015-M08"", ""2015-M09""], ""source_observation_count"": 3, ""source_series_dimensions"": {""ACCESS_SHARING_LEVEL"": ""PUBLIC_OPEN"", ""COICOP_1999"": ""_T"", ""COMMON_REFERENCE_PERIOD"": ""2018A"", ""COUNTRY"": ""JOR"", ""FREQUENCY"": ""M"", ""IFS_FLAG"": ""true"", ""INDEX_TYPE"": ""CPI"", ""OVERLAP"": ""OL"", ""SCALE"": ""0"", ""SECURITY_CLASSIFICATION"": ""PUB"", ""TYPE_OF_TRANSFORMATION"": ""IX""}}"
JOR,cpi_index_all_items_quarterly_imf,2015-Q4,quarterly,93.28851141693413,\N,derived,IMF_CPI,IMF|ACCESS_SHARING_LEVEL=PUBLIC_OPEN|COICOP_1999=_T|COMMON_REFERENCE_PERIOD=2018A|FREQUENCY=M|IFS_FLAG=true|INDEX_TYPE=CPI|OVERLAP=OL|SCALE=0|SECURITY_CLASSIFICATION=PUB|TYPE_OF_TRANSFORMATION=IX|aggregation=quarterly_mean,\N,"{""aggregation_method"": ""quarterly_mean"", ""source_derivation_types"": [""O"", ""O"", ""O""], ""source_months"": [""2015-M10"", ""2015-M11"", ""2015-M12""], ""source_observation_count"": 3, ""source_series_dimensions"": {""ACCESS_SHARING_LEVEL"": ""PUBLIC_OPEN"", ""COICOP_1999"": ""_T"", ""COMMON_REFERENCE_PERIOD"": ""2018A"", ""COUNTRY"": ""JOR"", ""FREQUENCY"": ""M"", ""IFS_FLAG"": ""true"", ""INDEX_TYPE"": ""CPI"", ""OVERLAP"": ""OL"", ""SCALE"": ""0"", ""SECURITY_CLASSIFICATION"": ""PUB"", ""TYPE_OF_TRANSFORMATION"": ""IX""}}"
JPN,cpi_index_all_items_quarterly_imf,2015-Q1,quarterly,97.76666666666665,\N,derived,IMF_CPI,IMF|ACCESS_SHARING_LEVEL=PUBLIC_OPEN|COICOP_1999=_T|COMMON_REFERENCE_PERIOD=2020A|FREQUENCY=M|IFS_FLAG=true|INDEX_TYPE=CPI|OVERLAP=OL|SCALE=0|SECURITY_CLASSIFICATION=PUB|TYPE_OF_TRANSFORMATION=IX|aggregation=quarterly_mean,\N,"{""aggregation_method"": ""quarterly_mean"", ""source_derivation_types"": [""O"", ""O"", ""O""], ""source_months"": [""2015-M01"", ""2015-M02"", ""2015-M03""], ""source_observation_count"": 3, ""source_series_dimensions"": {""ACCESS_SHARING_LEVEL"": ""PUBLIC_OPEN"", ""COICOP_1999"": ""_T"", ""COMMON_REFERENCE_PERIOD"": ""2020A"", ""COUNTRY"": ""JPN"", ""FREQUENCY"": ""M"", ""IFS_FLAG"": ""true"", ""INDEX_TYPE"": ""CPI"", ""OVERLAP"": ""OL"", ""SCALE"": ""0"", ""SECURITY_CLASSIFICATION"": ""PUB"", ""TYPE_OF_TRANSFORMATION"": ""IX""}}"
JPN,cpi_index_all_items_quarterly_imf,2015-Q2,quarterly,98.5,\N,derived,IMF_CPI,IMF|ACCESS_SHARING_LEVEL=PUBLIC_OPEN|COICOP_1999=_T|COMMON_REFERENCE_PERIOD=2020A|FREQUENCY=M|IFS_FLAG=true|INDEX_TYPE=CPI|OVERLAP=OL|SCALE=0|SECURITY_CLASSIFICATION=PUB|TYPE_OF_TRANSFORMATION=IX|aggregation=quarterly_mean,\N,"{""aggregation_method"": ""quarterly_mean"", ""source_derivation_types"": [""O"", ""O"", ""O""], ""source_months"": [""2015-M04"", ""2015-M05"", ""2015-M06""], ""source_observation_count"": 3, ""source_series_dimensions"": {""ACCESS_SHARING_LEVEL"": ""PUBLIC_OPEN"", ""COICOP_1999"": ""_T"", ""COMMON_REFERENCE_PERIOD"": ""2020A"", ""COUNTRY"": ""JPN"", ""FREQUENCY"": ""M"", ""IFS_FLAG"": ""true"", ""INDEX_TYPE"": ""CPI"", ""OVERLAP"": ""OL"", ""SCALE"": ""0"", ""SECURITY_CLASSIFICATION"": ""PUB"", ""TYPE_OF_TRANSFORMATION"": ""IX""}}"
JPN,cpi_index_all_items_quarterly_imf,2015-Q3,quarterly,98.39999999999999,\N,derived,IMF_CPI,IMF|ACCESS_SHARING_LEVEL=PUBLIC_OPEN|COICOP_1999=_T|COMMON_REFERENCE_PERIOD=2020A|FREQUENCY=M|IFS_FLAG=true|INDEX_TYPE=CPI|OVERLAP=OL|SCALE=0|SECURITY_CLASSIFICATION=PUB|TYPE_OF_TRANSFORMATION=IX|aggregation=quarterly_mean,\N,"{""aggregation_method"": ""quarterly_mean"", ""source_derivation_types"": [""O"", ""O"", ""O""], ""source_months"": [""2015-M07"", ""2015-M08"", ""2015-M09""], ""source_observation_count"": 3, ""source_series_dimensions"": {""ACCESS_SHARING_LEVEL"": ""PUBLIC_OPEN"", ""COICOP_1999"": ""_T"", ""COMMON_REFERENCE_PERIOD"": ""2020A"", ""COUNTRY"": ""JPN"", ""FREQUENCY"": ""M"", ""IFS_FLAG"": ""true"", ""INDEX_TYPE"": ""CPI"", ""OVERLAP"": ""OL"", ""SCALE"": ""0"", ""SECURITY_CLASSIFICATION"": ""PUB"", ""TYPE_OF_TRANSFORMATION"": ""IX""}}"
JPN,cpi_index_all_items_quarterly_imf,2015-Q4,quarterly,98.23333333333333,\N,derived,IMF_CPI,IMF|ACCESS_SHARING_LEVEL=PUBLIC_OPEN|COICOP_1999=_T|COMMON_REFERENCE_PERIOD=2020A|FREQUENCY=M|IFS_FLAG=true|INDEX_TYPE=CPI|OVERLAP=OL|SCALE=0|SECURITY_CLASSIFICATION=PUB|TYPE_OF_TRANSFORMATION=IX|aggregation=quarterly_mean,\N,"{""aggregation_method"": ""quarterly_mean"", ""source_derivation_types"": [""O"", ""O"", ""O""], ""source_months"": [""2015-M10"", ""2015-M11"", ""2015-M12""], ""source_observation_count"": 3, ""source_series_dimensions"": {""ACCESS_SHARING_LEVEL"": ""PUBLIC_OPEN"", ""COICOP_1999"": ""_T"", ""COMMON_REFERENCE_PERIOD"": ""2020A"", ""COUNTRY"": ""JPN"", ""FREQUENCY"": ""M"", ""IFS_FLAG"": ""true"", ""INDEX_TYPE"": ""CPI"", ""OVERLAP"": ""OL"", ""SCALE"": ""0"", ""SECURITY_CLASSIFICATION"": ""PUB"", ""TYPE_OF_TRANSFORMATION"": ""IX""}}"
KAZ,cpi_index_all_items_quarterly_imf,2015-Q1,quarterly,64.10800465821019,\N,derived,IMF_CPI,IMF|ACCESS_SHARING_LEVEL=PUBLIC_OPEN|COICOP_1999=_T|COMMON_REFERENCE_PERIOD=2020M12|FREQUENCY=M|IFS_FLAG=true|INDEX_TYPE=CPI|OVERLAP=OL|SCALE=0|SECURITY_CLASSIFICATION=PUB|TYPE_OF_TRANSFORMATION=IX|aggregation=quarterly_mean,\N,"{""aggregation_method"": ""quarterly_mean"", ""source_derivation_types"": [""O"", ""O"", ""O""], ""source_months"": [""2015-M01"", ""2015-M02"", ""2015-M03""], ""source_observation_count"": 3, ""source_series_dimensions"": {""ACCESS_SHARING_LEVEL"": ""PUBLIC_OPEN"", ""COICOP_1999"": ""_T"", ""COMMON_REFERENCE_PERIOD"": ""2020M12"", ""COUNTRY"": ""KAZ"", ""FREQUENCY"": ""M"", ""IFS_FLAG"": ""true"", ""INDEX_TYPE"": ""CPI"", ""OVERLAP"": ""OL"", ""SCALE"": ""0"", ""SECURITY_CLASSIFICATION"": ""PUB"", ""TYPE_OF_TRANSFORMATION"": ""IX""}}"
KAZ,cpi_index_all_items_quarterly_imf,2015-Q2,quarterly,64.40734622279784,\N,derived,IMF_CPI,IMF|ACCESS_SHARING_LEVEL=PUBLIC_OPEN|COICOP_1999=_T|COMMON_REFERENCE_PERIOD=2020M12|FREQUENCY=M|IFS_FLAG=true|INDEX_TYPE=CPI|OVERLAP=OL|SCALE=0|SECURITY_CLASSIFICATION=PUB|TYPE_OF_TRANSFORMATION=IX|aggregation=quarterly_mean,\N,"{""aggregation_method"": ""quarterly_mean"", ""source_derivation_types"": [""O"", ""O"", ""O""], ""source_months"": [""2015-M04"", ""2015-M05"", ""2015-M06""], ""source_observation_count"": 3, ""source_series_dimensions"": {""ACCESS_SHARING_LEVEL"": ""PUBLIC_OPEN"", ""COICOP_1999"": ""_T"", ""COMMON_REFERENCE_PERIOD"": ""2020M12"", ""COUNTRY"": ""KAZ"", ""FREQUENCY"": ""M"", ""IFS_FLAG"": ""true"", ""INDEX_TYPE"": ""CPI"", ""OVERLAP"": ""OL"", ""SCALE"": ""0"", ""SECURITY_CLASSIFICATION"": ""PUB"", ""TYPE_OF_TRANSFORMATION"": ""IX""}}"
KAZ,cpi_index_all_items_quarterly_imf,2015-Q3,quarterly,64.83768771029658,\N,derived,IMF_CPI,IMF|ACCESS_SHARING_LEVEL=PUBLIC_OPEN|COICOP_1999=_T|COMMON_REFERENCE_PERIOD=2020M12|FREQUENCY=M|IFS_FLAG=true|INDEX_TYPE=CPI|OVERLAP=OL|SCALE=0|SECURITY_CLASSIFICATION=PUB|TYPE_OF_TRANSFORMATION=IX|aggregation=quarterly_mean,\N,"{""aggregation_method"": ""quarterly_mean"", ""source_derivation_types"": [""O"", ""O"", ""O""], ""source_months"": [""2015-M07"", ""2015-M08"", ""2015-M09""], ""source_observation_count"": 3, ""source_series_dimensions"": {""ACCESS_SHARING_LEVEL"": ""PUBLIC_OPEN"", ""COICOP_1999"": ""_T"", ""COMMON_REFERENCE_PERIOD"": ""2020M12"", ""COUNTRY"": ""KAZ"", ""FREQUENCY"": ""M"", ""IFS_FLAG"": ""true"", ""INDEX_TYPE"": ""CPI"", ""OVERLAP"": ""OL"", ""SCALE"": ""0"", ""SECURITY_CLASSIFICATION"": ""PUB"", ""TYPE_OF_TRANSFORMATION"": ""IX""}}"
KAZ,cpi_index_all_items_quarterly_imf,2015-Q4,quarterly,70.71121660480982,\N,derived,IMF_CPI,IMF|ACCESS_SHARING_LEVEL=PUBLIC_OPEN|COICOP_1999=_T|COMMON_REFERENCE_PERIOD=2020M12|FREQUENCY=M|IFS_FLAG=true|INDEX_TYPE=CPI|OVERLAP=OL|SCALE=0|SECURITY_CLASSIFICATION=PUB|TYPE_OF_TRANSFORMATION=IX|aggregation=quarterly_mean,\N,"{""aggregation_method"": ""quarterly_mean"", ""source_derivation_types"": [""O"", ""O"", ""O""], ""source_months"": [""2015-M10"", ""2015-M11"", ""2015-M12""], ""source_observation_count"": 3, ""source_series_dimensions"": {""ACCESS_SHARING_LEVEL"": ""PUBLIC_OPEN"", ""COICOP_1999"": ""_T"", ""COMMON_REFERENCE_PERIOD"": ""2020M12"", ""COUNTRY"": ""KAZ"", ""FREQUENCY"": ""M"", ""IFS_FLAG"": ""true"", ""INDEX_TYPE"": ""CPI"", ""OVERLAP"": ""OL"", ""SCALE"": ""0"", ""SECURITY_CLASSIFICATION"": ""PUB"", ""TYPE_OF_TRANSFORMATION"": ""IX""}}"
KEN,cpi_index_all_items_quarterly_imf,2015-Q1,quarterly,78.90523166896516,\N,derived,IMF_CPI,IMF|ACCESS_SHARING_LEVEL=PUBLIC_OPEN|COICOP_1999=_T|COMMON_REFERENCE_PERIOD=2019M2|FREQUENCY=M|IFS_FLAG=true|INDEX_TYPE=CPI|OVERLAP=OL|SCALE=0|SECURITY_CLASSIFICATION=PUB|TYPE_OF_TRANSFORMATION=IX|aggregation=quarterly_mean,\N,"{""aggregation_method"": ""quarterly_mean"", ""source_derivation_types"": [""O"", ""O"", ""O""], ""source_months"": [""2015-M01"", ""2015-M02"", ""2015-M03""], ""source_observation_count"": 3, ""source_series_dimensions"": {""ACCESS_SHARING_LEVEL"": ""PUBLIC_OPEN"", ""COICOP_1999"": ""_T"", ""COMMON_REFERENCE_PERIOD"": ""2019M2"", ""COUNTRY"": ""KEN"", ""FREQUENCY"": ""M"", ""IFS_FLAG"": ""true"", ""INDEX_TYPE"": ""CPI"", ""OVERLAP"": ""OL"", ""SCALE"": ""0"", ""SECURITY_CLASSIFICATION"": ""PUB"", ""TYPE_OF_TRANSFORMATION"": ""IX""}}"
KEN,cpi_index_all_items_quarterly_imf,2015-Q2,quarterly,81.579148951711,\N,derived,IMF_CPI,IMF|ACCESS_SHARING_LEVEL=PUBLIC_OPEN|COICOP_1999=_T|COMMON_REFERENCE_PERIOD=2019M2|FREQUENCY=M|IFS_FLAG=true|INDEX_TYPE=CPI|OVERLAP=OL|SCALE=0|SECURITY_CLASSIFICATION=PUB|TYPE_OF_TRANSFORMATION=IX|aggregation=quarterly_mean,\N,"{""aggregation_method"": ""quarterly_mean"", ""source_derivation_types"": [""O"", ""O"", ""O""], ""source_months"": [""2015-M04"", ""2015-M05"", ""2015-M06""], ""source_observation_count"": 3, ""source_series_dimensions"": {""ACCESS_SHARING_LEVEL"": ""PUBLIC_OPEN"", ""COICOP_1999"": ""_T"", ""COMMON_REFERENCE_PERIOD"": ""2019M2"", ""COUNTRY"": ""KEN"", ""FREQUENCY"": ""M"", ""IFS_FLAG"": ""true"", ""INDEX_TYPE"": ""CPI"", ""OVERLAP"": ""OL"", ""SCALE"": ""0"", ""SECURITY_CLASSIFICATION"": ""PUB"", ""TYPE_OF_TRANSFORMATION"": ""IX""}}"
KEN,cpi_index_all_items_quarterly_imf,2015-Q3,quarterly,82.2029589180287,\N,derived,IMF_CPI,IMF|ACCESS_SHARING_LEVEL=PUBLIC_OPEN|COICOP_1999=_T|COMMON_REFERENCE_PERIOD=2019M2|FREQUENCY=M|IFS_FLAG=true|INDEX_TYPE=CPI|OVERLAP=OL|SCALE=0|SECURITY_CLASSIFICATION=PUB|TYPE_OF_TRANSFORMATION=IX|aggregation=quarterly_mean,\N,"{""aggregation_method"": ""quarterly_mean"", ""source_derivation_types"": [""O"", ""O"", ""O""], ""source_months"": [""2015-M07"", ""2015-M08"", ""2015-M09""], ""source_observation_count"": 3, ""source_series_dimensions"": {""ACCESS_SHARING_LEVEL"": ""PUBLIC_OPEN"", ""COICOP_1999"": ""_T"", ""COMMON_REFERENCE_PERIOD"": ""2019M2"", ""COUNTRY"": ""KEN"", ""FREQUENCY"": ""M"", ""IFS_FLAG"": ""true"", ""INDEX_TYPE"": ""CPI"", ""OVERLAP"": ""OL"", ""SCALE"": ""0"", ""SECURITY_CLASSIFICATION"": ""PUB"", ""TYPE_OF_TRANSFORMATION"": ""IX""}}"
KEN,cpi_index_all_items_quarterly_imf,2015-Q4,quarterly,83.39852075728142,\N,derived,IMF_CPI,IMF|ACCESS_SHARING_LEVEL=PUBLIC_OPEN|COICOP_1999=_T|COMMON_REFERENCE_PERIOD=2019M2|FREQUENCY=M|IFS_FLAG=true|INDEX_TYPE=CPI|OVERLAP=OL|SCALE=0|SECURITY_CLASSIFICATION=PUB|TYPE_OF_TRANSFORMATION=IX|aggregation=quarterly_mean,\N,"{""aggregation_method"": ""quarterly_mean"", ""source_derivation_types"": [""O"", ""O"", ""O""], ""source_months"": [""2015-M10"", ""2015-M11"", ""2015-M12""], ""source_observation_count"": 3, ""source_series_dimensions"": {""ACCESS_SHARING_LEVEL"": ""PUBLIC_OPEN"", ""COICOP_1999"": ""_T"", ""COMMON_REFERENCE_PERIOD"": ""2019M2"", ""COUNTRY"": ""KEN"", ""FREQUENCY"": ""M"", ""IFS_FLAG"": ""true"", ""INDEX_TYPE"": ""CPI"", ""OVERLAP"": ""OL"", ""SCALE"": ""0"", ""SECURITY_CLASSIFICATION"": ""PUB"", ""TYPE_OF_TRANSFORMATION"": ""IX""}}"
KGZ,cpi_index_all_items_quarterly_imf,2015-Q1,quarterly,245.1267538845935,\N,derived,IMF_CPI,IMF|ACCESS_SHARING_LEVEL=PUBLIC_OPEN|COICOP_1999=_T|COMMON_REFERENCE_PERIOD=2005A|FREQUENCY=M|IFS_FLAG=true|INDEX_TYPE=CPI|OVERLAP=OL|SCALE=0|SECURITY_CLASSIFICATION=PUB|TYPE_OF_TRANSFORMATION=IX|aggregation=quarterly_mean,\N,"{""aggregation_method"": ""quarterly_mean"", ""source_derivation_types"": [""O"", ""O"", ""O""], ""source_months"": [""2015-M01"", ""2015-M02"", ""2015-M03""], ""source_observation_count"": 3, ""source_series_dimensions"": {""ACCESS_SHARING_LEVEL"": ""PUBLIC_OPEN"", ""COICOP_1999"": ""_T"", ""COMMON_REFERENCE_PERIOD"": ""2005A"", ""COUNTRY"": ""KGZ"", ""FREQUENCY"": ""M"", ""IFS_FLAG"": ""true"", ""INDEX_TYPE"": ""CPI"", ""OVERLAP"": ""OL"", ""SCALE"": ""0"", ""SECURITY_CLASSIFICATION"": ""PUB"", ""TYPE_OF_TRANSFORMATION"": ""IX""}}"
KGZ,cpi_index_all_items_quarterly_imf,2015-Q2,quarterly,244.0379440252025,\N,derived,IMF_CPI,IMF|ACCESS_SHARING_LEVEL=PUBLIC_OPEN|COICOP_1999=_T|COMMON_REFERENCE_PERIOD=2005A|FREQUENCY=M|IFS_FLAG=true|INDEX_TYPE=CPI|OVERLAP=OL|SCALE=0|SECURITY_CLASSIFICATION=PUB|TYPE_OF_TRANSFORMATION=IX|aggregation=quarterly_mean,\N,"{""aggregation_method"": ""quarterly_mean"", ""source_derivation_types"": [""O"", ""O"", ""O""], ""source_months"": [""2015-M04"", ""2015-M05"", ""2015-M06""], ""source_observation_count"": 3, ""source_series_dimensions"": {""ACCESS_SHARING_LEVEL"": ""PUBLIC_OPEN"", ""COICOP_1999"": ""_T"", ""COMMON_REFERENCE_PERIOD"": ""2005A"", ""COUNTRY"": ""KGZ"", ""FREQUENCY"": ""M"", ""IFS_FLAG"": ""true"", ""INDEX_TYPE"": ""CPI"", ""OVERLAP"": ""OL"", ""SCALE"": ""0"", ""SECURITY_CLASSIFICATION"": ""PUB"", ""TYPE_OF_TRANSFORMATION"": ""IX""}}"
KGZ,cpi_index_all_items_quarterly_imf,2015-Q3,quarterly,242.104000533816,\N,derived,IMF_CPI,IMF|ACCESS_SHARING_LEVEL=PUBLIC_OPEN|COICOP_1999=_T|COMMON_REFERENCE_PERIOD=2005A|FREQUENCY=M|IFS_FLAG=true|INDEX_TYPE=CPI|OVERLAP=OL|SCALE=0|SECURITY_CLASSIFICATION=PUB|TYPE_OF_TRANSFORMATION=IX|aggregation=quarterly_mean,\N,"{""aggregation_method"": ""quarterly_mean"", ""source_derivation_types"": [""O"", ""O"", ""O""], ""source_months"": [""2015-M07"", ""2015-M08"", ""2015-M09""], ""source_observation_count"": 3, ""source_series_dimensions"": {""ACCESS_SHARING_LEVEL"": ""PUBLIC_OPEN"", ""COICOP_1999"": ""_T"", ""COMMON_REFERENCE_PERIOD"": ""2005A"", ""COUNTRY"": ""KGZ"", ""FREQUENCY"": ""M"", ""IFS_FLAG"": ""true"", ""INDEX_TYPE"": ""CPI"", ""OVERLAP"": ""OL"", ""SCALE"": ""0"", ""SECURITY_CLASSIFICATION"": ""PUB"", ""TYPE_OF_TRANSFORMATION"": ""IX""}}"
KGZ,cpi_index_all_items_quarterly_imf,2015-Q4,quarterly,247.05034319096436,\N,derived,IMF_CPI,IMF|ACCESS_SHARING_LEVEL=PUBLIC_OPEN|COICOP_1999=_T|COMMON_REFERENCE_PERIOD=2005A|FREQUENCY=M|IFS_FLAG=true|INDEX_TYPE=CPI|OVERLAP=OL|SCALE=0|SECURITY_CLASSIFICATION=PUB|TYPE_OF_TRANSFORMATION=IX|aggregation=quarterly_mean,\N,"{""aggregation_method"": ""quarterly_mean"", ""source_derivation_types"": [""O"", ""O"", ""O""], ""source_months"": [""2015-M10"", ""2015-M11"", ""2015-M12""], ""source_observation_count"": 3, ""source_series_dimensions"": {""ACCESS_SHARING_LEVEL"": ""PUBLIC_OPEN"", ""COICOP_1999"": ""_T"", ""COMMON_REFERENCE_PERIOD"": ""2005A"", ""COUNTRY"": ""KGZ"", ""FREQUENCY"": ""M"", ""IFS_FLAG"": ""true"", ""INDEX_TYPE"": ""CPI"", ""OVERLAP"": ""OL"", ""SCALE"": ""0"", ""SECURITY_CLASSIFICATION"": ""PUB"", ""TYPE_OF_TRANSFORMATION"": ""IX""}}"
KHM,cpi_index_all_items_quarterly_imf,2015-Q1,quarterly,157.87633333333335,\N,derived,IMF_CPI,IMF|ACCESS_SHARING_LEVEL=PUBLIC_OPEN|COICOP_1999=_T|COMMON_REFERENCE_PERIOD=Oct - Dec 2006|FREQUENCY=M|IFS_FLAG=true|INDEX_TYPE=CPI|OVERLAP=OL|SCALE=0|SECURITY_CLASSIFICATION=PUB|TYPE_OF_TRANSFORMATION=IX|aggregation=quarterly_mean,\N,"{""aggregation_method"": ""quarterly_mean"", ""source_derivation_types"": [""O"", ""O"", ""O""], ""source_months"": [""2015-M01"", ""2015-M02"", ""2015-M03""], ""source_observation_count"": 3, ""source_series_dimensions"": {""ACCESS_SHARING_LEVEL"": ""PUBLIC_OPEN"", ""COICOP_1999"": ""_T"", ""COMMON_REFERENCE_PERIOD"": ""Oct - Dec 2006"", ""COUNTRY"": ""KHM"", ""FREQUENCY"": ""M"", ""IFS_FLAG"": ""true"", ""INDEX_TYPE"": ""CPI"", ""OVERLAP"": ""OL"", ""SCALE"": ""0"", ""SECURITY_CLASSIFICATION"": ""PUB"", ""TYPE_OF_TRANSFORMATION"": ""IX""}}"
KHM,cpi_index_all_items_quarterly_imf,2015-Q2,quarterly,159.845,\N,derived,IMF_CPI,IMF|ACCESS_SHARING_LEVEL=PUBLIC_OPEN|COICOP_1999=_T|COMMON_REFERENCE_PERIOD=Oct - Dec 2006|FREQUENCY=M|IFS_FLAG=true|INDEX_TYPE=CPI|OVERLAP=OL|SCALE=0|SECURITY_CLASSIFICATION=PUB|TYPE_OF_TRANSFORMATION=IX|aggregation=quarterly_mean,\N,"{""aggregation_method"": ""quarterly_mean"", ""source_derivation_types"": [""O"", ""O"", ""O""], ""source_months"": [""2015-M04"", ""2015-M05"", ""2015-M06""], ""source_observation_count"": 3, ""source_series_dimensions"": {""ACCESS_SHARING_LEVEL"": ""PUBLIC_OPEN"", ""COICOP_1999"": ""_T"", ""COMMON_REFERENCE_PERIOD"": ""Oct - Dec 2006"", ""COUNTRY"": ""KHM"", ""FREQUENCY"": ""M"", ""IFS_FLAG"": ""true"", ""INDEX_TYPE"": ""CPI"", ""OVERLAP"": ""OL"", ""SCALE"": ""0"", ""SECURITY_CLASSIFICATION"": ""PUB"", ""TYPE_OF_TRANSFORMATION"": ""IX""}}"
KHM,cpi_index_all_items_quarterly_imf,2015-Q3,quarterly,161.48066666666668,\N,derived,IMF_CPI,IMF|ACCESS_SHARING_LEVEL=PUBLIC_OPEN|COICOP_1999=_T|COMMON_REFERENCE_PERIOD=Oct - Dec 2006|FREQUENCY=M|IFS_FLAG=true|INDEX_TYPE=CPI|OVERLAP=OL|SCALE=0|SECURITY_CLASSIFICATION=PUB|TYPE_OF_TRANSFORMATION=IX|aggregation=quarterly_mean,\N,"{""aggregation_method"": ""quarterly_mean"", ""source_derivation_types"": [""O"", ""O"", ""O""], ""source_months"": [""2015-M07"", ""2015-M08"", ""2015-M09""], ""source_observation_count"": 3, ""source_series_dimensions"": {""ACCESS_SHARING_LEVEL"": ""PUBLIC_OPEN"", ""COICOP_1999"": ""_T"", ""COMMON_REFERENCE_PERIOD"": ""Oct - Dec 2006"", ""COUNTRY"": ""KHM"", ""FREQUENCY"": ""M"", ""IFS_FLAG"": ""true"", ""INDEX_TYPE"": ""CPI"", ""OVERLAP"": ""OL"", ""SCALE"": ""0"", ""SECURITY_CLASSIFICATION"": ""PUB"", ""TYPE_OF_TRANSFORMATION"": ""IX""}}"
KHM,cpi_index_all_items_quarterly_imf,2015-Q4,quarterly,161.69799999999998,\N,derived,IMF_CPI,IMF|ACCESS_SHARING_LEVEL=PUBLIC_OPEN|COICOP_1999=_T|COMMON_REFERENCE_PERIOD=Oct - Dec 2006|FREQUENCY=M|IFS_FLAG=true|INDEX_TYPE=CPI|OVERLAP=OL|SCALE=0|SECURITY_CLASSIFICATION=PUB|TYPE_OF_TRANSFORMATION=IX|aggregation=quarterly_mean,\N,"{""aggregation_method"": ""quarterly_mean"", ""source_derivation_types"": [""O"", ""O"", ""O""], ""source_months"": [""2015-M10"", ""2015-M11"", ""2015-M12""], ""source_observation_count"": 3, ""source_series_dimensions"": {""ACCESS_SHARING_LEVEL"": ""PUBLIC_OPEN"", ""COICOP_1999"": ""_T"", ""COMMON_REFERENCE_PERIOD"": ""Oct - Dec 2006"", ""COUNTRY"": ""KHM"", ""FREQUENCY"": ""M"", ""IFS_FLAG"": ""true"", ""INDEX_TYPE"": ""CPI"", ""OVERLAP"": ""OL"", ""SCALE"": ""0"", ""SECURITY_CLASSIFICATION"": ""PUB"", ""TYPE_OF_TRANSFORMATION"": ""IX""}}"
KIR,cpi_index_all_items_quarterly_imf,2015-Q1,quarterly,83.63495225260061,\N,derived,IMF_CPI,IMF|ACCESS_SHARING_LEVEL=PUBLIC_OPEN|COICOP_1999=_T|COMMON_REFERENCE_PERIOD=2023M6|FREQUENCY=M|IFS_FLAG=true|INDEX_TYPE=CPI|OVERLAP=OL|SCALE=0|SECURITY_CLASSIFICATION=PUB|TYPE_OF_TRANSFORMATION=IX|aggregation=quarterly_mean,\N,"{""aggregation_method"": ""quarterly_mean"", ""source_derivation_types"": [""O"", ""O"", ""O""], ""source_months"": [""2015-M01"", ""2015-M02"", ""2015-M03""], ""source_observation_count"": 3, ""source_series_dimensions"": {""ACCESS_SHARING_LEVEL"": ""PUBLIC_OPEN"", ""COICOP_1999"": ""_T"", ""COMMON_REFERENCE_PERIOD"": ""2023M6"", ""COUNTRY"": ""KIR"", ""FREQUENCY"": ""M"", ""IFS_FLAG"": ""true"", ""INDEX_TYPE"": ""CPI"", ""OVERLAP"": ""OL"", ""SCALE"": ""0"", ""SECURITY_CLASSIFICATION"": ""PUB"", ""TYPE_OF_TRANSFORMATION"": ""IX""}}"
KIR,cpi_index_all_items_quarterly_imf,2015-Q2,quarterly,83.33653582541687,\N,derived,IMF_CPI,IMF|ACCESS_SHARING_LEVEL=PUBLIC_OPEN|COICOP_1999=_T|COMMON_REFERENCE_PERIOD=2023M6|FREQUENCY=M|IFS_FLAG=true|INDEX_TYPE=CPI|OVERLAP=OL|SCALE=0|SECURITY_CLASSIFICATION=PUB|TYPE_OF_TRANSFORMATION=IX|aggregation=quarterly_mean,\N,"{""aggregation_method"": ""quarterly_mean"", ""source_derivation_types"": [""O"", ""O"", ""O""], ""source_months"": [""2015-M04"", ""2015-M05"", ""2015-M06""], ""source_observation_count"": 3, ""source_series_dimensions"": {""ACCESS_SHARING_LEVEL"": ""PUBLIC_OPEN"", ""COICOP_1999"": ""_T"", ""COMMON_REFERENCE_PERIOD"": ""2023M6"", ""COUNTRY"": ""KIR"", ""FREQUENCY"": ""M"", ""IFS_FLAG"": ""true"", ""INDEX_TYPE"": ""CPI"", ""OVERLAP"": ""OL"", ""SCALE"": ""0"", ""SECURITY_CLASSIFICATION"": ""PUB"", ""TYPE_OF_TRANSFORMATION"": ""IX""}}"
KIR,cpi_index_all_items_quarterly_imf,2015-Q3,quarterly,84.02868200220298,\N,derived,IMF_CPI,IMF|ACCESS_SHARING_LEVEL=PUBLIC_OPEN|COICOP_1999=_T|COMMON_REFERENCE_PERIOD=2023M6|FREQUENCY=M|IFS_FLAG=true|INDEX_TYPE=CPI|OVERLAP=OL|SCALE=0|SECURITY_CLASSIFICATION=PUB|TYPE_OF_TRANSFORMATION=IX|aggregation=quarterly_mean,\N,"{""aggregation_method"": ""quarterly_mean"", ""source_derivation_types"": [""O"", ""O"", ""O""], ""source_months"": [""2015-M07"", ""2015-M08"", ""2015-M09""], ""source_observation_count"": 3, ""source_series_dimensions"": {""ACCESS_SHARING_LEVEL"": ""PUBLIC_OPEN"", ""COICOP_1999"": ""_T"", ""COMMON_REFERENCE_PERIOD"": ""2023M6"", ""COUNTRY"": ""KIR"", ""FREQUENCY"": ""M"", ""IFS_FLAG"": ""true"", ""INDEX_TYPE"": ""CPI"", ""OVERLAP"": ""OL"", ""SCALE"": ""0"", ""SECURITY_CLASSIFICATION"": ""PUB"", ""TYPE_OF_TRANSFORMATION"": ""IX""}}"
KIR,cpi_index_all_items_quarterly_imf,2015-Q4,quarterly,84.11366806741114,\N,derived,IMF_CPI,IMF|ACCESS_SHARING_LEVEL=PUBLIC_OPEN|COICOP_1999=_T|COMMON_REFERENCE_PERIOD=2023M6|FREQUENCY=M|IFS_FLAG=true|INDEX_TYPE=CPI|OVERLAP=OL|SCALE=0|SECURITY_CLASSIFICATION=PUB|TYPE_OF_TRANSFORMATION=IX|aggregation=quarterly_mean,\N,"{""aggregation_method"": ""quarterly_mean"", ""source_derivation_types"": [""O"", ""O"", ""O""], ""source_months"": [""2015-M10"", ""2015-M11"", ""2015-M12""], ""source_observation_count"": 3, ""source_series_dimensions"": {""ACCESS_SHARING_LEVEL"": ""PUBLIC_OPEN"", ""COICOP_1999"": ""_T"", ""COMMON_REFERENCE_PERIOD"": ""2023M6"", ""COUNTRY"": ""KIR"", ""FREQUENCY"": ""M"", ""IFS_FLAG"": ""true"", ""INDEX_TYPE"": ""CPI"", ""OVERLAP"": ""OL"", ""SCALE"": ""0"", ""SECURITY_CLASSIFICATION"": ""PUB"", ""TYPE_OF_TRANSFORMATION"": ""IX""}}"
KNA,cpi_index_all_items_quarterly_imf,2015-Q1,quarterly,108.54666666666667,\N,derived,IMF_CPI,IMF|ACCESS_SHARING_LEVEL=PUBLIC_OPEN|COICOP_1999=_T|COMMON_REFERENCE_PERIOD=Multiple|FREQUENCY=M|IFS_FLAG=true|INDEX_TYPE=CPI|OVERLAP=OL|SCALE=0|SECURITY_CLASSIFICATION=PUB|TYPE_OF_TRANSFORMATION=IX|aggregation=quarterly_mean,\N,"{""aggregation_method"": ""quarterly_mean"", ""source_derivation_types"": [""O"", ""O"", ""O""], ""source_months"": [""2015-M01"", ""2015-M02"", ""2015-M03""], ""source_observation_count"": 3, ""source_series_dimensions"": {""ACCESS_SHARING_LEVEL"": ""PUBLIC_OPEN"", ""COICOP_1999"": ""_T"", ""COMMON_REFERENCE_PERIOD"": ""Multiple"", ""COUNTRY"": ""KNA"", ""FREQUENCY"": ""M"", ""IFS_FLAG"": ""true"", ""INDEX_TYPE"": ""CPI"", ""OVERLAP"": ""OL"", ""SCALE"": ""0"", ""SECURITY_CLASSIFICATION"": ""PUB"", ""TYPE_OF_TRANSFORMATION"": ""IX""}}"
KNA,cpi_index_all_items_quarterly_imf,2015-Q2,quarterly,107.34666666666665,\N,derived,IMF_CPI,IMF|ACCESS_SHARING_LEVEL=PUBLIC_OPEN|COICOP_1999=_T|COMMON_REFERENCE_PERIOD=Multiple|FREQUENCY=M|IFS_FLAG=true|INDEX_TYPE=CPI|OVERLAP=OL|SCALE=0|SECURITY_CLASSIFICATION=PUB|TYPE_OF_TRANSFORMATION=IX|aggregation=quarterly_mean,\N,"{""aggregation_method"": ""quarterly_mean"", ""source_derivation_types"": [""O"", ""O"", ""O""], ""source_months"": [""2015-M04"", ""2015-M05"", ""2015-M06""], ""source_observation_count"": 3, ""source_series_dimensions"": {""ACCESS_SHARING_LEVEL"": ""PUBLIC_OPEN"", ""COICOP_1999"": ""_T"", ""COMMON_REFERENCE_PERIOD"": ""Multiple"", ""COUNTRY"": ""KNA"", ""FREQUENCY"": ""M"", ""IFS_FLAG"": ""true"", ""INDEX_TYPE"": ""CPI"", ""OVERLAP"": ""OL"", ""SCALE"": ""0"", ""SECURITY_CLASSIFICATION"": ""PUB"", ""TYPE_OF_TRANSFORMATION"": ""IX""}}"
KNA,cpi_index_all_items_quarterly_imf,2015-Q3,quarterly,107.02,\N,derived,IMF_CPI,IMF|ACCESS_SHARING_LEVEL=PUBLIC_OPEN|COICOP_1999=_T|COMMON_REFERENCE_PERIOD=Multiple|FREQUENCY=M|IFS_FLAG=true|INDEX_TYPE=CPI|OVERLAP=OL|SCALE=0|SECURITY_CLASSIFICATION=PUB|TYPE_OF_TRANSFORMATION=IX|aggregation=quarterly_mean,\N,"{""aggregation_method"": ""quarterly_mean"", ""source_derivation_types"": [""O"", ""O"", ""O""], ""source_months"": [""2015-M07"", ""2015-M08"", ""2015-M09""], ""source_observation_count"": 3, ""source_series_dimensions"": {""ACCESS_SHARING_LEVEL"": ""PUBLIC_OPEN"", ""COICOP_1999"": ""_T"", ""COMMON_REFERENCE_PERIOD"": ""Multiple"", ""COUNTRY"": ""KNA"", ""FREQUENCY"": ""M"", ""IFS_FLAG"": ""true"", ""INDEX_TYPE"": ""CPI"", ""OVERLAP"": ""OL"", ""SCALE"": ""0"", ""SECURITY_CLASSIFICATION"": ""PUB"", ""TYPE_OF_TRANSFORMATION"": ""IX""}}"
KNA,cpi_index_all_items_quarterly_imf,2015-Q4,quarterly,106.46666666666665,\N,derived,IMF_CPI,IMF|ACCESS_SHARING_LEVEL=PUBLIC_OPEN|COICOP_1999=_T|COMMON_REFERENCE_PERIOD=Multiple|FREQUENCY=M|IFS_FLAG=true|INDEX_TYPE=CPI|OVERLAP=OL|SCALE=0|SECURITY_CLASSIFICATION=PUB|TYPE_OF_TRANSFORMATION=IX|aggregation=quarterly_mean,\N,"{""aggregation_method"": ""quarterly_mean"", ""source_derivation_types"": [""O"", ""O"", ""O""], ""source_months"": [""2015-M10"", ""2015-M11"", ""2015-M12""], ""source_observation_count"": 3, ""source_series_dimensions"": {""ACCESS_SHARING_LEVEL"": ""PUBLIC_OPEN"", ""COICOP_1999"": ""_T"", ""COMMON_REFERENCE_PERIOD"": ""Multiple"", ""COUNTRY"": ""KNA"", ""FREQUENCY"": ""M"", ""IFS_FLAG"": ""true"", ""INDEX_TYPE"": ""CPI"", ""OVERLAP"": ""OL"", ""SCALE"": ""0"", ""SECURITY_CLASSIFICATION"": ""PUB"", ""TYPE_OF_TRANSFORMATION"": ""IX""}}"
KOR,cpi_index_all_items_quarterly_imf,2015-Q1,quarterly,94.60866666666668,\N,derived,IMF_CPI,IMF|ACCESS_SHARING_LEVEL=PUBLIC_OPEN|COICOP_1999=_T|COMMON_REFERENCE_PERIOD=2020A|FREQUENCY=M|IFS_FLAG=true|INDEX_TYPE=CPI|OVERLAP=OL|SCALE=0|SECURITY_CLASSIFICATION=PUB|TYPE_OF_TRANSFORMATION=IX|aggregation=quarterly_mean,\N,"{""aggregation_method"": ""quarterly_mean"", ""source_derivation_types"": [""O"", ""O"", ""O""], ""source_months"": [""2015-M01"", ""2015-M02"", ""2015-M03""], ""source_observation_count"": 3, ""source_series_dimensions"": {""ACCESS_SHARING_LEVEL"": ""PUBLIC_OPEN"", ""COICOP_1999"": ""_T"", ""COMMON_REFERENCE_PERIOD"": ""2020A"", ""COUNTRY"": ""KOR"", ""FREQUENCY"": ""M"", ""IFS_FLAG"": ""true"", ""INDEX_TYPE"": ""CPI"", ""OVERLAP"": ""OL"", ""SCALE"": ""0"", ""SECURITY_CLASSIFICATION"": ""PUB"", ""TYPE_OF_TRANSFORMATION"": ""IX""}}"
KOR,cpi_index_all_items_quarterly_imf,2015-Q2,quarterly,94.80799999999999,\N,derived,IMF_CPI,IMF|ACCESS_SHARING_LEVEL=PUBLIC_OPEN|COICOP_1999=_T|COMMON_REFERENCE_PERIOD=2020A|FREQUENCY=M|IFS_FLAG=true|INDEX_TYPE=CPI|OVERLAP=OL|SCALE=0|SECURITY_CLASSIFICATION=PUB|TYPE_OF_TRANSFORMATION=IX|aggregation=quarterly_mean,\N,"{""aggregation_method"": ""quarterly_mean"", ""source_derivation_types"": [""O"", ""O"", ""O""], ""source_months"": [""2015-M04"", ""2015-M05"", ""2015-M06""], ""source_observation_count"": 3, ""source_series_dimensions"": {""ACCESS_SHARING_LEVEL"": ""PUBLIC_OPEN"", ""COICOP_1999"": ""_T"", ""COMMON_REFERENCE_PERIOD"": ""2020A"", ""COUNTRY"": ""KOR"", ""FREQUENCY"": ""M"", ""IFS_FLAG"": ""true"", ""INDEX_TYPE"": ""CPI"", ""OVERLAP"": ""OL"", ""SCALE"": ""0"", ""SECURITY_CLASSIFICATION"": ""PUB"", ""TYPE_OF_TRANSFORMATION"": ""IX""}}"
KOR,cpi_index_all_items_quarterly_imf,2015-Q3,quarterly,95.08633333333334,\N,derived,IMF_CPI,IMF|ACCESS_SHARING_LEVEL=PUBLIC_OPEN|COICOP_1999=_T|COMMON_REFERENCE_PERIOD=2020A|FREQUENCY=M|IFS_FLAG=true|INDEX_TYPE=CPI|OVERLAP=OL|SCALE=0|SECURITY_CLASSIFICATION=PUB|TYPE_OF_TRANSFORMATION=IX|aggregation=quarterly_mean,\N,"{""aggregation_method"": ""quarterly_mean"", ""source_derivation_types"": [""O"", ""O"", ""O""], ""source_months"": [""2015-M07"", ""2015-M08"", ""2015-M09""], ""source_observation_count"": 3, ""source_series_dimensions"": {""ACCESS_SHARING_LEVEL"": ""PUBLIC_OPEN"", ""COICOP_1999"": ""_T"", ""COMMON_REFERENCE_PERIOD"": ""2020A"", ""COUNTRY"": ""KOR"", ""FREQUENCY"": ""M"", ""IFS_FLAG"": ""true"", ""INDEX_TYPE"": ""CPI"", ""OVERLAP"": ""OL"", ""SCALE"": ""0"", ""SECURITY_CLASSIFICATION"": ""PUB"", ""TYPE_OF_TRANSFORMATION"": ""IX""}}"
KOR,cpi_index_all_items_quarterly_imf,2015-Q4,quarterly,94.94066666666667,\N,derived,IMF_CPI,IMF|ACCESS_SHARING_LEVEL=PUBLIC_OPEN|COICOP_1999=_T|COMMON_REFERENCE_PERIOD=2020A|FREQUENCY=M|IFS_FLAG=true|INDEX_TYPE=CPI|OVERLAP=OL|SCALE=0|SECURITY_CLASSIFICATION=PUB|TYPE_OF_TRANSFORMATION=IX|aggregation=quarterly_mean,\N,"{""aggregation_method"": ""quarterly_mean"", ""source_derivation_types"": [""O"", ""O"", ""O""], ""source_months"": [""2015-M10"", ""2015-M11"", ""2015-M12""], ""source_observation_count"": 3, ""source_series_dimensions"": {""ACCESS_SHARING_LEVEL"": ""PUBLIC_OPEN"", ""COICOP_1999"": ""_T"", ""COMMON_REFERENCE_PERIOD"": ""2020A"", ""COUNTRY"": ""KOR"", ""FREQUENCY"": ""M"", ""IFS_FLAG"": ""true"", ""INDEX_TYPE"": ""CPI"", ""OVERLAP"": ""OL"", ""SCALE"": ""0"", ""SECURITY_CLASSIFICATION"": ""PUB"", ""TYPE_OF_TRANSFORMATION"": ""IX""}}"
KWT,cpi_index_all_items_quarterly_imf,2015-Q1,quarterly,105.35568654646323,\N,derived,IMF_CPI,IMF|ACCESS_SHARING_LEVEL=PUBLIC_OPEN|COICOP_1999=_T|COMMON_REFERENCE_PERIOD=2013A|FREQUENCY=M|IFS_FLAG=true|INDEX_TYPE=CPI|OVERLAP=OL|SCALE=0|SECURITY_CLASSIFICATION=PUB|TYPE_OF_TRANSFORMATION=IX|aggregation=quarterly_mean,\N,"{""aggregation_method"": ""quarterly_mean"", ""source_derivation_types"": [""O"", ""O"", ""O""], ""source_months"": [""2015-M01"", ""2015-M02"", ""2015-M03""], ""source_observation_count"": 3, ""source_series_dimensions"": {""ACCESS_SHARING_LEVEL"": ""PUBLIC_OPEN"", ""COICOP_1999"": ""_T"", ""COMMON_REFERENCE_PERIOD"": ""2013A"", ""COUNTRY"": ""KWT"", ""FREQUENCY"": ""M"", ""IFS_FLAG"": ""true"", ""INDEX_TYPE"": ""CPI"", ""OVERLAP"": ""OL"", ""SCALE"": ""0"", ""SECURITY_CLASSIFICATION"": ""PUB"", ""TYPE_OF_TRANSFORMATION"": ""IX""}}"
KWT,cpi_index_all_items_quarterly_imf,2015-Q2,quarterly,106.2868932038835,\N,derived,IMF_CPI,IMF|ACCESS_SHARING_LEVEL=PUBLIC_OPEN|COICOP_1999=_T|COMMON_REFERENCE_PERIOD=2013A|FREQUENCY=M|IFS_FLAG=true|INDEX_TYPE=CPI|OVERLAP=OL|SCALE=0|SECURITY_CLASSIFICATION=PUB|TYPE_OF_TRANSFORMATION=IX|aggregation=quarterly_mean,\N,"{""aggregation_method"": ""quarterly_mean"", ""source_derivation_types"": [""O"", ""O"", ""O""], ""source_months"": [""2015-M04"", ""2015-M05"", ""2015-M06""], ""source_observation_count"": 3, ""source_series_dimensions"": {""ACCESS_SHARING_LEVEL"": ""PUBLIC_OPEN"", ""COICOP_1999"": ""_T"", ""COMMON_REFERENCE_PERIOD"": ""2013A"", ""COUNTRY"": ""KWT"", ""FREQUENCY"": ""M"", ""IFS_FLAG"": ""true"", ""INDEX_TYPE"": ""CPI"", ""OVERLAP"": ""OL"", ""SCALE"": ""0"", ""SECURITY_CLASSIFICATION"": ""PUB"", ""TYPE_OF_TRANSFORMATION"": ""IX""}}"
KWT,cpi_index_all_items_quarterly_imf,2015-Q3,quarterly,106.95943134535366,\N,derived,IMF_CPI,IMF|ACCESS_SHARING_LEVEL=PUBLIC_OPEN|COICOP_1999=_T|COMMON_REFERENCE_PERIOD=2013A|FREQUENCY=M|IFS_FLAG=true|INDEX_TYPE=CPI|OVERLAP=OL|SCALE=0|SECURITY_CLASSIFICATION=PUB|TYPE_OF_TRANSFORMATION=IX|aggregation=quarterly_mean,\N,"{""aggregation_method"": ""quarterly_mean"", ""source_derivation_types"": [""O"", ""O"", ""O""], ""source_months"": [""2015-M07"", ""2015-M08"", ""2015-M09""], ""source_observation_count"": 3, ""source_series_dimensions"": {""ACCESS_SHARING_LEVEL"": ""PUBLIC_OPEN"", ""COICOP_1999"": ""_T"", ""COMMON_REFERENCE_PERIOD"": ""2013A"", ""COUNTRY"": ""KWT"", ""FREQUENCY"": ""M"", ""IFS_FLAG"": ""true"", ""INDEX_TYPE"": ""CPI"", ""OVERLAP"": ""OL"", ""SCALE"": ""0"", ""SECURITY_CLASSIFICATION"": ""PUB"", ""TYPE_OF_TRANSFORMATION"": ""IX""}}"
KWT,cpi_index_all_items_quarterly_imf,2015-Q4,quarterly,107.60610263522882,\N,derived,IMF_CPI,IMF|ACCESS_SHARING_LEVEL=PUBLIC_OPEN|COICOP_1999=_T|COMMON_REFERENCE_PERIOD=2013A|FREQUENCY=M|IFS_FLAG=true|INDEX_TYPE=CPI|OVERLAP=OL|SCALE=0|SECURITY_CLASSIFICATION=PUB|TYPE_OF_TRANSFORMATION=IX|aggregation=quarterly_mean,\N,"{""aggregation_method"": ""quarterly_mean"", ""source_derivation_types"": [""O"", ""O"", ""O""], ""source_months"": [""2015-M10"", ""2015-M11"", ""2015-M12""], ""source_observation_count"": 3, ""source_series_dimensions"": {""ACCESS_SHARING_LEVEL"": ""PUBLIC_OPEN"", ""COICOP_1999"": ""_T"", ""COMMON_REFERENCE_PERIOD"": ""2013A"", ""COUNTRY"": ""KWT"", ""FREQUENCY"": ""M"", ""IFS_FLAG"": ""true"", ""INDEX_TYPE"": ""CPI"", ""OVERLAP"": ""OL"", ""SCALE"": ""0"", ""SECURITY_CLASSIFICATION"": ""PUB"", ""TYPE_OF_TRANSFORMATION"": ""IX""}}"
LAO,cpi_index_all_items_quarterly_imf,2015-Q1,quarterly,98.7007189269688,\N,derived,IMF_CPI,IMF|ACCESS_SHARING_LEVEL=PUBLIC_OPEN|COICOP_1999=_T|COMMON_REFERENCE_PERIOD=2015M12|FREQUENCY=M|IFS_FLAG=true|INDEX_TYPE=CPI|OVERLAP=OL|SCALE=0|SECURITY_CLASSIFICATION=PUB|TYPE_OF_TRANSFORMATION=IX|aggregation=quarterly_mean,\N,"{""aggregation_method"": ""quarterly_mean"", ""source_derivation_types"": [""O"", ""O"", ""O""], ""source_months"": [""2015-M01"", ""2015-M02"", ""2015-M03""], ""source_observation_count"": 3, ""source_series_dimensions"": {""ACCESS_SHARING_LEVEL"": ""PUBLIC_OPEN"", ""COICOP_1999"": ""_T"", ""COMMON_REFERENCE_PERIOD"": ""2015M12"", ""COUNTRY"": ""LAO"", ""FREQUENCY"": ""M"", ""IFS_FLAG"": ""true"", ""INDEX_TYPE"": ""CPI"", ""OVERLAP"": ""OL"", ""SCALE"": ""0"", ""SECURITY_CLASSIFICATION"": ""PUB"", ""TYPE_OF_TRANSFORMATION"": ""IX""}}"
LAO,cpi_index_all_items_quarterly_imf,2015-Q2,quarterly,99.60988402205628,\N,derived,IMF_CPI,IMF|ACCESS_SHARING_LEVEL=PUBLIC_OPEN|COICOP_1999=_T|COMMON_REFERENCE_PERIOD=2015M12|FREQUENCY=M|IFS_FLAG=true|INDEX_TYPE=CPI|OVERLAP=OL|SCALE=0|SECURITY_CLASSIFICATION=PUB|TYPE_OF_TRANSFORMATION=IX|aggregation=quarterly_mean,\N,"{""aggregation_method"": ""quarterly_mean"", ""source_derivation_types"": [""O"", ""O"", ""O""], ""source_months"": [""2015-M04"", ""2015-M05"", ""2015-M06""], ""source_observation_count"": 3, ""source_series_dimensions"": {""ACCESS_SHARING_LEVEL"": ""PUBLIC_OPEN"", ""COICOP_1999"": ""_T"", ""COMMON_REFERENCE_PERIOD"": ""2015M12"", ""COUNTRY"": ""LAO"", ""FREQUENCY"": ""M"", ""IFS_FLAG"": ""true"", ""INDEX_TYPE"": ""CPI"", ""OVERLAP"": ""OL"", ""SCALE"": ""0"", ""SECURITY_CLASSIFICATION"": ""PUB"", ""TYPE_OF_TRANSFORMATION"": ""IX""}}"
LAO,cpi_index_all_items_quarterly_imf,2015-Q3,quarterly,100.26811519265276,\N,derived,IMF_CPI,IMF|ACCESS_SHARING_LEVEL=PUBLIC_OPEN|COICOP_1999=_T|COMMON_REFERENCE_PERIOD=2015M12|FREQUENCY=M|IFS_FLAG=true|INDEX_TYPE=CPI|OVERLAP=OL|SCALE=0|SECURITY_CLASSIFICATION=PUB|TYPE_OF_TRANSFORMATION=IX|aggregation=quarterly_mean,\N,"{""aggregation_method"": ""quarterly_mean"", ""source_derivation_types"": [""O"", ""O"", ""O""], ""source_months"": [""2015-M07"", ""2015-M08"", ""2015-M09""], ""source_observation_count"": 3, ""source_series_dimensions"": {""ACCESS_SHARING_LEVEL"": ""PUBLIC_OPEN"", ""COICOP_1999"": ""_T"", ""COMMON_REFERENCE_PERIOD"": ""2015M12"", ""COUNTRY"": ""LAO"", ""FREQUENCY"": ""M"", ""IFS_FLAG"": ""true"", ""INDEX_TYPE"": ""CPI"", ""OVERLAP"": ""OL"", ""SCALE"": ""0"", ""SECURITY_CLASSIFICATION"": ""PUB"", ""TYPE_OF_TRANSFORMATION"": ""IX""}}"
LAO,cpi_index_all_items_quarterly_imf,2015-Q4,quarterly,100.2718407479898,\N,derived,IMF_CPI,IMF|ACCESS_SHARING_LEVEL=PUBLIC_OPEN|COICOP_1999=_T|COMMON_REFERENCE_PERIOD=2015M12|FREQUENCY=M|IFS_FLAG=true|INDEX_TYPE=CPI|OVERLAP=OL|SCALE=0|SECURITY_CLASSIFICATION=PUB|TYPE_OF_TRANSFORMATION=IX|aggregation=quarterly_mean,\N,"{""aggregation_method"": ""quarterly_mean"", ""source_derivation_types"": [""O"", ""O"", ""O""], ""source_months"": [""2015-M10"", ""2015-M11"", ""2015-M12""], ""source_observation_count"": 3, ""source_series_dimensions"": {""ACCESS_SHARING_LEVEL"": ""PUBLIC_OPEN"", ""COICOP_1999"": ""_T"", ""COMMON_REFERENCE_PERIOD"": ""2015M12"", ""COUNTRY"": ""LAO"", ""FREQUENCY"": ""M"", ""IFS_FLAG"": ""true"", ""INDEX_TYPE"": ""CPI"", ""OVERLAP"": ""OL"", ""SCALE"": ""0"", ""SECURITY_CLASSIFICATION"": ""PUB"", ""TYPE_OF_TRANSFORMATION"": ""IX""}}"
LBN,cpi_index_all_items_quarterly_imf,2015-Q1,quarterly,97.55078075052234,\N,derived,IMF_CPI,IMF|ACCESS_SHARING_LEVEL=PUBLIC_OPEN|COICOP_1999=_T|COMMON_REFERENCE_PERIOD=2013M12|FREQUENCY=M|IFS_FLAG=true|INDEX_TYPE=CPI|OVERLAP=OL|SCALE=0|SECURITY_CLASSIFICATION=PUB|TYPE_OF_TRANSFORMATION=IX|aggregation=quarterly_mean,\N,"{""aggregation_method"": ""quarterly_mean"", ""source_derivation_types"": [""O"", ""O"", ""O""], ""source_months"": [""2015-M01"", ""2015-M02"", ""2015-M03""], ""source_observation_count"": 3, ""source_series_dimensions"": {""ACCESS_SHARING_LEVEL"": ""PUBLIC_OPEN"", ""COICOP_1999"": ""_T"", ""COMMON_REFERENCE_PERIOD"": ""2013M12"", ""COUNTRY"": ""LBN"", ""FREQUENCY"": ""M"", ""IFS_FLAG"": ""true"", ""INDEX_TYPE"": ""CPI"", ""OVERLAP"": ""OL"", ""SCALE"": ""0"", ""SECURITY_CLASSIFICATION"": ""PUB"", ""TYPE_OF_TRANSFORMATION"": ""IX""}}"
LBN,cpi_index_all_items_quarterly_imf,2015-Q2,quarterly,97.69110557049596,\N,derived,IMF_CPI,IMF|ACCESS_SHARING_LEVEL=PUBLIC_OPEN|COICOP_1999=_T|COMMON_REFERENCE_PERIOD=2013M12|FREQUENCY=M|IFS_FLAG=true|INDEX_TYPE=CPI|OVERLAP=OL|SCALE=0|SECURITY_CLASSIFICATION=PUB|TYPE_OF_TRANSFORMATION=IX|aggregation=quarterly_mean,\N,"{""aggregation_method"": ""quarterly_mean"", ""source_derivation_types"": [""O"", ""O"", ""O""], ""source_months"": [""2015-M04"", ""2015-M05"", ""2015-M06""], ""source_observation_count"": 3, ""source_series_dimensions"": {""ACCESS_SHARING_LEVEL"": ""PUBLIC_OPEN"", ""COICOP_1999"": ""_T"", ""COMMON_REFERENCE_PERIOD"": ""2013M12"", ""COUNTRY"": ""LBN"", ""FREQUENCY"": ""M"", ""IFS_FLAG"": ""true"", ""INDEX_TYPE"": ""CPI"", ""OVERLAP"": ""OL"", ""SCALE"": ""0"", ""SECURITY_CLASSIFICATION"": ""PUB"", ""TYPE_OF_TRANSFORMATION"": ""IX""}}"
LBN,cpi_index_all_items_quarterly_imf,2015-Q3,quarterly,96.4419133469254,\N,derived,IMF_CPI,IMF|ACCESS_SHARING_LEVEL=PUBLIC_OPEN|COICOP_1999=_T|COMMON_REFERENCE_PERIOD=2013M12|FREQUENCY=M|IFS_FLAG=true|INDEX_TYPE=CPI|OVERLAP=OL|SCALE=0|SECURITY_CLASSIFICATION=PUB|TYPE_OF_TRANSFORMATION=IX|aggregation=quarterly_mean,\N,"{""aggregation_method"": ""quarterly_mean"", ""source_derivation_types"": [""O"", ""O"", ""O""], ""source_months"": [""2015-M07"", ""2015-M08"", ""2015-M09""], ""source_observation_count"": 3, ""source_series_dimensions"": {""ACCESS_SHARING_LEVEL"": ""PUBLIC_OPEN"", ""COICOP_1999"": ""_T"", ""COMMON_REFERENCE_PERIOD"": ""2013M12"", ""COUNTRY"": ""LBN"", ""FREQUENCY"": ""M"", ""IFS_FLAG"": ""true"", ""INDEX_TYPE"": ""CPI"", ""OVERLAP"": ""OL"", ""SCALE"": ""0"", ""SECURITY_CLASSIFICATION"": ""PUB"", ""TYPE_OF_TRANSFORMATION"": ""IX""}}"
LBN,cpi_index_all_items_quarterly_imf,2015-Q4,quarterly,96.45401354487846,\N,derived,IMF_CPI,IMF|ACCESS_SHARING_LEVEL=PUBLIC_OPEN|COICOP_1999=_T|COMMON_REFERENCE_PERIOD=2013M12|FREQUENCY=M|IFS_FLAG=true|INDEX_TYPE=CPI|OVERLAP=OL|SCALE=0|SECURITY_CLASSIFICATION=PUB|TYPE_OF_TRANSFORMATION=IX|aggregation=quarterly_mean,\N,"{""aggregation_method"": ""quarterly_mean"", ""source_derivation_types"": [""O"", ""O"", ""O""], ""source_months"": [""2015-M10"", ""2015-M11"", ""2015-M12""], ""source_observation_count"": 3, ""source_series_dimensions"": {""ACCESS_SHARING_LEVEL"": ""PUBLIC_OPEN"", ""COICOP_1999"": ""_T"", ""COMMON_REFERENCE_PERIOD"": ""2013M12"", ""COUNTRY"": ""LBN"", ""FREQUENCY"": ""M"", ""IFS_FLAG"": ""true"", ""INDEX_TYPE"": ""CPI"", ""OVERLAP"": ""OL"", ""SCALE"": ""0"", ""SECURITY_CLASSIFICATION"": ""PUB"", ""TYPE_OF_TRANSFORMATION"": ""IX""}}"
LBR,cpi_index_all_items_quarterly_imf,2015-Q1,quarterly,56.65212741067549,\N,derived,IMF_CPI,IMF|ACCESS_SHARING_LEVEL=PUBLIC_OPEN|COICOP_1999=_T|COMMON_REFERENCE_PERIOD=2018M12|FREQUENCY=M|IFS_FLAG=true|INDEX_TYPE=CPI|OVERLAP=OL|SCALE=0|SECURITY_CLASSIFICATION=PUB|TYPE_OF_TRANSFORMATION=IX|aggregation=quarterly_mean,\N,"{""aggregation_method"": ""quarterly_mean"", ""source_derivation_types"": [""O"", ""O"", ""O""], ""source_months"": [""2015-M01"", ""2015-M02"", ""2015-M03""], ""source_observation_count"": 3, ""source_series_dimensions"": {""ACCESS_SHARING_LEVEL"": ""PUBLIC_OPEN"", ""COICOP_1999"": ""_T"", ""COMMON_REFERENCE_PERIOD"": ""2018M12"", ""COUNTRY"": ""LBR"", ""FREQUENCY"": ""M"", ""IFS_FLAG"": ""true"", ""INDEX_TYPE"": ""CPI"", ""OVERLAP"": ""OL"", ""SCALE"": ""0"", ""SECURITY_CLASSIFICATION"": ""PUB"", ""TYPE_OF_TRANSFORMATION"": ""IX""}}"
LBR,cpi_index_all_items_quarterly_imf,2015-Q2,quarterly,57.76732509584202,\N,derived,IMF_CPI,IMF|ACCESS_SHARING_LEVEL=PUBLIC_OPEN|COICOP_1999=_T|COMMON_REFERENCE_PERIOD=2018M12|FREQUENCY=M|IFS_FLAG=true|INDEX_TYPE=CPI|OVERLAP=OL|SCALE=0|SECURITY_CLASSIFICATION=PUB|TYPE_OF_TRANSFORMATION=IX|aggregation=quarterly_mean,\N,"{""aggregation_method"": ""quarterly_mean"", ""source_derivation_types"": [""O"", ""O"", ""O""], ""source_months"": [""2015-M04"", ""2015-M05"", ""2015-M06""], ""source_observation_count"": 3, ""source_series_dimensions"": {""ACCESS_SHARING_LEVEL"": ""PUBLIC_OPEN"", ""COICOP_1999"": ""_T"", ""COMMON_REFERENCE_PERIOD"": ""2018M12"", ""COUNTRY"": ""LBR"", ""FREQUENCY"": ""M"", ""IFS_FLAG"": ""true"", ""INDEX_TYPE"": ""CPI"", ""OVERLAP"": ""OL"", ""SCALE"": ""0"", ""SECURITY_CLASSIFICATION"": ""PUB"", ""TYPE_OF_TRANSFORMATION"": ""IX""}}"
LBR,cpi_index_all_items_quarterly_imf,2015-Q3,quarterly,60.83784311021959,\N,derived,IMF_CPI,IMF|ACCESS_SHARING_LEVEL=PUBLIC_OPEN|COICOP_1999=_T|COMMON_REFERENCE_PERIOD=2018M12|FREQUENCY=M|IFS_FLAG=true|INDEX_TYPE=CPI|OVERLAP=OL|SCALE=0|SECURITY_CLASSIFICATION=PUB|TYPE_OF_TRANSFORMATION=IX|aggregation=quarterly_mean,\N,"{""aggregation_method"": ""quarterly_mean"", ""source_derivation_types"": [""O"", ""O"", ""O""], ""source_months"": [""2015-M07"", ""2015-M08"", ""2015-M09""], ""source_observation_count"": 3, ""source_series_dimensions"": {""ACCESS_SHARING_LEVEL"": ""PUBLIC_OPEN"", ""COICOP_1999"": ""_T"", ""COMMON_REFERENCE_PERIOD"": ""2018M12"", ""COUNTRY"": ""LBR"", ""FREQUENCY"": ""M"", ""IFS_FLAG"": ""true"", ""INDEX_TYPE"": ""CPI"", ""OVERLAP"": ""OL"", ""SCALE"": ""0"", ""SECURITY_CLASSIFICATION"": ""PUB"", ""TYPE_OF_TRANSFORMATION"": ""IX""}}"
LBR,cpi_index_all_items_quarterly_imf,2015-Q4,quarterly,60.97125136834804,\N,derived,IMF_CPI,IMF|ACCESS_SHARING_LEVEL=PUBLIC_OPEN|COICOP_1999=_T|COMMON_REFERENCE_PERIOD=2018M12|FREQUENCY=M|IFS_FLAG=true|INDEX_TYPE=CPI|OVERLAP=OL|SCALE=0|SECURITY_CLASSIFICATION=PUB|TYPE_OF_TRANSFORMATION=IX|aggregation=quarterly_mean,\N,"{""aggregation_method"": ""quarterly_mean"", ""source_derivation_types"": [""O"", ""O"", ""O""], ""source_months"": [""2015-M10"", ""2015-M11"", ""2015-M12""], ""source_observation_count"": 3, ""source_series_dimensions"": {""ACCESS_SHARING_LEVEL"": ""PUBLIC_OPEN"", ""COICOP_1999"": ""_T"", ""COMMON_REFERENCE_PERIOD"": ""2018M12"", ""COUNTRY"": ""LBR"", ""FREQUENCY"": ""M"", ""IFS_FLAG"": ""true"", ""INDEX_TYPE"": ""CPI"", ""OVERLAP"": ""OL"", ""SCALE"": ""0"", ""SECURITY_CLASSIFICATION"": ""PUB"", ""TYPE_OF_TRANSFORMATION"": ""IX""}}"
LBY,cpi_index_all_items_quarterly_imf,2015-Q1,quarterly,47.388647737012214,\N,derived,IMF_CPI,IMF|ACCESS_SHARING_LEVEL=PUBLIC_OPEN|COICOP_1999=_T|COMMON_REFERENCE_PERIOD=2024A|FREQUENCY=M|IFS_FLAG=true|INDEX_TYPE=CPI|OVERLAP=OL|SCALE=0|SECURITY_CLASSIFICATION=PUB|TYPE_OF_TRANSFORMATION=IX|aggregation=quarterly_mean,\N,"{""aggregation_method"": ""quarterly_mean"", ""source_derivation_types"": [""O"", ""O"", ""O""], ""source_months"": [""2015-M01"", ""2015-M02"", ""2015-M03""], ""source_observation_count"": 3, ""source_series_dimensions"": {""ACCESS_SHARING_LEVEL"": ""PUBLIC_OPEN"", ""COICOP_1999"": ""_T"", ""COMMON_REFERENCE_PERIOD"": ""2024A"", ""COUNTRY"": ""LBY"", ""FREQUENCY"": ""M"", ""IFS_FLAG"": ""true"", ""INDEX_TYPE"": ""CPI"", ""OVERLAP"": ""OL"", ""SCALE"": ""0"", ""SECURITY_CLASSIFICATION"": ""PUB"", ""TYPE_OF_TRANSFORMATION"": ""IX""}}"
LBY,cpi_index_all_items_quarterly_imf,2015-Q2,quarterly,48.074317785949155,\N,derived,IMF_CPI,IMF|ACCESS_SHARING_LEVEL=PUBLIC_OPEN|COICOP_1999=_T|COMMON_REFERENCE_PERIOD=2024A|FREQUENCY=M|IFS_FLAG=true|INDEX_TYPE=CPI|OVERLAP=OL|SCALE=0|SECURITY_CLASSIFICATION=PUB|TYPE_OF_TRANSFORMATION=IX|aggregation=quarterly_mean,\N,"{""aggregation_method"": ""quarterly_mean"", ""source_derivation_types"": [""O"", ""O"", ""O""], ""source_months"": [""2015-M04"", ""2015-M05"", ""2015-M06""], ""source_observation_count"": 3, ""source_series_dimensions"": {""ACCESS_SHARING_LEVEL"": ""PUBLIC_OPEN"", ""COICOP_1999"": ""_T"", ""COMMON_REFERENCE_PERIOD"": ""2024A"", ""COUNTRY"": ""LBY"", ""FREQUENCY"": ""M"", ""IFS_FLAG"": ""true"", ""INDEX_TYPE"": ""CPI"", ""OVERLAP"": ""OL"", ""SCALE"": ""0"", ""SECURITY_CLASSIFICATION"": ""PUB"", ""TYPE_OF_TRANSFORMATION"": ""IX""}}"
LBY,cpi_index_all_items_quarterly_imf,2015-Q3,quarterly,50.076031961071486,\N,derived,IMF_CPI,IMF|ACCESS_SHARING_LEVEL=PUBLIC_OPEN|COICOP_1999=_T|COMMON_REFERENCE_PERIOD=2024A|FREQUENCY=M|IFS_FLAG=true|INDEX_TYPE=CPI|OVERLAP=OL|SCALE=0|SECURITY_CLASSIFICATION=PUB|TYPE_OF_TRANSFORMATION=IX|aggregation=quarterly_mean,\N,"{""aggregation_method"": ""quarterly_mean"", ""source_derivation_types"": [""O"", ""O"", ""O""], ""source_months"": [""2015-M07"", ""2015-M08"", ""2015-M09""], ""source_observation_count"": 3, ""source_series_dimensions"": {""ACCESS_SHARING_LEVEL"": ""PUBLIC_OPEN"", ""COICOP_1999"": ""_T"", ""COMMON_REFERENCE_PERIOD"": ""2024A"", ""COUNTRY"": ""LBY"", ""FREQUENCY"": ""M"", ""IFS_FLAG"": ""true"", ""INDEX_TYPE"": ""CPI"", ""OVERLAP"": ""OL"", ""SCALE"": ""0"", ""SECURITY_CLASSIFICATION"": ""PUB"", ""TYPE_OF_TRANSFORMATION"": ""IX""}}"
LBY,cpi_index_all_items_quarterly_imf,2015-Q4,quarterly,54.566064862174635,\N,derived,IMF_CPI,IMF|ACCESS_SHARING_LEVEL=PUBLIC_OPEN|COICOP_1999=_T|COMMON_REFERENCE_PERIOD=2024A|FREQUENCY=M|IFS_FLAG=true|INDEX_TYPE=CPI|OVERLAP=OL|SCALE=0|SECURITY_CLASSIFICATION=PUB|TYPE_OF_TRANSFORMATION=IX|aggregation=quarterly_mean,\N,"{""aggregation_method"": ""quarterly_mean"", ""source_derivation_types"": [""O"", ""O"", ""O""], ""source_months"": [""2015-M10"", ""2015-M11"", ""2015-M12""], ""source_observation_count"": 3, ""source_series_dimensions"": {""ACCESS_SHARING_LEVEL"": ""PUBLIC_OPEN"", ""COICOP_1999"": ""_T"", ""COMMON_REFERENCE_PERIOD"": ""2024A"", ""COUNTRY"": ""LBY"", ""FREQUENCY"": ""M"", ""IFS_FLAG"": ""true"", ""INDEX_TYPE"": ""CPI"", ""OVERLAP"": ""OL"", ""SCALE"": ""0"", ""SECURITY_CLASSIFICATION"": ""PUB"", ""TYPE_OF_TRANSFORMATION"": ""IX""}}"
LCA,cpi_index_all_items_quarterly_imf,2015-Q1,quarterly,103.25431133333332,\N,derived,IMF_CPI,IMF|ACCESS_SHARING_LEVEL=PUBLIC_OPEN|COICOP_1999=_T|COMMON_REFERENCE_PERIOD=2018M1|FREQUENCY=M|IFS_FLAG=true|INDEX_TYPE=CPI|OVERLAP=OL|SCALE=0|SECURITY_CLASSIFICATION=PUB|TYPE_OF_TRANSFORMATION=IX|aggregation=quarterly_mean,\N,"{""aggregation_method"": ""quarterly_mean"", ""source_derivation_types"": [""O"", ""O"", ""O""], ""source_months"": [""2015-M01"", ""2015-M02"", ""2015-M03""], ""source_observation_count"": 3, ""source_series_dimensions"": {""ACCESS_SHARING_LEVEL"": ""PUBLIC_OPEN"", ""COICOP_1999"": ""_T"", ""COMMON_REFERENCE_PERIOD"": ""2018M1"", ""COUNTRY"": ""LCA"", ""FREQUENCY"": ""M"", ""IFS_FLAG"": ""true"", ""INDEX_TYPE"": ""CPI"", ""OVERLAP"": ""OL"", ""SCALE"": ""0"", ""SECURITY_CLASSIFICATION"": ""PUB"", ""TYPE_OF_TRANSFORMATION"": ""IX""}}"
LCA,cpi_index_all_items_quarterly_imf,2015-Q2,quarterly,102.91690033333333,\N,derived,IMF_CPI,IMF|ACCESS_SHARING_LEVEL=PUBLIC_OPEN|COICOP_1999=_T|COMMON_REFERENCE_PERIOD=2018M1|FREQUENCY=M|IFS_FLAG=true|INDEX_TYPE=CPI|OVERLAP=OL|SCALE=0|SECURITY_CLASSIFICATION=PUB|TYPE_OF_TRANSFORMATION=IX|aggregation=quarterly_mean,\N,"{""aggregation_method"": ""quarterly_mean"", ""source_derivation_types"": [""O"", ""O"", ""O""], ""source_months"": [""2015-M04"", ""2015-M05"", ""2015-M06""], ""source_observation_count"": 3, ""source_series_dimensions"": {""ACCESS_SHARING_LEVEL"": ""PUBLIC_OPEN"", ""COICOP_1999"": ""_T"", ""COMMON_REFERENCE_PERIOD"": ""2018M1"", ""COUNTRY"": ""LCA"", ""FREQUENCY"": ""M"", ""IFS_FLAG"": ""true"", ""INDEX_TYPE"": ""CPI"", ""OVERLAP"": ""OL"", ""SCALE"": ""0"", ""SECURITY_CLASSIFICATION"": ""PUB"", ""TYPE_OF_TRANSFORMATION"": ""IX""}}"
LCA,cpi_index_all_items_quarterly_imf,2015-Q3,quarterly,102.35442133333333,\N,derived,IMF_CPI,IMF|ACCESS_SHARING_LEVEL=PUBLIC_OPEN|COICOP_1999=_T|COMMON_REFERENCE_PERIOD=2018M1|FREQUENCY=M|IFS_FLAG=true|INDEX_TYPE=CPI|OVERLAP=OL|SCALE=0|SECURITY_CLASSIFICATION=PUB|TYPE_OF_TRANSFORMATION=IX|aggregation=quarterly_mean,\N,"{""aggregation_method"": ""quarterly_mean"", ""source_derivation_types"": [""O"", ""O"", ""O""], ""source_months"": [""2015-M07"", ""2015-M08"", ""2015-M09""], ""source_observation_count"": 3, ""source_series_dimensions"": {""ACCESS_SHARING_LEVEL"": ""PUBLIC_OPEN"", ""COICOP_1999"": ""_T"", ""COMMON_REFERENCE_PERIOD"": ""2018M1"", ""COUNTRY"": ""LCA"", ""FREQUENCY"": ""M"", ""IFS_FLAG"": ""true"", ""INDEX_TYPE"": ""CPI"", ""OVERLAP"": ""OL"", ""SCALE"": ""0"", ""SECURITY_CLASSIFICATION"": ""PUB"", ""TYPE_OF_TRANSFORMATION"": ""IX""}}"
LCA,cpi_index_all_items_quarterly_imf,2015-Q4,quarterly,100.82131399999999,\N,derived,IMF_CPI,IMF|ACCESS_SHARING_LEVEL=PUBLIC_OPEN|COICOP_1999=_T|COMMON_REFERENCE_PERIOD=2018M1|FREQUENCY=M|IFS_FLAG=true|INDEX_TYPE=CPI|OVERLAP=OL|SCALE=0|SECURITY_CLASSIFICATION=PUB|TYPE_OF_TRANSFORMATION=IX|aggregation=quarterly_mean,\N,"{""aggregation_method"": ""quarterly_mean"", ""source_derivation_types"": [""O"", ""O"", ""O""], ""source_months"": [""2015-M10"", ""2015-M11"", ""2015-M12""], ""source_observation_count"": 3, ""source_series_dimensions"": {""ACCESS_SHARING_LEVEL"": ""PUBLIC_OPEN"", ""COICOP_1999"": ""_T"", ""COMMON_REFERENCE_PERIOD"": ""2018M1"", ""COUNTRY"": ""LCA"", ""FREQUENCY"": ""M"", ""IFS_FLAG"": ""true"", ""INDEX_TYPE"": ""CPI"", ""OVERLAP"": ""OL"", ""SCALE"": ""0"", ""SECURITY_CLASSIFICATION"": ""PUB"", ""TYPE_OF_TRANSFORMATION"": ""IX""}}"
LKA,cpi_index_all_items_quarterly_imf,2015-Q1,quarterly,87.0838281573499,\N,derived,IMF_CPI,IMF|ACCESS_SHARING_LEVEL=PUBLIC_OPEN|COICOP_1999=_T|COMMON_REFERENCE_PERIOD=2021A|FREQUENCY=M|IFS_FLAG=true|INDEX_TYPE=CPI|OVERLAP=OL|SCALE=0|SECURITY_CLASSIFICATION=PUB|TYPE_OF_TRANSFORMATION=IX|aggregation=quarterly_mean,\N,"{""aggregation_method"": ""quarterly_mean"", ""source_derivation_types"": [""O"", ""O"", ""O""], ""source_months"": [""2015-M01"", ""2015-M02"", ""2015-M03""], ""source_observation_count"": 3, ""source_series_dimensions"": {""ACCESS_SHARING_LEVEL"": ""PUBLIC_OPEN"", ""COICOP_1999"": ""_T"", ""COMMON_REFERENCE_PERIOD"": ""2021A"", ""COUNTRY"": ""LKA"", ""FREQUENCY"": ""M"", ""IFS_FLAG"": ""true"", ""INDEX_TYPE"": ""CPI"", ""OVERLAP"": ""OL"", ""SCALE"": ""0"", ""SECURITY_CLASSIFICATION"": ""PUB"", ""TYPE_OF_TRANSFORMATION"": ""IX""}}"
LKA,cpi_index_all_items_quarterly_imf,2015-Q2,quarterly,85.70868115942028,\N,derived,IMF_CPI,IMF|ACCESS_SHARING_LEVEL=PUBLIC_OPEN|COICOP_1999=_T|COMMON_REFERENCE_PERIOD=2021A|FREQUENCY=M|IFS_FLAG=true|INDEX_TYPE=CPI|OVERLAP=OL|SCALE=0|SECURITY_CLASSIFICATION=PUB|TYPE_OF_TRANSFORMATION=IX|aggregation=quarterly_mean,\N,"{""aggregation_method"": ""quarterly_mean"", ""source_derivation_types"": [""O"", ""O"", ""O""], ""source_months"": [""2015-M04"", ""2015-M05"", ""2015-M06""], ""source_observation_count"": 3, ""source_series_dimensions"": {""ACCESS_SHARING_LEVEL"": ""PUBLIC_OPEN"", ""COICOP_1999"": ""_T"", ""COMMON_REFERENCE_PERIOD"": ""2021A"", ""COUNTRY"": ""LKA"", ""FREQUENCY"": ""M"", ""IFS_FLAG"": ""true"", ""INDEX_TYPE"": ""CPI"", ""OVERLAP"": ""OL"", ""SCALE"": ""0"", ""SECURITY_CLASSIFICATION"": ""PUB"", ""TYPE_OF_TRANSFORMATION"": ""IX""}}"
LKA,cpi_index_all_items_quarterly_imf,2015-Q3,quarterly,86.1318033126294,\N,derived,IMF_CPI,IMF|ACCESS_SHARING_LEVEL=PUBLIC_OPEN|COICOP_1999=_T|COMMON_REFERENCE_PERIOD=2021A|FREQUENCY=M|IFS_FLAG=true|INDEX_TYPE=CPI|OVERLAP=OL|SCALE=0|SECURITY_CLASSIFICATION=PUB|TYPE_OF_TRANSFORMATION=IX|aggregation=quarterly_mean,\N,"{""aggregation_method"": ""quarterly_mean"", ""source_derivation_types"": [""O"", ""O"", ""O""], ""source_months"": [""2015-M07"", ""2015-M08"", ""2015-M09""], ""source_observation_count"": 3, ""source_series_dimensions"": {""ACCESS_SHARING_LEVEL"": ""PUBLIC_OPEN"", ""COICOP_1999"": ""_T"", ""COMMON_REFERENCE_PERIOD"": ""2021A"", ""COUNTRY"": ""LKA"", ""FREQUENCY"": ""M"", ""IFS_FLAG"": ""true"", ""INDEX_TYPE"": ""CPI"", ""OVERLAP"": ""OL"", ""SCALE"": ""0"", ""SECURITY_CLASSIFICATION"": ""PUB"", ""TYPE_OF_TRANSFORMATION"": ""IX""}}"
LKA,cpi_index_all_items_quarterly_imf,2015-Q4,quarterly,88.43253002070394,\N,derived,IMF_CPI,IMF|ACCESS_SHARING_LEVEL=PUBLIC_OPEN|COICOP_1999=_T|COMMON_REFERENCE_PERIOD=2021A|FREQUENCY=M|IFS_FLAG=true|INDEX_TYPE=CPI|OVERLAP=OL|SCALE=0|SECURITY_CLASSIFICATION=PUB|TYPE_OF_TRANSFORMATION=IX|aggregation=quarterly_mean,\N,"{""aggregation_method"": ""quarterly_mean"", ""source_derivation_types"": [""O"", ""O"", ""O""], ""source_months"": [""2015-M10"", ""2015-M11"", ""2015-M12""], ""source_observation_count"": 3, ""source_series_dimensions"": {""ACCESS_SHARING_LEVEL"": ""PUBLIC_OPEN"", ""COICOP_1999"": ""_T"", ""COMMON_REFERENCE_PERIOD"": ""2021A"", ""COUNTRY"": ""LKA"", ""FREQUENCY"": ""M"", ""IFS_FLAG"": ""true"", ""INDEX_TYPE"": ""CPI"", ""OVERLAP"": ""OL"", ""SCALE"": ""0"", ""SECURITY_CLASSIFICATION"": ""PUB"", ""TYPE_OF_TRANSFORMATION"": ""IX""}}"
LSO,cpi_index_all_items_quarterly_imf,2015-Q1,quarterly,65.99138819848234,\N,derived,IMF_CPI,IMF|ACCESS_SHARING_LEVEL=PUBLIC_OPEN|COICOP_1999=_T|COMMON_REFERENCE_PERIOD=2022A|FREQUENCY=M|IFS_FLAG=true|INDEX_TYPE=CPI|OVERLAP=OL|SCALE=0|SECURITY_CLASSIFICATION=PUB|TYPE_OF_TRANSFORMATION=IX|aggregation=quarterly_mean,\N,"{""aggregation_method"": ""quarterly_mean"", ""source_derivation_types"": [""O"", ""O"", ""O""], ""source_months"": [""2015-M01"", ""2015-M02"", ""2015-M03""], ""source_observation_count"": 3, ""source_series_dimensions"": {""ACCESS_SHARING_LEVEL"": ""PUBLIC_OPEN"", ""COICOP_1999"": ""_T"", ""COMMON_REFERENCE_PERIOD"": ""2022A"", ""COUNTRY"": ""LSO"", ""FREQUENCY"": ""M"", ""IFS_FLAG"": ""true"", ""INDEX_TYPE"": ""CPI"", ""OVERLAP"": ""OL"", ""SCALE"": ""0"", ""SECURITY_CLASSIFICATION"": ""PUB"", ""TYPE_OF_TRANSFORMATION"": ""IX""}}"
LSO,cpi_index_all_items_quarterly_imf,2015-Q2,quarterly,67.10918490612397,\N,derived,IMF_CPI,IMF|ACCESS_SHARING_LEVEL=PUBLIC_OPEN|COICOP_1999=_T|COMMON_REFERENCE_PERIOD=2022A|FREQUENCY=M|IFS_FLAG=true|INDEX_TYPE=CPI|OVERLAP=OL|SCALE=0|SECURITY_CLASSIFICATION=PUB|TYPE_OF_TRANSFORMATION=IX|aggregation=quarterly_mean,\N,"{""aggregation_method"": ""quarterly_mean"", ""source_derivation_types"": [""O"", ""O"", ""O""], ""source_months"": [""2015-M04"", ""2015-M05"", ""2015-M06""], ""source_observation_count"": 3, ""source_series_dimensions"": {""ACCESS_SHARING_LEVEL"": ""PUBLIC_OPEN"", ""COICOP_1999"": ""_T"", ""COMMON_REFERENCE_PERIOD"": ""2022A"", ""COUNTRY"": ""LSO"", ""FREQUENCY"": ""M"", ""IFS_FLAG"": ""true"", ""INDEX_TYPE"": ""CPI"", ""OVERLAP"": ""OL"", ""SCALE"": ""0"", ""SECURITY_CLASSIFICATION"": ""PUB"", ""TYPE_OF_TRANSFORMATION"": ""IX""}}"
LSO,cpi_index_all_items_quarterly_imf,2015-Q3,quarterly,68.23315322890231,\N,derived,IMF_CPI,IMF|ACCESS_SHARING_LEVEL=PUBLIC_OPEN|COICOP_1999=_T|COMMON_REFERENCE_PERIOD=2022A|FREQUENCY=M|IFS_FLAG=true|INDEX_TYPE=CPI|OVERLAP=OL|SCALE=0|SECURITY_CLASSIFICATION=PUB|TYPE_OF_TRANSFORMATION=IX|aggregation=quarterly_mean,\N,"{""aggregation_method"": ""quarterly_mean"", ""source_derivation_types"": [""O"", ""O"", ""O""], ""source_months"": [""2015-M07"", ""2015-M08"", ""2015-M09""], ""source_observation_count"": 3, ""source_series_dimensions"": {""ACCESS_SHARING_LEVEL"": ""PUBLIC_OPEN"", ""COICOP_1999"": ""_T"", ""COMMON_REFERENCE_PERIOD"": ""2022A"", ""COUNTRY"": ""LSO"", ""FREQUENCY"": ""M"", ""IFS_FLAG"": ""true"", ""INDEX_TYPE"": ""CPI"", ""OVERLAP"": ""OL"", ""SCALE"": ""0"", ""SECURITY_CLASSIFICATION"": ""PUB"", ""TYPE_OF_TRANSFORMATION"": ""IX""}}"
LSO,cpi_index_all_items_quarterly_imf,2015-Q4,quarterly,69.17349480393743,\N,derived,IMF_CPI,IMF|ACCESS_SHARING_LEVEL=PUBLIC_OPEN|COICOP_1999=_T|COMMON_REFERENCE_PERIOD=2022A|FREQUENCY=M|IFS_FLAG=true|INDEX_TYPE=CPI|OVERLAP=OL|SCALE=0|SECURITY_CLASSIFICATION=PUB|TYPE_OF_TRANSFORMATION=IX|aggregation=quarterly_mean,\N,"{""aggregation_method"": ""quarterly_mean"", ""source_derivation_types"": [""O"", ""O"", ""O""], ""source_months"": [""2015-M10"", ""2015-M11"", ""2015-M12""], ""source_observation_count"": 3, ""source_series_dimensions"": {""ACCESS_SHARING_LEVEL"": ""PUBLIC_OPEN"", ""COICOP_1999"": ""_T"", ""COMMON_REFERENCE_PERIOD"": ""2022A"", ""COUNTRY"": ""LSO"", ""FREQUENCY"": ""M"", ""IFS_FLAG"": ""true"", ""INDEX_TYPE"": ""CPI"", ""OVERLAP"": ""OL"", ""SCALE"": ""0"", ""SECURITY_CLASSIFICATION"": ""PUB"", ""TYPE_OF_TRANSFORMATION"": ""IX""}}"
LTU,cpi_index_all_items_quarterly_imf,2015-Q1,quarterly,62.32500000000001,\N,derived,IMF_CPI,IMF|ACCESS_SHARING_LEVEL=PUBLIC_OPEN|COICOP_1999=_T|COMMON_REFERENCE_PERIOD=2025A|FREQUENCY=M|IFS_FLAG=true|INDEX_TYPE=CPI|OVERLAP=OL|SCALE=0|SECURITY_CLASSIFICATION=PUB|TYPE_OF_TRANSFORMATION=IX|aggregation=quarterly_mean,\N,"{""aggregation_method"": ""quarterly_mean"", ""source_derivation_types"": [""O"", ""O"", ""O""], ""source_months"": [""2015-M01"", ""2015-M02"", ""2015-M03""], ""source_observation_count"": 3, ""source_series_dimensions"": {""ACCESS_SHARING_LEVEL"": ""PUBLIC_OPEN"", ""COICOP_1999"": ""_T"", ""COMMON_REFERENCE_PERIOD"": ""2025A"", ""COUNTRY"": ""LTU"", ""FREQUENCY"": ""M"", ""IFS_FLAG"": ""true"", ""INDEX_TYPE"": ""CPI"", ""OVERLAP"": ""OL"", ""SCALE"": ""0"", ""SECURITY_CLASSIFICATION"": ""PUB"", ""TYPE_OF_TRANSFORMATION"": ""IX""}}"
LTU,cpi_index_all_items_quarterly_imf,2015-Q2,quarterly,63.17896666666667,\N,derived,IMF_CPI,IMF|ACCESS_SHARING_LEVEL=PUBLIC_OPEN|COICOP_1999=_T|COMMON_REFERENCE_PERIOD=2025A|FREQUENCY=M|IFS_FLAG=true|INDEX_TYPE=CPI|OVERLAP=OL|SCALE=0|SECURITY_CLASSIFICATION=PUB|TYPE_OF_TRANSFORMATION=IX|aggregation=quarterly_mean,\N,"{""aggregation_method"": ""quarterly_mean"", ""source_derivation_types"": [""O"", ""O"", ""O""], ""source_months"": [""2015-M04"", ""2015-M05"", ""2015-M06""], ""source_observation_count"": 3, ""source_series_dimensions"": {""ACCESS_SHARING_LEVEL"": ""PUBLIC_OPEN"", ""COICOP_1999"": ""_T"", ""COMMON_REFERENCE_PERIOD"": ""2025A"", ""COUNTRY"": ""LTU"", ""FREQUENCY"": ""M"", ""IFS_FLAG"": ""true"", ""INDEX_TYPE"": ""CPI"", ""OVERLAP"": ""OL"", ""SCALE"": ""0"", ""SECURITY_CLASSIFICATION"": ""PUB"", ""TYPE_OF_TRANSFORMATION"": ""IX""}}"
LTU,cpi_index_all_items_quarterly_imf,2015-Q3,quarterly,62.737833333333334,\N,derived,IMF_CPI,IMF|ACCESS_SHARING_LEVEL=PUBLIC_OPEN|COICOP_1999=_T|COMMON_REFERENCE_PERIOD=2025A|FREQUENCY=M|IFS_FLAG=true|INDEX_TYPE=CPI|OVERLAP=OL|SCALE=0|SECURITY_CLASSIFICATION=PUB|TYPE_OF_TRANSFORMATION=IX|aggregation=quarterly_mean,\N,"{""aggregation_method"": ""quarterly_mean"", ""source_derivation_types"": [""O"", ""O"", ""O""], ""source_months"": [""2015-M07"", ""2015-M08"", ""2015-M09""], ""source_observation_count"": 3, ""source_series_dimensions"": {""ACCESS_SHARING_LEVEL"": ""PUBLIC_OPEN"", ""COICOP_1999"": ""_T"", ""COMMON_REFERENCE_PERIOD"": ""2025A"", ""COUNTRY"": ""LTU"", ""FREQUENCY"": ""M"", ""IFS_FLAG"": ""true"", ""INDEX_TYPE"": ""CPI"", ""OVERLAP"": ""OL"", ""SCALE"": ""0"", ""SECURITY_CLASSIFICATION"": ""PUB"", ""TYPE_OF_TRANSFORMATION"": ""IX""}}"
LTU,cpi_index_all_items_quarterly_imf,2015-Q4,quarterly,63.1573,\N,derived,IMF_CPI,IMF|ACCESS_SHARING_LEVEL=PUBLIC_OPEN|COICOP_1999=_T|COMMON_REFERENCE_PERIOD=2025A|FREQUENCY=M|IFS_FLAG=true|INDEX_TYPE=CPI|OVERLAP=OL|SCALE=0|SECURITY_CLASSIFICATION=PUB|TYPE_OF_TRANSFORMATION=IX|aggregation=quarterly_mean,\N,"{""aggregation_method"": ""quarterly_mean"", ""source_derivation_types"": [""O"", ""O"", ""O""], ""source_months"": [""2015-M10"", ""2015-M11"", ""2015-M12""], ""source_observation_count"": 3, ""source_series_dimensions"": {""ACCESS_SHARING_LEVEL"": ""PUBLIC_OPEN"", ""COICOP_1999"": ""_T"", ""COMMON_REFERENCE_PERIOD"": ""2025A"", ""COUNTRY"": ""LTU"", ""FREQUENCY"": ""M"", ""IFS_FLAG"": ""true"", ""INDEX_TYPE"": ""CPI"", ""OVERLAP"": ""OL"", ""SCALE"": ""0"", ""SECURITY_CLASSIFICATION"": ""PUB"", ""TYPE_OF_TRANSFORMATION"": ""IX""}}"
LUX,cpi_index_all_items_quarterly_imf,2015-Q1,quarterly,79.20638796428382,\N,derived,IMF_CPI,IMF|ACCESS_SHARING_LEVEL=PUBLIC_OPEN|COICOP_1999=_T|COMMON_REFERENCE_PERIOD=2025A|FREQUENCY=M|IFS_FLAG=true|INDEX_TYPE=CPI|OVERLAP=OL|SCALE=0|SECURITY_CLASSIFICATION=PUB|TYPE_OF_TRANSFORMATION=IX|aggregation=quarterly_mean,\N,"{""aggregation_method"": ""quarterly_mean"", ""source_derivation_types"": [""O"", ""O"", ""O""], ""source_months"": [""2015-M01"", ""2015-M02"", ""2015-M03""], ""source_observation_count"": 3, ""source_series_dimensions"": {""ACCESS_SHARING_LEVEL"": ""PUBLIC_OPEN"", ""COICOP_1999"": ""_T"", ""COMMON_REFERENCE_PERIOD"": ""2025A"", ""COUNTRY"": ""LUX"", ""FREQUENCY"": ""M"", ""IFS_FLAG"": ""true"", ""INDEX_TYPE"": ""CPI"", ""OVERLAP"": ""OL"", ""SCALE"": ""0"", ""SECURITY_CLASSIFICATION"": ""PUB"", ""TYPE_OF_TRANSFORMATION"": ""IX""}}"
LUX,cpi_index_all_items_quarterly_imf,2015-Q2,quarterly,80.0329772282982,\N,derived,IMF_CPI,IMF|ACCESS_SHARING_LEVEL=PUBLIC_OPEN|COICOP_1999=_T|COMMON_REFERENCE_PERIOD=2025A|FREQUENCY=M|IFS_FLAG=true|INDEX_TYPE=CPI|OVERLAP=OL|SCALE=0|SECURITY_CLASSIFICATION=PUB|TYPE_OF_TRANSFORMATION=IX|aggregation=quarterly_mean,\N,"{""aggregation_method"": ""quarterly_mean"", ""source_derivation_types"": [""O"", ""O"", ""O""], ""source_months"": [""2015-M04"", ""2015-M05"", ""2015-M06""], ""source_observation_count"": 3, ""source_series_dimensions"": {""ACCESS_SHARING_LEVEL"": ""PUBLIC_OPEN"", ""COICOP_1999"": ""_T"", ""COMMON_REFERENCE_PERIOD"": ""2025A"", ""COUNTRY"": ""LUX"", ""FREQUENCY"": ""M"", ""IFS_FLAG"": ""true"", ""INDEX_TYPE"": ""CPI"", ""OVERLAP"": ""OL"", ""SCALE"": ""0"", ""SECURITY_CLASSIFICATION"": ""PUB"", ""TYPE_OF_TRANSFORMATION"": ""IX""}}"
LUX,cpi_index_all_items_quarterly_imf,2015-Q3,quarterly,79.86819094415385,\N,derived,IMF_CPI,IMF|ACCESS_SHARING_LEVEL=PUBLIC_OPEN|COICOP_1999=_T|COMMON_REFERENCE_PERIOD=2025A|FREQUENCY=M|IFS_FLAG=true|INDEX_TYPE=CPI|OVERLAP=OL|SCALE=0|SECURITY_CLASSIFICATION=PUB|TYPE_OF_TRANSFORMATION=IX|aggregation=quarterly_mean,\N,"{""aggregation_method"": ""quarterly_mean"", ""source_derivation_types"": [""O"", ""O"", ""O""], ""source_months"": [""2015-M07"", ""2015-M08"", ""2015-M09""], ""source_observation_count"": 3, ""source_series_dimensions"": {""ACCESS_SHARING_LEVEL"": ""PUBLIC_OPEN"", ""COICOP_1999"": ""_T"", ""COMMON_REFERENCE_PERIOD"": ""2025A"", ""COUNTRY"": ""LUX"", ""FREQUENCY"": ""M"", ""IFS_FLAG"": ""true"", ""INDEX_TYPE"": ""CPI"", ""OVERLAP"": ""OL"", ""SCALE"": ""0"", ""SECURITY_CLASSIFICATION"": ""PUB"", ""TYPE_OF_TRANSFORMATION"": ""IX""}}"
LUX,cpi_index_all_items_quarterly_imf,2015-Q4,quarterly,79.8336389813494,\N,derived,IMF_CPI,IMF|ACCESS_SHARING_LEVEL=PUBLIC_OPEN|COICOP_1999=_T|COMMON_REFERENCE_PERIOD=2025A|FREQUENCY=M|IFS_FLAG=true|INDEX_TYPE=CPI|OVERLAP=OL|SCALE=0|SECURITY_CLASSIFICATION=PUB|TYPE_OF_TRANSFORMATION=IX|aggregation=quarterly_mean,\N,"{""aggregation_method"": ""quarterly_mean"", ""source_derivation_types"": [""O"", ""O"", ""O""], ""source_months"": [""2015-M10"", ""2015-M11"", ""2015-M12""], ""source_observation_count"": 3, ""source_series_dimensions"": {""ACCESS_SHARING_LEVEL"": ""PUBLIC_OPEN"", ""COICOP_1999"": ""_T"", ""COMMON_REFERENCE_PERIOD"": ""2025A"", ""COUNTRY"": ""LUX"", ""FREQUENCY"": ""M"", ""IFS_FLAG"": ""true"", ""INDEX_TYPE"": ""CPI"", ""OVERLAP"": ""OL"", ""SCALE"": ""0"", ""SECURITY_CLASSIFICATION"": ""PUB"", ""TYPE_OF_TRANSFORMATION"": ""IX""}}"
LVA,cpi_index_all_items_quarterly_imf,2015-Q1,quarterly,65.93737720624328,\N,derived,IMF_CPI,IMF|ACCESS_SHARING_LEVEL=PUBLIC_OPEN|COICOP_1999=_T|COMMON_REFERENCE_PERIOD=2025A|FREQUENCY=M|IFS_FLAG=true|INDEX_TYPE=CPI|OVERLAP=OL|SCALE=0|SECURITY_CLASSIFICATION=PUB|TYPE_OF_TRANSFORMATION=IX|aggregation=quarterly_mean,\N,"{""aggregation_method"": ""quarterly_mean"", ""source_derivation_types"": [""O"", ""O"", ""O""], ""source_months"": [""2015-M01"", ""2015-M02"", ""2015-M03""], ""source_observation_count"": 3, ""source_series_dimensions"": {""ACCESS_SHARING_LEVEL"": ""PUBLIC_OPEN"", ""COICOP_1999"": ""_T"", ""COMMON_REFERENCE_PERIOD"": ""2025A"", ""COUNTRY"": ""LVA"", ""FREQUENCY"": ""M"", ""IFS_FLAG"": ""true"", ""INDEX_TYPE"": ""CPI"", ""OVERLAP"": ""OL"", ""SCALE"": ""0"", ""SECURITY_CLASSIFICATION"": ""PUB"", ""TYPE_OF_TRANSFORMATION"": ""IX""}}"
LVA,cpi_index_all_items_quarterly_imf,2015-Q2,quarterly,66.93453151139987,\N,derived,IMF_CPI,IMF|ACCESS_SHARING_LEVEL=PUBLIC_OPEN|COICOP_1999=_T|COMMON_REFERENCE_PERIOD=2025A|FREQUENCY=M|IFS_FLAG=true|INDEX_TYPE=CPI|OVERLAP=OL|SCALE=0|SECURITY_CLASSIFICATION=PUB|TYPE_OF_TRANSFORMATION=IX|aggregation=quarterly_mean,\N,"{""aggregation_method"": ""quarterly_mean"", ""source_derivation_types"": [""O"", ""O"", ""O""], ""source_months"": [""2015-M04"", ""2015-M05"", ""2015-M06""], ""source_observation_count"": 3, ""source_series_dimensions"": {""ACCESS_SHARING_LEVEL"": ""PUBLIC_OPEN"", ""COICOP_1999"": ""_T"", ""COMMON_REFERENCE_PERIOD"": ""2025A"", ""COUNTRY"": ""LVA"", ""FREQUENCY"": ""M"", ""IFS_FLAG"": ""true"", ""INDEX_TYPE"": ""CPI"", ""OVERLAP"": ""OL"", ""SCALE"": ""0"", ""SECURITY_CLASSIFICATION"": ""PUB"", ""TYPE_OF_TRANSFORMATION"": ""IX""}}"
LVA,cpi_index_all_items_quarterly_imf,2015-Q3,quarterly,66.02809301251256,\N,derived,IMF_CPI,IMF|ACCESS_SHARING_LEVEL=PUBLIC_OPEN|COICOP_1999=_T|COMMON_REFERENCE_PERIOD=2025A|FREQUENCY=M|IFS_FLAG=true|INDEX_TYPE=CPI|OVERLAP=OL|SCALE=0|SECURITY_CLASSIFICATION=PUB|TYPE_OF_TRANSFORMATION=IX|aggregation=quarterly_mean,\N,"{""aggregation_method"": ""quarterly_mean"", ""source_derivation_types"": [""O"", ""O"", ""O""], ""source_months"": [""2015-M07"", ""2015-M08"", ""2015-M09""], ""source_observation_count"": 3, ""source_series_dimensions"": {""ACCESS_SHARING_LEVEL"": ""PUBLIC_OPEN"", ""COICOP_1999"": ""_T"", ""COMMON_REFERENCE_PERIOD"": ""2025A"", ""COUNTRY"": ""LVA"", ""FREQUENCY"": ""M"", ""IFS_FLAG"": ""true"", ""INDEX_TYPE"": ""CPI"", ""OVERLAP"": ""OL"", ""SCALE"": ""0"", ""SECURITY_CLASSIFICATION"": ""PUB"", ""TYPE_OF_TRANSFORMATION"": ""IX""}}"
LVA,cpi_index_all_items_quarterly_imf,2015-Q4,quarterly,65.97010853039149,\N,derived,IMF_CPI,IMF|ACCESS_SHARING_LEVEL=PUBLIC_OPEN|COICOP_1999=_T|COMMON_REFERENCE_PERIOD=2025A|FREQUENCY=M|IFS_FLAG=true|INDEX_TYPE=CPI|OVERLAP=OL|SCALE=0|SECURITY_CLASSIFICATION=PUB|TYPE_OF_TRANSFORMATION=IX|aggregation=quarterly_mean,\N,"{""aggregation_method"": ""quarterly_mean"", ""source_derivation_types"": [""O"", ""O"", ""O""], ""source_months"": [""2015-M10"", ""2015-M11"", ""2015-M12""], ""source_observation_count"": 3, ""source_series_dimensions"": {""ACCESS_SHARING_LEVEL"": ""PUBLIC_OPEN"", ""COICOP_1999"": ""_T"", ""COMMON_REFERENCE_PERIOD"": ""2025A"", ""COUNTRY"": ""LVA"", ""FREQUENCY"": ""M"", ""IFS_FLAG"": ""true"", ""INDEX_TYPE"": ""CPI"", ""OVERLAP"": ""OL"", ""SCALE"": ""0"", ""SECURITY_CLASSIFICATION"": ""PUB"", ""TYPE_OF_TRANSFORMATION"": ""IX""}}"
MAC,cpi_index_all_items_quarterly_imf,2015-Q1,quarterly,87.83753528547402,\N,derived,IMF_CPI,IMF|ACCESS_SHARING_LEVEL=PUBLIC_OPEN|COICOP_1999=_T|COMMON_REFERENCE_PERIOD=2023M7_2024M6|FREQUENCY=M|IFS_FLAG=true|INDEX_TYPE=CPI|OVERLAP=OL|SCALE=0|SECURITY_CLASSIFICATION=PUB|TYPE_OF_TRANSFORMATION=IX|aggregation=quarterly_mean,\N,"{""aggregation_method"": ""quarterly_mean"", ""source_derivation_types"": [""O"", ""O"", ""O""], ""source_months"": [""2015-M01"", ""2015-M02"", ""2015-M03""], ""source_observation_count"": 3, ""source_series_dimensions"": {""ACCESS_SHARING_LEVEL"": ""PUBLIC_OPEN"", ""COICOP_1999"": ""_T"", ""COMMON_REFERENCE_PERIOD"": ""2023M7_2024M6"", ""COUNTRY"": ""MAC"", ""FREQUENCY"": ""M"", ""IFS_FLAG"": ""true"", ""INDEX_TYPE"": ""CPI"", ""OVERLAP"": ""OL"", ""SCALE"": ""0"", ""SECURITY_CLASSIFICATION"": ""PUB"", ""TYPE_OF_TRANSFORMATION"": ""IX""}}"
MAC,cpi_index_all_items_quarterly_imf,2015-Q2,quarterly,88.92064377938122,\N,derived,IMF_CPI,IMF|ACCESS_SHARING_LEVEL=PUBLIC_OPEN|COICOP_1999=_T|COMMON_REFERENCE_PERIOD=2023M7_2024M6|FREQUENCY=M|IFS_FLAG=true|INDEX_TYPE=CPI|OVERLAP=OL|SCALE=0|SECURITY_CLASSIFICATION=PUB|TYPE_OF_TRANSFORMATION=IX|aggregation=quarterly_mean,\N,"{""aggregation_method"": ""quarterly_mean"", ""source_derivation_types"": [""O"", ""O"", ""O""], ""source_months"": [""2015-M04"", ""2015-M05"", ""2015-M06""], ""source_observation_count"": 3, ""source_series_dimensions"": {""ACCESS_SHARING_LEVEL"": ""PUBLIC_OPEN"", ""COICOP_1999"": ""_T"", ""COMMON_REFERENCE_PERIOD"": ""2023M7_2024M6"", ""COUNTRY"": ""MAC"", ""FREQUENCY"": ""M"", ""IFS_FLAG"": ""true"", ""INDEX_TYPE"": ""CPI"", ""OVERLAP"": ""OL"", ""SCALE"": ""0"", ""SECURITY_CLASSIFICATION"": ""PUB"", ""TYPE_OF_TRANSFORMATION"": ""IX""}}"
MAC,cpi_index_all_items_quarterly_imf,2015-Q3,quarterly,89.71535060331313,\N,derived,IMF_CPI,IMF|ACCESS_SHARING_LEVEL=PUBLIC_OPEN|COICOP_1999=_T|COMMON_REFERENCE_PERIOD=2023M7_2024M6|FREQUENCY=M|IFS_FLAG=true|INDEX_TYPE=CPI|OVERLAP=OL|SCALE=0|SECURITY_CLASSIFICATION=PUB|TYPE_OF_TRANSFORMATION=IX|aggregation=quarterly_mean,\N,"{""aggregation_method"": ""quarterly_mean"", ""source_derivation_types"": [""O"", ""O"", ""O""], ""source_months"": [""2015-M07"", ""2015-M08"", ""2015-M09""], ""source_observation_count"": 3, ""source_series_dimensions"": {""ACCESS_SHARING_LEVEL"": ""PUBLIC_OPEN"", ""COICOP_1999"": ""_T"", ""COMMON_REFERENCE_PERIOD"": ""2023M7_2024M6"", ""COUNTRY"": ""MAC"", ""FREQUENCY"": ""M"", ""IFS_FLAG"": ""true"", ""INDEX_TYPE"": ""CPI"", ""OVERLAP"": ""OL"", ""SCALE"": ""0"", ""SECURITY_CLASSIFICATION"": ""PUB"", ""TYPE_OF_TRANSFORMATION"": ""IX""}}"
MAC,cpi_index_all_items_quarterly_imf,2015-Q4,quarterly,90.36585659225739,\N,derived,IMF_CPI,IMF|ACCESS_SHARING_LEVEL=PUBLIC_OPEN|COICOP_1999=_T|COMMON_REFERENCE_PERIOD=2023M7_2024M6|FREQUENCY=M|IFS_FLAG=true|INDEX_TYPE=CPI|OVERLAP=OL|SCALE=0|SECURITY_CLASSIFICATION=PUB|TYPE_OF_TRANSFORMATION=IX|aggregation=quarterly_mean,\N,"{""aggregation_method"": ""quarterly_mean"", ""source_derivation_types"": [""O"", ""O"", ""O""], ""source_months"": [""2015-M10"", ""2015-M11"", ""2015-M12""], ""source_observation_count"": 3, ""source_series_dimensions"": {""ACCESS_SHARING_LEVEL"": ""PUBLIC_OPEN"", ""COICOP_1999"": ""_T"", ""COMMON_REFERENCE_PERIOD"": ""2023M7_2024M6"", ""COUNTRY"": ""MAC"", ""FREQUENCY"": ""M"", ""IFS_FLAG"": ""true"", ""INDEX_TYPE"": ""CPI"", ""OVERLAP"": ""OL"", ""SCALE"": ""0"", ""SECURITY_CLASSIFICATION"": ""PUB"", ""TYPE_OF_TRANSFORMATION"": ""IX""}}"
MAR,cpi_index_all_items_quarterly_imf,2015-Q1,quarterly,96.88008800880088,\N,derived,IMF_CPI,IMF|ACCESS_SHARING_LEVEL=PUBLIC_OPEN|COICOP_1999=_T|COMMON_REFERENCE_PERIOD=2017A|FREQUENCY=M|IFS_FLAG=true|INDEX_TYPE=CPI|OVERLAP=OL|SCALE=0|SECURITY_CLASSIFICATION=PUB|TYPE_OF_TRANSFORMATION=IX|aggregation=quarterly_mean,\N,"{""aggregation_method"": ""quarterly_mean"", ""source_derivation_types"": [""O"", ""O"", ""O""], ""source_months"": [""2015-M01"", ""2015-M02"", ""2015-M03""], ""source_observation_count"": 3, ""source_series_dimensions"": {""ACCESS_SHARING_LEVEL"": ""PUBLIC_OPEN"", ""COICOP_1999"": ""_T"", ""COMMON_REFERENCE_PERIOD"": ""2017A"", ""COUNTRY"": ""MAR"", ""FREQUENCY"": ""M"", ""IFS_FLAG"": ""true"", ""INDEX_TYPE"": ""CPI"", ""OVERLAP"": ""OL"", ""SCALE"": ""0"", ""SECURITY_CLASSIFICATION"": ""PUB"", ""TYPE_OF_TRANSFORMATION"": ""IX""}}"
MAR,cpi_index_all_items_quarterly_imf,2015-Q2,quarterly,97.04906490649064,\N,derived,IMF_CPI,IMF|ACCESS_SHARING_LEVEL=PUBLIC_OPEN|COICOP_1999=_T|COMMON_REFERENCE_PERIOD=2017A|FREQUENCY=M|IFS_FLAG=true|INDEX_TYPE=CPI|OVERLAP=OL|SCALE=0|SECURITY_CLASSIFICATION=PUB|TYPE_OF_TRANSFORMATION=IX|aggregation=quarterly_mean,\N,"{""aggregation_method"": ""quarterly_mean"", ""source_derivation_types"": [""O"", ""O"", ""O""], ""source_months"": [""2015-M04"", ""2015-M05"", ""2015-M06""], ""source_observation_count"": 3, ""source_series_dimensions"": {""ACCESS_SHARING_LEVEL"": ""PUBLIC_OPEN"", ""COICOP_1999"": ""_T"", ""COMMON_REFERENCE_PERIOD"": ""2017A"", ""COUNTRY"": ""MAR"", ""FREQUENCY"": ""M"", ""IFS_FLAG"": ""true"", ""INDEX_TYPE"": ""CPI"", ""OVERLAP"": ""OL"", ""SCALE"": ""0"", ""SECURITY_CLASSIFICATION"": ""PUB"", ""TYPE_OF_TRANSFORMATION"": ""IX""}}"
MAR,cpi_index_all_items_quarterly_imf,2015-Q3,quarterly,97.6123212321232,\N,derived,IMF_CPI,IMF|ACCESS_SHARING_LEVEL=PUBLIC_OPEN|COICOP_1999=_T|COMMON_REFERENCE_PERIOD=2017A|FREQUENCY=M|IFS_FLAG=true|INDEX_TYPE=CPI|OVERLAP=OL|SCALE=0|SECURITY_CLASSIFICATION=PUB|TYPE_OF_TRANSFORMATION=IX|aggregation=quarterly_mean,\N,"{""aggregation_method"": ""quarterly_mean"", ""source_derivation_types"": [""O"", ""O"", ""O""], ""source_months"": [""2015-M07"", ""2015-M08"", ""2015-M09""], ""source_observation_count"": 3, ""source_series_dimensions"": {""ACCESS_SHARING_LEVEL"": ""PUBLIC_OPEN"", ""COICOP_1999"": ""_T"", ""COMMON_REFERENCE_PERIOD"": ""2017A"", ""COUNTRY"": ""MAR"", ""FREQUENCY"": ""M"", ""IFS_FLAG"": ""true"", ""INDEX_TYPE"": ""CPI"", ""OVERLAP"": ""OL"", ""SCALE"": ""0"", ""SECURITY_CLASSIFICATION"": ""PUB"", ""TYPE_OF_TRANSFORMATION"": ""IX""}}"
MAR,cpi_index_all_items_quarterly_imf,2015-Q4,quarterly,97.66864686468648,\N,derived,IMF_CPI,IMF|ACCESS_SHARING_LEVEL=PUBLIC_OPEN|COICOP_1999=_T|COMMON_REFERENCE_PERIOD=2017A|FREQUENCY=M|IFS_FLAG=true|INDEX_TYPE=CPI|OVERLAP=OL|SCALE=0|SECURITY_CLASSIFICATION=PUB|TYPE_OF_TRANSFORMATION=IX|aggregation=quarterly_mean,\N,"{""aggregation_method"": ""quarterly_mean"", ""source_derivation_types"": [""O"", ""O"", ""O""], ""source_months"": [""2015-M10"", ""2015-M11"", ""2015-M12""], ""source_observation_count"": 3, ""source_series_dimensions"": {""ACCESS_SHARING_LEVEL"": ""PUBLIC_OPEN"", ""COICOP_1999"": ""_T"", ""COMMON_REFERENCE_PERIOD"": ""2017A"", ""COUNTRY"": ""MAR"", ""FREQUENCY"": ""M"", ""IFS_FLAG"": ""true"", ""INDEX_TYPE"": ""CPI"", ""OVERLAP"": ""OL"", ""SCALE"": ""0"", ""SECURITY_CLASSIFICATION"": ""PUB"", ""TYPE_OF_TRANSFORMATION"": ""IX""}}"
MDA,cpi_index_all_items_quarterly_imf,2015-Q1,quarterly,40.774213626214966,\N,derived,IMF_CPI,IMF|ACCESS_SHARING_LEVEL=PUBLIC_OPEN|COICOP_1999=_T|COMMON_REFERENCE_PERIOD=2026M6|FREQUENCY=M|IFS_FLAG=true|INDEX_TYPE=CPI|OVERLAP=OL|SCALE=0|SECURITY_CLASSIFICATION=PUB|TYPE_OF_TRANSFORMATION=IX|aggregation=quarterly_mean,\N,"{""aggregation_method"": ""quarterly_mean"", ""source_derivation_types"": [""O"", ""O"", ""O""], ""source_months"": [""2015-M01"", ""2015-M02"", ""2015-M03""], ""source_observation_count"": 3, ""source_series_dimensions"": {""ACCESS_SHARING_LEVEL"": ""PUBLIC_OPEN"", ""COICOP_1999"": ""_T"", ""COMMON_REFERENCE_PERIOD"": ""2026M6"", ""COUNTRY"": ""MDA"", ""FREQUENCY"": ""M"", ""IFS_FLAG"": ""true"", ""INDEX_TYPE"": ""CPI"", ""OVERLAP"": ""OL"", ""SCALE"": ""0"", ""SECURITY_CLASSIFICATION"": ""PUB"", ""TYPE_OF_TRANSFORMATION"": ""IX""}}"
MDA,cpi_index_all_items_quarterly_imf,2015-Q2,quarterly,41.896930664071874,\N,derived,IMF_CPI,IMF|ACCESS_SHARING_LEVEL=PUBLIC_OPEN|COICOP_1999=_T|COMMON_REFERENCE_PERIOD=2026M6|FREQUENCY=M|IFS_FLAG=true|INDEX_TYPE=CPI|OVERLAP=OL|SCALE=0|SECURITY_CLASSIFICATION=PUB|TYPE_OF_TRANSFORMATION=IX|aggregation=quarterly_mean,\N,"{""aggregation_method"": ""quarterly_mean"", ""source_derivation_types"": [""O"", ""O"", ""O""], ""source_months"": [""2015-M04"", ""2015-M05"", ""2015-M06""], ""source_observation_count"": 3, ""source_series_dimensions"": {""ACCESS_SHARING_LEVEL"": ""PUBLIC_OPEN"", ""COICOP_1999"": ""_T"", ""COMMON_REFERENCE_PERIOD"": ""2026M6"", ""COUNTRY"": ""MDA"", ""FREQUENCY"": ""M"", ""IFS_FLAG"": ""true"", ""INDEX_TYPE"": ""CPI"", ""OVERLAP"": ""OL"", ""SCALE"": ""0"", ""SECURITY_CLASSIFICATION"": ""PUB"", ""TYPE_OF_TRANSFORMATION"": ""IX""}}"
MDA,cpi_index_all_items_quarterly_imf,2015-Q3,quarterly,42.77105397299518,\N,derived,IMF_CPI,IMF|ACCESS_SHARING_LEVEL=PUBLIC_OPEN|COICOP_1999=_T|COMMON_REFERENCE_PERIOD=2026M6|FREQUENCY=M|IFS_FLAG=true|INDEX_TYPE=CPI|OVERLAP=OL|SCALE=0|SECURITY_CLASSIFICATION=PUB|TYPE_OF_TRANSFORMATION=IX|aggregation=quarterly_mean,\N,"{""aggregation_method"": ""quarterly_mean"", ""source_derivation_types"": [""O"", ""O"", ""O""], ""source_months"": [""2015-M07"", ""2015-M08"", ""2015-M09""], ""source_observation_count"": 3, ""source_series_dimensions"": {""ACCESS_SHARING_LEVEL"": ""PUBLIC_OPEN"", ""COICOP_1999"": ""_T"", ""COMMON_REFERENCE_PERIOD"": ""2026M6"", ""COUNTRY"": ""MDA"", ""FREQUENCY"": ""M"", ""IFS_FLAG"": ""true"", ""INDEX_TYPE"": ""CPI"", ""OVERLAP"": ""OL"", ""SCALE"": ""0"", ""SECURITY_CLASSIFICATION"": ""PUB"", ""TYPE_OF_TRANSFORMATION"": ""IX""}}"
MDA,cpi_index_all_items_quarterly_imf,2015-Q4,quarterly,44.73552431786425,\N,derived,IMF_CPI,IMF|ACCESS_SHARING_LEVEL=PUBLIC_OPEN|COICOP_1999=_T|COMMON_REFERENCE_PERIOD=2026M6|FREQUENCY=M|IFS_FLAG=true|INDEX_TYPE=CPI|OVERLAP=OL|SCALE=0|SECURITY_CLASSIFICATION=PUB|TYPE_OF_TRANSFORMATION=IX|aggregation=quarterly_mean,\N,"{""aggregation_method"": ""quarterly_mean"", ""source_derivation_types"": [""O"", ""O"", ""O""], ""source_months"": [""2015-M10"", ""2015-M11"", ""2015-M12""], ""source_observation_count"": 3, ""source_series_dimensions"": {""ACCESS_SHARING_LEVEL"": ""PUBLIC_OPEN"", ""COICOP_1999"": ""_T"", ""COMMON_REFERENCE_PERIOD"": ""2026M6"", ""COUNTRY"": ""MDA"", ""FREQUENCY"": ""M"", ""IFS_FLAG"": ""true"", ""INDEX_TYPE"": ""CPI"", ""OVERLAP"": ""OL"", ""SCALE"": ""0"", ""SECURITY_CLASSIFICATION"": ""PUB"", ""TYPE_OF_TRANSFORMATION"": ""IX""}}"
MDG,cpi_index_all_items_quarterly_imf,2015-Q1,quarterly,92.22441150886294,\N,derived,IMF_CPI,IMF|ACCESS_SHARING_LEVEL=PUBLIC_OPEN|COICOP_1999=_T|COMMON_REFERENCE_PERIOD=2016A|FREQUENCY=M|IFS_FLAG=true|INDEX_TYPE=CPI|OVERLAP=OL|SCALE=0|SECURITY_CLASSIFICATION=PUB|TYPE_OF_TRANSFORMATION=IX|aggregation=quarterly_mean,\N,"{""aggregation_method"": ""quarterly_mean"", ""source_derivation_types"": [""O"", ""O"", ""O""], ""source_months"": [""2015-M01"", ""2015-M02"", ""2015-M03""], ""source_observation_count"": 3, ""source_series_dimensions"": {""ACCESS_SHARING_LEVEL"": ""PUBLIC_OPEN"", ""COICOP_1999"": ""_T"", ""COMMON_REFERENCE_PERIOD"": ""2016A"", ""COUNTRY"": ""MDG"", ""FREQUENCY"": ""M"", ""IFS_FLAG"": ""true"", ""INDEX_TYPE"": ""CPI"", ""OVERLAP"": ""OL"", ""SCALE"": ""0"", ""SECURITY_CLASSIFICATION"": ""PUB"", ""TYPE_OF_TRANSFORMATION"": ""IX""}}"
MDG,cpi_index_all_items_quarterly_imf,2015-Q2,quarterly,93.83045718979679,\N,derived,IMF_CPI,IMF|ACCESS_SHARING_LEVEL=PUBLIC_OPEN|COICOP_1999=_T|COMMON_REFERENCE_PERIOD=2016A|FREQUENCY=M|IFS_FLAG=true|INDEX_TYPE=CPI|OVERLAP=OL|SCALE=0|SECURITY_CLASSIFICATION=PUB|TYPE_OF_TRANSFORMATION=IX|aggregation=quarterly_mean,\N,"{""aggregation_method"": ""quarterly_mean"", ""source_derivation_types"": [""O"", ""O"", ""O""], ""source_months"": [""2015-M04"", ""2015-M05"", ""2015-M06""], ""source_observation_count"": 3, ""source_series_dimensions"": {""ACCESS_SHARING_LEVEL"": ""PUBLIC_OPEN"", ""COICOP_1999"": ""_T"", ""COMMON_REFERENCE_PERIOD"": ""2016A"", ""COUNTRY"": ""MDG"", ""FREQUENCY"": ""M"", ""IFS_FLAG"": ""true"", ""INDEX_TYPE"": ""CPI"", ""OVERLAP"": ""OL"", ""SCALE"": ""0"", ""SECURITY_CLASSIFICATION"": ""PUB"", ""TYPE_OF_TRANSFORMATION"": ""IX""}}"
MDG,cpi_index_all_items_quarterly_imf,2015-Q3,quarterly,94.82467594466061,\N,derived,IMF_CPI,IMF|ACCESS_SHARING_LEVEL=PUBLIC_OPEN|COICOP_1999=_T|COMMON_REFERENCE_PERIOD=2016A|FREQUENCY=M|IFS_FLAG=true|INDEX_TYPE=CPI|OVERLAP=OL|SCALE=0|SECURITY_CLASSIFICATION=PUB|TYPE_OF_TRANSFORMATION=IX|aggregation=quarterly_mean,\N,"{""aggregation_method"": ""quarterly_mean"", ""source_derivation_types"": [""O"", ""O"", ""O""], ""source_months"": [""2015-M07"", ""2015-M08"", ""2015-M09""], ""source_observation_count"": 3, ""source_series_dimensions"": {""ACCESS_SHARING_LEVEL"": ""PUBLIC_OPEN"", ""COICOP_1999"": ""_T"", ""COMMON_REFERENCE_PERIOD"": ""2016A"", ""COUNTRY"": ""MDG"", ""FREQUENCY"": ""M"", ""IFS_FLAG"": ""true"", ""INDEX_TYPE"": ""CPI"", ""OVERLAP"": ""OL"", ""SCALE"": ""0"", ""SECURITY_CLASSIFICATION"": ""PUB"", ""TYPE_OF_TRANSFORMATION"": ""IX""}}"
MDG,cpi_index_all_items_quarterly_imf,2015-Q4,quarterly,96.32025287505404,\N,derived,IMF_CPI,IMF|ACCESS_SHARING_LEVEL=PUBLIC_OPEN|COICOP_1999=_T|COMMON_REFERENCE_PERIOD=2016A|FREQUENCY=M|IFS_FLAG=true|INDEX_TYPE=CPI|OVERLAP=OL|SCALE=0|SECURITY_CLASSIFICATION=PUB|TYPE_OF_TRANSFORMATION=IX|aggregation=quarterly_mean,\N,"{""aggregation_method"": ""quarterly_mean"", ""source_derivation_types"": [""O"", ""O"", ""O""], ""source_months"": [""2015-M10"", ""2015-M11"", ""2015-M12""], ""source_observation_count"": 3, ""source_series_dimensions"": {""ACCESS_SHARING_LEVEL"": ""PUBLIC_OPEN"", ""COICOP_1999"": ""_T"", ""COMMON_REFERENCE_PERIOD"": ""2016A"", ""COUNTRY"": ""MDG"", ""FREQUENCY"": ""M"", ""IFS_FLAG"": ""true"", ""INDEX_TYPE"": ""CPI"", ""OVERLAP"": ""OL"", ""SCALE"": ""0"", ""SECURITY_CLASSIFICATION"": ""PUB"", ""TYPE_OF_TRANSFORMATION"": ""IX""}}"
MDV,cpi_index_all_items_quarterly_imf,2015-Q1,quarterly,93.63883206637526,\N,derived,IMF_CPI,IMF|ACCESS_SHARING_LEVEL=PUBLIC_OPEN|COICOP_1999=_T|COMMON_REFERENCE_PERIOD=2022M11|FREQUENCY=M|IFS_FLAG=true|INDEX_TYPE=CPI|OVERLAP=OL|SCALE=0|SECURITY_CLASSIFICATION=PUB|TYPE_OF_TRANSFORMATION=IX|aggregation=quarterly_mean,\N,"{""aggregation_method"": ""quarterly_mean"", ""source_derivation_types"": [""O"", ""O"", ""O""], ""source_months"": [""2015-M01"", ""2015-M02"", ""2015-M03""], ""source_observation_count"": 3, ""source_series_dimensions"": {""ACCESS_SHARING_LEVEL"": ""PUBLIC_OPEN"", ""COICOP_1999"": ""_T"", ""COMMON_REFERENCE_PERIOD"": ""2022M11"", ""COUNTRY"": ""MDV"", ""FREQUENCY"": ""M"", ""IFS_FLAG"": ""true"", ""INDEX_TYPE"": ""CPI"", ""OVERLAP"": ""OL"", ""SCALE"": ""0"", ""SECURITY_CLASSIFICATION"": ""PUB"", ""TYPE_OF_TRANSFORMATION"": ""IX""}}"
MDV,cpi_index_all_items_quarterly_imf,2015-Q2,quarterly,94.54465757871104,\N,derived,IMF_CPI,IMF|ACCESS_SHARING_LEVEL=PUBLIC_OPEN|COICOP_1999=_T|COMMON_REFERENCE_PERIOD=2022M11|FREQUENCY=M|IFS_FLAG=true|INDEX_TYPE=CPI|OVERLAP=OL|SCALE=0|SECURITY_CLASSIFICATION=PUB|TYPE_OF_TRANSFORMATION=IX|aggregation=quarterly_mean,\N,"{""aggregation_method"": ""quarterly_mean"", ""source_derivation_types"": [""O"", ""O"", ""O""], ""source_months"": [""2015-M04"", ""2015-M05"", ""2015-M06""], ""source_observation_count"": 3, ""source_series_dimensions"": {""ACCESS_SHARING_LEVEL"": ""PUBLIC_OPEN"", ""COICOP_1999"": ""_T"", ""COMMON_REFERENCE_PERIOD"": ""2022M11"", ""COUNTRY"": ""MDV"", ""FREQUENCY"": ""M"", ""IFS_FLAG"": ""true"", ""INDEX_TYPE"": ""CPI"", ""OVERLAP"": ""OL"", ""SCALE"": ""0"", ""SECURITY_CLASSIFICATION"": ""PUB"", ""TYPE_OF_TRANSFORMATION"": ""IX""}}"
MDV,cpi_index_all_items_quarterly_imf,2015-Q3,quarterly,95.04812205693133,\N,derived,IMF_CPI,IMF|ACCESS_SHARING_LEVEL=PUBLIC_OPEN|COICOP_1999=_T|COMMON_REFERENCE_PERIOD=2022M11|FREQUENCY=M|IFS_FLAG=true|INDEX_TYPE=CPI|OVERLAP=OL|SCALE=0|SECURITY_CLASSIFICATION=PUB|TYPE_OF_TRANSFORMATION=IX|aggregation=quarterly_mean,\N,"{""aggregation_method"": ""quarterly_mean"", ""source_derivation_types"": [""O"", ""O"", ""O""], ""source_months"": [""2015-M07"", ""2015-M08"", ""2015-M09""], ""source_observation_count"": 3, ""source_series_dimensions"": {""ACCESS_SHARING_LEVEL"": ""PUBLIC_OPEN"", ""COICOP_1999"": ""_T"", ""COMMON_REFERENCE_PERIOD"": ""2022M11"", ""COUNTRY"": ""MDV"", ""FREQUENCY"": ""M"", ""IFS_FLAG"": ""true"", ""INDEX_TYPE"": ""CPI"", ""OVERLAP"": ""OL"", ""SCALE"": ""0"", ""SECURITY_CLASSIFICATION"": ""PUB"", ""TYPE_OF_TRANSFORMATION"": ""IX""}}"
MDV,cpi_index_all_items_quarterly_imf,2015-Q4,quarterly,94.9501799345997,\N,derived,IMF_CPI,IMF|ACCESS_SHARING_LEVEL=PUBLIC_OPEN|COICOP_1999=_T|COMMON_REFERENCE_PERIOD=2022M11|FREQUENCY=M|IFS_FLAG=true|INDEX_TYPE=CPI|OVERLAP=OL|SCALE=0|SECURITY_CLASSIFICATION=PUB|TYPE_OF_TRANSFORMATION=IX|aggregation=quarterly_mean,\N,"{""aggregation_method"": ""quarterly_mean"", ""source_derivation_types"": [""O"", ""O"", ""O""], ""source_months"": [""2015-M10"", ""2015-M11"", ""2015-M12""], ""source_observation_count"": 3, ""source_series_dimensions"": {""ACCESS_SHARING_LEVEL"": ""PUBLIC_OPEN"", ""COICOP_1999"": ""_T"", ""COMMON_REFERENCE_PERIOD"": ""2022M11"", ""COUNTRY"": ""MDV"", ""FREQUENCY"": ""M"", ""IFS_FLAG"": ""true"", ""INDEX_TYPE"": ""CPI"", ""OVERLAP"": ""OL"", ""SCALE"": ""0"", ""SECURITY_CLASSIFICATION"": ""PUB"", ""TYPE_OF_TRANSFORMATION"": ""IX""}}"
MEX,cpi_index_all_items_quarterly_imf,2015-Q1,quarterly,87.33873,\N,derived,IMF_CPI,IMF|ACCESS_SHARING_LEVEL=PUBLIC_OPEN|COICOP_1999=_T|COMMON_REFERENCE_PERIOD=2018M07|FREQUENCY=M|IFS_FLAG=true|INDEX_TYPE=CPI|OVERLAP=OL|SCALE=0|SECURITY_CLASSIFICATION=PUB|TYPE_OF_TRANSFORMATION=IX|aggregation=quarterly_mean,\N,"{""aggregation_method"": ""quarterly_mean"", ""source_derivation_types"": [""O"", ""O"", ""O""], ""source_months"": [""2015-M01"", ""2015-M02"", ""2015-M03""], ""source_observation_count"": 3, ""source_series_dimensions"": {""ACCESS_SHARING_LEVEL"": ""PUBLIC_OPEN"", ""COICOP_1999"": ""_T"", ""COMMON_REFERENCE_PERIOD"": ""2018M07"", ""COUNTRY"": ""MEX"", ""FREQUENCY"": ""M"", ""IFS_FLAG"": ""true"", ""INDEX_TYPE"": ""CPI"", ""OVERLAP"": ""OL"", ""SCALE"": ""0"", ""SECURITY_CLASSIFICATION"": ""PUB"", ""TYPE_OF_TRANSFORMATION"": ""IX""}}"
MEX,cpi_index_all_items_quarterly_imf,2015-Q2,quarterly,87.16144000000001,\N,derived,IMF_CPI,IMF|ACCESS_SHARING_LEVEL=PUBLIC_OPEN|COICOP_1999=_T|COMMON_REFERENCE_PERIOD=2018M07|FREQUENCY=M|IFS_FLAG=true|INDEX_TYPE=CPI|OVERLAP=OL|SCALE=0|SECURITY_CLASSIFICATION=PUB|TYPE_OF_TRANSFORMATION=IX|aggregation=quarterly_mean,\N,"{""aggregation_method"": ""quarterly_mean"", ""source_derivation_types"": [""O"", ""O"", ""O""], ""source_months"": [""2015-M04"", ""2015-M05"", ""2015-M06""], ""source_observation_count"": 3, ""source_series_dimensions"": {""ACCESS_SHARING_LEVEL"": ""PUBLIC_OPEN"", ""COICOP_1999"": ""_T"", ""COMMON_REFERENCE_PERIOD"": ""2018M07"", ""COUNTRY"": ""MEX"", ""FREQUENCY"": ""M"", ""IFS_FLAG"": ""true"", ""INDEX_TYPE"": ""CPI"", ""OVERLAP"": ""OL"", ""SCALE"": ""0"", ""SECURITY_CLASSIFICATION"": ""PUB"", ""TYPE_OF_TRANSFORMATION"": ""IX""}}"
MEX,cpi_index_all_items_quarterly_imf,2015-Q3,quarterly,87.47270333333331,\N,derived,IMF_CPI,IMF|ACCESS_SHARING_LEVEL=PUBLIC_OPEN|COICOP_1999=_T|COMMON_REFERENCE_PERIOD=2018M07|FREQUENCY=M|IFS_FLAG=true|INDEX_TYPE=CPI|OVERLAP=OL|SCALE=0|SECURITY_CLASSIFICATION=PUB|TYPE_OF_TRANSFORMATION=IX|aggregation=quarterly_mean,\N,"{""aggregation_method"": ""quarterly_mean"", ""source_derivation_types"": [""O"", ""O"", ""O""], ""source_months"": [""2015-M07"", ""2015-M08"", ""2015-M09""], ""source_observation_count"": 3, ""source_series_dimensions"": {""ACCESS_SHARING_LEVEL"": ""PUBLIC_OPEN"", ""COICOP_1999"": ""_T"", ""COMMON_REFERENCE_PERIOD"": ""2018M07"", ""COUNTRY"": ""MEX"", ""FREQUENCY"": ""M"", ""IFS_FLAG"": ""true"", ""INDEX_TYPE"": ""CPI"", ""OVERLAP"": ""OL"", ""SCALE"": ""0"", ""SECURITY_CLASSIFICATION"": ""PUB"", ""TYPE_OF_TRANSFORMATION"": ""IX""}}"
MEX,cpi_index_all_items_quarterly_imf,2015-Q4,quarterly,88.6454,\N,derived,IMF_CPI,IMF|ACCESS_SHARING_LEVEL=PUBLIC_OPEN|COICOP_1999=_T|COMMON_REFERENCE_PERIOD=2018M07|FREQUENCY=M|IFS_FLAG=true|INDEX_TYPE=CPI|OVERLAP=OL|SCALE=0|SECURITY_CLASSIFICATION=PUB|TYPE_OF_TRANSFORMATION=IX|aggregation=quarterly_mean,\N,"{""aggregation_method"": ""quarterly_mean"", ""source_derivation_types"": [""O"", ""O"", ""O""], ""source_months"": [""2015-M10"", ""2015-M11"", ""2015-M12""], ""source_observation_count"": 3, ""source_series_dimensions"": {""ACCESS_SHARING_LEVEL"": ""PUBLIC_OPEN"", ""COICOP_1999"": ""_T"", ""COMMON_REFERENCE_PERIOD"": ""2018M07"", ""COUNTRY"": ""MEX"", ""FREQUENCY"": ""M"", ""IFS_FLAG"": ""true"", ""INDEX_TYPE"": ""CPI"", ""OVERLAP"": ""OL"", ""SCALE"": ""0"", ""SECURITY_CLASSIFICATION"": ""PUB"", ""TYPE_OF_TRANSFORMATION"": ""IX""}}"
MKD,cpi_index_all_items_quarterly_imf,2015-Q1,quarterly,68.5552153846154,\N,derived,IMF_CPI,IMF|ACCESS_SHARING_LEVEL=PUBLIC_OPEN|COICOP_1999=_T|COMMON_REFERENCE_PERIOD=2025A|FREQUENCY=M|IFS_FLAG=true|INDEX_TYPE=CPI|OVERLAP=OL|SCALE=0|SECURITY_CLASSIFICATION=PUB|TYPE_OF_TRANSFORMATION=IX|aggregation=quarterly_mean,\N,"{""aggregation_method"": ""quarterly_mean"", ""source_derivation_types"": [""O"", ""O"", ""O""], ""source_months"": [""2015-M01"", ""2015-M02"", ""2015-M03""], ""source_observation_count"": 3, ""source_series_dimensions"": {""ACCESS_SHARING_LEVEL"": ""PUBLIC_OPEN"", ""COICOP_1999"": ""_T"", ""COMMON_REFERENCE_PERIOD"": ""2025A"", ""COUNTRY"": ""MKD"", ""FREQUENCY"": ""M"", ""IFS_FLAG"": ""true"", ""INDEX_TYPE"": ""CPI"", ""OVERLAP"": ""OL"", ""SCALE"": ""0"", ""SECURITY_CLASSIFICATION"": ""PUB"", ""TYPE_OF_TRANSFORMATION"": ""IX""}}"
MKD,cpi_index_all_items_quarterly_imf,2015-Q2,quarterly,69.25174892307692,\N,derived,IMF_CPI,IMF|ACCESS_SHARING_LEVEL=PUBLIC_OPEN|COICOP_1999=_T|COMMON_REFERENCE_PERIOD=2025A|FREQUENCY=M|IFS_FLAG=true|INDEX_TYPE=CPI|OVERLAP=OL|SCALE=0|SECURITY_CLASSIFICATION=PUB|TYPE_OF_TRANSFORMATION=IX|aggregation=quarterly_mean,\N,"{""aggregation_method"": ""quarterly_mean"", ""source_derivation_types"": [""O"", ""O"", ""O""], ""source_months"": [""2015-M04"", ""2015-M05"", ""2015-M06""], ""source_observation_count"": 3, ""source_series_dimensions"": {""ACCESS_SHARING_LEVEL"": ""PUBLIC_OPEN"", ""COICOP_1999"": ""_T"", ""COMMON_REFERENCE_PERIOD"": ""2025A"", ""COUNTRY"": ""MKD"", ""FREQUENCY"": ""M"", ""IFS_FLAG"": ""true"", ""INDEX_TYPE"": ""CPI"", ""OVERLAP"": ""OL"", ""SCALE"": ""0"", ""SECURITY_CLASSIFICATION"": ""PUB"", ""TYPE_OF_TRANSFORMATION"": ""IX""}}"
MKD,cpi_index_all_items_quarterly_imf,2015-Q3,quarterly,68.80203507692308,\N,derived,IMF_CPI,IMF|ACCESS_SHARING_LEVEL=PUBLIC_OPEN|COICOP_1999=_T|COMMON_REFERENCE_PERIOD=2025A|FREQUENCY=M|IFS_FLAG=true|INDEX_TYPE=CPI|OVERLAP=OL|SCALE=0|SECURITY_CLASSIFICATION=PUB|TYPE_OF_TRANSFORMATION=IX|aggregation=quarterly_mean,\N,"{""aggregation_method"": ""quarterly_mean"", ""source_derivation_types"": [""O"", ""O"", ""O""], ""source_months"": [""2015-M07"", ""2015-M08"", ""2015-M09""], ""source_observation_count"": 3, ""source_series_dimensions"": {""ACCESS_SHARING_LEVEL"": ""PUBLIC_OPEN"", ""COICOP_1999"": ""_T"", ""COMMON_REFERENCE_PERIOD"": ""2025A"", ""COUNTRY"": ""MKD"", ""FREQUENCY"": ""M"", ""IFS_FLAG"": ""true"", ""INDEX_TYPE"": ""CPI"", ""OVERLAP"": ""OL"", ""SCALE"": ""0"", ""SECURITY_CLASSIFICATION"": ""PUB"", ""TYPE_OF_TRANSFORMATION"": ""IX""}}"
MKD,cpi_index_all_items_quarterly_imf,2015-Q4,quarterly,68.7392843076923,\N,derived,IMF_CPI,IMF|ACCESS_SHARING_LEVEL=PUBLIC_OPEN|COICOP_1999=_T|COMMON_REFERENCE_PERIOD=2025A|FREQUENCY=M|IFS_FLAG=true|INDEX_TYPE=CPI|OVERLAP=OL|SCALE=0|SECURITY_CLASSIFICATION=PUB|TYPE_OF_TRANSFORMATION=IX|aggregation=quarterly_mean,\N,"{""aggregation_method"": ""quarterly_mean"", ""source_derivation_types"": [""O"", ""O"", ""O""], ""source_months"": [""2015-M10"", ""2015-M11"", ""2015-M12""], ""source_observation_count"": 3, ""source_series_dimensions"": {""ACCESS_SHARING_LEVEL"": ""PUBLIC_OPEN"", ""COICOP_1999"": ""_T"", ""COMMON_REFERENCE_PERIOD"": ""2025A"", ""COUNTRY"": ""MKD"", ""FREQUENCY"": ""M"", ""IFS_FLAG"": ""true"", ""INDEX_TYPE"": ""CPI"", ""OVERLAP"": ""OL"", ""SCALE"": ""0"", ""SECURITY_CLASSIFICATION"": ""PUB"", ""TYPE_OF_TRANSFORMATION"": ""IX""}}"
MLI,cpi_index_all_items_quarterly_imf,2015-Q1,quarterly,85.79995263092114,\N,derived,IMF_CPI,IMF|ACCESS_SHARING_LEVEL=PUBLIC_OPEN|COICOP_1999=_T|COMMON_REFERENCE_PERIOD=2023A|FREQUENCY=M|IFS_FLAG=true|INDEX_TYPE=CPI|OVERLAP=OL|SCALE=0|SECURITY_CLASSIFICATION=PUB|TYPE_OF_TRANSFORMATION=IX|aggregation=quarterly_mean,\N,"{""aggregation_method"": ""quarterly_mean"", ""source_derivation_types"": [""O"", ""O"", ""O""], ""source_months"": [""2015-M01"", ""2015-M02"", ""2015-M03""], ""source_observation_count"": 3, ""source_series_dimensions"": {""ACCESS_SHARING_LEVEL"": ""PUBLIC_OPEN"", ""COICOP_1999"": ""_T"", ""COMMON_REFERENCE_PERIOD"": ""2023A"", ""COUNTRY"": ""MLI"", ""FREQUENCY"": ""M"", ""IFS_FLAG"": ""true"", ""INDEX_TYPE"": ""CPI"", ""OVERLAP"": ""OL"", ""SCALE"": ""0"", ""SECURITY_CLASSIFICATION"": ""PUB"", ""TYPE_OF_TRANSFORMATION"": ""IX""}}"
MLI,cpi_index_all_items_quarterly_imf,2015-Q2,quarterly,87.03157980252469,\N,derived,IMF_CPI,IMF|ACCESS_SHARING_LEVEL=PUBLIC_OPEN|COICOP_1999=_T|COMMON_REFERENCE_PERIOD=2023A|FREQUENCY=M|IFS_FLAG=true|INDEX_TYPE=CPI|OVERLAP=OL|SCALE=0|SECURITY_CLASSIFICATION=PUB|TYPE_OF_TRANSFORMATION=IX|aggregation=quarterly_mean,\N,"{""aggregation_method"": ""quarterly_mean"", ""source_derivation_types"": [""O"", ""O"", ""O""], ""source_months"": [""2015-M04"", ""2015-M05"", ""2015-M06""], ""source_observation_count"": 3, ""source_series_dimensions"": {""ACCESS_SHARING_LEVEL"": ""PUBLIC_OPEN"", ""COICOP_1999"": ""_T"", ""COMMON_REFERENCE_PERIOD"": ""2023A"", ""COUNTRY"": ""MLI"", ""FREQUENCY"": ""M"", ""IFS_FLAG"": ""true"", ""INDEX_TYPE"": ""CPI"", ""OVERLAP"": ""OL"", ""SCALE"": ""0"", ""SECURITY_CLASSIFICATION"": ""PUB"", ""TYPE_OF_TRANSFORMATION"": ""IX""}}"
MLI,cpi_index_all_items_quarterly_imf,2015-Q3,quarterly,89.63792775903012,\N,derived,IMF_CPI,IMF|ACCESS_SHARING_LEVEL=PUBLIC_OPEN|COICOP_1999=_T|COMMON_REFERENCE_PERIOD=2023A|FREQUENCY=M|IFS_FLAG=true|INDEX_TYPE=CPI|OVERLAP=OL|SCALE=0|SECURITY_CLASSIFICATION=PUB|TYPE_OF_TRANSFORMATION=IX|aggregation=quarterly_mean,\N,"{""aggregation_method"": ""quarterly_mean"", ""source_derivation_types"": [""O"", ""O"", ""O""], ""source_months"": [""2015-M07"", ""2015-M08"", ""2015-M09""], ""source_observation_count"": 3, ""source_series_dimensions"": {""ACCESS_SHARING_LEVEL"": ""PUBLIC_OPEN"", ""COICOP_1999"": ""_T"", ""COMMON_REFERENCE_PERIOD"": ""2023A"", ""COUNTRY"": ""MLI"", ""FREQUENCY"": ""M"", ""IFS_FLAG"": ""true"", ""INDEX_TYPE"": ""CPI"", ""OVERLAP"": ""OL"", ""SCALE"": ""0"", ""SECURITY_CLASSIFICATION"": ""PUB"", ""TYPE_OF_TRANSFORMATION"": ""IX""}}"
MLI,cpi_index_all_items_quarterly_imf,2015-Q4,quarterly,87.95146731658544,\N,derived,IMF_CPI,IMF|ACCESS_SHARING_LEVEL=PUBLIC_OPEN|COICOP_1999=_T|COMMON_REFERENCE_PERIOD=2023A|FREQUENCY=M|IFS_FLAG=true|INDEX_TYPE=CPI|OVERLAP=OL|SCALE=0|SECURITY_CLASSIFICATION=PUB|TYPE_OF_TRANSFORMATION=IX|aggregation=quarterly_mean,\N,"{""aggregation_method"": ""quarterly_mean"", ""source_derivation_types"": [""O"", ""O"", ""O""], ""source_months"": [""2015-M10"", ""2015-M11"", ""2015-M12""], ""source_observation_count"": 3, ""source_series_dimensions"": {""ACCESS_SHARING_LEVEL"": ""PUBLIC_OPEN"", ""COICOP_1999"": ""_T"", ""COMMON_REFERENCE_PERIOD"": ""2023A"", ""COUNTRY"": ""MLI"", ""FREQUENCY"": ""M"", ""IFS_FLAG"": ""true"", ""INDEX_TYPE"": ""CPI"", ""OVERLAP"": ""OL"", ""SCALE"": ""0"", ""SECURITY_CLASSIFICATION"": ""PUB"", ""TYPE_OF_TRANSFORMATION"": ""IX""}}"
MLT,cpi_index_all_items_quarterly_imf,2015-Q1,quarterly,96.94669477900129,\N,derived,IMF_CPI,IMF|ACCESS_SHARING_LEVEL=PUBLIC_OPEN|COICOP_1999=_T|COMMON_REFERENCE_PERIOD=2016M12|FREQUENCY=M|IFS_FLAG=true|INDEX_TYPE=CPI|OVERLAP=OL|SCALE=0|SECURITY_CLASSIFICATION=PUB|TYPE_OF_TRANSFORMATION=IX|aggregation=quarterly_mean,\N,"{""aggregation_method"": ""quarterly_mean"", ""source_derivation_types"": [""O"", ""O"", ""O""], ""source_months"": [""2015-M01"", ""2015-M02"", ""2015-M03""], ""source_observation_count"": 3, ""source_series_dimensions"": {""ACCESS_SHARING_LEVEL"": ""PUBLIC_OPEN"", ""COICOP_1999"": ""_T"", ""COMMON_REFERENCE_PERIOD"": ""2016M12"", ""COUNTRY"": ""MLT"", ""FREQUENCY"": ""M"", ""IFS_FLAG"": ""true"", ""INDEX_TYPE"": ""CPI"", ""OVERLAP"": ""OL"", ""SCALE"": ""0"", ""SECURITY_CLASSIFICATION"": ""PUB"", ""TYPE_OF_TRANSFORMATION"": ""IX""}}"
MLT,cpi_index_all_items_quarterly_imf,2015-Q2,quarterly,97.96700573856693,\N,derived,IMF_CPI,IMF|ACCESS_SHARING_LEVEL=PUBLIC_OPEN|COICOP_1999=_T|COMMON_REFERENCE_PERIOD=2016M12|FREQUENCY=M|IFS_FLAG=true|INDEX_TYPE=CPI|OVERLAP=OL|SCALE=0|SECURITY_CLASSIFICATION=PUB|TYPE_OF_TRANSFORMATION=IX|aggregation=quarterly_mean,\N,"{""aggregation_method"": ""quarterly_mean"", ""source_derivation_types"": [""O"", ""O"", ""O""], ""source_months"": [""2015-M04"", ""2015-M05"", ""2015-M06""], ""source_observation_count"": 3, ""source_series_dimensions"": {""ACCESS_SHARING_LEVEL"": ""PUBLIC_OPEN"", ""COICOP_1999"": ""_T"", ""COMMON_REFERENCE_PERIOD"": ""2016M12"", ""COUNTRY"": ""MLT"", ""FREQUENCY"": ""M"", ""IFS_FLAG"": ""true"", ""INDEX_TYPE"": ""CPI"", ""OVERLAP"": ""OL"", ""SCALE"": ""0"", ""SECURITY_CLASSIFICATION"": ""PUB"", ""TYPE_OF_TRANSFORMATION"": ""IX""}}"
MLT,cpi_index_all_items_quarterly_imf,2015-Q3,quarterly,97.86553231210347,\N,derived,IMF_CPI,IMF|ACCESS_SHARING_LEVEL=PUBLIC_OPEN|COICOP_1999=_T|COMMON_REFERENCE_PERIOD=2016M12|FREQUENCY=M|IFS_FLAG=true|INDEX_TYPE=CPI|OVERLAP=OL|SCALE=0|SECURITY_CLASSIFICATION=PUB|TYPE_OF_TRANSFORMATION=IX|aggregation=quarterly_mean,\N,"{""aggregation_method"": ""quarterly_mean"", ""source_derivation_types"": [""O"", ""O"", ""O""], ""source_months"": [""2015-M07"", ""2015-M08"", ""2015-M09""], ""source_observation_count"": 3, ""source_series_dimensions"": {""ACCESS_SHARING_LEVEL"": ""PUBLIC_OPEN"", ""COICOP_1999"": ""_T"", ""COMMON_REFERENCE_PERIOD"": ""2016M12"", ""COUNTRY"": ""MLT"", ""FREQUENCY"": ""M"", ""IFS_FLAG"": ""true"", ""INDEX_TYPE"": ""CPI"", ""OVERLAP"": ""OL"", ""SCALE"": ""0"", ""SECURITY_CLASSIFICATION"": ""PUB"", ""TYPE_OF_TRANSFORMATION"": ""IX""}}"
MLT,cpi_index_all_items_quarterly_imf,2015-Q4,quarterly,98.72000639354557,\N,derived,IMF_CPI,IMF|ACCESS_SHARING_LEVEL=PUBLIC_OPEN|COICOP_1999=_T|COMMON_REFERENCE_PERIOD=2016M12|FREQUENCY=M|IFS_FLAG=true|INDEX_TYPE=CPI|OVERLAP=OL|SCALE=0|SECURITY_CLASSIFICATION=PUB|TYPE_OF_TRANSFORMATION=IX|aggregation=quarterly_mean,\N,"{""aggregation_method"": ""quarterly_mean"", ""source_derivation_types"": [""O"", ""O"", ""O""], ""source_months"": [""2015-M10"", ""2015-M11"", ""2015-M12""], ""source_observation_count"": 3, ""source_series_dimensions"": {""ACCESS_SHARING_LEVEL"": ""PUBLIC_OPEN"", ""COICOP_1999"": ""_T"", ""COMMON_REFERENCE_PERIOD"": ""2016M12"", ""COUNTRY"": ""MLT"", ""FREQUENCY"": ""M"", ""IFS_FLAG"": ""true"", ""INDEX_TYPE"": ""CPI"", ""OVERLAP"": ""OL"", ""SCALE"": ""0"", ""SECURITY_CLASSIFICATION"": ""PUB"", ""TYPE_OF_TRANSFORMATION"": ""IX""}}"
MMR,cpi_index_all_items_quarterly_imf,2015-Q1,quarterly,113.51495498936367,\N,derived,IMF_CPI,IMF|ACCESS_SHARING_LEVEL=PUBLIC_OPEN|COICOP_1999=_T|COMMON_REFERENCE_PERIOD=2012A|FREQUENCY=M|IFS_FLAG=true|INDEX_TYPE=CPI|OVERLAP=OL|SCALE=0|SECURITY_CLASSIFICATION=PUB|TYPE_OF_TRANSFORMATION=IX|aggregation=quarterly_mean,\N,"{""aggregation_method"": ""quarterly_mean"", ""source_derivation_types"": [""O"", ""O"", ""O""], ""source_months"": [""2015-M01"", ""2015-M02"", ""2015-M03""], ""source_observation_count"": 3, ""source_series_dimensions"": {""ACCESS_SHARING_LEVEL"": ""PUBLIC_OPEN"", ""COICOP_1999"": ""_T"", ""COMMON_REFERENCE_PERIOD"": ""2012A"", ""COUNTRY"": ""MMR"", ""FREQUENCY"": ""M"", ""IFS_FLAG"": ""true"", ""INDEX_TYPE"": ""CPI"", ""OVERLAP"": ""OL"", ""SCALE"": ""0"", ""SECURITY_CLASSIFICATION"": ""PUB"", ""TYPE_OF_TRANSFORMATION"": ""IX""}}"
MMR,cpi_index_all_items_quarterly_imf,2015-Q2,quarterly,116.528861517496,\N,derived,IMF_CPI,IMF|ACCESS_SHARING_LEVEL=PUBLIC_OPEN|COICOP_1999=_T|COMMON_REFERENCE_PERIOD=2012A|FREQUENCY=M|IFS_FLAG=true|INDEX_TYPE=CPI|OVERLAP=OL|SCALE=0|SECURITY_CLASSIFICATION=PUB|TYPE_OF_TRANSFORMATION=IX|aggregation=quarterly_mean,\N,"{""aggregation_method"": ""quarterly_mean"", ""source_derivation_types"": [""O"", ""O"", ""O""], ""source_months"": [""2015-M04"", ""2015-M05"", ""2015-M06""], ""source_observation_count"": 3, ""source_series_dimensions"": {""ACCESS_SHARING_LEVEL"": ""PUBLIC_OPEN"", ""COICOP_1999"": ""_T"", ""COMMON_REFERENCE_PERIOD"": ""2012A"", ""COUNTRY"": ""MMR"", ""FREQUENCY"": ""M"", ""IFS_FLAG"": ""true"", ""INDEX_TYPE"": ""CPI"", ""OVERLAP"": ""OL"", ""SCALE"": ""0"", ""SECURITY_CLASSIFICATION"": ""PUB"", ""TYPE_OF_TRANSFORMATION"": ""IX""}}"
MMR,cpi_index_all_items_quarterly_imf,2015-Q3,quarterly,122.93946700533134,\N,derived,IMF_CPI,IMF|ACCESS_SHARING_LEVEL=PUBLIC_OPEN|COICOP_1999=_T|COMMON_REFERENCE_PERIOD=2012A|FREQUENCY=M|IFS_FLAG=true|INDEX_TYPE=CPI|OVERLAP=OL|SCALE=0|SECURITY_CLASSIFICATION=PUB|TYPE_OF_TRANSFORMATION=IX|aggregation=quarterly_mean,\N,"{""aggregation_method"": ""quarterly_mean"", ""source_derivation_types"": [""O"", ""O"", ""O""], ""source_months"": [""2015-M07"", ""2015-M08"", ""2015-M09""], ""source_observation_count"": 3, ""source_series_dimensions"": {""ACCESS_SHARING_LEVEL"": ""PUBLIC_OPEN"", ""COICOP_1999"": ""_T"", ""COMMON_REFERENCE_PERIOD"": ""2012A"", ""COUNTRY"": ""MMR"", ""FREQUENCY"": ""M"", ""IFS_FLAG"": ""true"", ""INDEX_TYPE"": ""CPI"", ""OVERLAP"": ""OL"", ""SCALE"": ""0"", ""SECURITY_CLASSIFICATION"": ""PUB"", ""TYPE_OF_TRANSFORMATION"": ""IX""}}"
MMR,cpi_index_all_items_quarterly_imf,2015-Q4,quarterly,125.83396317395966,\N,derived,IMF_CPI,IMF|ACCESS_SHARING_LEVEL=PUBLIC_OPEN|COICOP_1999=_T|COMMON_REFERENCE_PERIOD=2012A|FREQUENCY=M|IFS_FLAG=true|INDEX_TYPE=CPI|OVERLAP=OL|SCALE=0|SECURITY_CLASSIFICATION=PUB|TYPE_OF_TRANSFORMATION=IX|aggregation=quarterly_mean,\N,"{""aggregation_method"": ""quarterly_mean"", ""source_derivation_types"": [""O"", ""O"", ""O""], ""source_months"": [""2015-M10"", ""2015-M11"", ""2015-M12""], ""source_observation_count"": 3, ""source_series_dimensions"": {""ACCESS_SHARING_LEVEL"": ""PUBLIC_OPEN"", ""COICOP_1999"": ""_T"", ""COMMON_REFERENCE_PERIOD"": ""2012A"", ""COUNTRY"": ""MMR"", ""FREQUENCY"": ""M"", ""IFS_FLAG"": ""true"", ""INDEX_TYPE"": ""CPI"", ""OVERLAP"": ""OL"", ""SCALE"": ""0"", ""SECURITY_CLASSIFICATION"": ""PUB"", ""TYPE_OF_TRANSFORMATION"": ""IX""}}"
MNE,cpi_index_all_items_quarterly_imf,2015-Q1,quarterly,69.87316532369505,\N,derived,IMF_CPI,IMF|ACCESS_SHARING_LEVEL=PUBLIC_OPEN|COICOP_1999=_T|COMMON_REFERENCE_PERIOD=2025A|FREQUENCY=M|IFS_FLAG=true|INDEX_TYPE=CPI|OVERLAP=OL|SCALE=0|SECURITY_CLASSIFICATION=PUB|TYPE_OF_TRANSFORMATION=IX|aggregation=quarterly_mean,\N,"{""aggregation_method"": ""quarterly_mean"", ""source_derivation_types"": [""O"", ""O"", ""O""], ""source_months"": [""2015-M01"", ""2015-M02"", ""2015-M03""], ""source_observation_count"": 3, ""source_series_dimensions"": {""ACCESS_SHARING_LEVEL"": ""PUBLIC_OPEN"", ""COICOP_1999"": ""_T"", ""COMMON_REFERENCE_PERIOD"": ""2025A"", ""COUNTRY"": ""MNE"", ""FREQUENCY"": ""M"", ""IFS_FLAG"": ""true"", ""INDEX_TYPE"": ""CPI"", ""OVERLAP"": ""OL"", ""SCALE"": ""0"", ""SECURITY_CLASSIFICATION"": ""PUB"", ""TYPE_OF_TRANSFORMATION"": ""IX""}}"
MNE,cpi_index_all_items_quarterly_imf,2015-Q2,quarterly,70.96541036131443,\N,derived,IMF_CPI,IMF|ACCESS_SHARING_LEVEL=PUBLIC_OPEN|COICOP_1999=_T|COMMON_REFERENCE_PERIOD=2025A|FREQUENCY=M|IFS_FLAG=true|INDEX_TYPE=CPI|OVERLAP=OL|SCALE=0|SECURITY_CLASSIFICATION=PUB|TYPE_OF_TRANSFORMATION=IX|aggregation=quarterly_mean,\N,"{""aggregation_method"": ""quarterly_mean"", ""source_derivation_types"": [""O"", ""O"", ""O""], ""source_months"": [""2015-M04"", ""2015-M05"", ""2015-M06""], ""source_observation_count"": 3, ""source_series_dimensions"": {""ACCESS_SHARING_LEVEL"": ""PUBLIC_OPEN"", ""COICOP_1999"": ""_T"", ""COMMON_REFERENCE_PERIOD"": ""2025A"", ""COUNTRY"": ""MNE"", ""FREQUENCY"": ""M"", ""IFS_FLAG"": ""true"", ""INDEX_TYPE"": ""CPI"", ""OVERLAP"": ""OL"", ""SCALE"": ""0"", ""SECURITY_CLASSIFICATION"": ""PUB"", ""TYPE_OF_TRANSFORMATION"": ""IX""}}"
MNE,cpi_index_all_items_quarterly_imf,2015-Q3,quarterly,70.93412043510568,\N,derived,IMF_CPI,IMF|ACCESS_SHARING_LEVEL=PUBLIC_OPEN|COICOP_1999=_T|COMMON_REFERENCE_PERIOD=2025A|FREQUENCY=M|IFS_FLAG=true|INDEX_TYPE=CPI|OVERLAP=OL|SCALE=0|SECURITY_CLASSIFICATION=PUB|TYPE_OF_TRANSFORMATION=IX|aggregation=quarterly_mean,\N,"{""aggregation_method"": ""quarterly_mean"", ""source_derivation_types"": [""O"", ""O"", ""O""], ""source_months"": [""2015-M07"", ""2015-M08"", ""2015-M09""], ""source_observation_count"": 3, ""source_series_dimensions"": {""ACCESS_SHARING_LEVEL"": ""PUBLIC_OPEN"", ""COICOP_1999"": ""_T"", ""COMMON_REFERENCE_PERIOD"": ""2025A"", ""COUNTRY"": ""MNE"", ""FREQUENCY"": ""M"", ""IFS_FLAG"": ""true"", ""INDEX_TYPE"": ""CPI"", ""OVERLAP"": ""OL"", ""SCALE"": ""0"", ""SECURITY_CLASSIFICATION"": ""PUB"", ""TYPE_OF_TRANSFORMATION"": ""IX""}}"
MNE,cpi_index_all_items_quarterly_imf,2015-Q4,quarterly,70.83092053331234,\N,derived,IMF_CPI,IMF|ACCESS_SHARING_LEVEL=PUBLIC_OPEN|COICOP_1999=_T|COMMON_REFERENCE_PERIOD=2025A|FREQUENCY=M|IFS_FLAG=true|INDEX_TYPE=CPI|OVERLAP=OL|SCALE=0|SECURITY_CLASSIFICATION=PUB|TYPE_OF_TRANSFORMATION=IX|aggregation=quarterly_mean,\N,"{""aggregation_method"": ""quarterly_mean"", ""source_derivation_types"": [""O"", ""O"", ""O""], ""source_months"": [""2015-M10"", ""2015-M11"", ""2015-M12""], ""source_observation_count"": 3, ""source_series_dimensions"": {""ACCESS_SHARING_LEVEL"": ""PUBLIC_OPEN"", ""COICOP_1999"": ""_T"", ""COMMON_REFERENCE_PERIOD"": ""2025A"", ""COUNTRY"": ""MNE"", ""FREQUENCY"": ""M"", ""IFS_FLAG"": ""true"", ""INDEX_TYPE"": ""CPI"", ""OVERLAP"": ""OL"", ""SCALE"": ""0"", ""SECURITY_CLASSIFICATION"": ""PUB"", ""TYPE_OF_TRANSFORMATION"": ""IX""}}"
MNG,cpi_index_all_items_quarterly_imf,2015-Q1,quarterly,58.326553614923036,\N,derived,IMF_CPI,IMF|ACCESS_SHARING_LEVEL=PUBLIC_OPEN|COICOP_1999=_T|COMMON_REFERENCE_PERIOD=2023A|FREQUENCY=M|IFS_FLAG=true|INDEX_TYPE=CPI|OVERLAP=OL|SCALE=0|SECURITY_CLASSIFICATION=PUB|TYPE_OF_TRANSFORMATION=IX|aggregation=quarterly_mean,\N,"{""aggregation_method"": ""quarterly_mean"", ""source_derivation_types"": [""O"", ""O"", ""O""], ""source_months"": [""2015-M01"", ""2015-M02"", ""2015-M03""], ""source_observation_count"": 3, ""source_series_dimensions"": {""ACCESS_SHARING_LEVEL"": ""PUBLIC_OPEN"", ""COICOP_1999"": ""_T"", ""COMMON_REFERENCE_PERIOD"": ""2023A"", ""COUNTRY"": ""MNG"", ""FREQUENCY"": ""M"", ""IFS_FLAG"": ""true"", ""INDEX_TYPE"": ""CPI"", ""OVERLAP"": ""OL"", ""SCALE"": ""0"", ""SECURITY_CLASSIFICATION"": ""PUB"", ""TYPE_OF_TRANSFORMATION"": ""IX""}}"
MNG,cpi_index_all_items_quarterly_imf,2015-Q2,quarterly,58.932899410383335,\N,derived,IMF_CPI,IMF|ACCESS_SHARING_LEVEL=PUBLIC_OPEN|COICOP_1999=_T|COMMON_REFERENCE_PERIOD=2023A|FREQUENCY=M|IFS_FLAG=true|INDEX_TYPE=CPI|OVERLAP=OL|SCALE=0|SECURITY_CLASSIFICATION=PUB|TYPE_OF_TRANSFORMATION=IX|aggregation=quarterly_mean,\N,"{""aggregation_method"": ""quarterly_mean"", ""source_derivation_types"": [""O"", ""O"", ""O""], ""source_months"": [""2015-M04"", ""2015-M05"", ""2015-M06""], ""source_observation_count"": 3, ""source_series_dimensions"": {""ACCESS_SHARING_LEVEL"": ""PUBLIC_OPEN"", ""COICOP_1999"": ""_T"", ""COMMON_REFERENCE_PERIOD"": ""2023A"", ""COUNTRY"": ""MNG"", ""FREQUENCY"": ""M"", ""IFS_FLAG"": ""true"", ""INDEX_TYPE"": ""CPI"", ""OVERLAP"": ""OL"", ""SCALE"": ""0"", ""SECURITY_CLASSIFICATION"": ""PUB"", ""TYPE_OF_TRANSFORMATION"": ""IX""}}"
MNG,cpi_index_all_items_quarterly_imf,2015-Q3,quarterly,58.97201849396142,\N,derived,IMF_CPI,IMF|ACCESS_SHARING_LEVEL=PUBLIC_OPEN|COICOP_1999=_T|COMMON_REFERENCE_PERIOD=2023A|FREQUENCY=M|IFS_FLAG=true|INDEX_TYPE=CPI|OVERLAP=OL|SCALE=0|SECURITY_CLASSIFICATION=PUB|TYPE_OF_TRANSFORMATION=IX|aggregation=quarterly_mean,\N,"{""aggregation_method"": ""quarterly_mean"", ""source_derivation_types"": [""O"", ""O"", ""O""], ""source_months"": [""2015-M07"", ""2015-M08"", ""2015-M09""], ""source_observation_count"": 3, ""source_series_dimensions"": {""ACCESS_SHARING_LEVEL"": ""PUBLIC_OPEN"", ""COICOP_1999"": ""_T"", ""COMMON_REFERENCE_PERIOD"": ""2023A"", ""COUNTRY"": ""MNG"", ""FREQUENCY"": ""M"", ""IFS_FLAG"": ""true"", ""INDEX_TYPE"": ""CPI"", ""OVERLAP"": ""OL"", ""SCALE"": ""0"", ""SECURITY_CLASSIFICATION"": ""PUB"", ""TYPE_OF_TRANSFORMATION"": ""IX""}}"
MNG,cpi_index_all_items_quarterly_imf,2015-Q4,quarterly,58.5025894910244,\N,derived,IMF_CPI,IMF|ACCESS_SHARING_LEVEL=PUBLIC_OPEN|COICOP_1999=_T|COMMON_REFERENCE_PERIOD=2023A|FREQUENCY=M|IFS_FLAG=true|INDEX_TYPE=CPI|OVERLAP=OL|SCALE=0|SECURITY_CLASSIFICATION=PUB|TYPE_OF_TRANSFORMATION=IX|aggregation=quarterly_mean,\N,"{""aggregation_method"": ""quarterly_mean"", ""source_derivation_types"": [""O"", ""O"", ""O""], ""source_months"": [""2015-M10"", ""2015-M11"", ""2015-M12""], ""source_observation_count"": 3, ""source_series_dimensions"": {""ACCESS_SHARING_LEVEL"": ""PUBLIC_OPEN"", ""COICOP_1999"": ""_T"", ""COMMON_REFERENCE_PERIOD"": ""2023A"", ""COUNTRY"": ""MNG"", ""FREQUENCY"": ""M"", ""IFS_FLAG"": ""true"", ""INDEX_TYPE"": ""CPI"", ""OVERLAP"": ""OL"", ""SCALE"": ""0"", ""SECURITY_CLASSIFICATION"": ""PUB"", ""TYPE_OF_TRANSFORMATION"": ""IX""}}"
MOZ,cpi_index_all_items_quarterly_imf,2015-Q1,quarterly,52.70345535542689,\N,derived,IMF_CPI,IMF|ACCESS_SHARING_LEVEL=PUBLIC_OPEN|COICOP_1999=_T|COMMON_REFERENCE_PERIOD=2023A|FREQUENCY=M|IFS_FLAG=true|INDEX_TYPE=CPI|OVERLAP=OL|SCALE=0|SECURITY_CLASSIFICATION=PUB|TYPE_OF_TRANSFORMATION=IX|aggregation=quarterly_mean,\N,"{""aggregation_method"": ""quarterly_mean"", ""source_derivation_types"": [""O"", ""O"", ""O""], ""source_months"": [""2015-M01"", ""2015-M02"", ""2015-M03""], ""source_observation_count"": 3, ""source_series_dimensions"": {""ACCESS_SHARING_LEVEL"": ""PUBLIC_OPEN"", ""COICOP_1999"": ""_T"", ""COMMON_REFERENCE_PERIOD"": ""2023A"", ""COUNTRY"": ""MOZ"", ""FREQUENCY"": ""M"", ""IFS_FLAG"": ""true"", ""INDEX_TYPE"": ""CPI"", ""OVERLAP"": ""OL"", ""SCALE"": ""0"", ""SECURITY_CLASSIFICATION"": ""PUB"", ""TYPE_OF_TRANSFORMATION"": ""IX""}}"
MOZ,cpi_index_all_items_quarterly_imf,2015-Q2,quarterly,52.028229680238326,\N,derived,IMF_CPI,IMF|ACCESS_SHARING_LEVEL=PUBLIC_OPEN|COICOP_1999=_T|COMMON_REFERENCE_PERIOD=2023A|FREQUENCY=M|IFS_FLAG=true|INDEX_TYPE=CPI|OVERLAP=OL|SCALE=0|SECURITY_CLASSIFICATION=PUB|TYPE_OF_TRANSFORMATION=IX|aggregation=quarterly_mean,\N,"{""aggregation_method"": ""quarterly_mean"", ""source_derivation_types"": [""O"", ""O"", ""O""], ""source_months"": [""2015-M04"", ""2015-M05"", ""2015-M06""], ""source_observation_count"": 3, ""source_series_dimensions"": {""ACCESS_SHARING_LEVEL"": ""PUBLIC_OPEN"", ""COICOP_1999"": ""_T"", ""COMMON_REFERENCE_PERIOD"": ""2023A"", ""COUNTRY"": ""MOZ"", ""FREQUENCY"": ""M"", ""IFS_FLAG"": ""true"", ""INDEX_TYPE"": ""CPI"", ""OVERLAP"": ""OL"", ""SCALE"": ""0"", ""SECURITY_CLASSIFICATION"": ""PUB"", ""TYPE_OF_TRANSFORMATION"": ""IX""}}"
MOZ,cpi_index_all_items_quarterly_imf,2015-Q3,quarterly,51.85344781298818,\N,derived,IMF_CPI,IMF|ACCESS_SHARING_LEVEL=PUBLIC_OPEN|COICOP_1999=_T|COMMON_REFERENCE_PERIOD=2023A|FREQUENCY=M|IFS_FLAG=true|INDEX_TYPE=CPI|OVERLAP=OL|SCALE=0|SECURITY_CLASSIFICATION=PUB|TYPE_OF_TRANSFORMATION=IX|aggregation=quarterly_mean,\N,"{""aggregation_method"": ""quarterly_mean"", ""source_derivation_types"": [""O"", ""O"", ""O""], ""source_months"": [""2015-M07"", ""2015-M08"", ""2015-M09""], ""source_observation_count"": 3, ""source_series_dimensions"": {""ACCESS_SHARING_LEVEL"": ""PUBLIC_OPEN"", ""COICOP_1999"": ""_T"", ""COMMON_REFERENCE_PERIOD"": ""2023A"", ""COUNTRY"": ""MOZ"", ""FREQUENCY"": ""M"", ""IFS_FLAG"": ""true"", ""INDEX_TYPE"": ""CPI"", ""OVERLAP"": ""OL"", ""SCALE"": ""0"", ""SECURITY_CLASSIFICATION"": ""PUB"", ""TYPE_OF_TRANSFORMATION"": ""IX""}}"
MOZ,cpi_index_all_items_quarterly_imf,2015-Q4,quarterly,54.576758445441214,\N,derived,IMF_CPI,IMF|ACCESS_SHARING_LEVEL=PUBLIC_OPEN|COICOP_1999=_T|COMMON_REFERENCE_PERIOD=2023A|FREQUENCY=M|IFS_FLAG=true|INDEX_TYPE=CPI|OVERLAP=OL|SCALE=0|SECURITY_CLASSIFICATION=PUB|TYPE_OF_TRANSFORMATION=IX|aggregation=quarterly_mean,\N,"{""aggregation_method"": ""quarterly_mean"", ""source_derivation_types"": [""O"", ""O"", ""O""], ""source_months"": [""2015-M10"", ""2015-M11"", ""2015-M12""], ""source_observation_count"": 3, ""source_series_dimensions"": {""ACCESS_SHARING_LEVEL"": ""PUBLIC_OPEN"", ""COICOP_1999"": ""_T"", ""COMMON_REFERENCE_PERIOD"": ""2023A"", ""COUNTRY"": ""MOZ"", ""FREQUENCY"": ""M"", ""IFS_FLAG"": ""true"", ""INDEX_TYPE"": ""CPI"", ""OVERLAP"": ""OL"", ""SCALE"": ""0"", ""SECURITY_CLASSIFICATION"": ""PUB"", ""TYPE_OF_TRANSFORMATION"": ""IX""}}"
MRT,cpi_index_all_items_quarterly_imf,2015-Q1,quarterly,91.37832657537292,\N,derived,IMF_CPI,IMF|ACCESS_SHARING_LEVEL=PUBLIC_OPEN|COICOP_1999=_T|COMMON_REFERENCE_PERIOD=2019A|FREQUENCY=M|IFS_FLAG=true|INDEX_TYPE=CPI|OVERLAP=OL|SCALE=0|SECURITY_CLASSIFICATION=PUB|TYPE_OF_TRANSFORMATION=IX|aggregation=quarterly_mean,\N,"{""aggregation_method"": ""quarterly_mean"", ""source_derivation_types"": [""O"", ""O"", ""O""], ""source_months"": [""2015-M01"", ""2015-M02"", ""2015-M03""], ""source_observation_count"": 3, ""source_series_dimensions"": {""ACCESS_SHARING_LEVEL"": ""PUBLIC_OPEN"", ""COICOP_1999"": ""_T"", ""COMMON_REFERENCE_PERIOD"": ""2019A"", ""COUNTRY"": ""MRT"", ""FREQUENCY"": ""M"", ""IFS_FLAG"": ""true"", ""INDEX_TYPE"": ""CPI"", ""OVERLAP"": ""OL"", ""SCALE"": ""0"", ""SECURITY_CLASSIFICATION"": ""PUB"", ""TYPE_OF_TRANSFORMATION"": ""IX""}}"
MRT,cpi_index_all_items_quarterly_imf,2015-Q2,quarterly,90.05670144844275,\N,derived,IMF_CPI,IMF|ACCESS_SHARING_LEVEL=PUBLIC_OPEN|COICOP_1999=_T|COMMON_REFERENCE_PERIOD=2019A|FREQUENCY=M|IFS_FLAG=true|INDEX_TYPE=CPI|OVERLAP=OL|SCALE=0|SECURITY_CLASSIFICATION=PUB|TYPE_OF_TRANSFORMATION=IX|aggregation=quarterly_mean,\N,"{""aggregation_method"": ""quarterly_mean"", ""source_derivation_types"": [""O"", ""O"", ""O""], ""source_months"": [""2015-M04"", ""2015-M05"", ""2015-M06""], ""source_observation_count"": 3, ""source_series_dimensions"": {""ACCESS_SHARING_LEVEL"": ""PUBLIC_OPEN"", ""COICOP_1999"": ""_T"", ""COMMON_REFERENCE_PERIOD"": ""2019A"", ""COUNTRY"": ""MRT"", ""FREQUENCY"": ""M"", ""IFS_FLAG"": ""true"", ""INDEX_TYPE"": ""CPI"", ""OVERLAP"": ""OL"", ""SCALE"": ""0"", ""SECURITY_CLASSIFICATION"": ""PUB"", ""TYPE_OF_TRANSFORMATION"": ""IX""}}"
MRT,cpi_index_all_items_quarterly_imf,2015-Q3,quarterly,91.72366686166713,\N,derived,IMF_CPI,IMF|ACCESS_SHARING_LEVEL=PUBLIC_OPEN|COICOP_1999=_T|COMMON_REFERENCE_PERIOD=2019A|FREQUENCY=M|IFS_FLAG=true|INDEX_TYPE=CPI|OVERLAP=OL|SCALE=0|SECURITY_CLASSIFICATION=PUB|TYPE_OF_TRANSFORMATION=IX|aggregation=quarterly_mean,\N,"{""aggregation_method"": ""quarterly_mean"", ""source_derivation_types"": [""O"", ""O"", ""O""], ""source_months"": [""2015-M07"", ""2015-M08"", ""2015-M09""], ""source_observation_count"": 3, ""source_series_dimensions"": {""ACCESS_SHARING_LEVEL"": ""PUBLIC_OPEN"", ""COICOP_1999"": ""_T"", ""COMMON_REFERENCE_PERIOD"": ""2019A"", ""COUNTRY"": ""MRT"", ""FREQUENCY"": ""M"", ""IFS_FLAG"": ""true"", ""INDEX_TYPE"": ""CPI"", ""OVERLAP"": ""OL"", ""SCALE"": ""0"", ""SECURITY_CLASSIFICATION"": ""PUB"", ""TYPE_OF_TRANSFORMATION"": ""IX""}}"
MRT,cpi_index_all_items_quarterly_imf,2015-Q4,quarterly,92.5121542332375,\N,derived,IMF_CPI,IMF|ACCESS_SHARING_LEVEL=PUBLIC_OPEN|COICOP_1999=_T|COMMON_REFERENCE_PERIOD=2019A|FREQUENCY=M|IFS_FLAG=true|INDEX_TYPE=CPI|OVERLAP=OL|SCALE=0|SECURITY_CLASSIFICATION=PUB|TYPE_OF_TRANSFORMATION=IX|aggregation=quarterly_mean,\N,"{""aggregation_method"": ""quarterly_mean"", ""source_derivation_types"": [""O"", ""O"", ""O""], ""source_months"": [""2015-M10"", ""2015-M11"", ""2015-M12""], ""source_observation_count"": 3, ""source_series_dimensions"": {""ACCESS_SHARING_LEVEL"": ""PUBLIC_OPEN"", ""COICOP_1999"": ""_T"", ""COMMON_REFERENCE_PERIOD"": ""2019A"", ""COUNTRY"": ""MRT"", ""FREQUENCY"": ""M"", ""IFS_FLAG"": ""true"", ""INDEX_TYPE"": ""CPI"", ""OVERLAP"": ""OL"", ""SCALE"": ""0"", ""SECURITY_CLASSIFICATION"": ""PUB"", ""TYPE_OF_TRANSFORMATION"": ""IX""}}"
MUS,cpi_index_all_items_quarterly_imf,2015-Q1,quarterly,73.70235645572912,\N,derived,IMF_CPI,IMF|ACCESS_SHARING_LEVEL=PUBLIC_OPEN|COICOP_1999=_T|COMMON_REFERENCE_PERIOD=2023A|FREQUENCY=M|IFS_FLAG=true|INDEX_TYPE=CPI|OVERLAP=OL|SCALE=0|SECURITY_CLASSIFICATION=PUB|TYPE_OF_TRANSFORMATION=IX|aggregation=quarterly_mean,\N,"{""aggregation_method"": ""quarterly_mean"", ""source_derivation_types"": [""O"", ""O"", ""O""], ""source_months"": [""2015-M01"", ""2015-M02"", ""2015-M03""], ""source_observation_count"": 3, ""source_series_dimensions"": {""ACCESS_SHARING_LEVEL"": ""PUBLIC_OPEN"", ""COICOP_1999"": ""_T"", ""COMMON_REFERENCE_PERIOD"": ""2023A"", ""COUNTRY"": ""MUS"", ""FREQUENCY"": ""M"", ""IFS_FLAG"": ""true"", ""INDEX_TYPE"": ""CPI"", ""OVERLAP"": ""OL"", ""SCALE"": ""0"", ""SECURITY_CLASSIFICATION"": ""PUB"", ""TYPE_OF_TRANSFORMATION"": ""IX""}}"
MUS,cpi_index_all_items_quarterly_imf,2015-Q2,quarterly,72.7606165801159,\N,derived,IMF_CPI,IMF|ACCESS_SHARING_LEVEL=PUBLIC_OPEN|COICOP_1999=_T|COMMON_REFERENCE_PERIOD=2023A|FREQUENCY=M|IFS_FLAG=true|INDEX_TYPE=CPI|OVERLAP=OL|SCALE=0|SECURITY_CLASSIFICATION=PUB|TYPE_OF_TRANSFORMATION=IX|aggregation=quarterly_mean,\N,"{""aggregation_method"": ""quarterly_mean"", ""source_derivation_types"": [""O"", ""O"", ""O""], ""source_months"": [""2015-M04"", ""2015-M05"", ""2015-M06""], ""source_observation_count"": 3, ""source_series_dimensions"": {""ACCESS_SHARING_LEVEL"": ""PUBLIC_OPEN"", ""COICOP_1999"": ""_T"", ""COMMON_REFERENCE_PERIOD"": ""2023A"", ""COUNTRY"": ""MUS"", ""FREQUENCY"": ""M"", ""IFS_FLAG"": ""true"", ""INDEX_TYPE"": ""CPI"", ""OVERLAP"": ""OL"", ""SCALE"": ""0"", ""SECURITY_CLASSIFICATION"": ""PUB"", ""TYPE_OF_TRANSFORMATION"": ""IX""}}"
MUS,cpi_index_all_items_quarterly_imf,2015-Q3,quarterly,72.7381942021251,\N,derived,IMF_CPI,IMF|ACCESS_SHARING_LEVEL=PUBLIC_OPEN|COICOP_1999=_T|COMMON_REFERENCE_PERIOD=2023A|FREQUENCY=M|IFS_FLAG=true|INDEX_TYPE=CPI|OVERLAP=OL|SCALE=0|SECURITY_CLASSIFICATION=PUB|TYPE_OF_TRANSFORMATION=IX|aggregation=quarterly_mean,\N,"{""aggregation_method"": ""quarterly_mean"", ""source_derivation_types"": [""O"", ""O"", ""O""], ""source_months"": [""2015-M07"", ""2015-M08"", ""2015-M09""], ""source_observation_count"": 3, ""source_series_dimensions"": {""ACCESS_SHARING_LEVEL"": ""PUBLIC_OPEN"", ""COICOP_1999"": ""_T"", ""COMMON_REFERENCE_PERIOD"": ""2023A"", ""COUNTRY"": ""MUS"", ""FREQUENCY"": ""M"", ""IFS_FLAG"": ""true"", ""INDEX_TYPE"": ""CPI"", ""OVERLAP"": ""OL"", ""SCALE"": ""0"", ""SECURITY_CLASSIFICATION"": ""PUB"", ""TYPE_OF_TRANSFORMATION"": ""IX""}}"
MUS,cpi_index_all_items_quarterly_imf,2015-Q4,quarterly,72.06552286240138,\N,derived,IMF_CPI,IMF|ACCESS_SHARING_LEVEL=PUBLIC_OPEN|COICOP_1999=_T|COMMON_REFERENCE_PERIOD=2023A|FREQUENCY=M|IFS_FLAG=true|INDEX_TYPE=CPI|OVERLAP=OL|SCALE=0|SECURITY_CLASSIFICATION=PUB|TYPE_OF_TRANSFORMATION=IX|aggregation=quarterly_mean,\N,"{""aggregation_method"": ""quarterly_mean"", ""source_derivation_types"": [""O"", ""O"", ""O""], ""source_months"": [""2015-M10"", ""2015-M11"", ""2015-M12""], ""source_observation_count"": 3, ""source_series_dimensions"": {""ACCESS_SHARING_LEVEL"": ""PUBLIC_OPEN"", ""COICOP_1999"": ""_T"", ""COMMON_REFERENCE_PERIOD"": ""2023A"", ""COUNTRY"": ""MUS"", ""FREQUENCY"": ""M"", ""IFS_FLAG"": ""true"", ""INDEX_TYPE"": ""CPI"", ""OVERLAP"": ""OL"", ""SCALE"": ""0"", ""SECURITY_CLASSIFICATION"": ""PUB"", ""TYPE_OF_TRANSFORMATION"": ""IX""}}"
MWI,cpi_index_all_items_quarterly_imf,2015-Q1,quarterly,46.10161956529719,\N,derived,IMF_CPI,IMF|ACCESS_SHARING_LEVEL=PUBLIC_OPEN|COICOP_1999=_T|COMMON_REFERENCE_PERIOD=2021M12|FREQUENCY=M|IFS_FLAG=true|INDEX_TYPE=CPI|OVERLAP=OL|SCALE=0|SECURITY_CLASSIFICATION=PUB|TYPE_OF_TRANSFORMATION=IX|aggregation=quarterly_mean,\N,"{""aggregation_method"": ""quarterly_mean"", ""source_derivation_types"": [""O"", ""O"", ""O""], ""source_months"": [""2015-M01"", ""2015-M02"", ""2015-M03""], ""source_observation_count"": 3, ""source_series_dimensions"": {""ACCESS_SHARING_LEVEL"": ""PUBLIC_OPEN"", ""COICOP_1999"": ""_T"", ""COMMON_REFERENCE_PERIOD"": ""2021M12"", ""COUNTRY"": ""MWI"", ""FREQUENCY"": ""M"", ""IFS_FLAG"": ""true"", ""INDEX_TYPE"": ""CPI"", ""OVERLAP"": ""OL"", ""SCALE"": ""0"", ""SECURITY_CLASSIFICATION"": ""PUB"", ""TYPE_OF_TRANSFORMATION"": ""IX""}}"
MWI,cpi_index_all_items_quarterly_imf,2015-Q2,quarterly,44.93874655083071,\N,derived,IMF_CPI,IMF|ACCESS_SHARING_LEVEL=PUBLIC_OPEN|COICOP_1999=_T|COMMON_REFERENCE_PERIOD=2021M12|FREQUENCY=M|IFS_FLAG=true|INDEX_TYPE=CPI|OVERLAP=OL|SCALE=0|SECURITY_CLASSIFICATION=PUB|TYPE_OF_TRANSFORMATION=IX|aggregation=quarterly_mean,\N,"{""aggregation_method"": ""quarterly_mean"", ""source_derivation_types"": [""O"", ""O"", ""O""], ""source_months"": [""2015-M04"", ""2015-M05"", ""2015-M06""], ""source_observation_count"": 3, ""source_series_dimensions"": {""ACCESS_SHARING_LEVEL"": ""PUBLIC_OPEN"", ""COICOP_1999"": ""_T"", ""COMMON_REFERENCE_PERIOD"": ""2021M12"", ""COUNTRY"": ""MWI"", ""FREQUENCY"": ""M"", ""IFS_FLAG"": ""true"", ""INDEX_TYPE"": ""CPI"", ""OVERLAP"": ""OL"", ""SCALE"": ""0"", ""SECURITY_CLASSIFICATION"": ""PUB"", ""TYPE_OF_TRANSFORMATION"": ""IX""}}"
MWI,cpi_index_all_items_quarterly_imf,2015-Q3,quarterly,44.90962535336274,\N,derived,IMF_CPI,IMF|ACCESS_SHARING_LEVEL=PUBLIC_OPEN|COICOP_1999=_T|COMMON_REFERENCE_PERIOD=2021M12|FREQUENCY=M|IFS_FLAG=true|INDEX_TYPE=CPI|OVERLAP=OL|SCALE=0|SECURITY_CLASSIFICATION=PUB|TYPE_OF_TRANSFORMATION=IX|aggregation=quarterly_mean,\N,"{""aggregation_method"": ""quarterly_mean"", ""source_derivation_types"": [""O"", ""O"", ""O""], ""source_months"": [""2015-M07"", ""2015-M08"", ""2015-M09""], ""source_observation_count"": 3, ""source_series_dimensions"": {""ACCESS_SHARING_LEVEL"": ""PUBLIC_OPEN"", ""COICOP_1999"": ""_T"", ""COMMON_REFERENCE_PERIOD"": ""2021M12"", ""COUNTRY"": ""MWI"", ""FREQUENCY"": ""M"", ""IFS_FLAG"": ""true"", ""INDEX_TYPE"": ""CPI"", ""OVERLAP"": ""OL"", ""SCALE"": ""0"", ""SECURITY_CLASSIFICATION"": ""PUB"", ""TYPE_OF_TRANSFORMATION"": ""IX""}}"
MWI,cpi_index_all_items_quarterly_imf,2015-Q4,quarterly,50.55014518869342,\N,derived,IMF_CPI,IMF|ACCESS_SHARING_LEVEL=PUBLIC_OPEN|COICOP_1999=_T|COMMON_REFERENCE_PERIOD=2021M12|FREQUENCY=M|IFS_FLAG=true|INDEX_TYPE=CPI|OVERLAP=OL|SCALE=0|SECURITY_CLASSIFICATION=PUB|TYPE_OF_TRANSFORMATION=IX|aggregation=quarterly_mean,\N,"{""aggregation_method"": ""quarterly_mean"", ""source_derivation_types"": [""O"", ""O"", ""O""], ""source_months"": [""2015-M10"", ""2015-M11"", ""2015-M12""], ""source_observation_count"": 3, ""source_series_dimensions"": {""ACCESS_SHARING_LEVEL"": ""PUBLIC_OPEN"", ""COICOP_1999"": ""_T"", ""COMMON_REFERENCE_PERIOD"": ""2021M12"", ""COUNTRY"": ""MWI"", ""FREQUENCY"": ""M"", ""IFS_FLAG"": ""true"", ""INDEX_TYPE"": ""CPI"", ""OVERLAP"": ""OL"", ""SCALE"": ""0"", ""SECURITY_CLASSIFICATION"": ""PUB"", ""TYPE_OF_TRANSFORMATION"": ""IX""}}"
MYS,cpi_index_all_items_quarterly_imf,2015-Q1,quarterly,110.46666666666665,\N,derived,IMF_CPI,IMF|ACCESS_SHARING_LEVEL=PUBLIC_OPEN|COICOP_1999=_T|COMMON_REFERENCE_PERIOD=2010A|FREQUENCY=M|IFS_FLAG=true|INDEX_TYPE=CPI|OVERLAP=OL|SCALE=0|SECURITY_CLASSIFICATION=PUB|TYPE_OF_TRANSFORMATION=IX|aggregation=quarterly_mean,\N,"{""aggregation_method"": ""quarterly_mean"", ""source_derivation_types"": [""O"", ""O"", ""O""], ""source_months"": [""2015-M01"", ""2015-M02"", ""2015-M03""], ""source_observation_count"": 3, ""source_series_dimensions"": {""ACCESS_SHARING_LEVEL"": ""PUBLIC_OPEN"", ""COICOP_1999"": ""_T"", ""COMMON_REFERENCE_PERIOD"": ""2010A"", ""COUNTRY"": ""MYS"", ""FREQUENCY"": ""M"", ""IFS_FLAG"": ""true"", ""INDEX_TYPE"": ""CPI"", ""OVERLAP"": ""OL"", ""SCALE"": ""0"", ""SECURITY_CLASSIFICATION"": ""PUB"", ""TYPE_OF_TRANSFORMATION"": ""IX""}}"
MYS,cpi_index_all_items_quarterly_imf,2015-Q2,quarterly,112.39999999999999,\N,derived,IMF_CPI,IMF|ACCESS_SHARING_LEVEL=PUBLIC_OPEN|COICOP_1999=_T|COMMON_REFERENCE_PERIOD=2010A|FREQUENCY=M|IFS_FLAG=true|INDEX_TYPE=CPI|OVERLAP=OL|SCALE=0|SECURITY_CLASSIFICATION=PUB|TYPE_OF_TRANSFORMATION=IX|aggregation=quarterly_mean,\N,"{""aggregation_method"": ""quarterly_mean"", ""source_derivation_types"": [""O"", ""O"", ""O""], ""source_months"": [""2015-M04"", ""2015-M05"", ""2015-M06""], ""source_observation_count"": 3, ""source_series_dimensions"": {""ACCESS_SHARING_LEVEL"": ""PUBLIC_OPEN"", ""COICOP_1999"": ""_T"", ""COMMON_REFERENCE_PERIOD"": ""2010A"", ""COUNTRY"": ""MYS"", ""FREQUENCY"": ""M"", ""IFS_FLAG"": ""true"", ""INDEX_TYPE"": ""CPI"", ""OVERLAP"": ""OL"", ""SCALE"": ""0"", ""SECURITY_CLASSIFICATION"": ""PUB"", ""TYPE_OF_TRANSFORMATION"": ""IX""}}"
MYS,cpi_index_all_items_quarterly_imf,2015-Q3,quarterly,113.8,\N,derived,IMF_CPI,IMF|ACCESS_SHARING_LEVEL=PUBLIC_OPEN|COICOP_1999=_T|COMMON_REFERENCE_PERIOD=2010A|FREQUENCY=M|IFS_FLAG=true|INDEX_TYPE=CPI|OVERLAP=OL|SCALE=0|SECURITY_CLASSIFICATION=PUB|TYPE_OF_TRANSFORMATION=IX|aggregation=quarterly_mean,\N,"{""aggregation_method"": ""quarterly_mean"", ""source_derivation_types"": [""O"", ""O"", ""O""], ""source_months"": [""2015-M07"", ""2015-M08"", ""2015-M09""], ""source_observation_count"": 3, ""source_series_dimensions"": {""ACCESS_SHARING_LEVEL"": ""PUBLIC_OPEN"", ""COICOP_1999"": ""_T"", ""COMMON_REFERENCE_PERIOD"": ""2010A"", ""COUNTRY"": ""MYS"", ""FREQUENCY"": ""M"", ""IFS_FLAG"": ""true"", ""INDEX_TYPE"": ""CPI"", ""OVERLAP"": ""OL"", ""SCALE"": ""0"", ""SECURITY_CLASSIFICATION"": ""PUB"", ""TYPE_OF_TRANSFORMATION"": ""IX""}}"
MYS,cpi_index_all_items_quarterly_imf,2015-Q4,quarterly,114.56666666666666,\N,derived,IMF_CPI,IMF|ACCESS_SHARING_LEVEL=PUBLIC_OPEN|COICOP_1999=_T|COMMON_REFERENCE_PERIOD=2010A|FREQUENCY=M|IFS_FLAG=true|INDEX_TYPE=CPI|OVERLAP=OL|SCALE=0|SECURITY_CLASSIFICATION=PUB|TYPE_OF_TRANSFORMATION=IX|aggregation=quarterly_mean,\N,"{""aggregation_method"": ""quarterly_mean"", ""source_derivation_types"": [""O"", ""O"", ""O""], ""source_months"": [""2015-M10"", ""2015-M11"", ""2015-M12""], ""source_observation_count"": 3, ""source_series_dimensions"": {""ACCESS_SHARING_LEVEL"": ""PUBLIC_OPEN"", ""COICOP_1999"": ""_T"", ""COMMON_REFERENCE_PERIOD"": ""2010A"", ""COUNTRY"": ""MYS"", ""FREQUENCY"": ""M"", ""IFS_FLAG"": ""true"", ""INDEX_TYPE"": ""CPI"", ""OVERLAP"": ""OL"", ""SCALE"": ""0"", ""SECURITY_CLASSIFICATION"": ""PUB"", ""TYPE_OF_TRANSFORMATION"": ""IX""}}"
NAM,cpi_index_all_items_quarterly_imf,2015-Q1,quarterly,110.64058790587366,\N,derived,IMF_CPI,IMF|ACCESS_SHARING_LEVEL=PUBLIC_OPEN|COICOP_1999=_T|COMMON_REFERENCE_PERIOD=2012M12|FREQUENCY=M|IFS_FLAG=true|INDEX_TYPE=CPI|OVERLAP=OL|SCALE=0|SECURITY_CLASSIFICATION=PUB|TYPE_OF_TRANSFORMATION=IX|aggregation=quarterly_mean,\N,"{""aggregation_method"": ""quarterly_mean"", ""source_derivation_types"": [""O"", ""O"", ""O""], ""source_months"": [""2015-M01"", ""2015-M02"", ""2015-M03""], ""source_observation_count"": 3, ""source_series_dimensions"": {""ACCESS_SHARING_LEVEL"": ""PUBLIC_OPEN"", ""COICOP_1999"": ""_T"", ""COMMON_REFERENCE_PERIOD"": ""2012M12"", ""COUNTRY"": ""NAM"", ""FREQUENCY"": ""M"", ""IFS_FLAG"": ""true"", ""INDEX_TYPE"": ""CPI"", ""OVERLAP"": ""OL"", ""SCALE"": ""0"", ""SECURITY_CLASSIFICATION"": ""PUB"", ""TYPE_OF_TRANSFORMATION"": ""IX""}}"
NAM,cpi_index_all_items_quarterly_imf,2015-Q2,quarterly,111.86189214336935,\N,derived,IMF_CPI,IMF|ACCESS_SHARING_LEVEL=PUBLIC_OPEN|COICOP_1999=_T|COMMON_REFERENCE_PERIOD=2012M12|FREQUENCY=M|IFS_FLAG=true|INDEX_TYPE=CPI|OVERLAP=OL|SCALE=0|SECURITY_CLASSIFICATION=PUB|TYPE_OF_TRANSFORMATION=IX|aggregation=quarterly_mean,\N,"{""aggregation_method"": ""quarterly_mean"", ""source_derivation_types"": [""O"", ""O"", ""O""], ""source_months"": [""2015-M04"", ""2015-M05"", ""2015-M06""], ""source_observation_count"": 3, ""source_series_dimensions"": {""ACCESS_SHARING_LEVEL"": ""PUBLIC_OPEN"", ""COICOP_1999"": ""_T"", ""COMMON_REFERENCE_PERIOD"": ""2012M12"", ""COUNTRY"": ""NAM"", ""FREQUENCY"": ""M"", ""IFS_FLAG"": ""true"", ""INDEX_TYPE"": ""CPI"", ""OVERLAP"": ""OL"", ""SCALE"": ""0"", ""SECURITY_CLASSIFICATION"": ""PUB"", ""TYPE_OF_TRANSFORMATION"": ""IX""}}"
NAM,cpi_index_all_items_quarterly_imf,2015-Q3,quarterly,112.98668130072467,\N,derived,IMF_CPI,IMF|ACCESS_SHARING_LEVEL=PUBLIC_OPEN|COICOP_1999=_T|COMMON_REFERENCE_PERIOD=2012M12|FREQUENCY=M|IFS_FLAG=true|INDEX_TYPE=CPI|OVERLAP=OL|SCALE=0|SECURITY_CLASSIFICATION=PUB|TYPE_OF_TRANSFORMATION=IX|aggregation=quarterly_mean,\N,"{""aggregation_method"": ""quarterly_mean"", ""source_derivation_types"": [""O"", ""O"", ""O""], ""source_months"": [""2015-M07"", ""2015-M08"", ""2015-M09""], ""source_observation_count"": 3, ""source_series_dimensions"": {""ACCESS_SHARING_LEVEL"": ""PUBLIC_OPEN"", ""COICOP_1999"": ""_T"", ""COMMON_REFERENCE_PERIOD"": ""2012M12"", ""COUNTRY"": ""NAM"", ""FREQUENCY"": ""M"", ""IFS_FLAG"": ""true"", ""INDEX_TYPE"": ""CPI"", ""OVERLAP"": ""OL"", ""SCALE"": ""0"", ""SECURITY_CLASSIFICATION"": ""PUB"", ""TYPE_OF_TRANSFORMATION"": ""IX""}}"
NAM,cpi_index_all_items_quarterly_imf,2015-Q4,quarterly,113.59310253766233,\N,derived,IMF_CPI,IMF|ACCESS_SHARING_LEVEL=PUBLIC_OPEN|COICOP_1999=_T|COMMON_REFERENCE_PERIOD=2012M12|FREQUENCY=M|IFS_FLAG=true|INDEX_TYPE=CPI|OVERLAP=OL|SCALE=0|SECURITY_CLASSIFICATION=PUB|TYPE_OF_TRANSFORMATION=IX|aggregation=quarterly_mean,\N,"{""aggregation_method"": ""quarterly_mean"", ""source_derivation_types"": [""O"", ""O"", ""O""], ""source_months"": [""2015-M10"", ""2015-M11"", ""2015-M12""], ""source_observation_count"": 3, ""source_series_dimensions"": {""ACCESS_SHARING_LEVEL"": ""PUBLIC_OPEN"", ""COICOP_1999"": ""_T"", ""COMMON_REFERENCE_PERIOD"": ""2012M12"", ""COUNTRY"": ""NAM"", ""FREQUENCY"": ""M"", ""IFS_FLAG"": ""true"", ""INDEX_TYPE"": ""CPI"", ""OVERLAP"": ""OL"", ""SCALE"": ""0"", ""SECURITY_CLASSIFICATION"": ""PUB"", ""TYPE_OF_TRANSFORMATION"": ""IX""}}"
NCL,cpi_index_all_items_quarterly_imf,2015-Q1,quarterly,105.25,\N,derived,IMF_CPI,IMF|ACCESS_SHARING_LEVEL=PUBLIC_OPEN|COICOP_1999=_T|COMMON_REFERENCE_PERIOD=2010A|FREQUENCY=M|IFS_FLAG=true|INDEX_TYPE=CPI|OVERLAP=OL|SCALE=0|SECURITY_CLASSIFICATION=PUB|TYPE_OF_TRANSFORMATION=IX|aggregation=quarterly_mean,\N,"{""aggregation_method"": ""quarterly_mean"", ""source_derivation_types"": [""O"", ""O"", ""O""], ""source_months"": [""2015-M01"", ""2015-M02"", ""2015-M03""], ""source_observation_count"": 3, ""source_series_dimensions"": {""ACCESS_SHARING_LEVEL"": ""PUBLIC_OPEN"", ""COICOP_1999"": ""_T"", ""COMMON_REFERENCE_PERIOD"": ""2010A"", ""COUNTRY"": ""NCL"", ""FREQUENCY"": ""M"", ""IFS_FLAG"": ""true"", ""INDEX_TYPE"": ""CPI"", ""OVERLAP"": ""OL"", ""SCALE"": ""0"", ""SECURITY_CLASSIFICATION"": ""PUB"", ""TYPE_OF_TRANSFORMATION"": ""IX""}}"
NCL,cpi_index_all_items_quarterly_imf,2015-Q2,quarterly,105.11333333333333,\N,derived,IMF_CPI,IMF|ACCESS_SHARING_LEVEL=PUBLIC_OPEN|COICOP_1999=_T|COMMON_REFERENCE_PERIOD=2010A|FREQUENCY=M|IFS_FLAG=true|INDEX_TYPE=CPI|OVERLAP=OL|SCALE=0|SECURITY_CLASSIFICATION=PUB|TYPE_OF_TRANSFORMATION=IX|aggregation=quarterly_mean,\N,"{""aggregation_method"": ""quarterly_mean"", ""source_derivation_types"": [""O"", ""O"", ""O""], ""source_months"": [""2015-M04"", ""2015-M05"", ""2015-M06""], ""source_observation_count"": 3, ""source_series_dimensions"": {""ACCESS_SHARING_LEVEL"": ""PUBLIC_OPEN"", ""COICOP_1999"": ""_T"", ""COMMON_REFERENCE_PERIOD"": ""2010A"", ""COUNTRY"": ""NCL"", ""FREQUENCY"": ""M"", ""IFS_FLAG"": ""true"", ""INDEX_TYPE"": ""CPI"", ""OVERLAP"": ""OL"", ""SCALE"": ""0"", ""SECURITY_CLASSIFICATION"": ""PUB"", ""TYPE_OF_TRANSFORMATION"": ""IX""}}"
NCL,cpi_index_all_items_quarterly_imf,2015-Q3,quarterly,105.82666666666667,\N,derived,IMF_CPI,IMF|ACCESS_SHARING_LEVEL=PUBLIC_OPEN|COICOP_1999=_T|COMMON_REFERENCE_PERIOD=2010A|FREQUENCY=M|IFS_FLAG=true|INDEX_TYPE=CPI|OVERLAP=OL|SCALE=0|SECURITY_CLASSIFICATION=PUB|TYPE_OF_TRANSFORMATION=IX|aggregation=quarterly_mean,\N,"{""aggregation_method"": ""quarterly_mean"", ""source_derivation_types"": [""O"", ""O"", ""O""], ""source_months"": [""2015-M07"", ""2015-M08"", ""2015-M09""], ""source_observation_count"": 3, ""source_series_dimensions"": {""ACCESS_SHARING_LEVEL"": ""PUBLIC_OPEN"", ""COICOP_1999"": ""_T"", ""COMMON_REFERENCE_PERIOD"": ""2010A"", ""COUNTRY"": ""NCL"", ""FREQUENCY"": ""M"", ""IFS_FLAG"": ""true"", ""INDEX_TYPE"": ""CPI"", ""OVERLAP"": ""OL"", ""SCALE"": ""0"", ""SECURITY_CLASSIFICATION"": ""PUB"", ""TYPE_OF_TRANSFORMATION"": ""IX""}}"
NCL,cpi_index_all_items_quarterly_imf,2015-Q4,quarterly,106.3,\N,derived,IMF_CPI,IMF|ACCESS_SHARING_LEVEL=PUBLIC_OPEN|COICOP_1999=_T|COMMON_REFERENCE_PERIOD=2010A|FREQUENCY=M|IFS_FLAG=true|INDEX_TYPE=CPI|OVERLAP=OL|SCALE=0|SECURITY_CLASSIFICATION=PUB|TYPE_OF_TRANSFORMATION=IX|aggregation=quarterly_mean,\N,"{""aggregation_method"": ""quarterly_mean"", ""source_derivation_types"": [""O"", ""O"", ""O""], ""source_months"": [""2015-M10"", ""2015-M11"", ""2015-M12""], ""source_observation_count"": 3, ""source_series_dimensions"": {""ACCESS_SHARING_LEVEL"": ""PUBLIC_OPEN"", ""COICOP_1999"": ""_T"", ""COMMON_REFERENCE_PERIOD"": ""2010A"", ""COUNTRY"": ""NCL"", ""FREQUENCY"": ""M"", ""IFS_FLAG"": ""true"", ""INDEX_TYPE"": ""CPI"", ""OVERLAP"": ""OL"", ""SCALE"": ""0"", ""SECURITY_CLASSIFICATION"": ""PUB"", ""TYPE_OF_TRANSFORMATION"": ""IX""}}"
NER,cpi_index_all_items_quarterly_imf,2015-Q1,quarterly,81.88458498023716,\N,derived,IMF_CPI,IMF|ACCESS_SHARING_LEVEL=PUBLIC_OPEN|COICOP_1999=_T|COMMON_REFERENCE_PERIOD=2023A|FREQUENCY=M|IFS_FLAG=true|INDEX_TYPE=CPI|OVERLAP=OL|SCALE=0|SECURITY_CLASSIFICATION=PUB|TYPE_OF_TRANSFORMATION=IX|aggregation=quarterly_mean,\N,"{""aggregation_method"": ""quarterly_mean"", ""source_derivation_types"": [""O"", ""O"", ""O""], ""source_months"": [""2015-M01"", ""2015-M02"", ""2015-M03""], ""source_observation_count"": 3, ""source_series_dimensions"": {""ACCESS_SHARING_LEVEL"": ""PUBLIC_OPEN"", ""COICOP_1999"": ""_T"", ""COMMON_REFERENCE_PERIOD"": ""2023A"", ""COUNTRY"": ""NER"", ""FREQUENCY"": ""M"", ""IFS_FLAG"": ""true"", ""INDEX_TYPE"": ""CPI"", ""OVERLAP"": ""OL"", ""SCALE"": ""0"", ""SECURITY_CLASSIFICATION"": ""PUB"", ""TYPE_OF_TRANSFORMATION"": ""IX""}}"
NER,cpi_index_all_items_quarterly_imf,2015-Q2,quarterly,82.1404743083004,\N,derived,IMF_CPI,IMF|ACCESS_SHARING_LEVEL=PUBLIC_OPEN|COICOP_1999=_T|COMMON_REFERENCE_PERIOD=2023A|FREQUENCY=M|IFS_FLAG=true|INDEX_TYPE=CPI|OVERLAP=OL|SCALE=0|SECURITY_CLASSIFICATION=PUB|TYPE_OF_TRANSFORMATION=IX|aggregation=quarterly_mean,\N,"{""aggregation_method"": ""quarterly_mean"", ""source_derivation_types"": [""O"", ""O"", ""O""], ""source_months"": [""2015-M04"", ""2015-M05"", ""2015-M06""], ""source_observation_count"": 3, ""source_series_dimensions"": {""ACCESS_SHARING_LEVEL"": ""PUBLIC_OPEN"", ""COICOP_1999"": ""_T"", ""COMMON_REFERENCE_PERIOD"": ""2023A"", ""COUNTRY"": ""NER"", ""FREQUENCY"": ""M"", ""IFS_FLAG"": ""true"", ""INDEX_TYPE"": ""CPI"", ""OVERLAP"": ""OL"", ""SCALE"": ""0"", ""SECURITY_CLASSIFICATION"": ""PUB"", ""TYPE_OF_TRANSFORMATION"": ""IX""}}"
NER,cpi_index_all_items_quarterly_imf,2015-Q3,quarterly,83.05030303030304,\N,derived,IMF_CPI,IMF|ACCESS_SHARING_LEVEL=PUBLIC_OPEN|COICOP_1999=_T|COMMON_REFERENCE_PERIOD=2023A|FREQUENCY=M|IFS_FLAG=true|INDEX_TYPE=CPI|OVERLAP=OL|SCALE=0|SECURITY_CLASSIFICATION=PUB|TYPE_OF_TRANSFORMATION=IX|aggregation=quarterly_mean,\N,"{""aggregation_method"": ""quarterly_mean"", ""source_derivation_types"": [""O"", ""O"", ""O""], ""source_months"": [""2015-M07"", ""2015-M08"", ""2015-M09""], ""source_observation_count"": 3, ""source_series_dimensions"": {""ACCESS_SHARING_LEVEL"": ""PUBLIC_OPEN"", ""COICOP_1999"": ""_T"", ""COMMON_REFERENCE_PERIOD"": ""2023A"", ""COUNTRY"": ""NER"", ""FREQUENCY"": ""M"", ""IFS_FLAG"": ""true"", ""INDEX_TYPE"": ""CPI"", ""OVERLAP"": ""OL"", ""SCALE"": ""0"", ""SECURITY_CLASSIFICATION"": ""PUB"", ""TYPE_OF_TRANSFORMATION"": ""IX""}}"
NER,cpi_index_all_items_quarterly_imf,2015-Q4,quarterly,82.99343873517788,\N,derived,IMF_CPI,IMF|ACCESS_SHARING_LEVEL=PUBLIC_OPEN|COICOP_1999=_T|COMMON_REFERENCE_PERIOD=2023A|FREQUENCY=M|IFS_FLAG=true|INDEX_TYPE=CPI|OVERLAP=OL|SCALE=0|SECURITY_CLASSIFICATION=PUB|TYPE_OF_TRANSFORMATION=IX|aggregation=quarterly_mean,\N,"{""aggregation_method"": ""quarterly_mean"", ""source_derivation_types"": [""O"", ""O"", ""O""], ""source_months"": [""2015-M10"", ""2015-M11"", ""2015-M12""], ""source_observation_count"": 3, ""source_series_dimensions"": {""ACCESS_SHARING_LEVEL"": ""PUBLIC_OPEN"", ""COICOP_1999"": ""_T"", ""COMMON_REFERENCE_PERIOD"": ""2023A"", ""COUNTRY"": ""NER"", ""FREQUENCY"": ""M"", ""IFS_FLAG"": ""true"", ""INDEX_TYPE"": ""CPI"", ""OVERLAP"": ""OL"", ""SCALE"": ""0"", ""SECURITY_CLASSIFICATION"": ""PUB"", ""TYPE_OF_TRANSFORMATION"": ""IX""}}"
NGA,cpi_index_all_items_quarterly_imf,2015-Q1,quarterly,21.924713154158635,\N,derived,IMF_CPI,IMF|ACCESS_SHARING_LEVEL=PUBLIC_OPEN|COICOP_1999=_T|COMMON_REFERENCE_PERIOD=2024A|FREQUENCY=M|IFS_FLAG=true|INDEX_TYPE=CPI|OVERLAP=OL|SCALE=0|SECURITY_CLASSIFICATION=PUB|TYPE_OF_TRANSFORMATION=IX|aggregation=quarterly_mean,\N,"{""aggregation_method"": ""quarterly_mean"", ""source_derivation_types"": [""O"", ""O"", ""O""], ""source_months"": [""2015-M01"", ""2015-M02"", ""2015-M03""], ""source_observation_count"": 3, ""source_series_dimensions"": {""ACCESS_SHARING_LEVEL"": ""PUBLIC_OPEN"", ""COICOP_1999"": ""_T"", ""COMMON_REFERENCE_PERIOD"": ""2024A"", ""COUNTRY"": ""NGA"", ""FREQUENCY"": ""M"", ""IFS_FLAG"": ""true"", ""INDEX_TYPE"": ""CPI"", ""OVERLAP"": ""OL"", ""SCALE"": ""0"", ""SECURITY_CLASSIFICATION"": ""PUB"", ""TYPE_OF_TRANSFORMATION"": ""IX""}}"
NGA,cpi_index_all_items_quarterly_imf,2015-Q2,quarterly,22.50944224817827,\N,derived,IMF_CPI,IMF|ACCESS_SHARING_LEVEL=PUBLIC_OPEN|COICOP_1999=_T|COMMON_REFERENCE_PERIOD=2024A|FREQUENCY=M|IFS_FLAG=true|INDEX_TYPE=CPI|OVERLAP=OL|SCALE=0|SECURITY_CLASSIFICATION=PUB|TYPE_OF_TRANSFORMATION=IX|aggregation=quarterly_mean,\N,"{""aggregation_method"": ""quarterly_mean"", ""source_derivation_types"": [""O"", ""O"", ""O""], ""source_months"": [""2015-M04"", ""2015-M05"", ""2015-M06""], ""source_observation_count"": 3, ""source_series_dimensions"": {""ACCESS_SHARING_LEVEL"": ""PUBLIC_OPEN"", ""COICOP_1999"": ""_T"", ""COMMON_REFERENCE_PERIOD"": ""2024A"", ""COUNTRY"": ""NGA"", ""FREQUENCY"": ""M"", ""IFS_FLAG"": ""true"", ""INDEX_TYPE"": ""CPI"", ""OVERLAP"": ""OL"", ""SCALE"": ""0"", ""SECURITY_CLASSIFICATION"": ""PUB"", ""TYPE_OF_TRANSFORMATION"": ""IX""}}"
NGA,cpi_index_all_items_quarterly_imf,2015-Q3,quarterly,23.024724544991898,\N,derived,IMF_CPI,IMF|ACCESS_SHARING_LEVEL=PUBLIC_OPEN|COICOP_1999=_T|COMMON_REFERENCE_PERIOD=2024A|FREQUENCY=M|IFS_FLAG=true|INDEX_TYPE=CPI|OVERLAP=OL|SCALE=0|SECURITY_CLASSIFICATION=PUB|TYPE_OF_TRANSFORMATION=IX|aggregation=quarterly_mean,\N,"{""aggregation_method"": ""quarterly_mean"", ""source_derivation_types"": [""O"", ""O"", ""O""], ""source_months"": [""2015-M07"", ""2015-M08"", ""2015-M09""], ""source_observation_count"": 3, ""source_series_dimensions"": {""ACCESS_SHARING_LEVEL"": ""PUBLIC_OPEN"", ""COICOP_1999"": ""_T"", ""COMMON_REFERENCE_PERIOD"": ""2024A"", ""COUNTRY"": ""NGA"", ""FREQUENCY"": ""M"", ""IFS_FLAG"": ""true"", ""INDEX_TYPE"": ""CPI"", ""OVERLAP"": ""OL"", ""SCALE"": ""0"", ""SECURITY_CLASSIFICATION"": ""PUB"", ""TYPE_OF_TRANSFORMATION"": ""IX""}}"
NGA,cpi_index_all_items_quarterly_imf,2015-Q4,quarterly,23.439904329628366,\N,derived,IMF_CPI,IMF|ACCESS_SHARING_LEVEL=PUBLIC_OPEN|COICOP_1999=_T|COMMON_REFERENCE_PERIOD=2024A|FREQUENCY=M|IFS_FLAG=true|INDEX_TYPE=CPI|OVERLAP=OL|SCALE=0|SECURITY_CLASSIFICATION=PUB|TYPE_OF_TRANSFORMATION=IX|aggregation=quarterly_mean,\N,"{""aggregation_method"": ""quarterly_mean"", ""source_derivation_types"": [""O"", ""O"", ""O""], ""source_months"": [""2015-M10"", ""2015-M11"", ""2015-M12""], ""source_observation_count"": 3, ""source_series_dimensions"": {""ACCESS_SHARING_LEVEL"": ""PUBLIC_OPEN"", ""COICOP_1999"": ""_T"", ""COMMON_REFERENCE_PERIOD"": ""2024A"", ""COUNTRY"": ""NGA"", ""FREQUENCY"": ""M"", ""IFS_FLAG"": ""true"", ""INDEX_TYPE"": ""CPI"", ""OVERLAP"": ""OL"", ""SCALE"": ""0"", ""SECURITY_CLASSIFICATION"": ""PUB"", ""TYPE_OF_TRANSFORMATION"": ""IX""}}"
NIC,cpi_index_all_items_quarterly_imf,2015-Q1,quarterly,188.50333333333333,\N,derived,IMF_CPI,IMF|ACCESS_SHARING_LEVEL=PUBLIC_OPEN|COICOP_1999=_T|COMMON_REFERENCE_PERIOD=2006A|FREQUENCY=M|IFS_FLAG=true|INDEX_TYPE=CPI|OVERLAP=OL|SCALE=0|SECURITY_CLASSIFICATION=PUB|TYPE_OF_TRANSFORMATION=IX|aggregation=quarterly_mean,\N,"{""aggregation_method"": ""quarterly_mean"", ""source_derivation_types"": [""O"", ""O"", ""O""], ""source_months"": [""2015-M01"", ""2015-M02"", ""2015-M03""], ""source_observation_count"": 3, ""source_series_dimensions"": {""ACCESS_SHARING_LEVEL"": ""PUBLIC_OPEN"", ""COICOP_1999"": ""_T"", ""COMMON_REFERENCE_PERIOD"": ""2006A"", ""COUNTRY"": ""NIC"", ""FREQUENCY"": ""M"", ""IFS_FLAG"": ""true"", ""INDEX_TYPE"": ""CPI"", ""OVERLAP"": ""OL"", ""SCALE"": ""0"", ""SECURITY_CLASSIFICATION"": ""PUB"", ""TYPE_OF_TRANSFORMATION"": ""IX""}}"
NIC,cpi_index_all_items_quarterly_imf,2015-Q2,quarterly,190.45666666666668,\N,derived,IMF_CPI,IMF|ACCESS_SHARING_LEVEL=PUBLIC_OPEN|COICOP_1999=_T|COMMON_REFERENCE_PERIOD=2006A|FREQUENCY=M|IFS_FLAG=true|INDEX_TYPE=CPI|OVERLAP=OL|SCALE=0|SECURITY_CLASSIFICATION=PUB|TYPE_OF_TRANSFORMATION=IX|aggregation=quarterly_mean,\N,"{""aggregation_method"": ""quarterly_mean"", ""source_derivation_types"": [""O"", ""O"", ""O""], ""source_months"": [""2015-M04"", ""2015-M05"", ""2015-M06""], ""source_observation_count"": 3, ""source_series_dimensions"": {""ACCESS_SHARING_LEVEL"": ""PUBLIC_OPEN"", ""COICOP_1999"": ""_T"", ""COMMON_REFERENCE_PERIOD"": ""2006A"", ""COUNTRY"": ""NIC"", ""FREQUENCY"": ""M"", ""IFS_FLAG"": ""true"", ""INDEX_TYPE"": ""CPI"", ""OVERLAP"": ""OL"", ""SCALE"": ""0"", ""SECURITY_CLASSIFICATION"": ""PUB"", ""TYPE_OF_TRANSFORMATION"": ""IX""}}"
NIC,cpi_index_all_items_quarterly_imf,2015-Q3,quarterly,190.30664766666666,\N,derived,IMF_CPI,IMF|ACCESS_SHARING_LEVEL=PUBLIC_OPEN|COICOP_1999=_T|COMMON_REFERENCE_PERIOD=2006A|FREQUENCY=M|IFS_FLAG=true|INDEX_TYPE=CPI|OVERLAP=OL|SCALE=0|SECURITY_CLASSIFICATION=PUB|TYPE_OF_TRANSFORMATION=IX|aggregation=quarterly_mean,\N,"{""aggregation_method"": ""quarterly_mean"", ""source_derivation_types"": [""O"", ""O"", ""O""], ""source_months"": [""2015-M07"", ""2015-M08"", ""2015-M09""], ""source_observation_count"": 3, ""source_series_dimensions"": {""ACCESS_SHARING_LEVEL"": ""PUBLIC_OPEN"", ""COICOP_1999"": ""_T"", ""COMMON_REFERENCE_PERIOD"": ""2006A"", ""COUNTRY"": ""NIC"", ""FREQUENCY"": ""M"", ""IFS_FLAG"": ""true"", ""INDEX_TYPE"": ""CPI"", ""OVERLAP"": ""OL"", ""SCALE"": ""0"", ""SECURITY_CLASSIFICATION"": ""PUB"", ""TYPE_OF_TRANSFORMATION"": ""IX""}}"
NIC,cpi_index_all_items_quarterly_imf,2015-Q4,quarterly,192.08777133333334,\N,derived,IMF_CPI,IMF|ACCESS_SHARING_LEVEL=PUBLIC_OPEN|COICOP_1999=_T|COMMON_REFERENCE_PERIOD=2006A|FREQUENCY=M|IFS_FLAG=true|INDEX_TYPE=CPI|OVERLAP=OL|SCALE=0|SECURITY_CLASSIFICATION=PUB|TYPE_OF_TRANSFORMATION=IX|aggregation=quarterly_mean,\N,"{""aggregation_method"": ""quarterly_mean"", ""source_derivation_types"": [""O"", ""O"", ""O""], ""source_months"": [""2015-M10"", ""2015-M11"", ""2015-M12""], ""source_observation_count"": 3, ""source_series_dimensions"": {""ACCESS_SHARING_LEVEL"": ""PUBLIC_OPEN"", ""COICOP_1999"": ""_T"", ""COMMON_REFERENCE_PERIOD"": ""2006A"", ""COUNTRY"": ""NIC"", ""FREQUENCY"": ""M"", ""IFS_FLAG"": ""true"", ""INDEX_TYPE"": ""CPI"", ""OVERLAP"": ""OL"", ""SCALE"": ""0"", ""SECURITY_CLASSIFICATION"": ""PUB"", ""TYPE_OF_TRANSFORMATION"": ""IX""}}"
NLD,cpi_index_all_items_quarterly_imf,2015-Q1,quarterly,73.51,\N,derived,IMF_CPI,IMF|ACCESS_SHARING_LEVEL=PUBLIC_OPEN|COICOP_1999=_T|COMMON_REFERENCE_PERIOD=2025A|FREQUENCY=M|IFS_FLAG=true|INDEX_TYPE=CPI|OVERLAP=OL|SCALE=0|SECURITY_CLASSIFICATION=PUB|TYPE_OF_TRANSFORMATION=IX|aggregation=quarterly_mean,\N,"{""aggregation_method"": ""quarterly_mean"", ""source_derivation_types"": [""O"", ""O"", ""O""], ""source_months"": [""2015-M01"", ""2015-M02"", ""2015-M03""], ""source_observation_count"": 3, ""source_series_dimensions"": {""ACCESS_SHARING_LEVEL"": ""PUBLIC_OPEN"", ""COICOP_1999"": ""_T"", ""COMMON_REFERENCE_PERIOD"": ""2025A"", ""COUNTRY"": ""NLD"", ""FREQUENCY"": ""M"", ""IFS_FLAG"": ""true"", ""INDEX_TYPE"": ""CPI"", ""OVERLAP"": ""OL"", ""SCALE"": ""0"", ""SECURITY_CLASSIFICATION"": ""PUB"", ""TYPE_OF_TRANSFORMATION"": ""IX""}}"
NLD,cpi_index_all_items_quarterly_imf,2015-Q2,quarterly,74.66333333333334,\N,derived,IMF_CPI,IMF|ACCESS_SHARING_LEVEL=PUBLIC_OPEN|COICOP_1999=_T|COMMON_REFERENCE_PERIOD=2025A|FREQUENCY=M|IFS_FLAG=true|INDEX_TYPE=CPI|OVERLAP=OL|SCALE=0|SECURITY_CLASSIFICATION=PUB|TYPE_OF_TRANSFORMATION=IX|aggregation=quarterly_mean,\N,"{""aggregation_method"": ""quarterly_mean"", ""source_derivation_types"": [""O"", ""O"", ""O""], ""source_months"": [""2015-M04"", ""2015-M05"", ""2015-M06""], ""source_observation_count"": 3, ""source_series_dimensions"": {""ACCESS_SHARING_LEVEL"": ""PUBLIC_OPEN"", ""COICOP_1999"": ""_T"", ""COMMON_REFERENCE_PERIOD"": ""2025A"", ""COUNTRY"": ""NLD"", ""FREQUENCY"": ""M"", ""IFS_FLAG"": ""true"", ""INDEX_TYPE"": ""CPI"", ""OVERLAP"": ""OL"", ""SCALE"": ""0"", ""SECURITY_CLASSIFICATION"": ""PUB"", ""TYPE_OF_TRANSFORMATION"": ""IX""}}"
NLD,cpi_index_all_items_quarterly_imf,2015-Q3,quarterly,74.89999999999999,\N,derived,IMF_CPI,IMF|ACCESS_SHARING_LEVEL=PUBLIC_OPEN|COICOP_1999=_T|COMMON_REFERENCE_PERIOD=2025A|FREQUENCY=M|IFS_FLAG=true|INDEX_TYPE=CPI|OVERLAP=OL|SCALE=0|SECURITY_CLASSIFICATION=PUB|TYPE_OF_TRANSFORMATION=IX|aggregation=quarterly_mean,\N,"{""aggregation_method"": ""quarterly_mean"", ""source_derivation_types"": [""O"", ""O"", ""O""], ""source_months"": [""2015-M07"", ""2015-M08"", ""2015-M09""], ""source_observation_count"": 3, ""source_series_dimensions"": {""ACCESS_SHARING_LEVEL"": ""PUBLIC_OPEN"", ""COICOP_1999"": ""_T"", ""COMMON_REFERENCE_PERIOD"": ""2025A"", ""COUNTRY"": ""NLD"", ""FREQUENCY"": ""M"", ""IFS_FLAG"": ""true"", ""INDEX_TYPE"": ""CPI"", ""OVERLAP"": ""OL"", ""SCALE"": ""0"", ""SECURITY_CLASSIFICATION"": ""PUB"", ""TYPE_OF_TRANSFORMATION"": ""IX""}}"
NLD,cpi_index_all_items_quarterly_imf,2015-Q4,quarterly,74.35333333333332,\N,derived,IMF_CPI,IMF|ACCESS_SHARING_LEVEL=PUBLIC_OPEN|COICOP_1999=_T|COMMON_REFERENCE_PERIOD=2025A|FREQUENCY=M|IFS_FLAG=true|INDEX_TYPE=CPI|OVERLAP=OL|SCALE=0|SECURITY_CLASSIFICATION=PUB|TYPE_OF_TRANSFORMATION=IX|aggregation=quarterly_mean,\N,"{""aggregation_method"": ""quarterly_mean"", ""source_derivation_types"": [""O"", ""O"", ""O""], ""source_months"": [""2015-M10"", ""2015-M11"", ""2015-M12""], ""source_observation_count"": 3, ""source_series_dimensions"": {""ACCESS_SHARING_LEVEL"": ""PUBLIC_OPEN"", ""COICOP_1999"": ""_T"", ""COMMON_REFERENCE_PERIOD"": ""2025A"", ""COUNTRY"": ""NLD"", ""FREQUENCY"": ""M"", ""IFS_FLAG"": ""true"", ""INDEX_TYPE"": ""CPI"", ""OVERLAP"": ""OL"", ""SCALE"": ""0"", ""SECURITY_CLASSIFICATION"": ""PUB"", ""TYPE_OF_TRANSFORMATION"": ""IX""}}"
NOR,cpi_index_all_items_quarterly_imf,2015-Q1,quarterly,71.8,\N,derived,IMF_CPI,IMF|ACCESS_SHARING_LEVEL=PUBLIC_OPEN|COICOP_1999=_T|COMMON_REFERENCE_PERIOD=2025A|FREQUENCY=M|IFS_FLAG=true|INDEX_TYPE=CPI|OVERLAP=OL|SCALE=0|SECURITY_CLASSIFICATION=PUB|TYPE_OF_TRANSFORMATION=IX|aggregation=quarterly_mean,\N,"{""aggregation_method"": ""quarterly_mean"", ""source_derivation_types"": [""O"", ""O"", ""O""], ""source_months"": [""2015-M01"", ""2015-M02"", ""2015-M03""], ""source_observation_count"": 3, ""source_series_dimensions"": {""ACCESS_SHARING_LEVEL"": ""PUBLIC_OPEN"", ""COICOP_1999"": ""_T"", ""COMMON_REFERENCE_PERIOD"": ""2025A"", ""COUNTRY"": ""NOR"", ""FREQUENCY"": ""M"", ""IFS_FLAG"": ""true"", ""INDEX_TYPE"": ""CPI"", ""OVERLAP"": ""OL"", ""SCALE"": ""0"", ""SECURITY_CLASSIFICATION"": ""PUB"", ""TYPE_OF_TRANSFORMATION"": ""IX""}}"
NOR,cpi_index_all_items_quarterly_imf,2015-Q2,quarterly,72.5,\N,derived,IMF_CPI,IMF|ACCESS_SHARING_LEVEL=PUBLIC_OPEN|COICOP_1999=_T|COMMON_REFERENCE_PERIOD=2025A|FREQUENCY=M|IFS_FLAG=true|INDEX_TYPE=CPI|OVERLAP=OL|SCALE=0|SECURITY_CLASSIFICATION=PUB|TYPE_OF_TRANSFORMATION=IX|aggregation=quarterly_mean,\N,"{""aggregation_method"": ""quarterly_mean"", ""source_derivation_types"": [""O"", ""O"", ""O""], ""source_months"": [""2015-M04"", ""2015-M05"", ""2015-M06""], ""source_observation_count"": 3, ""source_series_dimensions"": {""ACCESS_SHARING_LEVEL"": ""PUBLIC_OPEN"", ""COICOP_1999"": ""_T"", ""COMMON_REFERENCE_PERIOD"": ""2025A"", ""COUNTRY"": ""NOR"", ""FREQUENCY"": ""M"", ""IFS_FLAG"": ""true"", ""INDEX_TYPE"": ""CPI"", ""OVERLAP"": ""OL"", ""SCALE"": ""0"", ""SECURITY_CLASSIFICATION"": ""PUB"", ""TYPE_OF_TRANSFORMATION"": ""IX""}}"
NOR,cpi_index_all_items_quarterly_imf,2015-Q3,quarterly,72.73333333333333,\N,derived,IMF_CPI,IMF|ACCESS_SHARING_LEVEL=PUBLIC_OPEN|COICOP_1999=_T|COMMON_REFERENCE_PERIOD=2025A|FREQUENCY=M|IFS_FLAG=true|INDEX_TYPE=CPI|OVERLAP=OL|SCALE=0|SECURITY_CLASSIFICATION=PUB|TYPE_OF_TRANSFORMATION=IX|aggregation=quarterly_mean,\N,"{""aggregation_method"": ""quarterly_mean"", ""source_derivation_types"": [""O"", ""O"", ""O""], ""source_months"": [""2015-M07"", ""2015-M08"", ""2015-M09""], ""source_observation_count"": 3, ""source_series_dimensions"": {""ACCESS_SHARING_LEVEL"": ""PUBLIC_OPEN"", ""COICOP_1999"": ""_T"", ""COMMON_REFERENCE_PERIOD"": ""2025A"", ""COUNTRY"": ""NOR"", ""FREQUENCY"": ""M"", ""IFS_FLAG"": ""true"", ""INDEX_TYPE"": ""CPI"", ""OVERLAP"": ""OL"", ""SCALE"": ""0"", ""SECURITY_CLASSIFICATION"": ""PUB"", ""TYPE_OF_TRANSFORMATION"": ""IX""}}"
NOR,cpi_index_all_items_quarterly_imf,2015-Q4,quarterly,73.39999999999999,\N,derived,IMF_CPI,IMF|ACCESS_SHARING_LEVEL=PUBLIC_OPEN|COICOP_1999=_T|COMMON_REFERENCE_PERIOD=2025A|FREQUENCY=M|IFS_FLAG=true|INDEX_TYPE=CPI|OVERLAP=OL|SCALE=0|SECURITY_CLASSIFICATION=PUB|TYPE_OF_TRANSFORMATION=IX|aggregation=quarterly_mean,\N,"{""aggregation_method"": ""quarterly_mean"", ""source_derivation_types"": [""O"", ""O"", ""O""], ""source_months"": [""2015-M10"", ""2015-M11"", ""2015-M12""], ""source_observation_count"": 3, ""source_series_dimensions"": {""ACCESS_SHARING_LEVEL"": ""PUBLIC_OPEN"", ""COICOP_1999"": ""_T"", ""COMMON_REFERENCE_PERIOD"": ""2025A"", ""COUNTRY"": ""NOR"", ""FREQUENCY"": ""M"", ""IFS_FLAG"": ""true"", ""INDEX_TYPE"": ""CPI"", ""OVERLAP"": ""OL"", ""SCALE"": ""0"", ""SECURITY_CLASSIFICATION"": ""PUB"", ""TYPE_OF_TRANSFORMATION"": ""IX""}}"
NPL,cpi_index_all_items_quarterly_imf,2015-Q1,quarterly,59.70015308108108,\N,derived,IMF_CPI,IMF|ACCESS_SHARING_LEVEL=PUBLIC_OPEN|COICOP_1999=_T|COMMON_REFERENCE_PERIOD=2023/24|FREQUENCY=M|IFS_FLAG=true|INDEX_TYPE=CPI|OVERLAP=OL|SCALE=0|SECURITY_CLASSIFICATION=PUB|TYPE_OF_TRANSFORMATION=IX|aggregation=quarterly_mean,\N,"{""aggregation_method"": ""quarterly_mean"", ""source_derivation_types"": [""O"", ""O"", ""O""], ""source_months"": [""2015-M01"", ""2015-M02"", ""2015-M03""], ""source_observation_count"": 3, ""source_series_dimensions"": {""ACCESS_SHARING_LEVEL"": ""PUBLIC_OPEN"", ""COICOP_1999"": ""_T"", ""COMMON_REFERENCE_PERIOD"": ""2023/24"", ""COUNTRY"": ""NPL"", ""FREQUENCY"": ""M"", ""IFS_FLAG"": ""true"", ""INDEX_TYPE"": ""CPI"", ""OVERLAP"": ""OL"", ""SCALE"": ""0"", ""SECURITY_CLASSIFICATION"": ""PUB"", ""TYPE_OF_TRANSFORMATION"": ""IX""}}"
NPL,cpi_index_all_items_quarterly_imf,2015-Q2,quarterly,60.884967783783786,\N,derived,IMF_CPI,IMF|ACCESS_SHARING_LEVEL=PUBLIC_OPEN|COICOP_1999=_T|COMMON_REFERENCE_PERIOD=2023/24|FREQUENCY=M|IFS_FLAG=true|INDEX_TYPE=CPI|OVERLAP=OL|SCALE=0|SECURITY_CLASSIFICATION=PUB|TYPE_OF_TRANSFORMATION=IX|aggregation=quarterly_mean,\N,"{""aggregation_method"": ""quarterly_mean"", ""source_derivation_types"": [""O"", ""O"", ""O""], ""source_months"": [""2015-M04"", ""2015-M05"", ""2015-M06""], ""source_observation_count"": 3, ""source_series_dimensions"": {""ACCESS_SHARING_LEVEL"": ""PUBLIC_OPEN"", ""COICOP_1999"": ""_T"", ""COMMON_REFERENCE_PERIOD"": ""2023/24"", ""COUNTRY"": ""NPL"", ""FREQUENCY"": ""M"", ""IFS_FLAG"": ""true"", ""INDEX_TYPE"": ""CPI"", ""OVERLAP"": ""OL"", ""SCALE"": ""0"", ""SECURITY_CLASSIFICATION"": ""PUB"", ""TYPE_OF_TRANSFORMATION"": ""IX""}}"
NPL,cpi_index_all_items_quarterly_imf,2015-Q3,quarterly,63.62938551351351,\N,derived,IMF_CPI,IMF|ACCESS_SHARING_LEVEL=PUBLIC_OPEN|COICOP_1999=_T|COMMON_REFERENCE_PERIOD=2023/24|FREQUENCY=M|IFS_FLAG=true|INDEX_TYPE=CPI|OVERLAP=OL|SCALE=0|SECURITY_CLASSIFICATION=PUB|TYPE_OF_TRANSFORMATION=IX|aggregation=quarterly_mean,\N,"{""aggregation_method"": ""quarterly_mean"", ""source_derivation_types"": [""O"", ""O"", ""O""], ""source_months"": [""2015-M07"", ""2015-M08"", ""2015-M09""], ""source_observation_count"": 3, ""source_series_dimensions"": {""ACCESS_SHARING_LEVEL"": ""PUBLIC_OPEN"", ""COICOP_1999"": ""_T"", ""COMMON_REFERENCE_PERIOD"": ""2023/24"", ""COUNTRY"": ""NPL"", ""FREQUENCY"": ""M"", ""IFS_FLAG"": ""true"", ""INDEX_TYPE"": ""CPI"", ""OVERLAP"": ""OL"", ""SCALE"": ""0"", ""SECURITY_CLASSIFICATION"": ""PUB"", ""TYPE_OF_TRANSFORMATION"": ""IX""}}"
NPL,cpi_index_all_items_quarterly_imf,2015-Q4,quarterly,66.51485261261261,\N,derived,IMF_CPI,IMF|ACCESS_SHARING_LEVEL=PUBLIC_OPEN|COICOP_1999=_T|COMMON_REFERENCE_PERIOD=2023/24|FREQUENCY=M|IFS_FLAG=true|INDEX_TYPE=CPI|OVERLAP=OL|SCALE=0|SECURITY_CLASSIFICATION=PUB|TYPE_OF_TRANSFORMATION=IX|aggregation=quarterly_mean,\N,"{""aggregation_method"": ""quarterly_mean"", ""source_derivation_types"": [""O"", ""O"", ""O""], ""source_months"": [""2015-M10"", ""2015-M11"", ""2015-M12""], ""source_observation_count"": 3, ""source_series_dimensions"": {""ACCESS_SHARING_LEVEL"": ""PUBLIC_OPEN"", ""COICOP_1999"": ""_T"", ""COMMON_REFERENCE_PERIOD"": ""2023/24"", ""COUNTRY"": ""NPL"", ""FREQUENCY"": ""M"", ""IFS_FLAG"": ""true"", ""INDEX_TYPE"": ""CPI"", ""OVERLAP"": ""OL"", ""SCALE"": ""0"", ""SECURITY_CLASSIFICATION"": ""PUB"", ""TYPE_OF_TRANSFORMATION"": ""IX""}}"
OMN,cpi_index_all_items_quarterly_imf,2015-Q1,quarterly,96.44318539502673,\N,derived,IMF_CPI,IMF|ACCESS_SHARING_LEVEL=PUBLIC_OPEN|COICOP_1999=_T|COMMON_REFERENCE_PERIOD=2018A|FREQUENCY=M|IFS_FLAG=true|INDEX_TYPE=CPI|OVERLAP=OL|SCALE=0|SECURITY_CLASSIFICATION=PUB|TYPE_OF_TRANSFORMATION=IX|aggregation=quarterly_mean,\N,"{""aggregation_method"": ""quarterly_mean"", ""source_derivation_types"": [""O"", ""O"", ""O""], ""source_months"": [""2015-M01"", ""2015-M02"", ""2015-M03""], ""source_observation_count"": 3, ""source_series_dimensions"": {""ACCESS_SHARING_LEVEL"": ""PUBLIC_OPEN"", ""COICOP_1999"": ""_T"", ""COMMON_REFERENCE_PERIOD"": ""2018A"", ""COUNTRY"": ""OMN"", ""FREQUENCY"": ""M"", ""IFS_FLAG"": ""true"", ""INDEX_TYPE"": ""CPI"", ""OVERLAP"": ""OL"", ""SCALE"": ""0"", ""SECURITY_CLASSIFICATION"": ""PUB"", ""TYPE_OF_TRANSFORMATION"": ""IX""}}"
OMN,cpi_index_all_items_quarterly_imf,2015-Q2,quarterly,96.19137551148883,\N,derived,IMF_CPI,IMF|ACCESS_SHARING_LEVEL=PUBLIC_OPEN|COICOP_1999=_T|COMMON_REFERENCE_PERIOD=2018A|FREQUENCY=M|IFS_FLAG=true|INDEX_TYPE=CPI|OVERLAP=OL|SCALE=0|SECURITY_CLASSIFICATION=PUB|TYPE_OF_TRANSFORMATION=IX|aggregation=quarterly_mean,\N,"{""aggregation_method"": ""quarterly_mean"", ""source_derivation_types"": [""O"", ""O"", ""O""], ""source_months"": [""2015-M04"", ""2015-M05"", ""2015-M06""], ""source_observation_count"": 3, ""source_series_dimensions"": {""ACCESS_SHARING_LEVEL"": ""PUBLIC_OPEN"", ""COICOP_1999"": ""_T"", ""COMMON_REFERENCE_PERIOD"": ""2018A"", ""COUNTRY"": ""OMN"", ""FREQUENCY"": ""M"", ""IFS_FLAG"": ""true"", ""INDEX_TYPE"": ""CPI"", ""OVERLAP"": ""OL"", ""SCALE"": ""0"", ""SECURITY_CLASSIFICATION"": ""PUB"", ""TYPE_OF_TRANSFORMATION"": ""IX""}}"
OMN,cpi_index_all_items_quarterly_imf,2015-Q3,quarterly,96.82090022033363,\N,derived,IMF_CPI,IMF|ACCESS_SHARING_LEVEL=PUBLIC_OPEN|COICOP_1999=_T|COMMON_REFERENCE_PERIOD=2018A|FREQUENCY=M|IFS_FLAG=true|INDEX_TYPE=CPI|OVERLAP=OL|SCALE=0|SECURITY_CLASSIFICATION=PUB|TYPE_OF_TRANSFORMATION=IX|aggregation=quarterly_mean,\N,"{""aggregation_method"": ""quarterly_mean"", ""source_derivation_types"": [""O"", ""O"", ""O""], ""source_months"": [""2015-M07"", ""2015-M08"", ""2015-M09""], ""source_observation_count"": 3, ""source_series_dimensions"": {""ACCESS_SHARING_LEVEL"": ""PUBLIC_OPEN"", ""COICOP_1999"": ""_T"", ""COMMON_REFERENCE_PERIOD"": ""2018A"", ""COUNTRY"": ""OMN"", ""FREQUENCY"": ""M"", ""IFS_FLAG"": ""true"", ""INDEX_TYPE"": ""CPI"", ""OVERLAP"": ""OL"", ""SCALE"": ""0"", ""SECURITY_CLASSIFICATION"": ""PUB"", ""TYPE_OF_TRANSFORMATION"": ""IX""}}"
OMN,cpi_index_all_items_quarterly_imf,2015-Q4,quarterly,96.47466163046897,\N,derived,IMF_CPI,IMF|ACCESS_SHARING_LEVEL=PUBLIC_OPEN|COICOP_1999=_T|COMMON_REFERENCE_PERIOD=2018A|FREQUENCY=M|IFS_FLAG=true|INDEX_TYPE=CPI|OVERLAP=OL|SCALE=0|SECURITY_CLASSIFICATION=PUB|TYPE_OF_TRANSFORMATION=IX|aggregation=quarterly_mean,\N,"{""aggregation_method"": ""quarterly_mean"", ""source_derivation_types"": [""O"", ""O"", ""O""], ""source_months"": [""2015-M10"", ""2015-M11"", ""2015-M12""], ""source_observation_count"": 3, ""source_series_dimensions"": {""ACCESS_SHARING_LEVEL"": ""PUBLIC_OPEN"", ""COICOP_1999"": ""_T"", ""COMMON_REFERENCE_PERIOD"": ""2018A"", ""COUNTRY"": ""OMN"", ""FREQUENCY"": ""M"", ""IFS_FLAG"": ""true"", ""INDEX_TYPE"": ""CPI"", ""OVERLAP"": ""OL"", ""SCALE"": ""0"", ""SECURITY_CLASSIFICATION"": ""PUB"", ""TYPE_OF_TRANSFORMATION"": ""IX""}}"
PAK,cpi_index_all_items_quarterly_imf,2015-Q1,quarterly,96.10278707411608,\N,derived,IMF_CPI,IMF|ACCESS_SHARING_LEVEL=PUBLIC_OPEN|COICOP_1999=_T|COMMON_REFERENCE_PERIOD=2015/2016|FREQUENCY=M|IFS_FLAG=true|INDEX_TYPE=CPI|OVERLAP=OL|SCALE=0|SECURITY_CLASSIFICATION=PUB|TYPE_OF_TRANSFORMATION=IX|aggregation=quarterly_mean,\N,"{""aggregation_method"": ""quarterly_mean"", ""source_derivation_types"": [""O"", ""O"", ""O""], ""source_months"": [""2015-M01"", ""2015-M02"", ""2015-M03""], ""source_observation_count"": 3, ""source_series_dimensions"": {""ACCESS_SHARING_LEVEL"": ""PUBLIC_OPEN"", ""COICOP_1999"": ""_T"", ""COMMON_REFERENCE_PERIOD"": ""2015/2016"", ""COUNTRY"": ""PAK"", ""FREQUENCY"": ""M"", ""IFS_FLAG"": ""true"", ""INDEX_TYPE"": ""CPI"", ""OVERLAP"": ""OL"", ""SCALE"": ""0"", ""SECURITY_CLASSIFICATION"": ""PUB"", ""TYPE_OF_TRANSFORMATION"": ""IX""}}"
PAK,cpi_index_all_items_quarterly_imf,2015-Q2,quarterly,97.91151135734543,\N,derived,IMF_CPI,IMF|ACCESS_SHARING_LEVEL=PUBLIC_OPEN|COICOP_1999=_T|COMMON_REFERENCE_PERIOD=2015/2016|FREQUENCY=M|IFS_FLAG=true|INDEX_TYPE=CPI|OVERLAP=OL|SCALE=0|SECURITY_CLASSIFICATION=PUB|TYPE_OF_TRANSFORMATION=IX|aggregation=quarterly_mean,\N,"{""aggregation_method"": ""quarterly_mean"", ""source_derivation_types"": [""O"", ""O"", ""O""], ""source_months"": [""2015-M04"", ""2015-M05"", ""2015-M06""], ""source_observation_count"": 3, ""source_series_dimensions"": {""ACCESS_SHARING_LEVEL"": ""PUBLIC_OPEN"", ""COICOP_1999"": ""_T"", ""COMMON_REFERENCE_PERIOD"": ""2015/2016"", ""COUNTRY"": ""PAK"", ""FREQUENCY"": ""M"", ""IFS_FLAG"": ""true"", ""INDEX_TYPE"": ""CPI"", ""OVERLAP"": ""OL"", ""SCALE"": ""0"", ""SECURITY_CLASSIFICATION"": ""PUB"", ""TYPE_OF_TRANSFORMATION"": ""IX""}}"
PAK,cpi_index_all_items_quarterly_imf,2015-Q3,quarterly,99.08898105348027,\N,derived,IMF_CPI,IMF|ACCESS_SHARING_LEVEL=PUBLIC_OPEN|COICOP_1999=_T|COMMON_REFERENCE_PERIOD=2015/2016|FREQUENCY=M|IFS_FLAG=true|INDEX_TYPE=CPI|OVERLAP=OL|SCALE=0|SECURITY_CLASSIFICATION=PUB|TYPE_OF_TRANSFORMATION=IX|aggregation=quarterly_mean,\N,"{""aggregation_method"": ""quarterly_mean"", ""source_derivation_types"": [""O"", ""O"", ""O""], ""source_months"": [""2015-M07"", ""2015-M08"", ""2015-M09""], ""source_observation_count"": 3, ""source_series_dimensions"": {""ACCESS_SHARING_LEVEL"": ""PUBLIC_OPEN"", ""COICOP_1999"": ""_T"", ""COMMON_REFERENCE_PERIOD"": ""2015/2016"", ""COUNTRY"": ""PAK"", ""FREQUENCY"": ""M"", ""IFS_FLAG"": ""true"", ""INDEX_TYPE"": ""CPI"", ""OVERLAP"": ""OL"", ""SCALE"": ""0"", ""SECURITY_CLASSIFICATION"": ""PUB"", ""TYPE_OF_TRANSFORMATION"": ""IX""}}"
PAK,cpi_index_all_items_quarterly_imf,2015-Q4,quarterly,99.8085458677849,\N,derived,IMF_CPI,IMF|ACCESS_SHARING_LEVEL=PUBLIC_OPEN|COICOP_1999=_T|COMMON_REFERENCE_PERIOD=2015/2016|FREQUENCY=M|IFS_FLAG=true|INDEX_TYPE=CPI|OVERLAP=OL|SCALE=0|SECURITY_CLASSIFICATION=PUB|TYPE_OF_TRANSFORMATION=IX|aggregation=quarterly_mean,\N,"{""aggregation_method"": ""quarterly_mean"", ""source_derivation_types"": [""O"", ""O"", ""O""], ""source_months"": [""2015-M10"", ""2015-M11"", ""2015-M12""], ""source_observation_count"": 3, ""source_series_dimensions"": {""ACCESS_SHARING_LEVEL"": ""PUBLIC_OPEN"", ""COICOP_1999"": ""_T"", ""COMMON_REFERENCE_PERIOD"": ""2015/2016"", ""COUNTRY"": ""PAK"", ""FREQUENCY"": ""M"", ""IFS_FLAG"": ""true"", ""INDEX_TYPE"": ""CPI"", ""OVERLAP"": ""OL"", ""SCALE"": ""0"", ""SECURITY_CLASSIFICATION"": ""PUB"", ""TYPE_OF_TRANSFORMATION"": ""IX""}}"
PAN,cpi_index_all_items_quarterly_imf,2015-Q1,quarterly,92.68656354261448,\N,derived,IMF_CPI,IMF|ACCESS_SHARING_LEVEL=PUBLIC_OPEN|COICOP_1999=_T|COMMON_REFERENCE_PERIOD=2024A|FREQUENCY=M|IFS_FLAG=true|INDEX_TYPE=CPI|OVERLAP=OL|SCALE=0|SECURITY_CLASSIFICATION=PUB|TYPE_OF_TRANSFORMATION=IX|aggregation=quarterly_mean,\N,"{""aggregation_method"": ""quarterly_mean"", ""source_derivation_types"": [""O"", ""O"", ""O""], ""source_months"": [""2015-M01"", ""2015-M02"", ""2015-M03""], ""source_observation_count"": 3, ""source_series_dimensions"": {""ACCESS_SHARING_LEVEL"": ""PUBLIC_OPEN"", ""COICOP_1999"": ""_T"", ""COMMON_REFERENCE_PERIOD"": ""2024A"", ""COUNTRY"": ""PAN"", ""FREQUENCY"": ""M"", ""IFS_FLAG"": ""true"", ""INDEX_TYPE"": ""CPI"", ""OVERLAP"": ""OL"", ""SCALE"": ""0"", ""SECURITY_CLASSIFICATION"": ""PUB"", ""TYPE_OF_TRANSFORMATION"": ""IX""}}"
PAN,cpi_index_all_items_quarterly_imf,2015-Q2,quarterly,93.77628146800123,\N,derived,IMF_CPI,IMF|ACCESS_SHARING_LEVEL=PUBLIC_OPEN|COICOP_1999=_T|COMMON_REFERENCE_PERIOD=2024A|FREQUENCY=M|IFS_FLAG=true|INDEX_TYPE=CPI|OVERLAP=OL|SCALE=0|SECURITY_CLASSIFICATION=PUB|TYPE_OF_TRANSFORMATION=IX|aggregation=quarterly_mean,\N,"{""aggregation_method"": ""quarterly_mean"", ""source_derivation_types"": [""O"", ""O"", ""O""], ""source_months"": [""2015-M04"", ""2015-M05"", ""2015-M06""], ""source_observation_count"": 3, ""source_series_dimensions"": {""ACCESS_SHARING_LEVEL"": ""PUBLIC_OPEN"", ""COICOP_1999"": ""_T"", ""COMMON_REFERENCE_PERIOD"": ""2024A"", ""COUNTRY"": ""PAN"", ""FREQUENCY"": ""M"", ""IFS_FLAG"": ""true"", ""INDEX_TYPE"": ""CPI"", ""OVERLAP"": ""OL"", ""SCALE"": ""0"", ""SECURITY_CLASSIFICATION"": ""PUB"", ""TYPE_OF_TRANSFORMATION"": ""IX""}}"
PAN,cpi_index_all_items_quarterly_imf,2015-Q3,quarterly,93.68547164088567,\N,derived,IMF_CPI,IMF|ACCESS_SHARING_LEVEL=PUBLIC_OPEN|COICOP_1999=_T|COMMON_REFERENCE_PERIOD=2024A|FREQUENCY=M|IFS_FLAG=true|INDEX_TYPE=CPI|OVERLAP=OL|SCALE=0|SECURITY_CLASSIFICATION=PUB|TYPE_OF_TRANSFORMATION=IX|aggregation=quarterly_mean,\N,"{""aggregation_method"": ""quarterly_mean"", ""source_derivation_types"": [""O"", ""O"", ""O""], ""source_months"": [""2015-M07"", ""2015-M08"", ""2015-M09""], ""source_observation_count"": 3, ""source_series_dimensions"": {""ACCESS_SHARING_LEVEL"": ""PUBLIC_OPEN"", ""COICOP_1999"": ""_T"", ""COMMON_REFERENCE_PERIOD"": ""2024A"", ""COUNTRY"": ""PAN"", ""FREQUENCY"": ""M"", ""IFS_FLAG"": ""true"", ""INDEX_TYPE"": ""CPI"", ""OVERLAP"": ""OL"", ""SCALE"": ""0"", ""SECURITY_CLASSIFICATION"": ""PUB"", ""TYPE_OF_TRANSFORMATION"": ""IX""}}"
PAN,cpi_index_all_items_quarterly_imf,2015-Q4,quarterly,93.14061267819228,\N,derived,IMF_CPI,IMF|ACCESS_SHARING_LEVEL=PUBLIC_OPEN|COICOP_1999=_T|COMMON_REFERENCE_PERIOD=2024A|FREQUENCY=M|IFS_FLAG=true|INDEX_TYPE=CPI|OVERLAP=OL|SCALE=0|SECURITY_CLASSIFICATION=PUB|TYPE_OF_TRANSFORMATION=IX|aggregation=quarterly_mean,\N,"{""aggregation_method"": ""quarterly_mean"", ""source_derivation_types"": [""O"", ""O"", ""O""], ""source_months"": [""2015-M10"", ""2015-M11"", ""2015-M12""], ""source_observation_count"": 3, ""source_series_dimensions"": {""ACCESS_SHARING_LEVEL"": ""PUBLIC_OPEN"", ""COICOP_1999"": ""_T"", ""COMMON_REFERENCE_PERIOD"": ""2024A"", ""COUNTRY"": ""PAN"", ""FREQUENCY"": ""M"", ""IFS_FLAG"": ""true"", ""INDEX_TYPE"": ""CPI"", ""OVERLAP"": ""OL"", ""SCALE"": ""0"", ""SECURITY_CLASSIFICATION"": ""PUB"", ""TYPE_OF_TRANSFORMATION"": ""IX""}}"
PER,cpi_index_all_items_quarterly_imf,2015-Q1,quarterly,80.73812434611602,\N,derived,IMF_CPI,IMF|ACCESS_SHARING_LEVEL=PUBLIC_OPEN|COICOP_1999=_T|COMMON_REFERENCE_PERIOD=2021M12|FREQUENCY=M|IFS_FLAG=true|INDEX_TYPE=CPI|OVERLAP=OL|SCALE=0|SECURITY_CLASSIFICATION=PUB|TYPE_OF_TRANSFORMATION=IX|aggregation=quarterly_mean,\N,"{""aggregation_method"": ""quarterly_mean"", ""source_derivation_types"": [""O"", ""O"", ""O""], ""source_months"": [""2015-M01"", ""2015-M02"", ""2015-M03""], ""source_observation_count"": 3, ""source_series_dimensions"": {""ACCESS_SHARING_LEVEL"": ""PUBLIC_OPEN"", ""COICOP_1999"": ""_T"", ""COMMON_REFERENCE_PERIOD"": ""2021M12"", ""COUNTRY"": ""PER"", ""FREQUENCY"": ""M"", ""IFS_FLAG"": ""true"", ""INDEX_TYPE"": ""CPI"", ""OVERLAP"": ""OL"", ""SCALE"": ""0"", ""SECURITY_CLASSIFICATION"": ""PUB"", ""TYPE_OF_TRANSFORMATION"": ""IX""}}"
PER,cpi_index_all_items_quarterly_imf,2015-Q2,quarterly,81.77413910717797,\N,derived,IMF_CPI,IMF|ACCESS_SHARING_LEVEL=PUBLIC_OPEN|COICOP_1999=_T|COMMON_REFERENCE_PERIOD=2021M12|FREQUENCY=M|IFS_FLAG=true|INDEX_TYPE=CPI|OVERLAP=OL|SCALE=0|SECURITY_CLASSIFICATION=PUB|TYPE_OF_TRANSFORMATION=IX|aggregation=quarterly_mean,\N,"{""aggregation_method"": ""quarterly_mean"", ""source_derivation_types"": [""O"", ""O"", ""O""], ""source_months"": [""2015-M04"", ""2015-M05"", ""2015-M06""], ""source_observation_count"": 3, ""source_series_dimensions"": {""ACCESS_SHARING_LEVEL"": ""PUBLIC_OPEN"", ""COICOP_1999"": ""_T"", ""COMMON_REFERENCE_PERIOD"": ""2021M12"", ""COUNTRY"": ""PER"", ""FREQUENCY"": ""M"", ""IFS_FLAG"": ""true"", ""INDEX_TYPE"": ""CPI"", ""OVERLAP"": ""OL"", ""SCALE"": ""0"", ""SECURITY_CLASSIFICATION"": ""PUB"", ""TYPE_OF_TRANSFORMATION"": ""IX""}}"
PER,cpi_index_all_items_quarterly_imf,2015-Q3,quarterly,82.62401410029499,\N,derived,IMF_CPI,IMF|ACCESS_SHARING_LEVEL=PUBLIC_OPEN|COICOP_1999=_T|COMMON_REFERENCE_PERIOD=2021M12|FREQUENCY=M|IFS_FLAG=true|INDEX_TYPE=CPI|OVERLAP=OL|SCALE=0|SECURITY_CLASSIFICATION=PUB|TYPE_OF_TRANSFORMATION=IX|aggregation=quarterly_mean,\N,"{""aggregation_method"": ""quarterly_mean"", ""source_derivation_types"": [""O"", ""O"", ""O""], ""source_months"": [""2015-M07"", ""2015-M08"", ""2015-M09""], ""source_observation_count"": 3, ""source_series_dimensions"": {""ACCESS_SHARING_LEVEL"": ""PUBLIC_OPEN"", ""COICOP_1999"": ""_T"", ""COMMON_REFERENCE_PERIOD"": ""2021M12"", ""COUNTRY"": ""PER"", ""FREQUENCY"": ""M"", ""IFS_FLAG"": ""true"", ""INDEX_TYPE"": ""CPI"", ""OVERLAP"": ""OL"", ""SCALE"": ""0"", ""SECURITY_CLASSIFICATION"": ""PUB"", ""TYPE_OF_TRANSFORMATION"": ""IX""}}"
PER,cpi_index_all_items_quarterly_imf,2015-Q4,quarterly,83.22162072369714,\N,derived,IMF_CPI,IMF|ACCESS_SHARING_LEVEL=PUBLIC_OPEN|COICOP_1999=_T|COMMON_REFERENCE_PERIOD=2021M12|FREQUENCY=M|IFS_FLAG=true|INDEX_TYPE=CPI|OVERLAP=OL|SCALE=0|SECURITY_CLASSIFICATION=PUB|TYPE_OF_TRANSFORMATION=IX|aggregation=quarterly_mean,\N,"{""aggregation_method"": ""quarterly_mean"", ""source_derivation_types"": [""O"", ""O"", ""O""], ""source_months"": [""2015-M10"", ""2015-M11"", ""2015-M12""], ""source_observation_count"": 3, ""source_series_dimensions"": {""ACCESS_SHARING_LEVEL"": ""PUBLIC_OPEN"", ""COICOP_1999"": ""_T"", ""COMMON_REFERENCE_PERIOD"": ""2021M12"", ""COUNTRY"": ""PER"", ""FREQUENCY"": ""M"", ""IFS_FLAG"": ""true"", ""INDEX_TYPE"": ""CPI"", ""OVERLAP"": ""OL"", ""SCALE"": ""0"", ""SECURITY_CLASSIFICATION"": ""PUB"", ""TYPE_OF_TRANSFORMATION"": ""IX""}}"
PHL,cpi_index_all_items_quarterly_imf,2015-Q1,quarterly,91.0096406660824,\N,derived,IMF_CPI,IMF|ACCESS_SHARING_LEVEL=PUBLIC_OPEN|COICOP_1999=_T|COMMON_REFERENCE_PERIOD=2018A|FREQUENCY=M|IFS_FLAG=true|INDEX_TYPE=CPI|OVERLAP=OL|SCALE=0|SECURITY_CLASSIFICATION=PUB|TYPE_OF_TRANSFORMATION=IX|aggregation=quarterly_mean,\N,"{""aggregation_method"": ""quarterly_mean"", ""source_derivation_types"": [""O"", ""O"", ""O""], ""source_months"": [""2015-M01"", ""2015-M02"", ""2015-M03""], ""source_observation_count"": 3, ""source_series_dimensions"": {""ACCESS_SHARING_LEVEL"": ""PUBLIC_OPEN"", ""COICOP_1999"": ""_T"", ""COMMON_REFERENCE_PERIOD"": ""2018A"", ""COUNTRY"": ""PHL"", ""FREQUENCY"": ""M"", ""IFS_FLAG"": ""true"", ""INDEX_TYPE"": ""CPI"", ""OVERLAP"": ""OL"", ""SCALE"": ""0"", ""SECURITY_CLASSIFICATION"": ""PUB"", ""TYPE_OF_TRANSFORMATION"": ""IX""}}"
PHL,cpi_index_all_items_quarterly_imf,2015-Q2,quarterly,91.0948290972831,\N,derived,IMF_CPI,IMF|ACCESS_SHARING_LEVEL=PUBLIC_OPEN|COICOP_1999=_T|COMMON_REFERENCE_PERIOD=2018A|FREQUENCY=M|IFS_FLAG=true|INDEX_TYPE=CPI|OVERLAP=OL|SCALE=0|SECURITY_CLASSIFICATION=PUB|TYPE_OF_TRANSFORMATION=IX|aggregation=quarterly_mean,\N,"{""aggregation_method"": ""quarterly_mean"", ""source_derivation_types"": [""O"", ""O"", ""O""], ""source_months"": [""2015-M04"", ""2015-M05"", ""2015-M06""], ""source_observation_count"": 3, ""source_series_dimensions"": {""ACCESS_SHARING_LEVEL"": ""PUBLIC_OPEN"", ""COICOP_1999"": ""_T"", ""COMMON_REFERENCE_PERIOD"": ""2018A"", ""COUNTRY"": ""PHL"", ""FREQUENCY"": ""M"", ""IFS_FLAG"": ""true"", ""INDEX_TYPE"": ""CPI"", ""OVERLAP"": ""OL"", ""SCALE"": ""0"", ""SECURITY_CLASSIFICATION"": ""PUB"", ""TYPE_OF_TRANSFORMATION"": ""IX""}}"
PHL,cpi_index_all_items_quarterly_imf,2015-Q3,quarterly,91.1800175284838,\N,derived,IMF_CPI,IMF|ACCESS_SHARING_LEVEL=PUBLIC_OPEN|COICOP_1999=_T|COMMON_REFERENCE_PERIOD=2018A|FREQUENCY=M|IFS_FLAG=true|INDEX_TYPE=CPI|OVERLAP=OL|SCALE=0|SECURITY_CLASSIFICATION=PUB|TYPE_OF_TRANSFORMATION=IX|aggregation=quarterly_mean,\N,"{""aggregation_method"": ""quarterly_mean"", ""source_derivation_types"": [""O"", ""O"", ""O""], ""source_months"": [""2015-M07"", ""2015-M08"", ""2015-M09""], ""source_observation_count"": 3, ""source_series_dimensions"": {""ACCESS_SHARING_LEVEL"": ""PUBLIC_OPEN"", ""COICOP_1999"": ""_T"", ""COMMON_REFERENCE_PERIOD"": ""2018A"", ""COUNTRY"": ""PHL"", ""FREQUENCY"": ""M"", ""IFS_FLAG"": ""true"", ""INDEX_TYPE"": ""CPI"", ""OVERLAP"": ""OL"", ""SCALE"": ""0"", ""SECURITY_CLASSIFICATION"": ""PUB"", ""TYPE_OF_TRANSFORMATION"": ""IX""}}"
PHL,cpi_index_all_items_quarterly_imf,2015-Q4,quarterly,91.37879053461877,\N,derived,IMF_CPI,IMF|ACCESS_SHARING_LEVEL=PUBLIC_OPEN|COICOP_1999=_T|COMMON_REFERENCE_PERIOD=2018A|FREQUENCY=M|IFS_FLAG=true|INDEX_TYPE=CPI|OVERLAP=OL|SCALE=0|SECURITY_CLASSIFICATION=PUB|TYPE_OF_TRANSFORMATION=IX|aggregation=quarterly_mean,\N,"{""aggregation_method"": ""quarterly_mean"", ""source_derivation_types"": [""O"", ""O"", ""O""], ""source_months"": [""2015-M10"", ""2015-M11"", ""2015-M12""], ""source_observation_count"": 3, ""source_series_dimensions"": {""ACCESS_SHARING_LEVEL"": ""PUBLIC_OPEN"", ""COICOP_1999"": ""_T"", ""COMMON_REFERENCE_PERIOD"": ""2018A"", ""COUNTRY"": ""PHL"", ""FREQUENCY"": ""M"", ""IFS_FLAG"": ""true"", ""INDEX_TYPE"": ""CPI"", ""OVERLAP"": ""OL"", ""SCALE"": ""0"", ""SECURITY_CLASSIFICATION"": ""PUB"", ""TYPE_OF_TRANSFORMATION"": ""IX""}}"
POL,cpi_index_all_items_quarterly_imf,2015-Q1,quarterly,63.13624678663239,\N,derived,IMF_CPI,IMF|ACCESS_SHARING_LEVEL=PUBLIC_OPEN|COICOP_1999=_T|COMMON_REFERENCE_PERIOD=2025A|FREQUENCY=M|IFS_FLAG=true|INDEX_TYPE=CPI|OVERLAP=OL|SCALE=0|SECURITY_CLASSIFICATION=PUB|TYPE_OF_TRANSFORMATION=IX|aggregation=quarterly_mean,\N,"{""aggregation_method"": ""quarterly_mean"", ""source_derivation_types"": [""O"", ""O"", ""O""], ""source_months"": [""2015-M01"", ""2015-M02"", ""2015-M03""], ""source_observation_count"": 3, ""source_series_dimensions"": {""ACCESS_SHARING_LEVEL"": ""PUBLIC_OPEN"", ""COICOP_1999"": ""_T"", ""COMMON_REFERENCE_PERIOD"": ""2025A"", ""COUNTRY"": ""POL"", ""FREQUENCY"": ""M"", ""IFS_FLAG"": ""true"", ""INDEX_TYPE"": ""CPI"", ""OVERLAP"": ""OL"", ""SCALE"": ""0"", ""SECURITY_CLASSIFICATION"": ""PUB"", ""TYPE_OF_TRANSFORMATION"": ""IX""}}"
POL,cpi_index_all_items_quarterly_imf,2015-Q2,quarterly,63.44473007712082,\N,derived,IMF_CPI,IMF|ACCESS_SHARING_LEVEL=PUBLIC_OPEN|COICOP_1999=_T|COMMON_REFERENCE_PERIOD=2025A|FREQUENCY=M|IFS_FLAG=true|INDEX_TYPE=CPI|OVERLAP=OL|SCALE=0|SECURITY_CLASSIFICATION=PUB|TYPE_OF_TRANSFORMATION=IX|aggregation=quarterly_mean,\N,"{""aggregation_method"": ""quarterly_mean"", ""source_derivation_types"": [""O"", ""O"", ""O""], ""source_months"": [""2015-M04"", ""2015-M05"", ""2015-M06""], ""source_observation_count"": 3, ""source_series_dimensions"": {""ACCESS_SHARING_LEVEL"": ""PUBLIC_OPEN"", ""COICOP_1999"": ""_T"", ""COMMON_REFERENCE_PERIOD"": ""2025A"", ""COUNTRY"": ""POL"", ""FREQUENCY"": ""M"", ""IFS_FLAG"": ""true"", ""INDEX_TYPE"": ""CPI"", ""OVERLAP"": ""OL"", ""SCALE"": ""0"", ""SECURITY_CLASSIFICATION"": ""PUB"", ""TYPE_OF_TRANSFORMATION"": ""IX""}}"
POL,cpi_index_all_items_quarterly_imf,2015-Q3,quarterly,63.15338474721508,\N,derived,IMF_CPI,IMF|ACCESS_SHARING_LEVEL=PUBLIC_OPEN|COICOP_1999=_T|COMMON_REFERENCE_PERIOD=2025A|FREQUENCY=M|IFS_FLAG=true|INDEX_TYPE=CPI|OVERLAP=OL|SCALE=0|SECURITY_CLASSIFICATION=PUB|TYPE_OF_TRANSFORMATION=IX|aggregation=quarterly_mean,\N,"{""aggregation_method"": ""quarterly_mean"", ""source_derivation_types"": [""O"", ""O"", ""O""], ""source_months"": [""2015-M07"", ""2015-M08"", ""2015-M09""], ""source_observation_count"": 3, ""source_series_dimensions"": {""ACCESS_SHARING_LEVEL"": ""PUBLIC_OPEN"", ""COICOP_1999"": ""_T"", ""COMMON_REFERENCE_PERIOD"": ""2025A"", ""COUNTRY"": ""POL"", ""FREQUENCY"": ""M"", ""IFS_FLAG"": ""true"", ""INDEX_TYPE"": ""CPI"", ""OVERLAP"": ""OL"", ""SCALE"": ""0"", ""SECURITY_CLASSIFICATION"": ""PUB"", ""TYPE_OF_TRANSFORMATION"": ""IX""}}"
POL,cpi_index_all_items_quarterly_imf,2015-Q4,quarterly,62.913453299057416,\N,derived,IMF_CPI,IMF|ACCESS_SHARING_LEVEL=PUBLIC_OPEN|COICOP_1999=_T|COMMON_REFERENCE_PERIOD=2025A|FREQUENCY=M|IFS_FLAG=true|INDEX_TYPE=CPI|OVERLAP=OL|SCALE=0|SECURITY_CLASSIFICATION=PUB|TYPE_OF_TRANSFORMATION=IX|aggregation=quarterly_mean,\N,"{""aggregation_method"": ""quarterly_mean"", ""source_derivation_types"": [""O"", ""O"", ""O""], ""source_months"": [""2015-M10"", ""2015-M11"", ""2015-M12""], ""source_observation_count"": 3, ""source_series_dimensions"": {""ACCESS_SHARING_LEVEL"": ""PUBLIC_OPEN"", ""COICOP_1999"": ""_T"", ""COMMON_REFERENCE_PERIOD"": ""2025A"", ""COUNTRY"": ""POL"", ""FREQUENCY"": ""M"", ""IFS_FLAG"": ""true"", ""INDEX_TYPE"": ""CPI"", ""OVERLAP"": ""OL"", ""SCALE"": ""0"", ""SECURITY_CLASSIFICATION"": ""PUB"", ""TYPE_OF_TRANSFORMATION"": ""IX""}}"
PRT,cpi_index_all_items_quarterly_imf,2015-Q1,quarterly,80.1574637369553,\N,derived,IMF_CPI,IMF|ACCESS_SHARING_LEVEL=PUBLIC_OPEN|COICOP_1999=_T|COMMON_REFERENCE_PERIOD=2025A|FREQUENCY=M|IFS_FLAG=true|INDEX_TYPE=CPI|OVERLAP=OL|SCALE=0|SECURITY_CLASSIFICATION=PUB|TYPE_OF_TRANSFORMATION=IX|aggregation=quarterly_mean,\N,"{""aggregation_method"": ""quarterly_mean"", ""source_derivation_types"": [""O"", ""O"", ""O""], ""source_months"": [""2015-M01"", ""2015-M02"", ""2015-M03""], ""source_observation_count"": 3, ""source_series_dimensions"": {""ACCESS_SHARING_LEVEL"": ""PUBLIC_OPEN"", ""COICOP_1999"": ""_T"", ""COMMON_REFERENCE_PERIOD"": ""2025A"", ""COUNTRY"": ""PRT"", ""FREQUENCY"": ""M"", ""IFS_FLAG"": ""true"", ""INDEX_TYPE"": ""CPI"", ""OVERLAP"": ""OL"", ""SCALE"": ""0"", ""SECURITY_CLASSIFICATION"": ""PUB"", ""TYPE_OF_TRANSFORMATION"": ""IX""}}"
PRT,cpi_index_all_items_quarterly_imf,2015-Q2,quarterly,81.61360096672404,\N,derived,IMF_CPI,IMF|ACCESS_SHARING_LEVEL=PUBLIC_OPEN|COICOP_1999=_T|COMMON_REFERENCE_PERIOD=2025A|FREQUENCY=M|IFS_FLAG=true|INDEX_TYPE=CPI|OVERLAP=OL|SCALE=0|SECURITY_CLASSIFICATION=PUB|TYPE_OF_TRANSFORMATION=IX|aggregation=quarterly_mean,\N,"{""aggregation_method"": ""quarterly_mean"", ""source_derivation_types"": [""O"", ""O"", ""O""], ""source_months"": [""2015-M04"", ""2015-M05"", ""2015-M06""], ""source_observation_count"": 3, ""source_series_dimensions"": {""ACCESS_SHARING_LEVEL"": ""PUBLIC_OPEN"", ""COICOP_1999"": ""_T"", ""COMMON_REFERENCE_PERIOD"": ""2025A"", ""COUNTRY"": ""PRT"", ""FREQUENCY"": ""M"", ""IFS_FLAG"": ""true"", ""INDEX_TYPE"": ""CPI"", ""OVERLAP"": ""OL"", ""SCALE"": ""0"", ""SECURITY_CLASSIFICATION"": ""PUB"", ""TYPE_OF_TRANSFORMATION"": ""IX""}}"
PRT,cpi_index_all_items_quarterly_imf,2015-Q3,quarterly,81.1247260851507,\N,derived,IMF_CPI,IMF|ACCESS_SHARING_LEVEL=PUBLIC_OPEN|COICOP_1999=_T|COMMON_REFERENCE_PERIOD=2025A|FREQUENCY=M|IFS_FLAG=true|INDEX_TYPE=CPI|OVERLAP=OL|SCALE=0|SECURITY_CLASSIFICATION=PUB|TYPE_OF_TRANSFORMATION=IX|aggregation=quarterly_mean,\N,"{""aggregation_method"": ""quarterly_mean"", ""source_derivation_types"": [""O"", ""O"", ""O""], ""source_months"": [""2015-M07"", ""2015-M08"", ""2015-M09""], ""source_observation_count"": 3, ""source_series_dimensions"": {""ACCESS_SHARING_LEVEL"": ""PUBLIC_OPEN"", ""COICOP_1999"": ""_T"", ""COMMON_REFERENCE_PERIOD"": ""2025A"", ""COUNTRY"": ""PRT"", ""FREQUENCY"": ""M"", ""IFS_FLAG"": ""true"", ""INDEX_TYPE"": ""CPI"", ""OVERLAP"": ""OL"", ""SCALE"": ""0"", ""SECURITY_CLASSIFICATION"": ""PUB"", ""TYPE_OF_TRANSFORMATION"": ""IX""}}"
PRT,cpi_index_all_items_quarterly_imf,2015-Q4,quarterly,81.353835765624,\N,derived,IMF_CPI,IMF|ACCESS_SHARING_LEVEL=PUBLIC_OPEN|COICOP_1999=_T|COMMON_REFERENCE_PERIOD=2025A|FREQUENCY=M|IFS_FLAG=true|INDEX_TYPE=CPI|OVERLAP=OL|SCALE=0|SECURITY_CLASSIFICATION=PUB|TYPE_OF_TRANSFORMATION=IX|aggregation=quarterly_mean,\N,"{""aggregation_method"": ""quarterly_mean"", ""source_derivation_types"": [""O"", ""O"", ""O""], ""source_months"": [""2015-M10"", ""2015-M11"", ""2015-M12""], ""source_observation_count"": 3, ""source_series_dimensions"": {""ACCESS_SHARING_LEVEL"": ""PUBLIC_OPEN"", ""COICOP_1999"": ""_T"", ""COMMON_REFERENCE_PERIOD"": ""2025A"", ""COUNTRY"": ""PRT"", ""FREQUENCY"": ""M"", ""IFS_FLAG"": ""true"", ""INDEX_TYPE"": ""CPI"", ""OVERLAP"": ""OL"", ""SCALE"": ""0"", ""SECURITY_CLASSIFICATION"": ""PUB"", ""TYPE_OF_TRANSFORMATION"": ""IX""}}"
PRY,cpi_index_all_items_quarterly_imf,2015-Q1,quarterly,90.09241349666881,\N,derived,IMF_CPI,IMF|ACCESS_SHARING_LEVEL=PUBLIC_OPEN|COICOP_1999=_T|COMMON_REFERENCE_PERIOD=2017M12|FREQUENCY=M|IFS_FLAG=true|INDEX_TYPE=CPI|OVERLAP=OL|SCALE=0|SECURITY_CLASSIFICATION=PUB|TYPE_OF_TRANSFORMATION=IX|aggregation=quarterly_mean,\N,"{""aggregation_method"": ""quarterly_mean"", ""source_derivation_types"": [""O"", ""O"", ""O""], ""source_months"": [""2015-M01"", ""2015-M02"", ""2015-M03""], ""source_observation_count"": 3, ""source_series_dimensions"": {""ACCESS_SHARING_LEVEL"": ""PUBLIC_OPEN"", ""COICOP_1999"": ""_T"", ""COMMON_REFERENCE_PERIOD"": ""2017M12"", ""COUNTRY"": ""PRY"", ""FREQUENCY"": ""M"", ""IFS_FLAG"": ""true"", ""INDEX_TYPE"": ""CPI"", ""OVERLAP"": ""OL"", ""SCALE"": ""0"", ""SECURITY_CLASSIFICATION"": ""PUB"", ""TYPE_OF_TRANSFORMATION"": ""IX""}}"
PRY,cpi_index_all_items_quarterly_imf,2015-Q2,quarterly,90.69417580055877,\N,derived,IMF_CPI,IMF|ACCESS_SHARING_LEVEL=PUBLIC_OPEN|COICOP_1999=_T|COMMON_REFERENCE_PERIOD=2017M12|FREQUENCY=M|IFS_FLAG=true|INDEX_TYPE=CPI|OVERLAP=OL|SCALE=0|SECURITY_CLASSIFICATION=PUB|TYPE_OF_TRANSFORMATION=IX|aggregation=quarterly_mean,\N,"{""aggregation_method"": ""quarterly_mean"", ""source_derivation_types"": [""O"", ""O"", ""O""], ""source_months"": [""2015-M04"", ""2015-M05"", ""2015-M06""], ""source_observation_count"": 3, ""source_series_dimensions"": {""ACCESS_SHARING_LEVEL"": ""PUBLIC_OPEN"", ""COICOP_1999"": ""_T"", ""COMMON_REFERENCE_PERIOD"": ""2017M12"", ""COUNTRY"": ""PRY"", ""FREQUENCY"": ""M"", ""IFS_FLAG"": ""true"", ""INDEX_TYPE"": ""CPI"", ""OVERLAP"": ""OL"", ""SCALE"": ""0"", ""SECURITY_CLASSIFICATION"": ""PUB"", ""TYPE_OF_TRANSFORMATION"": ""IX""}}"
PRY,cpi_index_all_items_quarterly_imf,2015-Q3,quarterly,91.20997206103588,\N,derived,IMF_CPI,IMF|ACCESS_SHARING_LEVEL=PUBLIC_OPEN|COICOP_1999=_T|COMMON_REFERENCE_PERIOD=2017M12|FREQUENCY=M|IFS_FLAG=true|INDEX_TYPE=CPI|OVERLAP=OL|SCALE=0|SECURITY_CLASSIFICATION=PUB|TYPE_OF_TRANSFORMATION=IX|aggregation=quarterly_mean,\N,"{""aggregation_method"": ""quarterly_mean"", ""source_derivation_types"": [""O"", ""O"", ""O""], ""source_months"": [""2015-M07"", ""2015-M08"", ""2015-M09""], ""source_observation_count"": 3, ""source_series_dimensions"": {""ACCESS_SHARING_LEVEL"": ""PUBLIC_OPEN"", ""COICOP_1999"": ""_T"", ""COMMON_REFERENCE_PERIOD"": ""2017M12"", ""COUNTRY"": ""PRY"", ""FREQUENCY"": ""M"", ""IFS_FLAG"": ""true"", ""INDEX_TYPE"": ""CPI"", ""OVERLAP"": ""OL"", ""SCALE"": ""0"", ""SECURITY_CLASSIFICATION"": ""PUB"", ""TYPE_OF_TRANSFORMATION"": ""IX""}}"
PRY,cpi_index_all_items_quarterly_imf,2015-Q4,quarterly,91.38190414786159,\N,derived,IMF_CPI,IMF|ACCESS_SHARING_LEVEL=PUBLIC_OPEN|COICOP_1999=_T|COMMON_REFERENCE_PERIOD=2017M12|FREQUENCY=M|IFS_FLAG=true|INDEX_TYPE=CPI|OVERLAP=OL|SCALE=0|SECURITY_CLASSIFICATION=PUB|TYPE_OF_TRANSFORMATION=IX|aggregation=quarterly_mean,\N,"{""aggregation_method"": ""quarterly_mean"", ""source_derivation_types"": [""O"", ""O"", ""O""], ""source_months"": [""2015-M10"", ""2015-M11"", ""2015-M12""], ""source_observation_count"": 3, ""source_series_dimensions"": {""ACCESS_SHARING_LEVEL"": ""PUBLIC_OPEN"", ""COICOP_1999"": ""_T"", ""COMMON_REFERENCE_PERIOD"": ""2017M12"", ""COUNTRY"": ""PRY"", ""FREQUENCY"": ""M"", ""IFS_FLAG"": ""true"", ""INDEX_TYPE"": ""CPI"", ""OVERLAP"": ""OL"", ""SCALE"": ""0"", ""SECURITY_CLASSIFICATION"": ""PUB"", ""TYPE_OF_TRANSFORMATION"": ""IX""}}"
QAT,cpi_index_all_items_quarterly_imf,2015-Q1,quarterly,95.52620235236158,\N,derived,IMF_CPI,IMF|ACCESS_SHARING_LEVEL=PUBLIC_OPEN|COICOP_1999=_T|COMMON_REFERENCE_PERIOD=2018A|FREQUENCY=M|IFS_FLAG=true|INDEX_TYPE=CPI|OVERLAP=OL|SCALE=0|SECURITY_CLASSIFICATION=PUB|TYPE_OF_TRANSFORMATION=IX|aggregation=quarterly_mean,\N,"{""aggregation_method"": ""quarterly_mean"", ""source_derivation_types"": [""O"", ""O"", ""O""], ""source_months"": [""2015-M01"", ""2015-M02"", ""2015-M03""], ""source_observation_count"": 3, ""source_series_dimensions"": {""ACCESS_SHARING_LEVEL"": ""PUBLIC_OPEN"", ""COICOP_1999"": ""_T"", ""COMMON_REFERENCE_PERIOD"": ""2018A"", ""COUNTRY"": ""QAT"", ""FREQUENCY"": ""M"", ""IFS_FLAG"": ""true"", ""INDEX_TYPE"": ""CPI"", ""OVERLAP"": ""OL"", ""SCALE"": ""0"", ""SECURITY_CLASSIFICATION"": ""PUB"", ""TYPE_OF_TRANSFORMATION"": ""IX""}}"
QAT,cpi_index_all_items_quarterly_imf,2015-Q2,quarterly,96.0152965084057,\N,derived,IMF_CPI,IMF|ACCESS_SHARING_LEVEL=PUBLIC_OPEN|COICOP_1999=_T|COMMON_REFERENCE_PERIOD=2018A|FREQUENCY=M|IFS_FLAG=true|INDEX_TYPE=CPI|OVERLAP=OL|SCALE=0|SECURITY_CLASSIFICATION=PUB|TYPE_OF_TRANSFORMATION=IX|aggregation=quarterly_mean,\N,"{""aggregation_method"": ""quarterly_mean"", ""source_derivation_types"": [""O"", ""O"", ""O""], ""source_months"": [""2015-M04"", ""2015-M05"", ""2015-M06""], ""source_observation_count"": 3, ""source_series_dimensions"": {""ACCESS_SHARING_LEVEL"": ""PUBLIC_OPEN"", ""COICOP_1999"": ""_T"", ""COMMON_REFERENCE_PERIOD"": ""2018A"", ""COUNTRY"": ""QAT"", ""FREQUENCY"": ""M"", ""IFS_FLAG"": ""true"", ""INDEX_TYPE"": ""CPI"", ""OVERLAP"": ""OL"", ""SCALE"": ""0"", ""SECURITY_CLASSIFICATION"": ""PUB"", ""TYPE_OF_TRANSFORMATION"": ""IX""}}"
QAT,cpi_index_all_items_quarterly_imf,2015-Q3,quarterly,96.93234805098837,\N,derived,IMF_CPI,IMF|ACCESS_SHARING_LEVEL=PUBLIC_OPEN|COICOP_1999=_T|COMMON_REFERENCE_PERIOD=2018A|FREQUENCY=M|IFS_FLAG=true|INDEX_TYPE=CPI|OVERLAP=OL|SCALE=0|SECURITY_CLASSIFICATION=PUB|TYPE_OF_TRANSFORMATION=IX|aggregation=quarterly_mean,\N,"{""aggregation_method"": ""quarterly_mean"", ""source_derivation_types"": [""O"", ""O"", ""O""], ""source_months"": [""2015-M07"", ""2015-M08"", ""2015-M09""], ""source_observation_count"": 3, ""source_series_dimensions"": {""ACCESS_SHARING_LEVEL"": ""PUBLIC_OPEN"", ""COICOP_1999"": ""_T"", ""COMMON_REFERENCE_PERIOD"": ""2018A"", ""COUNTRY"": ""QAT"", ""FREQUENCY"": ""M"", ""IFS_FLAG"": ""true"", ""INDEX_TYPE"": ""CPI"", ""OVERLAP"": ""OL"", ""SCALE"": ""0"", ""SECURITY_CLASSIFICATION"": ""PUB"", ""TYPE_OF_TRANSFORMATION"": ""IX""}}"
QAT,cpi_index_all_items_quarterly_imf,2015-Q4,quarterly,97.54371574604347,\N,derived,IMF_CPI,IMF|ACCESS_SHARING_LEVEL=PUBLIC_OPEN|COICOP_1999=_T|COMMON_REFERENCE_PERIOD=2018A|FREQUENCY=M|IFS_FLAG=true|INDEX_TYPE=CPI|OVERLAP=OL|SCALE=0|SECURITY_CLASSIFICATION=PUB|TYPE_OF_TRANSFORMATION=IX|aggregation=quarterly_mean,\N,"{""aggregation_method"": ""quarterly_mean"", ""source_derivation_types"": [""O"", ""O"", ""O""], ""source_months"": [""2015-M10"", ""2015-M11"", ""2015-M12""], ""source_observation_count"": 3, ""source_series_dimensions"": {""ACCESS_SHARING_LEVEL"": ""PUBLIC_OPEN"", ""COICOP_1999"": ""_T"", ""COMMON_REFERENCE_PERIOD"": ""2018A"", ""COUNTRY"": ""QAT"", ""FREQUENCY"": ""M"", ""IFS_FLAG"": ""true"", ""INDEX_TYPE"": ""CPI"", ""OVERLAP"": ""OL"", ""SCALE"": ""0"", ""SECURITY_CLASSIFICATION"": ""PUB"", ""TYPE_OF_TRANSFORMATION"": ""IX""}}"
ROU,cpi_index_all_items_quarterly_imf,2015-Q1,quarterly,101.12600622810434,\N,derived,IMF_CPI,IMF|ACCESS_SHARING_LEVEL=PUBLIC_OPEN|COICOP_1999=_T|COMMON_REFERENCE_PERIOD=2015A|FREQUENCY=M|IFS_FLAG=true|INDEX_TYPE=CPI|OVERLAP=OL|SCALE=0|SECURITY_CLASSIFICATION=PUB|TYPE_OF_TRANSFORMATION=IX|aggregation=quarterly_mean,\N,"{""aggregation_method"": ""quarterly_mean"", ""source_derivation_types"": [""O"", ""O"", ""O""], ""source_months"": [""2015-M01"", ""2015-M02"", ""2015-M03""], ""source_observation_count"": 3, ""source_series_dimensions"": {""ACCESS_SHARING_LEVEL"": ""PUBLIC_OPEN"", ""COICOP_1999"": ""_T"", ""COMMON_REFERENCE_PERIOD"": ""2015A"", ""COUNTRY"": ""ROU"", ""FREQUENCY"": ""M"", ""IFS_FLAG"": ""true"", ""INDEX_TYPE"": ""CPI"", ""OVERLAP"": ""OL"", ""SCALE"": ""0"", ""SECURITY_CLASSIFICATION"": ""PUB"", ""TYPE_OF_TRANSFORMATION"": ""IX""}}"
ROU,cpi_index_all_items_quarterly_imf,2015-Q2,quarterly,100.95800354655967,\N,derived,IMF_CPI,IMF|ACCESS_SHARING_LEVEL=PUBLIC_OPEN|COICOP_1999=_T|COMMON_REFERENCE_PERIOD=2015A|FREQUENCY=M|IFS_FLAG=true|INDEX_TYPE=CPI|OVERLAP=OL|SCALE=0|SECURITY_CLASSIFICATION=PUB|TYPE_OF_TRANSFORMATION=IX|aggregation=quarterly_mean,\N,"{""aggregation_method"": ""quarterly_mean"", ""source_derivation_types"": [""O"", ""O"", ""O""], ""source_months"": [""2015-M04"", ""2015-M05"", ""2015-M06""], ""source_observation_count"": 3, ""source_series_dimensions"": {""ACCESS_SHARING_LEVEL"": ""PUBLIC_OPEN"", ""COICOP_1999"": ""_T"", ""COMMON_REFERENCE_PERIOD"": ""2015A"", ""COUNTRY"": ""ROU"", ""FREQUENCY"": ""M"", ""IFS_FLAG"": ""true"", ""INDEX_TYPE"": ""CPI"", ""OVERLAP"": ""OL"", ""SCALE"": ""0"", ""SECURITY_CLASSIFICATION"": ""PUB"", ""TYPE_OF_TRANSFORMATION"": ""IX""}}"
ROU,cpi_index_all_items_quarterly_imf,2015-Q3,quarterly,98.69415898966305,\N,derived,IMF_CPI,IMF|ACCESS_SHARING_LEVEL=PUBLIC_OPEN|COICOP_1999=_T|COMMON_REFERENCE_PERIOD=2015A|FREQUENCY=M|IFS_FLAG=true|INDEX_TYPE=CPI|OVERLAP=OL|SCALE=0|SECURITY_CLASSIFICATION=PUB|TYPE_OF_TRANSFORMATION=IX|aggregation=quarterly_mean,\N,"{""aggregation_method"": ""quarterly_mean"", ""source_derivation_types"": [""O"", ""O"", ""O""], ""source_months"": [""2015-M07"", ""2015-M08"", ""2015-M09""], ""source_observation_count"": 3, ""source_series_dimensions"": {""ACCESS_SHARING_LEVEL"": ""PUBLIC_OPEN"", ""COICOP_1999"": ""_T"", ""COMMON_REFERENCE_PERIOD"": ""2015A"", ""COUNTRY"": ""ROU"", ""FREQUENCY"": ""M"", ""IFS_FLAG"": ""true"", ""INDEX_TYPE"": ""CPI"", ""OVERLAP"": ""OL"", ""SCALE"": ""0"", ""SECURITY_CLASSIFICATION"": ""PUB"", ""TYPE_OF_TRANSFORMATION"": ""IX""}}"
ROU,cpi_index_all_items_quarterly_imf,2015-Q4,quarterly,99.2210051468362,\N,derived,IMF_CPI,IMF|ACCESS_SHARING_LEVEL=PUBLIC_OPEN|COICOP_1999=_T|COMMON_REFERENCE_PERIOD=2015A|FREQUENCY=M|IFS_FLAG=true|INDEX_TYPE=CPI|OVERLAP=OL|SCALE=0|SECURITY_CLASSIFICATION=PUB|TYPE_OF_TRANSFORMATION=IX|aggregation=quarterly_mean,\N,"{""aggregation_method"": ""quarterly_mean"", ""source_derivation_types"": [""O"", ""O"", ""O""], ""source_months"": [""2015-M10"", ""2015-M11"", ""2015-M12""], ""source_observation_count"": 3, ""source_series_dimensions"": {""ACCESS_SHARING_LEVEL"": ""PUBLIC_OPEN"", ""COICOP_1999"": ""_T"", ""COMMON_REFERENCE_PERIOD"": ""2015A"", ""COUNTRY"": ""ROU"", ""FREQUENCY"": ""M"", ""IFS_FLAG"": ""true"", ""INDEX_TYPE"": ""CPI"", ""OVERLAP"": ""OL"", ""SCALE"": ""0"", ""SECURITY_CLASSIFICATION"": ""PUB"", ""TYPE_OF_TRANSFORMATION"": ""IX""}}"
RUS,cpi_index_all_items_quarterly_imf,2015-Q1,quarterly,147.10746666666668,\N,derived,IMF_CPI,IMF|ACCESS_SHARING_LEVEL=PUBLIC_OPEN|COICOP_1999=_T|COMMON_REFERENCE_PERIOD=2010A|FREQUENCY=M|IFS_FLAG=true|INDEX_TYPE=CPI|OVERLAP=OL|SCALE=0|SECURITY_CLASSIFICATION=PUB|TYPE_OF_TRANSFORMATION=IX|aggregation=quarterly_mean,\N,"{""aggregation_method"": ""quarterly_mean"", ""source_derivation_types"": [""O"", ""O"", ""O""], ""source_months"": [""2015-M01"", ""2015-M02"", ""2015-M03""], ""source_observation_count"": 3, ""source_series_dimensions"": {""ACCESS_SHARING_LEVEL"": ""PUBLIC_OPEN"", ""COICOP_1999"": ""_T"", ""COMMON_REFERENCE_PERIOD"": ""2010A"", ""COUNTRY"": ""RUS"", ""FREQUENCY"": ""M"", ""IFS_FLAG"": ""true"", ""INDEX_TYPE"": ""CPI"", ""OVERLAP"": ""OL"", ""SCALE"": ""0"", ""SECURITY_CLASSIFICATION"": ""PUB"", ""TYPE_OF_TRANSFORMATION"": ""IX""}}"
RUS,cpi_index_all_items_quarterly_imf,2015-Q2,quarterly,150.49890000000002,\N,derived,IMF_CPI,IMF|ACCESS_SHARING_LEVEL=PUBLIC_OPEN|COICOP_1999=_T|COMMON_REFERENCE_PERIOD=2010A|FREQUENCY=M|IFS_FLAG=true|INDEX_TYPE=CPI|OVERLAP=OL|SCALE=0|SECURITY_CLASSIFICATION=PUB|TYPE_OF_TRANSFORMATION=IX|aggregation=quarterly_mean,\N,"{""aggregation_method"": ""quarterly_mean"", ""source_derivation_types"": [""O"", ""O"", ""O""], ""source_months"": [""2015-M04"", ""2015-M05"", ""2015-M06""], ""source_observation_count"": 3, ""source_series_dimensions"": {""ACCESS_SHARING_LEVEL"": ""PUBLIC_OPEN"", ""COICOP_1999"": ""_T"", ""COMMON_REFERENCE_PERIOD"": ""2010A"", ""COUNTRY"": ""RUS"", ""FREQUENCY"": ""M"", ""IFS_FLAG"": ""true"", ""INDEX_TYPE"": ""CPI"", ""OVERLAP"": ""OL"", ""SCALE"": ""0"", ""SECURITY_CLASSIFICATION"": ""PUB"", ""TYPE_OF_TRANSFORMATION"": ""IX""}}"
RUS,cpi_index_all_items_quarterly_imf,2015-Q3,quarterly,152.7164,\N,derived,IMF_CPI,IMF|ACCESS_SHARING_LEVEL=PUBLIC_OPEN|COICOP_1999=_T|COMMON_REFERENCE_PERIOD=2010A|FREQUENCY=M|IFS_FLAG=true|INDEX_TYPE=CPI|OVERLAP=OL|SCALE=0|SECURITY_CLASSIFICATION=PUB|TYPE_OF_TRANSFORMATION=IX|aggregation=quarterly_mean,\N,"{""aggregation_method"": ""quarterly_mean"", ""source_derivation_types"": [""O"", ""O"", ""O""], ""source_months"": [""2015-M07"", ""2015-M08"", ""2015-M09""], ""source_observation_count"": 3, ""source_series_dimensions"": {""ACCESS_SHARING_LEVEL"": ""PUBLIC_OPEN"", ""COICOP_1999"": ""_T"", ""COMMON_REFERENCE_PERIOD"": ""2010A"", ""COUNTRY"": ""RUS"", ""FREQUENCY"": ""M"", ""IFS_FLAG"": ""true"", ""INDEX_TYPE"": ""CPI"", ""OVERLAP"": ""OL"", ""SCALE"": ""0"", ""SECURITY_CLASSIFICATION"": ""PUB"", ""TYPE_OF_TRANSFORMATION"": ""IX""}}"
RUS,cpi_index_all_items_quarterly_imf,2015-Q4,quarterly,155.7822666666667,\N,derived,IMF_CPI,IMF|ACCESS_SHARING_LEVEL=PUBLIC_OPEN|COICOP_1999=_T|COMMON_REFERENCE_PERIOD=2010A|FREQUENCY=M|IFS_FLAG=true|INDEX_TYPE=CPI|OVERLAP=OL|SCALE=0|SECURITY_CLASSIFICATION=PUB|TYPE_OF_TRANSFORMATION=IX|aggregation=quarterly_mean,\N,"{""aggregation_method"": ""quarterly_mean"", ""source_derivation_types"": [""O"", ""O"", ""O""], ""source_months"": [""2015-M10"", ""2015-M11"", ""2015-M12""], ""source_observation_count"": 3, ""source_series_dimensions"": {""ACCESS_SHARING_LEVEL"": ""PUBLIC_OPEN"", ""COICOP_1999"": ""_T"", ""COMMON_REFERENCE_PERIOD"": ""2010A"", ""COUNTRY"": ""RUS"", ""FREQUENCY"": ""M"", ""IFS_FLAG"": ""true"", ""INDEX_TYPE"": ""CPI"", ""OVERLAP"": ""OL"", ""SCALE"": ""0"", ""SECURITY_CLASSIFICATION"": ""PUB"", ""TYPE_OF_TRANSFORMATION"": ""IX""}}"
RWA,cpi_index_all_items_quarterly_imf,2015-Q1,quarterly,100.47838747328997,\N,derived,IMF_CPI,IMF|ACCESS_SHARING_LEVEL=PUBLIC_OPEN|COICOP_1999=_T|COMMON_REFERENCE_PERIOD=2014M2|FREQUENCY=M|IFS_FLAG=true|INDEX_TYPE=CPI|OVERLAP=OL|SCALE=0|SECURITY_CLASSIFICATION=PUB|TYPE_OF_TRANSFORMATION=IX|aggregation=quarterly_mean,\N,"{""aggregation_method"": ""quarterly_mean"", ""source_derivation_types"": [""O"", ""O"", ""O""], ""source_months"": [""2015-M01"", ""2015-M02"", ""2015-M03""], ""source_observation_count"": 3, ""source_series_dimensions"": {""ACCESS_SHARING_LEVEL"": ""PUBLIC_OPEN"", ""COICOP_1999"": ""_T"", ""COMMON_REFERENCE_PERIOD"": ""2014M2"", ""COUNTRY"": ""RWA"", ""FREQUENCY"": ""M"", ""IFS_FLAG"": ""true"", ""INDEX_TYPE"": ""CPI"", ""OVERLAP"": ""OL"", ""SCALE"": ""0"", ""SECURITY_CLASSIFICATION"": ""PUB"", ""TYPE_OF_TRANSFORMATION"": ""IX""}}"
RWA,cpi_index_all_items_quarterly_imf,2015-Q2,quarterly,103.93451506749066,\N,derived,IMF_CPI,IMF|ACCESS_SHARING_LEVEL=PUBLIC_OPEN|COICOP_1999=_T|COMMON_REFERENCE_PERIOD=2014M2|FREQUENCY=M|IFS_FLAG=true|INDEX_TYPE=CPI|OVERLAP=OL|SCALE=0|SECURITY_CLASSIFICATION=PUB|TYPE_OF_TRANSFORMATION=IX|aggregation=quarterly_mean,\N,"{""aggregation_method"": ""quarterly_mean"", ""source_derivation_types"": [""O"", ""O"", ""O""], ""source_months"": [""2015-M04"", ""2015-M05"", ""2015-M06""], ""source_observation_count"": 3, ""source_series_dimensions"": {""ACCESS_SHARING_LEVEL"": ""PUBLIC_OPEN"", ""COICOP_1999"": ""_T"", ""COMMON_REFERENCE_PERIOD"": ""2014M2"", ""COUNTRY"": ""RWA"", ""FREQUENCY"": ""M"", ""IFS_FLAG"": ""true"", ""INDEX_TYPE"": ""CPI"", ""OVERLAP"": ""OL"", ""SCALE"": ""0"", ""SECURITY_CLASSIFICATION"": ""PUB"", ""TYPE_OF_TRANSFORMATION"": ""IX""}}"
RWA,cpi_index_all_items_quarterly_imf,2015-Q3,quarterly,105.07047035793401,\N,derived,IMF_CPI,IMF|ACCESS_SHARING_LEVEL=PUBLIC_OPEN|COICOP_1999=_T|COMMON_REFERENCE_PERIOD=2014M2|FREQUENCY=M|IFS_FLAG=true|INDEX_TYPE=CPI|OVERLAP=OL|SCALE=0|SECURITY_CLASSIFICATION=PUB|TYPE_OF_TRANSFORMATION=IX|aggregation=quarterly_mean,\N,"{""aggregation_method"": ""quarterly_mean"", ""source_derivation_types"": [""O"", ""O"", ""O""], ""source_months"": [""2015-M07"", ""2015-M08"", ""2015-M09""], ""source_observation_count"": 3, ""source_series_dimensions"": {""ACCESS_SHARING_LEVEL"": ""PUBLIC_OPEN"", ""COICOP_1999"": ""_T"", ""COMMON_REFERENCE_PERIOD"": ""2014M2"", ""COUNTRY"": ""RWA"", ""FREQUENCY"": ""M"", ""IFS_FLAG"": ""true"", ""INDEX_TYPE"": ""CPI"", ""OVERLAP"": ""OL"", ""SCALE"": ""0"", ""SECURITY_CLASSIFICATION"": ""PUB"", ""TYPE_OF_TRANSFORMATION"": ""IX""}}"
RWA,cpi_index_all_items_quarterly_imf,2015-Q4,quarterly,108.13384021127666,\N,derived,IMF_CPI,IMF|ACCESS_SHARING_LEVEL=PUBLIC_OPEN|COICOP_1999=_T|COMMON_REFERENCE_PERIOD=2014M2|FREQUENCY=M|IFS_FLAG=true|INDEX_TYPE=CPI|OVERLAP=OL|SCALE=0|SECURITY_CLASSIFICATION=PUB|TYPE_OF_TRANSFORMATION=IX|aggregation=quarterly_mean,\N,"{""aggregation_method"": ""quarterly_mean"", ""source_derivation_types"": [""O"", ""O"", ""O""], ""source_months"": [""2015-M10"", ""2015-M11"", ""2015-M12""], ""source_observation_count"": 3, ""source_series_dimensions"": {""ACCESS_SHARING_LEVEL"": ""PUBLIC_OPEN"", ""COICOP_1999"": ""_T"", ""COMMON_REFERENCE_PERIOD"": ""2014M2"", ""COUNTRY"": ""RWA"", ""FREQUENCY"": ""M"", ""IFS_FLAG"": ""true"", ""INDEX_TYPE"": ""CPI"", ""OVERLAP"": ""OL"", ""SCALE"": ""0"", ""SECURITY_CLASSIFICATION"": ""PUB"", ""TYPE_OF_TRANSFORMATION"": ""IX""}}"
SAU,cpi_index_all_items_quarterly_imf,2015-Q1,quarterly,86.99589666666667,\N,derived,IMF_CPI,IMF|ACCESS_SHARING_LEVEL=PUBLIC_OPEN|COICOP_1999=_T|COMMON_REFERENCE_PERIOD=2023A|FREQUENCY=M|IFS_FLAG=true|INDEX_TYPE=CPI|OVERLAP=OL|SCALE=0|SECURITY_CLASSIFICATION=PUB|TYPE_OF_TRANSFORMATION=IX|aggregation=quarterly_mean,\N,"{""aggregation_method"": ""quarterly_mean"", ""source_derivation_types"": [""O"", ""O"", ""O""], ""source_months"": [""2015-M01"", ""2015-M02"", ""2015-M03""], ""source_observation_count"": 3, ""source_series_dimensions"": {""ACCESS_SHARING_LEVEL"": ""PUBLIC_OPEN"", ""COICOP_1999"": ""_T"", ""COMMON_REFERENCE_PERIOD"": ""2023A"", ""COUNTRY"": ""SAU"", ""FREQUENCY"": ""M"", ""IFS_FLAG"": ""true"", ""INDEX_TYPE"": ""CPI"", ""OVERLAP"": ""OL"", ""SCALE"": ""0"", ""SECURITY_CLASSIFICATION"": ""PUB"", ""TYPE_OF_TRANSFORMATION"": ""IX""}}"
SAU,cpi_index_all_items_quarterly_imf,2015-Q2,quarterly,87.21052333333334,\N,derived,IMF_CPI,IMF|ACCESS_SHARING_LEVEL=PUBLIC_OPEN|COICOP_1999=_T|COMMON_REFERENCE_PERIOD=2023A|FREQUENCY=M|IFS_FLAG=true|INDEX_TYPE=CPI|OVERLAP=OL|SCALE=0|SECURITY_CLASSIFICATION=PUB|TYPE_OF_TRANSFORMATION=IX|aggregation=quarterly_mean,\N,"{""aggregation_method"": ""quarterly_mean"", ""source_derivation_types"": [""O"", ""O"", ""O""], ""source_months"": [""2015-M04"", ""2015-M05"", ""2015-M06""], ""source_observation_count"": 3, ""source_series_dimensions"": {""ACCESS_SHARING_LEVEL"": ""PUBLIC_OPEN"", ""COICOP_1999"": ""_T"", ""COMMON_REFERENCE_PERIOD"": ""2023A"", ""COUNTRY"": ""SAU"", ""FREQUENCY"": ""M"", ""IFS_FLAG"": ""true"", ""INDEX_TYPE"": ""CPI"", ""OVERLAP"": ""OL"", ""SCALE"": ""0"", ""SECURITY_CLASSIFICATION"": ""PUB"", ""TYPE_OF_TRANSFORMATION"": ""IX""}}"
SAU,cpi_index_all_items_quarterly_imf,2015-Q3,quarterly,87.38222666666667,\N,derived,IMF_CPI,IMF|ACCESS_SHARING_LEVEL=PUBLIC_OPEN|COICOP_1999=_T|COMMON_REFERENCE_PERIOD=2023A|FREQUENCY=M|IFS_FLAG=true|INDEX_TYPE=CPI|OVERLAP=OL|SCALE=0|SECURITY_CLASSIFICATION=PUB|TYPE_OF_TRANSFORMATION=IX|aggregation=quarterly_mean,\N,"{""aggregation_method"": ""quarterly_mean"", ""source_derivation_types"": [""O"", ""O"", ""O""], ""source_months"": [""2015-M07"", ""2015-M08"", ""2015-M09""], ""source_observation_count"": 3, ""source_series_dimensions"": {""ACCESS_SHARING_LEVEL"": ""PUBLIC_OPEN"", ""COICOP_1999"": ""_T"", ""COMMON_REFERENCE_PERIOD"": ""2023A"", ""COUNTRY"": ""SAU"", ""FREQUENCY"": ""M"", ""IFS_FLAG"": ""true"", ""INDEX_TYPE"": ""CPI"", ""OVERLAP"": ""OL"", ""SCALE"": ""0"", ""SECURITY_CLASSIFICATION"": ""PUB"", ""TYPE_OF_TRANSFORMATION"": ""IX""}}"
SAU,cpi_index_all_items_quarterly_imf,2015-Q4,quarterly,87.64904666666666,\N,derived,IMF_CPI,IMF|ACCESS_SHARING_LEVEL=PUBLIC_OPEN|COICOP_1999=_T|COMMON_REFERENCE_PERIOD=2023A|FREQUENCY=M|IFS_FLAG=true|INDEX_TYPE=CPI|OVERLAP=OL|SCALE=0|SECURITY_CLASSIFICATION=PUB|TYPE_OF_TRANSFORMATION=IX|aggregation=quarterly_mean,\N,"{""aggregation_method"": ""quarterly_mean"", ""source_derivation_types"": [""O"", ""O"", ""O""], ""source_months"": [""2015-M10"", ""2015-M11"", ""2015-M12""], ""source_observation_count"": 3, ""source_series_dimensions"": {""ACCESS_SHARING_LEVEL"": ""PUBLIC_OPEN"", ""COICOP_1999"": ""_T"", ""COMMON_REFERENCE_PERIOD"": ""2023A"", ""COUNTRY"": ""SAU"", ""FREQUENCY"": ""M"", ""IFS_FLAG"": ""true"", ""INDEX_TYPE"": ""CPI"", ""OVERLAP"": ""OL"", ""SCALE"": ""0"", ""SECURITY_CLASSIFICATION"": ""PUB"", ""TYPE_OF_TRANSFORMATION"": ""IX""}}"
SDN,cpi_index_all_items_quarterly_imf,2015-Q1,quarterly,475.9598171069893,\N,derived,IMF_CPI,IMF|ACCESS_SHARING_LEVEL=PUBLIC_OPEN|COICOP_1999=_T|COMMON_REFERENCE_PERIOD=2007A|FREQUENCY=M|IFS_FLAG=true|INDEX_TYPE=CPI|OVERLAP=OL|SCALE=0|SECURITY_CLASSIFICATION=PUB|TYPE_OF_TRANSFORMATION=IX|aggregation=quarterly_mean,\N,"{""aggregation_method"": ""quarterly_mean"", ""source_derivation_types"": [""O"", ""O"", ""O""], ""source_months"": [""2015-M01"", ""2015-M02"", ""2015-M03""], ""source_observation_count"": 3, ""source_series_dimensions"": {""ACCESS_SHARING_LEVEL"": ""PUBLIC_OPEN"", ""COICOP_1999"": ""_T"", ""COMMON_REFERENCE_PERIOD"": ""2007A"", ""COUNTRY"": ""SDN"", ""FREQUENCY"": ""M"", ""IFS_FLAG"": ""true"", ""INDEX_TYPE"": ""CPI"", ""OVERLAP"": ""OL"", ""SCALE"": ""0"", ""SECURITY_CLASSIFICATION"": ""PUB"", ""TYPE_OF_TRANSFORMATION"": ""IX""}}"
SDN,cpi_index_all_items_quarterly_imf,2015-Q2,quarterly,494.205844862588,\N,derived,IMF_CPI,IMF|ACCESS_SHARING_LEVEL=PUBLIC_OPEN|COICOP_1999=_T|COMMON_REFERENCE_PERIOD=2007A|FREQUENCY=M|IFS_FLAG=true|INDEX_TYPE=CPI|OVERLAP=OL|SCALE=0|SECURITY_CLASSIFICATION=PUB|TYPE_OF_TRANSFORMATION=IX|aggregation=quarterly_mean,\N,"{""aggregation_method"": ""quarterly_mean"", ""source_derivation_types"": [""O"", ""O"", ""O""], ""source_months"": [""2015-M04"", ""2015-M05"", ""2015-M06""], ""source_observation_count"": 3, ""source_series_dimensions"": {""ACCESS_SHARING_LEVEL"": ""PUBLIC_OPEN"", ""COICOP_1999"": ""_T"", ""COMMON_REFERENCE_PERIOD"": ""2007A"", ""COUNTRY"": ""SDN"", ""FREQUENCY"": ""M"", ""IFS_FLAG"": ""true"", ""INDEX_TYPE"": ""CPI"", ""OVERLAP"": ""OL"", ""SCALE"": ""0"", ""SECURITY_CLASSIFICATION"": ""PUB"", ""TYPE_OF_TRANSFORMATION"": ""IX""}}"
SDN,cpi_index_all_items_quarterly_imf,2015-Q3,quarterly,516.1540615566433,\N,derived,IMF_CPI,IMF|ACCESS_SHARING_LEVEL=PUBLIC_OPEN|COICOP_1999=_T|COMMON_REFERENCE_PERIOD=2007A|FREQUENCY=M|IFS_FLAG=true|INDEX_TYPE=CPI|OVERLAP=OL|SCALE=0|SECURITY_CLASSIFICATION=PUB|TYPE_OF_TRANSFORMATION=IX|aggregation=quarterly_mean,\N,"{""aggregation_method"": ""quarterly_mean"", ""source_derivation_types"": [""O"", ""O"", ""O""], ""source_months"": [""2015-M07"", ""2015-M08"", ""2015-M09""], ""source_observation_count"": 3, ""source_series_dimensions"": {""ACCESS_SHARING_LEVEL"": ""PUBLIC_OPEN"", ""COICOP_1999"": ""_T"", ""COMMON_REFERENCE_PERIOD"": ""2007A"", ""COUNTRY"": ""SDN"", ""FREQUENCY"": ""M"", ""IFS_FLAG"": ""true"", ""INDEX_TYPE"": ""CPI"", ""OVERLAP"": ""OL"", ""SCALE"": ""0"", ""SECURITY_CLASSIFICATION"": ""PUB"", ""TYPE_OF_TRANSFORMATION"": ""IX""}}"
SDN,cpi_index_all_items_quarterly_imf,2015-Q4,quarterly,523.7855469904894,\N,derived,IMF_CPI,IMF|ACCESS_SHARING_LEVEL=PUBLIC_OPEN|COICOP_1999=_T|COMMON_REFERENCE_PERIOD=2007A|FREQUENCY=M|IFS_FLAG=true|INDEX_TYPE=CPI|OVERLAP=OL|SCALE=0|SECURITY_CLASSIFICATION=PUB|TYPE_OF_TRANSFORMATION=IX|aggregation=quarterly_mean,\N,"{""aggregation_method"": ""quarterly_mean"", ""source_derivation_types"": [""O"", ""O"", ""O""], ""source_months"": [""2015-M10"", ""2015-M11"", ""2015-M12""], ""source_observation_count"": 3, ""source_series_dimensions"": {""ACCESS_SHARING_LEVEL"": ""PUBLIC_OPEN"", ""COICOP_1999"": ""_T"", ""COMMON_REFERENCE_PERIOD"": ""2007A"", ""COUNTRY"": ""SDN"", ""FREQUENCY"": ""M"", ""IFS_FLAG"": ""true"", ""INDEX_TYPE"": ""CPI"", ""OVERLAP"": ""OL"", ""SCALE"": ""0"", ""SECURITY_CLASSIFICATION"": ""PUB"", ""TYPE_OF_TRANSFORMATION"": ""IX""}}"
SEN,cpi_index_all_items_quarterly_imf,2015-Q1,quarterly,77.46897528879917,\N,derived,IMF_CPI,IMF|ACCESS_SHARING_LEVEL=PUBLIC_OPEN|COICOP_1999=_T|COMMON_REFERENCE_PERIOD=2023A|FREQUENCY=M|IFS_FLAG=true|INDEX_TYPE=CPI|OVERLAP=OL|SCALE=0|SECURITY_CLASSIFICATION=PUB|TYPE_OF_TRANSFORMATION=IX|aggregation=quarterly_mean,\N,"{""aggregation_method"": ""quarterly_mean"", ""source_derivation_types"": [""O"", ""O"", ""O""], ""source_months"": [""2015-M01"", ""2015-M02"", ""2015-M03""], ""source_observation_count"": 3, ""source_series_dimensions"": {""ACCESS_SHARING_LEVEL"": ""PUBLIC_OPEN"", ""COICOP_1999"": ""_T"", ""COMMON_REFERENCE_PERIOD"": ""2023A"", ""COUNTRY"": ""SEN"", ""FREQUENCY"": ""M"", ""IFS_FLAG"": ""true"", ""INDEX_TYPE"": ""CPI"", ""OVERLAP"": ""OL"", ""SCALE"": ""0"", ""SECURITY_CLASSIFICATION"": ""PUB"", ""TYPE_OF_TRANSFORMATION"": ""IX""}}"
SEN,cpi_index_all_items_quarterly_imf,2015-Q2,quarterly,77.34239613241736,\N,derived,IMF_CPI,IMF|ACCESS_SHARING_LEVEL=PUBLIC_OPEN|COICOP_1999=_T|COMMON_REFERENCE_PERIOD=2023A|FREQUENCY=M|IFS_FLAG=true|INDEX_TYPE=CPI|OVERLAP=OL|SCALE=0|SECURITY_CLASSIFICATION=PUB|TYPE_OF_TRANSFORMATION=IX|aggregation=quarterly_mean,\N,"{""aggregation_method"": ""quarterly_mean"", ""source_derivation_types"": [""O"", ""O"", ""O""], ""source_months"": [""2015-M04"", ""2015-M05"", ""2015-M06""], ""source_observation_count"": 3, ""source_series_dimensions"": {""ACCESS_SHARING_LEVEL"": ""PUBLIC_OPEN"", ""COICOP_1999"": ""_T"", ""COMMON_REFERENCE_PERIOD"": ""2023A"", ""COUNTRY"": ""SEN"", ""FREQUENCY"": ""M"", ""IFS_FLAG"": ""true"", ""INDEX_TYPE"": ""CPI"", ""OVERLAP"": ""OL"", ""SCALE"": ""0"", ""SECURITY_CLASSIFICATION"": ""PUB"", ""TYPE_OF_TRANSFORMATION"": ""IX""}}"
SEN,cpi_index_all_items_quarterly_imf,2015-Q3,quarterly,79.12716223740098,\N,derived,IMF_CPI,IMF|ACCESS_SHARING_LEVEL=PUBLIC_OPEN|COICOP_1999=_T|COMMON_REFERENCE_PERIOD=2023A|FREQUENCY=M|IFS_FLAG=true|INDEX_TYPE=CPI|OVERLAP=OL|SCALE=0|SECURITY_CLASSIFICATION=PUB|TYPE_OF_TRANSFORMATION=IX|aggregation=quarterly_mean,\N,"{""aggregation_method"": ""quarterly_mean"", ""source_derivation_types"": [""O"", ""O"", ""O""], ""source_months"": [""2015-M07"", ""2015-M08"", ""2015-M09""], ""source_observation_count"": 3, ""source_series_dimensions"": {""ACCESS_SHARING_LEVEL"": ""PUBLIC_OPEN"", ""COICOP_1999"": ""_T"", ""COMMON_REFERENCE_PERIOD"": ""2023A"", ""COUNTRY"": ""SEN"", ""FREQUENCY"": ""M"", ""IFS_FLAG"": ""true"", ""INDEX_TYPE"": ""CPI"", ""OVERLAP"": ""OL"", ""SCALE"": ""0"", ""SECURITY_CLASSIFICATION"": ""PUB"", ""TYPE_OF_TRANSFORMATION"": ""IX""}}"
SEN,cpi_index_all_items_quarterly_imf,2015-Q4,quarterly,80.51193820821806,\N,derived,IMF_CPI,IMF|ACCESS_SHARING_LEVEL=PUBLIC_OPEN|COICOP_1999=_T|COMMON_REFERENCE_PERIOD=2023A|FREQUENCY=M|IFS_FLAG=true|INDEX_TYPE=CPI|OVERLAP=OL|SCALE=0|SECURITY_CLASSIFICATION=PUB|TYPE_OF_TRANSFORMATION=IX|aggregation=quarterly_mean,\N,"{""aggregation_method"": ""quarterly_mean"", ""source_derivation_types"": [""O"", ""O"", ""O""], ""source_months"": [""2015-M10"", ""2015-M11"", ""2015-M12""], ""source_observation_count"": 3, ""source_series_dimensions"": {""ACCESS_SHARING_LEVEL"": ""PUBLIC_OPEN"", ""COICOP_1999"": ""_T"", ""COMMON_REFERENCE_PERIOD"": ""2023A"", ""COUNTRY"": ""SEN"", ""FREQUENCY"": ""M"", ""IFS_FLAG"": ""true"", ""INDEX_TYPE"": ""CPI"", ""OVERLAP"": ""OL"", ""SCALE"": ""0"", ""SECURITY_CLASSIFICATION"": ""PUB"", ""TYPE_OF_TRANSFORMATION"": ""IX""}}"
SGP,cpi_index_all_items_quarterly_imf,2015-Q1,quarterly,85.29966666666667,\N,derived,IMF_CPI,IMF|ACCESS_SHARING_LEVEL=PUBLIC_OPEN|COICOP_1999=_T|COMMON_REFERENCE_PERIOD=2024A|FREQUENCY=M|IFS_FLAG=true|INDEX_TYPE=CPI|OVERLAP=OL|SCALE=0|SECURITY_CLASSIFICATION=PUB|TYPE_OF_TRANSFORMATION=IX|aggregation=quarterly_mean,\N,"{""aggregation_method"": ""quarterly_mean"", ""source_derivation_types"": [""O"", ""O"", ""O""], ""source_months"": [""2015-M01"", ""2015-M02"", ""2015-M03""], ""source_observation_count"": 3, ""source_series_dimensions"": {""ACCESS_SHARING_LEVEL"": ""PUBLIC_OPEN"", ""COICOP_1999"": ""_T"", ""COMMON_REFERENCE_PERIOD"": ""2024A"", ""COUNTRY"": ""SGP"", ""FREQUENCY"": ""M"", ""IFS_FLAG"": ""true"", ""INDEX_TYPE"": ""CPI"", ""OVERLAP"": ""OL"", ""SCALE"": ""0"", ""SECURITY_CLASSIFICATION"": ""PUB"", ""TYPE_OF_TRANSFORMATION"": ""IX""}}"
SGP,cpi_index_all_items_quarterly_imf,2015-Q2,quarterly,85.15733333333334,\N,derived,IMF_CPI,IMF|ACCESS_SHARING_LEVEL=PUBLIC_OPEN|COICOP_1999=_T|COMMON_REFERENCE_PERIOD=2024A|FREQUENCY=M|IFS_FLAG=true|INDEX_TYPE=CPI|OVERLAP=OL|SCALE=0|SECURITY_CLASSIFICATION=PUB|TYPE_OF_TRANSFORMATION=IX|aggregation=quarterly_mean,\N,"{""aggregation_method"": ""quarterly_mean"", ""source_derivation_types"": [""O"", ""O"", ""O""], ""source_months"": [""2015-M04"", ""2015-M05"", ""2015-M06""], ""source_observation_count"": 3, ""source_series_dimensions"": {""ACCESS_SHARING_LEVEL"": ""PUBLIC_OPEN"", ""COICOP_1999"": ""_T"", ""COMMON_REFERENCE_PERIOD"": ""2024A"", ""COUNTRY"": ""SGP"", ""FREQUENCY"": ""M"", ""IFS_FLAG"": ""true"", ""INDEX_TYPE"": ""CPI"", ""OVERLAP"": ""OL"", ""SCALE"": ""0"", ""SECURITY_CLASSIFICATION"": ""PUB"", ""TYPE_OF_TRANSFORMATION"": ""IX""}}"
SGP,cpi_index_all_items_quarterly_imf,2015-Q3,quarterly,84.97533333333332,\N,derived,IMF_CPI,IMF|ACCESS_SHARING_LEVEL=PUBLIC_OPEN|COICOP_1999=_T|COMMON_REFERENCE_PERIOD=2024A|FREQUENCY=M|IFS_FLAG=true|INDEX_TYPE=CPI|OVERLAP=OL|SCALE=0|SECURITY_CLASSIFICATION=PUB|TYPE_OF_TRANSFORMATION=IX|aggregation=quarterly_mean,\N,"{""aggregation_method"": ""quarterly_mean"", ""source_derivation_types"": [""O"", ""O"", ""O""], ""source_months"": [""2015-M07"", ""2015-M08"", ""2015-M09""], ""source_observation_count"": 3, ""source_series_dimensions"": {""ACCESS_SHARING_LEVEL"": ""PUBLIC_OPEN"", ""COICOP_1999"": ""_T"", ""COMMON_REFERENCE_PERIOD"": ""2024A"", ""COUNTRY"": ""SGP"", ""FREQUENCY"": ""M"", ""IFS_FLAG"": ""true"", ""INDEX_TYPE"": ""CPI"", ""OVERLAP"": ""OL"", ""SCALE"": ""0"", ""SECURITY_CLASSIFICATION"": ""PUB"", ""TYPE_OF_TRANSFORMATION"": ""IX""}}"
SGP,cpi_index_all_items_quarterly_imf,2015-Q4,quarterly,84.75266666666667,\N,derived,IMF_CPI,IMF|ACCESS_SHARING_LEVEL=PUBLIC_OPEN|COICOP_1999=_T|COMMON_REFERENCE_PERIOD=2024A|FREQUENCY=M|IFS_FLAG=true|INDEX_TYPE=CPI|OVERLAP=OL|SCALE=0|SECURITY_CLASSIFICATION=PUB|TYPE_OF_TRANSFORMATION=IX|aggregation=quarterly_mean,\N,"{""aggregation_method"": ""quarterly_mean"", ""source_derivation_types"": [""O"", ""O"", ""O""], ""source_months"": [""2015-M10"", ""2015-M11"", ""2015-M12""], ""source_observation_count"": 3, ""source_series_dimensions"": {""ACCESS_SHARING_LEVEL"": ""PUBLIC_OPEN"", ""COICOP_1999"": ""_T"", ""COMMON_REFERENCE_PERIOD"": ""2024A"", ""COUNTRY"": ""SGP"", ""FREQUENCY"": ""M"", ""IFS_FLAG"": ""true"", ""INDEX_TYPE"": ""CPI"", ""OVERLAP"": ""OL"", ""SCALE"": ""0"", ""SECURITY_CLASSIFICATION"": ""PUB"", ""TYPE_OF_TRANSFORMATION"": ""IX""}}"
SLB,cpi_index_all_items_quarterly_imf,2015-Q1,quarterly,97.44344458987784,\N,derived,IMF_CPI,IMF|ACCESS_SHARING_LEVEL=PUBLIC_OPEN|COICOP_1999=_T|COMMON_REFERENCE_PERIOD=2017A|FREQUENCY=M|IFS_FLAG=true|INDEX_TYPE=CPI|OVERLAP=OL|SCALE=0|SECURITY_CLASSIFICATION=PUB|TYPE_OF_TRANSFORMATION=IX|aggregation=quarterly_mean,\N,"{""aggregation_method"": ""quarterly_mean"", ""source_derivation_types"": [""O"", ""O"", ""O""], ""source_months"": [""2015-M01"", ""2015-M02"", ""2015-M03""], ""source_observation_count"": 3, ""source_series_dimensions"": {""ACCESS_SHARING_LEVEL"": ""PUBLIC_OPEN"", ""COICOP_1999"": ""_T"", ""COMMON_REFERENCE_PERIOD"": ""2017A"", ""COUNTRY"": ""SLB"", ""FREQUENCY"": ""M"", ""IFS_FLAG"": ""true"", ""INDEX_TYPE"": ""CPI"", ""OVERLAP"": ""OL"", ""SCALE"": ""0"", ""SECURITY_CLASSIFICATION"": ""PUB"", ""TYPE_OF_TRANSFORMATION"": ""IX""}}"
SLB,cpi_index_all_items_quarterly_imf,2015-Q2,quarterly,97.50529559336825,\N,derived,IMF_CPI,IMF|ACCESS_SHARING_LEVEL=PUBLIC_OPEN|COICOP_1999=_T|COMMON_REFERENCE_PERIOD=2017A|FREQUENCY=M|IFS_FLAG=true|INDEX_TYPE=CPI|OVERLAP=OL|SCALE=0|SECURITY_CLASSIFICATION=PUB|TYPE_OF_TRANSFORMATION=IX|aggregation=quarterly_mean,\N,"{""aggregation_method"": ""quarterly_mean"", ""source_derivation_types"": [""O"", ""O"", ""O""], ""source_months"": [""2015-M04"", ""2015-M05"", ""2015-M06""], ""source_observation_count"": 3, ""source_series_dimensions"": {""ACCESS_SHARING_LEVEL"": ""PUBLIC_OPEN"", ""COICOP_1999"": ""_T"", ""COMMON_REFERENCE_PERIOD"": ""2017A"", ""COUNTRY"": ""SLB"", ""FREQUENCY"": ""M"", ""IFS_FLAG"": ""true"", ""INDEX_TYPE"": ""CPI"", ""OVERLAP"": ""OL"", ""SCALE"": ""0"", ""SECURITY_CLASSIFICATION"": ""PUB"", ""TYPE_OF_TRANSFORMATION"": ""IX""}}"
SLB,cpi_index_all_items_quarterly_imf,2015-Q3,quarterly,100.27734511343806,\N,derived,IMF_CPI,IMF|ACCESS_SHARING_LEVEL=PUBLIC_OPEN|COICOP_1999=_T|COMMON_REFERENCE_PERIOD=2017A|FREQUENCY=M|IFS_FLAG=true|INDEX_TYPE=CPI|OVERLAP=OL|SCALE=0|SECURITY_CLASSIFICATION=PUB|TYPE_OF_TRANSFORMATION=IX|aggregation=quarterly_mean,\N,"{""aggregation_method"": ""quarterly_mean"", ""source_derivation_types"": [""O"", ""O"", ""O""], ""source_months"": [""2015-M07"", ""2015-M08"", ""2015-M09""], ""source_observation_count"": 3, ""source_series_dimensions"": {""ACCESS_SHARING_LEVEL"": ""PUBLIC_OPEN"", ""COICOP_1999"": ""_T"", ""COMMON_REFERENCE_PERIOD"": ""2017A"", ""COUNTRY"": ""SLB"", ""FREQUENCY"": ""M"", ""IFS_FLAG"": ""true"", ""INDEX_TYPE"": ""CPI"", ""OVERLAP"": ""OL"", ""SCALE"": ""0"", ""SECURITY_CLASSIFICATION"": ""PUB"", ""TYPE_OF_TRANSFORMATION"": ""IX""}}"
SLB,cpi_index_all_items_quarterly_imf,2015-Q4,quarterly,100.85087260034906,\N,derived,IMF_CPI,IMF|ACCESS_SHARING_LEVEL=PUBLIC_OPEN|COICOP_1999=_T|COMMON_REFERENCE_PERIOD=2017A|FREQUENCY=M|IFS_FLAG=true|INDEX_TYPE=CPI|OVERLAP=OL|SCALE=0|SECURITY_CLASSIFICATION=PUB|TYPE_OF_TRANSFORMATION=IX|aggregation=quarterly_mean,\N,"{""aggregation_method"": ""quarterly_mean"", ""source_derivation_types"": [""O"", ""O"", ""O""], ""source_months"": [""2015-M10"", ""2015-M11"", ""2015-M12""], ""source_observation_count"": 3, ""source_series_dimensions"": {""ACCESS_SHARING_LEVEL"": ""PUBLIC_OPEN"", ""COICOP_1999"": ""_T"", ""COMMON_REFERENCE_PERIOD"": ""2017A"", ""COUNTRY"": ""SLB"", ""FREQUENCY"": ""M"", ""IFS_FLAG"": ""true"", ""INDEX_TYPE"": ""CPI"", ""OVERLAP"": ""OL"", ""SCALE"": ""0"", ""SECURITY_CLASSIFICATION"": ""PUB"", ""TYPE_OF_TRANSFORMATION"": ""IX""}}"
SLE,cpi_index_all_items_quarterly_imf,2015-Q1,quarterly,40.919999999999995,\N,derived,IMF_CPI,IMF|ACCESS_SHARING_LEVEL=PUBLIC_OPEN|COICOP_1999=_T|COMMON_REFERENCE_PERIOD=2021M12|FREQUENCY=M|IFS_FLAG=true|INDEX_TYPE=CPI|OVERLAP=OL|SCALE=0|SECURITY_CLASSIFICATION=PUB|TYPE_OF_TRANSFORMATION=IX|aggregation=quarterly_mean,\N,"{""aggregation_method"": ""quarterly_mean"", ""source_derivation_types"": [""O"", ""O"", ""O""], ""source_months"": [""2015-M01"", ""2015-M02"", ""2015-M03""], ""source_observation_count"": 3, ""source_series_dimensions"": {""ACCESS_SHARING_LEVEL"": ""PUBLIC_OPEN"", ""COICOP_1999"": ""_T"", ""COMMON_REFERENCE_PERIOD"": ""2021M12"", ""COUNTRY"": ""SLE"", ""FREQUENCY"": ""M"", ""IFS_FLAG"": ""true"", ""INDEX_TYPE"": ""CPI"", ""OVERLAP"": ""OL"", ""SCALE"": ""0"", ""SECURITY_CLASSIFICATION"": ""PUB"", ""TYPE_OF_TRANSFORMATION"": ""IX""}}"
SLE,cpi_index_all_items_quarterly_imf,2015-Q2,quarterly,41.78666666666666,\N,derived,IMF_CPI,IMF|ACCESS_SHARING_LEVEL=PUBLIC_OPEN|COICOP_1999=_T|COMMON_REFERENCE_PERIOD=2021M12|FREQUENCY=M|IFS_FLAG=true|INDEX_TYPE=CPI|OVERLAP=OL|SCALE=0|SECURITY_CLASSIFICATION=PUB|TYPE_OF_TRANSFORMATION=IX|aggregation=quarterly_mean,\N,"{""aggregation_method"": ""quarterly_mean"", ""source_derivation_types"": [""O"", ""O"", ""O""], ""source_months"": [""2015-M04"", ""2015-M05"", ""2015-M06""], ""source_observation_count"": 3, ""source_series_dimensions"": {""ACCESS_SHARING_LEVEL"": ""PUBLIC_OPEN"", ""COICOP_1999"": ""_T"", ""COMMON_REFERENCE_PERIOD"": ""2021M12"", ""COUNTRY"": ""SLE"", ""FREQUENCY"": ""M"", ""IFS_FLAG"": ""true"", ""INDEX_TYPE"": ""CPI"", ""OVERLAP"": ""OL"", ""SCALE"": ""0"", ""SECURITY_CLASSIFICATION"": ""PUB"", ""TYPE_OF_TRANSFORMATION"": ""IX""}}"
SLE,cpi_index_all_items_quarterly_imf,2015-Q3,quarterly,42.64666666666667,\N,derived,IMF_CPI,IMF|ACCESS_SHARING_LEVEL=PUBLIC_OPEN|COICOP_1999=_T|COMMON_REFERENCE_PERIOD=2021M12|FREQUENCY=M|IFS_FLAG=true|INDEX_TYPE=CPI|OVERLAP=OL|SCALE=0|SECURITY_CLASSIFICATION=PUB|TYPE_OF_TRANSFORMATION=IX|aggregation=quarterly_mean,\N,"{""aggregation_method"": ""quarterly_mean"", ""source_derivation_types"": [""O"", ""O"", ""O""], ""source_months"": [""2015-M07"", ""2015-M08"", ""2015-M09""], ""source_observation_count"": 3, ""source_series_dimensions"": {""ACCESS_SHARING_LEVEL"": ""PUBLIC_OPEN"", ""COICOP_1999"": ""_T"", ""COMMON_REFERENCE_PERIOD"": ""2021M12"", ""COUNTRY"": ""SLE"", ""FREQUENCY"": ""M"", ""IFS_FLAG"": ""true"", ""INDEX_TYPE"": ""CPI"", ""OVERLAP"": ""OL"", ""SCALE"": ""0"", ""SECURITY_CLASSIFICATION"": ""PUB"", ""TYPE_OF_TRANSFORMATION"": ""IX""}}"
SLE,cpi_index_all_items_quarterly_imf,2015-Q4,quarterly,43.333333333333336,\N,derived,IMF_CPI,IMF|ACCESS_SHARING_LEVEL=PUBLIC_OPEN|COICOP_1999=_T|COMMON_REFERENCE_PERIOD=2021M12|FREQUENCY=M|IFS_FLAG=true|INDEX_TYPE=CPI|OVERLAP=OL|SCALE=0|SECURITY_CLASSIFICATION=PUB|TYPE_OF_TRANSFORMATION=IX|aggregation=quarterly_mean,\N,"{""aggregation_method"": ""quarterly_mean"", ""source_derivation_types"": [""O"", ""O"", ""O""], ""source_months"": [""2015-M10"", ""2015-M11"", ""2015-M12""], ""source_observation_count"": 3, ""source_series_dimensions"": {""ACCESS_SHARING_LEVEL"": ""PUBLIC_OPEN"", ""COICOP_1999"": ""_T"", ""COMMON_REFERENCE_PERIOD"": ""2021M12"", ""COUNTRY"": ""SLE"", ""FREQUENCY"": ""M"", ""IFS_FLAG"": ""true"", ""INDEX_TYPE"": ""CPI"", ""OVERLAP"": ""OL"", ""SCALE"": ""0"", ""SECURITY_CLASSIFICATION"": ""PUB"", ""TYPE_OF_TRANSFORMATION"": ""IX""}}"
SLV,cpi_index_all_items_quarterly_imf,2015-Q1,quarterly,108.78333333333335,\N,derived,IMF_CPI,IMF|ACCESS_SHARING_LEVEL=PUBLIC_OPEN|COICOP_1999=_T|COMMON_REFERENCE_PERIOD=2009M12|FREQUENCY=M|IFS_FLAG=true|INDEX_TYPE=CPI|OVERLAP=OL|SCALE=0|SECURITY_CLASSIFICATION=PUB|TYPE_OF_TRANSFORMATION=IX|aggregation=quarterly_mean,\N,"{""aggregation_method"": ""quarterly_mean"", ""source_derivation_types"": [""O"", ""O"", ""O""], ""source_months"": [""2015-M01"", ""2015-M02"", ""2015-M03""], ""source_observation_count"": 3, ""source_series_dimensions"": {""ACCESS_SHARING_LEVEL"": ""PUBLIC_OPEN"", ""COICOP_1999"": ""_T"", ""COMMON_REFERENCE_PERIOD"": ""2009M12"", ""COUNTRY"": ""SLV"", ""FREQUENCY"": ""M"", ""IFS_FLAG"": ""true"", ""INDEX_TYPE"": ""CPI"", ""OVERLAP"": ""OL"", ""SCALE"": ""0"", ""SECURITY_CLASSIFICATION"": ""PUB"", ""TYPE_OF_TRANSFORMATION"": ""IX""}}"
SLV,cpi_index_all_items_quarterly_imf,2015-Q2,quarterly,109.22666666666667,\N,derived,IMF_CPI,IMF|ACCESS_SHARING_LEVEL=PUBLIC_OPEN|COICOP_1999=_T|COMMON_REFERENCE_PERIOD=2009M12|FREQUENCY=M|IFS_FLAG=true|INDEX_TYPE=CPI|OVERLAP=OL|SCALE=0|SECURITY_CLASSIFICATION=PUB|TYPE_OF_TRANSFORMATION=IX|aggregation=quarterly_mean,\N,"{""aggregation_method"": ""quarterly_mean"", ""source_derivation_types"": [""O"", ""O"", ""O""], ""source_months"": [""2015-M04"", ""2015-M05"", ""2015-M06""], ""source_observation_count"": 3, ""source_series_dimensions"": {""ACCESS_SHARING_LEVEL"": ""PUBLIC_OPEN"", ""COICOP_1999"": ""_T"", ""COMMON_REFERENCE_PERIOD"": ""2009M12"", ""COUNTRY"": ""SLV"", ""FREQUENCY"": ""M"", ""IFS_FLAG"": ""true"", ""INDEX_TYPE"": ""CPI"", ""OVERLAP"": ""OL"", ""SCALE"": ""0"", ""SECURITY_CLASSIFICATION"": ""PUB"", ""TYPE_OF_TRANSFORMATION"": ""IX""}}"
SLV,cpi_index_all_items_quarterly_imf,2015-Q3,quarterly,108.79666666666667,\N,derived,IMF_CPI,IMF|ACCESS_SHARING_LEVEL=PUBLIC_OPEN|COICOP_1999=_T|COMMON_REFERENCE_PERIOD=2009M12|FREQUENCY=M|IFS_FLAG=true|INDEX_TYPE=CPI|OVERLAP=OL|SCALE=0|SECURITY_CLASSIFICATION=PUB|TYPE_OF_TRANSFORMATION=IX|aggregation=quarterly_mean,\N,"{""aggregation_method"": ""quarterly_mean"", ""source_derivation_types"": [""O"", ""O"", ""O""], ""source_months"": [""2015-M07"", ""2015-M08"", ""2015-M09""], ""source_observation_count"": 3, ""source_series_dimensions"": {""ACCESS_SHARING_LEVEL"": ""PUBLIC_OPEN"", ""COICOP_1999"": ""_T"", ""COMMON_REFERENCE_PERIOD"": ""2009M12"", ""COUNTRY"": ""SLV"", ""FREQUENCY"": ""M"", ""IFS_FLAG"": ""true"", ""INDEX_TYPE"": ""CPI"", ""OVERLAP"": ""OL"", ""SCALE"": ""0"", ""SECURITY_CLASSIFICATION"": ""PUB"", ""TYPE_OF_TRANSFORMATION"": ""IX""}}"
SLV,cpi_index_all_items_quarterly_imf,2015-Q4,quarterly,110.68666666666667,\N,derived,IMF_CPI,IMF|ACCESS_SHARING_LEVEL=PUBLIC_OPEN|COICOP_1999=_T|COMMON_REFERENCE_PERIOD=2009M12|FREQUENCY=M|IFS_FLAG=true|INDEX_TYPE=CPI|OVERLAP=OL|SCALE=0|SECURITY_CLASSIFICATION=PUB|TYPE_OF_TRANSFORMATION=IX|aggregation=quarterly_mean,\N,"{""aggregation_method"": ""quarterly_mean"", ""source_derivation_types"": [""O"", ""O"", ""O""], ""source_months"": [""2015-M10"", ""2015-M11"", ""2015-M12""], ""source_observation_count"": 3, ""source_series_dimensions"": {""ACCESS_SHARING_LEVEL"": ""PUBLIC_OPEN"", ""COICOP_1999"": ""_T"", ""COMMON_REFERENCE_PERIOD"": ""2009M12"", ""COUNTRY"": ""SLV"", ""FREQUENCY"": ""M"", ""IFS_FLAG"": ""true"", ""INDEX_TYPE"": ""CPI"", ""OVERLAP"": ""OL"", ""SCALE"": ""0"", ""SECURITY_CLASSIFICATION"": ""PUB"", ""TYPE_OF_TRANSFORMATION"": ""IX""}}"
SMR,cpi_index_all_items_quarterly_imf,2015-Q1,quarterly,99.4381675618942,\N,derived,IMF_CPI,IMF|ACCESS_SHARING_LEVEL=PUBLIC_OPEN|COICOP_1999=_T|COMMON_REFERENCE_PERIOD=2015M12|FREQUENCY=M|IFS_FLAG=true|INDEX_TYPE=CPI|OVERLAP=OL|SCALE=0|SECURITY_CLASSIFICATION=PUB|TYPE_OF_TRANSFORMATION=IX|aggregation=quarterly_mean,\N,"{""aggregation_method"": ""quarterly_mean"", ""source_derivation_types"": [""O"", ""O"", ""O""], ""source_months"": [""2015-M01"", ""2015-M02"", ""2015-M03""], ""source_observation_count"": 3, ""source_series_dimensions"": {""ACCESS_SHARING_LEVEL"": ""PUBLIC_OPEN"", ""COICOP_1999"": ""_T"", ""COMMON_REFERENCE_PERIOD"": ""2015M12"", ""COUNTRY"": ""SMR"", ""FREQUENCY"": ""M"", ""IFS_FLAG"": ""true"", ""INDEX_TYPE"": ""CPI"", ""OVERLAP"": ""OL"", ""SCALE"": ""0"", ""SECURITY_CLASSIFICATION"": ""PUB"", ""TYPE_OF_TRANSFORMATION"": ""IX""}}"
SMR,cpi_index_all_items_quarterly_imf,2015-Q2,quarterly,99.94443415447307,\N,derived,IMF_CPI,IMF|ACCESS_SHARING_LEVEL=PUBLIC_OPEN|COICOP_1999=_T|COMMON_REFERENCE_PERIOD=2015M12|FREQUENCY=M|IFS_FLAG=true|INDEX_TYPE=CPI|OVERLAP=OL|SCALE=0|SECURITY_CLASSIFICATION=PUB|TYPE_OF_TRANSFORMATION=IX|aggregation=quarterly_mean,\N,"{""aggregation_method"": ""quarterly_mean"", ""source_derivation_types"": [""O"", ""O"", ""O""], ""source_months"": [""2015-M04"", ""2015-M05"", ""2015-M06""], ""source_observation_count"": 3, ""source_series_dimensions"": {""ACCESS_SHARING_LEVEL"": ""PUBLIC_OPEN"", ""COICOP_1999"": ""_T"", ""COMMON_REFERENCE_PERIOD"": ""2015M12"", ""COUNTRY"": ""SMR"", ""FREQUENCY"": ""M"", ""IFS_FLAG"": ""true"", ""INDEX_TYPE"": ""CPI"", ""OVERLAP"": ""OL"", ""SCALE"": ""0"", ""SECURITY_CLASSIFICATION"": ""PUB"", ""TYPE_OF_TRANSFORMATION"": ""IX""}}"
SMR,cpi_index_all_items_quarterly_imf,2015-Q3,quarterly,99.77773661789222,\N,derived,IMF_CPI,IMF|ACCESS_SHARING_LEVEL=PUBLIC_OPEN|COICOP_1999=_T|COMMON_REFERENCE_PERIOD=2015M12|FREQUENCY=M|IFS_FLAG=true|INDEX_TYPE=CPI|OVERLAP=OL|SCALE=0|SECURITY_CLASSIFICATION=PUB|TYPE_OF_TRANSFORMATION=IX|aggregation=quarterly_mean,\N,"{""aggregation_method"": ""quarterly_mean"", ""source_derivation_types"": [""O"", ""O"", ""O""], ""source_months"": [""2015-M07"", ""2015-M08"", ""2015-M09""], ""source_observation_count"": 3, ""source_series_dimensions"": {""ACCESS_SHARING_LEVEL"": ""PUBLIC_OPEN"", ""COICOP_1999"": ""_T"", ""COMMON_REFERENCE_PERIOD"": ""2015M12"", ""COUNTRY"": ""SMR"", ""FREQUENCY"": ""M"", ""IFS_FLAG"": ""true"", ""INDEX_TYPE"": ""CPI"", ""OVERLAP"": ""OL"", ""SCALE"": ""0"", ""SECURITY_CLASSIFICATION"": ""PUB"", ""TYPE_OF_TRANSFORMATION"": ""IX""}}"
SMR,cpi_index_all_items_quarterly_imf,2015-Q4,quarterly,99.92591220596408,\N,derived,IMF_CPI,IMF|ACCESS_SHARING_LEVEL=PUBLIC_OPEN|COICOP_1999=_T|COMMON_REFERENCE_PERIOD=2015M12|FREQUENCY=M|IFS_FLAG=true|INDEX_TYPE=CPI|OVERLAP=OL|SCALE=0|SECURITY_CLASSIFICATION=PUB|TYPE_OF_TRANSFORMATION=IX|aggregation=quarterly_mean,\N,"{""aggregation_method"": ""quarterly_mean"", ""source_derivation_types"": [""O"", ""O"", ""O""], ""source_months"": [""2015-M10"", ""2015-M11"", ""2015-M12""], ""source_observation_count"": 3, ""source_series_dimensions"": {""ACCESS_SHARING_LEVEL"": ""PUBLIC_OPEN"", ""COICOP_1999"": ""_T"", ""COMMON_REFERENCE_PERIOD"": ""2015M12"", ""COUNTRY"": ""SMR"", ""FREQUENCY"": ""M"", ""IFS_FLAG"": ""true"", ""INDEX_TYPE"": ""CPI"", ""OVERLAP"": ""OL"", ""SCALE"": ""0"", ""SECURITY_CLASSIFICATION"": ""PUB"", ""TYPE_OF_TRANSFORMATION"": ""IX""}}"
SOM,cpi_index_all_items_quarterly_imf,2015-Q1,quarterly,73.33245684768644,\N,derived,IMF_CPI,IMF|ACCESS_SHARING_LEVEL=PUBLIC_OPEN|COICOP_1999=_T|COMMON_REFERENCE_PERIOD=2022A|FREQUENCY=M|IFS_FLAG=true|INDEX_TYPE=CPI|OVERLAP=OL|SCALE=0|SECURITY_CLASSIFICATION=PUB|TYPE_OF_TRANSFORMATION=IX|aggregation=quarterly_mean,\N,"{""aggregation_method"": ""quarterly_mean"", ""source_derivation_types"": [""O"", ""O"", ""O""], ""source_months"": [""2015-M01"", ""2015-M02"", ""2015-M03""], ""source_observation_count"": 3, ""source_series_dimensions"": {""ACCESS_SHARING_LEVEL"": ""PUBLIC_OPEN"", ""COICOP_1999"": ""_T"", ""COMMON_REFERENCE_PERIOD"": ""2022A"", ""COUNTRY"": ""SOM"", ""FREQUENCY"": ""M"", ""IFS_FLAG"": ""true"", ""INDEX_TYPE"": ""CPI"", ""OVERLAP"": ""OL"", ""SCALE"": ""0"", ""SECURITY_CLASSIFICATION"": ""PUB"", ""TYPE_OF_TRANSFORMATION"": ""IX""}}"
SOM,cpi_index_all_items_quarterly_imf,2015-Q2,quarterly,74.39310884883268,\N,derived,IMF_CPI,IMF|ACCESS_SHARING_LEVEL=PUBLIC_OPEN|COICOP_1999=_T|COMMON_REFERENCE_PERIOD=2022A|FREQUENCY=M|IFS_FLAG=true|INDEX_TYPE=CPI|OVERLAP=OL|SCALE=0|SECURITY_CLASSIFICATION=PUB|TYPE_OF_TRANSFORMATION=IX|aggregation=quarterly_mean,\N,"{""aggregation_method"": ""quarterly_mean"", ""source_derivation_types"": [""O"", ""O"", ""O""], ""source_months"": [""2015-M04"", ""2015-M05"", ""2015-M06""], ""source_observation_count"": 3, ""source_series_dimensions"": {""ACCESS_SHARING_LEVEL"": ""PUBLIC_OPEN"", ""COICOP_1999"": ""_T"", ""COMMON_REFERENCE_PERIOD"": ""2022A"", ""COUNTRY"": ""SOM"", ""FREQUENCY"": ""M"", ""IFS_FLAG"": ""true"", ""INDEX_TYPE"": ""CPI"", ""OVERLAP"": ""OL"", ""SCALE"": ""0"", ""SECURITY_CLASSIFICATION"": ""PUB"", ""TYPE_OF_TRANSFORMATION"": ""IX""}}"
SOM,cpi_index_all_items_quarterly_imf,2015-Q3,quarterly,78.0050725710371,\N,derived,IMF_CPI,IMF|ACCESS_SHARING_LEVEL=PUBLIC_OPEN|COICOP_1999=_T|COMMON_REFERENCE_PERIOD=2022A|FREQUENCY=M|IFS_FLAG=true|INDEX_TYPE=CPI|OVERLAP=OL|SCALE=0|SECURITY_CLASSIFICATION=PUB|TYPE_OF_TRANSFORMATION=IX|aggregation=quarterly_mean,\N,"{""aggregation_method"": ""quarterly_mean"", ""source_derivation_types"": [""O"", ""O"", ""O""], ""source_months"": [""2015-M07"", ""2015-M08"", ""2015-M09""], ""source_observation_count"": 3, ""source_series_dimensions"": {""ACCESS_SHARING_LEVEL"": ""PUBLIC_OPEN"", ""COICOP_1999"": ""_T"", ""COMMON_REFERENCE_PERIOD"": ""2022A"", ""COUNTRY"": ""SOM"", ""FREQUENCY"": ""M"", ""IFS_FLAG"": ""true"", ""INDEX_TYPE"": ""CPI"", ""OVERLAP"": ""OL"", ""SCALE"": ""0"", ""SECURITY_CLASSIFICATION"": ""PUB"", ""TYPE_OF_TRANSFORMATION"": ""IX""}}"
SOM,cpi_index_all_items_quarterly_imf,2015-Q4,quarterly,74.52204483478523,\N,derived,IMF_CPI,IMF|ACCESS_SHARING_LEVEL=PUBLIC_OPEN|COICOP_1999=_T|COMMON_REFERENCE_PERIOD=2022A|FREQUENCY=M|IFS_FLAG=true|INDEX_TYPE=CPI|OVERLAP=OL|SCALE=0|SECURITY_CLASSIFICATION=PUB|TYPE_OF_TRANSFORMATION=IX|aggregation=quarterly_mean,\N,"{""aggregation_method"": ""quarterly_mean"", ""source_derivation_types"": [""O"", ""O"", ""O""], ""source_months"": [""2015-M10"", ""2015-M11"", ""2015-M12""], ""source_observation_count"": 3, ""source_series_dimensions"": {""ACCESS_SHARING_LEVEL"": ""PUBLIC_OPEN"", ""COICOP_1999"": ""_T"", ""COMMON_REFERENCE_PERIOD"": ""2022A"", ""COUNTRY"": ""SOM"", ""FREQUENCY"": ""M"", ""IFS_FLAG"": ""true"", ""INDEX_TYPE"": ""CPI"", ""OVERLAP"": ""OL"", ""SCALE"": ""0"", ""SECURITY_CLASSIFICATION"": ""PUB"", ""TYPE_OF_TRANSFORMATION"": ""IX""}}"
SRB,cpi_index_all_items_quarterly_imf,2015-Q1,quarterly,181.03333333333333,\N,derived,IMF_CPI,IMF|ACCESS_SHARING_LEVEL=PUBLIC_OPEN|COICOP_1999=_T|COMMON_REFERENCE_PERIOD=2006A|FREQUENCY=M|IFS_FLAG=true|INDEX_TYPE=CPI|OVERLAP=OL|SCALE=0|SECURITY_CLASSIFICATION=PUB|TYPE_OF_TRANSFORMATION=IX|aggregation=quarterly_mean,\N,"{""aggregation_method"": ""quarterly_mean"", ""source_derivation_types"": [""O"", ""O"", ""O""], ""source_months"": [""2015-M01"", ""2015-M02"", ""2015-M03""], ""source_observation_count"": 3, ""source_series_dimensions"": {""ACCESS_SHARING_LEVEL"": ""PUBLIC_OPEN"", ""COICOP_1999"": ""_T"", ""COMMON_REFERENCE_PERIOD"": ""2006A"", ""COUNTRY"": ""SRB"", ""FREQUENCY"": ""M"", ""IFS_FLAG"": ""true"", ""INDEX_TYPE"": ""CPI"", ""OVERLAP"": ""OL"", ""SCALE"": ""0"", ""SECURITY_CLASSIFICATION"": ""PUB"", ""TYPE_OF_TRANSFORMATION"": ""IX""}}"
SRB,cpi_index_all_items_quarterly_imf,2015-Q2,quarterly,183.36666666666667,\N,derived,IMF_CPI,IMF|ACCESS_SHARING_LEVEL=PUBLIC_OPEN|COICOP_1999=_T|COMMON_REFERENCE_PERIOD=2006A|FREQUENCY=M|IFS_FLAG=true|INDEX_TYPE=CPI|OVERLAP=OL|SCALE=0|SECURITY_CLASSIFICATION=PUB|TYPE_OF_TRANSFORMATION=IX|aggregation=quarterly_mean,\N,"{""aggregation_method"": ""quarterly_mean"", ""source_derivation_types"": [""O"", ""O"", ""O""], ""source_months"": [""2015-M04"", ""2015-M05"", ""2015-M06""], ""source_observation_count"": 3, ""source_series_dimensions"": {""ACCESS_SHARING_LEVEL"": ""PUBLIC_OPEN"", ""COICOP_1999"": ""_T"", ""COMMON_REFERENCE_PERIOD"": ""2006A"", ""COUNTRY"": ""SRB"", ""FREQUENCY"": ""M"", ""IFS_FLAG"": ""true"", ""INDEX_TYPE"": ""CPI"", ""OVERLAP"": ""OL"", ""SCALE"": ""0"", ""SECURITY_CLASSIFICATION"": ""PUB"", ""TYPE_OF_TRANSFORMATION"": ""IX""}}"
SRB,cpi_index_all_items_quarterly_imf,2015-Q3,quarterly,183.16666666666666,\N,derived,IMF_CPI,IMF|ACCESS_SHARING_LEVEL=PUBLIC_OPEN|COICOP_1999=_T|COMMON_REFERENCE_PERIOD=2006A|FREQUENCY=M|IFS_FLAG=true|INDEX_TYPE=CPI|OVERLAP=OL|SCALE=0|SECURITY_CLASSIFICATION=PUB|TYPE_OF_TRANSFORMATION=IX|aggregation=quarterly_mean,\N,"{""aggregation_method"": ""quarterly_mean"", ""source_derivation_types"": [""O"", ""O"", ""O""], ""source_months"": [""2015-M07"", ""2015-M08"", ""2015-M09""], ""source_observation_count"": 3, ""source_series_dimensions"": {""ACCESS_SHARING_LEVEL"": ""PUBLIC_OPEN"", ""COICOP_1999"": ""_T"", ""COMMON_REFERENCE_PERIOD"": ""2006A"", ""COUNTRY"": ""SRB"", ""FREQUENCY"": ""M"", ""IFS_FLAG"": ""true"", ""INDEX_TYPE"": ""CPI"", ""OVERLAP"": ""OL"", ""SCALE"": ""0"", ""SECURITY_CLASSIFICATION"": ""PUB"", ""TYPE_OF_TRANSFORMATION"": ""IX""}}"
SRB,cpi_index_all_items_quarterly_imf,2015-Q4,quarterly,183.0666666666667,\N,derived,IMF_CPI,IMF|ACCESS_SHARING_LEVEL=PUBLIC_OPEN|COICOP_1999=_T|COMMON_REFERENCE_PERIOD=2006A|FREQUENCY=M|IFS_FLAG=true|INDEX_TYPE=CPI|OVERLAP=OL|SCALE=0|SECURITY_CLASSIFICATION=PUB|TYPE_OF_TRANSFORMATION=IX|aggregation=quarterly_mean,\N,"{""aggregation_method"": ""quarterly_mean"", ""source_derivation_types"": [""O"", ""O"", ""O""], ""source_months"": [""2015-M10"", ""2015-M11"", ""2015-M12""], ""source_observation_count"": 3, ""source_series_dimensions"": {""ACCESS_SHARING_LEVEL"": ""PUBLIC_OPEN"", ""COICOP_1999"": ""_T"", ""COMMON_REFERENCE_PERIOD"": ""2006A"", ""COUNTRY"": ""SRB"", ""FREQUENCY"": ""M"", ""IFS_FLAG"": ""true"", ""INDEX_TYPE"": ""CPI"", ""OVERLAP"": ""OL"", ""SCALE"": ""0"", ""SECURITY_CLASSIFICATION"": ""PUB"", ""TYPE_OF_TRANSFORMATION"": ""IX""}}"
SSD,cpi_index_all_items_quarterly_imf,2015-Q1,quarterly,0.4997045234726163,\N,derived,IMF_CPI,IMF|ACCESS_SHARING_LEVEL=PUBLIC_OPEN|COICOP_1999=_T|COMMON_REFERENCE_PERIOD=2024M8|FREQUENCY=M|IFS_FLAG=true|INDEX_TYPE=CPI|OVERLAP=OL|SCALE=0|SECURITY_CLASSIFICATION=PUB|TYPE_OF_TRANSFORMATION=IX|aggregation=quarterly_mean,\N,"{""aggregation_method"": ""quarterly_mean"", ""source_derivation_types"": [""O"", ""O"", ""O""], ""source_months"": [""2015-M01"", ""2015-M02"", ""2015-M03""], ""source_observation_count"": 3, ""source_series_dimensions"": {""ACCESS_SHARING_LEVEL"": ""PUBLIC_OPEN"", ""COICOP_1999"": ""_T"", ""COMMON_REFERENCE_PERIOD"": ""2024M8"", ""COUNTRY"": ""SSD"", ""FREQUENCY"": ""M"", ""IFS_FLAG"": ""true"", ""INDEX_TYPE"": ""CPI"", ""OVERLAP"": ""OL"", ""SCALE"": ""0"", ""SECURITY_CLASSIFICATION"": ""PUB"", ""TYPE_OF_TRANSFORMATION"": ""IX""}}"
SSD,cpi_index_all_items_quarterly_imf,2015-Q2,quarterly,0.6334203796919828,\N,derived,IMF_CPI,IMF|ACCESS_SHARING_LEVEL=PUBLIC_OPEN|COICOP_1999=_T|COMMON_REFERENCE_PERIOD=2024M8|FREQUENCY=M|IFS_FLAG=true|INDEX_TYPE=CPI|OVERLAP=OL|SCALE=0|SECURITY_CLASSIFICATION=PUB|TYPE_OF_TRANSFORMATION=IX|aggregation=quarterly_mean,\N,"{""aggregation_method"": ""quarterly_mean"", ""source_derivation_types"": [""O"", ""O"", ""O""], ""source_months"": [""2015-M04"", ""2015-M05"", ""2015-M06""], ""source_observation_count"": 3, ""source_series_dimensions"": {""ACCESS_SHARING_LEVEL"": ""PUBLIC_OPEN"", ""COICOP_1999"": ""_T"", ""COMMON_REFERENCE_PERIOD"": ""2024M8"", ""COUNTRY"": ""SSD"", ""FREQUENCY"": ""M"", ""IFS_FLAG"": ""true"", ""INDEX_TYPE"": ""CPI"", ""OVERLAP"": ""OL"", ""SCALE"": ""0"", ""SECURITY_CLASSIFICATION"": ""PUB"", ""TYPE_OF_TRANSFORMATION"": ""IX""}}"
SSD,cpi_index_all_items_quarterly_imf,2015-Q3,quarterly,0.7930642424215879,\N,derived,IMF_CPI,IMF|ACCESS_SHARING_LEVEL=PUBLIC_OPEN|COICOP_1999=_T|COMMON_REFERENCE_PERIOD=2024M8|FREQUENCY=M|IFS_FLAG=true|INDEX_TYPE=CPI|OVERLAP=OL|SCALE=0|SECURITY_CLASSIFICATION=PUB|TYPE_OF_TRANSFORMATION=IX|aggregation=quarterly_mean,\N,"{""aggregation_method"": ""quarterly_mean"", ""source_derivation_types"": [""O"", ""O"", ""O""], ""source_months"": [""2015-M07"", ""2015-M08"", ""2015-M09""], ""source_observation_count"": 3, ""source_series_dimensions"": {""ACCESS_SHARING_LEVEL"": ""PUBLIC_OPEN"", ""COICOP_1999"": ""_T"", ""COMMON_REFERENCE_PERIOD"": ""2024M8"", ""COUNTRY"": ""SSD"", ""FREQUENCY"": ""M"", ""IFS_FLAG"": ""true"", ""INDEX_TYPE"": ""CPI"", ""OVERLAP"": ""OL"", ""SCALE"": ""0"", ""SECURITY_CLASSIFICATION"": ""PUB"", ""TYPE_OF_TRANSFORMATION"": ""IX""}}"
SSD,cpi_index_all_items_quarterly_imf,2015-Q4,quarterly,0.9765776790745555,\N,derived,IMF_CPI,IMF|ACCESS_SHARING_LEVEL=PUBLIC_OPEN|COICOP_1999=_T|COMMON_REFERENCE_PERIOD=2024M8|FREQUENCY=M|IFS_FLAG=true|INDEX_TYPE=CPI|OVERLAP=OL|SCALE=0|SECURITY_CLASSIFICATION=PUB|TYPE_OF_TRANSFORMATION=IX|aggregation=quarterly_mean,\N,"{""aggregation_method"": ""quarterly_mean"", ""source_derivation_types"": [""O"", ""O"", ""O""], ""source_months"": [""2015-M10"", ""2015-M11"", ""2015-M12""], ""source_observation_count"": 3, ""source_series_dimensions"": {""ACCESS_SHARING_LEVEL"": ""PUBLIC_OPEN"", ""COICOP_1999"": ""_T"", ""COMMON_REFERENCE_PERIOD"": ""2024M8"", ""COUNTRY"": ""SSD"", ""FREQUENCY"": ""M"", ""IFS_FLAG"": ""true"", ""INDEX_TYPE"": ""CPI"", ""OVERLAP"": ""OL"", ""SCALE"": ""0"", ""SECURITY_CLASSIFICATION"": ""PUB"", ""TYPE_OF_TRANSFORMATION"": ""IX""}}"
STP,cpi_index_all_items_quarterly_imf,2015-Q1,quarterly,97.52,\N,derived,IMF_CPI,IMF|ACCESS_SHARING_LEVEL=PUBLIC_OPEN|COICOP_1999=_T|COMMON_REFERENCE_PERIOD=2014A|FREQUENCY=M|IFS_FLAG=true|INDEX_TYPE=CPI|OVERLAP=OL|SCALE=0|SECURITY_CLASSIFICATION=PUB|TYPE_OF_TRANSFORMATION=IX|aggregation=quarterly_mean,\N,"{""aggregation_method"": ""quarterly_mean"", ""source_derivation_types"": [""O"", ""O"", ""O""], ""source_months"": [""2015-M01"", ""2015-M02"", ""2015-M03""], ""source_observation_count"": 3, ""source_series_dimensions"": {""ACCESS_SHARING_LEVEL"": ""PUBLIC_OPEN"", ""COICOP_1999"": ""_T"", ""COMMON_REFERENCE_PERIOD"": ""2014A"", ""COUNTRY"": ""STP"", ""FREQUENCY"": ""M"", ""IFS_FLAG"": ""true"", ""INDEX_TYPE"": ""CPI"", ""OVERLAP"": ""OL"", ""SCALE"": ""0"", ""SECURITY_CLASSIFICATION"": ""PUB"", ""TYPE_OF_TRANSFORMATION"": ""IX""}}"
STP,cpi_index_all_items_quarterly_imf,2015-Q2,quarterly,98.54666666666667,\N,derived,IMF_CPI,IMF|ACCESS_SHARING_LEVEL=PUBLIC_OPEN|COICOP_1999=_T|COMMON_REFERENCE_PERIOD=2014A|FREQUENCY=M|IFS_FLAG=true|INDEX_TYPE=CPI|OVERLAP=OL|SCALE=0|SECURITY_CLASSIFICATION=PUB|TYPE_OF_TRANSFORMATION=IX|aggregation=quarterly_mean,\N,"{""aggregation_method"": ""quarterly_mean"", ""source_derivation_types"": [""O"", ""O"", ""O""], ""source_months"": [""2015-M04"", ""2015-M05"", ""2015-M06""], ""source_observation_count"": 3, ""source_series_dimensions"": {""ACCESS_SHARING_LEVEL"": ""PUBLIC_OPEN"", ""COICOP_1999"": ""_T"", ""COMMON_REFERENCE_PERIOD"": ""2014A"", ""COUNTRY"": ""STP"", ""FREQUENCY"": ""M"", ""IFS_FLAG"": ""true"", ""INDEX_TYPE"": ""CPI"", ""OVERLAP"": ""OL"", ""SCALE"": ""0"", ""SECURITY_CLASSIFICATION"": ""PUB"", ""TYPE_OF_TRANSFORMATION"": ""IX""}}"
STP,cpi_index_all_items_quarterly_imf,2015-Q3,quarterly,99.10333333333334,\N,derived,IMF_CPI,IMF|ACCESS_SHARING_LEVEL=PUBLIC_OPEN|COICOP_1999=_T|COMMON_REFERENCE_PERIOD=2014A|FREQUENCY=M|IFS_FLAG=true|INDEX_TYPE=CPI|OVERLAP=OL|SCALE=0|SECURITY_CLASSIFICATION=PUB|TYPE_OF_TRANSFORMATION=IX|aggregation=quarterly_mean,\N,"{""aggregation_method"": ""quarterly_mean"", ""source_derivation_types"": [""O"", ""O"", ""O""], ""source_months"": [""2015-M07"", ""2015-M08"", ""2015-M09""], ""source_observation_count"": 3, ""source_series_dimensions"": {""ACCESS_SHARING_LEVEL"": ""PUBLIC_OPEN"", ""COICOP_1999"": ""_T"", ""COMMON_REFERENCE_PERIOD"": ""2014A"", ""COUNTRY"": ""STP"", ""FREQUENCY"": ""M"", ""IFS_FLAG"": ""true"", ""INDEX_TYPE"": ""CPI"", ""OVERLAP"": ""OL"", ""SCALE"": ""0"", ""SECURITY_CLASSIFICATION"": ""PUB"", ""TYPE_OF_TRANSFORMATION"": ""IX""}}"
STP,cpi_index_all_items_quarterly_imf,2015-Q4,quarterly,100.07387975237833,\N,derived,IMF_CPI,IMF|ACCESS_SHARING_LEVEL=PUBLIC_OPEN|COICOP_1999=_T|COMMON_REFERENCE_PERIOD=2014A|FREQUENCY=M|IFS_FLAG=true|INDEX_TYPE=CPI|OVERLAP=OL|SCALE=0|SECURITY_CLASSIFICATION=PUB|TYPE_OF_TRANSFORMATION=IX|aggregation=quarterly_mean,\N,"{""aggregation_method"": ""quarterly_mean"", ""source_derivation_types"": [""O"", ""O"", ""O""], ""source_months"": [""2015-M10"", ""2015-M11"", ""2015-M12""], ""source_observation_count"": 3, ""source_series_dimensions"": {""ACCESS_SHARING_LEVEL"": ""PUBLIC_OPEN"", ""COICOP_1999"": ""_T"", ""COMMON_REFERENCE_PERIOD"": ""2014A"", ""COUNTRY"": ""STP"", ""FREQUENCY"": ""M"", ""IFS_FLAG"": ""true"", ""INDEX_TYPE"": ""CPI"", ""OVERLAP"": ""OL"", ""SCALE"": ""0"", ""SECURITY_CLASSIFICATION"": ""PUB"", ""TYPE_OF_TRANSFORMATION"": ""IX""}}"
SUR,cpi_index_all_items_quarterly_imf,2015-Q1,quarterly,62.80422857234328,\N,derived,IMF_CPI,IMF|ACCESS_SHARING_LEVEL=PUBLIC_OPEN|COICOP_1999=_T|COMMON_REFERENCE_PERIOD=APRIL 2016 - JUNE 2016=100|FREQUENCY=M|IFS_FLAG=true|INDEX_TYPE=CPI|OVERLAP=OL|SCALE=0|SECURITY_CLASSIFICATION=PUB|TYPE_OF_TRANSFORMATION=IX|aggregation=quarterly_mean,\N,"{""aggregation_method"": ""quarterly_mean"", ""source_derivation_types"": [""O"", ""O"", ""O""], ""source_months"": [""2015-M01"", ""2015-M02"", ""2015-M03""], ""source_observation_count"": 3, ""source_series_dimensions"": {""ACCESS_SHARING_LEVEL"": ""PUBLIC_OPEN"", ""COICOP_1999"": ""_T"", ""COMMON_REFERENCE_PERIOD"": ""APRIL 2016 - JUNE 2016=100"", ""COUNTRY"": ""SUR"", ""FREQUENCY"": ""M"", ""IFS_FLAG"": ""true"", ""INDEX_TYPE"": ""CPI"", ""OVERLAP"": ""OL"", ""SCALE"": ""0"", ""SECURITY_CLASSIFICATION"": ""PUB"", ""TYPE_OF_TRANSFORMATION"": ""IX""}}"
SUR,cpi_index_all_items_quarterly_imf,2015-Q2,quarterly,64.12611364519428,\N,derived,IMF_CPI,IMF|ACCESS_SHARING_LEVEL=PUBLIC_OPEN|COICOP_1999=_T|COMMON_REFERENCE_PERIOD=APRIL 2016 - JUNE 2016=100|FREQUENCY=M|IFS_FLAG=true|INDEX_TYPE=CPI|OVERLAP=OL|SCALE=0|SECURITY_CLASSIFICATION=PUB|TYPE_OF_TRANSFORMATION=IX|aggregation=quarterly_mean,\N,"{""aggregation_method"": ""quarterly_mean"", ""source_derivation_types"": [""O"", ""O"", ""O""], ""source_months"": [""2015-M04"", ""2015-M05"", ""2015-M06""], ""source_observation_count"": 3, ""source_series_dimensions"": {""ACCESS_SHARING_LEVEL"": ""PUBLIC_OPEN"", ""COICOP_1999"": ""_T"", ""COMMON_REFERENCE_PERIOD"": ""APRIL 2016 - JUNE 2016=100"", ""COUNTRY"": ""SUR"", ""FREQUENCY"": ""M"", ""IFS_FLAG"": ""true"", ""INDEX_TYPE"": ""CPI"", ""OVERLAP"": ""OL"", ""SCALE"": ""0"", ""SECURITY_CLASSIFICATION"": ""PUB"", ""TYPE_OF_TRANSFORMATION"": ""IX""}}"
SUR,cpi_index_all_items_quarterly_imf,2015-Q3,quarterly,65.55081200148925,\N,derived,IMF_CPI,IMF|ACCESS_SHARING_LEVEL=PUBLIC_OPEN|COICOP_1999=_T|COMMON_REFERENCE_PERIOD=APRIL 2016 - JUNE 2016=100|FREQUENCY=M|IFS_FLAG=true|INDEX_TYPE=CPI|OVERLAP=OL|SCALE=0|SECURITY_CLASSIFICATION=PUB|TYPE_OF_TRANSFORMATION=IX|aggregation=quarterly_mean,\N,"{""aggregation_method"": ""quarterly_mean"", ""source_derivation_types"": [""O"", ""O"", ""O""], ""source_months"": [""2015-M07"", ""2015-M08"", ""2015-M09""], ""source_observation_count"": 3, ""source_series_dimensions"": {""ACCESS_SHARING_LEVEL"": ""PUBLIC_OPEN"", ""COICOP_1999"": ""_T"", ""COMMON_REFERENCE_PERIOD"": ""APRIL 2016 - JUNE 2016=100"", ""COUNTRY"": ""SUR"", ""FREQUENCY"": ""M"", ""IFS_FLAG"": ""true"", ""INDEX_TYPE"": ""CPI"", ""OVERLAP"": ""OL"", ""SCALE"": ""0"", ""SECURITY_CLASSIFICATION"": ""PUB"", ""TYPE_OF_TRANSFORMATION"": ""IX""}}"
SUR,cpi_index_all_items_quarterly_imf,2015-Q4,quarterly,73.29118348362793,\N,derived,IMF_CPI,IMF|ACCESS_SHARING_LEVEL=PUBLIC_OPEN|COICOP_1999=_T|COMMON_REFERENCE_PERIOD=APRIL 2016 - JUNE 2016=100|FREQUENCY=M|IFS_FLAG=true|INDEX_TYPE=CPI|OVERLAP=OL|SCALE=0|SECURITY_CLASSIFICATION=PUB|TYPE_OF_TRANSFORMATION=IX|aggregation=quarterly_mean,\N,"{""aggregation_method"": ""quarterly_mean"", ""source_derivation_types"": [""O"", ""O"", ""O""], ""source_months"": [""2015-M10"", ""2015-M11"", ""2015-M12""], ""source_observation_count"": 3, ""source_series_dimensions"": {""ACCESS_SHARING_LEVEL"": ""PUBLIC_OPEN"", ""COICOP_1999"": ""_T"", ""COMMON_REFERENCE_PERIOD"": ""APRIL 2016 - JUNE 2016=100"", ""COUNTRY"": ""SUR"", ""FREQUENCY"": ""M"", ""IFS_FLAG"": ""true"", ""INDEX_TYPE"": ""CPI"", ""OVERLAP"": ""OL"", ""SCALE"": ""0"", ""SECURITY_CLASSIFICATION"": ""PUB"", ""TYPE_OF_TRANSFORMATION"": ""IX""}}"
SVK,cpi_index_all_items_quarterly_imf,2015-Q1,quarterly,67.21608179959101,\N,derived,IMF_CPI,IMF|ACCESS_SHARING_LEVEL=PUBLIC_OPEN|COICOP_1999=_T|COMMON_REFERENCE_PERIOD=2025A|FREQUENCY=M|IFS_FLAG=true|INDEX_TYPE=CPI|OVERLAP=OL|SCALE=0|SECURITY_CLASSIFICATION=PUB|TYPE_OF_TRANSFORMATION=IX|aggregation=quarterly_mean,\N,"{""aggregation_method"": ""quarterly_mean"", ""source_derivation_types"": [""O"", ""O"", ""O""], ""source_months"": [""2015-M01"", ""2015-M02"", ""2015-M03""], ""source_observation_count"": 3, ""source_series_dimensions"": {""ACCESS_SHARING_LEVEL"": ""PUBLIC_OPEN"", ""COICOP_1999"": ""_T"", ""COMMON_REFERENCE_PERIOD"": ""2025A"", ""COUNTRY"": ""SVK"", ""FREQUENCY"": ""M"", ""IFS_FLAG"": ""true"", ""INDEX_TYPE"": ""CPI"", ""OVERLAP"": ""OL"", ""SCALE"": ""0"", ""SECURITY_CLASSIFICATION"": ""PUB"", ""TYPE_OF_TRANSFORMATION"": ""IX""}}"
SVK,cpi_index_all_items_quarterly_imf,2015-Q2,quarterly,67.54550511247444,\N,derived,IMF_CPI,IMF|ACCESS_SHARING_LEVEL=PUBLIC_OPEN|COICOP_1999=_T|COMMON_REFERENCE_PERIOD=2025A|FREQUENCY=M|IFS_FLAG=true|INDEX_TYPE=CPI|OVERLAP=OL|SCALE=0|SECURITY_CLASSIFICATION=PUB|TYPE_OF_TRANSFORMATION=IX|aggregation=quarterly_mean,\N,"{""aggregation_method"": ""quarterly_mean"", ""source_derivation_types"": [""O"", ""O"", ""O""], ""source_months"": [""2015-M04"", ""2015-M05"", ""2015-M06""], ""source_observation_count"": 3, ""source_series_dimensions"": {""ACCESS_SHARING_LEVEL"": ""PUBLIC_OPEN"", ""COICOP_1999"": ""_T"", ""COMMON_REFERENCE_PERIOD"": ""2025A"", ""COUNTRY"": ""SVK"", ""FREQUENCY"": ""M"", ""IFS_FLAG"": ""true"", ""INDEX_TYPE"": ""CPI"", ""OVERLAP"": ""OL"", ""SCALE"": ""0"", ""SECURITY_CLASSIFICATION"": ""PUB"", ""TYPE_OF_TRANSFORMATION"": ""IX""}}"
SVK,cpi_index_all_items_quarterly_imf,2015-Q3,quarterly,67.3396155419223,\N,derived,IMF_CPI,IMF|ACCESS_SHARING_LEVEL=PUBLIC_OPEN|COICOP_1999=_T|COMMON_REFERENCE_PERIOD=2025A|FREQUENCY=M|IFS_FLAG=true|INDEX_TYPE=CPI|OVERLAP=OL|SCALE=0|SECURITY_CLASSIFICATION=PUB|TYPE_OF_TRANSFORMATION=IX|aggregation=quarterly_mean,\N,"{""aggregation_method"": ""quarterly_mean"", ""source_derivation_types"": [""O"", ""O"", ""O""], ""source_months"": [""2015-M07"", ""2015-M08"", ""2015-M09""], ""source_observation_count"": 3, ""source_series_dimensions"": {""ACCESS_SHARING_LEVEL"": ""PUBLIC_OPEN"", ""COICOP_1999"": ""_T"", ""COMMON_REFERENCE_PERIOD"": ""2025A"", ""COUNTRY"": ""SVK"", ""FREQUENCY"": ""M"", ""IFS_FLAG"": ""true"", ""INDEX_TYPE"": ""CPI"", ""OVERLAP"": ""OL"", ""SCALE"": ""0"", ""SECURITY_CLASSIFICATION"": ""PUB"", ""TYPE_OF_TRANSFORMATION"": ""IX""}}"
SVK,cpi_index_all_items_quarterly_imf,2015-Q4,quarterly,67.13372597137014,\N,derived,IMF_CPI,IMF|ACCESS_SHARING_LEVEL=PUBLIC_OPEN|COICOP_1999=_T|COMMON_REFERENCE_PERIOD=2025A|FREQUENCY=M|IFS_FLAG=true|INDEX_TYPE=CPI|OVERLAP=OL|SCALE=0|SECURITY_CLASSIFICATION=PUB|TYPE_OF_TRANSFORMATION=IX|aggregation=quarterly_mean,\N,"{""aggregation_method"": ""quarterly_mean"", ""source_derivation_types"": [""O"", ""O"", ""O""], ""source_months"": [""2015-M10"", ""2015-M11"", ""2015-M12""], ""source_observation_count"": 3, ""source_series_dimensions"": {""ACCESS_SHARING_LEVEL"": ""PUBLIC_OPEN"", ""COICOP_1999"": ""_T"", ""COMMON_REFERENCE_PERIOD"": ""2025A"", ""COUNTRY"": ""SVK"", ""FREQUENCY"": ""M"", ""IFS_FLAG"": ""true"", ""INDEX_TYPE"": ""CPI"", ""OVERLAP"": ""OL"", ""SCALE"": ""0"", ""SECURITY_CLASSIFICATION"": ""PUB"", ""TYPE_OF_TRANSFORMATION"": ""IX""}}"
SVN,cpi_index_all_items_quarterly_imf,2015-Q1,quarterly,76.24333333333334,\N,derived,IMF_CPI,IMF|ACCESS_SHARING_LEVEL=PUBLIC_OPEN|COICOP_1999=_T|COMMON_REFERENCE_PERIOD=2025A|FREQUENCY=M|IFS_FLAG=true|INDEX_TYPE=CPI|OVERLAP=OL|SCALE=0|SECURITY_CLASSIFICATION=PUB|TYPE_OF_TRANSFORMATION=IX|aggregation=quarterly_mean,\N,"{""aggregation_method"": ""quarterly_mean"", ""source_derivation_types"": [""O"", ""O"", ""O""], ""source_months"": [""2015-M01"", ""2015-M02"", ""2015-M03""], ""source_observation_count"": 3, ""source_series_dimensions"": {""ACCESS_SHARING_LEVEL"": ""PUBLIC_OPEN"", ""COICOP_1999"": ""_T"", ""COMMON_REFERENCE_PERIOD"": ""2025A"", ""COUNTRY"": ""SVN"", ""FREQUENCY"": ""M"", ""IFS_FLAG"": ""true"", ""INDEX_TYPE"": ""CPI"", ""OVERLAP"": ""OL"", ""SCALE"": ""0"", ""SECURITY_CLASSIFICATION"": ""PUB"", ""TYPE_OF_TRANSFORMATION"": ""IX""}}"
SVN,cpi_index_all_items_quarterly_imf,2015-Q2,quarterly,77.18,\N,derived,IMF_CPI,IMF|ACCESS_SHARING_LEVEL=PUBLIC_OPEN|COICOP_1999=_T|COMMON_REFERENCE_PERIOD=2025A|FREQUENCY=M|IFS_FLAG=true|INDEX_TYPE=CPI|OVERLAP=OL|SCALE=0|SECURITY_CLASSIFICATION=PUB|TYPE_OF_TRANSFORMATION=IX|aggregation=quarterly_mean,\N,"{""aggregation_method"": ""quarterly_mean"", ""source_derivation_types"": [""O"", ""O"", ""O""], ""source_months"": [""2015-M04"", ""2015-M05"", ""2015-M06""], ""source_observation_count"": 3, ""source_series_dimensions"": {""ACCESS_SHARING_LEVEL"": ""PUBLIC_OPEN"", ""COICOP_1999"": ""_T"", ""COMMON_REFERENCE_PERIOD"": ""2025A"", ""COUNTRY"": ""SVN"", ""FREQUENCY"": ""M"", ""IFS_FLAG"": ""true"", ""INDEX_TYPE"": ""CPI"", ""OVERLAP"": ""OL"", ""SCALE"": ""0"", ""SECURITY_CLASSIFICATION"": ""PUB"", ""TYPE_OF_TRANSFORMATION"": ""IX""}}"
SVN,cpi_index_all_items_quarterly_imf,2015-Q3,quarterly,76.76,\N,derived,IMF_CPI,IMF|ACCESS_SHARING_LEVEL=PUBLIC_OPEN|COICOP_1999=_T|COMMON_REFERENCE_PERIOD=2025A|FREQUENCY=M|IFS_FLAG=true|INDEX_TYPE=CPI|OVERLAP=OL|SCALE=0|SECURITY_CLASSIFICATION=PUB|TYPE_OF_TRANSFORMATION=IX|aggregation=quarterly_mean,\N,"{""aggregation_method"": ""quarterly_mean"", ""source_derivation_types"": [""O"", ""O"", ""O""], ""source_months"": [""2015-M07"", ""2015-M08"", ""2015-M09""], ""source_observation_count"": 3, ""source_series_dimensions"": {""ACCESS_SHARING_LEVEL"": ""PUBLIC_OPEN"", ""COICOP_1999"": ""_T"", ""COMMON_REFERENCE_PERIOD"": ""2025A"", ""COUNTRY"": ""SVN"", ""FREQUENCY"": ""M"", ""IFS_FLAG"": ""true"", ""INDEX_TYPE"": ""CPI"", ""OVERLAP"": ""OL"", ""SCALE"": ""0"", ""SECURITY_CLASSIFICATION"": ""PUB"", ""TYPE_OF_TRANSFORMATION"": ""IX""}}"
SVN,cpi_index_all_items_quarterly_imf,2015-Q4,quarterly,76.72666666666667,\N,derived,IMF_CPI,IMF|ACCESS_SHARING_LEVEL=PUBLIC_OPEN|COICOP_1999=_T|COMMON_REFERENCE_PERIOD=2025A|FREQUENCY=M|IFS_FLAG=true|INDEX_TYPE=CPI|OVERLAP=OL|SCALE=0|SECURITY_CLASSIFICATION=PUB|TYPE_OF_TRANSFORMATION=IX|aggregation=quarterly_mean,\N,"{""aggregation_method"": ""quarterly_mean"", ""source_derivation_types"": [""O"", ""O"", ""O""], ""source_months"": [""2015-M10"", ""2015-M11"", ""2015-M12""], ""source_observation_count"": 3, ""source_series_dimensions"": {""ACCESS_SHARING_LEVEL"": ""PUBLIC_OPEN"", ""COICOP_1999"": ""_T"", ""COMMON_REFERENCE_PERIOD"": ""2025A"", ""COUNTRY"": ""SVN"", ""FREQUENCY"": ""M"", ""IFS_FLAG"": ""true"", ""INDEX_TYPE"": ""CPI"", ""OVERLAP"": ""OL"", ""SCALE"": ""0"", ""SECURITY_CLASSIFICATION"": ""PUB"", ""TYPE_OF_TRANSFORMATION"": ""IX""}}"
SWE,cpi_index_all_items_quarterly_imf,2015-Q1,quarterly,92.96666666666668,\N,derived,IMF_CPI,IMF|ACCESS_SHARING_LEVEL=PUBLIC_OPEN|COICOP_1999=_T|COMMON_REFERENCE_PERIOD=2020A|FREQUENCY=M|IFS_FLAG=true|INDEX_TYPE=CPI|OVERLAP=OL|SCALE=0|SECURITY_CLASSIFICATION=PUB|TYPE_OF_TRANSFORMATION=IX|aggregation=quarterly_mean,\N,"{""aggregation_method"": ""quarterly_mean"", ""source_derivation_types"": [""O"", ""O"", ""O""], ""source_months"": [""2015-M01"", ""2015-M02"", ""2015-M03""], ""source_observation_count"": 3, ""source_series_dimensions"": {""ACCESS_SHARING_LEVEL"": ""PUBLIC_OPEN"", ""COICOP_1999"": ""_T"", ""COMMON_REFERENCE_PERIOD"": ""2020A"", ""COUNTRY"": ""SWE"", ""FREQUENCY"": ""M"", ""IFS_FLAG"": ""true"", ""INDEX_TYPE"": ""CPI"", ""OVERLAP"": ""OL"", ""SCALE"": ""0"", ""SECURITY_CLASSIFICATION"": ""PUB"", ""TYPE_OF_TRANSFORMATION"": ""IX""}}"
SWE,cpi_index_all_items_quarterly_imf,2015-Q2,quarterly,93.34666666666665,\N,derived,IMF_CPI,IMF|ACCESS_SHARING_LEVEL=PUBLIC_OPEN|COICOP_1999=_T|COMMON_REFERENCE_PERIOD=2020A|FREQUENCY=M|IFS_FLAG=true|INDEX_TYPE=CPI|OVERLAP=OL|SCALE=0|SECURITY_CLASSIFICATION=PUB|TYPE_OF_TRANSFORMATION=IX|aggregation=quarterly_mean,\N,"{""aggregation_method"": ""quarterly_mean"", ""source_derivation_types"": [""O"", ""O"", ""O""], ""source_months"": [""2015-M04"", ""2015-M05"", ""2015-M06""], ""source_observation_count"": 3, ""source_series_dimensions"": {""ACCESS_SHARING_LEVEL"": ""PUBLIC_OPEN"", ""COICOP_1999"": ""_T"", ""COMMON_REFERENCE_PERIOD"": ""2020A"", ""COUNTRY"": ""SWE"", ""FREQUENCY"": ""M"", ""IFS_FLAG"": ""true"", ""INDEX_TYPE"": ""CPI"", ""OVERLAP"": ""OL"", ""SCALE"": ""0"", ""SECURITY_CLASSIFICATION"": ""PUB"", ""TYPE_OF_TRANSFORMATION"": ""IX""}}"
SWE,cpi_index_all_items_quarterly_imf,2015-Q3,quarterly,93.30333333333334,\N,derived,IMF_CPI,IMF|ACCESS_SHARING_LEVEL=PUBLIC_OPEN|COICOP_1999=_T|COMMON_REFERENCE_PERIOD=2020A|FREQUENCY=M|IFS_FLAG=true|INDEX_TYPE=CPI|OVERLAP=OL|SCALE=0|SECURITY_CLASSIFICATION=PUB|TYPE_OF_TRANSFORMATION=IX|aggregation=quarterly_mean,\N,"{""aggregation_method"": ""quarterly_mean"", ""source_derivation_types"": [""O"", ""O"", ""O""], ""source_months"": [""2015-M07"", ""2015-M08"", ""2015-M09""], ""source_observation_count"": 3, ""source_series_dimensions"": {""ACCESS_SHARING_LEVEL"": ""PUBLIC_OPEN"", ""COICOP_1999"": ""_T"", ""COMMON_REFERENCE_PERIOD"": ""2020A"", ""COUNTRY"": ""SWE"", ""FREQUENCY"": ""M"", ""IFS_FLAG"": ""true"", ""INDEX_TYPE"": ""CPI"", ""OVERLAP"": ""OL"", ""SCALE"": ""0"", ""SECURITY_CLASSIFICATION"": ""PUB"", ""TYPE_OF_TRANSFORMATION"": ""IX""}}"
SWE,cpi_index_all_items_quarterly_imf,2015-Q4,quarterly,93.5,\N,derived,IMF_CPI,IMF|ACCESS_SHARING_LEVEL=PUBLIC_OPEN|COICOP_1999=_T|COMMON_REFERENCE_PERIOD=2020A|FREQUENCY=M|IFS_FLAG=true|INDEX_TYPE=CPI|OVERLAP=OL|SCALE=0|SECURITY_CLASSIFICATION=PUB|TYPE_OF_TRANSFORMATION=IX|aggregation=quarterly_mean,\N,"{""aggregation_method"": ""quarterly_mean"", ""source_derivation_types"": [""O"", ""O"", ""O""], ""source_months"": [""2015-M10"", ""2015-M11"", ""2015-M12""], ""source_observation_count"": 3, ""source_series_dimensions"": {""ACCESS_SHARING_LEVEL"": ""PUBLIC_OPEN"", ""COICOP_1999"": ""_T"", ""COMMON_REFERENCE_PERIOD"": ""2020A"", ""COUNTRY"": ""SWE"", ""FREQUENCY"": ""M"", ""IFS_FLAG"": ""true"", ""INDEX_TYPE"": ""CPI"", ""OVERLAP"": ""OL"", ""SCALE"": ""0"", ""SECURITY_CLASSIFICATION"": ""PUB"", ""TYPE_OF_TRANSFORMATION"": ""IX""}}"
SWZ,cpi_index_all_items_quarterly_imf,2015-Q1,quarterly,76.38735235618594,\N,derived,IMF_CPI,IMF|ACCESS_SHARING_LEVEL=PUBLIC_OPEN|COICOP_1999=_T|COMMON_REFERENCE_PERIOD=2020M6|FREQUENCY=M|IFS_FLAG=true|INDEX_TYPE=CPI|OVERLAP=OL|SCALE=0|SECURITY_CLASSIFICATION=PUB|TYPE_OF_TRANSFORMATION=IX|aggregation=quarterly_mean,\N,"{""aggregation_method"": ""quarterly_mean"", ""source_derivation_types"": [""O"", ""O"", ""O""], ""source_months"": [""2015-M01"", ""2015-M02"", ""2015-M03""], ""source_observation_count"": 3, ""source_series_dimensions"": {""ACCESS_SHARING_LEVEL"": ""PUBLIC_OPEN"", ""COICOP_1999"": ""_T"", ""COMMON_REFERENCE_PERIOD"": ""2020M6"", ""COUNTRY"": ""SWZ"", ""FREQUENCY"": ""M"", ""IFS_FLAG"": ""true"", ""INDEX_TYPE"": ""CPI"", ""OVERLAP"": ""OL"", ""SCALE"": ""0"", ""SECURITY_CLASSIFICATION"": ""PUB"", ""TYPE_OF_TRANSFORMATION"": ""IX""}}"
SWZ,cpi_index_all_items_quarterly_imf,2015-Q2,quarterly,78.10377096540076,\N,derived,IMF_CPI,IMF|ACCESS_SHARING_LEVEL=PUBLIC_OPEN|COICOP_1999=_T|COMMON_REFERENCE_PERIOD=2020M6|FREQUENCY=M|IFS_FLAG=true|INDEX_TYPE=CPI|OVERLAP=OL|SCALE=0|SECURITY_CLASSIFICATION=PUB|TYPE_OF_TRANSFORMATION=IX|aggregation=quarterly_mean,\N,"{""aggregation_method"": ""quarterly_mean"", ""source_derivation_types"": [""O"", ""O"", ""O""], ""source_months"": [""2015-M04"", ""2015-M05"", ""2015-M06""], ""source_observation_count"": 3, ""source_series_dimensions"": {""ACCESS_SHARING_LEVEL"": ""PUBLIC_OPEN"", ""COICOP_1999"": ""_T"", ""COMMON_REFERENCE_PERIOD"": ""2020M6"", ""COUNTRY"": ""SWZ"", ""FREQUENCY"": ""M"", ""IFS_FLAG"": ""true"", ""INDEX_TYPE"": ""CPI"", ""OVERLAP"": ""OL"", ""SCALE"": ""0"", ""SECURITY_CLASSIFICATION"": ""PUB"", ""TYPE_OF_TRANSFORMATION"": ""IX""}}"
SWZ,cpi_index_all_items_quarterly_imf,2015-Q3,quarterly,79.02109237805901,\N,derived,IMF_CPI,IMF|ACCESS_SHARING_LEVEL=PUBLIC_OPEN|COICOP_1999=_T|COMMON_REFERENCE_PERIOD=2020M6|FREQUENCY=M|IFS_FLAG=true|INDEX_TYPE=CPI|OVERLAP=OL|SCALE=0|SECURITY_CLASSIFICATION=PUB|TYPE_OF_TRANSFORMATION=IX|aggregation=quarterly_mean,\N,"{""aggregation_method"": ""quarterly_mean"", ""source_derivation_types"": [""O"", ""O"", ""O""], ""source_months"": [""2015-M07"", ""2015-M08"", ""2015-M09""], ""source_observation_count"": 3, ""source_series_dimensions"": {""ACCESS_SHARING_LEVEL"": ""PUBLIC_OPEN"", ""COICOP_1999"": ""_T"", ""COMMON_REFERENCE_PERIOD"": ""2020M6"", ""COUNTRY"": ""SWZ"", ""FREQUENCY"": ""M"", ""IFS_FLAG"": ""true"", ""INDEX_TYPE"": ""CPI"", ""OVERLAP"": ""OL"", ""SCALE"": ""0"", ""SECURITY_CLASSIFICATION"": ""PUB"", ""TYPE_OF_TRANSFORMATION"": ""IX""}}"
SWZ,cpi_index_all_items_quarterly_imf,2015-Q4,quarterly,79.51807274585558,\N,derived,IMF_CPI,IMF|ACCESS_SHARING_LEVEL=PUBLIC_OPEN|COICOP_1999=_T|COMMON_REFERENCE_PERIOD=2020M6|FREQUENCY=M|IFS_FLAG=true|INDEX_TYPE=CPI|OVERLAP=OL|SCALE=0|SECURITY_CLASSIFICATION=PUB|TYPE_OF_TRANSFORMATION=IX|aggregation=quarterly_mean,\N,"{""aggregation_method"": ""quarterly_mean"", ""source_derivation_types"": [""O"", ""O"", ""O""], ""source_months"": [""2015-M10"", ""2015-M11"", ""2015-M12""], ""source_observation_count"": 3, ""source_series_dimensions"": {""ACCESS_SHARING_LEVEL"": ""PUBLIC_OPEN"", ""COICOP_1999"": ""_T"", ""COMMON_REFERENCE_PERIOD"": ""2020M6"", ""COUNTRY"": ""SWZ"", ""FREQUENCY"": ""M"", ""IFS_FLAG"": ""true"", ""INDEX_TYPE"": ""CPI"", ""OVERLAP"": ""OL"", ""SCALE"": ""0"", ""SECURITY_CLASSIFICATION"": ""PUB"", ""TYPE_OF_TRANSFORMATION"": ""IX""}}"
SXM,cpi_index_all_items_quarterly_imf,2015-Q1,quarterly,127.23652533333335,\N,derived,IMF_CPI,IMF|ACCESS_SHARING_LEVEL=PUBLIC_OPEN|COICOP_1999=_T|COMMON_REFERENCE_PERIOD=2006M10|FREQUENCY=M|IFS_FLAG=true|INDEX_TYPE=CPI|OVERLAP=OL|SCALE=0|SECURITY_CLASSIFICATION=PUB|TYPE_OF_TRANSFORMATION=IX|aggregation=quarterly_mean,\N,"{""aggregation_method"": ""quarterly_mean"", ""source_derivation_types"": [""O"", ""O"", ""O""], ""source_months"": [""2015-M01"", ""2015-M02"", ""2015-M03""], ""source_observation_count"": 3, ""source_series_dimensions"": {""ACCESS_SHARING_LEVEL"": ""PUBLIC_OPEN"", ""COICOP_1999"": ""_T"", ""COMMON_REFERENCE_PERIOD"": ""2006M10"", ""COUNTRY"": ""SXM"", ""FREQUENCY"": ""M"", ""IFS_FLAG"": ""true"", ""INDEX_TYPE"": ""CPI"", ""OVERLAP"": ""OL"", ""SCALE"": ""0"", ""SECURITY_CLASSIFICATION"": ""PUB"", ""TYPE_OF_TRANSFORMATION"": ""IX""}}"
SXM,cpi_index_all_items_quarterly_imf,2015-Q2,quarterly,126.49702,\N,derived,IMF_CPI,IMF|ACCESS_SHARING_LEVEL=PUBLIC_OPEN|COICOP_1999=_T|COMMON_REFERENCE_PERIOD=2006M10|FREQUENCY=M|IFS_FLAG=true|INDEX_TYPE=CPI|OVERLAP=OL|SCALE=0|SECURITY_CLASSIFICATION=PUB|TYPE_OF_TRANSFORMATION=IX|aggregation=quarterly_mean,\N,"{""aggregation_method"": ""quarterly_mean"", ""source_derivation_types"": [""O"", ""O"", ""O""], ""source_months"": [""2015-M04"", ""2015-M05"", ""2015-M06""], ""source_observation_count"": 3, ""source_series_dimensions"": {""ACCESS_SHARING_LEVEL"": ""PUBLIC_OPEN"", ""COICOP_1999"": ""_T"", ""COMMON_REFERENCE_PERIOD"": ""2006M10"", ""COUNTRY"": ""SXM"", ""FREQUENCY"": ""M"", ""IFS_FLAG"": ""true"", ""INDEX_TYPE"": ""CPI"", ""OVERLAP"": ""OL"", ""SCALE"": ""0"", ""SECURITY_CLASSIFICATION"": ""PUB"", ""TYPE_OF_TRANSFORMATION"": ""IX""}}"
SXM,cpi_index_all_items_quarterly_imf,2015-Q3,quarterly,126.86666666666667,\N,derived,IMF_CPI,IMF|ACCESS_SHARING_LEVEL=PUBLIC_OPEN|COICOP_1999=_T|COMMON_REFERENCE_PERIOD=2006M10|FREQUENCY=M|IFS_FLAG=true|INDEX_TYPE=CPI|OVERLAP=OL|SCALE=0|SECURITY_CLASSIFICATION=PUB|TYPE_OF_TRANSFORMATION=IX|aggregation=quarterly_mean,\N,"{""aggregation_method"": ""quarterly_mean"", ""source_derivation_types"": [""O"", ""O"", ""O""], ""source_months"": [""2015-M07"", ""2015-M08"", ""2015-M09""], ""source_observation_count"": 3, ""source_series_dimensions"": {""ACCESS_SHARING_LEVEL"": ""PUBLIC_OPEN"", ""COICOP_1999"": ""_T"", ""COMMON_REFERENCE_PERIOD"": ""2006M10"", ""COUNTRY"": ""SXM"", ""FREQUENCY"": ""M"", ""IFS_FLAG"": ""true"", ""INDEX_TYPE"": ""CPI"", ""OVERLAP"": ""OL"", ""SCALE"": ""0"", ""SECURITY_CLASSIFICATION"": ""PUB"", ""TYPE_OF_TRANSFORMATION"": ""IX""}}"
SXM,cpi_index_all_items_quarterly_imf,2015-Q4,quarterly,126.59999999999998,\N,derived,IMF_CPI,IMF|ACCESS_SHARING_LEVEL=PUBLIC_OPEN|COICOP_1999=_T|COMMON_REFERENCE_PERIOD=2006M10|FREQUENCY=M|IFS_FLAG=true|INDEX_TYPE=CPI|OVERLAP=OL|SCALE=0|SECURITY_CLASSIFICATION=PUB|TYPE_OF_TRANSFORMATION=IX|aggregation=quarterly_mean,\N,"{""aggregation_method"": ""quarterly_mean"", ""source_derivation_types"": [""O"", ""O"", ""O""], ""source_months"": [""2015-M10"", ""2015-M11"", ""2015-M12""], ""source_observation_count"": 3, ""source_series_dimensions"": {""ACCESS_SHARING_LEVEL"": ""PUBLIC_OPEN"", ""COICOP_1999"": ""_T"", ""COMMON_REFERENCE_PERIOD"": ""2006M10"", ""COUNTRY"": ""SXM"", ""FREQUENCY"": ""M"", ""IFS_FLAG"": ""true"", ""INDEX_TYPE"": ""CPI"", ""OVERLAP"": ""OL"", ""SCALE"": ""0"", ""SECURITY_CLASSIFICATION"": ""PUB"", ""TYPE_OF_TRANSFORMATION"": ""IX""}}"
SYC,cpi_index_all_items_quarterly_imf,2015-Q1,quarterly,104.03135044017934,\N,derived,IMF_CPI,IMF|ACCESS_SHARING_LEVEL=PUBLIC_OPEN|COICOP_1999=_T|COMMON_REFERENCE_PERIOD=2014A|FREQUENCY=M|IFS_FLAG=true|INDEX_TYPE=CPI|OVERLAP=OL|SCALE=0|SECURITY_CLASSIFICATION=PUB|TYPE_OF_TRANSFORMATION=IX|aggregation=quarterly_mean,\N,"{""aggregation_method"": ""quarterly_mean"", ""source_derivation_types"": [""O"", ""O"", ""O""], ""source_months"": [""2015-M01"", ""2015-M02"", ""2015-M03""], ""source_observation_count"": 3, ""source_series_dimensions"": {""ACCESS_SHARING_LEVEL"": ""PUBLIC_OPEN"", ""COICOP_1999"": ""_T"", ""COMMON_REFERENCE_PERIOD"": ""2014A"", ""COUNTRY"": ""SYC"", ""FREQUENCY"": ""M"", ""IFS_FLAG"": ""true"", ""INDEX_TYPE"": ""CPI"", ""OVERLAP"": ""OL"", ""SCALE"": ""0"", ""SECURITY_CLASSIFICATION"": ""PUB"", ""TYPE_OF_TRANSFORMATION"": ""IX""}}"
SYC,cpi_index_all_items_quarterly_imf,2015-Q2,quarterly,103.99463948713166,\N,derived,IMF_CPI,IMF|ACCESS_SHARING_LEVEL=PUBLIC_OPEN|COICOP_1999=_T|COMMON_REFERENCE_PERIOD=2014A|FREQUENCY=M|IFS_FLAG=true|INDEX_TYPE=CPI|OVERLAP=OL|SCALE=0|SECURITY_CLASSIFICATION=PUB|TYPE_OF_TRANSFORMATION=IX|aggregation=quarterly_mean,\N,"{""aggregation_method"": ""quarterly_mean"", ""source_derivation_types"": [""O"", ""O"", ""O""], ""source_months"": [""2015-M04"", ""2015-M05"", ""2015-M06""], ""source_observation_count"": 3, ""source_series_dimensions"": {""ACCESS_SHARING_LEVEL"": ""PUBLIC_OPEN"", ""COICOP_1999"": ""_T"", ""COMMON_REFERENCE_PERIOD"": ""2014A"", ""COUNTRY"": ""SYC"", ""FREQUENCY"": ""M"", ""IFS_FLAG"": ""true"", ""INDEX_TYPE"": ""CPI"", ""OVERLAP"": ""OL"", ""SCALE"": ""0"", ""SECURITY_CLASSIFICATION"": ""PUB"", ""TYPE_OF_TRANSFORMATION"": ""IX""}}"
SYC,cpi_index_all_items_quarterly_imf,2015-Q3,quarterly,104.537719631698,\N,derived,IMF_CPI,IMF|ACCESS_SHARING_LEVEL=PUBLIC_OPEN|COICOP_1999=_T|COMMON_REFERENCE_PERIOD=2014A|FREQUENCY=M|IFS_FLAG=true|INDEX_TYPE=CPI|OVERLAP=OL|SCALE=0|SECURITY_CLASSIFICATION=PUB|TYPE_OF_TRANSFORMATION=IX|aggregation=quarterly_mean,\N,"{""aggregation_method"": ""quarterly_mean"", ""source_derivation_types"": [""O"", ""O"", ""O""], ""source_months"": [""2015-M07"", ""2015-M08"", ""2015-M09""], ""source_observation_count"": 3, ""source_series_dimensions"": {""ACCESS_SHARING_LEVEL"": ""PUBLIC_OPEN"", ""COICOP_1999"": ""_T"", ""COMMON_REFERENCE_PERIOD"": ""2014A"", ""COUNTRY"": ""SYC"", ""FREQUENCY"": ""M"", ""IFS_FLAG"": ""true"", ""INDEX_TYPE"": ""CPI"", ""OVERLAP"": ""OL"", ""SCALE"": ""0"", ""SECURITY_CLASSIFICATION"": ""PUB"", ""TYPE_OF_TRANSFORMATION"": ""IX""}}"
SYC,cpi_index_all_items_quarterly_imf,2015-Q4,quarterly,103.60406687001601,\N,derived,IMF_CPI,IMF|ACCESS_SHARING_LEVEL=PUBLIC_OPEN|COICOP_1999=_T|COMMON_REFERENCE_PERIOD=2014A|FREQUENCY=M|IFS_FLAG=true|INDEX_TYPE=CPI|OVERLAP=OL|SCALE=0|SECURITY_CLASSIFICATION=PUB|TYPE_OF_TRANSFORMATION=IX|aggregation=quarterly_mean,\N,"{""aggregation_method"": ""quarterly_mean"", ""source_derivation_types"": [""O"", ""O"", ""O""], ""source_months"": [""2015-M10"", ""2015-M11"", ""2015-M12""], ""source_observation_count"": 3, ""source_series_dimensions"": {""ACCESS_SHARING_LEVEL"": ""PUBLIC_OPEN"", ""COICOP_1999"": ""_T"", ""COMMON_REFERENCE_PERIOD"": ""2014A"", ""COUNTRY"": ""SYC"", ""FREQUENCY"": ""M"", ""IFS_FLAG"": ""true"", ""INDEX_TYPE"": ""CPI"", ""OVERLAP"": ""OL"", ""SCALE"": ""0"", ""SECURITY_CLASSIFICATION"": ""PUB"", ""TYPE_OF_TRANSFORMATION"": ""IX""}}"
SYR,cpi_index_all_items_quarterly_imf,2015-Q1,quarterly,397.1666666666667,\N,derived,IMF_CPI,IMF|ACCESS_SHARING_LEVEL=PUBLIC_OPEN|COICOP_1999=_T|COMMON_REFERENCE_PERIOD=2010A|FREQUENCY=M|IFS_FLAG=true|INDEX_TYPE=CPI|OVERLAP=OL|SCALE=0|SECURITY_CLASSIFICATION=PUB|TYPE_OF_TRANSFORMATION=IX|aggregation=quarterly_mean,\N,"{""aggregation_method"": ""quarterly_mean"", ""source_derivation_types"": [""O"", ""O"", ""O""], ""source_months"": [""2015-M01"", ""2015-M02"", ""2015-M03""], ""source_observation_count"": 3, ""source_series_dimensions"": {""ACCESS_SHARING_LEVEL"": ""PUBLIC_OPEN"", ""COICOP_1999"": ""_T"", ""COMMON_REFERENCE_PERIOD"": ""2010A"", ""COUNTRY"": ""SYR"", ""FREQUENCY"": ""M"", ""IFS_FLAG"": ""true"", ""INDEX_TYPE"": ""CPI"", ""OVERLAP"": ""OL"", ""SCALE"": ""0"", ""SECURITY_CLASSIFICATION"": ""PUB"", ""TYPE_OF_TRANSFORMATION"": ""IX""}}"
SYR,cpi_index_all_items_quarterly_imf,2015-Q2,quarterly,433.76666666666665,\N,derived,IMF_CPI,IMF|ACCESS_SHARING_LEVEL=PUBLIC_OPEN|COICOP_1999=_T|COMMON_REFERENCE_PERIOD=2010A|FREQUENCY=M|IFS_FLAG=true|INDEX_TYPE=CPI|OVERLAP=OL|SCALE=0|SECURITY_CLASSIFICATION=PUB|TYPE_OF_TRANSFORMATION=IX|aggregation=quarterly_mean,\N,"{""aggregation_method"": ""quarterly_mean"", ""source_derivation_types"": [""O"", ""O"", ""O""], ""source_months"": [""2015-M04"", ""2015-M05"", ""2015-M06""], ""source_observation_count"": 3, ""source_series_dimensions"": {""ACCESS_SHARING_LEVEL"": ""PUBLIC_OPEN"", ""COICOP_1999"": ""_T"", ""COMMON_REFERENCE_PERIOD"": ""2010A"", ""COUNTRY"": ""SYR"", ""FREQUENCY"": ""M"", ""IFS_FLAG"": ""true"", ""INDEX_TYPE"": ""CPI"", ""OVERLAP"": ""OL"", ""SCALE"": ""0"", ""SECURITY_CLASSIFICATION"": ""PUB"", ""TYPE_OF_TRANSFORMATION"": ""IX""}}"
SYR,cpi_index_all_items_quarterly_imf,2015-Q3,quarterly,455.3666666666666,\N,derived,IMF_CPI,IMF|ACCESS_SHARING_LEVEL=PUBLIC_OPEN|COICOP_1999=_T|COMMON_REFERENCE_PERIOD=2010A|FREQUENCY=M|IFS_FLAG=true|INDEX_TYPE=CPI|OVERLAP=OL|SCALE=0|SECURITY_CLASSIFICATION=PUB|TYPE_OF_TRANSFORMATION=IX|aggregation=quarterly_mean,\N,"{""aggregation_method"": ""quarterly_mean"", ""source_derivation_types"": [""O"", ""O"", ""O""], ""source_months"": [""2015-M07"", ""2015-M08"", ""2015-M09""], ""source_observation_count"": 3, ""source_series_dimensions"": {""ACCESS_SHARING_LEVEL"": ""PUBLIC_OPEN"", ""COICOP_1999"": ""_T"", ""COMMON_REFERENCE_PERIOD"": ""2010A"", ""COUNTRY"": ""SYR"", ""FREQUENCY"": ""M"", ""IFS_FLAG"": ""true"", ""INDEX_TYPE"": ""CPI"", ""OVERLAP"": ""OL"", ""SCALE"": ""0"", ""SECURITY_CLASSIFICATION"": ""PUB"", ""TYPE_OF_TRANSFORMATION"": ""IX""}}"
SYR,cpi_index_all_items_quarterly_imf,2015-Q4,quarterly,509.0333333333333,\N,derived,IMF_CPI,IMF|ACCESS_SHARING_LEVEL=PUBLIC_OPEN|COICOP_1999=_T|COMMON_REFERENCE_PERIOD=2010A|FREQUENCY=M|IFS_FLAG=true|INDEX_TYPE=CPI|OVERLAP=OL|SCALE=0|SECURITY_CLASSIFICATION=PUB|TYPE_OF_TRANSFORMATION=IX|aggregation=quarterly_mean,\N,"{""aggregation_method"": ""quarterly_mean"", ""source_derivation_types"": [""O"", ""O"", ""O""], ""source_months"": [""2015-M10"", ""2015-M11"", ""2015-M12""], ""source_observation_count"": 3, ""source_series_dimensions"": {""ACCESS_SHARING_LEVEL"": ""PUBLIC_OPEN"", ""COICOP_1999"": ""_T"", ""COMMON_REFERENCE_PERIOD"": ""2010A"", ""COUNTRY"": ""SYR"", ""FREQUENCY"": ""M"", ""IFS_FLAG"": ""true"", ""INDEX_TYPE"": ""CPI"", ""OVERLAP"": ""OL"", ""SCALE"": ""0"", ""SECURITY_CLASSIFICATION"": ""PUB"", ""TYPE_OF_TRANSFORMATION"": ""IX""}}"
TCD,cpi_index_all_items_quarterly_imf,2015-Q1,quarterly,81.25603429875385,\N,derived,IMF_CPI,IMF|ACCESS_SHARING_LEVEL=PUBLIC_OPEN|COICOP_1999=_T|COMMON_REFERENCE_PERIOD=2022A|FREQUENCY=M|IFS_FLAG=true|INDEX_TYPE=CPI|OVERLAP=OL|SCALE=0|SECURITY_CLASSIFICATION=PUB|TYPE_OF_TRANSFORMATION=IX|aggregation=quarterly_mean,\N,"{""aggregation_method"": ""quarterly_mean"", ""source_derivation_types"": [""O"", ""O"", ""O""], ""source_months"": [""2015-M01"", ""2015-M02"", ""2015-M03""], ""source_observation_count"": 3, ""source_series_dimensions"": {""ACCESS_SHARING_LEVEL"": ""PUBLIC_OPEN"", ""COICOP_1999"": ""_T"", ""COMMON_REFERENCE_PERIOD"": ""2022A"", ""COUNTRY"": ""TCD"", ""FREQUENCY"": ""M"", ""IFS_FLAG"": ""true"", ""INDEX_TYPE"": ""CPI"", ""OVERLAP"": ""OL"", ""SCALE"": ""0"", ""SECURITY_CLASSIFICATION"": ""PUB"", ""TYPE_OF_TRANSFORMATION"": ""IX""}}"
TCD,cpi_index_all_items_quarterly_imf,2015-Q2,quarterly,81.9432041882043,\N,derived,IMF_CPI,IMF|ACCESS_SHARING_LEVEL=PUBLIC_OPEN|COICOP_1999=_T|COMMON_REFERENCE_PERIOD=2022A|FREQUENCY=M|IFS_FLAG=true|INDEX_TYPE=CPI|OVERLAP=OL|SCALE=0|SECURITY_CLASSIFICATION=PUB|TYPE_OF_TRANSFORMATION=IX|aggregation=quarterly_mean,\N,"{""aggregation_method"": ""quarterly_mean"", ""source_derivation_types"": [""O"", ""O"", ""O""], ""source_months"": [""2015-M04"", ""2015-M05"", ""2015-M06""], ""source_observation_count"": 3, ""source_series_dimensions"": {""ACCESS_SHARING_LEVEL"": ""PUBLIC_OPEN"", ""COICOP_1999"": ""_T"", ""COMMON_REFERENCE_PERIOD"": ""2022A"", ""COUNTRY"": ""TCD"", ""FREQUENCY"": ""M"", ""IFS_FLAG"": ""true"", ""INDEX_TYPE"": ""CPI"", ""OVERLAP"": ""OL"", ""SCALE"": ""0"", ""SECURITY_CLASSIFICATION"": ""PUB"", ""TYPE_OF_TRANSFORMATION"": ""IX""}}"
TCD,cpi_index_all_items_quarterly_imf,2015-Q3,quarterly,85.493186649778,\N,derived,IMF_CPI,IMF|ACCESS_SHARING_LEVEL=PUBLIC_OPEN|COICOP_1999=_T|COMMON_REFERENCE_PERIOD=2022A|FREQUENCY=M|IFS_FLAG=true|INDEX_TYPE=CPI|OVERLAP=OL|SCALE=0|SECURITY_CLASSIFICATION=PUB|TYPE_OF_TRANSFORMATION=IX|aggregation=quarterly_mean,\N,"{""aggregation_method"": ""quarterly_mean"", ""source_derivation_types"": [""O"", ""O"", ""O""], ""source_months"": [""2015-M07"", ""2015-M08"", ""2015-M09""], ""source_observation_count"": 3, ""source_series_dimensions"": {""ACCESS_SHARING_LEVEL"": ""PUBLIC_OPEN"", ""COICOP_1999"": ""_T"", ""COMMON_REFERENCE_PERIOD"": ""2022A"", ""COUNTRY"": ""TCD"", ""FREQUENCY"": ""M"", ""IFS_FLAG"": ""true"", ""INDEX_TYPE"": ""CPI"", ""OVERLAP"": ""OL"", ""SCALE"": ""0"", ""SECURITY_CLASSIFICATION"": ""PUB"", ""TYPE_OF_TRANSFORMATION"": ""IX""}}"
TCD,cpi_index_all_items_quarterly_imf,2015-Q4,quarterly,85.62664463705518,\N,derived,IMF_CPI,IMF|ACCESS_SHARING_LEVEL=PUBLIC_OPEN|COICOP_1999=_T|COMMON_REFERENCE_PERIOD=2022A|FREQUENCY=M|IFS_FLAG=true|INDEX_TYPE=CPI|OVERLAP=OL|SCALE=0|SECURITY_CLASSIFICATION=PUB|TYPE_OF_TRANSFORMATION=IX|aggregation=quarterly_mean,\N,"{""aggregation_method"": ""quarterly_mean"", ""source_derivation_types"": [""O"", ""O"", ""O""], ""source_months"": [""2015-M10"", ""2015-M11"", ""2015-M12""], ""source_observation_count"": 3, ""source_series_dimensions"": {""ACCESS_SHARING_LEVEL"": ""PUBLIC_OPEN"", ""COICOP_1999"": ""_T"", ""COMMON_REFERENCE_PERIOD"": ""2022A"", ""COUNTRY"": ""TCD"", ""FREQUENCY"": ""M"", ""IFS_FLAG"": ""true"", ""INDEX_TYPE"": ""CPI"", ""OVERLAP"": ""OL"", ""SCALE"": ""0"", ""SECURITY_CLASSIFICATION"": ""PUB"", ""TYPE_OF_TRANSFORMATION"": ""IX""}}"
TGO,cpi_index_all_items_quarterly_imf,2015-Q1,quarterly,79.81978565620375,\N,derived,IMF_CPI,IMF|ACCESS_SHARING_LEVEL=PUBLIC_OPEN|COICOP_1999=_T|COMMON_REFERENCE_PERIOD=2023A|FREQUENCY=M|IFS_FLAG=true|INDEX_TYPE=CPI|OVERLAP=OL|SCALE=0|SECURITY_CLASSIFICATION=PUB|TYPE_OF_TRANSFORMATION=IX|aggregation=quarterly_mean,\N,"{""aggregation_method"": ""quarterly_mean"", ""source_derivation_types"": [""O"", ""O"", ""O""], ""source_months"": [""2015-M01"", ""2015-M02"", ""2015-M03""], ""source_observation_count"": 3, ""source_series_dimensions"": {""ACCESS_SHARING_LEVEL"": ""PUBLIC_OPEN"", ""COICOP_1999"": ""_T"", ""COMMON_REFERENCE_PERIOD"": ""2023A"", ""COUNTRY"": ""TGO"", ""FREQUENCY"": ""M"", ""IFS_FLAG"": ""true"", ""INDEX_TYPE"": ""CPI"", ""OVERLAP"": ""OL"", ""SCALE"": ""0"", ""SECURITY_CLASSIFICATION"": ""PUB"", ""TYPE_OF_TRANSFORMATION"": ""IX""}}"
TGO,cpi_index_all_items_quarterly_imf,2015-Q2,quarterly,81.53322595581172,\N,derived,IMF_CPI,IMF|ACCESS_SHARING_LEVEL=PUBLIC_OPEN|COICOP_1999=_T|COMMON_REFERENCE_PERIOD=2023A|FREQUENCY=M|IFS_FLAG=true|INDEX_TYPE=CPI|OVERLAP=OL|SCALE=0|SECURITY_CLASSIFICATION=PUB|TYPE_OF_TRANSFORMATION=IX|aggregation=quarterly_mean,\N,"{""aggregation_method"": ""quarterly_mean"", ""source_derivation_types"": [""O"", ""O"", ""O""], ""source_months"": [""2015-M04"", ""2015-M05"", ""2015-M06""], ""source_observation_count"": 3, ""source_series_dimensions"": {""ACCESS_SHARING_LEVEL"": ""PUBLIC_OPEN"", ""COICOP_1999"": ""_T"", ""COMMON_REFERENCE_PERIOD"": ""2023A"", ""COUNTRY"": ""TGO"", ""FREQUENCY"": ""M"", ""IFS_FLAG"": ""true"", ""INDEX_TYPE"": ""CPI"", ""OVERLAP"": ""OL"", ""SCALE"": ""0"", ""SECURITY_CLASSIFICATION"": ""PUB"", ""TYPE_OF_TRANSFORMATION"": ""IX""}}"
TGO,cpi_index_all_items_quarterly_imf,2015-Q3,quarterly,82.24295118519096,\N,derived,IMF_CPI,IMF|ACCESS_SHARING_LEVEL=PUBLIC_OPEN|COICOP_1999=_T|COMMON_REFERENCE_PERIOD=2023A|FREQUENCY=M|IFS_FLAG=true|INDEX_TYPE=CPI|OVERLAP=OL|SCALE=0|SECURITY_CLASSIFICATION=PUB|TYPE_OF_TRANSFORMATION=IX|aggregation=quarterly_mean,\N,"{""aggregation_method"": ""quarterly_mean"", ""source_derivation_types"": [""O"", ""O"", ""O""], ""source_months"": [""2015-M07"", ""2015-M08"", ""2015-M09""], ""source_observation_count"": 3, ""source_series_dimensions"": {""ACCESS_SHARING_LEVEL"": ""PUBLIC_OPEN"", ""COICOP_1999"": ""_T"", ""COMMON_REFERENCE_PERIOD"": ""2023A"", ""COUNTRY"": ""TGO"", ""FREQUENCY"": ""M"", ""IFS_FLAG"": ""true"", ""INDEX_TYPE"": ""CPI"", ""OVERLAP"": ""OL"", ""SCALE"": ""0"", ""SECURITY_CLASSIFICATION"": ""PUB"", ""TYPE_OF_TRANSFORMATION"": ""IX""}}"
TGO,cpi_index_all_items_quarterly_imf,2015-Q4,quarterly,81.63593460757589,\N,derived,IMF_CPI,IMF|ACCESS_SHARING_LEVEL=PUBLIC_OPEN|COICOP_1999=_T|COMMON_REFERENCE_PERIOD=2023A|FREQUENCY=M|IFS_FLAG=true|INDEX_TYPE=CPI|OVERLAP=OL|SCALE=0|SECURITY_CLASSIFICATION=PUB|TYPE_OF_TRANSFORMATION=IX|aggregation=quarterly_mean,\N,"{""aggregation_method"": ""quarterly_mean"", ""source_derivation_types"": [""O"", ""O"", ""O""], ""source_months"": [""2015-M10"", ""2015-M11"", ""2015-M12""], ""source_observation_count"": 3, ""source_series_dimensions"": {""ACCESS_SHARING_LEVEL"": ""PUBLIC_OPEN"", ""COICOP_1999"": ""_T"", ""COMMON_REFERENCE_PERIOD"": ""2023A"", ""COUNTRY"": ""TGO"", ""FREQUENCY"": ""M"", ""IFS_FLAG"": ""true"", ""INDEX_TYPE"": ""CPI"", ""OVERLAP"": ""OL"", ""SCALE"": ""0"", ""SECURITY_CLASSIFICATION"": ""PUB"", ""TYPE_OF_TRANSFORMATION"": ""IX""}}"
THA,cpi_index_all_items_quarterly_imf,2015-Q1,quarterly,90.28000000000002,\N,derived,IMF_CPI,IMF|ACCESS_SHARING_LEVEL=PUBLIC_OPEN|COICOP_1999=_T|COMMON_REFERENCE_PERIOD=2023A|FREQUENCY=M|IFS_FLAG=true|INDEX_TYPE=CPI|OVERLAP=OL|SCALE=0|SECURITY_CLASSIFICATION=PUB|TYPE_OF_TRANSFORMATION=IX|aggregation=quarterly_mean,\N,"{""aggregation_method"": ""quarterly_mean"", ""source_derivation_types"": [""O"", ""O"", ""O""], ""source_months"": [""2015-M01"", ""2015-M02"", ""2015-M03""], ""source_observation_count"": 3, ""source_series_dimensions"": {""ACCESS_SHARING_LEVEL"": ""PUBLIC_OPEN"", ""COICOP_1999"": ""_T"", ""COMMON_REFERENCE_PERIOD"": ""2023A"", ""COUNTRY"": ""THA"", ""FREQUENCY"": ""M"", ""IFS_FLAG"": ""true"", ""INDEX_TYPE"": ""CPI"", ""OVERLAP"": ""OL"", ""SCALE"": ""0"", ""SECURITY_CLASSIFICATION"": ""PUB"", ""TYPE_OF_TRANSFORMATION"": ""IX""}}"
THA,cpi_index_all_items_quarterly_imf,2015-Q2,quarterly,90.56333333333333,\N,derived,IMF_CPI,IMF|ACCESS_SHARING_LEVEL=PUBLIC_OPEN|COICOP_1999=_T|COMMON_REFERENCE_PERIOD=2023A|FREQUENCY=M|IFS_FLAG=true|INDEX_TYPE=CPI|OVERLAP=OL|SCALE=0|SECURITY_CLASSIFICATION=PUB|TYPE_OF_TRANSFORMATION=IX|aggregation=quarterly_mean,\N,"{""aggregation_method"": ""quarterly_mean"", ""source_derivation_types"": [""O"", ""O"", ""O""], ""source_months"": [""2015-M04"", ""2015-M05"", ""2015-M06""], ""source_observation_count"": 3, ""source_series_dimensions"": {""ACCESS_SHARING_LEVEL"": ""PUBLIC_OPEN"", ""COICOP_1999"": ""_T"", ""COMMON_REFERENCE_PERIOD"": ""2023A"", ""COUNTRY"": ""THA"", ""FREQUENCY"": ""M"", ""IFS_FLAG"": ""true"", ""INDEX_TYPE"": ""CPI"", ""OVERLAP"": ""OL"", ""SCALE"": ""0"", ""SECURITY_CLASSIFICATION"": ""PUB"", ""TYPE_OF_TRANSFORMATION"": ""IX""}}"
THA,cpi_index_all_items_quarterly_imf,2015-Q3,quarterly,90.46666666666665,\N,derived,IMF_CPI,IMF|ACCESS_SHARING_LEVEL=PUBLIC_OPEN|COICOP_1999=_T|COMMON_REFERENCE_PERIOD=2023A|FREQUENCY=M|IFS_FLAG=true|INDEX_TYPE=CPI|OVERLAP=OL|SCALE=0|SECURITY_CLASSIFICATION=PUB|TYPE_OF_TRANSFORMATION=IX|aggregation=quarterly_mean,\N,"{""aggregation_method"": ""quarterly_mean"", ""source_derivation_types"": [""O"", ""O"", ""O""], ""source_months"": [""2015-M07"", ""2015-M08"", ""2015-M09""], ""source_observation_count"": 3, ""source_series_dimensions"": {""ACCESS_SHARING_LEVEL"": ""PUBLIC_OPEN"", ""COICOP_1999"": ""_T"", ""COMMON_REFERENCE_PERIOD"": ""2023A"", ""COUNTRY"": ""THA"", ""FREQUENCY"": ""M"", ""IFS_FLAG"": ""true"", ""INDEX_TYPE"": ""CPI"", ""OVERLAP"": ""OL"", ""SCALE"": ""0"", ""SECURITY_CLASSIFICATION"": ""PUB"", ""TYPE_OF_TRANSFORMATION"": ""IX""}}"
THA,cpi_index_all_items_quarterly_imf,2015-Q4,quarterly,90.24000000000001,\N,derived,IMF_CPI,IMF|ACCESS_SHARING_LEVEL=PUBLIC_OPEN|COICOP_1999=_T|COMMON_REFERENCE_PERIOD=2023A|FREQUENCY=M|IFS_FLAG=true|INDEX_TYPE=CPI|OVERLAP=OL|SCALE=0|SECURITY_CLASSIFICATION=PUB|TYPE_OF_TRANSFORMATION=IX|aggregation=quarterly_mean,\N,"{""aggregation_method"": ""quarterly_mean"", ""source_derivation_types"": [""O"", ""O"", ""O""], ""source_months"": [""2015-M10"", ""2015-M11"", ""2015-M12""], ""source_observation_count"": 3, ""source_series_dimensions"": {""ACCESS_SHARING_LEVEL"": ""PUBLIC_OPEN"", ""COICOP_1999"": ""_T"", ""COMMON_REFERENCE_PERIOD"": ""2023A"", ""COUNTRY"": ""THA"", ""FREQUENCY"": ""M"", ""IFS_FLAG"": ""true"", ""INDEX_TYPE"": ""CPI"", ""OVERLAP"": ""OL"", ""SCALE"": ""0"", ""SECURITY_CLASSIFICATION"": ""PUB"", ""TYPE_OF_TRANSFORMATION"": ""IX""}}"
TJK,cpi_index_all_items_quarterly_imf,2015-Q1,quarterly,137.597369,\N,derived,IMF_CPI,IMF|ACCESS_SHARING_LEVEL=PUBLIC_OPEN|COICOP_1999=_T|COMMON_REFERENCE_PERIOD=2010A|FREQUENCY=M|IFS_FLAG=true|INDEX_TYPE=CPI|OVERLAP=OL|SCALE=0|SECURITY_CLASSIFICATION=PUB|TYPE_OF_TRANSFORMATION=IX|aggregation=quarterly_mean,\N,"{""aggregation_method"": ""quarterly_mean"", ""source_derivation_types"": [""O"", ""O"", ""O""], ""source_months"": [""2015-M01"", ""2015-M02"", ""2015-M03""], ""source_observation_count"": 3, ""source_series_dimensions"": {""ACCESS_SHARING_LEVEL"": ""PUBLIC_OPEN"", ""COICOP_1999"": ""_T"", ""COMMON_REFERENCE_PERIOD"": ""2010A"", ""COUNTRY"": ""TJK"", ""FREQUENCY"": ""M"", ""IFS_FLAG"": ""true"", ""INDEX_TYPE"": ""CPI"", ""OVERLAP"": ""OL"", ""SCALE"": ""0"", ""SECURITY_CLASSIFICATION"": ""PUB"", ""TYPE_OF_TRANSFORMATION"": ""IX""}}"
TJK,cpi_index_all_items_quarterly_imf,2015-Q2,quarterly,139.65874153333334,\N,derived,IMF_CPI,IMF|ACCESS_SHARING_LEVEL=PUBLIC_OPEN|COICOP_1999=_T|COMMON_REFERENCE_PERIOD=2010A|FREQUENCY=M|IFS_FLAG=true|INDEX_TYPE=CPI|OVERLAP=OL|SCALE=0|SECURITY_CLASSIFICATION=PUB|TYPE_OF_TRANSFORMATION=IX|aggregation=quarterly_mean,\N,"{""aggregation_method"": ""quarterly_mean"", ""source_derivation_types"": [""O"", ""O"", ""O""], ""source_months"": [""2015-M04"", ""2015-M05"", ""2015-M06""], ""source_observation_count"": 3, ""source_series_dimensions"": {""ACCESS_SHARING_LEVEL"": ""PUBLIC_OPEN"", ""COICOP_1999"": ""_T"", ""COMMON_REFERENCE_PERIOD"": ""2010A"", ""COUNTRY"": ""TJK"", ""FREQUENCY"": ""M"", ""IFS_FLAG"": ""true"", ""INDEX_TYPE"": ""CPI"", ""OVERLAP"": ""OL"", ""SCALE"": ""0"", ""SECURITY_CLASSIFICATION"": ""PUB"", ""TYPE_OF_TRANSFORMATION"": ""IX""}}"
TJK,cpi_index_all_items_quarterly_imf,2015-Q3,quarterly,140.66921973333334,\N,derived,IMF_CPI,IMF|ACCESS_SHARING_LEVEL=PUBLIC_OPEN|COICOP_1999=_T|COMMON_REFERENCE_PERIOD=2010A|FREQUENCY=M|IFS_FLAG=true|INDEX_TYPE=CPI|OVERLAP=OL|SCALE=0|SECURITY_CLASSIFICATION=PUB|TYPE_OF_TRANSFORMATION=IX|aggregation=quarterly_mean,\N,"{""aggregation_method"": ""quarterly_mean"", ""source_derivation_types"": [""O"", ""O"", ""O""], ""source_months"": [""2015-M07"", ""2015-M08"", ""2015-M09""], ""source_observation_count"": 3, ""source_series_dimensions"": {""ACCESS_SHARING_LEVEL"": ""PUBLIC_OPEN"", ""COICOP_1999"": ""_T"", ""COMMON_REFERENCE_PERIOD"": ""2010A"", ""COUNTRY"": ""TJK"", ""FREQUENCY"": ""M"", ""IFS_FLAG"": ""true"", ""INDEX_TYPE"": ""CPI"", ""OVERLAP"": ""OL"", ""SCALE"": ""0"", ""SECURITY_CLASSIFICATION"": ""PUB"", ""TYPE_OF_TRANSFORMATION"": ""IX""}}"
TJK,cpi_index_all_items_quarterly_imf,2015-Q4,quarterly,142.6826484333333,\N,derived,IMF_CPI,IMF|ACCESS_SHARING_LEVEL=PUBLIC_OPEN|COICOP_1999=_T|COMMON_REFERENCE_PERIOD=2010A|FREQUENCY=M|IFS_FLAG=true|INDEX_TYPE=CPI|OVERLAP=OL|SCALE=0|SECURITY_CLASSIFICATION=PUB|TYPE_OF_TRANSFORMATION=IX|aggregation=quarterly_mean,\N,"{""aggregation_method"": ""quarterly_mean"", ""source_derivation_types"": [""O"", ""O"", ""O""], ""source_months"": [""2015-M10"", ""2015-M11"", ""2015-M12""], ""source_observation_count"": 3, ""source_series_dimensions"": {""ACCESS_SHARING_LEVEL"": ""PUBLIC_OPEN"", ""COICOP_1999"": ""_T"", ""COMMON_REFERENCE_PERIOD"": ""2010A"", ""COUNTRY"": ""TJK"", ""FREQUENCY"": ""M"", ""IFS_FLAG"": ""true"", ""INDEX_TYPE"": ""CPI"", ""OVERLAP"": ""OL"", ""SCALE"": ""0"", ""SECURITY_CLASSIFICATION"": ""PUB"", ""TYPE_OF_TRANSFORMATION"": ""IX""}}"
TLS,cpi_index_all_items_quarterly_imf,2015-Q1,quarterly,98.50870799810696,\N,derived,IMF_CPI,IMF|ACCESS_SHARING_LEVEL=PUBLIC_OPEN|COICOP_1999=_T|COMMON_REFERENCE_PERIOD=2018M8|FREQUENCY=M|IFS_FLAG=true|INDEX_TYPE=CPI|OVERLAP=OL|SCALE=0|SECURITY_CLASSIFICATION=PUB|TYPE_OF_TRANSFORMATION=IX|aggregation=quarterly_mean,\N,"{""aggregation_method"": ""quarterly_mean"", ""source_derivation_types"": [""O"", ""O"", ""O""], ""source_months"": [""2015-M01"", ""2015-M02"", ""2015-M03""], ""source_observation_count"": 3, ""source_series_dimensions"": {""ACCESS_SHARING_LEVEL"": ""PUBLIC_OPEN"", ""COICOP_1999"": ""_T"", ""COMMON_REFERENCE_PERIOD"": ""2018M8"", ""COUNTRY"": ""TLS"", ""FREQUENCY"": ""M"", ""IFS_FLAG"": ""true"", ""INDEX_TYPE"": ""CPI"", ""OVERLAP"": ""OL"", ""SCALE"": ""0"", ""SECURITY_CLASSIFICATION"": ""PUB"", ""TYPE_OF_TRANSFORMATION"": ""IX""}}"
TLS,cpi_index_all_items_quarterly_imf,2015-Q2,quarterly,98.41486038807382,\N,derived,IMF_CPI,IMF|ACCESS_SHARING_LEVEL=PUBLIC_OPEN|COICOP_1999=_T|COMMON_REFERENCE_PERIOD=2018M8|FREQUENCY=M|IFS_FLAG=true|INDEX_TYPE=CPI|OVERLAP=OL|SCALE=0|SECURITY_CLASSIFICATION=PUB|TYPE_OF_TRANSFORMATION=IX|aggregation=quarterly_mean,\N,"{""aggregation_method"": ""quarterly_mean"", ""source_derivation_types"": [""O"", ""O"", ""O""], ""source_months"": [""2015-M04"", ""2015-M05"", ""2015-M06""], ""source_observation_count"": 3, ""source_series_dimensions"": {""ACCESS_SHARING_LEVEL"": ""PUBLIC_OPEN"", ""COICOP_1999"": ""_T"", ""COMMON_REFERENCE_PERIOD"": ""2018M8"", ""COUNTRY"": ""TLS"", ""FREQUENCY"": ""M"", ""IFS_FLAG"": ""true"", ""INDEX_TYPE"": ""CPI"", ""OVERLAP"": ""OL"", ""SCALE"": ""0"", ""SECURITY_CLASSIFICATION"": ""PUB"", ""TYPE_OF_TRANSFORMATION"": ""IX""}}"
TLS,cpi_index_all_items_quarterly_imf,2015-Q3,quarterly,98.10203502129673,\N,derived,IMF_CPI,IMF|ACCESS_SHARING_LEVEL=PUBLIC_OPEN|COICOP_1999=_T|COMMON_REFERENCE_PERIOD=2018M8|FREQUENCY=M|IFS_FLAG=true|INDEX_TYPE=CPI|OVERLAP=OL|SCALE=0|SECURITY_CLASSIFICATION=PUB|TYPE_OF_TRANSFORMATION=IX|aggregation=quarterly_mean,\N,"{""aggregation_method"": ""quarterly_mean"", ""source_derivation_types"": [""O"", ""O"", ""O""], ""source_months"": [""2015-M07"", ""2015-M08"", ""2015-M09""], ""source_observation_count"": 3, ""source_series_dimensions"": {""ACCESS_SHARING_LEVEL"": ""PUBLIC_OPEN"", ""COICOP_1999"": ""_T"", ""COMMON_REFERENCE_PERIOD"": ""2018M8"", ""COUNTRY"": ""TLS"", ""FREQUENCY"": ""M"", ""IFS_FLAG"": ""true"", ""INDEX_TYPE"": ""CPI"", ""OVERLAP"": ""OL"", ""SCALE"": ""0"", ""SECURITY_CLASSIFICATION"": ""PUB"", ""TYPE_OF_TRANSFORMATION"": ""IX""}}"
TLS,cpi_index_all_items_quarterly_imf,2015-Q4,quarterly,97.60151443445339,\N,derived,IMF_CPI,IMF|ACCESS_SHARING_LEVEL=PUBLIC_OPEN|COICOP_1999=_T|COMMON_REFERENCE_PERIOD=2018M8|FREQUENCY=M|IFS_FLAG=true|INDEX_TYPE=CPI|OVERLAP=OL|SCALE=0|SECURITY_CLASSIFICATION=PUB|TYPE_OF_TRANSFORMATION=IX|aggregation=quarterly_mean,\N,"{""aggregation_method"": ""quarterly_mean"", ""source_derivation_types"": [""O"", ""O"", ""O""], ""source_months"": [""2015-M10"", ""2015-M11"", ""2015-M12""], ""source_observation_count"": 3, ""source_series_dimensions"": {""ACCESS_SHARING_LEVEL"": ""PUBLIC_OPEN"", ""COICOP_1999"": ""_T"", ""COMMON_REFERENCE_PERIOD"": ""2018M8"", ""COUNTRY"": ""TLS"", ""FREQUENCY"": ""M"", ""IFS_FLAG"": ""true"", ""INDEX_TYPE"": ""CPI"", ""OVERLAP"": ""OL"", ""SCALE"": ""0"", ""SECURITY_CLASSIFICATION"": ""PUB"", ""TYPE_OF_TRANSFORMATION"": ""IX""}}"
TON,cpi_index_all_items_quarterly_imf,2015-Q1,quarterly,83.30304420858302,\N,derived,IMF_CPI,IMF|ACCESS_SHARING_LEVEL=PUBLIC_OPEN|COICOP_1999=_T|COMMON_REFERENCE_PERIOD=2021M9|FREQUENCY=M|IFS_FLAG=true|INDEX_TYPE=CPI|OVERLAP=OL|SCALE=0|SECURITY_CLASSIFICATION=PUB|TYPE_OF_TRANSFORMATION=IX|aggregation=quarterly_mean,\N,"{""aggregation_method"": ""quarterly_mean"", ""source_derivation_types"": [""O"", ""O"", ""O""], ""source_months"": [""2015-M01"", ""2015-M02"", ""2015-M03""], ""source_observation_count"": 3, ""source_series_dimensions"": {""ACCESS_SHARING_LEVEL"": ""PUBLIC_OPEN"", ""COICOP_1999"": ""_T"", ""COMMON_REFERENCE_PERIOD"": ""2021M9"", ""COUNTRY"": ""TON"", ""FREQUENCY"": ""M"", ""IFS_FLAG"": ""true"", ""INDEX_TYPE"": ""CPI"", ""OVERLAP"": ""OL"", ""SCALE"": ""0"", ""SECURITY_CLASSIFICATION"": ""PUB"", ""TYPE_OF_TRANSFORMATION"": ""IX""}}"
TON,cpi_index_all_items_quarterly_imf,2015-Q2,quarterly,83.94324590093302,\N,derived,IMF_CPI,IMF|ACCESS_SHARING_LEVEL=PUBLIC_OPEN|COICOP_1999=_T|COMMON_REFERENCE_PERIOD=2021M9|FREQUENCY=M|IFS_FLAG=true|INDEX_TYPE=CPI|OVERLAP=OL|SCALE=0|SECURITY_CLASSIFICATION=PUB|TYPE_OF_TRANSFORMATION=IX|aggregation=quarterly_mean,\N,"{""aggregation_method"": ""quarterly_mean"", ""source_derivation_types"": [""O"", ""O"", ""O""], ""source_months"": [""2015-M04"", ""2015-M05"", ""2015-M06""], ""source_observation_count"": 3, ""source_series_dimensions"": {""ACCESS_SHARING_LEVEL"": ""PUBLIC_OPEN"", ""COICOP_1999"": ""_T"", ""COMMON_REFERENCE_PERIOD"": ""2021M9"", ""COUNTRY"": ""TON"", ""FREQUENCY"": ""M"", ""IFS_FLAG"": ""true"", ""INDEX_TYPE"": ""CPI"", ""OVERLAP"": ""OL"", ""SCALE"": ""0"", ""SECURITY_CLASSIFICATION"": ""PUB"", ""TYPE_OF_TRANSFORMATION"": ""IX""}}"
TON,cpi_index_all_items_quarterly_imf,2015-Q3,quarterly,83.021355463949,\N,derived,IMF_CPI,IMF|ACCESS_SHARING_LEVEL=PUBLIC_OPEN|COICOP_1999=_T|COMMON_REFERENCE_PERIOD=2021M9|FREQUENCY=M|IFS_FLAG=true|INDEX_TYPE=CPI|OVERLAP=OL|SCALE=0|SECURITY_CLASSIFICATION=PUB|TYPE_OF_TRANSFORMATION=IX|aggregation=quarterly_mean,\N,"{""aggregation_method"": ""quarterly_mean"", ""source_derivation_types"": [""O"", ""O"", ""O""], ""source_months"": [""2015-M07"", ""2015-M08"", ""2015-M09""], ""source_observation_count"": 3, ""source_series_dimensions"": {""ACCESS_SHARING_LEVEL"": ""PUBLIC_OPEN"", ""COICOP_1999"": ""_T"", ""COMMON_REFERENCE_PERIOD"": ""2021M9"", ""COUNTRY"": ""TON"", ""FREQUENCY"": ""M"", ""IFS_FLAG"": ""true"", ""INDEX_TYPE"": ""CPI"", ""OVERLAP"": ""OL"", ""SCALE"": ""0"", ""SECURITY_CLASSIFICATION"": ""PUB"", ""TYPE_OF_TRANSFORMATION"": ""IX""}}"
TON,cpi_index_all_items_quarterly_imf,2015-Q4,quarterly,81.484871402309,\N,derived,IMF_CPI,IMF|ACCESS_SHARING_LEVEL=PUBLIC_OPEN|COICOP_1999=_T|COMMON_REFERENCE_PERIOD=2021M9|FREQUENCY=M|IFS_FLAG=true|INDEX_TYPE=CPI|OVERLAP=OL|SCALE=0|SECURITY_CLASSIFICATION=PUB|TYPE_OF_TRANSFORMATION=IX|aggregation=quarterly_mean,\N,"{""aggregation_method"": ""quarterly_mean"", ""source_derivation_types"": [""O"", ""O"", ""O""], ""source_months"": [""2015-M10"", ""2015-M11"", ""2015-M12""], ""source_observation_count"": 3, ""source_series_dimensions"": {""ACCESS_SHARING_LEVEL"": ""PUBLIC_OPEN"", ""COICOP_1999"": ""_T"", ""COMMON_REFERENCE_PERIOD"": ""2021M9"", ""COUNTRY"": ""TON"", ""FREQUENCY"": ""M"", ""IFS_FLAG"": ""true"", ""INDEX_TYPE"": ""CPI"", ""OVERLAP"": ""OL"", ""SCALE"": ""0"", ""SECURITY_CLASSIFICATION"": ""PUB"", ""TYPE_OF_TRANSFORMATION"": ""IX""}}"
TTO,cpi_index_all_items_quarterly_imf,2015-Q1,quarterly,100.0,\N,derived,IMF_CPI,IMF|ACCESS_SHARING_LEVEL=PUBLIC_OPEN|COICOP_1999=_T|COMMON_REFERENCE_PERIOD=2015M1|FREQUENCY=M|IFS_FLAG=true|INDEX_TYPE=CPI|OVERLAP=OL|SCALE=0|SECURITY_CLASSIFICATION=PUB|TYPE_OF_TRANSFORMATION=IX|aggregation=quarterly_mean,\N,"{""aggregation_method"": ""quarterly_mean"", ""source_derivation_types"": [""O"", ""O"", ""O""], ""source_months"": [""2015-M01"", ""2015-M02"", ""2015-M03""], ""source_observation_count"": 3, ""source_series_dimensions"": {""ACCESS_SHARING_LEVEL"": ""PUBLIC_OPEN"", ""COICOP_1999"": ""_T"", ""COMMON_REFERENCE_PERIOD"": ""2015M1"", ""COUNTRY"": ""TTO"", ""FREQUENCY"": ""M"", ""IFS_FLAG"": ""true"", ""INDEX_TYPE"": ""CPI"", ""OVERLAP"": ""OL"", ""SCALE"": ""0"", ""SECURITY_CLASSIFICATION"": ""PUB"", ""TYPE_OF_TRANSFORMATION"": ""IX""}}"
TTO,cpi_index_all_items_quarterly_imf,2015-Q2,quarterly,100.83333333333333,\N,derived,IMF_CPI,IMF|ACCESS_SHARING_LEVEL=PUBLIC_OPEN|COICOP_1999=_T|COMMON_REFERENCE_PERIOD=2015M1|FREQUENCY=M|IFS_FLAG=true|INDEX_TYPE=CPI|OVERLAP=OL|SCALE=0|SECURITY_CLASSIFICATION=PUB|TYPE_OF_TRANSFORMATION=IX|aggregation=quarterly_mean,\N,"{""aggregation_method"": ""quarterly_mean"", ""source_derivation_types"": [""O"", ""O"", ""O""], ""source_months"": [""2015-M04"", ""2015-M05"", ""2015-M06""], ""source_observation_count"": 3, ""source_series_dimensions"": {""ACCESS_SHARING_LEVEL"": ""PUBLIC_OPEN"", ""COICOP_1999"": ""_T"", ""COMMON_REFERENCE_PERIOD"": ""2015M1"", ""COUNTRY"": ""TTO"", ""FREQUENCY"": ""M"", ""IFS_FLAG"": ""true"", ""INDEX_TYPE"": ""CPI"", ""OVERLAP"": ""OL"", ""SCALE"": ""0"", ""SECURITY_CLASSIFICATION"": ""PUB"", ""TYPE_OF_TRANSFORMATION"": ""IX""}}"
TTO,cpi_index_all_items_quarterly_imf,2015-Q3,quarterly,101.77401204255267,\N,derived,IMF_CPI,IMF|ACCESS_SHARING_LEVEL=PUBLIC_OPEN|COICOP_1999=_T|COMMON_REFERENCE_PERIOD=2015M1|FREQUENCY=M|IFS_FLAG=true|INDEX_TYPE=CPI|OVERLAP=OL|SCALE=0|SECURITY_CLASSIFICATION=PUB|TYPE_OF_TRANSFORMATION=IX|aggregation=quarterly_mean,\N,"{""aggregation_method"": ""quarterly_mean"", ""source_derivation_types"": [""O"", ""O"", ""O""], ""source_months"": [""2015-M07"", ""2015-M08"", ""2015-M09""], ""source_observation_count"": 3, ""source_series_dimensions"": {""ACCESS_SHARING_LEVEL"": ""PUBLIC_OPEN"", ""COICOP_1999"": ""_T"", ""COMMON_REFERENCE_PERIOD"": ""2015M1"", ""COUNTRY"": ""TTO"", ""FREQUENCY"": ""M"", ""IFS_FLAG"": ""true"", ""INDEX_TYPE"": ""CPI"", ""OVERLAP"": ""OL"", ""SCALE"": ""0"", ""SECURITY_CLASSIFICATION"": ""PUB"", ""TYPE_OF_TRANSFORMATION"": ""IX""}}"
TTO,cpi_index_all_items_quarterly_imf,2015-Q4,quarterly,102.53333333333335,\N,derived,IMF_CPI,IMF|ACCESS_SHARING_LEVEL=PUBLIC_OPEN|COICOP_1999=_T|COMMON_REFERENCE_PERIOD=2015M1|FREQUENCY=M|IFS_FLAG=true|INDEX_TYPE=CPI|OVERLAP=OL|SCALE=0|SECURITY_CLASSIFICATION=PUB|TYPE_OF_TRANSFORMATION=IX|aggregation=quarterly_mean,\N,"{""aggregation_method"": ""quarterly_mean"", ""source_derivation_types"": [""O"", ""O"", ""O""], ""source_months"": [""2015-M10"", ""2015-M11"", ""2015-M12""], ""source_observation_count"": 3, ""source_series_dimensions"": {""ACCESS_SHARING_LEVEL"": ""PUBLIC_OPEN"", ""COICOP_1999"": ""_T"", ""COMMON_REFERENCE_PERIOD"": ""2015M1"", ""COUNTRY"": ""TTO"", ""FREQUENCY"": ""M"", ""IFS_FLAG"": ""true"", ""INDEX_TYPE"": ""CPI"", ""OVERLAP"": ""OL"", ""SCALE"": ""0"", ""SECURITY_CLASSIFICATION"": ""PUB"", ""TYPE_OF_TRANSFORMATION"": ""IX""}}"
TUN,cpi_index_all_items_quarterly_imf,2015-Q1,quarterly,98.74602862516842,\N,derived,IMF_CPI,IMF|ACCESS_SHARING_LEVEL=PUBLIC_OPEN|COICOP_1999=_T|COMMON_REFERENCE_PERIOD=2015A|FREQUENCY=M|IFS_FLAG=true|INDEX_TYPE=CPI|OVERLAP=OL|SCALE=0|SECURITY_CLASSIFICATION=PUB|TYPE_OF_TRANSFORMATION=IX|aggregation=quarterly_mean,\N,"{""aggregation_method"": ""quarterly_mean"", ""source_derivation_types"": [""O"", ""O"", ""O""], ""source_months"": [""2015-M01"", ""2015-M02"", ""2015-M03""], ""source_observation_count"": 3, ""source_series_dimensions"": {""ACCESS_SHARING_LEVEL"": ""PUBLIC_OPEN"", ""COICOP_1999"": ""_T"", ""COMMON_REFERENCE_PERIOD"": ""2015A"", ""COUNTRY"": ""TUN"", ""FREQUENCY"": ""M"", ""IFS_FLAG"": ""true"", ""INDEX_TYPE"": ""CPI"", ""OVERLAP"": ""OL"", ""SCALE"": ""0"", ""SECURITY_CLASSIFICATION"": ""PUB"", ""TYPE_OF_TRANSFORMATION"": ""IX""}}"
TUN,cpi_index_all_items_quarterly_imf,2015-Q2,quarterly,99.52951925437158,\N,derived,IMF_CPI,IMF|ACCESS_SHARING_LEVEL=PUBLIC_OPEN|COICOP_1999=_T|COMMON_REFERENCE_PERIOD=2015A|FREQUENCY=M|IFS_FLAG=true|INDEX_TYPE=CPI|OVERLAP=OL|SCALE=0|SECURITY_CLASSIFICATION=PUB|TYPE_OF_TRANSFORMATION=IX|aggregation=quarterly_mean,\N,"{""aggregation_method"": ""quarterly_mean"", ""source_derivation_types"": [""O"", ""O"", ""O""], ""source_months"": [""2015-M04"", ""2015-M05"", ""2015-M06""], ""source_observation_count"": 3, ""source_series_dimensions"": {""ACCESS_SHARING_LEVEL"": ""PUBLIC_OPEN"", ""COICOP_1999"": ""_T"", ""COMMON_REFERENCE_PERIOD"": ""2015A"", ""COUNTRY"": ""TUN"", ""FREQUENCY"": ""M"", ""IFS_FLAG"": ""true"", ""INDEX_TYPE"": ""CPI"", ""OVERLAP"": ""OL"", ""SCALE"": ""0"", ""SECURITY_CLASSIFICATION"": ""PUB"", ""TYPE_OF_TRANSFORMATION"": ""IX""}}"
TUN,cpi_index_all_items_quarterly_imf,2015-Q3,quarterly,100.18133139073863,\N,derived,IMF_CPI,IMF|ACCESS_SHARING_LEVEL=PUBLIC_OPEN|COICOP_1999=_T|COMMON_REFERENCE_PERIOD=2015A|FREQUENCY=M|IFS_FLAG=true|INDEX_TYPE=CPI|OVERLAP=OL|SCALE=0|SECURITY_CLASSIFICATION=PUB|TYPE_OF_TRANSFORMATION=IX|aggregation=quarterly_mean,\N,"{""aggregation_method"": ""quarterly_mean"", ""source_derivation_types"": [""O"", ""O"", ""O""], ""source_months"": [""2015-M07"", ""2015-M08"", ""2015-M09""], ""source_observation_count"": 3, ""source_series_dimensions"": {""ACCESS_SHARING_LEVEL"": ""PUBLIC_OPEN"", ""COICOP_1999"": ""_T"", ""COMMON_REFERENCE_PERIOD"": ""2015A"", ""COUNTRY"": ""TUN"", ""FREQUENCY"": ""M"", ""IFS_FLAG"": ""true"", ""INDEX_TYPE"": ""CPI"", ""OVERLAP"": ""OL"", ""SCALE"": ""0"", ""SECURITY_CLASSIFICATION"": ""PUB"", ""TYPE_OF_TRANSFORMATION"": ""IX""}}"
TUN,cpi_index_all_items_quarterly_imf,2015-Q4,quarterly,101.54312072972134,\N,derived,IMF_CPI,IMF|ACCESS_SHARING_LEVEL=PUBLIC_OPEN|COICOP_1999=_T|COMMON_REFERENCE_PERIOD=2015A|FREQUENCY=M|IFS_FLAG=true|INDEX_TYPE=CPI|OVERLAP=OL|SCALE=0|SECURITY_CLASSIFICATION=PUB|TYPE_OF_TRANSFORMATION=IX|aggregation=quarterly_mean,\N,"{""aggregation_method"": ""quarterly_mean"", ""source_derivation_types"": [""O"", ""O"", ""O""], ""source_months"": [""2015-M10"", ""2015-M11"", ""2015-M12""], ""source_observation_count"": 3, ""source_series_dimensions"": {""ACCESS_SHARING_LEVEL"": ""PUBLIC_OPEN"", ""COICOP_1999"": ""_T"", ""COMMON_REFERENCE_PERIOD"": ""2015A"", ""COUNTRY"": ""TUN"", ""FREQUENCY"": ""M"", ""IFS_FLAG"": ""true"", ""INDEX_TYPE"": ""CPI"", ""OVERLAP"": ""OL"", ""SCALE"": ""0"", ""SECURITY_CLASSIFICATION"": ""PUB"", ""TYPE_OF_TRANSFORMATION"": ""IX""}}"
TUR,cpi_index_all_items_quarterly_imf,2015-Q1,quarterly,7.936595,\N,derived,IMF_CPI,IMF|ACCESS_SHARING_LEVEL=PUBLIC_OPEN|COICOP_1999=_T|COMMON_REFERENCE_PERIOD=2025A|FREQUENCY=M|IFS_FLAG=true|INDEX_TYPE=CPI|OVERLAP=OL|SCALE=0|SECURITY_CLASSIFICATION=PUB|TYPE_OF_TRANSFORMATION=IX|aggregation=quarterly_mean,\N,"{""aggregation_method"": ""quarterly_mean"", ""source_derivation_types"": [""O"", ""O"", ""O""], ""source_months"": [""2015-M01"", ""2015-M02"", ""2015-M03""], ""source_observation_count"": 3, ""source_series_dimensions"": {""ACCESS_SHARING_LEVEL"": ""PUBLIC_OPEN"", ""COICOP_1999"": ""_T"", ""COMMON_REFERENCE_PERIOD"": ""2025A"", ""COUNTRY"": ""TUR"", ""FREQUENCY"": ""M"", ""IFS_FLAG"": ""true"", ""INDEX_TYPE"": ""CPI"", ""OVERLAP"": ""OL"", ""SCALE"": ""0"", ""SECURITY_CLASSIFICATION"": ""PUB"", ""TYPE_OF_TRANSFORMATION"": ""IX""}}"
TUR,cpi_index_all_items_quarterly_imf,2015-Q2,quarterly,8.165188666666667,\N,derived,IMF_CPI,IMF|ACCESS_SHARING_LEVEL=PUBLIC_OPEN|COICOP_1999=_T|COMMON_REFERENCE_PERIOD=2025A|FREQUENCY=M|IFS_FLAG=true|INDEX_TYPE=CPI|OVERLAP=OL|SCALE=0|SECURITY_CLASSIFICATION=PUB|TYPE_OF_TRANSFORMATION=IX|aggregation=quarterly_mean,\N,"{""aggregation_method"": ""quarterly_mean"", ""source_derivation_types"": [""O"", ""O"", ""O""], ""source_months"": [""2015-M04"", ""2015-M05"", ""2015-M06""], ""source_observation_count"": 3, ""source_series_dimensions"": {""ACCESS_SHARING_LEVEL"": ""PUBLIC_OPEN"", ""COICOP_1999"": ""_T"", ""COMMON_REFERENCE_PERIOD"": ""2025A"", ""COUNTRY"": ""TUR"", ""FREQUENCY"": ""M"", ""IFS_FLAG"": ""true"", ""INDEX_TYPE"": ""CPI"", ""OVERLAP"": ""OL"", ""SCALE"": ""0"", ""SECURITY_CLASSIFICATION"": ""PUB"", ""TYPE_OF_TRANSFORMATION"": ""IX""}}"
TUR,cpi_index_all_items_quarterly_imf,2015-Q3,quarterly,8.205818333333333,\N,derived,IMF_CPI,IMF|ACCESS_SHARING_LEVEL=PUBLIC_OPEN|COICOP_1999=_T|COMMON_REFERENCE_PERIOD=2025A|FREQUENCY=M|IFS_FLAG=true|INDEX_TYPE=CPI|OVERLAP=OL|SCALE=0|SECURITY_CLASSIFICATION=PUB|TYPE_OF_TRANSFORMATION=IX|aggregation=quarterly_mean,\N,"{""aggregation_method"": ""quarterly_mean"", ""source_derivation_types"": [""O"", ""O"", ""O""], ""source_months"": [""2015-M07"", ""2015-M08"", ""2015-M09""], ""source_observation_count"": 3, ""source_series_dimensions"": {""ACCESS_SHARING_LEVEL"": ""PUBLIC_OPEN"", ""COICOP_1999"": ""_T"", ""COMMON_REFERENCE_PERIOD"": ""2025A"", ""COUNTRY"": ""TUR"", ""FREQUENCY"": ""M"", ""IFS_FLAG"": ""true"", ""INDEX_TYPE"": ""CPI"", ""OVERLAP"": ""OL"", ""SCALE"": ""0"", ""SECURITY_CLASSIFICATION"": ""PUB"", ""TYPE_OF_TRANSFORMATION"": ""IX""}}"
TUR,cpi_index_all_items_quarterly_imf,2015-Q4,quarterly,8.437134666666667,\N,derived,IMF_CPI,IMF|ACCESS_SHARING_LEVEL=PUBLIC_OPEN|COICOP_1999=_T|COMMON_REFERENCE_PERIOD=2025A|FREQUENCY=M|IFS_FLAG=true|INDEX_TYPE=CPI|OVERLAP=OL|SCALE=0|SECURITY_CLASSIFICATION=PUB|TYPE_OF_TRANSFORMATION=IX|aggregation=quarterly_mean,\N,"{""aggregation_method"": ""quarterly_mean"", ""source_derivation_types"": [""O"", ""O"", ""O""], ""source_months"": [""2015-M10"", ""2015-M11"", ""2015-M12""], ""source_observation_count"": 3, ""source_series_dimensions"": {""ACCESS_SHARING_LEVEL"": ""PUBLIC_OPEN"", ""COICOP_1999"": ""_T"", ""COMMON_REFERENCE_PERIOD"": ""2025A"", ""COUNTRY"": ""TUR"", ""FREQUENCY"": ""M"", ""IFS_FLAG"": ""true"", ""INDEX_TYPE"": ""CPI"", ""OVERLAP"": ""OL"", ""SCALE"": ""0"", ""SECURITY_CLASSIFICATION"": ""PUB"", ""TYPE_OF_TRANSFORMATION"": ""IX""}}"
TZA,cpi_index_all_items_quarterly_imf,2015-Q1,quarterly,79.84345924950968,\N,derived,IMF_CPI,IMF|ACCESS_SHARING_LEVEL=PUBLIC_OPEN|COICOP_1999=_T|COMMON_REFERENCE_PERIOD=2020A|FREQUENCY=M|IFS_FLAG=true|INDEX_TYPE=CPI|OVERLAP=OL|SCALE=0|SECURITY_CLASSIFICATION=PUB|TYPE_OF_TRANSFORMATION=IX|aggregation=quarterly_mean,\N,"{""aggregation_method"": ""quarterly_mean"", ""source_derivation_types"": [""O"", ""O"", ""O""], ""source_months"": [""2015-M01"", ""2015-M02"", ""2015-M03""], ""source_observation_count"": 3, ""source_series_dimensions"": {""ACCESS_SHARING_LEVEL"": ""PUBLIC_OPEN"", ""COICOP_1999"": ""_T"", ""COMMON_REFERENCE_PERIOD"": ""2020A"", ""COUNTRY"": ""TZA"", ""FREQUENCY"": ""M"", ""IFS_FLAG"": ""true"", ""INDEX_TYPE"": ""CPI"", ""OVERLAP"": ""OL"", ""SCALE"": ""0"", ""SECURITY_CLASSIFICATION"": ""PUB"", ""TYPE_OF_TRANSFORMATION"": ""IX""}}"
TZA,cpi_index_all_items_quarterly_imf,2015-Q2,quarterly,81.57615287575825,\N,derived,IMF_CPI,IMF|ACCESS_SHARING_LEVEL=PUBLIC_OPEN|COICOP_1999=_T|COMMON_REFERENCE_PERIOD=2020A|FREQUENCY=M|IFS_FLAG=true|INDEX_TYPE=CPI|OVERLAP=OL|SCALE=0|SECURITY_CLASSIFICATION=PUB|TYPE_OF_TRANSFORMATION=IX|aggregation=quarterly_mean,\N,"{""aggregation_method"": ""quarterly_mean"", ""source_derivation_types"": [""O"", ""O"", ""O""], ""source_months"": [""2015-M04"", ""2015-M05"", ""2015-M06""], ""source_observation_count"": 3, ""source_series_dimensions"": {""ACCESS_SHARING_LEVEL"": ""PUBLIC_OPEN"", ""COICOP_1999"": ""_T"", ""COMMON_REFERENCE_PERIOD"": ""2020A"", ""COUNTRY"": ""TZA"", ""FREQUENCY"": ""M"", ""IFS_FLAG"": ""true"", ""INDEX_TYPE"": ""CPI"", ""OVERLAP"": ""OL"", ""SCALE"": ""0"", ""SECURITY_CLASSIFICATION"": ""PUB"", ""TYPE_OF_TRANSFORMATION"": ""IX""}}"
TZA,cpi_index_all_items_quarterly_imf,2015-Q3,quarterly,82.16871973330528,\N,derived,IMF_CPI,IMF|ACCESS_SHARING_LEVEL=PUBLIC_OPEN|COICOP_1999=_T|COMMON_REFERENCE_PERIOD=2020A|FREQUENCY=M|IFS_FLAG=true|INDEX_TYPE=CPI|OVERLAP=OL|SCALE=0|SECURITY_CLASSIFICATION=PUB|TYPE_OF_TRANSFORMATION=IX|aggregation=quarterly_mean,\N,"{""aggregation_method"": ""quarterly_mean"", ""source_derivation_types"": [""O"", ""O"", ""O""], ""source_months"": [""2015-M07"", ""2015-M08"", ""2015-M09""], ""source_observation_count"": 3, ""source_series_dimensions"": {""ACCESS_SHARING_LEVEL"": ""PUBLIC_OPEN"", ""COICOP_1999"": ""_T"", ""COMMON_REFERENCE_PERIOD"": ""2020A"", ""COUNTRY"": ""TZA"", ""FREQUENCY"": ""M"", ""IFS_FLAG"": ""true"", ""INDEX_TYPE"": ""CPI"", ""OVERLAP"": ""OL"", ""SCALE"": ""0"", ""SECURITY_CLASSIFICATION"": ""PUB"", ""TYPE_OF_TRANSFORMATION"": ""IX""}}"
TZA,cpi_index_all_items_quarterly_imf,2015-Q4,quarterly,82.90587532030209,\N,derived,IMF_CPI,IMF|ACCESS_SHARING_LEVEL=PUBLIC_OPEN|COICOP_1999=_T|COMMON_REFERENCE_PERIOD=2020A|FREQUENCY=M|IFS_FLAG=true|INDEX_TYPE=CPI|OVERLAP=OL|SCALE=0|SECURITY_CLASSIFICATION=PUB|TYPE_OF_TRANSFORMATION=IX|aggregation=quarterly_mean,\N,"{""aggregation_method"": ""quarterly_mean"", ""source_derivation_types"": [""O"", ""O"", ""O""], ""source_months"": [""2015-M10"", ""2015-M11"", ""2015-M12""], ""source_observation_count"": 3, ""source_series_dimensions"": {""ACCESS_SHARING_LEVEL"": ""PUBLIC_OPEN"", ""COICOP_1999"": ""_T"", ""COMMON_REFERENCE_PERIOD"": ""2020A"", ""COUNTRY"": ""TZA"", ""FREQUENCY"": ""M"", ""IFS_FLAG"": ""true"", ""INDEX_TYPE"": ""CPI"", ""OVERLAP"": ""OL"", ""SCALE"": ""0"", ""SECURITY_CLASSIFICATION"": ""PUB"", ""TYPE_OF_TRANSFORMATION"": ""IX""}}"
UGA,cpi_index_all_items_quarterly_imf,2015-Q1,quarterly,88.17049304099508,\N,derived,IMF_CPI,IMF|ACCESS_SHARING_LEVEL=PUBLIC_OPEN|COICOP_1999=_T|COMMON_REFERENCE_PERIOD=2016/2017|FREQUENCY=M|IFS_FLAG=true|INDEX_TYPE=CPI|OVERLAP=OL|SCALE=0|SECURITY_CLASSIFICATION=PUB|TYPE_OF_TRANSFORMATION=IX|aggregation=quarterly_mean,\N,"{""aggregation_method"": ""quarterly_mean"", ""source_derivation_types"": [""O"", ""O"", ""O""], ""source_months"": [""2015-M01"", ""2015-M02"", ""2015-M03""], ""source_observation_count"": 3, ""source_series_dimensions"": {""ACCESS_SHARING_LEVEL"": ""PUBLIC_OPEN"", ""COICOP_1999"": ""_T"", ""COMMON_REFERENCE_PERIOD"": ""2016/2017"", ""COUNTRY"": ""UGA"", ""FREQUENCY"": ""M"", ""IFS_FLAG"": ""true"", ""INDEX_TYPE"": ""CPI"", ""OVERLAP"": ""OL"", ""SCALE"": ""0"", ""SECURITY_CLASSIFICATION"": ""PUB"", ""TYPE_OF_TRANSFORMATION"": ""IX""}}"
UGA,cpi_index_all_items_quarterly_imf,2015-Q2,quarterly,90.22225795089173,\N,derived,IMF_CPI,IMF|ACCESS_SHARING_LEVEL=PUBLIC_OPEN|COICOP_1999=_T|COMMON_REFERENCE_PERIOD=2016/2017|FREQUENCY=M|IFS_FLAG=true|INDEX_TYPE=CPI|OVERLAP=OL|SCALE=0|SECURITY_CLASSIFICATION=PUB|TYPE_OF_TRANSFORMATION=IX|aggregation=quarterly_mean,\N,"{""aggregation_method"": ""quarterly_mean"", ""source_derivation_types"": [""O"", ""O"", ""O""], ""source_months"": [""2015-M04"", ""2015-M05"", ""2015-M06""], ""source_observation_count"": 3, ""source_series_dimensions"": {""ACCESS_SHARING_LEVEL"": ""PUBLIC_OPEN"", ""COICOP_1999"": ""_T"", ""COMMON_REFERENCE_PERIOD"": ""2016/2017"", ""COUNTRY"": ""UGA"", ""FREQUENCY"": ""M"", ""IFS_FLAG"": ""true"", ""INDEX_TYPE"": ""CPI"", ""OVERLAP"": ""OL"", ""SCALE"": ""0"", ""SECURITY_CLASSIFICATION"": ""PUB"", ""TYPE_OF_TRANSFORMATION"": ""IX""}}"
UGA,cpi_index_all_items_quarterly_imf,2015-Q3,quarterly,91.89648999018812,\N,derived,IMF_CPI,IMF|ACCESS_SHARING_LEVEL=PUBLIC_OPEN|COICOP_1999=_T|COMMON_REFERENCE_PERIOD=2016/2017|FREQUENCY=M|IFS_FLAG=true|INDEX_TYPE=CPI|OVERLAP=OL|SCALE=0|SECURITY_CLASSIFICATION=PUB|TYPE_OF_TRANSFORMATION=IX|aggregation=quarterly_mean,\N,"{""aggregation_method"": ""quarterly_mean"", ""source_derivation_types"": [""O"", ""O"", ""O""], ""source_months"": [""2015-M07"", ""2015-M08"", ""2015-M09""], ""source_observation_count"": 3, ""source_series_dimensions"": {""ACCESS_SHARING_LEVEL"": ""PUBLIC_OPEN"", ""COICOP_1999"": ""_T"", ""COMMON_REFERENCE_PERIOD"": ""2016/2017"", ""COUNTRY"": ""UGA"", ""FREQUENCY"": ""M"", ""IFS_FLAG"": ""true"", ""INDEX_TYPE"": ""CPI"", ""OVERLAP"": ""OL"", ""SCALE"": ""0"", ""SECURITY_CLASSIFICATION"": ""PUB"", ""TYPE_OF_TRANSFORMATION"": ""IX""}}"
UGA,cpi_index_all_items_quarterly_imf,2015-Q4,quarterly,94.40670044362328,\N,derived,IMF_CPI,IMF|ACCESS_SHARING_LEVEL=PUBLIC_OPEN|COICOP_1999=_T|COMMON_REFERENCE_PERIOD=2016/2017|FREQUENCY=M|IFS_FLAG=true|INDEX_TYPE=CPI|OVERLAP=OL|SCALE=0|SECURITY_CLASSIFICATION=PUB|TYPE_OF_TRANSFORMATION=IX|aggregation=quarterly_mean,\N,"{""aggregation_method"": ""quarterly_mean"", ""source_derivation_types"": [""O"", ""O"", ""O""], ""source_months"": [""2015-M10"", ""2015-M11"", ""2015-M12""], ""source_observation_count"": 3, ""source_series_dimensions"": {""ACCESS_SHARING_LEVEL"": ""PUBLIC_OPEN"", ""COICOP_1999"": ""_T"", ""COMMON_REFERENCE_PERIOD"": ""2016/2017"", ""COUNTRY"": ""UGA"", ""FREQUENCY"": ""M"", ""IFS_FLAG"": ""true"", ""INDEX_TYPE"": ""CPI"", ""OVERLAP"": ""OL"", ""SCALE"": ""0"", ""SECURITY_CLASSIFICATION"": ""PUB"", ""TYPE_OF_TRANSFORMATION"": ""IX""}}"
UKR,cpi_index_all_items_quarterly_imf,2015-Q1,quarterly,144.9,\N,derived,IMF_CPI,IMF|ACCESS_SHARING_LEVEL=PUBLIC_OPEN|COICOP_1999=_T|COMMON_REFERENCE_PERIOD=2010M12|FREQUENCY=M|IFS_FLAG=true|INDEX_TYPE=CPI|OVERLAP=OL|SCALE=0|SECURITY_CLASSIFICATION=PUB|TYPE_OF_TRANSFORMATION=IX|aggregation=quarterly_mean,\N,"{""aggregation_method"": ""quarterly_mean"", ""source_derivation_types"": [""O"", ""O"", ""O""], ""source_months"": [""2015-M01"", ""2015-M02"", ""2015-M03""], ""source_observation_count"": 3, ""source_series_dimensions"": {""ACCESS_SHARING_LEVEL"": ""PUBLIC_OPEN"", ""COICOP_1999"": ""_T"", ""COMMON_REFERENCE_PERIOD"": ""2010M12"", ""COUNTRY"": ""UKR"", ""FREQUENCY"": ""M"", ""IFS_FLAG"": ""true"", ""INDEX_TYPE"": ""CPI"", ""OVERLAP"": ""OL"", ""SCALE"": ""0"", ""SECURITY_CLASSIFICATION"": ""PUB"", ""TYPE_OF_TRANSFORMATION"": ""IX""}}"
UKR,cpi_index_all_items_quarterly_imf,2015-Q2,quarterly,182.4666666666667,\N,derived,IMF_CPI,IMF|ACCESS_SHARING_LEVEL=PUBLIC_OPEN|COICOP_1999=_T|COMMON_REFERENCE_PERIOD=2010M12|FREQUENCY=M|IFS_FLAG=true|INDEX_TYPE=CPI|OVERLAP=OL|SCALE=0|SECURITY_CLASSIFICATION=PUB|TYPE_OF_TRANSFORMATION=IX|aggregation=quarterly_mean,\N,"{""aggregation_method"": ""quarterly_mean"", ""source_derivation_types"": [""O"", ""O"", ""O""], ""source_months"": [""2015-M04"", ""2015-M05"", ""2015-M06""], ""source_observation_count"": 3, ""source_series_dimensions"": {""ACCESS_SHARING_LEVEL"": ""PUBLIC_OPEN"", ""COICOP_1999"": ""_T"", ""COMMON_REFERENCE_PERIOD"": ""2010M12"", ""COUNTRY"": ""UKR"", ""FREQUENCY"": ""M"", ""IFS_FLAG"": ""true"", ""INDEX_TYPE"": ""CPI"", ""OVERLAP"": ""OL"", ""SCALE"": ""0"", ""SECURITY_CLASSIFICATION"": ""PUB"", ""TYPE_OF_TRANSFORMATION"": ""IX""}}"
UKR,cpi_index_all_items_quarterly_imf,2015-Q3,quarterly,182.79999999999998,\N,derived,IMF_CPI,IMF|ACCESS_SHARING_LEVEL=PUBLIC_OPEN|COICOP_1999=_T|COMMON_REFERENCE_PERIOD=2010M12|FREQUENCY=M|IFS_FLAG=true|INDEX_TYPE=CPI|OVERLAP=OL|SCALE=0|SECURITY_CLASSIFICATION=PUB|TYPE_OF_TRANSFORMATION=IX|aggregation=quarterly_mean,\N,"{""aggregation_method"": ""quarterly_mean"", ""source_derivation_types"": [""O"", ""O"", ""O""], ""source_months"": [""2015-M07"", ""2015-M08"", ""2015-M09""], ""source_observation_count"": 3, ""source_series_dimensions"": {""ACCESS_SHARING_LEVEL"": ""PUBLIC_OPEN"", ""COICOP_1999"": ""_T"", ""COMMON_REFERENCE_PERIOD"": ""2010M12"", ""COUNTRY"": ""UKR"", ""FREQUENCY"": ""M"", ""IFS_FLAG"": ""true"", ""INDEX_TYPE"": ""CPI"", ""OVERLAP"": ""OL"", ""SCALE"": ""0"", ""SECURITY_CLASSIFICATION"": ""PUB"", ""TYPE_OF_TRANSFORMATION"": ""IX""}}"
UKR,cpi_index_all_items_quarterly_imf,2015-Q4,quarterly,185.6,\N,derived,IMF_CPI,IMF|ACCESS_SHARING_LEVEL=PUBLIC_OPEN|COICOP_1999=_T|COMMON_REFERENCE_PERIOD=2010M12|FREQUENCY=M|IFS_FLAG=true|INDEX_TYPE=CPI|OVERLAP=OL|SCALE=0|SECURITY_CLASSIFICATION=PUB|TYPE_OF_TRANSFORMATION=IX|aggregation=quarterly_mean,\N,"{""aggregation_method"": ""quarterly_mean"", ""source_derivation_types"": [""O"", ""O"", ""O""], ""source_months"": [""2015-M10"", ""2015-M11"", ""2015-M12""], ""source_observation_count"": 3, ""source_series_dimensions"": {""ACCESS_SHARING_LEVEL"": ""PUBLIC_OPEN"", ""COICOP_1999"": ""_T"", ""COMMON_REFERENCE_PERIOD"": ""2010M12"", ""COUNTRY"": ""UKR"", ""FREQUENCY"": ""M"", ""IFS_FLAG"": ""true"", ""INDEX_TYPE"": ""CPI"", ""OVERLAP"": ""OL"", ""SCALE"": ""0"", ""SECURITY_CLASSIFICATION"": ""PUB"", ""TYPE_OF_TRANSFORMATION"": ""IX""}}"
URY,cpi_index_all_items_quarterly_imf,2015-Q1,quarterly,54.20400868122048,\N,derived,IMF_CPI,IMF|ACCESS_SHARING_LEVEL=PUBLIC_OPEN|COICOP_1999=_T|COMMON_REFERENCE_PERIOD=2022M10|FREQUENCY=M|IFS_FLAG=true|INDEX_TYPE=CPI|OVERLAP=OL|SCALE=0|SECURITY_CLASSIFICATION=PUB|TYPE_OF_TRANSFORMATION=IX|aggregation=quarterly_mean,\N,"{""aggregation_method"": ""quarterly_mean"", ""source_derivation_types"": [""O"", ""O"", ""O""], ""source_months"": [""2015-M01"", ""2015-M02"", ""2015-M03""], ""source_observation_count"": 3, ""source_series_dimensions"": {""ACCESS_SHARING_LEVEL"": ""PUBLIC_OPEN"", ""COICOP_1999"": ""_T"", ""COMMON_REFERENCE_PERIOD"": ""2022M10"", ""COUNTRY"": ""URY"", ""FREQUENCY"": ""M"", ""IFS_FLAG"": ""true"", ""INDEX_TYPE"": ""CPI"", ""OVERLAP"": ""OL"", ""SCALE"": ""0"", ""SECURITY_CLASSIFICATION"": ""PUB"", ""TYPE_OF_TRANSFORMATION"": ""IX""}}"
URY,cpi_index_all_items_quarterly_imf,2015-Q2,quarterly,55.22532873739309,\N,derived,IMF_CPI,IMF|ACCESS_SHARING_LEVEL=PUBLIC_OPEN|COICOP_1999=_T|COMMON_REFERENCE_PERIOD=2022M10|FREQUENCY=M|IFS_FLAG=true|INDEX_TYPE=CPI|OVERLAP=OL|SCALE=0|SECURITY_CLASSIFICATION=PUB|TYPE_OF_TRANSFORMATION=IX|aggregation=quarterly_mean,\N,"{""aggregation_method"": ""quarterly_mean"", ""source_derivation_types"": [""O"", ""O"", ""O""], ""source_months"": [""2015-M04"", ""2015-M05"", ""2015-M06""], ""source_observation_count"": 3, ""source_series_dimensions"": {""ACCESS_SHARING_LEVEL"": ""PUBLIC_OPEN"", ""COICOP_1999"": ""_T"", ""COMMON_REFERENCE_PERIOD"": ""2022M10"", ""COUNTRY"": ""URY"", ""FREQUENCY"": ""M"", ""IFS_FLAG"": ""true"", ""INDEX_TYPE"": ""CPI"", ""OVERLAP"": ""OL"", ""SCALE"": ""0"", ""SECURITY_CLASSIFICATION"": ""PUB"", ""TYPE_OF_TRANSFORMATION"": ""IX""}}"
URY,cpi_index_all_items_quarterly_imf,2015-Q3,quarterly,56.72283926975617,\N,derived,IMF_CPI,IMF|ACCESS_SHARING_LEVEL=PUBLIC_OPEN|COICOP_1999=_T|COMMON_REFERENCE_PERIOD=2022M10|FREQUENCY=M|IFS_FLAG=true|INDEX_TYPE=CPI|OVERLAP=OL|SCALE=0|SECURITY_CLASSIFICATION=PUB|TYPE_OF_TRANSFORMATION=IX|aggregation=quarterly_mean,\N,"{""aggregation_method"": ""quarterly_mean"", ""source_derivation_types"": [""O"", ""O"", ""O""], ""source_months"": [""2015-M07"", ""2015-M08"", ""2015-M09""], ""source_observation_count"": 3, ""source_series_dimensions"": {""ACCESS_SHARING_LEVEL"": ""PUBLIC_OPEN"", ""COICOP_1999"": ""_T"", ""COMMON_REFERENCE_PERIOD"": ""2022M10"", ""COUNTRY"": ""URY"", ""FREQUENCY"": ""M"", ""IFS_FLAG"": ""true"", ""INDEX_TYPE"": ""CPI"", ""OVERLAP"": ""OL"", ""SCALE"": ""0"", ""SECURITY_CLASSIFICATION"": ""PUB"", ""TYPE_OF_TRANSFORMATION"": ""IX""}}"
URY,cpi_index_all_items_quarterly_imf,2015-Q4,quarterly,57.606281118345464,\N,derived,IMF_CPI,IMF|ACCESS_SHARING_LEVEL=PUBLIC_OPEN|COICOP_1999=_T|COMMON_REFERENCE_PERIOD=2022M10|FREQUENCY=M|IFS_FLAG=true|INDEX_TYPE=CPI|OVERLAP=OL|SCALE=0|SECURITY_CLASSIFICATION=PUB|TYPE_OF_TRANSFORMATION=IX|aggregation=quarterly_mean,\N,"{""aggregation_method"": ""quarterly_mean"", ""source_derivation_types"": [""O"", ""O"", ""O""], ""source_months"": [""2015-M10"", ""2015-M11"", ""2015-M12""], ""source_observation_count"": 3, ""source_series_dimensions"": {""ACCESS_SHARING_LEVEL"": ""PUBLIC_OPEN"", ""COICOP_1999"": ""_T"", ""COMMON_REFERENCE_PERIOD"": ""2022M10"", ""COUNTRY"": ""URY"", ""FREQUENCY"": ""M"", ""IFS_FLAG"": ""true"", ""INDEX_TYPE"": ""CPI"", ""OVERLAP"": ""OL"", ""SCALE"": ""0"", ""SECURITY_CLASSIFICATION"": ""PUB"", ""TYPE_OF_TRANSFORMATION"": ""IX""}}"
USA,cpi_index_all_items_quarterly_imf,2015-Q1,quarterly,107.70163253544779,\N,derived,IMF_CPI,IMF|ACCESS_SHARING_LEVEL=PUBLIC_OPEN|COICOP_1999=_T|COMMON_REFERENCE_PERIOD=2010A|FREQUENCY=M|IFS_FLAG=true|INDEX_TYPE=CPI|OVERLAP=OL|SCALE=0|SECURITY_CLASSIFICATION=PUB|TYPE_OF_TRANSFORMATION=IX|aggregation=quarterly_mean,\N,"{""aggregation_method"": ""quarterly_mean"", ""source_derivation_types"": [""O"", ""O"", ""O""], ""source_months"": [""2015-M01"", ""2015-M02"", ""2015-M03""], ""source_observation_count"": 3, ""source_series_dimensions"": {""ACCESS_SHARING_LEVEL"": ""PUBLIC_OPEN"", ""COICOP_1999"": ""_T"", ""COMMON_REFERENCE_PERIOD"": ""2010A"", ""COUNTRY"": ""USA"", ""FREQUENCY"": ""M"", ""IFS_FLAG"": ""true"", ""INDEX_TYPE"": ""CPI"", ""OVERLAP"": ""OL"", ""SCALE"": ""0"", ""SECURITY_CLASSIFICATION"": ""PUB"", ""TYPE_OF_TRANSFORMATION"": ""IX""}}"
USA,cpi_index_all_items_quarterly_imf,2015-Q2,quarterly,109.00007872613467,\N,derived,IMF_CPI,IMF|ACCESS_SHARING_LEVEL=PUBLIC_OPEN|COICOP_1999=_T|COMMON_REFERENCE_PERIOD=2010A|FREQUENCY=M|IFS_FLAG=true|INDEX_TYPE=CPI|OVERLAP=OL|SCALE=0|SECURITY_CLASSIFICATION=PUB|TYPE_OF_TRANSFORMATION=IX|aggregation=quarterly_mean,\N,"{""aggregation_method"": ""quarterly_mean"", ""source_derivation_types"": [""O"", ""O"", ""O""], ""source_months"": [""2015-M04"", ""2015-M05"", ""2015-M06""], ""source_observation_count"": 3, ""source_series_dimensions"": {""ACCESS_SHARING_LEVEL"": ""PUBLIC_OPEN"", ""COICOP_1999"": ""_T"", ""COMMON_REFERENCE_PERIOD"": ""2010A"", ""COUNTRY"": ""USA"", ""FREQUENCY"": ""M"", ""IFS_FLAG"": ""true"", ""INDEX_TYPE"": ""CPI"", ""OVERLAP"": ""OL"", ""SCALE"": ""0"", ""SECURITY_CLASSIFICATION"": ""PUB"", ""TYPE_OF_TRANSFORMATION"": ""IX""}}"
USA,cpi_index_all_items_quarterly_imf,2015-Q3,quarterly,109.28639727041967,\N,derived,IMF_CPI,IMF|ACCESS_SHARING_LEVEL=PUBLIC_OPEN|COICOP_1999=_T|COMMON_REFERENCE_PERIOD=2010A|FREQUENCY=M|IFS_FLAG=true|INDEX_TYPE=CPI|OVERLAP=OL|SCALE=0|SECURITY_CLASSIFICATION=PUB|TYPE_OF_TRANSFORMATION=IX|aggregation=quarterly_mean,\N,"{""aggregation_method"": ""quarterly_mean"", ""source_derivation_types"": [""O"", ""O"", ""O""], ""source_months"": [""2015-M07"", ""2015-M08"", ""2015-M09""], ""source_observation_count"": 3, ""source_series_dimensions"": {""ACCESS_SHARING_LEVEL"": ""PUBLIC_OPEN"", ""COICOP_1999"": ""_T"", ""COMMON_REFERENCE_PERIOD"": ""2010A"", ""COUNTRY"": ""USA"", ""FREQUENCY"": ""M"", ""IFS_FLAG"": ""true"", ""INDEX_TYPE"": ""CPI"", ""OVERLAP"": ""OL"", ""SCALE"": ""0"", ""SECURITY_CLASSIFICATION"": ""PUB"", ""TYPE_OF_TRANSFORMATION"": ""IX""}}"
USA,cpi_index_all_items_quarterly_imf,2015-Q4,quarterly,108.7947793107718,\N,derived,IMF_CPI,IMF|ACCESS_SHARING_LEVEL=PUBLIC_OPEN|COICOP_1999=_T|COMMON_REFERENCE_PERIOD=2010A|FREQUENCY=M|IFS_FLAG=true|INDEX_TYPE=CPI|OVERLAP=OL|SCALE=0|SECURITY_CLASSIFICATION=PUB|TYPE_OF_TRANSFORMATION=IX|aggregation=quarterly_mean,\N,"{""aggregation_method"": ""quarterly_mean"", ""source_derivation_types"": [""O"", ""O"", ""O""], ""source_months"": [""2015-M10"", ""2015-M11"", ""2015-M12""], ""source_observation_count"": 3, ""source_series_dimensions"": {""ACCESS_SHARING_LEVEL"": ""PUBLIC_OPEN"", ""COICOP_1999"": ""_T"", ""COMMON_REFERENCE_PERIOD"": ""2010A"", ""COUNTRY"": ""USA"", ""FREQUENCY"": ""M"", ""IFS_FLAG"": ""true"", ""INDEX_TYPE"": ""CPI"", ""OVERLAP"": ""OL"", ""SCALE"": ""0"", ""SECURITY_CLASSIFICATION"": ""PUB"", ""TYPE_OF_TRANSFORMATION"": ""IX""}}"
UZB,cpi_index_all_items_quarterly_imf,2015-Q1,quarterly,52.322965437391304,\N,derived,IMF_CPI,IMF|ACCESS_SHARING_LEVEL=PUBLIC_OPEN|COICOP_1999=_T|COMMON_REFERENCE_PERIOD=2020A|FREQUENCY=M|IFS_FLAG=true|INDEX_TYPE=CPI|OVERLAP=OL|SCALE=0|SECURITY_CLASSIFICATION=PUB|TYPE_OF_TRANSFORMATION=IX|aggregation=quarterly_mean,\N,"{""aggregation_method"": ""quarterly_mean"", ""source_derivation_types"": [""O"", ""O"", ""O""], ""source_months"": [""2015-M01"", ""2015-M02"", ""2015-M03""], ""source_observation_count"": 3, ""source_series_dimensions"": {""ACCESS_SHARING_LEVEL"": ""PUBLIC_OPEN"", ""COICOP_1999"": ""_T"", ""COMMON_REFERENCE_PERIOD"": ""2020A"", ""COUNTRY"": ""UZB"", ""FREQUENCY"": ""M"", ""IFS_FLAG"": ""true"", ""INDEX_TYPE"": ""CPI"", ""OVERLAP"": ""OL"", ""SCALE"": ""0"", ""SECURITY_CLASSIFICATION"": ""PUB"", ""TYPE_OF_TRANSFORMATION"": ""IX""}}"
UZB,cpi_index_all_items_quarterly_imf,2015-Q2,quarterly,53.2494026743448,\N,derived,IMF_CPI,IMF|ACCESS_SHARING_LEVEL=PUBLIC_OPEN|COICOP_1999=_T|COMMON_REFERENCE_PERIOD=2020A|FREQUENCY=M|IFS_FLAG=true|INDEX_TYPE=CPI|OVERLAP=OL|SCALE=0|SECURITY_CLASSIFICATION=PUB|TYPE_OF_TRANSFORMATION=IX|aggregation=quarterly_mean,\N,"{""aggregation_method"": ""quarterly_mean"", ""source_derivation_types"": [""O"", ""O"", ""O""], ""source_months"": [""2015-M04"", ""2015-M05"", ""2015-M06""], ""source_observation_count"": 3, ""source_series_dimensions"": {""ACCESS_SHARING_LEVEL"": ""PUBLIC_OPEN"", ""COICOP_1999"": ""_T"", ""COMMON_REFERENCE_PERIOD"": ""2020A"", ""COUNTRY"": ""UZB"", ""FREQUENCY"": ""M"", ""IFS_FLAG"": ""true"", ""INDEX_TYPE"": ""CPI"", ""OVERLAP"": ""OL"", ""SCALE"": ""0"", ""SECURITY_CLASSIFICATION"": ""PUB"", ""TYPE_OF_TRANSFORMATION"": ""IX""}}"
UZB,cpi_index_all_items_quarterly_imf,2015-Q3,quarterly,53.406477486231005,\N,derived,IMF_CPI,IMF|ACCESS_SHARING_LEVEL=PUBLIC_OPEN|COICOP_1999=_T|COMMON_REFERENCE_PERIOD=2020A|FREQUENCY=M|IFS_FLAG=true|INDEX_TYPE=CPI|OVERLAP=OL|SCALE=0|SECURITY_CLASSIFICATION=PUB|TYPE_OF_TRANSFORMATION=IX|aggregation=quarterly_mean,\N,"{""aggregation_method"": ""quarterly_mean"", ""source_derivation_types"": [""O"", ""O"", ""O""], ""source_months"": [""2015-M07"", ""2015-M08"", ""2015-M09""], ""source_observation_count"": 3, ""source_series_dimensions"": {""ACCESS_SHARING_LEVEL"": ""PUBLIC_OPEN"", ""COICOP_1999"": ""_T"", ""COMMON_REFERENCE_PERIOD"": ""2020A"", ""COUNTRY"": ""UZB"", ""FREQUENCY"": ""M"", ""IFS_FLAG"": ""true"", ""INDEX_TYPE"": ""CPI"", ""OVERLAP"": ""OL"", ""SCALE"": ""0"", ""SECURITY_CLASSIFICATION"": ""PUB"", ""TYPE_OF_TRANSFORMATION"": ""IX""}}"
UZB,cpi_index_all_items_quarterly_imf,2015-Q4,quarterly,54.85620606910617,\N,derived,IMF_CPI,IMF|ACCESS_SHARING_LEVEL=PUBLIC_OPEN|COICOP_1999=_T|COMMON_REFERENCE_PERIOD=2020A|FREQUENCY=M|IFS_FLAG=true|INDEX_TYPE=CPI|OVERLAP=OL|SCALE=0|SECURITY_CLASSIFICATION=PUB|TYPE_OF_TRANSFORMATION=IX|aggregation=quarterly_mean,\N,"{""aggregation_method"": ""quarterly_mean"", ""source_derivation_types"": [""O"", ""O"", ""O""], ""source_months"": [""2015-M10"", ""2015-M11"", ""2015-M12""], ""source_observation_count"": 3, ""source_series_dimensions"": {""ACCESS_SHARING_LEVEL"": ""PUBLIC_OPEN"", ""COICOP_1999"": ""_T"", ""COMMON_REFERENCE_PERIOD"": ""2020A"", ""COUNTRY"": ""UZB"", ""FREQUENCY"": ""M"", ""IFS_FLAG"": ""true"", ""INDEX_TYPE"": ""CPI"", ""OVERLAP"": ""OL"", ""SCALE"": ""0"", ""SECURITY_CLASSIFICATION"": ""PUB"", ""TYPE_OF_TRANSFORMATION"": ""IX""}}"
VCT,cpi_index_all_items_quarterly_imf,2015-Q1,quarterly,106.33333333333333,\N,derived,IMF_CPI,IMF|ACCESS_SHARING_LEVEL=PUBLIC_OPEN|COICOP_1999=_T|COMMON_REFERENCE_PERIOD=2010M1|FREQUENCY=M|IFS_FLAG=true|INDEX_TYPE=CPI|OVERLAP=OL|SCALE=0|SECURITY_CLASSIFICATION=PUB|TYPE_OF_TRANSFORMATION=IX|aggregation=quarterly_mean,\N,"{""aggregation_method"": ""quarterly_mean"", ""source_derivation_types"": [""O"", ""O"", ""O""], ""source_months"": [""2015-M01"", ""2015-M02"", ""2015-M03""], ""source_observation_count"": 3, ""source_series_dimensions"": {""ACCESS_SHARING_LEVEL"": ""PUBLIC_OPEN"", ""COICOP_1999"": ""_T"", ""COMMON_REFERENCE_PERIOD"": ""2010M1"", ""COUNTRY"": ""VCT"", ""FREQUENCY"": ""M"", ""IFS_FLAG"": ""true"", ""INDEX_TYPE"": ""CPI"", ""OVERLAP"": ""OL"", ""SCALE"": ""0"", ""SECURITY_CLASSIFICATION"": ""PUB"", ""TYPE_OF_TRANSFORMATION"": ""IX""}}"
VCT,cpi_index_all_items_quarterly_imf,2015-Q2,quarterly,105.5,\N,derived,IMF_CPI,IMF|ACCESS_SHARING_LEVEL=PUBLIC_OPEN|COICOP_1999=_T|COMMON_REFERENCE_PERIOD=2010M1|FREQUENCY=M|IFS_FLAG=true|INDEX_TYPE=CPI|OVERLAP=OL|SCALE=0|SECURITY_CLASSIFICATION=PUB|TYPE_OF_TRANSFORMATION=IX|aggregation=quarterly_mean,\N,"{""aggregation_method"": ""quarterly_mean"", ""source_derivation_types"": [""O"", ""O"", ""O""], ""source_months"": [""2015-M04"", ""2015-M05"", ""2015-M06""], ""source_observation_count"": 3, ""source_series_dimensions"": {""ACCESS_SHARING_LEVEL"": ""PUBLIC_OPEN"", ""COICOP_1999"": ""_T"", ""COMMON_REFERENCE_PERIOD"": ""2010M1"", ""COUNTRY"": ""VCT"", ""FREQUENCY"": ""M"", ""IFS_FLAG"": ""true"", ""INDEX_TYPE"": ""CPI"", ""OVERLAP"": ""OL"", ""SCALE"": ""0"", ""SECURITY_CLASSIFICATION"": ""PUB"", ""TYPE_OF_TRANSFORMATION"": ""IX""}}"
VCT,cpi_index_all_items_quarterly_imf,2015-Q3,quarterly,106.10000000000001,\N,derived,IMF_CPI,IMF|ACCESS_SHARING_LEVEL=PUBLIC_OPEN|COICOP_1999=_T|COMMON_REFERENCE_PERIOD=2010M1|FREQUENCY=M|IFS_FLAG=true|INDEX_TYPE=CPI|OVERLAP=OL|SCALE=0|SECURITY_CLASSIFICATION=PUB|TYPE_OF_TRANSFORMATION=IX|aggregation=quarterly_mean,\N,"{""aggregation_method"": ""quarterly_mean"", ""source_derivation_types"": [""O"", ""O"", ""O""], ""source_months"": [""2015-M07"", ""2015-M08"", ""2015-M09""], ""source_observation_count"": 3, ""source_series_dimensions"": {""ACCESS_SHARING_LEVEL"": ""PUBLIC_OPEN"", ""COICOP_1999"": ""_T"", ""COMMON_REFERENCE_PERIOD"": ""2010M1"", ""COUNTRY"": ""VCT"", ""FREQUENCY"": ""M"", ""IFS_FLAG"": ""true"", ""INDEX_TYPE"": ""CPI"", ""OVERLAP"": ""OL"", ""SCALE"": ""0"", ""SECURITY_CLASSIFICATION"": ""PUB"", ""TYPE_OF_TRANSFORMATION"": ""IX""}}"
VCT,cpi_index_all_items_quarterly_imf,2015-Q4,quarterly,105.3,\N,derived,IMF_CPI,IMF|ACCESS_SHARING_LEVEL=PUBLIC_OPEN|COICOP_1999=_T|COMMON_REFERENCE_PERIOD=2010M1|FREQUENCY=M|IFS_FLAG=true|INDEX_TYPE=CPI|OVERLAP=OL|SCALE=0|SECURITY_CLASSIFICATION=PUB|TYPE_OF_TRANSFORMATION=IX|aggregation=quarterly_mean,\N,"{""aggregation_method"": ""quarterly_mean"", ""source_derivation_types"": [""O"", ""O"", ""O""], ""source_months"": [""2015-M10"", ""2015-M11"", ""2015-M12""], ""source_observation_count"": 3, ""source_series_dimensions"": {""ACCESS_SHARING_LEVEL"": ""PUBLIC_OPEN"", ""COICOP_1999"": ""_T"", ""COMMON_REFERENCE_PERIOD"": ""2010M1"", ""COUNTRY"": ""VCT"", ""FREQUENCY"": ""M"", ""IFS_FLAG"": ""true"", ""INDEX_TYPE"": ""CPI"", ""OVERLAP"": ""OL"", ""SCALE"": ""0"", ""SECURITY_CLASSIFICATION"": ""PUB"", ""TYPE_OF_TRANSFORMATION"": ""IX""}}"
VEN,cpi_index_all_items_quarterly_imf,2015-Q1,quarterly,951.3666666666668,\N,derived,IMF_CPI,IMF|ACCESS_SHARING_LEVEL=PUBLIC_OPEN|COICOP_1999=_T|COMMON_REFERENCE_PERIOD=2007M12|FREQUENCY=M|IFS_FLAG=true|INDEX_TYPE=CPI|OVERLAP=OL|SCALE=0|SECURITY_CLASSIFICATION=PUB|TYPE_OF_TRANSFORMATION=IX|aggregation=quarterly_mean,\N,"{""aggregation_method"": ""quarterly_mean"", ""source_derivation_types"": [""O"", ""O"", ""O""], ""source_months"": [""2015-M01"", ""2015-M02"", ""2015-M03""], ""source_observation_count"": 3, ""source_series_dimensions"": {""ACCESS_SHARING_LEVEL"": ""PUBLIC_OPEN"", ""COICOP_1999"": ""_T"", ""COMMON_REFERENCE_PERIOD"": ""2007M12"", ""COUNTRY"": ""VEN"", ""FREQUENCY"": ""M"", ""IFS_FLAG"": ""true"", ""INDEX_TYPE"": ""CPI"", ""OVERLAP"": ""OL"", ""SCALE"": ""0"", ""SECURITY_CLASSIFICATION"": ""PUB"", ""TYPE_OF_TRANSFORMATION"": ""IX""}}"
VEN,cpi_index_all_items_quarterly_imf,2015-Q2,quarterly,1158.0666666666666,\N,derived,IMF_CPI,IMF|ACCESS_SHARING_LEVEL=PUBLIC_OPEN|COICOP_1999=_T|COMMON_REFERENCE_PERIOD=2007M12|FREQUENCY=M|IFS_FLAG=true|INDEX_TYPE=CPI|OVERLAP=OL|SCALE=0|SECURITY_CLASSIFICATION=PUB|TYPE_OF_TRANSFORMATION=IX|aggregation=quarterly_mean,\N,"{""aggregation_method"": ""quarterly_mean"", ""source_derivation_types"": [""O"", ""O"", ""O""], ""source_months"": [""2015-M04"", ""2015-M05"", ""2015-M06""], ""source_observation_count"": 3, ""source_series_dimensions"": {""ACCESS_SHARING_LEVEL"": ""PUBLIC_OPEN"", ""COICOP_1999"": ""_T"", ""COMMON_REFERENCE_PERIOD"": ""2007M12"", ""COUNTRY"": ""VEN"", ""FREQUENCY"": ""M"", ""IFS_FLAG"": ""true"", ""INDEX_TYPE"": ""CPI"", ""OVERLAP"": ""OL"", ""SCALE"": ""0"", ""SECURITY_CLASSIFICATION"": ""PUB"", ""TYPE_OF_TRANSFORMATION"": ""IX""}}"
VEN,cpi_index_all_items_quarterly_imf,2015-Q3,quarterly,1573.4666666666665,\N,derived,IMF_CPI,IMF|ACCESS_SHARING_LEVEL=PUBLIC_OPEN|COICOP_1999=_T|COMMON_REFERENCE_PERIOD=2007M12|FREQUENCY=M|IFS_FLAG=true|INDEX_TYPE=CPI|OVERLAP=OL|SCALE=0|SECURITY_CLASSIFICATION=PUB|TYPE_OF_TRANSFORMATION=IX|aggregation=quarterly_mean,\N,"{""aggregation_method"": ""quarterly_mean"", ""source_derivation_types"": [""O"", ""O"", ""O""], ""source_months"": [""2015-M07"", ""2015-M08"", ""2015-M09""], ""source_observation_count"": 3, ""source_series_dimensions"": {""ACCESS_SHARING_LEVEL"": ""PUBLIC_OPEN"", ""COICOP_1999"": ""_T"", ""COMMON_REFERENCE_PERIOD"": ""2007M12"", ""COUNTRY"": ""VEN"", ""FREQUENCY"": ""M"", ""IFS_FLAG"": ""true"", ""INDEX_TYPE"": ""CPI"", ""OVERLAP"": ""OL"", ""SCALE"": ""0"", ""SECURITY_CLASSIFICATION"": ""PUB"", ""TYPE_OF_TRANSFORMATION"": ""IX""}}"
VEN,cpi_index_all_items_quarterly_imf,2015-Q4,quarterly,2159.2333333333336,\N,derived,IMF_CPI,IMF|ACCESS_SHARING_LEVEL=PUBLIC_OPEN|COICOP_1999=_T|COMMON_REFERENCE_PERIOD=2007M12|FREQUENCY=M|IFS_FLAG=true|INDEX_TYPE=CPI|OVERLAP=OL|SCALE=0|SECURITY_CLASSIFICATION=PUB|TYPE_OF_TRANSFORMATION=IX|aggregation=quarterly_mean,\N,"{""aggregation_method"": ""quarterly_mean"", ""source_derivation_types"": [""O"", ""O"", ""O""], ""source_months"": [""2015-M10"", ""2015-M11"", ""2015-M12""], ""source_observation_count"": 3, ""source_series_dimensions"": {""ACCESS_SHARING_LEVEL"": ""PUBLIC_OPEN"", ""COICOP_1999"": ""_T"", ""COMMON_REFERENCE_PERIOD"": ""2007M12"", ""COUNTRY"": ""VEN"", ""FREQUENCY"": ""M"", ""IFS_FLAG"": ""true"", ""INDEX_TYPE"": ""CPI"", ""OVERLAP"": ""OL"", ""SCALE"": ""0"", ""SECURITY_CLASSIFICATION"": ""PUB"", ""TYPE_OF_TRANSFORMATION"": ""IX""}}"
VGB,cpi_index_all_items_quarterly_imf,2015-Q1,quarterly,104.53787056446401,\N,derived,IMF_CPI,IMF|ACCESS_SHARING_LEVEL=PUBLIC_OPEN|COICOP_1999=_T|COMMON_REFERENCE_PERIOD=2012M1|FREQUENCY=M|IFS_FLAG=true|INDEX_TYPE=CPI|OVERLAP=OL|SCALE=0|SECURITY_CLASSIFICATION=PUB|TYPE_OF_TRANSFORMATION=IX|aggregation=quarterly_mean,\N,"{""aggregation_method"": ""quarterly_mean"", ""source_derivation_types"": [""O"", ""O"", ""O""], ""source_months"": [""2015-M01"", ""2015-M02"", ""2015-M03""], ""source_observation_count"": 3, ""source_series_dimensions"": {""ACCESS_SHARING_LEVEL"": ""PUBLIC_OPEN"", ""COICOP_1999"": ""_T"", ""COMMON_REFERENCE_PERIOD"": ""2012M1"", ""COUNTRY"": ""VGB"", ""FREQUENCY"": ""M"", ""IFS_FLAG"": ""true"", ""INDEX_TYPE"": ""CPI"", ""OVERLAP"": ""OL"", ""SCALE"": ""0"", ""SECURITY_CLASSIFICATION"": ""PUB"", ""TYPE_OF_TRANSFORMATION"": ""IX""}}"
VGB,cpi_index_all_items_quarterly_imf,2015-Q2,quarterly,104.86434286208232,\N,derived,IMF_CPI,IMF|ACCESS_SHARING_LEVEL=PUBLIC_OPEN|COICOP_1999=_T|COMMON_REFERENCE_PERIOD=2012M1|FREQUENCY=M|IFS_FLAG=true|INDEX_TYPE=CPI|OVERLAP=OL|SCALE=0|SECURITY_CLASSIFICATION=PUB|TYPE_OF_TRANSFORMATION=IX|aggregation=quarterly_mean,\N,"{""aggregation_method"": ""quarterly_mean"", ""source_derivation_types"": [""O"", ""O"", ""O""], ""source_months"": [""2015-M04"", ""2015-M05"", ""2015-M06""], ""source_observation_count"": 3, ""source_series_dimensions"": {""ACCESS_SHARING_LEVEL"": ""PUBLIC_OPEN"", ""COICOP_1999"": ""_T"", ""COMMON_REFERENCE_PERIOD"": ""2012M1"", ""COUNTRY"": ""VGB"", ""FREQUENCY"": ""M"", ""IFS_FLAG"": ""true"", ""INDEX_TYPE"": ""CPI"", ""OVERLAP"": ""OL"", ""SCALE"": ""0"", ""SECURITY_CLASSIFICATION"": ""PUB"", ""TYPE_OF_TRANSFORMATION"": ""IX""}}"
VGB,cpi_index_all_items_quarterly_imf,2015-Q3,quarterly,105.20243151635833,\N,derived,IMF_CPI,IMF|ACCESS_SHARING_LEVEL=PUBLIC_OPEN|COICOP_1999=_T|COMMON_REFERENCE_PERIOD=2012M1|FREQUENCY=M|IFS_FLAG=true|INDEX_TYPE=CPI|OVERLAP=OL|SCALE=0|SECURITY_CLASSIFICATION=PUB|TYPE_OF_TRANSFORMATION=IX|aggregation=quarterly_mean,\N,"{""aggregation_method"": ""quarterly_mean"", ""source_derivation_types"": [""O"", ""O"", ""O""], ""source_months"": [""2015-M07"", ""2015-M08"", ""2015-M09""], ""source_observation_count"": 3, ""source_series_dimensions"": {""ACCESS_SHARING_LEVEL"": ""PUBLIC_OPEN"", ""COICOP_1999"": ""_T"", ""COMMON_REFERENCE_PERIOD"": ""2012M1"", ""COUNTRY"": ""VGB"", ""FREQUENCY"": ""M"", ""IFS_FLAG"": ""true"", ""INDEX_TYPE"": ""CPI"", ""OVERLAP"": ""OL"", ""SCALE"": ""0"", ""SECURITY_CLASSIFICATION"": ""PUB"", ""TYPE_OF_TRANSFORMATION"": ""IX""}}"
VGB,cpi_index_all_items_quarterly_imf,2015-Q4,quarterly,105.15852203837467,\N,derived,IMF_CPI,IMF|ACCESS_SHARING_LEVEL=PUBLIC_OPEN|COICOP_1999=_T|COMMON_REFERENCE_PERIOD=2012M1|FREQUENCY=M|IFS_FLAG=true|INDEX_TYPE=CPI|OVERLAP=OL|SCALE=0|SECURITY_CLASSIFICATION=PUB|TYPE_OF_TRANSFORMATION=IX|aggregation=quarterly_mean,\N,"{""aggregation_method"": ""quarterly_mean"", ""source_derivation_types"": [""O"", ""O"", ""O""], ""source_months"": [""2015-M10"", ""2015-M11"", ""2015-M12""], ""source_observation_count"": 3, ""source_series_dimensions"": {""ACCESS_SHARING_LEVEL"": ""PUBLIC_OPEN"", ""COICOP_1999"": ""_T"", ""COMMON_REFERENCE_PERIOD"": ""2012M1"", ""COUNTRY"": ""VGB"", ""FREQUENCY"": ""M"", ""IFS_FLAG"": ""true"", ""INDEX_TYPE"": ""CPI"", ""OVERLAP"": ""OL"", ""SCALE"": ""0"", ""SECURITY_CLASSIFICATION"": ""PUB"", ""TYPE_OF_TRANSFORMATION"": ""IX""}}"
VNM,cpi_index_all_items_quarterly_imf,2015-Q1,quarterly,75.5099038140666,\N,derived,IMF_CPI,IMF|ACCESS_SHARING_LEVEL=PUBLIC_OPEN|COICOP_1999=_T|COMMON_REFERENCE_PERIOD=2024A|FREQUENCY=M|IFS_FLAG=true|INDEX_TYPE=CPI|OVERLAP=OL|SCALE=0|SECURITY_CLASSIFICATION=PUB|TYPE_OF_TRANSFORMATION=IX|aggregation=quarterly_mean,\N,"{""aggregation_method"": ""quarterly_mean"", ""source_derivation_types"": [""O"", ""O"", ""O""], ""source_months"": [""2015-M01"", ""2015-M02"", ""2015-M03""], ""source_observation_count"": 3, ""source_series_dimensions"": {""ACCESS_SHARING_LEVEL"": ""PUBLIC_OPEN"", ""COICOP_1999"": ""_T"", ""COMMON_REFERENCE_PERIOD"": ""2024A"", ""COUNTRY"": ""VNM"", ""FREQUENCY"": ""M"", ""IFS_FLAG"": ""true"", ""INDEX_TYPE"": ""CPI"", ""OVERLAP"": ""OL"", ""SCALE"": ""0"", ""SECURITY_CLASSIFICATION"": ""PUB"", ""TYPE_OF_TRANSFORMATION"": ""IX""}}"
VNM,cpi_index_all_items_quarterly_imf,2015-Q2,quarterly,75.8477391753483,\N,derived,IMF_CPI,IMF|ACCESS_SHARING_LEVEL=PUBLIC_OPEN|COICOP_1999=_T|COMMON_REFERENCE_PERIOD=2024A|FREQUENCY=M|IFS_FLAG=true|INDEX_TYPE=CPI|OVERLAP=OL|SCALE=0|SECURITY_CLASSIFICATION=PUB|TYPE_OF_TRANSFORMATION=IX|aggregation=quarterly_mean,\N,"{""aggregation_method"": ""quarterly_mean"", ""source_derivation_types"": [""O"", ""O"", ""O""], ""source_months"": [""2015-M04"", ""2015-M05"", ""2015-M06""], ""source_observation_count"": 3, ""source_series_dimensions"": {""ACCESS_SHARING_LEVEL"": ""PUBLIC_OPEN"", ""COICOP_1999"": ""_T"", ""COMMON_REFERENCE_PERIOD"": ""2024A"", ""COUNTRY"": ""VNM"", ""FREQUENCY"": ""M"", ""IFS_FLAG"": ""true"", ""INDEX_TYPE"": ""CPI"", ""OVERLAP"": ""OL"", ""SCALE"": ""0"", ""SECURITY_CLASSIFICATION"": ""PUB"", ""TYPE_OF_TRANSFORMATION"": ""IX""}}"
VNM,cpi_index_all_items_quarterly_imf,2015-Q3,quarterly,76.07503092897646,\N,derived,IMF_CPI,IMF|ACCESS_SHARING_LEVEL=PUBLIC_OPEN|COICOP_1999=_T|COMMON_REFERENCE_PERIOD=2024A|FREQUENCY=M|IFS_FLAG=true|INDEX_TYPE=CPI|OVERLAP=OL|SCALE=0|SECURITY_CLASSIFICATION=PUB|TYPE_OF_TRANSFORMATION=IX|aggregation=quarterly_mean,\N,"{""aggregation_method"": ""quarterly_mean"", ""source_derivation_types"": [""O"", ""O"", ""O""], ""source_months"": [""2015-M07"", ""2015-M08"", ""2015-M09""], ""source_observation_count"": 3, ""source_series_dimensions"": {""ACCESS_SHARING_LEVEL"": ""PUBLIC_OPEN"", ""COICOP_1999"": ""_T"", ""COMMON_REFERENCE_PERIOD"": ""2024A"", ""COUNTRY"": ""VNM"", ""FREQUENCY"": ""M"", ""IFS_FLAG"": ""true"", ""INDEX_TYPE"": ""CPI"", ""OVERLAP"": ""OL"", ""SCALE"": ""0"", ""SECURITY_CLASSIFICATION"": ""PUB"", ""TYPE_OF_TRANSFORMATION"": ""IX""}}"
VNM,cpi_index_all_items_quarterly_imf,2015-Q4,quarterly,76.07406996099915,\N,derived,IMF_CPI,IMF|ACCESS_SHARING_LEVEL=PUBLIC_OPEN|COICOP_1999=_T|COMMON_REFERENCE_PERIOD=2024A|FREQUENCY=M|IFS_FLAG=true|INDEX_TYPE=CPI|OVERLAP=OL|SCALE=0|SECURITY_CLASSIFICATION=PUB|TYPE_OF_TRANSFORMATION=IX|aggregation=quarterly_mean,\N,"{""aggregation_method"": ""quarterly_mean"", ""source_derivation_types"": [""O"", ""O"", ""O""], ""source_months"": [""2015-M10"", ""2015-M11"", ""2015-M12""], ""source_observation_count"": 3, ""source_series_dimensions"": {""ACCESS_SHARING_LEVEL"": ""PUBLIC_OPEN"", ""COICOP_1999"": ""_T"", ""COMMON_REFERENCE_PERIOD"": ""2024A"", ""COUNTRY"": ""VNM"", ""FREQUENCY"": ""M"", ""IFS_FLAG"": ""true"", ""INDEX_TYPE"": ""CPI"", ""OVERLAP"": ""OL"", ""SCALE"": ""0"", ""SECURITY_CLASSIFICATION"": ""PUB"", ""TYPE_OF_TRANSFORMATION"": ""IX""}}"
WSM,cpi_index_all_items_quarterly_imf,2015-Q1,quarterly,100.85548426520013,\N,derived,IMF_CPI,IMF|ACCESS_SHARING_LEVEL=PUBLIC_OPEN|COICOP_1999=_T|COMMON_REFERENCE_PERIOD=2016M02|FREQUENCY=M|IFS_FLAG=true|INDEX_TYPE=CPI|OVERLAP=OL|SCALE=0|SECURITY_CLASSIFICATION=PUB|TYPE_OF_TRANSFORMATION=IX|aggregation=quarterly_mean,\N,"{""aggregation_method"": ""quarterly_mean"", ""source_derivation_types"": [""O"", ""O"", ""O""], ""source_months"": [""2015-M01"", ""2015-M02"", ""2015-M03""], ""source_observation_count"": 3, ""source_series_dimensions"": {""ACCESS_SHARING_LEVEL"": ""PUBLIC_OPEN"", ""COICOP_1999"": ""_T"", ""COMMON_REFERENCE_PERIOD"": ""2016M02"", ""COUNTRY"": ""WSM"", ""FREQUENCY"": ""M"", ""IFS_FLAG"": ""true"", ""INDEX_TYPE"": ""CPI"", ""OVERLAP"": ""OL"", ""SCALE"": ""0"", ""SECURITY_CLASSIFICATION"": ""PUB"", ""TYPE_OF_TRANSFORMATION"": ""IX""}}"
WSM,cpi_index_all_items_quarterly_imf,2015-Q2,quarterly,99.81668194317142,\N,derived,IMF_CPI,IMF|ACCESS_SHARING_LEVEL=PUBLIC_OPEN|COICOP_1999=_T|COMMON_REFERENCE_PERIOD=2016M02|FREQUENCY=M|IFS_FLAG=true|INDEX_TYPE=CPI|OVERLAP=OL|SCALE=0|SECURITY_CLASSIFICATION=PUB|TYPE_OF_TRANSFORMATION=IX|aggregation=quarterly_mean,\N,"{""aggregation_method"": ""quarterly_mean"", ""source_derivation_types"": [""O"", ""O"", ""O""], ""source_months"": [""2015-M04"", ""2015-M05"", ""2015-M06""], ""source_observation_count"": 3, ""source_series_dimensions"": {""ACCESS_SHARING_LEVEL"": ""PUBLIC_OPEN"", ""COICOP_1999"": ""_T"", ""COMMON_REFERENCE_PERIOD"": ""2016M02"", ""COUNTRY"": ""WSM"", ""FREQUENCY"": ""M"", ""IFS_FLAG"": ""true"", ""INDEX_TYPE"": ""CPI"", ""OVERLAP"": ""OL"", ""SCALE"": ""0"", ""SECURITY_CLASSIFICATION"": ""PUB"", ""TYPE_OF_TRANSFORMATION"": ""IX""}}"
WSM,cpi_index_all_items_quarterly_imf,2015-Q3,quarterly,98.90009165902842,\N,derived,IMF_CPI,IMF|ACCESS_SHARING_LEVEL=PUBLIC_OPEN|COICOP_1999=_T|COMMON_REFERENCE_PERIOD=2016M02|FREQUENCY=M|IFS_FLAG=true|INDEX_TYPE=CPI|OVERLAP=OL|SCALE=0|SECURITY_CLASSIFICATION=PUB|TYPE_OF_TRANSFORMATION=IX|aggregation=quarterly_mean,\N,"{""aggregation_method"": ""quarterly_mean"", ""source_derivation_types"": [""O"", ""O"", ""O""], ""source_months"": [""2015-M07"", ""2015-M08"", ""2015-M09""], ""source_observation_count"": 3, ""source_series_dimensions"": {""ACCESS_SHARING_LEVEL"": ""PUBLIC_OPEN"", ""COICOP_1999"": ""_T"", ""COMMON_REFERENCE_PERIOD"": ""2016M02"", ""COUNTRY"": ""WSM"", ""FREQUENCY"": ""M"", ""IFS_FLAG"": ""true"", ""INDEX_TYPE"": ""CPI"", ""OVERLAP"": ""OL"", ""SCALE"": ""0"", ""SECURITY_CLASSIFICATION"": ""PUB"", ""TYPE_OF_TRANSFORMATION"": ""IX""}}"
WSM,cpi_index_all_items_quarterly_imf,2015-Q4,quarterly,99.72502291475712,\N,derived,IMF_CPI,IMF|ACCESS_SHARING_LEVEL=PUBLIC_OPEN|COICOP_1999=_T|COMMON_REFERENCE_PERIOD=2016M02|FREQUENCY=M|IFS_FLAG=true|INDEX_TYPE=CPI|OVERLAP=OL|SCALE=0|SECURITY_CLASSIFICATION=PUB|TYPE_OF_TRANSFORMATION=IX|aggregation=quarterly_mean,\N,"{""aggregation_method"": ""quarterly_mean"", ""source_derivation_types"": [""O"", ""O"", ""O""], ""source_months"": [""2015-M10"", ""2015-M11"", ""2015-M12""], ""source_observation_count"": 3, ""source_series_dimensions"": {""ACCESS_SHARING_LEVEL"": ""PUBLIC_OPEN"", ""COICOP_1999"": ""_T"", ""COMMON_REFERENCE_PERIOD"": ""2016M02"", ""COUNTRY"": ""WSM"", ""FREQUENCY"": ""M"", ""IFS_FLAG"": ""true"", ""INDEX_TYPE"": ""CPI"", ""OVERLAP"": ""OL"", ""SCALE"": ""0"", ""SECURITY_CLASSIFICATION"": ""PUB"", ""TYPE_OF_TRANSFORMATION"": ""IX""}}"
ZAF,cpi_index_all_items_quarterly_imf,2015-Q1,quarterly,62.03333333333334,\N,derived,IMF_CPI,IMF|ACCESS_SHARING_LEVEL=PUBLIC_OPEN|COICOP_1999=_T|COMMON_REFERENCE_PERIOD=2024M12|FREQUENCY=M|IFS_FLAG=true|INDEX_TYPE=CPI|OVERLAP=OL|SCALE=0|SECURITY_CLASSIFICATION=PUB|TYPE_OF_TRANSFORMATION=IX|aggregation=quarterly_mean,\N,"{""aggregation_method"": ""quarterly_mean"", ""source_derivation_types"": [""O"", ""O"", ""O""], ""source_months"": [""2015-M01"", ""2015-M02"", ""2015-M03""], ""source_observation_count"": 3, ""source_series_dimensions"": {""ACCESS_SHARING_LEVEL"": ""PUBLIC_OPEN"", ""COICOP_1999"": ""_T"", ""COMMON_REFERENCE_PERIOD"": ""2024M12"", ""COUNTRY"": ""ZAF"", ""FREQUENCY"": ""M"", ""IFS_FLAG"": ""true"", ""INDEX_TYPE"": ""CPI"", ""OVERLAP"": ""OL"", ""SCALE"": ""0"", ""SECURITY_CLASSIFICATION"": ""PUB"", ""TYPE_OF_TRANSFORMATION"": ""IX""}}"
ZAF,cpi_index_all_items_quarterly_imf,2015-Q2,quarterly,63.46666666666666,\N,derived,IMF_CPI,IMF|ACCESS_SHARING_LEVEL=PUBLIC_OPEN|COICOP_1999=_T|COMMON_REFERENCE_PERIOD=2024M12|FREQUENCY=M|IFS_FLAG=true|INDEX_TYPE=CPI|OVERLAP=OL|SCALE=0|SECURITY_CLASSIFICATION=PUB|TYPE_OF_TRANSFORMATION=IX|aggregation=quarterly_mean,\N,"{""aggregation_method"": ""quarterly_mean"", ""source_derivation_types"": [""O"", ""O"", ""O""], ""source_months"": [""2015-M04"", ""2015-M05"", ""2015-M06""], ""source_observation_count"": 3, ""source_series_dimensions"": {""ACCESS_SHARING_LEVEL"": ""PUBLIC_OPEN"", ""COICOP_1999"": ""_T"", ""COMMON_REFERENCE_PERIOD"": ""2024M12"", ""COUNTRY"": ""ZAF"", ""FREQUENCY"": ""M"", ""IFS_FLAG"": ""true"", ""INDEX_TYPE"": ""CPI"", ""OVERLAP"": ""OL"", ""SCALE"": ""0"", ""SECURITY_CLASSIFICATION"": ""PUB"", ""TYPE_OF_TRANSFORMATION"": ""IX""}}"
ZAF,cpi_index_all_items_quarterly_imf,2015-Q3,quarterly,64.3,\N,derived,IMF_CPI,IMF|ACCESS_SHARING_LEVEL=PUBLIC_OPEN|COICOP_1999=_T|COMMON_REFERENCE_PERIOD=2024M12|FREQUENCY=M|IFS_FLAG=true|INDEX_TYPE=CPI|OVERLAP=OL|SCALE=0|SECURITY_CLASSIFICATION=PUB|TYPE_OF_TRANSFORMATION=IX|aggregation=quarterly_mean,\N,"{""aggregation_method"": ""quarterly_mean"", ""source_derivation_types"": [""O"", ""O"", ""O""], ""source_months"": [""2015-M07"", ""2015-M08"", ""2015-M09""], ""source_observation_count"": 3, ""source_series_dimensions"": {""ACCESS_SHARING_LEVEL"": ""PUBLIC_OPEN"", ""COICOP_1999"": ""_T"", ""COMMON_REFERENCE_PERIOD"": ""2024M12"", ""COUNTRY"": ""ZAF"", ""FREQUENCY"": ""M"", ""IFS_FLAG"": ""true"", ""INDEX_TYPE"": ""CPI"", ""OVERLAP"": ""OL"", ""SCALE"": ""0"", ""SECURITY_CLASSIFICATION"": ""PUB"", ""TYPE_OF_TRANSFORMATION"": ""IX""}}"
ZAF,cpi_index_all_items_quarterly_imf,2015-Q4,quarterly,64.63333333333333,\N,derived,IMF_CPI,IMF|ACCESS_SHARING_LEVEL=PUBLIC_OPEN|COICOP_1999=_T|COMMON_REFERENCE_PERIOD=2024M12|FREQUENCY=M|IFS_FLAG=true|INDEX_TYPE=CPI|OVERLAP=OL|SCALE=0|SECURITY_CLASSIFICATION=PUB|TYPE_OF_TRANSFORMATION=IX|aggregation=quarterly_mean,\N,"{""aggregation_method"": ""quarterly_mean"", ""source_derivation_types"": [""O"", ""O"", ""O""], ""source_months"": [""2015-M10"", ""2015-M11"", ""2015-M12""], ""source_observation_count"": 3, ""source_series_dimensions"": {""ACCESS_SHARING_LEVEL"": ""PUBLIC_OPEN"", ""COICOP_1999"": ""_T"", ""COMMON_REFERENCE_PERIOD"": ""2024M12"", ""COUNTRY"": ""ZAF"", ""FREQUENCY"": ""M"", ""IFS_FLAG"": ""true"", ""INDEX_TYPE"": ""CPI"", ""OVERLAP"": ""OL"", ""SCALE"": ""0"", ""SECURITY_CLASSIFICATION"": ""PUB"", ""TYPE_OF_TRANSFORMATION"": ""IX""}}"
ZMB,cpi_index_all_items_quarterly_imf,2015-Q1,quarterly,147.50666666666666,\N,derived,IMF_CPI,IMF|ACCESS_SHARING_LEVEL=PUBLIC_OPEN|COICOP_1999=_T|COMMON_REFERENCE_PERIOD=2009A|FREQUENCY=M|IFS_FLAG=true|INDEX_TYPE=CPI|OVERLAP=OL|SCALE=0|SECURITY_CLASSIFICATION=PUB|TYPE_OF_TRANSFORMATION=IX|aggregation=quarterly_mean,\N,"{""aggregation_method"": ""quarterly_mean"", ""source_derivation_types"": [""O"", ""O"", ""O""], ""source_months"": [""2015-M01"", ""2015-M02"", ""2015-M03""], ""source_observation_count"": 3, ""source_series_dimensions"": {""ACCESS_SHARING_LEVEL"": ""PUBLIC_OPEN"", ""COICOP_1999"": ""_T"", ""COMMON_REFERENCE_PERIOD"": ""2009A"", ""COUNTRY"": ""ZMB"", ""FREQUENCY"": ""M"", ""IFS_FLAG"": ""true"", ""INDEX_TYPE"": ""CPI"", ""OVERLAP"": ""OL"", ""SCALE"": ""0"", ""SECURITY_CLASSIFICATION"": ""PUB"", ""TYPE_OF_TRANSFORMATION"": ""IX""}}"
ZMB,cpi_index_all_items_quarterly_imf,2015-Q2,quarterly,150.58,\N,derived,IMF_CPI,IMF|ACCESS_SHARING_LEVEL=PUBLIC_OPEN|COICOP_1999=_T|COMMON_REFERENCE_PERIOD=2009A|FREQUENCY=M|IFS_FLAG=true|INDEX_TYPE=CPI|OVERLAP=OL|SCALE=0|SECURITY_CLASSIFICATION=PUB|TYPE_OF_TRANSFORMATION=IX|aggregation=quarterly_mean,\N,"{""aggregation_method"": ""quarterly_mean"", ""source_derivation_types"": [""O"", ""O"", ""O""], ""source_months"": [""2015-M04"", ""2015-M05"", ""2015-M06""], ""source_observation_count"": 3, ""source_series_dimensions"": {""ACCESS_SHARING_LEVEL"": ""PUBLIC_OPEN"", ""COICOP_1999"": ""_T"", ""COMMON_REFERENCE_PERIOD"": ""2009A"", ""COUNTRY"": ""ZMB"", ""FREQUENCY"": ""M"", ""IFS_FLAG"": ""true"", ""INDEX_TYPE"": ""CPI"", ""OVERLAP"": ""OL"", ""SCALE"": ""0"", ""SECURITY_CLASSIFICATION"": ""PUB"", ""TYPE_OF_TRANSFORMATION"": ""IX""}}"
ZMB,cpi_index_all_items_quarterly_imf,2015-Q3,quarterly,153.85999999999999,\N,derived,IMF_CPI,IMF|ACCESS_SHARING_LEVEL=PUBLIC_OPEN|COICOP_1999=_T|COMMON_REFERENCE_PERIOD=2009A|FREQUENCY=M|IFS_FLAG=true|INDEX_TYPE=CPI|OVERLAP=OL|SCALE=0|SECURITY_CLASSIFICATION=PUB|TYPE_OF_TRANSFORMATION=IX|aggregation=quarterly_mean,\N,"{""aggregation_method"": ""quarterly_mean"", ""source_derivation_types"": [""O"", ""O"", ""O""], ""source_months"": [""2015-M07"", ""2015-M08"", ""2015-M09""], ""source_observation_count"": 3, ""source_series_dimensions"": {""ACCESS_SHARING_LEVEL"": ""PUBLIC_OPEN"", ""COICOP_1999"": ""_T"", ""COMMON_REFERENCE_PERIOD"": ""2009A"", ""COUNTRY"": ""ZMB"", ""FREQUENCY"": ""M"", ""IFS_FLAG"": ""true"", ""INDEX_TYPE"": ""CPI"", ""OVERLAP"": ""OL"", ""SCALE"": ""0"", ""SECURITY_CLASSIFICATION"": ""PUB"", ""TYPE_OF_TRANSFORMATION"": ""IX""}}"
ZMB,cpi_index_all_items_quarterly_imf,2015-Q4,quarterly,171.32333333333335,\N,derived,IMF_CPI,IMF|ACCESS_SHARING_LEVEL=PUBLIC_OPEN|COICOP_1999=_T|COMMON_REFERENCE_PERIOD=2009A|FREQUENCY=M|IFS_FLAG=true|INDEX_TYPE=CPI|OVERLAP=OL|SCALE=0|SECURITY_CLASSIFICATION=PUB|TYPE_OF_TRANSFORMATION=IX|aggregation=quarterly_mean,\N,"{""aggregation_method"": ""quarterly_mean"", ""source_derivation_types"": [""O"", ""O"", ""O""], ""source_months"": [""2015-M10"", ""2015-M11"", ""2015-M12""], ""source_observation_count"": 3, ""source_series_dimensions"": {""ACCESS_SHARING_LEVEL"": ""PUBLIC_OPEN"", ""COICOP_1999"": ""_T"", ""COMMON_REFERENCE_PERIOD"": ""2009A"", ""COUNTRY"": ""ZMB"", ""FREQUENCY"": ""M"", ""IFS_FLAG"": ""true"", ""INDEX_TYPE"": ""CPI"", ""OVERLAP"": ""OL"", ""SCALE"": ""0"", ""SECURITY_CLASSIFICATION"": ""PUB"", ""TYPE_OF_TRANSFORMATION"": ""IX""}}"
ZWE,cpi_index_all_items_quarterly_imf,2015-Q1,quarterly,2.052182816229117,\N,derived,IMF_CPI,IMF|ACCESS_SHARING_LEVEL=PUBLIC_OPEN|COICOP_1999=_T|COMMON_REFERENCE_PERIOD=2020M7|FREQUENCY=M|IFS_FLAG=true|INDEX_TYPE=CPI|OVERLAP=OL|SCALE=0|SECURITY_CLASSIFICATION=PUB|TYPE_OF_TRANSFORMATION=IX|aggregation=quarterly_mean,\N,"{""aggregation_method"": ""quarterly_mean"", ""source_derivation_types"": [""O"", ""O"", ""O""], ""source_months"": [""2015-M01"", ""2015-M02"", ""2015-M03""], ""source_observation_count"": 3, ""source_series_dimensions"": {""ACCESS_SHARING_LEVEL"": ""PUBLIC_OPEN"", ""COICOP_1999"": ""_T"", ""COMMON_REFERENCE_PERIOD"": ""2020M7"", ""COUNTRY"": ""ZWE"", ""FREQUENCY"": ""M"", ""IFS_FLAG"": ""true"", ""INDEX_TYPE"": ""CPI"", ""OVERLAP"": ""OL"", ""SCALE"": ""0"", ""SECURITY_CLASSIFICATION"": ""PUB"", ""TYPE_OF_TRANSFORMATION"": ""IX""}}"
ZWE,cpi_index_all_items_quarterly_imf,2015-Q2,quarterly,2.029124582338902,\N,derived,IMF_CPI,IMF|ACCESS_SHARING_LEVEL=PUBLIC_OPEN|COICOP_1999=_T|COMMON_REFERENCE_PERIOD=2020M7|FREQUENCY=M|IFS_FLAG=true|INDEX_TYPE=CPI|OVERLAP=OL|SCALE=0|SECURITY_CLASSIFICATION=PUB|TYPE_OF_TRANSFORMATION=IX|aggregation=quarterly_mean,\N,"{""aggregation_method"": ""quarterly_mean"", ""source_derivation_types"": [""O"", ""O"", ""O""], ""source_months"": [""2015-M04"", ""2015-M05"", ""2015-M06""], ""source_observation_count"": 3, ""source_series_dimensions"": {""ACCESS_SHARING_LEVEL"": ""PUBLIC_OPEN"", ""COICOP_1999"": ""_T"", ""COMMON_REFERENCE_PERIOD"": ""2020M7"", ""COUNTRY"": ""ZWE"", ""FREQUENCY"": ""M"", ""IFS_FLAG"": ""true"", ""INDEX_TYPE"": ""CPI"", ""OVERLAP"": ""OL"", ""SCALE"": ""0"", ""SECURITY_CLASSIFICATION"": ""PUB"", ""TYPE_OF_TRANSFORMATION"": ""IX""}}"
ZWE,cpi_index_all_items_quarterly_imf,2015-Q3,quarterly,2.0192424821002386,\N,derived,IMF_CPI,IMF|ACCESS_SHARING_LEVEL=PUBLIC_OPEN|COICOP_1999=_T|COMMON_REFERENCE_PERIOD=2020M7|FREQUENCY=M|IFS_FLAG=true|INDEX_TYPE=CPI|OVERLAP=OL|SCALE=0|SECURITY_CLASSIFICATION=PUB|TYPE_OF_TRANSFORMATION=IX|aggregation=quarterly_mean,\N,"{""aggregation_method"": ""quarterly_mean"", ""source_derivation_types"": [""O"", ""O"", ""O""], ""source_months"": [""2015-M07"", ""2015-M08"", ""2015-M09""], ""source_observation_count"": 3, ""source_series_dimensions"": {""ACCESS_SHARING_LEVEL"": ""PUBLIC_OPEN"", ""COICOP_1999"": ""_T"", ""COMMON_REFERENCE_PERIOD"": ""2020M7"", ""COUNTRY"": ""ZWE"", ""FREQUENCY"": ""M"", ""IFS_FLAG"": ""true"", ""INDEX_TYPE"": ""CPI"", ""OVERLAP"": ""OL"", ""SCALE"": ""0"", ""SECURITY_CLASSIFICATION"": ""PUB"", ""TYPE_OF_TRANSFORMATION"": ""IX""}}"
ZWE,cpi_index_all_items_quarterly_imf,2015-Q4,quarterly,2.0082623707239455,\N,derived,IMF_CPI,IMF|ACCESS_SHARING_LEVEL=PUBLIC_OPEN|COICOP_1999=_T|COMMON_REFERENCE_PERIOD=2020M7|FREQUENCY=M|IFS_FLAG=true|INDEX_TYPE=CPI|OVERLAP=OL|SCALE=0|SECURITY_CLASSIFICATION=PUB|TYPE_OF_TRANSFORMATION=IX|aggregation=quarterly_mean,\N,"{""aggregation_method"": ""quarterly_mean"", ""source_derivation_types"": [""O"", ""O"", ""O""], ""source_months"": [""2015-M10"", ""2015-M11"", ""2015-M12""], ""source_observation_count"": 3, ""source_series_dimensions"": {""ACCESS_SHARING_LEVEL"": ""PUBLIC_OPEN"", ""COICOP_1999"": ""_T"", ""COMMON_REFERENCE_PERIOD"": ""2020M7"", ""COUNTRY"": ""ZWE"", ""FREQUENCY"": ""M"", ""IFS_FLAG"": ""true"", ""INDEX_TYPE"": ""CPI"", ""OVERLAP"": ""OL"", ""SCALE"": ""0"", ""SECURITY_CLASSIFICATION"": ""PUB"", ""TYPE_OF_TRANSFORMATION"": ""IX""}}"
