country_code,indicator_code,period,frequency,value,raw_value,value_status,source_id,source_series_code,seasonal_adjustment,observation_metadata
ALB,gdp_real_lcu_quarterly_nsa,2025-Q1,quarterly,436815201583.7,436815201583.7,observed,IMF_QNEA,QNEA|B1GQ|Q|NSA|XDC|Q,NSA,"{""ACCESS_SHARING_LEVEL"": ""PUBLIC_OPEN"", ""CONFIDENTIALITY_STATUS"": ""F"", ""DERIVATION_TYPE"": ""O"", ""SECURITY_CLASSIFICATION"": ""PUB""}"
ALB,gdp_real_lcu_quarterly_nsa,2025-Q2,quarterly,505328641175.66,505328641175.66,observed,IMF_QNEA,QNEA|B1GQ|Q|NSA|XDC|Q,NSA,"{""ACCESS_SHARING_LEVEL"": ""PUBLIC_OPEN"", ""CONFIDENTIALITY_STATUS"": ""F"", ""DERIVATION_TYPE"": ""O"", ""SECURITY_CLASSIFICATION"": ""PUB""}"
ALB,gdp_real_lcu_quarterly_nsa,2025-Q3,quarterly,503664798151.87,503664798151.87,observed,IMF_QNEA,QNEA|B1GQ|Q|NSA|XDC|Q,NSA,"{""ACCESS_SHARING_LEVEL"": ""PUBLIC_OPEN"", ""CONFIDENTIALITY_STATUS"": ""F"", ""DERIVATION_TYPE"": ""O"", ""SECURITY_CLASSIFICATION"": ""PUB""}"
ALB,gdp_real_lcu_quarterly_nsa,2025-Q4,quarterly,499786548187.45,499786548187.45,observed,IMF_QNEA,QNEA|B1GQ|Q|NSA|XDC|Q,NSA,"{""ACCESS_SHARING_LEVEL"": ""PUBLIC_OPEN"", ""CONFIDENTIALITY_STATUS"": ""F"", ""DERIVATION_TYPE"": ""O"", ""SECURITY_CLASSIFICATION"": ""PUB""}"
ALB,gdp_real_lcu_quarterly_nsa,2026-Q1,quarterly,453001017890.55,453001017890.55,observed,IMF_QNEA,QNEA|B1GQ|Q|NSA|XDC|Q,NSA,"{""ACCESS_SHARING_LEVEL"": ""PUBLIC_OPEN"", ""CONFIDENTIALITY_STATUS"": ""F"", ""DERIVATION_TYPE"": ""O"", ""SECURITY_CLASSIFICATION"": ""PUB""}"
ARG,gdp_real_lcu_quarterly_nsa,2025-Q1,quarterly,177273800000.0,177273800000,observed,IMF_QNEA,QNEA|B1GQ|Q|NSA|XDC|Q,NSA,"{""ACCESS_SHARING_LEVEL"": ""PUBLIC_OPEN"", ""CONFIDENTIALITY_STATUS"": ""F"", ""DERIVATION_TYPE"": ""O"", ""SECURITY_CLASSIFICATION"": ""PUB""}"
ARG,gdp_real_lcu_quarterly_nsa,2025-Q2,quarterly,194370600000.0,194370600000,observed,IMF_QNEA,QNEA|B1GQ|Q|NSA|XDC|Q,NSA,"{""ACCESS_SHARING_LEVEL"": ""PUBLIC_OPEN"", ""CONFIDENTIALITY_STATUS"": ""F"", ""DERIVATION_TYPE"": ""O"", ""SECURITY_CLASSIFICATION"": ""PUB""}"
ARG,gdp_real_lcu_quarterly_nsa,2025-Q3,quarterly,184283800000.0,184283800000,observed,IMF_QNEA,QNEA|B1GQ|Q|NSA|XDC|Q,NSA,"{""ACCESS_SHARING_LEVEL"": ""PUBLIC_OPEN"", ""CONFIDENTIALITY_STATUS"": ""F"", ""DERIVATION_TYPE"": ""O"", ""SECURITY_CLASSIFICATION"": ""PUB""}"
ARG,gdp_real_lcu_quarterly_nsa,2025-Q4,quarterly,183800500000.0,183800500000,observed,IMF_QNEA,QNEA|B1GQ|Q|NSA|XDC|Q,NSA,"{""ACCESS_SHARING_LEVEL"": ""PUBLIC_OPEN"", ""CONFIDENTIALITY_STATUS"": ""F"", ""DERIVATION_TYPE"": ""O"", ""SECURITY_CLASSIFICATION"": ""PUB""}"
ARG,gdp_real_lcu_quarterly_nsa,2026-Q1,quarterly,181400100000.0,181400100000,observed,IMF_QNEA,QNEA|B1GQ|Q|NSA|XDC|Q,NSA,"{""ACCESS_SHARING_LEVEL"": ""PUBLIC_OPEN"", ""CONFIDENTIALITY_STATUS"": ""F"", ""DERIVATION_TYPE"": ""O"", ""SECURITY_CLASSIFICATION"": ""PUB""}"
ARM,gdp_real_lcu_quarterly_nsa,2025-Q1,quarterly,2066017900000.0,2066017900000,observed,IMF_QNEA,QNEA|B1GQ|Q|NSA|XDC|Q,NSA,"{""ACCESS_SHARING_LEVEL"": ""PUBLIC_OPEN"", ""CONFIDENTIALITY_STATUS"": ""F"", ""DERIVATION_TYPE"": ""O"", ""SECURITY_CLASSIFICATION"": ""PUB""}"
ARM,gdp_real_lcu_quarterly_nsa,2025-Q2,quarterly,2428454100000.0,2428454100000,observed,IMF_QNEA,QNEA|B1GQ|Q|NSA|XDC|Q,NSA,"{""ACCESS_SHARING_LEVEL"": ""PUBLIC_OPEN"", ""CONFIDENTIALITY_STATUS"": ""F"", ""DERIVATION_TYPE"": ""O"", ""SECURITY_CLASSIFICATION"": ""PUB""}"
ARM,gdp_real_lcu_quarterly_nsa,2025-Q3,quarterly,3027885200000.0,3027885200000,observed,IMF_QNEA,QNEA|B1GQ|Q|NSA|XDC|Q,NSA,"{""ACCESS_SHARING_LEVEL"": ""PUBLIC_OPEN"", ""CONFIDENTIALITY_STATUS"": ""F"", ""DERIVATION_TYPE"": ""O"", ""SECURITY_CLASSIFICATION"": ""PUB""}"
ARM,gdp_real_lcu_quarterly_nsa,2025-Q4,quarterly,3450937300000.0,3450937300000,observed,IMF_QNEA,QNEA|B1GQ|Q|NSA|XDC|Q,NSA,"{""ACCESS_SHARING_LEVEL"": ""PUBLIC_OPEN"", ""CONFIDENTIALITY_STATUS"": ""F"", ""DERIVATION_TYPE"": ""O"", ""SECURITY_CLASSIFICATION"": ""PUB""}"
ARM,gdp_real_lcu_quarterly_nsa,2026-Q1,quarterly,2219973000000.0,2219973000000,observed,IMF_QNEA,QNEA|B1GQ|Q|NSA|XDC|Q,NSA,"{""ACCESS_SHARING_LEVEL"": ""PUBLIC_OPEN"", ""CONFIDENTIALITY_STATUS"": ""F"", ""DERIVATION_TYPE"": ""O"", ""SECURITY_CLASSIFICATION"": ""PUB""}"
AUS,gdp_real_lcu_quarterly_nsa,2025-Q1,quarterly,655309000000.0,655309000000,observed,IMF_QNEA,QNEA|B1GQ|Q|NSA|XDC|Q,NSA,"{""ACCESS_SHARING_LEVEL"": ""PUBLIC_OPEN"", ""CONFIDENTIALITY_STATUS"": ""F"", ""DERIVATION_TYPE"": ""O"", ""SECURITY_CLASSIFICATION"": ""PUB""}"
AUS,gdp_real_lcu_quarterly_nsa,2025-Q2,quarterly,688161000000.0,688161000000,observed,IMF_QNEA,QNEA|B1GQ|Q|NSA|XDC|Q,NSA,"{""ACCESS_SHARING_LEVEL"": ""PUBLIC_OPEN"", ""CONFIDENTIALITY_STATUS"": ""F"", ""DERIVATION_TYPE"": ""O"", ""SECURITY_CLASSIFICATION"": ""PUB""}"
AUS,gdp_real_lcu_quarterly_nsa,2025-Q3,quarterly,687074000000.0,687074000000,observed,IMF_QNEA,QNEA|B1GQ|Q|NSA|XDC|Q,NSA,"{""ACCESS_SHARING_LEVEL"": ""PUBLIC_OPEN"", ""CONFIDENTIALITY_STATUS"": ""F"", ""DERIVATION_TYPE"": ""O"", ""SECURITY_CLASSIFICATION"": ""PUB""}"
AUS,gdp_real_lcu_quarterly_nsa,2025-Q4,quarterly,716343000000.0,716343000000,observed,IMF_QNEA,QNEA|B1GQ|Q|NSA|XDC|Q,NSA,"{""ACCESS_SHARING_LEVEL"": ""PUBLIC_OPEN"", ""CONFIDENTIALITY_STATUS"": ""F"", ""DERIVATION_TYPE"": ""O"", ""SECURITY_CLASSIFICATION"": ""PUB""}"
AUS,gdp_real_lcu_quarterly_nsa,2026-Q1,quarterly,671757000000.0,671757000000,observed,IMF_QNEA,QNEA|B1GQ|Q|NSA|XDC|Q,NSA,"{""ACCESS_SHARING_LEVEL"": ""PUBLIC_OPEN"", ""CONFIDENTIALITY_STATUS"": ""F"", ""DERIVATION_TYPE"": ""O"", ""SECURITY_CLASSIFICATION"": ""PUB""}"
AUS,gdp_real_lcu_quarterly_nsa,2026-Q2,quarterly,703981000000.0,703981000000,observed,IMF_QNEA,QNEA|B1GQ|Q|NSA|XDC|Q,NSA,"{""ACCESS_SHARING_LEVEL"": ""PUBLIC_OPEN"", ""CONFIDENTIALITY_STATUS"": ""F"", ""DERIVATION_TYPE"": ""O"", ""SECURITY_CLASSIFICATION"": ""PUB""}"
AUT,gdp_real_lcu_quarterly_nsa,2025-Q1,quarterly,85599757891.134,85599757891.134,observed,IMF_QNEA,QNEA|B1GQ|Q|NSA|XDC|Q,NSA,"{""ACCESS_SHARING_LEVEL"": ""PUBLIC_OPEN"", ""CONFIDENTIALITY_STATUS"": ""F"", ""DERIVATION_TYPE"": ""O"", ""SECURITY_CLASSIFICATION"": ""PUB""}"
AUT,gdp_real_lcu_quarterly_nsa,2025-Q2,quarterly,86181081029.001,86181081029.001,observed,IMF_QNEA,QNEA|B1GQ|Q|NSA|XDC|Q,NSA,"{""ACCESS_SHARING_LEVEL"": ""PUBLIC_OPEN"", ""CONFIDENTIALITY_STATUS"": ""F"", ""DERIVATION_TYPE"": ""O"", ""SECURITY_CLASSIFICATION"": ""PUB""}"
AUT,gdp_real_lcu_quarterly_nsa,2025-Q3,quarterly,85601082054.435,85601082054.435,observed,IMF_QNEA,QNEA|B1GQ|Q|NSA|XDC|Q,NSA,"{""ACCESS_SHARING_LEVEL"": ""PUBLIC_OPEN"", ""CONFIDENTIALITY_STATUS"": ""F"", ""DERIVATION_TYPE"": ""O"", ""SECURITY_CLASSIFICATION"": ""PUB""}"
AUT,gdp_real_lcu_quarterly_nsa,2025-Q4,quarterly,90155566201.004,90155566201.004,observed,IMF_QNEA,QNEA|B1GQ|Q|NSA|XDC|Q,NSA,"{""ACCESS_SHARING_LEVEL"": ""PUBLIC_OPEN"", ""CONFIDENTIALITY_STATUS"": ""F"", ""DERIVATION_TYPE"": ""O"", ""SECURITY_CLASSIFICATION"": ""PUB""}"
AUT,gdp_real_lcu_quarterly_nsa,2026-Q1,quarterly,86293273299.085,86293273299.085,observed,IMF_QNEA,QNEA|B1GQ|Q|NSA|XDC|Q,NSA,"{""ACCESS_SHARING_LEVEL"": ""PUBLIC_OPEN"", ""CONFIDENTIALITY_STATUS"": ""F"", ""DERIVATION_TYPE"": ""O"", ""SECURITY_CLASSIFICATION"": ""PUB""}"
AUT,gdp_real_lcu_quarterly_nsa,2026-Q2,quarterly,86489602777.765,86489602777.765,observed,IMF_QNEA,QNEA|B1GQ|Q|NSA|XDC|Q,NSA,"{""ACCESS_SHARING_LEVEL"": ""PUBLIC_OPEN"", ""CONFIDENTIALITY_STATUS"": ""F"", ""DERIVATION_TYPE"": ""O"", ""SECURITY_CLASSIFICATION"": ""PUB""}"
BEL,gdp_real_lcu_quarterly_nsa,2025-Q1,quarterly,109080659004.45,109080659004.45,observed,IMF_QNEA,QNEA|B1GQ|Q|NSA|XDC|Q,NSA,"{""ACCESS_SHARING_LEVEL"": ""PUBLIC_OPEN"", ""CONFIDENTIALITY_STATUS"": ""F"", ""DERIVATION_TYPE"": ""O"", ""SECURITY_CLASSIFICATION"": ""PUB""}"
BEL,gdp_real_lcu_quarterly_nsa,2025-Q2,quarterly,114532129720.31,114532129720.31,observed,IMF_QNEA,QNEA|B1GQ|Q|NSA|XDC|Q,NSA,"{""ACCESS_SHARING_LEVEL"": ""PUBLIC_OPEN"", ""CONFIDENTIALITY_STATUS"": ""F"", ""DERIVATION_TYPE"": ""O"", ""SECURITY_CLASSIFICATION"": ""PUB""}"
BEL,gdp_real_lcu_quarterly_nsa,2025-Q3,quarterly,107555157093.18,107555157093.18,observed,IMF_QNEA,QNEA|B1GQ|Q|NSA|XDC|Q,NSA,"{""ACCESS_SHARING_LEVEL"": ""PUBLIC_OPEN"", ""CONFIDENTIALITY_STATUS"": ""F"", ""DERIVATION_TYPE"": ""O"", ""SECURITY_CLASSIFICATION"": ""PUB""}"
BEL,gdp_real_lcu_quarterly_nsa,2025-Q4,quarterly,118262590741.15,118262590741.15,observed,IMF_QNEA,QNEA|B1GQ|Q|NSA|XDC|Q,NSA,"{""ACCESS_SHARING_LEVEL"": ""PUBLIC_OPEN"", ""CONFIDENTIALITY_STATUS"": ""F"", ""DERIVATION_TYPE"": ""O"", ""SECURITY_CLASSIFICATION"": ""PUB""}"
BEL,gdp_real_lcu_quarterly_nsa,2026-Q1,quarterly,109904971234.56,109904971234.56,observed,IMF_QNEA,QNEA|B1GQ|Q|NSA|XDC|Q,NSA,"{""ACCESS_SHARING_LEVEL"": ""PUBLIC_OPEN"", ""CONFIDENTIALITY_STATUS"": ""F"", ""DERIVATION_TYPE"": ""O"", ""SECURITY_CLASSIFICATION"": ""PUB""}"
BEL,gdp_real_lcu_quarterly_nsa,2026-Q2,quarterly,115124403300.5,115124403300.5,observed,IMF_QNEA,QNEA|B1GQ|Q|NSA|XDC|Q,NSA,"{""ACCESS_SHARING_LEVEL"": ""PUBLIC_OPEN"", ""CONFIDENTIALITY_STATUS"": ""F"", ""DERIVATION_TYPE"": ""O"", ""SECURITY_CLASSIFICATION"": ""PUB""}"
BGD,gdp_real_lcu_quarterly_nsa,2025-Q1,quarterly,8093469233071.26,8093469233071.26,observed,IMF_QNEA,QNEA|B1GQ|Q|NSA|XDC|Q,NSA,"{""ACCESS_SHARING_LEVEL"": ""PUBLIC_OPEN"", ""CONFIDENTIALITY_STATUS"": ""F"", ""DERIVATION_TYPE"": ""O"", ""SECURITY_CLASSIFICATION"": ""PUB""}"
BGD,gdp_real_lcu_quarterly_nsa,2025-Q2,quarterly,8864316513038.74,8864316513038.74,observed,IMF_QNEA,QNEA|B1GQ|Q|NSA|XDC|Q,NSA,"{""ACCESS_SHARING_LEVEL"": ""PUBLIC_OPEN"", ""CONFIDENTIALITY_STATUS"": ""F"", ""DERIVATION_TYPE"": ""O"", ""SECURITY_CLASSIFICATION"": ""PUB""}"
BGD,gdp_real_lcu_quarterly_nsa,2025-Q3,quarterly,8961006284745.74,8961006284745.74,observed,IMF_QNEA,QNEA|B1GQ|Q|NSA|XDC|Q,NSA,"{""ACCESS_SHARING_LEVEL"": ""PUBLIC_OPEN"", ""CONFIDENTIALITY_STATUS"": ""F"", ""DERIVATION_TYPE"": ""O"", ""SECURITY_CLASSIFICATION"": ""PUB""}"
BGD,gdp_real_lcu_quarterly_nsa,2025-Q4,quarterly,8785873680170.48,8785873680170.48,observed,IMF_QNEA,QNEA|B1GQ|Q|NSA|XDC|Q,NSA,"{""ACCESS_SHARING_LEVEL"": ""PUBLIC_OPEN"", ""CONFIDENTIALITY_STATUS"": ""F"", ""DERIVATION_TYPE"": ""O"", ""SECURITY_CLASSIFICATION"": ""PUB""}"
BGD,gdp_real_lcu_quarterly_nsa,2026-Q1,quarterly,8458080019929.47,8458080019929.47,observed,IMF_QNEA,QNEA|B1GQ|Q|NSA|XDC|Q,NSA,"{""ACCESS_SHARING_LEVEL"": ""PUBLIC_OPEN"", ""CONFIDENTIALITY_STATUS"": ""F"", ""DERIVATION_TYPE"": ""O"", ""SECURITY_CLASSIFICATION"": ""PUB""}"
BGR,gdp_real_lcu_quarterly_nsa,2025-Q1,quarterly,10958726649.572,10958726649.572,observed,IMF_QNEA,QNEA|B1GQ|Q|NSA|XDC|Q,NSA,"{""ACCESS_SHARING_LEVEL"": ""PUBLIC_OPEN"", ""CONFIDENTIALITY_STATUS"": ""F"", ""DERIVATION_TYPE"": ""O"", ""SECURITY_CLASSIFICATION"": ""PUB""}"
BGR,gdp_real_lcu_quarterly_nsa,2025-Q2,quarterly,12667764469.439,12667764469.439,observed,IMF_QNEA,QNEA|B1GQ|Q|NSA|XDC|Q,NSA,"{""ACCESS_SHARING_LEVEL"": ""PUBLIC_OPEN"", ""CONFIDENTIALITY_STATUS"": ""F"", ""DERIVATION_TYPE"": ""O"", ""SECURITY_CLASSIFICATION"": ""PUB""}"
BGR,gdp_real_lcu_quarterly_nsa,2025-Q3,quarterly,14941295108.324,14941295108.324,observed,IMF_QNEA,QNEA|B1GQ|Q|NSA|XDC|Q,NSA,"{""ACCESS_SHARING_LEVEL"": ""PUBLIC_OPEN"", ""CONFIDENTIALITY_STATUS"": ""F"", ""DERIVATION_TYPE"": ""O"", ""SECURITY_CLASSIFICATION"": ""PUB""}"
BGR,gdp_real_lcu_quarterly_nsa,2025-Q4,quarterly,15592704406.796,15592704406.796,observed,IMF_QNEA,QNEA|B1GQ|Q|NSA|XDC|Q,NSA,"{""ACCESS_SHARING_LEVEL"": ""PUBLIC_OPEN"", ""CONFIDENTIALITY_STATUS"": ""F"", ""DERIVATION_TYPE"": ""O"", ""SECURITY_CLASSIFICATION"": ""PUB""}"
BGR,gdp_real_lcu_quarterly_nsa,2026-Q1,quarterly,11277835035.976,11277835035.976,observed,IMF_QNEA,QNEA|B1GQ|Q|NSA|XDC|Q,NSA,"{""ACCESS_SHARING_LEVEL"": ""PUBLIC_OPEN"", ""CONFIDENTIALITY_STATUS"": ""F"", ""DERIVATION_TYPE"": ""O"", ""SECURITY_CLASSIFICATION"": ""PUB""}"
BGR,gdp_real_lcu_quarterly_nsa,2026-Q2,quarterly,13003280911.172,13003280911.172,observed,IMF_QNEA,QNEA|B1GQ|Q|NSA|XDC|Q,NSA,"{""ACCESS_SHARING_LEVEL"": ""PUBLIC_OPEN"", ""CONFIDENTIALITY_STATUS"": ""F"", ""DERIVATION_TYPE"": ""O"", ""SECURITY_CLASSIFICATION"": ""PUB""}"
BIH,gdp_real_lcu_quarterly_nsa,2025-Q1,quarterly,8616867604.5004,8616867604.5004,observed,IMF_QNEA,QNEA|B1GQ|Q|NSA|XDC|Q,NSA,"{""ACCESS_SHARING_LEVEL"": ""PUBLIC_OPEN"", ""CONFIDENTIALITY_STATUS"": ""F"", ""DERIVATION_TYPE"": ""O"", ""SECURITY_CLASSIFICATION"": ""PUB""}"
BIH,gdp_real_lcu_quarterly_nsa,2025-Q2,quarterly,9086995347.0251,9086995347.0251,observed,IMF_QNEA,QNEA|B1GQ|Q|NSA|XDC|Q,NSA,"{""ACCESS_SHARING_LEVEL"": ""PUBLIC_OPEN"", ""CONFIDENTIALITY_STATUS"": ""F"", ""DERIVATION_TYPE"": ""O"", ""SECURITY_CLASSIFICATION"": ""PUB""}"
BIH,gdp_real_lcu_quarterly_nsa,2025-Q3,quarterly,9440868558.8545,9440868558.8545,observed,IMF_QNEA,QNEA|B1GQ|Q|NSA|XDC|Q,NSA,"{""ACCESS_SHARING_LEVEL"": ""PUBLIC_OPEN"", ""CONFIDENTIALITY_STATUS"": ""F"", ""DERIVATION_TYPE"": ""O"", ""SECURITY_CLASSIFICATION"": ""PUB""}"
BIH,gdp_real_lcu_quarterly_nsa,2025-Q4,quarterly,9301500321.9495,9301500321.9495,observed,IMF_QNEA,QNEA|B1GQ|Q|NSA|XDC|Q,NSA,"{""ACCESS_SHARING_LEVEL"": ""PUBLIC_OPEN"", ""CONFIDENTIALITY_STATUS"": ""F"", ""DERIVATION_TYPE"": ""O"", ""SECURITY_CLASSIFICATION"": ""PUB""}"
BIH,gdp_real_lcu_quarterly_nsa,2026-Q1,quarterly,8802575457.4396,8802575457.4396,observed,IMF_QNEA,QNEA|B1GQ|Q|NSA|XDC|Q,NSA,"{""ACCESS_SHARING_LEVEL"": ""PUBLIC_OPEN"", ""CONFIDENTIALITY_STATUS"": ""F"", ""DERIVATION_TYPE"": ""O"", ""SECURITY_CLASSIFICATION"": ""PUB""}"
BLR,gdp_real_lcu_quarterly_nsa,2025-Q1,quarterly,48425300000.0,48425300000,observed,IMF_QNEA,QNEA|B1GQ|Q|NSA|XDC|Q,NSA,"{""ACCESS_SHARING_LEVEL"": ""PUBLIC_OPEN"", ""CONFIDENTIALITY_STATUS"": ""F"", ""DERIVATION_TYPE"": ""O"", ""SECURITY_CLASSIFICATION"": ""PUB""}"
BLR,gdp_real_lcu_quarterly_nsa,2025-Q2,quarterly,52076300000.0,52076300000,observed,IMF_QNEA,QNEA|B1GQ|Q|NSA|XDC|Q,NSA,"{""ACCESS_SHARING_LEVEL"": ""PUBLIC_OPEN"", ""CONFIDENTIALITY_STATUS"": ""F"", ""DERIVATION_TYPE"": ""O"", ""SECURITY_CLASSIFICATION"": ""PUB""}"
BLR,gdp_real_lcu_quarterly_nsa,2025-Q3,quarterly,56445800000.0,56445800000,observed,IMF_QNEA,QNEA|B1GQ|Q|NSA|XDC|Q,NSA,"{""ACCESS_SHARING_LEVEL"": ""PUBLIC_OPEN"", ""CONFIDENTIALITY_STATUS"": ""F"", ""DERIVATION_TYPE"": ""O"", ""SECURITY_CLASSIFICATION"": ""PUB""}"
BLR,gdp_real_lcu_quarterly_nsa,2025-Q4,quarterly,56195800000.0,56195800000,observed,IMF_QNEA,QNEA|B1GQ|Q|NSA|XDC|Q,NSA,"{""ACCESS_SHARING_LEVEL"": ""PUBLIC_OPEN"", ""CONFIDENTIALITY_STATUS"": ""F"", ""DERIVATION_TYPE"": ""O"", ""SECURITY_CLASSIFICATION"": ""PUB""}"
BLR,gdp_real_lcu_quarterly_nsa,2026-Q1,quarterly,48304500000.0,48304500000,observed,IMF_QNEA,QNEA|B1GQ|Q|NSA|XDC|Q,NSA,"{""ACCESS_SHARING_LEVEL"": ""PUBLIC_OPEN"", ""CONFIDENTIALITY_STATUS"": ""F"", ""DERIVATION_TYPE"": ""O"", ""SECURITY_CLASSIFICATION"": ""PUB""}"
BOL,gdp_real_lcu_quarterly_nsa,2025-Q1,quarterly,77060532704.1405,77060532704.1405,observed,IMF_QNEA,QNEA|B1GQ|Q|NSA|XDC|Q,NSA,"{""ACCESS_SHARING_LEVEL"": ""PUBLIC_OPEN"", ""CONFIDENTIALITY_STATUS"": ""F"", ""DERIVATION_TYPE"": ""O"", ""SECURITY_CLASSIFICATION"": ""PUB""}"
BOL,gdp_real_lcu_quarterly_nsa,2025-Q2,quarterly,85053365375.4079,85053365375.4079,observed,IMF_QNEA,QNEA|B1GQ|Q|NSA|XDC|Q,NSA,"{""ACCESS_SHARING_LEVEL"": ""PUBLIC_OPEN"", ""CONFIDENTIALITY_STATUS"": ""F"", ""DERIVATION_TYPE"": ""O"", ""SECURITY_CLASSIFICATION"": ""PUB""}"
BRA,gdp_real_lcu_quarterly_nsa,2025-Q1,quarterly,337137900000.0,337137900000,observed,IMF_QNEA,QNEA|B1GQ|Q|NSA|XDC|Q,NSA,"{""ACCESS_SHARING_LEVEL"": ""PUBLIC_OPEN"", ""CONFIDENTIALITY_STATUS"": ""F"", ""DERIVATION_TYPE"": ""O"", ""SECURITY_CLASSIFICATION"": ""PUB""}"
BRA,gdp_real_lcu_quarterly_nsa,2025-Q2,quarterly,344489400000.0,344489400000,observed,IMF_QNEA,QNEA|B1GQ|Q|NSA|XDC|Q,NSA,"{""ACCESS_SHARING_LEVEL"": ""PUBLIC_OPEN"", ""CONFIDENTIALITY_STATUS"": ""F"", ""DERIVATION_TYPE"": ""O"", ""SECURITY_CLASSIFICATION"": ""PUB""}"
BRA,gdp_real_lcu_quarterly_nsa,2025-Q3,quarterly,350631400000.0,350631400000,observed,IMF_QNEA,QNEA|B1GQ|Q|NSA|XDC|Q,NSA,"{""ACCESS_SHARING_LEVEL"": ""PUBLIC_OPEN"", ""CONFIDENTIALITY_STATUS"": ""F"", ""DERIVATION_TYPE"": ""O"", ""SECURITY_CLASSIFICATION"": ""PUB""}"
BRA,gdp_real_lcu_quarterly_nsa,2025-Q4,quarterly,340533500000.0,340533500000,observed,IMF_QNEA,QNEA|B1GQ|Q|NSA|XDC|Q,NSA,"{""ACCESS_SHARING_LEVEL"": ""PUBLIC_OPEN"", ""CONFIDENTIALITY_STATUS"": ""F"", ""DERIVATION_TYPE"": ""O"", ""SECURITY_CLASSIFICATION"": ""PUB""}"
BRA,gdp_real_lcu_quarterly_nsa,2026-Q1,quarterly,343338200000.0,343338200000,observed,IMF_QNEA,QNEA|B1GQ|Q|NSA|XDC|Q,NSA,"{""ACCESS_SHARING_LEVEL"": ""PUBLIC_OPEN"", ""CONFIDENTIALITY_STATUS"": ""F"", ""DERIVATION_TYPE"": ""O"", ""SECURITY_CLASSIFICATION"": ""PUB""}"
BRA,gdp_real_lcu_quarterly_nsa,2026-Q2,quarterly,351322700000.0,351322700000,observed,IMF_QNEA,QNEA|B1GQ|Q|NSA|XDC|Q,NSA,"{""ACCESS_SHARING_LEVEL"": ""PUBLIC_OPEN"", ""CONFIDENTIALITY_STATUS"": ""F"", ""DERIVATION_TYPE"": ""O"", ""SECURITY_CLASSIFICATION"": ""PUB""}"
BRN,gdp_real_lcu_quarterly_nsa,2025-Q1,quarterly,4913524461.784508,4913524461.784508,observed,IMF_QNEA,QNEA|B1GQ|Q|NSA|XDC|Q,NSA,"{""ACCESS_SHARING_LEVEL"": ""PUBLIC_OPEN"", ""CONFIDENTIALITY_STATUS"": ""F"", ""DERIVATION_TYPE"": ""O"", ""SECURITY_CLASSIFICATION"": ""PUB""}"
BRN,gdp_real_lcu_quarterly_nsa,2025-Q2,quarterly,4652812265.56233,4652812265.56233,observed,IMF_QNEA,QNEA|B1GQ|Q|NSA|XDC|Q,NSA,"{""ACCESS_SHARING_LEVEL"": ""PUBLIC_OPEN"", ""CONFIDENTIALITY_STATUS"": ""F"", ""DERIVATION_TYPE"": ""O"", ""SECURITY_CLASSIFICATION"": ""PUB""}"
BRN,gdp_real_lcu_quarterly_nsa,2025-Q3,quarterly,4890406634.403847,4890406634.403847,observed,IMF_QNEA,QNEA|B1GQ|Q|NSA|XDC|Q,NSA,"{""ACCESS_SHARING_LEVEL"": ""PUBLIC_OPEN"", ""CONFIDENTIALITY_STATUS"": ""F"", ""DERIVATION_TYPE"": ""O"", ""SECURITY_CLASSIFICATION"": ""PUB""}"
BRN,gdp_real_lcu_quarterly_nsa,2025-Q4,quarterly,5412252732.931194,5412252732.931194,observed,IMF_QNEA,QNEA|B1GQ|Q|NSA|XDC|Q,NSA,"{""ACCESS_SHARING_LEVEL"": ""PUBLIC_OPEN"", ""CONFIDENTIALITY_STATUS"": ""F"", ""DERIVATION_TYPE"": ""O"", ""SECURITY_CLASSIFICATION"": ""PUB""}"
BRN,gdp_real_lcu_quarterly_nsa,2026-Q1,quarterly,4926667084.595552,4926667084.595552,observed,IMF_QNEA,QNEA|B1GQ|Q|NSA|XDC|Q,NSA,"{""ACCESS_SHARING_LEVEL"": ""PUBLIC_OPEN"", ""CONFIDENTIALITY_STATUS"": ""F"", ""DERIVATION_TYPE"": ""O"", ""SECURITY_CLASSIFICATION"": ""PUB""}"
BWA,gdp_real_lcu_quarterly_nsa,2025-Q1,quarterly,49521736085.5609,49521736085.5609,observed,IMF_QNEA,QNEA|B1GQ|Q|NSA|XDC|Q,NSA,"{""ACCESS_SHARING_LEVEL"": ""PUBLIC_OPEN"", ""CONFIDENTIALITY_STATUS"": ""F"", ""DERIVATION_TYPE"": ""O"", ""SECURITY_CLASSIFICATION"": ""PUB""}"
BWA,gdp_real_lcu_quarterly_nsa,2025-Q2,quarterly,47766966050.7389,47766966050.7389,observed,IMF_QNEA,QNEA|B1GQ|Q|NSA|XDC|Q,NSA,"{""ACCESS_SHARING_LEVEL"": ""PUBLIC_OPEN"", ""CONFIDENTIALITY_STATUS"": ""F"", ""DERIVATION_TYPE"": ""O"", ""SECURITY_CLASSIFICATION"": ""PUB""}"
BWA,gdp_real_lcu_quarterly_nsa,2025-Q3,quarterly,52981073153.0287,52981073153.0287,observed,IMF_QNEA,QNEA|B1GQ|Q|NSA|XDC|Q,NSA,"{""ACCESS_SHARING_LEVEL"": ""PUBLIC_OPEN"", ""CONFIDENTIALITY_STATUS"": ""F"", ""DERIVATION_TYPE"": ""O"", ""SECURITY_CLASSIFICATION"": ""PUB""}"
BWA,gdp_real_lcu_quarterly_nsa,2025-Q4,quarterly,46947261131.6794,46947261131.6794,observed,IMF_QNEA,QNEA|B1GQ|Q|NSA|XDC|Q,NSA,"{""ACCESS_SHARING_LEVEL"": ""PUBLIC_OPEN"", ""CONFIDENTIALITY_STATUS"": ""F"", ""DERIVATION_TYPE"": ""O"", ""SECURITY_CLASSIFICATION"": ""PUB""}"
BWA,gdp_real_lcu_quarterly_nsa,2026-Q1,quarterly,51259531883.7167,51259531883.7167,observed,IMF_QNEA,QNEA|B1GQ|Q|NSA|XDC|Q,NSA,"{""ACCESS_SHARING_LEVEL"": ""PUBLIC_OPEN"", ""CONFIDENTIALITY_STATUS"": ""F"", ""DERIVATION_TYPE"": ""O"", ""SECURITY_CLASSIFICATION"": ""PUB""}"
CHE,gdp_real_lcu_quarterly_nsa,2025-Q1,quarterly,206285831807.8,206285831807.8,observed,IMF_QNEA,QNEA|B1GQ|Q|NSA|XDC|Q,NSA,"{""ACCESS_SHARING_LEVEL"": ""PUBLIC_OPEN"", ""CONFIDENTIALITY_STATUS"": ""F"", ""DERIVATION_TYPE"": ""O"", ""SECURITY_CLASSIFICATION"": ""PUB""}"
CHE,gdp_real_lcu_quarterly_nsa,2025-Q2,quarterly,208878656610.5,208878656610.5,observed,IMF_QNEA,QNEA|B1GQ|Q|NSA|XDC|Q,NSA,"{""ACCESS_SHARING_LEVEL"": ""PUBLIC_OPEN"", ""CONFIDENTIALITY_STATUS"": ""F"", ""DERIVATION_TYPE"": ""O"", ""SECURITY_CLASSIFICATION"": ""PUB""}"
CHE,gdp_real_lcu_quarterly_nsa,2025-Q3,quarterly,207076498127.45,207076498127.45,observed,IMF_QNEA,QNEA|B1GQ|Q|NSA|XDC|Q,NSA,"{""ACCESS_SHARING_LEVEL"": ""PUBLIC_OPEN"", ""CONFIDENTIALITY_STATUS"": ""F"", ""DERIVATION_TYPE"": ""O"", ""SECURITY_CLASSIFICATION"": ""PUB""}"
CHE,gdp_real_lcu_quarterly_nsa,2025-Q4,quarterly,213237859780.13,213237859780.13,observed,IMF_QNEA,QNEA|B1GQ|Q|NSA|XDC|Q,NSA,"{""ACCESS_SHARING_LEVEL"": ""PUBLIC_OPEN"", ""CONFIDENTIALITY_STATUS"": ""F"", ""DERIVATION_TYPE"": ""O"", ""SECURITY_CLASSIFICATION"": ""PUB""}"
CHE,gdp_real_lcu_quarterly_nsa,2026-Q1,quarterly,207412034261.03,207412034261.03,observed,IMF_QNEA,QNEA|B1GQ|Q|NSA|XDC|Q,NSA,"{""ACCESS_SHARING_LEVEL"": ""PUBLIC_OPEN"", ""CONFIDENTIALITY_STATUS"": ""F"", ""DERIVATION_TYPE"": ""O"", ""SECURITY_CLASSIFICATION"": ""PUB""}"
CHE,gdp_real_lcu_quarterly_nsa,2026-Q2,quarterly,214680713285.35,214680713285.35,observed,IMF_QNEA,QNEA|B1GQ|Q|NSA|XDC|Q,NSA,"{""ACCESS_SHARING_LEVEL"": ""PUBLIC_OPEN"", ""CONFIDENTIALITY_STATUS"": ""F"", ""DERIVATION_TYPE"": ""O"", ""SECURITY_CLASSIFICATION"": ""PUB""}"
CHL,gdp_real_lcu_quarterly_nsa,2025-Q1,quarterly,53212506400000.0,53212506400000,observed,IMF_QNEA,QNEA|B1GQ|Q|NSA|XDC|Q,NSA,"{""ACCESS_SHARING_LEVEL"": ""PUBLIC_OPEN"", ""CONFIDENTIALITY_STATUS"": ""F"", ""DERIVATION_TYPE"": ""O"", ""SECURITY_CLASSIFICATION"": ""PUB""}"
CHL,gdp_real_lcu_quarterly_nsa,2025-Q2,quarterly,53309877500000.0,53309877500000,observed,IMF_QNEA,QNEA|B1GQ|Q|NSA|XDC|Q,NSA,"{""ACCESS_SHARING_LEVEL"": ""PUBLIC_OPEN"", ""CONFIDENTIALITY_STATUS"": ""F"", ""DERIVATION_TYPE"": ""O"", ""SECURITY_CLASSIFICATION"": ""PUB""}"
CHL,gdp_real_lcu_quarterly_nsa,2025-Q3,quarterly,51876345000000.0,51876345000000,observed,IMF_QNEA,QNEA|B1GQ|Q|NSA|XDC|Q,NSA,"{""ACCESS_SHARING_LEVEL"": ""PUBLIC_OPEN"", ""CONFIDENTIALITY_STATUS"": ""F"", ""DERIVATION_TYPE"": ""O"", ""SECURITY_CLASSIFICATION"": ""PUB""}"
CHL,gdp_real_lcu_quarterly_nsa,2025-Q4,quarterly,57246764700000.0,57246764700000,observed,IMF_QNEA,QNEA|B1GQ|Q|NSA|XDC|Q,NSA,"{""ACCESS_SHARING_LEVEL"": ""PUBLIC_OPEN"", ""CONFIDENTIALITY_STATUS"": ""F"", ""DERIVATION_TYPE"": ""O"", ""SECURITY_CLASSIFICATION"": ""PUB""}"
CHL,gdp_real_lcu_quarterly_nsa,2026-Q1,quarterly,53040120600000.0,53040120600000,observed,IMF_QNEA,QNEA|B1GQ|Q|NSA|XDC|Q,NSA,"{""ACCESS_SHARING_LEVEL"": ""PUBLIC_OPEN"", ""CONFIDENTIALITY_STATUS"": ""F"", ""DERIVATION_TYPE"": ""O"", ""SECURITY_CLASSIFICATION"": ""PUB""}"
CHL,gdp_real_lcu_quarterly_nsa,2026-Q2,quarterly,53210554000000.0,53210554000000,observed,IMF_QNEA,QNEA|B1GQ|Q|NSA|XDC|Q,NSA,"{""ACCESS_SHARING_LEVEL"": ""PUBLIC_OPEN"", ""CONFIDENTIALITY_STATUS"": ""F"", ""DERIVATION_TYPE"": ""O"", ""SECURITY_CLASSIFICATION"": ""PUB""}"
CHN,gdp_real_lcu_quarterly_nsa,2025-Q1,quarterly,30657100000000.0,30657100000000,observed,IMF_QNEA,QNEA|B1GQ|Q|NSA|XDC|Q,NSA,"{""ACCESS_SHARING_LEVEL"": ""PUBLIC_OPEN"", ""CONFIDENTIALITY_STATUS"": ""F"", ""DERIVATION_TYPE"": ""O"", ""SECURITY_CLASSIFICATION"": ""PUB""}"
CHN,gdp_real_lcu_quarterly_nsa,2025-Q2,quarterly,32345820000000.0,32345820000000,observed,IMF_QNEA,QNEA|B1GQ|Q|NSA|XDC|Q,NSA,"{""ACCESS_SHARING_LEVEL"": ""PUBLIC_OPEN"", ""CONFIDENTIALITY_STATUS"": ""F"", ""DERIVATION_TYPE"": ""O"", ""SECURITY_CLASSIFICATION"": ""PUB""}"
CHN,gdp_real_lcu_quarterly_nsa,2025-Q3,quarterly,34121650000000.0,34121650000000,observed,IMF_QNEA,QNEA|B1GQ|Q|NSA|XDC|Q,NSA,"{""ACCESS_SHARING_LEVEL"": ""PUBLIC_OPEN"", ""CONFIDENTIALITY_STATUS"": ""F"", ""DERIVATION_TYPE"": ""O"", ""SECURITY_CLASSIFICATION"": ""PUB""}"
CHN,gdp_real_lcu_quarterly_nsa,2025-Q4,quarterly,37444450000000.0,37444450000000,observed,IMF_QNEA,QNEA|B1GQ|Q|NSA|XDC|Q,NSA,"{""ACCESS_SHARING_LEVEL"": ""PUBLIC_OPEN"", ""CONFIDENTIALITY_STATUS"": ""F"", ""DERIVATION_TYPE"": ""O"", ""SECURITY_CLASSIFICATION"": ""PUB""}"
CHN,gdp_real_lcu_quarterly_nsa,2026-Q1,quarterly,33574870000000.0,33574870000000,observed,IMF_QNEA,QNEA|B1GQ|Q|NSA|XDC|Q,NSA,"{""ACCESS_SHARING_LEVEL"": ""PUBLIC_OPEN"", ""CONFIDENTIALITY_STATUS"": ""F"", ""DERIVATION_TYPE"": ""O"", ""SECURITY_CLASSIFICATION"": ""PUB""}"
CHN,gdp_real_lcu_quarterly_nsa,2026-Q2,quarterly,35122270000000.0,35122270000000,observed,IMF_QNEA,QNEA|B1GQ|Q|NSA|XDC|Q,NSA,"{""ACCESS_SHARING_LEVEL"": ""PUBLIC_OPEN"", ""CONFIDENTIALITY_STATUS"": ""F"", ""DERIVATION_TYPE"": ""O"", ""SECURITY_CLASSIFICATION"": ""PUB""}"
COL,gdp_real_lcu_quarterly_nsa,2025-Q1,quarterly,242331314900000.0,242331314900000,observed,IMF_QNEA,QNEA|B1GQ|Q|NSA|XDC|Q,NSA,"{""ACCESS_SHARING_LEVEL"": ""PUBLIC_OPEN"", ""CONFIDENTIALITY_STATUS"": ""F"", ""DERIVATION_TYPE"": ""O"", ""SECURITY_CLASSIFICATION"": ""PUB""}"
COL,gdp_real_lcu_quarterly_nsa,2025-Q2,quarterly,248150384700000.0,248150384700000,observed,IMF_QNEA,QNEA|B1GQ|Q|NSA|XDC|Q,NSA,"{""ACCESS_SHARING_LEVEL"": ""PUBLIC_OPEN"", ""CONFIDENTIALITY_STATUS"": ""F"", ""DERIVATION_TYPE"": ""O"", ""SECURITY_CLASSIFICATION"": ""PUB""}"
COL,gdp_real_lcu_quarterly_nsa,2025-Q3,quarterly,259113759200000.0,259113759200000,observed,IMF_QNEA,QNEA|B1GQ|Q|NSA|XDC|Q,NSA,"{""ACCESS_SHARING_LEVEL"": ""PUBLIC_OPEN"", ""CONFIDENTIALITY_STATUS"": ""F"", ""DERIVATION_TYPE"": ""O"", ""SECURITY_CLASSIFICATION"": ""PUB""}"
COL,gdp_real_lcu_quarterly_nsa,2025-Q4,quarterly,271477464800000.0,271477464800000,observed,IMF_QNEA,QNEA|B1GQ|Q|NSA|XDC|Q,NSA,"{""ACCESS_SHARING_LEVEL"": ""PUBLIC_OPEN"", ""CONFIDENTIALITY_STATUS"": ""F"", ""DERIVATION_TYPE"": ""O"", ""SECURITY_CLASSIFICATION"": ""PUB""}"
COL,gdp_real_lcu_quarterly_nsa,2026-Q1,quarterly,247630842900000.0,247630842900000,observed,IMF_QNEA,QNEA|B1GQ|Q|NSA|XDC|Q,NSA,"{""ACCESS_SHARING_LEVEL"": ""PUBLIC_OPEN"", ""CONFIDENTIALITY_STATUS"": ""F"", ""DERIVATION_TYPE"": ""O"", ""SECURITY_CLASSIFICATION"": ""PUB""}"
COL,gdp_real_lcu_quarterly_nsa,2026-Q2,quarterly,256893697100000.0,256893697100000,observed,IMF_QNEA,QNEA|B1GQ|Q|NSA|XDC|Q,NSA,"{""ACCESS_SHARING_LEVEL"": ""PUBLIC_OPEN"", ""CONFIDENTIALITY_STATUS"": ""F"", ""DERIVATION_TYPE"": ""O"", ""SECURITY_CLASSIFICATION"": ""PUB""}"
CPV,gdp_real_lcu_quarterly_nsa,2025-Q1,quarterly,60360151224.6217,60360151224.6217,observed,IMF_QNEA,QNEA|B1GQ|Q|NSA|XDC|Q,NSA,"{""ACCESS_SHARING_LEVEL"": ""PUBLIC_OPEN"", ""CONFIDENTIALITY_STATUS"": ""F"", ""DERIVATION_TYPE"": ""O"", ""SECURITY_CLASSIFICATION"": ""PUB""}"
CPV,gdp_real_lcu_quarterly_nsa,2025-Q2,quarterly,58428089518.6382,58428089518.6382,observed,IMF_QNEA,QNEA|B1GQ|Q|NSA|XDC|Q,NSA,"{""ACCESS_SHARING_LEVEL"": ""PUBLIC_OPEN"", ""CONFIDENTIALITY_STATUS"": ""F"", ""DERIVATION_TYPE"": ""O"", ""SECURITY_CLASSIFICATION"": ""PUB""}"
CPV,gdp_real_lcu_quarterly_nsa,2025-Q3,quarterly,60547669855.4984,60547669855.4984,observed,IMF_QNEA,QNEA|B1GQ|Q|NSA|XDC|Q,NSA,"{""ACCESS_SHARING_LEVEL"": ""PUBLIC_OPEN"", ""CONFIDENTIALITY_STATUS"": ""F"", ""DERIVATION_TYPE"": ""O"", ""SECURITY_CLASSIFICATION"": ""PUB""}"
CPV,gdp_real_lcu_quarterly_nsa,2025-Q4,quarterly,66773132997.7614,66773132997.7614,observed,IMF_QNEA,QNEA|B1GQ|Q|NSA|XDC|Q,NSA,"{""ACCESS_SHARING_LEVEL"": ""PUBLIC_OPEN"", ""CONFIDENTIALITY_STATUS"": ""F"", ""DERIVATION_TYPE"": ""O"", ""SECURITY_CLASSIFICATION"": ""PUB""}"
CPV,gdp_real_lcu_quarterly_nsa,2026-Q1,quarterly,64208533556.4323,64208533556.4323,observed,IMF_QNEA,QNEA|B1GQ|Q|NSA|XDC|Q,NSA,"{""ACCESS_SHARING_LEVEL"": ""PUBLIC_OPEN"", ""CONFIDENTIALITY_STATUS"": ""F"", ""DERIVATION_TYPE"": ""O"", ""SECURITY_CLASSIFICATION"": ""PUB""}"
CRI,gdp_real_lcu_quarterly_nsa,2025-Q1,quarterly,12806497700000.0,12806497700000,observed,IMF_QNEA,QNEA|B1GQ|Q|NSA|XDC|Q,NSA,"{""ACCESS_SHARING_LEVEL"": ""PUBLIC_OPEN"", ""CONFIDENTIALITY_STATUS"": ""F"", ""DERIVATION_TYPE"": ""O"", ""SECURITY_CLASSIFICATION"": ""PUB""}"
CRI,gdp_real_lcu_quarterly_nsa,2025-Q2,quarterly,12859410100000.0,12859410100000,observed,IMF_QNEA,QNEA|B1GQ|Q|NSA|XDC|Q,NSA,"{""ACCESS_SHARING_LEVEL"": ""PUBLIC_OPEN"", ""CONFIDENTIALITY_STATUS"": ""F"", ""DERIVATION_TYPE"": ""O"", ""SECURITY_CLASSIFICATION"": ""PUB""}"
CRI,gdp_real_lcu_quarterly_nsa,2025-Q3,quarterly,12967140400000.0,12967140400000,observed,IMF_QNEA,QNEA|B1GQ|Q|NSA|XDC|Q,NSA,"{""ACCESS_SHARING_LEVEL"": ""PUBLIC_OPEN"", ""CONFIDENTIALITY_STATUS"": ""F"", ""DERIVATION_TYPE"": ""O"", ""SECURITY_CLASSIFICATION"": ""PUB""}"
CRI,gdp_real_lcu_quarterly_nsa,2025-Q4,quarterly,13767443600000.0,13767443600000,observed,IMF_QNEA,QNEA|B1GQ|Q|NSA|XDC|Q,NSA,"{""ACCESS_SHARING_LEVEL"": ""PUBLIC_OPEN"", ""CONFIDENTIALITY_STATUS"": ""F"", ""DERIVATION_TYPE"": ""O"", ""SECURITY_CLASSIFICATION"": ""PUB""}"
CRI,gdp_real_lcu_quarterly_nsa,2026-Q1,quarterly,13286781400000.0,13286781400000,observed,IMF_QNEA,QNEA|B1GQ|Q|NSA|XDC|Q,NSA,"{""ACCESS_SHARING_LEVEL"": ""PUBLIC_OPEN"", ""CONFIDENTIALITY_STATUS"": ""F"", ""DERIVATION_TYPE"": ""O"", ""SECURITY_CLASSIFICATION"": ""PUB""}"
CRI,gdp_real_lcu_quarterly_nsa,2026-Q2,quarterly,13205473600000.0,13205473600000,observed,IMF_QNEA,QNEA|B1GQ|Q|NSA|XDC|Q,NSA,"{""ACCESS_SHARING_LEVEL"": ""PUBLIC_OPEN"", ""CONFIDENTIALITY_STATUS"": ""F"", ""DERIVATION_TYPE"": ""O"", ""SECURITY_CLASSIFICATION"": ""PUB""}"
CYP,gdp_real_lcu_quarterly_nsa,2025-Q1,quarterly,7134633831.2203,7134633831.2203,observed,IMF_QNEA,QNEA|B1GQ|Q|NSA|XDC|Q,NSA,"{""ACCESS_SHARING_LEVEL"": ""PUBLIC_OPEN"", ""CONFIDENTIALITY_STATUS"": ""F"", ""DERIVATION_TYPE"": ""O"", ""SECURITY_CLASSIFICATION"": ""PUB""}"
CYP,gdp_real_lcu_quarterly_nsa,2025-Q2,quarterly,7448311279.7324,7448311279.7324,observed,IMF_QNEA,QNEA|B1GQ|Q|NSA|XDC|Q,NSA,"{""ACCESS_SHARING_LEVEL"": ""PUBLIC_OPEN"", ""CONFIDENTIALITY_STATUS"": ""F"", ""DERIVATION_TYPE"": ""O"", ""SECURITY_CLASSIFICATION"": ""PUB""}"
CYP,gdp_real_lcu_quarterly_nsa,2025-Q3,quarterly,7647500825.6016,7647500825.6016,observed,IMF_QNEA,QNEA|B1GQ|Q|NSA|XDC|Q,NSA,"{""ACCESS_SHARING_LEVEL"": ""PUBLIC_OPEN"", ""CONFIDENTIALITY_STATUS"": ""F"", ""DERIVATION_TYPE"": ""O"", ""SECURITY_CLASSIFICATION"": ""PUB""}"
CYP,gdp_real_lcu_quarterly_nsa,2025-Q4,quarterly,7518265328.7201,7518265328.7201,observed,IMF_QNEA,QNEA|B1GQ|Q|NSA|XDC|Q,NSA,"{""ACCESS_SHARING_LEVEL"": ""PUBLIC_OPEN"", ""CONFIDENTIALITY_STATUS"": ""F"", ""DERIVATION_TYPE"": ""O"", ""SECURITY_CLASSIFICATION"": ""PUB""}"
CYP,gdp_real_lcu_quarterly_nsa,2026-Q1,quarterly,7333144211.5654,7333144211.5654,observed,IMF_QNEA,QNEA|B1GQ|Q|NSA|XDC|Q,NSA,"{""ACCESS_SHARING_LEVEL"": ""PUBLIC_OPEN"", ""CONFIDENTIALITY_STATUS"": ""F"", ""DERIVATION_TYPE"": ""O"", ""SECURITY_CLASSIFICATION"": ""PUB""}"
CYP,gdp_real_lcu_quarterly_nsa,2026-Q2,quarterly,7674473399.2751,7674473399.2751,observed,IMF_QNEA,QNEA|B1GQ|Q|NSA|XDC|Q,NSA,"{""ACCESS_SHARING_LEVEL"": ""PUBLIC_OPEN"", ""CONFIDENTIALITY_STATUS"": ""F"", ""DERIVATION_TYPE"": ""O"", ""SECURITY_CLASSIFICATION"": ""PUB""}"
CZE,gdp_real_lcu_quarterly_nsa,2025-Q1,quarterly,1232095375673.5,1232095375673.5,observed,IMF_QNEA,QNEA|B1GQ|Q|NSA|XDC|Q,NSA,"{""ACCESS_SHARING_LEVEL"": ""PUBLIC_OPEN"", ""CONFIDENTIALITY_STATUS"": ""F"", ""DERIVATION_TYPE"": ""O"", ""SECURITY_CLASSIFICATION"": ""PUB""}"
CZE,gdp_real_lcu_quarterly_nsa,2025-Q2,quarterly,1331456958841.8,1331456958841.8,observed,IMF_QNEA,QNEA|B1GQ|Q|NSA|XDC|Q,NSA,"{""ACCESS_SHARING_LEVEL"": ""PUBLIC_OPEN"", ""CONFIDENTIALITY_STATUS"": ""F"", ""DERIVATION_TYPE"": ""O"", ""SECURITY_CLASSIFICATION"": ""PUB""}"
CZE,gdp_real_lcu_quarterly_nsa,2025-Q3,quarterly,1358688438213.8,1358688438213.8,observed,IMF_QNEA,QNEA|B1GQ|Q|NSA|XDC|Q,NSA,"{""ACCESS_SHARING_LEVEL"": ""PUBLIC_OPEN"", ""CONFIDENTIALITY_STATUS"": ""F"", ""DERIVATION_TYPE"": ""O"", ""SECURITY_CLASSIFICATION"": ""PUB""}"
CZE,gdp_real_lcu_quarterly_nsa,2025-Q4,quarterly,1368265821851.1,1368265821851.1,observed,IMF_QNEA,QNEA|B1GQ|Q|NSA|XDC|Q,NSA,"{""ACCESS_SHARING_LEVEL"": ""PUBLIC_OPEN"", ""CONFIDENTIALITY_STATUS"": ""F"", ""DERIVATION_TYPE"": ""O"", ""SECURITY_CLASSIFICATION"": ""PUB""}"
CZE,gdp_real_lcu_quarterly_nsa,2026-Q1,quarterly,1258622191887.6,1258622191887.6,observed,IMF_QNEA,QNEA|B1GQ|Q|NSA|XDC|Q,NSA,"{""ACCESS_SHARING_LEVEL"": ""PUBLIC_OPEN"", ""CONFIDENTIALITY_STATUS"": ""F"", ""DERIVATION_TYPE"": ""O"", ""SECURITY_CLASSIFICATION"": ""PUB""}"
CZE,gdp_real_lcu_quarterly_nsa,2026-Q2,quarterly,1357353329892.7,1357353329892.7,observed,IMF_QNEA,QNEA|B1GQ|Q|NSA|XDC|Q,NSA,"{""ACCESS_SHARING_LEVEL"": ""PUBLIC_OPEN"", ""CONFIDENTIALITY_STATUS"": ""F"", ""DERIVATION_TYPE"": ""O"", ""SECURITY_CLASSIFICATION"": ""PUB""}"
DEU,gdp_real_lcu_quarterly_nsa,2025-Q1,quarterly,775080157134.0,775080157134,observed,IMF_QNEA,QNEA|B1GQ|Q|NSA|XDC|Q,NSA,"{""ACCESS_SHARING_LEVEL"": ""PUBLIC_OPEN"", ""CONFIDENTIALITY_STATUS"": ""F"", ""DERIVATION_TYPE"": ""O"", ""SECURITY_CLASSIFICATION"": ""PUB""}"
DEU,gdp_real_lcu_quarterly_nsa,2025-Q2,quarterly,759385504730.01,759385504730.01,observed,IMF_QNEA,QNEA|B1GQ|Q|NSA|XDC|Q,NSA,"{""ACCESS_SHARING_LEVEL"": ""PUBLIC_OPEN"", ""CONFIDENTIALITY_STATUS"": ""F"", ""DERIVATION_TYPE"": ""O"", ""SECURITY_CLASSIFICATION"": ""PUB""}"
DEU,gdp_real_lcu_quarterly_nsa,2025-Q3,quarterly,777806454635.01,777806454635.01,observed,IMF_QNEA,QNEA|B1GQ|Q|NSA|XDC|Q,NSA,"{""ACCESS_SHARING_LEVEL"": ""PUBLIC_OPEN"", ""CONFIDENTIALITY_STATUS"": ""F"", ""DERIVATION_TYPE"": ""O"", ""SECURITY_CLASSIFICATION"": ""PUB""}"
DEU,gdp_real_lcu_quarterly_nsa,2025-Q4,quarterly,784585365691.67,784585365691.67,observed,IMF_QNEA,QNEA|B1GQ|Q|NSA|XDC|Q,NSA,"{""ACCESS_SHARING_LEVEL"": ""PUBLIC_OPEN"", ""CONFIDENTIALITY_STATUS"": ""F"", ""DERIVATION_TYPE"": ""O"", ""SECURITY_CLASSIFICATION"": ""PUB""}"
DEU,gdp_real_lcu_quarterly_nsa,2026-Q1,quarterly,781416965664.14,781416965664.14,observed,IMF_QNEA,QNEA|B1GQ|Q|NSA|XDC|Q,NSA,"{""ACCESS_SHARING_LEVEL"": ""PUBLIC_OPEN"", ""CONFIDENTIALITY_STATUS"": ""F"", ""DERIVATION_TYPE"": ""O"", ""SECURITY_CLASSIFICATION"": ""PUB""}"
DEU,gdp_real_lcu_quarterly_nsa,2026-Q2,quarterly,767122303181.61,767122303181.61,observed,IMF_QNEA,QNEA|B1GQ|Q|NSA|XDC|Q,NSA,"{""ACCESS_SHARING_LEVEL"": ""PUBLIC_OPEN"", ""CONFIDENTIALITY_STATUS"": ""F"", ""DERIVATION_TYPE"": ""O"", ""SECURITY_CLASSIFICATION"": ""PUB""}"
DNK,gdp_real_lcu_quarterly_nsa,2025-Q1,quarterly,573234380711.02,573234380711.02,observed,IMF_QNEA,QNEA|B1GQ|Q|NSA|XDC|Q,NSA,"{""ACCESS_SHARING_LEVEL"": ""PUBLIC_OPEN"", ""CONFIDENTIALITY_STATUS"": ""F"", ""DERIVATION_TYPE"": ""O"", ""SECURITY_CLASSIFICATION"": ""PUB""}"
DNK,gdp_real_lcu_quarterly_nsa,2025-Q2,quarterly,601485692002.84,601485692002.84,observed,IMF_QNEA,QNEA|B1GQ|Q|NSA|XDC|Q,NSA,"{""ACCESS_SHARING_LEVEL"": ""PUBLIC_OPEN"", ""CONFIDENTIALITY_STATUS"": ""F"", ""DERIVATION_TYPE"": ""O"", ""SECURITY_CLASSIFICATION"": ""PUB""}"
DNK,gdp_real_lcu_quarterly_nsa,2025-Q3,quarterly,601152882591.59,601152882591.59,observed,IMF_QNEA,QNEA|B1GQ|Q|NSA|XDC|Q,NSA,"{""ACCESS_SHARING_LEVEL"": ""PUBLIC_OPEN"", ""CONFIDENTIALITY_STATUS"": ""F"", ""DERIVATION_TYPE"": ""O"", ""SECURITY_CLASSIFICATION"": ""PUB""}"
DNK,gdp_real_lcu_quarterly_nsa,2025-Q4,quarterly,643523221647.26,643523221647.26,observed,IMF_QNEA,QNEA|B1GQ|Q|NSA|XDC|Q,NSA,"{""ACCESS_SHARING_LEVEL"": ""PUBLIC_OPEN"", ""CONFIDENTIALITY_STATUS"": ""F"", ""DERIVATION_TYPE"": ""O"", ""SECURITY_CLASSIFICATION"": ""PUB""}"
DNK,gdp_real_lcu_quarterly_nsa,2026-Q1,quarterly,608315601682.25,608315601682.25,observed,IMF_QNEA,QNEA|B1GQ|Q|NSA|XDC|Q,NSA,"{""ACCESS_SHARING_LEVEL"": ""PUBLIC_OPEN"", ""CONFIDENTIALITY_STATUS"": ""F"", ""DERIVATION_TYPE"": ""O"", ""SECURITY_CLASSIFICATION"": ""PUB""}"
DNK,gdp_real_lcu_quarterly_nsa,2026-Q2,quarterly,629846505371.58,629846505371.58,observed,IMF_QNEA,QNEA|B1GQ|Q|NSA|XDC|Q,NSA,"{""ACCESS_SHARING_LEVEL"": ""PUBLIC_OPEN"", ""CONFIDENTIALITY_STATUS"": ""F"", ""DERIVATION_TYPE"": ""O"", ""SECURITY_CLASSIFICATION"": ""PUB""}"
DOM,gdp_real_lcu_quarterly_nsa,2025-Q1,quarterly,1339815593296.67,1339815593296.67,observed,IMF_QNEA,QNEA|B1GQ|Q|NSA|XDC|Q,NSA,"{""ACCESS_SHARING_LEVEL"": ""PUBLIC_OPEN"", ""CONFIDENTIALITY_STATUS"": ""F"", ""DERIVATION_TYPE"": ""O"", ""SECURITY_CLASSIFICATION"": ""PUB""}"
DOM,gdp_real_lcu_quarterly_nsa,2025-Q2,quarterly,1334528579762.23,1334528579762.23,observed,IMF_QNEA,QNEA|B1GQ|Q|NSA|XDC|Q,NSA,"{""ACCESS_SHARING_LEVEL"": ""PUBLIC_OPEN"", ""CONFIDENTIALITY_STATUS"": ""F"", ""DERIVATION_TYPE"": ""O"", ""SECURITY_CLASSIFICATION"": ""PUB""}"
DOM,gdp_real_lcu_quarterly_nsa,2025-Q3,quarterly,1313407357067.51,1313407357067.51,observed,IMF_QNEA,QNEA|B1GQ|Q|NSA|XDC|Q,NSA,"{""ACCESS_SHARING_LEVEL"": ""PUBLIC_OPEN"", ""CONFIDENTIALITY_STATUS"": ""F"", ""DERIVATION_TYPE"": ""O"", ""SECURITY_CLASSIFICATION"": ""PUB""}"
DOM,gdp_real_lcu_quarterly_nsa,2025-Q4,quarterly,1352943252469.19,1352943252469.19,observed,IMF_QNEA,QNEA|B1GQ|Q|NSA|XDC|Q,NSA,"{""ACCESS_SHARING_LEVEL"": ""PUBLIC_OPEN"", ""CONFIDENTIALITY_STATUS"": ""F"", ""DERIVATION_TYPE"": ""O"", ""SECURITY_CLASSIFICATION"": ""PUB""}"
ECU,gdp_real_lcu_quarterly_nsa,2025-Q1,quarterly,27561162545.392,27561162545.392,observed,IMF_QNEA,QNEA|B1GQ|Q|NSA|XDC|Q,NSA,"{""ACCESS_SHARING_LEVEL"": ""PUBLIC_OPEN"", ""CONFIDENTIALITY_STATUS"": ""F"", ""DERIVATION_TYPE"": ""O"", ""SECURITY_CLASSIFICATION"": ""PUB""}"
ECU,gdp_real_lcu_quarterly_nsa,2025-Q2,quarterly,29588370279.5466,29588370279.5466,observed,IMF_QNEA,QNEA|B1GQ|Q|NSA|XDC|Q,NSA,"{""ACCESS_SHARING_LEVEL"": ""PUBLIC_OPEN"", ""CONFIDENTIALITY_STATUS"": ""F"", ""DERIVATION_TYPE"": ""O"", ""SECURITY_CLASSIFICATION"": ""PUB""}"
ECU,gdp_real_lcu_quarterly_nsa,2025-Q3,quarterly,28330255157.1701,28330255157.1701,observed,IMF_QNEA,QNEA|B1GQ|Q|NSA|XDC|Q,NSA,"{""ACCESS_SHARING_LEVEL"": ""PUBLIC_OPEN"", ""CONFIDENTIALITY_STATUS"": ""F"", ""DERIVATION_TYPE"": ""O"", ""SECURITY_CLASSIFICATION"": ""PUB""}"
ESP,gdp_real_lcu_quarterly_nsa,2025-Q1,quarterly,316449810517.23,316449810517.23,observed,IMF_QNEA,QNEA|B1GQ|Q|NSA|XDC|Q,NSA,"{""ACCESS_SHARING_LEVEL"": ""PUBLIC_OPEN"", ""CONFIDENTIALITY_STATUS"": ""F"", ""DERIVATION_TYPE"": ""O"", ""SECURITY_CLASSIFICATION"": ""PUB""}"
ESP,gdp_real_lcu_quarterly_nsa,2025-Q2,quarterly,331427778508.08,331427778508.08,observed,IMF_QNEA,QNEA|B1GQ|Q|NSA|XDC|Q,NSA,"{""ACCESS_SHARING_LEVEL"": ""PUBLIC_OPEN"", ""CONFIDENTIALITY_STATUS"": ""F"", ""DERIVATION_TYPE"": ""O"", ""SECURITY_CLASSIFICATION"": ""PUB""}"
ESP,gdp_real_lcu_quarterly_nsa,2025-Q3,quarterly,328539231079.33,328539231079.33,observed,IMF_QNEA,QNEA|B1GQ|Q|NSA|XDC|Q,NSA,"{""ACCESS_SHARING_LEVEL"": ""PUBLIC_OPEN"", ""CONFIDENTIALITY_STATUS"": ""F"", ""DERIVATION_TYPE"": ""O"", ""SECURITY_CLASSIFICATION"": ""PUB""}"
ESP,gdp_real_lcu_quarterly_nsa,2025-Q4,quarterly,342021007019.67,342021007019.67,observed,IMF_QNEA,QNEA|B1GQ|Q|NSA|XDC|Q,NSA,"{""ACCESS_SHARING_LEVEL"": ""PUBLIC_OPEN"", ""CONFIDENTIALITY_STATUS"": ""F"", ""DERIVATION_TYPE"": ""O"", ""SECURITY_CLASSIFICATION"": ""PUB""}"
ESP,gdp_real_lcu_quarterly_nsa,2026-Q1,quarterly,325102237227.01,325102237227.01,observed,IMF_QNEA,QNEA|B1GQ|Q|NSA|XDC|Q,NSA,"{""ACCESS_SHARING_LEVEL"": ""PUBLIC_OPEN"", ""CONFIDENTIALITY_STATUS"": ""F"", ""DERIVATION_TYPE"": ""O"", ""SECURITY_CLASSIFICATION"": ""PUB""}"
ESP,gdp_real_lcu_quarterly_nsa,2026-Q2,quarterly,340713608918.74,340713608918.74,observed,IMF_QNEA,QNEA|B1GQ|Q|NSA|XDC|Q,NSA,"{""ACCESS_SHARING_LEVEL"": ""PUBLIC_OPEN"", ""CONFIDENTIALITY_STATUS"": ""F"", ""DERIVATION_TYPE"": ""O"", ""SECURITY_CLASSIFICATION"": ""PUB""}"
EST,gdp_real_lcu_quarterly_nsa,2025-Q1,quarterly,4989825794.7785,4989825794.7785,observed,IMF_QNEA,QNEA|B1GQ|Q|NSA|XDC|Q,NSA,"{""ACCESS_SHARING_LEVEL"": ""PUBLIC_OPEN"", ""CONFIDENTIALITY_STATUS"": ""F"", ""DERIVATION_TYPE"": ""O"", ""SECURITY_CLASSIFICATION"": ""PUB""}"
EST,gdp_real_lcu_quarterly_nsa,2025-Q2,quarterly,5467689605.1992,5467689605.1992,observed,IMF_QNEA,QNEA|B1GQ|Q|NSA|XDC|Q,NSA,"{""ACCESS_SHARING_LEVEL"": ""PUBLIC_OPEN"", ""CONFIDENTIALITY_STATUS"": ""F"", ""DERIVATION_TYPE"": ""O"", ""SECURITY_CLASSIFICATION"": ""PUB""}"
EST,gdp_real_lcu_quarterly_nsa,2025-Q3,quarterly,5430974990.1523,5430974990.1523,observed,IMF_QNEA,QNEA|B1GQ|Q|NSA|XDC|Q,NSA,"{""ACCESS_SHARING_LEVEL"": ""PUBLIC_OPEN"", ""CONFIDENTIALITY_STATUS"": ""F"", ""DERIVATION_TYPE"": ""O"", ""SECURITY_CLASSIFICATION"": ""PUB""}"
EST,gdp_real_lcu_quarterly_nsa,2025-Q4,quarterly,5603016058.1994,5603016058.1994,observed,IMF_QNEA,QNEA|B1GQ|Q|NSA|XDC|Q,NSA,"{""ACCESS_SHARING_LEVEL"": ""PUBLIC_OPEN"", ""CONFIDENTIALITY_STATUS"": ""F"", ""DERIVATION_TYPE"": ""O"", ""SECURITY_CLASSIFICATION"": ""PUB""}"
EST,gdp_real_lcu_quarterly_nsa,2026-Q1,quarterly,5135762920.5342,5135762920.5342,observed,IMF_QNEA,QNEA|B1GQ|Q|NSA|XDC|Q,NSA,"{""ACCESS_SHARING_LEVEL"": ""PUBLIC_OPEN"", ""CONFIDENTIALITY_STATUS"": ""F"", ""DERIVATION_TYPE"": ""O"", ""SECURITY_CLASSIFICATION"": ""PUB""}"
EST,gdp_real_lcu_quarterly_nsa,2026-Q2,quarterly,5566540725.4165,5566540725.4165,observed,IMF_QNEA,QNEA|B1GQ|Q|NSA|XDC|Q,NSA,"{""ACCESS_SHARING_LEVEL"": ""PUBLIC_OPEN"", ""CONFIDENTIALITY_STATUS"": ""F"", ""DERIVATION_TYPE"": ""O"", ""SECURITY_CLASSIFICATION"": ""PUB""}"
FIN,gdp_real_lcu_quarterly_nsa,2025-Q1,quarterly,49320295591.63,49320295591.63,observed,IMF_QNEA,QNEA|B1GQ|Q|NSA|XDC|Q,NSA,"{""ACCESS_SHARING_LEVEL"": ""PUBLIC_OPEN"", ""CONFIDENTIALITY_STATUS"": ""F"", ""DERIVATION_TYPE"": ""O"", ""SECURITY_CLASSIFICATION"": ""PUB""}"
FIN,gdp_real_lcu_quarterly_nsa,2025-Q2,quarterly,52066269218.348,52066269218.348,observed,IMF_QNEA,QNEA|B1GQ|Q|NSA|XDC|Q,NSA,"{""ACCESS_SHARING_LEVEL"": ""PUBLIC_OPEN"", ""CONFIDENTIALITY_STATUS"": ""F"", ""DERIVATION_TYPE"": ""O"", ""SECURITY_CLASSIFICATION"": ""PUB""}"
FIN,gdp_real_lcu_quarterly_nsa,2025-Q3,quarterly,51178943539.425,51178943539.425,observed,IMF_QNEA,QNEA|B1GQ|Q|NSA|XDC|Q,NSA,"{""ACCESS_SHARING_LEVEL"": ""PUBLIC_OPEN"", ""CONFIDENTIALITY_STATUS"": ""F"", ""DERIVATION_TYPE"": ""O"", ""SECURITY_CLASSIFICATION"": ""PUB""}"
FIN,gdp_real_lcu_quarterly_nsa,2025-Q4,quarterly,54206395100.544,54206395100.544,observed,IMF_QNEA,QNEA|B1GQ|Q|NSA|XDC|Q,NSA,"{""ACCESS_SHARING_LEVEL"": ""PUBLIC_OPEN"", ""CONFIDENTIALITY_STATUS"": ""F"", ""DERIVATION_TYPE"": ""O"", ""SECURITY_CLASSIFICATION"": ""PUB""}"
FIN,gdp_real_lcu_quarterly_nsa,2026-Q1,quarterly,49907378140.525,49907378140.525,observed,IMF_QNEA,QNEA|B1GQ|Q|NSA|XDC|Q,NSA,"{""ACCESS_SHARING_LEVEL"": ""PUBLIC_OPEN"", ""CONFIDENTIALITY_STATUS"": ""F"", ""DERIVATION_TYPE"": ""O"", ""SECURITY_CLASSIFICATION"": ""PUB""}"
FIN,gdp_real_lcu_quarterly_nsa,2026-Q2,quarterly,52789176040.351,52789176040.351,observed,IMF_QNEA,QNEA|B1GQ|Q|NSA|XDC|Q,NSA,"{""ACCESS_SHARING_LEVEL"": ""PUBLIC_OPEN"", ""CONFIDENTIALITY_STATUS"": ""F"", ""DERIVATION_TYPE"": ""O"", ""SECURITY_CLASSIFICATION"": ""PUB""}"
FRA,gdp_real_lcu_quarterly_nsa,2025-Q1,quarterly,584642657520.43,584642657520.43,observed,IMF_QNEA,QNEA|B1GQ|Q|NSA|XDC|Q,NSA,"{""ACCESS_SHARING_LEVEL"": ""PUBLIC_OPEN"", ""CONFIDENTIALITY_STATUS"": ""F"", ""DERIVATION_TYPE"": ""O"", ""SECURITY_CLASSIFICATION"": ""PUB""}"
FRA,gdp_real_lcu_quarterly_nsa,2025-Q2,quarterly,591606123426.82,591606123426.82,observed,IMF_QNEA,QNEA|B1GQ|Q|NSA|XDC|Q,NSA,"{""ACCESS_SHARING_LEVEL"": ""PUBLIC_OPEN"", ""CONFIDENTIALITY_STATUS"": ""F"", ""DERIVATION_TYPE"": ""O"", ""SECURITY_CLASSIFICATION"": ""PUB""}"
FRA,gdp_real_lcu_quarterly_nsa,2025-Q3,quarterly,585210540837.14,585210540837.14,observed,IMF_QNEA,QNEA|B1GQ|Q|NSA|XDC|Q,NSA,"{""ACCESS_SHARING_LEVEL"": ""PUBLIC_OPEN"", ""CONFIDENTIALITY_STATUS"": ""F"", ""DERIVATION_TYPE"": ""O"", ""SECURITY_CLASSIFICATION"": ""PUB""}"
FRA,gdp_real_lcu_quarterly_nsa,2025-Q4,quarterly,616396417822.87,616396417822.87,observed,IMF_QNEA,QNEA|B1GQ|Q|NSA|XDC|Q,NSA,"{""ACCESS_SHARING_LEVEL"": ""PUBLIC_OPEN"", ""CONFIDENTIALITY_STATUS"": ""F"", ""DERIVATION_TYPE"": ""O"", ""SECURITY_CLASSIFICATION"": ""PUB""}"
FRA,gdp_real_lcu_quarterly_nsa,2026-Q1,quarterly,589100824554.87,589100824554.87,observed,IMF_QNEA,QNEA|B1GQ|Q|NSA|XDC|Q,NSA,"{""ACCESS_SHARING_LEVEL"": ""PUBLIC_OPEN"", ""CONFIDENTIALITY_STATUS"": ""F"", ""DERIVATION_TYPE"": ""O"", ""SECURITY_CLASSIFICATION"": ""PUB""}"
FRA,gdp_real_lcu_quarterly_nsa,2026-Q2,quarterly,595760449079.03,595760449079.03,observed,IMF_QNEA,QNEA|B1GQ|Q|NSA|XDC|Q,NSA,"{""ACCESS_SHARING_LEVEL"": ""PUBLIC_OPEN"", ""CONFIDENTIALITY_STATUS"": ""F"", ""DERIVATION_TYPE"": ""O"", ""SECURITY_CLASSIFICATION"": ""PUB""}"
GBR,gdp_real_lcu_quarterly_nsa,2025-Q1,quarterly,708093000000.0,708093000000,observed,IMF_QNEA,QNEA|B1GQ|Q|NSA|XDC|Q,NSA,"{""ACCESS_SHARING_LEVEL"": ""PUBLIC_OPEN"", ""CONFIDENTIALITY_STATUS"": ""F"", ""DERIVATION_TYPE"": ""O"", ""SECURITY_CLASSIFICATION"": ""PUB""}"
GBR,gdp_real_lcu_quarterly_nsa,2025-Q2,quarterly,689987000000.0,689987000000,observed,IMF_QNEA,QNEA|B1GQ|Q|NSA|XDC|Q,NSA,"{""ACCESS_SHARING_LEVEL"": ""PUBLIC_OPEN"", ""CONFIDENTIALITY_STATUS"": ""F"", ""DERIVATION_TYPE"": ""O"", ""SECURITY_CLASSIFICATION"": ""PUB""}"
GBR,gdp_real_lcu_quarterly_nsa,2025-Q3,quarterly,703852000000.0,703852000000,observed,IMF_QNEA,QNEA|B1GQ|Q|NSA|XDC|Q,NSA,"{""ACCESS_SHARING_LEVEL"": ""PUBLIC_OPEN"", ""CONFIDENTIALITY_STATUS"": ""F"", ""DERIVATION_TYPE"": ""O"", ""SECURITY_CLASSIFICATION"": ""PUB""}"
GBR,gdp_real_lcu_quarterly_nsa,2025-Q4,quarterly,715482000000.0,715482000000,observed,IMF_QNEA,QNEA|B1GQ|Q|NSA|XDC|Q,NSA,"{""ACCESS_SHARING_LEVEL"": ""PUBLIC_OPEN"", ""CONFIDENTIALITY_STATUS"": ""F"", ""DERIVATION_TYPE"": ""O"", ""SECURITY_CLASSIFICATION"": ""PUB""}"
GBR,gdp_real_lcu_quarterly_nsa,2026-Q1,quarterly,714018000000.0,714018000000,observed,IMF_QNEA,QNEA|B1GQ|Q|NSA|XDC|Q,NSA,"{""ACCESS_SHARING_LEVEL"": ""PUBLIC_OPEN"", ""CONFIDENTIALITY_STATUS"": ""F"", ""DERIVATION_TYPE"": ""O"", ""SECURITY_CLASSIFICATION"": ""PUB""}"
GBR,gdp_real_lcu_quarterly_nsa,2026-Q2,quarterly,698225000000.0,698225000000,observed,IMF_QNEA,QNEA|B1GQ|Q|NSA|XDC|Q,NSA,"{""ACCESS_SHARING_LEVEL"": ""PUBLIC_OPEN"", ""CONFIDENTIALITY_STATUS"": ""F"", ""DERIVATION_TYPE"": ""O"", ""SECURITY_CLASSIFICATION"": ""PUB""}"
GEO,gdp_real_lcu_quarterly_nsa,2025-Q1,quarterly,15312566032.0,15312566032,observed,IMF_QNEA,QNEA|B1GQ|Q|NSA|XDC|Q,NSA,"{""ACCESS_SHARING_LEVEL"": ""PUBLIC_OPEN"", ""CONFIDENTIALITY_STATUS"": ""F"", ""DERIVATION_TYPE"": ""O"", ""SECURITY_CLASSIFICATION"": ""PUB""}"
GEO,gdp_real_lcu_quarterly_nsa,2025-Q2,quarterly,17716156023.0,17716156023,observed,IMF_QNEA,QNEA|B1GQ|Q|NSA|XDC|Q,NSA,"{""ACCESS_SHARING_LEVEL"": ""PUBLIC_OPEN"", ""CONFIDENTIALITY_STATUS"": ""F"", ""DERIVATION_TYPE"": ""O"", ""SECURITY_CLASSIFICATION"": ""PUB""}"
GEO,gdp_real_lcu_quarterly_nsa,2025-Q3,quarterly,19476283381.0,19476283381,observed,IMF_QNEA,QNEA|B1GQ|Q|NSA|XDC|Q,NSA,"{""ACCESS_SHARING_LEVEL"": ""PUBLIC_OPEN"", ""CONFIDENTIALITY_STATUS"": ""F"", ""DERIVATION_TYPE"": ""O"", ""SECURITY_CLASSIFICATION"": ""PUB""}"
GRC,gdp_real_lcu_quarterly_nsa,2025-Q1,quarterly,47784009888.012,47784009888.012,observed,IMF_QNEA,QNEA|B1GQ|Q|NSA|XDC|Q,NSA,"{""ACCESS_SHARING_LEVEL"": ""PUBLIC_OPEN"", ""CONFIDENTIALITY_STATUS"": ""F"", ""DERIVATION_TYPE"": ""O"", ""SECURITY_CLASSIFICATION"": ""PUB""}"
GRC,gdp_real_lcu_quarterly_nsa,2025-Q2,quarterly,52821780380.391,52821780380.391,observed,IMF_QNEA,QNEA|B1GQ|Q|NSA|XDC|Q,NSA,"{""ACCESS_SHARING_LEVEL"": ""PUBLIC_OPEN"", ""CONFIDENTIALITY_STATUS"": ""F"", ""DERIVATION_TYPE"": ""O"", ""SECURITY_CLASSIFICATION"": ""PUB""}"
GRC,gdp_real_lcu_quarterly_nsa,2025-Q3,quarterly,57604550080.911,57604550080.911,observed,IMF_QNEA,QNEA|B1GQ|Q|NSA|XDC|Q,NSA,"{""ACCESS_SHARING_LEVEL"": ""PUBLIC_OPEN"", ""CONFIDENTIALITY_STATUS"": ""F"", ""DERIVATION_TYPE"": ""O"", ""SECURITY_CLASSIFICATION"": ""PUB""}"
GRC,gdp_real_lcu_quarterly_nsa,2025-Q4,quarterly,54792167200.808,54792167200.808,observed,IMF_QNEA,QNEA|B1GQ|Q|NSA|XDC|Q,NSA,"{""ACCESS_SHARING_LEVEL"": ""PUBLIC_OPEN"", ""CONFIDENTIALITY_STATUS"": ""F"", ""DERIVATION_TYPE"": ""O"", ""SECURITY_CLASSIFICATION"": ""PUB""}"
GRC,gdp_real_lcu_quarterly_nsa,2026-Q1,quarterly,48745147653.869,48745147653.869,observed,IMF_QNEA,QNEA|B1GQ|Q|NSA|XDC|Q,NSA,"{""ACCESS_SHARING_LEVEL"": ""PUBLIC_OPEN"", ""CONFIDENTIALITY_STATUS"": ""F"", ""DERIVATION_TYPE"": ""O"", ""SECURITY_CLASSIFICATION"": ""PUB""}"
GRC,gdp_real_lcu_quarterly_nsa,2026-Q2,quarterly,53756841702.545,53756841702.545,observed,IMF_QNEA,QNEA|B1GQ|Q|NSA|XDC|Q,NSA,"{""ACCESS_SHARING_LEVEL"": ""PUBLIC_OPEN"", ""CONFIDENTIALITY_STATUS"": ""F"", ""DERIVATION_TYPE"": ""O"", ""SECURITY_CLASSIFICATION"": ""PUB""}"
GTM,gdp_real_lcu_quarterly_nsa,2025-Q1,quarterly,157241991636.6559,157241991636.6559,observed,IMF_QNEA,QNEA|B1GQ|Q|NSA|XDC|Q,NSA,"{""ACCESS_SHARING_LEVEL"": ""PUBLIC_OPEN"", ""CONFIDENTIALITY_STATUS"": ""F"", ""DERIVATION_TYPE"": ""O"", ""SECURITY_CLASSIFICATION"": ""PUB""}"
GTM,gdp_real_lcu_quarterly_nsa,2025-Q2,quarterly,157719596071.6431,157719596071.6431,observed,IMF_QNEA,QNEA|B1GQ|Q|NSA|XDC|Q,NSA,"{""ACCESS_SHARING_LEVEL"": ""PUBLIC_OPEN"", ""CONFIDENTIALITY_STATUS"": ""F"", ""DERIVATION_TYPE"": ""O"", ""SECURITY_CLASSIFICATION"": ""PUB""}"
GTM,gdp_real_lcu_quarterly_nsa,2025-Q3,quarterly,158743287075.8729,158743287075.8729,observed,IMF_QNEA,QNEA|B1GQ|Q|NSA|XDC|Q,NSA,"{""ACCESS_SHARING_LEVEL"": ""PUBLIC_OPEN"", ""CONFIDENTIALITY_STATUS"": ""F"", ""DERIVATION_TYPE"": ""O"", ""SECURITY_CLASSIFICATION"": ""PUB""}"
GTM,gdp_real_lcu_quarterly_nsa,2025-Q4,quarterly,164024794225.7972,164024794225.7972,observed,IMF_QNEA,QNEA|B1GQ|Q|NSA|XDC|Q,NSA,"{""ACCESS_SHARING_LEVEL"": ""PUBLIC_OPEN"", ""CONFIDENTIALITY_STATUS"": ""F"", ""DERIVATION_TYPE"": ""O"", ""SECURITY_CLASSIFICATION"": ""PUB""}"
GTM,gdp_real_lcu_quarterly_nsa,2026-Q1,quarterly,164361677214.066,164361677214.066,observed,IMF_QNEA,QNEA|B1GQ|Q|NSA|XDC|Q,NSA,"{""ACCESS_SHARING_LEVEL"": ""PUBLIC_OPEN"", ""CONFIDENTIALITY_STATUS"": ""F"", ""DERIVATION_TYPE"": ""O"", ""SECURITY_CLASSIFICATION"": ""PUB""}"
HRV,gdp_real_lcu_quarterly_nsa,2025-Q1,quarterly,13188952352.956,13188952352.956,observed,IMF_QNEA,QNEA|B1GQ|Q|NSA|XDC|Q,NSA,"{""ACCESS_SHARING_LEVEL"": ""PUBLIC_OPEN"", ""CONFIDENTIALITY_STATUS"": ""F"", ""DERIVATION_TYPE"": ""O"", ""SECURITY_CLASSIFICATION"": ""PUB""}"
HRV,gdp_real_lcu_quarterly_nsa,2025-Q2,quarterly,15523250547.221,15523250547.221,observed,IMF_QNEA,QNEA|B1GQ|Q|NSA|XDC|Q,NSA,"{""ACCESS_SHARING_LEVEL"": ""PUBLIC_OPEN"", ""CONFIDENTIALITY_STATUS"": ""F"", ""DERIVATION_TYPE"": ""O"", ""SECURITY_CLASSIFICATION"": ""PUB""}"
HRV,gdp_real_lcu_quarterly_nsa,2025-Q3,quarterly,17633097014.089,17633097014.089,observed,IMF_QNEA,QNEA|B1GQ|Q|NSA|XDC|Q,NSA,"{""ACCESS_SHARING_LEVEL"": ""PUBLIC_OPEN"", ""CONFIDENTIALITY_STATUS"": ""F"", ""DERIVATION_TYPE"": ""O"", ""SECURITY_CLASSIFICATION"": ""PUB""}"
HRV,gdp_real_lcu_quarterly_nsa,2025-Q4,quarterly,15436583106.93,15436583106.93,observed,IMF_QNEA,QNEA|B1GQ|Q|NSA|XDC|Q,NSA,"{""ACCESS_SHARING_LEVEL"": ""PUBLIC_OPEN"", ""CONFIDENTIALITY_STATUS"": ""F"", ""DERIVATION_TYPE"": ""O"", ""SECURITY_CLASSIFICATION"": ""PUB""}"
HRV,gdp_real_lcu_quarterly_nsa,2026-Q1,quarterly,13473725584.019,13473725584.019,observed,IMF_QNEA,QNEA|B1GQ|Q|NSA|XDC|Q,NSA,"{""ACCESS_SHARING_LEVEL"": ""PUBLIC_OPEN"", ""CONFIDENTIALITY_STATUS"": ""F"", ""DERIVATION_TYPE"": ""O"", ""SECURITY_CLASSIFICATION"": ""PUB""}"
HRV,gdp_real_lcu_quarterly_nsa,2026-Q2,quarterly,15781149143.452,15781149143.452,observed,IMF_QNEA,QNEA|B1GQ|Q|NSA|XDC|Q,NSA,"{""ACCESS_SHARING_LEVEL"": ""PUBLIC_OPEN"", ""CONFIDENTIALITY_STATUS"": ""F"", ""DERIVATION_TYPE"": ""O"", ""SECURITY_CLASSIFICATION"": ""PUB""}"
HUN,gdp_real_lcu_quarterly_nsa,2025-Q1,quarterly,8718915983659.2,8718915983659.2,observed,IMF_QNEA,QNEA|B1GQ|Q|NSA|XDC|Q,NSA,"{""ACCESS_SHARING_LEVEL"": ""PUBLIC_OPEN"", ""CONFIDENTIALITY_STATUS"": ""F"", ""DERIVATION_TYPE"": ""O"", ""SECURITY_CLASSIFICATION"": ""PUB""}"
HUN,gdp_real_lcu_quarterly_nsa,2025-Q2,quarterly,9720850113244.9,9720850113244.9,observed,IMF_QNEA,QNEA|B1GQ|Q|NSA|XDC|Q,NSA,"{""ACCESS_SHARING_LEVEL"": ""PUBLIC_OPEN"", ""CONFIDENTIALITY_STATUS"": ""F"", ""DERIVATION_TYPE"": ""O"", ""SECURITY_CLASSIFICATION"": ""PUB""}"
HUN,gdp_real_lcu_quarterly_nsa,2025-Q3,quarterly,9938948564470.7,9938948564470.7,observed,IMF_QNEA,QNEA|B1GQ|Q|NSA|XDC|Q,NSA,"{""ACCESS_SHARING_LEVEL"": ""PUBLIC_OPEN"", ""CONFIDENTIALITY_STATUS"": ""F"", ""DERIVATION_TYPE"": ""O"", ""SECURITY_CLASSIFICATION"": ""PUB""}"
HUN,gdp_real_lcu_quarterly_nsa,2025-Q4,quarterly,10255285340496.0,10255285340496,observed,IMF_QNEA,QNEA|B1GQ|Q|NSA|XDC|Q,NSA,"{""ACCESS_SHARING_LEVEL"": ""PUBLIC_OPEN"", ""CONFIDENTIALITY_STATUS"": ""F"", ""DERIVATION_TYPE"": ""O"", ""SECURITY_CLASSIFICATION"": ""PUB""}"
HUN,gdp_real_lcu_quarterly_nsa,2026-Q1,quarterly,8869948186286.4,8869948186286.4,observed,IMF_QNEA,QNEA|B1GQ|Q|NSA|XDC|Q,NSA,"{""ACCESS_SHARING_LEVEL"": ""PUBLIC_OPEN"", ""CONFIDENTIALITY_STATUS"": ""F"", ""DERIVATION_TYPE"": ""O"", ""SECURITY_CLASSIFICATION"": ""PUB""}"
HUN,gdp_real_lcu_quarterly_nsa,2026-Q2,quarterly,9890172367854.8,9890172367854.8,observed,IMF_QNEA,QNEA|B1GQ|Q|NSA|XDC|Q,NSA,"{""ACCESS_SHARING_LEVEL"": ""PUBLIC_OPEN"", ""CONFIDENTIALITY_STATUS"": ""F"", ""DERIVATION_TYPE"": ""O"", ""SECURITY_CLASSIFICATION"": ""PUB""}"
IDN,gdp_real_lcu_quarterly_nsa,2025-Q1,quarterly,3264589800000000.0,3264589800000000,observed,IMF_QNEA,QNEA|B1GQ|Q|NSA|XDC|Q,NSA,"{""ACCESS_SHARING_LEVEL"": ""PUBLIC_OPEN"", ""CONFIDENTIALITY_STATUS"": ""F"", ""DERIVATION_TYPE"": ""O"", ""SECURITY_CLASSIFICATION"": ""PUB""}"
IDN,gdp_real_lcu_quarterly_nsa,2025-Q2,quarterly,3396575400000000.0,3396575400000000,observed,IMF_QNEA,QNEA|B1GQ|Q|NSA|XDC|Q,NSA,"{""ACCESS_SHARING_LEVEL"": ""PUBLIC_OPEN"", ""CONFIDENTIALITY_STATUS"": ""F"", ""DERIVATION_TYPE"": ""O"", ""SECURITY_CLASSIFICATION"": ""PUB""}"
IDN,gdp_real_lcu_quarterly_nsa,2025-Q3,quarterly,3444898300000000.0,3444898300000000,observed,IMF_QNEA,QNEA|B1GQ|Q|NSA|XDC|Q,NSA,"{""ACCESS_SHARING_LEVEL"": ""PUBLIC_OPEN"", ""CONFIDENTIALITY_STATUS"": ""F"", ""DERIVATION_TYPE"": ""O"", ""SECURITY_CLASSIFICATION"": ""PUB""}"
IDN,gdp_real_lcu_quarterly_nsa,2025-Q4,quarterly,3474461200000000.0,3474461200000000,observed,IMF_QNEA,QNEA|B1GQ|Q|NSA|XDC|Q,NSA,"{""ACCESS_SHARING_LEVEL"": ""PUBLIC_OPEN"", ""CONFIDENTIALITY_STATUS"": ""F"", ""DERIVATION_TYPE"": ""O"", ""SECURITY_CLASSIFICATION"": ""PUB""}"
IDN,gdp_real_lcu_quarterly_nsa,2026-Q1,quarterly,3447672400000000.0,3447672400000000,observed,IMF_QNEA,QNEA|B1GQ|Q|NSA|XDC|Q,NSA,"{""ACCESS_SHARING_LEVEL"": ""PUBLIC_OPEN"", ""CONFIDENTIALITY_STATUS"": ""F"", ""DERIVATION_TYPE"": ""O"", ""SECURITY_CLASSIFICATION"": ""PUB""}"
IDN,gdp_real_lcu_quarterly_nsa,2026-Q2,quarterly,3576209300000000.0,3576209300000000,observed,IMF_QNEA,QNEA|B1GQ|Q|NSA|XDC|Q,NSA,"{""ACCESS_SHARING_LEVEL"": ""PUBLIC_OPEN"", ""CONFIDENTIALITY_STATUS"": ""F"", ""DERIVATION_TYPE"": ""O"", ""SECURITY_CLASSIFICATION"": ""PUB""}"
IND,gdp_real_lcu_quarterly_nsa,2025-Q1,quarterly,81804130000000.0,81804130000000,observed,IMF_QNEA,QNEA|B1GQ|Q|NSA|XDC|Q,NSA,"{""ACCESS_SHARING_LEVEL"": ""PUBLIC_OPEN"", ""CONFIDENTIALITY_STATUS"": ""F"", ""DERIVATION_TYPE"": ""O"", ""SECURITY_CLASSIFICATION"": ""PUB""}"
IND,gdp_real_lcu_quarterly_nsa,2025-Q2,quarterly,75462300000000.0,75462300000000,observed,IMF_QNEA,QNEA|B1GQ|Q|NSA|XDC|Q,NSA,"{""ACCESS_SHARING_LEVEL"": ""PUBLIC_OPEN"", ""CONFIDENTIALITY_STATUS"": ""F"", ""DERIVATION_TYPE"": ""O"", ""SECURITY_CLASSIFICATION"": ""PUB""}"
IND,gdp_real_lcu_quarterly_nsa,2025-Q3,quarterly,75412580000000.0,75412580000000,observed,IMF_QNEA,QNEA|B1GQ|Q|NSA|XDC|Q,NSA,"{""ACCESS_SHARING_LEVEL"": ""PUBLIC_OPEN"", ""CONFIDENTIALITY_STATUS"": ""F"", ""DERIVATION_TYPE"": ""O"", ""SECURITY_CLASSIFICATION"": ""PUB""}"
IND,gdp_real_lcu_quarterly_nsa,2025-Q4,quarterly,85022780000000.0,85022780000000,observed,IMF_QNEA,QNEA|B1GQ|Q|NSA|XDC|Q,NSA,"{""ACCESS_SHARING_LEVEL"": ""PUBLIC_OPEN"", ""CONFIDENTIALITY_STATUS"": ""F"", ""DERIVATION_TYPE"": ""O"", ""SECURITY_CLASSIFICATION"": ""PUB""}"
IND,gdp_real_lcu_quarterly_nsa,2026-Q1,quarterly,88803340000000.0,88803340000000,observed,IMF_QNEA,QNEA|B1GQ|Q|NSA|XDC|Q,NSA,"{""ACCESS_SHARING_LEVEL"": ""PUBLIC_OPEN"", ""CONFIDENTIALITY_STATUS"": ""F"", ""DERIVATION_TYPE"": ""O"", ""SECURITY_CLASSIFICATION"": ""PUB""}"
IND,gdp_real_lcu_quarterly_nsa,2026-Q2,quarterly,81361530000000.0,81361530000000,observed,IMF_QNEA,QNEA|B1GQ|Q|NSA|XDC|Q,NSA,"{""ACCESS_SHARING_LEVEL"": ""PUBLIC_OPEN"", ""CONFIDENTIALITY_STATUS"": ""F"", ""DERIVATION_TYPE"": ""O"", ""SECURITY_CLASSIFICATION"": ""PUB""}"
IRL,gdp_real_lcu_quarterly_nsa,2025-Q1,quarterly,112078198679.13,112078198679.13,observed,IMF_QNEA,QNEA|B1GQ|Q|NSA|XDC|Q,NSA,"{""ACCESS_SHARING_LEVEL"": ""PUBLIC_OPEN"", ""CONFIDENTIALITY_STATUS"": ""F"", ""DERIVATION_TYPE"": ""O"", ""SECURITY_CLASSIFICATION"": ""PUB""}"
IRL,gdp_real_lcu_quarterly_nsa,2025-Q2,quarterly,105733787132.35,105733787132.35,observed,IMF_QNEA,QNEA|B1GQ|Q|NSA|XDC|Q,NSA,"{""ACCESS_SHARING_LEVEL"": ""PUBLIC_OPEN"", ""CONFIDENTIALITY_STATUS"": ""F"", ""DERIVATION_TYPE"": ""O"", ""SECURITY_CLASSIFICATION"": ""PUB""}"
IRL,gdp_real_lcu_quarterly_nsa,2025-Q3,quarterly,109723836649.11,109723836649.11,observed,IMF_QNEA,QNEA|B1GQ|Q|NSA|XDC|Q,NSA,"{""ACCESS_SHARING_LEVEL"": ""PUBLIC_OPEN"", ""CONFIDENTIALITY_STATUS"": ""F"", ""DERIVATION_TYPE"": ""O"", ""SECURITY_CLASSIFICATION"": ""PUB""}"
IRL,gdp_real_lcu_quarterly_nsa,2025-Q4,quarterly,105779440991.61,105779440991.61,observed,IMF_QNEA,QNEA|B1GQ|Q|NSA|XDC|Q,NSA,"{""ACCESS_SHARING_LEVEL"": ""PUBLIC_OPEN"", ""CONFIDENTIALITY_STATUS"": ""F"", ""DERIVATION_TYPE"": ""O"", ""SECURITY_CLASSIFICATION"": ""PUB""}"
IRL,gdp_real_lcu_quarterly_nsa,2026-Q1,quarterly,97304985078.021,97304985078.021,observed,IMF_QNEA,QNEA|B1GQ|Q|NSA|XDC|Q,NSA,"{""ACCESS_SHARING_LEVEL"": ""PUBLIC_OPEN"", ""CONFIDENTIALITY_STATUS"": ""F"", ""DERIVATION_TYPE"": ""O"", ""SECURITY_CLASSIFICATION"": ""PUB""}"
IRL,gdp_real_lcu_quarterly_nsa,2026-Q2,quarterly,105279274003.37,105279274003.37,observed,IMF_QNEA,QNEA|B1GQ|Q|NSA|XDC|Q,NSA,"{""ACCESS_SHARING_LEVEL"": ""PUBLIC_OPEN"", ""CONFIDENTIALITY_STATUS"": ""F"", ""DERIVATION_TYPE"": ""O"", ""SECURITY_CLASSIFICATION"": ""PUB""}"
ISL,gdp_real_lcu_quarterly_nsa,2025-Q1,quarterly,604689905173.99,604689905173.99,observed,IMF_QNEA,QNEA|B1GQ|Q|NSA|XDC|Q,NSA,"{""ACCESS_SHARING_LEVEL"": ""PUBLIC_OPEN"", ""CONFIDENTIALITY_STATUS"": ""F"", ""DERIVATION_TYPE"": ""O"", ""SECURITY_CLASSIFICATION"": ""PUB""}"
ISL,gdp_real_lcu_quarterly_nsa,2025-Q2,quarterly,618438564359.62,618438564359.62,observed,IMF_QNEA,QNEA|B1GQ|Q|NSA|XDC|Q,NSA,"{""ACCESS_SHARING_LEVEL"": ""PUBLIC_OPEN"", ""CONFIDENTIALITY_STATUS"": ""F"", ""DERIVATION_TYPE"": ""O"", ""SECURITY_CLASSIFICATION"": ""PUB""}"
ISL,gdp_real_lcu_quarterly_nsa,2025-Q3,quarterly,659493442861.44,659493442861.44,observed,IMF_QNEA,QNEA|B1GQ|Q|NSA|XDC|Q,NSA,"{""ACCESS_SHARING_LEVEL"": ""PUBLIC_OPEN"", ""CONFIDENTIALITY_STATUS"": ""F"", ""DERIVATION_TYPE"": ""O"", ""SECURITY_CLASSIFICATION"": ""PUB""}"
ISL,gdp_real_lcu_quarterly_nsa,2025-Q4,quarterly,624043338304.99,624043338304.99,observed,IMF_QNEA,QNEA|B1GQ|Q|NSA|XDC|Q,NSA,"{""ACCESS_SHARING_LEVEL"": ""PUBLIC_OPEN"", ""CONFIDENTIALITY_STATUS"": ""F"", ""DERIVATION_TYPE"": ""O"", ""SECURITY_CLASSIFICATION"": ""PUB""}"
ISL,gdp_real_lcu_quarterly_nsa,2026-Q1,quarterly,627384825472.29,627384825472.29,observed,IMF_QNEA,QNEA|B1GQ|Q|NSA|XDC|Q,NSA,"{""ACCESS_SHARING_LEVEL"": ""PUBLIC_OPEN"", ""CONFIDENTIALITY_STATUS"": ""F"", ""DERIVATION_TYPE"": ""O"", ""SECURITY_CLASSIFICATION"": ""PUB""}"
ISL,gdp_real_lcu_quarterly_nsa,2026-Q2,quarterly,611575415950.42,611575415950.42,observed,IMF_QNEA,QNEA|B1GQ|Q|NSA|XDC|Q,NSA,"{""ACCESS_SHARING_LEVEL"": ""PUBLIC_OPEN"", ""CONFIDENTIALITY_STATUS"": ""F"", ""DERIVATION_TYPE"": ""O"", ""SECURITY_CLASSIFICATION"": ""PUB""}"
ISR,gdp_real_lcu_quarterly_nsa,2025-Q1,quarterly,420363600000.0,420363600000,observed,IMF_QNEA,QNEA|B1GQ|Q|NSA|XDC|Q,NSA,"{""ACCESS_SHARING_LEVEL"": ""PUBLIC_OPEN"", ""CONFIDENTIALITY_STATUS"": ""F"", ""DERIVATION_TYPE"": ""O"", ""SECURITY_CLASSIFICATION"": ""PUB""}"
ISR,gdp_real_lcu_quarterly_nsa,2025-Q2,quarterly,419320000000.0,419320000000,observed,IMF_QNEA,QNEA|B1GQ|Q|NSA|XDC|Q,NSA,"{""ACCESS_SHARING_LEVEL"": ""PUBLIC_OPEN"", ""CONFIDENTIALITY_STATUS"": ""F"", ""DERIVATION_TYPE"": ""O"", ""SECURITY_CLASSIFICATION"": ""PUB""}"
ISR,gdp_real_lcu_quarterly_nsa,2025-Q3,quarterly,442044100000.0,442044100000,observed,IMF_QNEA,QNEA|B1GQ|Q|NSA|XDC|Q,NSA,"{""ACCESS_SHARING_LEVEL"": ""PUBLIC_OPEN"", ""CONFIDENTIALITY_STATUS"": ""F"", ""DERIVATION_TYPE"": ""O"", ""SECURITY_CLASSIFICATION"": ""PUB""}"
ISR,gdp_real_lcu_quarterly_nsa,2025-Q4,quarterly,457912800000.0,457912800000,observed,IMF_QNEA,QNEA|B1GQ|Q|NSA|XDC|Q,NSA,"{""ACCESS_SHARING_LEVEL"": ""PUBLIC_OPEN"", ""CONFIDENTIALITY_STATUS"": ""F"", ""DERIVATION_TYPE"": ""O"", ""SECURITY_CLASSIFICATION"": ""PUB""}"
ISR,gdp_real_lcu_quarterly_nsa,2026-Q1,quarterly,430588000000.0,430588000000,observed,IMF_QNEA,QNEA|B1GQ|Q|NSA|XDC|Q,NSA,"{""ACCESS_SHARING_LEVEL"": ""PUBLIC_OPEN"", ""CONFIDENTIALITY_STATUS"": ""F"", ""DERIVATION_TYPE"": ""O"", ""SECURITY_CLASSIFICATION"": ""PUB""}"
ISR,gdp_real_lcu_quarterly_nsa,2026-Q2,quarterly,448258100000.0,448258100000,observed,IMF_QNEA,QNEA|B1GQ|Q|NSA|XDC|Q,NSA,"{""ACCESS_SHARING_LEVEL"": ""PUBLIC_OPEN"", ""CONFIDENTIALITY_STATUS"": ""F"", ""DERIVATION_TYPE"": ""O"", ""SECURITY_CLASSIFICATION"": ""PUB""}"
ITA,gdp_real_lcu_quarterly_nsa,2025-Q1,quarterly,420408414755.49,420408414755.49,observed,IMF_QNEA,QNEA|B1GQ|Q|NSA|XDC|Q,NSA,"{""ACCESS_SHARING_LEVEL"": ""PUBLIC_OPEN"", ""CONFIDENTIALITY_STATUS"": ""F"", ""DERIVATION_TYPE"": ""O"", ""SECURITY_CLASSIFICATION"": ""PUB""}"
ITA,gdp_real_lcu_quarterly_nsa,2025-Q2,quarterly,432263751396.48,432263751396.48,observed,IMF_QNEA,QNEA|B1GQ|Q|NSA|XDC|Q,NSA,"{""ACCESS_SHARING_LEVEL"": ""PUBLIC_OPEN"", ""CONFIDENTIALITY_STATUS"": ""F"", ""DERIVATION_TYPE"": ""O"", ""SECURITY_CLASSIFICATION"": ""PUB""}"
ITA,gdp_real_lcu_quarterly_nsa,2025-Q3,quarterly,435539746974.23,435539746974.23,observed,IMF_QNEA,QNEA|B1GQ|Q|NSA|XDC|Q,NSA,"{""ACCESS_SHARING_LEVEL"": ""PUBLIC_OPEN"", ""CONFIDENTIALITY_STATUS"": ""F"", ""DERIVATION_TYPE"": ""O"", ""SECURITY_CLASSIFICATION"": ""PUB""}"
ITA,gdp_real_lcu_quarterly_nsa,2025-Q4,quarterly,444410791142.47,444410791142.47,observed,IMF_QNEA,QNEA|B1GQ|Q|NSA|XDC|Q,NSA,"{""ACCESS_SHARING_LEVEL"": ""PUBLIC_OPEN"", ""CONFIDENTIALITY_STATUS"": ""F"", ""DERIVATION_TYPE"": ""O"", ""SECURITY_CLASSIFICATION"": ""PUB""}"
ITA,gdp_real_lcu_quarterly_nsa,2026-Q1,quarterly,423796453469.22,423796453469.22,observed,IMF_QNEA,QNEA|B1GQ|Q|NSA|XDC|Q,NSA,"{""ACCESS_SHARING_LEVEL"": ""PUBLIC_OPEN"", ""CONFIDENTIALITY_STATUS"": ""F"", ""DERIVATION_TYPE"": ""O"", ""SECURITY_CLASSIFICATION"": ""PUB""}"
ITA,gdp_real_lcu_quarterly_nsa,2026-Q2,quarterly,437619431066.8,437619431066.8,observed,IMF_QNEA,QNEA|B1GQ|Q|NSA|XDC|Q,NSA,"{""ACCESS_SHARING_LEVEL"": ""PUBLIC_OPEN"", ""CONFIDENTIALITY_STATUS"": ""F"", ""DERIVATION_TYPE"": ""O"", ""SECURITY_CLASSIFICATION"": ""PUB""}"
JOR,gdp_real_lcu_quarterly_nsa,2025-Q1,quarterly,9618404111.39682,9618404111.39682,observed,IMF_QNEA,QNEA|B1GQ|Q|NSA|XDC|Q,NSA,"{""ACCESS_SHARING_LEVEL"": ""PUBLIC_OPEN"", ""CONFIDENTIALITY_STATUS"": ""F"", ""DERIVATION_TYPE"": ""O"", ""SECURITY_CLASSIFICATION"": ""PUB""}"
JOR,gdp_real_lcu_quarterly_nsa,2025-Q2,quarterly,10308088387.8414,10308088387.8414,observed,IMF_QNEA,QNEA|B1GQ|Q|NSA|XDC|Q,NSA,"{""ACCESS_SHARING_LEVEL"": ""PUBLIC_OPEN"", ""CONFIDENTIALITY_STATUS"": ""F"", ""DERIVATION_TYPE"": ""O"", ""SECURITY_CLASSIFICATION"": ""PUB""}"
JOR,gdp_real_lcu_quarterly_nsa,2025-Q3,quarterly,11136745184.6351,11136745184.6351,observed,IMF_QNEA,QNEA|B1GQ|Q|NSA|XDC|Q,NSA,"{""ACCESS_SHARING_LEVEL"": ""PUBLIC_OPEN"", ""CONFIDENTIALITY_STATUS"": ""F"", ""DERIVATION_TYPE"": ""O"", ""SECURITY_CLASSIFICATION"": ""PUB""}"
JOR,gdp_real_lcu_quarterly_nsa,2025-Q4,quarterly,10958084572.4713,10958084572.4713,observed,IMF_QNEA,QNEA|B1GQ|Q|NSA|XDC|Q,NSA,"{""ACCESS_SHARING_LEVEL"": ""PUBLIC_OPEN"", ""CONFIDENTIALITY_STATUS"": ""F"", ""DERIVATION_TYPE"": ""O"", ""SECURITY_CLASSIFICATION"": ""PUB""}"
JOR,gdp_real_lcu_quarterly_nsa,2026-Q1,quarterly,9900477404.40015,9900477404.40015,observed,IMF_QNEA,QNEA|B1GQ|Q|NSA|XDC|Q,NSA,"{""ACCESS_SHARING_LEVEL"": ""PUBLIC_OPEN"", ""CONFIDENTIALITY_STATUS"": ""F"", ""DERIVATION_TYPE"": ""O"", ""SECURITY_CLASSIFICATION"": ""PUB""}"
JPN,gdp_real_lcu_quarterly_nsa,2025-Q1,quarterly,150297200000000.0,150297200000000,observed,IMF_QNEA,QNEA|B1GQ|Q|NSA|XDC|Q,NSA,"{""ACCESS_SHARING_LEVEL"": ""PUBLIC_OPEN"", ""CONFIDENTIALITY_STATUS"": ""F"", ""DERIVATION_TYPE"": ""O"", ""SECURITY_CLASSIFICATION"": ""PUB""}"
JPN,gdp_real_lcu_quarterly_nsa,2025-Q2,quarterly,145250100000000.0,145250100000000,observed,IMF_QNEA,QNEA|B1GQ|Q|NSA|XDC|Q,NSA,"{""ACCESS_SHARING_LEVEL"": ""PUBLIC_OPEN"", ""CONFIDENTIALITY_STATUS"": ""F"", ""DERIVATION_TYPE"": ""O"", ""SECURITY_CLASSIFICATION"": ""PUB""}"
JPN,gdp_real_lcu_quarterly_nsa,2025-Q3,quarterly,146666200000000.0,146666200000000,observed,IMF_QNEA,QNEA|B1GQ|Q|NSA|XDC|Q,NSA,"{""ACCESS_SHARING_LEVEL"": ""PUBLIC_OPEN"", ""CONFIDENTIALITY_STATUS"": ""F"", ""DERIVATION_TYPE"": ""O"", ""SECURITY_CLASSIFICATION"": ""PUB""}"
JPN,gdp_real_lcu_quarterly_nsa,2025-Q4,quarterly,151521400000000.0,151521400000000,observed,IMF_QNEA,QNEA|B1GQ|Q|NSA|XDC|Q,NSA,"{""ACCESS_SHARING_LEVEL"": ""PUBLIC_OPEN"", ""CONFIDENTIALITY_STATUS"": ""F"", ""DERIVATION_TYPE"": ""O"", ""SECURITY_CLASSIFICATION"": ""PUB""}"
JPN,gdp_real_lcu_quarterly_nsa,2026-Q1,quarterly,151117400000000.0,151117400000000,observed,IMF_QNEA,QNEA|B1GQ|Q|NSA|XDC|Q,NSA,"{""ACCESS_SHARING_LEVEL"": ""PUBLIC_OPEN"", ""CONFIDENTIALITY_STATUS"": ""F"", ""DERIVATION_TYPE"": ""O"", ""SECURITY_CLASSIFICATION"": ""PUB""}"
JPN,gdp_real_lcu_quarterly_nsa,2026-Q2,quarterly,146228100000000.0,146228100000000,observed,IMF_QNEA,QNEA|B1GQ|Q|NSA|XDC|Q,NSA,"{""ACCESS_SHARING_LEVEL"": ""PUBLIC_OPEN"", ""CONFIDENTIALITY_STATUS"": ""F"", ""DERIVATION_TYPE"": ""O"", ""SECURITY_CLASSIFICATION"": ""PUB""}"
KEN,gdp_real_lcu_quarterly_nsa,2025-Q1,quarterly,2852198000000.0,2852198000000,observed,IMF_QNEA,QNEA|B1GQ|Q|NSA|XDC|Q,NSA,"{""ACCESS_SHARING_LEVEL"": ""PUBLIC_OPEN"", ""CONFIDENTIALITY_STATUS"": ""F"", ""DERIVATION_TYPE"": ""O"", ""SECURITY_CLASSIFICATION"": ""PUB""}"
KEN,gdp_real_lcu_quarterly_nsa,2025-Q2,quarterly,2865384000000.0,2865384000000,observed,IMF_QNEA,QNEA|B1GQ|Q|NSA|XDC|Q,NSA,"{""ACCESS_SHARING_LEVEL"": ""PUBLIC_OPEN"", ""CONFIDENTIALITY_STATUS"": ""F"", ""DERIVATION_TYPE"": ""O"", ""SECURITY_CLASSIFICATION"": ""PUB""}"
KEN,gdp_real_lcu_quarterly_nsa,2025-Q3,quarterly,2762025000000.0,2762025000000,observed,IMF_QNEA,QNEA|B1GQ|Q|NSA|XDC|Q,NSA,"{""ACCESS_SHARING_LEVEL"": ""PUBLIC_OPEN"", ""CONFIDENTIALITY_STATUS"": ""F"", ""DERIVATION_TYPE"": ""O"", ""SECURITY_CLASSIFICATION"": ""PUB""}"
KOR,gdp_real_lcu_quarterly_nsa,2025-Q1,quarterly,553206600000000.0,553206600000000,observed,IMF_QNEA,QNEA|B1GQ|Q|NSA|XDC|Q,NSA,"{""ACCESS_SHARING_LEVEL"": ""PUBLIC_OPEN"", ""CONFIDENTIALITY_STATUS"": ""F"", ""DERIVATION_TYPE"": ""O"", ""SECURITY_CLASSIFICATION"": ""PUB""}"
KOR,gdp_real_lcu_quarterly_nsa,2025-Q2,quarterly,577871200000000.0,577871200000000,observed,IMF_QNEA,QNEA|B1GQ|Q|NSA|XDC|Q,NSA,"{""ACCESS_SHARING_LEVEL"": ""PUBLIC_OPEN"", ""CONFIDENTIALITY_STATUS"": ""F"", ""DERIVATION_TYPE"": ""O"", ""SECURITY_CLASSIFICATION"": ""PUB""}"
KOR,gdp_real_lcu_quarterly_nsa,2025-Q3,quarterly,587254500000000.0,587254500000000,observed,IMF_QNEA,QNEA|B1GQ|Q|NSA|XDC|Q,NSA,"{""ACCESS_SHARING_LEVEL"": ""PUBLIC_OPEN"", ""CONFIDENTIALITY_STATUS"": ""F"", ""DERIVATION_TYPE"": ""O"", ""SECURITY_CLASSIFICATION"": ""PUB""}"
KOR,gdp_real_lcu_quarterly_nsa,2025-Q4,quarterly,607935100000000.0,607935100000000,observed,IMF_QNEA,QNEA|B1GQ|Q|NSA|XDC|Q,NSA,"{""ACCESS_SHARING_LEVEL"": ""PUBLIC_OPEN"", ""CONFIDENTIALITY_STATUS"": ""F"", ""DERIVATION_TYPE"": ""O"", ""SECURITY_CLASSIFICATION"": ""PUB""}"
KOR,gdp_real_lcu_quarterly_nsa,2026-Q1,quarterly,574115500000000.0,574115500000000,observed,IMF_QNEA,QNEA|B1GQ|Q|NSA|XDC|Q,NSA,"{""ACCESS_SHARING_LEVEL"": ""PUBLIC_OPEN"", ""CONFIDENTIALITY_STATUS"": ""F"", ""DERIVATION_TYPE"": ""O"", ""SECURITY_CLASSIFICATION"": ""PUB""}"
KOR,gdp_real_lcu_quarterly_nsa,2026-Q2,quarterly,599411200000000.0,599411200000000,observed,IMF_QNEA,QNEA|B1GQ|Q|NSA|XDC|Q,NSA,"{""ACCESS_SHARING_LEVEL"": ""PUBLIC_OPEN"", ""CONFIDENTIALITY_STATUS"": ""F"", ""DERIVATION_TYPE"": ""O"", ""SECURITY_CLASSIFICATION"": ""PUB""}"
LKA,gdp_real_lcu_quarterly_nsa,2025-Q1,quarterly,3476663896131.23,3476663896131.23,observed,IMF_QNEA,QNEA|B1GQ|Q|NSA|XDC|Q,NSA,"{""ACCESS_SHARING_LEVEL"": ""PUBLIC_OPEN"", ""CONFIDENTIALITY_STATUS"": ""F"", ""DERIVATION_TYPE"": ""O"", ""SECURITY_CLASSIFICATION"": ""PUB""}"
LKA,gdp_real_lcu_quarterly_nsa,2025-Q2,quarterly,2908570027575.23,2908570027575.23,observed,IMF_QNEA,QNEA|B1GQ|Q|NSA|XDC|Q,NSA,"{""ACCESS_SHARING_LEVEL"": ""PUBLIC_OPEN"", ""CONFIDENTIALITY_STATUS"": ""F"", ""DERIVATION_TYPE"": ""O"", ""SECURITY_CLASSIFICATION"": ""PUB""}"
LKA,gdp_real_lcu_quarterly_nsa,2025-Q3,quarterly,3329200947617.43,3329200947617.43,observed,IMF_QNEA,QNEA|B1GQ|Q|NSA|XDC|Q,NSA,"{""ACCESS_SHARING_LEVEL"": ""PUBLIC_OPEN"", ""CONFIDENTIALITY_STATUS"": ""F"", ""DERIVATION_TYPE"": ""O"", ""SECURITY_CLASSIFICATION"": ""PUB""}"
LKA,gdp_real_lcu_quarterly_nsa,2025-Q4,quarterly,3414142283184.74,3414142283184.74,observed,IMF_QNEA,QNEA|B1GQ|Q|NSA|XDC|Q,NSA,"{""ACCESS_SHARING_LEVEL"": ""PUBLIC_OPEN"", ""CONFIDENTIALITY_STATUS"": ""F"", ""DERIVATION_TYPE"": ""O"", ""SECURITY_CLASSIFICATION"": ""PUB""}"
LSO,gdp_real_lcu_quarterly_nsa,2025-Q1,quarterly,5528159809.1498,5528159809.1498,observed,IMF_QNEA,QNEA|B1GQ|Q|NSA|XDC|Q,NSA,"{""ACCESS_SHARING_LEVEL"": ""PUBLIC_OPEN"", ""CONFIDENTIALITY_STATUS"": ""F"", ""DERIVATION_TYPE"": ""O"", ""SECURITY_CLASSIFICATION"": ""PUB""}"
LSO,gdp_real_lcu_quarterly_nsa,2025-Q2,quarterly,5538045067.94363,5538045067.94363,observed,IMF_QNEA,QNEA|B1GQ|Q|NSA|XDC|Q,NSA,"{""ACCESS_SHARING_LEVEL"": ""PUBLIC_OPEN"", ""CONFIDENTIALITY_STATUS"": ""F"", ""DERIVATION_TYPE"": ""O"", ""SECURITY_CLASSIFICATION"": ""PUB""}"
LSO,gdp_real_lcu_quarterly_nsa,2025-Q3,quarterly,5680926162.72718,5680926162.72718,observed,IMF_QNEA,QNEA|B1GQ|Q|NSA|XDC|Q,NSA,"{""ACCESS_SHARING_LEVEL"": ""PUBLIC_OPEN"", ""CONFIDENTIALITY_STATUS"": ""F"", ""DERIVATION_TYPE"": ""O"", ""SECURITY_CLASSIFICATION"": ""PUB""}"
LSO,gdp_real_lcu_quarterly_nsa,2025-Q4,quarterly,5885658882.91597,5885658882.91597,observed,IMF_QNEA,QNEA|B1GQ|Q|NSA|XDC|Q,NSA,"{""ACCESS_SHARING_LEVEL"": ""PUBLIC_OPEN"", ""CONFIDENTIALITY_STATUS"": ""F"", ""DERIVATION_TYPE"": ""O"", ""SECURITY_CLASSIFICATION"": ""PUB""}"
LSO,gdp_real_lcu_quarterly_nsa,2026-Q1,quarterly,5684189812.66022,5684189812.66022,observed,IMF_QNEA,QNEA|B1GQ|Q|NSA|XDC|Q,NSA,"{""ACCESS_SHARING_LEVEL"": ""PUBLIC_OPEN"", ""CONFIDENTIALITY_STATUS"": ""F"", ""DERIVATION_TYPE"": ""O"", ""SECURITY_CLASSIFICATION"": ""PUB""}"
LTU,gdp_real_lcu_quarterly_nsa,2025-Q1,quarterly,10775013893.914,10775013893.914,observed,IMF_QNEA,QNEA|B1GQ|Q|NSA|XDC|Q,NSA,"{""ACCESS_SHARING_LEVEL"": ""PUBLIC_OPEN"", ""CONFIDENTIALITY_STATUS"": ""F"", ""DERIVATION_TYPE"": ""O"", ""SECURITY_CLASSIFICATION"": ""PUB""}"
LTU,gdp_real_lcu_quarterly_nsa,2025-Q2,quarterly,11359512345.294,11359512345.294,observed,IMF_QNEA,QNEA|B1GQ|Q|NSA|XDC|Q,NSA,"{""ACCESS_SHARING_LEVEL"": ""PUBLIC_OPEN"", ""CONFIDENTIALITY_STATUS"": ""F"", ""DERIVATION_TYPE"": ""O"", ""SECURITY_CLASSIFICATION"": ""PUB""}"
LTU,gdp_real_lcu_quarterly_nsa,2025-Q3,quarterly,12496077737.471,12496077737.471,observed,IMF_QNEA,QNEA|B1GQ|Q|NSA|XDC|Q,NSA,"{""ACCESS_SHARING_LEVEL"": ""PUBLIC_OPEN"", ""CONFIDENTIALITY_STATUS"": ""F"", ""DERIVATION_TYPE"": ""O"", ""SECURITY_CLASSIFICATION"": ""PUB""}"
LTU,gdp_real_lcu_quarterly_nsa,2025-Q4,quarterly,12217817291.51,12217817291.51,observed,IMF_QNEA,QNEA|B1GQ|Q|NSA|XDC|Q,NSA,"{""ACCESS_SHARING_LEVEL"": ""PUBLIC_OPEN"", ""CONFIDENTIALITY_STATUS"": ""F"", ""DERIVATION_TYPE"": ""O"", ""SECURITY_CLASSIFICATION"": ""PUB""}"
LTU,gdp_real_lcu_quarterly_nsa,2026-Q1,quarterly,11048904828.925,11048904828.925,observed,IMF_QNEA,QNEA|B1GQ|Q|NSA|XDC|Q,NSA,"{""ACCESS_SHARING_LEVEL"": ""PUBLIC_OPEN"", ""CONFIDENTIALITY_STATUS"": ""F"", ""DERIVATION_TYPE"": ""O"", ""SECURITY_CLASSIFICATION"": ""PUB""}"
LTU,gdp_real_lcu_quarterly_nsa,2026-Q2,quarterly,11820774130.383,11820774130.383,observed,IMF_QNEA,QNEA|B1GQ|Q|NSA|XDC|Q,NSA,"{""ACCESS_SHARING_LEVEL"": ""PUBLIC_OPEN"", ""CONFIDENTIALITY_STATUS"": ""F"", ""DERIVATION_TYPE"": ""O"", ""SECURITY_CLASSIFICATION"": ""PUB""}"
LUX,gdp_real_lcu_quarterly_nsa,2025-Q1,quarterly,13571481118.36,13571481118.36,observed,IMF_QNEA,QNEA|B1GQ|Q|NSA|XDC|Q,NSA,"{""ACCESS_SHARING_LEVEL"": ""PUBLIC_OPEN"", ""CONFIDENTIALITY_STATUS"": ""F"", ""DERIVATION_TYPE"": ""O"", ""SECURITY_CLASSIFICATION"": ""PUB""}"
LUX,gdp_real_lcu_quarterly_nsa,2025-Q2,quarterly,13953452616.342,13953452616.342,observed,IMF_QNEA,QNEA|B1GQ|Q|NSA|XDC|Q,NSA,"{""ACCESS_SHARING_LEVEL"": ""PUBLIC_OPEN"", ""CONFIDENTIALITY_STATUS"": ""F"", ""DERIVATION_TYPE"": ""O"", ""SECURITY_CLASSIFICATION"": ""PUB""}"
LUX,gdp_real_lcu_quarterly_nsa,2025-Q3,quarterly,13906742242.16,13906742242.16,observed,IMF_QNEA,QNEA|B1GQ|Q|NSA|XDC|Q,NSA,"{""ACCESS_SHARING_LEVEL"": ""PUBLIC_OPEN"", ""CONFIDENTIALITY_STATUS"": ""F"", ""DERIVATION_TYPE"": ""O"", ""SECURITY_CLASSIFICATION"": ""PUB""}"
LUX,gdp_real_lcu_quarterly_nsa,2025-Q4,quarterly,14273488534.266,14273488534.266,observed,IMF_QNEA,QNEA|B1GQ|Q|NSA|XDC|Q,NSA,"{""ACCESS_SHARING_LEVEL"": ""PUBLIC_OPEN"", ""CONFIDENTIALITY_STATUS"": ""F"", ""DERIVATION_TYPE"": ""O"", ""SECURITY_CLASSIFICATION"": ""PUB""}"
LUX,gdp_real_lcu_quarterly_nsa,2026-Q1,quarterly,13797370738.922,13797370738.922,observed,IMF_QNEA,QNEA|B1GQ|Q|NSA|XDC|Q,NSA,"{""ACCESS_SHARING_LEVEL"": ""PUBLIC_OPEN"", ""CONFIDENTIALITY_STATUS"": ""F"", ""DERIVATION_TYPE"": ""O"", ""SECURITY_CLASSIFICATION"": ""PUB""}"
LVA,gdp_real_lcu_quarterly_nsa,2025-Q1,quarterly,5830539697.7438,5830539697.7438,observed,IMF_QNEA,QNEA|B1GQ|Q|NSA|XDC|Q,NSA,"{""ACCESS_SHARING_LEVEL"": ""PUBLIC_OPEN"", ""CONFIDENTIALITY_STATUS"": ""F"", ""DERIVATION_TYPE"": ""O"", ""SECURITY_CLASSIFICATION"": ""PUB""}"
LVA,gdp_real_lcu_quarterly_nsa,2025-Q2,quarterly,6155657883.9304,6155657883.9304,observed,IMF_QNEA,QNEA|B1GQ|Q|NSA|XDC|Q,NSA,"{""ACCESS_SHARING_LEVEL"": ""PUBLIC_OPEN"", ""CONFIDENTIALITY_STATUS"": ""F"", ""DERIVATION_TYPE"": ""O"", ""SECURITY_CLASSIFICATION"": ""PUB""}"
LVA,gdp_real_lcu_quarterly_nsa,2025-Q3,quarterly,6602116098.2353,6602116098.2353,observed,IMF_QNEA,QNEA|B1GQ|Q|NSA|XDC|Q,NSA,"{""ACCESS_SHARING_LEVEL"": ""PUBLIC_OPEN"", ""CONFIDENTIALITY_STATUS"": ""F"", ""DERIVATION_TYPE"": ""O"", ""SECURITY_CLASSIFICATION"": ""PUB""}"
LVA,gdp_real_lcu_quarterly_nsa,2025-Q4,quarterly,6522357228.9461,6522357228.9461,observed,IMF_QNEA,QNEA|B1GQ|Q|NSA|XDC|Q,NSA,"{""ACCESS_SHARING_LEVEL"": ""PUBLIC_OPEN"", ""CONFIDENTIALITY_STATUS"": ""F"", ""DERIVATION_TYPE"": ""O"", ""SECURITY_CLASSIFICATION"": ""PUB""}"
LVA,gdp_real_lcu_quarterly_nsa,2026-Q1,quarterly,5978380786.5014,5978380786.5014,observed,IMF_QNEA,QNEA|B1GQ|Q|NSA|XDC|Q,NSA,"{""ACCESS_SHARING_LEVEL"": ""PUBLIC_OPEN"", ""CONFIDENTIALITY_STATUS"": ""F"", ""DERIVATION_TYPE"": ""O"", ""SECURITY_CLASSIFICATION"": ""PUB""}"
LVA,gdp_real_lcu_quarterly_nsa,2026-Q2,quarterly,6338913232.7432,6338913232.7432,observed,IMF_QNEA,QNEA|B1GQ|Q|NSA|XDC|Q,NSA,"{""ACCESS_SHARING_LEVEL"": ""PUBLIC_OPEN"", ""CONFIDENTIALITY_STATUS"": ""F"", ""DERIVATION_TYPE"": ""O"", ""SECURITY_CLASSIFICATION"": ""PUB""}"
MDA,gdp_real_lcu_quarterly_nsa,2025-Q1,quarterly,38039279758.7432,38039279758.7432,observed,IMF_QNEA,QNEA|B1GQ|Q|NSA|XDC|Q,NSA,"{""ACCESS_SHARING_LEVEL"": ""PUBLIC_OPEN"", ""CONFIDENTIALITY_STATUS"": ""F"", ""DERIVATION_TYPE"": ""O"", ""SECURITY_CLASSIFICATION"": ""PUB""}"
MDA,gdp_real_lcu_quarterly_nsa,2025-Q2,quarterly,41671920670.9771,41671920670.9771,observed,IMF_QNEA,QNEA|B1GQ|Q|NSA|XDC|Q,NSA,"{""ACCESS_SHARING_LEVEL"": ""PUBLIC_OPEN"", ""CONFIDENTIALITY_STATUS"": ""F"", ""DERIVATION_TYPE"": ""O"", ""SECURITY_CLASSIFICATION"": ""PUB""}"
MDA,gdp_real_lcu_quarterly_nsa,2025-Q3,quarterly,50997500087.2337,50997500087.2337,observed,IMF_QNEA,QNEA|B1GQ|Q|NSA|XDC|Q,NSA,"{""ACCESS_SHARING_LEVEL"": ""PUBLIC_OPEN"", ""CONFIDENTIALITY_STATUS"": ""F"", ""DERIVATION_TYPE"": ""O"", ""SECURITY_CLASSIFICATION"": ""PUB""}"
MDA,gdp_real_lcu_quarterly_nsa,2025-Q4,quarterly,47804852910.3479,47804852910.3479,observed,IMF_QNEA,QNEA|B1GQ|Q|NSA|XDC|Q,NSA,"{""ACCESS_SHARING_LEVEL"": ""PUBLIC_OPEN"", ""CONFIDENTIALITY_STATUS"": ""F"", ""DERIVATION_TYPE"": ""O"", ""SECURITY_CLASSIFICATION"": ""PUB""}"
MDA,gdp_real_lcu_quarterly_nsa,2026-Q1,quarterly,38174659036.0324,38174659036.0324,observed,IMF_QNEA,QNEA|B1GQ|Q|NSA|XDC|Q,NSA,"{""ACCESS_SHARING_LEVEL"": ""PUBLIC_OPEN"", ""CONFIDENTIALITY_STATUS"": ""F"", ""DERIVATION_TYPE"": ""O"", ""SECURITY_CLASSIFICATION"": ""PUB""}"
MEX,gdp_real_lcu_quarterly_nsa,2025-Q1,quarterly,6228402600000.0,6228402600000,observed,IMF_QNEA,QNEA|B1GQ|Q|NSA|XDC|Q,NSA,"{""ACCESS_SHARING_LEVEL"": ""PUBLIC_OPEN"", ""CONFIDENTIALITY_STATUS"": ""F"", ""DERIVATION_TYPE"": ""O"", ""SECURITY_CLASSIFICATION"": ""PUB""}"
MEX,gdp_real_lcu_quarterly_nsa,2025-Q2,quarterly,6404669700000.0,6404669700000,observed,IMF_QNEA,QNEA|B1GQ|Q|NSA|XDC|Q,NSA,"{""ACCESS_SHARING_LEVEL"": ""PUBLIC_OPEN"", ""CONFIDENTIALITY_STATUS"": ""F"", ""DERIVATION_TYPE"": ""O"", ""SECURITY_CLASSIFICATION"": ""PUB""}"
MEX,gdp_real_lcu_quarterly_nsa,2025-Q3,quarterly,6355712500000.0,6355712500000,observed,IMF_QNEA,QNEA|B1GQ|Q|NSA|XDC|Q,NSA,"{""ACCESS_SHARING_LEVEL"": ""PUBLIC_OPEN"", ""CONFIDENTIALITY_STATUS"": ""F"", ""DERIVATION_TYPE"": ""O"", ""SECURITY_CLASSIFICATION"": ""PUB""}"
MEX,gdp_real_lcu_quarterly_nsa,2025-Q4,quarterly,6533911200000.0,6533911200000,observed,IMF_QNEA,QNEA|B1GQ|Q|NSA|XDC|Q,NSA,"{""ACCESS_SHARING_LEVEL"": ""PUBLIC_OPEN"", ""CONFIDENTIALITY_STATUS"": ""F"", ""DERIVATION_TYPE"": ""O"", ""SECURITY_CLASSIFICATION"": ""PUB""}"
MEX,gdp_real_lcu_quarterly_nsa,2026-Q1,quarterly,6240846000000.0,6240846000000,observed,IMF_QNEA,QNEA|B1GQ|Q|NSA|XDC|Q,NSA,"{""ACCESS_SHARING_LEVEL"": ""PUBLIC_OPEN"", ""CONFIDENTIALITY_STATUS"": ""F"", ""DERIVATION_TYPE"": ""O"", ""SECURITY_CLASSIFICATION"": ""PUB""}"
MEX,gdp_real_lcu_quarterly_nsa,2026-Q2,quarterly,6536033100000.0,6536033100000,observed,IMF_QNEA,QNEA|B1GQ|Q|NSA|XDC|Q,NSA,"{""ACCESS_SHARING_LEVEL"": ""PUBLIC_OPEN"", ""CONFIDENTIALITY_STATUS"": ""F"", ""DERIVATION_TYPE"": ""O"", ""SECURITY_CLASSIFICATION"": ""PUB""}"
MKD,gdp_real_lcu_quarterly_nsa,2025-Q1,quarterly,137858478043.0,137858478043,observed,IMF_QNEA,QNEA|B1GQ|Q|NSA|XDC|Q,NSA,"{""ACCESS_SHARING_LEVEL"": ""PUBLIC_OPEN"", ""CONFIDENTIALITY_STATUS"": ""F"", ""DERIVATION_TYPE"": ""O"", ""SECURITY_CLASSIFICATION"": ""PUB""}"
MKD,gdp_real_lcu_quarterly_nsa,2025-Q2,quarterly,151591257632.17,151591257632.17,observed,IMF_QNEA,QNEA|B1GQ|Q|NSA|XDC|Q,NSA,"{""ACCESS_SHARING_LEVEL"": ""PUBLIC_OPEN"", ""CONFIDENTIALITY_STATUS"": ""F"", ""DERIVATION_TYPE"": ""O"", ""SECURITY_CLASSIFICATION"": ""PUB""}"
MKD,gdp_real_lcu_quarterly_nsa,2025-Q3,quarterly,152985432151.47,152985432151.47,observed,IMF_QNEA,QNEA|B1GQ|Q|NSA|XDC|Q,NSA,"{""ACCESS_SHARING_LEVEL"": ""PUBLIC_OPEN"", ""CONFIDENTIALITY_STATUS"": ""F"", ""DERIVATION_TYPE"": ""O"", ""SECURITY_CLASSIFICATION"": ""PUB""}"
MKD,gdp_real_lcu_quarterly_nsa,2025-Q4,quarterly,171200367204.2,171200367204.2,observed,IMF_QNEA,QNEA|B1GQ|Q|NSA|XDC|Q,NSA,"{""ACCESS_SHARING_LEVEL"": ""PUBLIC_OPEN"", ""CONFIDENTIALITY_STATUS"": ""F"", ""DERIVATION_TYPE"": ""O"", ""SECURITY_CLASSIFICATION"": ""PUB""}"
MKD,gdp_real_lcu_quarterly_nsa,2026-Q1,quarterly,142073912413.24,142073912413.24,observed,IMF_QNEA,QNEA|B1GQ|Q|NSA|XDC|Q,NSA,"{""ACCESS_SHARING_LEVEL"": ""PUBLIC_OPEN"", ""CONFIDENTIALITY_STATUS"": ""F"", ""DERIVATION_TYPE"": ""O"", ""SECURITY_CLASSIFICATION"": ""PUB""}"
MKD,gdp_real_lcu_quarterly_nsa,2026-Q2,quarterly,158074451386.91,158074451386.91,observed,IMF_QNEA,QNEA|B1GQ|Q|NSA|XDC|Q,NSA,"{""ACCESS_SHARING_LEVEL"": ""PUBLIC_OPEN"", ""CONFIDENTIALITY_STATUS"": ""F"", ""DERIVATION_TYPE"": ""O"", ""SECURITY_CLASSIFICATION"": ""PUB""}"
MLT,gdp_real_lcu_quarterly_nsa,2025-Q1,quarterly,3840230640.2885,3840230640.2885,observed,IMF_QNEA,QNEA|B1GQ|Q|NSA|XDC|Q,NSA,"{""ACCESS_SHARING_LEVEL"": ""PUBLIC_OPEN"", ""CONFIDENTIALITY_STATUS"": ""F"", ""DERIVATION_TYPE"": ""O"", ""SECURITY_CLASSIFICATION"": ""PUB""}"
MLT,gdp_real_lcu_quarterly_nsa,2025-Q2,quarterly,3912029744.2382,3912029744.2382,observed,IMF_QNEA,QNEA|B1GQ|Q|NSA|XDC|Q,NSA,"{""ACCESS_SHARING_LEVEL"": ""PUBLIC_OPEN"", ""CONFIDENTIALITY_STATUS"": ""F"", ""DERIVATION_TYPE"": ""O"", ""SECURITY_CLASSIFICATION"": ""PUB""}"
MLT,gdp_real_lcu_quarterly_nsa,2025-Q3,quarterly,4126308741.9357,4126308741.9357,observed,IMF_QNEA,QNEA|B1GQ|Q|NSA|XDC|Q,NSA,"{""ACCESS_SHARING_LEVEL"": ""PUBLIC_OPEN"", ""CONFIDENTIALITY_STATUS"": ""F"", ""DERIVATION_TYPE"": ""O"", ""SECURITY_CLASSIFICATION"": ""PUB""}"
MLT,gdp_real_lcu_quarterly_nsa,2025-Q4,quarterly,4071694117.2734,4071694117.2734,observed,IMF_QNEA,QNEA|B1GQ|Q|NSA|XDC|Q,NSA,"{""ACCESS_SHARING_LEVEL"": ""PUBLIC_OPEN"", ""CONFIDENTIALITY_STATUS"": ""F"", ""DERIVATION_TYPE"": ""O"", ""SECURITY_CLASSIFICATION"": ""PUB""}"
MLT,gdp_real_lcu_quarterly_nsa,2026-Q1,quarterly,4000429174.8577,4000429174.8577,observed,IMF_QNEA,QNEA|B1GQ|Q|NSA|XDC|Q,NSA,"{""ACCESS_SHARING_LEVEL"": ""PUBLIC_OPEN"", ""CONFIDENTIALITY_STATUS"": ""F"", ""DERIVATION_TYPE"": ""O"", ""SECURITY_CLASSIFICATION"": ""PUB""}"
MLT,gdp_real_lcu_quarterly_nsa,2026-Q2,quarterly,4089457210.1264,4089457210.1264,observed,IMF_QNEA,QNEA|B1GQ|Q|NSA|XDC|Q,NSA,"{""ACCESS_SHARING_LEVEL"": ""PUBLIC_OPEN"", ""CONFIDENTIALITY_STATUS"": ""F"", ""DERIVATION_TYPE"": ""O"", ""SECURITY_CLASSIFICATION"": ""PUB""}"
MNE,gdp_real_lcu_quarterly_nsa,2025-Q1,quarterly,900619677.0,900619677,observed,IMF_QNEA,QNEA|B1GQ|Q|NSA|XDC|Q,NSA,"{""ACCESS_SHARING_LEVEL"": ""PUBLIC_OPEN"", ""CONFIDENTIALITY_STATUS"": ""F"", ""DERIVATION_TYPE"": ""O"", ""SECURITY_CLASSIFICATION"": ""PUB""}"
MNE,gdp_real_lcu_quarterly_nsa,2025-Q2,quarterly,1134301413.0,1134301413,observed,IMF_QNEA,QNEA|B1GQ|Q|NSA|XDC|Q,NSA,"{""ACCESS_SHARING_LEVEL"": ""PUBLIC_OPEN"", ""CONFIDENTIALITY_STATUS"": ""F"", ""DERIVATION_TYPE"": ""O"", ""SECURITY_CLASSIFICATION"": ""PUB""}"
MNE,gdp_real_lcu_quarterly_nsa,2025-Q3,quarterly,1459936007.0,1459936007,observed,IMF_QNEA,QNEA|B1GQ|Q|NSA|XDC|Q,NSA,"{""ACCESS_SHARING_LEVEL"": ""PUBLIC_OPEN"", ""CONFIDENTIALITY_STATUS"": ""F"", ""DERIVATION_TYPE"": ""O"", ""SECURITY_CLASSIFICATION"": ""PUB""}"
MNE,gdp_real_lcu_quarterly_nsa,2025-Q4,quarterly,1162497622.0,1162497622,observed,IMF_QNEA,QNEA|B1GQ|Q|NSA|XDC|Q,NSA,"{""ACCESS_SHARING_LEVEL"": ""PUBLIC_OPEN"", ""CONFIDENTIALITY_STATUS"": ""F"", ""DERIVATION_TYPE"": ""O"", ""SECURITY_CLASSIFICATION"": ""PUB""}"
MNE,gdp_real_lcu_quarterly_nsa,2026-Q1,quarterly,913756190.0,913756190,observed,IMF_QNEA,QNEA|B1GQ|Q|NSA|XDC|Q,NSA,"{""ACCESS_SHARING_LEVEL"": ""PUBLIC_OPEN"", ""CONFIDENTIALITY_STATUS"": ""F"", ""DERIVATION_TYPE"": ""O"", ""SECURITY_CLASSIFICATION"": ""PUB""}"
MNE,gdp_real_lcu_quarterly_nsa,2026-Q2,quarterly,1188508119.0,1188508119,observed,IMF_QNEA,QNEA|B1GQ|Q|NSA|XDC|Q,NSA,"{""ACCESS_SHARING_LEVEL"": ""PUBLIC_OPEN"", ""CONFIDENTIALITY_STATUS"": ""F"", ""DERIVATION_TYPE"": ""O"", ""SECURITY_CLASSIFICATION"": ""PUB""}"
MNG,gdp_real_lcu_quarterly_nsa,2025-Q1,quarterly,6809491196686.876,6809491196686.876,observed,IMF_QNEA,QNEA|B1GQ|Q|NSA|XDC|Q,NSA,"{""ACCESS_SHARING_LEVEL"": ""PUBLIC_OPEN"", ""CONFIDENTIALITY_STATUS"": ""F"", ""DERIVATION_TYPE"": ""O"", ""SECURITY_CLASSIFICATION"": ""PUB""}"
MNG,gdp_real_lcu_quarterly_nsa,2025-Q2,quarterly,8062361949546.848,8062361949546.848,observed,IMF_QNEA,QNEA|B1GQ|Q|NSA|XDC|Q,NSA,"{""ACCESS_SHARING_LEVEL"": ""PUBLIC_OPEN"", ""CONFIDENTIALITY_STATUS"": ""F"", ""DERIVATION_TYPE"": ""O"", ""SECURITY_CLASSIFICATION"": ""PUB""}"
MNG,gdp_real_lcu_quarterly_nsa,2025-Q3,quarterly,9027310200844.158,9027310200844.158,observed,IMF_QNEA,QNEA|B1GQ|Q|NSA|XDC|Q,NSA,"{""ACCESS_SHARING_LEVEL"": ""PUBLIC_OPEN"", ""CONFIDENTIALITY_STATUS"": ""F"", ""DERIVATION_TYPE"": ""O"", ""SECURITY_CLASSIFICATION"": ""PUB""}"
MNG,gdp_real_lcu_quarterly_nsa,2025-Q4,quarterly,10276434484216.45,10276434484216.45,observed,IMF_QNEA,QNEA|B1GQ|Q|NSA|XDC|Q,NSA,"{""ACCESS_SHARING_LEVEL"": ""PUBLIC_OPEN"", ""CONFIDENTIALITY_STATUS"": ""F"", ""DERIVATION_TYPE"": ""O"", ""SECURITY_CLASSIFICATION"": ""PUB""}"
MNG,gdp_real_lcu_quarterly_nsa,2026-Q1,quarterly,7354224872161.76,7354224872161.76,observed,IMF_QNEA,QNEA|B1GQ|Q|NSA|XDC|Q,NSA,"{""ACCESS_SHARING_LEVEL"": ""PUBLIC_OPEN"", ""CONFIDENTIALITY_STATUS"": ""F"", ""DERIVATION_TYPE"": ""O"", ""SECURITY_CLASSIFICATION"": ""PUB""}"
MUS,gdp_real_lcu_quarterly_nsa,2025-Q1,quarterly,131446000000.0,131446000000,observed,IMF_QNEA,QNEA|B1GQ|Q|NSA|XDC|Q,NSA,"{""ACCESS_SHARING_LEVEL"": ""PUBLIC_OPEN"", ""CONFIDENTIALITY_STATUS"": ""F"", ""DERIVATION_TYPE"": ""O"", ""SECURITY_CLASSIFICATION"": ""PUB""}"
MUS,gdp_real_lcu_quarterly_nsa,2025-Q2,quarterly,130936000000.0,130936000000,observed,IMF_QNEA,QNEA|B1GQ|Q|NSA|XDC|Q,NSA,"{""ACCESS_SHARING_LEVEL"": ""PUBLIC_OPEN"", ""CONFIDENTIALITY_STATUS"": ""F"", ""DERIVATION_TYPE"": ""O"", ""SECURITY_CLASSIFICATION"": ""PUB""}"
MYS,gdp_real_lcu_quarterly_nsa,2025-Q1,quarterly,415440954000.0,415440954000,observed,IMF_QNEA,QNEA|B1GQ|Q|NSA|XDC|Q,NSA,"{""ACCESS_SHARING_LEVEL"": ""PUBLIC_OPEN"", ""CONFIDENTIALITY_STATUS"": ""F"", ""DERIVATION_TYPE"": ""O"", ""SECURITY_CLASSIFICATION"": ""PUB""}"
MYS,gdp_real_lcu_quarterly_nsa,2025-Q2,quarterly,420534085000.0,420534085000,observed,IMF_QNEA,QNEA|B1GQ|Q|NSA|XDC|Q,NSA,"{""ACCESS_SHARING_LEVEL"": ""PUBLIC_OPEN"", ""CONFIDENTIALITY_STATUS"": ""F"", ""DERIVATION_TYPE"": ""O"", ""SECURITY_CLASSIFICATION"": ""PUB""}"
MYS,gdp_real_lcu_quarterly_nsa,2025-Q3,quarterly,443119629000.0,443119629000,observed,IMF_QNEA,QNEA|B1GQ|Q|NSA|XDC|Q,NSA,"{""ACCESS_SHARING_LEVEL"": ""PUBLIC_OPEN"", ""CONFIDENTIALITY_STATUS"": ""F"", ""DERIVATION_TYPE"": ""O"", ""SECURITY_CLASSIFICATION"": ""PUB""}"
MYS,gdp_real_lcu_quarterly_nsa,2025-Q4,quarterly,457858602000.0,457858602000,observed,IMF_QNEA,QNEA|B1GQ|Q|NSA|XDC|Q,NSA,"{""ACCESS_SHARING_LEVEL"": ""PUBLIC_OPEN"", ""CONFIDENTIALITY_STATUS"": ""F"", ""DERIVATION_TYPE"": ""O"", ""SECURITY_CLASSIFICATION"": ""PUB""}"
MYS,gdp_real_lcu_quarterly_nsa,2026-Q1,quarterly,437719404000.0,437719404000,observed,IMF_QNEA,QNEA|B1GQ|Q|NSA|XDC|Q,NSA,"{""ACCESS_SHARING_LEVEL"": ""PUBLIC_OPEN"", ""CONFIDENTIALITY_STATUS"": ""F"", ""DERIVATION_TYPE"": ""O"", ""SECURITY_CLASSIFICATION"": ""PUB""}"
NAM,gdp_real_lcu_quarterly_nsa,2025-Q1,quarterly,40166000000.0,40166000000,observed,IMF_QNEA,QNEA|B1GQ|Q|NSA|XDC|Q,NSA,"{""ACCESS_SHARING_LEVEL"": ""PUBLIC_OPEN"", ""CONFIDENTIALITY_STATUS"": ""F"", ""DERIVATION_TYPE"": ""O"", ""SECURITY_CLASSIFICATION"": ""PUB""}"
NAM,gdp_real_lcu_quarterly_nsa,2025-Q2,quarterly,39700000000.0,39700000000,observed,IMF_QNEA,QNEA|B1GQ|Q|NSA|XDC|Q,NSA,"{""ACCESS_SHARING_LEVEL"": ""PUBLIC_OPEN"", ""CONFIDENTIALITY_STATUS"": ""F"", ""DERIVATION_TYPE"": ""O"", ""SECURITY_CLASSIFICATION"": ""PUB""}"
NAM,gdp_real_lcu_quarterly_nsa,2025-Q3,quarterly,38877000000.0,38877000000,observed,IMF_QNEA,QNEA|B1GQ|Q|NSA|XDC|Q,NSA,"{""ACCESS_SHARING_LEVEL"": ""PUBLIC_OPEN"", ""CONFIDENTIALITY_STATUS"": ""F"", ""DERIVATION_TYPE"": ""O"", ""SECURITY_CLASSIFICATION"": ""PUB""}"
NAM,gdp_real_lcu_quarterly_nsa,2025-Q4,quarterly,41380000000.0,41380000000,observed,IMF_QNEA,QNEA|B1GQ|Q|NSA|XDC|Q,NSA,"{""ACCESS_SHARING_LEVEL"": ""PUBLIC_OPEN"", ""CONFIDENTIALITY_STATUS"": ""F"", ""DERIVATION_TYPE"": ""O"", ""SECURITY_CLASSIFICATION"": ""PUB""}"
NIC,gdp_real_lcu_quarterly_nsa,2025-Q1,quarterly,53359905968.6039,53359905968.6039,observed,IMF_QNEA,QNEA|B1GQ|Q|NSA|XDC|Q,NSA,"{""ACCESS_SHARING_LEVEL"": ""PUBLIC_OPEN"", ""CONFIDENTIALITY_STATUS"": ""F"", ""DERIVATION_TYPE"": ""O"", ""SECURITY_CLASSIFICATION"": ""PUB""}"
NIC,gdp_real_lcu_quarterly_nsa,2025-Q2,quarterly,54150078992.7565,54150078992.7565,observed,IMF_QNEA,QNEA|B1GQ|Q|NSA|XDC|Q,NSA,"{""ACCESS_SHARING_LEVEL"": ""PUBLIC_OPEN"", ""CONFIDENTIALITY_STATUS"": ""F"", ""DERIVATION_TYPE"": ""O"", ""SECURITY_CLASSIFICATION"": ""PUB""}"
NIC,gdp_real_lcu_quarterly_nsa,2025-Q3,quarterly,55214304087.5751,55214304087.5751,observed,IMF_QNEA,QNEA|B1GQ|Q|NSA|XDC|Q,NSA,"{""ACCESS_SHARING_LEVEL"": ""PUBLIC_OPEN"", ""CONFIDENTIALITY_STATUS"": ""F"", ""DERIVATION_TYPE"": ""O"", ""SECURITY_CLASSIFICATION"": ""PUB""}"
NIC,gdp_real_lcu_quarterly_nsa,2025-Q4,quarterly,58931710119.1958,58931710119.1958,observed,IMF_QNEA,QNEA|B1GQ|Q|NSA|XDC|Q,NSA,"{""ACCESS_SHARING_LEVEL"": ""PUBLIC_OPEN"", ""CONFIDENTIALITY_STATUS"": ""F"", ""DERIVATION_TYPE"": ""O"", ""SECURITY_CLASSIFICATION"": ""PUB""}"
NLD,gdp_real_lcu_quarterly_nsa,2025-Q1,quarterly,195813073725.93,195813073725.93,observed,IMF_QNEA,QNEA|B1GQ|Q|NSA|XDC|Q,NSA,"{""ACCESS_SHARING_LEVEL"": ""PUBLIC_OPEN"", ""CONFIDENTIALITY_STATUS"": ""F"", ""DERIVATION_TYPE"": ""O"", ""SECURITY_CLASSIFICATION"": ""PUB""}"
NLD,gdp_real_lcu_quarterly_nsa,2025-Q2,quarterly,207847525807.31,207847525807.31,observed,IMF_QNEA,QNEA|B1GQ|Q|NSA|XDC|Q,NSA,"{""ACCESS_SHARING_LEVEL"": ""PUBLIC_OPEN"", ""CONFIDENTIALITY_STATUS"": ""F"", ""DERIVATION_TYPE"": ""O"", ""SECURITY_CLASSIFICATION"": ""PUB""}"
NLD,gdp_real_lcu_quarterly_nsa,2025-Q3,quarterly,198486171040.78,198486171040.78,observed,IMF_QNEA,QNEA|B1GQ|Q|NSA|XDC|Q,NSA,"{""ACCESS_SHARING_LEVEL"": ""PUBLIC_OPEN"", ""CONFIDENTIALITY_STATUS"": ""F"", ""DERIVATION_TYPE"": ""O"", ""SECURITY_CLASSIFICATION"": ""PUB""}"
NLD,gdp_real_lcu_quarterly_nsa,2025-Q4,quarterly,208203825671.55,208203825671.55,observed,IMF_QNEA,QNEA|B1GQ|Q|NSA|XDC|Q,NSA,"{""ACCESS_SHARING_LEVEL"": ""PUBLIC_OPEN"", ""CONFIDENTIALITY_STATUS"": ""F"", ""DERIVATION_TYPE"": ""O"", ""SECURITY_CLASSIFICATION"": ""PUB""}"
NLD,gdp_real_lcu_quarterly_nsa,2026-Q1,quarterly,198462417716.49,198462417716.49,observed,IMF_QNEA,QNEA|B1GQ|Q|NSA|XDC|Q,NSA,"{""ACCESS_SHARING_LEVEL"": ""PUBLIC_OPEN"", ""CONFIDENTIALITY_STATUS"": ""F"", ""DERIVATION_TYPE"": ""O"", ""SECURITY_CLASSIFICATION"": ""PUB""}"
NLD,gdp_real_lcu_quarterly_nsa,2026-Q2,quarterly,210631754746.48,210631754746.48,observed,IMF_QNEA,QNEA|B1GQ|Q|NSA|XDC|Q,NSA,"{""ACCESS_SHARING_LEVEL"": ""PUBLIC_OPEN"", ""CONFIDENTIALITY_STATUS"": ""F"", ""DERIVATION_TYPE"": ""O"", ""SECURITY_CLASSIFICATION"": ""PUB""}"
NOR,gdp_real_lcu_quarterly_nsa,2025-Q1,quarterly,854421552108.99,854421552108.99,observed,IMF_QNEA,QNEA|B1GQ|Q|NSA|XDC|Q,NSA,"{""ACCESS_SHARING_LEVEL"": ""PUBLIC_OPEN"", ""CONFIDENTIALITY_STATUS"": ""F"", ""DERIVATION_TYPE"": ""O"", ""SECURITY_CLASSIFICATION"": ""PUB""}"
NOR,gdp_real_lcu_quarterly_nsa,2025-Q2,quarterly,834557318774.72,834557318774.72,observed,IMF_QNEA,QNEA|B1GQ|Q|NSA|XDC|Q,NSA,"{""ACCESS_SHARING_LEVEL"": ""PUBLIC_OPEN"", ""CONFIDENTIALITY_STATUS"": ""F"", ""DERIVATION_TYPE"": ""O"", ""SECURITY_CLASSIFICATION"": ""PUB""}"
NOR,gdp_real_lcu_quarterly_nsa,2025-Q3,quarterly,847696165121.38,847696165121.38,observed,IMF_QNEA,QNEA|B1GQ|Q|NSA|XDC|Q,NSA,"{""ACCESS_SHARING_LEVEL"": ""PUBLIC_OPEN"", ""CONFIDENTIALITY_STATUS"": ""F"", ""DERIVATION_TYPE"": ""O"", ""SECURITY_CLASSIFICATION"": ""PUB""}"
NOR,gdp_real_lcu_quarterly_nsa,2025-Q4,quarterly,896627128265.12,896627128265.12,observed,IMF_QNEA,QNEA|B1GQ|Q|NSA|XDC|Q,NSA,"{""ACCESS_SHARING_LEVEL"": ""PUBLIC_OPEN"", ""CONFIDENTIALITY_STATUS"": ""F"", ""DERIVATION_TYPE"": ""O"", ""SECURITY_CLASSIFICATION"": ""PUB""}"
NOR,gdp_real_lcu_quarterly_nsa,2026-Q1,quarterly,867762456838.52,867762456838.52,observed,IMF_QNEA,QNEA|B1GQ|Q|NSA|XDC|Q,NSA,"{""ACCESS_SHARING_LEVEL"": ""PUBLIC_OPEN"", ""CONFIDENTIALITY_STATUS"": ""F"", ""DERIVATION_TYPE"": ""O"", ""SECURITY_CLASSIFICATION"": ""PUB""}"
NOR,gdp_real_lcu_quarterly_nsa,2026-Q2,quarterly,851069277250.55,851069277250.55,observed,IMF_QNEA,QNEA|B1GQ|Q|NSA|XDC|Q,NSA,"{""ACCESS_SHARING_LEVEL"": ""PUBLIC_OPEN"", ""CONFIDENTIALITY_STATUS"": ""F"", ""DERIVATION_TYPE"": ""O"", ""SECURITY_CLASSIFICATION"": ""PUB""}"
NZL,gdp_real_lcu_quarterly_nsa,2025-Q1,quarterly,71986000000.0,71986000000,observed,IMF_QNEA,QNEA|B1GQ|Q|NSA|XDC|Q,NSA,"{""ACCESS_SHARING_LEVEL"": ""PUBLIC_OPEN"", ""CONFIDENTIALITY_STATUS"": ""F"", ""DERIVATION_TYPE"": ""O"", ""SECURITY_CLASSIFICATION"": ""PUB""}"
NZL,gdp_real_lcu_quarterly_nsa,2025-Q2,quarterly,71712000000.0,71712000000,observed,IMF_QNEA,QNEA|B1GQ|Q|NSA|XDC|Q,NSA,"{""ACCESS_SHARING_LEVEL"": ""PUBLIC_OPEN"", ""CONFIDENTIALITY_STATUS"": ""F"", ""DERIVATION_TYPE"": ""O"", ""SECURITY_CLASSIFICATION"": ""PUB""}"
NZL,gdp_real_lcu_quarterly_nsa,2025-Q3,quarterly,70397000000.0,70397000000,observed,IMF_QNEA,QNEA|B1GQ|Q|NSA|XDC|Q,NSA,"{""ACCESS_SHARING_LEVEL"": ""PUBLIC_OPEN"", ""CONFIDENTIALITY_STATUS"": ""F"", ""DERIVATION_TYPE"": ""O"", ""SECURITY_CLASSIFICATION"": ""PUB""}"
NZL,gdp_real_lcu_quarterly_nsa,2025-Q4,quarterly,75573000000.0,75573000000,observed,IMF_QNEA,QNEA|B1GQ|Q|NSA|XDC|Q,NSA,"{""ACCESS_SHARING_LEVEL"": ""PUBLIC_OPEN"", ""CONFIDENTIALITY_STATUS"": ""F"", ""DERIVATION_TYPE"": ""O"", ""SECURITY_CLASSIFICATION"": ""PUB""}"
NZL,gdp_real_lcu_quarterly_nsa,2026-Q1,quarterly,73634000000.0,73634000000,observed,IMF_QNEA,QNEA|B1GQ|Q|NSA|XDC|Q,NSA,"{""ACCESS_SHARING_LEVEL"": ""PUBLIC_OPEN"", ""CONFIDENTIALITY_STATUS"": ""F"", ""DERIVATION_TYPE"": ""O"", ""SECURITY_CLASSIFICATION"": ""PUB""}"
PAK,gdp_real_lcu_quarterly_nsa,2025-Q1,quarterly,10639635498574.3,10639635498574.3,observed,IMF_QNEA,QNEA|B1GQ|Q|NSA|XDC|Q,NSA,"{""ACCESS_SHARING_LEVEL"": ""PUBLIC_OPEN"", ""CONFIDENTIALITY_STATUS"": ""F"", ""DERIVATION_TYPE"": ""O"", ""SECURITY_CLASSIFICATION"": ""PUB""}"
PAK,gdp_real_lcu_quarterly_nsa,2025-Q2,quarterly,10912614102011.6,10912614102011.6,observed,IMF_QNEA,QNEA|B1GQ|Q|NSA|XDC|Q,NSA,"{""ACCESS_SHARING_LEVEL"": ""PUBLIC_OPEN"", ""CONFIDENTIALITY_STATUS"": ""F"", ""DERIVATION_TYPE"": ""O"", ""SECURITY_CLASSIFICATION"": ""PUB""}"
PAK,gdp_real_lcu_quarterly_nsa,2025-Q3,quarterly,10896882332021.4,10896882332021.4,observed,IMF_QNEA,QNEA|B1GQ|Q|NSA|XDC|Q,NSA,"{""ACCESS_SHARING_LEVEL"": ""PUBLIC_OPEN"", ""CONFIDENTIALITY_STATUS"": ""F"", ""DERIVATION_TYPE"": ""O"", ""SECURITY_CLASSIFICATION"": ""PUB""}"
PAK,gdp_real_lcu_quarterly_nsa,2025-Q4,quarterly,11215393948235.4,11215393948235.4,observed,IMF_QNEA,QNEA|B1GQ|Q|NSA|XDC|Q,NSA,"{""ACCESS_SHARING_LEVEL"": ""PUBLIC_OPEN"", ""CONFIDENTIALITY_STATUS"": ""F"", ""DERIVATION_TYPE"": ""O"", ""SECURITY_CLASSIFICATION"": ""PUB""}"
PAK,gdp_real_lcu_quarterly_nsa,2026-Q1,quarterly,11136814488282.6,11136814488282.6,observed,IMF_QNEA,QNEA|B1GQ|Q|NSA|XDC|Q,NSA,"{""ACCESS_SHARING_LEVEL"": ""PUBLIC_OPEN"", ""CONFIDENTIALITY_STATUS"": ""F"", ""DERIVATION_TYPE"": ""O"", ""SECURITY_CLASSIFICATION"": ""PUB""}"
PAK,gdp_real_lcu_quarterly_nsa,2026-Q2,quarterly,11470288482362.4,11470288482362.4,observed,IMF_QNEA,QNEA|B1GQ|Q|NSA|XDC|Q,NSA,"{""ACCESS_SHARING_LEVEL"": ""PUBLIC_OPEN"", ""CONFIDENTIALITY_STATUS"": ""F"", ""DERIVATION_TYPE"": ""O"", ""SECURITY_CLASSIFICATION"": ""PUB""}"
PAK,gdp_real_lcu_quarterly_nsa,2026-Q3,quarterly,11488675233219.5,11488675233219.5,observed,IMF_QNEA,QNEA|B1GQ|Q|NSA|XDC|Q,NSA,"{""ACCESS_SHARING_LEVEL"": ""PUBLIC_OPEN"", ""CONFIDENTIALITY_STATUS"": ""F"", ""DERIVATION_TYPE"": ""O"", ""SECURITY_CLASSIFICATION"": ""PUB""}"
PER,gdp_real_lcu_quarterly_nsa,2025-Q1,quarterly,144165000000.0,144165000000,observed,IMF_QNEA,QNEA|B1GQ|Q|NSA|XDC|Q,NSA,"{""ACCESS_SHARING_LEVEL"": ""PUBLIC_OPEN"", ""CONFIDENTIALITY_STATUS"": ""F"", ""DERIVATION_TYPE"": ""O"", ""SECURITY_CLASSIFICATION"": ""PUB""}"
PER,gdp_real_lcu_quarterly_nsa,2025-Q2,quarterly,152543000000.0,152543000000,observed,IMF_QNEA,QNEA|B1GQ|Q|NSA|XDC|Q,NSA,"{""ACCESS_SHARING_LEVEL"": ""PUBLIC_OPEN"", ""CONFIDENTIALITY_STATUS"": ""F"", ""DERIVATION_TYPE"": ""O"", ""SECURITY_CLASSIFICATION"": ""PUB""}"
PER,gdp_real_lcu_quarterly_nsa,2025-Q3,quarterly,151222000000.0,151222000000,observed,IMF_QNEA,QNEA|B1GQ|Q|NSA|XDC|Q,NSA,"{""ACCESS_SHARING_LEVEL"": ""PUBLIC_OPEN"", ""CONFIDENTIALITY_STATUS"": ""F"", ""DERIVATION_TYPE"": ""O"", ""SECURITY_CLASSIFICATION"": ""PUB""}"
PER,gdp_real_lcu_quarterly_nsa,2025-Q4,quarterly,157001000000.0,157001000000,observed,IMF_QNEA,QNEA|B1GQ|Q|NSA|XDC|Q,NSA,"{""ACCESS_SHARING_LEVEL"": ""PUBLIC_OPEN"", ""CONFIDENTIALITY_STATUS"": ""F"", ""DERIVATION_TYPE"": ""O"", ""SECURITY_CLASSIFICATION"": ""PUB""}"
PHL,gdp_real_lcu_quarterly_nsa,2025-Q1,quarterly,5475925575854.87,5475925575854.87,observed,IMF_QNEA,QNEA|B1GQ|Q|NSA|XDC|Q,NSA,"{""ACCESS_SHARING_LEVEL"": ""PUBLIC_OPEN"", ""CONFIDENTIALITY_STATUS"": ""F"", ""DERIVATION_TYPE"": ""O"", ""SECURITY_CLASSIFICATION"": ""PUB""}"
PHL,gdp_real_lcu_quarterly_nsa,2025-Q2,quarterly,5841783613287.77,5841783613287.77,observed,IMF_QNEA,QNEA|B1GQ|Q|NSA|XDC|Q,NSA,"{""ACCESS_SHARING_LEVEL"": ""PUBLIC_OPEN"", ""CONFIDENTIALITY_STATUS"": ""F"", ""DERIVATION_TYPE"": ""O"", ""SECURITY_CLASSIFICATION"": ""PUB""}"
PHL,gdp_real_lcu_quarterly_nsa,2025-Q3,quarterly,5528670539109.05,5528670539109.05,observed,IMF_QNEA,QNEA|B1GQ|Q|NSA|XDC|Q,NSA,"{""ACCESS_SHARING_LEVEL"": ""PUBLIC_OPEN"", ""CONFIDENTIALITY_STATUS"": ""F"", ""DERIVATION_TYPE"": ""O"", ""SECURITY_CLASSIFICATION"": ""PUB""}"
PHL,gdp_real_lcu_quarterly_nsa,2025-Q4,quarterly,6382257076970.68,6382257076970.68,observed,IMF_QNEA,QNEA|B1GQ|Q|NSA|XDC|Q,NSA,"{""ACCESS_SHARING_LEVEL"": ""PUBLIC_OPEN"", ""CONFIDENTIALITY_STATUS"": ""F"", ""DERIVATION_TYPE"": ""O"", ""SECURITY_CLASSIFICATION"": ""PUB""}"
PHL,gdp_real_lcu_quarterly_nsa,2026-Q1,quarterly,5626961137486.88,5626961137486.88,observed,IMF_QNEA,QNEA|B1GQ|Q|NSA|XDC|Q,NSA,"{""ACCESS_SHARING_LEVEL"": ""PUBLIC_OPEN"", ""CONFIDENTIALITY_STATUS"": ""F"", ""DERIVATION_TYPE"": ""O"", ""SECURITY_CLASSIFICATION"": ""PUB""}"
POL,gdp_real_lcu_quarterly_nsa,2025-Q1,quarterly,555303283996.74,555303283996.74,observed,IMF_QNEA,QNEA|B1GQ|Q|NSA|XDC|Q,NSA,"{""ACCESS_SHARING_LEVEL"": ""PUBLIC_OPEN"", ""CONFIDENTIALITY_STATUS"": ""F"", ""DERIVATION_TYPE"": ""O"", ""SECURITY_CLASSIFICATION"": ""PUB""}"
POL,gdp_real_lcu_quarterly_nsa,2025-Q2,quarterly,569336544364.73,569336544364.73,observed,IMF_QNEA,QNEA|B1GQ|Q|NSA|XDC|Q,NSA,"{""ACCESS_SHARING_LEVEL"": ""PUBLIC_OPEN"", ""CONFIDENTIALITY_STATUS"": ""F"", ""DERIVATION_TYPE"": ""O"", ""SECURITY_CLASSIFICATION"": ""PUB""}"
POL,gdp_real_lcu_quarterly_nsa,2025-Q3,quarterly,596200747023.57,596200747023.57,observed,IMF_QNEA,QNEA|B1GQ|Q|NSA|XDC|Q,NSA,"{""ACCESS_SHARING_LEVEL"": ""PUBLIC_OPEN"", ""CONFIDENTIALITY_STATUS"": ""F"", ""DERIVATION_TYPE"": ""O"", ""SECURITY_CLASSIFICATION"": ""PUB""}"
POL,gdp_real_lcu_quarterly_nsa,2025-Q4,quarterly,675393548639.64,675393548639.64,observed,IMF_QNEA,QNEA|B1GQ|Q|NSA|XDC|Q,NSA,"{""ACCESS_SHARING_LEVEL"": ""PUBLIC_OPEN"", ""CONFIDENTIALITY_STATUS"": ""F"", ""DERIVATION_TYPE"": ""O"", ""SECURITY_CLASSIFICATION"": ""PUB""}"
POL,gdp_real_lcu_quarterly_nsa,2026-Q1,quarterly,573719171419.71,573719171419.71,observed,IMF_QNEA,QNEA|B1GQ|Q|NSA|XDC|Q,NSA,"{""ACCESS_SHARING_LEVEL"": ""PUBLIC_OPEN"", ""CONFIDENTIALITY_STATUS"": ""F"", ""DERIVATION_TYPE"": ""O"", ""SECURITY_CLASSIFICATION"": ""PUB""}"
POL,gdp_real_lcu_quarterly_nsa,2026-Q2,quarterly,590268790365.11,590268790365.11,observed,IMF_QNEA,QNEA|B1GQ|Q|NSA|XDC|Q,NSA,"{""ACCESS_SHARING_LEVEL"": ""PUBLIC_OPEN"", ""CONFIDENTIALITY_STATUS"": ""F"", ""DERIVATION_TYPE"": ""O"", ""SECURITY_CLASSIFICATION"": ""PUB""}"
PRT,gdp_real_lcu_quarterly_nsa,2025-Q1,quarterly,51280253264.597,51280253264.597,observed,IMF_QNEA,QNEA|B1GQ|Q|NSA|XDC|Q,NSA,"{""ACCESS_SHARING_LEVEL"": ""PUBLIC_OPEN"", ""CONFIDENTIALITY_STATUS"": ""F"", ""DERIVATION_TYPE"": ""O"", ""SECURITY_CLASSIFICATION"": ""PUB""}"
PRT,gdp_real_lcu_quarterly_nsa,2025-Q2,quarterly,53211932821.903,53211932821.903,observed,IMF_QNEA,QNEA|B1GQ|Q|NSA|XDC|Q,NSA,"{""ACCESS_SHARING_LEVEL"": ""PUBLIC_OPEN"", ""CONFIDENTIALITY_STATUS"": ""F"", ""DERIVATION_TYPE"": ""O"", ""SECURITY_CLASSIFICATION"": ""PUB""}"
PRT,gdp_real_lcu_quarterly_nsa,2025-Q3,quarterly,54061578237.969,54061578237.969,observed,IMF_QNEA,QNEA|B1GQ|Q|NSA|XDC|Q,NSA,"{""ACCESS_SHARING_LEVEL"": ""PUBLIC_OPEN"", ""CONFIDENTIALITY_STATUS"": ""F"", ""DERIVATION_TYPE"": ""O"", ""SECURITY_CLASSIFICATION"": ""PUB""}"
PRT,gdp_real_lcu_quarterly_nsa,2025-Q4,quarterly,54657075578.944,54657075578.944,observed,IMF_QNEA,QNEA|B1GQ|Q|NSA|XDC|Q,NSA,"{""ACCESS_SHARING_LEVEL"": ""PUBLIC_OPEN"", ""CONFIDENTIALITY_STATUS"": ""F"", ""DERIVATION_TYPE"": ""O"", ""SECURITY_CLASSIFICATION"": ""PUB""}"
PRT,gdp_real_lcu_quarterly_nsa,2026-Q1,quarterly,52095089209.083,52095089209.083,observed,IMF_QNEA,QNEA|B1GQ|Q|NSA|XDC|Q,NSA,"{""ACCESS_SHARING_LEVEL"": ""PUBLIC_OPEN"", ""CONFIDENTIALITY_STATUS"": ""F"", ""DERIVATION_TYPE"": ""O"", ""SECURITY_CLASSIFICATION"": ""PUB""}"
PRT,gdp_real_lcu_quarterly_nsa,2026-Q2,quarterly,54916005325.634,54916005325.634,observed,IMF_QNEA,QNEA|B1GQ|Q|NSA|XDC|Q,NSA,"{""ACCESS_SHARING_LEVEL"": ""PUBLIC_OPEN"", ""CONFIDENTIALITY_STATUS"": ""F"", ""DERIVATION_TYPE"": ""O"", ""SECURITY_CLASSIFICATION"": ""PUB""}"
PRY,gdp_real_lcu_quarterly_nsa,2025-Q1,quarterly,64762708352478.34,64762708352478.34,observed,IMF_QNEA,QNEA|B1GQ|Q|NSA|XDC|Q,NSA,"{""ACCESS_SHARING_LEVEL"": ""PUBLIC_OPEN"", ""CONFIDENTIALITY_STATUS"": ""F"", ""DERIVATION_TYPE"": ""O"", ""SECURITY_CLASSIFICATION"": ""PUB""}"
PRY,gdp_real_lcu_quarterly_nsa,2025-Q2,quarterly,61440840459111.74,61440840459111.74,observed,IMF_QNEA,QNEA|B1GQ|Q|NSA|XDC|Q,NSA,"{""ACCESS_SHARING_LEVEL"": ""PUBLIC_OPEN"", ""CONFIDENTIALITY_STATUS"": ""F"", ""DERIVATION_TYPE"": ""O"", ""SECURITY_CLASSIFICATION"": ""PUB""}"
PRY,gdp_real_lcu_quarterly_nsa,2025-Q3,quarterly,60244526444647.36,60244526444647.36,observed,IMF_QNEA,QNEA|B1GQ|Q|NSA|XDC|Q,NSA,"{""ACCESS_SHARING_LEVEL"": ""PUBLIC_OPEN"", ""CONFIDENTIALITY_STATUS"": ""F"", ""DERIVATION_TYPE"": ""O"", ""SECURITY_CLASSIFICATION"": ""PUB""}"
PRY,gdp_real_lcu_quarterly_nsa,2025-Q4,quarterly,66065805530274.14,66065805530274.14,observed,IMF_QNEA,QNEA|B1GQ|Q|NSA|XDC|Q,NSA,"{""ACCESS_SHARING_LEVEL"": ""PUBLIC_OPEN"", ""CONFIDENTIALITY_STATUS"": ""F"", ""DERIVATION_TYPE"": ""O"", ""SECURITY_CLASSIFICATION"": ""PUB""}"
ROU,gdp_real_lcu_quarterly_nsa,2025-Q1,quarterly,164053368706.39,164053368706.39,observed,IMF_QNEA,QNEA|B1GQ|Q|NSA|XDC|Q,NSA,"{""ACCESS_SHARING_LEVEL"": ""PUBLIC_OPEN"", ""CONFIDENTIALITY_STATUS"": ""F"", ""DERIVATION_TYPE"": ""O"", ""SECURITY_CLASSIFICATION"": ""PUB""}"
ROU,gdp_real_lcu_quarterly_nsa,2025-Q2,quarterly,197076743690.76,197076743690.76,observed,IMF_QNEA,QNEA|B1GQ|Q|NSA|XDC|Q,NSA,"{""ACCESS_SHARING_LEVEL"": ""PUBLIC_OPEN"", ""CONFIDENTIALITY_STATUS"": ""F"", ""DERIVATION_TYPE"": ""O"", ""SECURITY_CLASSIFICATION"": ""PUB""}"
ROU,gdp_real_lcu_quarterly_nsa,2025-Q3,quarterly,225468019908.71,225468019908.71,observed,IMF_QNEA,QNEA|B1GQ|Q|NSA|XDC|Q,NSA,"{""ACCESS_SHARING_LEVEL"": ""PUBLIC_OPEN"", ""CONFIDENTIALITY_STATUS"": ""F"", ""DERIVATION_TYPE"": ""O"", ""SECURITY_CLASSIFICATION"": ""PUB""}"
ROU,gdp_real_lcu_quarterly_nsa,2025-Q4,quarterly,246145996180.93,246145996180.93,observed,IMF_QNEA,QNEA|B1GQ|Q|NSA|XDC|Q,NSA,"{""ACCESS_SHARING_LEVEL"": ""PUBLIC_OPEN"", ""CONFIDENTIALITY_STATUS"": ""F"", ""DERIVATION_TYPE"": ""O"", ""SECURITY_CLASSIFICATION"": ""PUB""}"
ROU,gdp_real_lcu_quarterly_nsa,2026-Q1,quarterly,161609089150.17,161609089150.17,observed,IMF_QNEA,QNEA|B1GQ|Q|NSA|XDC|Q,NSA,"{""ACCESS_SHARING_LEVEL"": ""PUBLIC_OPEN"", ""CONFIDENTIALITY_STATUS"": ""F"", ""DERIVATION_TYPE"": ""O"", ""SECURITY_CLASSIFICATION"": ""PUB""}"
ROU,gdp_real_lcu_quarterly_nsa,2026-Q2,quarterly,193254805993.7,193254805993.7,observed,IMF_QNEA,QNEA|B1GQ|Q|NSA|XDC|Q,NSA,"{""ACCESS_SHARING_LEVEL"": ""PUBLIC_OPEN"", ""CONFIDENTIALITY_STATUS"": ""F"", ""DERIVATION_TYPE"": ""O"", ""SECURITY_CLASSIFICATION"": ""PUB""}"
RUS,gdp_real_lcu_quarterly_nsa,2025-Q1,quarterly,32887153000000.0,32887153000000,observed,IMF_QNEA,QNEA|B1GQ|Q|NSA|XDC|Q,NSA,"{""ACCESS_SHARING_LEVEL"": ""PUBLIC_OPEN"", ""CONFIDENTIALITY_STATUS"": ""F"", ""DERIVATION_TYPE"": ""O"", ""SECURITY_CLASSIFICATION"": ""PUB""}"
RUS,gdp_real_lcu_quarterly_nsa,2025-Q2,quarterly,35042668400000.0,35042668400000,observed,IMF_QNEA,QNEA|B1GQ|Q|NSA|XDC|Q,NSA,"{""ACCESS_SHARING_LEVEL"": ""PUBLIC_OPEN"", ""CONFIDENTIALITY_STATUS"": ""F"", ""DERIVATION_TYPE"": ""O"", ""SECURITY_CLASSIFICATION"": ""PUB""}"
RUS,gdp_real_lcu_quarterly_nsa,2025-Q3,quarterly,37138301000000.0,37138301000000,observed,IMF_QNEA,QNEA|B1GQ|Q|NSA|XDC|Q,NSA,"{""ACCESS_SHARING_LEVEL"": ""PUBLIC_OPEN"", ""CONFIDENTIALITY_STATUS"": ""F"", ""DERIVATION_TYPE"": ""O"", ""SECURITY_CLASSIFICATION"": ""PUB""}"
RUS,gdp_real_lcu_quarterly_nsa,2025-Q4,quarterly,41378827400000.0,41378827400000,observed,IMF_QNEA,QNEA|B1GQ|Q|NSA|XDC|Q,NSA,"{""ACCESS_SHARING_LEVEL"": ""PUBLIC_OPEN"", ""CONFIDENTIALITY_STATUS"": ""F"", ""DERIVATION_TYPE"": ""O"", ""SECURITY_CLASSIFICATION"": ""PUB""}"
RUS,gdp_real_lcu_quarterly_nsa,2026-Q1,quarterly,32837291400000.0,32837291400000,observed,IMF_QNEA,QNEA|B1GQ|Q|NSA|XDC|Q,NSA,"{""ACCESS_SHARING_LEVEL"": ""PUBLIC_OPEN"", ""CONFIDENTIALITY_STATUS"": ""F"", ""DERIVATION_TYPE"": ""O"", ""SECURITY_CLASSIFICATION"": ""PUB""}"
RWA,gdp_real_lcu_quarterly_nsa,2025-Q1,quarterly,5051000000000.0,5051000000000,observed,IMF_QNEA,QNEA|B1GQ|Q|NSA|XDC|Q,NSA,"{""ACCESS_SHARING_LEVEL"": ""PUBLIC_OPEN"", ""CONFIDENTIALITY_STATUS"": ""F"", ""DERIVATION_TYPE"": ""O"", ""SECURITY_CLASSIFICATION"": ""PUB""}"
RWA,gdp_real_lcu_quarterly_nsa,2025-Q2,quarterly,5540000000000.0,5540000000000,observed,IMF_QNEA,QNEA|B1GQ|Q|NSA|XDC|Q,NSA,"{""ACCESS_SHARING_LEVEL"": ""PUBLIC_OPEN"", ""CONFIDENTIALITY_STATUS"": ""F"", ""DERIVATION_TYPE"": ""O"", ""SECURITY_CLASSIFICATION"": ""PUB""}"
RWA,gdp_real_lcu_quarterly_nsa,2025-Q3,quarterly,5089000000000.0,5089000000000,observed,IMF_QNEA,QNEA|B1GQ|Q|NSA|XDC|Q,NSA,"{""ACCESS_SHARING_LEVEL"": ""PUBLIC_OPEN"", ""CONFIDENTIALITY_STATUS"": ""F"", ""DERIVATION_TYPE"": ""O"", ""SECURITY_CLASSIFICATION"": ""PUB""}"
RWA,gdp_real_lcu_quarterly_nsa,2025-Q4,quarterly,6106000000000.0,6106000000000,observed,IMF_QNEA,QNEA|B1GQ|Q|NSA|XDC|Q,NSA,"{""ACCESS_SHARING_LEVEL"": ""PUBLIC_OPEN"", ""CONFIDENTIALITY_STATUS"": ""F"", ""DERIVATION_TYPE"": ""O"", ""SECURITY_CLASSIFICATION"": ""PUB""}"
RWA,gdp_real_lcu_quarterly_nsa,2026-Q1,quarterly,5559000000000.0,5559000000000,observed,IMF_QNEA,QNEA|B1GQ|Q|NSA|XDC|Q,NSA,"{""ACCESS_SHARING_LEVEL"": ""PUBLIC_OPEN"", ""CONFIDENTIALITY_STATUS"": ""F"", ""DERIVATION_TYPE"": ""O"", ""SECURITY_CLASSIFICATION"": ""PUB""}"
SAU,gdp_real_lcu_quarterly_nsa,2025-Q1,quarterly,1206502000000.0,1206502000000,observed,IMF_QNEA,QNEA|B1GQ|Q|NSA|XDC|Q,NSA,"{""ACCESS_SHARING_LEVEL"": ""PUBLIC_OPEN"", ""CONFIDENTIALITY_STATUS"": ""F"", ""DERIVATION_TYPE"": ""O"", ""SECURITY_CLASSIFICATION"": ""PUB""}"
SAU,gdp_real_lcu_quarterly_nsa,2025-Q2,quarterly,1197986000000.0,1197986000000,observed,IMF_QNEA,QNEA|B1GQ|Q|NSA|XDC|Q,NSA,"{""ACCESS_SHARING_LEVEL"": ""PUBLIC_OPEN"", ""CONFIDENTIALITY_STATUS"": ""F"", ""DERIVATION_TYPE"": ""O"", ""SECURITY_CLASSIFICATION"": ""PUB""}"
SAU,gdp_real_lcu_quarterly_nsa,2025-Q3,quarterly,1227056000000.0,1227056000000,observed,IMF_QNEA,QNEA|B1GQ|Q|NSA|XDC|Q,NSA,"{""ACCESS_SHARING_LEVEL"": ""PUBLIC_OPEN"", ""CONFIDENTIALITY_STATUS"": ""F"", ""DERIVATION_TYPE"": ""O"", ""SECURITY_CLASSIFICATION"": ""PUB""}"
SAU,gdp_real_lcu_quarterly_nsa,2025-Q4,quarterly,1274718000000.0,1274718000000,observed,IMF_QNEA,QNEA|B1GQ|Q|NSA|XDC|Q,NSA,"{""ACCESS_SHARING_LEVEL"": ""PUBLIC_OPEN"", ""CONFIDENTIALITY_STATUS"": ""F"", ""DERIVATION_TYPE"": ""O"", ""SECURITY_CLASSIFICATION"": ""PUB""}"
SAU,gdp_real_lcu_quarterly_nsa,2026-Q1,quarterly,1242719000000.0,1242719000000,observed,IMF_QNEA,QNEA|B1GQ|Q|NSA|XDC|Q,NSA,"{""ACCESS_SHARING_LEVEL"": ""PUBLIC_OPEN"", ""CONFIDENTIALITY_STATUS"": ""F"", ""DERIVATION_TYPE"": ""O"", ""SECURITY_CLASSIFICATION"": ""PUB""}"
SGP,gdp_real_lcu_quarterly_nsa,2025-Q1,quarterly,142732200000.0,142732200000,observed,IMF_QNEA,QNEA|B1GQ|Q|NSA|XDC|Q,NSA,"{""ACCESS_SHARING_LEVEL"": ""PUBLIC_OPEN"", ""CONFIDENTIALITY_STATUS"": ""F"", ""DERIVATION_TYPE"": ""O"", ""SECURITY_CLASSIFICATION"": ""PUB""}"
SGP,gdp_real_lcu_quarterly_nsa,2025-Q2,quarterly,146542100000.0,146542100000,observed,IMF_QNEA,QNEA|B1GQ|Q|NSA|XDC|Q,NSA,"{""ACCESS_SHARING_LEVEL"": ""PUBLIC_OPEN"", ""CONFIDENTIALITY_STATUS"": ""F"", ""DERIVATION_TYPE"": ""O"", ""SECURITY_CLASSIFICATION"": ""PUB""}"
SGP,gdp_real_lcu_quarterly_nsa,2025-Q3,quarterly,149989000000.0,149989000000,observed,IMF_QNEA,QNEA|B1GQ|Q|NSA|XDC|Q,NSA,"{""ACCESS_SHARING_LEVEL"": ""PUBLIC_OPEN"", ""CONFIDENTIALITY_STATUS"": ""F"", ""DERIVATION_TYPE"": ""O"", ""SECURITY_CLASSIFICATION"": ""PUB""}"
SGP,gdp_real_lcu_quarterly_nsa,2025-Q4,quarterly,154606600000.0,154606600000,observed,IMF_QNEA,QNEA|B1GQ|Q|NSA|XDC|Q,NSA,"{""ACCESS_SHARING_LEVEL"": ""PUBLIC_OPEN"", ""CONFIDENTIALITY_STATUS"": ""F"", ""DERIVATION_TYPE"": ""O"", ""SECURITY_CLASSIFICATION"": ""PUB""}"
SLV,gdp_real_lcu_quarterly_nsa,2025-Q1,quarterly,7098535273.38418,7098535273.38418,observed,IMF_QNEA,QNEA|B1GQ|Q|NSA|XDC|Q,NSA,"{""ACCESS_SHARING_LEVEL"": ""PUBLIC_OPEN"", ""CONFIDENTIALITY_STATUS"": ""F"", ""DERIVATION_TYPE"": ""O"", ""SECURITY_CLASSIFICATION"": ""PUB""}"
SLV,gdp_real_lcu_quarterly_nsa,2025-Q2,quarterly,7474813284.3325,7474813284.3325,observed,IMF_QNEA,QNEA|B1GQ|Q|NSA|XDC|Q,NSA,"{""ACCESS_SHARING_LEVEL"": ""PUBLIC_OPEN"", ""CONFIDENTIALITY_STATUS"": ""F"", ""DERIVATION_TYPE"": ""O"", ""SECURITY_CLASSIFICATION"": ""PUB""}"
SLV,gdp_real_lcu_quarterly_nsa,2025-Q3,quarterly,7406846836.19391,7406846836.19391,observed,IMF_QNEA,QNEA|B1GQ|Q|NSA|XDC|Q,NSA,"{""ACCESS_SHARING_LEVEL"": ""PUBLIC_OPEN"", ""CONFIDENTIALITY_STATUS"": ""F"", ""DERIVATION_TYPE"": ""O"", ""SECURITY_CLASSIFICATION"": ""PUB""}"
SLV,gdp_real_lcu_quarterly_nsa,2025-Q4,quarterly,7770889712.88993,7770889712.88993,observed,IMF_QNEA,QNEA|B1GQ|Q|NSA|XDC|Q,NSA,"{""ACCESS_SHARING_LEVEL"": ""PUBLIC_OPEN"", ""CONFIDENTIALITY_STATUS"": ""F"", ""DERIVATION_TYPE"": ""O"", ""SECURITY_CLASSIFICATION"": ""PUB""}"
SLV,gdp_real_lcu_quarterly_nsa,2026-Q1,quarterly,7427933954.48497,7427933954.48497,observed,IMF_QNEA,QNEA|B1GQ|Q|NSA|XDC|Q,NSA,"{""ACCESS_SHARING_LEVEL"": ""PUBLIC_OPEN"", ""CONFIDENTIALITY_STATUS"": ""F"", ""DERIVATION_TYPE"": ""O"", ""SECURITY_CLASSIFICATION"": ""PUB""}"
SRB,gdp_real_lcu_quarterly_nsa,2025-Q1,quarterly,1097471845640.0,1097471845640,observed,IMF_QNEA,QNEA|B1GQ|Q|NSA|XDC|Q,NSA,"{""ACCESS_SHARING_LEVEL"": ""PUBLIC_OPEN"", ""CONFIDENTIALITY_STATUS"": ""F"", ""DERIVATION_TYPE"": ""O"", ""SECURITY_CLASSIFICATION"": ""PUB""}"
SRB,gdp_real_lcu_quarterly_nsa,2025-Q2,quarterly,1169584768998.3,1169584768998.3,observed,IMF_QNEA,QNEA|B1GQ|Q|NSA|XDC|Q,NSA,"{""ACCESS_SHARING_LEVEL"": ""PUBLIC_OPEN"", ""CONFIDENTIALITY_STATUS"": ""F"", ""DERIVATION_TYPE"": ""O"", ""SECURITY_CLASSIFICATION"": ""PUB""}"
SRB,gdp_real_lcu_quarterly_nsa,2025-Q3,quarterly,1193495263502.5,1193495263502.5,observed,IMF_QNEA,QNEA|B1GQ|Q|NSA|XDC|Q,NSA,"{""ACCESS_SHARING_LEVEL"": ""PUBLIC_OPEN"", ""CONFIDENTIALITY_STATUS"": ""F"", ""DERIVATION_TYPE"": ""O"", ""SECURITY_CLASSIFICATION"": ""PUB""}"
SRB,gdp_real_lcu_quarterly_nsa,2025-Q4,quarterly,1242085337050.0,1242085337050,observed,IMF_QNEA,QNEA|B1GQ|Q|NSA|XDC|Q,NSA,"{""ACCESS_SHARING_LEVEL"": ""PUBLIC_OPEN"", ""CONFIDENTIALITY_STATUS"": ""F"", ""DERIVATION_TYPE"": ""O"", ""SECURITY_CLASSIFICATION"": ""PUB""}"
SRB,gdp_real_lcu_quarterly_nsa,2026-Q1,quarterly,1133017196242.8,1133017196242.8,observed,IMF_QNEA,QNEA|B1GQ|Q|NSA|XDC|Q,NSA,"{""ACCESS_SHARING_LEVEL"": ""PUBLIC_OPEN"", ""CONFIDENTIALITY_STATUS"": ""F"", ""DERIVATION_TYPE"": ""O"", ""SECURITY_CLASSIFICATION"": ""PUB""}"
SRB,gdp_real_lcu_quarterly_nsa,2026-Q2,quarterly,1214220840462.7,1214220840462.7,observed,IMF_QNEA,QNEA|B1GQ|Q|NSA|XDC|Q,NSA,"{""ACCESS_SHARING_LEVEL"": ""PUBLIC_OPEN"", ""CONFIDENTIALITY_STATUS"": ""F"", ""DERIVATION_TYPE"": ""O"", ""SECURITY_CLASSIFICATION"": ""PUB""}"
SVK,gdp_real_lcu_quarterly_nsa,2025-Q1,quarterly,21676631624.433,21676631624.433,observed,IMF_QNEA,QNEA|B1GQ|Q|NSA|XDC|Q,NSA,"{""ACCESS_SHARING_LEVEL"": ""PUBLIC_OPEN"", ""CONFIDENTIALITY_STATUS"": ""F"", ""DERIVATION_TYPE"": ""O"", ""SECURITY_CLASSIFICATION"": ""PUB""}"
SVK,gdp_real_lcu_quarterly_nsa,2025-Q2,quarterly,23543605067.768,23543605067.768,observed,IMF_QNEA,QNEA|B1GQ|Q|NSA|XDC|Q,NSA,"{""ACCESS_SHARING_LEVEL"": ""PUBLIC_OPEN"", ""CONFIDENTIALITY_STATUS"": ""F"", ""DERIVATION_TYPE"": ""O"", ""SECURITY_CLASSIFICATION"": ""PUB""}"
SVK,gdp_real_lcu_quarterly_nsa,2025-Q3,quarterly,24652105145.658,24652105145.658,observed,IMF_QNEA,QNEA|B1GQ|Q|NSA|XDC|Q,NSA,"{""ACCESS_SHARING_LEVEL"": ""PUBLIC_OPEN"", ""CONFIDENTIALITY_STATUS"": ""F"", ""DERIVATION_TYPE"": ""O"", ""SECURITY_CLASSIFICATION"": ""PUB""}"
SVK,gdp_real_lcu_quarterly_nsa,2025-Q4,quarterly,24530141117.917,24530141117.917,observed,IMF_QNEA,QNEA|B1GQ|Q|NSA|XDC|Q,NSA,"{""ACCESS_SHARING_LEVEL"": ""PUBLIC_OPEN"", ""CONFIDENTIALITY_STATUS"": ""F"", ""DERIVATION_TYPE"": ""O"", ""SECURITY_CLASSIFICATION"": ""PUB""}"
SVK,gdp_real_lcu_quarterly_nsa,2026-Q1,quarterly,21865446596.213,21865446596.213,observed,IMF_QNEA,QNEA|B1GQ|Q|NSA|XDC|Q,NSA,"{""ACCESS_SHARING_LEVEL"": ""PUBLIC_OPEN"", ""CONFIDENTIALITY_STATUS"": ""F"", ""DERIVATION_TYPE"": ""O"", ""SECURITY_CLASSIFICATION"": ""PUB""}"
SVK,gdp_real_lcu_quarterly_nsa,2026-Q2,quarterly,23737724658.141,23737724658.141,observed,IMF_QNEA,QNEA|B1GQ|Q|NSA|XDC|Q,NSA,"{""ACCESS_SHARING_LEVEL"": ""PUBLIC_OPEN"", ""CONFIDENTIALITY_STATUS"": ""F"", ""DERIVATION_TYPE"": ""O"", ""SECURITY_CLASSIFICATION"": ""PUB""}"
SVN,gdp_real_lcu_quarterly_nsa,2025-Q1,quarterly,11305270315.0,11305270315,observed,IMF_QNEA,QNEA|B1GQ|Q|NSA|XDC|Q,NSA,"{""ACCESS_SHARING_LEVEL"": ""PUBLIC_OPEN"", ""CONFIDENTIALITY_STATUS"": ""F"", ""DERIVATION_TYPE"": ""O"", ""SECURITY_CLASSIFICATION"": ""PUB""}"
SVN,gdp_real_lcu_quarterly_nsa,2025-Q2,quarterly,12112196833.0,12112196833,observed,IMF_QNEA,QNEA|B1GQ|Q|NSA|XDC|Q,NSA,"{""ACCESS_SHARING_LEVEL"": ""PUBLIC_OPEN"", ""CONFIDENTIALITY_STATUS"": ""F"", ""DERIVATION_TYPE"": ""O"", ""SECURITY_CLASSIFICATION"": ""PUB""}"
SVN,gdp_real_lcu_quarterly_nsa,2025-Q3,quarterly,12226877026.0,12226877026,observed,IMF_QNEA,QNEA|B1GQ|Q|NSA|XDC|Q,NSA,"{""ACCESS_SHARING_LEVEL"": ""PUBLIC_OPEN"", ""CONFIDENTIALITY_STATUS"": ""F"", ""DERIVATION_TYPE"": ""O"", ""SECURITY_CLASSIFICATION"": ""PUB""}"
SVN,gdp_real_lcu_quarterly_nsa,2025-Q4,quarterly,12721315823.0,12721315823,observed,IMF_QNEA,QNEA|B1GQ|Q|NSA|XDC|Q,NSA,"{""ACCESS_SHARING_LEVEL"": ""PUBLIC_OPEN"", ""CONFIDENTIALITY_STATUS"": ""F"", ""DERIVATION_TYPE"": ""O"", ""SECURITY_CLASSIFICATION"": ""PUB""}"
SVN,gdp_real_lcu_quarterly_nsa,2026-Q1,quarterly,11669239729.0,11669239729,observed,IMF_QNEA,QNEA|B1GQ|Q|NSA|XDC|Q,NSA,"{""ACCESS_SHARING_LEVEL"": ""PUBLIC_OPEN"", ""CONFIDENTIALITY_STATUS"": ""F"", ""DERIVATION_TYPE"": ""O"", ""SECURITY_CLASSIFICATION"": ""PUB""}"
SVN,gdp_real_lcu_quarterly_nsa,2026-Q2,quarterly,12718036997.0,12718036997,observed,IMF_QNEA,QNEA|B1GQ|Q|NSA|XDC|Q,NSA,"{""ACCESS_SHARING_LEVEL"": ""PUBLIC_OPEN"", ""CONFIDENTIALITY_STATUS"": ""F"", ""DERIVATION_TYPE"": ""O"", ""SECURITY_CLASSIFICATION"": ""PUB""}"
SWE,gdp_real_lcu_quarterly_nsa,2025-Q1,quarterly,1110839878688.6,1110839878688.6,observed,IMF_QNEA,QNEA|B1GQ|Q|NSA|XDC|Q,NSA,"{""ACCESS_SHARING_LEVEL"": ""PUBLIC_OPEN"", ""CONFIDENTIALITY_STATUS"": ""F"", ""DERIVATION_TYPE"": ""O"", ""SECURITY_CLASSIFICATION"": ""PUB""}"
SWE,gdp_real_lcu_quarterly_nsa,2025-Q2,quarterly,1176453892714.3,1176453892714.3,observed,IMF_QNEA,QNEA|B1GQ|Q|NSA|XDC|Q,NSA,"{""ACCESS_SHARING_LEVEL"": ""PUBLIC_OPEN"", ""CONFIDENTIALITY_STATUS"": ""F"", ""DERIVATION_TYPE"": ""O"", ""SECURITY_CLASSIFICATION"": ""PUB""}"
SWE,gdp_real_lcu_quarterly_nsa,2025-Q3,quarterly,1082604129108.2,1082604129108.2,observed,IMF_QNEA,QNEA|B1GQ|Q|NSA|XDC|Q,NSA,"{""ACCESS_SHARING_LEVEL"": ""PUBLIC_OPEN"", ""CONFIDENTIALITY_STATUS"": ""F"", ""DERIVATION_TYPE"": ""O"", ""SECURITY_CLASSIFICATION"": ""PUB""}"
SWE,gdp_real_lcu_quarterly_nsa,2025-Q4,quarterly,1247297958950.0,1247297958950,observed,IMF_QNEA,QNEA|B1GQ|Q|NSA|XDC|Q,NSA,"{""ACCESS_SHARING_LEVEL"": ""PUBLIC_OPEN"", ""CONFIDENTIALITY_STATUS"": ""F"", ""DERIVATION_TYPE"": ""O"", ""SECURITY_CLASSIFICATION"": ""PUB""}"
SWE,gdp_real_lcu_quarterly_nsa,2026-Q1,quarterly,1133254884539.2,1133254884539.2,observed,IMF_QNEA,QNEA|B1GQ|Q|NSA|XDC|Q,NSA,"{""ACCESS_SHARING_LEVEL"": ""PUBLIC_OPEN"", ""CONFIDENTIALITY_STATUS"": ""F"", ""DERIVATION_TYPE"": ""O"", ""SECURITY_CLASSIFICATION"": ""PUB""}"
SWE,gdp_real_lcu_quarterly_nsa,2026-Q2,quarterly,1221335329324.3,1221335329324.3,observed,IMF_QNEA,QNEA|B1GQ|Q|NSA|XDC|Q,NSA,"{""ACCESS_SHARING_LEVEL"": ""PUBLIC_OPEN"", ""CONFIDENTIALITY_STATUS"": ""F"", ""DERIVATION_TYPE"": ""O"", ""SECURITY_CLASSIFICATION"": ""PUB""}"
THA,gdp_real_lcu_quarterly_nsa,2025-Q1,quarterly,2995188000000.0,2995188000000,observed,IMF_QNEA,QNEA|B1GQ|Q|NSA|XDC|Q,NSA,"{""ACCESS_SHARING_LEVEL"": ""PUBLIC_OPEN"", ""CONFIDENTIALITY_STATUS"": ""F"", ""DERIVATION_TYPE"": ""O"", ""SECURITY_CLASSIFICATION"": ""PUB""}"
THA,gdp_real_lcu_quarterly_nsa,2025-Q2,quarterly,2861466000000.0,2861466000000,observed,IMF_QNEA,QNEA|B1GQ|Q|NSA|XDC|Q,NSA,"{""ACCESS_SHARING_LEVEL"": ""PUBLIC_OPEN"", ""CONFIDENTIALITY_STATUS"": ""F"", ""DERIVATION_TYPE"": ""O"", ""SECURITY_CLASSIFICATION"": ""PUB""}"
THA,gdp_real_lcu_quarterly_nsa,2025-Q3,quarterly,2948189000000.0,2948189000000,observed,IMF_QNEA,QNEA|B1GQ|Q|NSA|XDC|Q,NSA,"{""ACCESS_SHARING_LEVEL"": ""PUBLIC_OPEN"", ""CONFIDENTIALITY_STATUS"": ""F"", ""DERIVATION_TYPE"": ""O"", ""SECURITY_CLASSIFICATION"": ""PUB""}"
THA,gdp_real_lcu_quarterly_nsa,2025-Q4,quarterly,3091381000000.0,3091381000000,observed,IMF_QNEA,QNEA|B1GQ|Q|NSA|XDC|Q,NSA,"{""ACCESS_SHARING_LEVEL"": ""PUBLIC_OPEN"", ""CONFIDENTIALITY_STATUS"": ""F"", ""DERIVATION_TYPE"": ""O"", ""SECURITY_CLASSIFICATION"": ""PUB""}"
THA,gdp_real_lcu_quarterly_nsa,2026-Q1,quarterly,3111083000000.0,3111083000000,observed,IMF_QNEA,QNEA|B1GQ|Q|NSA|XDC|Q,NSA,"{""ACCESS_SHARING_LEVEL"": ""PUBLIC_OPEN"", ""CONFIDENTIALITY_STATUS"": ""F"", ""DERIVATION_TYPE"": ""O"", ""SECURITY_CLASSIFICATION"": ""PUB""}"
THA,gdp_real_lcu_quarterly_nsa,2026-Q2,quarterly,2936465000000.0,2936465000000,observed,IMF_QNEA,QNEA|B1GQ|Q|NSA|XDC|Q,NSA,"{""ACCESS_SHARING_LEVEL"": ""PUBLIC_OPEN"", ""CONFIDENTIALITY_STATUS"": ""F"", ""DERIVATION_TYPE"": ""O"", ""SECURITY_CLASSIFICATION"": ""PUB""}"
TTO,gdp_real_lcu_quarterly_nsa,2025-Q1,quarterly,35286150417.6653,35286150417.6653,observed,IMF_QNEA,QNEA|B1GQ|Q|NSA|XDC|Q,NSA,"{""ACCESS_SHARING_LEVEL"": ""PUBLIC_OPEN"", ""CONFIDENTIALITY_STATUS"": ""F"", ""DERIVATION_TYPE"": ""O"", ""SECURITY_CLASSIFICATION"": ""PUB""}"
TTO,gdp_real_lcu_quarterly_nsa,2025-Q2,quarterly,36811614337.6858,36811614337.6858,observed,IMF_QNEA,QNEA|B1GQ|Q|NSA|XDC|Q,NSA,"{""ACCESS_SHARING_LEVEL"": ""PUBLIC_OPEN"", ""CONFIDENTIALITY_STATUS"": ""F"", ""DERIVATION_TYPE"": ""O"", ""SECURITY_CLASSIFICATION"": ""PUB""}"
TTO,gdp_real_lcu_quarterly_nsa,2025-Q3,quarterly,37592284117.0698,37592284117.0698,observed,IMF_QNEA,QNEA|B1GQ|Q|NSA|XDC|Q,NSA,"{""ACCESS_SHARING_LEVEL"": ""PUBLIC_OPEN"", ""CONFIDENTIALITY_STATUS"": ""F"", ""DERIVATION_TYPE"": ""O"", ""SECURITY_CLASSIFICATION"": ""PUB""}"
TTO,gdp_real_lcu_quarterly_nsa,2025-Q4,quarterly,37822453857.5339,37822453857.5339,observed,IMF_QNEA,QNEA|B1GQ|Q|NSA|XDC|Q,NSA,"{""ACCESS_SHARING_LEVEL"": ""PUBLIC_OPEN"", ""CONFIDENTIALITY_STATUS"": ""F"", ""DERIVATION_TYPE"": ""O"", ""SECURITY_CLASSIFICATION"": ""PUB""}"
TUR,gdp_real_lcu_quarterly_nsa,2025-Q1,quarterly,574642844865.91,574642844865.91,observed,IMF_QNEA,QNEA|B1GQ|Q|NSA|XDC|Q,NSA,"{""ACCESS_SHARING_LEVEL"": ""PUBLIC_OPEN"", ""CONFIDENTIALITY_STATUS"": ""F"", ""DERIVATION_TYPE"": ""O"", ""SECURITY_CLASSIFICATION"": ""PUB""}"
TUR,gdp_real_lcu_quarterly_nsa,2025-Q2,quarterly,617110716089.8,617110716089.8,observed,IMF_QNEA,QNEA|B1GQ|Q|NSA|XDC|Q,NSA,"{""ACCESS_SHARING_LEVEL"": ""PUBLIC_OPEN"", ""CONFIDENTIALITY_STATUS"": ""F"", ""DERIVATION_TYPE"": ""O"", ""SECURITY_CLASSIFICATION"": ""PUB""}"
TUR,gdp_real_lcu_quarterly_nsa,2025-Q3,quarterly,692518531823.25,692518531823.25,observed,IMF_QNEA,QNEA|B1GQ|Q|NSA|XDC|Q,NSA,"{""ACCESS_SHARING_LEVEL"": ""PUBLIC_OPEN"", ""CONFIDENTIALITY_STATUS"": ""F"", ""DERIVATION_TYPE"": ""O"", ""SECURITY_CLASSIFICATION"": ""PUB""}"
TUR,gdp_real_lcu_quarterly_nsa,2025-Q4,quarterly,704311829240.68,704311829240.68,observed,IMF_QNEA,QNEA|B1GQ|Q|NSA|XDC|Q,NSA,"{""ACCESS_SHARING_LEVEL"": ""PUBLIC_OPEN"", ""CONFIDENTIALITY_STATUS"": ""F"", ""DERIVATION_TYPE"": ""O"", ""SECURITY_CLASSIFICATION"": ""PUB""}"
TUR,gdp_real_lcu_quarterly_nsa,2026-Q1,quarterly,588872898909.89,588872898909.89,observed,IMF_QNEA,QNEA|B1GQ|Q|NSA|XDC|Q,NSA,"{""ACCESS_SHARING_LEVEL"": ""PUBLIC_OPEN"", ""CONFIDENTIALITY_STATUS"": ""F"", ""DERIVATION_TYPE"": ""O"", ""SECURITY_CLASSIFICATION"": ""PUB""}"
UKR,gdp_real_lcu_quarterly_nsa,2025-Q1,quarterly,915098000000.0,915098000000,observed,IMF_QNEA,QNEA|B1GQ|Q|NSA|XDC|Q,NSA,"{""ACCESS_SHARING_LEVEL"": ""PUBLIC_OPEN"", ""CONFIDENTIALITY_STATUS"": ""F"", ""DERIVATION_TYPE"": ""O"", ""SECURITY_CLASSIFICATION"": ""PUB""}"
UKR,gdp_real_lcu_quarterly_nsa,2025-Q2,quarterly,982373000000.0,982373000000,observed,IMF_QNEA,QNEA|B1GQ|Q|NSA|XDC|Q,NSA,"{""ACCESS_SHARING_LEVEL"": ""PUBLIC_OPEN"", ""CONFIDENTIALITY_STATUS"": ""F"", ""DERIVATION_TYPE"": ""O"", ""SECURITY_CLASSIFICATION"": ""PUB""}"
UKR,gdp_real_lcu_quarterly_nsa,2025-Q3,quarterly,1238691000000.0,1238691000000,observed,IMF_QNEA,QNEA|B1GQ|Q|NSA|XDC|Q,NSA,"{""ACCESS_SHARING_LEVEL"": ""PUBLIC_OPEN"", ""CONFIDENTIALITY_STATUS"": ""F"", ""DERIVATION_TYPE"": ""O"", ""SECURITY_CLASSIFICATION"": ""PUB""}"
UKR,gdp_real_lcu_quarterly_nsa,2025-Q4,quarterly,1172216000000.0,1172216000000,observed,IMF_QNEA,QNEA|B1GQ|Q|NSA|XDC|Q,NSA,"{""ACCESS_SHARING_LEVEL"": ""PUBLIC_OPEN"", ""CONFIDENTIALITY_STATUS"": ""F"", ""DERIVATION_TYPE"": ""O"", ""SECURITY_CLASSIFICATION"": ""PUB""}"
UKR,gdp_real_lcu_quarterly_nsa,2026-Q1,quarterly,909337000000.0,909337000000,observed,IMF_QNEA,QNEA|B1GQ|Q|NSA|XDC|Q,NSA,"{""ACCESS_SHARING_LEVEL"": ""PUBLIC_OPEN"", ""CONFIDENTIALITY_STATUS"": ""F"", ""DERIVATION_TYPE"": ""O"", ""SECURITY_CLASSIFICATION"": ""PUB""}"
URY,gdp_real_lcu_quarterly_nsa,2025-Q1,quarterly,473444431435.23,473444431435.23,observed,IMF_QNEA,QNEA|B1GQ|Q|NSA|XDC|Q,NSA,"{""ACCESS_SHARING_LEVEL"": ""PUBLIC_OPEN"", ""CONFIDENTIALITY_STATUS"": ""F"", ""DERIVATION_TYPE"": ""O"", ""SECURITY_CLASSIFICATION"": ""PUB""}"
URY,gdp_real_lcu_quarterly_nsa,2025-Q2,quarterly,492573704427.406,492573704427.406,observed,IMF_QNEA,QNEA|B1GQ|Q|NSA|XDC|Q,NSA,"{""ACCESS_SHARING_LEVEL"": ""PUBLIC_OPEN"", ""CONFIDENTIALITY_STATUS"": ""F"", ""DERIVATION_TYPE"": ""O"", ""SECURITY_CLASSIFICATION"": ""PUB""}"
URY,gdp_real_lcu_quarterly_nsa,2025-Q3,quarterly,468321448526.128,468321448526.128,observed,IMF_QNEA,QNEA|B1GQ|Q|NSA|XDC|Q,NSA,"{""ACCESS_SHARING_LEVEL"": ""PUBLIC_OPEN"", ""CONFIDENTIALITY_STATUS"": ""F"", ""DERIVATION_TYPE"": ""O"", ""SECURITY_CLASSIFICATION"": ""PUB""}"
URY,gdp_real_lcu_quarterly_nsa,2025-Q4,quarterly,504026867455.985,504026867455.985,observed,IMF_QNEA,QNEA|B1GQ|Q|NSA|XDC|Q,NSA,"{""ACCESS_SHARING_LEVEL"": ""PUBLIC_OPEN"", ""CONFIDENTIALITY_STATUS"": ""F"", ""DERIVATION_TYPE"": ""O"", ""SECURITY_CLASSIFICATION"": ""PUB""}"
URY,gdp_real_lcu_quarterly_nsa,2026-Q1,quarterly,477548772619.607,477548772619.607,observed,IMF_QNEA,QNEA|B1GQ|Q|NSA|XDC|Q,NSA,"{""ACCESS_SHARING_LEVEL"": ""PUBLIC_OPEN"", ""CONFIDENTIALITY_STATUS"": ""F"", ""DERIVATION_TYPE"": ""O"", ""SECURITY_CLASSIFICATION"": ""PUB""}"
USA,gdp_real_lcu_quarterly_nsa,2025-Q1,quarterly,5776724000000.0,5776724000000,observed,IMF_QNEA,QNEA|B1GQ|Q|NSA|XDC|Q,NSA,"{""ACCESS_SHARING_LEVEL"": ""PUBLIC_OPEN"", ""CONFIDENTIALITY_STATUS"": ""F"", ""DERIVATION_TYPE"": ""O"", ""SECURITY_CLASSIFICATION"": ""PUB""}"
USA,gdp_real_lcu_quarterly_nsa,2025-Q2,quarterly,5943384000000.0,5943384000000,observed,IMF_QNEA,QNEA|B1GQ|Q|NSA|XDC|Q,NSA,"{""ACCESS_SHARING_LEVEL"": ""PUBLIC_OPEN"", ""CONFIDENTIALITY_STATUS"": ""F"", ""DERIVATION_TYPE"": ""O"", ""SECURITY_CLASSIFICATION"": ""PUB""}"
USA,gdp_real_lcu_quarterly_nsa,2025-Q3,quarterly,6023785000000.0,6023785000000,observed,IMF_QNEA,QNEA|B1GQ|Q|NSA|XDC|Q,NSA,"{""ACCESS_SHARING_LEVEL"": ""PUBLIC_OPEN"", ""CONFIDENTIALITY_STATUS"": ""F"", ""DERIVATION_TYPE"": ""O"", ""SECURITY_CLASSIFICATION"": ""PUB""}"
USA,gdp_real_lcu_quarterly_nsa,2025-Q4,quarterly,6119385000000.0,6119385000000,observed,IMF_QNEA,QNEA|B1GQ|Q|NSA|XDC|Q,NSA,"{""ACCESS_SHARING_LEVEL"": ""PUBLIC_OPEN"", ""CONFIDENTIALITY_STATUS"": ""F"", ""DERIVATION_TYPE"": ""O"", ""SECURITY_CLASSIFICATION"": ""PUB""}"
USA,gdp_real_lcu_quarterly_nsa,2026-Q1,quarterly,5893384000000.0,5893384000000,observed,IMF_QNEA,QNEA|B1GQ|Q|NSA|XDC|Q,NSA,"{""ACCESS_SHARING_LEVEL"": ""PUBLIC_OPEN"", ""CONFIDENTIALITY_STATUS"": ""F"", ""DERIVATION_TYPE"": ""O"", ""SECURITY_CLASSIFICATION"": ""PUB""}"
USA,gdp_real_lcu_quarterly_nsa,2026-Q2,quarterly,6069701000000.0,6069701000000,observed,IMF_QNEA,QNEA|B1GQ|Q|NSA|XDC|Q,NSA,"{""ACCESS_SHARING_LEVEL"": ""PUBLIC_OPEN"", ""CONFIDENTIALITY_STATUS"": ""F"", ""DERIVATION_TYPE"": ""O"", ""SECURITY_CLASSIFICATION"": ""PUB""}"
WSM,gdp_real_lcu_quarterly_nsa,2025-Q1,quarterly,652613172.723057,652613172.723057,observed,IMF_QNEA,QNEA|B1GQ|Q|NSA|XDC|Q,NSA,"{""ACCESS_SHARING_LEVEL"": ""PUBLIC_OPEN"", ""CONFIDENTIALITY_STATUS"": ""F"", ""DERIVATION_TYPE"": ""O"", ""SECURITY_CLASSIFICATION"": ""PUB""}"
WSM,gdp_real_lcu_quarterly_nsa,2025-Q2,quarterly,632984794.325967,632984794.325967,observed,IMF_QNEA,QNEA|B1GQ|Q|NSA|XDC|Q,NSA,"{""ACCESS_SHARING_LEVEL"": ""PUBLIC_OPEN"", ""CONFIDENTIALITY_STATUS"": ""F"", ""DERIVATION_TYPE"": ""O"", ""SECURITY_CLASSIFICATION"": ""PUB""}"
WSM,gdp_real_lcu_quarterly_nsa,2025-Q3,quarterly,663823772.311143,663823772.311143,observed,IMF_QNEA,QNEA|B1GQ|Q|NSA|XDC|Q,NSA,"{""ACCESS_SHARING_LEVEL"": ""PUBLIC_OPEN"", ""CONFIDENTIALITY_STATUS"": ""F"", ""DERIVATION_TYPE"": ""O"", ""SECURITY_CLASSIFICATION"": ""PUB""}"
ZAF,gdp_real_lcu_quarterly_nsa,2025-Q1,quarterly,1146022500000.0,1146022500000,observed,IMF_QNEA,QNEA|B1GQ|Q|NSA|XDC|Q,NSA,"{""ACCESS_SHARING_LEVEL"": ""PUBLIC_OPEN"", ""CONFIDENTIALITY_STATUS"": ""F"", ""DERIVATION_TYPE"": ""O"", ""SECURITY_CLASSIFICATION"": ""PUB""}"
ZAF,gdp_real_lcu_quarterly_nsa,2025-Q2,quarterly,1181733600000.0,1181733600000,observed,IMF_QNEA,QNEA|B1GQ|Q|NSA|XDC|Q,NSA,"{""ACCESS_SHARING_LEVEL"": ""PUBLIC_OPEN"", ""CONFIDENTIALITY_STATUS"": ""F"", ""DERIVATION_TYPE"": ""O"", ""SECURITY_CLASSIFICATION"": ""PUB""}"
ZAF,gdp_real_lcu_quarterly_nsa,2025-Q3,quarterly,1193581100000.0,1193581100000,observed,IMF_QNEA,QNEA|B1GQ|Q|NSA|XDC|Q,NSA,"{""ACCESS_SHARING_LEVEL"": ""PUBLIC_OPEN"", ""CONFIDENTIALITY_STATUS"": ""F"", ""DERIVATION_TYPE"": ""O"", ""SECURITY_CLASSIFICATION"": ""PUB""}"
ZAF,gdp_real_lcu_quarterly_nsa,2025-Q4,quarterly,1195263400000.0,1195263400000,observed,IMF_QNEA,QNEA|B1GQ|Q|NSA|XDC|Q,NSA,"{""ACCESS_SHARING_LEVEL"": ""PUBLIC_OPEN"", ""CONFIDENTIALITY_STATUS"": ""F"", ""DERIVATION_TYPE"": ""O"", ""SECURITY_CLASSIFICATION"": ""PUB""}"
ZAF,gdp_real_lcu_quarterly_nsa,2026-Q1,quarterly,1167288200000.0,1167288200000,observed,IMF_QNEA,QNEA|B1GQ|Q|NSA|XDC|Q,NSA,"{""ACCESS_SHARING_LEVEL"": ""PUBLIC_OPEN"", ""CONFIDENTIALITY_STATUS"": ""F"", ""DERIVATION_TYPE"": ""O"", ""SECURITY_CLASSIFICATION"": ""PUB""}"
ZMB,gdp_real_lcu_quarterly_nsa,2025-Q1,quarterly,39376000000.0,39376000000,observed,IMF_QNEA,QNEA|B1GQ|Q|NSA|XDC|Q,NSA,"{""ACCESS_SHARING_LEVEL"": ""PUBLIC_OPEN"", ""CONFIDENTIALITY_STATUS"": ""F"", ""DERIVATION_TYPE"": ""O"", ""SECURITY_CLASSIFICATION"": ""PUB""}"
ZMB,gdp_real_lcu_quarterly_nsa,2025-Q2,quarterly,43445000000.0,43445000000,observed,IMF_QNEA,QNEA|B1GQ|Q|NSA|XDC|Q,NSA,"{""ACCESS_SHARING_LEVEL"": ""PUBLIC_OPEN"", ""CONFIDENTIALITY_STATUS"": ""F"", ""DERIVATION_TYPE"": ""O"", ""SECURITY_CLASSIFICATION"": ""PUB""}"
