country_code,indicator_code,period,frequency,value,raw_value,value_status,source_id,source_series_code,seasonal_adjustment,observation_metadata
ALB,gdp_nominal_per_capita_lcu_quarterly_nsa_estimate,2010-Q1,quarterly,95685.71031326392,\N,estimated,IMF_QNEA,derived_per_capita|QNEA|B1GQ|V|NSA|XDC|Q|population=SP.POP.TOTL_interpolated,NSA,\N
ALB,gdp_nominal_per_capita_lcu_quarterly_nsa_estimate,2010-Q2,quarterly,114767.54604881772,\N,estimated,IMF_QNEA,derived_per_capita|QNEA|B1GQ|V|NSA|XDC|Q|population=SP.POP.TOTL_interpolated,NSA,\N
ALB,gdp_nominal_per_capita_lcu_quarterly_nsa_estimate,2010-Q3,quarterly,109271.52686305859,\N,estimated,IMF_QNEA,derived_per_capita|QNEA|B1GQ|V|NSA|XDC|Q|population=SP.POP.TOTL_interpolated,NSA,\N
ALB,gdp_nominal_per_capita_lcu_quarterly_nsa_estimate,2010-Q4,quarterly,113533.45076730973,\N,estimated,IMF_QNEA,derived_per_capita|QNEA|B1GQ|V|NSA|XDC|Q|population=SP.POP.TOTL_interpolated,NSA,\N
ALB,gdp_nominal_per_capita_lcu_quarterly_nsa_estimate,2011-Q1,quarterly,102655.19262818311,\N,estimated,IMF_QNEA,derived_per_capita|QNEA|B1GQ|V|NSA|XDC|Q|population=SP.POP.TOTL_interpolated,NSA,\N
ALB,gdp_nominal_per_capita_lcu_quarterly_nsa_estimate,2011-Q2,quarterly,115318.85466876415,\N,estimated,IMF_QNEA,derived_per_capita|QNEA|B1GQ|V|NSA|XDC|Q|population=SP.POP.TOTL_interpolated,NSA,\N
ALB,gdp_nominal_per_capita_lcu_quarterly_nsa_estimate,2011-Q3,quarterly,113812.68257284012,\N,estimated,IMF_QNEA,derived_per_capita|QNEA|B1GQ|V|NSA|XDC|Q|population=SP.POP.TOTL_interpolated,NSA,\N
ALB,gdp_nominal_per_capita_lcu_quarterly_nsa_estimate,2011-Q4,quarterly,122607.70931196028,\N,estimated,IMF_QNEA,derived_per_capita|QNEA|B1GQ|V|NSA|XDC|Q|population=SP.POP.TOTL_interpolated,NSA,\N
ALB,gdp_nominal_per_capita_lcu_quarterly_nsa_estimate,2012-Q1,quarterly,103373.35548940283,\N,estimated,IMF_QNEA,derived_per_capita|QNEA|B1GQ|V|NSA|XDC|Q|population=SP.POP.TOTL_interpolated,NSA,\N
ALB,gdp_nominal_per_capita_lcu_quarterly_nsa_estimate,2012-Q2,quarterly,120309.5423900174,\N,estimated,IMF_QNEA,derived_per_capita|QNEA|B1GQ|V|NSA|XDC|Q|population=SP.POP.TOTL_interpolated,NSA,\N
ALB,gdp_nominal_per_capita_lcu_quarterly_nsa_estimate,2012-Q3,quarterly,119323.41684043391,\N,estimated,IMF_QNEA,derived_per_capita|QNEA|B1GQ|V|NSA|XDC|Q|population=SP.POP.TOTL_interpolated,NSA,\N
ALB,gdp_nominal_per_capita_lcu_quarterly_nsa_estimate,2012-Q4,quarterly,122639.6549721753,\N,estimated,IMF_QNEA,derived_per_capita|QNEA|B1GQ|V|NSA|XDC|Q|population=SP.POP.TOTL_interpolated,NSA,\N
ALB,gdp_nominal_per_capita_lcu_quarterly_nsa_estimate,2013-Q1,quarterly,109943.58691599291,\N,estimated,IMF_QNEA,derived_per_capita|QNEA|B1GQ|V|NSA|XDC|Q|population=SP.POP.TOTL_interpolated,NSA,\N
ALB,gdp_nominal_per_capita_lcu_quarterly_nsa_estimate,2013-Q2,quarterly,127470.06506659146,\N,estimated,IMF_QNEA,derived_per_capita|QNEA|B1GQ|V|NSA|XDC|Q|population=SP.POP.TOTL_interpolated,NSA,\N
ALB,gdp_nominal_per_capita_lcu_quarterly_nsa_estimate,2013-Q3,quarterly,116545.94029783194,\N,estimated,IMF_QNEA,derived_per_capita|QNEA|B1GQ|V|NSA|XDC|Q|population=SP.POP.TOTL_interpolated,NSA,\N
ALB,gdp_nominal_per_capita_lcu_quarterly_nsa_estimate,2013-Q4,quarterly,127587.69468866804,\N,estimated,IMF_QNEA,derived_per_capita|QNEA|B1GQ|V|NSA|XDC|Q|population=SP.POP.TOTL_interpolated,NSA,\N
ALB,gdp_nominal_per_capita_lcu_quarterly_nsa_estimate,2014-Q1,quarterly,114042.9986139948,\N,estimated,IMF_QNEA,derived_per_capita|QNEA|B1GQ|V|NSA|XDC|Q|population=SP.POP.TOTL_interpolated,NSA,\N
ALB,gdp_nominal_per_capita_lcu_quarterly_nsa_estimate,2014-Q2,quarterly,133283.07525923647,\N,estimated,IMF_QNEA,derived_per_capita|QNEA|B1GQ|V|NSA|XDC|Q|population=SP.POP.TOTL_interpolated,NSA,\N
ALB,gdp_nominal_per_capita_lcu_quarterly_nsa_estimate,2014-Q3,quarterly,126276.66180782423,\N,estimated,IMF_QNEA,derived_per_capita|QNEA|B1GQ|V|NSA|XDC|Q|population=SP.POP.TOTL_interpolated,NSA,\N
ALB,gdp_nominal_per_capita_lcu_quarterly_nsa_estimate,2014-Q4,quarterly,131999.92664547072,\N,estimated,IMF_QNEA,derived_per_capita|QNEA|B1GQ|V|NSA|XDC|Q|population=SP.POP.TOTL_interpolated,NSA,\N
ARG,gdp_nominal_per_capita_lcu_quarterly_nsa_estimate,2010-Q1,quarterly,8625.067837643795,\N,estimated,IMF_QNEA,derived_per_capita|QNEA|B1GQ|V|NSA|XDC|Q|population=SP.POP.TOTL_interpolated,NSA,\N
ARG,gdp_nominal_per_capita_lcu_quarterly_nsa_estimate,2010-Q2,quarterly,10222.437458857417,\N,estimated,IMF_QNEA,derived_per_capita|QNEA|B1GQ|V|NSA|XDC|Q|population=SP.POP.TOTL_interpolated,NSA,\N
ARG,gdp_nominal_per_capita_lcu_quarterly_nsa_estimate,2010-Q3,quarterly,10357.227748233645,\N,estimated,IMF_QNEA,derived_per_capita|QNEA|B1GQ|V|NSA|XDC|Q|population=SP.POP.TOTL_interpolated,NSA,\N
ARG,gdp_nominal_per_capita_lcu_quarterly_nsa_estimate,2010-Q4,quarterly,11030.93411756795,\N,estimated,IMF_QNEA,derived_per_capita|QNEA|B1GQ|V|NSA|XDC|Q|population=SP.POP.TOTL_interpolated,NSA,\N
ARG,gdp_nominal_per_capita_lcu_quarterly_nsa_estimate,2011-Q1,quarterly,11360.704381436628,\N,estimated,IMF_QNEA,derived_per_capita|QNEA|B1GQ|V|NSA|XDC|Q|population=SP.POP.TOTL_interpolated,NSA,\N
ARG,gdp_nominal_per_capita_lcu_quarterly_nsa_estimate,2011-Q2,quarterly,13419.92659377105,\N,estimated,IMF_QNEA,derived_per_capita|QNEA|B1GQ|V|NSA|XDC|Q|population=SP.POP.TOTL_interpolated,NSA,\N
ARG,gdp_nominal_per_capita_lcu_quarterly_nsa_estimate,2011-Q3,quarterly,13464.830883738792,\N,estimated,IMF_QNEA,derived_per_capita|QNEA|B1GQ|V|NSA|XDC|Q|population=SP.POP.TOTL_interpolated,NSA,\N
ARG,gdp_nominal_per_capita_lcu_quarterly_nsa_estimate,2011-Q4,quarterly,13962.336516414709,\N,estimated,IMF_QNEA,derived_per_capita|QNEA|B1GQ|V|NSA|XDC|Q|population=SP.POP.TOTL_interpolated,NSA,\N
ARG,gdp_nominal_per_capita_lcu_quarterly_nsa_estimate,2012-Q1,quarterly,13961.639977501825,\N,estimated,IMF_QNEA,derived_per_capita|QNEA|B1GQ|V|NSA|XDC|Q|population=SP.POP.TOTL_interpolated,NSA,\N
ARG,gdp_nominal_per_capita_lcu_quarterly_nsa_estimate,2012-Q2,quarterly,15739.931698643031,\N,estimated,IMF_QNEA,derived_per_capita|QNEA|B1GQ|V|NSA|XDC|Q|population=SP.POP.TOTL_interpolated,NSA,\N
ARG,gdp_nominal_per_capita_lcu_quarterly_nsa_estimate,2012-Q3,quarterly,16018.427304611278,\N,estimated,IMF_QNEA,derived_per_capita|QNEA|B1GQ|V|NSA|XDC|Q|population=SP.POP.TOTL_interpolated,NSA,\N
ARG,gdp_nominal_per_capita_lcu_quarterly_nsa_estimate,2012-Q4,quarterly,16837.2160148291,\N,estimated,IMF_QNEA,derived_per_capita|QNEA|B1GQ|V|NSA|XDC|Q|population=SP.POP.TOTL_interpolated,NSA,\N
ARG,gdp_nominal_per_capita_lcu_quarterly_nsa_estimate,2013-Q1,quarterly,17024.175650966463,\N,estimated,IMF_QNEA,derived_per_capita|QNEA|B1GQ|V|NSA|XDC|Q|population=SP.POP.TOTL_interpolated,NSA,\N
ARG,gdp_nominal_per_capita_lcu_quarterly_nsa_estimate,2013-Q2,quarterly,19914.305743741133,\N,estimated,IMF_QNEA,derived_per_capita|QNEA|B1GQ|V|NSA|XDC|Q|population=SP.POP.TOTL_interpolated,NSA,\N
ARG,gdp_nominal_per_capita_lcu_quarterly_nsa_estimate,2013-Q3,quarterly,20149.714136496757,\N,estimated,IMF_QNEA,derived_per_capita|QNEA|B1GQ|V|NSA|XDC|Q|population=SP.POP.TOTL_interpolated,NSA,\N
ARG,gdp_nominal_per_capita_lcu_quarterly_nsa_estimate,2013-Q4,quarterly,21520.83342446807,\N,estimated,IMF_QNEA,derived_per_capita|QNEA|B1GQ|V|NSA|XDC|Q|population=SP.POP.TOTL_interpolated,NSA,\N
ARG,gdp_nominal_per_capita_lcu_quarterly_nsa_estimate,2014-Q1,quarterly,22852.246341533697,\N,estimated,IMF_QNEA,derived_per_capita|QNEA|B1GQ|V|NSA|XDC|Q|population=SP.POP.TOTL_interpolated,NSA,\N
ARG,gdp_nominal_per_capita_lcu_quarterly_nsa_estimate,2014-Q2,quarterly,27360.678262208858,\N,estimated,IMF_QNEA,derived_per_capita|QNEA|B1GQ|V|NSA|XDC|Q|population=SP.POP.TOTL_interpolated,NSA,\N
ARG,gdp_nominal_per_capita_lcu_quarterly_nsa_estimate,2014-Q3,quarterly,27190.275675404202,\N,estimated,IMF_QNEA,derived_per_capita|QNEA|B1GQ|V|NSA|XDC|Q|population=SP.POP.TOTL_interpolated,NSA,\N
ARG,gdp_nominal_per_capita_lcu_quarterly_nsa_estimate,2014-Q4,quarterly,29000.398380685438,\N,estimated,IMF_QNEA,derived_per_capita|QNEA|B1GQ|V|NSA|XDC|Q|population=SP.POP.TOTL_interpolated,NSA,\N
ARM,gdp_nominal_per_capita_lcu_quarterly_nsa_estimate,2010-Q1,quarterly,178319.056588322,\N,estimated,IMF_QNEA,derived_per_capita|QNEA|B1GQ|V|NSA|XDC|Q|population=SP.POP.TOTL_interpolated,NSA,\N
ARM,gdp_nominal_per_capita_lcu_quarterly_nsa_estimate,2010-Q2,quarterly,241441.59871367866,\N,estimated,IMF_QNEA,derived_per_capita|QNEA|B1GQ|V|NSA|XDC|Q|population=SP.POP.TOTL_interpolated,NSA,\N
ARM,gdp_nominal_per_capita_lcu_quarterly_nsa_estimate,2010-Q3,quarterly,344694.18893658975,\N,estimated,IMF_QNEA,derived_per_capita|QNEA|B1GQ|V|NSA|XDC|Q|population=SP.POP.TOTL_interpolated,NSA,\N
ARM,gdp_nominal_per_capita_lcu_quarterly_nsa_estimate,2010-Q4,quarterly,372313.7277488203,\N,estimated,IMF_QNEA,derived_per_capita|QNEA|B1GQ|V|NSA|XDC|Q|population=SP.POP.TOTL_interpolated,NSA,\N
ARM,gdp_nominal_per_capita_lcu_quarterly_nsa_estimate,2011-Q1,quarterly,201743.13975092588,\N,estimated,IMF_QNEA,derived_per_capita|QNEA|B1GQ|V|NSA|XDC|Q|population=SP.POP.TOTL_interpolated,NSA,\N
ARM,gdp_nominal_per_capita_lcu_quarterly_nsa_estimate,2011-Q2,quarterly,269341.3971064476,\N,estimated,IMF_QNEA,derived_per_capita|QNEA|B1GQ|V|NSA|XDC|Q|population=SP.POP.TOTL_interpolated,NSA,\N
ARM,gdp_nominal_per_capita_lcu_quarterly_nsa_estimate,2011-Q3,quarterly,378734.369967877,\N,estimated,IMF_QNEA,derived_per_capita|QNEA|B1GQ|V|NSA|XDC|Q|population=SP.POP.TOTL_interpolated,NSA,\N
ARM,gdp_nominal_per_capita_lcu_quarterly_nsa_estimate,2011-Q4,quarterly,397528.9073922633,\N,estimated,IMF_QNEA,derived_per_capita|QNEA|B1GQ|V|NSA|XDC|Q|population=SP.POP.TOTL_interpolated,NSA,\N
ARM,gdp_nominal_per_capita_lcu_quarterly_nsa_estimate,2012-Q1,quarterly,217799.48934482445,\N,estimated,IMF_QNEA,derived_per_capita|QNEA|B1GQ|V|NSA|XDC|Q|population=SP.POP.TOTL_interpolated,NSA,\N
ARM,gdp_nominal_per_capita_lcu_quarterly_nsa_estimate,2012-Q2,quarterly,293011.547076862,\N,estimated,IMF_QNEA,derived_per_capita|QNEA|B1GQ|V|NSA|XDC|Q|population=SP.POP.TOTL_interpolated,NSA,\N
ARM,gdp_nominal_per_capita_lcu_quarterly_nsa_estimate,2012-Q3,quarterly,402641.444852774,\N,estimated,IMF_QNEA,derived_per_capita|QNEA|B1GQ|V|NSA|XDC|Q|population=SP.POP.TOTL_interpolated,NSA,\N
ARM,gdp_nominal_per_capita_lcu_quarterly_nsa_estimate,2012-Q4,quarterly,409486.77981518616,\N,estimated,IMF_QNEA,derived_per_capita|QNEA|B1GQ|V|NSA|XDC|Q|population=SP.POP.TOTL_interpolated,NSA,\N
ARM,gdp_nominal_per_capita_lcu_quarterly_nsa_estimate,2013-Q1,quarterly,259418.23565169566,\N,estimated,IMF_QNEA,derived_per_capita|QNEA|B1GQ|V|NSA|XDC|Q|population=SP.POP.TOTL_interpolated,NSA,\N
ARM,gdp_nominal_per_capita_lcu_quarterly_nsa_estimate,2013-Q2,quarterly,323666.49157708837,\N,estimated,IMF_QNEA,derived_per_capita|QNEA|B1GQ|V|NSA|XDC|Q|population=SP.POP.TOTL_interpolated,NSA,\N
ARM,gdp_nominal_per_capita_lcu_quarterly_nsa_estimate,2013-Q3,quarterly,451202.77393887733,\N,estimated,IMF_QNEA,derived_per_capita|QNEA|B1GQ|V|NSA|XDC|Q|population=SP.POP.TOTL_interpolated,NSA,\N
ARM,gdp_nominal_per_capita_lcu_quarterly_nsa_estimate,2013-Q4,quarterly,473743.0045463203,\N,estimated,IMF_QNEA,derived_per_capita|QNEA|B1GQ|V|NSA|XDC|Q|population=SP.POP.TOTL_interpolated,NSA,\N
ARM,gdp_nominal_per_capita_lcu_quarterly_nsa_estimate,2014-Q1,quarterly,270126.67081002693,\N,estimated,IMF_QNEA,derived_per_capita|QNEA|B1GQ|V|NSA|XDC|Q|population=SP.POP.TOTL_interpolated,NSA,\N
ARM,gdp_nominal_per_capita_lcu_quarterly_nsa_estimate,2014-Q2,quarterly,341841.6989377493,\N,estimated,IMF_QNEA,derived_per_capita|QNEA|B1GQ|V|NSA|XDC|Q|population=SP.POP.TOTL_interpolated,NSA,\N
ARM,gdp_nominal_per_capita_lcu_quarterly_nsa_estimate,2014-Q3,quarterly,479146.63170298573,\N,estimated,IMF_QNEA,derived_per_capita|QNEA|B1GQ|V|NSA|XDC|Q|population=SP.POP.TOTL_interpolated,NSA,\N
ARM,gdp_nominal_per_capita_lcu_quarterly_nsa_estimate,2014-Q4,quarterly,511433.5210191506,\N,estimated,IMF_QNEA,derived_per_capita|QNEA|B1GQ|V|NSA|XDC|Q|population=SP.POP.TOTL_interpolated,NSA,\N
AUS,gdp_nominal_per_capita_lcu_quarterly_nsa_estimate,2010-Q1,quarterly,14420.239201807912,\N,estimated,IMF_QNEA,derived_per_capita|QNEA|B1GQ|V|NSA|XDC|Q|population=SP.POP.TOTL_interpolated,NSA,\N
AUS,gdp_nominal_per_capita_lcu_quarterly_nsa_estimate,2010-Q2,quarterly,15534.644808602763,\N,estimated,IMF_QNEA,derived_per_capita|QNEA|B1GQ|V|NSA|XDC|Q|population=SP.POP.TOTL_interpolated,NSA,\N
AUS,gdp_nominal_per_capita_lcu_quarterly_nsa_estimate,2010-Q3,quarterly,15701.202398424026,\N,estimated,IMF_QNEA,derived_per_capita|QNEA|B1GQ|V|NSA|XDC|Q|population=SP.POP.TOTL_interpolated,NSA,\N
AUS,gdp_nominal_per_capita_lcu_quarterly_nsa_estimate,2010-Q4,quarterly,16550.194695390852,\N,estimated,IMF_QNEA,derived_per_capita|QNEA|B1GQ|V|NSA|XDC|Q|population=SP.POP.TOTL_interpolated,NSA,\N
AUS,gdp_nominal_per_capita_lcu_quarterly_nsa_estimate,2011-Q1,quarterly,15398.241247789523,\N,estimated,IMF_QNEA,derived_per_capita|QNEA|B1GQ|V|NSA|XDC|Q|population=SP.POP.TOTL_interpolated,NSA,\N
AUS,gdp_nominal_per_capita_lcu_quarterly_nsa_estimate,2011-Q2,quarterly,16485.939016697303,\N,estimated,IMF_QNEA,derived_per_capita|QNEA|B1GQ|V|NSA|XDC|Q|population=SP.POP.TOTL_interpolated,NSA,\N
AUS,gdp_nominal_per_capita_lcu_quarterly_nsa_estimate,2011-Q3,quarterly,16708.76722153249,\N,estimated,IMF_QNEA,derived_per_capita|QNEA|B1GQ|V|NSA|XDC|Q|population=SP.POP.TOTL_interpolated,NSA,\N
AUS,gdp_nominal_per_capita_lcu_quarterly_nsa_estimate,2011-Q4,quarterly,17333.89145661979,\N,estimated,IMF_QNEA,derived_per_capita|QNEA|B1GQ|V|NSA|XDC|Q|population=SP.POP.TOTL_interpolated,NSA,\N
AUS,gdp_nominal_per_capita_lcu_quarterly_nsa_estimate,2012-Q1,quarterly,15925.5379610123,\N,estimated,IMF_QNEA,derived_per_capita|QNEA|B1GQ|V|NSA|XDC|Q|population=SP.POP.TOTL_interpolated,NSA,\N
AUS,gdp_nominal_per_capita_lcu_quarterly_nsa_estimate,2012-Q2,quarterly,16848.27192508091,\N,estimated,IMF_QNEA,derived_per_capita|QNEA|B1GQ|V|NSA|XDC|Q|population=SP.POP.TOTL_interpolated,NSA,\N
AUS,gdp_nominal_per_capita_lcu_quarterly_nsa_estimate,2012-Q3,quarterly,16738.72541906398,\N,estimated,IMF_QNEA,derived_per_capita|QNEA|B1GQ|V|NSA|XDC|Q|population=SP.POP.TOTL_interpolated,NSA,\N
AUS,gdp_nominal_per_capita_lcu_quarterly_nsa_estimate,2012-Q4,quarterly,17402.732622353185,\N,estimated,IMF_QNEA,derived_per_capita|QNEA|B1GQ|V|NSA|XDC|Q|population=SP.POP.TOTL_interpolated,NSA,\N
AUS,gdp_nominal_per_capita_lcu_quarterly_nsa_estimate,2013-Q1,quarterly,16155.82679471352,\N,estimated,IMF_QNEA,derived_per_capita|QNEA|B1GQ|V|NSA|XDC|Q|population=SP.POP.TOTL_interpolated,NSA,\N
AUS,gdp_nominal_per_capita_lcu_quarterly_nsa_estimate,2013-Q2,quarterly,17024.28497569804,\N,estimated,IMF_QNEA,derived_per_capita|QNEA|B1GQ|V|NSA|XDC|Q|population=SP.POP.TOTL_interpolated,NSA,\N
AUS,gdp_nominal_per_capita_lcu_quarterly_nsa_estimate,2013-Q3,quarterly,17035.485219446335,\N,estimated,IMF_QNEA,derived_per_capita|QNEA|B1GQ|V|NSA|XDC|Q|population=SP.POP.TOTL_interpolated,NSA,\N
AUS,gdp_nominal_per_capita_lcu_quarterly_nsa_estimate,2013-Q4,quarterly,17962.579997023986,\N,estimated,IMF_QNEA,derived_per_capita|QNEA|B1GQ|V|NSA|XDC|Q|population=SP.POP.TOTL_interpolated,NSA,\N
AUS,gdp_nominal_per_capita_lcu_quarterly_nsa_estimate,2014-Q1,quarterly,16640.271601814617,\N,estimated,IMF_QNEA,derived_per_capita|QNEA|B1GQ|V|NSA|XDC|Q|population=SP.POP.TOTL_interpolated,NSA,\N
AUS,gdp_nominal_per_capita_lcu_quarterly_nsa_estimate,2014-Q2,quarterly,17297.66237524514,\N,estimated,IMF_QNEA,derived_per_capita|QNEA|B1GQ|V|NSA|XDC|Q|population=SP.POP.TOTL_interpolated,NSA,\N
AUS,gdp_nominal_per_capita_lcu_quarterly_nsa_estimate,2014-Q3,quarterly,17163.15778236598,\N,estimated,IMF_QNEA,derived_per_capita|QNEA|B1GQ|V|NSA|XDC|Q|population=SP.POP.TOTL_interpolated,NSA,\N
AUS,gdp_nominal_per_capita_lcu_quarterly_nsa_estimate,2014-Q4,quarterly,17927.745967109528,\N,estimated,IMF_QNEA,derived_per_capita|QNEA|B1GQ|V|NSA|XDC|Q|population=SP.POP.TOTL_interpolated,NSA,\N
AUT,gdp_nominal_per_capita_lcu_quarterly_nsa_estimate,2010-Q1,quarterly,8233.293402399919,\N,estimated,IMF_QNEA,derived_per_capita|QNEA|B1GQ|V|NSA|XDC|Q|population=SP.POP.TOTL_interpolated,NSA,\N
AUT,gdp_nominal_per_capita_lcu_quarterly_nsa_estimate,2010-Q2,quarterly,8831.724015872645,\N,estimated,IMF_QNEA,derived_per_capita|QNEA|B1GQ|V|NSA|XDC|Q|population=SP.POP.TOTL_interpolated,NSA,\N
AUT,gdp_nominal_per_capita_lcu_quarterly_nsa_estimate,2010-Q3,quarterly,8834.109727441823,\N,estimated,IMF_QNEA,derived_per_capita|QNEA|B1GQ|V|NSA|XDC|Q|population=SP.POP.TOTL_interpolated,NSA,\N
AUT,gdp_nominal_per_capita_lcu_quarterly_nsa_estimate,2010-Q4,quarterly,9254.691538889248,\N,estimated,IMF_QNEA,derived_per_capita|QNEA|B1GQ|V|NSA|XDC|Q|population=SP.POP.TOTL_interpolated,NSA,\N
AUT,gdp_nominal_per_capita_lcu_quarterly_nsa_estimate,2011-Q1,quarterly,8824.531320086004,\N,estimated,IMF_QNEA,derived_per_capita|QNEA|B1GQ|V|NSA|XDC|Q|population=SP.POP.TOTL_interpolated,NSA,\N
AUT,gdp_nominal_per_capita_lcu_quarterly_nsa_estimate,2011-Q2,quarterly,9219.508307596889,\N,estimated,IMF_QNEA,derived_per_capita|QNEA|B1GQ|V|NSA|XDC|Q|population=SP.POP.TOTL_interpolated,NSA,\N
AUT,gdp_nominal_per_capita_lcu_quarterly_nsa_estimate,2011-Q3,quarterly,9211.792805912366,\N,estimated,IMF_QNEA,derived_per_capita|QNEA|B1GQ|V|NSA|XDC|Q|population=SP.POP.TOTL_interpolated,NSA,\N
AUT,gdp_nominal_per_capita_lcu_quarterly_nsa_estimate,2011-Q4,quarterly,9460.79517848124,\N,estimated,IMF_QNEA,derived_per_capita|QNEA|B1GQ|V|NSA|XDC|Q|population=SP.POP.TOTL_interpolated,NSA,\N
AUT,gdp_nominal_per_capita_lcu_quarterly_nsa_estimate,2012-Q1,quarterly,8993.205927484405,\N,estimated,IMF_QNEA,derived_per_capita|QNEA|B1GQ|V|NSA|XDC|Q|population=SP.POP.TOTL_interpolated,NSA,\N
AUT,gdp_nominal_per_capita_lcu_quarterly_nsa_estimate,2012-Q2,quarterly,9376.298076098512,\N,estimated,IMF_QNEA,derived_per_capita|QNEA|B1GQ|V|NSA|XDC|Q|population=SP.POP.TOTL_interpolated,NSA,\N
AUT,gdp_nominal_per_capita_lcu_quarterly_nsa_estimate,2012-Q3,quarterly,9395.297597857809,\N,estimated,IMF_QNEA,derived_per_capita|QNEA|B1GQ|V|NSA|XDC|Q|population=SP.POP.TOTL_interpolated,NSA,\N
AUT,gdp_nominal_per_capita_lcu_quarterly_nsa_estimate,2012-Q4,quarterly,9782.37437194316,\N,estimated,IMF_QNEA,derived_per_capita|QNEA|B1GQ|V|NSA|XDC|Q|population=SP.POP.TOTL_interpolated,NSA,\N
AUT,gdp_nominal_per_capita_lcu_quarterly_nsa_estimate,2013-Q1,quarterly,9034.189345615057,\N,estimated,IMF_QNEA,derived_per_capita|QNEA|B1GQ|V|NSA|XDC|Q|population=SP.POP.TOTL_interpolated,NSA,\N
AUT,gdp_nominal_per_capita_lcu_quarterly_nsa_estimate,2013-Q2,quarterly,9434.55105118324,\N,estimated,IMF_QNEA,derived_per_capita|QNEA|B1GQ|V|NSA|XDC|Q|population=SP.POP.TOTL_interpolated,NSA,\N
AUT,gdp_nominal_per_capita_lcu_quarterly_nsa_estimate,2013-Q3,quarterly,9471.935362279104,\N,estimated,IMF_QNEA,derived_per_capita|QNEA|B1GQ|V|NSA|XDC|Q|population=SP.POP.TOTL_interpolated,NSA,\N
AUT,gdp_nominal_per_capita_lcu_quarterly_nsa_estimate,2013-Q4,quarterly,9924.84338072344,\N,estimated,IMF_QNEA,derived_per_capita|QNEA|B1GQ|V|NSA|XDC|Q|population=SP.POP.TOTL_interpolated,NSA,\N
AUT,gdp_nominal_per_capita_lcu_quarterly_nsa_estimate,2014-Q1,quarterly,9150.571599942374,\N,estimated,IMF_QNEA,derived_per_capita|QNEA|B1GQ|V|NSA|XDC|Q|population=SP.POP.TOTL_interpolated,NSA,\N
AUT,gdp_nominal_per_capita_lcu_quarterly_nsa_estimate,2014-Q2,quarterly,9632.127571793964,\N,estimated,IMF_QNEA,derived_per_capita|QNEA|B1GQ|V|NSA|XDC|Q|population=SP.POP.TOTL_interpolated,NSA,\N
AUT,gdp_nominal_per_capita_lcu_quarterly_nsa_estimate,2014-Q3,quarterly,9647.23830647587,\N,estimated,IMF_QNEA,derived_per_capita|QNEA|B1GQ|V|NSA|XDC|Q|population=SP.POP.TOTL_interpolated,NSA,\N
AUT,gdp_nominal_per_capita_lcu_quarterly_nsa_estimate,2014-Q4,quarterly,10175.76508574287,\N,estimated,IMF_QNEA,derived_per_capita|QNEA|B1GQ|V|NSA|XDC|Q|population=SP.POP.TOTL_interpolated,NSA,\N
AZE,gdp_nominal_per_capita_lcu_quarterly_nsa_estimate,2010-Q1,quarterly,1068.262094851762,\N,estimated,IMF_QNEA,derived_per_capita|QNEA|B1GQ|V|NSA|XDC|Q|population=SP.POP.TOTL_interpolated,NSA,\N
AZE,gdp_nominal_per_capita_lcu_quarterly_nsa_estimate,2010-Q2,quarterly,1191.4461328417144,\N,estimated,IMF_QNEA,derived_per_capita|QNEA|B1GQ|V|NSA|XDC|Q|population=SP.POP.TOTL_interpolated,NSA,\N
AZE,gdp_nominal_per_capita_lcu_quarterly_nsa_estimate,2010-Q3,quarterly,1176.7552304849755,\N,estimated,IMF_QNEA,derived_per_capita|QNEA|B1GQ|V|NSA|XDC|Q|population=SP.POP.TOTL_interpolated,NSA,\N
AZE,gdp_nominal_per_capita_lcu_quarterly_nsa_estimate,2010-Q4,quarterly,1251.969579826359,\N,estimated,IMF_QNEA,derived_per_capita|QNEA|B1GQ|V|NSA|XDC|Q|population=SP.POP.TOTL_interpolated,NSA,\N
AZE,gdp_nominal_per_capita_lcu_quarterly_nsa_estimate,2011-Q1,quarterly,1177.8211344226793,\N,estimated,IMF_QNEA,derived_per_capita|QNEA|B1GQ|V|NSA|XDC|Q|population=SP.POP.TOTL_interpolated,NSA,\N
AZE,gdp_nominal_per_capita_lcu_quarterly_nsa_estimate,2011-Q2,quarterly,1345.902963378355,\N,estimated,IMF_QNEA,derived_per_capita|QNEA|B1GQ|V|NSA|XDC|Q|population=SP.POP.TOTL_interpolated,NSA,\N
AZE,gdp_nominal_per_capita_lcu_quarterly_nsa_estimate,2011-Q3,quarterly,1384.4709260262082,\N,estimated,IMF_QNEA,derived_per_capita|QNEA|B1GQ|V|NSA|XDC|Q|population=SP.POP.TOTL_interpolated,NSA,\N
AZE,gdp_nominal_per_capita_lcu_quarterly_nsa_estimate,2011-Q4,quarterly,1766.225378786492,\N,estimated,IMF_QNEA,derived_per_capita|QNEA|B1GQ|V|NSA|XDC|Q|population=SP.POP.TOTL_interpolated,NSA,\N
AZE,gdp_nominal_per_capita_lcu_quarterly_nsa_estimate,2012-Q1,quarterly,1401.6131156547854,\N,estimated,IMF_QNEA,derived_per_capita|QNEA|B1GQ|V|NSA|XDC|Q|population=SP.POP.TOTL_interpolated,NSA,\N
AZE,gdp_nominal_per_capita_lcu_quarterly_nsa_estimate,2012-Q2,quarterly,1410.5248441043448,\N,estimated,IMF_QNEA,derived_per_capita|QNEA|B1GQ|V|NSA|XDC|Q|population=SP.POP.TOTL_interpolated,NSA,\N
AZE,gdp_nominal_per_capita_lcu_quarterly_nsa_estimate,2012-Q3,quarterly,1528.8621928501116,\N,estimated,IMF_QNEA,derived_per_capita|QNEA|B1GQ|V|NSA|XDC|Q|population=SP.POP.TOTL_interpolated,NSA,\N
AZE,gdp_nominal_per_capita_lcu_quarterly_nsa_estimate,2012-Q4,quarterly,1547.3122913210386,\N,estimated,IMF_QNEA,derived_per_capita|QNEA|B1GQ|V|NSA|XDC|Q|population=SP.POP.TOTL_interpolated,NSA,\N
AZE,gdp_nominal_per_capita_lcu_quarterly_nsa_estimate,2013-Q1,quarterly,1378.3930841748002,\N,estimated,IMF_QNEA,derived_per_capita|QNEA|B1GQ|V|NSA|XDC|Q|population=SP.POP.TOTL_interpolated,NSA,\N
AZE,gdp_nominal_per_capita_lcu_quarterly_nsa_estimate,2013-Q2,quarterly,1480.5023217208754,\N,estimated,IMF_QNEA,derived_per_capita|QNEA|B1GQ|V|NSA|XDC|Q|population=SP.POP.TOTL_interpolated,NSA,\N
AZE,gdp_nominal_per_capita_lcu_quarterly_nsa_estimate,2013-Q3,quarterly,1639.8090851265388,\N,estimated,IMF_QNEA,derived_per_capita|QNEA|B1GQ|V|NSA|XDC|Q|population=SP.POP.TOTL_interpolated,NSA,\N
AZE,gdp_nominal_per_capita_lcu_quarterly_nsa_estimate,2013-Q4,quarterly,1678.3679773143983,\N,estimated,IMF_QNEA,derived_per_capita|QNEA|B1GQ|V|NSA|XDC|Q|population=SP.POP.TOTL_interpolated,NSA,\N
AZE,gdp_nominal_per_capita_lcu_quarterly_nsa_estimate,2014-Q1,quarterly,1382.0967676888954,\N,estimated,IMF_QNEA,derived_per_capita|QNEA|B1GQ|V|NSA|XDC|Q|population=SP.POP.TOTL_interpolated,NSA,\N
AZE,gdp_nominal_per_capita_lcu_quarterly_nsa_estimate,2014-Q2,quarterly,1606.263377836247,\N,estimated,IMF_QNEA,derived_per_capita|QNEA|B1GQ|V|NSA|XDC|Q|population=SP.POP.TOTL_interpolated,NSA,\N
AZE,gdp_nominal_per_capita_lcu_quarterly_nsa_estimate,2014-Q3,quarterly,1661.9854201250675,\N,estimated,IMF_QNEA,derived_per_capita|QNEA|B1GQ|V|NSA|XDC|Q|population=SP.POP.TOTL_interpolated,NSA,\N
AZE,gdp_nominal_per_capita_lcu_quarterly_nsa_estimate,2014-Q4,quarterly,1538.3286608279468,\N,estimated,IMF_QNEA,derived_per_capita|QNEA|B1GQ|V|NSA|XDC|Q|population=SP.POP.TOTL_interpolated,NSA,\N
BEL,gdp_nominal_per_capita_lcu_quarterly_nsa_estimate,2010-Q1,quarterly,7907.10357206579,\N,estimated,IMF_QNEA,derived_per_capita|QNEA|B1GQ|V|NSA|XDC|Q|population=SP.POP.TOTL_interpolated,NSA,\N
BEL,gdp_nominal_per_capita_lcu_quarterly_nsa_estimate,2010-Q2,quarterly,8403.245851590402,\N,estimated,IMF_QNEA,derived_per_capita|QNEA|B1GQ|V|NSA|XDC|Q|population=SP.POP.TOTL_interpolated,NSA,\N
BEL,gdp_nominal_per_capita_lcu_quarterly_nsa_estimate,2010-Q3,quarterly,8034.062097349266,\N,estimated,IMF_QNEA,derived_per_capita|QNEA|B1GQ|V|NSA|XDC|Q|population=SP.POP.TOTL_interpolated,NSA,\N
BEL,gdp_nominal_per_capita_lcu_quarterly_nsa_estimate,2010-Q4,quarterly,8973.375664704197,\N,estimated,IMF_QNEA,derived_per_capita|QNEA|B1GQ|V|NSA|XDC|Q|population=SP.POP.TOTL_interpolated,NSA,\N
BEL,gdp_nominal_per_capita_lcu_quarterly_nsa_estimate,2011-Q1,quarterly,8242.010026664442,\N,estimated,IMF_QNEA,derived_per_capita|QNEA|B1GQ|V|NSA|XDC|Q|population=SP.POP.TOTL_interpolated,NSA,\N
BEL,gdp_nominal_per_capita_lcu_quarterly_nsa_estimate,2011-Q2,quarterly,8649.536042346082,\N,estimated,IMF_QNEA,derived_per_capita|QNEA|B1GQ|V|NSA|XDC|Q|population=SP.POP.TOTL_interpolated,NSA,\N
BEL,gdp_nominal_per_capita_lcu_quarterly_nsa_estimate,2011-Q3,quarterly,8251.18659418445,\N,estimated,IMF_QNEA,derived_per_capita|QNEA|B1GQ|V|NSA|XDC|Q|population=SP.POP.TOTL_interpolated,NSA,\N
BEL,gdp_nominal_per_capita_lcu_quarterly_nsa_estimate,2011-Q4,quarterly,9195.369366155477,\N,estimated,IMF_QNEA,derived_per_capita|QNEA|B1GQ|V|NSA|XDC|Q|population=SP.POP.TOTL_interpolated,NSA,\N
BEL,gdp_nominal_per_capita_lcu_quarterly_nsa_estimate,2012-Q1,quarterly,8424.814628295728,\N,estimated,IMF_QNEA,derived_per_capita|QNEA|B1GQ|V|NSA|XDC|Q|population=SP.POP.TOTL_interpolated,NSA,\N
BEL,gdp_nominal_per_capita_lcu_quarterly_nsa_estimate,2012-Q2,quarterly,8813.248205352354,\N,estimated,IMF_QNEA,derived_per_capita|QNEA|B1GQ|V|NSA|XDC|Q|population=SP.POP.TOTL_interpolated,NSA,\N
BEL,gdp_nominal_per_capita_lcu_quarterly_nsa_estimate,2012-Q3,quarterly,8383.225114078969,\N,estimated,IMF_QNEA,derived_per_capita|QNEA|B1GQ|V|NSA|XDC|Q|population=SP.POP.TOTL_interpolated,NSA,\N
BEL,gdp_nominal_per_capita_lcu_quarterly_nsa_estimate,2012-Q4,quarterly,9310.8861401756,\N,estimated,IMF_QNEA,derived_per_capita|QNEA|B1GQ|V|NSA|XDC|Q|population=SP.POP.TOTL_interpolated,NSA,\N
BEL,gdp_nominal_per_capita_lcu_quarterly_nsa_estimate,2013-Q1,quarterly,8449.12843536329,\N,estimated,IMF_QNEA,derived_per_capita|QNEA|B1GQ|V|NSA|XDC|Q|population=SP.POP.TOTL_interpolated,NSA,\N
BEL,gdp_nominal_per_capita_lcu_quarterly_nsa_estimate,2013-Q2,quarterly,8930.499487569212,\N,estimated,IMF_QNEA,derived_per_capita|QNEA|B1GQ|V|NSA|XDC|Q|population=SP.POP.TOTL_interpolated,NSA,\N
BEL,gdp_nominal_per_capita_lcu_quarterly_nsa_estimate,2013-Q3,quarterly,8497.598642868988,\N,estimated,IMF_QNEA,derived_per_capita|QNEA|B1GQ|V|NSA|XDC|Q|population=SP.POP.TOTL_interpolated,NSA,\N
BEL,gdp_nominal_per_capita_lcu_quarterly_nsa_estimate,2013-Q4,quarterly,9484.13453064375,\N,estimated,IMF_QNEA,derived_per_capita|QNEA|B1GQ|V|NSA|XDC|Q|population=SP.POP.TOTL_interpolated,NSA,\N
BEL,gdp_nominal_per_capita_lcu_quarterly_nsa_estimate,2014-Q1,quarterly,8662.556178262277,\N,estimated,IMF_QNEA,derived_per_capita|QNEA|B1GQ|V|NSA|XDC|Q|population=SP.POP.TOTL_interpolated,NSA,\N
BEL,gdp_nominal_per_capita_lcu_quarterly_nsa_estimate,2014-Q2,quarterly,9087.204879525865,\N,estimated,IMF_QNEA,derived_per_capita|QNEA|B1GQ|V|NSA|XDC|Q|population=SP.POP.TOTL_interpolated,NSA,\N
BEL,gdp_nominal_per_capita_lcu_quarterly_nsa_estimate,2014-Q3,quarterly,8713.752580509874,\N,estimated,IMF_QNEA,derived_per_capita|QNEA|B1GQ|V|NSA|XDC|Q|population=SP.POP.TOTL_interpolated,NSA,\N
BEL,gdp_nominal_per_capita_lcu_quarterly_nsa_estimate,2014-Q4,quarterly,9656.309546794326,\N,estimated,IMF_QNEA,derived_per_capita|QNEA|B1GQ|V|NSA|XDC|Q|population=SP.POP.TOTL_interpolated,NSA,\N
BGR,gdp_nominal_per_capita_lcu_quarterly_nsa_estimate,2010-Q1,quarterly,1029.6065554024726,\N,estimated,IMF_QNEA,derived_per_capita|QNEA|B1GQ|V|NSA|XDC|Q|population=SP.POP.TOTL_interpolated,NSA,\N
BGR,gdp_nominal_per_capita_lcu_quarterly_nsa_estimate,2010-Q2,quarterly,1249.6033852742974,\N,estimated,IMF_QNEA,derived_per_capita|QNEA|B1GQ|V|NSA|XDC|Q|population=SP.POP.TOTL_interpolated,NSA,\N
BGR,gdp_nominal_per_capita_lcu_quarterly_nsa_estimate,2010-Q3,quarterly,1407.1713189732702,\N,estimated,IMF_QNEA,derived_per_capita|QNEA|B1GQ|V|NSA|XDC|Q|population=SP.POP.TOTL_interpolated,NSA,\N
BGR,gdp_nominal_per_capita_lcu_quarterly_nsa_estimate,2010-Q4,quarterly,1492.0632182933361,\N,estimated,IMF_QNEA,derived_per_capita|QNEA|B1GQ|V|NSA|XDC|Q|population=SP.POP.TOTL_interpolated,NSA,\N
BGR,gdp_nominal_per_capita_lcu_quarterly_nsa_estimate,2011-Q1,quarterly,1203.0368292306819,\N,estimated,IMF_QNEA,derived_per_capita|QNEA|B1GQ|V|NSA|XDC|Q|population=SP.POP.TOTL_interpolated,NSA,\N
BGR,gdp_nominal_per_capita_lcu_quarterly_nsa_estimate,2011-Q2,quarterly,1414.8188556953437,\N,estimated,IMF_QNEA,derived_per_capita|QNEA|B1GQ|V|NSA|XDC|Q|population=SP.POP.TOTL_interpolated,NSA,\N
BGR,gdp_nominal_per_capita_lcu_quarterly_nsa_estimate,2011-Q3,quarterly,1547.8275091879734,\N,estimated,IMF_QNEA,derived_per_capita|QNEA|B1GQ|V|NSA|XDC|Q|population=SP.POP.TOTL_interpolated,NSA,\N
BGR,gdp_nominal_per_capita_lcu_quarterly_nsa_estimate,2011-Q4,quarterly,1479.3147903698277,\N,estimated,IMF_QNEA,derived_per_capita|QNEA|B1GQ|V|NSA|XDC|Q|population=SP.POP.TOTL_interpolated,NSA,\N
BGR,gdp_nominal_per_capita_lcu_quarterly_nsa_estimate,2012-Q1,quarterly,1188.6327725561587,\N,estimated,IMF_QNEA,derived_per_capita|QNEA|B1GQ|V|NSA|XDC|Q|population=SP.POP.TOTL_interpolated,NSA,\N
BGR,gdp_nominal_per_capita_lcu_quarterly_nsa_estimate,2012-Q2,quarterly,1436.725716309226,\N,estimated,IMF_QNEA,derived_per_capita|QNEA|B1GQ|V|NSA|XDC|Q|population=SP.POP.TOTL_interpolated,NSA,\N
BGR,gdp_nominal_per_capita_lcu_quarterly_nsa_estimate,2012-Q3,quarterly,1582.1390773273856,\N,estimated,IMF_QNEA,derived_per_capita|QNEA|B1GQ|V|NSA|XDC|Q|population=SP.POP.TOTL_interpolated,NSA,\N
BGR,gdp_nominal_per_capita_lcu_quarterly_nsa_estimate,2012-Q4,quarterly,1588.3494854416406,\N,estimated,IMF_QNEA,derived_per_capita|QNEA|B1GQ|V|NSA|XDC|Q|population=SP.POP.TOTL_interpolated,NSA,\N
BGR,gdp_nominal_per_capita_lcu_quarterly_nsa_estimate,2013-Q1,quarterly,1230.9734715816498,\N,estimated,IMF_QNEA,derived_per_capita|QNEA|B1GQ|V|NSA|XDC|Q|population=SP.POP.TOTL_interpolated,NSA,\N
BGR,gdp_nominal_per_capita_lcu_quarterly_nsa_estimate,2013-Q2,quarterly,1429.0977264745052,\N,estimated,IMF_QNEA,derived_per_capita|QNEA|B1GQ|V|NSA|XDC|Q|population=SP.POP.TOTL_interpolated,NSA,\N
BGR,gdp_nominal_per_capita_lcu_quarterly_nsa_estimate,2013-Q3,quarterly,1574.3668693600669,\N,estimated,IMF_QNEA,derived_per_capita|QNEA|B1GQ|V|NSA|XDC|Q|population=SP.POP.TOTL_interpolated,NSA,\N
BGR,gdp_nominal_per_capita_lcu_quarterly_nsa_estimate,2013-Q4,quarterly,1635.9684978488792,\N,estimated,IMF_QNEA,derived_per_capita|QNEA|B1GQ|V|NSA|XDC|Q|population=SP.POP.TOTL_interpolated,NSA,\N
BGR,gdp_nominal_per_capita_lcu_quarterly_nsa_estimate,2014-Q1,quarterly,1217.8331028204661,\N,estimated,IMF_QNEA,derived_per_capita|QNEA|B1GQ|V|NSA|XDC|Q|population=SP.POP.TOTL_interpolated,NSA,\N
BGR,gdp_nominal_per_capita_lcu_quarterly_nsa_estimate,2014-Q2,quarterly,1461.8718454901348,\N,estimated,IMF_QNEA,derived_per_capita|QNEA|B1GQ|V|NSA|XDC|Q|population=SP.POP.TOTL_interpolated,NSA,\N
BGR,gdp_nominal_per_capita_lcu_quarterly_nsa_estimate,2014-Q3,quarterly,1691.4475063013692,\N,estimated,IMF_QNEA,derived_per_capita|QNEA|B1GQ|V|NSA|XDC|Q|population=SP.POP.TOTL_interpolated,NSA,\N
BGR,gdp_nominal_per_capita_lcu_quarterly_nsa_estimate,2014-Q4,quarterly,1714.1872675747843,\N,estimated,IMF_QNEA,derived_per_capita|QNEA|B1GQ|V|NSA|XDC|Q|population=SP.POP.TOTL_interpolated,NSA,\N
BIH,gdp_nominal_per_capita_lcu_quarterly_nsa_estimate,2010-Q1,quarterly,1498.887708408925,\N,estimated,IMF_QNEA,derived_per_capita|QNEA|B1GQ|V|NSA|XDC|Q|population=SP.POP.TOTL_interpolated,NSA,\N
BIH,gdp_nominal_per_capita_lcu_quarterly_nsa_estimate,2010-Q2,quarterly,1658.8655685593678,\N,estimated,IMF_QNEA,derived_per_capita|QNEA|B1GQ|V|NSA|XDC|Q|population=SP.POP.TOTL_interpolated,NSA,\N
BIH,gdp_nominal_per_capita_lcu_quarterly_nsa_estimate,2010-Q3,quarterly,1775.605646710408,\N,estimated,IMF_QNEA,derived_per_capita|QNEA|B1GQ|V|NSA|XDC|Q|population=SP.POP.TOTL_interpolated,NSA,\N
BIH,gdp_nominal_per_capita_lcu_quarterly_nsa_estimate,2010-Q4,quarterly,1723.6182149087233,\N,estimated,IMF_QNEA,derived_per_capita|QNEA|B1GQ|V|NSA|XDC|Q|population=SP.POP.TOTL_interpolated,NSA,\N
BIH,gdp_nominal_per_capita_lcu_quarterly_nsa_estimate,2011-Q1,quarterly,1606.1145692693121,\N,estimated,IMF_QNEA,derived_per_capita|QNEA|B1GQ|V|NSA|XDC|Q|population=SP.POP.TOTL_interpolated,NSA,\N
BIH,gdp_nominal_per_capita_lcu_quarterly_nsa_estimate,2011-Q2,quarterly,1732.278229031553,\N,estimated,IMF_QNEA,derived_per_capita|QNEA|B1GQ|V|NSA|XDC|Q|population=SP.POP.TOTL_interpolated,NSA,\N
BIH,gdp_nominal_per_capita_lcu_quarterly_nsa_estimate,2011-Q3,quarterly,1895.0152890065294,\N,estimated,IMF_QNEA,derived_per_capita|QNEA|B1GQ|V|NSA|XDC|Q|population=SP.POP.TOTL_interpolated,NSA,\N
BIH,gdp_nominal_per_capita_lcu_quarterly_nsa_estimate,2011-Q4,quarterly,1779.0000254716383,\N,estimated,IMF_QNEA,derived_per_capita|QNEA|B1GQ|V|NSA|XDC|Q|population=SP.POP.TOTL_interpolated,NSA,\N
BIH,gdp_nominal_per_capita_lcu_quarterly_nsa_estimate,2012-Q1,quarterly,1571.9992911810568,\N,estimated,IMF_QNEA,derived_per_capita|QNEA|B1GQ|V|NSA|XDC|Q|population=SP.POP.TOTL_interpolated,NSA,\N
BIH,gdp_nominal_per_capita_lcu_quarterly_nsa_estimate,2012-Q2,quarterly,1751.9074816014318,\N,estimated,IMF_QNEA,derived_per_capita|QNEA|B1GQ|V|NSA|XDC|Q|population=SP.POP.TOTL_interpolated,NSA,\N
BIH,gdp_nominal_per_capita_lcu_quarterly_nsa_estimate,2012-Q3,quarterly,1971.6236940923122,\N,estimated,IMF_QNEA,derived_per_capita|QNEA|B1GQ|V|NSA|XDC|Q|population=SP.POP.TOTL_interpolated,NSA,\N
BIH,gdp_nominal_per_capita_lcu_quarterly_nsa_estimate,2012-Q4,quarterly,1848.782794121346,\N,estimated,IMF_QNEA,derived_per_capita|QNEA|B1GQ|V|NSA|XDC|Q|population=SP.POP.TOTL_interpolated,NSA,\N
BIH,gdp_nominal_per_capita_lcu_quarterly_nsa_estimate,2013-Q1,quarterly,1681.9107048105268,\N,estimated,IMF_QNEA,derived_per_capita|QNEA|B1GQ|V|NSA|XDC|Q|population=SP.POP.TOTL_interpolated,NSA,\N
BIH,gdp_nominal_per_capita_lcu_quarterly_nsa_estimate,2013-Q2,quarterly,1829.8490742422664,\N,estimated,IMF_QNEA,derived_per_capita|QNEA|B1GQ|V|NSA|XDC|Q|population=SP.POP.TOTL_interpolated,NSA,\N
BIH,gdp_nominal_per_capita_lcu_quarterly_nsa_estimate,2013-Q3,quarterly,2017.945889651904,\N,estimated,IMF_QNEA,derived_per_capita|QNEA|B1GQ|V|NSA|XDC|Q|population=SP.POP.TOTL_interpolated,NSA,\N
BIH,gdp_nominal_per_capita_lcu_quarterly_nsa_estimate,2013-Q4,quarterly,1884.58838360526,\N,estimated,IMF_QNEA,derived_per_capita|QNEA|B1GQ|V|NSA|XDC|Q|population=SP.POP.TOTL_interpolated,NSA,\N
BIH,gdp_nominal_per_capita_lcu_quarterly_nsa_estimate,2014-Q1,quarterly,1771.1994464684412,\N,estimated,IMF_QNEA,derived_per_capita|QNEA|B1GQ|V|NSA|XDC|Q|population=SP.POP.TOTL_interpolated,NSA,\N
BIH,gdp_nominal_per_capita_lcu_quarterly_nsa_estimate,2014-Q2,quarterly,1858.8998809788122,\N,estimated,IMF_QNEA,derived_per_capita|QNEA|B1GQ|V|NSA|XDC|Q|population=SP.POP.TOTL_interpolated,NSA,\N
BIH,gdp_nominal_per_capita_lcu_quarterly_nsa_estimate,2014-Q3,quarterly,2049.1789618726157,\N,estimated,IMF_QNEA,derived_per_capita|QNEA|B1GQ|V|NSA|XDC|Q|population=SP.POP.TOTL_interpolated,NSA,\N
BIH,gdp_nominal_per_capita_lcu_quarterly_nsa_estimate,2014-Q4,quarterly,1996.8147266038256,\N,estimated,IMF_QNEA,derived_per_capita|QNEA|B1GQ|V|NSA|XDC|Q|population=SP.POP.TOTL_interpolated,NSA,\N
BLR,gdp_nominal_per_capita_lcu_quarterly_nsa_estimate,2010-Q1,quarterly,346.71018682816776,\N,estimated,IMF_QNEA,derived_per_capita|QNEA|B1GQ|V|NSA|XDC|Q|population=SP.POP.TOTL_interpolated,NSA,\N
BLR,gdp_nominal_per_capita_lcu_quarterly_nsa_estimate,2010-Q2,quarterly,413.5254525098913,\N,estimated,IMF_QNEA,derived_per_capita|QNEA|B1GQ|V|NSA|XDC|Q|population=SP.POP.TOTL_interpolated,NSA,\N
BLR,gdp_nominal_per_capita_lcu_quarterly_nsa_estimate,2010-Q3,quarterly,527.4272086743448,\N,estimated,IMF_QNEA,derived_per_capita|QNEA|B1GQ|V|NSA|XDC|Q|population=SP.POP.TOTL_interpolated,NSA,\N
BLR,gdp_nominal_per_capita_lcu_quarterly_nsa_estimate,2010-Q4,quarterly,509.9765765995614,\N,estimated,IMF_QNEA,derived_per_capita|QNEA|B1GQ|V|NSA|XDC|Q|population=SP.POP.TOTL_interpolated,NSA,\N
BLR,gdp_nominal_per_capita_lcu_quarterly_nsa_estimate,2011-Q1,quarterly,492.1380190368436,\N,estimated,IMF_QNEA,derived_per_capita|QNEA|B1GQ|V|NSA|XDC|Q|population=SP.POP.TOTL_interpolated,NSA,\N
BLR,gdp_nominal_per_capita_lcu_quarterly_nsa_estimate,2011-Q2,quarterly,682.7636519665758,\N,estimated,IMF_QNEA,derived_per_capita|QNEA|B1GQ|V|NSA|XDC|Q|population=SP.POP.TOTL_interpolated,NSA,\N
BLR,gdp_nominal_per_capita_lcu_quarterly_nsa_estimate,2011-Q3,quarterly,910.3498138443503,\N,estimated,IMF_QNEA,derived_per_capita|QNEA|B1GQ|V|NSA|XDC|Q|population=SP.POP.TOTL_interpolated,NSA,\N
BLR,gdp_nominal_per_capita_lcu_quarterly_nsa_estimate,2011-Q4,quarterly,1162.2446025956049,\N,estimated,IMF_QNEA,derived_per_capita|QNEA|B1GQ|V|NSA|XDC|Q|population=SP.POP.TOTL_interpolated,NSA,\N
BLR,gdp_nominal_per_capita_lcu_quarterly_nsa_estimate,2012-Q1,quarterly,1123.7286596434242,\N,estimated,IMF_QNEA,derived_per_capita|QNEA|B1GQ|V|NSA|XDC|Q|population=SP.POP.TOTL_interpolated,NSA,\N
BLR,gdp_nominal_per_capita_lcu_quarterly_nsa_estimate,2012-Q2,quarterly,1455.2784087259745,\N,estimated,IMF_QNEA,derived_per_capita|QNEA|B1GQ|V|NSA|XDC|Q|population=SP.POP.TOTL_interpolated,NSA,\N
BLR,gdp_nominal_per_capita_lcu_quarterly_nsa_estimate,2012-Q3,quarterly,1566.426027380348,\N,estimated,IMF_QNEA,derived_per_capita|QNEA|B1GQ|V|NSA|XDC|Q|population=SP.POP.TOTL_interpolated,NSA,\N
BLR,gdp_nominal_per_capita_lcu_quarterly_nsa_estimate,2012-Q4,quarterly,1650.7605300436599,\N,estimated,IMF_QNEA,derived_per_capita|QNEA|B1GQ|V|NSA|XDC|Q|population=SP.POP.TOTL_interpolated,NSA,\N
BLR,gdp_nominal_per_capita_lcu_quarterly_nsa_estimate,2013-Q1,quarterly,1450.7128917444272,\N,estimated,IMF_QNEA,derived_per_capita|QNEA|B1GQ|V|NSA|XDC|Q|population=SP.POP.TOTL_interpolated,NSA,\N
BLR,gdp_nominal_per_capita_lcu_quarterly_nsa_estimate,2013-Q2,quarterly,1733.6522967455708,\N,estimated,IMF_QNEA,derived_per_capita|QNEA|B1GQ|V|NSA|XDC|Q|population=SP.POP.TOTL_interpolated,NSA,\N
BLR,gdp_nominal_per_capita_lcu_quarterly_nsa_estimate,2013-Q3,quarterly,1966.7437324979135,\N,estimated,IMF_QNEA,derived_per_capita|QNEA|B1GQ|V|NSA|XDC|Q|population=SP.POP.TOTL_interpolated,NSA,\N
BLR,gdp_nominal_per_capita_lcu_quarterly_nsa_estimate,2013-Q4,quarterly,1950.385380934231,\N,estimated,IMF_QNEA,derived_per_capita|QNEA|B1GQ|V|NSA|XDC|Q|population=SP.POP.TOTL_interpolated,NSA,\N
BLR,gdp_nominal_per_capita_lcu_quarterly_nsa_estimate,2014-Q1,quarterly,1764.6921206801314,\N,estimated,IMF_QNEA,derived_per_capita|QNEA|B1GQ|V|NSA|XDC|Q|population=SP.POP.TOTL_interpolated,NSA,\N
BLR,gdp_nominal_per_capita_lcu_quarterly_nsa_estimate,2014-Q2,quarterly,2024.34161754439,\N,estimated,IMF_QNEA,derived_per_capita|QNEA|B1GQ|V|NSA|XDC|Q|population=SP.POP.TOTL_interpolated,NSA,\N
BLR,gdp_nominal_per_capita_lcu_quarterly_nsa_estimate,2014-Q3,quarterly,2395.275778005227,\N,estimated,IMF_QNEA,derived_per_capita|QNEA|B1GQ|V|NSA|XDC|Q|population=SP.POP.TOTL_interpolated,NSA,\N
BLR,gdp_nominal_per_capita_lcu_quarterly_nsa_estimate,2014-Q4,quarterly,2342.885007118536,\N,estimated,IMF_QNEA,derived_per_capita|QNEA|B1GQ|V|NSA|XDC|Q|population=SP.POP.TOTL_interpolated,NSA,\N
BRA,gdp_nominal_per_capita_lcu_quarterly_nsa_estimate,2010-Q1,quarterly,4590.504291589677,\N,estimated,IMF_QNEA,derived_per_capita|QNEA|B1GQ|V|NSA|XDC|Q|population=SP.POP.TOTL_interpolated,NSA,\N
BRA,gdp_nominal_per_capita_lcu_quarterly_nsa_estimate,2010-Q2,quarterly,4879.322958687395,\N,estimated,IMF_QNEA,derived_per_capita|QNEA|B1GQ|V|NSA|XDC|Q|population=SP.POP.TOTL_interpolated,NSA,\N
BRA,gdp_nominal_per_capita_lcu_quarterly_nsa_estimate,2010-Q3,quarterly,5146.652058759399,\N,estimated,IMF_QNEA,derived_per_capita|QNEA|B1GQ|V|NSA|XDC|Q|population=SP.POP.TOTL_interpolated,NSA,\N
BRA,gdp_nominal_per_capita_lcu_quarterly_nsa_estimate,2010-Q4,quarterly,5442.070990216488,\N,estimated,IMF_QNEA,derived_per_capita|QNEA|B1GQ|V|NSA|XDC|Q|population=SP.POP.TOTL_interpolated,NSA,\N
BRA,gdp_nominal_per_capita_lcu_quarterly_nsa_estimate,2011-Q1,quarterly,5221.246226484691,\N,estimated,IMF_QNEA,derived_per_capita|QNEA|B1GQ|V|NSA|XDC|Q|population=SP.POP.TOTL_interpolated,NSA,\N
BRA,gdp_nominal_per_capita_lcu_quarterly_nsa_estimate,2011-Q2,quarterly,5570.4011525526275,\N,estimated,IMF_QNEA,derived_per_capita|QNEA|B1GQ|V|NSA|XDC|Q|population=SP.POP.TOTL_interpolated,NSA,\N
BRA,gdp_nominal_per_capita_lcu_quarterly_nsa_estimate,2011-Q3,quarterly,5690.164702509603,\N,estimated,IMF_QNEA,derived_per_capita|QNEA|B1GQ|V|NSA|XDC|Q|population=SP.POP.TOTL_interpolated,NSA,\N
BRA,gdp_nominal_per_capita_lcu_quarterly_nsa_estimate,2011-Q4,quarterly,5926.056813827384,\N,estimated,IMF_QNEA,derived_per_capita|QNEA|B1GQ|V|NSA|XDC|Q|population=SP.POP.TOTL_interpolated,NSA,\N
BRA,gdp_nominal_per_capita_lcu_quarterly_nsa_estimate,2012-Q1,quarterly,5754.421598247682,\N,estimated,IMF_QNEA,derived_per_capita|QNEA|B1GQ|V|NSA|XDC|Q|population=SP.POP.TOTL_interpolated,NSA,\N
BRA,gdp_nominal_per_capita_lcu_quarterly_nsa_estimate,2012-Q2,quarterly,6015.571031737424,\N,estimated,IMF_QNEA,derived_per_capita|QNEA|B1GQ|V|NSA|XDC|Q|population=SP.POP.TOTL_interpolated,NSA,\N
BRA,gdp_nominal_per_capita_lcu_quarterly_nsa_estimate,2012-Q3,quarterly,6243.512144399016,\N,estimated,IMF_QNEA,derived_per_capita|QNEA|B1GQ|V|NSA|XDC|Q|population=SP.POP.TOTL_interpolated,NSA,\N
BRA,gdp_nominal_per_capita_lcu_quarterly_nsa_estimate,2012-Q4,quarterly,6439.797247912979,\N,estimated,IMF_QNEA,derived_per_capita|QNEA|B1GQ|V|NSA|XDC|Q|population=SP.POP.TOTL_interpolated,NSA,\N
BRA,gdp_nominal_per_capita_lcu_quarterly_nsa_estimate,2013-Q1,quarterly,6274.658487726788,\N,estimated,IMF_QNEA,derived_per_capita|QNEA|B1GQ|V|NSA|XDC|Q|population=SP.POP.TOTL_interpolated,NSA,\N
BRA,gdp_nominal_per_capita_lcu_quarterly_nsa_estimate,2013-Q2,quarterly,6670.330696832564,\N,estimated,IMF_QNEA,derived_per_capita|QNEA|B1GQ|V|NSA|XDC|Q|population=SP.POP.TOTL_interpolated,NSA,\N
BRA,gdp_nominal_per_capita_lcu_quarterly_nsa_estimate,2013-Q3,quarterly,6815.682888520475,\N,estimated,IMF_QNEA,derived_per_capita|QNEA|B1GQ|V|NSA|XDC|Q|population=SP.POP.TOTL_interpolated,NSA,\N
BRA,gdp_nominal_per_capita_lcu_quarterly_nsa_estimate,2013-Q4,quarterly,7099.081767828112,\N,estimated,IMF_QNEA,derived_per_capita|QNEA|B1GQ|V|NSA|XDC|Q|population=SP.POP.TOTL_interpolated,NSA,\N
BRA,gdp_nominal_per_capita_lcu_quarterly_nsa_estimate,2014-Q1,quarterly,6947.880831481081,\N,estimated,IMF_QNEA,derived_per_capita|QNEA|B1GQ|V|NSA|XDC|Q|population=SP.POP.TOTL_interpolated,NSA,\N
BRA,gdp_nominal_per_capita_lcu_quarterly_nsa_estimate,2014-Q2,quarterly,7115.726390550681,\N,estimated,IMF_QNEA,derived_per_capita|QNEA|B1GQ|V|NSA|XDC|Q|population=SP.POP.TOTL_interpolated,NSA,\N
BRA,gdp_nominal_per_capita_lcu_quarterly_nsa_estimate,2014-Q3,quarterly,7300.2637672334795,\N,estimated,IMF_QNEA,derived_per_capita|QNEA|B1GQ|V|NSA|XDC|Q|population=SP.POP.TOTL_interpolated,NSA,\N
BRA,gdp_nominal_per_capita_lcu_quarterly_nsa_estimate,2014-Q4,quarterly,7517.00820925889,\N,estimated,IMF_QNEA,derived_per_capita|QNEA|B1GQ|V|NSA|XDC|Q|population=SP.POP.TOTL_interpolated,NSA,\N
BRN,gdp_nominal_per_capita_lcu_quarterly_nsa_estimate,2014-Q3,quarterly,12496.799547016108,\N,estimated,IMF_QNEA,derived_per_capita|QNEA|B1GQ|V|NSA|XDC|Q|population=SP.POP.TOTL_interpolated,NSA,\N
BRN,gdp_nominal_per_capita_lcu_quarterly_nsa_estimate,2014-Q4,quarterly,12459.270645119235,\N,estimated,IMF_QNEA,derived_per_capita|QNEA|B1GQ|V|NSA|XDC|Q|population=SP.POP.TOTL_interpolated,NSA,\N
BWA,gdp_nominal_per_capita_lcu_quarterly_nsa_estimate,2010-Q1,quarterly,9745.35820489201,\N,estimated,IMF_QNEA,derived_per_capita|QNEA|B1GQ|V|NSA|XDC|Q|population=SP.POP.TOTL_interpolated,NSA,\N
BWA,gdp_nominal_per_capita_lcu_quarterly_nsa_estimate,2010-Q2,quarterly,10195.767658458542,\N,estimated,IMF_QNEA,derived_per_capita|QNEA|B1GQ|V|NSA|XDC|Q|population=SP.POP.TOTL_interpolated,NSA,\N
BWA,gdp_nominal_per_capita_lcu_quarterly_nsa_estimate,2010-Q3,quarterly,11099.267069076042,\N,estimated,IMF_QNEA,derived_per_capita|QNEA|B1GQ|V|NSA|XDC|Q|population=SP.POP.TOTL_interpolated,NSA,\N
BWA,gdp_nominal_per_capita_lcu_quarterly_nsa_estimate,2010-Q4,quarterly,11178.90896730104,\N,estimated,IMF_QNEA,derived_per_capita|QNEA|B1GQ|V|NSA|XDC|Q|population=SP.POP.TOTL_interpolated,NSA,\N
BWA,gdp_nominal_per_capita_lcu_quarterly_nsa_estimate,2011-Q1,quarterly,11899.06542842882,\N,estimated,IMF_QNEA,derived_per_capita|QNEA|B1GQ|V|NSA|XDC|Q|population=SP.POP.TOTL_interpolated,NSA,\N
BWA,gdp_nominal_per_capita_lcu_quarterly_nsa_estimate,2011-Q2,quarterly,12164.808548368224,\N,estimated,IMF_QNEA,derived_per_capita|QNEA|B1GQ|V|NSA|XDC|Q|population=SP.POP.TOTL_interpolated,NSA,\N
BWA,gdp_nominal_per_capita_lcu_quarterly_nsa_estimate,2011-Q3,quarterly,12773.787494091941,\N,estimated,IMF_QNEA,derived_per_capita|QNEA|B1GQ|V|NSA|XDC|Q|population=SP.POP.TOTL_interpolated,NSA,\N
BWA,gdp_nominal_per_capita_lcu_quarterly_nsa_estimate,2011-Q4,quarterly,13002.286933768311,\N,estimated,IMF_QNEA,derived_per_capita|QNEA|B1GQ|V|NSA|XDC|Q|population=SP.POP.TOTL_interpolated,NSA,\N
BWA,gdp_nominal_per_capita_lcu_quarterly_nsa_estimate,2012-Q1,quarterly,12432.619017589706,\N,estimated,IMF_QNEA,derived_per_capita|QNEA|B1GQ|V|NSA|XDC|Q|population=SP.POP.TOTL_interpolated,NSA,\N
BWA,gdp_nominal_per_capita_lcu_quarterly_nsa_estimate,2012-Q2,quarterly,12880.400606466423,\N,estimated,IMF_QNEA,derived_per_capita|QNEA|B1GQ|V|NSA|XDC|Q|population=SP.POP.TOTL_interpolated,NSA,\N
BWA,gdp_nominal_per_capita_lcu_quarterly_nsa_estimate,2012-Q3,quarterly,12517.384447541728,\N,estimated,IMF_QNEA,derived_per_capita|QNEA|B1GQ|V|NSA|XDC|Q|population=SP.POP.TOTL_interpolated,NSA,\N
BWA,gdp_nominal_per_capita_lcu_quarterly_nsa_estimate,2012-Q4,quarterly,12571.842808250924,\N,estimated,IMF_QNEA,derived_per_capita|QNEA|B1GQ|V|NSA|XDC|Q|population=SP.POP.TOTL_interpolated,NSA,\N
BWA,gdp_nominal_per_capita_lcu_quarterly_nsa_estimate,2013-Q1,quarterly,13102.300430548994,\N,estimated,IMF_QNEA,derived_per_capita|QNEA|B1GQ|V|NSA|XDC|Q|population=SP.POP.TOTL_interpolated,NSA,\N
BWA,gdp_nominal_per_capita_lcu_quarterly_nsa_estimate,2013-Q2,quarterly,14790.676847173787,\N,estimated,IMF_QNEA,derived_per_capita|QNEA|B1GQ|V|NSA|XDC|Q|population=SP.POP.TOTL_interpolated,NSA,\N
BWA,gdp_nominal_per_capita_lcu_quarterly_nsa_estimate,2013-Q3,quarterly,13794.371998258837,\N,estimated,IMF_QNEA,derived_per_capita|QNEA|B1GQ|V|NSA|XDC|Q|population=SP.POP.TOTL_interpolated,NSA,\N
BWA,gdp_nominal_per_capita_lcu_quarterly_nsa_estimate,2013-Q4,quarterly,14304.871290361056,\N,estimated,IMF_QNEA,derived_per_capita|QNEA|B1GQ|V|NSA|XDC|Q|population=SP.POP.TOTL_interpolated,NSA,\N
BWA,gdp_nominal_per_capita_lcu_quarterly_nsa_estimate,2014-Q1,quarterly,15459.731236632973,\N,estimated,IMF_QNEA,derived_per_capita|QNEA|B1GQ|V|NSA|XDC|Q|population=SP.POP.TOTL_interpolated,NSA,\N
BWA,gdp_nominal_per_capita_lcu_quarterly_nsa_estimate,2014-Q2,quarterly,16802.362669566257,\N,estimated,IMF_QNEA,derived_per_capita|QNEA|B1GQ|V|NSA|XDC|Q|population=SP.POP.TOTL_interpolated,NSA,\N
BWA,gdp_nominal_per_capita_lcu_quarterly_nsa_estimate,2014-Q3,quarterly,16175.52791970349,\N,estimated,IMF_QNEA,derived_per_capita|QNEA|B1GQ|V|NSA|XDC|Q|population=SP.POP.TOTL_interpolated,NSA,\N
BWA,gdp_nominal_per_capita_lcu_quarterly_nsa_estimate,2014-Q4,quarterly,16253.51802362891,\N,estimated,IMF_QNEA,derived_per_capita|QNEA|B1GQ|V|NSA|XDC|Q|population=SP.POP.TOTL_interpolated,NSA,\N
CAN,gdp_nominal_per_capita_lcu_quarterly_nsa_estimate,2010-Q1,quarterly,11566.408066194754,\N,estimated,IMF_QNEA,derived_per_capita|QNEA|B1GQ|V|NSA|XDC|Q|population=SP.POP.TOTL_interpolated,NSA,\N
CAN,gdp_nominal_per_capita_lcu_quarterly_nsa_estimate,2010-Q2,quarterly,12002.559724886445,\N,estimated,IMF_QNEA,derived_per_capita|QNEA|B1GQ|V|NSA|XDC|Q|population=SP.POP.TOTL_interpolated,NSA,\N
CAN,gdp_nominal_per_capita_lcu_quarterly_nsa_estimate,2010-Q3,quarterly,12651.388617031684,\N,estimated,IMF_QNEA,derived_per_capita|QNEA|B1GQ|V|NSA|XDC|Q|population=SP.POP.TOTL_interpolated,NSA,\N
CAN,gdp_nominal_per_capita_lcu_quarterly_nsa_estimate,2010-Q4,quarterly,12774.613125183318,\N,estimated,IMF_QNEA,derived_per_capita|QNEA|B1GQ|V|NSA|XDC|Q|population=SP.POP.TOTL_interpolated,NSA,\N
CAN,gdp_nominal_per_capita_lcu_quarterly_nsa_estimate,2011-Q1,quarterly,12194.254969472477,\N,estimated,IMF_QNEA,derived_per_capita|QNEA|B1GQ|V|NSA|XDC|Q|population=SP.POP.TOTL_interpolated,NSA,\N
CAN,gdp_nominal_per_capita_lcu_quarterly_nsa_estimate,2011-Q2,quarterly,12614.426474679323,\N,estimated,IMF_QNEA,derived_per_capita|QNEA|B1GQ|V|NSA|XDC|Q|population=SP.POP.TOTL_interpolated,NSA,\N
CAN,gdp_nominal_per_capita_lcu_quarterly_nsa_estimate,2011-Q3,quarterly,13409.035573067757,\N,estimated,IMF_QNEA,derived_per_capita|QNEA|B1GQ|V|NSA|XDC|Q|population=SP.POP.TOTL_interpolated,NSA,\N
CAN,gdp_nominal_per_capita_lcu_quarterly_nsa_estimate,2011-Q4,quarterly,13431.70617615253,\N,estimated,IMF_QNEA,derived_per_capita|QNEA|B1GQ|V|NSA|XDC|Q|population=SP.POP.TOTL_interpolated,NSA,\N
CAN,gdp_nominal_per_capita_lcu_quarterly_nsa_estimate,2012-Q1,quarterly,12518.612837781684,\N,estimated,IMF_QNEA,derived_per_capita|QNEA|B1GQ|V|NSA|XDC|Q|population=SP.POP.TOTL_interpolated,NSA,\N
CAN,gdp_nominal_per_capita_lcu_quarterly_nsa_estimate,2012-Q2,quarterly,12892.919993296435,\N,estimated,IMF_QNEA,derived_per_capita|QNEA|B1GQ|V|NSA|XDC|Q|population=SP.POP.TOTL_interpolated,NSA,\N
CAN,gdp_nominal_per_capita_lcu_quarterly_nsa_estimate,2012-Q3,quarterly,13624.882894350601,\N,estimated,IMF_QNEA,derived_per_capita|QNEA|B1GQ|V|NSA|XDC|Q|population=SP.POP.TOTL_interpolated,NSA,\N
CAN,gdp_nominal_per_capita_lcu_quarterly_nsa_estimate,2012-Q4,quarterly,13596.300944079288,\N,estimated,IMF_QNEA,derived_per_capita|QNEA|B1GQ|V|NSA|XDC|Q|population=SP.POP.TOTL_interpolated,NSA,\N
CAN,gdp_nominal_per_capita_lcu_quarterly_nsa_estimate,2013-Q1,quarterly,12681.31485524458,\N,estimated,IMF_QNEA,derived_per_capita|QNEA|B1GQ|V|NSA|XDC|Q|population=SP.POP.TOTL_interpolated,NSA,\N
CAN,gdp_nominal_per_capita_lcu_quarterly_nsa_estimate,2013-Q2,quarterly,13141.157218309201,\N,estimated,IMF_QNEA,derived_per_capita|QNEA|B1GQ|V|NSA|XDC|Q|population=SP.POP.TOTL_interpolated,NSA,\N
CAN,gdp_nominal_per_capita_lcu_quarterly_nsa_estimate,2013-Q3,quarterly,14262.240552089119,\N,estimated,IMF_QNEA,derived_per_capita|QNEA|B1GQ|V|NSA|XDC|Q|population=SP.POP.TOTL_interpolated,NSA,\N
CAN,gdp_nominal_per_capita_lcu_quarterly_nsa_estimate,2013-Q4,quarterly,14135.473263338235,\N,estimated,IMF_QNEA,derived_per_capita|QNEA|B1GQ|V|NSA|XDC|Q|population=SP.POP.TOTL_interpolated,NSA,\N
CAN,gdp_nominal_per_capita_lcu_quarterly_nsa_estimate,2014-Q1,quarterly,13238.611356364348,\N,estimated,IMF_QNEA,derived_per_capita|QNEA|B1GQ|V|NSA|XDC|Q|population=SP.POP.TOTL_interpolated,NSA,\N
CAN,gdp_nominal_per_capita_lcu_quarterly_nsa_estimate,2014-Q2,quarterly,13817.06535786128,\N,estimated,IMF_QNEA,derived_per_capita|QNEA|B1GQ|V|NSA|XDC|Q|population=SP.POP.TOTL_interpolated,NSA,\N
CAN,gdp_nominal_per_capita_lcu_quarterly_nsa_estimate,2014-Q3,quarterly,14787.750152461933,\N,estimated,IMF_QNEA,derived_per_capita|QNEA|B1GQ|V|NSA|XDC|Q|population=SP.POP.TOTL_interpolated,NSA,\N
CAN,gdp_nominal_per_capita_lcu_quarterly_nsa_estimate,2014-Q4,quarterly,14466.612774985044,\N,estimated,IMF_QNEA,derived_per_capita|QNEA|B1GQ|V|NSA|XDC|Q|population=SP.POP.TOTL_interpolated,NSA,\N
CHE,gdp_nominal_per_capita_lcu_quarterly_nsa_estimate,2010-Q1,quarterly,19904.191304777894,\N,estimated,IMF_QNEA,derived_per_capita|QNEA|B1GQ|V|NSA|XDC|Q|population=SP.POP.TOTL_interpolated,NSA,\N
CHE,gdp_nominal_per_capita_lcu_quarterly_nsa_estimate,2010-Q2,quarterly,20270.649796697584,\N,estimated,IMF_QNEA,derived_per_capita|QNEA|B1GQ|V|NSA|XDC|Q|population=SP.POP.TOTL_interpolated,NSA,\N
CHE,gdp_nominal_per_capita_lcu_quarterly_nsa_estimate,2010-Q3,quarterly,20244.649058323495,\N,estimated,IMF_QNEA,derived_per_capita|QNEA|B1GQ|V|NSA|XDC|Q|population=SP.POP.TOTL_interpolated,NSA,\N
CHE,gdp_nominal_per_capita_lcu_quarterly_nsa_estimate,2010-Q4,quarterly,20869.192895983993,\N,estimated,IMF_QNEA,derived_per_capita|QNEA|B1GQ|V|NSA|XDC|Q|population=SP.POP.TOTL_interpolated,NSA,\N
CHE,gdp_nominal_per_capita_lcu_quarterly_nsa_estimate,2011-Q1,quarterly,20254.15854102935,\N,estimated,IMF_QNEA,derived_per_capita|QNEA|B1GQ|V|NSA|XDC|Q|population=SP.POP.TOTL_interpolated,NSA,\N
CHE,gdp_nominal_per_capita_lcu_quarterly_nsa_estimate,2011-Q2,quarterly,20486.49206233119,\N,estimated,IMF_QNEA,derived_per_capita|QNEA|B1GQ|V|NSA|XDC|Q|population=SP.POP.TOTL_interpolated,NSA,\N
CHE,gdp_nominal_per_capita_lcu_quarterly_nsa_estimate,2011-Q3,quarterly,20213.39700822201,\N,estimated,IMF_QNEA,derived_per_capita|QNEA|B1GQ|V|NSA|XDC|Q|population=SP.POP.TOTL_interpolated,NSA,\N
CHE,gdp_nominal_per_capita_lcu_quarterly_nsa_estimate,2011-Q4,quarterly,20668.83579615258,\N,estimated,IMF_QNEA,derived_per_capita|QNEA|B1GQ|V|NSA|XDC|Q|population=SP.POP.TOTL_interpolated,NSA,\N
CHE,gdp_nominal_per_capita_lcu_quarterly_nsa_estimate,2012-Q1,quarterly,20219.12258216022,\N,estimated,IMF_QNEA,derived_per_capita|QNEA|B1GQ|V|NSA|XDC|Q|population=SP.POP.TOTL_interpolated,NSA,\N
CHE,gdp_nominal_per_capita_lcu_quarterly_nsa_estimate,2012-Q2,quarterly,20391.41350673438,\N,estimated,IMF_QNEA,derived_per_capita|QNEA|B1GQ|V|NSA|XDC|Q|population=SP.POP.TOTL_interpolated,NSA,\N
CHE,gdp_nominal_per_capita_lcu_quarterly_nsa_estimate,2012-Q3,quarterly,20363.895032312314,\N,estimated,IMF_QNEA,derived_per_capita|QNEA|B1GQ|V|NSA|XDC|Q|population=SP.POP.TOTL_interpolated,NSA,\N
CHE,gdp_nominal_per_capita_lcu_quarterly_nsa_estimate,2012-Q4,quarterly,20844.04701307157,\N,estimated,IMF_QNEA,derived_per_capita|QNEA|B1GQ|V|NSA|XDC|Q|population=SP.POP.TOTL_interpolated,NSA,\N
CHE,gdp_nominal_per_capita_lcu_quarterly_nsa_estimate,2013-Q1,quarterly,20182.46604416916,\N,estimated,IMF_QNEA,derived_per_capita|QNEA|B1GQ|V|NSA|XDC|Q|population=SP.POP.TOTL_interpolated,NSA,\N
CHE,gdp_nominal_per_capita_lcu_quarterly_nsa_estimate,2013-Q2,quarterly,20615.355087965556,\N,estimated,IMF_QNEA,derived_per_capita|QNEA|B1GQ|V|NSA|XDC|Q|population=SP.POP.TOTL_interpolated,NSA,\N
CHE,gdp_nominal_per_capita_lcu_quarterly_nsa_estimate,2013-Q3,quarterly,20547.161930439455,\N,estimated,IMF_QNEA,derived_per_capita|QNEA|B1GQ|V|NSA|XDC|Q|population=SP.POP.TOTL_interpolated,NSA,\N
CHE,gdp_nominal_per_capita_lcu_quarterly_nsa_estimate,2013-Q4,quarterly,20999.33753929253,\N,estimated,IMF_QNEA,derived_per_capita|QNEA|B1GQ|V|NSA|XDC|Q|population=SP.POP.TOTL_interpolated,NSA,\N
CHE,gdp_nominal_per_capita_lcu_quarterly_nsa_estimate,2014-Q1,quarterly,20422.080299447567,\N,estimated,IMF_QNEA,derived_per_capita|QNEA|B1GQ|V|NSA|XDC|Q|population=SP.POP.TOTL_interpolated,NSA,\N
CHE,gdp_nominal_per_capita_lcu_quarterly_nsa_estimate,2014-Q2,quarterly,20738.240127819205,\N,estimated,IMF_QNEA,derived_per_capita|QNEA|B1GQ|V|NSA|XDC|Q|population=SP.POP.TOTL_interpolated,NSA,\N
CHE,gdp_nominal_per_capita_lcu_quarterly_nsa_estimate,2014-Q3,quarterly,20664.394635612287,\N,estimated,IMF_QNEA,derived_per_capita|QNEA|B1GQ|V|NSA|XDC|Q|population=SP.POP.TOTL_interpolated,NSA,\N
CHE,gdp_nominal_per_capita_lcu_quarterly_nsa_estimate,2014-Q4,quarterly,21101.76916257718,\N,estimated,IMF_QNEA,derived_per_capita|QNEA|B1GQ|V|NSA|XDC|Q|population=SP.POP.TOTL_interpolated,NSA,\N
CHL,gdp_nominal_per_capita_lcu_quarterly_nsa_estimate,2010-Q1,quarterly,1500559.1620402953,\N,estimated,IMF_QNEA,derived_per_capita|QNEA|B1GQ|V|NSA|XDC|Q|population=SP.POP.TOTL_interpolated,NSA,\N
CHL,gdp_nominal_per_capita_lcu_quarterly_nsa_estimate,2010-Q2,quarterly,1561871.3636312545,\N,estimated,IMF_QNEA,derived_per_capita|QNEA|B1GQ|V|NSA|XDC|Q|population=SP.POP.TOTL_interpolated,NSA,\N
CHL,gdp_nominal_per_capita_lcu_quarterly_nsa_estimate,2010-Q3,quarterly,1592724.538704782,\N,estimated,IMF_QNEA,derived_per_capita|QNEA|B1GQ|V|NSA|XDC|Q|population=SP.POP.TOTL_interpolated,NSA,\N
CHL,gdp_nominal_per_capita_lcu_quarterly_nsa_estimate,2010-Q4,quarterly,1791308.5768183486,\N,estimated,IMF_QNEA,derived_per_capita|QNEA|B1GQ|V|NSA|XDC|Q|population=SP.POP.TOTL_interpolated,NSA,\N
CHL,gdp_nominal_per_capita_lcu_quarterly_nsa_estimate,2011-Q1,quarterly,1731396.3137527017,\N,estimated,IMF_QNEA,derived_per_capita|QNEA|B1GQ|V|NSA|XDC|Q|population=SP.POP.TOTL_interpolated,NSA,\N
CHL,gdp_nominal_per_capita_lcu_quarterly_nsa_estimate,2011-Q2,quarterly,1729187.1993238288,\N,estimated,IMF_QNEA,derived_per_capita|QNEA|B1GQ|V|NSA|XDC|Q|population=SP.POP.TOTL_interpolated,NSA,\N
CHL,gdp_nominal_per_capita_lcu_quarterly_nsa_estimate,2011-Q3,quarterly,1663788.7408462765,\N,estimated,IMF_QNEA,derived_per_capita|QNEA|B1GQ|V|NSA|XDC|Q|population=SP.POP.TOTL_interpolated,NSA,\N
CHL,gdp_nominal_per_capita_lcu_quarterly_nsa_estimate,2011-Q4,quarterly,1878013.3402349357,\N,estimated,IMF_QNEA,derived_per_capita|QNEA|B1GQ|V|NSA|XDC|Q|population=SP.POP.TOTL_interpolated,NSA,\N
CHL,gdp_nominal_per_capita_lcu_quarterly_nsa_estimate,2012-Q1,quarterly,1819349.012667238,\N,estimated,IMF_QNEA,derived_per_capita|QNEA|B1GQ|V|NSA|XDC|Q|population=SP.POP.TOTL_interpolated,NSA,\N
CHL,gdp_nominal_per_capita_lcu_quarterly_nsa_estimate,2012-Q2,quarterly,1833563.8676790362,\N,estimated,IMF_QNEA,derived_per_capita|QNEA|B1GQ|V|NSA|XDC|Q|population=SP.POP.TOTL_interpolated,NSA,\N
CHL,gdp_nominal_per_capita_lcu_quarterly_nsa_estimate,2012-Q3,quarterly,1771857.2962637432,\N,estimated,IMF_QNEA,derived_per_capita|QNEA|B1GQ|V|NSA|XDC|Q|population=SP.POP.TOTL_interpolated,NSA,\N
CHL,gdp_nominal_per_capita_lcu_quarterly_nsa_estimate,2012-Q4,quarterly,1993592.966723861,\N,estimated,IMF_QNEA,derived_per_capita|QNEA|B1GQ|V|NSA|XDC|Q|population=SP.POP.TOTL_interpolated,NSA,\N
CHL,gdp_nominal_per_capita_lcu_quarterly_nsa_estimate,2013-Q1,quarterly,1897601.657031312,\N,estimated,IMF_QNEA,derived_per_capita|QNEA|B1GQ|V|NSA|XDC|Q|population=SP.POP.TOTL_interpolated,NSA,\N
CHL,gdp_nominal_per_capita_lcu_quarterly_nsa_estimate,2013-Q2,quarterly,1919537.0241886894,\N,estimated,IMF_QNEA,derived_per_capita|QNEA|B1GQ|V|NSA|XDC|Q|population=SP.POP.TOTL_interpolated,NSA,\N
CHL,gdp_nominal_per_capita_lcu_quarterly_nsa_estimate,2013-Q3,quarterly,1862666.0164474114,\N,estimated,IMF_QNEA,derived_per_capita|QNEA|B1GQ|V|NSA|XDC|Q|population=SP.POP.TOTL_interpolated,NSA,\N
CHL,gdp_nominal_per_capita_lcu_quarterly_nsa_estimate,2013-Q4,quarterly,2082352.6973962071,\N,estimated,IMF_QNEA,derived_per_capita|QNEA|B1GQ|V|NSA|XDC|Q|population=SP.POP.TOTL_interpolated,NSA,\N
CHL,gdp_nominal_per_capita_lcu_quarterly_nsa_estimate,2014-Q1,quarterly,2024560.6984866408,\N,estimated,IMF_QNEA,derived_per_capita|QNEA|B1GQ|V|NSA|XDC|Q|population=SP.POP.TOTL_interpolated,NSA,\N
CHL,gdp_nominal_per_capita_lcu_quarterly_nsa_estimate,2014-Q2,quarterly,2048857.9634688904,\N,estimated,IMF_QNEA,derived_per_capita|QNEA|B1GQ|V|NSA|XDC|Q|population=SP.POP.TOTL_interpolated,NSA,\N
CHL,gdp_nominal_per_capita_lcu_quarterly_nsa_estimate,2014-Q3,quarterly,1978509.6080637337,\N,estimated,IMF_QNEA,derived_per_capita|QNEA|B1GQ|V|NSA|XDC|Q|population=SP.POP.TOTL_interpolated,NSA,\N
CHL,gdp_nominal_per_capita_lcu_quarterly_nsa_estimate,2014-Q4,quarterly,2229021.552119227,\N,estimated,IMF_QNEA,derived_per_capita|QNEA|B1GQ|V|NSA|XDC|Q|population=SP.POP.TOTL_interpolated,NSA,\N
CHN,gdp_nominal_per_capita_lcu_quarterly_nsa_estimate,2010-Q1,quarterly,6674.589426158493,\N,estimated,IMF_QNEA,derived_per_capita|QNEA|B1GQ|V|NSA|XDC|Q|population=SP.POP.TOTL_interpolated,NSA,\N
CHN,gdp_nominal_per_capita_lcu_quarterly_nsa_estimate,2010-Q2,quarterly,7560.404462003731,\N,estimated,IMF_QNEA,derived_per_capita|QNEA|B1GQ|V|NSA|XDC|Q|population=SP.POP.TOTL_interpolated,NSA,\N
CHN,gdp_nominal_per_capita_lcu_quarterly_nsa_estimate,2010-Q3,quarterly,8052.531662708925,\N,estimated,IMF_QNEA,derived_per_capita|QNEA|B1GQ|V|NSA|XDC|Q|population=SP.POP.TOTL_interpolated,NSA,\N
CHN,gdp_nominal_per_capita_lcu_quarterly_nsa_estimate,2010-Q4,quarterly,9046.220356353213,\N,estimated,IMF_QNEA,derived_per_capita|QNEA|B1GQ|V|NSA|XDC|Q|population=SP.POP.TOTL_interpolated,NSA,\N
CHN,gdp_nominal_per_capita_lcu_quarterly_nsa_estimate,2011-Q1,quarterly,7913.282282374568,\N,estimated,IMF_QNEA,derived_per_capita|QNEA|B1GQ|V|NSA|XDC|Q|population=SP.POP.TOTL_interpolated,NSA,\N
CHN,gdp_nominal_per_capita_lcu_quarterly_nsa_estimate,2011-Q2,quarterly,8985.575121245798,\N,estimated,IMF_QNEA,derived_per_capita|QNEA|B1GQ|V|NSA|XDC|Q|population=SP.POP.TOTL_interpolated,NSA,\N
CHN,gdp_nominal_per_capita_lcu_quarterly_nsa_estimate,2011-Q3,quarterly,9550.10174628474,\N,estimated,IMF_QNEA,derived_per_capita|QNEA|B1GQ|V|NSA|XDC|Q|population=SP.POP.TOTL_interpolated,NSA,\N
CHN,gdp_nominal_per_capita_lcu_quarterly_nsa_estimate,2011-Q4,quarterly,10393.297209008926,\N,estimated,IMF_QNEA,derived_per_capita|QNEA|B1GQ|V|NSA|XDC|Q|population=SP.POP.TOTL_interpolated,NSA,\N
CHN,gdp_nominal_per_capita_lcu_quarterly_nsa_estimate,2012-Q1,quarterly,8837.82286875275,\N,estimated,IMF_QNEA,derived_per_capita|QNEA|B1GQ|V|NSA|XDC|Q|population=SP.POP.TOTL_interpolated,NSA,\N
CHN,gdp_nominal_per_capita_lcu_quarterly_nsa_estimate,2012-Q2,quarterly,9865.979205246682,\N,estimated,IMF_QNEA,derived_per_capita|QNEA|B1GQ|V|NSA|XDC|Q|population=SP.POP.TOTL_interpolated,NSA,\N
CHN,gdp_nominal_per_capita_lcu_quarterly_nsa_estimate,2012-Q3,quarterly,10357.987082398362,\N,estimated,IMF_QNEA,derived_per_capita|QNEA|B1GQ|V|NSA|XDC|Q|population=SP.POP.TOTL_interpolated,NSA,\N
CHN,gdp_nominal_per_capita_lcu_quarterly_nsa_estimate,2012-Q4,quarterly,11362.687568998967,\N,estimated,IMF_QNEA,derived_per_capita|QNEA|B1GQ|V|NSA|XDC|Q|population=SP.POP.TOTL_interpolated,NSA,\N
CHN,gdp_nominal_per_capita_lcu_quarterly_nsa_estimate,2013-Q1,quarterly,9698.13315292078,\N,estimated,IMF_QNEA,derived_per_capita|QNEA|B1GQ|V|NSA|XDC|Q|population=SP.POP.TOTL_interpolated,NSA,\N
CHN,gdp_nominal_per_capita_lcu_quarterly_nsa_estimate,2013-Q2,quarterly,10727.036295743641,\N,estimated,IMF_QNEA,derived_per_capita|QNEA|B1GQ|V|NSA|XDC|Q|population=SP.POP.TOTL_interpolated,NSA,\N
CHN,gdp_nominal_per_capita_lcu_quarterly_nsa_estimate,2013-Q3,quarterly,11358.946872703751,\N,estimated,IMF_QNEA,derived_per_capita|QNEA|B1GQ|V|NSA|XDC|Q|population=SP.POP.TOTL_interpolated,NSA,\N
CHN,gdp_nominal_per_capita_lcu_quarterly_nsa_estimate,2013-Q4,quarterly,12491.630823159632,\N,estimated,IMF_QNEA,derived_per_capita|QNEA|B1GQ|V|NSA|XDC|Q|population=SP.POP.TOTL_interpolated,NSA,\N
CHN,gdp_nominal_per_capita_lcu_quarterly_nsa_estimate,2014-Q1,quarterly,10487.835440980107,\N,estimated,IMF_QNEA,derived_per_capita|QNEA|B1GQ|V|NSA|XDC|Q|population=SP.POP.TOTL_interpolated,NSA,\N
CHN,gdp_nominal_per_capita_lcu_quarterly_nsa_estimate,2014-Q2,quarterly,11632.94687523367,\N,estimated,IMF_QNEA,derived_per_capita|QNEA|B1GQ|V|NSA|XDC|Q|population=SP.POP.TOTL_interpolated,NSA,\N
CHN,gdp_nominal_per_capita_lcu_quarterly_nsa_estimate,2014-Q3,quarterly,12281.055606544003,\N,estimated,IMF_QNEA,derived_per_capita|QNEA|B1GQ|V|NSA|XDC|Q|population=SP.POP.TOTL_interpolated,NSA,\N
CHN,gdp_nominal_per_capita_lcu_quarterly_nsa_estimate,2014-Q4,quarterly,13396.229434269671,\N,estimated,IMF_QNEA,derived_per_capita|QNEA|B1GQ|V|NSA|XDC|Q|population=SP.POP.TOTL_interpolated,NSA,\N
CMR,gdp_nominal_per_capita_lcu_quarterly_nsa_estimate,2010-Q1,quarterly,165969.19858977324,\N,estimated,IMF_QNEA,derived_per_capita|QNEA|B1GQ|V|NSA|XDC|Q|population=SP.POP.TOTL_interpolated,NSA,\N
CMR,gdp_nominal_per_capita_lcu_quarterly_nsa_estimate,2010-Q2,quarterly,169915.620090131,\N,estimated,IMF_QNEA,derived_per_capita|QNEA|B1GQ|V|NSA|XDC|Q|population=SP.POP.TOTL_interpolated,NSA,\N
CMR,gdp_nominal_per_capita_lcu_quarterly_nsa_estimate,2010-Q3,quarterly,173173.79277313736,\N,estimated,IMF_QNEA,derived_per_capita|QNEA|B1GQ|V|NSA|XDC|Q|population=SP.POP.TOTL_interpolated,NSA,\N
CMR,gdp_nominal_per_capita_lcu_quarterly_nsa_estimate,2010-Q4,quarterly,182719.27672261116,\N,estimated,IMF_QNEA,derived_per_capita|QNEA|B1GQ|V|NSA|XDC|Q|population=SP.POP.TOTL_interpolated,NSA,\N
CMR,gdp_nominal_per_capita_lcu_quarterly_nsa_estimate,2011-Q1,quarterly,172077.67091483885,\N,estimated,IMF_QNEA,derived_per_capita|QNEA|B1GQ|V|NSA|XDC|Q|population=SP.POP.TOTL_interpolated,NSA,\N
CMR,gdp_nominal_per_capita_lcu_quarterly_nsa_estimate,2011-Q2,quarterly,175338.62447703877,\N,estimated,IMF_QNEA,derived_per_capita|QNEA|B1GQ|V|NSA|XDC|Q|population=SP.POP.TOTL_interpolated,NSA,\N
CMR,gdp_nominal_per_capita_lcu_quarterly_nsa_estimate,2011-Q3,quarterly,182296.49812980363,\N,estimated,IMF_QNEA,derived_per_capita|QNEA|B1GQ|V|NSA|XDC|Q|population=SP.POP.TOTL_interpolated,NSA,\N
CMR,gdp_nominal_per_capita_lcu_quarterly_nsa_estimate,2011-Q4,quarterly,183536.1511333196,\N,estimated,IMF_QNEA,derived_per_capita|QNEA|B1GQ|V|NSA|XDC|Q|population=SP.POP.TOTL_interpolated,NSA,\N
CMR,gdp_nominal_per_capita_lcu_quarterly_nsa_estimate,2012-Q1,quarterly,183758.96159692414,\N,estimated,IMF_QNEA,derived_per_capita|QNEA|B1GQ|V|NSA|XDC|Q|population=SP.POP.TOTL_interpolated,NSA,\N
CMR,gdp_nominal_per_capita_lcu_quarterly_nsa_estimate,2012-Q2,quarterly,188077.53434781873,\N,estimated,IMF_QNEA,derived_per_capita|QNEA|B1GQ|V|NSA|XDC|Q|population=SP.POP.TOTL_interpolated,NSA,\N
CMR,gdp_nominal_per_capita_lcu_quarterly_nsa_estimate,2012-Q3,quarterly,185297.70926158034,\N,estimated,IMF_QNEA,derived_per_capita|QNEA|B1GQ|V|NSA|XDC|Q|population=SP.POP.TOTL_interpolated,NSA,\N
CMR,gdp_nominal_per_capita_lcu_quarterly_nsa_estimate,2012-Q4,quarterly,182664.55373693843,\N,estimated,IMF_QNEA,derived_per_capita|QNEA|B1GQ|V|NSA|XDC|Q|population=SP.POP.TOTL_interpolated,NSA,\N
CMR,gdp_nominal_per_capita_lcu_quarterly_nsa_estimate,2013-Q1,quarterly,189276.97209551057,\N,estimated,IMF_QNEA,derived_per_capita|QNEA|B1GQ|V|NSA|XDC|Q|population=SP.POP.TOTL_interpolated,NSA,\N
CMR,gdp_nominal_per_capita_lcu_quarterly_nsa_estimate,2013-Q2,quarterly,189865.99077251466,\N,estimated,IMF_QNEA,derived_per_capita|QNEA|B1GQ|V|NSA|XDC|Q|population=SP.POP.TOTL_interpolated,NSA,\N
CMR,gdp_nominal_per_capita_lcu_quarterly_nsa_estimate,2013-Q3,quarterly,197250.0357927972,\N,estimated,IMF_QNEA,derived_per_capita|QNEA|B1GQ|V|NSA|XDC|Q|population=SP.POP.TOTL_interpolated,NSA,\N
CMR,gdp_nominal_per_capita_lcu_quarterly_nsa_estimate,2013-Q4,quarterly,201502.26945583647,\N,estimated,IMF_QNEA,derived_per_capita|QNEA|B1GQ|V|NSA|XDC|Q|population=SP.POP.TOTL_interpolated,NSA,\N
CMR,gdp_nominal_per_capita_lcu_quarterly_nsa_estimate,2014-Q1,quarterly,193303.4939974528,\N,estimated,IMF_QNEA,derived_per_capita|QNEA|B1GQ|V|NSA|XDC|Q|population=SP.POP.TOTL_interpolated,NSA,\N
CMR,gdp_nominal_per_capita_lcu_quarterly_nsa_estimate,2014-Q2,quarterly,200571.30173135846,\N,estimated,IMF_QNEA,derived_per_capita|QNEA|B1GQ|V|NSA|XDC|Q|population=SP.POP.TOTL_interpolated,NSA,\N
CMR,gdp_nominal_per_capita_lcu_quarterly_nsa_estimate,2014-Q3,quarterly,201266.50817051114,\N,estimated,IMF_QNEA,derived_per_capita|QNEA|B1GQ|V|NSA|XDC|Q|population=SP.POP.TOTL_interpolated,NSA,\N
CMR,gdp_nominal_per_capita_lcu_quarterly_nsa_estimate,2014-Q4,quarterly,218772.64322897894,\N,estimated,IMF_QNEA,derived_per_capita|QNEA|B1GQ|V|NSA|XDC|Q|population=SP.POP.TOTL_interpolated,NSA,\N
COL,gdp_nominal_per_capita_lcu_quarterly_nsa_estimate,2010-Q1,quarterly,2891243.5953610903,\N,estimated,IMF_QNEA,derived_per_capita|QNEA|B1GQ|V|NSA|XDC|Q|population=SP.POP.TOTL_interpolated,NSA,\N
COL,gdp_nominal_per_capita_lcu_quarterly_nsa_estimate,2010-Q2,quarterly,2937279.559381908,\N,estimated,IMF_QNEA,derived_per_capita|QNEA|B1GQ|V|NSA|XDC|Q|population=SP.POP.TOTL_interpolated,NSA,\N
COL,gdp_nominal_per_capita_lcu_quarterly_nsa_estimate,2010-Q3,quarterly,3084959.212265256,\N,estimated,IMF_QNEA,derived_per_capita|QNEA|B1GQ|V|NSA|XDC|Q|population=SP.POP.TOTL_interpolated,NSA,\N
COL,gdp_nominal_per_capita_lcu_quarterly_nsa_estimate,2010-Q4,quarterly,3236035.1222739257,\N,estimated,IMF_QNEA,derived_per_capita|QNEA|B1GQ|V|NSA|XDC|Q|population=SP.POP.TOTL_interpolated,NSA,\N
COL,gdp_nominal_per_capita_lcu_quarterly_nsa_estimate,2011-Q1,quarterly,3215668.2527159615,\N,estimated,IMF_QNEA,derived_per_capita|QNEA|B1GQ|V|NSA|XDC|Q|population=SP.POP.TOTL_interpolated,NSA,\N
COL,gdp_nominal_per_capita_lcu_quarterly_nsa_estimate,2011-Q2,quarterly,3302392.710121567,\N,estimated,IMF_QNEA,derived_per_capita|QNEA|B1GQ|V|NSA|XDC|Q|population=SP.POP.TOTL_interpolated,NSA,\N
COL,gdp_nominal_per_capita_lcu_quarterly_nsa_estimate,2011-Q3,quarterly,3492944.559424901,\N,estimated,IMF_QNEA,derived_per_capita|QNEA|B1GQ|V|NSA|XDC|Q|population=SP.POP.TOTL_interpolated,NSA,\N
COL,gdp_nominal_per_capita_lcu_quarterly_nsa_estimate,2011-Q4,quarterly,3665149.2386066136,\N,estimated,IMF_QNEA,derived_per_capita|QNEA|B1GQ|V|NSA|XDC|Q|population=SP.POP.TOTL_interpolated,NSA,\N
COL,gdp_nominal_per_capita_lcu_quarterly_nsa_estimate,2012-Q1,quarterly,3546177.7893917556,\N,estimated,IMF_QNEA,derived_per_capita|QNEA|B1GQ|V|NSA|XDC|Q|population=SP.POP.TOTL_interpolated,NSA,\N
COL,gdp_nominal_per_capita_lcu_quarterly_nsa_estimate,2012-Q2,quarterly,3557648.643545282,\N,estimated,IMF_QNEA,derived_per_capita|QNEA|B1GQ|V|NSA|XDC|Q|population=SP.POP.TOTL_interpolated,NSA,\N
COL,gdp_nominal_per_capita_lcu_quarterly_nsa_estimate,2012-Q3,quarterly,3660527.8467616164,\N,estimated,IMF_QNEA,derived_per_capita|QNEA|B1GQ|V|NSA|XDC|Q|population=SP.POP.TOTL_interpolated,NSA,\N
COL,gdp_nominal_per_capita_lcu_quarterly_nsa_estimate,2012-Q4,quarterly,3814710.445660806,\N,estimated,IMF_QNEA,derived_per_capita|QNEA|B1GQ|V|NSA|XDC|Q|population=SP.POP.TOTL_interpolated,NSA,\N
COL,gdp_nominal_per_capita_lcu_quarterly_nsa_estimate,2013-Q1,quarterly,3659601.88401718,\N,estimated,IMF_QNEA,derived_per_capita|QNEA|B1GQ|V|NSA|XDC|Q|population=SP.POP.TOTL_interpolated,NSA,\N
COL,gdp_nominal_per_capita_lcu_quarterly_nsa_estimate,2013-Q2,quarterly,3780770.742314775,\N,estimated,IMF_QNEA,derived_per_capita|QNEA|B1GQ|V|NSA|XDC|Q|population=SP.POP.TOTL_interpolated,NSA,\N
COL,gdp_nominal_per_capita_lcu_quarterly_nsa_estimate,2013-Q3,quarterly,3971507.154612503,\N,estimated,IMF_QNEA,derived_per_capita|QNEA|B1GQ|V|NSA|XDC|Q|population=SP.POP.TOTL_interpolated,NSA,\N
COL,gdp_nominal_per_capita_lcu_quarterly_nsa_estimate,2013-Q4,quarterly,4060209.3224440017,\N,estimated,IMF_QNEA,derived_per_capita|QNEA|B1GQ|V|NSA|XDC|Q|population=SP.POP.TOTL_interpolated,NSA,\N
COL,gdp_nominal_per_capita_lcu_quarterly_nsa_estimate,2014-Q1,quarterly,3973729.4598018066,\N,estimated,IMF_QNEA,derived_per_capita|QNEA|B1GQ|V|NSA|XDC|Q|population=SP.POP.TOTL_interpolated,NSA,\N
COL,gdp_nominal_per_capita_lcu_quarterly_nsa_estimate,2014-Q2,quarterly,3951960.605626643,\N,estimated,IMF_QNEA,derived_per_capita|QNEA|B1GQ|V|NSA|XDC|Q|population=SP.POP.TOTL_interpolated,NSA,\N
COL,gdp_nominal_per_capita_lcu_quarterly_nsa_estimate,2014-Q3,quarterly,4177674.34927771,\N,estimated,IMF_QNEA,derived_per_capita|QNEA|B1GQ|V|NSA|XDC|Q|population=SP.POP.TOTL_interpolated,NSA,\N
COL,gdp_nominal_per_capita_lcu_quarterly_nsa_estimate,2014-Q4,quarterly,4279256.290316372,\N,estimated,IMF_QNEA,derived_per_capita|QNEA|B1GQ|V|NSA|XDC|Q|population=SP.POP.TOTL_interpolated,NSA,\N
CPV,gdp_nominal_per_capita_lcu_quarterly_nsa_estimate,2010-Q1,quarterly,71638.06535255768,\N,estimated,IMF_QNEA,derived_per_capita|QNEA|B1GQ|V|NSA|XDC|Q|population=SP.POP.TOTL_interpolated,NSA,\N
CPV,gdp_nominal_per_capita_lcu_quarterly_nsa_estimate,2010-Q2,quarterly,75015.66906957468,\N,estimated,IMF_QNEA,derived_per_capita|QNEA|B1GQ|V|NSA|XDC|Q|population=SP.POP.TOTL_interpolated,NSA,\N
CPV,gdp_nominal_per_capita_lcu_quarterly_nsa_estimate,2010-Q3,quarterly,75070.41933812946,\N,estimated,IMF_QNEA,derived_per_capita|QNEA|B1GQ|V|NSA|XDC|Q|population=SP.POP.TOTL_interpolated,NSA,\N
CPV,gdp_nominal_per_capita_lcu_quarterly_nsa_estimate,2010-Q4,quarterly,76503.3742362119,\N,estimated,IMF_QNEA,derived_per_capita|QNEA|B1GQ|V|NSA|XDC|Q|population=SP.POP.TOTL_interpolated,NSA,\N
CPV,gdp_nominal_per_capita_lcu_quarterly_nsa_estimate,2011-Q1,quarterly,74088.16333909916,\N,estimated,IMF_QNEA,derived_per_capita|QNEA|B1GQ|V|NSA|XDC|Q|population=SP.POP.TOTL_interpolated,NSA,\N
CPV,gdp_nominal_per_capita_lcu_quarterly_nsa_estimate,2011-Q2,quarterly,78407.03982196766,\N,estimated,IMF_QNEA,derived_per_capita|QNEA|B1GQ|V|NSA|XDC|Q|population=SP.POP.TOTL_interpolated,NSA,\N
CPV,gdp_nominal_per_capita_lcu_quarterly_nsa_estimate,2011-Q3,quarterly,79740.84831842632,\N,estimated,IMF_QNEA,derived_per_capita|QNEA|B1GQ|V|NSA|XDC|Q|population=SP.POP.TOTL_interpolated,NSA,\N
CPV,gdp_nominal_per_capita_lcu_quarterly_nsa_estimate,2011-Q4,quarterly,85111.72994427675,\N,estimated,IMF_QNEA,derived_per_capita|QNEA|B1GQ|V|NSA|XDC|Q|population=SP.POP.TOTL_interpolated,NSA,\N
CPV,gdp_nominal_per_capita_lcu_quarterly_nsa_estimate,2012-Q1,quarterly,77383.90791271864,\N,estimated,IMF_QNEA,derived_per_capita|QNEA|B1GQ|V|NSA|XDC|Q|population=SP.POP.TOTL_interpolated,NSA,\N
CPV,gdp_nominal_per_capita_lcu_quarterly_nsa_estimate,2012-Q2,quarterly,77690.608581415,\N,estimated,IMF_QNEA,derived_per_capita|QNEA|B1GQ|V|NSA|XDC|Q|population=SP.POP.TOTL_interpolated,NSA,\N
CPV,gdp_nominal_per_capita_lcu_quarterly_nsa_estimate,2012-Q3,quarterly,80707.39188394726,\N,estimated,IMF_QNEA,derived_per_capita|QNEA|B1GQ|V|NSA|XDC|Q|population=SP.POP.TOTL_interpolated,NSA,\N
CPV,gdp_nominal_per_capita_lcu_quarterly_nsa_estimate,2012-Q4,quarterly,86792.01398269388,\N,estimated,IMF_QNEA,derived_per_capita|QNEA|B1GQ|V|NSA|XDC|Q|population=SP.POP.TOTL_interpolated,NSA,\N
CPV,gdp_nominal_per_capita_lcu_quarterly_nsa_estimate,2013-Q1,quarterly,81618.99037606946,\N,estimated,IMF_QNEA,derived_per_capita|QNEA|B1GQ|V|NSA|XDC|Q|population=SP.POP.TOTL_interpolated,NSA,\N
CPV,gdp_nominal_per_capita_lcu_quarterly_nsa_estimate,2013-Q2,quarterly,79701.39830693262,\N,estimated,IMF_QNEA,derived_per_capita|QNEA|B1GQ|V|NSA|XDC|Q|population=SP.POP.TOTL_interpolated,NSA,\N
CPV,gdp_nominal_per_capita_lcu_quarterly_nsa_estimate,2013-Q3,quarterly,81297.17277936914,\N,estimated,IMF_QNEA,derived_per_capita|QNEA|B1GQ|V|NSA|XDC|Q|population=SP.POP.TOTL_interpolated,NSA,\N
CPV,gdp_nominal_per_capita_lcu_quarterly_nsa_estimate,2013-Q4,quarterly,86443.60387837767,\N,estimated,IMF_QNEA,derived_per_capita|QNEA|B1GQ|V|NSA|XDC|Q|population=SP.POP.TOTL_interpolated,NSA,\N
CPV,gdp_nominal_per_capita_lcu_quarterly_nsa_estimate,2014-Q1,quarterly,81922.87283508826,\N,estimated,IMF_QNEA,derived_per_capita|QNEA|B1GQ|V|NSA|XDC|Q|population=SP.POP.TOTL_interpolated,NSA,\N
CPV,gdp_nominal_per_capita_lcu_quarterly_nsa_estimate,2014-Q2,quarterly,80638.84890626094,\N,estimated,IMF_QNEA,derived_per_capita|QNEA|B1GQ|V|NSA|XDC|Q|population=SP.POP.TOTL_interpolated,NSA,\N
CPV,gdp_nominal_per_capita_lcu_quarterly_nsa_estimate,2014-Q3,quarterly,81882.49884061291,\N,estimated,IMF_QNEA,derived_per_capita|QNEA|B1GQ|V|NSA|XDC|Q|population=SP.POP.TOTL_interpolated,NSA,\N
CPV,gdp_nominal_per_capita_lcu_quarterly_nsa_estimate,2014-Q4,quarterly,86501.04886813389,\N,estimated,IMF_QNEA,derived_per_capita|QNEA|B1GQ|V|NSA|XDC|Q|population=SP.POP.TOTL_interpolated,NSA,\N
CRI,gdp_nominal_per_capita_lcu_quarterly_nsa_estimate,2010-Q1,quarterly,1082013.296716191,\N,estimated,IMF_QNEA,derived_per_capita|QNEA|B1GQ|V|NSA|XDC|Q|population=SP.POP.TOTL_interpolated,NSA,\N
CRI,gdp_nominal_per_capita_lcu_quarterly_nsa_estimate,2010-Q2,quarterly,1053494.8013308044,\N,estimated,IMF_QNEA,derived_per_capita|QNEA|B1GQ|V|NSA|XDC|Q|population=SP.POP.TOTL_interpolated,NSA,\N
CRI,gdp_nominal_per_capita_lcu_quarterly_nsa_estimate,2010-Q3,quarterly,1065283.2082524018,\N,estimated,IMF_QNEA,derived_per_capita|QNEA|B1GQ|V|NSA|XDC|Q|population=SP.POP.TOTL_interpolated,NSA,\N
CRI,gdp_nominal_per_capita_lcu_quarterly_nsa_estimate,2010-Q4,quarterly,1145575.7550627356,\N,estimated,IMF_QNEA,derived_per_capita|QNEA|B1GQ|V|NSA|XDC|Q|population=SP.POP.TOTL_interpolated,NSA,\N
CRI,gdp_nominal_per_capita_lcu_quarterly_nsa_estimate,2011-Q1,quarterly,1140875.2407702894,\N,estimated,IMF_QNEA,derived_per_capita|QNEA|B1GQ|V|NSA|XDC|Q|population=SP.POP.TOTL_interpolated,NSA,\N
CRI,gdp_nominal_per_capita_lcu_quarterly_nsa_estimate,2011-Q2,quarterly,1126553.0806921304,\N,estimated,IMF_QNEA,derived_per_capita|QNEA|B1GQ|V|NSA|XDC|Q|population=SP.POP.TOTL_interpolated,NSA,\N
CRI,gdp_nominal_per_capita_lcu_quarterly_nsa_estimate,2011-Q3,quarterly,1148313.850858445,\N,estimated,IMF_QNEA,derived_per_capita|QNEA|B1GQ|V|NSA|XDC|Q|population=SP.POP.TOTL_interpolated,NSA,\N
CRI,gdp_nominal_per_capita_lcu_quarterly_nsa_estimate,2011-Q4,quarterly,1274349.365663159,\N,estimated,IMF_QNEA,derived_per_capita|QNEA|B1GQ|V|NSA|XDC|Q|population=SP.POP.TOTL_interpolated,NSA,\N
CRI,gdp_nominal_per_capita_lcu_quarterly_nsa_estimate,2012-Q1,quarterly,1264051.1016545214,\N,estimated,IMF_QNEA,derived_per_capita|QNEA|B1GQ|V|NSA|XDC|Q|population=SP.POP.TOTL_interpolated,NSA,\N
CRI,gdp_nominal_per_capita_lcu_quarterly_nsa_estimate,2012-Q2,quarterly,1225533.3421136988,\N,estimated,IMF_QNEA,derived_per_capita|QNEA|B1GQ|V|NSA|XDC|Q|population=SP.POP.TOTL_interpolated,NSA,\N
CRI,gdp_nominal_per_capita_lcu_quarterly_nsa_estimate,2012-Q3,quarterly,1238516.4257754555,\N,estimated,IMF_QNEA,derived_per_capita|QNEA|B1GQ|V|NSA|XDC|Q|population=SP.POP.TOTL_interpolated,NSA,\N
CRI,gdp_nominal_per_capita_lcu_quarterly_nsa_estimate,2012-Q4,quarterly,1364595.4235589833,\N,estimated,IMF_QNEA,derived_per_capita|QNEA|B1GQ|V|NSA|XDC|Q|population=SP.POP.TOTL_interpolated,NSA,\N
CRI,gdp_nominal_per_capita_lcu_quarterly_nsa_estimate,2013-Q1,quarterly,1357082.1049427672,\N,estimated,IMF_QNEA,derived_per_capita|QNEA|B1GQ|V|NSA|XDC|Q|population=SP.POP.TOTL_interpolated,NSA,\N
CRI,gdp_nominal_per_capita_lcu_quarterly_nsa_estimate,2013-Q2,quarterly,1304265.1871914412,\N,estimated,IMF_QNEA,derived_per_capita|QNEA|B1GQ|V|NSA|XDC|Q|population=SP.POP.TOTL_interpolated,NSA,\N
CRI,gdp_nominal_per_capita_lcu_quarterly_nsa_estimate,2013-Q3,quarterly,1314874.6585111313,\N,estimated,IMF_QNEA,derived_per_capita|QNEA|B1GQ|V|NSA|XDC|Q|population=SP.POP.TOTL_interpolated,NSA,\N
CRI,gdp_nominal_per_capita_lcu_quarterly_nsa_estimate,2013-Q4,quarterly,1422775.4264468816,\N,estimated,IMF_QNEA,derived_per_capita|QNEA|B1GQ|V|NSA|XDC|Q|population=SP.POP.TOTL_interpolated,NSA,\N
CRI,gdp_nominal_per_capita_lcu_quarterly_nsa_estimate,2014-Q1,quarterly,1464739.9133678158,\N,estimated,IMF_QNEA,derived_per_capita|QNEA|B1GQ|V|NSA|XDC|Q|population=SP.POP.TOTL_interpolated,NSA,\N
CRI,gdp_nominal_per_capita_lcu_quarterly_nsa_estimate,2014-Q2,quarterly,1419522.0603487163,\N,estimated,IMF_QNEA,derived_per_capita|QNEA|B1GQ|V|NSA|XDC|Q|population=SP.POP.TOTL_interpolated,NSA,\N
CRI,gdp_nominal_per_capita_lcu_quarterly_nsa_estimate,2014-Q3,quarterly,1437493.3863162992,\N,estimated,IMF_QNEA,derived_per_capita|QNEA|B1GQ|V|NSA|XDC|Q|population=SP.POP.TOTL_interpolated,NSA,\N
CRI,gdp_nominal_per_capita_lcu_quarterly_nsa_estimate,2014-Q4,quarterly,1551727.269590897,\N,estimated,IMF_QNEA,derived_per_capita|QNEA|B1GQ|V|NSA|XDC|Q|population=SP.POP.TOTL_interpolated,NSA,\N
CYP,gdp_nominal_per_capita_lcu_quarterly_nsa_estimate,2010-Q1,quarterly,4102.242474317214,\N,estimated,IMF_QNEA,derived_per_capita|QNEA|B1GQ|V|NSA|XDC|Q|population=SP.POP.TOTL_interpolated,NSA,\N
CYP,gdp_nominal_per_capita_lcu_quarterly_nsa_estimate,2010-Q2,quarterly,4356.8678787168,\N,estimated,IMF_QNEA,derived_per_capita|QNEA|B1GQ|V|NSA|XDC|Q|population=SP.POP.TOTL_interpolated,NSA,\N
CYP,gdp_nominal_per_capita_lcu_quarterly_nsa_estimate,2010-Q3,quarterly,4416.225492066599,\N,estimated,IMF_QNEA,derived_per_capita|QNEA|B1GQ|V|NSA|XDC|Q|population=SP.POP.TOTL_interpolated,NSA,\N
CYP,gdp_nominal_per_capita_lcu_quarterly_nsa_estimate,2010-Q4,quarterly,4377.963507204172,\N,estimated,IMF_QNEA,derived_per_capita|QNEA|B1GQ|V|NSA|XDC|Q|population=SP.POP.TOTL_interpolated,NSA,\N
CYP,gdp_nominal_per_capita_lcu_quarterly_nsa_estimate,2011-Q1,quarterly,4129.218872536409,\N,estimated,IMF_QNEA,derived_per_capita|QNEA|B1GQ|V|NSA|XDC|Q|population=SP.POP.TOTL_interpolated,NSA,\N
CYP,gdp_nominal_per_capita_lcu_quarterly_nsa_estimate,2011-Q2,quarterly,4412.413622371117,\N,estimated,IMF_QNEA,derived_per_capita|QNEA|B1GQ|V|NSA|XDC|Q|population=SP.POP.TOTL_interpolated,NSA,\N
CYP,gdp_nominal_per_capita_lcu_quarterly_nsa_estimate,2011-Q3,quarterly,4387.756167874825,\N,estimated,IMF_QNEA,derived_per_capita|QNEA|B1GQ|V|NSA|XDC|Q|population=SP.POP.TOTL_interpolated,NSA,\N
CYP,gdp_nominal_per_capita_lcu_quarterly_nsa_estimate,2011-Q4,quarterly,4389.371540124585,\N,estimated,IMF_QNEA,derived_per_capita|QNEA|B1GQ|V|NSA|XDC|Q|population=SP.POP.TOTL_interpolated,NSA,\N
CYP,gdp_nominal_per_capita_lcu_quarterly_nsa_estimate,2012-Q1,quarterly,4031.1385227417923,\N,estimated,IMF_QNEA,derived_per_capita|QNEA|B1GQ|V|NSA|XDC|Q|population=SP.POP.TOTL_interpolated,NSA,\N
CYP,gdp_nominal_per_capita_lcu_quarterly_nsa_estimate,2012-Q2,quarterly,4253.701955402851,\N,estimated,IMF_QNEA,derived_per_capita|QNEA|B1GQ|V|NSA|XDC|Q|population=SP.POP.TOTL_interpolated,NSA,\N
CYP,gdp_nominal_per_capita_lcu_quarterly_nsa_estimate,2012-Q3,quarterly,4277.691557209126,\N,estimated,IMF_QNEA,derived_per_capita|QNEA|B1GQ|V|NSA|XDC|Q|population=SP.POP.TOTL_interpolated,NSA,\N
CYP,gdp_nominal_per_capita_lcu_quarterly_nsa_estimate,2012-Q4,quarterly,4165.7932308099125,\N,estimated,IMF_QNEA,derived_per_capita|QNEA|B1GQ|V|NSA|XDC|Q|population=SP.POP.TOTL_interpolated,NSA,\N
CYP,gdp_nominal_per_capita_lcu_quarterly_nsa_estimate,2013-Q1,quarterly,3627.3164319974817,\N,estimated,IMF_QNEA,derived_per_capita|QNEA|B1GQ|V|NSA|XDC|Q|population=SP.POP.TOTL_interpolated,NSA,\N
CYP,gdp_nominal_per_capita_lcu_quarterly_nsa_estimate,2013-Q2,quarterly,3950.040739846617,\N,estimated,IMF_QNEA,derived_per_capita|QNEA|B1GQ|V|NSA|XDC|Q|population=SP.POP.TOTL_interpolated,NSA,\N
CYP,gdp_nominal_per_capita_lcu_quarterly_nsa_estimate,2013-Q3,quarterly,3921.0603024575867,\N,estimated,IMF_QNEA,derived_per_capita|QNEA|B1GQ|V|NSA|XDC|Q|population=SP.POP.TOTL_interpolated,NSA,\N
CYP,gdp_nominal_per_capita_lcu_quarterly_nsa_estimate,2013-Q4,quarterly,3740.016407559236,\N,estimated,IMF_QNEA,derived_per_capita|QNEA|B1GQ|V|NSA|XDC|Q|population=SP.POP.TOTL_interpolated,NSA,\N
CYP,gdp_nominal_per_capita_lcu_quarterly_nsa_estimate,2014-Q1,quarterly,3449.2071178963024,\N,estimated,IMF_QNEA,derived_per_capita|QNEA|B1GQ|V|NSA|XDC|Q|population=SP.POP.TOTL_interpolated,NSA,\N
CYP,gdp_nominal_per_capita_lcu_quarterly_nsa_estimate,2014-Q2,quarterly,3704.0163176123965,\N,estimated,IMF_QNEA,derived_per_capita|QNEA|B1GQ|V|NSA|XDC|Q|population=SP.POP.TOTL_interpolated,NSA,\N
CYP,gdp_nominal_per_capita_lcu_quarterly_nsa_estimate,2014-Q3,quarterly,3796.1364432233895,\N,estimated,IMF_QNEA,derived_per_capita|QNEA|B1GQ|V|NSA|XDC|Q|population=SP.POP.TOTL_interpolated,NSA,\N
CYP,gdp_nominal_per_capita_lcu_quarterly_nsa_estimate,2014-Q4,quarterly,3597.12029290683,\N,estimated,IMF_QNEA,derived_per_capita|QNEA|B1GQ|V|NSA|XDC|Q|population=SP.POP.TOTL_interpolated,NSA,\N
CZE,gdp_nominal_per_capita_lcu_quarterly_nsa_estimate,2010-Q1,quarterly,88813.58849672138,\N,estimated,IMF_QNEA,derived_per_capita|QNEA|B1GQ|V|NSA|XDC|Q|population=SP.POP.TOTL_interpolated,NSA,\N
CZE,gdp_nominal_per_capita_lcu_quarterly_nsa_estimate,2010-Q2,quarterly,97601.37210847238,\N,estimated,IMF_QNEA,derived_per_capita|QNEA|B1GQ|V|NSA|XDC|Q|population=SP.POP.TOTL_interpolated,NSA,\N
CZE,gdp_nominal_per_capita_lcu_quarterly_nsa_estimate,2010-Q3,quarterly,98037.63100063831,\N,estimated,IMF_QNEA,derived_per_capita|QNEA|B1GQ|V|NSA|XDC|Q|population=SP.POP.TOTL_interpolated,NSA,\N
CZE,gdp_nominal_per_capita_lcu_quarterly_nsa_estimate,2010-Q4,quarterly,100605.39482358724,\N,estimated,IMF_QNEA,derived_per_capita|QNEA|B1GQ|V|NSA|XDC|Q|population=SP.POP.TOTL_interpolated,NSA,\N
CZE,gdp_nominal_per_capita_lcu_quarterly_nsa_estimate,2011-Q1,quarterly,90744.63608087704,\N,estimated,IMF_QNEA,derived_per_capita|QNEA|B1GQ|V|NSA|XDC|Q|population=SP.POP.TOTL_interpolated,NSA,\N
CZE,gdp_nominal_per_capita_lcu_quarterly_nsa_estimate,2011-Q2,quarterly,98525.0865230175,\N,estimated,IMF_QNEA,derived_per_capita|QNEA|B1GQ|V|NSA|XDC|Q|population=SP.POP.TOTL_interpolated,NSA,\N
CZE,gdp_nominal_per_capita_lcu_quarterly_nsa_estimate,2011-Q3,quarterly,98867.2511607383,\N,estimated,IMF_QNEA,derived_per_capita|QNEA|B1GQ|V|NSA|XDC|Q|population=SP.POP.TOTL_interpolated,NSA,\N
CZE,gdp_nominal_per_capita_lcu_quarterly_nsa_estimate,2011-Q4,quarterly,102067.02443359967,\N,estimated,IMF_QNEA,derived_per_capita|QNEA|B1GQ|V|NSA|XDC|Q|population=SP.POP.TOTL_interpolated,NSA,\N
CZE,gdp_nominal_per_capita_lcu_quarterly_nsa_estimate,2012-Q1,quarterly,92371.13040927575,\N,estimated,IMF_QNEA,derived_per_capita|QNEA|B1GQ|V|NSA|XDC|Q|population=SP.POP.TOTL_interpolated,NSA,\N
CZE,gdp_nominal_per_capita_lcu_quarterly_nsa_estimate,2012-Q2,quarterly,98690.75499625123,\N,estimated,IMF_QNEA,derived_per_capita|QNEA|B1GQ|V|NSA|XDC|Q|population=SP.POP.TOTL_interpolated,NSA,\N
CZE,gdp_nominal_per_capita_lcu_quarterly_nsa_estimate,2012-Q3,quarterly,98765.78680495096,\N,estimated,IMF_QNEA,derived_per_capita|QNEA|B1GQ|V|NSA|XDC|Q|population=SP.POP.TOTL_interpolated,NSA,\N
CZE,gdp_nominal_per_capita_lcu_quarterly_nsa_estimate,2012-Q4,quarterly,102045.99961846322,\N,estimated,IMF_QNEA,derived_per_capita|QNEA|B1GQ|V|NSA|XDC|Q|population=SP.POP.TOTL_interpolated,NSA,\N
CZE,gdp_nominal_per_capita_lcu_quarterly_nsa_estimate,2013-Q1,quarterly,91468.58732696885,\N,estimated,IMF_QNEA,derived_per_capita|QNEA|B1GQ|V|NSA|XDC|Q|population=SP.POP.TOTL_interpolated,NSA,\N
CZE,gdp_nominal_per_capita_lcu_quarterly_nsa_estimate,2013-Q2,quarterly,99013.24194360124,\N,estimated,IMF_QNEA,derived_per_capita|QNEA|B1GQ|V|NSA|XDC|Q|population=SP.POP.TOTL_interpolated,NSA,\N
CZE,gdp_nominal_per_capita_lcu_quarterly_nsa_estimate,2013-Q3,quarterly,100753.86283245681,\N,estimated,IMF_QNEA,derived_per_capita|QNEA|B1GQ|V|NSA|XDC|Q|population=SP.POP.TOTL_interpolated,NSA,\N
CZE,gdp_nominal_per_capita_lcu_quarterly_nsa_estimate,2013-Q4,quarterly,105234.67029005448,\N,estimated,IMF_QNEA,derived_per_capita|QNEA|B1GQ|V|NSA|XDC|Q|population=SP.POP.TOTL_interpolated,NSA,\N
CZE,gdp_nominal_per_capita_lcu_quarterly_nsa_estimate,2014-Q1,quarterly,95523.85517655904,\N,estimated,IMF_QNEA,derived_per_capita|QNEA|B1GQ|V|NSA|XDC|Q|population=SP.POP.TOTL_interpolated,NSA,\N
CZE,gdp_nominal_per_capita_lcu_quarterly_nsa_estimate,2014-Q2,quarterly,104222.05390528931,\N,estimated,IMF_QNEA,derived_per_capita|QNEA|B1GQ|V|NSA|XDC|Q|population=SP.POP.TOTL_interpolated,NSA,\N
CZE,gdp_nominal_per_capita_lcu_quarterly_nsa_estimate,2014-Q3,quarterly,106916.77836947337,\N,estimated,IMF_QNEA,derived_per_capita|QNEA|B1GQ|V|NSA|XDC|Q|population=SP.POP.TOTL_interpolated,NSA,\N
CZE,gdp_nominal_per_capita_lcu_quarterly_nsa_estimate,2014-Q4,quarterly,109229.2364822027,\N,estimated,IMF_QNEA,derived_per_capita|QNEA|B1GQ|V|NSA|XDC|Q|population=SP.POP.TOTL_interpolated,NSA,\N
DEU,gdp_nominal_per_capita_lcu_quarterly_nsa_estimate,2010-Q1,quarterly,7698.479820480304,\N,estimated,IMF_QNEA,derived_per_capita|QNEA|B1GQ|V|NSA|XDC|Q|population=SP.POP.TOTL_interpolated,NSA,\N
DEU,gdp_nominal_per_capita_lcu_quarterly_nsa_estimate,2010-Q2,quarterly,7813.787352348524,\N,estimated,IMF_QNEA,derived_per_capita|QNEA|B1GQ|V|NSA|XDC|Q|population=SP.POP.TOTL_interpolated,NSA,\N
DEU,gdp_nominal_per_capita_lcu_quarterly_nsa_estimate,2010-Q3,quarterly,8150.589894424015,\N,estimated,IMF_QNEA,derived_per_capita|QNEA|B1GQ|V|NSA|XDC|Q|population=SP.POP.TOTL_interpolated,NSA,\N
DEU,gdp_nominal_per_capita_lcu_quarterly_nsa_estimate,2010-Q4,quarterly,8388.11679616265,\N,estimated,IMF_QNEA,derived_per_capita|QNEA|B1GQ|V|NSA|XDC|Q|population=SP.POP.TOTL_interpolated,NSA,\N
DEU,gdp_nominal_per_capita_lcu_quarterly_nsa_estimate,2011-Q1,quarterly,8341.22841084261,\N,estimated,IMF_QNEA,derived_per_capita|QNEA|B1GQ|V|NSA|XDC|Q|population=SP.POP.TOTL_interpolated,NSA,\N
DEU,gdp_nominal_per_capita_lcu_quarterly_nsa_estimate,2011-Q2,quarterly,8375.05799715701,\N,estimated,IMF_QNEA,derived_per_capita|QNEA|B1GQ|V|NSA|XDC|Q|population=SP.POP.TOTL_interpolated,NSA,\N
DEU,gdp_nominal_per_capita_lcu_quarterly_nsa_estimate,2011-Q3,quarterly,8657.451397453438,\N,estimated,IMF_QNEA,derived_per_capita|QNEA|B1GQ|V|NSA|XDC|Q|population=SP.POP.TOTL_interpolated,NSA,\N
DEU,gdp_nominal_per_capita_lcu_quarterly_nsa_estimate,2011-Q4,quarterly,8762.435400846502,\N,estimated,IMF_QNEA,derived_per_capita|QNEA|B1GQ|V|NSA|XDC|Q|population=SP.POP.TOTL_interpolated,NSA,\N
DEU,gdp_nominal_per_capita_lcu_quarterly_nsa_estimate,2012-Q1,quarterly,8645.345462813655,\N,estimated,IMF_QNEA,derived_per_capita|QNEA|B1GQ|V|NSA|XDC|Q|population=SP.POP.TOTL_interpolated,NSA,\N
DEU,gdp_nominal_per_capita_lcu_quarterly_nsa_estimate,2012-Q2,quarterly,8526.375475319503,\N,estimated,IMF_QNEA,derived_per_capita|QNEA|B1GQ|V|NSA|XDC|Q|population=SP.POP.TOTL_interpolated,NSA,\N
DEU,gdp_nominal_per_capita_lcu_quarterly_nsa_estimate,2012-Q3,quarterly,8779.627899830319,\N,estimated,IMF_QNEA,derived_per_capita|QNEA|B1GQ|V|NSA|XDC|Q|population=SP.POP.TOTL_interpolated,NSA,\N
DEU,gdp_nominal_per_capita_lcu_quarterly_nsa_estimate,2012-Q4,quarterly,8867.787805512395,\N,estimated,IMF_QNEA,derived_per_capita|QNEA|B1GQ|V|NSA|XDC|Q|population=SP.POP.TOTL_interpolated,NSA,\N
DEU,gdp_nominal_per_capita_lcu_quarterly_nsa_estimate,2013-Q1,quarterly,8672.571532803722,\N,estimated,IMF_QNEA,derived_per_capita|QNEA|B1GQ|V|NSA|XDC|Q|population=SP.POP.TOTL_interpolated,NSA,\N
DEU,gdp_nominal_per_capita_lcu_quarterly_nsa_estimate,2013-Q2,quarterly,8769.119058820666,\N,estimated,IMF_QNEA,derived_per_capita|QNEA|B1GQ|V|NSA|XDC|Q|population=SP.POP.TOTL_interpolated,NSA,\N
DEU,gdp_nominal_per_capita_lcu_quarterly_nsa_estimate,2013-Q3,quarterly,9033.221266244931,\N,estimated,IMF_QNEA,derived_per_capita|QNEA|B1GQ|V|NSA|XDC|Q|population=SP.POP.TOTL_interpolated,NSA,\N
DEU,gdp_nominal_per_capita_lcu_quarterly_nsa_estimate,2013-Q4,quarterly,9099.32328371614,\N,estimated,IMF_QNEA,derived_per_capita|QNEA|B1GQ|V|NSA|XDC|Q|population=SP.POP.TOTL_interpolated,NSA,\N
DEU,gdp_nominal_per_capita_lcu_quarterly_nsa_estimate,2014-Q1,quarterly,9075.745871354908,\N,estimated,IMF_QNEA,derived_per_capita|QNEA|B1GQ|V|NSA|XDC|Q|population=SP.POP.TOTL_interpolated,NSA,\N
DEU,gdp_nominal_per_capita_lcu_quarterly_nsa_estimate,2014-Q2,quarterly,9042.457257181579,\N,estimated,IMF_QNEA,derived_per_capita|QNEA|B1GQ|V|NSA|XDC|Q|population=SP.POP.TOTL_interpolated,NSA,\N
DEU,gdp_nominal_per_capita_lcu_quarterly_nsa_estimate,2014-Q3,quarterly,9315.10069326053,\N,estimated,IMF_QNEA,derived_per_capita|QNEA|B1GQ|V|NSA|XDC|Q|population=SP.POP.TOTL_interpolated,NSA,\N
DEU,gdp_nominal_per_capita_lcu_quarterly_nsa_estimate,2014-Q4,quarterly,9447.294428146068,\N,estimated,IMF_QNEA,derived_per_capita|QNEA|B1GQ|V|NSA|XDC|Q|population=SP.POP.TOTL_interpolated,NSA,\N
DNK,gdp_nominal_per_capita_lcu_quarterly_nsa_estimate,2010-Q1,quarterly,78057.55044834194,\N,estimated,IMF_QNEA,derived_per_capita|QNEA|B1GQ|V|NSA|XDC|Q|population=SP.POP.TOTL_interpolated,NSA,\N
DNK,gdp_nominal_per_capita_lcu_quarterly_nsa_estimate,2010-Q2,quarterly,82201.14437274617,\N,estimated,IMF_QNEA,derived_per_capita|QNEA|B1GQ|V|NSA|XDC|Q|population=SP.POP.TOTL_interpolated,NSA,\N
DNK,gdp_nominal_per_capita_lcu_quarterly_nsa_estimate,2010-Q3,quarterly,82279.88837040369,\N,estimated,IMF_QNEA,derived_per_capita|QNEA|B1GQ|V|NSA|XDC|Q|population=SP.POP.TOTL_interpolated,NSA,\N
DNK,gdp_nominal_per_capita_lcu_quarterly_nsa_estimate,2010-Q4,quarterly,84248.22469027144,\N,estimated,IMF_QNEA,derived_per_capita|QNEA|B1GQ|V|NSA|XDC|Q|population=SP.POP.TOTL_interpolated,NSA,\N
DNK,gdp_nominal_per_capita_lcu_quarterly_nsa_estimate,2011-Q1,quarterly,81031.49581684015,\N,estimated,IMF_QNEA,derived_per_capita|QNEA|B1GQ|V|NSA|XDC|Q|population=SP.POP.TOTL_interpolated,NSA,\N
DNK,gdp_nominal_per_capita_lcu_quarterly_nsa_estimate,2011-Q2,quarterly,83872.15006023459,\N,estimated,IMF_QNEA,derived_per_capita|QNEA|B1GQ|V|NSA|XDC|Q|population=SP.POP.TOTL_interpolated,NSA,\N
DNK,gdp_nominal_per_capita_lcu_quarterly_nsa_estimate,2011-Q3,quarterly,81951.34498206325,\N,estimated,IMF_QNEA,derived_per_capita|QNEA|B1GQ|V|NSA|XDC|Q|population=SP.POP.TOTL_interpolated,NSA,\N
DNK,gdp_nominal_per_capita_lcu_quarterly_nsa_estimate,2011-Q4,quarterly,84992.82542255936,\N,estimated,IMF_QNEA,derived_per_capita|QNEA|B1GQ|V|NSA|XDC|Q|population=SP.POP.TOTL_interpolated,NSA,\N
DNK,gdp_nominal_per_capita_lcu_quarterly_nsa_estimate,2012-Q1,quarterly,81858.29424483456,\N,estimated,IMF_QNEA,derived_per_capita|QNEA|B1GQ|V|NSA|XDC|Q|population=SP.POP.TOTL_interpolated,NSA,\N
DNK,gdp_nominal_per_capita_lcu_quarterly_nsa_estimate,2012-Q2,quarterly,85403.04443753,\N,estimated,IMF_QNEA,derived_per_capita|QNEA|B1GQ|V|NSA|XDC|Q|population=SP.POP.TOTL_interpolated,NSA,\N
DNK,gdp_nominal_per_capita_lcu_quarterly_nsa_estimate,2012-Q3,quarterly,84577.30567851379,\N,estimated,IMF_QNEA,derived_per_capita|QNEA|B1GQ|V|NSA|XDC|Q|population=SP.POP.TOTL_interpolated,NSA,\N
DNK,gdp_nominal_per_capita_lcu_quarterly_nsa_estimate,2012-Q4,quarterly,86670.91950977192,\N,estimated,IMF_QNEA,derived_per_capita|QNEA|B1GQ|V|NSA|XDC|Q|population=SP.POP.TOTL_interpolated,NSA,\N
DNK,gdp_nominal_per_capita_lcu_quarterly_nsa_estimate,2013-Q1,quarterly,83045.0023652503,\N,estimated,IMF_QNEA,derived_per_capita|QNEA|B1GQ|V|NSA|XDC|Q|population=SP.POP.TOTL_interpolated,NSA,\N
DNK,gdp_nominal_per_capita_lcu_quarterly_nsa_estimate,2013-Q2,quarterly,87152.88545355925,\N,estimated,IMF_QNEA,derived_per_capita|QNEA|B1GQ|V|NSA|XDC|Q|population=SP.POP.TOTL_interpolated,NSA,\N
DNK,gdp_nominal_per_capita_lcu_quarterly_nsa_estimate,2013-Q3,quarterly,86116.85338873483,\N,estimated,IMF_QNEA,derived_per_capita|QNEA|B1GQ|V|NSA|XDC|Q|population=SP.POP.TOTL_interpolated,NSA,\N
DNK,gdp_nominal_per_capita_lcu_quarterly_nsa_estimate,2013-Q4,quarterly,88352.69525654711,\N,estimated,IMF_QNEA,derived_per_capita|QNEA|B1GQ|V|NSA|XDC|Q|population=SP.POP.TOTL_interpolated,NSA,\N
DNK,gdp_nominal_per_capita_lcu_quarterly_nsa_estimate,2014-Q1,quarterly,85359.76307044772,\N,estimated,IMF_QNEA,derived_per_capita|QNEA|B1GQ|V|NSA|XDC|Q|population=SP.POP.TOTL_interpolated,NSA,\N
DNK,gdp_nominal_per_capita_lcu_quarterly_nsa_estimate,2014-Q2,quarterly,87838.21045634683,\N,estimated,IMF_QNEA,derived_per_capita|QNEA|B1GQ|V|NSA|XDC|Q|population=SP.POP.TOTL_interpolated,NSA,\N
DNK,gdp_nominal_per_capita_lcu_quarterly_nsa_estimate,2014-Q3,quarterly,87312.80632156355,\N,estimated,IMF_QNEA,derived_per_capita|QNEA|B1GQ|V|NSA|XDC|Q|population=SP.POP.TOTL_interpolated,NSA,\N
DNK,gdp_nominal_per_capita_lcu_quarterly_nsa_estimate,2014-Q4,quarterly,90283.2113158344,\N,estimated,IMF_QNEA,derived_per_capita|QNEA|B1GQ|V|NSA|XDC|Q|population=SP.POP.TOTL_interpolated,NSA,\N
DOM,gdp_nominal_per_capita_lcu_quarterly_nsa_estimate,2010-Q1,quarterly,48451.78081953591,\N,estimated,IMF_QNEA,derived_per_capita|QNEA|B1GQ|V|NSA|XDC|Q|population=SP.POP.TOTL_interpolated,NSA,\N
DOM,gdp_nominal_per_capita_lcu_quarterly_nsa_estimate,2010-Q2,quarterly,50543.66897621339,\N,estimated,IMF_QNEA,derived_per_capita|QNEA|B1GQ|V|NSA|XDC|Q|population=SP.POP.TOTL_interpolated,NSA,\N
DOM,gdp_nominal_per_capita_lcu_quarterly_nsa_estimate,2010-Q3,quarterly,49947.3884258751,\N,estimated,IMF_QNEA,derived_per_capita|QNEA|B1GQ|V|NSA|XDC|Q|population=SP.POP.TOTL_interpolated,NSA,\N
DOM,gdp_nominal_per_capita_lcu_quarterly_nsa_estimate,2010-Q4,quarterly,52766.14992611893,\N,estimated,IMF_QNEA,derived_per_capita|QNEA|B1GQ|V|NSA|XDC|Q|population=SP.POP.TOTL_interpolated,NSA,\N
DOM,gdp_nominal_per_capita_lcu_quarterly_nsa_estimate,2011-Q1,quarterly,54509.388246107854,\N,estimated,IMF_QNEA,derived_per_capita|QNEA|B1GQ|V|NSA|XDC|Q|population=SP.POP.TOTL_interpolated,NSA,\N
DOM,gdp_nominal_per_capita_lcu_quarterly_nsa_estimate,2011-Q2,quarterly,55406.17087908248,\N,estimated,IMF_QNEA,derived_per_capita|QNEA|B1GQ|V|NSA|XDC|Q|population=SP.POP.TOTL_interpolated,NSA,\N
DOM,gdp_nominal_per_capita_lcu_quarterly_nsa_estimate,2011-Q3,quarterly,54109.366374078236,\N,estimated,IMF_QNEA,derived_per_capita|QNEA|B1GQ|V|NSA|XDC|Q|population=SP.POP.TOTL_interpolated,NSA,\N
DOM,gdp_nominal_per_capita_lcu_quarterly_nsa_estimate,2011-Q4,quarterly,57880.750770986975,\N,estimated,IMF_QNEA,derived_per_capita|QNEA|B1GQ|V|NSA|XDC|Q|population=SP.POP.TOTL_interpolated,NSA,\N
DOM,gdp_nominal_per_capita_lcu_quarterly_nsa_estimate,2012-Q1,quarterly,59170.07919470548,\N,estimated,IMF_QNEA,derived_per_capita|QNEA|B1GQ|V|NSA|XDC|Q|population=SP.POP.TOTL_interpolated,NSA,\N
DOM,gdp_nominal_per_capita_lcu_quarterly_nsa_estimate,2012-Q2,quarterly,58888.54705138458,\N,estimated,IMF_QNEA,derived_per_capita|QNEA|B1GQ|V|NSA|XDC|Q|population=SP.POP.TOTL_interpolated,NSA,\N
DOM,gdp_nominal_per_capita_lcu_quarterly_nsa_estimate,2012-Q3,quarterly,57333.79755024539,\N,estimated,IMF_QNEA,derived_per_capita|QNEA|B1GQ|V|NSA|XDC|Q|population=SP.POP.TOTL_interpolated,NSA,\N
DOM,gdp_nominal_per_capita_lcu_quarterly_nsa_estimate,2012-Q4,quarterly,61070.437041667145,\N,estimated,IMF_QNEA,derived_per_capita|QNEA|B1GQ|V|NSA|XDC|Q|population=SP.POP.TOTL_interpolated,NSA,\N
DOM,gdp_nominal_per_capita_lcu_quarterly_nsa_estimate,2013-Q1,quarterly,62343.57119085324,\N,estimated,IMF_QNEA,derived_per_capita|QNEA|B1GQ|V|NSA|XDC|Q|population=SP.POP.TOTL_interpolated,NSA,\N
DOM,gdp_nominal_per_capita_lcu_quarterly_nsa_estimate,2013-Q2,quarterly,63034.4665271115,\N,estimated,IMF_QNEA,derived_per_capita|QNEA|B1GQ|V|NSA|XDC|Q|population=SP.POP.TOTL_interpolated,NSA,\N
DOM,gdp_nominal_per_capita_lcu_quarterly_nsa_estimate,2013-Q3,quarterly,63523.40055783877,\N,estimated,IMF_QNEA,derived_per_capita|QNEA|B1GQ|V|NSA|XDC|Q|population=SP.POP.TOTL_interpolated,NSA,\N
DOM,gdp_nominal_per_capita_lcu_quarterly_nsa_estimate,2013-Q4,quarterly,67555.70274038249,\N,estimated,IMF_QNEA,derived_per_capita|QNEA|B1GQ|V|NSA|XDC|Q|population=SP.POP.TOTL_interpolated,NSA,\N
DOM,gdp_nominal_per_capita_lcu_quarterly_nsa_estimate,2014-Q1,quarterly,68443.5679582423,\N,estimated,IMF_QNEA,derived_per_capita|QNEA|B1GQ|V|NSA|XDC|Q|population=SP.POP.TOTL_interpolated,NSA,\N
DOM,gdp_nominal_per_capita_lcu_quarterly_nsa_estimate,2014-Q2,quarterly,70425.54855857824,\N,estimated,IMF_QNEA,derived_per_capita|QNEA|B1GQ|V|NSA|XDC|Q|population=SP.POP.TOTL_interpolated,NSA,\N
DOM,gdp_nominal_per_capita_lcu_quarterly_nsa_estimate,2014-Q3,quarterly,69557.65012924557,\N,estimated,IMF_QNEA,derived_per_capita|QNEA|B1GQ|V|NSA|XDC|Q|population=SP.POP.TOTL_interpolated,NSA,\N
DOM,gdp_nominal_per_capita_lcu_quarterly_nsa_estimate,2014-Q4,quarterly,74474.67692065191,\N,estimated,IMF_QNEA,derived_per_capita|QNEA|B1GQ|V|NSA|XDC|Q|population=SP.POP.TOTL_interpolated,NSA,\N
DZA,gdp_nominal_per_capita_lcu_quarterly_nsa_estimate,2010-Q1,quarterly,88803.21721550643,\N,estimated,IMF_QNEA,derived_per_capita|QNEA|B1GQ|V|NSA|XDC|Q|population=SP.POP.TOTL_interpolated,NSA,\N
DZA,gdp_nominal_per_capita_lcu_quarterly_nsa_estimate,2010-Q2,quarterly,91756.50224238692,\N,estimated,IMF_QNEA,derived_per_capita|QNEA|B1GQ|V|NSA|XDC|Q|population=SP.POP.TOTL_interpolated,NSA,\N
DZA,gdp_nominal_per_capita_lcu_quarterly_nsa_estimate,2010-Q3,quarterly,93054.0925518326,\N,estimated,IMF_QNEA,derived_per_capita|QNEA|B1GQ|V|NSA|XDC|Q|population=SP.POP.TOTL_interpolated,NSA,\N
DZA,gdp_nominal_per_capita_lcu_quarterly_nsa_estimate,2010-Q4,quarterly,91781.85067491622,\N,estimated,IMF_QNEA,derived_per_capita|QNEA|B1GQ|V|NSA|XDC|Q|population=SP.POP.TOTL_interpolated,NSA,\N
DZA,gdp_nominal_per_capita_lcu_quarterly_nsa_estimate,2011-Q1,quarterly,102294.09839283387,\N,estimated,IMF_QNEA,derived_per_capita|QNEA|B1GQ|V|NSA|XDC|Q|population=SP.POP.TOTL_interpolated,NSA,\N
DZA,gdp_nominal_per_capita_lcu_quarterly_nsa_estimate,2011-Q2,quarterly,107303.24524647,\N,estimated,IMF_QNEA,derived_per_capita|QNEA|B1GQ|V|NSA|XDC|Q|population=SP.POP.TOTL_interpolated,NSA,\N
DZA,gdp_nominal_per_capita_lcu_quarterly_nsa_estimate,2011-Q3,quarterly,107707.67901122128,\N,estimated,IMF_QNEA,derived_per_capita|QNEA|B1GQ|V|NSA|XDC|Q|population=SP.POP.TOTL_interpolated,NSA,\N
DZA,gdp_nominal_per_capita_lcu_quarterly_nsa_estimate,2011-Q4,quarterly,114089.52908560289,\N,estimated,IMF_QNEA,derived_per_capita|QNEA|B1GQ|V|NSA|XDC|Q|population=SP.POP.TOTL_interpolated,NSA,\N
DZA,gdp_nominal_per_capita_lcu_quarterly_nsa_estimate,2012-Q1,quarterly,119240.17450964348,\N,estimated,IMF_QNEA,derived_per_capita|QNEA|B1GQ|V|NSA|XDC|Q|population=SP.POP.TOTL_interpolated,NSA,\N
DZA,gdp_nominal_per_capita_lcu_quarterly_nsa_estimate,2012-Q2,quarterly,118818.25433144657,\N,estimated,IMF_QNEA,derived_per_capita|QNEA|B1GQ|V|NSA|XDC|Q|population=SP.POP.TOTL_interpolated,NSA,\N
DZA,gdp_nominal_per_capita_lcu_quarterly_nsa_estimate,2012-Q3,quarterly,108230.38699888099,\N,estimated,IMF_QNEA,derived_per_capita|QNEA|B1GQ|V|NSA|XDC|Q|population=SP.POP.TOTL_interpolated,NSA,\N
DZA,gdp_nominal_per_capita_lcu_quarterly_nsa_estimate,2012-Q4,quarterly,121505.75479046277,\N,estimated,IMF_QNEA,derived_per_capita|QNEA|B1GQ|V|NSA|XDC|Q|population=SP.POP.TOTL_interpolated,NSA,\N
DZA,gdp_nominal_per_capita_lcu_quarterly_nsa_estimate,2013-Q1,quarterly,120652.62536391793,\N,estimated,IMF_QNEA,derived_per_capita|QNEA|B1GQ|V|NSA|XDC|Q|population=SP.POP.TOTL_interpolated,NSA,\N
DZA,gdp_nominal_per_capita_lcu_quarterly_nsa_estimate,2013-Q2,quarterly,115760.32875760707,\N,estimated,IMF_QNEA,derived_per_capita|QNEA|B1GQ|V|NSA|XDC|Q|population=SP.POP.TOTL_interpolated,NSA,\N
DZA,gdp_nominal_per_capita_lcu_quarterly_nsa_estimate,2013-Q3,quarterly,115293.2883478639,\N,estimated,IMF_QNEA,derived_per_capita|QNEA|B1GQ|V|NSA|XDC|Q|population=SP.POP.TOTL_interpolated,NSA,\N
DZA,gdp_nominal_per_capita_lcu_quarterly_nsa_estimate,2013-Q4,quarterly,122833.98535086261,\N,estimated,IMF_QNEA,derived_per_capita|QNEA|B1GQ|V|NSA|XDC|Q|population=SP.POP.TOTL_interpolated,NSA,\N
DZA,gdp_nominal_per_capita_lcu_quarterly_nsa_estimate,2014-Q1,quarterly,123016.32818478275,\N,estimated,IMF_QNEA,derived_per_capita|QNEA|B1GQ|V|NSA|XDC|Q|population=SP.POP.TOTL_interpolated,NSA,\N
DZA,gdp_nominal_per_capita_lcu_quarterly_nsa_estimate,2014-Q2,quarterly,123200.76266219195,\N,estimated,IMF_QNEA,derived_per_capita|QNEA|B1GQ|V|NSA|XDC|Q|population=SP.POP.TOTL_interpolated,NSA,\N
DZA,gdp_nominal_per_capita_lcu_quarterly_nsa_estimate,2014-Q3,quarterly,122326.57986341856,\N,estimated,IMF_QNEA,derived_per_capita|QNEA|B1GQ|V|NSA|XDC|Q|population=SP.POP.TOTL_interpolated,NSA,\N
DZA,gdp_nominal_per_capita_lcu_quarterly_nsa_estimate,2014-Q4,quarterly,122529.73643927564,\N,estimated,IMF_QNEA,derived_per_capita|QNEA|B1GQ|V|NSA|XDC|Q|population=SP.POP.TOTL_interpolated,NSA,\N
ECU,gdp_nominal_per_capita_lcu_quarterly_nsa_estimate,2010-Q1,quarterly,1045.4896514638745,\N,estimated,IMF_QNEA,derived_per_capita|QNEA|B1GQ|V|NSA|XDC|Q|population=SP.POP.TOTL_interpolated,NSA,\N
ECU,gdp_nominal_per_capita_lcu_quarterly_nsa_estimate,2010-Q2,quarterly,1072.399771112659,\N,estimated,IMF_QNEA,derived_per_capita|QNEA|B1GQ|V|NSA|XDC|Q|population=SP.POP.TOTL_interpolated,NSA,\N
ECU,gdp_nominal_per_capita_lcu_quarterly_nsa_estimate,2010-Q3,quarterly,1116.9755947646415,\N,estimated,IMF_QNEA,derived_per_capita|QNEA|B1GQ|V|NSA|XDC|Q|population=SP.POP.TOTL_interpolated,NSA,\N
ECU,gdp_nominal_per_capita_lcu_quarterly_nsa_estimate,2010-Q4,quarterly,1283.9147560315193,\N,estimated,IMF_QNEA,derived_per_capita|QNEA|B1GQ|V|NSA|XDC|Q|population=SP.POP.TOTL_interpolated,NSA,\N
ECU,gdp_nominal_per_capita_lcu_quarterly_nsa_estimate,2011-Q1,quarterly,1173.4302397541464,\N,estimated,IMF_QNEA,derived_per_capita|QNEA|B1GQ|V|NSA|XDC|Q|population=SP.POP.TOTL_interpolated,NSA,\N
ECU,gdp_nominal_per_capita_lcu_quarterly_nsa_estimate,2011-Q2,quarterly,1243.8076151102232,\N,estimated,IMF_QNEA,derived_per_capita|QNEA|B1GQ|V|NSA|XDC|Q|population=SP.POP.TOTL_interpolated,NSA,\N
ECU,gdp_nominal_per_capita_lcu_quarterly_nsa_estimate,2011-Q3,quarterly,1280.6047705430033,\N,estimated,IMF_QNEA,derived_per_capita|QNEA|B1GQ|V|NSA|XDC|Q|population=SP.POP.TOTL_interpolated,NSA,\N
ECU,gdp_nominal_per_capita_lcu_quarterly_nsa_estimate,2011-Q4,quarterly,1454.2238125687888,\N,estimated,IMF_QNEA,derived_per_capita|QNEA|B1GQ|V|NSA|XDC|Q|population=SP.POP.TOTL_interpolated,NSA,\N
ECU,gdp_nominal_per_capita_lcu_quarterly_nsa_estimate,2012-Q1,quarterly,1330.0758768269784,\N,estimated,IMF_QNEA,derived_per_capita|QNEA|B1GQ|V|NSA|XDC|Q|population=SP.POP.TOTL_interpolated,NSA,\N
ECU,gdp_nominal_per_capita_lcu_quarterly_nsa_estimate,2012-Q2,quarterly,1354.2301896062725,\N,estimated,IMF_QNEA,derived_per_capita|QNEA|B1GQ|V|NSA|XDC|Q|population=SP.POP.TOTL_interpolated,NSA,\N
ECU,gdp_nominal_per_capita_lcu_quarterly_nsa_estimate,2012-Q3,quarterly,1404.0707719582927,\N,estimated,IMF_QNEA,derived_per_capita|QNEA|B1GQ|V|NSA|XDC|Q|population=SP.POP.TOTL_interpolated,NSA,\N
ECU,gdp_nominal_per_capita_lcu_quarterly_nsa_estimate,2012-Q4,quarterly,1544.8711958211895,\N,estimated,IMF_QNEA,derived_per_capita|QNEA|B1GQ|V|NSA|XDC|Q|population=SP.POP.TOTL_interpolated,NSA,\N
ECU,gdp_nominal_per_capita_lcu_quarterly_nsa_estimate,2013-Q1,quarterly,1403.7106887340663,\N,estimated,IMF_QNEA,derived_per_capita|QNEA|B1GQ|V|NSA|XDC|Q|population=SP.POP.TOTL_interpolated,NSA,\N
ECU,gdp_nominal_per_capita_lcu_quarterly_nsa_estimate,2013-Q2,quarterly,1448.1982717479896,\N,estimated,IMF_QNEA,derived_per_capita|QNEA|B1GQ|V|NSA|XDC|Q|population=SP.POP.TOTL_interpolated,NSA,\N
ECU,gdp_nominal_per_capita_lcu_quarterly_nsa_estimate,2013-Q3,quarterly,1547.9806759316737,\N,estimated,IMF_QNEA,derived_per_capita|QNEA|B1GQ|V|NSA|XDC|Q|population=SP.POP.TOTL_interpolated,NSA,\N
ECU,gdp_nominal_per_capita_lcu_quarterly_nsa_estimate,2013-Q4,quarterly,1707.8860771961008,\N,estimated,IMF_QNEA,derived_per_capita|QNEA|B1GQ|V|NSA|XDC|Q|population=SP.POP.TOTL_interpolated,NSA,\N
ECU,gdp_nominal_per_capita_lcu_quarterly_nsa_estimate,2014-Q1,quarterly,1499.6482452176322,\N,estimated,IMF_QNEA,derived_per_capita|QNEA|B1GQ|V|NSA|XDC|Q|population=SP.POP.TOTL_interpolated,NSA,\N
ECU,gdp_nominal_per_capita_lcu_quarterly_nsa_estimate,2014-Q2,quarterly,1563.6415543128908,\N,estimated,IMF_QNEA,derived_per_capita|QNEA|B1GQ|V|NSA|XDC|Q|population=SP.POP.TOTL_interpolated,NSA,\N
ECU,gdp_nominal_per_capita_lcu_quarterly_nsa_estimate,2014-Q3,quarterly,1617.5574687110013,\N,estimated,IMF_QNEA,derived_per_capita|QNEA|B1GQ|V|NSA|XDC|Q|population=SP.POP.TOTL_interpolated,NSA,\N
ECU,gdp_nominal_per_capita_lcu_quarterly_nsa_estimate,2014-Q4,quarterly,1723.498796344757,\N,estimated,IMF_QNEA,derived_per_capita|QNEA|B1GQ|V|NSA|XDC|Q|population=SP.POP.TOTL_interpolated,NSA,\N
ESP,gdp_nominal_per_capita_lcu_quarterly_nsa_estimate,2010-Q1,quarterly,5559.4739518457345,\N,estimated,IMF_QNEA,derived_per_capita|QNEA|B1GQ|V|NSA|XDC|Q|population=SP.POP.TOTL_interpolated,NSA,\N
ESP,gdp_nominal_per_capita_lcu_quarterly_nsa_estimate,2010-Q2,quarterly,5900.560611743423,\N,estimated,IMF_QNEA,derived_per_capita|QNEA|B1GQ|V|NSA|XDC|Q|population=SP.POP.TOTL_interpolated,NSA,\N
ESP,gdp_nominal_per_capita_lcu_quarterly_nsa_estimate,2010-Q3,quarterly,5639.708395419835,\N,estimated,IMF_QNEA,derived_per_capita|QNEA|B1GQ|V|NSA|XDC|Q|population=SP.POP.TOTL_interpolated,NSA,\N
ESP,gdp_nominal_per_capita_lcu_quarterly_nsa_estimate,2010-Q4,quarterly,6028.82921855735,\N,estimated,IMF_QNEA,derived_per_capita|QNEA|B1GQ|V|NSA|XDC|Q|population=SP.POP.TOTL_interpolated,NSA,\N
ESP,gdp_nominal_per_capita_lcu_quarterly_nsa_estimate,2011-Q1,quarterly,5566.754373483655,\N,estimated,IMF_QNEA,derived_per_capita|QNEA|B1GQ|V|NSA|XDC|Q|population=SP.POP.TOTL_interpolated,NSA,\N
ESP,gdp_nominal_per_capita_lcu_quarterly_nsa_estimate,2011-Q2,quarterly,5860.925561960441,\N,estimated,IMF_QNEA,derived_per_capita|QNEA|B1GQ|V|NSA|XDC|Q|population=SP.POP.TOTL_interpolated,NSA,\N
ESP,gdp_nominal_per_capita_lcu_quarterly_nsa_estimate,2011-Q3,quarterly,5576.012022335344,\N,estimated,IMF_QNEA,derived_per_capita|QNEA|B1GQ|V|NSA|XDC|Q|population=SP.POP.TOTL_interpolated,NSA,\N
ESP,gdp_nominal_per_capita_lcu_quarterly_nsa_estimate,2011-Q4,quarterly,5867.680268019383,\N,estimated,IMF_QNEA,derived_per_capita|QNEA|B1GQ|V|NSA|XDC|Q|population=SP.POP.TOTL_interpolated,NSA,\N
ESP,gdp_nominal_per_capita_lcu_quarterly_nsa_estimate,2012-Q1,quarterly,5419.609606228622,\N,estimated,IMF_QNEA,derived_per_capita|QNEA|B1GQ|V|NSA|XDC|Q|population=SP.POP.TOTL_interpolated,NSA,\N
ESP,gdp_nominal_per_capita_lcu_quarterly_nsa_estimate,2012-Q2,quarterly,5640.970128450984,\N,estimated,IMF_QNEA,derived_per_capita|QNEA|B1GQ|V|NSA|XDC|Q|population=SP.POP.TOTL_interpolated,NSA,\N
ESP,gdp_nominal_per_capita_lcu_quarterly_nsa_estimate,2012-Q3,quarterly,5443.495132242912,\N,estimated,IMF_QNEA,derived_per_capita|QNEA|B1GQ|V|NSA|XDC|Q|population=SP.POP.TOTL_interpolated,NSA,\N
ESP,gdp_nominal_per_capita_lcu_quarterly_nsa_estimate,2012-Q4,quarterly,5656.551249947462,\N,estimated,IMF_QNEA,derived_per_capita|QNEA|B1GQ|V|NSA|XDC|Q|population=SP.POP.TOTL_interpolated,NSA,\N
ESP,gdp_nominal_per_capita_lcu_quarterly_nsa_estimate,2013-Q1,quarterly,5315.195807362267,\N,estimated,IMF_QNEA,derived_per_capita|QNEA|B1GQ|V|NSA|XDC|Q|population=SP.POP.TOTL_interpolated,NSA,\N
ESP,gdp_nominal_per_capita_lcu_quarterly_nsa_estimate,2013-Q2,quarterly,5590.161912991699,\N,estimated,IMF_QNEA,derived_per_capita|QNEA|B1GQ|V|NSA|XDC|Q|population=SP.POP.TOTL_interpolated,NSA,\N
ESP,gdp_nominal_per_capita_lcu_quarterly_nsa_estimate,2013-Q3,quarterly,5420.481882814213,\N,estimated,IMF_QNEA,derived_per_capita|QNEA|B1GQ|V|NSA|XDC|Q|population=SP.POP.TOTL_interpolated,NSA,\N
ESP,gdp_nominal_per_capita_lcu_quarterly_nsa_estimate,2013-Q4,quarterly,5680.767756271386,\N,estimated,IMF_QNEA,derived_per_capita|QNEA|B1GQ|V|NSA|XDC|Q|population=SP.POP.TOTL_interpolated,NSA,\N
ESP,gdp_nominal_per_capita_lcu_quarterly_nsa_estimate,2014-Q1,quarterly,5365.527487194755,\N,estimated,IMF_QNEA,derived_per_capita|QNEA|B1GQ|V|NSA|XDC|Q|population=SP.POP.TOTL_interpolated,NSA,\N
ESP,gdp_nominal_per_capita_lcu_quarterly_nsa_estimate,2014-Q2,quarterly,5646.999421196813,\N,estimated,IMF_QNEA,derived_per_capita|QNEA|B1GQ|V|NSA|XDC|Q|population=SP.POP.TOTL_interpolated,NSA,\N
ESP,gdp_nominal_per_capita_lcu_quarterly_nsa_estimate,2014-Q3,quarterly,5520.694648466213,\N,estimated,IMF_QNEA,derived_per_capita|QNEA|B1GQ|V|NSA|XDC|Q|population=SP.POP.TOTL_interpolated,NSA,\N
ESP,gdp_nominal_per_capita_lcu_quarterly_nsa_estimate,2014-Q4,quarterly,5822.635459825191,\N,estimated,IMF_QNEA,derived_per_capita|QNEA|B1GQ|V|NSA|XDC|Q|population=SP.POP.TOTL_interpolated,NSA,\N
EST,gdp_nominal_per_capita_lcu_quarterly_nsa_estimate,2010-Q1,quarterly,2488.2851010982167,\N,estimated,IMF_QNEA,derived_per_capita|QNEA|B1GQ|V|NSA|XDC|Q|population=SP.POP.TOTL_interpolated,NSA,\N
EST,gdp_nominal_per_capita_lcu_quarterly_nsa_estimate,2010-Q2,quarterly,2757.930767238175,\N,estimated,IMF_QNEA,derived_per_capita|QNEA|B1GQ|V|NSA|XDC|Q|population=SP.POP.TOTL_interpolated,NSA,\N
EST,gdp_nominal_per_capita_lcu_quarterly_nsa_estimate,2010-Q3,quarterly,2855.083833187888,\N,estimated,IMF_QNEA,derived_per_capita|QNEA|B1GQ|V|NSA|XDC|Q|population=SP.POP.TOTL_interpolated,NSA,\N
EST,gdp_nominal_per_capita_lcu_quarterly_nsa_estimate,2010-Q4,quarterly,2971.9982585962075,\N,estimated,IMF_QNEA,derived_per_capita|QNEA|B1GQ|V|NSA|XDC|Q|population=SP.POP.TOTL_interpolated,NSA,\N
EST,gdp_nominal_per_capita_lcu_quarterly_nsa_estimate,2011-Q1,quarterly,2879.7211804033627,\N,estimated,IMF_QNEA,derived_per_capita|QNEA|B1GQ|V|NSA|XDC|Q|population=SP.POP.TOTL_interpolated,NSA,\N
EST,gdp_nominal_per_capita_lcu_quarterly_nsa_estimate,2011-Q2,quarterly,3190.8035831343727,\N,estimated,IMF_QNEA,derived_per_capita|QNEA|B1GQ|V|NSA|XDC|Q|population=SP.POP.TOTL_interpolated,NSA,\N
EST,gdp_nominal_per_capita_lcu_quarterly_nsa_estimate,2011-Q3,quarterly,3246.165273309292,\N,estimated,IMF_QNEA,derived_per_capita|QNEA|B1GQ|V|NSA|XDC|Q|population=SP.POP.TOTL_interpolated,NSA,\N
EST,gdp_nominal_per_capita_lcu_quarterly_nsa_estimate,2011-Q4,quarterly,3296.8288163550187,\N,estimated,IMF_QNEA,derived_per_capita|QNEA|B1GQ|V|NSA|XDC|Q|population=SP.POP.TOTL_interpolated,NSA,\N
EST,gdp_nominal_per_capita_lcu_quarterly_nsa_estimate,2012-Q1,quarterly,3120.178320517088,\N,estimated,IMF_QNEA,derived_per_capita|QNEA|B1GQ|V|NSA|XDC|Q|population=SP.POP.TOTL_interpolated,NSA,\N
EST,gdp_nominal_per_capita_lcu_quarterly_nsa_estimate,2012-Q2,quarterly,3474.4748526658627,\N,estimated,IMF_QNEA,derived_per_capita|QNEA|B1GQ|V|NSA|XDC|Q|population=SP.POP.TOTL_interpolated,NSA,\N
EST,gdp_nominal_per_capita_lcu_quarterly_nsa_estimate,2012-Q3,quarterly,3513.2747273318787,\N,estimated,IMF_QNEA,derived_per_capita|QNEA|B1GQ|V|NSA|XDC|Q|population=SP.POP.TOTL_interpolated,NSA,\N
EST,gdp_nominal_per_capita_lcu_quarterly_nsa_estimate,2012-Q4,quarterly,3566.6414929362,\N,estimated,IMF_QNEA,derived_per_capita|QNEA|B1GQ|V|NSA|XDC|Q|population=SP.POP.TOTL_interpolated,NSA,\N
EST,gdp_nominal_per_capita_lcu_quarterly_nsa_estimate,2013-Q1,quarterly,3401.306229271194,\N,estimated,IMF_QNEA,derived_per_capita|QNEA|B1GQ|V|NSA|XDC|Q|population=SP.POP.TOTL_interpolated,NSA,\N
EST,gdp_nominal_per_capita_lcu_quarterly_nsa_estimate,2013-Q2,quarterly,3694.415991392284,\N,estimated,IMF_QNEA,derived_per_capita|QNEA|B1GQ|V|NSA|XDC|Q|population=SP.POP.TOTL_interpolated,NSA,\N
EST,gdp_nominal_per_capita_lcu_quarterly_nsa_estimate,2013-Q3,quarterly,3720.4831418248277,\N,estimated,IMF_QNEA,derived_per_capita|QNEA|B1GQ|V|NSA|XDC|Q|population=SP.POP.TOTL_interpolated,NSA,\N
EST,gdp_nominal_per_capita_lcu_quarterly_nsa_estimate,2013-Q4,quarterly,3722.1368501996467,\N,estimated,IMF_QNEA,derived_per_capita|QNEA|B1GQ|V|NSA|XDC|Q|population=SP.POP.TOTL_interpolated,NSA,\N
EST,gdp_nominal_per_capita_lcu_quarterly_nsa_estimate,2014-Q1,quarterly,3582.961193215434,\N,estimated,IMF_QNEA,derived_per_capita|QNEA|B1GQ|V|NSA|XDC|Q|population=SP.POP.TOTL_interpolated,NSA,\N
EST,gdp_nominal_per_capita_lcu_quarterly_nsa_estimate,2014-Q2,quarterly,3924.9733314625773,\N,estimated,IMF_QNEA,derived_per_capita|QNEA|B1GQ|V|NSA|XDC|Q|population=SP.POP.TOTL_interpolated,NSA,\N
EST,gdp_nominal_per_capita_lcu_quarterly_nsa_estimate,2014-Q3,quarterly,3911.8141319066954,\N,estimated,IMF_QNEA,derived_per_capita|QNEA|B1GQ|V|NSA|XDC|Q|population=SP.POP.TOTL_interpolated,NSA,\N
EST,gdp_nominal_per_capita_lcu_quarterly_nsa_estimate,2014-Q4,quarterly,4066.6078711688415,\N,estimated,IMF_QNEA,derived_per_capita|QNEA|B1GQ|V|NSA|XDC|Q|population=SP.POP.TOTL_interpolated,NSA,\N
FIN,gdp_nominal_per_capita_lcu_quarterly_nsa_estimate,2010-Q1,quarterly,8165.0352401619175,\N,estimated,IMF_QNEA,derived_per_capita|QNEA|B1GQ|V|NSA|XDC|Q|population=SP.POP.TOTL_interpolated,NSA,\N
FIN,gdp_nominal_per_capita_lcu_quarterly_nsa_estimate,2010-Q2,quarterly,8847.092864695916,\N,estimated,IMF_QNEA,derived_per_capita|QNEA|B1GQ|V|NSA|XDC|Q|population=SP.POP.TOTL_interpolated,NSA,\N
FIN,gdp_nominal_per_capita_lcu_quarterly_nsa_estimate,2010-Q3,quarterly,8629.699949706202,\N,estimated,IMF_QNEA,derived_per_capita|QNEA|B1GQ|V|NSA|XDC|Q|population=SP.POP.TOTL_interpolated,NSA,\N
FIN,gdp_nominal_per_capita_lcu_quarterly_nsa_estimate,2010-Q4,quarterly,9435.856889007513,\N,estimated,IMF_QNEA,derived_per_capita|QNEA|B1GQ|V|NSA|XDC|Q|population=SP.POP.TOTL_interpolated,NSA,\N
FIN,gdp_nominal_per_capita_lcu_quarterly_nsa_estimate,2011-Q1,quarterly,8752.675022360407,\N,estimated,IMF_QNEA,derived_per_capita|QNEA|B1GQ|V|NSA|XDC|Q|population=SP.POP.TOTL_interpolated,NSA,\N
FIN,gdp_nominal_per_capita_lcu_quarterly_nsa_estimate,2011-Q2,quarterly,9237.799380779428,\N,estimated,IMF_QNEA,derived_per_capita|QNEA|B1GQ|V|NSA|XDC|Q|population=SP.POP.TOTL_interpolated,NSA,\N
FIN,gdp_nominal_per_capita_lcu_quarterly_nsa_estimate,2011-Q3,quarterly,9079.688745272493,\N,estimated,IMF_QNEA,derived_per_capita|QNEA|B1GQ|V|NSA|XDC|Q|population=SP.POP.TOTL_interpolated,NSA,\N
FIN,gdp_nominal_per_capita_lcu_quarterly_nsa_estimate,2011-Q4,quarterly,9610.2025430078,\N,estimated,IMF_QNEA,derived_per_capita|QNEA|B1GQ|V|NSA|XDC|Q|population=SP.POP.TOTL_interpolated,NSA,\N
FIN,gdp_nominal_per_capita_lcu_quarterly_nsa_estimate,2012-Q1,quarterly,9002.219538110976,\N,estimated,IMF_QNEA,derived_per_capita|QNEA|B1GQ|V|NSA|XDC|Q|population=SP.POP.TOTL_interpolated,NSA,\N
FIN,gdp_nominal_per_capita_lcu_quarterly_nsa_estimate,2012-Q2,quarterly,9311.07881383269,\N,estimated,IMF_QNEA,derived_per_capita|QNEA|B1GQ|V|NSA|XDC|Q|population=SP.POP.TOTL_interpolated,NSA,\N
FIN,gdp_nominal_per_capita_lcu_quarterly_nsa_estimate,2012-Q3,quarterly,9105.06272398849,\N,estimated,IMF_QNEA,derived_per_capita|QNEA|B1GQ|V|NSA|XDC|Q|population=SP.POP.TOTL_interpolated,NSA,\N
FIN,gdp_nominal_per_capita_lcu_quarterly_nsa_estimate,2012-Q4,quarterly,9592.601394558724,\N,estimated,IMF_QNEA,derived_per_capita|QNEA|B1GQ|V|NSA|XDC|Q|population=SP.POP.TOTL_interpolated,NSA,\N
FIN,gdp_nominal_per_capita_lcu_quarterly_nsa_estimate,2013-Q1,quarterly,8914.474378656076,\N,estimated,IMF_QNEA,derived_per_capita|QNEA|B1GQ|V|NSA|XDC|Q|population=SP.POP.TOTL_interpolated,NSA,\N
FIN,gdp_nominal_per_capita_lcu_quarterly_nsa_estimate,2013-Q2,quarterly,9470.649410079272,\N,estimated,IMF_QNEA,derived_per_capita|QNEA|B1GQ|V|NSA|XDC|Q|population=SP.POP.TOTL_interpolated,NSA,\N
FIN,gdp_nominal_per_capita_lcu_quarterly_nsa_estimate,2013-Q3,quarterly,9290.51004269827,\N,estimated,IMF_QNEA,derived_per_capita|QNEA|B1GQ|V|NSA|XDC|Q|population=SP.POP.TOTL_interpolated,NSA,\N
FIN,gdp_nominal_per_capita_lcu_quarterly_nsa_estimate,2013-Q4,quarterly,9739.832098636705,\N,estimated,IMF_QNEA,derived_per_capita|QNEA|B1GQ|V|NSA|XDC|Q|population=SP.POP.TOTL_interpolated,NSA,\N
FIN,gdp_nominal_per_capita_lcu_quarterly_nsa_estimate,2014-Q1,quarterly,9001.185481288074,\N,estimated,IMF_QNEA,derived_per_capita|QNEA|B1GQ|V|NSA|XDC|Q|population=SP.POP.TOTL_interpolated,NSA,\N
FIN,gdp_nominal_per_capita_lcu_quarterly_nsa_estimate,2014-Q2,quarterly,9499.34091383938,\N,estimated,IMF_QNEA,derived_per_capita|QNEA|B1GQ|V|NSA|XDC|Q|population=SP.POP.TOTL_interpolated,NSA,\N
FIN,gdp_nominal_per_capita_lcu_quarterly_nsa_estimate,2014-Q3,quarterly,9363.141689286336,\N,estimated,IMF_QNEA,derived_per_capita|QNEA|B1GQ|V|NSA|XDC|Q|population=SP.POP.TOTL_interpolated,NSA,\N
FIN,gdp_nominal_per_capita_lcu_quarterly_nsa_estimate,2014-Q4,quarterly,9831.081603906976,\N,estimated,IMF_QNEA,derived_per_capita|QNEA|B1GQ|V|NSA|XDC|Q|population=SP.POP.TOTL_interpolated,NSA,\N
FRA,gdp_nominal_per_capita_lcu_quarterly_nsa_estimate,2010-Q1,quarterly,7460.700032288663,\N,estimated,IMF_QNEA,derived_per_capita|QNEA|B1GQ|V|NSA|XDC|Q|population=SP.POP.TOTL_interpolated,NSA,\N
FRA,gdp_nominal_per_capita_lcu_quarterly_nsa_estimate,2010-Q2,quarterly,7699.260747149753,\N,estimated,IMF_QNEA,derived_per_capita|QNEA|B1GQ|V|NSA|XDC|Q|population=SP.POP.TOTL_interpolated,NSA,\N
FRA,gdp_nominal_per_capita_lcu_quarterly_nsa_estimate,2010-Q3,quarterly,7604.710763295824,\N,estimated,IMF_QNEA,derived_per_capita|QNEA|B1GQ|V|NSA|XDC|Q|population=SP.POP.TOTL_interpolated,NSA,\N
FRA,gdp_nominal_per_capita_lcu_quarterly_nsa_estimate,2010-Q4,quarterly,7931.297867310871,\N,estimated,IMF_QNEA,derived_per_capita|QNEA|B1GQ|V|NSA|XDC|Q|population=SP.POP.TOTL_interpolated,NSA,\N
FRA,gdp_nominal_per_capita_lcu_quarterly_nsa_estimate,2011-Q1,quarterly,7773.571938650954,\N,estimated,IMF_QNEA,derived_per_capita|QNEA|B1GQ|V|NSA|XDC|Q|population=SP.POP.TOTL_interpolated,NSA,\N
FRA,gdp_nominal_per_capita_lcu_quarterly_nsa_estimate,2011-Q2,quarterly,7910.923627080932,\N,estimated,IMF_QNEA,derived_per_capita|QNEA|B1GQ|V|NSA|XDC|Q|population=SP.POP.TOTL_interpolated,NSA,\N
FRA,gdp_nominal_per_capita_lcu_quarterly_nsa_estimate,2011-Q3,quarterly,7746.7320407359875,\N,estimated,IMF_QNEA,derived_per_capita|QNEA|B1GQ|V|NSA|XDC|Q|population=SP.POP.TOTL_interpolated,NSA,\N
FRA,gdp_nominal_per_capita_lcu_quarterly_nsa_estimate,2011-Q4,quarterly,8127.86310600119,\N,estimated,IMF_QNEA,derived_per_capita|QNEA|B1GQ|V|NSA|XDC|Q|population=SP.POP.TOTL_interpolated,NSA,\N
FRA,gdp_nominal_per_capita_lcu_quarterly_nsa_estimate,2012-Q1,quarterly,7878.777469740585,\N,estimated,IMF_QNEA,derived_per_capita|QNEA|B1GQ|V|NSA|XDC|Q|population=SP.POP.TOTL_interpolated,NSA,\N
FRA,gdp_nominal_per_capita_lcu_quarterly_nsa_estimate,2012-Q2,quarterly,7934.361922562537,\N,estimated,IMF_QNEA,derived_per_capita|QNEA|B1GQ|V|NSA|XDC|Q|population=SP.POP.TOTL_interpolated,NSA,\N
FRA,gdp_nominal_per_capita_lcu_quarterly_nsa_estimate,2012-Q3,quarterly,7819.658901497331,\N,estimated,IMF_QNEA,derived_per_capita|QNEA|B1GQ|V|NSA|XDC|Q|population=SP.POP.TOTL_interpolated,NSA,\N
FRA,gdp_nominal_per_capita_lcu_quarterly_nsa_estimate,2012-Q4,quarterly,8170.982204294693,\N,estimated,IMF_QNEA,derived_per_capita|QNEA|B1GQ|V|NSA|XDC|Q|population=SP.POP.TOTL_interpolated,NSA,\N
FRA,gdp_nominal_per_capita_lcu_quarterly_nsa_estimate,2013-Q1,quarterly,7874.64406133978,\N,estimated,IMF_QNEA,derived_per_capita|QNEA|B1GQ|V|NSA|XDC|Q|population=SP.POP.TOTL_interpolated,NSA,\N
FRA,gdp_nominal_per_capita_lcu_quarterly_nsa_estimate,2013-Q2,quarterly,8068.905914397078,\N,estimated,IMF_QNEA,derived_per_capita|QNEA|B1GQ|V|NSA|XDC|Q|population=SP.POP.TOTL_interpolated,NSA,\N
FRA,gdp_nominal_per_capita_lcu_quarterly_nsa_estimate,2013-Q3,quarterly,7927.743891605214,\N,estimated,IMF_QNEA,derived_per_capita|QNEA|B1GQ|V|NSA|XDC|Q|population=SP.POP.TOTL_interpolated,NSA,\N
FRA,gdp_nominal_per_capita_lcu_quarterly_nsa_estimate,2013-Q4,quarterly,8257.226810091632,\N,estimated,IMF_QNEA,derived_per_capita|QNEA|B1GQ|V|NSA|XDC|Q|population=SP.POP.TOTL_interpolated,NSA,\N
FRA,gdp_nominal_per_capita_lcu_quarterly_nsa_estimate,2014-Q1,quarterly,7961.16384181318,\N,estimated,IMF_QNEA,derived_per_capita|QNEA|B1GQ|V|NSA|XDC|Q|population=SP.POP.TOTL_interpolated,NSA,\N
FRA,gdp_nominal_per_capita_lcu_quarterly_nsa_estimate,2014-Q2,quarterly,8097.673540091724,\N,estimated,IMF_QNEA,derived_per_capita|QNEA|B1GQ|V|NSA|XDC|Q|population=SP.POP.TOTL_interpolated,NSA,\N
FRA,gdp_nominal_per_capita_lcu_quarterly_nsa_estimate,2014-Q3,quarterly,8028.40991488784,\N,estimated,IMF_QNEA,derived_per_capita|QNEA|B1GQ|V|NSA|XDC|Q|population=SP.POP.TOTL_interpolated,NSA,\N
FRA,gdp_nominal_per_capita_lcu_quarterly_nsa_estimate,2014-Q4,quarterly,8395.65202183064,\N,estimated,IMF_QNEA,derived_per_capita|QNEA|B1GQ|V|NSA|XDC|Q|population=SP.POP.TOTL_interpolated,NSA,\N
GBR,gdp_nominal_per_capita_lcu_quarterly_nsa_estimate,2010-Q1,quarterly,6327.319902033041,\N,estimated,IMF_QNEA,derived_per_capita|QNEA|B1GQ|V|NSA|XDC|Q|population=SP.POP.TOTL_interpolated,NSA,\N
GBR,gdp_nominal_per_capita_lcu_quarterly_nsa_estimate,2010-Q2,quarterly,6299.2799678933625,\N,estimated,IMF_QNEA,derived_per_capita|QNEA|B1GQ|V|NSA|XDC|Q|population=SP.POP.TOTL_interpolated,NSA,\N
GBR,gdp_nominal_per_capita_lcu_quarterly_nsa_estimate,2010-Q3,quarterly,6514.492218243774,\N,estimated,IMF_QNEA,derived_per_capita|QNEA|B1GQ|V|NSA|XDC|Q|population=SP.POP.TOTL_interpolated,NSA,\N
GBR,gdp_nominal_per_capita_lcu_quarterly_nsa_estimate,2010-Q4,quarterly,6601.480351031974,\N,estimated,IMF_QNEA,derived_per_capita|QNEA|B1GQ|V|NSA|XDC|Q|population=SP.POP.TOTL_interpolated,NSA,\N
GBR,gdp_nominal_per_capita_lcu_quarterly_nsa_estimate,2011-Q1,quarterly,6548.9117970478965,\N,estimated,IMF_QNEA,derived_per_capita|QNEA|B1GQ|V|NSA|XDC|Q|population=SP.POP.TOTL_interpolated,NSA,\N
GBR,gdp_nominal_per_capita_lcu_quarterly_nsa_estimate,2011-Q2,quarterly,6440.564610367221,\N,estimated,IMF_QNEA,derived_per_capita|QNEA|B1GQ|V|NSA|XDC|Q|population=SP.POP.TOTL_interpolated,NSA,\N
GBR,gdp_nominal_per_capita_lcu_quarterly_nsa_estimate,2011-Q3,quarterly,6620.560536806773,\N,estimated,IMF_QNEA,derived_per_capita|QNEA|B1GQ|V|NSA|XDC|Q|population=SP.POP.TOTL_interpolated,NSA,\N
GBR,gdp_nominal_per_capita_lcu_quarterly_nsa_estimate,2011-Q4,quarterly,6789.846934648044,\N,estimated,IMF_QNEA,derived_per_capita|QNEA|B1GQ|V|NSA|XDC|Q|population=SP.POP.TOTL_interpolated,NSA,\N
GBR,gdp_nominal_per_capita_lcu_quarterly_nsa_estimate,2012-Q1,quarterly,6673.740398070605,\N,estimated,IMF_QNEA,derived_per_capita|QNEA|B1GQ|V|NSA|XDC|Q|population=SP.POP.TOTL_interpolated,NSA,\N
GBR,gdp_nominal_per_capita_lcu_quarterly_nsa_estimate,2012-Q2,quarterly,6597.367926658575,\N,estimated,IMF_QNEA,derived_per_capita|QNEA|B1GQ|V|NSA|XDC|Q|population=SP.POP.TOTL_interpolated,NSA,\N
GBR,gdp_nominal_per_capita_lcu_quarterly_nsa_estimate,2012-Q3,quarterly,6779.1615616086565,\N,estimated,IMF_QNEA,derived_per_capita|QNEA|B1GQ|V|NSA|XDC|Q|population=SP.POP.TOTL_interpolated,NSA,\N
GBR,gdp_nominal_per_capita_lcu_quarterly_nsa_estimate,2012-Q4,quarterly,6973.855556795031,\N,estimated,IMF_QNEA,derived_per_capita|QNEA|B1GQ|V|NSA|XDC|Q|population=SP.POP.TOTL_interpolated,NSA,\N
GBR,gdp_nominal_per_capita_lcu_quarterly_nsa_estimate,2013-Q1,quarterly,6812.714551710259,\N,estimated,IMF_QNEA,derived_per_capita|QNEA|B1GQ|V|NSA|XDC|Q|population=SP.POP.TOTL_interpolated,NSA,\N
GBR,gdp_nominal_per_capita_lcu_quarterly_nsa_estimate,2013-Q2,quarterly,6835.009177318272,\N,estimated,IMF_QNEA,derived_per_capita|QNEA|B1GQ|V|NSA|XDC|Q|population=SP.POP.TOTL_interpolated,NSA,\N
GBR,gdp_nominal_per_capita_lcu_quarterly_nsa_estimate,2013-Q3,quarterly,7027.074388854815,\N,estimated,IMF_QNEA,derived_per_capita|QNEA|B1GQ|V|NSA|XDC|Q|population=SP.POP.TOTL_interpolated,NSA,\N
GBR,gdp_nominal_per_capita_lcu_quarterly_nsa_estimate,2013-Q4,quarterly,7215.123205460337,\N,estimated,IMF_QNEA,derived_per_capita|QNEA|B1GQ|V|NSA|XDC|Q|population=SP.POP.TOTL_interpolated,NSA,\N
GBR,gdp_nominal_per_capita_lcu_quarterly_nsa_estimate,2014-Q1,quarterly,7124.5623257789875,\N,estimated,IMF_QNEA,derived_per_capita|QNEA|B1GQ|V|NSA|XDC|Q|population=SP.POP.TOTL_interpolated,NSA,\N
GBR,gdp_nominal_per_capita_lcu_quarterly_nsa_estimate,2014-Q2,quarterly,7131.536911075355,\N,estimated,IMF_QNEA,derived_per_capita|QNEA|B1GQ|V|NSA|XDC|Q|population=SP.POP.TOTL_interpolated,NSA,\N
GBR,gdp_nominal_per_capita_lcu_quarterly_nsa_estimate,2014-Q3,quarterly,7289.1500135286615,\N,estimated,IMF_QNEA,derived_per_capita|QNEA|B1GQ|V|NSA|XDC|Q|population=SP.POP.TOTL_interpolated,NSA,\N
GBR,gdp_nominal_per_capita_lcu_quarterly_nsa_estimate,2014-Q4,quarterly,7471.63725316192,\N,estimated,IMF_QNEA,derived_per_capita|QNEA|B1GQ|V|NSA|XDC|Q|population=SP.POP.TOTL_interpolated,NSA,\N
GEO,gdp_nominal_per_capita_lcu_quarterly_nsa_estimate,2010-Q1,quarterly,1209.0984570999408,\N,estimated,IMF_QNEA,derived_per_capita|QNEA|B1GQ|V|NSA|XDC|Q|population=SP.POP.TOTL_interpolated,NSA,\N
GEO,gdp_nominal_per_capita_lcu_quarterly_nsa_estimate,2010-Q2,quarterly,1397.429707906446,\N,estimated,IMF_QNEA,derived_per_capita|QNEA|B1GQ|V|NSA|XDC|Q|population=SP.POP.TOTL_interpolated,NSA,\N
GEO,gdp_nominal_per_capita_lcu_quarterly_nsa_estimate,2010-Q3,quarterly,1512.1333765481247,\N,estimated,IMF_QNEA,derived_per_capita|QNEA|B1GQ|V|NSA|XDC|Q|population=SP.POP.TOTL_interpolated,NSA,\N
GEO,gdp_nominal_per_capita_lcu_quarterly_nsa_estimate,2010-Q4,quarterly,1732.5129841529624,\N,estimated,IMF_QNEA,derived_per_capita|QNEA|B1GQ|V|NSA|XDC|Q|population=SP.POP.TOTL_interpolated,NSA,\N
GEO,gdp_nominal_per_capita_lcu_quarterly_nsa_estimate,2011-Q1,quarterly,1438.731309099448,\N,estimated,IMF_QNEA,derived_per_capita|QNEA|B1GQ|V|NSA|XDC|Q|population=SP.POP.TOTL_interpolated,NSA,\N
GEO,gdp_nominal_per_capita_lcu_quarterly_nsa_estimate,2011-Q2,quarterly,1697.6128337888388,\N,estimated,IMF_QNEA,derived_per_capita|QNEA|B1GQ|V|NSA|XDC|Q|population=SP.POP.TOTL_interpolated,NSA,\N
GEO,gdp_nominal_per_capita_lcu_quarterly_nsa_estimate,2011-Q3,quarterly,1824.8779237275828,\N,estimated,IMF_QNEA,derived_per_capita|QNEA|B1GQ|V|NSA|XDC|Q|population=SP.POP.TOTL_interpolated,NSA,\N
GEO,gdp_nominal_per_capita_lcu_quarterly_nsa_estimate,2011-Q4,quarterly,1987.7676063271024,\N,estimated,IMF_QNEA,derived_per_capita|QNEA|B1GQ|V|NSA|XDC|Q|population=SP.POP.TOTL_interpolated,NSA,\N
GEO,gdp_nominal_per_capita_lcu_quarterly_nsa_estimate,2012-Q1,quarterly,1596.0670710792947,\N,estimated,IMF_QNEA,derived_per_capita|QNEA|B1GQ|V|NSA|XDC|Q|population=SP.POP.TOTL_interpolated,NSA,\N
GEO,gdp_nominal_per_capita_lcu_quarterly_nsa_estimate,2012-Q2,quarterly,1874.6101343414891,\N,estimated,IMF_QNEA,derived_per_capita|QNEA|B1GQ|V|NSA|XDC|Q|population=SP.POP.TOTL_interpolated,NSA,\N
GEO,gdp_nominal_per_capita_lcu_quarterly_nsa_estimate,2012-Q3,quarterly,1952.514700536963,\N,estimated,IMF_QNEA,derived_per_capita|QNEA|B1GQ|V|NSA|XDC|Q|population=SP.POP.TOTL_interpolated,NSA,\N
GEO,gdp_nominal_per_capita_lcu_quarterly_nsa_estimate,2012-Q4,quarterly,2055.0082110671738,\N,estimated,IMF_QNEA,derived_per_capita|QNEA|B1GQ|V|NSA|XDC|Q|population=SP.POP.TOTL_interpolated,NSA,\N
GEO,gdp_nominal_per_capita_lcu_quarterly_nsa_estimate,2013-Q1,quarterly,1634.7818757113146,\N,estimated,IMF_QNEA,derived_per_capita|QNEA|B1GQ|V|NSA|XDC|Q|population=SP.POP.TOTL_interpolated,NSA,\N
GEO,gdp_nominal_per_capita_lcu_quarterly_nsa_estimate,2013-Q2,quarterly,1907.258641999038,\N,estimated,IMF_QNEA,derived_per_capita|QNEA|B1GQ|V|NSA|XDC|Q|population=SP.POP.TOTL_interpolated,NSA,\N
GEO,gdp_nominal_per_capita_lcu_quarterly_nsa_estimate,2013-Q3,quarterly,2047.0729541967105,\N,estimated,IMF_QNEA,derived_per_capita|QNEA|B1GQ|V|NSA|XDC|Q|population=SP.POP.TOTL_interpolated,NSA,\N
GEO,gdp_nominal_per_capita_lcu_quarterly_nsa_estimate,2013-Q4,quarterly,2245.4401914846067,\N,estimated,IMF_QNEA,derived_per_capita|QNEA|B1GQ|V|NSA|XDC|Q|population=SP.POP.TOTL_interpolated,NSA,\N
GEO,gdp_nominal_per_capita_lcu_quarterly_nsa_estimate,2014-Q1,quarterly,1827.022468986036,\N,estimated,IMF_QNEA,derived_per_capita|QNEA|B1GQ|V|NSA|XDC|Q|population=SP.POP.TOTL_interpolated,NSA,\N
GEO,gdp_nominal_per_capita_lcu_quarterly_nsa_estimate,2014-Q2,quarterly,2063.522812965045,\N,estimated,IMF_QNEA,derived_per_capita|QNEA|B1GQ|V|NSA|XDC|Q|population=SP.POP.TOTL_interpolated,NSA,\N
GEO,gdp_nominal_per_capita_lcu_quarterly_nsa_estimate,2014-Q3,quarterly,2229.8362242674702,\N,estimated,IMF_QNEA,derived_per_capita|QNEA|B1GQ|V|NSA|XDC|Q|population=SP.POP.TOTL_interpolated,NSA,\N
GEO,gdp_nominal_per_capita_lcu_quarterly_nsa_estimate,2014-Q4,quarterly,2407.0694171495516,\N,estimated,IMF_QNEA,derived_per_capita|QNEA|B1GQ|V|NSA|XDC|Q|population=SP.POP.TOTL_interpolated,NSA,\N
GHA,gdp_nominal_per_capita_lcu_quarterly_nsa_estimate,2013-Q1,quarterly,1098.2174973799235,\N,estimated,IMF_QNEA,derived_per_capita|QNEA|B1GQ|V|NSA|XDC|Q|population=SP.POP.TOTL_interpolated,NSA,\N
GHA,gdp_nominal_per_capita_lcu_quarterly_nsa_estimate,2013-Q2,quarterly,1113.901693235889,\N,estimated,IMF_QNEA,derived_per_capita|QNEA|B1GQ|V|NSA|XDC|Q|population=SP.POP.TOTL_interpolated,NSA,\N
GHA,gdp_nominal_per_capita_lcu_quarterly_nsa_estimate,2013-Q3,quarterly,1108.5377655961913,\N,estimated,IMF_QNEA,derived_per_capita|QNEA|B1GQ|V|NSA|XDC|Q|population=SP.POP.TOTL_interpolated,NSA,\N
GHA,gdp_nominal_per_capita_lcu_quarterly_nsa_estimate,2013-Q4,quarterly,1223.4331616495226,\N,estimated,IMF_QNEA,derived_per_capita|QNEA|B1GQ|V|NSA|XDC|Q|population=SP.POP.TOTL_interpolated,NSA,\N
GHA,gdp_nominal_per_capita_lcu_quarterly_nsa_estimate,2014-Q1,quarterly,1213.895878245768,\N,estimated,IMF_QNEA,derived_per_capita|QNEA|B1GQ|V|NSA|XDC|Q|population=SP.POP.TOTL_interpolated,NSA,\N
GHA,gdp_nominal_per_capita_lcu_quarterly_nsa_estimate,2014-Q2,quarterly,1350.3922425300655,\N,estimated,IMF_QNEA,derived_per_capita|QNEA|B1GQ|V|NSA|XDC|Q|population=SP.POP.TOTL_interpolated,NSA,\N
GHA,gdp_nominal_per_capita_lcu_quarterly_nsa_estimate,2014-Q3,quarterly,1543.186613292446,\N,estimated,IMF_QNEA,derived_per_capita|QNEA|B1GQ|V|NSA|XDC|Q|population=SP.POP.TOTL_interpolated,NSA,\N
GHA,gdp_nominal_per_capita_lcu_quarterly_nsa_estimate,2014-Q4,quarterly,1547.9393492842946,\N,estimated,IMF_QNEA,derived_per_capita|QNEA|B1GQ|V|NSA|XDC|Q|population=SP.POP.TOTL_interpolated,NSA,\N
GMB,gdp_nominal_per_capita_lcu_quarterly_nsa_estimate,2013-Q1,quarterly,5369.574528886375,\N,estimated,IMF_QNEA,derived_per_capita|QNEA|B1GQ|V|NSA|XDC|Q|population=SP.POP.TOTL_interpolated,NSA,\N
GMB,gdp_nominal_per_capita_lcu_quarterly_nsa_estimate,2013-Q2,quarterly,6058.036685251148,\N,estimated,IMF_QNEA,derived_per_capita|QNEA|B1GQ|V|NSA|XDC|Q|population=SP.POP.TOTL_interpolated,NSA,\N
GMB,gdp_nominal_per_capita_lcu_quarterly_nsa_estimate,2013-Q3,quarterly,6993.607824330773,\N,estimated,IMF_QNEA,derived_per_capita|QNEA|B1GQ|V|NSA|XDC|Q|population=SP.POP.TOTL_interpolated,NSA,\N
GMB,gdp_nominal_per_capita_lcu_quarterly_nsa_estimate,2013-Q4,quarterly,5089.78307535902,\N,estimated,IMF_QNEA,derived_per_capita|QNEA|B1GQ|V|NSA|XDC|Q|population=SP.POP.TOTL_interpolated,NSA,\N
GMB,gdp_nominal_per_capita_lcu_quarterly_nsa_estimate,2014-Q1,quarterly,5714.843077629289,\N,estimated,IMF_QNEA,derived_per_capita|QNEA|B1GQ|V|NSA|XDC|Q|population=SP.POP.TOTL_interpolated,NSA,\N
GMB,gdp_nominal_per_capita_lcu_quarterly_nsa_estimate,2014-Q2,quarterly,6008.436574055647,\N,estimated,IMF_QNEA,derived_per_capita|QNEA|B1GQ|V|NSA|XDC|Q|population=SP.POP.TOTL_interpolated,NSA,\N
GMB,gdp_nominal_per_capita_lcu_quarterly_nsa_estimate,2014-Q3,quarterly,6888.289341031485,\N,estimated,IMF_QNEA,derived_per_capita|QNEA|B1GQ|V|NSA|XDC|Q|population=SP.POP.TOTL_interpolated,NSA,\N
GMB,gdp_nominal_per_capita_lcu_quarterly_nsa_estimate,2014-Q4,quarterly,5097.259142875912,\N,estimated,IMF_QNEA,derived_per_capita|QNEA|B1GQ|V|NSA|XDC|Q|population=SP.POP.TOTL_interpolated,NSA,\N
GRC,gdp_nominal_per_capita_lcu_quarterly_nsa_estimate,2010-Q1,quarterly,4904.023151466905,\N,estimated,IMF_QNEA,derived_per_capita|QNEA|B1GQ|V|NSA|XDC|Q|population=SP.POP.TOTL_interpolated,NSA,\N
GRC,gdp_nominal_per_capita_lcu_quarterly_nsa_estimate,2010-Q2,quarterly,5040.1989575927555,\N,estimated,IMF_QNEA,derived_per_capita|QNEA|B1GQ|V|NSA|XDC|Q|population=SP.POP.TOTL_interpolated,NSA,\N
GRC,gdp_nominal_per_capita_lcu_quarterly_nsa_estimate,2010-Q3,quarterly,5033.121026591119,\N,estimated,IMF_QNEA,derived_per_capita|QNEA|B1GQ|V|NSA|XDC|Q|population=SP.POP.TOTL_interpolated,NSA,\N
GRC,gdp_nominal_per_capita_lcu_quarterly_nsa_estimate,2010-Q4,quarterly,5134.247879177614,\N,estimated,IMF_QNEA,derived_per_capita|QNEA|B1GQ|V|NSA|XDC|Q|population=SP.POP.TOTL_interpolated,NSA,\N
GRC,gdp_nominal_per_capita_lcu_quarterly_nsa_estimate,2011-Q1,quarterly,4394.316806046873,\N,estimated,IMF_QNEA,derived_per_capita|QNEA|B1GQ|V|NSA|XDC|Q|population=SP.POP.TOTL_interpolated,NSA,\N
GRC,gdp_nominal_per_capita_lcu_quarterly_nsa_estimate,2011-Q2,quarterly,4666.933170000228,\N,estimated,IMF_QNEA,derived_per_capita|QNEA|B1GQ|V|NSA|XDC|Q|population=SP.POP.TOTL_interpolated,NSA,\N
GRC,gdp_nominal_per_capita_lcu_quarterly_nsa_estimate,2011-Q3,quarterly,4682.687415977039,\N,estimated,IMF_QNEA,derived_per_capita|QNEA|B1GQ|V|NSA|XDC|Q|population=SP.POP.TOTL_interpolated,NSA,\N
GRC,gdp_nominal_per_capita_lcu_quarterly_nsa_estimate,2011-Q4,quarterly,4588.18783217524,\N,estimated,IMF_QNEA,derived_per_capita|QNEA|B1GQ|V|NSA|XDC|Q|population=SP.POP.TOTL_interpolated,NSA,\N
GRC,gdp_nominal_per_capita_lcu_quarterly_nsa_estimate,2012-Q1,quarterly,4018.927673346092,\N,estimated,IMF_QNEA,derived_per_capita|QNEA|B1GQ|V|NSA|XDC|Q|population=SP.POP.TOTL_interpolated,NSA,\N
GRC,gdp_nominal_per_capita_lcu_quarterly_nsa_estimate,2012-Q2,quarterly,4219.2028940609525,\N,estimated,IMF_QNEA,derived_per_capita|QNEA|B1GQ|V|NSA|XDC|Q|population=SP.POP.TOTL_interpolated,NSA,\N
GRC,gdp_nominal_per_capita_lcu_quarterly_nsa_estimate,2012-Q3,quarterly,4307.539901727552,\N,estimated,IMF_QNEA,derived_per_capita|QNEA|B1GQ|V|NSA|XDC|Q|population=SP.POP.TOTL_interpolated,NSA,\N
GRC,gdp_nominal_per_capita_lcu_quarterly_nsa_estimate,2012-Q4,quarterly,4289.864067697701,\N,estimated,IMF_QNEA,derived_per_capita|QNEA|B1GQ|V|NSA|XDC|Q|population=SP.POP.TOTL_interpolated,NSA,\N
GRC,gdp_nominal_per_capita_lcu_quarterly_nsa_estimate,2013-Q1,quarterly,3806.5631206380713,\N,estimated,IMF_QNEA,derived_per_capita|QNEA|B1GQ|V|NSA|XDC|Q|population=SP.POP.TOTL_interpolated,NSA,\N
GRC,gdp_nominal_per_capita_lcu_quarterly_nsa_estimate,2013-Q2,quarterly,4063.821143350099,\N,estimated,IMF_QNEA,derived_per_capita|QNEA|B1GQ|V|NSA|XDC|Q|population=SP.POP.TOTL_interpolated,NSA,\N
GRC,gdp_nominal_per_capita_lcu_quarterly_nsa_estimate,2013-Q3,quarterly,4201.819981154354,\N,estimated,IMF_QNEA,derived_per_capita|QNEA|B1GQ|V|NSA|XDC|Q|population=SP.POP.TOTL_interpolated,NSA,\N
GRC,gdp_nominal_per_capita_lcu_quarterly_nsa_estimate,2013-Q4,quarterly,4171.126841190687,\N,estimated,IMF_QNEA,derived_per_capita|QNEA|B1GQ|V|NSA|XDC|Q|population=SP.POP.TOTL_interpolated,NSA,\N
GRC,gdp_nominal_per_capita_lcu_quarterly_nsa_estimate,2014-Q1,quarterly,3732.165407746894,\N,estimated,IMF_QNEA,derived_per_capita|QNEA|B1GQ|V|NSA|XDC|Q|population=SP.POP.TOTL_interpolated,NSA,\N
GRC,gdp_nominal_per_capita_lcu_quarterly_nsa_estimate,2014-Q2,quarterly,3984.0595466899767,\N,estimated,IMF_QNEA,derived_per_capita|QNEA|B1GQ|V|NSA|XDC|Q|population=SP.POP.TOTL_interpolated,NSA,\N
GRC,gdp_nominal_per_capita_lcu_quarterly_nsa_estimate,2014-Q3,quarterly,4246.355197641782,\N,estimated,IMF_QNEA,derived_per_capita|QNEA|B1GQ|V|NSA|XDC|Q|population=SP.POP.TOTL_interpolated,NSA,\N
GRC,gdp_nominal_per_capita_lcu_quarterly_nsa_estimate,2014-Q4,quarterly,4203.2058534699345,\N,estimated,IMF_QNEA,derived_per_capita|QNEA|B1GQ|V|NSA|XDC|Q|population=SP.POP.TOTL_interpolated,NSA,\N
GTM,gdp_nominal_per_capita_lcu_quarterly_nsa_estimate,2013-Q1,quarterly,6797.367109236565,\N,estimated,IMF_QNEA,derived_per_capita|QNEA|B1GQ|V|NSA|XDC|Q|population=SP.POP.TOTL_interpolated,NSA,\N
GTM,gdp_nominal_per_capita_lcu_quarterly_nsa_estimate,2013-Q2,quarterly,6656.400843825113,\N,estimated,IMF_QNEA,derived_per_capita|QNEA|B1GQ|V|NSA|XDC|Q|population=SP.POP.TOTL_interpolated,NSA,\N
GTM,gdp_nominal_per_capita_lcu_quarterly_nsa_estimate,2013-Q3,quarterly,6627.09845340381,\N,estimated,IMF_QNEA,derived_per_capita|QNEA|B1GQ|V|NSA|XDC|Q|population=SP.POP.TOTL_interpolated,NSA,\N
GTM,gdp_nominal_per_capita_lcu_quarterly_nsa_estimate,2013-Q4,quarterly,6978.750145905983,\N,estimated,IMF_QNEA,derived_per_capita|QNEA|B1GQ|V|NSA|XDC|Q|population=SP.POP.TOTL_interpolated,NSA,\N
GTM,gdp_nominal_per_capita_lcu_quarterly_nsa_estimate,2014-Q1,quarterly,7033.678023129637,\N,estimated,IMF_QNEA,derived_per_capita|QNEA|B1GQ|V|NSA|XDC|Q|population=SP.POP.TOTL_interpolated,NSA,\N
GTM,gdp_nominal_per_capita_lcu_quarterly_nsa_estimate,2014-Q2,quarterly,6992.911900692835,\N,estimated,IMF_QNEA,derived_per_capita|QNEA|B1GQ|V|NSA|XDC|Q|population=SP.POP.TOTL_interpolated,NSA,\N
GTM,gdp_nominal_per_capita_lcu_quarterly_nsa_estimate,2014-Q3,quarterly,7083.242536243345,\N,estimated,IMF_QNEA,derived_per_capita|QNEA|B1GQ|V|NSA|XDC|Q|population=SP.POP.TOTL_interpolated,NSA,\N
GTM,gdp_nominal_per_capita_lcu_quarterly_nsa_estimate,2014-Q4,quarterly,7413.628806912569,\N,estimated,IMF_QNEA,derived_per_capita|QNEA|B1GQ|V|NSA|XDC|Q|population=SP.POP.TOTL_interpolated,NSA,\N
HRV,gdp_nominal_per_capita_lcu_quarterly_nsa_estimate,2010-Q1,quarterly,2276.6742535803,\N,estimated,IMF_QNEA,derived_per_capita|QNEA|B1GQ|V|NSA|XDC|Q|population=SP.POP.TOTL_interpolated,NSA,\N
HRV,gdp_nominal_per_capita_lcu_quarterly_nsa_estimate,2010-Q2,quarterly,2553.984274970275,\N,estimated,IMF_QNEA,derived_per_capita|QNEA|B1GQ|V|NSA|XDC|Q|population=SP.POP.TOTL_interpolated,NSA,\N
HRV,gdp_nominal_per_capita_lcu_quarterly_nsa_estimate,2010-Q3,quarterly,2964.0485173700913,\N,estimated,IMF_QNEA,derived_per_capita|QNEA|B1GQ|V|NSA|XDC|Q|population=SP.POP.TOTL_interpolated,NSA,\N
HRV,gdp_nominal_per_capita_lcu_quarterly_nsa_estimate,2010-Q4,quarterly,2563.829348873879,\N,estimated,IMF_QNEA,derived_per_capita|QNEA|B1GQ|V|NSA|XDC|Q|population=SP.POP.TOTL_interpolated,NSA,\N
HRV,gdp_nominal_per_capita_lcu_quarterly_nsa_estimate,2011-Q1,quarterly,2277.0898402102507,\N,estimated,IMF_QNEA,derived_per_capita|QNEA|B1GQ|V|NSA|XDC|Q|population=SP.POP.TOTL_interpolated,NSA,\N
HRV,gdp_nominal_per_capita_lcu_quarterly_nsa_estimate,2011-Q2,quarterly,2636.505361870235,\N,estimated,IMF_QNEA,derived_per_capita|QNEA|B1GQ|V|NSA|XDC|Q|population=SP.POP.TOTL_interpolated,NSA,\N
HRV,gdp_nominal_per_capita_lcu_quarterly_nsa_estimate,2011-Q3,quarterly,3031.4794443340693,\N,estimated,IMF_QNEA,derived_per_capita|QNEA|B1GQ|V|NSA|XDC|Q|population=SP.POP.TOTL_interpolated,NSA,\N
HRV,gdp_nominal_per_capita_lcu_quarterly_nsa_estimate,2011-Q4,quarterly,2611.542149676222,\N,estimated,IMF_QNEA,derived_per_capita|QNEA|B1GQ|V|NSA|XDC|Q|population=SP.POP.TOTL_interpolated,NSA,\N
HRV,gdp_nominal_per_capita_lcu_quarterly_nsa_estimate,2012-Q1,quarterly,2274.6538225730737,\N,estimated,IMF_QNEA,derived_per_capita|QNEA|B1GQ|V|NSA|XDC|Q|population=SP.POP.TOTL_interpolated,NSA,\N
HRV,gdp_nominal_per_capita_lcu_quarterly_nsa_estimate,2012-Q2,quarterly,2607.760501926887,\N,estimated,IMF_QNEA,derived_per_capita|QNEA|B1GQ|V|NSA|XDC|Q|population=SP.POP.TOTL_interpolated,NSA,\N
HRV,gdp_nominal_per_capita_lcu_quarterly_nsa_estimate,2012-Q3,quarterly,3027.6760487413594,\N,estimated,IMF_QNEA,derived_per_capita|QNEA|B1GQ|V|NSA|XDC|Q|population=SP.POP.TOTL_interpolated,NSA,\N
HRV,gdp_nominal_per_capita_lcu_quarterly_nsa_estimate,2012-Q4,quarterly,2606.2451541204186,\N,estimated,IMF_QNEA,derived_per_capita|QNEA|B1GQ|V|NSA|XDC|Q|population=SP.POP.TOTL_interpolated,NSA,\N
HRV,gdp_nominal_per_capita_lcu_quarterly_nsa_estimate,2013-Q1,quarterly,2319.7995227991964,\N,estimated,IMF_QNEA,derived_per_capita|QNEA|B1GQ|V|NSA|XDC|Q|population=SP.POP.TOTL_interpolated,NSA,\N
HRV,gdp_nominal_per_capita_lcu_quarterly_nsa_estimate,2013-Q2,quarterly,2667.418587207874,\N,estimated,IMF_QNEA,derived_per_capita|QNEA|B1GQ|V|NSA|XDC|Q|population=SP.POP.TOTL_interpolated,NSA,\N
HRV,gdp_nominal_per_capita_lcu_quarterly_nsa_estimate,2013-Q3,quarterly,3045.832237579705,\N,estimated,IMF_QNEA,derived_per_capita|QNEA|B1GQ|V|NSA|XDC|Q|population=SP.POP.TOTL_interpolated,NSA,\N
HRV,gdp_nominal_per_capita_lcu_quarterly_nsa_estimate,2013-Q4,quarterly,2612.799640690743,\N,estimated,IMF_QNEA,derived_per_capita|QNEA|B1GQ|V|NSA|XDC|Q|population=SP.POP.TOTL_interpolated,NSA,\N
HRV,gdp_nominal_per_capita_lcu_quarterly_nsa_estimate,2014-Q1,quarterly,2296.0297403438462,\N,estimated,IMF_QNEA,derived_per_capita|QNEA|B1GQ|V|NSA|XDC|Q|population=SP.POP.TOTL_interpolated,NSA,\N
HRV,gdp_nominal_per_capita_lcu_quarterly_nsa_estimate,2014-Q2,quarterly,2662.412552359172,\N,estimated,IMF_QNEA,derived_per_capita|QNEA|B1GQ|V|NSA|XDC|Q|population=SP.POP.TOTL_interpolated,NSA,\N
HRV,gdp_nominal_per_capita_lcu_quarterly_nsa_estimate,2014-Q3,quarterly,3077.903584780474,\N,estimated,IMF_QNEA,derived_per_capita|QNEA|B1GQ|V|NSA|XDC|Q|population=SP.POP.TOTL_interpolated,NSA,\N
HRV,gdp_nominal_per_capita_lcu_quarterly_nsa_estimate,2014-Q4,quarterly,2649.5934014442446,\N,estimated,IMF_QNEA,derived_per_capita|QNEA|B1GQ|V|NSA|XDC|Q|population=SP.POP.TOTL_interpolated,NSA,\N
HUN,gdp_nominal_per_capita_lcu_quarterly_nsa_estimate,2010-Q1,quarterly,604067.2910179608,\N,estimated,IMF_QNEA,derived_per_capita|QNEA|B1GQ|V|NSA|XDC|Q|population=SP.POP.TOTL_interpolated,NSA,\N
HUN,gdp_nominal_per_capita_lcu_quarterly_nsa_estimate,2010-Q2,quarterly,674885.5873624334,\N,estimated,IMF_QNEA,derived_per_capita|QNEA|B1GQ|V|NSA|XDC|Q|population=SP.POP.TOTL_interpolated,NSA,\N
HUN,gdp_nominal_per_capita_lcu_quarterly_nsa_estimate,2010-Q3,quarterly,701161.7367063786,\N,estimated,IMF_QNEA,derived_per_capita|QNEA|B1GQ|V|NSA|XDC|Q|population=SP.POP.TOTL_interpolated,NSA,\N
HUN,gdp_nominal_per_capita_lcu_quarterly_nsa_estimate,2010-Q4,quarterly,762990.544344552,\N,estimated,IMF_QNEA,derived_per_capita|QNEA|B1GQ|V|NSA|XDC|Q|population=SP.POP.TOTL_interpolated,NSA,\N
HUN,gdp_nominal_per_capita_lcu_quarterly_nsa_estimate,2011-Q1,quarterly,628961.7237453791,\N,estimated,IMF_QNEA,derived_per_capita|QNEA|B1GQ|V|NSA|XDC|Q|population=SP.POP.TOTL_interpolated,NSA,\N
HUN,gdp_nominal_per_capita_lcu_quarterly_nsa_estimate,2011-Q2,quarterly,699882.1788505046,\N,estimated,IMF_QNEA,derived_per_capita|QNEA|B1GQ|V|NSA|XDC|Q|population=SP.POP.TOTL_interpolated,NSA,\N
HUN,gdp_nominal_per_capita_lcu_quarterly_nsa_estimate,2011-Q3,quarterly,731079.8385216731,\N,estimated,IMF_QNEA,derived_per_capita|QNEA|B1GQ|V|NSA|XDC|Q|population=SP.POP.TOTL_interpolated,NSA,\N
HUN,gdp_nominal_per_capita_lcu_quarterly_nsa_estimate,2011-Q4,quarterly,798456.9959622943,\N,estimated,IMF_QNEA,derived_per_capita|QNEA|B1GQ|V|NSA|XDC|Q|population=SP.POP.TOTL_interpolated,NSA,\N
HUN,gdp_nominal_per_capita_lcu_quarterly_nsa_estimate,2012-Q1,quarterly,650454.9296114085,\N,estimated,IMF_QNEA,derived_per_capita|QNEA|B1GQ|V|NSA|XDC|Q|population=SP.POP.TOTL_interpolated,NSA,\N
HUN,gdp_nominal_per_capita_lcu_quarterly_nsa_estimate,2012-Q2,quarterly,715784.7155161212,\N,estimated,IMF_QNEA,derived_per_capita|QNEA|B1GQ|V|NSA|XDC|Q|population=SP.POP.TOTL_interpolated,NSA,\N
HUN,gdp_nominal_per_capita_lcu_quarterly_nsa_estimate,2012-Q3,quarterly,748624.9324369679,\N,estimated,IMF_QNEA,derived_per_capita|QNEA|B1GQ|V|NSA|XDC|Q|population=SP.POP.TOTL_interpolated,NSA,\N
HUN,gdp_nominal_per_capita_lcu_quarterly_nsa_estimate,2012-Q4,quarterly,800434.4136006442,\N,estimated,IMF_QNEA,derived_per_capita|QNEA|B1GQ|V|NSA|XDC|Q|population=SP.POP.TOTL_interpolated,NSA,\N
HUN,gdp_nominal_per_capita_lcu_quarterly_nsa_estimate,2013-Q1,quarterly,673922.4690720057,\N,estimated,IMF_QNEA,derived_per_capita|QNEA|B1GQ|V|NSA|XDC|Q|population=SP.POP.TOTL_interpolated,NSA,\N
HUN,gdp_nominal_per_capita_lcu_quarterly_nsa_estimate,2013-Q2,quarterly,761586.9461247762,\N,estimated,IMF_QNEA,derived_per_capita|QNEA|B1GQ|V|NSA|XDC|Q|population=SP.POP.TOTL_interpolated,NSA,\N
HUN,gdp_nominal_per_capita_lcu_quarterly_nsa_estimate,2013-Q3,quarterly,794255.4641664806,\N,estimated,IMF_QNEA,derived_per_capita|QNEA|B1GQ|V|NSA|XDC|Q|population=SP.POP.TOTL_interpolated,NSA,\N
HUN,gdp_nominal_per_capita_lcu_quarterly_nsa_estimate,2013-Q4,quarterly,843676.9220801538,\N,estimated,IMF_QNEA,derived_per_capita|QNEA|B1GQ|V|NSA|XDC|Q|population=SP.POP.TOTL_interpolated,NSA,\N
HUN,gdp_nominal_per_capita_lcu_quarterly_nsa_estimate,2014-Q1,quarterly,733587.9023267239,\N,estimated,IMF_QNEA,derived_per_capita|QNEA|B1GQ|V|NSA|XDC|Q|population=SP.POP.TOTL_interpolated,NSA,\N
HUN,gdp_nominal_per_capita_lcu_quarterly_nsa_estimate,2014-Q2,quarterly,824382.5772753608,\N,estimated,IMF_QNEA,derived_per_capita|QNEA|B1GQ|V|NSA|XDC|Q|population=SP.POP.TOTL_interpolated,NSA,\N
HUN,gdp_nominal_per_capita_lcu_quarterly_nsa_estimate,2014-Q3,quarterly,865595.0327814968,\N,estimated,IMF_QNEA,derived_per_capita|QNEA|B1GQ|V|NSA|XDC|Q|population=SP.POP.TOTL_interpolated,NSA,\N
HUN,gdp_nominal_per_capita_lcu_quarterly_nsa_estimate,2014-Q4,quarterly,914943.1509643615,\N,estimated,IMF_QNEA,derived_per_capita|QNEA|B1GQ|V|NSA|XDC|Q|population=SP.POP.TOTL_interpolated,NSA,\N
IDN,gdp_nominal_per_capita_lcu_quarterly_nsa_estimate,2010-Q1,quarterly,6542046.832793778,\N,estimated,IMF_QNEA,derived_per_capita|QNEA|B1GQ|V|NSA|XDC|Q|population=SP.POP.TOTL_interpolated,NSA,\N
IDN,gdp_nominal_per_capita_lcu_quarterly_nsa_estimate,2010-Q2,quarterly,6931165.642743685,\N,estimated,IMF_QNEA,derived_per_capita|QNEA|B1GQ|V|NSA|XDC|Q|population=SP.POP.TOTL_interpolated,NSA,\N
IDN,gdp_nominal_per_capita_lcu_quarterly_nsa_estimate,2010-Q3,quarterly,7240332.411298161,\N,estimated,IMF_QNEA,derived_per_capita|QNEA|B1GQ|V|NSA|XDC|Q|population=SP.POP.TOTL_interpolated,NSA,\N
IDN,gdp_nominal_per_capita_lcu_quarterly_nsa_estimate,2010-Q4,quarterly,7150348.572809378,\N,estimated,IMF_QNEA,derived_per_capita|QNEA|B1GQ|V|NSA|XDC|Q|population=SP.POP.TOTL_interpolated,NSA,\N
IDN,gdp_nominal_per_capita_lcu_quarterly_nsa_estimate,2011-Q1,quarterly,7388154.390747537,\N,estimated,IMF_QNEA,derived_per_capita|QNEA|B1GQ|V|NSA|XDC|Q|population=SP.POP.TOTL_interpolated,NSA,\N
IDN,gdp_nominal_per_capita_lcu_quarterly_nsa_estimate,2011-Q2,quarterly,7741593.135127885,\N,estimated,IMF_QNEA,derived_per_capita|QNEA|B1GQ|V|NSA|XDC|Q|population=SP.POP.TOTL_interpolated,NSA,\N
IDN,gdp_nominal_per_capita_lcu_quarterly_nsa_estimate,2011-Q3,quarterly,8219137.405460205,\N,estimated,IMF_QNEA,derived_per_capita|QNEA|B1GQ|V|NSA|XDC|Q|population=SP.POP.TOTL_interpolated,NSA,\N
IDN,gdp_nominal_per_capita_lcu_quarterly_nsa_estimate,2011-Q4,quarterly,8039679.019287949,\N,estimated,IMF_QNEA,derived_per_capita|QNEA|B1GQ|V|NSA|XDC|Q|population=SP.POP.TOTL_interpolated,NSA,\N
IDN,gdp_nominal_per_capita_lcu_quarterly_nsa_estimate,2012-Q1,quarterly,8196572.4425301375,\N,estimated,IMF_QNEA,derived_per_capita|QNEA|B1GQ|V|NSA|XDC|Q|population=SP.POP.TOTL_interpolated,NSA,\N
IDN,gdp_nominal_per_capita_lcu_quarterly_nsa_estimate,2012-Q2,quarterly,8569481.019668413,\N,estimated,IMF_QNEA,derived_per_capita|QNEA|B1GQ|V|NSA|XDC|Q|population=SP.POP.TOTL_interpolated,NSA,\N
IDN,gdp_nominal_per_capita_lcu_quarterly_nsa_estimate,2012-Q3,quarterly,8785875.707821367,\N,estimated,IMF_QNEA,derived_per_capita|QNEA|B1GQ|V|NSA|XDC|Q|population=SP.POP.TOTL_interpolated,NSA,\N
IDN,gdp_nominal_per_capita_lcu_quarterly_nsa_estimate,2012-Q4,quarterly,8542134.057706365,\N,estimated,IMF_QNEA,derived_per_capita|QNEA|B1GQ|V|NSA|XDC|Q|population=SP.POP.TOTL_interpolated,NSA,\N
IDN,gdp_nominal_per_capita_lcu_quarterly_nsa_estimate,2013-Q1,quarterly,8777204.983094992,\N,estimated,IMF_QNEA,derived_per_capita|QNEA|B1GQ|V|NSA|XDC|Q|population=SP.POP.TOTL_interpolated,NSA,\N
IDN,gdp_nominal_per_capita_lcu_quarterly_nsa_estimate,2013-Q2,quarterly,9170147.122401755,\N,estimated,IMF_QNEA,derived_per_capita|QNEA|B1GQ|V|NSA|XDC|Q|population=SP.POP.TOTL_interpolated,NSA,\N
IDN,gdp_nominal_per_capita_lcu_quarterly_nsa_estimate,2013-Q3,quarterly,9722330.823947094,\N,estimated,IMF_QNEA,derived_per_capita|QNEA|B1GQ|V|NSA|XDC|Q|population=SP.POP.TOTL_interpolated,NSA,\N
IDN,gdp_nominal_per_capita_lcu_quarterly_nsa_estimate,2013-Q4,quarterly,9639006.13166279,\N,estimated,IMF_QNEA,derived_per_capita|QNEA|B1GQ|V|NSA|XDC|Q|population=SP.POP.TOTL_interpolated,NSA,\N
IDN,gdp_nominal_per_capita_lcu_quarterly_nsa_estimate,2014-Q1,quarterly,9724026.331115479,\N,estimated,IMF_QNEA,derived_per_capita|QNEA|B1GQ|V|NSA|XDC|Q|population=SP.POP.TOTL_interpolated,NSA,\N
IDN,gdp_nominal_per_capita_lcu_quarterly_nsa_estimate,2014-Q2,quarterly,10131352.298821177,\N,estimated,IMF_QNEA,derived_per_capita|QNEA|B1GQ|V|NSA|XDC|Q|population=SP.POP.TOTL_interpolated,NSA,\N
IDN,gdp_nominal_per_capita_lcu_quarterly_nsa_estimate,2014-Q3,quarterly,10595334.561106583,\N,estimated,IMF_QNEA,derived_per_capita|QNEA|B1GQ|V|NSA|XDC|Q|population=SP.POP.TOTL_interpolated,NSA,\N
IDN,gdp_nominal_per_capita_lcu_quarterly_nsa_estimate,2014-Q4,quarterly,10376825.430138674,\N,estimated,IMF_QNEA,derived_per_capita|QNEA|B1GQ|V|NSA|XDC|Q|population=SP.POP.TOTL_interpolated,NSA,\N
IND,gdp_nominal_per_capita_lcu_quarterly_nsa_estimate,2010-Q1,quarterly,14121.475588332729,\N,estimated,IMF_QNEA,derived_per_capita|QNEA|B1GQ|V|NSA|XDC|Q|population=SP.POP.TOTL_interpolated,NSA,\N
IND,gdp_nominal_per_capita_lcu_quarterly_nsa_estimate,2010-Q2,quarterly,13286.740482753838,\N,estimated,IMF_QNEA,derived_per_capita|QNEA|B1GQ|V|NSA|XDC|Q|population=SP.POP.TOTL_interpolated,NSA,\N
IND,gdp_nominal_per_capita_lcu_quarterly_nsa_estimate,2010-Q3,quarterly,13564.070922529767,\N,estimated,IMF_QNEA,derived_per_capita|QNEA|B1GQ|V|NSA|XDC|Q|population=SP.POP.TOTL_interpolated,NSA,\N
IND,gdp_nominal_per_capita_lcu_quarterly_nsa_estimate,2010-Q4,quarterly,15468.657716272643,\N,estimated,IMF_QNEA,derived_per_capita|QNEA|B1GQ|V|NSA|XDC|Q|population=SP.POP.TOTL_interpolated,NSA,\N
IND,gdp_nominal_per_capita_lcu_quarterly_nsa_estimate,2011-Q1,quarterly,16639.78137473284,\N,estimated,IMF_QNEA,derived_per_capita|QNEA|B1GQ|V|NSA|XDC|Q|population=SP.POP.TOTL_interpolated,NSA,\N
IND,gdp_nominal_per_capita_lcu_quarterly_nsa_estimate,2011-Q2,quarterly,15619.749872322049,\N,estimated,IMF_QNEA,derived_per_capita|QNEA|B1GQ|V|NSA|XDC|Q|population=SP.POP.TOTL_interpolated,NSA,\N
IND,gdp_nominal_per_capita_lcu_quarterly_nsa_estimate,2011-Q3,quarterly,15458.517705210073,\N,estimated,IMF_QNEA,derived_per_capita|QNEA|B1GQ|V|NSA|XDC|Q|population=SP.POP.TOTL_interpolated,NSA,\N
IND,gdp_nominal_per_capita_lcu_quarterly_nsa_estimate,2011-Q4,quarterly,17040.257990406844,\N,estimated,IMF_QNEA,derived_per_capita|QNEA|B1GQ|V|NSA|XDC|Q|population=SP.POP.TOTL_interpolated,NSA,\N
IND,gdp_nominal_per_capita_lcu_quarterly_nsa_estimate,2012-Q1,quarterly,18295.515741852047,\N,estimated,IMF_QNEA,derived_per_capita|QNEA|B1GQ|V|NSA|XDC|Q|population=SP.POP.TOTL_interpolated,NSA,\N
IND,gdp_nominal_per_capita_lcu_quarterly_nsa_estimate,2012-Q2,quarterly,17439.081154415624,\N,estimated,IMF_QNEA,derived_per_capita|QNEA|B1GQ|V|NSA|XDC|Q|population=SP.POP.TOTL_interpolated,NSA,\N
IND,gdp_nominal_per_capita_lcu_quarterly_nsa_estimate,2012-Q3,quarterly,17708.901771657358,\N,estimated,IMF_QNEA,derived_per_capita|QNEA|B1GQ|V|NSA|XDC|Q|population=SP.POP.TOTL_interpolated,NSA,\N
IND,gdp_nominal_per_capita_lcu_quarterly_nsa_estimate,2012-Q4,quarterly,19083.265494924948,\N,estimated,IMF_QNEA,derived_per_capita|QNEA|B1GQ|V|NSA|XDC|Q|population=SP.POP.TOTL_interpolated,NSA,\N
IND,gdp_nominal_per_capita_lcu_quarterly_nsa_estimate,2013-Q1,quarterly,20341.583359031414,\N,estimated,IMF_QNEA,derived_per_capita|QNEA|B1GQ|V|NSA|XDC|Q|population=SP.POP.TOTL_interpolated,NSA,\N
IND,gdp_nominal_per_capita_lcu_quarterly_nsa_estimate,2013-Q2,quarterly,19083.171503230882,\N,estimated,IMF_QNEA,derived_per_capita|QNEA|B1GQ|V|NSA|XDC|Q|population=SP.POP.TOTL_interpolated,NSA,\N
IND,gdp_nominal_per_capita_lcu_quarterly_nsa_estimate,2013-Q3,quarterly,19917.3186522249,\N,estimated,IMF_QNEA,derived_per_capita|QNEA|B1GQ|V|NSA|XDC|Q|population=SP.POP.TOTL_interpolated,NSA,\N
IND,gdp_nominal_per_capita_lcu_quarterly_nsa_estimate,2013-Q4,quarterly,21590.377365049575,\N,estimated,IMF_QNEA,derived_per_capita|QNEA|B1GQ|V|NSA|XDC|Q|population=SP.POP.TOTL_interpolated,NSA,\N
IND,gdp_nominal_per_capita_lcu_quarterly_nsa_estimate,2014-Q1,quarterly,22552.480907932215,\N,estimated,IMF_QNEA,derived_per_capita|QNEA|B1GQ|V|NSA|XDC|Q|population=SP.POP.TOTL_interpolated,NSA,\N
IND,gdp_nominal_per_capita_lcu_quarterly_nsa_estimate,2014-Q2,quarterly,21405.821197534846,\N,estimated,IMF_QNEA,derived_per_capita|QNEA|B1GQ|V|NSA|XDC|Q|population=SP.POP.TOTL_interpolated,NSA,\N
IND,gdp_nominal_per_capita_lcu_quarterly_nsa_estimate,2014-Q3,quarterly,22362.395356061697,\N,estimated,IMF_QNEA,derived_per_capita|QNEA|B1GQ|V|NSA|XDC|Q|population=SP.POP.TOTL_interpolated,NSA,\N
IND,gdp_nominal_per_capita_lcu_quarterly_nsa_estimate,2014-Q4,quarterly,23251.50053308028,\N,estimated,IMF_QNEA,derived_per_capita|QNEA|B1GQ|V|NSA|XDC|Q|population=SP.POP.TOTL_interpolated,NSA,\N
IRL,gdp_nominal_per_capita_lcu_quarterly_nsa_estimate,2010-Q1,quarterly,9134.461030189332,\N,estimated,IMF_QNEA,derived_per_capita|QNEA|B1GQ|V|NSA|XDC|Q|population=SP.POP.TOTL_interpolated,NSA,\N
IRL,gdp_nominal_per_capita_lcu_quarterly_nsa_estimate,2010-Q2,quarterly,9130.225147916171,\N,estimated,IMF_QNEA,derived_per_capita|QNEA|B1GQ|V|NSA|XDC|Q|population=SP.POP.TOTL_interpolated,NSA,\N
IRL,gdp_nominal_per_capita_lcu_quarterly_nsa_estimate,2010-Q3,quarterly,9283.925862648399,\N,estimated,IMF_QNEA,derived_per_capita|QNEA|B1GQ|V|NSA|XDC|Q|population=SP.POP.TOTL_interpolated,NSA,\N
IRL,gdp_nominal_per_capita_lcu_quarterly_nsa_estimate,2010-Q4,quarterly,9110.868136902665,\N,estimated,IMF_QNEA,derived_per_capita|QNEA|B1GQ|V|NSA|XDC|Q|population=SP.POP.TOTL_interpolated,NSA,\N
IRL,gdp_nominal_per_capita_lcu_quarterly_nsa_estimate,2011-Q1,quarterly,9320.651761158868,\N,estimated,IMF_QNEA,derived_per_capita|QNEA|B1GQ|V|NSA|XDC|Q|population=SP.POP.TOTL_interpolated,NSA,\N
IRL,gdp_nominal_per_capita_lcu_quarterly_nsa_estimate,2011-Q2,quarterly,9533.13550803707,\N,estimated,IMF_QNEA,derived_per_capita|QNEA|B1GQ|V|NSA|XDC|Q|population=SP.POP.TOTL_interpolated,NSA,\N
IRL,gdp_nominal_per_capita_lcu_quarterly_nsa_estimate,2011-Q3,quarterly,9540.503719995904,\N,estimated,IMF_QNEA,derived_per_capita|QNEA|B1GQ|V|NSA|XDC|Q|population=SP.POP.TOTL_interpolated,NSA,\N
IRL,gdp_nominal_per_capita_lcu_quarterly_nsa_estimate,2011-Q4,quarterly,9379.108350770903,\N,estimated,IMF_QNEA,derived_per_capita|QNEA|B1GQ|V|NSA|XDC|Q|population=SP.POP.TOTL_interpolated,NSA,\N
IRL,gdp_nominal_per_capita_lcu_quarterly_nsa_estimate,2012-Q1,quarterly,9471.464924916674,\N,estimated,IMF_QNEA,derived_per_capita|QNEA|B1GQ|V|NSA|XDC|Q|population=SP.POP.TOTL_interpolated,NSA,\N
IRL,gdp_nominal_per_capita_lcu_quarterly_nsa_estimate,2012-Q2,quarterly,9689.680569674127,\N,estimated,IMF_QNEA,derived_per_capita|QNEA|B1GQ|V|NSA|XDC|Q|population=SP.POP.TOTL_interpolated,NSA,\N
IRL,gdp_nominal_per_capita_lcu_quarterly_nsa_estimate,2012-Q3,quarterly,9710.370165223238,\N,estimated,IMF_QNEA,derived_per_capita|QNEA|B1GQ|V|NSA|XDC|Q|population=SP.POP.TOTL_interpolated,NSA,\N
IRL,gdp_nominal_per_capita_lcu_quarterly_nsa_estimate,2012-Q4,quarterly,9500.999846022876,\N,estimated,IMF_QNEA,derived_per_capita|QNEA|B1GQ|V|NSA|XDC|Q|population=SP.POP.TOTL_interpolated,NSA,\N
IRL,gdp_nominal_per_capita_lcu_quarterly_nsa_estimate,2013-Q1,quarterly,9488.085096357223,\N,estimated,IMF_QNEA,derived_per_capita|QNEA|B1GQ|V|NSA|XDC|Q|population=SP.POP.TOTL_interpolated,NSA,\N
IRL,gdp_nominal_per_capita_lcu_quarterly_nsa_estimate,2013-Q2,quarterly,9784.247125560089,\N,estimated,IMF_QNEA,derived_per_capita|QNEA|B1GQ|V|NSA|XDC|Q|population=SP.POP.TOTL_interpolated,NSA,\N
IRL,gdp_nominal_per_capita_lcu_quarterly_nsa_estimate,2013-Q3,quarterly,10233.239809194205,\N,estimated,IMF_QNEA,derived_per_capita|QNEA|B1GQ|V|NSA|XDC|Q|population=SP.POP.TOTL_interpolated,NSA,\N
IRL,gdp_nominal_per_capita_lcu_quarterly_nsa_estimate,2013-Q4,quarterly,9994.8635275785,\N,estimated,IMF_QNEA,derived_per_capita|QNEA|B1GQ|V|NSA|XDC|Q|population=SP.POP.TOTL_interpolated,NSA,\N
IRL,gdp_nominal_per_capita_lcu_quarterly_nsa_estimate,2014-Q1,quarterly,10299.885218756395,\N,estimated,IMF_QNEA,derived_per_capita|QNEA|B1GQ|V|NSA|XDC|Q|population=SP.POP.TOTL_interpolated,NSA,\N
IRL,gdp_nominal_per_capita_lcu_quarterly_nsa_estimate,2014-Q2,quarterly,10656.5606984593,\N,estimated,IMF_QNEA,derived_per_capita|QNEA|B1GQ|V|NSA|XDC|Q|population=SP.POP.TOTL_interpolated,NSA,\N
IRL,gdp_nominal_per_capita_lcu_quarterly_nsa_estimate,2014-Q3,quarterly,10998.67335092883,\N,estimated,IMF_QNEA,derived_per_capita|QNEA|B1GQ|V|NSA|XDC|Q|population=SP.POP.TOTL_interpolated,NSA,\N
IRL,gdp_nominal_per_capita_lcu_quarterly_nsa_estimate,2014-Q4,quarterly,11054.94132247165,\N,estimated,IMF_QNEA,derived_per_capita|QNEA|B1GQ|V|NSA|XDC|Q|population=SP.POP.TOTL_interpolated,NSA,\N
ISL,gdp_nominal_per_capita_lcu_quarterly_nsa_estimate,2010-Q1,quarterly,1281564.9524508368,\N,estimated,IMF_QNEA,derived_per_capita|QNEA|B1GQ|V|NSA|XDC|Q|population=SP.POP.TOTL_interpolated,NSA,\N
ISL,gdp_nominal_per_capita_lcu_quarterly_nsa_estimate,2010-Q2,quarterly,1332964.4532467562,\N,estimated,IMF_QNEA,derived_per_capita|QNEA|B1GQ|V|NSA|XDC|Q|population=SP.POP.TOTL_interpolated,NSA,\N
ISL,gdp_nominal_per_capita_lcu_quarterly_nsa_estimate,2010-Q3,quarterly,1368432.1201429614,\N,estimated,IMF_QNEA,derived_per_capita|QNEA|B1GQ|V|NSA|XDC|Q|population=SP.POP.TOTL_interpolated,NSA,\N
ISL,gdp_nominal_per_capita_lcu_quarterly_nsa_estimate,2010-Q4,quarterly,1365331.4616980606,\N,estimated,IMF_QNEA,derived_per_capita|QNEA|B1GQ|V|NSA|XDC|Q|population=SP.POP.TOTL_interpolated,NSA,\N
ISL,gdp_nominal_per_capita_lcu_quarterly_nsa_estimate,2011-Q1,quarterly,1323332.4521729033,\N,estimated,IMF_QNEA,derived_per_capita|QNEA|B1GQ|V|NSA|XDC|Q|population=SP.POP.TOTL_interpolated,NSA,\N
ISL,gdp_nominal_per_capita_lcu_quarterly_nsa_estimate,2011-Q2,quarterly,1369004.0876236067,\N,estimated,IMF_QNEA,derived_per_capita|QNEA|B1GQ|V|NSA|XDC|Q|population=SP.POP.TOTL_interpolated,NSA,\N
ISL,gdp_nominal_per_capita_lcu_quarterly_nsa_estimate,2011-Q3,quarterly,1467810.809404287,\N,estimated,IMF_QNEA,derived_per_capita|QNEA|B1GQ|V|NSA|XDC|Q|population=SP.POP.TOTL_interpolated,NSA,\N
ISL,gdp_nominal_per_capita_lcu_quarterly_nsa_estimate,2011-Q4,quarterly,1433398.334177219,\N,estimated,IMF_QNEA,derived_per_capita|QNEA|B1GQ|V|NSA|XDC|Q|population=SP.POP.TOTL_interpolated,NSA,\N
ISL,gdp_nominal_per_capita_lcu_quarterly_nsa_estimate,2012-Q1,quarterly,1404882.8397881452,\N,estimated,IMF_QNEA,derived_per_capita|QNEA|B1GQ|V|NSA|XDC|Q|population=SP.POP.TOTL_interpolated,NSA,\N
ISL,gdp_nominal_per_capita_lcu_quarterly_nsa_estimate,2012-Q2,quarterly,1426705.312757359,\N,estimated,IMF_QNEA,derived_per_capita|QNEA|B1GQ|V|NSA|XDC|Q|population=SP.POP.TOTL_interpolated,NSA,\N
ISL,gdp_nominal_per_capita_lcu_quarterly_nsa_estimate,2012-Q3,quarterly,1513465.5954119782,\N,estimated,IMF_QNEA,derived_per_capita|QNEA|B1GQ|V|NSA|XDC|Q|population=SP.POP.TOTL_interpolated,NSA,\N
ISL,gdp_nominal_per_capita_lcu_quarterly_nsa_estimate,2012-Q4,quarterly,1479847.3412736633,\N,estimated,IMF_QNEA,derived_per_capita|QNEA|B1GQ|V|NSA|XDC|Q|population=SP.POP.TOTL_interpolated,NSA,\N
ISL,gdp_nominal_per_capita_lcu_quarterly_nsa_estimate,2013-Q1,quarterly,1475089.820520053,\N,estimated,IMF_QNEA,derived_per_capita|QNEA|B1GQ|V|NSA|XDC|Q|population=SP.POP.TOTL_interpolated,NSA,\N
ISL,gdp_nominal_per_capita_lcu_quarterly_nsa_estimate,2013-Q2,quarterly,1524859.0654579864,\N,estimated,IMF_QNEA,derived_per_capita|QNEA|B1GQ|V|NSA|XDC|Q|population=SP.POP.TOTL_interpolated,NSA,\N
ISL,gdp_nominal_per_capita_lcu_quarterly_nsa_estimate,2013-Q3,quarterly,1585376.6443004564,\N,estimated,IMF_QNEA,derived_per_capita|QNEA|B1GQ|V|NSA|XDC|Q|population=SP.POP.TOTL_interpolated,NSA,\N
ISL,gdp_nominal_per_capita_lcu_quarterly_nsa_estimate,2013-Q4,quarterly,1543119.9411698214,\N,estimated,IMF_QNEA,derived_per_capita|QNEA|B1GQ|V|NSA|XDC|Q|population=SP.POP.TOTL_interpolated,NSA,\N
ISL,gdp_nominal_per_capita_lcu_quarterly_nsa_estimate,2014-Q1,quarterly,1466919.0049712027,\N,estimated,IMF_QNEA,derived_per_capita|QNEA|B1GQ|V|NSA|XDC|Q|population=SP.POP.TOTL_interpolated,NSA,\N
ISL,gdp_nominal_per_capita_lcu_quarterly_nsa_estimate,2014-Q2,quarterly,1562598.740874475,\N,estimated,IMF_QNEA,derived_per_capita|QNEA|B1GQ|V|NSA|XDC|Q|population=SP.POP.TOTL_interpolated,NSA,\N
ISL,gdp_nominal_per_capita_lcu_quarterly_nsa_estimate,2014-Q3,quarterly,1722409.754122471,\N,estimated,IMF_QNEA,derived_per_capita|QNEA|B1GQ|V|NSA|XDC|Q|population=SP.POP.TOTL_interpolated,NSA,\N
ISL,gdp_nominal_per_capita_lcu_quarterly_nsa_estimate,2014-Q4,quarterly,1686036.5028708344,\N,estimated,IMF_QNEA,derived_per_capita|QNEA|B1GQ|V|NSA|XDC|Q|population=SP.POP.TOTL_interpolated,NSA,\N
ISR,gdp_nominal_per_capita_lcu_quarterly_nsa_estimate,2010-Q1,quarterly,28136.862193519417,\N,estimated,IMF_QNEA,derived_per_capita|QNEA|B1GQ|V|NSA|XDC|Q|population=SP.POP.TOTL_interpolated,NSA,\N
ISR,gdp_nominal_per_capita_lcu_quarterly_nsa_estimate,2010-Q2,quarterly,29253.40011963688,\N,estimated,IMF_QNEA,derived_per_capita|QNEA|B1GQ|V|NSA|XDC|Q|population=SP.POP.TOTL_interpolated,NSA,\N
ISR,gdp_nominal_per_capita_lcu_quarterly_nsa_estimate,2010-Q3,quarterly,29501.575305491486,\N,estimated,IMF_QNEA,derived_per_capita|QNEA|B1GQ|V|NSA|XDC|Q|population=SP.POP.TOTL_interpolated,NSA,\N
ISR,gdp_nominal_per_capita_lcu_quarterly_nsa_estimate,2010-Q4,quarterly,29823.477499128883,\N,estimated,IMF_QNEA,derived_per_capita|QNEA|B1GQ|V|NSA|XDC|Q|population=SP.POP.TOTL_interpolated,NSA,\N
ISR,gdp_nominal_per_capita_lcu_quarterly_nsa_estimate,2011-Q1,quarterly,29857.13405878139,\N,estimated,IMF_QNEA,derived_per_capita|QNEA|B1GQ|V|NSA|XDC|Q|population=SP.POP.TOTL_interpolated,NSA,\N
ISR,gdp_nominal_per_capita_lcu_quarterly_nsa_estimate,2011-Q2,quarterly,30290.570822887123,\N,estimated,IMF_QNEA,derived_per_capita|QNEA|B1GQ|V|NSA|XDC|Q|population=SP.POP.TOTL_interpolated,NSA,\N
ISR,gdp_nominal_per_capita_lcu_quarterly_nsa_estimate,2011-Q3,quarterly,31155.267852984773,\N,estimated,IMF_QNEA,derived_per_capita|QNEA|B1GQ|V|NSA|XDC|Q|population=SP.POP.TOTL_interpolated,NSA,\N
ISR,gdp_nominal_per_capita_lcu_quarterly_nsa_estimate,2011-Q4,quarterly,31397.894837797012,\N,estimated,IMF_QNEA,derived_per_capita|QNEA|B1GQ|V|NSA|XDC|Q|population=SP.POP.TOTL_interpolated,NSA,\N
ISR,gdp_nominal_per_capita_lcu_quarterly_nsa_estimate,2012-Q1,quarterly,31017.58316242349,\N,estimated,IMF_QNEA,derived_per_capita|QNEA|B1GQ|V|NSA|XDC|Q|population=SP.POP.TOTL_interpolated,NSA,\N
ISR,gdp_nominal_per_capita_lcu_quarterly_nsa_estimate,2012-Q2,quarterly,31797.058250566603,\N,estimated,IMF_QNEA,derived_per_capita|QNEA|B1GQ|V|NSA|XDC|Q|population=SP.POP.TOTL_interpolated,NSA,\N
ISR,gdp_nominal_per_capita_lcu_quarterly_nsa_estimate,2012-Q3,quarterly,32432.39323380575,\N,estimated,IMF_QNEA,derived_per_capita|QNEA|B1GQ|V|NSA|XDC|Q|population=SP.POP.TOTL_interpolated,NSA,\N
ISR,gdp_nominal_per_capita_lcu_quarterly_nsa_estimate,2012-Q4,quarterly,32351.464750278516,\N,estimated,IMF_QNEA,derived_per_capita|QNEA|B1GQ|V|NSA|XDC|Q|population=SP.POP.TOTL_interpolated,NSA,\N
ISR,gdp_nominal_per_capita_lcu_quarterly_nsa_estimate,2013-Q1,quarterly,31982.920239266583,\N,estimated,IMF_QNEA,derived_per_capita|QNEA|B1GQ|V|NSA|XDC|Q|population=SP.POP.TOTL_interpolated,NSA,\N
ISR,gdp_nominal_per_capita_lcu_quarterly_nsa_estimate,2013-Q2,quarterly,33506.49027624481,\N,estimated,IMF_QNEA,derived_per_capita|QNEA|B1GQ|V|NSA|XDC|Q|population=SP.POP.TOTL_interpolated,NSA,\N
ISR,gdp_nominal_per_capita_lcu_quarterly_nsa_estimate,2013-Q3,quarterly,33405.44186953252,\N,estimated,IMF_QNEA,derived_per_capita|QNEA|B1GQ|V|NSA|XDC|Q|population=SP.POP.TOTL_interpolated,NSA,\N
ISR,gdp_nominal_per_capita_lcu_quarterly_nsa_estimate,2013-Q4,quarterly,33949.74793901263,\N,estimated,IMF_QNEA,derived_per_capita|QNEA|B1GQ|V|NSA|XDC|Q|population=SP.POP.TOTL_interpolated,NSA,\N
ISR,gdp_nominal_per_capita_lcu_quarterly_nsa_estimate,2014-Q1,quarterly,33531.83872994468,\N,estimated,IMF_QNEA,derived_per_capita|QNEA|B1GQ|V|NSA|XDC|Q|population=SP.POP.TOTL_interpolated,NSA,\N
ISR,gdp_nominal_per_capita_lcu_quarterly_nsa_estimate,2014-Q2,quarterly,33684.590677968685,\N,estimated,IMF_QNEA,derived_per_capita|QNEA|B1GQ|V|NSA|XDC|Q|population=SP.POP.TOTL_interpolated,NSA,\N
ISR,gdp_nominal_per_capita_lcu_quarterly_nsa_estimate,2014-Q3,quarterly,33853.16132948854,\N,estimated,IMF_QNEA,derived_per_capita|QNEA|B1GQ|V|NSA|XDC|Q|population=SP.POP.TOTL_interpolated,NSA,\N
ISR,gdp_nominal_per_capita_lcu_quarterly_nsa_estimate,2014-Q4,quarterly,35156.49332213812,\N,estimated,IMF_QNEA,derived_per_capita|QNEA|B1GQ|V|NSA|XDC|Q|population=SP.POP.TOTL_interpolated,NSA,\N
ITA,gdp_nominal_per_capita_lcu_quarterly_nsa_estimate,2010-Q1,quarterly,6324.839489535026,\N,estimated,IMF_QNEA,derived_per_capita|QNEA|B1GQ|V|NSA|XDC|Q|population=SP.POP.TOTL_interpolated,NSA,\N
ITA,gdp_nominal_per_capita_lcu_quarterly_nsa_estimate,2010-Q2,quarterly,6751.388494304276,\N,estimated,IMF_QNEA,derived_per_capita|QNEA|B1GQ|V|NSA|XDC|Q|population=SP.POP.TOTL_interpolated,NSA,\N
ITA,gdp_nominal_per_capita_lcu_quarterly_nsa_estimate,2010-Q3,quarterly,6714.626822737587,\N,estimated,IMF_QNEA,derived_per_capita|QNEA|B1GQ|V|NSA|XDC|Q|population=SP.POP.TOTL_interpolated,NSA,\N
ITA,gdp_nominal_per_capita_lcu_quarterly_nsa_estimate,2010-Q4,quarterly,7258.1312332661455,\N,estimated,IMF_QNEA,derived_per_capita|QNEA|B1GQ|V|NSA|XDC|Q|population=SP.POP.TOTL_interpolated,NSA,\N
ITA,gdp_nominal_per_capita_lcu_quarterly_nsa_estimate,2011-Q1,quarterly,6556.632318459508,\N,estimated,IMF_QNEA,derived_per_capita|QNEA|B1GQ|V|NSA|XDC|Q|population=SP.POP.TOTL_interpolated,NSA,\N
ITA,gdp_nominal_per_capita_lcu_quarterly_nsa_estimate,2011-Q2,quarterly,6910.889983267629,\N,estimated,IMF_QNEA,derived_per_capita|QNEA|B1GQ|V|NSA|XDC|Q|population=SP.POP.TOTL_interpolated,NSA,\N
ITA,gdp_nominal_per_capita_lcu_quarterly_nsa_estimate,2011-Q3,quarterly,6867.135906864764,\N,estimated,IMF_QNEA,derived_per_capita|QNEA|B1GQ|V|NSA|XDC|Q|population=SP.POP.TOTL_interpolated,NSA,\N
ITA,gdp_nominal_per_capita_lcu_quarterly_nsa_estimate,2011-Q4,quarterly,7277.345068059266,\N,estimated,IMF_QNEA,derived_per_capita|QNEA|B1GQ|V|NSA|XDC|Q|population=SP.POP.TOTL_interpolated,NSA,\N
ITA,gdp_nominal_per_capita_lcu_quarterly_nsa_estimate,2012-Q1,quarterly,6486.281865387094,\N,estimated,IMF_QNEA,derived_per_capita|QNEA|B1GQ|V|NSA|XDC|Q|population=SP.POP.TOTL_interpolated,NSA,\N
ITA,gdp_nominal_per_capita_lcu_quarterly_nsa_estimate,2012-Q2,quarterly,6767.098029050977,\N,estimated,IMF_QNEA,derived_per_capita|QNEA|B1GQ|V|NSA|XDC|Q|population=SP.POP.TOTL_interpolated,NSA,\N
ITA,gdp_nominal_per_capita_lcu_quarterly_nsa_estimate,2012-Q3,quarterly,6730.236682775988,\N,estimated,IMF_QNEA,derived_per_capita|QNEA|B1GQ|V|NSA|XDC|Q|population=SP.POP.TOTL_interpolated,NSA,\N
ITA,gdp_nominal_per_capita_lcu_quarterly_nsa_estimate,2012-Q4,quarterly,7146.800150110272,\N,estimated,IMF_QNEA,derived_per_capita|QNEA|B1GQ|V|NSA|XDC|Q|population=SP.POP.TOTL_interpolated,NSA,\N
ITA,gdp_nominal_per_capita_lcu_quarterly_nsa_estimate,2013-Q1,quarterly,6303.579150303973,\N,estimated,IMF_QNEA,derived_per_capita|QNEA|B1GQ|V|NSA|XDC|Q|population=SP.POP.TOTL_interpolated,NSA,\N
ITA,gdp_nominal_per_capita_lcu_quarterly_nsa_estimate,2013-Q2,quarterly,6689.606363951009,\N,estimated,IMF_QNEA,derived_per_capita|QNEA|B1GQ|V|NSA|XDC|Q|population=SP.POP.TOTL_interpolated,NSA,\N
ITA,gdp_nominal_per_capita_lcu_quarterly_nsa_estimate,2013-Q3,quarterly,6732.607975646144,\N,estimated,IMF_QNEA,derived_per_capita|QNEA|B1GQ|V|NSA|XDC|Q|population=SP.POP.TOTL_interpolated,NSA,\N
ITA,gdp_nominal_per_capita_lcu_quarterly_nsa_estimate,2013-Q4,quarterly,7161.464536117874,\N,estimated,IMF_QNEA,derived_per_capita|QNEA|B1GQ|V|NSA|XDC|Q|population=SP.POP.TOTL_interpolated,NSA,\N
ITA,gdp_nominal_per_capita_lcu_quarterly_nsa_estimate,2014-Q1,quarterly,6401.2633324785065,\N,estimated,IMF_QNEA,derived_per_capita|QNEA|B1GQ|V|NSA|XDC|Q|population=SP.POP.TOTL_interpolated,NSA,\N
ITA,gdp_nominal_per_capita_lcu_quarterly_nsa_estimate,2014-Q2,quarterly,6748.008951539239,\N,estimated,IMF_QNEA,derived_per_capita|QNEA|B1GQ|V|NSA|XDC|Q|population=SP.POP.TOTL_interpolated,NSA,\N
ITA,gdp_nominal_per_capita_lcu_quarterly_nsa_estimate,2014-Q3,quarterly,6769.963665275495,\N,estimated,IMF_QNEA,derived_per_capita|QNEA|B1GQ|V|NSA|XDC|Q|population=SP.POP.TOTL_interpolated,NSA,\N
ITA,gdp_nominal_per_capita_lcu_quarterly_nsa_estimate,2014-Q4,quarterly,7206.168623657414,\N,estimated,IMF_QNEA,derived_per_capita|QNEA|B1GQ|V|NSA|XDC|Q|population=SP.POP.TOTL_interpolated,NSA,\N
JAM,gdp_nominal_per_capita_lcu_quarterly_nsa_estimate,2010-Q1,quarterly,103776.72227960276,\N,estimated,IMF_QNEA,derived_per_capita|QNEA|B1GQ|V|NSA|XDC|Q|population=SP.POP.TOTL_interpolated,NSA,\N
JAM,gdp_nominal_per_capita_lcu_quarterly_nsa_estimate,2010-Q2,quarterly,101574.3252334455,\N,estimated,IMF_QNEA,derived_per_capita|QNEA|B1GQ|V|NSA|XDC|Q|population=SP.POP.TOTL_interpolated,NSA,\N
JAM,gdp_nominal_per_capita_lcu_quarterly_nsa_estimate,2010-Q3,quarterly,103698.51189542768,\N,estimated,IMF_QNEA,derived_per_capita|QNEA|B1GQ|V|NSA|XDC|Q|population=SP.POP.TOTL_interpolated,NSA,\N
JAM,gdp_nominal_per_capita_lcu_quarterly_nsa_estimate,2010-Q4,quarterly,110343.10159468246,\N,estimated,IMF_QNEA,derived_per_capita|QNEA|B1GQ|V|NSA|XDC|Q|population=SP.POP.TOTL_interpolated,NSA,\N
JAM,gdp_nominal_per_capita_lcu_quarterly_nsa_estimate,2011-Q1,quarterly,110262.55507598951,\N,estimated,IMF_QNEA,derived_per_capita|QNEA|B1GQ|V|NSA|XDC|Q|population=SP.POP.TOTL_interpolated,NSA,\N
JAM,gdp_nominal_per_capita_lcu_quarterly_nsa_estimate,2011-Q2,quarterly,108718.97305666457,\N,estimated,IMF_QNEA,derived_per_capita|QNEA|B1GQ|V|NSA|XDC|Q|population=SP.POP.TOTL_interpolated,NSA,\N
JAM,gdp_nominal_per_capita_lcu_quarterly_nsa_estimate,2011-Q3,quarterly,112875.66265723288,\N,estimated,IMF_QNEA,derived_per_capita|QNEA|B1GQ|V|NSA|XDC|Q|population=SP.POP.TOTL_interpolated,NSA,\N
JAM,gdp_nominal_per_capita_lcu_quarterly_nsa_estimate,2011-Q4,quarterly,117578.12923829192,\N,estimated,IMF_QNEA,derived_per_capita|QNEA|B1GQ|V|NSA|XDC|Q|population=SP.POP.TOTL_interpolated,NSA,\N
JAM,gdp_nominal_per_capita_lcu_quarterly_nsa_estimate,2012-Q1,quarterly,117058.66499226504,\N,estimated,IMF_QNEA,derived_per_capita|QNEA|B1GQ|V|NSA|XDC|Q|population=SP.POP.TOTL_interpolated,NSA,\N
JAM,gdp_nominal_per_capita_lcu_quarterly_nsa_estimate,2012-Q2,quarterly,115263.85649913496,\N,estimated,IMF_QNEA,derived_per_capita|QNEA|B1GQ|V|NSA|XDC|Q|population=SP.POP.TOTL_interpolated,NSA,\N
JAM,gdp_nominal_per_capita_lcu_quarterly_nsa_estimate,2012-Q3,quarterly,115959.22381347463,\N,estimated,IMF_QNEA,derived_per_capita|QNEA|B1GQ|V|NSA|XDC|Q|population=SP.POP.TOTL_interpolated,NSA,\N
JAM,gdp_nominal_per_capita_lcu_quarterly_nsa_estimate,2012-Q4,quarterly,125716.53868501946,\N,estimated,IMF_QNEA,derived_per_capita|QNEA|B1GQ|V|NSA|XDC|Q|population=SP.POP.TOTL_interpolated,NSA,\N
JAM,gdp_nominal_per_capita_lcu_quarterly_nsa_estimate,2013-Q1,quarterly,125733.8809505874,\N,estimated,IMF_QNEA,derived_per_capita|QNEA|B1GQ|V|NSA|XDC|Q|population=SP.POP.TOTL_interpolated,NSA,\N
JAM,gdp_nominal_per_capita_lcu_quarterly_nsa_estimate,2013-Q2,quarterly,125075.48328508828,\N,estimated,IMF_QNEA,derived_per_capita|QNEA|B1GQ|V|NSA|XDC|Q|population=SP.POP.TOTL_interpolated,NSA,\N
JAM,gdp_nominal_per_capita_lcu_quarterly_nsa_estimate,2013-Q3,quarterly,128810.81393086883,\N,estimated,IMF_QNEA,derived_per_capita|QNEA|B1GQ|V|NSA|XDC|Q|population=SP.POP.TOTL_interpolated,NSA,\N
JAM,gdp_nominal_per_capita_lcu_quarterly_nsa_estimate,2013-Q4,quarterly,134852.86471798117,\N,estimated,IMF_QNEA,derived_per_capita|QNEA|B1GQ|V|NSA|XDC|Q|population=SP.POP.TOTL_interpolated,NSA,\N
JAM,gdp_nominal_per_capita_lcu_quarterly_nsa_estimate,2014-Q1,quarterly,136107.99305334463,\N,estimated,IMF_QNEA,derived_per_capita|QNEA|B1GQ|V|NSA|XDC|Q|population=SP.POP.TOTL_interpolated,NSA,\N
JAM,gdp_nominal_per_capita_lcu_quarterly_nsa_estimate,2014-Q2,quarterly,134250.73399961414,\N,estimated,IMF_QNEA,derived_per_capita|QNEA|B1GQ|V|NSA|XDC|Q|population=SP.POP.TOTL_interpolated,NSA,\N
JAM,gdp_nominal_per_capita_lcu_quarterly_nsa_estimate,2014-Q3,quarterly,136228.91806649353,\N,estimated,IMF_QNEA,derived_per_capita|QNEA|B1GQ|V|NSA|XDC|Q|population=SP.POP.TOTL_interpolated,NSA,\N
JAM,gdp_nominal_per_capita_lcu_quarterly_nsa_estimate,2014-Q4,quarterly,145343.47362418004,\N,estimated,IMF_QNEA,derived_per_capita|QNEA|B1GQ|V|NSA|XDC|Q|population=SP.POP.TOTL_interpolated,NSA,\N
JPN,gdp_nominal_per_capita_lcu_quarterly_nsa_estimate,2010-Q1,quarterly,975186.3120320237,\N,estimated,IMF_QNEA,derived_per_capita|QNEA|B1GQ|V|NSA|XDC|Q|population=SP.POP.TOTL_interpolated,NSA,\N
JPN,gdp_nominal_per_capita_lcu_quarterly_nsa_estimate,2010-Q2,quarterly,980186.7575304747,\N,estimated,IMF_QNEA,derived_per_capita|QNEA|B1GQ|V|NSA|XDC|Q|population=SP.POP.TOTL_interpolated,NSA,\N
JPN,gdp_nominal_per_capita_lcu_quarterly_nsa_estimate,2010-Q3,quarterly,986689.5500735608,\N,estimated,IMF_QNEA,derived_per_capita|QNEA|B1GQ|V|NSA|XDC|Q|population=SP.POP.TOTL_interpolated,NSA,\N
JPN,gdp_nominal_per_capita_lcu_quarterly_nsa_estimate,2010-Q4,quarterly,1042263.0680891421,\N,estimated,IMF_QNEA,derived_per_capita|QNEA|B1GQ|V|NSA|XDC|Q|population=SP.POP.TOTL_interpolated,NSA,\N
JPN,gdp_nominal_per_capita_lcu_quarterly_nsa_estimate,2011-Q1,quarterly,968743.617930866,\N,estimated,IMF_QNEA,derived_per_capita|QNEA|B1GQ|V|NSA|XDC|Q|population=SP.POP.TOTL_interpolated,NSA,\N
JPN,gdp_nominal_per_capita_lcu_quarterly_nsa_estimate,2011-Q2,quarterly,952934.4482017321,\N,estimated,IMF_QNEA,derived_per_capita|QNEA|B1GQ|V|NSA|XDC|Q|population=SP.POP.TOTL_interpolated,NSA,\N
JPN,gdp_nominal_per_capita_lcu_quarterly_nsa_estimate,2011-Q3,quarterly,967301.6059307944,\N,estimated,IMF_QNEA,derived_per_capita|QNEA|B1GQ|V|NSA|XDC|Q|population=SP.POP.TOTL_interpolated,NSA,\N
JPN,gdp_nominal_per_capita_lcu_quarterly_nsa_estimate,2011-Q4,quarterly,1031222.6775154298,\N,estimated,IMF_QNEA,derived_per_capita|QNEA|B1GQ|V|NSA|XDC|Q|population=SP.POP.TOTL_interpolated,NSA,\N
JPN,gdp_nominal_per_capita_lcu_quarterly_nsa_estimate,2012-Q1,quarterly,994366.7265701164,\N,estimated,IMF_QNEA,derived_per_capita|QNEA|B1GQ|V|NSA|XDC|Q|population=SP.POP.TOTL_interpolated,NSA,\N
JPN,gdp_nominal_per_capita_lcu_quarterly_nsa_estimate,2012-Q2,quarterly,974918.2363332276,\N,estimated,IMF_QNEA,derived_per_capita|QNEA|B1GQ|V|NSA|XDC|Q|population=SP.POP.TOTL_interpolated,NSA,\N
JPN,gdp_nominal_per_capita_lcu_quarterly_nsa_estimate,2012-Q3,quarterly,963978.1828440669,\N,estimated,IMF_QNEA,derived_per_capita|QNEA|B1GQ|V|NSA|XDC|Q|population=SP.POP.TOTL_interpolated,NSA,\N
JPN,gdp_nominal_per_capita_lcu_quarterly_nsa_estimate,2012-Q4,quarterly,1026409.532768893,\N,estimated,IMF_QNEA,derived_per_capita|QNEA|B1GQ|V|NSA|XDC|Q|population=SP.POP.TOTL_interpolated,NSA,\N
JPN,gdp_nominal_per_capita_lcu_quarterly_nsa_estimate,2013-Q1,quarterly,989282.7454240319,\N,estimated,IMF_QNEA,derived_per_capita|QNEA|B1GQ|V|NSA|XDC|Q|population=SP.POP.TOTL_interpolated,NSA,\N
JPN,gdp_nominal_per_capita_lcu_quarterly_nsa_estimate,2013-Q2,quarterly,992108.6076505476,\N,estimated,IMF_QNEA,derived_per_capita|QNEA|B1GQ|V|NSA|XDC|Q|population=SP.POP.TOTL_interpolated,NSA,\N
JPN,gdp_nominal_per_capita_lcu_quarterly_nsa_estimate,2013-Q3,quarterly,995499.4697814676,\N,estimated,IMF_QNEA,derived_per_capita|QNEA|B1GQ|V|NSA|XDC|Q|population=SP.POP.TOTL_interpolated,NSA,\N
JPN,gdp_nominal_per_capita_lcu_quarterly_nsa_estimate,2013-Q4,quarterly,1060540.717705556,\N,estimated,IMF_QNEA,derived_per_capita|QNEA|B1GQ|V|NSA|XDC|Q|population=SP.POP.TOTL_interpolated,NSA,\N
JPN,gdp_nominal_per_capita_lcu_quarterly_nsa_estimate,2014-Q1,quarterly,1026770.3921116309,\N,estimated,IMF_QNEA,derived_per_capita|QNEA|B1GQ|V|NSA|XDC|Q|population=SP.POP.TOTL_interpolated,NSA,\N
JPN,gdp_nominal_per_capita_lcu_quarterly_nsa_estimate,2014-Q2,quarterly,1019745.7326707103,\N,estimated,IMF_QNEA,derived_per_capita|QNEA|B1GQ|V|NSA|XDC|Q|population=SP.POP.TOTL_interpolated,NSA,\N
JPN,gdp_nominal_per_capita_lcu_quarterly_nsa_estimate,2014-Q3,quarterly,1013739.4862647374,\N,estimated,IMF_QNEA,derived_per_capita|QNEA|B1GQ|V|NSA|XDC|Q|population=SP.POP.TOTL_interpolated,NSA,\N
JPN,gdp_nominal_per_capita_lcu_quarterly_nsa_estimate,2014-Q4,quarterly,1089791.2464396353,\N,estimated,IMF_QNEA,derived_per_capita|QNEA|B1GQ|V|NSA|XDC|Q|population=SP.POP.TOTL_interpolated,NSA,\N
KAZ,gdp_nominal_per_capita_lcu_quarterly_nsa_estimate,2010-Q1,quarterly,289028.4484090802,\N,estimated,IMF_QNEA,derived_per_capita|QNEA|B1GQ|V|NSA|XDC|Q|population=SP.POP.TOTL_interpolated,NSA,\N
KAZ,gdp_nominal_per_capita_lcu_quarterly_nsa_estimate,2010-Q2,quarterly,304714.6025227581,\N,estimated,IMF_QNEA,derived_per_capita|QNEA|B1GQ|V|NSA|XDC|Q|population=SP.POP.TOTL_interpolated,NSA,\N
KAZ,gdp_nominal_per_capita_lcu_quarterly_nsa_estimate,2010-Q3,quarterly,315327.03604083887,\N,estimated,IMF_QNEA,derived_per_capita|QNEA|B1GQ|V|NSA|XDC|Q|population=SP.POP.TOTL_interpolated,NSA,\N
KAZ,gdp_nominal_per_capita_lcu_quarterly_nsa_estimate,2010-Q4,quarterly,363735.4647326006,\N,estimated,IMF_QNEA,derived_per_capita|QNEA|B1GQ|V|NSA|XDC|Q|population=SP.POP.TOTL_interpolated,NSA,\N
KAZ,gdp_nominal_per_capita_lcu_quarterly_nsa_estimate,2011-Q1,quarterly,373951.9809923101,\N,estimated,IMF_QNEA,derived_per_capita|QNEA|B1GQ|V|NSA|XDC|Q|population=SP.POP.TOTL_interpolated,NSA,\N
KAZ,gdp_nominal_per_capita_lcu_quarterly_nsa_estimate,2011-Q2,quarterly,392385.8860041199,\N,estimated,IMF_QNEA,derived_per_capita|QNEA|B1GQ|V|NSA|XDC|Q|population=SP.POP.TOTL_interpolated,NSA,\N
KAZ,gdp_nominal_per_capita_lcu_quarterly_nsa_estimate,2011-Q3,quarterly,426381.90967976104,\N,estimated,IMF_QNEA,derived_per_capita|QNEA|B1GQ|V|NSA|XDC|Q|population=SP.POP.TOTL_interpolated,NSA,\N
KAZ,gdp_nominal_per_capita_lcu_quarterly_nsa_estimate,2011-Q4,quarterly,440526.4791669336,\N,estimated,IMF_QNEA,derived_per_capita|QNEA|B1GQ|V|NSA|XDC|Q|population=SP.POP.TOTL_interpolated,NSA,\N
KAZ,gdp_nominal_per_capita_lcu_quarterly_nsa_estimate,2012-Q1,quarterly,429608.4183269651,\N,estimated,IMF_QNEA,derived_per_capita|QNEA|B1GQ|V|NSA|XDC|Q|population=SP.POP.TOTL_interpolated,NSA,\N
KAZ,gdp_nominal_per_capita_lcu_quarterly_nsa_estimate,2012-Q2,quarterly,443386.244704419,\N,estimated,IMF_QNEA,derived_per_capita|QNEA|B1GQ|V|NSA|XDC|Q|population=SP.POP.TOTL_interpolated,NSA,\N
KAZ,gdp_nominal_per_capita_lcu_quarterly_nsa_estimate,2012-Q3,quarterly,451793.1485394599,\N,estimated,IMF_QNEA,derived_per_capita|QNEA|B1GQ|V|NSA|XDC|Q|population=SP.POP.TOTL_interpolated,NSA,\N
KAZ,gdp_nominal_per_capita_lcu_quarterly_nsa_estimate,2012-Q4,quarterly,457596.8889244333,\N,estimated,IMF_QNEA,derived_per_capita|QNEA|B1GQ|V|NSA|XDC|Q|population=SP.POP.TOTL_interpolated,NSA,\N
KAZ,gdp_nominal_per_capita_lcu_quarterly_nsa_estimate,2013-Q1,quarterly,483194.040977955,\N,estimated,IMF_QNEA,derived_per_capita|QNEA|B1GQ|V|NSA|XDC|Q|population=SP.POP.TOTL_interpolated,NSA,\N
KAZ,gdp_nominal_per_capita_lcu_quarterly_nsa_estimate,2013-Q2,quarterly,493362.2080193813,\N,estimated,IMF_QNEA,derived_per_capita|QNEA|B1GQ|V|NSA|XDC|Q|population=SP.POP.TOTL_interpolated,NSA,\N
KAZ,gdp_nominal_per_capita_lcu_quarterly_nsa_estimate,2013-Q3,quarterly,514398.5928797889,\N,estimated,IMF_QNEA,derived_per_capita|QNEA|B1GQ|V|NSA|XDC|Q|population=SP.POP.TOTL_interpolated,NSA,\N
KAZ,gdp_nominal_per_capita_lcu_quarterly_nsa_estimate,2013-Q4,quarterly,541635.8548246622,\N,estimated,IMF_QNEA,derived_per_capita|QNEA|B1GQ|V|NSA|XDC|Q|population=SP.POP.TOTL_interpolated,NSA,\N
KAZ,gdp_nominal_per_capita_lcu_quarterly_nsa_estimate,2014-Q1,quarterly,539690.164664427,\N,estimated,IMF_QNEA,derived_per_capita|QNEA|B1GQ|V|NSA|XDC|Q|population=SP.POP.TOTL_interpolated,NSA,\N
KAZ,gdp_nominal_per_capita_lcu_quarterly_nsa_estimate,2014-Q2,quarterly,556506.0405892311,\N,estimated,IMF_QNEA,derived_per_capita|QNEA|B1GQ|V|NSA|XDC|Q|population=SP.POP.TOTL_interpolated,NSA,\N
KAZ,gdp_nominal_per_capita_lcu_quarterly_nsa_estimate,2014-Q3,quarterly,577785.4796359258,\N,estimated,IMF_QNEA,derived_per_capita|QNEA|B1GQ|V|NSA|XDC|Q|population=SP.POP.TOTL_interpolated,NSA,\N
KAZ,gdp_nominal_per_capita_lcu_quarterly_nsa_estimate,2014-Q4,quarterly,549005.5864605375,\N,estimated,IMF_QNEA,derived_per_capita|QNEA|B1GQ|V|NSA|XDC|Q|population=SP.POP.TOTL_interpolated,NSA,\N
KEN,gdp_nominal_per_capita_lcu_quarterly_nsa_estimate,2010-Q1,quarterly,21293.780683251614,\N,estimated,IMF_QNEA,derived_per_capita|QNEA|B1GQ|V|NSA|XDC|Q|population=SP.POP.TOTL_interpolated,NSA,\N
KEN,gdp_nominal_per_capita_lcu_quarterly_nsa_estimate,2010-Q2,quarterly,21709.02517578016,\N,estimated,IMF_QNEA,derived_per_capita|QNEA|B1GQ|V|NSA|XDC|Q|population=SP.POP.TOTL_interpolated,NSA,\N
KEN,gdp_nominal_per_capita_lcu_quarterly_nsa_estimate,2010-Q3,quarterly,21110.373239365133,\N,estimated,IMF_QNEA,derived_per_capita|QNEA|B1GQ|V|NSA|XDC|Q|population=SP.POP.TOTL_interpolated,NSA,\N
KEN,gdp_nominal_per_capita_lcu_quarterly_nsa_estimate,2010-Q4,quarterly,22369.785776186556,\N,estimated,IMF_QNEA,derived_per_capita|QNEA|B1GQ|V|NSA|XDC|Q|population=SP.POP.TOTL_interpolated,NSA,\N
KEN,gdp_nominal_per_capita_lcu_quarterly_nsa_estimate,2011-Q1,quarterly,22941.698649538106,\N,estimated,IMF_QNEA,derived_per_capita|QNEA|B1GQ|V|NSA|XDC|Q|population=SP.POP.TOTL_interpolated,NSA,\N
KEN,gdp_nominal_per_capita_lcu_quarterly_nsa_estimate,2011-Q2,quarterly,24309.28287899455,\N,estimated,IMF_QNEA,derived_per_capita|QNEA|B1GQ|V|NSA|XDC|Q|population=SP.POP.TOTL_interpolated,NSA,\N
KEN,gdp_nominal_per_capita_lcu_quarterly_nsa_estimate,2011-Q3,quarterly,23854.43741392894,\N,estimated,IMF_QNEA,derived_per_capita|QNEA|B1GQ|V|NSA|XDC|Q|population=SP.POP.TOTL_interpolated,NSA,\N
KEN,gdp_nominal_per_capita_lcu_quarterly_nsa_estimate,2011-Q4,quarterly,26221.226921606565,\N,estimated,IMF_QNEA,derived_per_capita|QNEA|B1GQ|V|NSA|XDC|Q|population=SP.POP.TOTL_interpolated,NSA,\N
KEN,gdp_nominal_per_capita_lcu_quarterly_nsa_estimate,2012-Q1,quarterly,25696.76668402811,\N,estimated,IMF_QNEA,derived_per_capita|QNEA|B1GQ|V|NSA|XDC|Q|population=SP.POP.TOTL_interpolated,NSA,\N
KEN,gdp_nominal_per_capita_lcu_quarterly_nsa_estimate,2012-Q2,quarterly,27539.76264617614,\N,estimated,IMF_QNEA,derived_per_capita|QNEA|B1GQ|V|NSA|XDC|Q|population=SP.POP.TOTL_interpolated,NSA,\N
KEN,gdp_nominal_per_capita_lcu_quarterly_nsa_estimate,2012-Q3,quarterly,26766.986145837738,\N,estimated,IMF_QNEA,derived_per_capita|QNEA|B1GQ|V|NSA|XDC|Q|population=SP.POP.TOTL_interpolated,NSA,\N
KEN,gdp_nominal_per_capita_lcu_quarterly_nsa_estimate,2012-Q4,quarterly,28601.96952449644,\N,estimated,IMF_QNEA,derived_per_capita|QNEA|B1GQ|V|NSA|XDC|Q|population=SP.POP.TOTL_interpolated,NSA,\N
KEN,gdp_nominal_per_capita_lcu_quarterly_nsa_estimate,2013-Q1,quarterly,28309.6583280198,\N,estimated,IMF_QNEA,derived_per_capita|QNEA|B1GQ|V|NSA|XDC|Q|population=SP.POP.TOTL_interpolated,NSA,\N
KEN,gdp_nominal_per_capita_lcu_quarterly_nsa_estimate,2013-Q2,quarterly,29926.567710484047,\N,estimated,IMF_QNEA,derived_per_capita|QNEA|B1GQ|V|NSA|XDC|Q|population=SP.POP.TOTL_interpolated,NSA,\N
KEN,gdp_nominal_per_capita_lcu_quarterly_nsa_estimate,2013-Q3,quarterly,29217.547344722225,\N,estimated,IMF_QNEA,derived_per_capita|QNEA|B1GQ|V|NSA|XDC|Q|population=SP.POP.TOTL_interpolated,NSA,\N
KEN,gdp_nominal_per_capita_lcu_quarterly_nsa_estimate,2013-Q4,quarterly,30602.805887907012,\N,estimated,IMF_QNEA,derived_per_capita|QNEA|B1GQ|V|NSA|XDC|Q|population=SP.POP.TOTL_interpolated,NSA,\N
KEN,gdp_nominal_per_capita_lcu_quarterly_nsa_estimate,2014-Q1,quarterly,31271.63872807402,\N,estimated,IMF_QNEA,derived_per_capita|QNEA|B1GQ|V|NSA|XDC|Q|population=SP.POP.TOTL_interpolated,NSA,\N
KEN,gdp_nominal_per_capita_lcu_quarterly_nsa_estimate,2014-Q2,quarterly,32964.78874867019,\N,estimated,IMF_QNEA,derived_per_capita|QNEA|B1GQ|V|NSA|XDC|Q|population=SP.POP.TOTL_interpolated,NSA,\N
KEN,gdp_nominal_per_capita_lcu_quarterly_nsa_estimate,2014-Q3,quarterly,32549.046889623398,\N,estimated,IMF_QNEA,derived_per_capita|QNEA|B1GQ|V|NSA|XDC|Q|population=SP.POP.TOTL_interpolated,NSA,\N
KEN,gdp_nominal_per_capita_lcu_quarterly_nsa_estimate,2014-Q4,quarterly,33578.06503051073,\N,estimated,IMF_QNEA,derived_per_capita|QNEA|B1GQ|V|NSA|XDC|Q|population=SP.POP.TOTL_interpolated,NSA,\N
KGZ,gdp_nominal_per_capita_lcu_quarterly_nsa_estimate,2010-Q1,quarterly,7729.272449498238,\N,estimated,IMF_QNEA,derived_per_capita|QNEA|B1GQ|V|NSA|XDC|Q|population=SP.POP.TOTL_interpolated,NSA,\N
KGZ,gdp_nominal_per_capita_lcu_quarterly_nsa_estimate,2010-Q2,quarterly,8335.736805669825,\N,estimated,IMF_QNEA,derived_per_capita|QNEA|B1GQ|V|NSA|XDC|Q|population=SP.POP.TOTL_interpolated,NSA,\N
KGZ,gdp_nominal_per_capita_lcu_quarterly_nsa_estimate,2010-Q3,quarterly,11360.562351652365,\N,estimated,IMF_QNEA,derived_per_capita|QNEA|B1GQ|V|NSA|XDC|Q|population=SP.POP.TOTL_interpolated,NSA,\N
KGZ,gdp_nominal_per_capita_lcu_quarterly_nsa_estimate,2010-Q4,quarterly,12848.047311184777,\N,estimated,IMF_QNEA,derived_per_capita|QNEA|B1GQ|V|NSA|XDC|Q|population=SP.POP.TOTL_interpolated,NSA,\N
KGZ,gdp_nominal_per_capita_lcu_quarterly_nsa_estimate,2011-Q1,quarterly,9188.520661750257,\N,estimated,IMF_QNEA,derived_per_capita|QNEA|B1GQ|V|NSA|XDC|Q|population=SP.POP.TOTL_interpolated,NSA,\N
KGZ,gdp_nominal_per_capita_lcu_quarterly_nsa_estimate,2011-Q2,quarterly,11248.579013359351,\N,estimated,IMF_QNEA,derived_per_capita|QNEA|B1GQ|V|NSA|XDC|Q|population=SP.POP.TOTL_interpolated,NSA,\N
KGZ,gdp_nominal_per_capita_lcu_quarterly_nsa_estimate,2011-Q3,quarterly,15879.119168194475,\N,estimated,IMF_QNEA,derived_per_capita|QNEA|B1GQ|V|NSA|XDC|Q|population=SP.POP.TOTL_interpolated,NSA,\N
KGZ,gdp_nominal_per_capita_lcu_quarterly_nsa_estimate,2011-Q4,quarterly,15168.688659485522,\N,estimated,IMF_QNEA,derived_per_capita|QNEA|B1GQ|V|NSA|XDC|Q|population=SP.POP.TOTL_interpolated,NSA,\N
KGZ,gdp_nominal_per_capita_lcu_quarterly_nsa_estimate,2012-Q1,quarterly,9887.80859285052,\N,estimated,IMF_QNEA,derived_per_capita|QNEA|B1GQ|V|NSA|XDC|Q|population=SP.POP.TOTL_interpolated,NSA,\N
KGZ,gdp_nominal_per_capita_lcu_quarterly_nsa_estimate,2012-Q2,quarterly,12061.257004065894,\N,estimated,IMF_QNEA,derived_per_capita|QNEA|B1GQ|V|NSA|XDC|Q|population=SP.POP.TOTL_interpolated,NSA,\N
KGZ,gdp_nominal_per_capita_lcu_quarterly_nsa_estimate,2012-Q3,quarterly,16180.996549708942,\N,estimated,IMF_QNEA,derived_per_capita|QNEA|B1GQ|V|NSA|XDC|Q|population=SP.POP.TOTL_interpolated,NSA,\N
KGZ,gdp_nominal_per_capita_lcu_quarterly_nsa_estimate,2012-Q4,quarterly,16714.310436760272,\N,estimated,IMF_QNEA,derived_per_capita|QNEA|B1GQ|V|NSA|XDC|Q|population=SP.POP.TOTL_interpolated,NSA,\N
KGZ,gdp_nominal_per_capita_lcu_quarterly_nsa_estimate,2013-Q1,quarterly,10986.90811290909,\N,estimated,IMF_QNEA,derived_per_capita|QNEA|B1GQ|V|NSA|XDC|Q|population=SP.POP.TOTL_interpolated,NSA,\N
KGZ,gdp_nominal_per_capita_lcu_quarterly_nsa_estimate,2013-Q2,quarterly,13337.965794851814,\N,estimated,IMF_QNEA,derived_per_capita|QNEA|B1GQ|V|NSA|XDC|Q|population=SP.POP.TOTL_interpolated,NSA,\N
KGZ,gdp_nominal_per_capita_lcu_quarterly_nsa_estimate,2013-Q3,quarterly,17814.115933194345,\N,estimated,IMF_QNEA,derived_per_capita|QNEA|B1GQ|V|NSA|XDC|Q|population=SP.POP.TOTL_interpolated,NSA,\N
KGZ,gdp_nominal_per_capita_lcu_quarterly_nsa_estimate,2013-Q4,quarterly,19275.684675851455,\N,estimated,IMF_QNEA,derived_per_capita|QNEA|B1GQ|V|NSA|XDC|Q|population=SP.POP.TOTL_interpolated,NSA,\N
KGZ,gdp_nominal_per_capita_lcu_quarterly_nsa_estimate,2014-Q1,quarterly,11856.265880848105,\N,estimated,IMF_QNEA,derived_per_capita|QNEA|B1GQ|V|NSA|XDC|Q|population=SP.POP.TOTL_interpolated,NSA,\N
KGZ,gdp_nominal_per_capita_lcu_quarterly_nsa_estimate,2014-Q2,quarterly,14315.793727274915,\N,estimated,IMF_QNEA,derived_per_capita|QNEA|B1GQ|V|NSA|XDC|Q|population=SP.POP.TOTL_interpolated,NSA,\N
KGZ,gdp_nominal_per_capita_lcu_quarterly_nsa_estimate,2014-Q3,quarterly,19734.35243160482,\N,estimated,IMF_QNEA,derived_per_capita|QNEA|B1GQ|V|NSA|XDC|Q|population=SP.POP.TOTL_interpolated,NSA,\N
KGZ,gdp_nominal_per_capita_lcu_quarterly_nsa_estimate,2014-Q4,quarterly,21834.37221428507,\N,estimated,IMF_QNEA,derived_per_capita|QNEA|B1GQ|V|NSA|XDC|Q|population=SP.POP.TOTL_interpolated,NSA,\N
KOR,gdp_nominal_per_capita_lcu_quarterly_nsa_estimate,2010-Q1,quarterly,6503191.802990525,\N,estimated,IMF_QNEA,derived_per_capita|QNEA|B1GQ|V|NSA|XDC|Q|population=SP.POP.TOTL_interpolated,NSA,\N
KOR,gdp_nominal_per_capita_lcu_quarterly_nsa_estimate,2010-Q2,quarterly,6939226.788979463,\N,estimated,IMF_QNEA,derived_per_capita|QNEA|B1GQ|V|NSA|XDC|Q|population=SP.POP.TOTL_interpolated,NSA,\N
KOR,gdp_nominal_per_capita_lcu_quarterly_nsa_estimate,2010-Q3,quarterly,7026976.8900262145,\N,estimated,IMF_QNEA,derived_per_capita|QNEA|B1GQ|V|NSA|XDC|Q|population=SP.POP.TOTL_interpolated,NSA,\N
KOR,gdp_nominal_per_capita_lcu_quarterly_nsa_estimate,2010-Q4,quarterly,7356411.572666922,\N,estimated,IMF_QNEA,derived_per_capita|QNEA|B1GQ|V|NSA|XDC|Q|population=SP.POP.TOTL_interpolated,NSA,\N
KOR,gdp_nominal_per_capita_lcu_quarterly_nsa_estimate,2011-Q1,quarterly,6886845.26608691,\N,estimated,IMF_QNEA,derived_per_capita|QNEA|B1GQ|V|NSA|XDC|Q|population=SP.POP.TOTL_interpolated,NSA,\N
KOR,gdp_nominal_per_capita_lcu_quarterly_nsa_estimate,2011-Q2,quarterly,7185767.950254628,\N,estimated,IMF_QNEA,derived_per_capita|QNEA|B1GQ|V|NSA|XDC|Q|population=SP.POP.TOTL_interpolated,NSA,\N
KOR,gdp_nominal_per_capita_lcu_quarterly_nsa_estimate,2011-Q3,quarterly,7289478.768689583,\N,estimated,IMF_QNEA,derived_per_capita|QNEA|B1GQ|V|NSA|XDC|Q|population=SP.POP.TOTL_interpolated,NSA,\N
KOR,gdp_nominal_per_capita_lcu_quarterly_nsa_estimate,2011-Q4,quarterly,7652916.363877575,\N,estimated,IMF_QNEA,derived_per_capita|QNEA|B1GQ|V|NSA|XDC|Q|population=SP.POP.TOTL_interpolated,NSA,\N
KOR,gdp_nominal_per_capita_lcu_quarterly_nsa_estimate,2012-Q1,quarterly,7201569.602775988,\N,estimated,IMF_QNEA,derived_per_capita|QNEA|B1GQ|V|NSA|XDC|Q|population=SP.POP.TOTL_interpolated,NSA,\N
KOR,gdp_nominal_per_capita_lcu_quarterly_nsa_estimate,2012-Q2,quarterly,7464836.742159104,\N,estimated,IMF_QNEA,derived_per_capita|QNEA|B1GQ|V|NSA|XDC|Q|population=SP.POP.TOTL_interpolated,NSA,\N
KOR,gdp_nominal_per_capita_lcu_quarterly_nsa_estimate,2012-Q3,quarterly,7514123.012634086,\N,estimated,IMF_QNEA,derived_per_capita|QNEA|B1GQ|V|NSA|XDC|Q|population=SP.POP.TOTL_interpolated,NSA,\N
KOR,gdp_nominal_per_capita_lcu_quarterly_nsa_estimate,2012-Q4,quarterly,7794577.083210245,\N,estimated,IMF_QNEA,derived_per_capita|QNEA|B1GQ|V|NSA|XDC|Q|population=SP.POP.TOTL_interpolated,NSA,\N
KOR,gdp_nominal_per_capita_lcu_quarterly_nsa_estimate,2013-Q1,quarterly,7399504.952058581,\N,estimated,IMF_QNEA,derived_per_capita|QNEA|B1GQ|V|NSA|XDC|Q|population=SP.POP.TOTL_interpolated,NSA,\N
KOR,gdp_nominal_per_capita_lcu_quarterly_nsa_estimate,2013-Q2,quarterly,7747836.553948141,\N,estimated,IMF_QNEA,derived_per_capita|QNEA|B1GQ|V|NSA|XDC|Q|population=SP.POP.TOTL_interpolated,NSA,\N
KOR,gdp_nominal_per_capita_lcu_quarterly_nsa_estimate,2013-Q3,quarterly,7866497.026580208,\N,estimated,IMF_QNEA,derived_per_capita|QNEA|B1GQ|V|NSA|XDC|Q|population=SP.POP.TOTL_interpolated,NSA,\N
KOR,gdp_nominal_per_capita_lcu_quarterly_nsa_estimate,2013-Q4,quarterly,8129305.825272081,\N,estimated,IMF_QNEA,derived_per_capita|QNEA|B1GQ|V|NSA|XDC|Q|population=SP.POP.TOTL_interpolated,NSA,\N
KOR,gdp_nominal_per_capita_lcu_quarterly_nsa_estimate,2014-Q1,quarterly,7744420.031985879,\N,estimated,IMF_QNEA,derived_per_capita|QNEA|B1GQ|V|NSA|XDC|Q|population=SP.POP.TOTL_interpolated,NSA,\N
KOR,gdp_nominal_per_capita_lcu_quarterly_nsa_estimate,2014-Q2,quarterly,8040240.923045674,\N,estimated,IMF_QNEA,derived_per_capita|QNEA|B1GQ|V|NSA|XDC|Q|population=SP.POP.TOTL_interpolated,NSA,\N
KOR,gdp_nominal_per_capita_lcu_quarterly_nsa_estimate,2014-Q3,quarterly,8110707.333833594,\N,estimated,IMF_QNEA,derived_per_capita|QNEA|B1GQ|V|NSA|XDC|Q|population=SP.POP.TOTL_interpolated,NSA,\N
KOR,gdp_nominal_per_capita_lcu_quarterly_nsa_estimate,2014-Q4,quarterly,8394647.838201413,\N,estimated,IMF_QNEA,derived_per_capita|QNEA|B1GQ|V|NSA|XDC|Q|population=SP.POP.TOTL_interpolated,NSA,\N
LCA,gdp_nominal_per_capita_lcu_quarterly_nsa_estimate,2010-Q1,quarterly,5912.016168464018,\N,estimated,IMF_QNEA,derived_per_capita|QNEA|B1GQ|V|NSA|XDC|Q|population=SP.POP.TOTL_interpolated,NSA,\N
LCA,gdp_nominal_per_capita_lcu_quarterly_nsa_estimate,2010-Q2,quarterly,5847.998588797777,\N,estimated,IMF_QNEA,derived_per_capita|QNEA|B1GQ|V|NSA|XDC|Q|population=SP.POP.TOTL_interpolated,NSA,\N
LCA,gdp_nominal_per_capita_lcu_quarterly_nsa_estimate,2010-Q3,quarterly,5992.356062195253,\N,estimated,IMF_QNEA,derived_per_capita|QNEA|B1GQ|V|NSA|XDC|Q|population=SP.POP.TOTL_interpolated,NSA,\N
LCA,gdp_nominal_per_capita_lcu_quarterly_nsa_estimate,2010-Q4,quarterly,5678.525884112581,\N,estimated,IMF_QNEA,derived_per_capita|QNEA|B1GQ|V|NSA|XDC|Q|population=SP.POP.TOTL_interpolated,NSA,\N
LCA,gdp_nominal_per_capita_lcu_quarterly_nsa_estimate,2011-Q1,quarterly,6201.835210169983,\N,estimated,IMF_QNEA,derived_per_capita|QNEA|B1GQ|V|NSA|XDC|Q|population=SP.POP.TOTL_interpolated,NSA,\N
LCA,gdp_nominal_per_capita_lcu_quarterly_nsa_estimate,2011-Q2,quarterly,5961.356026481001,\N,estimated,IMF_QNEA,derived_per_capita|QNEA|B1GQ|V|NSA|XDC|Q|population=SP.POP.TOTL_interpolated,NSA,\N
LCA,gdp_nominal_per_capita_lcu_quarterly_nsa_estimate,2011-Q3,quarterly,6352.5582572349795,\N,estimated,IMF_QNEA,derived_per_capita|QNEA|B1GQ|V|NSA|XDC|Q|population=SP.POP.TOTL_interpolated,NSA,\N
LCA,gdp_nominal_per_capita_lcu_quarterly_nsa_estimate,2011-Q4,quarterly,6140.186495018035,\N,estimated,IMF_QNEA,derived_per_capita|QNEA|B1GQ|V|NSA|XDC|Q|population=SP.POP.TOTL_interpolated,NSA,\N
LCA,gdp_nominal_per_capita_lcu_quarterly_nsa_estimate,2012-Q1,quarterly,6316.012472992837,\N,estimated,IMF_QNEA,derived_per_capita|QNEA|B1GQ|V|NSA|XDC|Q|population=SP.POP.TOTL_interpolated,NSA,\N
LCA,gdp_nominal_per_capita_lcu_quarterly_nsa_estimate,2012-Q2,quarterly,6255.480429883109,\N,estimated,IMF_QNEA,derived_per_capita|QNEA|B1GQ|V|NSA|XDC|Q|population=SP.POP.TOTL_interpolated,NSA,\N
LCA,gdp_nominal_per_capita_lcu_quarterly_nsa_estimate,2012-Q3,quarterly,6041.066162472366,\N,estimated,IMF_QNEA,derived_per_capita|QNEA|B1GQ|V|NSA|XDC|Q|population=SP.POP.TOTL_interpolated,NSA,\N
LCA,gdp_nominal_per_capita_lcu_quarterly_nsa_estimate,2012-Q4,quarterly,6388.236944358884,\N,estimated,IMF_QNEA,derived_per_capita|QNEA|B1GQ|V|NSA|XDC|Q|population=SP.POP.TOTL_interpolated,NSA,\N
LCA,gdp_nominal_per_capita_lcu_quarterly_nsa_estimate,2013-Q1,quarterly,6500.62183754801,\N,estimated,IMF_QNEA,derived_per_capita|QNEA|B1GQ|V|NSA|XDC|Q|population=SP.POP.TOTL_interpolated,NSA,\N
LCA,gdp_nominal_per_capita_lcu_quarterly_nsa_estimate,2013-Q2,quarterly,6411.33482906137,\N,estimated,IMF_QNEA,derived_per_capita|QNEA|B1GQ|V|NSA|XDC|Q|population=SP.POP.TOTL_interpolated,NSA,\N
LCA,gdp_nominal_per_capita_lcu_quarterly_nsa_estimate,2013-Q3,quarterly,6347.673631803511,\N,estimated,IMF_QNEA,derived_per_capita|QNEA|B1GQ|V|NSA|XDC|Q|population=SP.POP.TOTL_interpolated,NSA,\N
LCA,gdp_nominal_per_capita_lcu_quarterly_nsa_estimate,2013-Q4,quarterly,6599.2014447989895,\N,estimated,IMF_QNEA,derived_per_capita|QNEA|B1GQ|V|NSA|XDC|Q|population=SP.POP.TOTL_interpolated,NSA,\N
LCA,gdp_nominal_per_capita_lcu_quarterly_nsa_estimate,2014-Q1,quarterly,6903.667465489212,\N,estimated,IMF_QNEA,derived_per_capita|QNEA|B1GQ|V|NSA|XDC|Q|population=SP.POP.TOTL_interpolated,NSA,\N
LCA,gdp_nominal_per_capita_lcu_quarterly_nsa_estimate,2014-Q2,quarterly,6645.5271181145345,\N,estimated,IMF_QNEA,derived_per_capita|QNEA|B1GQ|V|NSA|XDC|Q|population=SP.POP.TOTL_interpolated,NSA,\N
LCA,gdp_nominal_per_capita_lcu_quarterly_nsa_estimate,2014-Q3,quarterly,6735.773970475029,\N,estimated,IMF_QNEA,derived_per_capita|QNEA|B1GQ|V|NSA|XDC|Q|population=SP.POP.TOTL_interpolated,NSA,\N
LCA,gdp_nominal_per_capita_lcu_quarterly_nsa_estimate,2014-Q4,quarterly,6836.151511568326,\N,estimated,IMF_QNEA,derived_per_capita|QNEA|B1GQ|V|NSA|XDC|Q|population=SP.POP.TOTL_interpolated,NSA,\N
LKA,gdp_nominal_per_capita_lcu_quarterly_nsa_estimate,2010-Q1,quarterly,68354.87289915785,\N,estimated,IMF_QNEA,derived_per_capita|QNEA|B1GQ|V|NSA|XDC|Q|population=SP.POP.TOTL_interpolated,NSA,\N
LKA,gdp_nominal_per_capita_lcu_quarterly_nsa_estimate,2010-Q2,quarterly,73648.38670165317,\N,estimated,IMF_QNEA,derived_per_capita|QNEA|B1GQ|V|NSA|XDC|Q|population=SP.POP.TOTL_interpolated,NSA,\N
LKA,gdp_nominal_per_capita_lcu_quarterly_nsa_estimate,2010-Q3,quarterly,77173.27040682186,\N,estimated,IMF_QNEA,derived_per_capita|QNEA|B1GQ|V|NSA|XDC|Q|population=SP.POP.TOTL_interpolated,NSA,\N
LKA,gdp_nominal_per_capita_lcu_quarterly_nsa_estimate,2010-Q4,quarterly,87944.24535398673,\N,estimated,IMF_QNEA,derived_per_capita|QNEA|B1GQ|V|NSA|XDC|Q|population=SP.POP.TOTL_interpolated,NSA,\N
LKA,gdp_nominal_per_capita_lcu_quarterly_nsa_estimate,2011-Q1,quarterly,82375.73658579568,\N,estimated,IMF_QNEA,derived_per_capita|QNEA|B1GQ|V|NSA|XDC|Q|population=SP.POP.TOTL_interpolated,NSA,\N
LKA,gdp_nominal_per_capita_lcu_quarterly_nsa_estimate,2011-Q2,quarterly,82005.92437518989,\N,estimated,IMF_QNEA,derived_per_capita|QNEA|B1GQ|V|NSA|XDC|Q|population=SP.POP.TOTL_interpolated,NSA,\N
LKA,gdp_nominal_per_capita_lcu_quarterly_nsa_estimate,2011-Q3,quarterly,88449.10054859814,\N,estimated,IMF_QNEA,derived_per_capita|QNEA|B1GQ|V|NSA|XDC|Q|population=SP.POP.TOTL_interpolated,NSA,\N
LKA,gdp_nominal_per_capita_lcu_quarterly_nsa_estimate,2011-Q4,quarterly,90698.54426946383,\N,estimated,IMF_QNEA,derived_per_capita|QNEA|B1GQ|V|NSA|XDC|Q|population=SP.POP.TOTL_interpolated,NSA,\N
LKA,gdp_nominal_per_capita_lcu_quarterly_nsa_estimate,2012-Q1,quarterly,101465.66491697091,\N,estimated,IMF_QNEA,derived_per_capita|QNEA|B1GQ|V|NSA|XDC|Q|population=SP.POP.TOTL_interpolated,NSA,\N
LKA,gdp_nominal_per_capita_lcu_quarterly_nsa_estimate,2012-Q2,quarterly,98995.2104355381,\N,estimated,IMF_QNEA,derived_per_capita|QNEA|B1GQ|V|NSA|XDC|Q|population=SP.POP.TOTL_interpolated,NSA,\N
LKA,gdp_nominal_per_capita_lcu_quarterly_nsa_estimate,2012-Q3,quarterly,103591.62333027448,\N,estimated,IMF_QNEA,derived_per_capita|QNEA|B1GQ|V|NSA|XDC|Q|population=SP.POP.TOTL_interpolated,NSA,\N
LKA,gdp_nominal_per_capita_lcu_quarterly_nsa_estimate,2012-Q4,quarterly,110332.3023724547,\N,estimated,IMF_QNEA,derived_per_capita|QNEA|B1GQ|V|NSA|XDC|Q|population=SP.POP.TOTL_interpolated,NSA,\N
LKA,gdp_nominal_per_capita_lcu_quarterly_nsa_estimate,2013-Q1,quarterly,115730.34984924982,\N,estimated,IMF_QNEA,derived_per_capita|QNEA|B1GQ|V|NSA|XDC|Q|population=SP.POP.TOTL_interpolated,NSA,\N
LKA,gdp_nominal_per_capita_lcu_quarterly_nsa_estimate,2013-Q2,quarterly,112926.48311370955,\N,estimated,IMF_QNEA,derived_per_capita|QNEA|B1GQ|V|NSA|XDC|Q|population=SP.POP.TOTL_interpolated,NSA,\N
LKA,gdp_nominal_per_capita_lcu_quarterly_nsa_estimate,2013-Q3,quarterly,117703.83652734844,\N,estimated,IMF_QNEA,derived_per_capita|QNEA|B1GQ|V|NSA|XDC|Q|population=SP.POP.TOTL_interpolated,NSA,\N
LKA,gdp_nominal_per_capita_lcu_quarterly_nsa_estimate,2013-Q4,quarterly,117431.95909520448,\N,estimated,IMF_QNEA,derived_per_capita|QNEA|B1GQ|V|NSA|XDC|Q|population=SP.POP.TOTL_interpolated,NSA,\N
LKA,gdp_nominal_per_capita_lcu_quarterly_nsa_estimate,2014-Q1,quarterly,120992.83023553262,\N,estimated,IMF_QNEA,derived_per_capita|QNEA|B1GQ|V|NSA|XDC|Q|population=SP.POP.TOTL_interpolated,NSA,\N
LKA,gdp_nominal_per_capita_lcu_quarterly_nsa_estimate,2014-Q2,quarterly,119687.40029840355,\N,estimated,IMF_QNEA,derived_per_capita|QNEA|B1GQ|V|NSA|XDC|Q|population=SP.POP.TOTL_interpolated,NSA,\N
LKA,gdp_nominal_per_capita_lcu_quarterly_nsa_estimate,2014-Q3,quarterly,126063.83147820931,\N,estimated,IMF_QNEA,derived_per_capita|QNEA|B1GQ|V|NSA|XDC|Q|population=SP.POP.TOTL_interpolated,NSA,\N
LKA,gdp_nominal_per_capita_lcu_quarterly_nsa_estimate,2014-Q4,quarterly,131873.49178499807,\N,estimated,IMF_QNEA,derived_per_capita|QNEA|B1GQ|V|NSA|XDC|Q|population=SP.POP.TOTL_interpolated,NSA,\N
LSO,gdp_nominal_per_capita_lcu_quarterly_nsa_estimate,2010-Q1,quarterly,1893.118262531952,\N,estimated,IMF_QNEA,derived_per_capita|QNEA|B1GQ|V|NSA|XDC|Q|population=SP.POP.TOTL_interpolated,NSA,\N
LSO,gdp_nominal_per_capita_lcu_quarterly_nsa_estimate,2010-Q2,quarterly,1951.913443221533,\N,estimated,IMF_QNEA,derived_per_capita|QNEA|B1GQ|V|NSA|XDC|Q|population=SP.POP.TOTL_interpolated,NSA,\N
LSO,gdp_nominal_per_capita_lcu_quarterly_nsa_estimate,2010-Q3,quarterly,2011.9559201863576,\N,estimated,IMF_QNEA,derived_per_capita|QNEA|B1GQ|V|NSA|XDC|Q|population=SP.POP.TOTL_interpolated,NSA,\N
LSO,gdp_nominal_per_capita_lcu_quarterly_nsa_estimate,2010-Q4,quarterly,2334.586527357504,\N,estimated,IMF_QNEA,derived_per_capita|QNEA|B1GQ|V|NSA|XDC|Q|population=SP.POP.TOTL_interpolated,NSA,\N
LSO,gdp_nominal_per_capita_lcu_quarterly_nsa_estimate,2011-Q1,quarterly,2085.073262641814,\N,estimated,IMF_QNEA,derived_per_capita|QNEA|B1GQ|V|NSA|XDC|Q|population=SP.POP.TOTL_interpolated,NSA,\N
LSO,gdp_nominal_per_capita_lcu_quarterly_nsa_estimate,2011-Q2,quarterly,2250.881631716344,\N,estimated,IMF_QNEA,derived_per_capita|QNEA|B1GQ|V|NSA|XDC|Q|population=SP.POP.TOTL_interpolated,NSA,\N
LSO,gdp_nominal_per_capita_lcu_quarterly_nsa_estimate,2011-Q3,quarterly,2346.077384242686,\N,estimated,IMF_QNEA,derived_per_capita|QNEA|B1GQ|V|NSA|XDC|Q|population=SP.POP.TOTL_interpolated,NSA,\N
LSO,gdp_nominal_per_capita_lcu_quarterly_nsa_estimate,2011-Q4,quarterly,2612.527259248544,\N,estimated,IMF_QNEA,derived_per_capita|QNEA|B1GQ|V|NSA|XDC|Q|population=SP.POP.TOTL_interpolated,NSA,\N
LSO,gdp_nominal_per_capita_lcu_quarterly_nsa_estimate,2012-Q1,quarterly,2331.5949092656583,\N,estimated,IMF_QNEA,derived_per_capita|QNEA|B1GQ|V|NSA|XDC|Q|population=SP.POP.TOTL_interpolated,NSA,\N
LSO,gdp_nominal_per_capita_lcu_quarterly_nsa_estimate,2012-Q2,quarterly,2487.1051946358343,\N,estimated,IMF_QNEA,derived_per_capita|QNEA|B1GQ|V|NSA|XDC|Q|population=SP.POP.TOTL_interpolated,NSA,\N
LSO,gdp_nominal_per_capita_lcu_quarterly_nsa_estimate,2012-Q3,quarterly,2482.2906151729935,\N,estimated,IMF_QNEA,derived_per_capita|QNEA|B1GQ|V|NSA|XDC|Q|population=SP.POP.TOTL_interpolated,NSA,\N
LSO,gdp_nominal_per_capita_lcu_quarterly_nsa_estimate,2012-Q4,quarterly,2698.1148928227294,\N,estimated,IMF_QNEA,derived_per_capita|QNEA|B1GQ|V|NSA|XDC|Q|population=SP.POP.TOTL_interpolated,NSA,\N
LSO,gdp_nominal_per_capita_lcu_quarterly_nsa_estimate,2013-Q1,quarterly,2639.712684899532,\N,estimated,IMF_QNEA,derived_per_capita|QNEA|B1GQ|V|NSA|XDC|Q|population=SP.POP.TOTL_interpolated,NSA,\N
LSO,gdp_nominal_per_capita_lcu_quarterly_nsa_estimate,2013-Q2,quarterly,2551.7674886208533,\N,estimated,IMF_QNEA,derived_per_capita|QNEA|B1GQ|V|NSA|XDC|Q|population=SP.POP.TOTL_interpolated,NSA,\N
LSO,gdp_nominal_per_capita_lcu_quarterly_nsa_estimate,2013-Q3,quarterly,2794.3606893035885,\N,estimated,IMF_QNEA,derived_per_capita|QNEA|B1GQ|V|NSA|XDC|Q|population=SP.POP.TOTL_interpolated,NSA,\N
LSO,gdp_nominal_per_capita_lcu_quarterly_nsa_estimate,2013-Q4,quarterly,3117.4343326285134,\N,estimated,IMF_QNEA,derived_per_capita|QNEA|B1GQ|V|NSA|XDC|Q|population=SP.POP.TOTL_interpolated,NSA,\N
LSO,gdp_nominal_per_capita_lcu_quarterly_nsa_estimate,2014-Q1,quarterly,3210.365980274179,\N,estimated,IMF_QNEA,derived_per_capita|QNEA|B1GQ|V|NSA|XDC|Q|population=SP.POP.TOTL_interpolated,NSA,\N
LSO,gdp_nominal_per_capita_lcu_quarterly_nsa_estimate,2014-Q2,quarterly,3007.69885724228,\N,estimated,IMF_QNEA,derived_per_capita|QNEA|B1GQ|V|NSA|XDC|Q|population=SP.POP.TOTL_interpolated,NSA,\N
LSO,gdp_nominal_per_capita_lcu_quarterly_nsa_estimate,2014-Q3,quarterly,3214.516918934409,\N,estimated,IMF_QNEA,derived_per_capita|QNEA|B1GQ|V|NSA|XDC|Q|population=SP.POP.TOTL_interpolated,NSA,\N
LSO,gdp_nominal_per_capita_lcu_quarterly_nsa_estimate,2014-Q4,quarterly,3301.9987739287476,\N,estimated,IMF_QNEA,derived_per_capita|QNEA|B1GQ|V|NSA|XDC|Q|population=SP.POP.TOTL_interpolated,NSA,\N
LTU,gdp_nominal_per_capita_lcu_quarterly_nsa_estimate,2010-Q1,quarterly,1993.4318259768368,\N,estimated,IMF_QNEA,derived_per_capita|QNEA|B1GQ|V|NSA|XDC|Q|population=SP.POP.TOTL_interpolated,NSA,\N
LTU,gdp_nominal_per_capita_lcu_quarterly_nsa_estimate,2010-Q2,quarterly,2252.5498993917618,\N,estimated,IMF_QNEA,derived_per_capita|QNEA|B1GQ|V|NSA|XDC|Q|population=SP.POP.TOTL_interpolated,NSA,\N
LTU,gdp_nominal_per_capita_lcu_quarterly_nsa_estimate,2010-Q3,quarterly,2348.3894163803448,\N,estimated,IMF_QNEA,derived_per_capita|QNEA|B1GQ|V|NSA|XDC|Q|population=SP.POP.TOTL_interpolated,NSA,\N
LTU,gdp_nominal_per_capita_lcu_quarterly_nsa_estimate,2010-Q4,quarterly,2341.5043039580996,\N,estimated,IMF_QNEA,derived_per_capita|QNEA|B1GQ|V|NSA|XDC|Q|population=SP.POP.TOTL_interpolated,NSA,\N
LTU,gdp_nominal_per_capita_lcu_quarterly_nsa_estimate,2011-Q1,quarterly,2242.7158932796715,\N,estimated,IMF_QNEA,derived_per_capita|QNEA|B1GQ|V|NSA|XDC|Q|population=SP.POP.TOTL_interpolated,NSA,\N
LTU,gdp_nominal_per_capita_lcu_quarterly_nsa_estimate,2011-Q2,quarterly,2603.3140001515594,\N,estimated,IMF_QNEA,derived_per_capita|QNEA|B1GQ|V|NSA|XDC|Q|population=SP.POP.TOTL_interpolated,NSA,\N
LTU,gdp_nominal_per_capita_lcu_quarterly_nsa_estimate,2011-Q3,quarterly,2741.2189688357835,\N,estimated,IMF_QNEA,derived_per_capita|QNEA|B1GQ|V|NSA|XDC|Q|population=SP.POP.TOTL_interpolated,NSA,\N
LTU,gdp_nominal_per_capita_lcu_quarterly_nsa_estimate,2011-Q4,quarterly,2662.7025872582003,\N,estimated,IMF_QNEA,derived_per_capita|QNEA|B1GQ|V|NSA|XDC|Q|population=SP.POP.TOTL_interpolated,NSA,\N
LTU,gdp_nominal_per_capita_lcu_quarterly_nsa_estimate,2012-Q1,quarterly,2490.5796511366607,\N,estimated,IMF_QNEA,derived_per_capita|QNEA|B1GQ|V|NSA|XDC|Q|population=SP.POP.TOTL_interpolated,NSA,\N
LTU,gdp_nominal_per_capita_lcu_quarterly_nsa_estimate,2012-Q2,quarterly,2763.9774302766423,\N,estimated,IMF_QNEA,derived_per_capita|QNEA|B1GQ|V|NSA|XDC|Q|population=SP.POP.TOTL_interpolated,NSA,\N
LTU,gdp_nominal_per_capita_lcu_quarterly_nsa_estimate,2012-Q3,quarterly,2983.479026174468,\N,estimated,IMF_QNEA,derived_per_capita|QNEA|B1GQ|V|NSA|XDC|Q|population=SP.POP.TOTL_interpolated,NSA,\N
LTU,gdp_nominal_per_capita_lcu_quarterly_nsa_estimate,2012-Q4,quarterly,2879.2373472399377,\N,estimated,IMF_QNEA,derived_per_capita|QNEA|B1GQ|V|NSA|XDC|Q|population=SP.POP.TOTL_interpolated,NSA,\N
LTU,gdp_nominal_per_capita_lcu_quarterly_nsa_estimate,2013-Q1,quarterly,2612.200847938183,\N,estimated,IMF_QNEA,derived_per_capita|QNEA|B1GQ|V|NSA|XDC|Q|population=SP.POP.TOTL_interpolated,NSA,\N
LTU,gdp_nominal_per_capita_lcu_quarterly_nsa_estimate,2013-Q2,quarterly,2938.2207062357024,\N,estimated,IMF_QNEA,derived_per_capita|QNEA|B1GQ|V|NSA|XDC|Q|population=SP.POP.TOTL_interpolated,NSA,\N
LTU,gdp_nominal_per_capita_lcu_quarterly_nsa_estimate,2013-Q3,quarterly,3175.1658356504054,\N,estimated,IMF_QNEA,derived_per_capita|QNEA|B1GQ|V|NSA|XDC|Q|population=SP.POP.TOTL_interpolated,NSA,\N
LTU,gdp_nominal_per_capita_lcu_quarterly_nsa_estimate,2013-Q4,quarterly,3051.0085099891357,\N,estimated,IMF_QNEA,derived_per_capita|QNEA|B1GQ|V|NSA|XDC|Q|population=SP.POP.TOTL_interpolated,NSA,\N
LTU,gdp_nominal_per_capita_lcu_quarterly_nsa_estimate,2014-Q1,quarterly,2784.9318677141273,\N,estimated,IMF_QNEA,derived_per_capita|QNEA|B1GQ|V|NSA|XDC|Q|population=SP.POP.TOTL_interpolated,NSA,\N
LTU,gdp_nominal_per_capita_lcu_quarterly_nsa_estimate,2014-Q2,quarterly,3106.0382568317577,\N,estimated,IMF_QNEA,derived_per_capita|QNEA|B1GQ|V|NSA|XDC|Q|population=SP.POP.TOTL_interpolated,NSA,\N
LTU,gdp_nominal_per_capita_lcu_quarterly_nsa_estimate,2014-Q3,quarterly,3333.4436106524063,\N,estimated,IMF_QNEA,derived_per_capita|QNEA|B1GQ|V|NSA|XDC|Q|population=SP.POP.TOTL_interpolated,NSA,\N
LTU,gdp_nominal_per_capita_lcu_quarterly_nsa_estimate,2014-Q4,quarterly,3174.165479227819,\N,estimated,IMF_QNEA,derived_per_capita|QNEA|B1GQ|V|NSA|XDC|Q|population=SP.POP.TOTL_interpolated,NSA,\N
LUX,gdp_nominal_per_capita_lcu_quarterly_nsa_estimate,2010-Q1,quarterly,20154.323338415943,\N,estimated,IMF_QNEA,derived_per_capita|QNEA|B1GQ|V|NSA|XDC|Q|population=SP.POP.TOTL_interpolated,NSA,\N
LUX,gdp_nominal_per_capita_lcu_quarterly_nsa_estimate,2010-Q2,quarterly,21071.03750592494,\N,estimated,IMF_QNEA,derived_per_capita|QNEA|B1GQ|V|NSA|XDC|Q|population=SP.POP.TOTL_interpolated,NSA,\N
LUX,gdp_nominal_per_capita_lcu_quarterly_nsa_estimate,2010-Q3,quarterly,20273.75929981131,\N,estimated,IMF_QNEA,derived_per_capita|QNEA|B1GQ|V|NSA|XDC|Q|population=SP.POP.TOTL_interpolated,NSA,\N
LUX,gdp_nominal_per_capita_lcu_quarterly_nsa_estimate,2010-Q4,quarterly,22084.439213009126,\N,estimated,IMF_QNEA,derived_per_capita|QNEA|B1GQ|V|NSA|XDC|Q|population=SP.POP.TOTL_interpolated,NSA,\N
LUX,gdp_nominal_per_capita_lcu_quarterly_nsa_estimate,2011-Q1,quarterly,21161.781590888866,\N,estimated,IMF_QNEA,derived_per_capita|QNEA|B1GQ|V|NSA|XDC|Q|population=SP.POP.TOTL_interpolated,NSA,\N
LUX,gdp_nominal_per_capita_lcu_quarterly_nsa_estimate,2011-Q2,quarterly,21432.71117396168,\N,estimated,IMF_QNEA,derived_per_capita|QNEA|B1GQ|V|NSA|XDC|Q|population=SP.POP.TOTL_interpolated,NSA,\N
LUX,gdp_nominal_per_capita_lcu_quarterly_nsa_estimate,2011-Q3,quarterly,20713.54277986476,\N,estimated,IMF_QNEA,derived_per_capita|QNEA|B1GQ|V|NSA|XDC|Q|population=SP.POP.TOTL_interpolated,NSA,\N
LUX,gdp_nominal_per_capita_lcu_quarterly_nsa_estimate,2011-Q4,quarterly,22169.54322460141,\N,estimated,IMF_QNEA,derived_per_capita|QNEA|B1GQ|V|NSA|XDC|Q|population=SP.POP.TOTL_interpolated,NSA,\N
LUX,gdp_nominal_per_capita_lcu_quarterly_nsa_estimate,2012-Q1,quarterly,21393.431614213696,\N,estimated,IMF_QNEA,derived_per_capita|QNEA|B1GQ|V|NSA|XDC|Q|population=SP.POP.TOTL_interpolated,NSA,\N
LUX,gdp_nominal_per_capita_lcu_quarterly_nsa_estimate,2012-Q2,quarterly,21567.32481394787,\N,estimated,IMF_QNEA,derived_per_capita|QNEA|B1GQ|V|NSA|XDC|Q|population=SP.POP.TOTL_interpolated,NSA,\N
LUX,gdp_nominal_per_capita_lcu_quarterly_nsa_estimate,2012-Q3,quarterly,21215.126261096877,\N,estimated,IMF_QNEA,derived_per_capita|QNEA|B1GQ|V|NSA|XDC|Q|population=SP.POP.TOTL_interpolated,NSA,\N
LUX,gdp_nominal_per_capita_lcu_quarterly_nsa_estimate,2012-Q4,quarterly,23439.883682123596,\N,estimated,IMF_QNEA,derived_per_capita|QNEA|B1GQ|V|NSA|XDC|Q|population=SP.POP.TOTL_interpolated,NSA,\N
LUX,gdp_nominal_per_capita_lcu_quarterly_nsa_estimate,2013-Q1,quarterly,21524.06675456268,\N,estimated,IMF_QNEA,derived_per_capita|QNEA|B1GQ|V|NSA|XDC|Q|population=SP.POP.TOTL_interpolated,NSA,\N
LUX,gdp_nominal_per_capita_lcu_quarterly_nsa_estimate,2013-Q2,quarterly,22552.343933485692,\N,estimated,IMF_QNEA,derived_per_capita|QNEA|B1GQ|V|NSA|XDC|Q|population=SP.POP.TOTL_interpolated,NSA,\N
LUX,gdp_nominal_per_capita_lcu_quarterly_nsa_estimate,2013-Q3,quarterly,21946.634267916776,\N,estimated,IMF_QNEA,derived_per_capita|QNEA|B1GQ|V|NSA|XDC|Q|population=SP.POP.TOTL_interpolated,NSA,\N
LUX,gdp_nominal_per_capita_lcu_quarterly_nsa_estimate,2013-Q4,quarterly,24296.56180221567,\N,estimated,IMF_QNEA,derived_per_capita|QNEA|B1GQ|V|NSA|XDC|Q|population=SP.POP.TOTL_interpolated,NSA,\N
LUX,gdp_nominal_per_capita_lcu_quarterly_nsa_estimate,2014-Q1,quarterly,22343.916086293753,\N,estimated,IMF_QNEA,derived_per_capita|QNEA|B1GQ|V|NSA|XDC|Q|population=SP.POP.TOTL_interpolated,NSA,\N
LUX,gdp_nominal_per_capita_lcu_quarterly_nsa_estimate,2014-Q2,quarterly,22714.780738116362,\N,estimated,IMF_QNEA,derived_per_capita|QNEA|B1GQ|V|NSA|XDC|Q|population=SP.POP.TOTL_interpolated,NSA,\N
LUX,gdp_nominal_per_capita_lcu_quarterly_nsa_estimate,2014-Q3,quarterly,22808.255767403694,\N,estimated,IMF_QNEA,derived_per_capita|QNEA|B1GQ|V|NSA|XDC|Q|population=SP.POP.TOTL_interpolated,NSA,\N
LUX,gdp_nominal_per_capita_lcu_quarterly_nsa_estimate,2014-Q4,quarterly,25197.09416095245,\N,estimated,IMF_QNEA,derived_per_capita|QNEA|B1GQ|V|NSA|XDC|Q|population=SP.POP.TOTL_interpolated,NSA,\N
LVA,gdp_nominal_per_capita_lcu_quarterly_nsa_estimate,2010-Q1,quarterly,1891.6504688584055,\N,estimated,IMF_QNEA,derived_per_capita|QNEA|B1GQ|V|NSA|XDC|Q|population=SP.POP.TOTL_interpolated,NSA,\N
LVA,gdp_nominal_per_capita_lcu_quarterly_nsa_estimate,2010-Q2,quarterly,2092.255877926987,\N,estimated,IMF_QNEA,derived_per_capita|QNEA|B1GQ|V|NSA|XDC|Q|population=SP.POP.TOTL_interpolated,NSA,\N
LVA,gdp_nominal_per_capita_lcu_quarterly_nsa_estimate,2010-Q3,quarterly,2186.840581572963,\N,estimated,IMF_QNEA,derived_per_capita|QNEA|B1GQ|V|NSA|XDC|Q|population=SP.POP.TOTL_interpolated,NSA,\N
LVA,gdp_nominal_per_capita_lcu_quarterly_nsa_estimate,2010-Q4,quarterly,2276.9313697290595,\N,estimated,IMF_QNEA,derived_per_capita|QNEA|B1GQ|V|NSA|XDC|Q|population=SP.POP.TOTL_interpolated,NSA,\N
LVA,gdp_nominal_per_capita_lcu_quarterly_nsa_estimate,2011-Q1,quarterly,1972.3113624624123,\N,estimated,IMF_QNEA,derived_per_capita|QNEA|B1GQ|V|NSA|XDC|Q|population=SP.POP.TOTL_interpolated,NSA,\N
LVA,gdp_nominal_per_capita_lcu_quarterly_nsa_estimate,2011-Q2,quarterly,2310.532918192454,\N,estimated,IMF_QNEA,derived_per_capita|QNEA|B1GQ|V|NSA|XDC|Q|population=SP.POP.TOTL_interpolated,NSA,\N
LVA,gdp_nominal_per_capita_lcu_quarterly_nsa_estimate,2011-Q3,quarterly,2452.2813309424187,\N,estimated,IMF_QNEA,derived_per_capita|QNEA|B1GQ|V|NSA|XDC|Q|population=SP.POP.TOTL_interpolated,NSA,\N
LVA,gdp_nominal_per_capita_lcu_quarterly_nsa_estimate,2011-Q4,quarterly,2543.046118581091,\N,estimated,IMF_QNEA,derived_per_capita|QNEA|B1GQ|V|NSA|XDC|Q|population=SP.POP.TOTL_interpolated,NSA,\N
LVA,gdp_nominal_per_capita_lcu_quarterly_nsa_estimate,2012-Q1,quarterly,2302.005746290592,\N,estimated,IMF_QNEA,derived_per_capita|QNEA|B1GQ|V|NSA|XDC|Q|population=SP.POP.TOTL_interpolated,NSA,\N
LVA,gdp_nominal_per_capita_lcu_quarterly_nsa_estimate,2012-Q2,quarterly,2582.2393723854966,\N,estimated,IMF_QNEA,derived_per_capita|QNEA|B1GQ|V|NSA|XDC|Q|population=SP.POP.TOTL_interpolated,NSA,\N
LVA,gdp_nominal_per_capita_lcu_quarterly_nsa_estimate,2012-Q3,quarterly,2695.299294648087,\N,estimated,IMF_QNEA,derived_per_capita|QNEA|B1GQ|V|NSA|XDC|Q|population=SP.POP.TOTL_interpolated,NSA,\N
LVA,gdp_nominal_per_capita_lcu_quarterly_nsa_estimate,2012-Q4,quarterly,2794.5540205469174,\N,estimated,IMF_QNEA,derived_per_capita|QNEA|B1GQ|V|NSA|XDC|Q|population=SP.POP.TOTL_interpolated,NSA,\N
LVA,gdp_nominal_per_capita_lcu_quarterly_nsa_estimate,2013-Q1,quarterly,2392.6921070837216,\N,estimated,IMF_QNEA,derived_per_capita|QNEA|B1GQ|V|NSA|XDC|Q|population=SP.POP.TOTL_interpolated,NSA,\N
LVA,gdp_nominal_per_capita_lcu_quarterly_nsa_estimate,2013-Q2,quarterly,2702.9616603716663,\N,estimated,IMF_QNEA,derived_per_capita|QNEA|B1GQ|V|NSA|XDC|Q|population=SP.POP.TOTL_interpolated,NSA,\N
LVA,gdp_nominal_per_capita_lcu_quarterly_nsa_estimate,2013-Q3,quarterly,2858.9473241749897,\N,estimated,IMF_QNEA,derived_per_capita|QNEA|B1GQ|V|NSA|XDC|Q|population=SP.POP.TOTL_interpolated,NSA,\N
LVA,gdp_nominal_per_capita_lcu_quarterly_nsa_estimate,2013-Q4,quarterly,2954.9480911966475,\N,estimated,IMF_QNEA,derived_per_capita|QNEA|B1GQ|V|NSA|XDC|Q|population=SP.POP.TOTL_interpolated,NSA,\N
LVA,gdp_nominal_per_capita_lcu_quarterly_nsa_estimate,2014-Q1,quarterly,2547.556168293189,\N,estimated,IMF_QNEA,derived_per_capita|QNEA|B1GQ|V|NSA|XDC|Q|population=SP.POP.TOTL_interpolated,NSA,\N
LVA,gdp_nominal_per_capita_lcu_quarterly_nsa_estimate,2014-Q2,quarterly,2832.419392401122,\N,estimated,IMF_QNEA,derived_per_capita|QNEA|B1GQ|V|NSA|XDC|Q|population=SP.POP.TOTL_interpolated,NSA,\N
LVA,gdp_nominal_per_capita_lcu_quarterly_nsa_estimate,2014-Q3,quarterly,2984.35678521672,\N,estimated,IMF_QNEA,derived_per_capita|QNEA|B1GQ|V|NSA|XDC|Q|population=SP.POP.TOTL_interpolated,NSA,\N
LVA,gdp_nominal_per_capita_lcu_quarterly_nsa_estimate,2014-Q4,quarterly,3066.4852748713943,\N,estimated,IMF_QNEA,derived_per_capita|QNEA|B1GQ|V|NSA|XDC|Q|population=SP.POP.TOTL_interpolated,NSA,\N
MDA,gdp_nominal_per_capita_lcu_quarterly_nsa_estimate,2010-Q1,quarterly,6152.95696959568,\N,estimated,IMF_QNEA,derived_per_capita|QNEA|B1GQ|V|NSA|XDC|Q|population=SP.POP.TOTL_interpolated,NSA,\N
MDA,gdp_nominal_per_capita_lcu_quarterly_nsa_estimate,2010-Q2,quarterly,7173.300119045253,\N,estimated,IMF_QNEA,derived_per_capita|QNEA|B1GQ|V|NSA|XDC|Q|population=SP.POP.TOTL_interpolated,NSA,\N
MDA,gdp_nominal_per_capita_lcu_quarterly_nsa_estimate,2010-Q3,quarterly,8641.760085515136,\N,estimated,IMF_QNEA,derived_per_capita|QNEA|B1GQ|V|NSA|XDC|Q|population=SP.POP.TOTL_interpolated,NSA,\N
MDA,gdp_nominal_per_capita_lcu_quarterly_nsa_estimate,2010-Q4,quarterly,8172.586326952769,\N,estimated,IMF_QNEA,derived_per_capita|QNEA|B1GQ|V|NSA|XDC|Q|population=SP.POP.TOTL_interpolated,NSA,\N
MDA,gdp_nominal_per_capita_lcu_quarterly_nsa_estimate,2011-Q1,quarterly,7077.747579779138,\N,estimated,IMF_QNEA,derived_per_capita|QNEA|B1GQ|V|NSA|XDC|Q|population=SP.POP.TOTL_interpolated,NSA,\N
MDA,gdp_nominal_per_capita_lcu_quarterly_nsa_estimate,2011-Q2,quarterly,8381.214734957017,\N,estimated,IMF_QNEA,derived_per_capita|QNEA|B1GQ|V|NSA|XDC|Q|population=SP.POP.TOTL_interpolated,NSA,\N
MDA,gdp_nominal_per_capita_lcu_quarterly_nsa_estimate,2011-Q3,quarterly,10078.453008067312,\N,estimated,IMF_QNEA,derived_per_capita|QNEA|B1GQ|V|NSA|XDC|Q|population=SP.POP.TOTL_interpolated,NSA,\N
MDA,gdp_nominal_per_capita_lcu_quarterly_nsa_estimate,2011-Q4,quarterly,8988.560166392024,\N,estimated,IMF_QNEA,derived_per_capita|QNEA|B1GQ|V|NSA|XDC|Q|population=SP.POP.TOTL_interpolated,NSA,\N
MDA,gdp_nominal_per_capita_lcu_quarterly_nsa_estimate,2012-Q1,quarterly,7598.094568536816,\N,estimated,IMF_QNEA,derived_per_capita|QNEA|B1GQ|V|NSA|XDC|Q|population=SP.POP.TOTL_interpolated,NSA,\N
MDA,gdp_nominal_per_capita_lcu_quarterly_nsa_estimate,2012-Q2,quarterly,8904.282438770637,\N,estimated,IMF_QNEA,derived_per_capita|QNEA|B1GQ|V|NSA|XDC|Q|population=SP.POP.TOTL_interpolated,NSA,\N
MDA,gdp_nominal_per_capita_lcu_quarterly_nsa_estimate,2012-Q3,quarterly,10961.874291211585,\N,estimated,IMF_QNEA,derived_per_capita|QNEA|B1GQ|V|NSA|XDC|Q|population=SP.POP.TOTL_interpolated,NSA,\N
MDA,gdp_nominal_per_capita_lcu_quarterly_nsa_estimate,2012-Q4,quarterly,9413.547035112642,\N,estimated,IMF_QNEA,derived_per_capita|QNEA|B1GQ|V|NSA|XDC|Q|population=SP.POP.TOTL_interpolated,NSA,\N
MDA,gdp_nominal_per_capita_lcu_quarterly_nsa_estimate,2013-Q1,quarterly,8223.563397171507,\N,estimated,IMF_QNEA,derived_per_capita|QNEA|B1GQ|V|NSA|XDC|Q|population=SP.POP.TOTL_interpolated,NSA,\N
MDA,gdp_nominal_per_capita_lcu_quarterly_nsa_estimate,2013-Q2,quarterly,9914.336721069116,\N,estimated,IMF_QNEA,derived_per_capita|QNEA|B1GQ|V|NSA|XDC|Q|population=SP.POP.TOTL_interpolated,NSA,\N
MDA,gdp_nominal_per_capita_lcu_quarterly_nsa_estimate,2013-Q3,quarterly,12531.877254275409,\N,estimated,IMF_QNEA,derived_per_capita|QNEA|B1GQ|V|NSA|XDC|Q|population=SP.POP.TOTL_interpolated,NSA,\N
MDA,gdp_nominal_per_capita_lcu_quarterly_nsa_estimate,2013-Q4,quarterly,11133.734524356765,\N,estimated,IMF_QNEA,derived_per_capita|QNEA|B1GQ|V|NSA|XDC|Q|population=SP.POP.TOTL_interpolated,NSA,\N
MDA,gdp_nominal_per_capita_lcu_quarterly_nsa_estimate,2014-Q1,quarterly,8875.902526055328,\N,estimated,IMF_QNEA,derived_per_capita|QNEA|B1GQ|V|NSA|XDC|Q|population=SP.POP.TOTL_interpolated,NSA,\N
MDA,gdp_nominal_per_capita_lcu_quarterly_nsa_estimate,2014-Q2,quarterly,10830.649647452952,\N,estimated,IMF_QNEA,derived_per_capita|QNEA|B1GQ|V|NSA|XDC|Q|population=SP.POP.TOTL_interpolated,NSA,\N
MDA,gdp_nominal_per_capita_lcu_quarterly_nsa_estimate,2014-Q3,quarterly,14091.208213130194,\N,estimated,IMF_QNEA,derived_per_capita|QNEA|B1GQ|V|NSA|XDC|Q|population=SP.POP.TOTL_interpolated,NSA,\N
MDA,gdp_nominal_per_capita_lcu_quarterly_nsa_estimate,2014-Q4,quarterly,12425.073726036253,\N,estimated,IMF_QNEA,derived_per_capita|QNEA|B1GQ|V|NSA|XDC|Q|population=SP.POP.TOTL_interpolated,NSA,\N
MEX,gdp_nominal_per_capita_lcu_quarterly_nsa_estimate,2010-Q1,quarterly,29553.310015936204,\N,estimated,IMF_QNEA,derived_per_capita|QNEA|B1GQ|V|NSA|XDC|Q|population=SP.POP.TOTL_interpolated,NSA,\N
MEX,gdp_nominal_per_capita_lcu_quarterly_nsa_estimate,2010-Q2,quarterly,30525.650180532357,\N,estimated,IMF_QNEA,derived_per_capita|QNEA|B1GQ|V|NSA|XDC|Q|population=SP.POP.TOTL_interpolated,NSA,\N
MEX,gdp_nominal_per_capita_lcu_quarterly_nsa_estimate,2010-Q3,quarterly,30845.271060043877,\N,estimated,IMF_QNEA,derived_per_capita|QNEA|B1GQ|V|NSA|XDC|Q|population=SP.POP.TOTL_interpolated,NSA,\N
MEX,gdp_nominal_per_capita_lcu_quarterly_nsa_estimate,2010-Q4,quarterly,31995.945522730526,\N,estimated,IMF_QNEA,derived_per_capita|QNEA|B1GQ|V|NSA|XDC|Q|population=SP.POP.TOTL_interpolated,NSA,\N
MEX,gdp_nominal_per_capita_lcu_quarterly_nsa_estimate,2011-Q1,quarterly,31601.191074972907,\N,estimated,IMF_QNEA,derived_per_capita|QNEA|B1GQ|V|NSA|XDC|Q|population=SP.POP.TOTL_interpolated,NSA,\N
MEX,gdp_nominal_per_capita_lcu_quarterly_nsa_estimate,2011-Q2,quarterly,32430.91841356724,\N,estimated,IMF_QNEA,derived_per_capita|QNEA|B1GQ|V|NSA|XDC|Q|population=SP.POP.TOTL_interpolated,NSA,\N
MEX,gdp_nominal_per_capita_lcu_quarterly_nsa_estimate,2011-Q3,quarterly,33223.10063842327,\N,estimated,IMF_QNEA,derived_per_capita|QNEA|B1GQ|V|NSA|XDC|Q|population=SP.POP.TOTL_interpolated,NSA,\N
MEX,gdp_nominal_per_capita_lcu_quarterly_nsa_estimate,2011-Q4,quarterly,35219.57254387912,\N,estimated,IMF_QNEA,derived_per_capita|QNEA|B1GQ|V|NSA|XDC|Q|population=SP.POP.TOTL_interpolated,NSA,\N
MEX,gdp_nominal_per_capita_lcu_quarterly_nsa_estimate,2012-Q1,quarterly,34638.34531553211,\N,estimated,IMF_QNEA,derived_per_capita|QNEA|B1GQ|V|NSA|XDC|Q|population=SP.POP.TOTL_interpolated,NSA,\N
MEX,gdp_nominal_per_capita_lcu_quarterly_nsa_estimate,2012-Q2,quarterly,35123.21112331299,\N,estimated,IMF_QNEA,derived_per_capita|QNEA|B1GQ|V|NSA|XDC|Q|population=SP.POP.TOTL_interpolated,NSA,\N
MEX,gdp_nominal_per_capita_lcu_quarterly_nsa_estimate,2012-Q3,quarterly,35426.856907885354,\N,estimated,IMF_QNEA,derived_per_capita|QNEA|B1GQ|V|NSA|XDC|Q|population=SP.POP.TOTL_interpolated,NSA,\N
MEX,gdp_nominal_per_capita_lcu_quarterly_nsa_estimate,2012-Q4,quarterly,36304.68794196047,\N,estimated,IMF_QNEA,derived_per_capita|QNEA|B1GQ|V|NSA|XDC|Q|population=SP.POP.TOTL_interpolated,NSA,\N
MEX,gdp_nominal_per_capita_lcu_quarterly_nsa_estimate,2013-Q1,quarterly,34855.96149687618,\N,estimated,IMF_QNEA,derived_per_capita|QNEA|B1GQ|V|NSA|XDC|Q|population=SP.POP.TOTL_interpolated,NSA,\N
MEX,gdp_nominal_per_capita_lcu_quarterly_nsa_estimate,2013-Q2,quarterly,35641.27173647012,\N,estimated,IMF_QNEA,derived_per_capita|QNEA|B1GQ|V|NSA|XDC|Q|population=SP.POP.TOTL_interpolated,NSA,\N
MEX,gdp_nominal_per_capita_lcu_quarterly_nsa_estimate,2013-Q3,quarterly,35819.26373029034,\N,estimated,IMF_QNEA,derived_per_capita|QNEA|B1GQ|V|NSA|XDC|Q|population=SP.POP.TOTL_interpolated,NSA,\N
MEX,gdp_nominal_per_capita_lcu_quarterly_nsa_estimate,2013-Q4,quarterly,36947.11688757742,\N,estimated,IMF_QNEA,derived_per_capita|QNEA|B1GQ|V|NSA|XDC|Q|population=SP.POP.TOTL_interpolated,NSA,\N
MEX,gdp_nominal_per_capita_lcu_quarterly_nsa_estimate,2014-Q1,quarterly,36488.72220433593,\N,estimated,IMF_QNEA,derived_per_capita|QNEA|B1GQ|V|NSA|XDC|Q|population=SP.POP.TOTL_interpolated,NSA,\N
MEX,gdp_nominal_per_capita_lcu_quarterly_nsa_estimate,2014-Q2,quarterly,37712.39758143894,\N,estimated,IMF_QNEA,derived_per_capita|QNEA|B1GQ|V|NSA|XDC|Q|population=SP.POP.TOTL_interpolated,NSA,\N
MEX,gdp_nominal_per_capita_lcu_quarterly_nsa_estimate,2014-Q3,quarterly,37974.625661890306,\N,estimated,IMF_QNEA,derived_per_capita|QNEA|B1GQ|V|NSA|XDC|Q|population=SP.POP.TOTL_interpolated,NSA,\N
MEX,gdp_nominal_per_capita_lcu_quarterly_nsa_estimate,2014-Q4,quarterly,39255.5022730866,\N,estimated,IMF_QNEA,derived_per_capita|QNEA|B1GQ|V|NSA|XDC|Q|population=SP.POP.TOTL_interpolated,NSA,\N
MKD,gdp_nominal_per_capita_lcu_quarterly_nsa_estimate,2010-Q1,quarterly,50587.74347962139,\N,estimated,IMF_QNEA,derived_per_capita|QNEA|B1GQ|V|NSA|XDC|Q|population=SP.POP.TOTL_interpolated,NSA,\N
MKD,gdp_nominal_per_capita_lcu_quarterly_nsa_estimate,2010-Q2,quarterly,55505.46028985165,\N,estimated,IMF_QNEA,derived_per_capita|QNEA|B1GQ|V|NSA|XDC|Q|population=SP.POP.TOTL_interpolated,NSA,\N
MKD,gdp_nominal_per_capita_lcu_quarterly_nsa_estimate,2010-Q3,quarterly,58890.28634441291,\N,estimated,IMF_QNEA,derived_per_capita|QNEA|B1GQ|V|NSA|XDC|Q|population=SP.POP.TOTL_interpolated,NSA,\N
MKD,gdp_nominal_per_capita_lcu_quarterly_nsa_estimate,2010-Q4,quarterly,59666.957619570756,\N,estimated,IMF_QNEA,derived_per_capita|QNEA|B1GQ|V|NSA|XDC|Q|population=SP.POP.TOTL_interpolated,NSA,\N
MKD,gdp_nominal_per_capita_lcu_quarterly_nsa_estimate,2011-Q1,quarterly,53398.84100486645,\N,estimated,IMF_QNEA,derived_per_capita|QNEA|B1GQ|V|NSA|XDC|Q|population=SP.POP.TOTL_interpolated,NSA,\N
MKD,gdp_nominal_per_capita_lcu_quarterly_nsa_estimate,2011-Q2,quarterly,60479.82851472819,\N,estimated,IMF_QNEA,derived_per_capita|QNEA|B1GQ|V|NSA|XDC|Q|population=SP.POP.TOTL_interpolated,NSA,\N
MKD,gdp_nominal_per_capita_lcu_quarterly_nsa_estimate,2011-Q3,quarterly,61425.46394521885,\N,estimated,IMF_QNEA,derived_per_capita|QNEA|B1GQ|V|NSA|XDC|Q|population=SP.POP.TOTL_interpolated,NSA,\N
MKD,gdp_nominal_per_capita_lcu_quarterly_nsa_estimate,2011-Q4,quarterly,64286.1148884696,\N,estimated,IMF_QNEA,derived_per_capita|QNEA|B1GQ|V|NSA|XDC|Q|population=SP.POP.TOTL_interpolated,NSA,\N
MKD,gdp_nominal_per_capita_lcu_quarterly_nsa_estimate,2012-Q1,quarterly,53803.323020142096,\N,estimated,IMF_QNEA,derived_per_capita|QNEA|B1GQ|V|NSA|XDC|Q|population=SP.POP.TOTL_interpolated,NSA,\N
MKD,gdp_nominal_per_capita_lcu_quarterly_nsa_estimate,2012-Q2,quarterly,59801.51481162452,\N,estimated,IMF_QNEA,derived_per_capita|QNEA|B1GQ|V|NSA|XDC|Q|population=SP.POP.TOTL_interpolated,NSA,\N
MKD,gdp_nominal_per_capita_lcu_quarterly_nsa_estimate,2012-Q3,quarterly,64027.53302392651,\N,estimated,IMF_QNEA,derived_per_capita|QNEA|B1GQ|V|NSA|XDC|Q|population=SP.POP.TOTL_interpolated,NSA,\N
MKD,gdp_nominal_per_capita_lcu_quarterly_nsa_estimate,2012-Q4,quarterly,64214.487221556265,\N,estimated,IMF_QNEA,derived_per_capita|QNEA|B1GQ|V|NSA|XDC|Q|population=SP.POP.TOTL_interpolated,NSA,\N
MKD,gdp_nominal_per_capita_lcu_quarterly_nsa_estimate,2013-Q1,quarterly,56654.90961389902,\N,estimated,IMF_QNEA,derived_per_capita|QNEA|B1GQ|V|NSA|XDC|Q|population=SP.POP.TOTL_interpolated,NSA,\N
MKD,gdp_nominal_per_capita_lcu_quarterly_nsa_estimate,2013-Q2,quarterly,66382.01065356938,\N,estimated,IMF_QNEA,derived_per_capita|QNEA|B1GQ|V|NSA|XDC|Q|population=SP.POP.TOTL_interpolated,NSA,\N
MKD,gdp_nominal_per_capita_lcu_quarterly_nsa_estimate,2013-Q3,quarterly,68193.12220092792,\N,estimated,IMF_QNEA,derived_per_capita|QNEA|B1GQ|V|NSA|XDC|Q|population=SP.POP.TOTL_interpolated,NSA,\N
MKD,gdp_nominal_per_capita_lcu_quarterly_nsa_estimate,2013-Q4,quarterly,69786.18701881156,\N,estimated,IMF_QNEA,derived_per_capita|QNEA|B1GQ|V|NSA|XDC|Q|population=SP.POP.TOTL_interpolated,NSA,\N
MKD,gdp_nominal_per_capita_lcu_quarterly_nsa_estimate,2014-Q1,quarterly,62875.875324540684,\N,estimated,IMF_QNEA,derived_per_capita|QNEA|B1GQ|V|NSA|XDC|Q|population=SP.POP.TOTL_interpolated,NSA,\N
MKD,gdp_nominal_per_capita_lcu_quarterly_nsa_estimate,2014-Q2,quarterly,69993.75506918426,\N,estimated,IMF_QNEA,derived_per_capita|QNEA|B1GQ|V|NSA|XDC|Q|population=SP.POP.TOTL_interpolated,NSA,\N
MKD,gdp_nominal_per_capita_lcu_quarterly_nsa_estimate,2014-Q3,quarterly,69959.99315254338,\N,estimated,IMF_QNEA,derived_per_capita|QNEA|B1GQ|V|NSA|XDC|Q|population=SP.POP.TOTL_interpolated,NSA,\N
MKD,gdp_nominal_per_capita_lcu_quarterly_nsa_estimate,2014-Q4,quarterly,72337.23434776012,\N,estimated,IMF_QNEA,derived_per_capita|QNEA|B1GQ|V|NSA|XDC|Q|population=SP.POP.TOTL_interpolated,NSA,\N
MLT,gdp_nominal_per_capita_lcu_quarterly_nsa_estimate,2010-Q1,quarterly,3911.454032678836,\N,estimated,IMF_QNEA,derived_per_capita|QNEA|B1GQ|V|NSA|XDC|Q|population=SP.POP.TOTL_interpolated,NSA,\N
MLT,gdp_nominal_per_capita_lcu_quarterly_nsa_estimate,2010-Q2,quarterly,4060.844465942252,\N,estimated,IMF_QNEA,derived_per_capita|QNEA|B1GQ|V|NSA|XDC|Q|population=SP.POP.TOTL_interpolated,NSA,\N
MLT,gdp_nominal_per_capita_lcu_quarterly_nsa_estimate,2010-Q3,quarterly,4392.4427552516345,\N,estimated,IMF_QNEA,derived_per_capita|QNEA|B1GQ|V|NSA|XDC|Q|population=SP.POP.TOTL_interpolated,NSA,\N
MLT,gdp_nominal_per_capita_lcu_quarterly_nsa_estimate,2010-Q4,quarterly,4190.452508382149,\N,estimated,IMF_QNEA,derived_per_capita|QNEA|B1GQ|V|NSA|XDC|Q|population=SP.POP.TOTL_interpolated,NSA,\N
MLT,gdp_nominal_per_capita_lcu_quarterly_nsa_estimate,2011-Q1,quarterly,4027.1119227733825,\N,estimated,IMF_QNEA,derived_per_capita|QNEA|B1GQ|V|NSA|XDC|Q|population=SP.POP.TOTL_interpolated,NSA,\N
MLT,gdp_nominal_per_capita_lcu_quarterly_nsa_estimate,2011-Q2,quarterly,4166.580291216398,\N,estimated,IMF_QNEA,derived_per_capita|QNEA|B1GQ|V|NSA|XDC|Q|population=SP.POP.TOTL_interpolated,NSA,\N
MLT,gdp_nominal_per_capita_lcu_quarterly_nsa_estimate,2011-Q3,quarterly,4444.757535909852,\N,estimated,IMF_QNEA,derived_per_capita|QNEA|B1GQ|V|NSA|XDC|Q|population=SP.POP.TOTL_interpolated,NSA,\N
MLT,gdp_nominal_per_capita_lcu_quarterly_nsa_estimate,2011-Q4,quarterly,4245.657669305063,\N,estimated,IMF_QNEA,derived_per_capita|QNEA|B1GQ|V|NSA|XDC|Q|population=SP.POP.TOTL_interpolated,NSA,\N
MLT,gdp_nominal_per_capita_lcu_quarterly_nsa_estimate,2012-Q1,quarterly,4194.769997945621,\N,estimated,IMF_QNEA,derived_per_capita|QNEA|B1GQ|V|NSA|XDC|Q|population=SP.POP.TOTL_interpolated,NSA,\N
MLT,gdp_nominal_per_capita_lcu_quarterly_nsa_estimate,2012-Q2,quarterly,4430.2949008242,\N,estimated,IMF_QNEA,derived_per_capita|QNEA|B1GQ|V|NSA|XDC|Q|population=SP.POP.TOTL_interpolated,NSA,\N
MLT,gdp_nominal_per_capita_lcu_quarterly_nsa_estimate,2012-Q3,quarterly,4714.434793875554,\N,estimated,IMF_QNEA,derived_per_capita|QNEA|B1GQ|V|NSA|XDC|Q|population=SP.POP.TOTL_interpolated,NSA,\N
MLT,gdp_nominal_per_capita_lcu_quarterly_nsa_estimate,2012-Q4,quarterly,4460.845490832906,\N,estimated,IMF_QNEA,derived_per_capita|QNEA|B1GQ|V|NSA|XDC|Q|population=SP.POP.TOTL_interpolated,NSA,\N
MLT,gdp_nominal_per_capita_lcu_quarterly_nsa_estimate,2013-Q1,quarterly,4457.096918739034,\N,estimated,IMF_QNEA,derived_per_capita|QNEA|B1GQ|V|NSA|XDC|Q|population=SP.POP.TOTL_interpolated,NSA,\N
MLT,gdp_nominal_per_capita_lcu_quarterly_nsa_estimate,2013-Q2,quarterly,4795.494948578217,\N,estimated,IMF_QNEA,derived_per_capita|QNEA|B1GQ|V|NSA|XDC|Q|population=SP.POP.TOTL_interpolated,NSA,\N
MLT,gdp_nominal_per_capita_lcu_quarterly_nsa_estimate,2013-Q3,quarterly,5087.8025775787455,\N,estimated,IMF_QNEA,derived_per_capita|QNEA|B1GQ|V|NSA|XDC|Q|population=SP.POP.TOTL_interpolated,NSA,\N
MLT,gdp_nominal_per_capita_lcu_quarterly_nsa_estimate,2013-Q4,quarterly,4772.175485247013,\N,estimated,IMF_QNEA,derived_per_capita|QNEA|B1GQ|V|NSA|XDC|Q|population=SP.POP.TOTL_interpolated,NSA,\N
MLT,gdp_nominal_per_capita_lcu_quarterly_nsa_estimate,2014-Q1,quarterly,4857.913951133625,\N,estimated,IMF_QNEA,derived_per_capita|QNEA|B1GQ|V|NSA|XDC|Q|population=SP.POP.TOTL_interpolated,NSA,\N
MLT,gdp_nominal_per_capita_lcu_quarterly_nsa_estimate,2014-Q2,quarterly,5110.297731512438,\N,estimated,IMF_QNEA,derived_per_capita|QNEA|B1GQ|V|NSA|XDC|Q|population=SP.POP.TOTL_interpolated,NSA,\N
MLT,gdp_nominal_per_capita_lcu_quarterly_nsa_estimate,2014-Q3,quarterly,5410.146023083511,\N,estimated,IMF_QNEA,derived_per_capita|QNEA|B1GQ|V|NSA|XDC|Q|population=SP.POP.TOTL_interpolated,NSA,\N
MLT,gdp_nominal_per_capita_lcu_quarterly_nsa_estimate,2014-Q4,quarterly,5248.592640422392,\N,estimated,IMF_QNEA,derived_per_capita|QNEA|B1GQ|V|NSA|XDC|Q|population=SP.POP.TOTL_interpolated,NSA,\N
MNE,gdp_nominal_per_capita_lcu_quarterly_nsa_estimate,2010-Q1,quarterly,1010.2112631971344,\N,estimated,IMF_QNEA,derived_per_capita|QNEA|B1GQ|V|NSA|XDC|Q|population=SP.POP.TOTL_interpolated,NSA,\N
MNE,gdp_nominal_per_capita_lcu_quarterly_nsa_estimate,2010-Q2,quarterly,1171.0045621067802,\N,estimated,IMF_QNEA,derived_per_capita|QNEA|B1GQ|V|NSA|XDC|Q|population=SP.POP.TOTL_interpolated,NSA,\N
MNE,gdp_nominal_per_capita_lcu_quarterly_nsa_estimate,2010-Q3,quarterly,1553.5019935069035,\N,estimated,IMF_QNEA,derived_per_capita|QNEA|B1GQ|V|NSA|XDC|Q|population=SP.POP.TOTL_interpolated,NSA,\N
MNE,gdp_nominal_per_capita_lcu_quarterly_nsa_estimate,2010-Q4,quarterly,1302.9905656819294,\N,estimated,IMF_QNEA,derived_per_capita|QNEA|B1GQ|V|NSA|XDC|Q|population=SP.POP.TOTL_interpolated,NSA,\N
MNE,gdp_nominal_per_capita_lcu_quarterly_nsa_estimate,2011-Q1,quarterly,1000.6315278863406,\N,estimated,IMF_QNEA,derived_per_capita|QNEA|B1GQ|V|NSA|XDC|Q|population=SP.POP.TOTL_interpolated,NSA,\N
MNE,gdp_nominal_per_capita_lcu_quarterly_nsa_estimate,2011-Q2,quarterly,1236.489011038842,\N,estimated,IMF_QNEA,derived_per_capita|QNEA|B1GQ|V|NSA|XDC|Q|population=SP.POP.TOTL_interpolated,NSA,\N
MNE,gdp_nominal_per_capita_lcu_quarterly_nsa_estimate,2011-Q3,quarterly,1687.341639414541,\N,estimated,IMF_QNEA,derived_per_capita|QNEA|B1GQ|V|NSA|XDC|Q|population=SP.POP.TOTL_interpolated,NSA,\N
MNE,gdp_nominal_per_capita_lcu_quarterly_nsa_estimate,2011-Q4,quarterly,1294.7651884955615,\N,estimated,IMF_QNEA,derived_per_capita|QNEA|B1GQ|V|NSA|XDC|Q|population=SP.POP.TOTL_interpolated,NSA,\N
MNE,gdp_nominal_per_capita_lcu_quarterly_nsa_estimate,2012-Q1,quarterly,963.5990608126808,\N,estimated,IMF_QNEA,derived_per_capita|QNEA|B1GQ|V|NSA|XDC|Q|population=SP.POP.TOTL_interpolated,NSA,\N
MNE,gdp_nominal_per_capita_lcu_quarterly_nsa_estimate,2012-Q2,quarterly,1212.3427732612568,\N,estimated,IMF_QNEA,derived_per_capita|QNEA|B1GQ|V|NSA|XDC|Q|population=SP.POP.TOTL_interpolated,NSA,\N
MNE,gdp_nominal_per_capita_lcu_quarterly_nsa_estimate,2012-Q3,quarterly,1661.5406753084405,\N,estimated,IMF_QNEA,derived_per_capita|QNEA|B1GQ|V|NSA|XDC|Q|population=SP.POP.TOTL_interpolated,NSA,\N
MNE,gdp_nominal_per_capita_lcu_quarterly_nsa_estimate,2012-Q4,quarterly,1262.1667728340005,\N,estimated,IMF_QNEA,derived_per_capita|QNEA|B1GQ|V|NSA|XDC|Q|population=SP.POP.TOTL_interpolated,NSA,\N
MNE,gdp_nominal_per_capita_lcu_quarterly_nsa_estimate,2013-Q1,quarterly,1016.5032639909797,\N,estimated,IMF_QNEA,derived_per_capita|QNEA|B1GQ|V|NSA|XDC|Q|population=SP.POP.TOTL_interpolated,NSA,\N
MNE,gdp_nominal_per_capita_lcu_quarterly_nsa_estimate,2013-Q2,quarterly,1252.9031677105074,\N,estimated,IMF_QNEA,derived_per_capita|QNEA|B1GQ|V|NSA|XDC|Q|population=SP.POP.TOTL_interpolated,NSA,\N
MNE,gdp_nominal_per_capita_lcu_quarterly_nsa_estimate,2013-Q3,quarterly,1750.2574146607699,\N,estimated,IMF_QNEA,derived_per_capita|QNEA|B1GQ|V|NSA|XDC|Q|population=SP.POP.TOTL_interpolated,NSA,\N
MNE,gdp_nominal_per_capita_lcu_quarterly_nsa_estimate,2013-Q4,quarterly,1328.0157490710083,\N,estimated,IMF_QNEA,derived_per_capita|QNEA|B1GQ|V|NSA|XDC|Q|population=SP.POP.TOTL_interpolated,NSA,\N
MNE,gdp_nominal_per_capita_lcu_quarterly_nsa_estimate,2014-Q1,quarterly,1059.6505744231251,\N,estimated,IMF_QNEA,derived_per_capita|QNEA|B1GQ|V|NSA|XDC|Q|population=SP.POP.TOTL_interpolated,NSA,\N
MNE,gdp_nominal_per_capita_lcu_quarterly_nsa_estimate,2014-Q2,quarterly,1280.5410476878685,\N,estimated,IMF_QNEA,derived_per_capita|QNEA|B1GQ|V|NSA|XDC|Q|population=SP.POP.TOTL_interpolated,NSA,\N
MNE,gdp_nominal_per_capita_lcu_quarterly_nsa_estimate,2014-Q3,quarterly,1799.941978725506,\N,estimated,IMF_QNEA,derived_per_capita|QNEA|B1GQ|V|NSA|XDC|Q|population=SP.POP.TOTL_interpolated,NSA,\N
MNE,gdp_nominal_per_capita_lcu_quarterly_nsa_estimate,2014-Q4,quarterly,1386.4766661065125,\N,estimated,IMF_QNEA,derived_per_capita|QNEA|B1GQ|V|NSA|XDC|Q|population=SP.POP.TOTL_interpolated,NSA,\N
MUS,gdp_nominal_per_capita_lcu_quarterly_nsa_estimate,2010-Q1,quarterly,57002.965794358315,\N,estimated,IMF_QNEA,derived_per_capita|QNEA|B1GQ|V|NSA|XDC|Q|population=SP.POP.TOTL_interpolated,NSA,\N
MUS,gdp_nominal_per_capita_lcu_quarterly_nsa_estimate,2010-Q2,quarterly,58648.256954915734,\N,estimated,IMF_QNEA,derived_per_capita|QNEA|B1GQ|V|NSA|XDC|Q|population=SP.POP.TOTL_interpolated,NSA,\N
MUS,gdp_nominal_per_capita_lcu_quarterly_nsa_estimate,2010-Q3,quarterly,61408.04325429047,\N,estimated,IMF_QNEA,derived_per_capita|QNEA|B1GQ|V|NSA|XDC|Q|population=SP.POP.TOTL_interpolated,NSA,\N
MUS,gdp_nominal_per_capita_lcu_quarterly_nsa_estimate,2010-Q4,quarterly,69241.01517681911,\N,estimated,IMF_QNEA,derived_per_capita|QNEA|B1GQ|V|NSA|XDC|Q|population=SP.POP.TOTL_interpolated,NSA,\N
MUS,gdp_nominal_per_capita_lcu_quarterly_nsa_estimate,2011-Q1,quarterly,61807.09102566407,\N,estimated,IMF_QNEA,derived_per_capita|QNEA|B1GQ|V|NSA|XDC|Q|population=SP.POP.TOTL_interpolated,NSA,\N
MUS,gdp_nominal_per_capita_lcu_quarterly_nsa_estimate,2011-Q2,quarterly,63965.799720241965,\N,estimated,IMF_QNEA,derived_per_capita|QNEA|B1GQ|V|NSA|XDC|Q|population=SP.POP.TOTL_interpolated,NSA,\N
MUS,gdp_nominal_per_capita_lcu_quarterly_nsa_estimate,2011-Q3,quarterly,65670.06328627687,\N,estimated,IMF_QNEA,derived_per_capita|QNEA|B1GQ|V|NSA|XDC|Q|population=SP.POP.TOTL_interpolated,NSA,\N
MUS,gdp_nominal_per_capita_lcu_quarterly_nsa_estimate,2011-Q4,quarterly,72518.46671663842,\N,estimated,IMF_QNEA,derived_per_capita|QNEA|B1GQ|V|NSA|XDC|Q|population=SP.POP.TOTL_interpolated,NSA,\N
MUS,gdp_nominal_per_capita_lcu_quarterly_nsa_estimate,2012-Q1,quarterly,64593.04734202404,\N,estimated,IMF_QNEA,derived_per_capita|QNEA|B1GQ|V|NSA|XDC|Q|population=SP.POP.TOTL_interpolated,NSA,\N
MUS,gdp_nominal_per_capita_lcu_quarterly_nsa_estimate,2012-Q2,quarterly,67712.12410557273,\N,estimated,IMF_QNEA,derived_per_capita|QNEA|B1GQ|V|NSA|XDC|Q|population=SP.POP.TOTL_interpolated,NSA,\N
MUS,gdp_nominal_per_capita_lcu_quarterly_nsa_estimate,2012-Q3,quarterly,69187.76239164163,\N,estimated,IMF_QNEA,derived_per_capita|QNEA|B1GQ|V|NSA|XDC|Q|population=SP.POP.TOTL_interpolated,NSA,\N
MUS,gdp_nominal_per_capita_lcu_quarterly_nsa_estimate,2012-Q4,quarterly,77707.35460374609,\N,estimated,IMF_QNEA,derived_per_capita|QNEA|B1GQ|V|NSA|XDC|Q|population=SP.POP.TOTL_interpolated,NSA,\N
MUS,gdp_nominal_per_capita_lcu_quarterly_nsa_estimate,2013-Q1,quarterly,70428.56386141472,\N,estimated,IMF_QNEA,derived_per_capita|QNEA|B1GQ|V|NSA|XDC|Q|population=SP.POP.TOTL_interpolated,NSA,\N
MUS,gdp_nominal_per_capita_lcu_quarterly_nsa_estimate,2013-Q2,quarterly,73775.58892098832,\N,estimated,IMF_QNEA,derived_per_capita|QNEA|B1GQ|V|NSA|XDC|Q|population=SP.POP.TOTL_interpolated,NSA,\N
MUS,gdp_nominal_per_capita_lcu_quarterly_nsa_estimate,2013-Q3,quarterly,75289.93576042638,\N,estimated,IMF_QNEA,derived_per_capita|QNEA|B1GQ|V|NSA|XDC|Q|population=SP.POP.TOTL_interpolated,NSA,\N
MUS,gdp_nominal_per_capita_lcu_quarterly_nsa_estimate,2013-Q4,quarterly,83758.91113733036,\N,estimated,IMF_QNEA,derived_per_capita|QNEA|B1GQ|V|NSA|XDC|Q|population=SP.POP.TOTL_interpolated,NSA,\N
MUS,gdp_nominal_per_capita_lcu_quarterly_nsa_estimate,2014-Q1,quarterly,74411.7147373736,\N,estimated,IMF_QNEA,derived_per_capita|QNEA|B1GQ|V|NSA|XDC|Q|population=SP.POP.TOTL_interpolated,NSA,\N
MUS,gdp_nominal_per_capita_lcu_quarterly_nsa_estimate,2014-Q2,quarterly,79217.37481366574,\N,estimated,IMF_QNEA,derived_per_capita|QNEA|B1GQ|V|NSA|XDC|Q|population=SP.POP.TOTL_interpolated,NSA,\N
MUS,gdp_nominal_per_capita_lcu_quarterly_nsa_estimate,2014-Q3,quarterly,79925.20315696586,\N,estimated,IMF_QNEA,derived_per_capita|QNEA|B1GQ|V|NSA|XDC|Q|population=SP.POP.TOTL_interpolated,NSA,\N
MUS,gdp_nominal_per_capita_lcu_quarterly_nsa_estimate,2014-Q4,quarterly,87688.19448111119,\N,estimated,IMF_QNEA,derived_per_capita|QNEA|B1GQ|V|NSA|XDC|Q|population=SP.POP.TOTL_interpolated,NSA,\N
NAM,gdp_nominal_per_capita_lcu_quarterly_nsa_estimate,2013-Q1,quarterly,12122.039377800758,\N,estimated,IMF_QNEA,derived_per_capita|QNEA|B1GQ|V|NSA|XDC|Q|population=SP.POP.TOTL_interpolated,NSA,\N
NAM,gdp_nominal_per_capita_lcu_quarterly_nsa_estimate,2013-Q2,quarterly,12937.828919715335,\N,estimated,IMF_QNEA,derived_per_capita|QNEA|B1GQ|V|NSA|XDC|Q|population=SP.POP.TOTL_interpolated,NSA,\N
NAM,gdp_nominal_per_capita_lcu_quarterly_nsa_estimate,2013-Q3,quarterly,13846.251278022113,\N,estimated,IMF_QNEA,derived_per_capita|QNEA|B1GQ|V|NSA|XDC|Q|population=SP.POP.TOTL_interpolated,NSA,\N
NAM,gdp_nominal_per_capita_lcu_quarterly_nsa_estimate,2013-Q4,quarterly,13204.712775572798,\N,estimated,IMF_QNEA,derived_per_capita|QNEA|B1GQ|V|NSA|XDC|Q|population=SP.POP.TOTL_interpolated,NSA,\N
NAM,gdp_nominal_per_capita_lcu_quarterly_nsa_estimate,2014-Q1,quarterly,13198.226312285053,\N,estimated,IMF_QNEA,derived_per_capita|QNEA|B1GQ|V|NSA|XDC|Q|population=SP.POP.TOTL_interpolated,NSA,\N
NAM,gdp_nominal_per_capita_lcu_quarterly_nsa_estimate,2014-Q2,quarterly,14419.323333811164,\N,estimated,IMF_QNEA,derived_per_capita|QNEA|B1GQ|V|NSA|XDC|Q|population=SP.POP.TOTL_interpolated,NSA,\N
NAM,gdp_nominal_per_capita_lcu_quarterly_nsa_estimate,2014-Q3,quarterly,15384.654345027415,\N,estimated,IMF_QNEA,derived_per_capita|QNEA|B1GQ|V|NSA|XDC|Q|population=SP.POP.TOTL_interpolated,NSA,\N
NAM,gdp_nominal_per_capita_lcu_quarterly_nsa_estimate,2014-Q4,quarterly,15282.2837360797,\N,estimated,IMF_QNEA,derived_per_capita|QNEA|B1GQ|V|NSA|XDC|Q|population=SP.POP.TOTL_interpolated,NSA,\N
NGA,gdp_nominal_per_capita_lcu_quarterly_nsa_estimate,2010-Q1,quarterly,77554.88123488142,\N,estimated,IMF_QNEA,derived_per_capita|QNEA|B1GQ|V|NSA|XDC|Q|population=SP.POP.TOTL_interpolated,NSA,\N
NGA,gdp_nominal_per_capita_lcu_quarterly_nsa_estimate,2010-Q2,quarterly,79132.93891984194,\N,estimated,IMF_QNEA,derived_per_capita|QNEA|B1GQ|V|NSA|XDC|Q|population=SP.POP.TOTL_interpolated,NSA,\N
NGA,gdp_nominal_per_capita_lcu_quarterly_nsa_estimate,2010-Q3,quarterly,86803.54742445712,\N,estimated,IMF_QNEA,derived_per_capita|QNEA|B1GQ|V|NSA|XDC|Q|population=SP.POP.TOTL_interpolated,NSA,\N
NGA,gdp_nominal_per_capita_lcu_quarterly_nsa_estimate,2010-Q4,quarterly,89187.46851762281,\N,estimated,IMF_QNEA,derived_per_capita|QNEA|B1GQ|V|NSA|XDC|Q|population=SP.POP.TOTL_interpolated,NSA,\N
NGA,gdp_nominal_per_capita_lcu_quarterly_nsa_estimate,2011-Q1,quarterly,86590.95347806171,\N,estimated,IMF_QNEA,derived_per_capita|QNEA|B1GQ|V|NSA|XDC|Q|population=SP.POP.TOTL_interpolated,NSA,\N
NGA,gdp_nominal_per_capita_lcu_quarterly_nsa_estimate,2011-Q2,quarterly,89173.96316468729,\N,estimated,IMF_QNEA,derived_per_capita|QNEA|B1GQ|V|NSA|XDC|Q|population=SP.POP.TOTL_interpolated,NSA,\N
NGA,gdp_nominal_per_capita_lcu_quarterly_nsa_estimate,2011-Q3,quarterly,95177.9404815325,\N,estimated,IMF_QNEA,derived_per_capita|QNEA|B1GQ|V|NSA|XDC|Q|population=SP.POP.TOTL_interpolated,NSA,\N
NGA,gdp_nominal_per_capita_lcu_quarterly_nsa_estimate,2011-Q4,quarterly,100633.90144485247,\N,estimated,IMF_QNEA,derived_per_capita|QNEA|B1GQ|V|NSA|XDC|Q|population=SP.POP.TOTL_interpolated,NSA,\N
NGA,gdp_nominal_per_capita_lcu_quarterly_nsa_estimate,2012-Q1,quarterly,95250.21256430329,\N,estimated,IMF_QNEA,derived_per_capita|QNEA|B1GQ|V|NSA|XDC|Q|population=SP.POP.TOTL_interpolated,NSA,\N
NGA,gdp_nominal_per_capita_lcu_quarterly_nsa_estimate,2012-Q2,quarterly,101998.42869100046,\N,estimated,IMF_QNEA,derived_per_capita|QNEA|B1GQ|V|NSA|XDC|Q|population=SP.POP.TOTL_interpolated,NSA,\N
NGA,gdp_nominal_per_capita_lcu_quarterly_nsa_estimate,2012-Q3,quarterly,105607.21039794486,\N,estimated,IMF_QNEA,derived_per_capita|QNEA|B1GQ|V|NSA|XDC|Q|population=SP.POP.TOTL_interpolated,NSA,\N
NGA,gdp_nominal_per_capita_lcu_quarterly_nsa_estimate,2012-Q4,quarterly,107616.20407210538,\N,estimated,IMF_QNEA,derived_per_capita|QNEA|B1GQ|V|NSA|XDC|Q|population=SP.POP.TOTL_interpolated,NSA,\N
NGA,gdp_nominal_per_capita_lcu_quarterly_nsa_estimate,2013-Q1,quarterly,103342.4518273638,\N,estimated,IMF_QNEA,derived_per_capita|QNEA|B1GQ|V|NSA|XDC|Q|population=SP.POP.TOTL_interpolated,NSA,\N
NGA,gdp_nominal_per_capita_lcu_quarterly_nsa_estimate,2013-Q2,quarterly,111667.5965930552,\N,estimated,IMF_QNEA,derived_per_capita|QNEA|B1GQ|V|NSA|XDC|Q|population=SP.POP.TOTL_interpolated,NSA,\N
NGA,gdp_nominal_per_capita_lcu_quarterly_nsa_estimate,2013-Q3,quarterly,113973.08987736708,\N,estimated,IMF_QNEA,derived_per_capita|QNEA|B1GQ|V|NSA|XDC|Q|population=SP.POP.TOTL_interpolated,NSA,\N
NGA,gdp_nominal_per_capita_lcu_quarterly_nsa_estimate,2013-Q4,quarterly,118305.93696998389,\N,estimated,IMF_QNEA,derived_per_capita|QNEA|B1GQ|V|NSA|XDC|Q|population=SP.POP.TOTL_interpolated,NSA,\N
NGA,gdp_nominal_per_capita_lcu_quarterly_nsa_estimate,2014-Q1,quarterly,110723.60797081524,\N,estimated,IMF_QNEA,derived_per_capita|QNEA|B1GQ|V|NSA|XDC|Q|population=SP.POP.TOTL_interpolated,NSA,\N
NGA,gdp_nominal_per_capita_lcu_quarterly_nsa_estimate,2014-Q2,quarterly,118502.50851188326,\N,estimated,IMF_QNEA,derived_per_capita|QNEA|B1GQ|V|NSA|XDC|Q|population=SP.POP.TOTL_interpolated,NSA,\N
NGA,gdp_nominal_per_capita_lcu_quarterly_nsa_estimate,2014-Q3,quarterly,124576.90931701643,\N,estimated,IMF_QNEA,derived_per_capita|QNEA|B1GQ|V|NSA|XDC|Q|population=SP.POP.TOTL_interpolated,NSA,\N
NGA,gdp_nominal_per_capita_lcu_quarterly_nsa_estimate,2014-Q4,quarterly,130881.45053420875,\N,estimated,IMF_QNEA,derived_per_capita|QNEA|B1GQ|V|NSA|XDC|Q|population=SP.POP.TOTL_interpolated,NSA,\N
NIC,gdp_nominal_per_capita_lcu_quarterly_nsa_estimate,2010-Q1,quarterly,7753.28207699352,\N,estimated,IMF_QNEA,derived_per_capita|QNEA|B1GQ|V|NSA|XDC|Q|population=SP.POP.TOTL_interpolated,NSA,\N
NIC,gdp_nominal_per_capita_lcu_quarterly_nsa_estimate,2010-Q2,quarterly,7665.114683587442,\N,estimated,IMF_QNEA,derived_per_capita|QNEA|B1GQ|V|NSA|XDC|Q|population=SP.POP.TOTL_interpolated,NSA,\N
NIC,gdp_nominal_per_capita_lcu_quarterly_nsa_estimate,2010-Q3,quarterly,8193.634513617824,\N,estimated,IMF_QNEA,derived_per_capita|QNEA|B1GQ|V|NSA|XDC|Q|population=SP.POP.TOTL_interpolated,NSA,\N
NIC,gdp_nominal_per_capita_lcu_quarterly_nsa_estimate,2010-Q4,quarterly,8982.020799796483,\N,estimated,IMF_QNEA,derived_per_capita|QNEA|B1GQ|V|NSA|XDC|Q|population=SP.POP.TOTL_interpolated,NSA,\N
NIC,gdp_nominal_per_capita_lcu_quarterly_nsa_estimate,2011-Q1,quarterly,8616.315975235186,\N,estimated,IMF_QNEA,derived_per_capita|QNEA|B1GQ|V|NSA|XDC|Q|population=SP.POP.TOTL_interpolated,NSA,\N
NIC,gdp_nominal_per_capita_lcu_quarterly_nsa_estimate,2011-Q2,quarterly,9230.060239392253,\N,estimated,IMF_QNEA,derived_per_capita|QNEA|B1GQ|V|NSA|XDC|Q|population=SP.POP.TOTL_interpolated,NSA,\N
NIC,gdp_nominal_per_capita_lcu_quarterly_nsa_estimate,2011-Q3,quarterly,9602.119893849525,\N,estimated,IMF_QNEA,derived_per_capita|QNEA|B1GQ|V|NSA|XDC|Q|population=SP.POP.TOTL_interpolated,NSA,\N
NIC,gdp_nominal_per_capita_lcu_quarterly_nsa_estimate,2011-Q4,quarterly,10208.246900523916,\N,estimated,IMF_QNEA,derived_per_capita|QNEA|B1GQ|V|NSA|XDC|Q|population=SP.POP.TOTL_interpolated,NSA,\N
NIC,gdp_nominal_per_capita_lcu_quarterly_nsa_estimate,2012-Q1,quarterly,10223.492685289173,\N,estimated,IMF_QNEA,derived_per_capita|QNEA|B1GQ|V|NSA|XDC|Q|population=SP.POP.TOTL_interpolated,NSA,\N
NIC,gdp_nominal_per_capita_lcu_quarterly_nsa_estimate,2012-Q2,quarterly,9985.32037326885,\N,estimated,IMF_QNEA,derived_per_capita|QNEA|B1GQ|V|NSA|XDC|Q|population=SP.POP.TOTL_interpolated,NSA,\N
NIC,gdp_nominal_per_capita_lcu_quarterly_nsa_estimate,2012-Q3,quarterly,10473.38370142016,\N,estimated,IMF_QNEA,derived_per_capita|QNEA|B1GQ|V|NSA|XDC|Q|population=SP.POP.TOTL_interpolated,NSA,\N
NIC,gdp_nominal_per_capita_lcu_quarterly_nsa_estimate,2012-Q4,quarterly,11334.53633566206,\N,estimated,IMF_QNEA,derived_per_capita|QNEA|B1GQ|V|NSA|XDC|Q|population=SP.POP.TOTL_interpolated,NSA,\N
NIC,gdp_nominal_per_capita_lcu_quarterly_nsa_estimate,2013-Q1,quarterly,10998.585229429642,\N,estimated,IMF_QNEA,derived_per_capita|QNEA|B1GQ|V|NSA|XDC|Q|population=SP.POP.TOTL_interpolated,NSA,\N
NIC,gdp_nominal_per_capita_lcu_quarterly_nsa_estimate,2013-Q2,quarterly,11197.554402121928,\N,estimated,IMF_QNEA,derived_per_capita|QNEA|B1GQ|V|NSA|XDC|Q|population=SP.POP.TOTL_interpolated,NSA,\N
NIC,gdp_nominal_per_capita_lcu_quarterly_nsa_estimate,2013-Q3,quarterly,11449.391844250384,\N,estimated,IMF_QNEA,derived_per_capita|QNEA|B1GQ|V|NSA|XDC|Q|population=SP.POP.TOTL_interpolated,NSA,\N
NIC,gdp_nominal_per_capita_lcu_quarterly_nsa_estimate,2013-Q4,quarterly,11727.326194408683,\N,estimated,IMF_QNEA,derived_per_capita|QNEA|B1GQ|V|NSA|XDC|Q|population=SP.POP.TOTL_interpolated,NSA,\N
NIC,gdp_nominal_per_capita_lcu_quarterly_nsa_estimate,2014-Q1,quarterly,12218.294710836832,\N,estimated,IMF_QNEA,derived_per_capita|QNEA|B1GQ|V|NSA|XDC|Q|population=SP.POP.TOTL_interpolated,NSA,\N
NIC,gdp_nominal_per_capita_lcu_quarterly_nsa_estimate,2014-Q2,quarterly,12151.918153786224,\N,estimated,IMF_QNEA,derived_per_capita|QNEA|B1GQ|V|NSA|XDC|Q|population=SP.POP.TOTL_interpolated,NSA,\N
NIC,gdp_nominal_per_capita_lcu_quarterly_nsa_estimate,2014-Q3,quarterly,12867.992907907266,\N,estimated,IMF_QNEA,derived_per_capita|QNEA|B1GQ|V|NSA|XDC|Q|population=SP.POP.TOTL_interpolated,NSA,\N
NIC,gdp_nominal_per_capita_lcu_quarterly_nsa_estimate,2014-Q4,quarterly,13590.401031453783,\N,estimated,IMF_QNEA,derived_per_capita|QNEA|B1GQ|V|NSA|XDC|Q|population=SP.POP.TOTL_interpolated,NSA,\N
NLD,gdp_nominal_per_capita_lcu_quarterly_nsa_estimate,2010-Q1,quarterly,9419.172203025031,\N,estimated,IMF_QNEA,derived_per_capita|QNEA|B1GQ|V|NSA|XDC|Q|population=SP.POP.TOTL_interpolated,NSA,\N
NLD,gdp_nominal_per_capita_lcu_quarterly_nsa_estimate,2010-Q2,quarterly,9838.740146222757,\N,estimated,IMF_QNEA,derived_per_capita|QNEA|B1GQ|V|NSA|XDC|Q|population=SP.POP.TOTL_interpolated,NSA,\N
NLD,gdp_nominal_per_capita_lcu_quarterly_nsa_estimate,2010-Q3,quarterly,9465.985896990478,\N,estimated,IMF_QNEA,derived_per_capita|QNEA|B1GQ|V|NSA|XDC|Q|population=SP.POP.TOTL_interpolated,NSA,\N
NLD,gdp_nominal_per_capita_lcu_quarterly_nsa_estimate,2010-Q4,quarterly,9977.816127394211,\N,estimated,IMF_QNEA,derived_per_capita|QNEA|B1GQ|V|NSA|XDC|Q|population=SP.POP.TOTL_interpolated,NSA,\N
NLD,gdp_nominal_per_capita_lcu_quarterly_nsa_estimate,2011-Q1,quarterly,9698.124285583293,\N,estimated,IMF_QNEA,derived_per_capita|QNEA|B1GQ|V|NSA|XDC|Q|population=SP.POP.TOTL_interpolated,NSA,\N
NLD,gdp_nominal_per_capita_lcu_quarterly_nsa_estimate,2011-Q2,quarterly,9992.34926481254,\N,estimated,IMF_QNEA,derived_per_capita|QNEA|B1GQ|V|NSA|XDC|Q|population=SP.POP.TOTL_interpolated,NSA,\N
NLD,gdp_nominal_per_capita_lcu_quarterly_nsa_estimate,2011-Q3,quarterly,9601.270836564214,\N,estimated,IMF_QNEA,derived_per_capita|QNEA|B1GQ|V|NSA|XDC|Q|population=SP.POP.TOTL_interpolated,NSA,\N
NLD,gdp_nominal_per_capita_lcu_quarterly_nsa_estimate,2011-Q4,quarterly,10011.137644124454,\N,estimated,IMF_QNEA,derived_per_capita|QNEA|B1GQ|V|NSA|XDC|Q|population=SP.POP.TOTL_interpolated,NSA,\N
NLD,gdp_nominal_per_capita_lcu_quarterly_nsa_estimate,2012-Q1,quarterly,9693.484616137675,\N,estimated,IMF_QNEA,derived_per_capita|QNEA|B1GQ|V|NSA|XDC|Q|population=SP.POP.TOTL_interpolated,NSA,\N
NLD,gdp_nominal_per_capita_lcu_quarterly_nsa_estimate,2012-Q2,quarterly,10018.256157766069,\N,estimated,IMF_QNEA,derived_per_capita|QNEA|B1GQ|V|NSA|XDC|Q|population=SP.POP.TOTL_interpolated,NSA,\N
NLD,gdp_nominal_per_capita_lcu_quarterly_nsa_estimate,2012-Q3,quarterly,9528.644543885075,\N,estimated,IMF_QNEA,derived_per_capita|QNEA|B1GQ|V|NSA|XDC|Q|population=SP.POP.TOTL_interpolated,NSA,\N
NLD,gdp_nominal_per_capita_lcu_quarterly_nsa_estimate,2012-Q4,quarterly,10048.819080880387,\N,estimated,IMF_QNEA,derived_per_capita|QNEA|B1GQ|V|NSA|XDC|Q|population=SP.POP.TOTL_interpolated,NSA,\N
NLD,gdp_nominal_per_capita_lcu_quarterly_nsa_estimate,2013-Q1,quarterly,9690.584749328687,\N,estimated,IMF_QNEA,derived_per_capita|QNEA|B1GQ|V|NSA|XDC|Q|population=SP.POP.TOTL_interpolated,NSA,\N
NLD,gdp_nominal_per_capita_lcu_quarterly_nsa_estimate,2013-Q2,quarterly,10084.384840544311,\N,estimated,IMF_QNEA,derived_per_capita|QNEA|B1GQ|V|NSA|XDC|Q|population=SP.POP.TOTL_interpolated,NSA,\N
NLD,gdp_nominal_per_capita_lcu_quarterly_nsa_estimate,2013-Q3,quarterly,9682.07002567927,\N,estimated,IMF_QNEA,derived_per_capita|QNEA|B1GQ|V|NSA|XDC|Q|population=SP.POP.TOTL_interpolated,NSA,\N
NLD,gdp_nominal_per_capita_lcu_quarterly_nsa_estimate,2013-Q4,quarterly,10145.926095141018,\N,estimated,IMF_QNEA,derived_per_capita|QNEA|B1GQ|V|NSA|XDC|Q|population=SP.POP.TOTL_interpolated,NSA,\N
NLD,gdp_nominal_per_capita_lcu_quarterly_nsa_estimate,2014-Q1,quarterly,9866.234358126554,\N,estimated,IMF_QNEA,derived_per_capita|QNEA|B1GQ|V|NSA|XDC|Q|population=SP.POP.TOTL_interpolated,NSA,\N
NLD,gdp_nominal_per_capita_lcu_quarterly_nsa_estimate,2014-Q2,quarterly,10184.704245651592,\N,estimated,IMF_QNEA,derived_per_capita|QNEA|B1GQ|V|NSA|XDC|Q|population=SP.POP.TOTL_interpolated,NSA,\N
NLD,gdp_nominal_per_capita_lcu_quarterly_nsa_estimate,2014-Q3,quarterly,9815.357651190863,\N,estimated,IMF_QNEA,derived_per_capita|QNEA|B1GQ|V|NSA|XDC|Q|population=SP.POP.TOTL_interpolated,NSA,\N
NLD,gdp_nominal_per_capita_lcu_quarterly_nsa_estimate,2014-Q4,quarterly,10367.60501840659,\N,estimated,IMF_QNEA,derived_per_capita|QNEA|B1GQ|V|NSA|XDC|Q|population=SP.POP.TOTL_interpolated,NSA,\N
NOR,gdp_nominal_per_capita_lcu_quarterly_nsa_estimate,2010-Q1,quarterly,134304.45840561026,\N,estimated,IMF_QNEA,derived_per_capita|QNEA|B1GQ|V|NSA|XDC|Q|population=SP.POP.TOTL_interpolated,NSA,\N
NOR,gdp_nominal_per_capita_lcu_quarterly_nsa_estimate,2010-Q2,quarterly,133656.47986902067,\N,estimated,IMF_QNEA,derived_per_capita|QNEA|B1GQ|V|NSA|XDC|Q|population=SP.POP.TOTL_interpolated,NSA,\N
NOR,gdp_nominal_per_capita_lcu_quarterly_nsa_estimate,2010-Q3,quarterly,131016.88168100691,\N,estimated,IMF_QNEA,derived_per_capita|QNEA|B1GQ|V|NSA|XDC|Q|population=SP.POP.TOTL_interpolated,NSA,\N
NOR,gdp_nominal_per_capita_lcu_quarterly_nsa_estimate,2010-Q4,quarterly,145027.14682038076,\N,estimated,IMF_QNEA,derived_per_capita|QNEA|B1GQ|V|NSA|XDC|Q|population=SP.POP.TOTL_interpolated,NSA,\N
NOR,gdp_nominal_per_capita_lcu_quarterly_nsa_estimate,2011-Q1,quarterly,144052.84319333386,\N,estimated,IMF_QNEA,derived_per_capita|QNEA|B1GQ|V|NSA|XDC|Q|population=SP.POP.TOTL_interpolated,NSA,\N
NOR,gdp_nominal_per_capita_lcu_quarterly_nsa_estimate,2011-Q2,quarterly,140829.67037022545,\N,estimated,IMF_QNEA,derived_per_capita|QNEA|B1GQ|V|NSA|XDC|Q|population=SP.POP.TOTL_interpolated,NSA,\N
NOR,gdp_nominal_per_capita_lcu_quarterly_nsa_estimate,2011-Q3,quarterly,142069.97099459518,\N,estimated,IMF_QNEA,derived_per_capita|QNEA|B1GQ|V|NSA|XDC|Q|population=SP.POP.TOTL_interpolated,NSA,\N
NOR,gdp_nominal_per_capita_lcu_quarterly_nsa_estimate,2011-Q4,quarterly,153306.63781031588,\N,estimated,IMF_QNEA,derived_per_capita|QNEA|B1GQ|V|NSA|XDC|Q|population=SP.POP.TOTL_interpolated,NSA,\N
NOR,gdp_nominal_per_capita_lcu_quarterly_nsa_estimate,2012-Q1,quarterly,156731.77266723383,\N,estimated,IMF_QNEA,derived_per_capita|QNEA|B1GQ|V|NSA|XDC|Q|population=SP.POP.TOTL_interpolated,NSA,\N
NOR,gdp_nominal_per_capita_lcu_quarterly_nsa_estimate,2012-Q2,quarterly,149716.36798841326,\N,estimated,IMF_QNEA,derived_per_capita|QNEA|B1GQ|V|NSA|XDC|Q|population=SP.POP.TOTL_interpolated,NSA,\N
NOR,gdp_nominal_per_capita_lcu_quarterly_nsa_estimate,2012-Q3,quarterly,145624.40434051203,\N,estimated,IMF_QNEA,derived_per_capita|QNEA|B1GQ|V|NSA|XDC|Q|population=SP.POP.TOTL_interpolated,NSA,\N
NOR,gdp_nominal_per_capita_lcu_quarterly_nsa_estimate,2012-Q4,quarterly,156676.62590455447,\N,estimated,IMF_QNEA,derived_per_capita|QNEA|B1GQ|V|NSA|XDC|Q|population=SP.POP.TOTL_interpolated,NSA,\N
NOR,gdp_nominal_per_capita_lcu_quarterly_nsa_estimate,2013-Q1,quarterly,152885.18759433285,\N,estimated,IMF_QNEA,derived_per_capita|QNEA|B1GQ|V|NSA|XDC|Q|population=SP.POP.TOTL_interpolated,NSA,\N
NOR,gdp_nominal_per_capita_lcu_quarterly_nsa_estimate,2013-Q2,quarterly,154882.5468811143,\N,estimated,IMF_QNEA,derived_per_capita|QNEA|B1GQ|V|NSA|XDC|Q|population=SP.POP.TOTL_interpolated,NSA,\N
NOR,gdp_nominal_per_capita_lcu_quarterly_nsa_estimate,2013-Q3,quarterly,152725.94076564422,\N,estimated,IMF_QNEA,derived_per_capita|QNEA|B1GQ|V|NSA|XDC|Q|population=SP.POP.TOTL_interpolated,NSA,\N
NOR,gdp_nominal_per_capita_lcu_quarterly_nsa_estimate,2013-Q4,quarterly,164221.29472738798,\N,estimated,IMF_QNEA,derived_per_capita|QNEA|B1GQ|V|NSA|XDC|Q|population=SP.POP.TOTL_interpolated,NSA,\N
NOR,gdp_nominal_per_capita_lcu_quarterly_nsa_estimate,2014-Q1,quarterly,160674.8769805392,\N,estimated,IMF_QNEA,derived_per_capita|QNEA|B1GQ|V|NSA|XDC|Q|population=SP.POP.TOTL_interpolated,NSA,\N
NOR,gdp_nominal_per_capita_lcu_quarterly_nsa_estimate,2014-Q2,quarterly,155512.70926805094,\N,estimated,IMF_QNEA,derived_per_capita|QNEA|B1GQ|V|NSA|XDC|Q|population=SP.POP.TOTL_interpolated,NSA,\N
NOR,gdp_nominal_per_capita_lcu_quarterly_nsa_estimate,2014-Q3,quarterly,153453.365872135,\N,estimated,IMF_QNEA,derived_per_capita|QNEA|B1GQ|V|NSA|XDC|Q|population=SP.POP.TOTL_interpolated,NSA,\N
NOR,gdp_nominal_per_capita_lcu_quarterly_nsa_estimate,2014-Q4,quarterly,163199.72609315417,\N,estimated,IMF_QNEA,derived_per_capita|QNEA|B1GQ|V|NSA|XDC|Q|population=SP.POP.TOTL_interpolated,NSA,\N
NZL,gdp_nominal_per_capita_lcu_quarterly_nsa_estimate,2010-Q1,quarterly,11596.564468153243,\N,estimated,IMF_QNEA,derived_per_capita|QNEA|B1GQ|V|NSA|XDC|Q|population=SP.POP.TOTL_interpolated,NSA,\N
NZL,gdp_nominal_per_capita_lcu_quarterly_nsa_estimate,2010-Q2,quarterly,11397.82780694814,\N,estimated,IMF_QNEA,derived_per_capita|QNEA|B1GQ|V|NSA|XDC|Q|population=SP.POP.TOTL_interpolated,NSA,\N
NZL,gdp_nominal_per_capita_lcu_quarterly_nsa_estimate,2010-Q3,quarterly,11123.428122013038,\N,estimated,IMF_QNEA,derived_per_capita|QNEA|B1GQ|V|NSA|XDC|Q|population=SP.POP.TOTL_interpolated,NSA,\N
NZL,gdp_nominal_per_capita_lcu_quarterly_nsa_estimate,2010-Q4,quarterly,12342.12373408202,\N,estimated,IMF_QNEA,derived_per_capita|QNEA|B1GQ|V|NSA|XDC|Q|population=SP.POP.TOTL_interpolated,NSA,\N
NZL,gdp_nominal_per_capita_lcu_quarterly_nsa_estimate,2011-Q1,quarterly,11905.26162283649,\N,estimated,IMF_QNEA,derived_per_capita|QNEA|B1GQ|V|NSA|XDC|Q|population=SP.POP.TOTL_interpolated,NSA,\N
NZL,gdp_nominal_per_capita_lcu_quarterly_nsa_estimate,2011-Q2,quarterly,11822.58474201383,\N,estimated,IMF_QNEA,derived_per_capita|QNEA|B1GQ|V|NSA|XDC|Q|population=SP.POP.TOTL_interpolated,NSA,\N
NZL,gdp_nominal_per_capita_lcu_quarterly_nsa_estimate,2011-Q3,quarterly,11647.789925376324,\N,estimated,IMF_QNEA,derived_per_capita|QNEA|B1GQ|V|NSA|XDC|Q|population=SP.POP.TOTL_interpolated,NSA,\N
NZL,gdp_nominal_per_capita_lcu_quarterly_nsa_estimate,2011-Q4,quarterly,12826.432735891738,\N,estimated,IMF_QNEA,derived_per_capita|QNEA|B1GQ|V|NSA|XDC|Q|population=SP.POP.TOTL_interpolated,NSA,\N
NZL,gdp_nominal_per_capita_lcu_quarterly_nsa_estimate,2012-Q1,quarterly,12277.615969311642,\N,estimated,IMF_QNEA,derived_per_capita|QNEA|B1GQ|V|NSA|XDC|Q|population=SP.POP.TOTL_interpolated,NSA,\N
NZL,gdp_nominal_per_capita_lcu_quarterly_nsa_estimate,2012-Q2,quarterly,12189.5422054613,\N,estimated,IMF_QNEA,derived_per_capita|QNEA|B1GQ|V|NSA|XDC|Q|population=SP.POP.TOTL_interpolated,NSA,\N
NZL,gdp_nominal_per_capita_lcu_quarterly_nsa_estimate,2012-Q3,quarterly,11729.577209423549,\N,estimated,IMF_QNEA,derived_per_capita|QNEA|B1GQ|V|NSA|XDC|Q|population=SP.POP.TOTL_interpolated,NSA,\N
NZL,gdp_nominal_per_capita_lcu_quarterly_nsa_estimate,2012-Q4,quarterly,12853.636744065056,\N,estimated,IMF_QNEA,derived_per_capita|QNEA|B1GQ|V|NSA|XDC|Q|population=SP.POP.TOTL_interpolated,NSA,\N
NZL,gdp_nominal_per_capita_lcu_quarterly_nsa_estimate,2013-Q1,quarterly,12549.245374603497,\N,estimated,IMF_QNEA,derived_per_capita|QNEA|B1GQ|V|NSA|XDC|Q|population=SP.POP.TOTL_interpolated,NSA,\N
NZL,gdp_nominal_per_capita_lcu_quarterly_nsa_estimate,2013-Q2,quarterly,12382.797976497628,\N,estimated,IMF_QNEA,derived_per_capita|QNEA|B1GQ|V|NSA|XDC|Q|population=SP.POP.TOTL_interpolated,NSA,\N
NZL,gdp_nominal_per_capita_lcu_quarterly_nsa_estimate,2013-Q3,quarterly,12397.897290739991,\N,estimated,IMF_QNEA,derived_per_capita|QNEA|B1GQ|V|NSA|XDC|Q|population=SP.POP.TOTL_interpolated,NSA,\N
NZL,gdp_nominal_per_capita_lcu_quarterly_nsa_estimate,2013-Q4,quarterly,13971.140939597315,\N,estimated,IMF_QNEA,derived_per_capita|QNEA|B1GQ|V|NSA|XDC|Q|population=SP.POP.TOTL_interpolated,NSA,\N
NZL,gdp_nominal_per_capita_lcu_quarterly_nsa_estimate,2014-Q1,quarterly,13422.002406095442,\N,estimated,IMF_QNEA,derived_per_capita|QNEA|B1GQ|V|NSA|XDC|Q|population=SP.POP.TOTL_interpolated,NSA,\N
NZL,gdp_nominal_per_capita_lcu_quarterly_nsa_estimate,2014-Q2,quarterly,13123.66879659212,\N,estimated,IMF_QNEA,derived_per_capita|QNEA|B1GQ|V|NSA|XDC|Q|population=SP.POP.TOTL_interpolated,NSA,\N
NZL,gdp_nominal_per_capita_lcu_quarterly_nsa_estimate,2014-Q3,quarterly,12786.784780634314,\N,estimated,IMF_QNEA,derived_per_capita|QNEA|B1GQ|V|NSA|XDC|Q|population=SP.POP.TOTL_interpolated,NSA,\N
NZL,gdp_nominal_per_capita_lcu_quarterly_nsa_estimate,2014-Q4,quarterly,13994.347815339996,\N,estimated,IMF_QNEA,derived_per_capita|QNEA|B1GQ|V|NSA|XDC|Q|population=SP.POP.TOTL_interpolated,NSA,\N
PER,gdp_nominal_per_capita_lcu_quarterly_nsa_estimate,2010-Q1,quarterly,3304.73141091597,\N,estimated,IMF_QNEA,derived_per_capita|QNEA|B1GQ|V|NSA|XDC|Q|population=SP.POP.TOTL_interpolated,NSA,\N
PER,gdp_nominal_per_capita_lcu_quarterly_nsa_estimate,2010-Q2,quarterly,3641.410087436784,\N,estimated,IMF_QNEA,derived_per_capita|QNEA|B1GQ|V|NSA|XDC|Q|population=SP.POP.TOTL_interpolated,NSA,\N
PER,gdp_nominal_per_capita_lcu_quarterly_nsa_estimate,2010-Q3,quarterly,3589.599297045821,\N,estimated,IMF_QNEA,derived_per_capita|QNEA|B1GQ|V|NSA|XDC|Q|population=SP.POP.TOTL_interpolated,NSA,\N
PER,gdp_nominal_per_capita_lcu_quarterly_nsa_estimate,2010-Q4,quarterly,3790.6191851935255,\N,estimated,IMF_QNEA,derived_per_capita|QNEA|B1GQ|V|NSA|XDC|Q|population=SP.POP.TOTL_interpolated,NSA,\N
PER,gdp_nominal_per_capita_lcu_quarterly_nsa_estimate,2011-Q1,quarterly,3770.8174576388633,\N,estimated,IMF_QNEA,derived_per_capita|QNEA|B1GQ|V|NSA|XDC|Q|population=SP.POP.TOTL_interpolated,NSA,\N
PER,gdp_nominal_per_capita_lcu_quarterly_nsa_estimate,2011-Q2,quarterly,4097.916671051889,\N,estimated,IMF_QNEA,derived_per_capita|QNEA|B1GQ|V|NSA|XDC|Q|population=SP.POP.TOTL_interpolated,NSA,\N
PER,gdp_nominal_per_capita_lcu_quarterly_nsa_estimate,2011-Q3,quarterly,4074.911391292636,\N,estimated,IMF_QNEA,derived_per_capita|QNEA|B1GQ|V|NSA|XDC|Q|population=SP.POP.TOTL_interpolated,NSA,\N
PER,gdp_nominal_per_capita_lcu_quarterly_nsa_estimate,2011-Q4,quarterly,4195.950115185712,\N,estimated,IMF_QNEA,derived_per_capita|QNEA|B1GQ|V|NSA|XDC|Q|population=SP.POP.TOTL_interpolated,NSA,\N
PER,gdp_nominal_per_capita_lcu_quarterly_nsa_estimate,2012-Q1,quarterly,4082.420907507978,\N,estimated,IMF_QNEA,derived_per_capita|QNEA|B1GQ|V|NSA|XDC|Q|population=SP.POP.TOTL_interpolated,NSA,\N
PER,gdp_nominal_per_capita_lcu_quarterly_nsa_estimate,2012-Q2,quarterly,4341.525037228679,\N,estimated,IMF_QNEA,derived_per_capita|QNEA|B1GQ|V|NSA|XDC|Q|population=SP.POP.TOTL_interpolated,NSA,\N
PER,gdp_nominal_per_capita_lcu_quarterly_nsa_estimate,2012-Q3,quarterly,4332.606228150607,\N,estimated,IMF_QNEA,derived_per_capita|QNEA|B1GQ|V|NSA|XDC|Q|population=SP.POP.TOTL_interpolated,NSA,\N
PER,gdp_nominal_per_capita_lcu_quarterly_nsa_estimate,2012-Q4,quarterly,4436.185560840099,\N,estimated,IMF_QNEA,derived_per_capita|QNEA|B1GQ|V|NSA|XDC|Q|population=SP.POP.TOTL_interpolated,NSA,\N
PER,gdp_nominal_per_capita_lcu_quarterly_nsa_estimate,2013-Q1,quarterly,4265.016590996477,\N,estimated,IMF_QNEA,derived_per_capita|QNEA|B1GQ|V|NSA|XDC|Q|population=SP.POP.TOTL_interpolated,NSA,\N
PER,gdp_nominal_per_capita_lcu_quarterly_nsa_estimate,2013-Q2,quarterly,4607.031031296636,\N,estimated,IMF_QNEA,derived_per_capita|QNEA|B1GQ|V|NSA|XDC|Q|population=SP.POP.TOTL_interpolated,NSA,\N
PER,gdp_nominal_per_capita_lcu_quarterly_nsa_estimate,2013-Q3,quarterly,4579.61076147233,\N,estimated,IMF_QNEA,derived_per_capita|QNEA|B1GQ|V|NSA|XDC|Q|population=SP.POP.TOTL_interpolated,NSA,\N
PER,gdp_nominal_per_capita_lcu_quarterly_nsa_estimate,2013-Q4,quarterly,4773.429551571573,\N,estimated,IMF_QNEA,derived_per_capita|QNEA|B1GQ|V|NSA|XDC|Q|population=SP.POP.TOTL_interpolated,NSA,\N
PER,gdp_nominal_per_capita_lcu_quarterly_nsa_estimate,2014-Q1,quarterly,4487.185124761675,\N,estimated,IMF_QNEA,derived_per_capita|QNEA|B1GQ|V|NSA|XDC|Q|population=SP.POP.TOTL_interpolated,NSA,\N
PER,gdp_nominal_per_capita_lcu_quarterly_nsa_estimate,2014-Q2,quarterly,4800.491359507443,\N,estimated,IMF_QNEA,derived_per_capita|QNEA|B1GQ|V|NSA|XDC|Q|population=SP.POP.TOTL_interpolated,NSA,\N
PER,gdp_nominal_per_capita_lcu_quarterly_nsa_estimate,2014-Q3,quarterly,4722.409088812972,\N,estimated,IMF_QNEA,derived_per_capita|QNEA|B1GQ|V|NSA|XDC|Q|population=SP.POP.TOTL_interpolated,NSA,\N
PER,gdp_nominal_per_capita_lcu_quarterly_nsa_estimate,2014-Q4,quarterly,4913.174282180762,\N,estimated,IMF_QNEA,derived_per_capita|QNEA|B1GQ|V|NSA|XDC|Q|population=SP.POP.TOTL_interpolated,NSA,\N
PHL,gdp_nominal_per_capita_lcu_quarterly_nsa_estimate,2010-Q1,quarterly,22505.293204268626,\N,estimated,IMF_QNEA,derived_per_capita|QNEA|B1GQ|V|NSA|XDC|Q|population=SP.POP.TOTL_interpolated,NSA,\N
PHL,gdp_nominal_per_capita_lcu_quarterly_nsa_estimate,2010-Q2,quarterly,24485.09481722283,\N,estimated,IMF_QNEA,derived_per_capita|QNEA|B1GQ|V|NSA|XDC|Q|population=SP.POP.TOTL_interpolated,NSA,\N
PHL,gdp_nominal_per_capita_lcu_quarterly_nsa_estimate,2010-Q3,quarterly,23502.38497042639,\N,estimated,IMF_QNEA,derived_per_capita|QNEA|B1GQ|V|NSA|XDC|Q|population=SP.POP.TOTL_interpolated,NSA,\N
PHL,gdp_nominal_per_capita_lcu_quarterly_nsa_estimate,2010-Q4,quarterly,27049.108830920784,\N,estimated,IMF_QNEA,derived_per_capita|QNEA|B1GQ|V|NSA|XDC|Q|population=SP.POP.TOTL_interpolated,NSA,\N
PHL,gdp_nominal_per_capita_lcu_quarterly_nsa_estimate,2011-Q1,quarterly,24107.10225337756,\N,estimated,IMF_QNEA,derived_per_capita|QNEA|B1GQ|V|NSA|XDC|Q|population=SP.POP.TOTL_interpolated,NSA,\N
PHL,gdp_nominal_per_capita_lcu_quarterly_nsa_estimate,2011-Q2,quarterly,25965.192745542015,\N,estimated,IMF_QNEA,derived_per_capita|QNEA|B1GQ|V|NSA|XDC|Q|population=SP.POP.TOTL_interpolated,NSA,\N
PHL,gdp_nominal_per_capita_lcu_quarterly_nsa_estimate,2011-Q3,quarterly,24663.116722971507,\N,estimated,IMF_QNEA,derived_per_capita|QNEA|B1GQ|V|NSA|XDC|Q|population=SP.POP.TOTL_interpolated,NSA,\N
PHL,gdp_nominal_per_capita_lcu_quarterly_nsa_estimate,2011-Q4,quarterly,28488.63577046548,\N,estimated,IMF_QNEA,derived_per_capita|QNEA|B1GQ|V|NSA|XDC|Q|population=SP.POP.TOTL_interpolated,NSA,\N
PHL,gdp_nominal_per_capita_lcu_quarterly_nsa_estimate,2012-Q1,quarterly,25535.11993549863,\N,estimated,IMF_QNEA,derived_per_capita|QNEA|B1GQ|V|NSA|XDC|Q|population=SP.POP.TOTL_interpolated,NSA,\N
PHL,gdp_nominal_per_capita_lcu_quarterly_nsa_estimate,2012-Q2,quarterly,27548.2714861812,\N,estimated,IMF_QNEA,derived_per_capita|QNEA|B1GQ|V|NSA|XDC|Q|population=SP.POP.TOTL_interpolated,NSA,\N
PHL,gdp_nominal_per_capita_lcu_quarterly_nsa_estimate,2012-Q3,quarterly,26619.24346614922,\N,estimated,IMF_QNEA,derived_per_capita|QNEA|B1GQ|V|NSA|XDC|Q|population=SP.POP.TOTL_interpolated,NSA,\N
PHL,gdp_nominal_per_capita_lcu_quarterly_nsa_estimate,2012-Q4,quarterly,30678.46117494274,\N,estimated,IMF_QNEA,derived_per_capita|QNEA|B1GQ|V|NSA|XDC|Q|population=SP.POP.TOTL_interpolated,NSA,\N
PHL,gdp_nominal_per_capita_lcu_quarterly_nsa_estimate,2013-Q1,quarterly,27354.232045720946,\N,estimated,IMF_QNEA,derived_per_capita|QNEA|B1GQ|V|NSA|XDC|Q|population=SP.POP.TOTL_interpolated,NSA,\N
PHL,gdp_nominal_per_capita_lcu_quarterly_nsa_estimate,2013-Q2,quarterly,29399.27120299032,\N,estimated,IMF_QNEA,derived_per_capita|QNEA|B1GQ|V|NSA|XDC|Q|population=SP.POP.TOTL_interpolated,NSA,\N
PHL,gdp_nominal_per_capita_lcu_quarterly_nsa_estimate,2013-Q3,quarterly,28493.199794455806,\N,estimated,IMF_QNEA,derived_per_capita|QNEA|B1GQ|V|NSA|XDC|Q|population=SP.POP.TOTL_interpolated,NSA,\N
PHL,gdp_nominal_per_capita_lcu_quarterly_nsa_estimate,2013-Q4,quarterly,32804.692572802116,\N,estimated,IMF_QNEA,derived_per_capita|QNEA|B1GQ|V|NSA|XDC|Q|population=SP.POP.TOTL_interpolated,NSA,\N
PHL,gdp_nominal_per_capita_lcu_quarterly_nsa_estimate,2014-Q1,quarterly,29436.868266024212,\N,estimated,IMF_QNEA,derived_per_capita|QNEA|B1GQ|V|NSA|XDC|Q|population=SP.POP.TOTL_interpolated,NSA,\N
PHL,gdp_nominal_per_capita_lcu_quarterly_nsa_estimate,2014-Q2,quarterly,31835.24975958882,\N,estimated,IMF_QNEA,derived_per_capita|QNEA|B1GQ|V|NSA|XDC|Q|population=SP.POP.TOTL_interpolated,NSA,\N
PHL,gdp_nominal_per_capita_lcu_quarterly_nsa_estimate,2014-Q3,quarterly,30534.868065647355,\N,estimated,IMF_QNEA,derived_per_capita|QNEA|B1GQ|V|NSA|XDC|Q|population=SP.POP.TOTL_interpolated,NSA,\N
PHL,gdp_nominal_per_capita_lcu_quarterly_nsa_estimate,2014-Q4,quarterly,35456.4988014007,\N,estimated,IMF_QNEA,derived_per_capita|QNEA|B1GQ|V|NSA|XDC|Q|population=SP.POP.TOTL_interpolated,NSA,\N
POL,gdp_nominal_per_capita_lcu_quarterly_nsa_estimate,2010-Q1,quarterly,8666.544726593072,\N,estimated,IMF_QNEA,derived_per_capita|QNEA|B1GQ|V|NSA|XDC|Q|population=SP.POP.TOTL_interpolated,NSA,\N
POL,gdp_nominal_per_capita_lcu_quarterly_nsa_estimate,2010-Q2,quarterly,9181.826046641352,\N,estimated,IMF_QNEA,derived_per_capita|QNEA|B1GQ|V|NSA|XDC|Q|population=SP.POP.TOTL_interpolated,NSA,\N
POL,gdp_nominal_per_capita_lcu_quarterly_nsa_estimate,2010-Q3,quarterly,9368.237768258503,\N,estimated,IMF_QNEA,derived_per_capita|QNEA|B1GQ|V|NSA|XDC|Q|population=SP.POP.TOTL_interpolated,NSA,\N
POL,gdp_nominal_per_capita_lcu_quarterly_nsa_estimate,2010-Q4,quarterly,10663.503849583187,\N,estimated,IMF_QNEA,derived_per_capita|QNEA|B1GQ|V|NSA|XDC|Q|population=SP.POP.TOTL_interpolated,NSA,\N
POL,gdp_nominal_per_capita_lcu_quarterly_nsa_estimate,2011-Q1,quarterly,9398.024679408318,\N,estimated,IMF_QNEA,derived_per_capita|QNEA|B1GQ|V|NSA|XDC|Q|population=SP.POP.TOTL_interpolated,NSA,\N
POL,gdp_nominal_per_capita_lcu_quarterly_nsa_estimate,2011-Q2,quarterly,9905.428066266482,\N,estimated,IMF_QNEA,derived_per_capita|QNEA|B1GQ|V|NSA|XDC|Q|population=SP.POP.TOTL_interpolated,NSA,\N
POL,gdp_nominal_per_capita_lcu_quarterly_nsa_estimate,2011-Q3,quarterly,10142.183461906683,\N,estimated,IMF_QNEA,derived_per_capita|QNEA|B1GQ|V|NSA|XDC|Q|population=SP.POP.TOTL_interpolated,NSA,\N
POL,gdp_nominal_per_capita_lcu_quarterly_nsa_estimate,2011-Q4,quarterly,11644.737092943136,\N,estimated,IMF_QNEA,derived_per_capita|QNEA|B1GQ|V|NSA|XDC|Q|population=SP.POP.TOTL_interpolated,NSA,\N
POL,gdp_nominal_per_capita_lcu_quarterly_nsa_estimate,2012-Q1,quarterly,9914.74228625396,\N,estimated,IMF_QNEA,derived_per_capita|QNEA|B1GQ|V|NSA|XDC|Q|population=SP.POP.TOTL_interpolated,NSA,\N
POL,gdp_nominal_per_capita_lcu_quarterly_nsa_estimate,2012-Q2,quarterly,10433.835224920458,\N,estimated,IMF_QNEA,derived_per_capita|QNEA|B1GQ|V|NSA|XDC|Q|population=SP.POP.TOTL_interpolated,NSA,\N
POL,gdp_nominal_per_capita_lcu_quarterly_nsa_estimate,2012-Q3,quarterly,10525.872725152169,\N,estimated,IMF_QNEA,derived_per_capita|QNEA|B1GQ|V|NSA|XDC|Q|population=SP.POP.TOTL_interpolated,NSA,\N
POL,gdp_nominal_per_capita_lcu_quarterly_nsa_estimate,2012-Q4,quarterly,11748.72619046274,\N,estimated,IMF_QNEA,derived_per_capita|QNEA|B1GQ|V|NSA|XDC|Q|population=SP.POP.TOTL_interpolated,NSA,\N
POL,gdp_nominal_per_capita_lcu_quarterly_nsa_estimate,2013-Q1,quarterly,9904.241680731715,\N,estimated,IMF_QNEA,derived_per_capita|QNEA|B1GQ|V|NSA|XDC|Q|population=SP.POP.TOTL_interpolated,NSA,\N
POL,gdp_nominal_per_capita_lcu_quarterly_nsa_estimate,2013-Q2,quarterly,10460.321193346477,\N,estimated,IMF_QNEA,derived_per_capita|QNEA|B1GQ|V|NSA|XDC|Q|population=SP.POP.TOTL_interpolated,NSA,\N
POL,gdp_nominal_per_capita_lcu_quarterly_nsa_estimate,2013-Q3,quarterly,10580.74312541033,\N,estimated,IMF_QNEA,derived_per_capita|QNEA|B1GQ|V|NSA|XDC|Q|population=SP.POP.TOTL_interpolated,NSA,\N
POL,gdp_nominal_per_capita_lcu_quarterly_nsa_estimate,2013-Q4,quarterly,12109.652242713995,\N,estimated,IMF_QNEA,derived_per_capita|QNEA|B1GQ|V|NSA|XDC|Q|population=SP.POP.TOTL_interpolated,NSA,\N
POL,gdp_nominal_per_capita_lcu_quarterly_nsa_estimate,2014-Q1,quarterly,10443.802015523985,\N,estimated,IMF_QNEA,derived_per_capita|QNEA|B1GQ|V|NSA|XDC|Q|population=SP.POP.TOTL_interpolated,NSA,\N
POL,gdp_nominal_per_capita_lcu_quarterly_nsa_estimate,2014-Q2,quarterly,10937.42994698308,\N,estimated,IMF_QNEA,derived_per_capita|QNEA|B1GQ|V|NSA|XDC|Q|population=SP.POP.TOTL_interpolated,NSA,\N
POL,gdp_nominal_per_capita_lcu_quarterly_nsa_estimate,2014-Q3,quarterly,11139.61941155264,\N,estimated,IMF_QNEA,derived_per_capita|QNEA|B1GQ|V|NSA|XDC|Q|population=SP.POP.TOTL_interpolated,NSA,\N
POL,gdp_nominal_per_capita_lcu_quarterly_nsa_estimate,2014-Q4,quarterly,12470.21001996162,\N,estimated,IMF_QNEA,derived_per_capita|QNEA|B1GQ|V|NSA|XDC|Q|population=SP.POP.TOTL_interpolated,NSA,\N
PRT,gdp_nominal_per_capita_lcu_quarterly_nsa_estimate,2010-Q1,quarterly,4077.0771836868716,\N,estimated,IMF_QNEA,derived_per_capita|QNEA|B1GQ|V|NSA|XDC|Q|population=SP.POP.TOTL_interpolated,NSA,\N
PRT,gdp_nominal_per_capita_lcu_quarterly_nsa_estimate,2010-Q2,quarterly,4259.972591375589,\N,estimated,IMF_QNEA,derived_per_capita|QNEA|B1GQ|V|NSA|XDC|Q|population=SP.POP.TOTL_interpolated,NSA,\N
PRT,gdp_nominal_per_capita_lcu_quarterly_nsa_estimate,2010-Q3,quarterly,4277.383436960427,\N,estimated,IMF_QNEA,derived_per_capita|QNEA|B1GQ|V|NSA|XDC|Q|population=SP.POP.TOTL_interpolated,NSA,\N
PRT,gdp_nominal_per_capita_lcu_quarterly_nsa_estimate,2010-Q4,quarterly,4400.851780816668,\N,estimated,IMF_QNEA,derived_per_capita|QNEA|B1GQ|V|NSA|XDC|Q|population=SP.POP.TOTL_interpolated,NSA,\N
PRT,gdp_nominal_per_capita_lcu_quarterly_nsa_estimate,2011-Q1,quarterly,4048.6544680861134,\N,estimated,IMF_QNEA,derived_per_capita|QNEA|B1GQ|V|NSA|XDC|Q|population=SP.POP.TOTL_interpolated,NSA,\N
PRT,gdp_nominal_per_capita_lcu_quarterly_nsa_estimate,2011-Q2,quarterly,4219.572276250704,\N,estimated,IMF_QNEA,derived_per_capita|QNEA|B1GQ|V|NSA|XDC|Q|population=SP.POP.TOTL_interpolated,NSA,\N
PRT,gdp_nominal_per_capita_lcu_quarterly_nsa_estimate,2011-Q3,quarterly,4195.191997741139,\N,estimated,IMF_QNEA,derived_per_capita|QNEA|B1GQ|V|NSA|XDC|Q|population=SP.POP.TOTL_interpolated,NSA,\N
PRT,gdp_nominal_per_capita_lcu_quarterly_nsa_estimate,2011-Q4,quarterly,4242.768479353802,\N,estimated,IMF_QNEA,derived_per_capita|QNEA|B1GQ|V|NSA|XDC|Q|population=SP.POP.TOTL_interpolated,NSA,\N
PRT,gdp_nominal_per_capita_lcu_quarterly_nsa_estimate,2012-Q1,quarterly,3927.57905632136,\N,estimated,IMF_QNEA,derived_per_capita|QNEA|B1GQ|V|NSA|XDC|Q|population=SP.POP.TOTL_interpolated,NSA,\N
PRT,gdp_nominal_per_capita_lcu_quarterly_nsa_estimate,2012-Q2,quarterly,3970.8549760562637,\N,estimated,IMF_QNEA,derived_per_capita|QNEA|B1GQ|V|NSA|XDC|Q|population=SP.POP.TOTL_interpolated,NSA,\N
PRT,gdp_nominal_per_capita_lcu_quarterly_nsa_estimate,2012-Q3,quarterly,4057.926223111511,\N,estimated,IMF_QNEA,derived_per_capita|QNEA|B1GQ|V|NSA|XDC|Q|population=SP.POP.TOTL_interpolated,NSA,\N
PRT,gdp_nominal_per_capita_lcu_quarterly_nsa_estimate,2012-Q4,quarterly,4075.4302537324393,\N,estimated,IMF_QNEA,derived_per_capita|QNEA|B1GQ|V|NSA|XDC|Q|population=SP.POP.TOTL_interpolated,NSA,\N
PRT,gdp_nominal_per_capita_lcu_quarterly_nsa_estimate,2013-Q1,quarterly,3891.1064017160143,\N,estimated,IMF_QNEA,derived_per_capita|QNEA|B1GQ|V|NSA|XDC|Q|population=SP.POP.TOTL_interpolated,NSA,\N
PRT,gdp_nominal_per_capita_lcu_quarterly_nsa_estimate,2013-Q2,quarterly,4035.328864433641,\N,estimated,IMF_QNEA,derived_per_capita|QNEA|B1GQ|V|NSA|XDC|Q|population=SP.POP.TOTL_interpolated,NSA,\N
PRT,gdp_nominal_per_capita_lcu_quarterly_nsa_estimate,2013-Q3,quarterly,4163.292256906335,\N,estimated,IMF_QNEA,derived_per_capita|QNEA|B1GQ|V|NSA|XDC|Q|population=SP.POP.TOTL_interpolated,NSA,\N
PRT,gdp_nominal_per_capita_lcu_quarterly_nsa_estimate,2013-Q4,quarterly,4232.003193784677,\N,estimated,IMF_QNEA,derived_per_capita|QNEA|B1GQ|V|NSA|XDC|Q|population=SP.POP.TOTL_interpolated,NSA,\N
PRT,gdp_nominal_per_capita_lcu_quarterly_nsa_estimate,2014-Q1,quarterly,3942.2771178617845,\N,estimated,IMF_QNEA,derived_per_capita|QNEA|B1GQ|V|NSA|XDC|Q|population=SP.POP.TOTL_interpolated,NSA,\N
PRT,gdp_nominal_per_capita_lcu_quarterly_nsa_estimate,2014-Q2,quarterly,4193.284289678046,\N,estimated,IMF_QNEA,derived_per_capita|QNEA|B1GQ|V|NSA|XDC|Q|population=SP.POP.TOTL_interpolated,NSA,\N
PRT,gdp_nominal_per_capita_lcu_quarterly_nsa_estimate,2014-Q3,quarterly,4274.131235412372,\N,estimated,IMF_QNEA,derived_per_capita|QNEA|B1GQ|V|NSA|XDC|Q|population=SP.POP.TOTL_interpolated,NSA,\N
PRT,gdp_nominal_per_capita_lcu_quarterly_nsa_estimate,2014-Q4,quarterly,4239.122080818504,\N,estimated,IMF_QNEA,derived_per_capita|QNEA|B1GQ|V|NSA|XDC|Q|population=SP.POP.TOTL_interpolated,NSA,\N
PRY,gdp_nominal_per_capita_lcu_quarterly_nsa_estimate,2010-Q1,quarterly,5442876.09766693,\N,estimated,IMF_QNEA,derived_per_capita|QNEA|B1GQ|V|NSA|XDC|Q|population=SP.POP.TOTL_interpolated,NSA,\N
PRY,gdp_nominal_per_capita_lcu_quarterly_nsa_estimate,2010-Q2,quarterly,5527802.743177054,\N,estimated,IMF_QNEA,derived_per_capita|QNEA|B1GQ|V|NSA|XDC|Q|population=SP.POP.TOTL_interpolated,NSA,\N
PRY,gdp_nominal_per_capita_lcu_quarterly_nsa_estimate,2010-Q3,quarterly,5397358.635105653,\N,estimated,IMF_QNEA,derived_per_capita|QNEA|B1GQ|V|NSA|XDC|Q|population=SP.POP.TOTL_interpolated,NSA,\N
PRY,gdp_nominal_per_capita_lcu_quarterly_nsa_estimate,2010-Q4,quarterly,6122056.659235019,\N,estimated,IMF_QNEA,derived_per_capita|QNEA|B1GQ|V|NSA|XDC|Q|population=SP.POP.TOTL_interpolated,NSA,\N
PRY,gdp_nominal_per_capita_lcu_quarterly_nsa_estimate,2011-Q1,quarterly,6186669.71205016,\N,estimated,IMF_QNEA,derived_per_capita|QNEA|B1GQ|V|NSA|XDC|Q|population=SP.POP.TOTL_interpolated,NSA,\N
PRY,gdp_nominal_per_capita_lcu_quarterly_nsa_estimate,2011-Q2,quarterly,6036656.577534669,\N,estimated,IMF_QNEA,derived_per_capita|QNEA|B1GQ|V|NSA|XDC|Q|population=SP.POP.TOTL_interpolated,NSA,\N
PRY,gdp_nominal_per_capita_lcu_quarterly_nsa_estimate,2011-Q3,quarterly,5732269.006288302,\N,estimated,IMF_QNEA,derived_per_capita|QNEA|B1GQ|V|NSA|XDC|Q|population=SP.POP.TOTL_interpolated,NSA,\N
PRY,gdp_nominal_per_capita_lcu_quarterly_nsa_estimate,2011-Q4,quarterly,6373776.0923181465,\N,estimated,IMF_QNEA,derived_per_capita|QNEA|B1GQ|V|NSA|XDC|Q|population=SP.POP.TOTL_interpolated,NSA,\N
PRY,gdp_nominal_per_capita_lcu_quarterly_nsa_estimate,2012-Q1,quarterly,6130356.9829048375,\N,estimated,IMF_QNEA,derived_per_capita|QNEA|B1GQ|V|NSA|XDC|Q|population=SP.POP.TOTL_interpolated,NSA,\N
PRY,gdp_nominal_per_capita_lcu_quarterly_nsa_estimate,2012-Q2,quarterly,6106435.574123201,\N,estimated,IMF_QNEA,derived_per_capita|QNEA|B1GQ|V|NSA|XDC|Q|population=SP.POP.TOTL_interpolated,NSA,\N
PRY,gdp_nominal_per_capita_lcu_quarterly_nsa_estimate,2012-Q3,quarterly,6169851.847454166,\N,estimated,IMF_QNEA,derived_per_capita|QNEA|B1GQ|V|NSA|XDC|Q|population=SP.POP.TOTL_interpolated,NSA,\N
PRY,gdp_nominal_per_capita_lcu_quarterly_nsa_estimate,2012-Q4,quarterly,6555481.0244331295,\N,estimated,IMF_QNEA,derived_per_capita|QNEA|B1GQ|V|NSA|XDC|Q|population=SP.POP.TOTL_interpolated,NSA,\N
PRY,gdp_nominal_per_capita_lcu_quarterly_nsa_estimate,2013-Q1,quarterly,7070126.941946559,\N,estimated,IMF_QNEA,derived_per_capita|QNEA|B1GQ|V|NSA|XDC|Q|population=SP.POP.TOTL_interpolated,NSA,\N
PRY,gdp_nominal_per_capita_lcu_quarterly_nsa_estimate,2013-Q2,quarterly,6812082.230253036,\N,estimated,IMF_QNEA,derived_per_capita|QNEA|B1GQ|V|NSA|XDC|Q|population=SP.POP.TOTL_interpolated,NSA,\N
PRY,gdp_nominal_per_capita_lcu_quarterly_nsa_estimate,2013-Q3,quarterly,6631619.502826456,\N,estimated,IMF_QNEA,derived_per_capita|QNEA|B1GQ|V|NSA|XDC|Q|population=SP.POP.TOTL_interpolated,NSA,\N
PRY,gdp_nominal_per_capita_lcu_quarterly_nsa_estimate,2013-Q4,quarterly,7290654.940944529,\N,estimated,IMF_QNEA,derived_per_capita|QNEA|B1GQ|V|NSA|XDC|Q|population=SP.POP.TOTL_interpolated,NSA,\N
PRY,gdp_nominal_per_capita_lcu_quarterly_nsa_estimate,2014-Q1,quarterly,7468909.641054905,\N,estimated,IMF_QNEA,derived_per_capita|QNEA|B1GQ|V|NSA|XDC|Q|population=SP.POP.TOTL_interpolated,NSA,\N
PRY,gdp_nominal_per_capita_lcu_quarterly_nsa_estimate,2014-Q2,quarterly,7249388.686260555,\N,estimated,IMF_QNEA,derived_per_capita|QNEA|B1GQ|V|NSA|XDC|Q|population=SP.POP.TOTL_interpolated,NSA,\N
PRY,gdp_nominal_per_capita_lcu_quarterly_nsa_estimate,2014-Q3,quarterly,7090661.792127016,\N,estimated,IMF_QNEA,derived_per_capita|QNEA|B1GQ|V|NSA|XDC|Q|population=SP.POP.TOTL_interpolated,NSA,\N
PRY,gdp_nominal_per_capita_lcu_quarterly_nsa_estimate,2014-Q4,quarterly,7871570.295012399,\N,estimated,IMF_QNEA,derived_per_capita|QNEA|B1GQ|V|NSA|XDC|Q|population=SP.POP.TOTL_interpolated,NSA,\N
QAT,gdp_nominal_per_capita_lcu_quarterly_nsa_estimate,2010-Q1,quarterly,68446.24833026313,\N,estimated,IMF_QNEA,derived_per_capita|QNEA|B1GQ|V|NSA|XDC|Q|population=SP.POP.TOTL_interpolated,NSA,\N
QAT,gdp_nominal_per_capita_lcu_quarterly_nsa_estimate,2010-Q2,quarterly,67096.6759391843,\N,estimated,IMF_QNEA,derived_per_capita|QNEA|B1GQ|V|NSA|XDC|Q|population=SP.POP.TOTL_interpolated,NSA,\N
QAT,gdp_nominal_per_capita_lcu_quarterly_nsa_estimate,2010-Q3,quarterly,73043.55007364604,\N,estimated,IMF_QNEA,derived_per_capita|QNEA|B1GQ|V|NSA|XDC|Q|population=SP.POP.TOTL_interpolated,NSA,\N
QAT,gdp_nominal_per_capita_lcu_quarterly_nsa_estimate,2010-Q4,quarterly,78056.84480197752,\N,estimated,IMF_QNEA,derived_per_capita|QNEA|B1GQ|V|NSA|XDC|Q|population=SP.POP.TOTL_interpolated,NSA,\N
QAT,gdp_nominal_per_capita_lcu_quarterly_nsa_estimate,2011-Q1,quarterly,87103.47975713096,\N,estimated,IMF_QNEA,derived_per_capita|QNEA|B1GQ|V|NSA|XDC|Q|population=SP.POP.TOTL_interpolated,NSA,\N
QAT,gdp_nominal_per_capita_lcu_quarterly_nsa_estimate,2011-Q2,quarterly,94674.50009683237,\N,estimated,IMF_QNEA,derived_per_capita|QNEA|B1GQ|V|NSA|XDC|Q|population=SP.POP.TOTL_interpolated,NSA,\N
QAT,gdp_nominal_per_capita_lcu_quarterly_nsa_estimate,2011-Q3,quarterly,100684.28961765395,\N,estimated,IMF_QNEA,derived_per_capita|QNEA|B1GQ|V|NSA|XDC|Q|population=SP.POP.TOTL_interpolated,NSA,\N
QAT,gdp_nominal_per_capita_lcu_quarterly_nsa_estimate,2011-Q4,quarterly,103406.40405070483,\N,estimated,IMF_QNEA,derived_per_capita|QNEA|B1GQ|V|NSA|XDC|Q|population=SP.POP.TOTL_interpolated,NSA,\N
QAT,gdp_nominal_per_capita_lcu_quarterly_nsa_estimate,2012-Q1,quarterly,102561.31980540798,\N,estimated,IMF_QNEA,derived_per_capita|QNEA|B1GQ|V|NSA|XDC|Q|population=SP.POP.TOTL_interpolated,NSA,\N
QAT,gdp_nominal_per_capita_lcu_quarterly_nsa_estimate,2012-Q2,quarterly,98261.36301825772,\N,estimated,IMF_QNEA,derived_per_capita|QNEA|B1GQ|V|NSA|XDC|Q|population=SP.POP.TOTL_interpolated,NSA,\N
QAT,gdp_nominal_per_capita_lcu_quarterly_nsa_estimate,2012-Q3,quarterly,98670.23910701777,\N,estimated,IMF_QNEA,derived_per_capita|QNEA|B1GQ|V|NSA|XDC|Q|population=SP.POP.TOTL_interpolated,NSA,\N
QAT,gdp_nominal_per_capita_lcu_quarterly_nsa_estimate,2012-Q4,quarterly,99212.27824342191,\N,estimated,IMF_QNEA,derived_per_capita|QNEA|B1GQ|V|NSA|XDC|Q|population=SP.POP.TOTL_interpolated,NSA,\N
QAT,gdp_nominal_per_capita_lcu_quarterly_nsa_estimate,2013-Q1,quarterly,100010.27835354336,\N,estimated,IMF_QNEA,derived_per_capita|QNEA|B1GQ|V|NSA|XDC|Q|population=SP.POP.TOTL_interpolated,NSA,\N
QAT,gdp_nominal_per_capita_lcu_quarterly_nsa_estimate,2013-Q2,quarterly,92273.05577832946,\N,estimated,IMF_QNEA,derived_per_capita|QNEA|B1GQ|V|NSA|XDC|Q|population=SP.POP.TOTL_interpolated,NSA,\N
QAT,gdp_nominal_per_capita_lcu_quarterly_nsa_estimate,2013-Q3,quarterly,92526.06537006784,\N,estimated,IMF_QNEA,derived_per_capita|QNEA|B1GQ|V|NSA|XDC|Q|population=SP.POP.TOTL_interpolated,NSA,\N
QAT,gdp_nominal_per_capita_lcu_quarterly_nsa_estimate,2013-Q4,quarterly,91957.25108208238,\N,estimated,IMF_QNEA,derived_per_capita|QNEA|B1GQ|V|NSA|XDC|Q|population=SP.POP.TOTL_interpolated,NSA,\N
QAT,gdp_nominal_per_capita_lcu_quarterly_nsa_estimate,2014-Q1,quarterly,95416.99259444041,\N,estimated,IMF_QNEA,derived_per_capita|QNEA|B1GQ|V|NSA|XDC|Q|population=SP.POP.TOTL_interpolated,NSA,\N
QAT,gdp_nominal_per_capita_lcu_quarterly_nsa_estimate,2014-Q2,quarterly,89221.27513032404,\N,estimated,IMF_QNEA,derived_per_capita|QNEA|B1GQ|V|NSA|XDC|Q|population=SP.POP.TOTL_interpolated,NSA,\N
QAT,gdp_nominal_per_capita_lcu_quarterly_nsa_estimate,2014-Q3,quarterly,86772.66525924508,\N,estimated,IMF_QNEA,derived_per_capita|QNEA|B1GQ|V|NSA|XDC|Q|population=SP.POP.TOTL_interpolated,NSA,\N
QAT,gdp_nominal_per_capita_lcu_quarterly_nsa_estimate,2014-Q4,quarterly,78956.875735005,\N,estimated,IMF_QNEA,derived_per_capita|QNEA|B1GQ|V|NSA|XDC|Q|population=SP.POP.TOTL_interpolated,NSA,\N
ROU,gdp_nominal_per_capita_lcu_quarterly_nsa_estimate,2010-Q1,quarterly,5099.6836108945245,\N,estimated,IMF_QNEA,derived_per_capita|QNEA|B1GQ|V|NSA|XDC|Q|population=SP.POP.TOTL_interpolated,NSA,\N
ROU,gdp_nominal_per_capita_lcu_quarterly_nsa_estimate,2010-Q2,quarterly,6277.718213470886,\N,estimated,IMF_QNEA,derived_per_capita|QNEA|B1GQ|V|NSA|XDC|Q|population=SP.POP.TOTL_interpolated,NSA,\N
ROU,gdp_nominal_per_capita_lcu_quarterly_nsa_estimate,2010-Q3,quarterly,7336.308971780032,\N,estimated,IMF_QNEA,derived_per_capita|QNEA|B1GQ|V|NSA|XDC|Q|population=SP.POP.TOTL_interpolated,NSA,\N
ROU,gdp_nominal_per_capita_lcu_quarterly_nsa_estimate,2010-Q4,quarterly,7982.298576298504,\N,estimated,IMF_QNEA,derived_per_capita|QNEA|B1GQ|V|NSA|XDC|Q|population=SP.POP.TOTL_interpolated,NSA,\N
ROU,gdp_nominal_per_capita_lcu_quarterly_nsa_estimate,2011-Q1,quarterly,5763.763124189856,\N,estimated,IMF_QNEA,derived_per_capita|QNEA|B1GQ|V|NSA|XDC|Q|population=SP.POP.TOTL_interpolated,NSA,\N
ROU,gdp_nominal_per_capita_lcu_quarterly_nsa_estimate,2011-Q2,quarterly,6783.569799638661,\N,estimated,IMF_QNEA,derived_per_capita|QNEA|B1GQ|V|NSA|XDC|Q|population=SP.POP.TOTL_interpolated,NSA,\N
ROU,gdp_nominal_per_capita_lcu_quarterly_nsa_estimate,2011-Q3,quarterly,8011.226915346234,\N,estimated,IMF_QNEA,derived_per_capita|QNEA|B1GQ|V|NSA|XDC|Q|population=SP.POP.TOTL_interpolated,NSA,\N
ROU,gdp_nominal_per_capita_lcu_quarterly_nsa_estimate,2011-Q4,quarterly,8592.113645899495,\N,estimated,IMF_QNEA,derived_per_capita|QNEA|B1GQ|V|NSA|XDC|Q|population=SP.POP.TOTL_interpolated,NSA,\N
ROU,gdp_nominal_per_capita_lcu_quarterly_nsa_estimate,2012-Q1,quarterly,5950.911350933757,\N,estimated,IMF_QNEA,derived_per_capita|QNEA|B1GQ|V|NSA|XDC|Q|population=SP.POP.TOTL_interpolated,NSA,\N
ROU,gdp_nominal_per_capita_lcu_quarterly_nsa_estimate,2012-Q2,quarterly,7324.868036579869,\N,estimated,IMF_QNEA,derived_per_capita|QNEA|B1GQ|V|NSA|XDC|Q|population=SP.POP.TOTL_interpolated,NSA,\N
ROU,gdp_nominal_per_capita_lcu_quarterly_nsa_estimate,2012-Q3,quarterly,8479.95339957049,\N,estimated,IMF_QNEA,derived_per_capita|QNEA|B1GQ|V|NSA|XDC|Q|population=SP.POP.TOTL_interpolated,NSA,\N
ROU,gdp_nominal_per_capita_lcu_quarterly_nsa_estimate,2012-Q4,quarterly,9217.831008736364,\N,estimated,IMF_QNEA,derived_per_capita|QNEA|B1GQ|V|NSA|XDC|Q|population=SP.POP.TOTL_interpolated,NSA,\N
ROU,gdp_nominal_per_capita_lcu_quarterly_nsa_estimate,2013-Q1,quarterly,6034.443697168457,\N,estimated,IMF_QNEA,derived_per_capita|QNEA|B1GQ|V|NSA|XDC|Q|population=SP.POP.TOTL_interpolated,NSA,\N
ROU,gdp_nominal_per_capita_lcu_quarterly_nsa_estimate,2013-Q2,quarterly,7350.377869398521,\N,estimated,IMF_QNEA,derived_per_capita|QNEA|B1GQ|V|NSA|XDC|Q|population=SP.POP.TOTL_interpolated,NSA,\N
ROU,gdp_nominal_per_capita_lcu_quarterly_nsa_estimate,2013-Q3,quarterly,8724.051960880086,\N,estimated,IMF_QNEA,derived_per_capita|QNEA|B1GQ|V|NSA|XDC|Q|population=SP.POP.TOTL_interpolated,NSA,\N
ROU,gdp_nominal_per_capita_lcu_quarterly_nsa_estimate,2013-Q4,quarterly,9504.163483518303,\N,estimated,IMF_QNEA,derived_per_capita|QNEA|B1GQ|V|NSA|XDC|Q|population=SP.POP.TOTL_interpolated,NSA,\N
ROU,gdp_nominal_per_capita_lcu_quarterly_nsa_estimate,2014-Q1,quarterly,6485.064005440037,\N,estimated,IMF_QNEA,derived_per_capita|QNEA|B1GQ|V|NSA|XDC|Q|population=SP.POP.TOTL_interpolated,NSA,\N
ROU,gdp_nominal_per_capita_lcu_quarterly_nsa_estimate,2014-Q2,quarterly,7853.21320990541,\N,estimated,IMF_QNEA,derived_per_capita|QNEA|B1GQ|V|NSA|XDC|Q|population=SP.POP.TOTL_interpolated,NSA,\N
ROU,gdp_nominal_per_capita_lcu_quarterly_nsa_estimate,2014-Q3,quarterly,9270.912135736147,\N,estimated,IMF_QNEA,derived_per_capita|QNEA|B1GQ|V|NSA|XDC|Q|population=SP.POP.TOTL_interpolated,NSA,\N
ROU,gdp_nominal_per_capita_lcu_quarterly_nsa_estimate,2014-Q4,quarterly,9999.175869151897,\N,estimated,IMF_QNEA,derived_per_capita|QNEA|B1GQ|V|NSA|XDC|Q|population=SP.POP.TOTL_interpolated,NSA,\N
RUS,gdp_nominal_per_capita_lcu_quarterly_nsa_estimate,2010-Q1,quarterly,69797.59198752732,\N,estimated,IMF_QNEA,derived_per_capita|QNEA|B1GQ|V|NSA|XDC|Q|population=SP.POP.TOTL_interpolated,NSA,\N
RUS,gdp_nominal_per_capita_lcu_quarterly_nsa_estimate,2010-Q2,quarterly,78127.32694619117,\N,estimated,IMF_QNEA,derived_per_capita|QNEA|B1GQ|V|NSA|XDC|Q|population=SP.POP.TOTL_interpolated,NSA,\N
RUS,gdp_nominal_per_capita_lcu_quarterly_nsa_estimate,2010-Q3,quarterly,85393.50931407911,\N,estimated,IMF_QNEA,derived_per_capita|QNEA|B1GQ|V|NSA|XDC|Q|population=SP.POP.TOTL_interpolated,NSA,\N
RUS,gdp_nominal_per_capita_lcu_quarterly_nsa_estimate,2010-Q4,quarterly,93750.14530829203,\N,estimated,IMF_QNEA,derived_per_capita|QNEA|B1GQ|V|NSA|XDC|Q|population=SP.POP.TOTL_interpolated,NSA,\N
RUS,gdp_nominal_per_capita_lcu_quarterly_nsa_estimate,2011-Q1,quarterly,91111.23481172118,\N,estimated,IMF_QNEA,derived_per_capita|QNEA|B1GQ|V|NSA|XDC|Q|population=SP.POP.TOTL_interpolated,NSA,\N
RUS,gdp_nominal_per_capita_lcu_quarterly_nsa_estimate,2011-Q2,quarterly,100944.85750831635,\N,estimated,IMF_QNEA,derived_per_capita|QNEA|B1GQ|V|NSA|XDC|Q|population=SP.POP.TOTL_interpolated,NSA,\N
RUS,gdp_nominal_per_capita_lcu_quarterly_nsa_estimate,2011-Q3,quarterly,110060.31378720513,\N,estimated,IMF_QNEA,derived_per_capita|QNEA|B1GQ|V|NSA|XDC|Q|population=SP.POP.TOTL_interpolated,NSA,\N
RUS,gdp_nominal_per_capita_lcu_quarterly_nsa_estimate,2011-Q4,quarterly,118116.70873270433,\N,estimated,IMF_QNEA,derived_per_capita|QNEA|B1GQ|V|NSA|XDC|Q|population=SP.POP.TOTL_interpolated,NSA,\N
RUS,gdp_nominal_per_capita_lcu_quarterly_nsa_estimate,2012-Q1,quarterly,105992.88647618046,\N,estimated,IMF_QNEA,derived_per_capita|QNEA|B1GQ|V|NSA|XDC|Q|population=SP.POP.TOTL_interpolated,NSA,\N
RUS,gdp_nominal_per_capita_lcu_quarterly_nsa_estimate,2012-Q2,quarterly,114669.67100913046,\N,estimated,IMF_QNEA,derived_per_capita|QNEA|B1GQ|V|NSA|XDC|Q|population=SP.POP.TOTL_interpolated,NSA,\N
RUS,gdp_nominal_per_capita_lcu_quarterly_nsa_estimate,2012-Q3,quarterly,123513.62970981495,\N,estimated,IMF_QNEA,derived_per_capita|QNEA|B1GQ|V|NSA|XDC|Q|population=SP.POP.TOTL_interpolated,NSA,\N
RUS,gdp_nominal_per_capita_lcu_quarterly_nsa_estimate,2012-Q4,quarterly,130758.44403988111,\N,estimated,IMF_QNEA,derived_per_capita|QNEA|B1GQ|V|NSA|XDC|Q|population=SP.POP.TOTL_interpolated,NSA,\N
RUS,gdp_nominal_per_capita_lcu_quarterly_nsa_estimate,2013-Q1,quarterly,113961.17233727286,\N,estimated,IMF_QNEA,derived_per_capita|QNEA|B1GQ|V|NSA|XDC|Q|population=SP.POP.TOTL_interpolated,NSA,\N
RUS,gdp_nominal_per_capita_lcu_quarterly_nsa_estimate,2013-Q2,quarterly,121792.0632511052,\N,estimated,IMF_QNEA,derived_per_capita|QNEA|B1GQ|V|NSA|XDC|Q|population=SP.POP.TOTL_interpolated,NSA,\N
RUS,gdp_nominal_per_capita_lcu_quarterly_nsa_estimate,2013-Q3,quarterly,132097.3444445185,\N,estimated,IMF_QNEA,derived_per_capita|QNEA|B1GQ|V|NSA|XDC|Q|population=SP.POP.TOTL_interpolated,NSA,\N
RUS,gdp_nominal_per_capita_lcu_quarterly_nsa_estimate,2013-Q4,quarterly,139645.05573302382,\N,estimated,IMF_QNEA,derived_per_capita|QNEA|B1GQ|V|NSA|XDC|Q|population=SP.POP.TOTL_interpolated,NSA,\N
RUS,gdp_nominal_per_capita_lcu_quarterly_nsa_estimate,2014-Q1,quarterly,120155.11439368254,\N,estimated,IMF_QNEA,derived_per_capita|QNEA|B1GQ|V|NSA|XDC|Q|population=SP.POP.TOTL_interpolated,NSA,\N
RUS,gdp_nominal_per_capita_lcu_quarterly_nsa_estimate,2014-Q2,quarterly,132083.20740745,\N,estimated,IMF_QNEA,derived_per_capita|QNEA|B1GQ|V|NSA|XDC|Q|population=SP.POP.TOTL_interpolated,NSA,\N
RUS,gdp_nominal_per_capita_lcu_quarterly_nsa_estimate,2014-Q3,quarterly,142382.26784877758,\N,estimated,IMF_QNEA,derived_per_capita|QNEA|B1GQ|V|NSA|XDC|Q|population=SP.POP.TOTL_interpolated,NSA,\N
RUS,gdp_nominal_per_capita_lcu_quarterly_nsa_estimate,2014-Q4,quarterly,153270.1555957963,\N,estimated,IMF_QNEA,derived_per_capita|QNEA|B1GQ|V|NSA|XDC|Q|population=SP.POP.TOTL_interpolated,NSA,\N
RWA,gdp_nominal_per_capita_lcu_quarterly_nsa_estimate,2010-Q1,quarterly,83454.54768032618,\N,estimated,IMF_QNEA,derived_per_capita|QNEA|B1GQ|V|NSA|XDC|Q|population=SP.POP.TOTL_interpolated,NSA,\N
RWA,gdp_nominal_per_capita_lcu_quarterly_nsa_estimate,2010-Q2,quarterly,83419.11116523847,\N,estimated,IMF_QNEA,derived_per_capita|QNEA|B1GQ|V|NSA|XDC|Q|population=SP.POP.TOTL_interpolated,NSA,\N
RWA,gdp_nominal_per_capita_lcu_quarterly_nsa_estimate,2010-Q3,quarterly,87443.19996506137,\N,estimated,IMF_QNEA,derived_per_capita|QNEA|B1GQ|V|NSA|XDC|Q|population=SP.POP.TOTL_interpolated,NSA,\N
RWA,gdp_nominal_per_capita_lcu_quarterly_nsa_estimate,2010-Q4,quarterly,91706.81800820377,\N,estimated,IMF_QNEA,derived_per_capita|QNEA|B1GQ|V|NSA|XDC|Q|population=SP.POP.TOTL_interpolated,NSA,\N
RWA,gdp_nominal_per_capita_lcu_quarterly_nsa_estimate,2011-Q1,quarterly,91909.78658366218,\N,estimated,IMF_QNEA,derived_per_capita|QNEA|B1GQ|V|NSA|XDC|Q|population=SP.POP.TOTL_interpolated,NSA,\N
RWA,gdp_nominal_per_capita_lcu_quarterly_nsa_estimate,2011-Q2,quarterly,94861.26563616029,\N,estimated,IMF_QNEA,derived_per_capita|QNEA|B1GQ|V|NSA|XDC|Q|population=SP.POP.TOTL_interpolated,NSA,\N
RWA,gdp_nominal_per_capita_lcu_quarterly_nsa_estimate,2011-Q3,quarterly,101265.7845920243,\N,estimated,IMF_QNEA,derived_per_capita|QNEA|B1GQ|V|NSA|XDC|Q|population=SP.POP.TOTL_interpolated,NSA,\N
RWA,gdp_nominal_per_capita_lcu_quarterly_nsa_estimate,2011-Q4,quarterly,102719.8645597348,\N,estimated,IMF_QNEA,derived_per_capita|QNEA|B1GQ|V|NSA|XDC|Q|population=SP.POP.TOTL_interpolated,NSA,\N
RWA,gdp_nominal_per_capita_lcu_quarterly_nsa_estimate,2012-Q1,quarterly,103783.94009672961,\N,estimated,IMF_QNEA,derived_per_capita|QNEA|B1GQ|V|NSA|XDC|Q|population=SP.POP.TOTL_interpolated,NSA,\N
RWA,gdp_nominal_per_capita_lcu_quarterly_nsa_estimate,2012-Q2,quarterly,105946.72287523106,\N,estimated,IMF_QNEA,derived_per_capita|QNEA|B1GQ|V|NSA|XDC|Q|population=SP.POP.TOTL_interpolated,NSA,\N
RWA,gdp_nominal_per_capita_lcu_quarterly_nsa_estimate,2012-Q3,quarterly,111389.01212065497,\N,estimated,IMF_QNEA,derived_per_capita|QNEA|B1GQ|V|NSA|XDC|Q|population=SP.POP.TOTL_interpolated,NSA,\N
RWA,gdp_nominal_per_capita_lcu_quarterly_nsa_estimate,2012-Q4,quarterly,112913.80114440745,\N,estimated,IMF_QNEA,derived_per_capita|QNEA|B1GQ|V|NSA|XDC|Q|population=SP.POP.TOTL_interpolated,NSA,\N
RWA,gdp_nominal_per_capita_lcu_quarterly_nsa_estimate,2013-Q1,quarterly,110327.38571630766,\N,estimated,IMF_QNEA,derived_per_capita|QNEA|B1GQ|V|NSA|XDC|Q|population=SP.POP.TOTL_interpolated,NSA,\N
RWA,gdp_nominal_per_capita_lcu_quarterly_nsa_estimate,2013-Q2,quarterly,113286.93835392474,\N,estimated,IMF_QNEA,derived_per_capita|QNEA|B1GQ|V|NSA|XDC|Q|population=SP.POP.TOTL_interpolated,NSA,\N
RWA,gdp_nominal_per_capita_lcu_quarterly_nsa_estimate,2013-Q3,quarterly,113325.22045479338,\N,estimated,IMF_QNEA,derived_per_capita|QNEA|B1GQ|V|NSA|XDC|Q|population=SP.POP.TOTL_interpolated,NSA,\N
RWA,gdp_nominal_per_capita_lcu_quarterly_nsa_estimate,2013-Q4,quarterly,118712.4244108519,\N,estimated,IMF_QNEA,derived_per_capita|QNEA|B1GQ|V|NSA|XDC|Q|population=SP.POP.TOTL_interpolated,NSA,\N
RWA,gdp_nominal_per_capita_lcu_quarterly_nsa_estimate,2014-Q1,quarterly,120305.68520386015,\N,estimated,IMF_QNEA,derived_per_capita|QNEA|B1GQ|V|NSA|XDC|Q|population=SP.POP.TOTL_interpolated,NSA,\N
RWA,gdp_nominal_per_capita_lcu_quarterly_nsa_estimate,2014-Q2,quarterly,123115.43067801995,\N,estimated,IMF_QNEA,derived_per_capita|QNEA|B1GQ|V|NSA|XDC|Q|population=SP.POP.TOTL_interpolated,NSA,\N
RWA,gdp_nominal_per_capita_lcu_quarterly_nsa_estimate,2014-Q3,quarterly,126061.8636753014,\N,estimated,IMF_QNEA,derived_per_capita|QNEA|B1GQ|V|NSA|XDC|Q|population=SP.POP.TOTL_interpolated,NSA,\N
RWA,gdp_nominal_per_capita_lcu_quarterly_nsa_estimate,2014-Q4,quarterly,125218.20127214848,\N,estimated,IMF_QNEA,derived_per_capita|QNEA|B1GQ|V|NSA|XDC|Q|population=SP.POP.TOTL_interpolated,NSA,\N
SAU,gdp_nominal_per_capita_lcu_quarterly_nsa_estimate,2010-Q1,quarterly,19706.022886644234,\N,estimated,IMF_QNEA,derived_per_capita|QNEA|B1GQ|V|NSA|XDC|Q|population=SP.POP.TOTL_interpolated,NSA,\N
SAU,gdp_nominal_per_capita_lcu_quarterly_nsa_estimate,2010-Q2,quarterly,20014.25929025634,\N,estimated,IMF_QNEA,derived_per_capita|QNEA|B1GQ|V|NSA|XDC|Q|population=SP.POP.TOTL_interpolated,NSA,\N
SAU,gdp_nominal_per_capita_lcu_quarterly_nsa_estimate,2010-Q3,quarterly,20027.27503471056,\N,estimated,IMF_QNEA,derived_per_capita|QNEA|B1GQ|V|NSA|XDC|Q|population=SP.POP.TOTL_interpolated,NSA,\N
SAU,gdp_nominal_per_capita_lcu_quarterly_nsa_estimate,2010-Q4,quarterly,22256.472366202426,\N,estimated,IMF_QNEA,derived_per_capita|QNEA|B1GQ|V|NSA|XDC|Q|population=SP.POP.TOTL_interpolated,NSA,\N
SAU,gdp_nominal_per_capita_lcu_quarterly_nsa_estimate,2011-Q1,quarterly,24216.281770670386,\N,estimated,IMF_QNEA,derived_per_capita|QNEA|B1GQ|V|NSA|XDC|Q|population=SP.POP.TOTL_interpolated,NSA,\N
SAU,gdp_nominal_per_capita_lcu_quarterly_nsa_estimate,2011-Q2,quarterly,25784.550041279108,\N,estimated,IMF_QNEA,derived_per_capita|QNEA|B1GQ|V|NSA|XDC|Q|population=SP.POP.TOTL_interpolated,NSA,\N
SAU,gdp_nominal_per_capita_lcu_quarterly_nsa_estimate,2011-Q3,quarterly,25586.673691689088,\N,estimated,IMF_QNEA,derived_per_capita|QNEA|B1GQ|V|NSA|XDC|Q|population=SP.POP.TOTL_interpolated,NSA,\N
SAU,gdp_nominal_per_capita_lcu_quarterly_nsa_estimate,2011-Q4,quarterly,26125.972673532644,\N,estimated,IMF_QNEA,derived_per_capita|QNEA|B1GQ|V|NSA|XDC|Q|population=SP.POP.TOTL_interpolated,NSA,\N
SAU,gdp_nominal_per_capita_lcu_quarterly_nsa_estimate,2012-Q1,quarterly,27728.79199741145,\N,estimated,IMF_QNEA,derived_per_capita|QNEA|B1GQ|V|NSA|XDC|Q|population=SP.POP.TOTL_interpolated,NSA,\N
SAU,gdp_nominal_per_capita_lcu_quarterly_nsa_estimate,2012-Q2,quarterly,26897.581316648357,\N,estimated,IMF_QNEA,derived_per_capita|QNEA|B1GQ|V|NSA|XDC|Q|population=SP.POP.TOTL_interpolated,NSA,\N
SAU,gdp_nominal_per_capita_lcu_quarterly_nsa_estimate,2012-Q3,quarterly,26704.207528104354,\N,estimated,IMF_QNEA,derived_per_capita|QNEA|B1GQ|V|NSA|XDC|Q|population=SP.POP.TOTL_interpolated,NSA,\N
SAU,gdp_nominal_per_capita_lcu_quarterly_nsa_estimate,2012-Q4,quarterly,26253.082023680952,\N,estimated,IMF_QNEA,derived_per_capita|QNEA|B1GQ|V|NSA|XDC|Q|population=SP.POP.TOTL_interpolated,NSA,\N
SAU,gdp_nominal_per_capita_lcu_quarterly_nsa_estimate,2013-Q1,quarterly,26311.96686401439,\N,estimated,IMF_QNEA,derived_per_capita|QNEA|B1GQ|V|NSA|XDC|Q|population=SP.POP.TOTL_interpolated,NSA,\N
SAU,gdp_nominal_per_capita_lcu_quarterly_nsa_estimate,2013-Q2,quarterly,26297.06572912218,\N,estimated,IMF_QNEA,derived_per_capita|QNEA|B1GQ|V|NSA|XDC|Q|population=SP.POP.TOTL_interpolated,NSA,\N
SAU,gdp_nominal_per_capita_lcu_quarterly_nsa_estimate,2013-Q3,quarterly,26331.32022840715,\N,estimated,IMF_QNEA,derived_per_capita|QNEA|B1GQ|V|NSA|XDC|Q|population=SP.POP.TOTL_interpolated,NSA,\N
SAU,gdp_nominal_per_capita_lcu_quarterly_nsa_estimate,2013-Q4,quarterly,25925.236603614885,\N,estimated,IMF_QNEA,derived_per_capita|QNEA|B1GQ|V|NSA|XDC|Q|population=SP.POP.TOTL_interpolated,NSA,\N
SAU,gdp_nominal_per_capita_lcu_quarterly_nsa_estimate,2014-Q1,quarterly,27193.209761070502,\N,estimated,IMF_QNEA,derived_per_capita|QNEA|B1GQ|V|NSA|XDC|Q|population=SP.POP.TOTL_interpolated,NSA,\N
SAU,gdp_nominal_per_capita_lcu_quarterly_nsa_estimate,2014-Q2,quarterly,27058.08653183882,\N,estimated,IMF_QNEA,derived_per_capita|QNEA|B1GQ|V|NSA|XDC|Q|population=SP.POP.TOTL_interpolated,NSA,\N
SAU,gdp_nominal_per_capita_lcu_quarterly_nsa_estimate,2014-Q3,quarterly,26643.97556513551,\N,estimated,IMF_QNEA,derived_per_capita|QNEA|B1GQ|V|NSA|XDC|Q|population=SP.POP.TOTL_interpolated,NSA,\N
SAU,gdp_nominal_per_capita_lcu_quarterly_nsa_estimate,2014-Q4,quarterly,23066.214477215533,\N,estimated,IMF_QNEA,derived_per_capita|QNEA|B1GQ|V|NSA|XDC|Q|population=SP.POP.TOTL_interpolated,NSA,\N
SEN,gdp_nominal_per_capita_lcu_quarterly_nsa_estimate,2014-Q1,quarterly,162403.42340650145,\N,estimated,IMF_QNEA,derived_per_capita|QNEA|B1GQ|V|NSA|XDC|Q|population=SP.POP.TOTL_interpolated,NSA,\N
SEN,gdp_nominal_per_capita_lcu_quarterly_nsa_estimate,2014-Q2,quarterly,163201.7979840019,\N,estimated,IMF_QNEA,derived_per_capita|QNEA|B1GQ|V|NSA|XDC|Q|population=SP.POP.TOTL_interpolated,NSA,\N
SEN,gdp_nominal_per_capita_lcu_quarterly_nsa_estimate,2014-Q3,quarterly,163772.2968804413,\N,estimated,IMF_QNEA,derived_per_capita|QNEA|B1GQ|V|NSA|XDC|Q|population=SP.POP.TOTL_interpolated,NSA,\N
SEN,gdp_nominal_per_capita_lcu_quarterly_nsa_estimate,2014-Q4,quarterly,200883.37440715168,\N,estimated,IMF_QNEA,derived_per_capita|QNEA|B1GQ|V|NSA|XDC|Q|population=SP.POP.TOTL_interpolated,NSA,\N
SGP,gdp_nominal_per_capita_lcu_quarterly_nsa_estimate,2010-Q1,quarterly,15438.907169339782,\N,estimated,IMF_QNEA,derived_per_capita|QNEA|B1GQ|V|NSA|XDC|Q|population=SP.POP.TOTL_interpolated,NSA,\N
SGP,gdp_nominal_per_capita_lcu_quarterly_nsa_estimate,2010-Q2,quarterly,16024.48008432981,\N,estimated,IMF_QNEA,derived_per_capita|QNEA|B1GQ|V|NSA|XDC|Q|population=SP.POP.TOTL_interpolated,NSA,\N
SGP,gdp_nominal_per_capita_lcu_quarterly_nsa_estimate,2010-Q3,quarterly,16080.072273607904,\N,estimated,IMF_QNEA,derived_per_capita|QNEA|B1GQ|V|NSA|XDC|Q|population=SP.POP.TOTL_interpolated,NSA,\N
SGP,gdp_nominal_per_capita_lcu_quarterly_nsa_estimate,2010-Q4,quarterly,16825.715009095944,\N,estimated,IMF_QNEA,derived_per_capita|QNEA|B1GQ|V|NSA|XDC|Q|population=SP.POP.TOTL_interpolated,NSA,\N
SGP,gdp_nominal_per_capita_lcu_quarterly_nsa_estimate,2011-Q1,quarterly,16816.518535389605,\N,estimated,IMF_QNEA,derived_per_capita|QNEA|B1GQ|V|NSA|XDC|Q|population=SP.POP.TOTL_interpolated,NSA,\N
SGP,gdp_nominal_per_capita_lcu_quarterly_nsa_estimate,2011-Q2,quarterly,16686.67026992631,\N,estimated,IMF_QNEA,derived_per_capita|QNEA|B1GQ|V|NSA|XDC|Q|population=SP.POP.TOTL_interpolated,NSA,\N
SGP,gdp_nominal_per_capita_lcu_quarterly_nsa_estimate,2011-Q3,quarterly,16956.6928688087,\N,estimated,IMF_QNEA,derived_per_capita|QNEA|B1GQ|V|NSA|XDC|Q|population=SP.POP.TOTL_interpolated,NSA,\N
SGP,gdp_nominal_per_capita_lcu_quarterly_nsa_estimate,2011-Q4,quarterly,17283.034773405452,\N,estimated,IMF_QNEA,derived_per_capita|QNEA|B1GQ|V|NSA|XDC|Q|population=SP.POP.TOTL_interpolated,NSA,\N
SGP,gdp_nominal_per_capita_lcu_quarterly_nsa_estimate,2012-Q1,quarterly,17316.868617759697,\N,estimated,IMF_QNEA,derived_per_capita|QNEA|B1GQ|V|NSA|XDC|Q|population=SP.POP.TOTL_interpolated,NSA,\N
SGP,gdp_nominal_per_capita_lcu_quarterly_nsa_estimate,2012-Q2,quarterly,17476.11388583732,\N,estimated,IMF_QNEA,derived_per_capita|QNEA|B1GQ|V|NSA|XDC|Q|population=SP.POP.TOTL_interpolated,NSA,\N
SGP,gdp_nominal_per_capita_lcu_quarterly_nsa_estimate,2012-Q3,quarterly,16940.14596880996,\N,estimated,IMF_QNEA,derived_per_capita|QNEA|B1GQ|V|NSA|XDC|Q|population=SP.POP.TOTL_interpolated,NSA,\N
SGP,gdp_nominal_per_capita_lcu_quarterly_nsa_estimate,2012-Q4,quarterly,17750.407855102534,\N,estimated,IMF_QNEA,derived_per_capita|QNEA|B1GQ|V|NSA|XDC|Q|population=SP.POP.TOTL_interpolated,NSA,\N
SGP,gdp_nominal_per_capita_lcu_quarterly_nsa_estimate,2013-Q1,quarterly,17491.614457751628,\N,estimated,IMF_QNEA,derived_per_capita|QNEA|B1GQ|V|NSA|XDC|Q|population=SP.POP.TOTL_interpolated,NSA,\N
SGP,gdp_nominal_per_capita_lcu_quarterly_nsa_estimate,2013-Q2,quarterly,17734.409911658247,\N,estimated,IMF_QNEA,derived_per_capita|QNEA|B1GQ|V|NSA|XDC|Q|population=SP.POP.TOTL_interpolated,NSA,\N
SGP,gdp_nominal_per_capita_lcu_quarterly_nsa_estimate,2013-Q3,quarterly,17745.416971366725,\N,estimated,IMF_QNEA,derived_per_capita|QNEA|B1GQ|V|NSA|XDC|Q|population=SP.POP.TOTL_interpolated,NSA,\N
SGP,gdp_nominal_per_capita_lcu_quarterly_nsa_estimate,2013-Q4,quarterly,18334.024421436232,\N,estimated,IMF_QNEA,derived_per_capita|QNEA|B1GQ|V|NSA|XDC|Q|population=SP.POP.TOTL_interpolated,NSA,\N
SGP,gdp_nominal_per_capita_lcu_quarterly_nsa_estimate,2014-Q1,quarterly,17854.51034358847,\N,estimated,IMF_QNEA,derived_per_capita|QNEA|B1GQ|V|NSA|XDC|Q|population=SP.POP.TOTL_interpolated,NSA,\N
SGP,gdp_nominal_per_capita_lcu_quarterly_nsa_estimate,2014-Q2,quarterly,18005.13330783389,\N,estimated,IMF_QNEA,derived_per_capita|QNEA|B1GQ|V|NSA|XDC|Q|population=SP.POP.TOTL_interpolated,NSA,\N
SGP,gdp_nominal_per_capita_lcu_quarterly_nsa_estimate,2014-Q3,quarterly,18169.71745703804,\N,estimated,IMF_QNEA,derived_per_capita|QNEA|B1GQ|V|NSA|XDC|Q|population=SP.POP.TOTL_interpolated,NSA,\N
SGP,gdp_nominal_per_capita_lcu_quarterly_nsa_estimate,2014-Q4,quarterly,18911.786709019183,\N,estimated,IMF_QNEA,derived_per_capita|QNEA|B1GQ|V|NSA|XDC|Q|population=SP.POP.TOTL_interpolated,NSA,\N
SLV,gdp_nominal_per_capita_lcu_quarterly_nsa_estimate,2010-Q1,quarterly,721.8560850181675,\N,estimated,IMF_QNEA,derived_per_capita|QNEA|B1GQ|V|NSA|XDC|Q|population=SP.POP.TOTL_interpolated,NSA,\N
SLV,gdp_nominal_per_capita_lcu_quarterly_nsa_estimate,2010-Q2,quarterly,755.0106545938836,\N,estimated,IMF_QNEA,derived_per_capita|QNEA|B1GQ|V|NSA|XDC|Q|population=SP.POP.TOTL_interpolated,NSA,\N
SLV,gdp_nominal_per_capita_lcu_quarterly_nsa_estimate,2010-Q3,quarterly,740.9752858772551,\N,estimated,IMF_QNEA,derived_per_capita|QNEA|B1GQ|V|NSA|XDC|Q|population=SP.POP.TOTL_interpolated,NSA,\N
SLV,gdp_nominal_per_capita_lcu_quarterly_nsa_estimate,2010-Q4,quarterly,821.9875460779756,\N,estimated,IMF_QNEA,derived_per_capita|QNEA|B1GQ|V|NSA|XDC|Q|population=SP.POP.TOTL_interpolated,NSA,\N
SLV,gdp_nominal_per_capita_lcu_quarterly_nsa_estimate,2011-Q1,quarterly,777.3642015192712,\N,estimated,IMF_QNEA,derived_per_capita|QNEA|B1GQ|V|NSA|XDC|Q|population=SP.POP.TOTL_interpolated,NSA,\N
SLV,gdp_nominal_per_capita_lcu_quarterly_nsa_estimate,2011-Q2,quarterly,848.1606509974497,\N,estimated,IMF_QNEA,derived_per_capita|QNEA|B1GQ|V|NSA|XDC|Q|population=SP.POP.TOTL_interpolated,NSA,\N
SLV,gdp_nominal_per_capita_lcu_quarterly_nsa_estimate,2011-Q3,quarterly,825.9167608642781,\N,estimated,IMF_QNEA,derived_per_capita|QNEA|B1GQ|V|NSA|XDC|Q|population=SP.POP.TOTL_interpolated,NSA,\N
SLV,gdp_nominal_per_capita_lcu_quarterly_nsa_estimate,2011-Q4,quarterly,878.8926904786467,\N,estimated,IMF_QNEA,derived_per_capita|QNEA|B1GQ|V|NSA|XDC|Q|population=SP.POP.TOTL_interpolated,NSA,\N
SLV,gdp_nominal_per_capita_lcu_quarterly_nsa_estimate,2012-Q1,quarterly,847.9103326244285,\N,estimated,IMF_QNEA,derived_per_capita|QNEA|B1GQ|V|NSA|XDC|Q|population=SP.POP.TOTL_interpolated,NSA,\N
SLV,gdp_nominal_per_capita_lcu_quarterly_nsa_estimate,2012-Q2,quarterly,883.8641247783863,\N,estimated,IMF_QNEA,derived_per_capita|QNEA|B1GQ|V|NSA|XDC|Q|population=SP.POP.TOTL_interpolated,NSA,\N
SLV,gdp_nominal_per_capita_lcu_quarterly_nsa_estimate,2012-Q3,quarterly,854.3232520636307,\N,estimated,IMF_QNEA,derived_per_capita|QNEA|B1GQ|V|NSA|XDC|Q|population=SP.POP.TOTL_interpolated,NSA,\N
SLV,gdp_nominal_per_capita_lcu_quarterly_nsa_estimate,2012-Q4,quarterly,911.6619487475591,\N,estimated,IMF_QNEA,derived_per_capita|QNEA|B1GQ|V|NSA|XDC|Q|population=SP.POP.TOTL_interpolated,NSA,\N
SLV,gdp_nominal_per_capita_lcu_quarterly_nsa_estimate,2013-Q1,quarterly,849.7137345459812,\N,estimated,IMF_QNEA,derived_per_capita|QNEA|B1GQ|V|NSA|XDC|Q|population=SP.POP.TOTL_interpolated,NSA,\N
SLV,gdp_nominal_per_capita_lcu_quarterly_nsa_estimate,2013-Q2,quarterly,904.6393567000215,\N,estimated,IMF_QNEA,derived_per_capita|QNEA|B1GQ|V|NSA|XDC|Q|population=SP.POP.TOTL_interpolated,NSA,\N
SLV,gdp_nominal_per_capita_lcu_quarterly_nsa_estimate,2013-Q3,quarterly,883.7755495051175,\N,estimated,IMF_QNEA,derived_per_capita|QNEA|B1GQ|V|NSA|XDC|Q|population=SP.POP.TOTL_interpolated,NSA,\N
SLV,gdp_nominal_per_capita_lcu_quarterly_nsa_estimate,2013-Q4,quarterly,944.062491921251,\N,estimated,IMF_QNEA,derived_per_capita|QNEA|B1GQ|V|NSA|XDC|Q|population=SP.POP.TOTL_interpolated,NSA,\N
SLV,gdp_nominal_per_capita_lcu_quarterly_nsa_estimate,2014-Q1,quarterly,883.0282665380987,\N,estimated,IMF_QNEA,derived_per_capita|QNEA|B1GQ|V|NSA|XDC|Q|population=SP.POP.TOTL_interpolated,NSA,\N
SLV,gdp_nominal_per_capita_lcu_quarterly_nsa_estimate,2014-Q2,quarterly,925.5958021139068,\N,estimated,IMF_QNEA,derived_per_capita|QNEA|B1GQ|V|NSA|XDC|Q|population=SP.POP.TOTL_interpolated,NSA,\N
SLV,gdp_nominal_per_capita_lcu_quarterly_nsa_estimate,2014-Q3,quarterly,906.6115702832342,\N,estimated,IMF_QNEA,derived_per_capita|QNEA|B1GQ|V|NSA|XDC|Q|population=SP.POP.TOTL_interpolated,NSA,\N
SLV,gdp_nominal_per_capita_lcu_quarterly_nsa_estimate,2014-Q4,quarterly,950.9457347818092,\N,estimated,IMF_QNEA,derived_per_capita|QNEA|B1GQ|V|NSA|XDC|Q|population=SP.POP.TOTL_interpolated,NSA,\N
SRB,gdp_nominal_per_capita_lcu_quarterly_nsa_estimate,2010-Q1,quarterly,101164.75624364501,\N,estimated,IMF_QNEA,derived_per_capita|QNEA|B1GQ|V|NSA|XDC|Q|population=SP.POP.TOTL_interpolated,NSA,\N
SRB,gdp_nominal_per_capita_lcu_quarterly_nsa_estimate,2010-Q2,quarterly,111910.23889377639,\N,estimated,IMF_QNEA,derived_per_capita|QNEA|B1GQ|V|NSA|XDC|Q|population=SP.POP.TOTL_interpolated,NSA,\N
SRB,gdp_nominal_per_capita_lcu_quarterly_nsa_estimate,2010-Q3,quarterly,120998.48683341373,\N,estimated,IMF_QNEA,derived_per_capita|QNEA|B1GQ|V|NSA|XDC|Q|population=SP.POP.TOTL_interpolated,NSA,\N
SRB,gdp_nominal_per_capita_lcu_quarterly_nsa_estimate,2010-Q4,quarterly,130312.88124743872,\N,estimated,IMF_QNEA,derived_per_capita|QNEA|B1GQ|V|NSA|XDC|Q|population=SP.POP.TOTL_interpolated,NSA,\N
SRB,gdp_nominal_per_capita_lcu_quarterly_nsa_estimate,2011-Q1,quarterly,117523.33025728224,\N,estimated,IMF_QNEA,derived_per_capita|QNEA|B1GQ|V|NSA|XDC|Q|population=SP.POP.TOTL_interpolated,NSA,\N
SRB,gdp_nominal_per_capita_lcu_quarterly_nsa_estimate,2011-Q2,quarterly,127483.5241589182,\N,estimated,IMF_QNEA,derived_per_capita|QNEA|B1GQ|V|NSA|XDC|Q|population=SP.POP.TOTL_interpolated,NSA,\N
SRB,gdp_nominal_per_capita_lcu_quarterly_nsa_estimate,2011-Q3,quarterly,133764.67509950805,\N,estimated,IMF_QNEA,derived_per_capita|QNEA|B1GQ|V|NSA|XDC|Q|population=SP.POP.TOTL_interpolated,NSA,\N
SRB,gdp_nominal_per_capita_lcu_quarterly_nsa_estimate,2011-Q4,quarterly,140477.08363837554,\N,estimated,IMF_QNEA,derived_per_capita|QNEA|B1GQ|V|NSA|XDC|Q|population=SP.POP.TOTL_interpolated,NSA,\N
SRB,gdp_nominal_per_capita_lcu_quarterly_nsa_estimate,2012-Q1,quarterly,119592.05216843926,\N,estimated,IMF_QNEA,derived_per_capita|QNEA|B1GQ|V|NSA|XDC|Q|population=SP.POP.TOTL_interpolated,NSA,\N
SRB,gdp_nominal_per_capita_lcu_quarterly_nsa_estimate,2012-Q2,quarterly,136841.25122199772,\N,estimated,IMF_QNEA,derived_per_capita|QNEA|B1GQ|V|NSA|XDC|Q|population=SP.POP.TOTL_interpolated,NSA,\N
SRB,gdp_nominal_per_capita_lcu_quarterly_nsa_estimate,2012-Q3,quarterly,143435.82594823575,\N,estimated,IMF_QNEA,derived_per_capita|QNEA|B1GQ|V|NSA|XDC|Q|population=SP.POP.TOTL_interpolated,NSA,\N
SRB,gdp_nominal_per_capita_lcu_quarterly_nsa_estimate,2012-Q4,quarterly,151172.0321651863,\N,estimated,IMF_QNEA,derived_per_capita|QNEA|B1GQ|V|NSA|XDC|Q|population=SP.POP.TOTL_interpolated,NSA,\N
SRB,gdp_nominal_per_capita_lcu_quarterly_nsa_estimate,2013-Q1,quarterly,136541.37293787155,\N,estimated,IMF_QNEA,derived_per_capita|QNEA|B1GQ|V|NSA|XDC|Q|population=SP.POP.TOTL_interpolated,NSA,\N
SRB,gdp_nominal_per_capita_lcu_quarterly_nsa_estimate,2013-Q2,quarterly,149462.0668668641,\N,estimated,IMF_QNEA,derived_per_capita|QNEA|B1GQ|V|NSA|XDC|Q|population=SP.POP.TOTL_interpolated,NSA,\N
SRB,gdp_nominal_per_capita_lcu_quarterly_nsa_estimate,2013-Q3,quarterly,153164.70791375102,\N,estimated,IMF_QNEA,derived_per_capita|QNEA|B1GQ|V|NSA|XDC|Q|population=SP.POP.TOTL_interpolated,NSA,\N
SRB,gdp_nominal_per_capita_lcu_quarterly_nsa_estimate,2013-Q4,quarterly,160430.08175343712,\N,estimated,IMF_QNEA,derived_per_capita|QNEA|B1GQ|V|NSA|XDC|Q|population=SP.POP.TOTL_interpolated,NSA,\N
SRB,gdp_nominal_per_capita_lcu_quarterly_nsa_estimate,2014-Q1,quarterly,140143.30844960953,\N,estimated,IMF_QNEA,derived_per_capita|QNEA|B1GQ|V|NSA|XDC|Q|population=SP.POP.TOTL_interpolated,NSA,\N
SRB,gdp_nominal_per_capita_lcu_quarterly_nsa_estimate,2014-Q2,quarterly,151969.80400441683,\N,estimated,IMF_QNEA,derived_per_capita|QNEA|B1GQ|V|NSA|XDC|Q|population=SP.POP.TOTL_interpolated,NSA,\N
SRB,gdp_nominal_per_capita_lcu_quarterly_nsa_estimate,2014-Q3,quarterly,153349.8426021081,\N,estimated,IMF_QNEA,derived_per_capita|QNEA|B1GQ|V|NSA|XDC|Q|population=SP.POP.TOTL_interpolated,NSA,\N
SRB,gdp_nominal_per_capita_lcu_quarterly_nsa_estimate,2014-Q4,quarterly,163417.8085646164,\N,estimated,IMF_QNEA,derived_per_capita|QNEA|B1GQ|V|NSA|XDC|Q|population=SP.POP.TOTL_interpolated,NSA,\N
SVK,gdp_nominal_per_capita_lcu_quarterly_nsa_estimate,2010-Q1,quarterly,2941.3744082930198,\N,estimated,IMF_QNEA,derived_per_capita|QNEA|B1GQ|V|NSA|XDC|Q|population=SP.POP.TOTL_interpolated,NSA,\N
SVK,gdp_nominal_per_capita_lcu_quarterly_nsa_estimate,2010-Q2,quarterly,3158.7775859437565,\N,estimated,IMF_QNEA,derived_per_capita|QNEA|B1GQ|V|NSA|XDC|Q|population=SP.POP.TOTL_interpolated,NSA,\N
SVK,gdp_nominal_per_capita_lcu_quarterly_nsa_estimate,2010-Q3,quarterly,3374.6172202108655,\N,estimated,IMF_QNEA,derived_per_capita|QNEA|B1GQ|V|NSA|XDC|Q|population=SP.POP.TOTL_interpolated,NSA,\N
SVK,gdp_nominal_per_capita_lcu_quarterly_nsa_estimate,2010-Q4,quarterly,3271.9048156236986,\N,estimated,IMF_QNEA,derived_per_capita|QNEA|B1GQ|V|NSA|XDC|Q|population=SP.POP.TOTL_interpolated,NSA,\N
SVK,gdp_nominal_per_capita_lcu_quarterly_nsa_estimate,2011-Q1,quarterly,3041.9099163780998,\N,estimated,IMF_QNEA,derived_per_capita|QNEA|B1GQ|V|NSA|XDC|Q|population=SP.POP.TOTL_interpolated,NSA,\N
SVK,gdp_nominal_per_capita_lcu_quarterly_nsa_estimate,2011-Q2,quarterly,3309.733026191963,\N,estimated,IMF_QNEA,derived_per_capita|QNEA|B1GQ|V|NSA|XDC|Q|population=SP.POP.TOTL_interpolated,NSA,\N
SVK,gdp_nominal_per_capita_lcu_quarterly_nsa_estimate,2011-Q3,quarterly,3493.05332333463,\N,estimated,IMF_QNEA,derived_per_capita|QNEA|B1GQ|V|NSA|XDC|Q|population=SP.POP.TOTL_interpolated,NSA,\N
SVK,gdp_nominal_per_capita_lcu_quarterly_nsa_estimate,2011-Q4,quarterly,3423.075647690551,\N,estimated,IMF_QNEA,derived_per_capita|QNEA|B1GQ|V|NSA|XDC|Q|population=SP.POP.TOTL_interpolated,NSA,\N
SVK,gdp_nominal_per_capita_lcu_quarterly_nsa_estimate,2012-Q1,quarterly,3155.298121827962,\N,estimated,IMF_QNEA,derived_per_capita|QNEA|B1GQ|V|NSA|XDC|Q|population=SP.POP.TOTL_interpolated,NSA,\N
SVK,gdp_nominal_per_capita_lcu_quarterly_nsa_estimate,2012-Q2,quarterly,3404.603273643833,\N,estimated,IMF_QNEA,derived_per_capita|QNEA|B1GQ|V|NSA|XDC|Q|population=SP.POP.TOTL_interpolated,NSA,\N
SVK,gdp_nominal_per_capita_lcu_quarterly_nsa_estimate,2012-Q3,quarterly,3601.004806357333,\N,estimated,IMF_QNEA,derived_per_capita|QNEA|B1GQ|V|NSA|XDC|Q|population=SP.POP.TOTL_interpolated,NSA,\N
SVK,gdp_nominal_per_capita_lcu_quarterly_nsa_estimate,2012-Q4,quarterly,3474.069571580288,\N,estimated,IMF_QNEA,derived_per_capita|QNEA|B1GQ|V|NSA|XDC|Q|population=SP.POP.TOTL_interpolated,NSA,\N
SVK,gdp_nominal_per_capita_lcu_quarterly_nsa_estimate,2013-Q1,quarterly,3192.190881794474,\N,estimated,IMF_QNEA,derived_per_capita|QNEA|B1GQ|V|NSA|XDC|Q|population=SP.POP.TOTL_interpolated,NSA,\N
SVK,gdp_nominal_per_capita_lcu_quarterly_nsa_estimate,2013-Q2,quarterly,3446.6521929003106,\N,estimated,IMF_QNEA,derived_per_capita|QNEA|B1GQ|V|NSA|XDC|Q|population=SP.POP.TOTL_interpolated,NSA,\N
SVK,gdp_nominal_per_capita_lcu_quarterly_nsa_estimate,2013-Q3,quarterly,3635.4505407227493,\N,estimated,IMF_QNEA,derived_per_capita|QNEA|B1GQ|V|NSA|XDC|Q|population=SP.POP.TOTL_interpolated,NSA,\N
SVK,gdp_nominal_per_capita_lcu_quarterly_nsa_estimate,2013-Q4,quarterly,3514.252781530475,\N,estimated,IMF_QNEA,derived_per_capita|QNEA|B1GQ|V|NSA|XDC|Q|population=SP.POP.TOTL_interpolated,NSA,\N
SVK,gdp_nominal_per_capita_lcu_quarterly_nsa_estimate,2014-Q1,quarterly,3255.230235210585,\N,estimated,IMF_QNEA,derived_per_capita|QNEA|B1GQ|V|NSA|XDC|Q|population=SP.POP.TOTL_interpolated,NSA,\N
SVK,gdp_nominal_per_capita_lcu_quarterly_nsa_estimate,2014-Q2,quarterly,3522.48212991086,\N,estimated,IMF_QNEA,derived_per_capita|QNEA|B1GQ|V|NSA|XDC|Q|population=SP.POP.TOTL_interpolated,NSA,\N
SVK,gdp_nominal_per_capita_lcu_quarterly_nsa_estimate,2014-Q3,quarterly,3731.6552177562644,\N,estimated,IMF_QNEA,derived_per_capita|QNEA|B1GQ|V|NSA|XDC|Q|population=SP.POP.TOTL_interpolated,NSA,\N
SVK,gdp_nominal_per_capita_lcu_quarterly_nsa_estimate,2014-Q4,quarterly,3619.9169424827337,\N,estimated,IMF_QNEA,derived_per_capita|QNEA|B1GQ|V|NSA|XDC|Q|population=SP.POP.TOTL_interpolated,NSA,\N
SVN,gdp_nominal_per_capita_lcu_quarterly_nsa_estimate,2010-Q1,quarterly,4056.3215979149636,\N,estimated,IMF_QNEA,derived_per_capita|QNEA|B1GQ|V|NSA|XDC|Q|population=SP.POP.TOTL_interpolated,NSA,\N
SVN,gdp_nominal_per_capita_lcu_quarterly_nsa_estimate,2010-Q2,quarterly,4506.726897296967,\N,estimated,IMF_QNEA,derived_per_capita|QNEA|B1GQ|V|NSA|XDC|Q|population=SP.POP.TOTL_interpolated,NSA,\N
SVN,gdp_nominal_per_capita_lcu_quarterly_nsa_estimate,2010-Q3,quarterly,4522.874496337566,\N,estimated,IMF_QNEA,derived_per_capita|QNEA|B1GQ|V|NSA|XDC|Q|population=SP.POP.TOTL_interpolated,NSA,\N
SVN,gdp_nominal_per_capita_lcu_quarterly_nsa_estimate,2010-Q4,quarterly,4516.359205933331,\N,estimated,IMF_QNEA,derived_per_capita|QNEA|B1GQ|V|NSA|XDC|Q|population=SP.POP.TOTL_interpolated,NSA,\N
SVN,gdp_nominal_per_capita_lcu_quarterly_nsa_estimate,2011-Q1,quarterly,4265.236378093212,\N,estimated,IMF_QNEA,derived_per_capita|QNEA|B1GQ|V|NSA|XDC|Q|population=SP.POP.TOTL_interpolated,NSA,\N
SVN,gdp_nominal_per_capita_lcu_quarterly_nsa_estimate,2011-Q2,quarterly,4587.924449053883,\N,estimated,IMF_QNEA,derived_per_capita|QNEA|B1GQ|V|NSA|XDC|Q|population=SP.POP.TOTL_interpolated,NSA,\N
SVN,gdp_nominal_per_capita_lcu_quarterly_nsa_estimate,2011-Q3,quarterly,4564.1733403299195,\N,estimated,IMF_QNEA,derived_per_capita|QNEA|B1GQ|V|NSA|XDC|Q|population=SP.POP.TOTL_interpolated,NSA,\N
SVN,gdp_nominal_per_capita_lcu_quarterly_nsa_estimate,2011-Q4,quarterly,4500.121854802341,\N,estimated,IMF_QNEA,derived_per_capita|QNEA|B1GQ|V|NSA|XDC|Q|population=SP.POP.TOTL_interpolated,NSA,\N
SVN,gdp_nominal_per_capita_lcu_quarterly_nsa_estimate,2012-Q1,quarterly,4248.604686699192,\N,estimated,IMF_QNEA,derived_per_capita|QNEA|B1GQ|V|NSA|XDC|Q|population=SP.POP.TOTL_interpolated,NSA,\N
SVN,gdp_nominal_per_capita_lcu_quarterly_nsa_estimate,2012-Q2,quarterly,4445.886262869723,\N,estimated,IMF_QNEA,derived_per_capita|QNEA|B1GQ|V|NSA|XDC|Q|population=SP.POP.TOTL_interpolated,NSA,\N
SVN,gdp_nominal_per_capita_lcu_quarterly_nsa_estimate,2012-Q3,quarterly,4437.605687850826,\N,estimated,IMF_QNEA,derived_per_capita|QNEA|B1GQ|V|NSA|XDC|Q|population=SP.POP.TOTL_interpolated,NSA,\N
SVN,gdp_nominal_per_capita_lcu_quarterly_nsa_estimate,2012-Q4,quarterly,4337.024249386025,\N,estimated,IMF_QNEA,derived_per_capita|QNEA|B1GQ|V|NSA|XDC|Q|population=SP.POP.TOTL_interpolated,NSA,\N
SVN,gdp_nominal_per_capita_lcu_quarterly_nsa_estimate,2013-Q1,quarterly,4077.6558668739126,\N,estimated,IMF_QNEA,derived_per_capita|QNEA|B1GQ|V|NSA|XDC|Q|population=SP.POP.TOTL_interpolated,NSA,\N
SVN,gdp_nominal_per_capita_lcu_quarterly_nsa_estimate,2013-Q2,quarterly,4462.10400665662,\N,estimated,IMF_QNEA,derived_per_capita|QNEA|B1GQ|V|NSA|XDC|Q|population=SP.POP.TOTL_interpolated,NSA,\N
SVN,gdp_nominal_per_capita_lcu_quarterly_nsa_estimate,2013-Q3,quarterly,4491.6234311720345,\N,estimated,IMF_QNEA,derived_per_capita|QNEA|B1GQ|V|NSA|XDC|Q|population=SP.POP.TOTL_interpolated,NSA,\N
SVN,gdp_nominal_per_capita_lcu_quarterly_nsa_estimate,2013-Q4,quarterly,4465.406775627734,\N,estimated,IMF_QNEA,derived_per_capita|QNEA|B1GQ|V|NSA|XDC|Q|population=SP.POP.TOTL_interpolated,NSA,\N
SVN,gdp_nominal_per_capita_lcu_quarterly_nsa_estimate,2014-Q1,quarterly,4221.300926957149,\N,estimated,IMF_QNEA,derived_per_capita|QNEA|B1GQ|V|NSA|XDC|Q|population=SP.POP.TOTL_interpolated,NSA,\N
SVN,gdp_nominal_per_capita_lcu_quarterly_nsa_estimate,2014-Q2,quarterly,4630.046770628477,\N,estimated,IMF_QNEA,derived_per_capita|QNEA|B1GQ|V|NSA|XDC|Q|population=SP.POP.TOTL_interpolated,NSA,\N
SVN,gdp_nominal_per_capita_lcu_quarterly_nsa_estimate,2014-Q3,quarterly,4658.958493012622,\N,estimated,IMF_QNEA,derived_per_capita|QNEA|B1GQ|V|NSA|XDC|Q|population=SP.POP.TOTL_interpolated,NSA,\N
SVN,gdp_nominal_per_capita_lcu_quarterly_nsa_estimate,2014-Q4,quarterly,4565.406552155745,\N,estimated,IMF_QNEA,derived_per_capita|QNEA|B1GQ|V|NSA|XDC|Q|population=SP.POP.TOTL_interpolated,NSA,\N
SWE,gdp_nominal_per_capita_lcu_quarterly_nsa_estimate,2010-Q1,quarterly,87302.87382661301,\N,estimated,IMF_QNEA,derived_per_capita|QNEA|B1GQ|V|NSA|XDC|Q|population=SP.POP.TOTL_interpolated,NSA,\N
SWE,gdp_nominal_per_capita_lcu_quarterly_nsa_estimate,2010-Q2,quarterly,96739.55026217287,\N,estimated,IMF_QNEA,derived_per_capita|QNEA|B1GQ|V|NSA|XDC|Q|population=SP.POP.TOTL_interpolated,NSA,\N
SWE,gdp_nominal_per_capita_lcu_quarterly_nsa_estimate,2010-Q3,quarterly,92312.12355316212,\N,estimated,IMF_QNEA,derived_per_capita|QNEA|B1GQ|V|NSA|XDC|Q|population=SP.POP.TOTL_interpolated,NSA,\N
SWE,gdp_nominal_per_capita_lcu_quarterly_nsa_estimate,2010-Q4,quarterly,102349.51045989641,\N,estimated,IMF_QNEA,derived_per_capita|QNEA|B1GQ|V|NSA|XDC|Q|population=SP.POP.TOTL_interpolated,NSA,\N
SWE,gdp_nominal_per_capita_lcu_quarterly_nsa_estimate,2011-Q1,quarterly,93536.94034406244,\N,estimated,IMF_QNEA,derived_per_capita|QNEA|B1GQ|V|NSA|XDC|Q|population=SP.POP.TOTL_interpolated,NSA,\N
SWE,gdp_nominal_per_capita_lcu_quarterly_nsa_estimate,2011-Q2,quarterly,100825.53150932257,\N,estimated,IMF_QNEA,derived_per_capita|QNEA|B1GQ|V|NSA|XDC|Q|population=SP.POP.TOTL_interpolated,NSA,\N
SWE,gdp_nominal_per_capita_lcu_quarterly_nsa_estimate,2011-Q3,quarterly,95683.401845782,\N,estimated,IMF_QNEA,derived_per_capita|QNEA|B1GQ|V|NSA|XDC|Q|population=SP.POP.TOTL_interpolated,NSA,\N
SWE,gdp_nominal_per_capita_lcu_quarterly_nsa_estimate,2011-Q4,quarterly,102016.73952389992,\N,estimated,IMF_QNEA,derived_per_capita|QNEA|B1GQ|V|NSA|XDC|Q|population=SP.POP.TOTL_interpolated,NSA,\N
SWE,gdp_nominal_per_capita_lcu_quarterly_nsa_estimate,2012-Q1,quarterly,93455.28851862087,\N,estimated,IMF_QNEA,derived_per_capita|QNEA|B1GQ|V|NSA|XDC|Q|population=SP.POP.TOTL_interpolated,NSA,\N
SWE,gdp_nominal_per_capita_lcu_quarterly_nsa_estimate,2012-Q2,quarterly,100461.33900198845,\N,estimated,IMF_QNEA,derived_per_capita|QNEA|B1GQ|V|NSA|XDC|Q|population=SP.POP.TOTL_interpolated,NSA,\N
SWE,gdp_nominal_per_capita_lcu_quarterly_nsa_estimate,2012-Q3,quarterly,94565.09108157922,\N,estimated,IMF_QNEA,derived_per_capita|QNEA|B1GQ|V|NSA|XDC|Q|population=SP.POP.TOTL_interpolated,NSA,\N
SWE,gdp_nominal_per_capita_lcu_quarterly_nsa_estimate,2012-Q4,quarterly,102695.03496341206,\N,estimated,IMF_QNEA,derived_per_capita|QNEA|B1GQ|V|NSA|XDC|Q|population=SP.POP.TOTL_interpolated,NSA,\N
SWE,gdp_nominal_per_capita_lcu_quarterly_nsa_estimate,2013-Q1,quarterly,93572.18402916499,\N,estimated,IMF_QNEA,derived_per_capita|QNEA|B1GQ|V|NSA|XDC|Q|population=SP.POP.TOTL_interpolated,NSA,\N
SWE,gdp_nominal_per_capita_lcu_quarterly_nsa_estimate,2013-Q2,quarterly,101260.82826252753,\N,estimated,IMF_QNEA,derived_per_capita|QNEA|B1GQ|V|NSA|XDC|Q|population=SP.POP.TOTL_interpolated,NSA,\N
SWE,gdp_nominal_per_capita_lcu_quarterly_nsa_estimate,2013-Q3,quarterly,95852.36111015205,\N,estimated,IMF_QNEA,derived_per_capita|QNEA|B1GQ|V|NSA|XDC|Q|population=SP.POP.TOTL_interpolated,NSA,\N
SWE,gdp_nominal_per_capita_lcu_quarterly_nsa_estimate,2013-Q4,quarterly,105539.39880185848,\N,estimated,IMF_QNEA,derived_per_capita|QNEA|B1GQ|V|NSA|XDC|Q|population=SP.POP.TOTL_interpolated,NSA,\N
SWE,gdp_nominal_per_capita_lcu_quarterly_nsa_estimate,2014-Q1,quarterly,96182.06186415159,\N,estimated,IMF_QNEA,derived_per_capita|QNEA|B1GQ|V|NSA|XDC|Q|population=SP.POP.TOTL_interpolated,NSA,\N
SWE,gdp_nominal_per_capita_lcu_quarterly_nsa_estimate,2014-Q2,quarterly,104598.61390170161,\N,estimated,IMF_QNEA,derived_per_capita|QNEA|B1GQ|V|NSA|XDC|Q|population=SP.POP.TOTL_interpolated,NSA,\N
SWE,gdp_nominal_per_capita_lcu_quarterly_nsa_estimate,2014-Q3,quarterly,99284.43156497822,\N,estimated,IMF_QNEA,derived_per_capita|QNEA|B1GQ|V|NSA|XDC|Q|population=SP.POP.TOTL_interpolated,NSA,\N
SWE,gdp_nominal_per_capita_lcu_quarterly_nsa_estimate,2014-Q4,quarterly,108644.3445698501,\N,estimated,IMF_QNEA,derived_per_capita|QNEA|B1GQ|V|NSA|XDC|Q|population=SP.POP.TOTL_interpolated,NSA,\N
SYC,gdp_nominal_per_capita_lcu_quarterly_nsa_estimate,2014-Q1,quarterly,46479.14456912757,\N,estimated,IMF_QNEA,derived_per_capita|QNEA|B1GQ|V|NSA|XDC|Q|population=SP.POP.TOTL_interpolated,NSA,\N
SYC,gdp_nominal_per_capita_lcu_quarterly_nsa_estimate,2014-Q2,quarterly,44433.019491076986,\N,estimated,IMF_QNEA,derived_per_capita|QNEA|B1GQ|V|NSA|XDC|Q|population=SP.POP.TOTL_interpolated,NSA,\N
SYC,gdp_nominal_per_capita_lcu_quarterly_nsa_estimate,2014-Q3,quarterly,46735.96727663685,\N,estimated,IMF_QNEA,derived_per_capita|QNEA|B1GQ|V|NSA|XDC|Q|population=SP.POP.TOTL_interpolated,NSA,\N
SYC,gdp_nominal_per_capita_lcu_quarterly_nsa_estimate,2014-Q4,quarterly,55707.2226437212,\N,estimated,IMF_QNEA,derived_per_capita|QNEA|B1GQ|V|NSA|XDC|Q|population=SP.POP.TOTL_interpolated,NSA,\N
THA,gdp_nominal_per_capita_lcu_quarterly_nsa_estimate,2010-Q1,quarterly,40209.97131210691,\N,estimated,IMF_QNEA,derived_per_capita|QNEA|B1GQ|V|NSA|XDC|Q|population=SP.POP.TOTL_interpolated,NSA,\N
THA,gdp_nominal_per_capita_lcu_quarterly_nsa_estimate,2010-Q2,quarterly,38705.26474222681,\N,estimated,IMF_QNEA,derived_per_capita|QNEA|B1GQ|V|NSA|XDC|Q|population=SP.POP.TOTL_interpolated,NSA,\N
THA,gdp_nominal_per_capita_lcu_quarterly_nsa_estimate,2010-Q3,quarterly,38707.62181303684,\N,estimated,IMF_QNEA,derived_per_capita|QNEA|B1GQ|V|NSA|XDC|Q|population=SP.POP.TOTL_interpolated,NSA,\N
THA,gdp_nominal_per_capita_lcu_quarterly_nsa_estimate,2010-Q4,quarterly,39986.99015339643,\N,estimated,IMF_QNEA,derived_per_capita|QNEA|B1GQ|V|NSA|XDC|Q|population=SP.POP.TOTL_interpolated,NSA,\N
THA,gdp_nominal_per_capita_lcu_quarterly_nsa_estimate,2011-Q1,quarterly,42998.92082308019,\N,estimated,IMF_QNEA,derived_per_capita|QNEA|B1GQ|V|NSA|XDC|Q|population=SP.POP.TOTL_interpolated,NSA,\N
THA,gdp_nominal_per_capita_lcu_quarterly_nsa_estimate,2011-Q2,quarterly,40765.69431371091,\N,estimated,IMF_QNEA,derived_per_capita|QNEA|B1GQ|V|NSA|XDC|Q|population=SP.POP.TOTL_interpolated,NSA,\N
THA,gdp_nominal_per_capita_lcu_quarterly_nsa_estimate,2011-Q3,quarterly,41298.98878950817,\N,estimated,IMF_QNEA,derived_per_capita|QNEA|B1GQ|V|NSA|XDC|Q|population=SP.POP.TOTL_interpolated,NSA,\N
THA,gdp_nominal_per_capita_lcu_quarterly_nsa_estimate,2011-Q4,quarterly,38796.34195368846,\N,estimated,IMF_QNEA,derived_per_capita|QNEA|B1GQ|V|NSA|XDC|Q|population=SP.POP.TOTL_interpolated,NSA,\N
THA,gdp_nominal_per_capita_lcu_quarterly_nsa_estimate,2012-Q1,quarterly,42627.11996800503,\N,estimated,IMF_QNEA,derived_per_capita|QNEA|B1GQ|V|NSA|XDC|Q|population=SP.POP.TOTL_interpolated,NSA,\N
THA,gdp_nominal_per_capita_lcu_quarterly_nsa_estimate,2012-Q2,quarterly,42616.9216253985,\N,estimated,IMF_QNEA,derived_per_capita|QNEA|B1GQ|V|NSA|XDC|Q|population=SP.POP.TOTL_interpolated,NSA,\N
THA,gdp_nominal_per_capita_lcu_quarterly_nsa_estimate,2012-Q3,quarterly,43367.75572776147,\N,estimated,IMF_QNEA,derived_per_capita|QNEA|B1GQ|V|NSA|XDC|Q|population=SP.POP.TOTL_interpolated,NSA,\N
THA,gdp_nominal_per_capita_lcu_quarterly_nsa_estimate,2012-Q4,quarterly,45569.129781816584,\N,estimated,IMF_QNEA,derived_per_capita|QNEA|B1GQ|V|NSA|XDC|Q|population=SP.POP.TOTL_interpolated,NSA,\N
THA,gdp_nominal_per_capita_lcu_quarterly_nsa_estimate,2013-Q1,quarterly,45821.81935409756,\N,estimated,IMF_QNEA,derived_per_capita|QNEA|B1GQ|V|NSA|XDC|Q|population=SP.POP.TOTL_interpolated,NSA,\N
THA,gdp_nominal_per_capita_lcu_quarterly_nsa_estimate,2013-Q2,quarterly,44318.101500635006,\N,estimated,IMF_QNEA,derived_per_capita|QNEA|B1GQ|V|NSA|XDC|Q|population=SP.POP.TOTL_interpolated,NSA,\N
THA,gdp_nominal_per_capita_lcu_quarterly_nsa_estimate,2013-Q3,quarterly,45118.563336451945,\N,estimated,IMF_QNEA,derived_per_capita|QNEA|B1GQ|V|NSA|XDC|Q|population=SP.POP.TOTL_interpolated,NSA,\N
THA,gdp_nominal_per_capita_lcu_quarterly_nsa_estimate,2013-Q4,quarterly,46432.76316388315,\N,estimated,IMF_QNEA,derived_per_capita|QNEA|B1GQ|V|NSA|XDC|Q|population=SP.POP.TOTL_interpolated,NSA,\N
THA,gdp_nominal_per_capita_lcu_quarterly_nsa_estimate,2014-Q1,quarterly,46269.09246485682,\N,estimated,IMF_QNEA,derived_per_capita|QNEA|B1GQ|V|NSA|XDC|Q|population=SP.POP.TOTL_interpolated,NSA,\N
THA,gdp_nominal_per_capita_lcu_quarterly_nsa_estimate,2014-Q2,quarterly,45624.40940383672,\N,estimated,IMF_QNEA,derived_per_capita|QNEA|B1GQ|V|NSA|XDC|Q|population=SP.POP.TOTL_interpolated,NSA,\N
THA,gdp_nominal_per_capita_lcu_quarterly_nsa_estimate,2014-Q3,quarterly,46478.31098717172,\N,estimated,IMF_QNEA,derived_per_capita|QNEA|B1GQ|V|NSA|XDC|Q|population=SP.POP.TOTL_interpolated,NSA,\N
THA,gdp_nominal_per_capita_lcu_quarterly_nsa_estimate,2014-Q4,quarterly,48768.81143702814,\N,estimated,IMF_QNEA,derived_per_capita|QNEA|B1GQ|V|NSA|XDC|Q|population=SP.POP.TOTL_interpolated,NSA,\N
TTO,gdp_nominal_per_capita_lcu_quarterly_nsa_estimate,2012-Q1,quarterly,30777.43904162179,\N,estimated,IMF_QNEA,derived_per_capita|QNEA|B1GQ|V|NSA|XDC|Q|population=SP.POP.TOTL_interpolated,NSA,\N
TTO,gdp_nominal_per_capita_lcu_quarterly_nsa_estimate,2012-Q2,quarterly,31209.112537657085,\N,estimated,IMF_QNEA,derived_per_capita|QNEA|B1GQ|V|NSA|XDC|Q|population=SP.POP.TOTL_interpolated,NSA,\N
TTO,gdp_nominal_per_capita_lcu_quarterly_nsa_estimate,2012-Q3,quarterly,32066.881407089626,\N,estimated,IMF_QNEA,derived_per_capita|QNEA|B1GQ|V|NSA|XDC|Q|population=SP.POP.TOTL_interpolated,NSA,\N
TTO,gdp_nominal_per_capita_lcu_quarterly_nsa_estimate,2012-Q4,quarterly,32700.79578252895,\N,estimated,IMF_QNEA,derived_per_capita|QNEA|B1GQ|V|NSA|XDC|Q|population=SP.POP.TOTL_interpolated,NSA,\N
TTO,gdp_nominal_per_capita_lcu_quarterly_nsa_estimate,2013-Q1,quarterly,32688.007646723203,\N,estimated,IMF_QNEA,derived_per_capita|QNEA|B1GQ|V|NSA|XDC|Q|population=SP.POP.TOTL_interpolated,NSA,\N
TTO,gdp_nominal_per_capita_lcu_quarterly_nsa_estimate,2013-Q2,quarterly,32839.13181554574,\N,estimated,IMF_QNEA,derived_per_capita|QNEA|B1GQ|V|NSA|XDC|Q|population=SP.POP.TOTL_interpolated,NSA,\N
TTO,gdp_nominal_per_capita_lcu_quarterly_nsa_estimate,2013-Q3,quarterly,33113.241465942214,\N,estimated,IMF_QNEA,derived_per_capita|QNEA|B1GQ|V|NSA|XDC|Q|population=SP.POP.TOTL_interpolated,NSA,\N
TTO,gdp_nominal_per_capita_lcu_quarterly_nsa_estimate,2013-Q4,quarterly,34366.450011078174,\N,estimated,IMF_QNEA,derived_per_capita|QNEA|B1GQ|V|NSA|XDC|Q|population=SP.POP.TOTL_interpolated,NSA,\N
TTO,gdp_nominal_per_capita_lcu_quarterly_nsa_estimate,2014-Q1,quarterly,34209.56504841199,\N,estimated,IMF_QNEA,derived_per_capita|QNEA|B1GQ|V|NSA|XDC|Q|population=SP.POP.TOTL_interpolated,NSA,\N
TTO,gdp_nominal_per_capita_lcu_quarterly_nsa_estimate,2014-Q2,quarterly,33909.96498709573,\N,estimated,IMF_QNEA,derived_per_capita|QNEA|B1GQ|V|NSA|XDC|Q|population=SP.POP.TOTL_interpolated,NSA,\N
TTO,gdp_nominal_per_capita_lcu_quarterly_nsa_estimate,2014-Q3,quarterly,34212.64524242574,\N,estimated,IMF_QNEA,derived_per_capita|QNEA|B1GQ|V|NSA|XDC|Q|population=SP.POP.TOTL_interpolated,NSA,\N
TTO,gdp_nominal_per_capita_lcu_quarterly_nsa_estimate,2014-Q4,quarterly,34779.95810915603,\N,estimated,IMF_QNEA,derived_per_capita|QNEA|B1GQ|V|NSA|XDC|Q|population=SP.POP.TOTL_interpolated,NSA,\N
TUR,gdp_nominal_per_capita_lcu_quarterly_nsa_estimate,2010-Q1,quarterly,3371.971563957844,\N,estimated,IMF_QNEA,derived_per_capita|QNEA|B1GQ|V|NSA|XDC|Q|population=SP.POP.TOTL_interpolated,NSA,\N
TUR,gdp_nominal_per_capita_lcu_quarterly_nsa_estimate,2010-Q2,quarterly,3872.384800661419,\N,estimated,IMF_QNEA,derived_per_capita|QNEA|B1GQ|V|NSA|XDC|Q|population=SP.POP.TOTL_interpolated,NSA,\N
TUR,gdp_nominal_per_capita_lcu_quarterly_nsa_estimate,2010-Q3,quarterly,4394.871395764583,\N,estimated,IMF_QNEA,derived_per_capita|QNEA|B1GQ|V|NSA|XDC|Q|population=SP.POP.TOTL_interpolated,NSA,\N
TUR,gdp_nominal_per_capita_lcu_quarterly_nsa_estimate,2010-Q4,quarterly,4433.370785159293,\N,estimated,IMF_QNEA,derived_per_capita|QNEA|B1GQ|V|NSA|XDC|Q|population=SP.POP.TOTL_interpolated,NSA,\N
TUR,gdp_nominal_per_capita_lcu_quarterly_nsa_estimate,2011-Q1,quarterly,4014.3077086329104,\N,estimated,IMF_QNEA,derived_per_capita|QNEA|B1GQ|V|NSA|XDC|Q|population=SP.POP.TOTL_interpolated,NSA,\N
TUR,gdp_nominal_per_capita_lcu_quarterly_nsa_estimate,2011-Q2,quarterly,4604.80941433186,\N,estimated,IMF_QNEA,derived_per_capita|QNEA|B1GQ|V|NSA|XDC|Q|population=SP.POP.TOTL_interpolated,NSA,\N
TUR,gdp_nominal_per_capita_lcu_quarterly_nsa_estimate,2011-Q3,quarterly,5191.56353091579,\N,estimated,IMF_QNEA,derived_per_capita|QNEA|B1GQ|V|NSA|XDC|Q|population=SP.POP.TOTL_interpolated,NSA,\N
TUR,gdp_nominal_per_capita_lcu_quarterly_nsa_estimate,2011-Q4,quarterly,5236.451306859995,\N,estimated,IMF_QNEA,derived_per_capita|QNEA|B1GQ|V|NSA|XDC|Q|population=SP.POP.TOTL_interpolated,NSA,\N
TUR,gdp_nominal_per_capita_lcu_quarterly_nsa_estimate,2012-Q1,quarterly,4537.015019940974,\N,estimated,IMF_QNEA,derived_per_capita|QNEA|B1GQ|V|NSA|XDC|Q|population=SP.POP.TOTL_interpolated,NSA,\N
TUR,gdp_nominal_per_capita_lcu_quarterly_nsa_estimate,2012-Q2,quarterly,5160.683780662931,\N,estimated,IMF_QNEA,derived_per_capita|QNEA|B1GQ|V|NSA|XDC|Q|population=SP.POP.TOTL_interpolated,NSA,\N
TUR,gdp_nominal_per_capita_lcu_quarterly_nsa_estimate,2012-Q3,quarterly,5695.862132430035,\N,estimated,IMF_QNEA,derived_per_capita|QNEA|B1GQ|V|NSA|XDC|Q|population=SP.POP.TOTL_interpolated,NSA,\N
TUR,gdp_nominal_per_capita_lcu_quarterly_nsa_estimate,2012-Q4,quarterly,5750.153262249144,\N,estimated,IMF_QNEA,derived_per_capita|QNEA|B1GQ|V|NSA|XDC|Q|population=SP.POP.TOTL_interpolated,NSA,\N
TUR,gdp_nominal_per_capita_lcu_quarterly_nsa_estimate,2013-Q1,quarterly,5182.587728575417,\N,estimated,IMF_QNEA,derived_per_capita|QNEA|B1GQ|V|NSA|XDC|Q|population=SP.POP.TOTL_interpolated,NSA,\N
TUR,gdp_nominal_per_capita_lcu_quarterly_nsa_estimate,2013-Q2,quarterly,5879.5079676491905,\N,estimated,IMF_QNEA,derived_per_capita|QNEA|B1GQ|V|NSA|XDC|Q|population=SP.POP.TOTL_interpolated,NSA,\N
TUR,gdp_nominal_per_capita_lcu_quarterly_nsa_estimate,2013-Q3,quarterly,6495.356336979922,\N,estimated,IMF_QNEA,derived_per_capita|QNEA|B1GQ|V|NSA|XDC|Q|population=SP.POP.TOTL_interpolated,NSA,\N
TUR,gdp_nominal_per_capita_lcu_quarterly_nsa_estimate,2013-Q4,quarterly,6487.826353823403,\N,estimated,IMF_QNEA,derived_per_capita|QNEA|B1GQ|V|NSA|XDC|Q|population=SP.POP.TOTL_interpolated,NSA,\N
TUR,gdp_nominal_per_capita_lcu_quarterly_nsa_estimate,2014-Q1,quarterly,5968.709432274732,\N,estimated,IMF_QNEA,derived_per_capita|QNEA|B1GQ|V|NSA|XDC|Q|population=SP.POP.TOTL_interpolated,NSA,\N
TUR,gdp_nominal_per_capita_lcu_quarterly_nsa_estimate,2014-Q2,quarterly,6392.846177945075,\N,estimated,IMF_QNEA,derived_per_capita|QNEA|B1GQ|V|NSA|XDC|Q|population=SP.POP.TOTL_interpolated,NSA,\N
TUR,gdp_nominal_per_capita_lcu_quarterly_nsa_estimate,2014-Q3,quarterly,7139.413685908237,\N,estimated,IMF_QNEA,derived_per_capita|QNEA|B1GQ|V|NSA|XDC|Q|population=SP.POP.TOTL_interpolated,NSA,\N
TUR,gdp_nominal_per_capita_lcu_quarterly_nsa_estimate,2014-Q4,quarterly,7212.1773663377135,\N,estimated,IMF_QNEA,derived_per_capita|QNEA|B1GQ|V|NSA|XDC|Q|population=SP.POP.TOTL_interpolated,NSA,\N
UKR,gdp_nominal_per_capita_lcu_quarterly_nsa_estimate,2010-Q1,quarterly,4666.361314081775,\N,estimated,IMF_QNEA,derived_per_capita|QNEA|B1GQ|V|NSA|XDC|Q|population=SP.POP.TOTL_interpolated,NSA,\N
UKR,gdp_nominal_per_capita_lcu_quarterly_nsa_estimate,2010-Q2,quarterly,5498.31465989101,\N,estimated,IMF_QNEA,derived_per_capita|QNEA|B1GQ|V|NSA|XDC|Q|population=SP.POP.TOTL_interpolated,NSA,\N
UKR,gdp_nominal_per_capita_lcu_quarterly_nsa_estimate,2010-Q3,quarterly,6469.902598136548,\N,estimated,IMF_QNEA,derived_per_capita|QNEA|B1GQ|V|NSA|XDC|Q|population=SP.POP.TOTL_interpolated,NSA,\N
UKR,gdp_nominal_per_capita_lcu_quarterly_nsa_estimate,2010-Q4,quarterly,6600.820066457658,\N,estimated,IMF_QNEA,derived_per_capita|QNEA|B1GQ|V|NSA|XDC|Q|population=SP.POP.TOTL_interpolated,NSA,\N
UKR,gdp_nominal_per_capita_lcu_quarterly_nsa_estimate,2011-Q1,quarterly,5577.4802626275805,\N,estimated,IMF_QNEA,derived_per_capita|QNEA|B1GQ|V|NSA|XDC|Q|population=SP.POP.TOTL_interpolated,NSA,\N
UKR,gdp_nominal_per_capita_lcu_quarterly_nsa_estimate,2011-Q2,quarterly,6697.6322185214085,\N,estimated,IMF_QNEA,derived_per_capita|QNEA|B1GQ|V|NSA|XDC|Q|population=SP.POP.TOTL_interpolated,NSA,\N
UKR,gdp_nominal_per_capita_lcu_quarterly_nsa_estimate,2011-Q3,quarterly,7959.455631862346,\N,estimated,IMF_QNEA,derived_per_capita|QNEA|B1GQ|V|NSA|XDC|Q|population=SP.POP.TOTL_interpolated,NSA,\N
UKR,gdp_nominal_per_capita_lcu_quarterly_nsa_estimate,2011-Q4,quarterly,7837.167905757362,\N,estimated,IMF_QNEA,derived_per_capita|QNEA|B1GQ|V|NSA|XDC|Q|population=SP.POP.TOTL_interpolated,NSA,\N
UKR,gdp_nominal_per_capita_lcu_quarterly_nsa_estimate,2012-Q1,quarterly,6320.965845371569,\N,estimated,IMF_QNEA,derived_per_capita|QNEA|B1GQ|V|NSA|XDC|Q|population=SP.POP.TOTL_interpolated,NSA,\N
UKR,gdp_nominal_per_capita_lcu_quarterly_nsa_estimate,2012-Q2,quarterly,7485.675637840728,\N,estimated,IMF_QNEA,derived_per_capita|QNEA|B1GQ|V|NSA|XDC|Q|population=SP.POP.TOTL_interpolated,NSA,\N
UKR,gdp_nominal_per_capita_lcu_quarterly_nsa_estimate,2012-Q3,quarterly,8379.047023093754,\N,estimated,IMF_QNEA,derived_per_capita|QNEA|B1GQ|V|NSA|XDC|Q|population=SP.POP.TOTL_interpolated,NSA,\N
UKR,gdp_nominal_per_capita_lcu_quarterly_nsa_estimate,2012-Q4,quarterly,8212.227363196967,\N,estimated,IMF_QNEA,derived_per_capita|QNEA|B1GQ|V|NSA|XDC|Q|population=SP.POP.TOTL_interpolated,NSA,\N
UKR,gdp_nominal_per_capita_lcu_quarterly_nsa_estimate,2013-Q1,quarterly,6580.722414172506,\N,estimated,IMF_QNEA,derived_per_capita|QNEA|B1GQ|V|NSA|XDC|Q|population=SP.POP.TOTL_interpolated,NSA,\N
UKR,gdp_nominal_per_capita_lcu_quarterly_nsa_estimate,2013-Q2,quarterly,7690.413550030363,\N,estimated,IMF_QNEA,derived_per_capita|QNEA|B1GQ|V|NSA|XDC|Q|population=SP.POP.TOTL_interpolated,NSA,\N
UKR,gdp_nominal_per_capita_lcu_quarterly_nsa_estimate,2013-Q3,quarterly,8632.006683732412,\N,estimated,IMF_QNEA,derived_per_capita|QNEA|B1GQ|V|NSA|XDC|Q|population=SP.POP.TOTL_interpolated,NSA,\N
UKR,gdp_nominal_per_capita_lcu_quarterly_nsa_estimate,2013-Q4,quarterly,8870.001950069378,\N,estimated,IMF_QNEA,derived_per_capita|QNEA|B1GQ|V|NSA|XDC|Q|population=SP.POP.TOTL_interpolated,NSA,\N
UKR,gdp_nominal_per_capita_lcu_quarterly_nsa_estimate,2014-Q1,quarterly,6884.7077579726665,\N,estimated,IMF_QNEA,derived_per_capita|QNEA|B1GQ|V|NSA|XDC|Q|population=SP.POP.TOTL_interpolated,NSA,\N
UKR,gdp_nominal_per_capita_lcu_quarterly_nsa_estimate,2014-Q2,quarterly,8314.35186522736,\N,estimated,IMF_QNEA,derived_per_capita|QNEA|B1GQ|V|NSA|XDC|Q|population=SP.POP.TOTL_interpolated,NSA,\N
UKR,gdp_nominal_per_capita_lcu_quarterly_nsa_estimate,2014-Q3,quarterly,9586.204967123891,\N,estimated,IMF_QNEA,derived_per_capita|QNEA|B1GQ|V|NSA|XDC|Q|population=SP.POP.TOTL_interpolated,NSA,\N
UKR,gdp_nominal_per_capita_lcu_quarterly_nsa_estimate,2014-Q4,quarterly,9741.237506405892,\N,estimated,IMF_QNEA,derived_per_capita|QNEA|B1GQ|V|NSA|XDC|Q|population=SP.POP.TOTL_interpolated,NSA,\N
USA,gdp_nominal_per_capita_lcu_quarterly_nsa_estimate,2010-Q1,quarterly,11680.96512707423,\N,estimated,IMF_QNEA,derived_per_capita|QNEA|B1GQ|V|NSA|XDC|Q|population=SP.POP.TOTL_interpolated,NSA,\N
USA,gdp_nominal_per_capita_lcu_quarterly_nsa_estimate,2010-Q2,quarterly,12151.240775189637,\N,estimated,IMF_QNEA,derived_per_capita|QNEA|B1GQ|V|NSA|XDC|Q|population=SP.POP.TOTL_interpolated,NSA,\N
USA,gdp_nominal_per_capita_lcu_quarterly_nsa_estimate,2010-Q3,quarterly,12250.694105545375,\N,estimated,IMF_QNEA,derived_per_capita|QNEA|B1GQ|V|NSA|XDC|Q|population=SP.POP.TOTL_interpolated,NSA,\N
USA,gdp_nominal_per_capita_lcu_quarterly_nsa_estimate,2010-Q4,quarterly,12559.781040929767,\N,estimated,IMF_QNEA,derived_per_capita|QNEA|B1GQ|V|NSA|XDC|Q|population=SP.POP.TOTL_interpolated,NSA,\N
USA,gdp_nominal_per_capita_lcu_quarterly_nsa_estimate,2011-Q1,quarterly,12108.829930834974,\N,estimated,IMF_QNEA,derived_per_capita|QNEA|B1GQ|V|NSA|XDC|Q|population=SP.POP.TOTL_interpolated,NSA,\N
USA,gdp_nominal_per_capita_lcu_quarterly_nsa_estimate,2011-Q2,quarterly,12496.40619560911,\N,estimated,IMF_QNEA,derived_per_capita|QNEA|B1GQ|V|NSA|XDC|Q|population=SP.POP.TOTL_interpolated,NSA,\N
USA,gdp_nominal_per_capita_lcu_quarterly_nsa_estimate,2011-Q3,quarterly,12582.280619881154,\N,estimated,IMF_QNEA,derived_per_capita|QNEA|B1GQ|V|NSA|XDC|Q|population=SP.POP.TOTL_interpolated,NSA,\N
USA,gdp_nominal_per_capita_lcu_quarterly_nsa_estimate,2011-Q4,quarterly,12834.352406996304,\N,estimated,IMF_QNEA,derived_per_capita|QNEA|B1GQ|V|NSA|XDC|Q|population=SP.POP.TOTL_interpolated,NSA,\N
USA,gdp_nominal_per_capita_lcu_quarterly_nsa_estimate,2012-Q1,quarterly,12636.365919158334,\N,estimated,IMF_QNEA,derived_per_capita|QNEA|B1GQ|V|NSA|XDC|Q|population=SP.POP.TOTL_interpolated,NSA,\N
USA,gdp_nominal_per_capita_lcu_quarterly_nsa_estimate,2012-Q2,quarterly,12887.966910151765,\N,estimated,IMF_QNEA,derived_per_capita|QNEA|B1GQ|V|NSA|XDC|Q|population=SP.POP.TOTL_interpolated,NSA,\N
USA,gdp_nominal_per_capita_lcu_quarterly_nsa_estimate,2012-Q3,quarterly,12987.473014455853,\N,estimated,IMF_QNEA,derived_per_capita|QNEA|B1GQ|V|NSA|XDC|Q|population=SP.POP.TOTL_interpolated,NSA,\N
USA,gdp_nominal_per_capita_lcu_quarterly_nsa_estimate,2012-Q4,quarterly,13197.171428772628,\N,estimated,IMF_QNEA,derived_per_capita|QNEA|B1GQ|V|NSA|XDC|Q|population=SP.POP.TOTL_interpolated,NSA,\N
USA,gdp_nominal_per_capita_lcu_quarterly_nsa_estimate,2013-Q1,quarterly,12900.354493166193,\N,estimated,IMF_QNEA,derived_per_capita|QNEA|B1GQ|V|NSA|XDC|Q|population=SP.POP.TOTL_interpolated,NSA,\N
USA,gdp_nominal_per_capita_lcu_quarterly_nsa_estimate,2013-Q2,quarterly,13223.37319155817,\N,estimated,IMF_QNEA,derived_per_capita|QNEA|B1GQ|V|NSA|XDC|Q|population=SP.POP.TOTL_interpolated,NSA,\N
USA,gdp_nominal_per_capita_lcu_quarterly_nsa_estimate,2013-Q3,quarterly,13434.796356569856,\N,estimated,IMF_QNEA,derived_per_capita|QNEA|B1GQ|V|NSA|XDC|Q|population=SP.POP.TOTL_interpolated,NSA,\N
USA,gdp_nominal_per_capita_lcu_quarterly_nsa_estimate,2013-Q4,quarterly,13733.208401344786,\N,estimated,IMF_QNEA,derived_per_capita|QNEA|B1GQ|V|NSA|XDC|Q|population=SP.POP.TOTL_interpolated,NSA,\N
USA,gdp_nominal_per_capita_lcu_quarterly_nsa_estimate,2014-Q1,quarterly,13258.396316729137,\N,estimated,IMF_QNEA,derived_per_capita|QNEA|B1GQ|V|NSA|XDC|Q|population=SP.POP.TOTL_interpolated,NSA,\N
USA,gdp_nominal_per_capita_lcu_quarterly_nsa_estimate,2014-Q2,quarterly,13722.995595172499,\N,estimated,IMF_QNEA,derived_per_capita|QNEA|B1GQ|V|NSA|XDC|Q|population=SP.POP.TOTL_interpolated,NSA,\N
USA,gdp_nominal_per_capita_lcu_quarterly_nsa_estimate,2014-Q3,quarterly,13973.097047389567,\N,estimated,IMF_QNEA,derived_per_capita|QNEA|B1GQ|V|NSA|XDC|Q|population=SP.POP.TOTL_interpolated,NSA,\N
USA,gdp_nominal_per_capita_lcu_quarterly_nsa_estimate,2014-Q4,quarterly,14195.286427652029,\N,estimated,IMF_QNEA,derived_per_capita|QNEA|B1GQ|V|NSA|XDC|Q|population=SP.POP.TOTL_interpolated,NSA,\N
WSM,gdp_nominal_per_capita_lcu_quarterly_nsa_estimate,2013-Q1,quarterly,2322.7312292119223,\N,estimated,IMF_QNEA,derived_per_capita|QNEA|B1GQ|V|NSA|XDC|Q|population=SP.POP.TOTL_interpolated,NSA,\N
WSM,gdp_nominal_per_capita_lcu_quarterly_nsa_estimate,2013-Q2,quarterly,2297.8143102575527,\N,estimated,IMF_QNEA,derived_per_capita|QNEA|B1GQ|V|NSA|XDC|Q|population=SP.POP.TOTL_interpolated,NSA,\N
WSM,gdp_nominal_per_capita_lcu_quarterly_nsa_estimate,2013-Q3,quarterly,2371.5360980104074,\N,estimated,IMF_QNEA,derived_per_capita|QNEA|B1GQ|V|NSA|XDC|Q|population=SP.POP.TOTL_interpolated,NSA,\N
WSM,gdp_nominal_per_capita_lcu_quarterly_nsa_estimate,2013-Q4,quarterly,2312.6096876372567,\N,estimated,IMF_QNEA,derived_per_capita|QNEA|B1GQ|V|NSA|XDC|Q|population=SP.POP.TOTL_interpolated,NSA,\N
WSM,gdp_nominal_per_capita_lcu_quarterly_nsa_estimate,2014-Q1,quarterly,2234.517291341821,\N,estimated,IMF_QNEA,derived_per_capita|QNEA|B1GQ|V|NSA|XDC|Q|population=SP.POP.TOTL_interpolated,NSA,\N
WSM,gdp_nominal_per_capita_lcu_quarterly_nsa_estimate,2014-Q2,quarterly,2372.8487226052484,\N,estimated,IMF_QNEA,derived_per_capita|QNEA|B1GQ|V|NSA|XDC|Q|population=SP.POP.TOTL_interpolated,NSA,\N
WSM,gdp_nominal_per_capita_lcu_quarterly_nsa_estimate,2014-Q3,quarterly,2486.492386898962,\N,estimated,IMF_QNEA,derived_per_capita|QNEA|B1GQ|V|NSA|XDC|Q|population=SP.POP.TOTL_interpolated,NSA,\N
WSM,gdp_nominal_per_capita_lcu_quarterly_nsa_estimate,2014-Q4,quarterly,2441.1098259703485,\N,estimated,IMF_QNEA,derived_per_capita|QNEA|B1GQ|V|NSA|XDC|Q|population=SP.POP.TOTL_interpolated,NSA,\N
ZAF,gdp_nominal_per_capita_lcu_quarterly_nsa_estimate,2010-Q1,quarterly,13728.607178921902,\N,estimated,IMF_QNEA,derived_per_capita|QNEA|B1GQ|V|NSA|XDC|Q|population=SP.POP.TOTL_interpolated,NSA,\N
ZAF,gdp_nominal_per_capita_lcu_quarterly_nsa_estimate,2010-Q2,quarterly,14635.781714472238,\N,estimated,IMF_QNEA,derived_per_capita|QNEA|B1GQ|V|NSA|XDC|Q|population=SP.POP.TOTL_interpolated,NSA,\N
ZAF,gdp_nominal_per_capita_lcu_quarterly_nsa_estimate,2010-Q3,quarterly,14835.028988141974,\N,estimated,IMF_QNEA,derived_per_capita|QNEA|B1GQ|V|NSA|XDC|Q|population=SP.POP.TOTL_interpolated,NSA,\N
ZAF,gdp_nominal_per_capita_lcu_quarterly_nsa_estimate,2010-Q4,quarterly,15164.380758461963,\N,estimated,IMF_QNEA,derived_per_capita|QNEA|B1GQ|V|NSA|XDC|Q|population=SP.POP.TOTL_interpolated,NSA,\N
ZAF,gdp_nominal_per_capita_lcu_quarterly_nsa_estimate,2011-Q1,quarterly,14846.442146436319,\N,estimated,IMF_QNEA,derived_per_capita|QNEA|B1GQ|V|NSA|XDC|Q|population=SP.POP.TOTL_interpolated,NSA,\N
ZAF,gdp_nominal_per_capita_lcu_quarterly_nsa_estimate,2011-Q2,quarterly,15617.945263940379,\N,estimated,IMF_QNEA,derived_per_capita|QNEA|B1GQ|V|NSA|XDC|Q|population=SP.POP.TOTL_interpolated,NSA,\N
ZAF,gdp_nominal_per_capita_lcu_quarterly_nsa_estimate,2011-Q3,quarterly,15974.931001721341,\N,estimated,IMF_QNEA,derived_per_capita|QNEA|B1GQ|V|NSA|XDC|Q|population=SP.POP.TOTL_interpolated,NSA,\N
ZAF,gdp_nominal_per_capita_lcu_quarterly_nsa_estimate,2011-Q4,quarterly,16312.674092175672,\N,estimated,IMF_QNEA,derived_per_capita|QNEA|B1GQ|V|NSA|XDC|Q|population=SP.POP.TOTL_interpolated,NSA,\N
ZAF,gdp_nominal_per_capita_lcu_quarterly_nsa_estimate,2012-Q1,quarterly,15840.767827039335,\N,estimated,IMF_QNEA,derived_per_capita|QNEA|B1GQ|V|NSA|XDC|Q|population=SP.POP.TOTL_interpolated,NSA,\N
ZAF,gdp_nominal_per_capita_lcu_quarterly_nsa_estimate,2012-Q2,quarterly,16621.741315093175,\N,estimated,IMF_QNEA,derived_per_capita|QNEA|B1GQ|V|NSA|XDC|Q|population=SP.POP.TOTL_interpolated,NSA,\N
ZAF,gdp_nominal_per_capita_lcu_quarterly_nsa_estimate,2012-Q3,quarterly,16762.8683358693,\N,estimated,IMF_QNEA,derived_per_capita|QNEA|B1GQ|V|NSA|XDC|Q|population=SP.POP.TOTL_interpolated,NSA,\N
ZAF,gdp_nominal_per_capita_lcu_quarterly_nsa_estimate,2012-Q4,quarterly,17061.641096708045,\N,estimated,IMF_QNEA,derived_per_capita|QNEA|B1GQ|V|NSA|XDC|Q|population=SP.POP.TOTL_interpolated,NSA,\N
ZAF,gdp_nominal_per_capita_lcu_quarterly_nsa_estimate,2013-Q1,quarterly,16829.17636031639,\N,estimated,IMF_QNEA,derived_per_capita|QNEA|B1GQ|V|NSA|XDC|Q|population=SP.POP.TOTL_interpolated,NSA,\N
ZAF,gdp_nominal_per_capita_lcu_quarterly_nsa_estimate,2013-Q2,quarterly,17746.847105444023,\N,estimated,IMF_QNEA,derived_per_capita|QNEA|B1GQ|V|NSA|XDC|Q|population=SP.POP.TOTL_interpolated,NSA,\N
ZAF,gdp_nominal_per_capita_lcu_quarterly_nsa_estimate,2013-Q3,quarterly,17901.29552229102,\N,estimated,IMF_QNEA,derived_per_capita|QNEA|B1GQ|V|NSA|XDC|Q|population=SP.POP.TOTL_interpolated,NSA,\N
ZAF,gdp_nominal_per_capita_lcu_quarterly_nsa_estimate,2013-Q4,quarterly,18262.210821583823,\N,estimated,IMF_QNEA,derived_per_capita|QNEA|B1GQ|V|NSA|XDC|Q|population=SP.POP.TOTL_interpolated,NSA,\N
ZAF,gdp_nominal_per_capita_lcu_quarterly_nsa_estimate,2014-Q1,quarterly,17941.326890868895,\N,estimated,IMF_QNEA,derived_per_capita|QNEA|B1GQ|V|NSA|XDC|Q|population=SP.POP.TOTL_interpolated,NSA,\N
ZAF,gdp_nominal_per_capita_lcu_quarterly_nsa_estimate,2014-Q2,quarterly,18576.258658256906,\N,estimated,IMF_QNEA,derived_per_capita|QNEA|B1GQ|V|NSA|XDC|Q|population=SP.POP.TOTL_interpolated,NSA,\N
ZAF,gdp_nominal_per_capita_lcu_quarterly_nsa_estimate,2014-Q3,quarterly,18781.92553468482,\N,estimated,IMF_QNEA,derived_per_capita|QNEA|B1GQ|V|NSA|XDC|Q|population=SP.POP.TOTL_interpolated,NSA,\N
ZAF,gdp_nominal_per_capita_lcu_quarterly_nsa_estimate,2014-Q4,quarterly,19014.318543885103,\N,estimated,IMF_QNEA,derived_per_capita|QNEA|B1GQ|V|NSA|XDC|Q|population=SP.POP.TOTL_interpolated,NSA,\N
ZMB,gdp_nominal_per_capita_lcu_quarterly_nsa_estimate,2010-Q1,quarterly,1555.0438984848993,\N,estimated,IMF_QNEA,derived_per_capita|QNEA|B1GQ|V|NSA|XDC|Q|population=SP.POP.TOTL_interpolated,NSA,\N
ZMB,gdp_nominal_per_capita_lcu_quarterly_nsa_estimate,2010-Q2,quarterly,1639.2695963067606,\N,estimated,IMF_QNEA,derived_per_capita|QNEA|B1GQ|V|NSA|XDC|Q|population=SP.POP.TOTL_interpolated,NSA,\N
ZMB,gdp_nominal_per_capita_lcu_quarterly_nsa_estimate,2010-Q3,quarterly,1782.6508908610836,\N,estimated,IMF_QNEA,derived_per_capita|QNEA|B1GQ|V|NSA|XDC|Q|population=SP.POP.TOTL_interpolated,NSA,\N
ZMB,gdp_nominal_per_capita_lcu_quarterly_nsa_estimate,2010-Q4,quarterly,1978.2686363018552,\N,estimated,IMF_QNEA,derived_per_capita|QNEA|B1GQ|V|NSA|XDC|Q|population=SP.POP.TOTL_interpolated,NSA,\N
ZMB,gdp_nominal_per_capita_lcu_quarterly_nsa_estimate,2011-Q1,quarterly,1783.570503740861,\N,estimated,IMF_QNEA,derived_per_capita|QNEA|B1GQ|V|NSA|XDC|Q|population=SP.POP.TOTL_interpolated,NSA,\N
ZMB,gdp_nominal_per_capita_lcu_quarterly_nsa_estimate,2011-Q2,quarterly,1926.2425475418336,\N,estimated,IMF_QNEA,derived_per_capita|QNEA|B1GQ|V|NSA|XDC|Q|population=SP.POP.TOTL_interpolated,NSA,\N
ZMB,gdp_nominal_per_capita_lcu_quarterly_nsa_estimate,2011-Q3,quarterly,2028.8640276460228,\N,estimated,IMF_QNEA,derived_per_capita|QNEA|B1GQ|V|NSA|XDC|Q|population=SP.POP.TOTL_interpolated,NSA,\N
ZMB,gdp_nominal_per_capita_lcu_quarterly_nsa_estimate,2011-Q4,quarterly,2154.111746317132,\N,estimated,IMF_QNEA,derived_per_capita|QNEA|B1GQ|V|NSA|XDC|Q|population=SP.POP.TOTL_interpolated,NSA,\N
ZMB,gdp_nominal_per_capita_lcu_quarterly_nsa_estimate,2012-Q1,quarterly,2093.830931092489,\N,estimated,IMF_QNEA,derived_per_capita|QNEA|B1GQ|V|NSA|XDC|Q|population=SP.POP.TOTL_interpolated,NSA,\N
ZMB,gdp_nominal_per_capita_lcu_quarterly_nsa_estimate,2012-Q2,quarterly,2088.574591011389,\N,estimated,IMF_QNEA,derived_per_capita|QNEA|B1GQ|V|NSA|XDC|Q|population=SP.POP.TOTL_interpolated,NSA,\N
ZMB,gdp_nominal_per_capita_lcu_quarterly_nsa_estimate,2012-Q3,quarterly,2209.1182893357286,\N,estimated,IMF_QNEA,derived_per_capita|QNEA|B1GQ|V|NSA|XDC|Q|population=SP.POP.TOTL_interpolated,NSA,\N
ZMB,gdp_nominal_per_capita_lcu_quarterly_nsa_estimate,2012-Q4,quarterly,2405.6611835389313,\N,estimated,IMF_QNEA,derived_per_capita|QNEA|B1GQ|V|NSA|XDC|Q|population=SP.POP.TOTL_interpolated,NSA,\N
ZMB,gdp_nominal_per_capita_lcu_quarterly_nsa_estimate,2013-Q1,quarterly,2389.895395828766,\N,estimated,IMF_QNEA,derived_per_capita|QNEA|B1GQ|V|NSA|XDC|Q|population=SP.POP.TOTL_interpolated,NSA,\N
ZMB,gdp_nominal_per_capita_lcu_quarterly_nsa_estimate,2013-Q2,quarterly,2422.8850006187117,\N,estimated,IMF_QNEA,derived_per_capita|QNEA|B1GQ|V|NSA|XDC|Q|population=SP.POP.TOTL_interpolated,NSA,\N
ZMB,gdp_nominal_per_capita_lcu_quarterly_nsa_estimate,2013-Q3,quarterly,2496.4043889230134,\N,estimated,IMF_QNEA,derived_per_capita|QNEA|B1GQ|V|NSA|XDC|Q|population=SP.POP.TOTL_interpolated,NSA,\N
ZMB,gdp_nominal_per_capita_lcu_quarterly_nsa_estimate,2013-Q4,quarterly,2515.4769057304916,\N,estimated,IMF_QNEA,derived_per_capita|QNEA|B1GQ|V|NSA|XDC|Q|population=SP.POP.TOTL_interpolated,NSA,\N
ZMB,gdp_nominal_per_capita_lcu_quarterly_nsa_estimate,2014-Q1,quarterly,2477.720732456975,\N,estimated,IMF_QNEA,derived_per_capita|QNEA|B1GQ|V|NSA|XDC|Q|population=SP.POP.TOTL_interpolated,NSA,\N
ZMB,gdp_nominal_per_capita_lcu_quarterly_nsa_estimate,2014-Q2,quarterly,2602.7463900749153,\N,estimated,IMF_QNEA,derived_per_capita|QNEA|B1GQ|V|NSA|XDC|Q|population=SP.POP.TOTL_interpolated,NSA,\N
ZMB,gdp_nominal_per_capita_lcu_quarterly_nsa_estimate,2014-Q3,quarterly,2650.096508636806,\N,estimated,IMF_QNEA,derived_per_capita|QNEA|B1GQ|V|NSA|XDC|Q|population=SP.POP.TOTL_interpolated,NSA,\N
ZMB,gdp_nominal_per_capita_lcu_quarterly_nsa_estimate,2014-Q4,quarterly,2774.7053670784153,\N,estimated,IMF_QNEA,derived_per_capita|QNEA|B1GQ|V|NSA|XDC|Q|population=SP.POP.TOTL_interpolated,NSA,\N
