country_code,indicator_code,period,frequency,value,raw_value,value_status,source_id,source_series_code,seasonal_adjustment,observation_metadata
ALB,gdp_real_lcu_quarterly_sa,2020-Q1,quarterly,382419758233.93,382419758233.93,observed,IMF_QNEA,QNEA|B1GQ|Q|SA|XDC|Q,SA,"{""ACCESS_SHARING_LEVEL"": ""PUBLIC_OPEN"", ""CONFIDENTIALITY_STATUS"": ""F"", ""DERIVATION_TYPE"": ""O"", ""SECURITY_CLASSIFICATION"": ""PUB""}"
ALB,gdp_real_lcu_quarterly_sa,2020-Q2,quarterly,358176010175.52,358176010175.52,observed,IMF_QNEA,QNEA|B1GQ|Q|SA|XDC|Q,SA,"{""ACCESS_SHARING_LEVEL"": ""PUBLIC_OPEN"", ""CONFIDENTIALITY_STATUS"": ""F"", ""DERIVATION_TYPE"": ""O"", ""SECURITY_CLASSIFICATION"": ""PUB""}"
ALB,gdp_real_lcu_quarterly_sa,2020-Q3,quarterly,391317941740.94,391317941740.94,observed,IMF_QNEA,QNEA|B1GQ|Q|SA|XDC|Q,SA,"{""ACCESS_SHARING_LEVEL"": ""PUBLIC_OPEN"", ""CONFIDENTIALITY_STATUS"": ""F"", ""DERIVATION_TYPE"": ""O"", ""SECURITY_CLASSIFICATION"": ""PUB""}"
ALB,gdp_real_lcu_quarterly_sa,2020-Q4,quarterly,399317201074.44,399317201074.44,observed,IMF_QNEA,QNEA|B1GQ|Q|SA|XDC|Q,SA,"{""ACCESS_SHARING_LEVEL"": ""PUBLIC_OPEN"", ""CONFIDENTIALITY_STATUS"": ""F"", ""DERIVATION_TYPE"": ""O"", ""SECURITY_CLASSIFICATION"": ""PUB""}"
ALB,gdp_real_lcu_quarterly_sa,2021-Q1,quarterly,406925691298.73,406925691298.73,observed,IMF_QNEA,QNEA|B1GQ|Q|SA|XDC|Q,SA,"{""ACCESS_SHARING_LEVEL"": ""PUBLIC_OPEN"", ""CONFIDENTIALITY_STATUS"": ""F"", ""DERIVATION_TYPE"": ""O"", ""SECURITY_CLASSIFICATION"": ""PUB""}"
ALB,gdp_real_lcu_quarterly_sa,2021-Q2,quarterly,417276612465.43,417276612465.43,observed,IMF_QNEA,QNEA|B1GQ|Q|SA|XDC|Q,SA,"{""ACCESS_SHARING_LEVEL"": ""PUBLIC_OPEN"", ""CONFIDENTIALITY_STATUS"": ""F"", ""DERIVATION_TYPE"": ""O"", ""SECURITY_CLASSIFICATION"": ""PUB""}"
ALB,gdp_real_lcu_quarterly_sa,2021-Q3,quarterly,416362041286.42,416362041286.42,observed,IMF_QNEA,QNEA|B1GQ|Q|SA|XDC|Q,SA,"{""ACCESS_SHARING_LEVEL"": ""PUBLIC_OPEN"", ""CONFIDENTIALITY_STATUS"": ""F"", ""DERIVATION_TYPE"": ""O"", ""SECURITY_CLASSIFICATION"": ""PUB""}"
ALB,gdp_real_lcu_quarterly_sa,2021-Q4,quarterly,424129348986.95,424129348986.95,observed,IMF_QNEA,QNEA|B1GQ|Q|SA|XDC|Q,SA,"{""ACCESS_SHARING_LEVEL"": ""PUBLIC_OPEN"", ""CONFIDENTIALITY_STATUS"": ""F"", ""DERIVATION_TYPE"": ""O"", ""SECURITY_CLASSIFICATION"": ""PUB""}"
ALB,gdp_real_lcu_quarterly_sa,2022-Q1,quarterly,430447352629.77,430447352629.77,observed,IMF_QNEA,QNEA|B1GQ|Q|SA|XDC|Q,SA,"{""ACCESS_SHARING_LEVEL"": ""PUBLIC_OPEN"", ""CONFIDENTIALITY_STATUS"": ""F"", ""DERIVATION_TYPE"": ""O"", ""SECURITY_CLASSIFICATION"": ""PUB""}"
ALB,gdp_real_lcu_quarterly_sa,2022-Q2,quarterly,429897284713.56,429897284713.56,observed,IMF_QNEA,QNEA|B1GQ|Q|SA|XDC|Q,SA,"{""ACCESS_SHARING_LEVEL"": ""PUBLIC_OPEN"", ""CONFIDENTIALITY_STATUS"": ""F"", ""DERIVATION_TYPE"": ""O"", ""SECURITY_CLASSIFICATION"": ""PUB""}"
ALB,gdp_real_lcu_quarterly_sa,2022-Q3,quarterly,437630017368.86,437630017368.86,observed,IMF_QNEA,QNEA|B1GQ|Q|SA|XDC|Q,SA,"{""ACCESS_SHARING_LEVEL"": ""PUBLIC_OPEN"", ""CONFIDENTIALITY_STATUS"": ""F"", ""DERIVATION_TYPE"": ""O"", ""SECURITY_CLASSIFICATION"": ""PUB""}"
ALB,gdp_real_lcu_quarterly_sa,2022-Q4,quarterly,442012321621.1,442012321621.1,observed,IMF_QNEA,QNEA|B1GQ|Q|SA|XDC|Q,SA,"{""ACCESS_SHARING_LEVEL"": ""PUBLIC_OPEN"", ""CONFIDENTIALITY_STATUS"": ""F"", ""DERIVATION_TYPE"": ""O"", ""SECURITY_CLASSIFICATION"": ""PUB""}"
ALB,gdp_real_lcu_quarterly_sa,2023-Q1,quarterly,445019983227.79,445019983227.79,observed,IMF_QNEA,QNEA|B1GQ|Q|SA|XDC|Q,SA,"{""ACCESS_SHARING_LEVEL"": ""PUBLIC_OPEN"", ""CONFIDENTIALITY_STATUS"": ""F"", ""DERIVATION_TYPE"": ""O"", ""SECURITY_CLASSIFICATION"": ""PUB""}"
ALB,gdp_real_lcu_quarterly_sa,2023-Q2,quarterly,450345094574.56,450345094574.56,observed,IMF_QNEA,QNEA|B1GQ|Q|SA|XDC|Q,SA,"{""ACCESS_SHARING_LEVEL"": ""PUBLIC_OPEN"", ""CONFIDENTIALITY_STATUS"": ""F"", ""DERIVATION_TYPE"": ""O"", ""SECURITY_CLASSIFICATION"": ""PUB""}"
ALB,gdp_real_lcu_quarterly_sa,2023-Q3,quarterly,455592806058.78,455592806058.78,observed,IMF_QNEA,QNEA|B1GQ|Q|SA|XDC|Q,SA,"{""ACCESS_SHARING_LEVEL"": ""PUBLIC_OPEN"", ""CONFIDENTIALITY_STATUS"": ""F"", ""DERIVATION_TYPE"": ""O"", ""SECURITY_CLASSIFICATION"": ""PUB""}"
ALB,gdp_real_lcu_quarterly_sa,2023-Q4,quarterly,458443319627.53,458443319627.53,observed,IMF_QNEA,QNEA|B1GQ|Q|SA|XDC|Q,SA,"{""ACCESS_SHARING_LEVEL"": ""PUBLIC_OPEN"", ""CONFIDENTIALITY_STATUS"": ""F"", ""DERIVATION_TYPE"": ""O"", ""SECURITY_CLASSIFICATION"": ""PUB""}"
ALB,gdp_real_lcu_quarterly_sa,2024-Q1,quarterly,463377900603.38,463377900603.38,observed,IMF_QNEA,QNEA|B1GQ|Q|SA|XDC|Q,SA,"{""ACCESS_SHARING_LEVEL"": ""PUBLIC_OPEN"", ""CONFIDENTIALITY_STATUS"": ""F"", ""DERIVATION_TYPE"": ""O"", ""SECURITY_CLASSIFICATION"": ""PUB""}"
ALB,gdp_real_lcu_quarterly_sa,2024-Q2,quarterly,468148074035.76,468148074035.76,observed,IMF_QNEA,QNEA|B1GQ|Q|SA|XDC|Q,SA,"{""ACCESS_SHARING_LEVEL"": ""PUBLIC_OPEN"", ""CONFIDENTIALITY_STATUS"": ""F"", ""DERIVATION_TYPE"": ""O"", ""SECURITY_CLASSIFICATION"": ""PUB""}"
ALB,gdp_real_lcu_quarterly_sa,2024-Q3,quarterly,474699952566.32,474699952566.32,observed,IMF_QNEA,QNEA|B1GQ|Q|SA|XDC|Q,SA,"{""ACCESS_SHARING_LEVEL"": ""PUBLIC_OPEN"", ""CONFIDENTIALITY_STATUS"": ""F"", ""DERIVATION_TYPE"": ""O"", ""SECURITY_CLASSIFICATION"": ""PUB""}"
ALB,gdp_real_lcu_quarterly_sa,2024-Q4,quarterly,476058930085.5,476058930085.5,observed,IMF_QNEA,QNEA|B1GQ|Q|SA|XDC|Q,SA,"{""ACCESS_SHARING_LEVEL"": ""PUBLIC_OPEN"", ""CONFIDENTIALITY_STATUS"": ""F"", ""DERIVATION_TYPE"": ""O"", ""SECURITY_CLASSIFICATION"": ""PUB""}"
ARG,gdp_real_lcu_quarterly_sa,2020-Q1,quarterly,164308600000.0,164308600000,observed,IMF_QNEA,QNEA|B1GQ|Q|SA|XDC|Q,SA,"{""ACCESS_SHARING_LEVEL"": ""PUBLIC_OPEN"", ""CONFIDENTIALITY_STATUS"": ""F"", ""DERIVATION_TYPE"": ""O"", ""SECURITY_CLASSIFICATION"": ""PUB""}"
ARG,gdp_real_lcu_quarterly_sa,2020-Q2,quarterly,140500200000.0,140500200000,observed,IMF_QNEA,QNEA|B1GQ|Q|SA|XDC|Q,SA,"{""ACCESS_SHARING_LEVEL"": ""PUBLIC_OPEN"", ""CONFIDENTIALITY_STATUS"": ""F"", ""DERIVATION_TYPE"": ""O"", ""SECURITY_CLASSIFICATION"": ""PUB""}"
ARG,gdp_real_lcu_quarterly_sa,2020-Q3,quarterly,155964100000.0,155964100000,observed,IMF_QNEA,QNEA|B1GQ|Q|SA|XDC|Q,SA,"{""ACCESS_SHARING_LEVEL"": ""PUBLIC_OPEN"", ""CONFIDENTIALITY_STATUS"": ""F"", ""DERIVATION_TYPE"": ""O"", ""SECURITY_CLASSIFICATION"": ""PUB""}"
ARG,gdp_real_lcu_quarterly_sa,2020-Q4,quarterly,163818400000.0,163818400000,observed,IMF_QNEA,QNEA|B1GQ|Q|SA|XDC|Q,SA,"{""ACCESS_SHARING_LEVEL"": ""PUBLIC_OPEN"", ""CONFIDENTIALITY_STATUS"": ""F"", ""DERIVATION_TYPE"": ""O"", ""SECURITY_CLASSIFICATION"": ""PUB""}"
ARG,gdp_real_lcu_quarterly_sa,2021-Q1,quarterly,169379500000.0,169379500000,observed,IMF_QNEA,QNEA|B1GQ|Q|SA|XDC|Q,SA,"{""ACCESS_SHARING_LEVEL"": ""PUBLIC_OPEN"", ""CONFIDENTIALITY_STATUS"": ""F"", ""DERIVATION_TYPE"": ""O"", ""SECURITY_CLASSIFICATION"": ""PUB""}"
ARG,gdp_real_lcu_quarterly_sa,2021-Q2,quarterly,169667000000.0,169667000000,observed,IMF_QNEA,QNEA|B1GQ|Q|SA|XDC|Q,SA,"{""ACCESS_SHARING_LEVEL"": ""PUBLIC_OPEN"", ""CONFIDENTIALITY_STATUS"": ""F"", ""DERIVATION_TYPE"": ""O"", ""SECURITY_CLASSIFICATION"": ""PUB""}"
ARG,gdp_real_lcu_quarterly_sa,2021-Q3,quarterly,173377100000.0,173377100000,observed,IMF_QNEA,QNEA|B1GQ|Q|SA|XDC|Q,SA,"{""ACCESS_SHARING_LEVEL"": ""PUBLIC_OPEN"", ""CONFIDENTIALITY_STATUS"": ""F"", ""DERIVATION_TYPE"": ""O"", ""SECURITY_CLASSIFICATION"": ""PUB""}"
ARG,gdp_real_lcu_quarterly_sa,2021-Q4,quarterly,177386300000.0,177386300000,observed,IMF_QNEA,QNEA|B1GQ|Q|SA|XDC|Q,SA,"{""ACCESS_SHARING_LEVEL"": ""PUBLIC_OPEN"", ""CONFIDENTIALITY_STATUS"": ""F"", ""DERIVATION_TYPE"": ""O"", ""SECURITY_CLASSIFICATION"": ""PUB""}"
ARG,gdp_real_lcu_quarterly_sa,2022-Q1,quarterly,181748600000.0,181748600000,observed,IMF_QNEA,QNEA|B1GQ|Q|SA|XDC|Q,SA,"{""ACCESS_SHARING_LEVEL"": ""PUBLIC_OPEN"", ""CONFIDENTIALITY_STATUS"": ""F"", ""DERIVATION_TYPE"": ""O"", ""SECURITY_CLASSIFICATION"": ""PUB""}"
ARG,gdp_real_lcu_quarterly_sa,2022-Q2,quarterly,185365500000.0,185365500000,observed,IMF_QNEA,QNEA|B1GQ|Q|SA|XDC|Q,SA,"{""ACCESS_SHARING_LEVEL"": ""PUBLIC_OPEN"", ""CONFIDENTIALITY_STATUS"": ""F"", ""DERIVATION_TYPE"": ""O"", ""SECURITY_CLASSIFICATION"": ""PUB""}"
ARG,gdp_real_lcu_quarterly_sa,2022-Q3,quarterly,183967400000.0,183967400000,observed,IMF_QNEA,QNEA|B1GQ|Q|SA|XDC|Q,SA,"{""ACCESS_SHARING_LEVEL"": ""PUBLIC_OPEN"", ""CONFIDENTIALITY_STATUS"": ""F"", ""DERIVATION_TYPE"": ""O"", ""SECURITY_CLASSIFICATION"": ""PUB""}"
ARG,gdp_real_lcu_quarterly_sa,2022-Q4,quarterly,180260100000.0,180260100000,observed,IMF_QNEA,QNEA|B1GQ|Q|SA|XDC|Q,SA,"{""ACCESS_SHARING_LEVEL"": ""PUBLIC_OPEN"", ""CONFIDENTIALITY_STATUS"": ""F"", ""DERIVATION_TYPE"": ""O"", ""SECURITY_CLASSIFICATION"": ""PUB""}"
ARG,gdp_real_lcu_quarterly_sa,2023-Q1,quarterly,182270000000.0,182270000000,observed,IMF_QNEA,QNEA|B1GQ|Q|SA|XDC|Q,SA,"{""ACCESS_SHARING_LEVEL"": ""PUBLIC_OPEN"", ""CONFIDENTIALITY_STATUS"": ""F"", ""DERIVATION_TYPE"": ""O"", ""SECURITY_CLASSIFICATION"": ""PUB""}"
ARG,gdp_real_lcu_quarterly_sa,2023-Q2,quarterly,177460600000.0,177460600000,observed,IMF_QNEA,QNEA|B1GQ|Q|SA|XDC|Q,SA,"{""ACCESS_SHARING_LEVEL"": ""PUBLIC_OPEN"", ""CONFIDENTIALITY_STATUS"": ""F"", ""DERIVATION_TYPE"": ""O"", ""SECURITY_CLASSIFICATION"": ""PUB""}"
ARG,gdp_real_lcu_quarterly_sa,2023-Q3,quarterly,181303700000.0,181303700000,observed,IMF_QNEA,QNEA|B1GQ|Q|SA|XDC|Q,SA,"{""ACCESS_SHARING_LEVEL"": ""PUBLIC_OPEN"", ""CONFIDENTIALITY_STATUS"": ""F"", ""DERIVATION_TYPE"": ""O"", ""SECURITY_CLASSIFICATION"": ""PUB""}"
ARG,gdp_real_lcu_quarterly_sa,2023-Q4,quarterly,176771500000.0,176771500000,observed,IMF_QNEA,QNEA|B1GQ|Q|SA|XDC|Q,SA,"{""ACCESS_SHARING_LEVEL"": ""PUBLIC_OPEN"", ""CONFIDENTIALITY_STATUS"": ""F"", ""DERIVATION_TYPE"": ""O"", ""SECURITY_CLASSIFICATION"": ""PUB""}"
ARG,gdp_real_lcu_quarterly_sa,2024-Q1,quarterly,173621500000.0,173621500000,observed,IMF_QNEA,QNEA|B1GQ|Q|SA|XDC|Q,SA,"{""ACCESS_SHARING_LEVEL"": ""PUBLIC_OPEN"", ""CONFIDENTIALITY_STATUS"": ""F"", ""DERIVATION_TYPE"": ""O"", ""SECURITY_CLASSIFICATION"": ""PUB""}"
ARG,gdp_real_lcu_quarterly_sa,2024-Q2,quarterly,172867200000.0,172867200000,observed,IMF_QNEA,QNEA|B1GQ|Q|SA|XDC|Q,SA,"{""ACCESS_SHARING_LEVEL"": ""PUBLIC_OPEN"", ""CONFIDENTIALITY_STATUS"": ""F"", ""DERIVATION_TYPE"": ""O"", ""SECURITY_CLASSIFICATION"": ""PUB""}"
ARG,gdp_real_lcu_quarterly_sa,2024-Q3,quarterly,179041500000.0,179041500000,observed,IMF_QNEA,QNEA|B1GQ|Q|SA|XDC|Q,SA,"{""ACCESS_SHARING_LEVEL"": ""PUBLIC_OPEN"", ""CONFIDENTIALITY_STATUS"": ""F"", ""DERIVATION_TYPE"": ""O"", ""SECURITY_CLASSIFICATION"": ""PUB""}"
ARG,gdp_real_lcu_quarterly_sa,2024-Q4,quarterly,182457600000.0,182457600000,observed,IMF_QNEA,QNEA|B1GQ|Q|SA|XDC|Q,SA,"{""ACCESS_SHARING_LEVEL"": ""PUBLIC_OPEN"", ""CONFIDENTIALITY_STATUS"": ""F"", ""DERIVATION_TYPE"": ""O"", ""SECURITY_CLASSIFICATION"": ""PUB""}"
AUS,gdp_real_lcu_quarterly_sa,2020-Q1,quarterly,610772000000.0,610772000000,observed,IMF_QNEA,QNEA|B1GQ|Q|SA|XDC|Q,SA,"{""ACCESS_SHARING_LEVEL"": ""PUBLIC_OPEN"", ""CONFIDENTIALITY_STATUS"": ""F"", ""DERIVATION_TYPE"": ""O"", ""SECURITY_CLASSIFICATION"": ""PUB""}"
AUS,gdp_real_lcu_quarterly_sa,2020-Q2,quarterly,569303000000.0,569303000000,observed,IMF_QNEA,QNEA|B1GQ|Q|SA|XDC|Q,SA,"{""ACCESS_SHARING_LEVEL"": ""PUBLIC_OPEN"", ""CONFIDENTIALITY_STATUS"": ""F"", ""DERIVATION_TYPE"": ""O"", ""SECURITY_CLASSIFICATION"": ""PUB""}"
AUS,gdp_real_lcu_quarterly_sa,2020-Q3,quarterly,588877000000.0,588877000000,observed,IMF_QNEA,QNEA|B1GQ|Q|SA|XDC|Q,SA,"{""ACCESS_SHARING_LEVEL"": ""PUBLIC_OPEN"", ""CONFIDENTIALITY_STATUS"": ""F"", ""DERIVATION_TYPE"": ""O"", ""SECURITY_CLASSIFICATION"": ""PUB""}"
AUS,gdp_real_lcu_quarterly_sa,2020-Q4,quarterly,609061000000.0,609061000000,observed,IMF_QNEA,QNEA|B1GQ|Q|SA|XDC|Q,SA,"{""ACCESS_SHARING_LEVEL"": ""PUBLIC_OPEN"", ""CONFIDENTIALITY_STATUS"": ""F"", ""DERIVATION_TYPE"": ""O"", ""SECURITY_CLASSIFICATION"": ""PUB""}"
AUS,gdp_real_lcu_quarterly_sa,2021-Q1,quarterly,622761000000.0,622761000000,observed,IMF_QNEA,QNEA|B1GQ|Q|SA|XDC|Q,SA,"{""ACCESS_SHARING_LEVEL"": ""PUBLIC_OPEN"", ""CONFIDENTIALITY_STATUS"": ""F"", ""DERIVATION_TYPE"": ""O"", ""SECURITY_CLASSIFICATION"": ""PUB""}"
AUS,gdp_real_lcu_quarterly_sa,2021-Q2,quarterly,627429000000.0,627429000000,observed,IMF_QNEA,QNEA|B1GQ|Q|SA|XDC|Q,SA,"{""ACCESS_SHARING_LEVEL"": ""PUBLIC_OPEN"", ""CONFIDENTIALITY_STATUS"": ""F"", ""DERIVATION_TYPE"": ""O"", ""SECURITY_CLASSIFICATION"": ""PUB""}"
AUS,gdp_real_lcu_quarterly_sa,2021-Q3,quarterly,616398000000.0,616398000000,observed,IMF_QNEA,QNEA|B1GQ|Q|SA|XDC|Q,SA,"{""ACCESS_SHARING_LEVEL"": ""PUBLIC_OPEN"", ""CONFIDENTIALITY_STATUS"": ""F"", ""DERIVATION_TYPE"": ""O"", ""SECURITY_CLASSIFICATION"": ""PUB""}"
AUS,gdp_real_lcu_quarterly_sa,2021-Q4,quarterly,639065000000.0,639065000000,observed,IMF_QNEA,QNEA|B1GQ|Q|SA|XDC|Q,SA,"{""ACCESS_SHARING_LEVEL"": ""PUBLIC_OPEN"", ""CONFIDENTIALITY_STATUS"": ""F"", ""DERIVATION_TYPE"": ""O"", ""SECURITY_CLASSIFICATION"": ""PUB""}"
AUS,gdp_real_lcu_quarterly_sa,2022-Q1,quarterly,645474000000.0,645474000000,observed,IMF_QNEA,QNEA|B1GQ|Q|SA|XDC|Q,SA,"{""ACCESS_SHARING_LEVEL"": ""PUBLIC_OPEN"", ""CONFIDENTIALITY_STATUS"": ""F"", ""DERIVATION_TYPE"": ""O"", ""SECURITY_CLASSIFICATION"": ""PUB""}"
AUS,gdp_real_lcu_quarterly_sa,2022-Q2,quarterly,651311000000.0,651311000000,observed,IMF_QNEA,QNEA|B1GQ|Q|SA|XDC|Q,SA,"{""ACCESS_SHARING_LEVEL"": ""PUBLIC_OPEN"", ""CONFIDENTIALITY_STATUS"": ""F"", ""DERIVATION_TYPE"": ""O"", ""SECURITY_CLASSIFICATION"": ""PUB""}"
AUS,gdp_real_lcu_quarterly_sa,2022-Q3,quarterly,654278000000.0,654278000000,observed,IMF_QNEA,QNEA|B1GQ|Q|SA|XDC|Q,SA,"{""ACCESS_SHARING_LEVEL"": ""PUBLIC_OPEN"", ""CONFIDENTIALITY_STATUS"": ""F"", ""DERIVATION_TYPE"": ""O"", ""SECURITY_CLASSIFICATION"": ""PUB""}"
AUS,gdp_real_lcu_quarterly_sa,2022-Q4,quarterly,659867000000.0,659867000000,observed,IMF_QNEA,QNEA|B1GQ|Q|SA|XDC|Q,SA,"{""ACCESS_SHARING_LEVEL"": ""PUBLIC_OPEN"", ""CONFIDENTIALITY_STATUS"": ""F"", ""DERIVATION_TYPE"": ""O"", ""SECURITY_CLASSIFICATION"": ""PUB""}"
AUS,gdp_real_lcu_quarterly_sa,2023-Q1,quarterly,663632000000.0,663632000000,observed,IMF_QNEA,QNEA|B1GQ|Q|SA|XDC|Q,SA,"{""ACCESS_SHARING_LEVEL"": ""PUBLIC_OPEN"", ""CONFIDENTIALITY_STATUS"": ""F"", ""DERIVATION_TYPE"": ""O"", ""SECURITY_CLASSIFICATION"": ""PUB""}"
AUS,gdp_real_lcu_quarterly_sa,2023-Q2,quarterly,665940000000.0,665940000000,observed,IMF_QNEA,QNEA|B1GQ|Q|SA|XDC|Q,SA,"{""ACCESS_SHARING_LEVEL"": ""PUBLIC_OPEN"", ""CONFIDENTIALITY_STATUS"": ""F"", ""DERIVATION_TYPE"": ""O"", ""SECURITY_CLASSIFICATION"": ""PUB""}"
AUS,gdp_real_lcu_quarterly_sa,2023-Q3,quarterly,668408000000.0,668408000000,observed,IMF_QNEA,QNEA|B1GQ|Q|SA|XDC|Q,SA,"{""ACCESS_SHARING_LEVEL"": ""PUBLIC_OPEN"", ""CONFIDENTIALITY_STATUS"": ""F"", ""DERIVATION_TYPE"": ""O"", ""SECURITY_CLASSIFICATION"": ""PUB""}"
AUS,gdp_real_lcu_quarterly_sa,2023-Q4,quarterly,668625000000.0,668625000000,observed,IMF_QNEA,QNEA|B1GQ|Q|SA|XDC|Q,SA,"{""ACCESS_SHARING_LEVEL"": ""PUBLIC_OPEN"", ""CONFIDENTIALITY_STATUS"": ""F"", ""DERIVATION_TYPE"": ""O"", ""SECURITY_CLASSIFICATION"": ""PUB""}"
AUS,gdp_real_lcu_quarterly_sa,2024-Q1,quarterly,670929000000.0,670929000000,observed,IMF_QNEA,QNEA|B1GQ|Q|SA|XDC|Q,SA,"{""ACCESS_SHARING_LEVEL"": ""PUBLIC_OPEN"", ""CONFIDENTIALITY_STATUS"": ""F"", ""DERIVATION_TYPE"": ""O"", ""SECURITY_CLASSIFICATION"": ""PUB""}"
AUS,gdp_real_lcu_quarterly_sa,2024-Q2,quarterly,672062000000.0,672062000000,observed,IMF_QNEA,QNEA|B1GQ|Q|SA|XDC|Q,SA,"{""ACCESS_SHARING_LEVEL"": ""PUBLIC_OPEN"", ""CONFIDENTIALITY_STATUS"": ""F"", ""DERIVATION_TYPE"": ""O"", ""SECURITY_CLASSIFICATION"": ""PUB""}"
AUS,gdp_real_lcu_quarterly_sa,2024-Q3,quarterly,673895000000.0,673895000000,observed,IMF_QNEA,QNEA|B1GQ|Q|SA|XDC|Q,SA,"{""ACCESS_SHARING_LEVEL"": ""PUBLIC_OPEN"", ""CONFIDENTIALITY_STATUS"": ""F"", ""DERIVATION_TYPE"": ""O"", ""SECURITY_CLASSIFICATION"": ""PUB""}"
AUS,gdp_real_lcu_quarterly_sa,2024-Q4,quarterly,676864000000.0,676864000000,observed,IMF_QNEA,QNEA|B1GQ|Q|SA|XDC|Q,SA,"{""ACCESS_SHARING_LEVEL"": ""PUBLIC_OPEN"", ""CONFIDENTIALITY_STATUS"": ""F"", ""DERIVATION_TYPE"": ""O"", ""SECURITY_CLASSIFICATION"": ""PUB""}"
AUT,gdp_real_lcu_quarterly_sa,2020-Q1,quarterly,83125132065.737,83125132065.737,observed,IMF_QNEA,QNEA|B1GQ|Q|SA|XDC|Q,SA,"{""ACCESS_SHARING_LEVEL"": ""PUBLIC_OPEN"", ""CONFIDENTIALITY_STATUS"": ""F"", ""DERIVATION_TYPE"": ""O"", ""SECURITY_CLASSIFICATION"": ""PUB""}"
AUT,gdp_real_lcu_quarterly_sa,2020-Q2,quarterly,72641721100.531,72641721100.531,observed,IMF_QNEA,QNEA|B1GQ|Q|SA|XDC|Q,SA,"{""ACCESS_SHARING_LEVEL"": ""PUBLIC_OPEN"", ""CONFIDENTIALITY_STATUS"": ""F"", ""DERIVATION_TYPE"": ""O"", ""SECURITY_CLASSIFICATION"": ""PUB""}"
AUT,gdp_real_lcu_quarterly_sa,2020-Q3,quarterly,80981706380.883,80981706380.883,observed,IMF_QNEA,QNEA|B1GQ|Q|SA|XDC|Q,SA,"{""ACCESS_SHARING_LEVEL"": ""PUBLIC_OPEN"", ""CONFIDENTIALITY_STATUS"": ""F"", ""DERIVATION_TYPE"": ""O"", ""SECURITY_CLASSIFICATION"": ""PUB""}"
AUT,gdp_real_lcu_quarterly_sa,2020-Q4,quarterly,79788333279.351,79788333279.351,observed,IMF_QNEA,QNEA|B1GQ|Q|SA|XDC|Q,SA,"{""ACCESS_SHARING_LEVEL"": ""PUBLIC_OPEN"", ""CONFIDENTIALITY_STATUS"": ""F"", ""DERIVATION_TYPE"": ""O"", ""SECURITY_CLASSIFICATION"": ""PUB""}"
AUT,gdp_real_lcu_quarterly_sa,2021-Q1,quarterly,79021876339.302,79021876339.302,observed,IMF_QNEA,QNEA|B1GQ|Q|SA|XDC|Q,SA,"{""ACCESS_SHARING_LEVEL"": ""PUBLIC_OPEN"", ""CONFIDENTIALITY_STATUS"": ""F"", ""DERIVATION_TYPE"": ""O"", ""SECURITY_CLASSIFICATION"": ""PUB""}"
AUT,gdp_real_lcu_quarterly_sa,2021-Q2,quarterly,82655029355.359,82655029355.359,observed,IMF_QNEA,QNEA|B1GQ|Q|SA|XDC|Q,SA,"{""ACCESS_SHARING_LEVEL"": ""PUBLIC_OPEN"", ""CONFIDENTIALITY_STATUS"": ""F"", ""DERIVATION_TYPE"": ""O"", ""SECURITY_CLASSIFICATION"": ""PUB""}"
AUT,gdp_real_lcu_quarterly_sa,2021-Q3,quarterly,85235372280.278,85235372280.278,observed,IMF_QNEA,QNEA|B1GQ|Q|SA|XDC|Q,SA,"{""ACCESS_SHARING_LEVEL"": ""PUBLIC_OPEN"", ""CONFIDENTIALITY_STATUS"": ""F"", ""DERIVATION_TYPE"": ""O"", ""SECURITY_CLASSIFICATION"": ""PUB""}"
AUT,gdp_real_lcu_quarterly_sa,2021-Q4,quarterly,85470786630.084,85470786630.084,observed,IMF_QNEA,QNEA|B1GQ|Q|SA|XDC|Q,SA,"{""ACCESS_SHARING_LEVEL"": ""PUBLIC_OPEN"", ""CONFIDENTIALITY_STATUS"": ""F"", ""DERIVATION_TYPE"": ""O"", ""SECURITY_CLASSIFICATION"": ""PUB""}"
AUT,gdp_real_lcu_quarterly_sa,2022-Q1,quarterly,85748360686.702,85748360686.702,observed,IMF_QNEA,QNEA|B1GQ|Q|SA|XDC|Q,SA,"{""ACCESS_SHARING_LEVEL"": ""PUBLIC_OPEN"", ""CONFIDENTIALITY_STATUS"": ""F"", ""DERIVATION_TYPE"": ""O"", ""SECURITY_CLASSIFICATION"": ""PUB""}"
AUT,gdp_real_lcu_quarterly_sa,2022-Q2,quarterly,88244843381.501,88244843381.501,observed,IMF_QNEA,QNEA|B1GQ|Q|SA|XDC|Q,SA,"{""ACCESS_SHARING_LEVEL"": ""PUBLIC_OPEN"", ""CONFIDENTIALITY_STATUS"": ""F"", ""DERIVATION_TYPE"": ""O"", ""SECURITY_CLASSIFICATION"": ""PUB""}"
AUT,gdp_real_lcu_quarterly_sa,2022-Q3,quarterly,88232199676.756,88232199676.756,observed,IMF_QNEA,QNEA|B1GQ|Q|SA|XDC|Q,SA,"{""ACCESS_SHARING_LEVEL"": ""PUBLIC_OPEN"", ""CONFIDENTIALITY_STATUS"": ""F"", ""DERIVATION_TYPE"": ""O"", ""SECURITY_CLASSIFICATION"": ""PUB""}"
AUT,gdp_real_lcu_quarterly_sa,2022-Q4,quarterly,88213776700.19,88213776700.19,observed,IMF_QNEA,QNEA|B1GQ|Q|SA|XDC|Q,SA,"{""ACCESS_SHARING_LEVEL"": ""PUBLIC_OPEN"", ""CONFIDENTIALITY_STATUS"": ""F"", ""DERIVATION_TYPE"": ""O"", ""SECURITY_CLASSIFICATION"": ""PUB""}"
AUT,gdp_real_lcu_quarterly_sa,2023-Q1,quarterly,88142706340.014,88142706340.014,observed,IMF_QNEA,QNEA|B1GQ|Q|SA|XDC|Q,SA,"{""ACCESS_SHARING_LEVEL"": ""PUBLIC_OPEN"", ""CONFIDENTIALITY_STATUS"": ""F"", ""DERIVATION_TYPE"": ""O"", ""SECURITY_CLASSIFICATION"": ""PUB""}"
AUT,gdp_real_lcu_quarterly_sa,2023-Q2,quarterly,87078466810.109,87078466810.109,observed,IMF_QNEA,QNEA|B1GQ|Q|SA|XDC|Q,SA,"{""ACCESS_SHARING_LEVEL"": ""PUBLIC_OPEN"", ""CONFIDENTIALITY_STATUS"": ""F"", ""DERIVATION_TYPE"": ""O"", ""SECURITY_CLASSIFICATION"": ""PUB""}"
AUT,gdp_real_lcu_quarterly_sa,2023-Q3,quarterly,86631557461.454,86631557461.454,observed,IMF_QNEA,QNEA|B1GQ|Q|SA|XDC|Q,SA,"{""ACCESS_SHARING_LEVEL"": ""PUBLIC_OPEN"", ""CONFIDENTIALITY_STATUS"": ""F"", ""DERIVATION_TYPE"": ""O"", ""SECURITY_CLASSIFICATION"": ""PUB""}"
AUT,gdp_real_lcu_quarterly_sa,2023-Q4,quarterly,86222548098.502,86222548098.502,observed,IMF_QNEA,QNEA|B1GQ|Q|SA|XDC|Q,SA,"{""ACCESS_SHARING_LEVEL"": ""PUBLIC_OPEN"", ""CONFIDENTIALITY_STATUS"": ""F"", ""DERIVATION_TYPE"": ""O"", ""SECURITY_CLASSIFICATION"": ""PUB""}"
AUT,gdp_real_lcu_quarterly_sa,2024-Q1,quarterly,86331421161.592,86331421161.592,observed,IMF_QNEA,QNEA|B1GQ|Q|SA|XDC|Q,SA,"{""ACCESS_SHARING_LEVEL"": ""PUBLIC_OPEN"", ""CONFIDENTIALITY_STATUS"": ""F"", ""DERIVATION_TYPE"": ""O"", ""SECURITY_CLASSIFICATION"": ""PUB""}"
AUT,gdp_real_lcu_quarterly_sa,2024-Q2,quarterly,86218122092.575,86218122092.575,observed,IMF_QNEA,QNEA|B1GQ|Q|SA|XDC|Q,SA,"{""ACCESS_SHARING_LEVEL"": ""PUBLIC_OPEN"", ""CONFIDENTIALITY_STATUS"": ""F"", ""DERIVATION_TYPE"": ""O"", ""SECURITY_CLASSIFICATION"": ""PUB""}"
AUT,gdp_real_lcu_quarterly_sa,2024-Q3,quarterly,86130610694.59,86130610694.59,observed,IMF_QNEA,QNEA|B1GQ|Q|SA|XDC|Q,SA,"{""ACCESS_SHARING_LEVEL"": ""PUBLIC_OPEN"", ""CONFIDENTIALITY_STATUS"": ""F"", ""DERIVATION_TYPE"": ""O"", ""SECURITY_CLASSIFICATION"": ""PUB""}"
AUT,gdp_real_lcu_quarterly_sa,2024-Q4,quarterly,86505723946.203,86505723946.203,observed,IMF_QNEA,QNEA|B1GQ|Q|SA|XDC|Q,SA,"{""ACCESS_SHARING_LEVEL"": ""PUBLIC_OPEN"", ""CONFIDENTIALITY_STATUS"": ""F"", ""DERIVATION_TYPE"": ""O"", ""SECURITY_CLASSIFICATION"": ""PUB""}"
BEL,gdp_real_lcu_quarterly_sa,2020-Q1,quarterly,101255217236.2,101255217236.2,observed,IMF_QNEA,QNEA|B1GQ|Q|SA|XDC|Q,SA,"{""ACCESS_SHARING_LEVEL"": ""PUBLIC_OPEN"", ""CONFIDENTIALITY_STATUS"": ""F"", ""DERIVATION_TYPE"": ""O"", ""SECURITY_CLASSIFICATION"": ""PUB""}"
BEL,gdp_real_lcu_quarterly_sa,2020-Q2,quarterly,90213844459.447,90213844459.447,observed,IMF_QNEA,QNEA|B1GQ|Q|SA|XDC|Q,SA,"{""ACCESS_SHARING_LEVEL"": ""PUBLIC_OPEN"", ""CONFIDENTIALITY_STATUS"": ""F"", ""DERIVATION_TYPE"": ""O"", ""SECURITY_CLASSIFICATION"": ""PUB""}"
BEL,gdp_real_lcu_quarterly_sa,2020-Q3,quarterly,100573814919.95,100573814919.95,observed,IMF_QNEA,QNEA|B1GQ|Q|SA|XDC|Q,SA,"{""ACCESS_SHARING_LEVEL"": ""PUBLIC_OPEN"", ""CONFIDENTIALITY_STATUS"": ""F"", ""DERIVATION_TYPE"": ""O"", ""SECURITY_CLASSIFICATION"": ""PUB""}"
BEL,gdp_real_lcu_quarterly_sa,2020-Q4,quarterly,100115064911.8,100115064911.8,observed,IMF_QNEA,QNEA|B1GQ|Q|SA|XDC|Q,SA,"{""ACCESS_SHARING_LEVEL"": ""PUBLIC_OPEN"", ""CONFIDENTIALITY_STATUS"": ""F"", ""DERIVATION_TYPE"": ""O"", ""SECURITY_CLASSIFICATION"": ""PUB""}"
BEL,gdp_real_lcu_quarterly_sa,2021-Q1,quarterly,101745170701.12,101745170701.12,observed,IMF_QNEA,QNEA|B1GQ|Q|SA|XDC|Q,SA,"{""ACCESS_SHARING_LEVEL"": ""PUBLIC_OPEN"", ""CONFIDENTIALITY_STATUS"": ""F"", ""DERIVATION_TYPE"": ""O"", ""SECURITY_CLASSIFICATION"": ""PUB""}"
BEL,gdp_real_lcu_quarterly_sa,2021-Q2,quarterly,103303905982.26,103303905982.26,observed,IMF_QNEA,QNEA|B1GQ|Q|SA|XDC|Q,SA,"{""ACCESS_SHARING_LEVEL"": ""PUBLIC_OPEN"", ""CONFIDENTIALITY_STATUS"": ""F"", ""DERIVATION_TYPE"": ""O"", ""SECURITY_CLASSIFICATION"": ""PUB""}"
BEL,gdp_real_lcu_quarterly_sa,2021-Q3,quarterly,105331876986.03,105331876986.03,observed,IMF_QNEA,QNEA|B1GQ|Q|SA|XDC|Q,SA,"{""ACCESS_SHARING_LEVEL"": ""PUBLIC_OPEN"", ""CONFIDENTIALITY_STATUS"": ""F"", ""DERIVATION_TYPE"": ""O"", ""SECURITY_CLASSIFICATION"": ""PUB""}"
BEL,gdp_real_lcu_quarterly_sa,2021-Q4,quarterly,106304511565.51,106304511565.51,observed,IMF_QNEA,QNEA|B1GQ|Q|SA|XDC|Q,SA,"{""ACCESS_SHARING_LEVEL"": ""PUBLIC_OPEN"", ""CONFIDENTIALITY_STATUS"": ""F"", ""DERIVATION_TYPE"": ""O"", ""SECURITY_CLASSIFICATION"": ""PUB""}"
BEL,gdp_real_lcu_quarterly_sa,2022-Q1,quarterly,106977203973.77,106977203973.77,observed,IMF_QNEA,QNEA|B1GQ|Q|SA|XDC|Q,SA,"{""ACCESS_SHARING_LEVEL"": ""PUBLIC_OPEN"", ""CONFIDENTIALITY_STATUS"": ""F"", ""DERIVATION_TYPE"": ""O"", ""SECURITY_CLASSIFICATION"": ""PUB""}"
BEL,gdp_real_lcu_quarterly_sa,2022-Q2,quarterly,108183653073.54,108183653073.54,observed,IMF_QNEA,QNEA|B1GQ|Q|SA|XDC|Q,SA,"{""ACCESS_SHARING_LEVEL"": ""PUBLIC_OPEN"", ""CONFIDENTIALITY_STATUS"": ""F"", ""DERIVATION_TYPE"": ""O"", ""SECURITY_CLASSIFICATION"": ""PUB""}"
BEL,gdp_real_lcu_quarterly_sa,2022-Q3,quarterly,108971688341.0,108971688341,observed,IMF_QNEA,QNEA|B1GQ|Q|SA|XDC|Q,SA,"{""ACCESS_SHARING_LEVEL"": ""PUBLIC_OPEN"", ""CONFIDENTIALITY_STATUS"": ""F"", ""DERIVATION_TYPE"": ""O"", ""SECURITY_CLASSIFICATION"": ""PUB""}"
BEL,gdp_real_lcu_quarterly_sa,2022-Q4,quarterly,109322790651.38,109322790651.38,observed,IMF_QNEA,QNEA|B1GQ|Q|SA|XDC|Q,SA,"{""ACCESS_SHARING_LEVEL"": ""PUBLIC_OPEN"", ""CONFIDENTIALITY_STATUS"": ""F"", ""DERIVATION_TYPE"": ""O"", ""SECURITY_CLASSIFICATION"": ""PUB""}"
BEL,gdp_real_lcu_quarterly_sa,2023-Q1,quarterly,109617067154.3,109617067154.3,observed,IMF_QNEA,QNEA|B1GQ|Q|SA|XDC|Q,SA,"{""ACCESS_SHARING_LEVEL"": ""PUBLIC_OPEN"", ""CONFIDENTIALITY_STATUS"": ""F"", ""DERIVATION_TYPE"": ""O"", ""SECURITY_CLASSIFICATION"": ""PUB""}"
BEL,gdp_real_lcu_quarterly_sa,2023-Q2,quarterly,109947282597.96,109947282597.96,observed,IMF_QNEA,QNEA|B1GQ|Q|SA|XDC|Q,SA,"{""ACCESS_SHARING_LEVEL"": ""PUBLIC_OPEN"", ""CONFIDENTIALITY_STATUS"": ""F"", ""DERIVATION_TYPE"": ""O"", ""SECURITY_CLASSIFICATION"": ""PUB""}"
BEL,gdp_real_lcu_quarterly_sa,2023-Q3,quarterly,110141183753.47,110141183753.47,observed,IMF_QNEA,QNEA|B1GQ|Q|SA|XDC|Q,SA,"{""ACCESS_SHARING_LEVEL"": ""PUBLIC_OPEN"", ""CONFIDENTIALITY_STATUS"": ""F"", ""DERIVATION_TYPE"": ""O"", ""SECURITY_CLASSIFICATION"": ""PUB""}"
BEL,gdp_real_lcu_quarterly_sa,2023-Q4,quarterly,110517062792.41,110517062792.41,observed,IMF_QNEA,QNEA|B1GQ|Q|SA|XDC|Q,SA,"{""ACCESS_SHARING_LEVEL"": ""PUBLIC_OPEN"", ""CONFIDENTIALITY_STATUS"": ""F"", ""DERIVATION_TYPE"": ""O"", ""SECURITY_CLASSIFICATION"": ""PUB""}"
BEL,gdp_real_lcu_quarterly_sa,2024-Q1,quarterly,110940550357.53,110940550357.53,observed,IMF_QNEA,QNEA|B1GQ|Q|SA|XDC|Q,SA,"{""ACCESS_SHARING_LEVEL"": ""PUBLIC_OPEN"", ""CONFIDENTIALITY_STATUS"": ""F"", ""DERIVATION_TYPE"": ""O"", ""SECURITY_CLASSIFICATION"": ""PUB""}"
BEL,gdp_real_lcu_quarterly_sa,2024-Q2,quarterly,111156437688.56,111156437688.56,observed,IMF_QNEA,QNEA|B1GQ|Q|SA|XDC|Q,SA,"{""ACCESS_SHARING_LEVEL"": ""PUBLIC_OPEN"", ""CONFIDENTIALITY_STATUS"": ""F"", ""DERIVATION_TYPE"": ""O"", ""SECURITY_CLASSIFICATION"": ""PUB""}"
BEL,gdp_real_lcu_quarterly_sa,2024-Q3,quarterly,111397524559.2,111397524559.2,observed,IMF_QNEA,QNEA|B1GQ|Q|SA|XDC|Q,SA,"{""ACCESS_SHARING_LEVEL"": ""PUBLIC_OPEN"", ""CONFIDENTIALITY_STATUS"": ""F"", ""DERIVATION_TYPE"": ""O"", ""SECURITY_CLASSIFICATION"": ""PUB""}"
BEL,gdp_real_lcu_quarterly_sa,2024-Q4,quarterly,111560729631.22,111560729631.22,observed,IMF_QNEA,QNEA|B1GQ|Q|SA|XDC|Q,SA,"{""ACCESS_SHARING_LEVEL"": ""PUBLIC_OPEN"", ""CONFIDENTIALITY_STATUS"": ""F"", ""DERIVATION_TYPE"": ""O"", ""SECURITY_CLASSIFICATION"": ""PUB""}"
BGR,gdp_real_lcu_quarterly_sa,2020-Q1,quarterly,11453314996.86,11453314996.86,observed,IMF_QNEA,QNEA|B1GQ|Q|SA|XDC|Q,SA,"{""ACCESS_SHARING_LEVEL"": ""PUBLIC_OPEN"", ""CONFIDENTIALITY_STATUS"": ""F"", ""DERIVATION_TYPE"": ""O"", ""SECURITY_CLASSIFICATION"": ""PUB""}"
BGR,gdp_real_lcu_quarterly_sa,2020-Q2,quarterly,10818839275.524,10818839275.524,observed,IMF_QNEA,QNEA|B1GQ|Q|SA|XDC|Q,SA,"{""ACCESS_SHARING_LEVEL"": ""PUBLIC_OPEN"", ""CONFIDENTIALITY_STATUS"": ""F"", ""DERIVATION_TYPE"": ""O"", ""SECURITY_CLASSIFICATION"": ""PUB""}"
BGR,gdp_real_lcu_quarterly_sa,2020-Q3,quarterly,11132946335.649,11132946335.649,observed,IMF_QNEA,QNEA|B1GQ|Q|SA|XDC|Q,SA,"{""ACCESS_SHARING_LEVEL"": ""PUBLIC_OPEN"", ""CONFIDENTIALITY_STATUS"": ""F"", ""DERIVATION_TYPE"": ""O"", ""SECURITY_CLASSIFICATION"": ""PUB""}"
BGR,gdp_real_lcu_quarterly_sa,2020-Q4,quarterly,11079574937.643,11079574937.643,observed,IMF_QNEA,QNEA|B1GQ|Q|SA|XDC|Q,SA,"{""ACCESS_SHARING_LEVEL"": ""PUBLIC_OPEN"", ""CONFIDENTIALITY_STATUS"": ""F"", ""DERIVATION_TYPE"": ""O"", ""SECURITY_CLASSIFICATION"": ""PUB""}"
BGR,gdp_real_lcu_quarterly_sa,2021-Q1,quarterly,11688099699.639,11688099699.639,observed,IMF_QNEA,QNEA|B1GQ|Q|SA|XDC|Q,SA,"{""ACCESS_SHARING_LEVEL"": ""PUBLIC_OPEN"", ""CONFIDENTIALITY_STATUS"": ""F"", ""DERIVATION_TYPE"": ""O"", ""SECURITY_CLASSIFICATION"": ""PUB""}"
BGR,gdp_real_lcu_quarterly_sa,2021-Q2,quarterly,11825444322.671,11825444322.671,observed,IMF_QNEA,QNEA|B1GQ|Q|SA|XDC|Q,SA,"{""ACCESS_SHARING_LEVEL"": ""PUBLIC_OPEN"", ""CONFIDENTIALITY_STATUS"": ""F"", ""DERIVATION_TYPE"": ""O"", ""SECURITY_CLASSIFICATION"": ""PUB""}"
BGR,gdp_real_lcu_quarterly_sa,2021-Q3,quarterly,12056877885.721,12056877885.721,observed,IMF_QNEA,QNEA|B1GQ|Q|SA|XDC|Q,SA,"{""ACCESS_SHARING_LEVEL"": ""PUBLIC_OPEN"", ""CONFIDENTIALITY_STATUS"": ""F"", ""DERIVATION_TYPE"": ""O"", ""SECURITY_CLASSIFICATION"": ""PUB""}"
BGR,gdp_real_lcu_quarterly_sa,2021-Q4,quarterly,12197224289.237,12197224289.237,observed,IMF_QNEA,QNEA|B1GQ|Q|SA|XDC|Q,SA,"{""ACCESS_SHARING_LEVEL"": ""PUBLIC_OPEN"", ""CONFIDENTIALITY_STATUS"": ""F"", ""DERIVATION_TYPE"": ""O"", ""SECURITY_CLASSIFICATION"": ""PUB""}"
BGR,gdp_real_lcu_quarterly_sa,2022-Q1,quarterly,12314884104.988,12314884104.988,observed,IMF_QNEA,QNEA|B1GQ|Q|SA|XDC|Q,SA,"{""ACCESS_SHARING_LEVEL"": ""PUBLIC_OPEN"", ""CONFIDENTIALITY_STATUS"": ""F"", ""DERIVATION_TYPE"": ""O"", ""SECURITY_CLASSIFICATION"": ""PUB""}"
BGR,gdp_real_lcu_quarterly_sa,2022-Q2,quarterly,12417064082.044,12417064082.044,observed,IMF_QNEA,QNEA|B1GQ|Q|SA|XDC|Q,SA,"{""ACCESS_SHARING_LEVEL"": ""PUBLIC_OPEN"", ""CONFIDENTIALITY_STATUS"": ""F"", ""DERIVATION_TYPE"": ""O"", ""SECURITY_CLASSIFICATION"": ""PUB""}"
BGR,gdp_real_lcu_quarterly_sa,2022-Q3,quarterly,12488814211.876,12488814211.876,observed,IMF_QNEA,QNEA|B1GQ|Q|SA|XDC|Q,SA,"{""ACCESS_SHARING_LEVEL"": ""PUBLIC_OPEN"", ""CONFIDENTIALITY_STATUS"": ""F"", ""DERIVATION_TYPE"": ""O"", ""SECURITY_CLASSIFICATION"": ""PUB""}"
BGR,gdp_real_lcu_quarterly_sa,2022-Q4,quarterly,12537827893.011,12537827893.011,observed,IMF_QNEA,QNEA|B1GQ|Q|SA|XDC|Q,SA,"{""ACCESS_SHARING_LEVEL"": ""PUBLIC_OPEN"", ""CONFIDENTIALITY_STATUS"": ""F"", ""DERIVATION_TYPE"": ""O"", ""SECURITY_CLASSIFICATION"": ""PUB""}"
BGR,gdp_real_lcu_quarterly_sa,2023-Q1,quarterly,12582530776.208,12582530776.208,observed,IMF_QNEA,QNEA|B1GQ|Q|SA|XDC|Q,SA,"{""ACCESS_SHARING_LEVEL"": ""PUBLIC_OPEN"", ""CONFIDENTIALITY_STATUS"": ""F"", ""DERIVATION_TYPE"": ""O"", ""SECURITY_CLASSIFICATION"": ""PUB""}"
BGR,gdp_real_lcu_quarterly_sa,2023-Q2,quarterly,12604841697.04,12604841697.04,observed,IMF_QNEA,QNEA|B1GQ|Q|SA|XDC|Q,SA,"{""ACCESS_SHARING_LEVEL"": ""PUBLIC_OPEN"", ""CONFIDENTIALITY_STATUS"": ""F"", ""DERIVATION_TYPE"": ""O"", ""SECURITY_CLASSIFICATION"": ""PUB""}"
BGR,gdp_real_lcu_quarterly_sa,2023-Q3,quarterly,12667956514.118,12667956514.118,observed,IMF_QNEA,QNEA|B1GQ|Q|SA|XDC|Q,SA,"{""ACCESS_SHARING_LEVEL"": ""PUBLIC_OPEN"", ""CONFIDENTIALITY_STATUS"": ""F"", ""DERIVATION_TYPE"": ""O"", ""SECURITY_CLASSIFICATION"": ""PUB""}"
BGR,gdp_real_lcu_quarterly_sa,2023-Q4,quarterly,12749165893.434,12749165893.434,observed,IMF_QNEA,QNEA|B1GQ|Q|SA|XDC|Q,SA,"{""ACCESS_SHARING_LEVEL"": ""PUBLIC_OPEN"", ""CONFIDENTIALITY_STATUS"": ""F"", ""DERIVATION_TYPE"": ""O"", ""SECURITY_CLASSIFICATION"": ""PUB""}"
BGR,gdp_real_lcu_quarterly_sa,2024-Q1,quarterly,12865420306.384,12865420306.384,observed,IMF_QNEA,QNEA|B1GQ|Q|SA|XDC|Q,SA,"{""ACCESS_SHARING_LEVEL"": ""PUBLIC_OPEN"", ""CONFIDENTIALITY_STATUS"": ""F"", ""DERIVATION_TYPE"": ""O"", ""SECURITY_CLASSIFICATION"": ""PUB""}"
BGR,gdp_real_lcu_quarterly_sa,2024-Q2,quarterly,12994696057.982,12994696057.982,observed,IMF_QNEA,QNEA|B1GQ|Q|SA|XDC|Q,SA,"{""ACCESS_SHARING_LEVEL"": ""PUBLIC_OPEN"", ""CONFIDENTIALITY_STATUS"": ""F"", ""DERIVATION_TYPE"": ""O"", ""SECURITY_CLASSIFICATION"": ""PUB""}"
BGR,gdp_real_lcu_quarterly_sa,2024-Q3,quarterly,13113456879.44,13113456879.44,observed,IMF_QNEA,QNEA|B1GQ|Q|SA|XDC|Q,SA,"{""ACCESS_SHARING_LEVEL"": ""PUBLIC_OPEN"", ""CONFIDENTIALITY_STATUS"": ""F"", ""DERIVATION_TYPE"": ""O"", ""SECURITY_CLASSIFICATION"": ""PUB""}"
BGR,gdp_real_lcu_quarterly_sa,2024-Q4,quarterly,13238754610.36,13238754610.36,observed,IMF_QNEA,QNEA|B1GQ|Q|SA|XDC|Q,SA,"{""ACCESS_SHARING_LEVEL"": ""PUBLIC_OPEN"", ""CONFIDENTIALITY_STATUS"": ""F"", ""DERIVATION_TYPE"": ""O"", ""SECURITY_CLASSIFICATION"": ""PUB""}"
BIH,gdp_real_lcu_quarterly_sa,2020-Q1,quarterly,7769607602.6047,7769607602.6047,observed,IMF_QNEA,QNEA|B1GQ|Q|SA|XDC|Q,SA,"{""ACCESS_SHARING_LEVEL"": ""PUBLIC_OPEN"", ""CONFIDENTIALITY_STATUS"": ""F"", ""DERIVATION_TYPE"": ""O"", ""SECURITY_CLASSIFICATION"": ""PUB""}"
BIH,gdp_real_lcu_quarterly_sa,2020-Q2,quarterly,7250515043.2954,7250515043.2954,observed,IMF_QNEA,QNEA|B1GQ|Q|SA|XDC|Q,SA,"{""ACCESS_SHARING_LEVEL"": ""PUBLIC_OPEN"", ""CONFIDENTIALITY_STATUS"": ""F"", ""DERIVATION_TYPE"": ""O"", ""SECURITY_CLASSIFICATION"": ""PUB""}"
BIH,gdp_real_lcu_quarterly_sa,2020-Q3,quarterly,7567941675.7271,7567941675.7271,observed,IMF_QNEA,QNEA|B1GQ|Q|SA|XDC|Q,SA,"{""ACCESS_SHARING_LEVEL"": ""PUBLIC_OPEN"", ""CONFIDENTIALITY_STATUS"": ""F"", ""DERIVATION_TYPE"": ""O"", ""SECURITY_CLASSIFICATION"": ""PUB""}"
BIH,gdp_real_lcu_quarterly_sa,2020-Q4,quarterly,7702006416.2048,7702006416.2048,observed,IMF_QNEA,QNEA|B1GQ|Q|SA|XDC|Q,SA,"{""ACCESS_SHARING_LEVEL"": ""PUBLIC_OPEN"", ""CONFIDENTIALITY_STATUS"": ""F"", ""DERIVATION_TYPE"": ""O"", ""SECURITY_CLASSIFICATION"": ""PUB""}"
BIH,gdp_real_lcu_quarterly_sa,2021-Q1,quarterly,7976046575.5108,7976046575.5108,observed,IMF_QNEA,QNEA|B1GQ|Q|SA|XDC|Q,SA,"{""ACCESS_SHARING_LEVEL"": ""PUBLIC_OPEN"", ""CONFIDENTIALITY_STATUS"": ""F"", ""DERIVATION_TYPE"": ""O"", ""SECURITY_CLASSIFICATION"": ""PUB""}"
BIH,gdp_real_lcu_quarterly_sa,2021-Q2,quarterly,8066512876.7574,8066512876.7574,observed,IMF_QNEA,QNEA|B1GQ|Q|SA|XDC|Q,SA,"{""ACCESS_SHARING_LEVEL"": ""PUBLIC_OPEN"", ""CONFIDENTIALITY_STATUS"": ""F"", ""DERIVATION_TYPE"": ""O"", ""SECURITY_CLASSIFICATION"": ""PUB""}"
BIH,gdp_real_lcu_quarterly_sa,2021-Q3,quarterly,8150929050.0605,8150929050.0605,observed,IMF_QNEA,QNEA|B1GQ|Q|SA|XDC|Q,SA,"{""ACCESS_SHARING_LEVEL"": ""PUBLIC_OPEN"", ""CONFIDENTIALITY_STATUS"": ""F"", ""DERIVATION_TYPE"": ""O"", ""SECURITY_CLASSIFICATION"": ""PUB""}"
BIH,gdp_real_lcu_quarterly_sa,2021-Q4,quarterly,8324876407.3368,8324876407.3368,observed,IMF_QNEA,QNEA|B1GQ|Q|SA|XDC|Q,SA,"{""ACCESS_SHARING_LEVEL"": ""PUBLIC_OPEN"", ""CONFIDENTIALITY_STATUS"": ""F"", ""DERIVATION_TYPE"": ""O"", ""SECURITY_CLASSIFICATION"": ""PUB""}"
BIH,gdp_real_lcu_quarterly_sa,2022-Q1,quarterly,8398554795.0541,8398554795.0541,observed,IMF_QNEA,QNEA|B1GQ|Q|SA|XDC|Q,SA,"{""ACCESS_SHARING_LEVEL"": ""PUBLIC_OPEN"", ""CONFIDENTIALITY_STATUS"": ""F"", ""DERIVATION_TYPE"": ""O"", ""SECURITY_CLASSIFICATION"": ""PUB""}"
BIH,gdp_real_lcu_quarterly_sa,2022-Q2,quarterly,8517164901.993,8517164901.993,observed,IMF_QNEA,QNEA|B1GQ|Q|SA|XDC|Q,SA,"{""ACCESS_SHARING_LEVEL"": ""PUBLIC_OPEN"", ""CONFIDENTIALITY_STATUS"": ""F"", ""DERIVATION_TYPE"": ""O"", ""SECURITY_CLASSIFICATION"": ""PUB""}"
BIH,gdp_real_lcu_quarterly_sa,2022-Q3,quarterly,8428647321.4185,8428647321.4185,observed,IMF_QNEA,QNEA|B1GQ|Q|SA|XDC|Q,SA,"{""ACCESS_SHARING_LEVEL"": ""PUBLIC_OPEN"", ""CONFIDENTIALITY_STATUS"": ""F"", ""DERIVATION_TYPE"": ""O"", ""SECURITY_CLASSIFICATION"": ""PUB""}"
BIH,gdp_real_lcu_quarterly_sa,2022-Q4,quarterly,8544472998.4192,8544472998.4192,observed,IMF_QNEA,QNEA|B1GQ|Q|SA|XDC|Q,SA,"{""ACCESS_SHARING_LEVEL"": ""PUBLIC_OPEN"", ""CONFIDENTIALITY_STATUS"": ""F"", ""DERIVATION_TYPE"": ""O"", ""SECURITY_CLASSIFICATION"": ""PUB""}"
BIH,gdp_real_lcu_quarterly_sa,2023-Q1,quarterly,8571233627.0266,8571233627.0266,observed,IMF_QNEA,QNEA|B1GQ|Q|SA|XDC|Q,SA,"{""ACCESS_SHARING_LEVEL"": ""PUBLIC_OPEN"", ""CONFIDENTIALITY_STATUS"": ""F"", ""DERIVATION_TYPE"": ""O"", ""SECURITY_CLASSIFICATION"": ""PUB""}"
BIH,gdp_real_lcu_quarterly_sa,2023-Q2,quarterly,8636591502.1569,8636591502.1569,observed,IMF_QNEA,QNEA|B1GQ|Q|SA|XDC|Q,SA,"{""ACCESS_SHARING_LEVEL"": ""PUBLIC_OPEN"", ""CONFIDENTIALITY_STATUS"": ""F"", ""DERIVATION_TYPE"": ""O"", ""SECURITY_CLASSIFICATION"": ""PUB""}"
BIH,gdp_real_lcu_quarterly_sa,2023-Q3,quarterly,8631753888.3034,8631753888.3034,observed,IMF_QNEA,QNEA|B1GQ|Q|SA|XDC|Q,SA,"{""ACCESS_SHARING_LEVEL"": ""PUBLIC_OPEN"", ""CONFIDENTIALITY_STATUS"": ""F"", ""DERIVATION_TYPE"": ""O"", ""SECURITY_CLASSIFICATION"": ""PUB""}"
BIH,gdp_real_lcu_quarterly_sa,2023-Q4,quarterly,8722858924.0134,8722858924.0134,observed,IMF_QNEA,QNEA|B1GQ|Q|SA|XDC|Q,SA,"{""ACCESS_SHARING_LEVEL"": ""PUBLIC_OPEN"", ""CONFIDENTIALITY_STATUS"": ""F"", ""DERIVATION_TYPE"": ""O"", ""SECURITY_CLASSIFICATION"": ""PUB""}"
BIH,gdp_real_lcu_quarterly_sa,2024-Q1,quarterly,8829414273.847,8829414273.847,observed,IMF_QNEA,QNEA|B1GQ|Q|SA|XDC|Q,SA,"{""ACCESS_SHARING_LEVEL"": ""PUBLIC_OPEN"", ""CONFIDENTIALITY_STATUS"": ""F"", ""DERIVATION_TYPE"": ""O"", ""SECURITY_CLASSIFICATION"": ""PUB""}"
BIH,gdp_real_lcu_quarterly_sa,2024-Q2,quarterly,8914272470.0782,8914272470.0782,observed,IMF_QNEA,QNEA|B1GQ|Q|SA|XDC|Q,SA,"{""ACCESS_SHARING_LEVEL"": ""PUBLIC_OPEN"", ""CONFIDENTIALITY_STATUS"": ""F"", ""DERIVATION_TYPE"": ""O"", ""SECURITY_CLASSIFICATION"": ""PUB""}"
BIH,gdp_real_lcu_quarterly_sa,2024-Q3,quarterly,8949810125.5442,8949810125.5442,observed,IMF_QNEA,QNEA|B1GQ|Q|SA|XDC|Q,SA,"{""ACCESS_SHARING_LEVEL"": ""PUBLIC_OPEN"", ""CONFIDENTIALITY_STATUS"": ""F"", ""DERIVATION_TYPE"": ""O"", ""SECURITY_CLASSIFICATION"": ""PUB""}"
BIH,gdp_real_lcu_quarterly_sa,2024-Q4,quarterly,8980608571.9237,8980608571.9237,observed,IMF_QNEA,QNEA|B1GQ|Q|SA|XDC|Q,SA,"{""ACCESS_SHARING_LEVEL"": ""PUBLIC_OPEN"", ""CONFIDENTIALITY_STATUS"": ""F"", ""DERIVATION_TYPE"": ""O"", ""SECURITY_CLASSIFICATION"": ""PUB""}"
BRA,gdp_real_lcu_quarterly_sa,2020-Q1,quarterly,296682200000.0,296682200000,observed,IMF_QNEA,QNEA|B1GQ|Q|SA|XDC|Q,SA,"{""ACCESS_SHARING_LEVEL"": ""PUBLIC_OPEN"", ""CONFIDENTIALITY_STATUS"": ""F"", ""DERIVATION_TYPE"": ""O"", ""SECURITY_CLASSIFICATION"": ""PUB""}"
BRA,gdp_real_lcu_quarterly_sa,2020-Q2,quarterly,270334500000.0,270334500000,observed,IMF_QNEA,QNEA|B1GQ|Q|SA|XDC|Q,SA,"{""ACCESS_SHARING_LEVEL"": ""PUBLIC_OPEN"", ""CONFIDENTIALITY_STATUS"": ""F"", ""DERIVATION_TYPE"": ""O"", ""SECURITY_CLASSIFICATION"": ""PUB""}"
BRA,gdp_real_lcu_quarterly_sa,2020-Q3,quarterly,291756500000.0,291756500000,observed,IMF_QNEA,QNEA|B1GQ|Q|SA|XDC|Q,SA,"{""ACCESS_SHARING_LEVEL"": ""PUBLIC_OPEN"", ""CONFIDENTIALITY_STATUS"": ""F"", ""DERIVATION_TYPE"": ""O"", ""SECURITY_CLASSIFICATION"": ""PUB""}"
BRA,gdp_real_lcu_quarterly_sa,2020-Q4,quarterly,302955600000.0,302955600000,observed,IMF_QNEA,QNEA|B1GQ|Q|SA|XDC|Q,SA,"{""ACCESS_SHARING_LEVEL"": ""PUBLIC_OPEN"", ""CONFIDENTIALITY_STATUS"": ""F"", ""DERIVATION_TYPE"": ""O"", ""SECURITY_CLASSIFICATION"": ""PUB""}"
BRA,gdp_real_lcu_quarterly_sa,2021-Q1,quarterly,305606400000.0,305606400000,observed,IMF_QNEA,QNEA|B1GQ|Q|SA|XDC|Q,SA,"{""ACCESS_SHARING_LEVEL"": ""PUBLIC_OPEN"", ""CONFIDENTIALITY_STATUS"": ""F"", ""DERIVATION_TYPE"": ""O"", ""SECURITY_CLASSIFICATION"": ""PUB""}"
BRA,gdp_real_lcu_quarterly_sa,2021-Q2,quarterly,303478400000.0,303478400000,observed,IMF_QNEA,QNEA|B1GQ|Q|SA|XDC|Q,SA,"{""ACCESS_SHARING_LEVEL"": ""PUBLIC_OPEN"", ""CONFIDENTIALITY_STATUS"": ""F"", ""DERIVATION_TYPE"": ""O"", ""SECURITY_CLASSIFICATION"": ""PUB""}"
BRA,gdp_real_lcu_quarterly_sa,2021-Q3,quarterly,303921700000.0,303921700000,observed,IMF_QNEA,QNEA|B1GQ|Q|SA|XDC|Q,SA,"{""ACCESS_SHARING_LEVEL"": ""PUBLIC_OPEN"", ""CONFIDENTIALITY_STATUS"": ""F"", ""DERIVATION_TYPE"": ""O"", ""SECURITY_CLASSIFICATION"": ""PUB""}"
BRA,gdp_real_lcu_quarterly_sa,2021-Q4,quarterly,307977100000.0,307977100000,observed,IMF_QNEA,QNEA|B1GQ|Q|SA|XDC|Q,SA,"{""ACCESS_SHARING_LEVEL"": ""PUBLIC_OPEN"", ""CONFIDENTIALITY_STATUS"": ""F"", ""DERIVATION_TYPE"": ""O"", ""SECURITY_CLASSIFICATION"": ""PUB""}"
BRA,gdp_real_lcu_quarterly_sa,2022-Q1,quarterly,310105600000.0,310105600000,observed,IMF_QNEA,QNEA|B1GQ|Q|SA|XDC|Q,SA,"{""ACCESS_SHARING_LEVEL"": ""PUBLIC_OPEN"", ""CONFIDENTIALITY_STATUS"": ""F"", ""DERIVATION_TYPE"": ""O"", ""SECURITY_CLASSIFICATION"": ""PUB""}"
BRA,gdp_real_lcu_quarterly_sa,2022-Q2,quarterly,313649000000.0,313649000000,observed,IMF_QNEA,QNEA|B1GQ|Q|SA|XDC|Q,SA,"{""ACCESS_SHARING_LEVEL"": ""PUBLIC_OPEN"", ""CONFIDENTIALITY_STATUS"": ""F"", ""DERIVATION_TYPE"": ""O"", ""SECURITY_CLASSIFICATION"": ""PUB""}"
BRA,gdp_real_lcu_quarterly_sa,2022-Q3,quarterly,316956500000.0,316956500000,observed,IMF_QNEA,QNEA|B1GQ|Q|SA|XDC|Q,SA,"{""ACCESS_SHARING_LEVEL"": ""PUBLIC_OPEN"", ""CONFIDENTIALITY_STATUS"": ""F"", ""DERIVATION_TYPE"": ""O"", ""SECURITY_CLASSIFICATION"": ""PUB""}"
BRA,gdp_real_lcu_quarterly_sa,2022-Q4,quarterly,318317000000.0,318317000000,observed,IMF_QNEA,QNEA|B1GQ|Q|SA|XDC|Q,SA,"{""ACCESS_SHARING_LEVEL"": ""PUBLIC_OPEN"", ""CONFIDENTIALITY_STATUS"": ""F"", ""DERIVATION_TYPE"": ""O"", ""SECURITY_CLASSIFICATION"": ""PUB""}"
BRA,gdp_real_lcu_quarterly_sa,2023-Q1,quarterly,322549700000.0,322549700000,observed,IMF_QNEA,QNEA|B1GQ|Q|SA|XDC|Q,SA,"{""ACCESS_SHARING_LEVEL"": ""PUBLIC_OPEN"", ""CONFIDENTIALITY_STATUS"": ""F"", ""DERIVATION_TYPE"": ""O"", ""SECURITY_CLASSIFICATION"": ""PUB""}"
BRA,gdp_real_lcu_quarterly_sa,2023-Q2,quarterly,325107200000.0,325107200000,observed,IMF_QNEA,QNEA|B1GQ|Q|SA|XDC|Q,SA,"{""ACCESS_SHARING_LEVEL"": ""PUBLIC_OPEN"", ""CONFIDENTIALITY_STATUS"": ""F"", ""DERIVATION_TYPE"": ""O"", ""SECURITY_CLASSIFICATION"": ""PUB""}"
BRA,gdp_real_lcu_quarterly_sa,2023-Q3,quarterly,325549600000.0,325549600000,observed,IMF_QNEA,QNEA|B1GQ|Q|SA|XDC|Q,SA,"{""ACCESS_SHARING_LEVEL"": ""PUBLIC_OPEN"", ""CONFIDENTIALITY_STATUS"": ""F"", ""DERIVATION_TYPE"": ""O"", ""SECURITY_CLASSIFICATION"": ""PUB""}"
BRA,gdp_real_lcu_quarterly_sa,2023-Q4,quarterly,326771900000.0,326771900000,observed,IMF_QNEA,QNEA|B1GQ|Q|SA|XDC|Q,SA,"{""ACCESS_SHARING_LEVEL"": ""PUBLIC_OPEN"", ""CONFIDENTIALITY_STATUS"": ""F"", ""DERIVATION_TYPE"": ""O"", ""SECURITY_CLASSIFICATION"": ""PUB""}"
BRA,gdp_real_lcu_quarterly_sa,2024-Q1,quarterly,328927500000.0,328927500000,observed,IMF_QNEA,QNEA|B1GQ|Q|SA|XDC|Q,SA,"{""ACCESS_SHARING_LEVEL"": ""PUBLIC_OPEN"", ""CONFIDENTIALITY_STATUS"": ""F"", ""DERIVATION_TYPE"": ""O"", ""SECURITY_CLASSIFICATION"": ""PUB""}"
BRA,gdp_real_lcu_quarterly_sa,2024-Q2,quarterly,334544200000.0,334544200000,observed,IMF_QNEA,QNEA|B1GQ|Q|SA|XDC|Q,SA,"{""ACCESS_SHARING_LEVEL"": ""PUBLIC_OPEN"", ""CONFIDENTIALITY_STATUS"": ""F"", ""DERIVATION_TYPE"": ""O"", ""SECURITY_CLASSIFICATION"": ""PUB""}"
BRA,gdp_real_lcu_quarterly_sa,2024-Q3,quarterly,337549100000.0,337549100000,observed,IMF_QNEA,QNEA|B1GQ|Q|SA|XDC|Q,SA,"{""ACCESS_SHARING_LEVEL"": ""PUBLIC_OPEN"", ""CONFIDENTIALITY_STATUS"": ""F"", ""DERIVATION_TYPE"": ""O"", ""SECURITY_CLASSIFICATION"": ""PUB""}"
BRA,gdp_real_lcu_quarterly_sa,2024-Q4,quarterly,337823500000.0,337823500000,observed,IMF_QNEA,QNEA|B1GQ|Q|SA|XDC|Q,SA,"{""ACCESS_SHARING_LEVEL"": ""PUBLIC_OPEN"", ""CONFIDENTIALITY_STATUS"": ""F"", ""DERIVATION_TYPE"": ""O"", ""SECURITY_CLASSIFICATION"": ""PUB""}"
CAN,gdp_real_lcu_quarterly_sa,2020-Q1,quarterly,552844000000.0,552844000000,observed,IMF_QNEA,QNEA|B1GQ|Q|SA|XDC|Q,SA,"{""ACCESS_SHARING_LEVEL"": ""PUBLIC_OPEN"", ""CONFIDENTIALITY_STATUS"": ""F"", ""DERIVATION_TYPE"": ""O"", ""SECURITY_CLASSIFICATION"": ""PUB""}"
CAN,gdp_real_lcu_quarterly_sa,2020-Q2,quarterly,492031500000.0,492031500000,observed,IMF_QNEA,QNEA|B1GQ|Q|SA|XDC|Q,SA,"{""ACCESS_SHARING_LEVEL"": ""PUBLIC_OPEN"", ""CONFIDENTIALITY_STATUS"": ""F"", ""DERIVATION_TYPE"": ""O"", ""SECURITY_CLASSIFICATION"": ""PUB""}"
CAN,gdp_real_lcu_quarterly_sa,2020-Q3,quarterly,536725300000.0,536725300000,observed,IMF_QNEA,QNEA|B1GQ|Q|SA|XDC|Q,SA,"{""ACCESS_SHARING_LEVEL"": ""PUBLIC_OPEN"", ""CONFIDENTIALITY_STATUS"": ""F"", ""DERIVATION_TYPE"": ""O"", ""SECURITY_CLASSIFICATION"": ""PUB""}"
CAN,gdp_real_lcu_quarterly_sa,2020-Q4,quarterly,546807000000.0,546807000000,observed,IMF_QNEA,QNEA|B1GQ|Q|SA|XDC|Q,SA,"{""ACCESS_SHARING_LEVEL"": ""PUBLIC_OPEN"", ""CONFIDENTIALITY_STATUS"": ""F"", ""DERIVATION_TYPE"": ""O"", ""SECURITY_CLASSIFICATION"": ""PUB""}"
CAN,gdp_real_lcu_quarterly_sa,2021-Q1,quarterly,556122300000.0,556122300000,observed,IMF_QNEA,QNEA|B1GQ|Q|SA|XDC|Q,SA,"{""ACCESS_SHARING_LEVEL"": ""PUBLIC_OPEN"", ""CONFIDENTIALITY_STATUS"": ""F"", ""DERIVATION_TYPE"": ""O"", ""SECURITY_CLASSIFICATION"": ""PUB""}"
CAN,gdp_real_lcu_quarterly_sa,2021-Q2,quarterly,555470500000.0,555470500000,observed,IMF_QNEA,QNEA|B1GQ|Q|SA|XDC|Q,SA,"{""ACCESS_SHARING_LEVEL"": ""PUBLIC_OPEN"", ""CONFIDENTIALITY_STATUS"": ""F"", ""DERIVATION_TYPE"": ""O"", ""SECURITY_CLASSIFICATION"": ""PUB""}"
CAN,gdp_real_lcu_quarterly_sa,2021-Q3,quarterly,566660500000.0,566660500000,observed,IMF_QNEA,QNEA|B1GQ|Q|SA|XDC|Q,SA,"{""ACCESS_SHARING_LEVEL"": ""PUBLIC_OPEN"", ""CONFIDENTIALITY_STATUS"": ""F"", ""DERIVATION_TYPE"": ""O"", ""SECURITY_CLASSIFICATION"": ""PUB""}"
CAN,gdp_real_lcu_quarterly_sa,2021-Q4,quarterly,576806000000.0,576806000000,observed,IMF_QNEA,QNEA|B1GQ|Q|SA|XDC|Q,SA,"{""ACCESS_SHARING_LEVEL"": ""PUBLIC_OPEN"", ""CONFIDENTIALITY_STATUS"": ""F"", ""DERIVATION_TYPE"": ""O"", ""SECURITY_CLASSIFICATION"": ""PUB""}"
CAN,gdp_real_lcu_quarterly_sa,2022-Q1,quarterly,582786500000.0,582786500000,observed,IMF_QNEA,QNEA|B1GQ|Q|SA|XDC|Q,SA,"{""ACCESS_SHARING_LEVEL"": ""PUBLIC_OPEN"", ""CONFIDENTIALITY_STATUS"": ""F"", ""DERIVATION_TYPE"": ""O"", ""SECURITY_CLASSIFICATION"": ""PUB""}"
CAN,gdp_real_lcu_quarterly_sa,2022-Q2,quarterly,589416500000.0,589416500000,observed,IMF_QNEA,QNEA|B1GQ|Q|SA|XDC|Q,SA,"{""ACCESS_SHARING_LEVEL"": ""PUBLIC_OPEN"", ""CONFIDENTIALITY_STATUS"": ""F"", ""DERIVATION_TYPE"": ""O"", ""SECURITY_CLASSIFICATION"": ""PUB""}"
CAN,gdp_real_lcu_quarterly_sa,2022-Q3,quarterly,594183500000.0,594183500000,observed,IMF_QNEA,QNEA|B1GQ|Q|SA|XDC|Q,SA,"{""ACCESS_SHARING_LEVEL"": ""PUBLIC_OPEN"", ""CONFIDENTIALITY_STATUS"": ""F"", ""DERIVATION_TYPE"": ""O"", ""SECURITY_CLASSIFICATION"": ""PUB""}"
CAN,gdp_real_lcu_quarterly_sa,2022-Q4,quarterly,594557300000.0,594557300000,observed,IMF_QNEA,QNEA|B1GQ|Q|SA|XDC|Q,SA,"{""ACCESS_SHARING_LEVEL"": ""PUBLIC_OPEN"", ""CONFIDENTIALITY_STATUS"": ""F"", ""DERIVATION_TYPE"": ""O"", ""SECURITY_CLASSIFICATION"": ""PUB""}"
CAN,gdp_real_lcu_quarterly_sa,2023-Q1,quarterly,600816000000.0,600816000000,observed,IMF_QNEA,QNEA|B1GQ|Q|SA|XDC|Q,SA,"{""ACCESS_SHARING_LEVEL"": ""PUBLIC_OPEN"", ""CONFIDENTIALITY_STATUS"": ""F"", ""DERIVATION_TYPE"": ""O"", ""SECURITY_CLASSIFICATION"": ""PUB""}"
CAN,gdp_real_lcu_quarterly_sa,2023-Q2,quarterly,601774800000.0,601774800000,observed,IMF_QNEA,QNEA|B1GQ|Q|SA|XDC|Q,SA,"{""ACCESS_SHARING_LEVEL"": ""PUBLIC_OPEN"", ""CONFIDENTIALITY_STATUS"": ""F"", ""DERIVATION_TYPE"": ""O"", ""SECURITY_CLASSIFICATION"": ""PUB""}"
CAN,gdp_real_lcu_quarterly_sa,2023-Q3,quarterly,602076500000.0,602076500000,observed,IMF_QNEA,QNEA|B1GQ|Q|SA|XDC|Q,SA,"{""ACCESS_SHARING_LEVEL"": ""PUBLIC_OPEN"", ""CONFIDENTIALITY_STATUS"": ""F"", ""DERIVATION_TYPE"": ""O"", ""SECURITY_CLASSIFICATION"": ""PUB""}"
CAN,gdp_real_lcu_quarterly_sa,2023-Q4,quarterly,602387800000.0,602387800000,observed,IMF_QNEA,QNEA|B1GQ|Q|SA|XDC|Q,SA,"{""ACCESS_SHARING_LEVEL"": ""PUBLIC_OPEN"", ""CONFIDENTIALITY_STATUS"": ""F"", ""DERIVATION_TYPE"": ""O"", ""SECURITY_CLASSIFICATION"": ""PUB""}"
CAN,gdp_real_lcu_quarterly_sa,2024-Q1,quarterly,606777000000.0,606777000000,observed,IMF_QNEA,QNEA|B1GQ|Q|SA|XDC|Q,SA,"{""ACCESS_SHARING_LEVEL"": ""PUBLIC_OPEN"", ""CONFIDENTIALITY_STATUS"": ""F"", ""DERIVATION_TYPE"": ""O"", ""SECURITY_CLASSIFICATION"": ""PUB""}"
CAN,gdp_real_lcu_quarterly_sa,2024-Q2,quarterly,611728300000.0,611728300000,observed,IMF_QNEA,QNEA|B1GQ|Q|SA|XDC|Q,SA,"{""ACCESS_SHARING_LEVEL"": ""PUBLIC_OPEN"", ""CONFIDENTIALITY_STATUS"": ""F"", ""DERIVATION_TYPE"": ""O"", ""SECURITY_CLASSIFICATION"": ""PUB""}"
CAN,gdp_real_lcu_quarterly_sa,2024-Q3,quarterly,616739300000.0,616739300000,observed,IMF_QNEA,QNEA|B1GQ|Q|SA|XDC|Q,SA,"{""ACCESS_SHARING_LEVEL"": ""PUBLIC_OPEN"", ""CONFIDENTIALITY_STATUS"": ""F"", ""DERIVATION_TYPE"": ""O"", ""SECURITY_CLASSIFICATION"": ""PUB""}"
CAN,gdp_real_lcu_quarterly_sa,2024-Q4,quarterly,621065300000.0,621065300000,observed,IMF_QNEA,QNEA|B1GQ|Q|SA|XDC|Q,SA,"{""ACCESS_SHARING_LEVEL"": ""PUBLIC_OPEN"", ""CONFIDENTIALITY_STATUS"": ""F"", ""DERIVATION_TYPE"": ""O"", ""SECURITY_CLASSIFICATION"": ""PUB""}"
CHE,gdp_real_lcu_quarterly_sa,2020-Q1,quarterly,185373009156.18,185373009156.18,observed,IMF_QNEA,QNEA|B1GQ|Q|SA|XDC|Q,SA,"{""ACCESS_SHARING_LEVEL"": ""PUBLIC_OPEN"", ""CONFIDENTIALITY_STATUS"": ""F"", ""DERIVATION_TYPE"": ""O"", ""SECURITY_CLASSIFICATION"": ""PUB""}"
CHE,gdp_real_lcu_quarterly_sa,2020-Q2,quarterly,173609342728.05,173609342728.05,observed,IMF_QNEA,QNEA|B1GQ|Q|SA|XDC|Q,SA,"{""ACCESS_SHARING_LEVEL"": ""PUBLIC_OPEN"", ""CONFIDENTIALITY_STATUS"": ""F"", ""DERIVATION_TYPE"": ""O"", ""SECURITY_CLASSIFICATION"": ""PUB""}"
CHE,gdp_real_lcu_quarterly_sa,2020-Q3,quarterly,184274155722.28,184274155722.28,observed,IMF_QNEA,QNEA|B1GQ|Q|SA|XDC|Q,SA,"{""ACCESS_SHARING_LEVEL"": ""PUBLIC_OPEN"", ""CONFIDENTIALITY_STATUS"": ""F"", ""DERIVATION_TYPE"": ""O"", ""SECURITY_CLASSIFICATION"": ""PUB""}"
CHE,gdp_real_lcu_quarterly_sa,2020-Q4,quarterly,185988236620.2,185988236620.2,observed,IMF_QNEA,QNEA|B1GQ|Q|SA|XDC|Q,SA,"{""ACCESS_SHARING_LEVEL"": ""PUBLIC_OPEN"", ""CONFIDENTIALITY_STATUS"": ""F"", ""DERIVATION_TYPE"": ""O"", ""SECURITY_CLASSIFICATION"": ""PUB""}"
CHE,gdp_real_lcu_quarterly_sa,2021-Q1,quarterly,187275843413.1,187275843413.1,observed,IMF_QNEA,QNEA|B1GQ|Q|SA|XDC|Q,SA,"{""ACCESS_SHARING_LEVEL"": ""PUBLIC_OPEN"", ""CONFIDENTIALITY_STATUS"": ""F"", ""DERIVATION_TYPE"": ""O"", ""SECURITY_CLASSIFICATION"": ""PUB""}"
CHE,gdp_real_lcu_quarterly_sa,2021-Q2,quarterly,192324234227.21,192324234227.21,observed,IMF_QNEA,QNEA|B1GQ|Q|SA|XDC|Q,SA,"{""ACCESS_SHARING_LEVEL"": ""PUBLIC_OPEN"", ""CONFIDENTIALITY_STATUS"": ""F"", ""DERIVATION_TYPE"": ""O"", ""SECURITY_CLASSIFICATION"": ""PUB""}"
CHE,gdp_real_lcu_quarterly_sa,2021-Q3,quarterly,196489566227.35,196489566227.35,observed,IMF_QNEA,QNEA|B1GQ|Q|SA|XDC|Q,SA,"{""ACCESS_SHARING_LEVEL"": ""PUBLIC_OPEN"", ""CONFIDENTIALITY_STATUS"": ""F"", ""DERIVATION_TYPE"": ""O"", ""SECURITY_CLASSIFICATION"": ""PUB""}"
CHE,gdp_real_lcu_quarterly_sa,2021-Q4,quarterly,198050489342.27,198050489342.27,observed,IMF_QNEA,QNEA|B1GQ|Q|SA|XDC|Q,SA,"{""ACCESS_SHARING_LEVEL"": ""PUBLIC_OPEN"", ""CONFIDENTIALITY_STATUS"": ""F"", ""DERIVATION_TYPE"": ""O"", ""SECURITY_CLASSIFICATION"": ""PUB""}"
CHE,gdp_real_lcu_quarterly_sa,2022-Q1,quarterly,198538890464.02,198538890464.02,observed,IMF_QNEA,QNEA|B1GQ|Q|SA|XDC|Q,SA,"{""ACCESS_SHARING_LEVEL"": ""PUBLIC_OPEN"", ""CONFIDENTIALITY_STATUS"": ""F"", ""DERIVATION_TYPE"": ""O"", ""SECURITY_CLASSIFICATION"": ""PUB""}"
CHE,gdp_real_lcu_quarterly_sa,2022-Q2,quarterly,200197442125.44,200197442125.44,observed,IMF_QNEA,QNEA|B1GQ|Q|SA|XDC|Q,SA,"{""ACCESS_SHARING_LEVEL"": ""PUBLIC_OPEN"", ""CONFIDENTIALITY_STATUS"": ""F"", ""DERIVATION_TYPE"": ""O"", ""SECURITY_CLASSIFICATION"": ""PUB""}"
CHE,gdp_real_lcu_quarterly_sa,2022-Q3,quarterly,201370768610.34,201370768610.34,observed,IMF_QNEA,QNEA|B1GQ|Q|SA|XDC|Q,SA,"{""ACCESS_SHARING_LEVEL"": ""PUBLIC_OPEN"", ""CONFIDENTIALITY_STATUS"": ""F"", ""DERIVATION_TYPE"": ""O"", ""SECURITY_CLASSIFICATION"": ""PUB""}"
CHE,gdp_real_lcu_quarterly_sa,2022-Q4,quarterly,201741232583.19,201741232583.19,observed,IMF_QNEA,QNEA|B1GQ|Q|SA|XDC|Q,SA,"{""ACCESS_SHARING_LEVEL"": ""PUBLIC_OPEN"", ""CONFIDENTIALITY_STATUS"": ""F"", ""DERIVATION_TYPE"": ""O"", ""SECURITY_CLASSIFICATION"": ""PUB""}"
CHE,gdp_real_lcu_quarterly_sa,2023-Q1,quarterly,202458968846.35,202458968846.35,observed,IMF_QNEA,QNEA|B1GQ|Q|SA|XDC|Q,SA,"{""ACCESS_SHARING_LEVEL"": ""PUBLIC_OPEN"", ""CONFIDENTIALITY_STATUS"": ""F"", ""DERIVATION_TYPE"": ""O"", ""SECURITY_CLASSIFICATION"": ""PUB""}"
CHE,gdp_real_lcu_quarterly_sa,2023-Q2,quarterly,201778851556.02,201778851556.02,observed,IMF_QNEA,QNEA|B1GQ|Q|SA|XDC|Q,SA,"{""ACCESS_SHARING_LEVEL"": ""PUBLIC_OPEN"", ""CONFIDENTIALITY_STATUS"": ""F"", ""DERIVATION_TYPE"": ""O"", ""SECURITY_CLASSIFICATION"": ""PUB""}"
CHE,gdp_real_lcu_quarterly_sa,2023-Q3,quarterly,202455912519.44,202455912519.44,observed,IMF_QNEA,QNEA|B1GQ|Q|SA|XDC|Q,SA,"{""ACCESS_SHARING_LEVEL"": ""PUBLIC_OPEN"", ""CONFIDENTIALITY_STATUS"": ""F"", ""DERIVATION_TYPE"": ""O"", ""SECURITY_CLASSIFICATION"": ""PUB""}"
CHE,gdp_real_lcu_quarterly_sa,2023-Q4,quarterly,203596690389.66,203596690389.66,observed,IMF_QNEA,QNEA|B1GQ|Q|SA|XDC|Q,SA,"{""ACCESS_SHARING_LEVEL"": ""PUBLIC_OPEN"", ""CONFIDENTIALITY_STATUS"": ""F"", ""DERIVATION_TYPE"": ""O"", ""SECURITY_CLASSIFICATION"": ""PUB""}"
CHE,gdp_real_lcu_quarterly_sa,2024-Q1,quarterly,203549715490.81,203549715490.81,observed,IMF_QNEA,QNEA|B1GQ|Q|SA|XDC|Q,SA,"{""ACCESS_SHARING_LEVEL"": ""PUBLIC_OPEN"", ""CONFIDENTIALITY_STATUS"": ""F"", ""DERIVATION_TYPE"": ""O"", ""SECURITY_CLASSIFICATION"": ""PUB""}"
CHE,gdp_real_lcu_quarterly_sa,2024-Q2,quarterly,205376211853.38,205376211853.38,observed,IMF_QNEA,QNEA|B1GQ|Q|SA|XDC|Q,SA,"{""ACCESS_SHARING_LEVEL"": ""PUBLIC_OPEN"", ""CONFIDENTIALITY_STATUS"": ""F"", ""DERIVATION_TYPE"": ""O"", ""SECURITY_CLASSIFICATION"": ""PUB""}"
CHE,gdp_real_lcu_quarterly_sa,2024-Q3,quarterly,206396625600.61,206396625600.61,observed,IMF_QNEA,QNEA|B1GQ|Q|SA|XDC|Q,SA,"{""ACCESS_SHARING_LEVEL"": ""PUBLIC_OPEN"", ""CONFIDENTIALITY_STATUS"": ""F"", ""DERIVATION_TYPE"": ""O"", ""SECURITY_CLASSIFICATION"": ""PUB""}"
CHE,gdp_real_lcu_quarterly_sa,2024-Q4,quarterly,207199748384.7,207199748384.7,observed,IMF_QNEA,QNEA|B1GQ|Q|SA|XDC|Q,SA,"{""ACCESS_SHARING_LEVEL"": ""PUBLIC_OPEN"", ""CONFIDENTIALITY_STATUS"": ""F"", ""DERIVATION_TYPE"": ""O"", ""SECURITY_CLASSIFICATION"": ""PUB""}"
CHL,gdp_real_lcu_quarterly_sa,2020-Q1,quarterly,47332981600000.0,47332981600000,observed,IMF_QNEA,QNEA|B1GQ|Q|SA|XDC|Q,SA,"{""ACCESS_SHARING_LEVEL"": ""PUBLIC_OPEN"", ""CONFIDENTIALITY_STATUS"": ""F"", ""DERIVATION_TYPE"": ""O"", ""SECURITY_CLASSIFICATION"": ""PUB""}"
CHL,gdp_real_lcu_quarterly_sa,2020-Q2,quarterly,41401403700000.0,41401403700000,observed,IMF_QNEA,QNEA|B1GQ|Q|SA|XDC|Q,SA,"{""ACCESS_SHARING_LEVEL"": ""PUBLIC_OPEN"", ""CONFIDENTIALITY_STATUS"": ""F"", ""DERIVATION_TYPE"": ""O"", ""SECURITY_CLASSIFICATION"": ""PUB""}"
CHL,gdp_real_lcu_quarterly_sa,2020-Q3,quarterly,43457419200000.0,43457419200000,observed,IMF_QNEA,QNEA|B1GQ|Q|SA|XDC|Q,SA,"{""ACCESS_SHARING_LEVEL"": ""PUBLIC_OPEN"", ""CONFIDENTIALITY_STATUS"": ""F"", ""DERIVATION_TYPE"": ""O"", ""SECURITY_CLASSIFICATION"": ""PUB""}"
CHL,gdp_real_lcu_quarterly_sa,2020-Q4,quarterly,46321112200000.0,46321112200000,observed,IMF_QNEA,QNEA|B1GQ|Q|SA|XDC|Q,SA,"{""ACCESS_SHARING_LEVEL"": ""PUBLIC_OPEN"", ""CONFIDENTIALITY_STATUS"": ""F"", ""DERIVATION_TYPE"": ""O"", ""SECURITY_CLASSIFICATION"": ""PUB""}"
CHL,gdp_real_lcu_quarterly_sa,2021-Q1,quarterly,48135016500000.0,48135016500000,observed,IMF_QNEA,QNEA|B1GQ|Q|SA|XDC|Q,SA,"{""ACCESS_SHARING_LEVEL"": ""PUBLIC_OPEN"", ""CONFIDENTIALITY_STATUS"": ""F"", ""DERIVATION_TYPE"": ""O"", ""SECURITY_CLASSIFICATION"": ""PUB""}"
CHL,gdp_real_lcu_quarterly_sa,2021-Q2,quarterly,48720182200000.0,48720182200000,observed,IMF_QNEA,QNEA|B1GQ|Q|SA|XDC|Q,SA,"{""ACCESS_SHARING_LEVEL"": ""PUBLIC_OPEN"", ""CONFIDENTIALITY_STATUS"": ""F"", ""DERIVATION_TYPE"": ""O"", ""SECURITY_CLASSIFICATION"": ""PUB""}"
CHL,gdp_real_lcu_quarterly_sa,2021-Q3,quarterly,50733358800000.0,50733358800000,observed,IMF_QNEA,QNEA|B1GQ|Q|SA|XDC|Q,SA,"{""ACCESS_SHARING_LEVEL"": ""PUBLIC_OPEN"", ""CONFIDENTIALITY_STATUS"": ""F"", ""DERIVATION_TYPE"": ""O"", ""SECURITY_CLASSIFICATION"": ""PUB""}"
CHL,gdp_real_lcu_quarterly_sa,2021-Q4,quarterly,51627818500000.0,51627818500000,observed,IMF_QNEA,QNEA|B1GQ|Q|SA|XDC|Q,SA,"{""ACCESS_SHARING_LEVEL"": ""PUBLIC_OPEN"", ""CONFIDENTIALITY_STATUS"": ""F"", ""DERIVATION_TYPE"": ""O"", ""SECURITY_CLASSIFICATION"": ""PUB""}"
CHL,gdp_real_lcu_quarterly_sa,2022-Q1,quarterly,50944921200000.0,50944921200000,observed,IMF_QNEA,QNEA|B1GQ|Q|SA|XDC|Q,SA,"{""ACCESS_SHARING_LEVEL"": ""PUBLIC_OPEN"", ""CONFIDENTIALITY_STATUS"": ""F"", ""DERIVATION_TYPE"": ""O"", ""SECURITY_CLASSIFICATION"": ""PUB""}"
CHL,gdp_real_lcu_quarterly_sa,2022-Q2,quarterly,51155622600000.0,51155622600000,observed,IMF_QNEA,QNEA|B1GQ|Q|SA|XDC|Q,SA,"{""ACCESS_SHARING_LEVEL"": ""PUBLIC_OPEN"", ""CONFIDENTIALITY_STATUS"": ""F"", ""DERIVATION_TYPE"": ""O"", ""SECURITY_CLASSIFICATION"": ""PUB""}"
CHL,gdp_real_lcu_quarterly_sa,2022-Q3,quarterly,50683523900000.0,50683523900000,observed,IMF_QNEA,QNEA|B1GQ|Q|SA|XDC|Q,SA,"{""ACCESS_SHARING_LEVEL"": ""PUBLIC_OPEN"", ""CONFIDENTIALITY_STATUS"": ""F"", ""DERIVATION_TYPE"": ""O"", ""SECURITY_CLASSIFICATION"": ""PUB""}"
CHL,gdp_real_lcu_quarterly_sa,2022-Q4,quarterly,50574411500000.0,50574411500000,observed,IMF_QNEA,QNEA|B1GQ|Q|SA|XDC|Q,SA,"{""ACCESS_SHARING_LEVEL"": ""PUBLIC_OPEN"", ""CONFIDENTIALITY_STATUS"": ""F"", ""DERIVATION_TYPE"": ""O"", ""SECURITY_CLASSIFICATION"": ""PUB""}"
CHL,gdp_real_lcu_quarterly_sa,2023-Q1,quarterly,50790973900000.0,50790973900000,observed,IMF_QNEA,QNEA|B1GQ|Q|SA|XDC|Q,SA,"{""ACCESS_SHARING_LEVEL"": ""PUBLIC_OPEN"", ""CONFIDENTIALITY_STATUS"": ""F"", ""DERIVATION_TYPE"": ""O"", ""SECURITY_CLASSIFICATION"": ""PUB""}"
CHL,gdp_real_lcu_quarterly_sa,2023-Q2,quarterly,51073084400000.0,51073084400000,observed,IMF_QNEA,QNEA|B1GQ|Q|SA|XDC|Q,SA,"{""ACCESS_SHARING_LEVEL"": ""PUBLIC_OPEN"", ""CONFIDENTIALITY_STATUS"": ""F"", ""DERIVATION_TYPE"": ""O"", ""SECURITY_CLASSIFICATION"": ""PUB""}"
CHL,gdp_real_lcu_quarterly_sa,2023-Q3,quarterly,51486700300000.0,51486700300000,observed,IMF_QNEA,QNEA|B1GQ|Q|SA|XDC|Q,SA,"{""ACCESS_SHARING_LEVEL"": ""PUBLIC_OPEN"", ""CONFIDENTIALITY_STATUS"": ""F"", ""DERIVATION_TYPE"": ""O"", ""SECURITY_CLASSIFICATION"": ""PUB""}"
CHL,gdp_real_lcu_quarterly_sa,2023-Q4,quarterly,51594316200000.0,51594316200000,observed,IMF_QNEA,QNEA|B1GQ|Q|SA|XDC|Q,SA,"{""ACCESS_SHARING_LEVEL"": ""PUBLIC_OPEN"", ""CONFIDENTIALITY_STATUS"": ""F"", ""DERIVATION_TYPE"": ""O"", ""SECURITY_CLASSIFICATION"": ""PUB""}"
CHL,gdp_real_lcu_quarterly_sa,2024-Q1,quarterly,52219052900000.0,52219052900000,observed,IMF_QNEA,QNEA|B1GQ|Q|SA|XDC|Q,SA,"{""ACCESS_SHARING_LEVEL"": ""PUBLIC_OPEN"", ""CONFIDENTIALITY_STATUS"": ""F"", ""DERIVATION_TYPE"": ""O"", ""SECURITY_CLASSIFICATION"": ""PUB""}"
CHL,gdp_real_lcu_quarterly_sa,2024-Q2,quarterly,51978159300000.0,51978159300000,observed,IMF_QNEA,QNEA|B1GQ|Q|SA|XDC|Q,SA,"{""ACCESS_SHARING_LEVEL"": ""PUBLIC_OPEN"", ""CONFIDENTIALITY_STATUS"": ""F"", ""DERIVATION_TYPE"": ""O"", ""SECURITY_CLASSIFICATION"": ""PUB""}"
CHL,gdp_real_lcu_quarterly_sa,2024-Q3,quarterly,52804142300000.0,52804142300000,observed,IMF_QNEA,QNEA|B1GQ|Q|SA|XDC|Q,SA,"{""ACCESS_SHARING_LEVEL"": ""PUBLIC_OPEN"", ""CONFIDENTIALITY_STATUS"": ""F"", ""DERIVATION_TYPE"": ""O"", ""SECURITY_CLASSIFICATION"": ""PUB""}"
CHL,gdp_real_lcu_quarterly_sa,2024-Q4,quarterly,53251620200000.0,53251620200000,observed,IMF_QNEA,QNEA|B1GQ|Q|SA|XDC|Q,SA,"{""ACCESS_SHARING_LEVEL"": ""PUBLIC_OPEN"", ""CONFIDENTIALITY_STATUS"": ""F"", ""DERIVATION_TYPE"": ""O"", ""SECURITY_CLASSIFICATION"": ""PUB""}"
COL,gdp_real_lcu_quarterly_sa,2020-Q1,quarterly,218510324200000.0,218510324200000,observed,IMF_QNEA,QNEA|B1GQ|Q|SA|XDC|Q,SA,"{""ACCESS_SHARING_LEVEL"": ""PUBLIC_OPEN"", ""CONFIDENTIALITY_STATUS"": ""F"", ""DERIVATION_TYPE"": ""O"", ""SECURITY_CLASSIFICATION"": ""PUB""}"
COL,gdp_real_lcu_quarterly_sa,2020-Q2,quarterly,183188378200000.0,183188378200000,observed,IMF_QNEA,QNEA|B1GQ|Q|SA|XDC|Q,SA,"{""ACCESS_SHARING_LEVEL"": ""PUBLIC_OPEN"", ""CONFIDENTIALITY_STATUS"": ""F"", ""DERIVATION_TYPE"": ""O"", ""SECURITY_CLASSIFICATION"": ""PUB""}"
COL,gdp_real_lcu_quarterly_sa,2020-Q3,quarterly,201282264000000.0,201282264000000,observed,IMF_QNEA,QNEA|B1GQ|Q|SA|XDC|Q,SA,"{""ACCESS_SHARING_LEVEL"": ""PUBLIC_OPEN"", ""CONFIDENTIALITY_STATUS"": ""F"", ""DERIVATION_TYPE"": ""O"", ""SECURITY_CLASSIFICATION"": ""PUB""}"
COL,gdp_real_lcu_quarterly_sa,2020-Q4,quarterly,214919033600000.0,214919033600000,observed,IMF_QNEA,QNEA|B1GQ|Q|SA|XDC|Q,SA,"{""ACCESS_SHARING_LEVEL"": ""PUBLIC_OPEN"", ""CONFIDENTIALITY_STATUS"": ""F"", ""DERIVATION_TYPE"": ""O"", ""SECURITY_CLASSIFICATION"": ""PUB""}"
COL,gdp_real_lcu_quarterly_sa,2021-Q1,quarterly,222394654500000.0,222394654500000,observed,IMF_QNEA,QNEA|B1GQ|Q|SA|XDC|Q,SA,"{""ACCESS_SHARING_LEVEL"": ""PUBLIC_OPEN"", ""CONFIDENTIALITY_STATUS"": ""F"", ""DERIVATION_TYPE"": ""O"", ""SECURITY_CLASSIFICATION"": ""PUB""}"
COL,gdp_real_lcu_quarterly_sa,2021-Q2,quarterly,216655552700000.0,216655552700000,observed,IMF_QNEA,QNEA|B1GQ|Q|SA|XDC|Q,SA,"{""ACCESS_SHARING_LEVEL"": ""PUBLIC_OPEN"", ""CONFIDENTIALITY_STATUS"": ""F"", ""DERIVATION_TYPE"": ""O"", ""SECURITY_CLASSIFICATION"": ""PUB""}"
COL,gdp_real_lcu_quarterly_sa,2021-Q3,quarterly,228500055400000.0,228500055400000,observed,IMF_QNEA,QNEA|B1GQ|Q|SA|XDC|Q,SA,"{""ACCESS_SHARING_LEVEL"": ""PUBLIC_OPEN"", ""CONFIDENTIALITY_STATUS"": ""F"", ""DERIVATION_TYPE"": ""O"", ""SECURITY_CLASSIFICATION"": ""PUB""}"
COL,gdp_real_lcu_quarterly_sa,2021-Q4,quarterly,238692737400000.0,238692737400000,observed,IMF_QNEA,QNEA|B1GQ|Q|SA|XDC|Q,SA,"{""ACCESS_SHARING_LEVEL"": ""PUBLIC_OPEN"", ""CONFIDENTIALITY_STATUS"": ""F"", ""DERIVATION_TYPE"": ""O"", ""SECURITY_CLASSIFICATION"": ""PUB""}"
COL,gdp_real_lcu_quarterly_sa,2022-Q1,quarterly,239472436500000.0,239472436500000,observed,IMF_QNEA,QNEA|B1GQ|Q|SA|XDC|Q,SA,"{""ACCESS_SHARING_LEVEL"": ""PUBLIC_OPEN"", ""CONFIDENTIALITY_STATUS"": ""F"", ""DERIVATION_TYPE"": ""O"", ""SECURITY_CLASSIFICATION"": ""PUB""}"
COL,gdp_real_lcu_quarterly_sa,2022-Q2,quarterly,243843787600000.0,243843787600000,observed,IMF_QNEA,QNEA|B1GQ|Q|SA|XDC|Q,SA,"{""ACCESS_SHARING_LEVEL"": ""PUBLIC_OPEN"", ""CONFIDENTIALITY_STATUS"": ""F"", ""DERIVATION_TYPE"": ""O"", ""SECURITY_CLASSIFICATION"": ""PUB""}"
COL,gdp_real_lcu_quarterly_sa,2022-Q3,quarterly,245340316500000.0,245340316500000,observed,IMF_QNEA,QNEA|B1GQ|Q|SA|XDC|Q,SA,"{""ACCESS_SHARING_LEVEL"": ""PUBLIC_OPEN"", ""CONFIDENTIALITY_STATUS"": ""F"", ""DERIVATION_TYPE"": ""O"", ""SECURITY_CLASSIFICATION"": ""PUB""}"
COL,gdp_real_lcu_quarterly_sa,2022-Q4,quarterly,243998459500000.0,243998459500000,observed,IMF_QNEA,QNEA|B1GQ|Q|SA|XDC|Q,SA,"{""ACCESS_SHARING_LEVEL"": ""PUBLIC_OPEN"", ""CONFIDENTIALITY_STATUS"": ""F"", ""DERIVATION_TYPE"": ""O"", ""SECURITY_CLASSIFICATION"": ""PUB""}"
COL,gdp_real_lcu_quarterly_sa,2023-Q1,quarterly,245878190100000.0,245878190100000,observed,IMF_QNEA,QNEA|B1GQ|Q|SA|XDC|Q,SA,"{""ACCESS_SHARING_LEVEL"": ""PUBLIC_OPEN"", ""CONFIDENTIALITY_STATUS"": ""F"", ""DERIVATION_TYPE"": ""O"", ""SECURITY_CLASSIFICATION"": ""PUB""}"
COL,gdp_real_lcu_quarterly_sa,2023-Q2,quarterly,244914398200000.0,244914398200000,observed,IMF_QNEA,QNEA|B1GQ|Q|SA|XDC|Q,SA,"{""ACCESS_SHARING_LEVEL"": ""PUBLIC_OPEN"", ""CONFIDENTIALITY_STATUS"": ""F"", ""DERIVATION_TYPE"": ""O"", ""SECURITY_CLASSIFICATION"": ""PUB""}"
COL,gdp_real_lcu_quarterly_sa,2023-Q3,quarterly,244395726700000.0,244395726700000,observed,IMF_QNEA,QNEA|B1GQ|Q|SA|XDC|Q,SA,"{""ACCESS_SHARING_LEVEL"": ""PUBLIC_OPEN"", ""CONFIDENTIALITY_STATUS"": ""F"", ""DERIVATION_TYPE"": ""O"", ""SECURITY_CLASSIFICATION"": ""PUB""}"
COL,gdp_real_lcu_quarterly_sa,2023-Q4,quarterly,245654685000000.0,245654685000000,observed,IMF_QNEA,QNEA|B1GQ|Q|SA|XDC|Q,SA,"{""ACCESS_SHARING_LEVEL"": ""PUBLIC_OPEN"", ""CONFIDENTIALITY_STATUS"": ""F"", ""DERIVATION_TYPE"": ""O"", ""SECURITY_CLASSIFICATION"": ""PUB""}"
COL,gdp_real_lcu_quarterly_sa,2024-Q1,quarterly,247253018200000.0,247253018200000,observed,IMF_QNEA,QNEA|B1GQ|Q|SA|XDC|Q,SA,"{""ACCESS_SHARING_LEVEL"": ""PUBLIC_OPEN"", ""CONFIDENTIALITY_STATUS"": ""F"", ""DERIVATION_TYPE"": ""O"", ""SECURITY_CLASSIFICATION"": ""PUB""}"
COL,gdp_real_lcu_quarterly_sa,2024-Q2,quarterly,247867996000000.0,247867996000000,observed,IMF_QNEA,QNEA|B1GQ|Q|SA|XDC|Q,SA,"{""ACCESS_SHARING_LEVEL"": ""PUBLIC_OPEN"", ""CONFIDENTIALITY_STATUS"": ""F"", ""DERIVATION_TYPE"": ""O"", ""SECURITY_CLASSIFICATION"": ""PUB""}"
COL,gdp_real_lcu_quarterly_sa,2024-Q3,quarterly,248392685300000.0,248392685300000,observed,IMF_QNEA,QNEA|B1GQ|Q|SA|XDC|Q,SA,"{""ACCESS_SHARING_LEVEL"": ""PUBLIC_OPEN"", ""CONFIDENTIALITY_STATUS"": ""F"", ""DERIVATION_TYPE"": ""O"", ""SECURITY_CLASSIFICATION"": ""PUB""}"
COL,gdp_real_lcu_quarterly_sa,2024-Q4,quarterly,251976300400000.0,251976300400000,observed,IMF_QNEA,QNEA|B1GQ|Q|SA|XDC|Q,SA,"{""ACCESS_SHARING_LEVEL"": ""PUBLIC_OPEN"", ""CONFIDENTIALITY_STATUS"": ""F"", ""DERIVATION_TYPE"": ""O"", ""SECURITY_CLASSIFICATION"": ""PUB""}"
CRI,gdp_real_lcu_quarterly_sa,2020-Q1,quarterly,10593559800000.0,10593559800000,observed,IMF_QNEA,QNEA|B1GQ|Q|SA|XDC|Q,SA,"{""ACCESS_SHARING_LEVEL"": ""PUBLIC_OPEN"", ""CONFIDENTIALITY_STATUS"": ""F"", ""DERIVATION_TYPE"": ""O"", ""SECURITY_CLASSIFICATION"": ""PUB""}"
CRI,gdp_real_lcu_quarterly_sa,2020-Q2,quarterly,9711610900000.0,9711610900000,observed,IMF_QNEA,QNEA|B1GQ|Q|SA|XDC|Q,SA,"{""ACCESS_SHARING_LEVEL"": ""PUBLIC_OPEN"", ""CONFIDENTIALITY_STATUS"": ""F"", ""DERIVATION_TYPE"": ""O"", ""SECURITY_CLASSIFICATION"": ""PUB""}"
CRI,gdp_real_lcu_quarterly_sa,2020-Q3,quarterly,9821678900000.0,9821678900000,observed,IMF_QNEA,QNEA|B1GQ|Q|SA|XDC|Q,SA,"{""ACCESS_SHARING_LEVEL"": ""PUBLIC_OPEN"", ""CONFIDENTIALITY_STATUS"": ""F"", ""DERIVATION_TYPE"": ""O"", ""SECURITY_CLASSIFICATION"": ""PUB""}"
CRI,gdp_real_lcu_quarterly_sa,2020-Q4,quarterly,10090999200000.0,10090999200000,observed,IMF_QNEA,QNEA|B1GQ|Q|SA|XDC|Q,SA,"{""ACCESS_SHARING_LEVEL"": ""PUBLIC_OPEN"", ""CONFIDENTIALITY_STATUS"": ""F"", ""DERIVATION_TYPE"": ""O"", ""SECURITY_CLASSIFICATION"": ""PUB""}"
CRI,gdp_real_lcu_quarterly_sa,2021-Q1,quarterly,10516819100000.0,10516819100000,observed,IMF_QNEA,QNEA|B1GQ|Q|SA|XDC|Q,SA,"{""ACCESS_SHARING_LEVEL"": ""PUBLIC_OPEN"", ""CONFIDENTIALITY_STATUS"": ""F"", ""DERIVATION_TYPE"": ""O"", ""SECURITY_CLASSIFICATION"": ""PUB""}"
CRI,gdp_real_lcu_quarterly_sa,2021-Q2,quarterly,10751264900000.0,10751264900000,observed,IMF_QNEA,QNEA|B1GQ|Q|SA|XDC|Q,SA,"{""ACCESS_SHARING_LEVEL"": ""PUBLIC_OPEN"", ""CONFIDENTIALITY_STATUS"": ""F"", ""DERIVATION_TYPE"": ""O"", ""SECURITY_CLASSIFICATION"": ""PUB""}"
CRI,gdp_real_lcu_quarterly_sa,2021-Q3,quarterly,11096709500000.0,11096709500000,observed,IMF_QNEA,QNEA|B1GQ|Q|SA|XDC|Q,SA,"{""ACCESS_SHARING_LEVEL"": ""PUBLIC_OPEN"", ""CONFIDENTIALITY_STATUS"": ""F"", ""DERIVATION_TYPE"": ""O"", ""SECURITY_CLASSIFICATION"": ""PUB""}"
CRI,gdp_real_lcu_quarterly_sa,2021-Q4,quarterly,11183746700000.0,11183746700000,observed,IMF_QNEA,QNEA|B1GQ|Q|SA|XDC|Q,SA,"{""ACCESS_SHARING_LEVEL"": ""PUBLIC_OPEN"", ""CONFIDENTIALITY_STATUS"": ""F"", ""DERIVATION_TYPE"": ""O"", ""SECURITY_CLASSIFICATION"": ""PUB""}"
CRI,gdp_real_lcu_quarterly_sa,2022-Q1,quarterly,11287448100000.0,11287448100000,observed,IMF_QNEA,QNEA|B1GQ|Q|SA|XDC|Q,SA,"{""ACCESS_SHARING_LEVEL"": ""PUBLIC_OPEN"", ""CONFIDENTIALITY_STATUS"": ""F"", ""DERIVATION_TYPE"": ""O"", ""SECURITY_CLASSIFICATION"": ""PUB""}"
CRI,gdp_real_lcu_quarterly_sa,2022-Q2,quarterly,11362136700000.0,11362136700000,observed,IMF_QNEA,QNEA|B1GQ|Q|SA|XDC|Q,SA,"{""ACCESS_SHARING_LEVEL"": ""PUBLIC_OPEN"", ""CONFIDENTIALITY_STATUS"": ""F"", ""DERIVATION_TYPE"": ""O"", ""SECURITY_CLASSIFICATION"": ""PUB""}"
CRI,gdp_real_lcu_quarterly_sa,2022-Q3,quarterly,11526080100000.0,11526080100000,observed,IMF_QNEA,QNEA|B1GQ|Q|SA|XDC|Q,SA,"{""ACCESS_SHARING_LEVEL"": ""PUBLIC_OPEN"", ""CONFIDENTIALITY_STATUS"": ""F"", ""DERIVATION_TYPE"": ""O"", ""SECURITY_CLASSIFICATION"": ""PUB""}"
CRI,gdp_real_lcu_quarterly_sa,2022-Q4,quarterly,11760231000000.0,11760231000000,observed,IMF_QNEA,QNEA|B1GQ|Q|SA|XDC|Q,SA,"{""ACCESS_SHARING_LEVEL"": ""PUBLIC_OPEN"", ""CONFIDENTIALITY_STATUS"": ""F"", ""DERIVATION_TYPE"": ""O"", ""SECURITY_CLASSIFICATION"": ""PUB""}"
CRI,gdp_real_lcu_quarterly_sa,2023-Q1,quarterly,11810363300000.0,11810363300000,observed,IMF_QNEA,QNEA|B1GQ|Q|SA|XDC|Q,SA,"{""ACCESS_SHARING_LEVEL"": ""PUBLIC_OPEN"", ""CONFIDENTIALITY_STATUS"": ""F"", ""DERIVATION_TYPE"": ""O"", ""SECURITY_CLASSIFICATION"": ""PUB""}"
CRI,gdp_real_lcu_quarterly_sa,2023-Q2,quarterly,12003346100000.0,12003346100000,observed,IMF_QNEA,QNEA|B1GQ|Q|SA|XDC|Q,SA,"{""ACCESS_SHARING_LEVEL"": ""PUBLIC_OPEN"", ""CONFIDENTIALITY_STATUS"": ""F"", ""DERIVATION_TYPE"": ""O"", ""SECURITY_CLASSIFICATION"": ""PUB""}"
CRI,gdp_real_lcu_quarterly_sa,2023-Q3,quarterly,12118595100000.0,12118595100000,observed,IMF_QNEA,QNEA|B1GQ|Q|SA|XDC|Q,SA,"{""ACCESS_SHARING_LEVEL"": ""PUBLIC_OPEN"", ""CONFIDENTIALITY_STATUS"": ""F"", ""DERIVATION_TYPE"": ""O"", ""SECURITY_CLASSIFICATION"": ""PUB""}"
CRI,gdp_real_lcu_quarterly_sa,2023-Q4,quarterly,12219270600000.0,12219270600000,observed,IMF_QNEA,QNEA|B1GQ|Q|SA|XDC|Q,SA,"{""ACCESS_SHARING_LEVEL"": ""PUBLIC_OPEN"", ""CONFIDENTIALITY_STATUS"": ""F"", ""DERIVATION_TYPE"": ""O"", ""SECURITY_CLASSIFICATION"": ""PUB""}"
CRI,gdp_real_lcu_quarterly_sa,2024-Q1,quarterly,12348828900000.0,12348828900000,observed,IMF_QNEA,QNEA|B1GQ|Q|SA|XDC|Q,SA,"{""ACCESS_SHARING_LEVEL"": ""PUBLIC_OPEN"", ""CONFIDENTIALITY_STATUS"": ""F"", ""DERIVATION_TYPE"": ""O"", ""SECURITY_CLASSIFICATION"": ""PUB""}"
CRI,gdp_real_lcu_quarterly_sa,2024-Q2,quarterly,12489859300000.0,12489859300000,observed,IMF_QNEA,QNEA|B1GQ|Q|SA|XDC|Q,SA,"{""ACCESS_SHARING_LEVEL"": ""PUBLIC_OPEN"", ""CONFIDENTIALITY_STATUS"": ""F"", ""DERIVATION_TYPE"": ""O"", ""SECURITY_CLASSIFICATION"": ""PUB""}"
CRI,gdp_real_lcu_quarterly_sa,2024-Q3,quarterly,12557381000000.0,12557381000000,observed,IMF_QNEA,QNEA|B1GQ|Q|SA|XDC|Q,SA,"{""ACCESS_SHARING_LEVEL"": ""PUBLIC_OPEN"", ""CONFIDENTIALITY_STATUS"": ""F"", ""DERIVATION_TYPE"": ""O"", ""SECURITY_CLASSIFICATION"": ""PUB""}"
CRI,gdp_real_lcu_quarterly_sa,2024-Q4,quarterly,12721121400000.0,12721121400000,observed,IMF_QNEA,QNEA|B1GQ|Q|SA|XDC|Q,SA,"{""ACCESS_SHARING_LEVEL"": ""PUBLIC_OPEN"", ""CONFIDENTIALITY_STATUS"": ""F"", ""DERIVATION_TYPE"": ""O"", ""SECURITY_CLASSIFICATION"": ""PUB""}"
CYP,gdp_real_lcu_quarterly_sa,2020-Q1,quarterly,5774817754.4234,5774817754.4234,observed,IMF_QNEA,QNEA|B1GQ|Q|SA|XDC|Q,SA,"{""ACCESS_SHARING_LEVEL"": ""PUBLIC_OPEN"", ""CONFIDENTIALITY_STATUS"": ""F"", ""DERIVATION_TYPE"": ""O"", ""SECURITY_CLASSIFICATION"": ""PUB""}"
CYP,gdp_real_lcu_quarterly_sa,2020-Q2,quarterly,5055682183.2576,5055682183.2576,observed,IMF_QNEA,QNEA|B1GQ|Q|SA|XDC|Q,SA,"{""ACCESS_SHARING_LEVEL"": ""PUBLIC_OPEN"", ""CONFIDENTIALITY_STATUS"": ""F"", ""DERIVATION_TYPE"": ""O"", ""SECURITY_CLASSIFICATION"": ""PUB""}"
CYP,gdp_real_lcu_quarterly_sa,2020-Q3,quarterly,5424079075.2863,5424079075.2863,observed,IMF_QNEA,QNEA|B1GQ|Q|SA|XDC|Q,SA,"{""ACCESS_SHARING_LEVEL"": ""PUBLIC_OPEN"", ""CONFIDENTIALITY_STATUS"": ""F"", ""DERIVATION_TYPE"": ""O"", ""SECURITY_CLASSIFICATION"": ""PUB""}"
CYP,gdp_real_lcu_quarterly_sa,2020-Q4,quarterly,5718738375.0206,5718738375.0206,observed,IMF_QNEA,QNEA|B1GQ|Q|SA|XDC|Q,SA,"{""ACCESS_SHARING_LEVEL"": ""PUBLIC_OPEN"", ""CONFIDENTIALITY_STATUS"": ""F"", ""DERIVATION_TYPE"": ""O"", ""SECURITY_CLASSIFICATION"": ""PUB""}"
CYP,gdp_real_lcu_quarterly_sa,2021-Q1,quarterly,5940339244.4947,5940339244.4947,observed,IMF_QNEA,QNEA|B1GQ|Q|SA|XDC|Q,SA,"{""ACCESS_SHARING_LEVEL"": ""PUBLIC_OPEN"", ""CONFIDENTIALITY_STATUS"": ""F"", ""DERIVATION_TYPE"": ""O"", ""SECURITY_CLASSIFICATION"": ""PUB""}"
CYP,gdp_real_lcu_quarterly_sa,2021-Q2,quarterly,6001560850.7286,6001560850.7286,observed,IMF_QNEA,QNEA|B1GQ|Q|SA|XDC|Q,SA,"{""ACCESS_SHARING_LEVEL"": ""PUBLIC_OPEN"", ""CONFIDENTIALITY_STATUS"": ""F"", ""DERIVATION_TYPE"": ""O"", ""SECURITY_CLASSIFICATION"": ""PUB""}"
CYP,gdp_real_lcu_quarterly_sa,2021-Q3,quarterly,6174456100.0294,6174456100.0294,observed,IMF_QNEA,QNEA|B1GQ|Q|SA|XDC|Q,SA,"{""ACCESS_SHARING_LEVEL"": ""PUBLIC_OPEN"", ""CONFIDENTIALITY_STATUS"": ""F"", ""DERIVATION_TYPE"": ""O"", ""SECURITY_CLASSIFICATION"": ""PUB""}"
CYP,gdp_real_lcu_quarterly_sa,2021-Q4,quarterly,6360837566.8683,6360837566.8683,observed,IMF_QNEA,QNEA|B1GQ|Q|SA|XDC|Q,SA,"{""ACCESS_SHARING_LEVEL"": ""PUBLIC_OPEN"", ""CONFIDENTIALITY_STATUS"": ""F"", ""DERIVATION_TYPE"": ""O"", ""SECURITY_CLASSIFICATION"": ""PUB""}"
CYP,gdp_real_lcu_quarterly_sa,2022-Q1,quarterly,6578169417.8412,6578169417.8412,observed,IMF_QNEA,QNEA|B1GQ|Q|SA|XDC|Q,SA,"{""ACCESS_SHARING_LEVEL"": ""PUBLIC_OPEN"", ""CONFIDENTIALITY_STATUS"": ""F"", ""DERIVATION_TYPE"": ""O"", ""SECURITY_CLASSIFICATION"": ""PUB""}"
CYP,gdp_real_lcu_quarterly_sa,2022-Q2,quarterly,6606694223.2814,6606694223.2814,observed,IMF_QNEA,QNEA|B1GQ|Q|SA|XDC|Q,SA,"{""ACCESS_SHARING_LEVEL"": ""PUBLIC_OPEN"", ""CONFIDENTIALITY_STATUS"": ""F"", ""DERIVATION_TYPE"": ""O"", ""SECURITY_CLASSIFICATION"": ""PUB""}"
CYP,gdp_real_lcu_quarterly_sa,2022-Q3,quarterly,6707986389.5384,6707986389.5384,observed,IMF_QNEA,QNEA|B1GQ|Q|SA|XDC|Q,SA,"{""ACCESS_SHARING_LEVEL"": ""PUBLIC_OPEN"", ""CONFIDENTIALITY_STATUS"": ""F"", ""DERIVATION_TYPE"": ""O"", ""SECURITY_CLASSIFICATION"": ""PUB""}"
CYP,gdp_real_lcu_quarterly_sa,2022-Q4,quarterly,6723704139.4748,6723704139.4748,observed,IMF_QNEA,QNEA|B1GQ|Q|SA|XDC|Q,SA,"{""ACCESS_SHARING_LEVEL"": ""PUBLIC_OPEN"", ""CONFIDENTIALITY_STATUS"": ""F"", ""DERIVATION_TYPE"": ""O"", ""SECURITY_CLASSIFICATION"": ""PUB""}"
CYP,gdp_real_lcu_quarterly_sa,2023-Q1,quarterly,6806755953.9538,6806755953.9538,observed,IMF_QNEA,QNEA|B1GQ|Q|SA|XDC|Q,SA,"{""ACCESS_SHARING_LEVEL"": ""PUBLIC_OPEN"", ""CONFIDENTIALITY_STATUS"": ""F"", ""DERIVATION_TYPE"": ""O"", ""SECURITY_CLASSIFICATION"": ""PUB""}"
CYP,gdp_real_lcu_quarterly_sa,2023-Q2,quarterly,6871567416.6546,6871567416.6546,observed,IMF_QNEA,QNEA|B1GQ|Q|SA|XDC|Q,SA,"{""ACCESS_SHARING_LEVEL"": ""PUBLIC_OPEN"", ""CONFIDENTIALITY_STATUS"": ""F"", ""DERIVATION_TYPE"": ""O"", ""SECURITY_CLASSIFICATION"": ""PUB""}"
CYP,gdp_real_lcu_quarterly_sa,2023-Q3,quarterly,6907174911.881,6907174911.881,observed,IMF_QNEA,QNEA|B1GQ|Q|SA|XDC|Q,SA,"{""ACCESS_SHARING_LEVEL"": ""PUBLIC_OPEN"", ""CONFIDENTIALITY_STATUS"": ""F"", ""DERIVATION_TYPE"": ""O"", ""SECURITY_CLASSIFICATION"": ""PUB""}"
CYP,gdp_real_lcu_quarterly_sa,2023-Q4,quarterly,6994495744.8612,6994495744.8612,observed,IMF_QNEA,QNEA|B1GQ|Q|SA|XDC|Q,SA,"{""ACCESS_SHARING_LEVEL"": ""PUBLIC_OPEN"", ""CONFIDENTIALITY_STATUS"": ""F"", ""DERIVATION_TYPE"": ""O"", ""SECURITY_CLASSIFICATION"": ""PUB""}"
CYP,gdp_real_lcu_quarterly_sa,2024-Q1,quarterly,7099183721.2897,7099183721.2897,observed,IMF_QNEA,QNEA|B1GQ|Q|SA|XDC|Q,SA,"{""ACCESS_SHARING_LEVEL"": ""PUBLIC_OPEN"", ""CONFIDENTIALITY_STATUS"": ""F"", ""DERIVATION_TYPE"": ""O"", ""SECURITY_CLASSIFICATION"": ""PUB""}"
CYP,gdp_real_lcu_quarterly_sa,2024-Q2,quarterly,7128969827.6507,7128969827.6507,observed,IMF_QNEA,QNEA|B1GQ|Q|SA|XDC|Q,SA,"{""ACCESS_SHARING_LEVEL"": ""PUBLIC_OPEN"", ""CONFIDENTIALITY_STATUS"": ""F"", ""DERIVATION_TYPE"": ""O"", ""SECURITY_CLASSIFICATION"": ""PUB""}"
CYP,gdp_real_lcu_quarterly_sa,2024-Q3,quarterly,7201834211.6153,7201834211.6153,observed,IMF_QNEA,QNEA|B1GQ|Q|SA|XDC|Q,SA,"{""ACCESS_SHARING_LEVEL"": ""PUBLIC_OPEN"", ""CONFIDENTIALITY_STATUS"": ""F"", ""DERIVATION_TYPE"": ""O"", ""SECURITY_CLASSIFICATION"": ""PUB""}"
CYP,gdp_real_lcu_quarterly_sa,2024-Q4,quarterly,7236956591.1029,7236956591.1029,observed,IMF_QNEA,QNEA|B1GQ|Q|SA|XDC|Q,SA,"{""ACCESS_SHARING_LEVEL"": ""PUBLIC_OPEN"", ""CONFIDENTIALITY_STATUS"": ""F"", ""DERIVATION_TYPE"": ""O"", ""SECURITY_CLASSIFICATION"": ""PUB""}"
CZE,gdp_real_lcu_quarterly_sa,2020-Q1,quarterly,1224886618881.9,1224886618881.9,observed,IMF_QNEA,QNEA|B1GQ|Q|SA|XDC|Q,SA,"{""ACCESS_SHARING_LEVEL"": ""PUBLIC_OPEN"", ""CONFIDENTIALITY_STATUS"": ""F"", ""DERIVATION_TYPE"": ""O"", ""SECURITY_CLASSIFICATION"": ""PUB""}"
CZE,gdp_real_lcu_quarterly_sa,2020-Q2,quarterly,1120161038776.5,1120161038776.5,observed,IMF_QNEA,QNEA|B1GQ|Q|SA|XDC|Q,SA,"{""ACCESS_SHARING_LEVEL"": ""PUBLIC_OPEN"", ""CONFIDENTIALITY_STATUS"": ""F"", ""DERIVATION_TYPE"": ""O"", ""SECURITY_CLASSIFICATION"": ""PUB""}"
CZE,gdp_real_lcu_quarterly_sa,2020-Q3,quarterly,1200525061322.6,1200525061322.6,observed,IMF_QNEA,QNEA|B1GQ|Q|SA|XDC|Q,SA,"{""ACCESS_SHARING_LEVEL"": ""PUBLIC_OPEN"", ""CONFIDENTIALITY_STATUS"": ""F"", ""DERIVATION_TYPE"": ""O"", ""SECURITY_CLASSIFICATION"": ""PUB""}"
CZE,gdp_real_lcu_quarterly_sa,2020-Q4,quarterly,1209895644027.0,1209895644027,observed,IMF_QNEA,QNEA|B1GQ|Q|SA|XDC|Q,SA,"{""ACCESS_SHARING_LEVEL"": ""PUBLIC_OPEN"", ""CONFIDENTIALITY_STATUS"": ""F"", ""DERIVATION_TYPE"": ""O"", ""SECURITY_CLASSIFICATION"": ""PUB""}"
CZE,gdp_real_lcu_quarterly_sa,2021-Q1,quarterly,1210249620255.9,1210249620255.9,observed,IMF_QNEA,QNEA|B1GQ|Q|SA|XDC|Q,SA,"{""ACCESS_SHARING_LEVEL"": ""PUBLIC_OPEN"", ""CONFIDENTIALITY_STATUS"": ""F"", ""DERIVATION_TYPE"": ""O"", ""SECURITY_CLASSIFICATION"": ""PUB""}"
CZE,gdp_real_lcu_quarterly_sa,2021-Q2,quarterly,1227636051756.5,1227636051756.5,observed,IMF_QNEA,QNEA|B1GQ|Q|SA|XDC|Q,SA,"{""ACCESS_SHARING_LEVEL"": ""PUBLIC_OPEN"", ""CONFIDENTIALITY_STATUS"": ""F"", ""DERIVATION_TYPE"": ""O"", ""SECURITY_CLASSIFICATION"": ""PUB""}"
CZE,gdp_real_lcu_quarterly_sa,2021-Q3,quarterly,1248935796497.2,1248935796497.2,observed,IMF_QNEA,QNEA|B1GQ|Q|SA|XDC|Q,SA,"{""ACCESS_SHARING_LEVEL"": ""PUBLIC_OPEN"", ""CONFIDENTIALITY_STATUS"": ""F"", ""DERIVATION_TYPE"": ""O"", ""SECURITY_CLASSIFICATION"": ""PUB""}"
CZE,gdp_real_lcu_quarterly_sa,2021-Q4,quarterly,1256662102525.5,1256662102525.5,observed,IMF_QNEA,QNEA|B1GQ|Q|SA|XDC|Q,SA,"{""ACCESS_SHARING_LEVEL"": ""PUBLIC_OPEN"", ""CONFIDENTIALITY_STATUS"": ""F"", ""DERIVATION_TYPE"": ""O"", ""SECURITY_CLASSIFICATION"": ""PUB""}"
CZE,gdp_real_lcu_quarterly_sa,2022-Q1,quarterly,1268584739654.3,1268584739654.3,observed,IMF_QNEA,QNEA|B1GQ|Q|SA|XDC|Q,SA,"{""ACCESS_SHARING_LEVEL"": ""PUBLIC_OPEN"", ""CONFIDENTIALITY_STATUS"": ""F"", ""DERIVATION_TYPE"": ""O"", ""SECURITY_CLASSIFICATION"": ""PUB""}"
CZE,gdp_real_lcu_quarterly_sa,2022-Q2,quarterly,1272472768878.1,1272472768878.1,observed,IMF_QNEA,QNEA|B1GQ|Q|SA|XDC|Q,SA,"{""ACCESS_SHARING_LEVEL"": ""PUBLIC_OPEN"", ""CONFIDENTIALITY_STATUS"": ""F"", ""DERIVATION_TYPE"": ""O"", ""SECURITY_CLASSIFICATION"": ""PUB""}"
CZE,gdp_real_lcu_quarterly_sa,2022-Q3,quarterly,1274205131804.8,1274205131804.8,observed,IMF_QNEA,QNEA|B1GQ|Q|SA|XDC|Q,SA,"{""ACCESS_SHARING_LEVEL"": ""PUBLIC_OPEN"", ""CONFIDENTIALITY_STATUS"": ""F"", ""DERIVATION_TYPE"": ""O"", ""SECURITY_CLASSIFICATION"": ""PUB""}"
CZE,gdp_real_lcu_quarterly_sa,2022-Q4,quarterly,1269288614045.0,1269288614045,observed,IMF_QNEA,QNEA|B1GQ|Q|SA|XDC|Q,SA,"{""ACCESS_SHARING_LEVEL"": ""PUBLIC_OPEN"", ""CONFIDENTIALITY_STATUS"": ""F"", ""DERIVATION_TYPE"": ""O"", ""SECURITY_CLASSIFICATION"": ""PUB""}"
CZE,gdp_real_lcu_quarterly_sa,2023-Q1,quarterly,1271644105632.6,1271644105632.6,observed,IMF_QNEA,QNEA|B1GQ|Q|SA|XDC|Q,SA,"{""ACCESS_SHARING_LEVEL"": ""PUBLIC_OPEN"", ""CONFIDENTIALITY_STATUS"": ""F"", ""DERIVATION_TYPE"": ""O"", ""SECURITY_CLASSIFICATION"": ""PUB""}"
CZE,gdp_real_lcu_quarterly_sa,2023-Q2,quarterly,1276718852397.9,1276718852397.9,observed,IMF_QNEA,QNEA|B1GQ|Q|SA|XDC|Q,SA,"{""ACCESS_SHARING_LEVEL"": ""PUBLIC_OPEN"", ""CONFIDENTIALITY_STATUS"": ""F"", ""DERIVATION_TYPE"": ""O"", ""SECURITY_CLASSIFICATION"": ""PUB""}"
CZE,gdp_real_lcu_quarterly_sa,2023-Q3,quarterly,1271441833501.8,1271441833501.8,observed,IMF_QNEA,QNEA|B1GQ|Q|SA|XDC|Q,SA,"{""ACCESS_SHARING_LEVEL"": ""PUBLIC_OPEN"", ""CONFIDENTIALITY_STATUS"": ""F"", ""DERIVATION_TYPE"": ""O"", ""SECURITY_CLASSIFICATION"": ""PUB""}"
CZE,gdp_real_lcu_quarterly_sa,2023-Q4,quarterly,1275081916242.7,1275081916242.7,observed,IMF_QNEA,QNEA|B1GQ|Q|SA|XDC|Q,SA,"{""ACCESS_SHARING_LEVEL"": ""PUBLIC_OPEN"", ""CONFIDENTIALITY_STATUS"": ""F"", ""DERIVATION_TYPE"": ""O"", ""SECURITY_CLASSIFICATION"": ""PUB""}"
CZE,gdp_real_lcu_quarterly_sa,2024-Q1,quarterly,1279130621312.3,1279130621312.3,observed,IMF_QNEA,QNEA|B1GQ|Q|SA|XDC|Q,SA,"{""ACCESS_SHARING_LEVEL"": ""PUBLIC_OPEN"", ""CONFIDENTIALITY_STATUS"": ""F"", ""DERIVATION_TYPE"": ""O"", ""SECURITY_CLASSIFICATION"": ""PUB""}"
CZE,gdp_real_lcu_quarterly_sa,2024-Q2,quarterly,1282770704053.1,1282770704053.1,observed,IMF_QNEA,QNEA|B1GQ|Q|SA|XDC|Q,SA,"{""ACCESS_SHARING_LEVEL"": ""PUBLIC_OPEN"", ""CONFIDENTIALITY_STATUS"": ""F"", ""DERIVATION_TYPE"": ""O"", ""SECURITY_CLASSIFICATION"": ""PUB""}"
CZE,gdp_real_lcu_quarterly_sa,2024-Q3,quarterly,1291172338002.0,1291172338002,observed,IMF_QNEA,QNEA|B1GQ|Q|SA|XDC|Q,SA,"{""ACCESS_SHARING_LEVEL"": ""PUBLIC_OPEN"", ""CONFIDENTIALITY_STATUS"": ""F"", ""DERIVATION_TYPE"": ""O"", ""SECURITY_CLASSIFICATION"": ""PUB""}"
CZE,gdp_real_lcu_quarterly_sa,2024-Q4,quarterly,1300397741515.8,1300397741515.8,observed,IMF_QNEA,QNEA|B1GQ|Q|SA|XDC|Q,SA,"{""ACCESS_SHARING_LEVEL"": ""PUBLIC_OPEN"", ""CONFIDENTIALITY_STATUS"": ""F"", ""DERIVATION_TYPE"": ""O"", ""SECURITY_CLASSIFICATION"": ""PUB""}"
DEU,gdp_real_lcu_quarterly_sa,2020-Q1,quarterly,754088179695.97,754088179695.97,observed,IMF_QNEA,QNEA|B1GQ|Q|SA|XDC|Q,SA,"{""ACCESS_SHARING_LEVEL"": ""PUBLIC_OPEN"", ""CONFIDENTIALITY_STATUS"": ""F"", ""DERIVATION_TYPE"": ""O"", ""SECURITY_CLASSIFICATION"": ""PUB""}"
DEU,gdp_real_lcu_quarterly_sa,2020-Q2,quarterly,686666750320.51,686666750320.51,observed,IMF_QNEA,QNEA|B1GQ|Q|SA|XDC|Q,SA,"{""ACCESS_SHARING_LEVEL"": ""PUBLIC_OPEN"", ""CONFIDENTIALITY_STATUS"": ""F"", ""DERIVATION_TYPE"": ""O"", ""SECURITY_CLASSIFICATION"": ""PUB""}"
DEU,gdp_real_lcu_quarterly_sa,2020-Q3,quarterly,747014481216.37,747014481216.37,observed,IMF_QNEA,QNEA|B1GQ|Q|SA|XDC|Q,SA,"{""ACCESS_SHARING_LEVEL"": ""PUBLIC_OPEN"", ""CONFIDENTIALITY_STATUS"": ""F"", ""DERIVATION_TYPE"": ""O"", ""SECURITY_CLASSIFICATION"": ""PUB""}"
DEU,gdp_real_lcu_quarterly_sa,2020-Q4,quarterly,753277651833.47,753277651833.47,observed,IMF_QNEA,QNEA|B1GQ|Q|SA|XDC|Q,SA,"{""ACCESS_SHARING_LEVEL"": ""PUBLIC_OPEN"", ""CONFIDENTIALITY_STATUS"": ""F"", ""DERIVATION_TYPE"": ""O"", ""SECURITY_CLASSIFICATION"": ""PUB""}"
DEU,gdp_real_lcu_quarterly_sa,2021-Q1,quarterly,749703949246.56,749703949246.56,observed,IMF_QNEA,QNEA|B1GQ|Q|SA|XDC|Q,SA,"{""ACCESS_SHARING_LEVEL"": ""PUBLIC_OPEN"", ""CONFIDENTIALITY_STATUS"": ""F"", ""DERIVATION_TYPE"": ""O"", ""SECURITY_CLASSIFICATION"": ""PUB""}"
DEU,gdp_real_lcu_quarterly_sa,2021-Q2,quarterly,766650573393.91,766650573393.91,observed,IMF_QNEA,QNEA|B1GQ|Q|SA|XDC|Q,SA,"{""ACCESS_SHARING_LEVEL"": ""PUBLIC_OPEN"", ""CONFIDENTIALITY_STATUS"": ""F"", ""DERIVATION_TYPE"": ""O"", ""SECURITY_CLASSIFICATION"": ""PUB""}"
DEU,gdp_real_lcu_quarterly_sa,2021-Q3,quarterly,767976861666.8,767976861666.8,observed,IMF_QNEA,QNEA|B1GQ|Q|SA|XDC|Q,SA,"{""ACCESS_SHARING_LEVEL"": ""PUBLIC_OPEN"", ""CONFIDENTIALITY_STATUS"": ""F"", ""DERIVATION_TYPE"": ""O"", ""SECURITY_CLASSIFICATION"": ""PUB""}"
DEU,gdp_real_lcu_quarterly_sa,2021-Q4,quarterly,771587184539.51,771587184539.51,observed,IMF_QNEA,QNEA|B1GQ|Q|SA|XDC|Q,SA,"{""ACCESS_SHARING_LEVEL"": ""PUBLIC_OPEN"", ""CONFIDENTIALITY_STATUS"": ""F"", ""DERIVATION_TYPE"": ""O"", ""SECURITY_CLASSIFICATION"": ""PUB""}"
DEU,gdp_real_lcu_quarterly_sa,2022-Q1,quarterly,777555723303.79,777555723303.79,observed,IMF_QNEA,QNEA|B1GQ|Q|SA|XDC|Q,SA,"{""ACCESS_SHARING_LEVEL"": ""PUBLIC_OPEN"", ""CONFIDENTIALITY_STATUS"": ""F"", ""DERIVATION_TYPE"": ""O"", ""SECURITY_CLASSIFICATION"": ""PUB""}"
DEU,gdp_real_lcu_quarterly_sa,2022-Q2,quarterly,778513512005.49,778513512005.49,observed,IMF_QNEA,QNEA|B1GQ|Q|SA|XDC|Q,SA,"{""ACCESS_SHARING_LEVEL"": ""PUBLIC_OPEN"", ""CONFIDENTIALITY_STATUS"": ""F"", ""DERIVATION_TYPE"": ""O"", ""SECURITY_CLASSIFICATION"": ""PUB""}"
DEU,gdp_real_lcu_quarterly_sa,2022-Q3,quarterly,781018709062.7,781018709062.7,observed,IMF_QNEA,QNEA|B1GQ|Q|SA|XDC|Q,SA,"{""ACCESS_SHARING_LEVEL"": ""PUBLIC_OPEN"", ""CONFIDENTIALITY_STATUS"": ""F"", ""DERIVATION_TYPE"": ""O"", ""SECURITY_CLASSIFICATION"": ""PUB""}"
DEU,gdp_real_lcu_quarterly_sa,2022-Q4,quarterly,778439873110.94,778439873110.94,observed,IMF_QNEA,QNEA|B1GQ|Q|SA|XDC|Q,SA,"{""ACCESS_SHARING_LEVEL"": ""PUBLIC_OPEN"", ""CONFIDENTIALITY_STATUS"": ""F"", ""DERIVATION_TYPE"": ""O"", ""SECURITY_CLASSIFICATION"": ""PUB""}"
DEU,gdp_real_lcu_quarterly_sa,2023-Q1,quarterly,773153161524.08,773153161524.08,observed,IMF_QNEA,QNEA|B1GQ|Q|SA|XDC|Q,SA,"{""ACCESS_SHARING_LEVEL"": ""PUBLIC_OPEN"", ""CONFIDENTIALITY_STATUS"": ""F"", ""DERIVATION_TYPE"": ""O"", ""SECURITY_CLASSIFICATION"": ""PUB""}"
DEU,gdp_real_lcu_quarterly_sa,2023-Q2,quarterly,772342591286.8,772342591286.8,observed,IMF_QNEA,QNEA|B1GQ|Q|SA|XDC|Q,SA,"{""ACCESS_SHARING_LEVEL"": ""PUBLIC_OPEN"", ""CONFIDENTIALITY_STATUS"": ""F"", ""DERIVATION_TYPE"": ""O"", ""SECURITY_CLASSIFICATION"": ""PUB""}"
DEU,gdp_real_lcu_quarterly_sa,2023-Q3,quarterly,773521542445.89,773521542445.89,observed,IMF_QNEA,QNEA|B1GQ|Q|SA|XDC|Q,SA,"{""ACCESS_SHARING_LEVEL"": ""PUBLIC_OPEN"", ""CONFIDENTIALITY_STATUS"": ""F"", ""DERIVATION_TYPE"": ""O"", ""SECURITY_CLASSIFICATION"": ""PUB""}"
DEU,gdp_real_lcu_quarterly_sa,2023-Q4,quarterly,771163657077.62,771163657077.62,observed,IMF_QNEA,QNEA|B1GQ|Q|SA|XDC|Q,SA,"{""ACCESS_SHARING_LEVEL"": ""PUBLIC_OPEN"", ""CONFIDENTIALITY_STATUS"": ""F"", ""DERIVATION_TYPE"": ""O"", ""SECURITY_CLASSIFICATION"": ""PUB""}"
DEU,gdp_real_lcu_quarterly_sa,2024-Q1,quarterly,772803120407.53,772803120407.53,observed,IMF_QNEA,QNEA|B1GQ|Q|SA|XDC|Q,SA,"{""ACCESS_SHARING_LEVEL"": ""PUBLIC_OPEN"", ""CONFIDENTIALITY_STATUS"": ""F"", ""DERIVATION_TYPE"": ""O"", ""SECURITY_CLASSIFICATION"": ""PUB""}"
DEU,gdp_real_lcu_quarterly_sa,2024-Q2,quarterly,771771514837.19,771771514837.19,observed,IMF_QNEA,QNEA|B1GQ|Q|SA|XDC|Q,SA,"{""ACCESS_SHARING_LEVEL"": ""PUBLIC_OPEN"", ""CONFIDENTIALITY_STATUS"": ""F"", ""DERIVATION_TYPE"": ""O"", ""SECURITY_CLASSIFICATION"": ""PUB""}"
DEU,gdp_real_lcu_quarterly_sa,2024-Q3,quarterly,772582102024.39,772582102024.39,observed,IMF_QNEA,QNEA|B1GQ|Q|SA|XDC|Q,SA,"{""ACCESS_SHARING_LEVEL"": ""PUBLIC_OPEN"", ""CONFIDENTIALITY_STATUS"": ""F"", ""DERIVATION_TYPE"": ""O"", ""SECURITY_CLASSIFICATION"": ""PUB""}"
DEU,gdp_real_lcu_quarterly_sa,2024-Q4,quarterly,774276830543.79,774276830543.79,observed,IMF_QNEA,QNEA|B1GQ|Q|SA|XDC|Q,SA,"{""ACCESS_SHARING_LEVEL"": ""PUBLIC_OPEN"", ""CONFIDENTIALITY_STATUS"": ""F"", ""DERIVATION_TYPE"": ""O"", ""SECURITY_CLASSIFICATION"": ""PUB""}"
DNK,gdp_real_lcu_quarterly_sa,2020-Q1,quarterly,528818395039.34,528818395039.34,observed,IMF_QNEA,QNEA|B1GQ|Q|SA|XDC|Q,SA,"{""ACCESS_SHARING_LEVEL"": ""PUBLIC_OPEN"", ""CONFIDENTIALITY_STATUS"": ""F"", ""DERIVATION_TYPE"": ""O"", ""SECURITY_CLASSIFICATION"": ""PUB""}"
DNK,gdp_real_lcu_quarterly_sa,2020-Q2,quarterly,497466396202.85,497466396202.85,observed,IMF_QNEA,QNEA|B1GQ|Q|SA|XDC|Q,SA,"{""ACCESS_SHARING_LEVEL"": ""PUBLIC_OPEN"", ""CONFIDENTIALITY_STATUS"": ""F"", ""DERIVATION_TYPE"": ""O"", ""SECURITY_CLASSIFICATION"": ""PUB""}"
DNK,gdp_real_lcu_quarterly_sa,2020-Q3,quarterly,527479096760.18,527479096760.18,observed,IMF_QNEA,QNEA|B1GQ|Q|SA|XDC|Q,SA,"{""ACCESS_SHARING_LEVEL"": ""PUBLIC_OPEN"", ""CONFIDENTIALITY_STATUS"": ""F"", ""DERIVATION_TYPE"": ""O"", ""SECURITY_CLASSIFICATION"": ""PUB""}"
DNK,gdp_real_lcu_quarterly_sa,2020-Q4,quarterly,527678970100.56,527678970100.56,observed,IMF_QNEA,QNEA|B1GQ|Q|SA|XDC|Q,SA,"{""ACCESS_SHARING_LEVEL"": ""PUBLIC_OPEN"", ""CONFIDENTIALITY_STATUS"": ""F"", ""DERIVATION_TYPE"": ""O"", ""SECURITY_CLASSIFICATION"": ""PUB""}"
DNK,gdp_real_lcu_quarterly_sa,2021-Q1,quarterly,530453783448.72,530453783448.72,observed,IMF_QNEA,QNEA|B1GQ|Q|SA|XDC|Q,SA,"{""ACCESS_SHARING_LEVEL"": ""PUBLIC_OPEN"", ""CONFIDENTIALITY_STATUS"": ""F"", ""DERIVATION_TYPE"": ""O"", ""SECURITY_CLASSIFICATION"": ""PUB""}"
DNK,gdp_real_lcu_quarterly_sa,2021-Q2,quarterly,548768006914.3,548768006914.3,observed,IMF_QNEA,QNEA|B1GQ|Q|SA|XDC|Q,SA,"{""ACCESS_SHARING_LEVEL"": ""PUBLIC_OPEN"", ""CONFIDENTIALITY_STATUS"": ""F"", ""DERIVATION_TYPE"": ""O"", ""SECURITY_CLASSIFICATION"": ""PUB""}"
DNK,gdp_real_lcu_quarterly_sa,2021-Q3,quarterly,559600786078.39,559600786078.39,observed,IMF_QNEA,QNEA|B1GQ|Q|SA|XDC|Q,SA,"{""ACCESS_SHARING_LEVEL"": ""PUBLIC_OPEN"", ""CONFIDENTIALITY_STATUS"": ""F"", ""DERIVATION_TYPE"": ""O"", ""SECURITY_CLASSIFICATION"": ""PUB""}"
DNK,gdp_real_lcu_quarterly_sa,2021-Q4,quarterly,577920773658.72,577920773658.72,observed,IMF_QNEA,QNEA|B1GQ|Q|SA|XDC|Q,SA,"{""ACCESS_SHARING_LEVEL"": ""PUBLIC_OPEN"", ""CONFIDENTIALITY_STATUS"": ""F"", ""DERIVATION_TYPE"": ""O"", ""SECURITY_CLASSIFICATION"": ""PUB""}"
DNK,gdp_real_lcu_quarterly_sa,2022-Q1,quarterly,547358274248.36,547358274248.36,observed,IMF_QNEA,QNEA|B1GQ|Q|SA|XDC|Q,SA,"{""ACCESS_SHARING_LEVEL"": ""PUBLIC_OPEN"", ""CONFIDENTIALITY_STATUS"": ""F"", ""DERIVATION_TYPE"": ""O"", ""SECURITY_CLASSIFICATION"": ""PUB""}"
DNK,gdp_real_lcu_quarterly_sa,2022-Q2,quarterly,557260852508.97,557260852508.97,observed,IMF_QNEA,QNEA|B1GQ|Q|SA|XDC|Q,SA,"{""ACCESS_SHARING_LEVEL"": ""PUBLIC_OPEN"", ""CONFIDENTIALITY_STATUS"": ""F"", ""DERIVATION_TYPE"": ""O"", ""SECURITY_CLASSIFICATION"": ""PUB""}"
DNK,gdp_real_lcu_quarterly_sa,2022-Q3,quarterly,564761460725.1,564761460725.1,observed,IMF_QNEA,QNEA|B1GQ|Q|SA|XDC|Q,SA,"{""ACCESS_SHARING_LEVEL"": ""PUBLIC_OPEN"", ""CONFIDENTIALITY_STATUS"": ""F"", ""DERIVATION_TYPE"": ""O"", ""SECURITY_CLASSIFICATION"": ""PUB""}"
DNK,gdp_real_lcu_quarterly_sa,2022-Q4,quarterly,557201468618.14,557201468618.14,observed,IMF_QNEA,QNEA|B1GQ|Q|SA|XDC|Q,SA,"{""ACCESS_SHARING_LEVEL"": ""PUBLIC_OPEN"", ""CONFIDENTIALITY_STATUS"": ""F"", ""DERIVATION_TYPE"": ""O"", ""SECURITY_CLASSIFICATION"": ""PUB""}"
DNK,gdp_real_lcu_quarterly_sa,2023-Q1,quarterly,566745991844.03,566745991844.03,observed,IMF_QNEA,QNEA|B1GQ|Q|SA|XDC|Q,SA,"{""ACCESS_SHARING_LEVEL"": ""PUBLIC_OPEN"", ""CONFIDENTIALITY_STATUS"": ""F"", ""DERIVATION_TYPE"": ""O"", ""SECURITY_CLASSIFICATION"": ""PUB""}"
DNK,gdp_real_lcu_quarterly_sa,2023-Q2,quarterly,558401297328.37,558401297328.37,observed,IMF_QNEA,QNEA|B1GQ|Q|SA|XDC|Q,SA,"{""ACCESS_SHARING_LEVEL"": ""PUBLIC_OPEN"", ""CONFIDENTIALITY_STATUS"": ""F"", ""DERIVATION_TYPE"": ""O"", ""SECURITY_CLASSIFICATION"": ""PUB""}"
DNK,gdp_real_lcu_quarterly_sa,2023-Q3,quarterly,557735059421.06,557735059421.06,observed,IMF_QNEA,QNEA|B1GQ|Q|SA|XDC|Q,SA,"{""ACCESS_SHARING_LEVEL"": ""PUBLIC_OPEN"", ""CONFIDENTIALITY_STATUS"": ""F"", ""DERIVATION_TYPE"": ""O"", ""SECURITY_CLASSIFICATION"": ""PUB""}"
DNK,gdp_real_lcu_quarterly_sa,2023-Q4,quarterly,568789611625.2,568789611625.2,observed,IMF_QNEA,QNEA|B1GQ|Q|SA|XDC|Q,SA,"{""ACCESS_SHARING_LEVEL"": ""PUBLIC_OPEN"", ""CONFIDENTIALITY_STATUS"": ""F"", ""DERIVATION_TYPE"": ""O"", ""SECURITY_CLASSIFICATION"": ""PUB""}"
DNK,gdp_real_lcu_quarterly_sa,2024-Q1,quarterly,571829071468.46,571829071468.46,observed,IMF_QNEA,QNEA|B1GQ|Q|SA|XDC|Q,SA,"{""ACCESS_SHARING_LEVEL"": ""PUBLIC_OPEN"", ""CONFIDENTIALITY_STATUS"": ""F"", ""DERIVATION_TYPE"": ""O"", ""SECURITY_CLASSIFICATION"": ""PUB""}"
DNK,gdp_real_lcu_quarterly_sa,2024-Q2,quarterly,582623661471.27,582623661471.27,observed,IMF_QNEA,QNEA|B1GQ|Q|SA|XDC|Q,SA,"{""ACCESS_SHARING_LEVEL"": ""PUBLIC_OPEN"", ""CONFIDENTIALITY_STATUS"": ""F"", ""DERIVATION_TYPE"": ""O"", ""SECURITY_CLASSIFICATION"": ""PUB""}"
DNK,gdp_real_lcu_quarterly_sa,2024-Q3,quarterly,587077570481.01,587077570481.01,observed,IMF_QNEA,QNEA|B1GQ|Q|SA|XDC|Q,SA,"{""ACCESS_SHARING_LEVEL"": ""PUBLIC_OPEN"", ""CONFIDENTIALITY_STATUS"": ""F"", ""DERIVATION_TYPE"": ""O"", ""SECURITY_CLASSIFICATION"": ""PUB""}"
DNK,gdp_real_lcu_quarterly_sa,2024-Q4,quarterly,597080406584.75,597080406584.75,observed,IMF_QNEA,QNEA|B1GQ|Q|SA|XDC|Q,SA,"{""ACCESS_SHARING_LEVEL"": ""PUBLIC_OPEN"", ""CONFIDENTIALITY_STATUS"": ""F"", ""DERIVATION_TYPE"": ""O"", ""SECURITY_CLASSIFICATION"": ""PUB""}"
DOM,gdp_real_lcu_quarterly_sa,2020-Q1,quarterly,1072090120064.01,1072090120064.01,observed,IMF_QNEA,QNEA|B1GQ|Q|SA|XDC|Q,SA,"{""ACCESS_SHARING_LEVEL"": ""PUBLIC_OPEN"", ""CONFIDENTIALITY_STATUS"": ""F"", ""DERIVATION_TYPE"": ""O"", ""SECURITY_CLASSIFICATION"": ""PUB""}"
DOM,gdp_real_lcu_quarterly_sa,2020-Q2,quarterly,901411297824.612,901411297824.612,observed,IMF_QNEA,QNEA|B1GQ|Q|SA|XDC|Q,SA,"{""ACCESS_SHARING_LEVEL"": ""PUBLIC_OPEN"", ""CONFIDENTIALITY_STATUS"": ""F"", ""DERIVATION_TYPE"": ""O"", ""SECURITY_CLASSIFICATION"": ""PUB""}"
DOM,gdp_real_lcu_quarterly_sa,2020-Q3,quarterly,1008862161450.39,1008862161450.39,observed,IMF_QNEA,QNEA|B1GQ|Q|SA|XDC|Q,SA,"{""ACCESS_SHARING_LEVEL"": ""PUBLIC_OPEN"", ""CONFIDENTIALITY_STATUS"": ""F"", ""DERIVATION_TYPE"": ""O"", ""SECURITY_CLASSIFICATION"": ""PUB""}"
DOM,gdp_real_lcu_quarterly_sa,2020-Q4,quarterly,1081679088826.46,1081679088826.46,observed,IMF_QNEA,QNEA|B1GQ|Q|SA|XDC|Q,SA,"{""ACCESS_SHARING_LEVEL"": ""PUBLIC_OPEN"", ""CONFIDENTIALITY_STATUS"": ""F"", ""DERIVATION_TYPE"": ""O"", ""SECURITY_CLASSIFICATION"": ""PUB""}"
DOM,gdp_real_lcu_quarterly_sa,2021-Q1,quarterly,1126715606138.68,1126715606138.68,observed,IMF_QNEA,QNEA|B1GQ|Q|SA|XDC|Q,SA,"{""ACCESS_SHARING_LEVEL"": ""PUBLIC_OPEN"", ""CONFIDENTIALITY_STATUS"": ""F"", ""DERIVATION_TYPE"": ""O"", ""SECURITY_CLASSIFICATION"": ""PUB""}"
DOM,gdp_real_lcu_quarterly_sa,2021-Q2,quarterly,1142882118400.8,1142882118400.8,observed,IMF_QNEA,QNEA|B1GQ|Q|SA|XDC|Q,SA,"{""ACCESS_SHARING_LEVEL"": ""PUBLIC_OPEN"", ""CONFIDENTIALITY_STATUS"": ""F"", ""DERIVATION_TYPE"": ""O"", ""SECURITY_CLASSIFICATION"": ""PUB""}"
DOM,gdp_real_lcu_quarterly_sa,2021-Q3,quarterly,1140042656502.25,1140042656502.25,observed,IMF_QNEA,QNEA|B1GQ|Q|SA|XDC|Q,SA,"{""ACCESS_SHARING_LEVEL"": ""PUBLIC_OPEN"", ""CONFIDENTIALITY_STATUS"": ""F"", ""DERIVATION_TYPE"": ""O"", ""SECURITY_CLASSIFICATION"": ""PUB""}"
DOM,gdp_real_lcu_quarterly_sa,2021-Q4,quarterly,1223873376714.3,1223873376714.3,observed,IMF_QNEA,QNEA|B1GQ|Q|SA|XDC|Q,SA,"{""ACCESS_SHARING_LEVEL"": ""PUBLIC_OPEN"", ""CONFIDENTIALITY_STATUS"": ""F"", ""DERIVATION_TYPE"": ""O"", ""SECURITY_CLASSIFICATION"": ""PUB""}"
DOM,gdp_real_lcu_quarterly_sa,2022-Q1,quarterly,1223150483996.47,1223150483996.47,observed,IMF_QNEA,QNEA|B1GQ|Q|SA|XDC|Q,SA,"{""ACCESS_SHARING_LEVEL"": ""PUBLIC_OPEN"", ""CONFIDENTIALITY_STATUS"": ""F"", ""DERIVATION_TYPE"": ""O"", ""SECURITY_CLASSIFICATION"": ""PUB""}"
DOM,gdp_real_lcu_quarterly_sa,2022-Q2,quarterly,1214792457103.45,1214792457103.45,observed,IMF_QNEA,QNEA|B1GQ|Q|SA|XDC|Q,SA,"{""ACCESS_SHARING_LEVEL"": ""PUBLIC_OPEN"", ""CONFIDENTIALITY_STATUS"": ""F"", ""DERIVATION_TYPE"": ""O"", ""SECURITY_CLASSIFICATION"": ""PUB""}"
DOM,gdp_real_lcu_quarterly_sa,2022-Q3,quarterly,1191001076905.41,1191001076905.41,observed,IMF_QNEA,QNEA|B1GQ|Q|SA|XDC|Q,SA,"{""ACCESS_SHARING_LEVEL"": ""PUBLIC_OPEN"", ""CONFIDENTIALITY_STATUS"": ""F"", ""DERIVATION_TYPE"": ""O"", ""SECURITY_CLASSIFICATION"": ""PUB""}"
DOM,gdp_real_lcu_quarterly_sa,2022-Q4,quarterly,1247271176161.01,1247271176161.01,observed,IMF_QNEA,QNEA|B1GQ|Q|SA|XDC|Q,SA,"{""ACCESS_SHARING_LEVEL"": ""PUBLIC_OPEN"", ""CONFIDENTIALITY_STATUS"": ""F"", ""DERIVATION_TYPE"": ""O"", ""SECURITY_CLASSIFICATION"": ""PUB""}"
DOM,gdp_real_lcu_quarterly_sa,2023-Q1,quarterly,1247982952083.99,1247982952083.99,observed,IMF_QNEA,QNEA|B1GQ|Q|SA|XDC|Q,SA,"{""ACCESS_SHARING_LEVEL"": ""PUBLIC_OPEN"", ""CONFIDENTIALITY_STATUS"": ""F"", ""DERIVATION_TYPE"": ""O"", ""SECURITY_CLASSIFICATION"": ""PUB""}"
DOM,gdp_real_lcu_quarterly_sa,2023-Q2,quarterly,1233554549128.33,1233554549128.33,observed,IMF_QNEA,QNEA|B1GQ|Q|SA|XDC|Q,SA,"{""ACCESS_SHARING_LEVEL"": ""PUBLIC_OPEN"", ""CONFIDENTIALITY_STATUS"": ""F"", ""DERIVATION_TYPE"": ""O"", ""SECURITY_CLASSIFICATION"": ""PUB""}"
DOM,gdp_real_lcu_quarterly_sa,2023-Q3,quarterly,1226389214062.06,1226389214062.06,observed,IMF_QNEA,QNEA|B1GQ|Q|SA|XDC|Q,SA,"{""ACCESS_SHARING_LEVEL"": ""PUBLIC_OPEN"", ""CONFIDENTIALITY_STATUS"": ""F"", ""DERIVATION_TYPE"": ""O"", ""SECURITY_CLASSIFICATION"": ""PUB""}"
DOM,gdp_real_lcu_quarterly_sa,2023-Q4,quarterly,1275189670617.77,1275189670617.77,observed,IMF_QNEA,QNEA|B1GQ|Q|SA|XDC|Q,SA,"{""ACCESS_SHARING_LEVEL"": ""PUBLIC_OPEN"", ""CONFIDENTIALITY_STATUS"": ""F"", ""DERIVATION_TYPE"": ""O"", ""SECURITY_CLASSIFICATION"": ""PUB""}"
DOM,gdp_real_lcu_quarterly_sa,2024-Q1,quarterly,1304128939690.86,1304128939690.86,observed,IMF_QNEA,QNEA|B1GQ|Q|SA|XDC|Q,SA,"{""ACCESS_SHARING_LEVEL"": ""PUBLIC_OPEN"", ""CONFIDENTIALITY_STATUS"": ""F"", ""DERIVATION_TYPE"": ""O"", ""SECURITY_CLASSIFICATION"": ""PUB""}"
DOM,gdp_real_lcu_quarterly_sa,2024-Q2,quarterly,1308588456140.15,1308588456140.15,observed,IMF_QNEA,QNEA|B1GQ|Q|SA|XDC|Q,SA,"{""ACCESS_SHARING_LEVEL"": ""PUBLIC_OPEN"", ""CONFIDENTIALITY_STATUS"": ""F"", ""DERIVATION_TYPE"": ""O"", ""SECURITY_CLASSIFICATION"": ""PUB""}"
DOM,gdp_real_lcu_quarterly_sa,2024-Q3,quarterly,1289547610141.01,1289547610141.01,observed,IMF_QNEA,QNEA|B1GQ|Q|SA|XDC|Q,SA,"{""ACCESS_SHARING_LEVEL"": ""PUBLIC_OPEN"", ""CONFIDENTIALITY_STATUS"": ""F"", ""DERIVATION_TYPE"": ""O"", ""SECURITY_CLASSIFICATION"": ""PUB""}"
DOM,gdp_real_lcu_quarterly_sa,2024-Q4,quarterly,1327703834839.03,1327703834839.03,observed,IMF_QNEA,QNEA|B1GQ|Q|SA|XDC|Q,SA,"{""ACCESS_SHARING_LEVEL"": ""PUBLIC_OPEN"", ""CONFIDENTIALITY_STATUS"": ""F"", ""DERIVATION_TYPE"": ""O"", ""SECURITY_CLASSIFICATION"": ""PUB""}"
ECU,gdp_real_lcu_quarterly_sa,2020-Q1,quarterly,26441897090.2697,26441897090.2697,observed,IMF_QNEA,QNEA|B1GQ|Q|SA|XDC|Q,SA,"{""ACCESS_SHARING_LEVEL"": ""PUBLIC_OPEN"", ""CONFIDENTIALITY_STATUS"": ""F"", ""DERIVATION_TYPE"": ""O"", ""SECURITY_CLASSIFICATION"": ""PUB""}"
ECU,gdp_real_lcu_quarterly_sa,2020-Q2,quarterly,22283487621.8176,22283487621.8176,observed,IMF_QNEA,QNEA|B1GQ|Q|SA|XDC|Q,SA,"{""ACCESS_SHARING_LEVEL"": ""PUBLIC_OPEN"", ""CONFIDENTIALITY_STATUS"": ""F"", ""DERIVATION_TYPE"": ""O"", ""SECURITY_CLASSIFICATION"": ""PUB""}"
ECU,gdp_real_lcu_quarterly_sa,2020-Q3,quarterly,24143337688.8523,24143337688.8523,observed,IMF_QNEA,QNEA|B1GQ|Q|SA|XDC|Q,SA,"{""ACCESS_SHARING_LEVEL"": ""PUBLIC_OPEN"", ""CONFIDENTIALITY_STATUS"": ""F"", ""DERIVATION_TYPE"": ""O"", ""SECURITY_CLASSIFICATION"": ""PUB""}"
ECU,gdp_real_lcu_quarterly_sa,2020-Q4,quarterly,24835044780.7378,24835044780.7378,observed,IMF_QNEA,QNEA|B1GQ|Q|SA|XDC|Q,SA,"{""ACCESS_SHARING_LEVEL"": ""PUBLIC_OPEN"", ""CONFIDENTIALITY_STATUS"": ""F"", ""DERIVATION_TYPE"": ""O"", ""SECURITY_CLASSIFICATION"": ""PUB""}"
ECU,gdp_real_lcu_quarterly_sa,2021-Q1,quarterly,25770308710.2102,25770308710.2102,observed,IMF_QNEA,QNEA|B1GQ|Q|SA|XDC|Q,SA,"{""ACCESS_SHARING_LEVEL"": ""PUBLIC_OPEN"", ""CONFIDENTIALITY_STATUS"": ""F"", ""DERIVATION_TYPE"": ""O"", ""SECURITY_CLASSIFICATION"": ""PUB""}"
ECU,gdp_real_lcu_quarterly_sa,2021-Q2,quarterly,26594661801.6914,26594661801.6914,observed,IMF_QNEA,QNEA|B1GQ|Q|SA|XDC|Q,SA,"{""ACCESS_SHARING_LEVEL"": ""PUBLIC_OPEN"", ""CONFIDENTIALITY_STATUS"": ""F"", ""DERIVATION_TYPE"": ""O"", ""SECURITY_CLASSIFICATION"": ""PUB""}"
ECU,gdp_real_lcu_quarterly_sa,2021-Q3,quarterly,27136142145.074,27136142145.074,observed,IMF_QNEA,QNEA|B1GQ|Q|SA|XDC|Q,SA,"{""ACCESS_SHARING_LEVEL"": ""PUBLIC_OPEN"", ""CONFIDENTIALITY_STATUS"": ""F"", ""DERIVATION_TYPE"": ""O"", ""SECURITY_CLASSIFICATION"": ""PUB""}"
ECU,gdp_real_lcu_quarterly_sa,2021-Q4,quarterly,27408198629.7538,27408198629.7538,observed,IMF_QNEA,QNEA|B1GQ|Q|SA|XDC|Q,SA,"{""ACCESS_SHARING_LEVEL"": ""PUBLIC_OPEN"", ""CONFIDENTIALITY_STATUS"": ""F"", ""DERIVATION_TYPE"": ""O"", ""SECURITY_CLASSIFICATION"": ""PUB""}"
ECU,gdp_real_lcu_quarterly_sa,2022-Q1,quarterly,28085444056.6418,28085444056.6418,observed,IMF_QNEA,QNEA|B1GQ|Q|SA|XDC|Q,SA,"{""ACCESS_SHARING_LEVEL"": ""PUBLIC_OPEN"", ""CONFIDENTIALITY_STATUS"": ""F"", ""DERIVATION_TYPE"": ""O"", ""SECURITY_CLASSIFICATION"": ""PUB""}"
ECU,gdp_real_lcu_quarterly_sa,2022-Q2,quarterly,27989948367.6485,27989948367.6485,observed,IMF_QNEA,QNEA|B1GQ|Q|SA|XDC|Q,SA,"{""ACCESS_SHARING_LEVEL"": ""PUBLIC_OPEN"", ""CONFIDENTIALITY_STATUS"": ""F"", ""DERIVATION_TYPE"": ""O"", ""SECURITY_CLASSIFICATION"": ""PUB""}"
ECU,gdp_real_lcu_quarterly_sa,2022-Q3,quarterly,28606966619.0474,28606966619.0474,observed,IMF_QNEA,QNEA|B1GQ|Q|SA|XDC|Q,SA,"{""ACCESS_SHARING_LEVEL"": ""PUBLIC_OPEN"", ""CONFIDENTIALITY_STATUS"": ""F"", ""DERIVATION_TYPE"": ""O"", ""SECURITY_CLASSIFICATION"": ""PUB""}"
ECU,gdp_real_lcu_quarterly_sa,2022-Q4,quarterly,28500843425.2679,28500843425.2679,observed,IMF_QNEA,QNEA|B1GQ|Q|SA|XDC|Q,SA,"{""ACCESS_SHARING_LEVEL"": ""PUBLIC_OPEN"", ""CONFIDENTIALITY_STATUS"": ""F"", ""DERIVATION_TYPE"": ""O"", ""SECURITY_CLASSIFICATION"": ""PUB""}"
ECU,gdp_real_lcu_quarterly_sa,2023-Q1,quarterly,28795566409.2935,28795566409.2935,observed,IMF_QNEA,QNEA|B1GQ|Q|SA|XDC|Q,SA,"{""ACCESS_SHARING_LEVEL"": ""PUBLIC_OPEN"", ""CONFIDENTIALITY_STATUS"": ""F"", ""DERIVATION_TYPE"": ""O"", ""SECURITY_CLASSIFICATION"": ""PUB""}"
ECU,gdp_real_lcu_quarterly_sa,2023-Q2,quarterly,29361821201.5615,29361821201.5615,observed,IMF_QNEA,QNEA|B1GQ|Q|SA|XDC|Q,SA,"{""ACCESS_SHARING_LEVEL"": ""PUBLIC_OPEN"", ""CONFIDENTIALITY_STATUS"": ""F"", ""DERIVATION_TYPE"": ""O"", ""SECURITY_CLASSIFICATION"": ""PUB""}"
ECU,gdp_real_lcu_quarterly_sa,2023-Q3,quarterly,28582389988.323,28582389988.323,observed,IMF_QNEA,QNEA|B1GQ|Q|SA|XDC|Q,SA,"{""ACCESS_SHARING_LEVEL"": ""PUBLIC_OPEN"", ""CONFIDENTIALITY_STATUS"": ""F"", ""DERIVATION_TYPE"": ""O"", ""SECURITY_CLASSIFICATION"": ""PUB""}"
ECU,gdp_real_lcu_quarterly_sa,2023-Q4,quarterly,28693776463.9805,28693776463.9805,observed,IMF_QNEA,QNEA|B1GQ|Q|SA|XDC|Q,SA,"{""ACCESS_SHARING_LEVEL"": ""PUBLIC_OPEN"", ""CONFIDENTIALITY_STATUS"": ""F"", ""DERIVATION_TYPE"": ""O"", ""SECURITY_CLASSIFICATION"": ""PUB""}"
ECU,gdp_real_lcu_quarterly_sa,2024-Q1,quarterly,28456773544.5783,28456773544.5783,observed,IMF_QNEA,QNEA|B1GQ|Q|SA|XDC|Q,SA,"{""ACCESS_SHARING_LEVEL"": ""PUBLIC_OPEN"", ""CONFIDENTIALITY_STATUS"": ""F"", ""DERIVATION_TYPE"": ""O"", ""SECURITY_CLASSIFICATION"": ""PUB""}"
ECU,gdp_real_lcu_quarterly_sa,2024-Q2,quarterly,28165583555.4247,28165583555.4247,observed,IMF_QNEA,QNEA|B1GQ|Q|SA|XDC|Q,SA,"{""ACCESS_SHARING_LEVEL"": ""PUBLIC_OPEN"", ""CONFIDENTIALITY_STATUS"": ""F"", ""DERIVATION_TYPE"": ""O"", ""SECURITY_CLASSIFICATION"": ""PUB""}"
ECU,gdp_real_lcu_quarterly_sa,2024-Q3,quarterly,28073335426.5668,28073335426.5668,observed,IMF_QNEA,QNEA|B1GQ|Q|SA|XDC|Q,SA,"{""ACCESS_SHARING_LEVEL"": ""PUBLIC_OPEN"", ""CONFIDENTIALITY_STATUS"": ""F"", ""DERIVATION_TYPE"": ""O"", ""SECURITY_CLASSIFICATION"": ""PUB""}"
ECU,gdp_real_lcu_quarterly_sa,2024-Q4,quarterly,28427742077.8952,28427742077.8952,observed,IMF_QNEA,QNEA|B1GQ|Q|SA|XDC|Q,SA,"{""ACCESS_SHARING_LEVEL"": ""PUBLIC_OPEN"", ""CONFIDENTIALITY_STATUS"": ""F"", ""DERIVATION_TYPE"": ""O"", ""SECURITY_CLASSIFICATION"": ""PUB""}"
ESP,gdp_real_lcu_quarterly_sa,2020-Q1,quarterly,285418943123.13,285418943123.13,observed,IMF_QNEA,QNEA|B1GQ|Q|SA|XDC|Q,SA,"{""ACCESS_SHARING_LEVEL"": ""PUBLIC_OPEN"", ""CONFIDENTIALITY_STATUS"": ""F"", ""DERIVATION_TYPE"": ""O"", ""SECURITY_CLASSIFICATION"": ""PUB""}"
ESP,gdp_real_lcu_quarterly_sa,2020-Q2,quarterly,234641821911.54,234641821911.54,observed,IMF_QNEA,QNEA|B1GQ|Q|SA|XDC|Q,SA,"{""ACCESS_SHARING_LEVEL"": ""PUBLIC_OPEN"", ""CONFIDENTIALITY_STATUS"": ""F"", ""DERIVATION_TYPE"": ""O"", ""SECURITY_CLASSIFICATION"": ""PUB""}"
ESP,gdp_real_lcu_quarterly_sa,2020-Q3,quarterly,271955090808.79,271955090808.79,observed,IMF_QNEA,QNEA|B1GQ|Q|SA|XDC|Q,SA,"{""ACCESS_SHARING_LEVEL"": ""PUBLIC_OPEN"", ""CONFIDENTIALITY_STATUS"": ""F"", ""DERIVATION_TYPE"": ""O"", ""SECURITY_CLASSIFICATION"": ""PUB""}"
ESP,gdp_real_lcu_quarterly_sa,2020-Q4,quarterly,273928933281.57,273928933281.57,observed,IMF_QNEA,QNEA|B1GQ|Q|SA|XDC|Q,SA,"{""ACCESS_SHARING_LEVEL"": ""PUBLIC_OPEN"", ""CONFIDENTIALITY_STATUS"": ""F"", ""DERIVATION_TYPE"": ""O"", ""SECURITY_CLASSIFICATION"": ""PUB""}"
ESP,gdp_real_lcu_quarterly_sa,2021-Q1,quarterly,277220558677.36,277220558677.36,observed,IMF_QNEA,QNEA|B1GQ|Q|SA|XDC|Q,SA,"{""ACCESS_SHARING_LEVEL"": ""PUBLIC_OPEN"", ""CONFIDENTIALITY_STATUS"": ""F"", ""DERIVATION_TYPE"": ""O"", ""SECURITY_CLASSIFICATION"": ""PUB""}"
ESP,gdp_real_lcu_quarterly_sa,2021-Q2,quarterly,281020984213.19,281020984213.19,observed,IMF_QNEA,QNEA|B1GQ|Q|SA|XDC|Q,SA,"{""ACCESS_SHARING_LEVEL"": ""PUBLIC_OPEN"", ""CONFIDENTIALITY_STATUS"": ""F"", ""DERIVATION_TYPE"": ""O"", ""SECURITY_CLASSIFICATION"": ""PUB""}"
ESP,gdp_real_lcu_quarterly_sa,2021-Q3,quarterly,286560203548.57,286560203548.57,observed,IMF_QNEA,QNEA|B1GQ|Q|SA|XDC|Q,SA,"{""ACCESS_SHARING_LEVEL"": ""PUBLIC_OPEN"", ""CONFIDENTIALITY_STATUS"": ""F"", ""DERIVATION_TYPE"": ""O"", ""SECURITY_CLASSIFICATION"": ""PUB""}"
ESP,gdp_real_lcu_quarterly_sa,2021-Q4,quarterly,292381670085.95,292381670085.95,observed,IMF_QNEA,QNEA|B1GQ|Q|SA|XDC|Q,SA,"{""ACCESS_SHARING_LEVEL"": ""PUBLIC_OPEN"", ""CONFIDENTIALITY_STATUS"": ""F"", ""DERIVATION_TYPE"": ""O"", ""SECURITY_CLASSIFICATION"": ""PUB""}"
ESP,gdp_real_lcu_quarterly_sa,2022-Q1,quarterly,296976918846.11,296976918846.11,observed,IMF_QNEA,QNEA|B1GQ|Q|SA|XDC|Q,SA,"{""ACCESS_SHARING_LEVEL"": ""PUBLIC_OPEN"", ""CONFIDENTIALITY_STATUS"": ""F"", ""DERIVATION_TYPE"": ""O"", ""SECURITY_CLASSIFICATION"": ""PUB""}"
ESP,gdp_real_lcu_quarterly_sa,2022-Q2,quarterly,302029993335.26,302029993335.26,observed,IMF_QNEA,QNEA|B1GQ|Q|SA|XDC|Q,SA,"{""ACCESS_SHARING_LEVEL"": ""PUBLIC_OPEN"", ""CONFIDENTIALITY_STATUS"": ""F"", ""DERIVATION_TYPE"": ""O"", ""SECURITY_CLASSIFICATION"": ""PUB""}"
ESP,gdp_real_lcu_quarterly_sa,2022-Q3,quarterly,304493756536.58,304493756536.58,observed,IMF_QNEA,QNEA|B1GQ|Q|SA|XDC|Q,SA,"{""ACCESS_SHARING_LEVEL"": ""PUBLIC_OPEN"", ""CONFIDENTIALITY_STATUS"": ""F"", ""DERIVATION_TYPE"": ""O"", ""SECURITY_CLASSIFICATION"": ""PUB""}"
ESP,gdp_real_lcu_quarterly_sa,2022-Q4,quarterly,306125881661.13,306125881661.13,observed,IMF_QNEA,QNEA|B1GQ|Q|SA|XDC|Q,SA,"{""ACCESS_SHARING_LEVEL"": ""PUBLIC_OPEN"", ""CONFIDENTIALITY_STATUS"": ""F"", ""DERIVATION_TYPE"": ""O"", ""SECURITY_CLASSIFICATION"": ""PUB""}"
ESP,gdp_real_lcu_quarterly_sa,2023-Q1,quarterly,307687208992.54,307687208992.54,observed,IMF_QNEA,QNEA|B1GQ|Q|SA|XDC|Q,SA,"{""ACCESS_SHARING_LEVEL"": ""PUBLIC_OPEN"", ""CONFIDENTIALITY_STATUS"": ""F"", ""DERIVATION_TYPE"": ""O"", ""SECURITY_CLASSIFICATION"": ""PUB""}"
ESP,gdp_real_lcu_quarterly_sa,2023-Q2,quarterly,308129931192.32,308129931192.32,observed,IMF_QNEA,QNEA|B1GQ|Q|SA|XDC|Q,SA,"{""ACCESS_SHARING_LEVEL"": ""PUBLIC_OPEN"", ""CONFIDENTIALITY_STATUS"": ""F"", ""DERIVATION_TYPE"": ""O"", ""SECURITY_CLASSIFICATION"": ""PUB""}"
ESP,gdp_real_lcu_quarterly_sa,2023-Q3,quarterly,310563487335.23,310563487335.23,observed,IMF_QNEA,QNEA|B1GQ|Q|SA|XDC|Q,SA,"{""ACCESS_SHARING_LEVEL"": ""PUBLIC_OPEN"", ""CONFIDENTIALITY_STATUS"": ""F"", ""DERIVATION_TYPE"": ""O"", ""SECURITY_CLASSIFICATION"": ""PUB""}"
ESP,gdp_real_lcu_quarterly_sa,2023-Q4,quarterly,313012147007.35,313012147007.35,observed,IMF_QNEA,QNEA|B1GQ|Q|SA|XDC|Q,SA,"{""ACCESS_SHARING_LEVEL"": ""PUBLIC_OPEN"", ""CONFIDENTIALITY_STATUS"": ""F"", ""DERIVATION_TYPE"": ""O"", ""SECURITY_CLASSIFICATION"": ""PUB""}"
ESP,gdp_real_lcu_quarterly_sa,2024-Q1,quarterly,316496342400.48,316496342400.48,observed,IMF_QNEA,QNEA|B1GQ|Q|SA|XDC|Q,SA,"{""ACCESS_SHARING_LEVEL"": ""PUBLIC_OPEN"", ""CONFIDENTIALITY_STATUS"": ""F"", ""DERIVATION_TYPE"": ""O"", ""SECURITY_CLASSIFICATION"": ""PUB""}"
ESP,gdp_real_lcu_quarterly_sa,2024-Q2,quarterly,319404715742.73,319404715742.73,observed,IMF_QNEA,QNEA|B1GQ|Q|SA|XDC|Q,SA,"{""ACCESS_SHARING_LEVEL"": ""PUBLIC_OPEN"", ""CONFIDENTIALITY_STATUS"": ""F"", ""DERIVATION_TYPE"": ""O"", ""SECURITY_CLASSIFICATION"": ""PUB""}"
ESP,gdp_real_lcu_quarterly_sa,2024-Q3,quarterly,321848655561.97,321848655561.97,observed,IMF_QNEA,QNEA|B1GQ|Q|SA|XDC|Q,SA,"{""ACCESS_SHARING_LEVEL"": ""PUBLIC_OPEN"", ""CONFIDENTIALITY_STATUS"": ""F"", ""DERIVATION_TYPE"": ""O"", ""SECURITY_CLASSIFICATION"": ""PUB""}"
ESP,gdp_real_lcu_quarterly_sa,2024-Q4,quarterly,324467229937.63,324467229937.63,observed,IMF_QNEA,QNEA|B1GQ|Q|SA|XDC|Q,SA,"{""ACCESS_SHARING_LEVEL"": ""PUBLIC_OPEN"", ""CONFIDENTIALITY_STATUS"": ""F"", ""DERIVATION_TYPE"": ""O"", ""SECURITY_CLASSIFICATION"": ""PUB""}"
EST,gdp_real_lcu_quarterly_sa,2020-Q1,quarterly,5064806996.6239,5064806996.6239,observed,IMF_QNEA,QNEA|B1GQ|Q|SA|XDC|Q,SA,"{""ACCESS_SHARING_LEVEL"": ""PUBLIC_OPEN"", ""CONFIDENTIALITY_STATUS"": ""F"", ""DERIVATION_TYPE"": ""O"", ""SECURITY_CLASSIFICATION"": ""PUB""}"
EST,gdp_real_lcu_quarterly_sa,2020-Q2,quarterly,4809952042.5364,4809952042.5364,observed,IMF_QNEA,QNEA|B1GQ|Q|SA|XDC|Q,SA,"{""ACCESS_SHARING_LEVEL"": ""PUBLIC_OPEN"", ""CONFIDENTIALITY_STATUS"": ""F"", ""DERIVATION_TYPE"": ""O"", ""SECURITY_CLASSIFICATION"": ""PUB""}"
EST,gdp_real_lcu_quarterly_sa,2020-Q3,quarterly,5021784079.9829,5021784079.9829,observed,IMF_QNEA,QNEA|B1GQ|Q|SA|XDC|Q,SA,"{""ACCESS_SHARING_LEVEL"": ""PUBLIC_OPEN"", ""CONFIDENTIALITY_STATUS"": ""F"", ""DERIVATION_TYPE"": ""O"", ""SECURITY_CLASSIFICATION"": ""PUB""}"
EST,gdp_real_lcu_quarterly_sa,2020-Q4,quarterly,5112434669.2006,5112434669.2006,observed,IMF_QNEA,QNEA|B1GQ|Q|SA|XDC|Q,SA,"{""ACCESS_SHARING_LEVEL"": ""PUBLIC_OPEN"", ""CONFIDENTIALITY_STATUS"": ""F"", ""DERIVATION_TYPE"": ""O"", ""SECURITY_CLASSIFICATION"": ""PUB""}"
EST,gdp_real_lcu_quarterly_sa,2021-Q1,quarterly,5296656311.0023,5296656311.0023,observed,IMF_QNEA,QNEA|B1GQ|Q|SA|XDC|Q,SA,"{""ACCESS_SHARING_LEVEL"": ""PUBLIC_OPEN"", ""CONFIDENTIALITY_STATUS"": ""F"", ""DERIVATION_TYPE"": ""O"", ""SECURITY_CLASSIFICATION"": ""PUB""}"
EST,gdp_real_lcu_quarterly_sa,2021-Q2,quarterly,5435890685.4106,5435890685.4106,observed,IMF_QNEA,QNEA|B1GQ|Q|SA|XDC|Q,SA,"{""ACCESS_SHARING_LEVEL"": ""PUBLIC_OPEN"", ""CONFIDENTIALITY_STATUS"": ""F"", ""DERIVATION_TYPE"": ""O"", ""SECURITY_CLASSIFICATION"": ""PUB""}"
EST,gdp_real_lcu_quarterly_sa,2021-Q3,quarterly,5413922824.0272,5413922824.0272,observed,IMF_QNEA,QNEA|B1GQ|Q|SA|XDC|Q,SA,"{""ACCESS_SHARING_LEVEL"": ""PUBLIC_OPEN"", ""CONFIDENTIALITY_STATUS"": ""F"", ""DERIVATION_TYPE"": ""O"", ""SECURITY_CLASSIFICATION"": ""PUB""}"
EST,gdp_real_lcu_quarterly_sa,2021-Q4,quarterly,5507519903.5237,5507519903.5237,observed,IMF_QNEA,QNEA|B1GQ|Q|SA|XDC|Q,SA,"{""ACCESS_SHARING_LEVEL"": ""PUBLIC_OPEN"", ""CONFIDENTIALITY_STATUS"": ""F"", ""DERIVATION_TYPE"": ""O"", ""SECURITY_CLASSIFICATION"": ""PUB""}"
EST,gdp_real_lcu_quarterly_sa,2022-Q1,quarterly,5541915221.3023,5541915221.3023,observed,IMF_QNEA,QNEA|B1GQ|Q|SA|XDC|Q,SA,"{""ACCESS_SHARING_LEVEL"": ""PUBLIC_OPEN"", ""CONFIDENTIALITY_STATUS"": ""F"", ""DERIVATION_TYPE"": ""O"", ""SECURITY_CLASSIFICATION"": ""PUB""}"
EST,gdp_real_lcu_quarterly_sa,2022-Q2,quarterly,5454719256.6038,5454719256.6038,observed,IMF_QNEA,QNEA|B1GQ|Q|SA|XDC|Q,SA,"{""ACCESS_SHARING_LEVEL"": ""PUBLIC_OPEN"", ""CONFIDENTIALITY_STATUS"": ""F"", ""DERIVATION_TYPE"": ""O"", ""SECURITY_CLASSIFICATION"": ""PUB""}"
EST,gdp_real_lcu_quarterly_sa,2022-Q3,quarterly,5429742598.0903,5429742598.0903,observed,IMF_QNEA,QNEA|B1GQ|Q|SA|XDC|Q,SA,"{""ACCESS_SHARING_LEVEL"": ""PUBLIC_OPEN"", ""CONFIDENTIALITY_STATUS"": ""F"", ""DERIVATION_TYPE"": ""O"", ""SECURITY_CLASSIFICATION"": ""PUB""}"
EST,gdp_real_lcu_quarterly_sa,2022-Q4,quarterly,5345225111.0008,5345225111.0008,observed,IMF_QNEA,QNEA|B1GQ|Q|SA|XDC|Q,SA,"{""ACCESS_SHARING_LEVEL"": ""PUBLIC_OPEN"", ""CONFIDENTIALITY_STATUS"": ""F"", ""DERIVATION_TYPE"": ""O"", ""SECURITY_CLASSIFICATION"": ""PUB""}"
EST,gdp_real_lcu_quarterly_sa,2023-Q1,quarterly,5277821788.752,5277821788.752,observed,IMF_QNEA,QNEA|B1GQ|Q|SA|XDC|Q,SA,"{""ACCESS_SHARING_LEVEL"": ""PUBLIC_OPEN"", ""CONFIDENTIALITY_STATUS"": ""F"", ""DERIVATION_TYPE"": ""O"", ""SECURITY_CLASSIFICATION"": ""PUB""}"
EST,gdp_real_lcu_quarterly_sa,2023-Q2,quarterly,5282156094.2355,5282156094.2355,observed,IMF_QNEA,QNEA|B1GQ|Q|SA|XDC|Q,SA,"{""ACCESS_SHARING_LEVEL"": ""PUBLIC_OPEN"", ""CONFIDENTIALITY_STATUS"": ""F"", ""DERIVATION_TYPE"": ""O"", ""SECURITY_CLASSIFICATION"": ""PUB""}"
EST,gdp_real_lcu_quarterly_sa,2023-Q3,quarterly,5270965884.1295,5270965884.1295,observed,IMF_QNEA,QNEA|B1GQ|Q|SA|XDC|Q,SA,"{""ACCESS_SHARING_LEVEL"": ""PUBLIC_OPEN"", ""CONFIDENTIALITY_STATUS"": ""F"", ""DERIVATION_TYPE"": ""O"", ""SECURITY_CLASSIFICATION"": ""PUB""}"
EST,gdp_real_lcu_quarterly_sa,2023-Q4,quarterly,5291774006.3656,5291774006.3656,observed,IMF_QNEA,QNEA|B1GQ|Q|SA|XDC|Q,SA,"{""ACCESS_SHARING_LEVEL"": ""PUBLIC_OPEN"", ""CONFIDENTIALITY_STATUS"": ""F"", ""DERIVATION_TYPE"": ""O"", ""SECURITY_CLASSIFICATION"": ""PUB""}"
EST,gdp_real_lcu_quarterly_sa,2024-Q1,quarterly,5295957527.8351,5295957527.8351,observed,IMF_QNEA,QNEA|B1GQ|Q|SA|XDC|Q,SA,"{""ACCESS_SHARING_LEVEL"": ""PUBLIC_OPEN"", ""CONFIDENTIALITY_STATUS"": ""F"", ""DERIVATION_TYPE"": ""O"", ""SECURITY_CLASSIFICATION"": ""PUB""}"
EST,gdp_real_lcu_quarterly_sa,2024-Q2,quarterly,5269008775.025,5269008775.025,observed,IMF_QNEA,QNEA|B1GQ|Q|SA|XDC|Q,SA,"{""ACCESS_SHARING_LEVEL"": ""PUBLIC_OPEN"", ""CONFIDENTIALITY_STATUS"": ""F"", ""DERIVATION_TYPE"": ""O"", ""SECURITY_CLASSIFICATION"": ""PUB""}"
EST,gdp_real_lcu_quarterly_sa,2024-Q3,quarterly,5296939954.1595,5296939954.1595,observed,IMF_QNEA,QNEA|B1GQ|Q|SA|XDC|Q,SA,"{""ACCESS_SHARING_LEVEL"": ""PUBLIC_OPEN"", ""CONFIDENTIALITY_STATUS"": ""F"", ""DERIVATION_TYPE"": ""O"", ""SECURITY_CLASSIFICATION"": ""PUB""}"
EST,gdp_real_lcu_quarterly_sa,2024-Q4,quarterly,5304995104.3448,5304995104.3448,observed,IMF_QNEA,QNEA|B1GQ|Q|SA|XDC|Q,SA,"{""ACCESS_SHARING_LEVEL"": ""PUBLIC_OPEN"", ""CONFIDENTIALITY_STATUS"": ""F"", ""DERIVATION_TYPE"": ""O"", ""SECURITY_CLASSIFICATION"": ""PUB""}"
FIN,gdp_real_lcu_quarterly_sa,2020-Q1,quarterly,50957968538.643,50957968538.643,observed,IMF_QNEA,QNEA|B1GQ|Q|SA|XDC|Q,SA,"{""ACCESS_SHARING_LEVEL"": ""PUBLIC_OPEN"", ""CONFIDENTIALITY_STATUS"": ""F"", ""DERIVATION_TYPE"": ""O"", ""SECURITY_CLASSIFICATION"": ""PUB""}"
FIN,gdp_real_lcu_quarterly_sa,2020-Q2,quarterly,47597051737.404,47597051737.404,observed,IMF_QNEA,QNEA|B1GQ|Q|SA|XDC|Q,SA,"{""ACCESS_SHARING_LEVEL"": ""PUBLIC_OPEN"", ""CONFIDENTIALITY_STATUS"": ""F"", ""DERIVATION_TYPE"": ""O"", ""SECURITY_CLASSIFICATION"": ""PUB""}"
FIN,gdp_real_lcu_quarterly_sa,2020-Q3,quarterly,49970514918.497,49970514918.497,observed,IMF_QNEA,QNEA|B1GQ|Q|SA|XDC|Q,SA,"{""ACCESS_SHARING_LEVEL"": ""PUBLIC_OPEN"", ""CONFIDENTIALITY_STATUS"": ""F"", ""DERIVATION_TYPE"": ""O"", ""SECURITY_CLASSIFICATION"": ""PUB""}"
FIN,gdp_real_lcu_quarterly_sa,2020-Q4,quarterly,50511156945.817,50511156945.817,observed,IMF_QNEA,QNEA|B1GQ|Q|SA|XDC|Q,SA,"{""ACCESS_SHARING_LEVEL"": ""PUBLIC_OPEN"", ""CONFIDENTIALITY_STATUS"": ""F"", ""DERIVATION_TYPE"": ""O"", ""SECURITY_CLASSIFICATION"": ""PUB""}"
FIN,gdp_real_lcu_quarterly_sa,2021-Q1,quarterly,50132260715.1,50132260715.1,observed,IMF_QNEA,QNEA|B1GQ|Q|SA|XDC|Q,SA,"{""ACCESS_SHARING_LEVEL"": ""PUBLIC_OPEN"", ""CONFIDENTIALITY_STATUS"": ""F"", ""DERIVATION_TYPE"": ""O"", ""SECURITY_CLASSIFICATION"": ""PUB""}"
FIN,gdp_real_lcu_quarterly_sa,2021-Q2,quarterly,50901670277.947,50901670277.947,observed,IMF_QNEA,QNEA|B1GQ|Q|SA|XDC|Q,SA,"{""ACCESS_SHARING_LEVEL"": ""PUBLIC_OPEN"", ""CONFIDENTIALITY_STATUS"": ""F"", ""DERIVATION_TYPE"": ""O"", ""SECURITY_CLASSIFICATION"": ""PUB""}"
FIN,gdp_real_lcu_quarterly_sa,2021-Q3,quarterly,51471801870.393,51471801870.393,observed,IMF_QNEA,QNEA|B1GQ|Q|SA|XDC|Q,SA,"{""ACCESS_SHARING_LEVEL"": ""PUBLIC_OPEN"", ""CONFIDENTIALITY_STATUS"": ""F"", ""DERIVATION_TYPE"": ""O"", ""SECURITY_CLASSIFICATION"": ""PUB""}"
FIN,gdp_real_lcu_quarterly_sa,2021-Q4,quarterly,51858740709.78,51858740709.78,observed,IMF_QNEA,QNEA|B1GQ|Q|SA|XDC|Q,SA,"{""ACCESS_SHARING_LEVEL"": ""PUBLIC_OPEN"", ""CONFIDENTIALITY_STATUS"": ""F"", ""DERIVATION_TYPE"": ""O"", ""SECURITY_CLASSIFICATION"": ""PUB""}"
FIN,gdp_real_lcu_quarterly_sa,2022-Q1,quarterly,51446780421.195,51446780421.195,observed,IMF_QNEA,QNEA|B1GQ|Q|SA|XDC|Q,SA,"{""ACCESS_SHARING_LEVEL"": ""PUBLIC_OPEN"", ""CONFIDENTIALITY_STATUS"": ""F"", ""DERIVATION_TYPE"": ""O"", ""SECURITY_CLASSIFICATION"": ""PUB""}"
FIN,gdp_real_lcu_quarterly_sa,2022-Q2,quarterly,51584398391.785,51584398391.785,observed,IMF_QNEA,QNEA|B1GQ|Q|SA|XDC|Q,SA,"{""ACCESS_SHARING_LEVEL"": ""PUBLIC_OPEN"", ""CONFIDENTIALITY_STATUS"": ""F"", ""DERIVATION_TYPE"": ""O"", ""SECURITY_CLASSIFICATION"": ""PUB""}"
FIN,gdp_real_lcu_quarterly_sa,2022-Q3,quarterly,51512908536.933,51512908536.933,observed,IMF_QNEA,QNEA|B1GQ|Q|SA|XDC|Q,SA,"{""ACCESS_SHARING_LEVEL"": ""PUBLIC_OPEN"", ""CONFIDENTIALITY_STATUS"": ""F"", ""DERIVATION_TYPE"": ""O"", ""SECURITY_CLASSIFICATION"": ""PUB""}"
FIN,gdp_real_lcu_quarterly_sa,2022-Q4,quarterly,50996394335.626,50996394335.626,observed,IMF_QNEA,QNEA|B1GQ|Q|SA|XDC|Q,SA,"{""ACCESS_SHARING_LEVEL"": ""PUBLIC_OPEN"", ""CONFIDENTIALITY_STATUS"": ""F"", ""DERIVATION_TYPE"": ""O"", ""SECURITY_CLASSIFICATION"": ""PUB""}"
FIN,gdp_real_lcu_quarterly_sa,2023-Q1,quarterly,51070565060.035,51070565060.035,observed,IMF_QNEA,QNEA|B1GQ|Q|SA|XDC|Q,SA,"{""ACCESS_SHARING_LEVEL"": ""PUBLIC_OPEN"", ""CONFIDENTIALITY_STATUS"": ""F"", ""DERIVATION_TYPE"": ""O"", ""SECURITY_CLASSIFICATION"": ""PUB""}"
FIN,gdp_real_lcu_quarterly_sa,2023-Q2,quarterly,51158140132.229,51158140132.229,observed,IMF_QNEA,QNEA|B1GQ|Q|SA|XDC|Q,SA,"{""ACCESS_SHARING_LEVEL"": ""PUBLIC_OPEN"", ""CONFIDENTIALITY_STATUS"": ""F"", ""DERIVATION_TYPE"": ""O"", ""SECURITY_CLASSIFICATION"": ""PUB""}"
FIN,gdp_real_lcu_quarterly_sa,2023-Q3,quarterly,50418220134.509,50418220134.509,observed,IMF_QNEA,QNEA|B1GQ|Q|SA|XDC|Q,SA,"{""ACCESS_SHARING_LEVEL"": ""PUBLIC_OPEN"", ""CONFIDENTIALITY_STATUS"": ""F"", ""DERIVATION_TYPE"": ""O"", ""SECURITY_CLASSIFICATION"": ""PUB""}"
FIN,gdp_real_lcu_quarterly_sa,2023-Q4,quarterly,50387836946.197,50387836946.197,observed,IMF_QNEA,QNEA|B1GQ|Q|SA|XDC|Q,SA,"{""ACCESS_SHARING_LEVEL"": ""PUBLIC_OPEN"", ""CONFIDENTIALITY_STATUS"": ""F"", ""DERIVATION_TYPE"": ""O"", ""SECURITY_CLASSIFICATION"": ""PUB""}"
FIN,gdp_real_lcu_quarterly_sa,2024-Q1,quarterly,50962436654.571,50962436654.571,observed,IMF_QNEA,QNEA|B1GQ|Q|SA|XDC|Q,SA,"{""ACCESS_SHARING_LEVEL"": ""PUBLIC_OPEN"", ""CONFIDENTIALITY_STATUS"": ""F"", ""DERIVATION_TYPE"": ""O"", ""SECURITY_CLASSIFICATION"": ""PUB""}"
FIN,gdp_real_lcu_quarterly_sa,2024-Q2,quarterly,51113458972.946,51113458972.946,observed,IMF_QNEA,QNEA|B1GQ|Q|SA|XDC|Q,SA,"{""ACCESS_SHARING_LEVEL"": ""PUBLIC_OPEN"", ""CONFIDENTIALITY_STATUS"": ""F"", ""DERIVATION_TYPE"": ""O"", ""SECURITY_CLASSIFICATION"": ""PUB""}"
FIN,gdp_real_lcu_quarterly_sa,2024-Q3,quarterly,51491461580.477,51491461580.477,observed,IMF_QNEA,QNEA|B1GQ|Q|SA|XDC|Q,SA,"{""ACCESS_SHARING_LEVEL"": ""PUBLIC_OPEN"", ""CONFIDENTIALITY_STATUS"": ""F"", ""DERIVATION_TYPE"": ""O"", ""SECURITY_CLASSIFICATION"": ""PUB""}"
FIN,gdp_real_lcu_quarterly_sa,2024-Q4,quarterly,51483418971.806,51483418971.806,observed,IMF_QNEA,QNEA|B1GQ|Q|SA|XDC|Q,SA,"{""ACCESS_SHARING_LEVEL"": ""PUBLIC_OPEN"", ""CONFIDENTIALITY_STATUS"": ""F"", ""DERIVATION_TYPE"": ""O"", ""SECURITY_CLASSIFICATION"": ""PUB""}"
FRA,gdp_real_lcu_quarterly_sa,2020-Q1,quarterly,533873851383.77,533873851383.77,observed,IMF_QNEA,QNEA|B1GQ|Q|SA|XDC|Q,SA,"{""ACCESS_SHARING_LEVEL"": ""PUBLIC_OPEN"", ""CONFIDENTIALITY_STATUS"": ""F"", ""DERIVATION_TYPE"": ""O"", ""SECURITY_CLASSIFICATION"": ""PUB""}"
FRA,gdp_real_lcu_quarterly_sa,2020-Q2,quarterly,468676009444.18,468676009444.18,observed,IMF_QNEA,QNEA|B1GQ|Q|SA|XDC|Q,SA,"{""ACCESS_SHARING_LEVEL"": ""PUBLIC_OPEN"", ""CONFIDENTIALITY_STATUS"": ""F"", ""DERIVATION_TYPE"": ""O"", ""SECURITY_CLASSIFICATION"": ""PUB""}"
FRA,gdp_real_lcu_quarterly_sa,2020-Q3,quarterly,539657086784.97,539657086784.97,observed,IMF_QNEA,QNEA|B1GQ|Q|SA|XDC|Q,SA,"{""ACCESS_SHARING_LEVEL"": ""PUBLIC_OPEN"", ""CONFIDENTIALITY_STATUS"": ""F"", ""DERIVATION_TYPE"": ""O"", ""SECURITY_CLASSIFICATION"": ""PUB""}"
FRA,gdp_real_lcu_quarterly_sa,2020-Q4,quarterly,539598601298.1,539598601298.1,observed,IMF_QNEA,QNEA|B1GQ|Q|SA|XDC|Q,SA,"{""ACCESS_SHARING_LEVEL"": ""PUBLIC_OPEN"", ""CONFIDENTIALITY_STATUS"": ""F"", ""DERIVATION_TYPE"": ""O"", ""SECURITY_CLASSIFICATION"": ""PUB""}"
FRA,gdp_real_lcu_quarterly_sa,2021-Q1,quarterly,542022649541.85,542022649541.85,observed,IMF_QNEA,QNEA|B1GQ|Q|SA|XDC|Q,SA,"{""ACCESS_SHARING_LEVEL"": ""PUBLIC_OPEN"", ""CONFIDENTIALITY_STATUS"": ""F"", ""DERIVATION_TYPE"": ""O"", ""SECURITY_CLASSIFICATION"": ""PUB""}"
FRA,gdp_real_lcu_quarterly_sa,2021-Q2,quarterly,548590093568.04,548590093568.04,observed,IMF_QNEA,QNEA|B1GQ|Q|SA|XDC|Q,SA,"{""ACCESS_SHARING_LEVEL"": ""PUBLIC_OPEN"", ""CONFIDENTIALITY_STATUS"": ""F"", ""DERIVATION_TYPE"": ""O"", ""SECURITY_CLASSIFICATION"": ""PUB""}"
FRA,gdp_real_lcu_quarterly_sa,2021-Q3,quarterly,564836391553.93,564836391553.93,observed,IMF_QNEA,QNEA|B1GQ|Q|SA|XDC|Q,SA,"{""ACCESS_SHARING_LEVEL"": ""PUBLIC_OPEN"", ""CONFIDENTIALITY_STATUS"": ""F"", ""DERIVATION_TYPE"": ""O"", ""SECURITY_CLASSIFICATION"": ""PUB""}"
FRA,gdp_real_lcu_quarterly_sa,2021-Q4,quarterly,567728413532.09,567728413532.09,observed,IMF_QNEA,QNEA|B1GQ|Q|SA|XDC|Q,SA,"{""ACCESS_SHARING_LEVEL"": ""PUBLIC_OPEN"", ""CONFIDENTIALITY_STATUS"": ""F"", ""DERIVATION_TYPE"": ""O"", ""SECURITY_CLASSIFICATION"": ""PUB""}"
FRA,gdp_real_lcu_quarterly_sa,2022-Q1,quarterly,567649175130.53,567649175130.53,observed,IMF_QNEA,QNEA|B1GQ|Q|SA|XDC|Q,SA,"{""ACCESS_SHARING_LEVEL"": ""PUBLIC_OPEN"", ""CONFIDENTIALITY_STATUS"": ""F"", ""DERIVATION_TYPE"": ""O"", ""SECURITY_CLASSIFICATION"": ""PUB""}"
FRA,gdp_real_lcu_quarterly_sa,2022-Q2,quarterly,569896778679.64,569896778679.64,observed,IMF_QNEA,QNEA|B1GQ|Q|SA|XDC|Q,SA,"{""ACCESS_SHARING_LEVEL"": ""PUBLIC_OPEN"", ""CONFIDENTIALITY_STATUS"": ""F"", ""DERIVATION_TYPE"": ""O"", ""SECURITY_CLASSIFICATION"": ""PUB""}"
FRA,gdp_real_lcu_quarterly_sa,2022-Q3,quarterly,572785925795.15,572785925795.15,observed,IMF_QNEA,QNEA|B1GQ|Q|SA|XDC|Q,SA,"{""ACCESS_SHARING_LEVEL"": ""PUBLIC_OPEN"", ""CONFIDENTIALITY_STATUS"": ""F"", ""DERIVATION_TYPE"": ""O"", ""SECURITY_CLASSIFICATION"": ""PUB""}"
FRA,gdp_real_lcu_quarterly_sa,2022-Q4,quarterly,575098123914.25,575098123914.25,observed,IMF_QNEA,QNEA|B1GQ|Q|SA|XDC|Q,SA,"{""ACCESS_SHARING_LEVEL"": ""PUBLIC_OPEN"", ""CONFIDENTIALITY_STATUS"": ""F"", ""DERIVATION_TYPE"": ""O"", ""SECURITY_CLASSIFICATION"": ""PUB""}"
FRA,gdp_real_lcu_quarterly_sa,2023-Q1,quarterly,575925185960.5,575925185960.5,observed,IMF_QNEA,QNEA|B1GQ|Q|SA|XDC|Q,SA,"{""ACCESS_SHARING_LEVEL"": ""PUBLIC_OPEN"", ""CONFIDENTIALITY_STATUS"": ""F"", ""DERIVATION_TYPE"": ""O"", ""SECURITY_CLASSIFICATION"": ""PUB""}"
FRA,gdp_real_lcu_quarterly_sa,2023-Q2,quarterly,581285636874.44,581285636874.44,observed,IMF_QNEA,QNEA|B1GQ|Q|SA|XDC|Q,SA,"{""ACCESS_SHARING_LEVEL"": ""PUBLIC_OPEN"", ""CONFIDENTIALITY_STATUS"": ""F"", ""DERIVATION_TYPE"": ""O"", ""SECURITY_CLASSIFICATION"": ""PUB""}"
FRA,gdp_real_lcu_quarterly_sa,2023-Q3,quarterly,583420042707.03,583420042707.03,observed,IMF_QNEA,QNEA|B1GQ|Q|SA|XDC|Q,SA,"{""ACCESS_SHARING_LEVEL"": ""PUBLIC_OPEN"", ""CONFIDENTIALITY_STATUS"": ""F"", ""DERIVATION_TYPE"": ""O"", ""SECURITY_CLASSIFICATION"": ""PUB""}"
FRA,gdp_real_lcu_quarterly_sa,2023-Q4,quarterly,586361656065.76,586361656065.76,observed,IMF_QNEA,QNEA|B1GQ|Q|SA|XDC|Q,SA,"{""ACCESS_SHARING_LEVEL"": ""PUBLIC_OPEN"", ""CONFIDENTIALITY_STATUS"": ""F"", ""DERIVATION_TYPE"": ""O"", ""SECURITY_CLASSIFICATION"": ""PUB""}"
FRA,gdp_real_lcu_quarterly_sa,2024-Q1,quarterly,587796482042.37,587796482042.37,observed,IMF_QNEA,QNEA|B1GQ|Q|SA|XDC|Q,SA,"{""ACCESS_SHARING_LEVEL"": ""PUBLIC_OPEN"", ""CONFIDENTIALITY_STATUS"": ""F"", ""DERIVATION_TYPE"": ""O"", ""SECURITY_CLASSIFICATION"": ""PUB""}"
FRA,gdp_real_lcu_quarterly_sa,2024-Q2,quarterly,589096908190.48,589096908190.48,observed,IMF_QNEA,QNEA|B1GQ|Q|SA|XDC|Q,SA,"{""ACCESS_SHARING_LEVEL"": ""PUBLIC_OPEN"", ""CONFIDENTIALITY_STATUS"": ""F"", ""DERIVATION_TYPE"": ""O"", ""SECURITY_CLASSIFICATION"": ""PUB""}"
FRA,gdp_real_lcu_quarterly_sa,2024-Q3,quarterly,591659399038.33,591659399038.33,observed,IMF_QNEA,QNEA|B1GQ|Q|SA|XDC|Q,SA,"{""ACCESS_SHARING_LEVEL"": ""PUBLIC_OPEN"", ""CONFIDENTIALITY_STATUS"": ""F"", ""DERIVATION_TYPE"": ""O"", ""SECURITY_CLASSIFICATION"": ""PUB""}"
FRA,gdp_real_lcu_quarterly_sa,2024-Q4,quarterly,591588515706.32,591588515706.32,observed,IMF_QNEA,QNEA|B1GQ|Q|SA|XDC|Q,SA,"{""ACCESS_SHARING_LEVEL"": ""PUBLIC_OPEN"", ""CONFIDENTIALITY_STATUS"": ""F"", ""DERIVATION_TYPE"": ""O"", ""SECURITY_CLASSIFICATION"": ""PUB""}"
GBR,gdp_real_lcu_quarterly_sa,2020-Q1,quarterly,652180000000.0,652180000000,observed,IMF_QNEA,QNEA|B1GQ|Q|SA|XDC|Q,SA,"{""ACCESS_SHARING_LEVEL"": ""PUBLIC_OPEN"", ""CONFIDENTIALITY_STATUS"": ""F"", ""DERIVATION_TYPE"": ""O"", ""SECURITY_CLASSIFICATION"": ""PUB""}"
GBR,gdp_real_lcu_quarterly_sa,2020-Q2,quarterly,522356000000.0,522356000000,observed,IMF_QNEA,QNEA|B1GQ|Q|SA|XDC|Q,SA,"{""ACCESS_SHARING_LEVEL"": ""PUBLIC_OPEN"", ""CONFIDENTIALITY_STATUS"": ""F"", ""DERIVATION_TYPE"": ""O"", ""SECURITY_CLASSIFICATION"": ""PUB""}"
GBR,gdp_real_lcu_quarterly_sa,2020-Q3,quarterly,610972000000.0,610972000000,observed,IMF_QNEA,QNEA|B1GQ|Q|SA|XDC|Q,SA,"{""ACCESS_SHARING_LEVEL"": ""PUBLIC_OPEN"", ""CONFIDENTIALITY_STATUS"": ""F"", ""DERIVATION_TYPE"": ""O"", ""SECURITY_CLASSIFICATION"": ""PUB""}"
GBR,gdp_real_lcu_quarterly_sa,2020-Q4,quarterly,619330000000.0,619330000000,observed,IMF_QNEA,QNEA|B1GQ|Q|SA|XDC|Q,SA,"{""ACCESS_SHARING_LEVEL"": ""PUBLIC_OPEN"", ""CONFIDENTIALITY_STATUS"": ""F"", ""DERIVATION_TYPE"": ""O"", ""SECURITY_CLASSIFICATION"": ""PUB""}"
GBR,gdp_real_lcu_quarterly_sa,2021-Q1,quarterly,612665000000.0,612665000000,observed,IMF_QNEA,QNEA|B1GQ|Q|SA|XDC|Q,SA,"{""ACCESS_SHARING_LEVEL"": ""PUBLIC_OPEN"", ""CONFIDENTIALITY_STATUS"": ""F"", ""DERIVATION_TYPE"": ""O"", ""SECURITY_CLASSIFICATION"": ""PUB""}"
GBR,gdp_real_lcu_quarterly_sa,2021-Q2,quarterly,655443000000.0,655443000000,observed,IMF_QNEA,QNEA|B1GQ|Q|SA|XDC|Q,SA,"{""ACCESS_SHARING_LEVEL"": ""PUBLIC_OPEN"", ""CONFIDENTIALITY_STATUS"": ""F"", ""DERIVATION_TYPE"": ""O"", ""SECURITY_CLASSIFICATION"": ""PUB""}"
GBR,gdp_real_lcu_quarterly_sa,2021-Q3,quarterly,666498000000.0,666498000000,observed,IMF_QNEA,QNEA|B1GQ|Q|SA|XDC|Q,SA,"{""ACCESS_SHARING_LEVEL"": ""PUBLIC_OPEN"", ""CONFIDENTIALITY_STATUS"": ""F"", ""DERIVATION_TYPE"": ""O"", ""SECURITY_CLASSIFICATION"": ""PUB""}"
GBR,gdp_real_lcu_quarterly_sa,2021-Q4,quarterly,675680000000.0,675680000000,observed,IMF_QNEA,QNEA|B1GQ|Q|SA|XDC|Q,SA,"{""ACCESS_SHARING_LEVEL"": ""PUBLIC_OPEN"", ""CONFIDENTIALITY_STATUS"": ""F"", ""DERIVATION_TYPE"": ""O"", ""SECURITY_CLASSIFICATION"": ""PUB""}"
GBR,gdp_real_lcu_quarterly_sa,2022-Q1,quarterly,682527000000.0,682527000000,observed,IMF_QNEA,QNEA|B1GQ|Q|SA|XDC|Q,SA,"{""ACCESS_SHARING_LEVEL"": ""PUBLIC_OPEN"", ""CONFIDENTIALITY_STATUS"": ""F"", ""DERIVATION_TYPE"": ""O"", ""SECURITY_CLASSIFICATION"": ""PUB""}"
GBR,gdp_real_lcu_quarterly_sa,2022-Q2,quarterly,686335000000.0,686335000000,observed,IMF_QNEA,QNEA|B1GQ|Q|SA|XDC|Q,SA,"{""ACCESS_SHARING_LEVEL"": ""PUBLIC_OPEN"", ""CONFIDENTIALITY_STATUS"": ""F"", ""DERIVATION_TYPE"": ""O"", ""SECURITY_CLASSIFICATION"": ""PUB""}"
GBR,gdp_real_lcu_quarterly_sa,2022-Q3,quarterly,687029000000.0,687029000000,observed,IMF_QNEA,QNEA|B1GQ|Q|SA|XDC|Q,SA,"{""ACCESS_SHARING_LEVEL"": ""PUBLIC_OPEN"", ""CONFIDENTIALITY_STATUS"": ""F"", ""DERIVATION_TYPE"": ""O"", ""SECURITY_CLASSIFICATION"": ""PUB""}"
GBR,gdp_real_lcu_quarterly_sa,2022-Q4,quarterly,688817000000.0,688817000000,observed,IMF_QNEA,QNEA|B1GQ|Q|SA|XDC|Q,SA,"{""ACCESS_SHARING_LEVEL"": ""PUBLIC_OPEN"", ""CONFIDENTIALITY_STATUS"": ""F"", ""DERIVATION_TYPE"": ""O"", ""SECURITY_CLASSIFICATION"": ""PUB""}"
GBR,gdp_real_lcu_quarterly_sa,2023-Q1,quarterly,689206000000.0,689206000000,observed,IMF_QNEA,QNEA|B1GQ|Q|SA|XDC|Q,SA,"{""ACCESS_SHARING_LEVEL"": ""PUBLIC_OPEN"", ""CONFIDENTIALITY_STATUS"": ""F"", ""DERIVATION_TYPE"": ""O"", ""SECURITY_CLASSIFICATION"": ""PUB""}"
GBR,gdp_real_lcu_quarterly_sa,2023-Q2,quarterly,689491000000.0,689491000000,observed,IMF_QNEA,QNEA|B1GQ|Q|SA|XDC|Q,SA,"{""ACCESS_SHARING_LEVEL"": ""PUBLIC_OPEN"", ""CONFIDENTIALITY_STATUS"": ""F"", ""DERIVATION_TYPE"": ""O"", ""SECURITY_CLASSIFICATION"": ""PUB""}"
GBR,gdp_real_lcu_quarterly_sa,2023-Q3,quarterly,687839000000.0,687839000000,observed,IMF_QNEA,QNEA|B1GQ|Q|SA|XDC|Q,SA,"{""ACCESS_SHARING_LEVEL"": ""PUBLIC_OPEN"", ""CONFIDENTIALITY_STATUS"": ""F"", ""DERIVATION_TYPE"": ""O"", ""SECURITY_CLASSIFICATION"": ""PUB""}"
GBR,gdp_real_lcu_quarterly_sa,2023-Q4,quarterly,685628000000.0,685628000000,observed,IMF_QNEA,QNEA|B1GQ|Q|SA|XDC|Q,SA,"{""ACCESS_SHARING_LEVEL"": ""PUBLIC_OPEN"", ""CONFIDENTIALITY_STATUS"": ""F"", ""DERIVATION_TYPE"": ""O"", ""SECURITY_CLASSIFICATION"": ""PUB""}"
GBR,gdp_real_lcu_quarterly_sa,2024-Q1,quarterly,690620000000.0,690620000000,observed,IMF_QNEA,QNEA|B1GQ|Q|SA|XDC|Q,SA,"{""ACCESS_SHARING_LEVEL"": ""PUBLIC_OPEN"", ""CONFIDENTIALITY_STATUS"": ""F"", ""DERIVATION_TYPE"": ""O"", ""SECURITY_CLASSIFICATION"": ""PUB""}"
GBR,gdp_real_lcu_quarterly_sa,2024-Q2,quarterly,694910000000.0,694910000000,observed,IMF_QNEA,QNEA|B1GQ|Q|SA|XDC|Q,SA,"{""ACCESS_SHARING_LEVEL"": ""PUBLIC_OPEN"", ""CONFIDENTIALITY_STATUS"": ""F"", ""DERIVATION_TYPE"": ""O"", ""SECURITY_CLASSIFICATION"": ""PUB""}"
GBR,gdp_real_lcu_quarterly_sa,2024-Q3,quarterly,696154000000.0,696154000000,observed,IMF_QNEA,QNEA|B1GQ|Q|SA|XDC|Q,SA,"{""ACCESS_SHARING_LEVEL"": ""PUBLIC_OPEN"", ""CONFIDENTIALITY_STATUS"": ""F"", ""DERIVATION_TYPE"": ""O"", ""SECURITY_CLASSIFICATION"": ""PUB""}"
GBR,gdp_real_lcu_quarterly_sa,2024-Q4,quarterly,699169000000.0,699169000000,observed,IMF_QNEA,QNEA|B1GQ|Q|SA|XDC|Q,SA,"{""ACCESS_SHARING_LEVEL"": ""PUBLIC_OPEN"", ""CONFIDENTIALITY_STATUS"": ""F"", ""DERIVATION_TYPE"": ""O"", ""SECURITY_CLASSIFICATION"": ""PUB""}"
GRC,gdp_real_lcu_quarterly_sa,2020-Q1,quarterly,47083845569.706,47083845569.706,observed,IMF_QNEA,QNEA|B1GQ|Q|SA|XDC|Q,SA,"{""ACCESS_SHARING_LEVEL"": ""PUBLIC_OPEN"", ""CONFIDENTIALITY_STATUS"": ""F"", ""DERIVATION_TYPE"": ""O"", ""SECURITY_CLASSIFICATION"": ""PUB""}"
GRC,gdp_real_lcu_quarterly_sa,2020-Q2,quarterly,40605441940.322,40605441940.322,observed,IMF_QNEA,QNEA|B1GQ|Q|SA|XDC|Q,SA,"{""ACCESS_SHARING_LEVEL"": ""PUBLIC_OPEN"", ""CONFIDENTIALITY_STATUS"": ""F"", ""DERIVATION_TYPE"": ""O"", ""SECURITY_CLASSIFICATION"": ""PUB""}"
GRC,gdp_real_lcu_quarterly_sa,2020-Q3,quarterly,43101134458.157,43101134458.157,observed,IMF_QNEA,QNEA|B1GQ|Q|SA|XDC|Q,SA,"{""ACCESS_SHARING_LEVEL"": ""PUBLIC_OPEN"", ""CONFIDENTIALITY_STATUS"": ""F"", ""DERIVATION_TYPE"": ""O"", ""SECURITY_CLASSIFICATION"": ""PUB""}"
GRC,gdp_real_lcu_quarterly_sa,2020-Q4,quarterly,44199693087.636,44199693087.636,observed,IMF_QNEA,QNEA|B1GQ|Q|SA|XDC|Q,SA,"{""ACCESS_SHARING_LEVEL"": ""PUBLIC_OPEN"", ""CONFIDENTIALITY_STATUS"": ""F"", ""DERIVATION_TYPE"": ""O"", ""SECURITY_CLASSIFICATION"": ""PUB""}"
GRC,gdp_real_lcu_quarterly_sa,2021-Q1,quarterly,46053913286.638,46053913286.638,observed,IMF_QNEA,QNEA|B1GQ|Q|SA|XDC|Q,SA,"{""ACCESS_SHARING_LEVEL"": ""PUBLIC_OPEN"", ""CONFIDENTIALITY_STATUS"": ""F"", ""DERIVATION_TYPE"": ""O"", ""SECURITY_CLASSIFICATION"": ""PUB""}"
GRC,gdp_real_lcu_quarterly_sa,2021-Q2,quarterly,46703495385.095,46703495385.095,observed,IMF_QNEA,QNEA|B1GQ|Q|SA|XDC|Q,SA,"{""ACCESS_SHARING_LEVEL"": ""PUBLIC_OPEN"", ""CONFIDENTIALITY_STATUS"": ""F"", ""DERIVATION_TYPE"": ""O"", ""SECURITY_CLASSIFICATION"": ""PUB""}"
GRC,gdp_real_lcu_quarterly_sa,2021-Q3,quarterly,48073837455.053,48073837455.053,observed,IMF_QNEA,QNEA|B1GQ|Q|SA|XDC|Q,SA,"{""ACCESS_SHARING_LEVEL"": ""PUBLIC_OPEN"", ""CONFIDENTIALITY_STATUS"": ""F"", ""DERIVATION_TYPE"": ""O"", ""SECURITY_CLASSIFICATION"": ""PUB""}"
GRC,gdp_real_lcu_quarterly_sa,2021-Q4,quarterly,48702299842.326,48702299842.326,observed,IMF_QNEA,QNEA|B1GQ|Q|SA|XDC|Q,SA,"{""ACCESS_SHARING_LEVEL"": ""PUBLIC_OPEN"", ""CONFIDENTIALITY_STATUS"": ""F"", ""DERIVATION_TYPE"": ""O"", ""SECURITY_CLASSIFICATION"": ""PUB""}"
GRC,gdp_real_lcu_quarterly_sa,2022-Q1,quarterly,49620838375.71,49620838375.71,observed,IMF_QNEA,QNEA|B1GQ|Q|SA|XDC|Q,SA,"{""ACCESS_SHARING_LEVEL"": ""PUBLIC_OPEN"", ""CONFIDENTIALITY_STATUS"": ""F"", ""DERIVATION_TYPE"": ""O"", ""SECURITY_CLASSIFICATION"": ""PUB""}"
GRC,gdp_real_lcu_quarterly_sa,2022-Q2,quarterly,49716841382.239,49716841382.239,observed,IMF_QNEA,QNEA|B1GQ|Q|SA|XDC|Q,SA,"{""ACCESS_SHARING_LEVEL"": ""PUBLIC_OPEN"", ""CONFIDENTIALITY_STATUS"": ""F"", ""DERIVATION_TYPE"": ""O"", ""SECURITY_CLASSIFICATION"": ""PUB""}"
GRC,gdp_real_lcu_quarterly_sa,2022-Q3,quarterly,50227996680.896,50227996680.896,observed,IMF_QNEA,QNEA|B1GQ|Q|SA|XDC|Q,SA,"{""ACCESS_SHARING_LEVEL"": ""PUBLIC_OPEN"", ""CONFIDENTIALITY_STATUS"": ""F"", ""DERIVATION_TYPE"": ""O"", ""SECURITY_CLASSIFICATION"": ""PUB""}"
GRC,gdp_real_lcu_quarterly_sa,2022-Q4,quarterly,50687558485.9,50687558485.9,observed,IMF_QNEA,QNEA|B1GQ|Q|SA|XDC|Q,SA,"{""ACCESS_SHARING_LEVEL"": ""PUBLIC_OPEN"", ""CONFIDENTIALITY_STATUS"": ""F"", ""DERIVATION_TYPE"": ""O"", ""SECURITY_CLASSIFICATION"": ""PUB""}"
GRC,gdp_real_lcu_quarterly_sa,2023-Q1,quarterly,50702806629.652,50702806629.652,observed,IMF_QNEA,QNEA|B1GQ|Q|SA|XDC|Q,SA,"{""ACCESS_SHARING_LEVEL"": ""PUBLIC_OPEN"", ""CONFIDENTIALITY_STATUS"": ""F"", ""DERIVATION_TYPE"": ""O"", ""SECURITY_CLASSIFICATION"": ""PUB""}"
GRC,gdp_real_lcu_quarterly_sa,2023-Q2,quarterly,51266853321.25,51266853321.25,observed,IMF_QNEA,QNEA|B1GQ|Q|SA|XDC|Q,SA,"{""ACCESS_SHARING_LEVEL"": ""PUBLIC_OPEN"", ""CONFIDENTIALITY_STATUS"": ""F"", ""DERIVATION_TYPE"": ""O"", ""SECURITY_CLASSIFICATION"": ""PUB""}"
GRC,gdp_real_lcu_quarterly_sa,2023-Q3,quarterly,51119292834.763,51119292834.763,observed,IMF_QNEA,QNEA|B1GQ|Q|SA|XDC|Q,SA,"{""ACCESS_SHARING_LEVEL"": ""PUBLIC_OPEN"", ""CONFIDENTIALITY_STATUS"": ""F"", ""DERIVATION_TYPE"": ""O"", ""SECURITY_CLASSIFICATION"": ""PUB""}"
GRC,gdp_real_lcu_quarterly_sa,2023-Q4,quarterly,51463541171.948,51463541171.948,observed,IMF_QNEA,QNEA|B1GQ|Q|SA|XDC|Q,SA,"{""ACCESS_SHARING_LEVEL"": ""PUBLIC_OPEN"", ""CONFIDENTIALITY_STATUS"": ""F"", ""DERIVATION_TYPE"": ""O"", ""SECURITY_CLASSIFICATION"": ""PUB""}"
GRC,gdp_real_lcu_quarterly_sa,2024-Q1,quarterly,51612509725.487,51612509725.487,observed,IMF_QNEA,QNEA|B1GQ|Q|SA|XDC|Q,SA,"{""ACCESS_SHARING_LEVEL"": ""PUBLIC_OPEN"", ""CONFIDENTIALITY_STATUS"": ""F"", ""DERIVATION_TYPE"": ""O"", ""SECURITY_CLASSIFICATION"": ""PUB""}"
GRC,gdp_real_lcu_quarterly_sa,2024-Q2,quarterly,52208643357.258,52208643357.258,observed,IMF_QNEA,QNEA|B1GQ|Q|SA|XDC|Q,SA,"{""ACCESS_SHARING_LEVEL"": ""PUBLIC_OPEN"", ""CONFIDENTIALITY_STATUS"": ""F"", ""DERIVATION_TYPE"": ""O"", ""SECURITY_CLASSIFICATION"": ""PUB""}"
GRC,gdp_real_lcu_quarterly_sa,2024-Q3,quarterly,52358556869.619,52358556869.619,observed,IMF_QNEA,QNEA|B1GQ|Q|SA|XDC|Q,SA,"{""ACCESS_SHARING_LEVEL"": ""PUBLIC_OPEN"", ""CONFIDENTIALITY_STATUS"": ""F"", ""DERIVATION_TYPE"": ""O"", ""SECURITY_CLASSIFICATION"": ""PUB""}"
GRC,gdp_real_lcu_quarterly_sa,2024-Q4,quarterly,52598722383.168,52598722383.168,observed,IMF_QNEA,QNEA|B1GQ|Q|SA|XDC|Q,SA,"{""ACCESS_SHARING_LEVEL"": ""PUBLIC_OPEN"", ""CONFIDENTIALITY_STATUS"": ""F"", ""DERIVATION_TYPE"": ""O"", ""SECURITY_CLASSIFICATION"": ""PUB""}"
HND,gdp_real_lcu_quarterly_sa,2020-Q1,quarterly,53670000000.0,53670000000,observed,IMF_QNEA,QNEA|B1GQ|Q|SA|XDC|Q,SA,"{""ACCESS_SHARING_LEVEL"": ""PUBLIC_OPEN"", ""CONFIDENTIALITY_STATUS"": ""F"", ""DERIVATION_TYPE"": ""O"", ""SECURITY_CLASSIFICATION"": ""PUB""}"
HND,gdp_real_lcu_quarterly_sa,2020-Q2,quarterly,44615200000.0,44615200000,observed,IMF_QNEA,QNEA|B1GQ|Q|SA|XDC|Q,SA,"{""ACCESS_SHARING_LEVEL"": ""PUBLIC_OPEN"", ""CONFIDENTIALITY_STATUS"": ""F"", ""DERIVATION_TYPE"": ""O"", ""SECURITY_CLASSIFICATION"": ""PUB""}"
HND,gdp_real_lcu_quarterly_sa,2020-Q3,quarterly,50875200000.0,50875200000,observed,IMF_QNEA,QNEA|B1GQ|Q|SA|XDC|Q,SA,"{""ACCESS_SHARING_LEVEL"": ""PUBLIC_OPEN"", ""CONFIDENTIALITY_STATUS"": ""F"", ""DERIVATION_TYPE"": ""O"", ""SECURITY_CLASSIFICATION"": ""PUB""}"
HND,gdp_real_lcu_quarterly_sa,2020-Q4,quarterly,51596000000.0,51596000000,observed,IMF_QNEA,QNEA|B1GQ|Q|SA|XDC|Q,SA,"{""ACCESS_SHARING_LEVEL"": ""PUBLIC_OPEN"", ""CONFIDENTIALITY_STATUS"": ""F"", ""DERIVATION_TYPE"": ""O"", ""SECURITY_CLASSIFICATION"": ""PUB""}"
HND,gdp_real_lcu_quarterly_sa,2021-Q1,quarterly,55111900000.0,55111900000,observed,IMF_QNEA,QNEA|B1GQ|Q|SA|XDC|Q,SA,"{""ACCESS_SHARING_LEVEL"": ""PUBLIC_OPEN"", ""CONFIDENTIALITY_STATUS"": ""F"", ""DERIVATION_TYPE"": ""O"", ""SECURITY_CLASSIFICATION"": ""PUB""}"
HND,gdp_real_lcu_quarterly_sa,2021-Q2,quarterly,55863100000.0,55863100000,observed,IMF_QNEA,QNEA|B1GQ|Q|SA|XDC|Q,SA,"{""ACCESS_SHARING_LEVEL"": ""PUBLIC_OPEN"", ""CONFIDENTIALITY_STATUS"": ""F"", ""DERIVATION_TYPE"": ""O"", ""SECURITY_CLASSIFICATION"": ""PUB""}"
HND,gdp_real_lcu_quarterly_sa,2021-Q3,quarterly,57178300000.0,57178300000,observed,IMF_QNEA,QNEA|B1GQ|Q|SA|XDC|Q,SA,"{""ACCESS_SHARING_LEVEL"": ""PUBLIC_OPEN"", ""CONFIDENTIALITY_STATUS"": ""F"", ""DERIVATION_TYPE"": ""O"", ""SECURITY_CLASSIFICATION"": ""PUB""}"
HND,gdp_real_lcu_quarterly_sa,2021-Q4,quarterly,57828600000.0,57828600000,observed,IMF_QNEA,QNEA|B1GQ|Q|SA|XDC|Q,SA,"{""ACCESS_SHARING_LEVEL"": ""PUBLIC_OPEN"", ""CONFIDENTIALITY_STATUS"": ""F"", ""DERIVATION_TYPE"": ""O"", ""SECURITY_CLASSIFICATION"": ""PUB""}"
HND,gdp_real_lcu_quarterly_sa,2022-Q1,quarterly,58184200000.0,58184200000,observed,IMF_QNEA,QNEA|B1GQ|Q|SA|XDC|Q,SA,"{""ACCESS_SHARING_LEVEL"": ""PUBLIC_OPEN"", ""CONFIDENTIALITY_STATUS"": ""F"", ""DERIVATION_TYPE"": ""O"", ""SECURITY_CLASSIFICATION"": ""PUB""}"
HND,gdp_real_lcu_quarterly_sa,2022-Q2,quarterly,58532900000.0,58532900000,observed,IMF_QNEA,QNEA|B1GQ|Q|SA|XDC|Q,SA,"{""ACCESS_SHARING_LEVEL"": ""PUBLIC_OPEN"", ""CONFIDENTIALITY_STATUS"": ""F"", ""DERIVATION_TYPE"": ""O"", ""SECURITY_CLASSIFICATION"": ""PUB""}"
HND,gdp_real_lcu_quarterly_sa,2022-Q3,quarterly,59027900000.0,59027900000,observed,IMF_QNEA,QNEA|B1GQ|Q|SA|XDC|Q,SA,"{""ACCESS_SHARING_LEVEL"": ""PUBLIC_OPEN"", ""CONFIDENTIALITY_STATUS"": ""F"", ""DERIVATION_TYPE"": ""O"", ""SECURITY_CLASSIFICATION"": ""PUB""}"
HND,gdp_real_lcu_quarterly_sa,2022-Q4,quarterly,59600800000.0,59600800000,observed,IMF_QNEA,QNEA|B1GQ|Q|SA|XDC|Q,SA,"{""ACCESS_SHARING_LEVEL"": ""PUBLIC_OPEN"", ""CONFIDENTIALITY_STATUS"": ""F"", ""DERIVATION_TYPE"": ""O"", ""SECURITY_CLASSIFICATION"": ""PUB""}"
HND,gdp_real_lcu_quarterly_sa,2023-Q1,quarterly,59733800000.0,59733800000,observed,IMF_QNEA,QNEA|B1GQ|Q|SA|XDC|Q,SA,"{""ACCESS_SHARING_LEVEL"": ""PUBLIC_OPEN"", ""CONFIDENTIALITY_STATUS"": ""F"", ""DERIVATION_TYPE"": ""O"", ""SECURITY_CLASSIFICATION"": ""PUB""}"
HND,gdp_real_lcu_quarterly_sa,2023-Q2,quarterly,60530900000.0,60530900000,observed,IMF_QNEA,QNEA|B1GQ|Q|SA|XDC|Q,SA,"{""ACCESS_SHARING_LEVEL"": ""PUBLIC_OPEN"", ""CONFIDENTIALITY_STATUS"": ""F"", ""DERIVATION_TYPE"": ""O"", ""SECURITY_CLASSIFICATION"": ""PUB""}"
HND,gdp_real_lcu_quarterly_sa,2023-Q3,quarterly,61661200000.0,61661200000,observed,IMF_QNEA,QNEA|B1GQ|Q|SA|XDC|Q,SA,"{""ACCESS_SHARING_LEVEL"": ""PUBLIC_OPEN"", ""CONFIDENTIALITY_STATUS"": ""F"", ""DERIVATION_TYPE"": ""O"", ""SECURITY_CLASSIFICATION"": ""PUB""}"
HND,gdp_real_lcu_quarterly_sa,2023-Q4,quarterly,61835300000.0,61835300000,observed,IMF_QNEA,QNEA|B1GQ|Q|SA|XDC|Q,SA,"{""ACCESS_SHARING_LEVEL"": ""PUBLIC_OPEN"", ""CONFIDENTIALITY_STATUS"": ""F"", ""DERIVATION_TYPE"": ""O"", ""SECURITY_CLASSIFICATION"": ""PUB""}"
HND,gdp_real_lcu_quarterly_sa,2024-Q1,quarterly,61481300000.0,61481300000,observed,IMF_QNEA,QNEA|B1GQ|Q|SA|XDC|Q,SA,"{""ACCESS_SHARING_LEVEL"": ""PUBLIC_OPEN"", ""CONFIDENTIALITY_STATUS"": ""F"", ""DERIVATION_TYPE"": ""O"", ""SECURITY_CLASSIFICATION"": ""PUB""}"
HND,gdp_real_lcu_quarterly_sa,2024-Q2,quarterly,63132400000.0,63132400000,observed,IMF_QNEA,QNEA|B1GQ|Q|SA|XDC|Q,SA,"{""ACCESS_SHARING_LEVEL"": ""PUBLIC_OPEN"", ""CONFIDENTIALITY_STATUS"": ""F"", ""DERIVATION_TYPE"": ""O"", ""SECURITY_CLASSIFICATION"": ""PUB""}"
HND,gdp_real_lcu_quarterly_sa,2024-Q3,quarterly,63627100000.0,63627100000,observed,IMF_QNEA,QNEA|B1GQ|Q|SA|XDC|Q,SA,"{""ACCESS_SHARING_LEVEL"": ""PUBLIC_OPEN"", ""CONFIDENTIALITY_STATUS"": ""F"", ""DERIVATION_TYPE"": ""O"", ""SECURITY_CLASSIFICATION"": ""PUB""}"
HND,gdp_real_lcu_quarterly_sa,2024-Q4,quarterly,64374800000.0,64374800000,observed,IMF_QNEA,QNEA|B1GQ|Q|SA|XDC|Q,SA,"{""ACCESS_SHARING_LEVEL"": ""PUBLIC_OPEN"", ""CONFIDENTIALITY_STATUS"": ""F"", ""DERIVATION_TYPE"": ""O"", ""SECURITY_CLASSIFICATION"": ""PUB""}"
HRV,gdp_real_lcu_quarterly_sa,2020-Q1,quarterly,12305645180.631,12305645180.631,observed,IMF_QNEA,QNEA|B1GQ|Q|SA|XDC|Q,SA,"{""ACCESS_SHARING_LEVEL"": ""PUBLIC_OPEN"", ""CONFIDENTIALITY_STATUS"": ""F"", ""DERIVATION_TYPE"": ""O"", ""SECURITY_CLASSIFICATION"": ""PUB""}"
HRV,gdp_real_lcu_quarterly_sa,2020-Q2,quarterly,10592499212.694,10592499212.694,observed,IMF_QNEA,QNEA|B1GQ|Q|SA|XDC|Q,SA,"{""ACCESS_SHARING_LEVEL"": ""PUBLIC_OPEN"", ""CONFIDENTIALITY_STATUS"": ""F"", ""DERIVATION_TYPE"": ""O"", ""SECURITY_CLASSIFICATION"": ""PUB""}"
HRV,gdp_real_lcu_quarterly_sa,2020-Q3,quarterly,11138338082.705,11138338082.705,observed,IMF_QNEA,QNEA|B1GQ|Q|SA|XDC|Q,SA,"{""ACCESS_SHARING_LEVEL"": ""PUBLIC_OPEN"", ""CONFIDENTIALITY_STATUS"": ""F"", ""DERIVATION_TYPE"": ""O"", ""SECURITY_CLASSIFICATION"": ""PUB""}"
HRV,gdp_real_lcu_quarterly_sa,2020-Q4,quarterly,12046745026.371,12046745026.371,observed,IMF_QNEA,QNEA|B1GQ|Q|SA|XDC|Q,SA,"{""ACCESS_SHARING_LEVEL"": ""PUBLIC_OPEN"", ""CONFIDENTIALITY_STATUS"": ""F"", ""DERIVATION_TYPE"": ""O"", ""SECURITY_CLASSIFICATION"": ""PUB""}"
HRV,gdp_real_lcu_quarterly_sa,2021-Q1,quarterly,12741768623.115,12741768623.115,observed,IMF_QNEA,QNEA|B1GQ|Q|SA|XDC|Q,SA,"{""ACCESS_SHARING_LEVEL"": ""PUBLIC_OPEN"", ""CONFIDENTIALITY_STATUS"": ""F"", ""DERIVATION_TYPE"": ""O"", ""SECURITY_CLASSIFICATION"": ""PUB""}"
HRV,gdp_real_lcu_quarterly_sa,2021-Q2,quarterly,12675968828.618,12675968828.618,observed,IMF_QNEA,QNEA|B1GQ|Q|SA|XDC|Q,SA,"{""ACCESS_SHARING_LEVEL"": ""PUBLIC_OPEN"", ""CONFIDENTIALITY_STATUS"": ""F"", ""DERIVATION_TYPE"": ""O"", ""SECURITY_CLASSIFICATION"": ""PUB""}"
HRV,gdp_real_lcu_quarterly_sa,2021-Q3,quarterly,12929458842.028,12929458842.028,observed,IMF_QNEA,QNEA|B1GQ|Q|SA|XDC|Q,SA,"{""ACCESS_SHARING_LEVEL"": ""PUBLIC_OPEN"", ""CONFIDENTIALITY_STATUS"": ""F"", ""DERIVATION_TYPE"": ""O"", ""SECURITY_CLASSIFICATION"": ""PUB""}"
HRV,gdp_real_lcu_quarterly_sa,2021-Q4,quarterly,13340484809.904,13340484809.904,observed,IMF_QNEA,QNEA|B1GQ|Q|SA|XDC|Q,SA,"{""ACCESS_SHARING_LEVEL"": ""PUBLIC_OPEN"", ""CONFIDENTIALITY_STATUS"": ""F"", ""DERIVATION_TYPE"": ""O"", ""SECURITY_CLASSIFICATION"": ""PUB""}"
HRV,gdp_real_lcu_quarterly_sa,2022-Q1,quarterly,13743349691.59,13743349691.59,observed,IMF_QNEA,QNEA|B1GQ|Q|SA|XDC|Q,SA,"{""ACCESS_SHARING_LEVEL"": ""PUBLIC_OPEN"", ""CONFIDENTIALITY_STATUS"": ""F"", ""DERIVATION_TYPE"": ""O"", ""SECURITY_CLASSIFICATION"": ""PUB""}"
HRV,gdp_real_lcu_quarterly_sa,2022-Q2,quarterly,13868192867.284,13868192867.284,observed,IMF_QNEA,QNEA|B1GQ|Q|SA|XDC|Q,SA,"{""ACCESS_SHARING_LEVEL"": ""PUBLIC_OPEN"", ""CONFIDENTIALITY_STATUS"": ""F"", ""DERIVATION_TYPE"": ""O"", ""SECURITY_CLASSIFICATION"": ""PUB""}"
HRV,gdp_real_lcu_quarterly_sa,2022-Q3,quarterly,13985595153.3,13985595153.3,observed,IMF_QNEA,QNEA|B1GQ|Q|SA|XDC|Q,SA,"{""ACCESS_SHARING_LEVEL"": ""PUBLIC_OPEN"", ""CONFIDENTIALITY_STATUS"": ""F"", ""DERIVATION_TYPE"": ""O"", ""SECURITY_CLASSIFICATION"": ""PUB""}"
HRV,gdp_real_lcu_quarterly_sa,2022-Q4,quarterly,13832784792.341,13832784792.341,observed,IMF_QNEA,QNEA|B1GQ|Q|SA|XDC|Q,SA,"{""ACCESS_SHARING_LEVEL"": ""PUBLIC_OPEN"", ""CONFIDENTIALITY_STATUS"": ""F"", ""DERIVATION_TYPE"": ""O"", ""SECURITY_CLASSIFICATION"": ""PUB""}"
HRV,gdp_real_lcu_quarterly_sa,2023-Q1,quarterly,14101757764.829,14101757764.829,observed,IMF_QNEA,QNEA|B1GQ|Q|SA|XDC|Q,SA,"{""ACCESS_SHARING_LEVEL"": ""PUBLIC_OPEN"", ""CONFIDENTIALITY_STATUS"": ""F"", ""DERIVATION_TYPE"": ""O"", ""SECURITY_CLASSIFICATION"": ""PUB""}"
HRV,gdp_real_lcu_quarterly_sa,2023-Q2,quarterly,14378907562.506,14378907562.506,observed,IMF_QNEA,QNEA|B1GQ|Q|SA|XDC|Q,SA,"{""ACCESS_SHARING_LEVEL"": ""PUBLIC_OPEN"", ""CONFIDENTIALITY_STATUS"": ""F"", ""DERIVATION_TYPE"": ""O"", ""SECURITY_CLASSIFICATION"": ""PUB""}"
HRV,gdp_real_lcu_quarterly_sa,2023-Q3,quarterly,14389078979.75,14389078979.75,observed,IMF_QNEA,QNEA|B1GQ|Q|SA|XDC|Q,SA,"{""ACCESS_SHARING_LEVEL"": ""PUBLIC_OPEN"", ""CONFIDENTIALITY_STATUS"": ""F"", ""DERIVATION_TYPE"": ""O"", ""SECURITY_CLASSIFICATION"": ""PUB""}"
HRV,gdp_real_lcu_quarterly_sa,2023-Q4,quarterly,14621811145.716,14621811145.716,observed,IMF_QNEA,QNEA|B1GQ|Q|SA|XDC|Q,SA,"{""ACCESS_SHARING_LEVEL"": ""PUBLIC_OPEN"", ""CONFIDENTIALITY_STATUS"": ""F"", ""DERIVATION_TYPE"": ""O"", ""SECURITY_CLASSIFICATION"": ""PUB""}"
HRV,gdp_real_lcu_quarterly_sa,2024-Q1,quarterly,14684032968.93,14684032968.93,observed,IMF_QNEA,QNEA|B1GQ|Q|SA|XDC|Q,SA,"{""ACCESS_SHARING_LEVEL"": ""PUBLIC_OPEN"", ""CONFIDENTIALITY_STATUS"": ""F"", ""DERIVATION_TYPE"": ""O"", ""SECURITY_CLASSIFICATION"": ""PUB""}"
HRV,gdp_real_lcu_quarterly_sa,2024-Q2,quarterly,14869596853.312,14869596853.312,observed,IMF_QNEA,QNEA|B1GQ|Q|SA|XDC|Q,SA,"{""ACCESS_SHARING_LEVEL"": ""PUBLIC_OPEN"", ""CONFIDENTIALITY_STATUS"": ""F"", ""DERIVATION_TYPE"": ""O"", ""SECURITY_CLASSIFICATION"": ""PUB""}"
HRV,gdp_real_lcu_quarterly_sa,2024-Q3,quarterly,15019416394.249,15019416394.249,observed,IMF_QNEA,QNEA|B1GQ|Q|SA|XDC|Q,SA,"{""ACCESS_SHARING_LEVEL"": ""PUBLIC_OPEN"", ""CONFIDENTIALITY_STATUS"": ""F"", ""DERIVATION_TYPE"": ""O"", ""SECURITY_CLASSIFICATION"": ""PUB""}"
HRV,gdp_real_lcu_quarterly_sa,2024-Q4,quarterly,15108370624.828,15108370624.828,observed,IMF_QNEA,QNEA|B1GQ|Q|SA|XDC|Q,SA,"{""ACCESS_SHARING_LEVEL"": ""PUBLIC_OPEN"", ""CONFIDENTIALITY_STATUS"": ""F"", ""DERIVATION_TYPE"": ""O"", ""SECURITY_CLASSIFICATION"": ""PUB""}"
HUN,gdp_real_lcu_quarterly_sa,2020-Q1,quarterly,9089882603802.0,9089882603802,observed,IMF_QNEA,QNEA|B1GQ|Q|SA|XDC|Q,SA,"{""ACCESS_SHARING_LEVEL"": ""PUBLIC_OPEN"", ""CONFIDENTIALITY_STATUS"": ""F"", ""DERIVATION_TYPE"": ""O"", ""SECURITY_CLASSIFICATION"": ""PUB""}"
HUN,gdp_real_lcu_quarterly_sa,2020-Q2,quarterly,7769654620894.9,7769654620894.9,observed,IMF_QNEA,QNEA|B1GQ|Q|SA|XDC|Q,SA,"{""ACCESS_SHARING_LEVEL"": ""PUBLIC_OPEN"", ""CONFIDENTIALITY_STATUS"": ""F"", ""DERIVATION_TYPE"": ""O"", ""SECURITY_CLASSIFICATION"": ""PUB""}"
HUN,gdp_real_lcu_quarterly_sa,2020-Q3,quarterly,8683122259638.5,8683122259638.5,observed,IMF_QNEA,QNEA|B1GQ|Q|SA|XDC|Q,SA,"{""ACCESS_SHARING_LEVEL"": ""PUBLIC_OPEN"", ""CONFIDENTIALITY_STATUS"": ""F"", ""DERIVATION_TYPE"": ""O"", ""SECURITY_CLASSIFICATION"": ""PUB""}"
HUN,gdp_real_lcu_quarterly_sa,2020-Q4,quarterly,8840275255321.7,8840275255321.7,observed,IMF_QNEA,QNEA|B1GQ|Q|SA|XDC|Q,SA,"{""ACCESS_SHARING_LEVEL"": ""PUBLIC_OPEN"", ""CONFIDENTIALITY_STATUS"": ""F"", ""DERIVATION_TYPE"": ""O"", ""SECURITY_CLASSIFICATION"": ""PUB""}"
HUN,gdp_real_lcu_quarterly_sa,2021-Q1,quarterly,8953169378639.6,8953169378639.6,observed,IMF_QNEA,QNEA|B1GQ|Q|SA|XDC|Q,SA,"{""ACCESS_SHARING_LEVEL"": ""PUBLIC_OPEN"", ""CONFIDENTIALITY_STATUS"": ""F"", ""DERIVATION_TYPE"": ""O"", ""SECURITY_CLASSIFICATION"": ""PUB""}"
HUN,gdp_real_lcu_quarterly_sa,2021-Q2,quarterly,9147473225484.5,9147473225484.5,observed,IMF_QNEA,QNEA|B1GQ|Q|SA|XDC|Q,SA,"{""ACCESS_SHARING_LEVEL"": ""PUBLIC_OPEN"", ""CONFIDENTIALITY_STATUS"": ""F"", ""DERIVATION_TYPE"": ""O"", ""SECURITY_CLASSIFICATION"": ""PUB""}"
HUN,gdp_real_lcu_quarterly_sa,2021-Q3,quarterly,9257725670098.7,9257725670098.7,observed,IMF_QNEA,QNEA|B1GQ|Q|SA|XDC|Q,SA,"{""ACCESS_SHARING_LEVEL"": ""PUBLIC_OPEN"", ""CONFIDENTIALITY_STATUS"": ""F"", ""DERIVATION_TYPE"": ""O"", ""SECURITY_CLASSIFICATION"": ""PUB""}"
HUN,gdp_real_lcu_quarterly_sa,2021-Q4,quarterly,9494117370140.4,9494117370140.4,observed,IMF_QNEA,QNEA|B1GQ|Q|SA|XDC|Q,SA,"{""ACCESS_SHARING_LEVEL"": ""PUBLIC_OPEN"", ""CONFIDENTIALITY_STATUS"": ""F"", ""DERIVATION_TYPE"": ""O"", ""SECURITY_CLASSIFICATION"": ""PUB""}"
HUN,gdp_real_lcu_quarterly_sa,2022-Q1,quarterly,9608226453965.8,9608226453965.8,observed,IMF_QNEA,QNEA|B1GQ|Q|SA|XDC|Q,SA,"{""ACCESS_SHARING_LEVEL"": ""PUBLIC_OPEN"", ""CONFIDENTIALITY_STATUS"": ""F"", ""DERIVATION_TYPE"": ""O"", ""SECURITY_CLASSIFICATION"": ""PUB""}"
HUN,gdp_real_lcu_quarterly_sa,2022-Q2,quarterly,9693186270253.6,9693186270253.6,observed,IMF_QNEA,QNEA|B1GQ|Q|SA|XDC|Q,SA,"{""ACCESS_SHARING_LEVEL"": ""PUBLIC_OPEN"", ""CONFIDENTIALITY_STATUS"": ""F"", ""DERIVATION_TYPE"": ""O"", ""SECURITY_CLASSIFICATION"": ""PUB""}"
HUN,gdp_real_lcu_quarterly_sa,2022-Q3,quarterly,9584753967481.3,9584753967481.3,observed,IMF_QNEA,QNEA|B1GQ|Q|SA|XDC|Q,SA,"{""ACCESS_SHARING_LEVEL"": ""PUBLIC_OPEN"", ""CONFIDENTIALITY_STATUS"": ""F"", ""DERIVATION_TYPE"": ""O"", ""SECURITY_CLASSIFICATION"": ""PUB""}"
HUN,gdp_real_lcu_quarterly_sa,2022-Q4,quarterly,9501286706856.7,9501286706856.7,observed,IMF_QNEA,QNEA|B1GQ|Q|SA|XDC|Q,SA,"{""ACCESS_SHARING_LEVEL"": ""PUBLIC_OPEN"", ""CONFIDENTIALITY_STATUS"": ""F"", ""DERIVATION_TYPE"": ""O"", ""SECURITY_CLASSIFICATION"": ""PUB""}"
HUN,gdp_real_lcu_quarterly_sa,2023-Q1,quarterly,9464483106533.5,9464483106533.5,observed,IMF_QNEA,QNEA|B1GQ|Q|SA|XDC|Q,SA,"{""ACCESS_SHARING_LEVEL"": ""PUBLIC_OPEN"", ""CONFIDENTIALITY_STATUS"": ""F"", ""DERIVATION_TYPE"": ""O"", ""SECURITY_CLASSIFICATION"": ""PUB""}"
HUN,gdp_real_lcu_quarterly_sa,2023-Q2,quarterly,9468005998570.9,9468005998570.9,observed,IMF_QNEA,QNEA|B1GQ|Q|SA|XDC|Q,SA,"{""ACCESS_SHARING_LEVEL"": ""PUBLIC_OPEN"", ""CONFIDENTIALITY_STATUS"": ""F"", ""DERIVATION_TYPE"": ""O"", ""SECURITY_CLASSIFICATION"": ""PUB""}"
HUN,gdp_real_lcu_quarterly_sa,2023-Q3,quarterly,9598470197783.8,9598470197783.8,observed,IMF_QNEA,QNEA|B1GQ|Q|SA|XDC|Q,SA,"{""ACCESS_SHARING_LEVEL"": ""PUBLIC_OPEN"", ""CONFIDENTIALITY_STATUS"": ""F"", ""DERIVATION_TYPE"": ""O"", ""SECURITY_CLASSIFICATION"": ""PUB""}"
HUN,gdp_real_lcu_quarterly_sa,2023-Q4,quarterly,9600717988781.5,9600717988781.5,observed,IMF_QNEA,QNEA|B1GQ|Q|SA|XDC|Q,SA,"{""ACCESS_SHARING_LEVEL"": ""PUBLIC_OPEN"", ""CONFIDENTIALITY_STATUS"": ""F"", ""DERIVATION_TYPE"": ""O"", ""SECURITY_CLASSIFICATION"": ""PUB""}"
HUN,gdp_real_lcu_quarterly_sa,2024-Q1,quarterly,9619133236125.1,9619133236125.1,observed,IMF_QNEA,QNEA|B1GQ|Q|SA|XDC|Q,SA,"{""ACCESS_SHARING_LEVEL"": ""PUBLIC_OPEN"", ""CONFIDENTIALITY_STATUS"": ""F"", ""DERIVATION_TYPE"": ""O"", ""SECURITY_CLASSIFICATION"": ""PUB""}"
HUN,gdp_real_lcu_quarterly_sa,2024-Q2,quarterly,9603733796613.4,9603733796613.4,observed,IMF_QNEA,QNEA|B1GQ|Q|SA|XDC|Q,SA,"{""ACCESS_SHARING_LEVEL"": ""PUBLIC_OPEN"", ""CONFIDENTIALITY_STATUS"": ""F"", ""DERIVATION_TYPE"": ""O"", ""SECURITY_CLASSIFICATION"": ""PUB""}"
HUN,gdp_real_lcu_quarterly_sa,2024-Q3,quarterly,9578581748103.6,9578581748103.6,observed,IMF_QNEA,QNEA|B1GQ|Q|SA|XDC|Q,SA,"{""ACCESS_SHARING_LEVEL"": ""PUBLIC_OPEN"", ""CONFIDENTIALITY_STATUS"": ""F"", ""DERIVATION_TYPE"": ""O"", ""SECURITY_CLASSIFICATION"": ""PUB""}"
HUN,gdp_real_lcu_quarterly_sa,2024-Q4,quarterly,9607450977459.6,9607450977459.6,observed,IMF_QNEA,QNEA|B1GQ|Q|SA|XDC|Q,SA,"{""ACCESS_SHARING_LEVEL"": ""PUBLIC_OPEN"", ""CONFIDENTIALITY_STATUS"": ""F"", ""DERIVATION_TYPE"": ""O"", ""SECURITY_CLASSIFICATION"": ""PUB""}"
IDN,gdp_real_lcu_quarterly_sa,2020-Q1,quarterly,2770951266700000.0,2770951266700000,observed,IMF_QNEA,QNEA|B1GQ|Q|SA|XDC|Q,SA,"{""ACCESS_SHARING_LEVEL"": ""PUBLIC_OPEN"", ""CONFIDENTIALITY_STATUS"": ""F"", ""DERIVATION_TYPE"": ""O"", ""SECURITY_CLASSIFICATION"": ""PUB""}"
IDN,gdp_real_lcu_quarterly_sa,2020-Q2,quarterly,2589449766300000.0,2589449766300000,observed,IMF_QNEA,QNEA|B1GQ|Q|SA|XDC|Q,SA,"{""ACCESS_SHARING_LEVEL"": ""PUBLIC_OPEN"", ""CONFIDENTIALITY_STATUS"": ""F"", ""DERIVATION_TYPE"": ""O"", ""SECURITY_CLASSIFICATION"": ""PUB""}"
IDN,gdp_real_lcu_quarterly_sa,2020-Q3,quarterly,2658314877100000.0,2658314877100000,observed,IMF_QNEA,QNEA|B1GQ|Q|SA|XDC|Q,SA,"{""ACCESS_SHARING_LEVEL"": ""PUBLIC_OPEN"", ""CONFIDENTIALITY_STATUS"": ""F"", ""DERIVATION_TYPE"": ""O"", ""SECURITY_CLASSIFICATION"": ""PUB""}"
IDN,gdp_real_lcu_quarterly_sa,2020-Q4,quarterly,2704283389900000.0,2704283389900000,observed,IMF_QNEA,QNEA|B1GQ|Q|SA|XDC|Q,SA,"{""ACCESS_SHARING_LEVEL"": ""PUBLIC_OPEN"", ""CONFIDENTIALITY_STATUS"": ""F"", ""DERIVATION_TYPE"": ""O"", ""SECURITY_CLASSIFICATION"": ""PUB""}"
IDN,gdp_real_lcu_quarterly_sa,2021-Q1,quarterly,2742392891300000.0,2742392891300000,observed,IMF_QNEA,QNEA|B1GQ|Q|SA|XDC|Q,SA,"{""ACCESS_SHARING_LEVEL"": ""PUBLIC_OPEN"", ""CONFIDENTIALITY_STATUS"": ""F"", ""DERIVATION_TYPE"": ""O"", ""SECURITY_CLASSIFICATION"": ""PUB""}"
IDN,gdp_real_lcu_quarterly_sa,2021-Q2,quarterly,2772234253500000.0,2772234253500000,observed,IMF_QNEA,QNEA|B1GQ|Q|SA|XDC|Q,SA,"{""ACCESS_SHARING_LEVEL"": ""PUBLIC_OPEN"", ""CONFIDENTIALITY_STATUS"": ""F"", ""DERIVATION_TYPE"": ""O"", ""SECURITY_CLASSIFICATION"": ""PUB""}"
IDN,gdp_real_lcu_quarterly_sa,2021-Q3,quarterly,2768518230800000.0,2768518230800000,observed,IMF_QNEA,QNEA|B1GQ|Q|SA|XDC|Q,SA,"{""ACCESS_SHARING_LEVEL"": ""PUBLIC_OPEN"", ""CONFIDENTIALITY_STATUS"": ""F"", ""DERIVATION_TYPE"": ""O"", ""SECURITY_CLASSIFICATION"": ""PUB""}"
IDN,gdp_real_lcu_quarterly_sa,2021-Q4,quarterly,2836914324400000.0,2836914324400000,observed,IMF_QNEA,QNEA|B1GQ|Q|SA|XDC|Q,SA,"{""ACCESS_SHARING_LEVEL"": ""PUBLIC_OPEN"", ""CONFIDENTIALITY_STATUS"": ""F"", ""DERIVATION_TYPE"": ""O"", ""SECURITY_CLASSIFICATION"": ""PUB""}"
IDN,gdp_real_lcu_quarterly_sa,2022-Q1,quarterly,2871816357500000.0,2871816357500000,observed,IMF_QNEA,QNEA|B1GQ|Q|SA|XDC|Q,SA,"{""ACCESS_SHARING_LEVEL"": ""PUBLIC_OPEN"", ""CONFIDENTIALITY_STATUS"": ""F"", ""DERIVATION_TYPE"": ""O"", ""SECURITY_CLASSIFICATION"": ""PUB""}"
IDN,gdp_real_lcu_quarterly_sa,2022-Q2,quarterly,2910423300800000.0,2910423300800000,observed,IMF_QNEA,QNEA|B1GQ|Q|SA|XDC|Q,SA,"{""ACCESS_SHARING_LEVEL"": ""PUBLIC_OPEN"", ""CONFIDENTIALITY_STATUS"": ""F"", ""DERIVATION_TYPE"": ""O"", ""SECURITY_CLASSIFICATION"": ""PUB""}"
IDN,gdp_real_lcu_quarterly_sa,2022-Q3,quarterly,2944122507400000.0,2944122507400000,observed,IMF_QNEA,QNEA|B1GQ|Q|SA|XDC|Q,SA,"{""ACCESS_SHARING_LEVEL"": ""PUBLIC_OPEN"", ""CONFIDENTIALITY_STATUS"": ""F"", ""DERIVATION_TYPE"": ""O"", ""SECURITY_CLASSIFICATION"": ""PUB""}"
IDN,gdp_real_lcu_quarterly_sa,2022-Q4,quarterly,2983861034200000.0,2983861034200000,observed,IMF_QNEA,QNEA|B1GQ|Q|SA|XDC|Q,SA,"{""ACCESS_SHARING_LEVEL"": ""PUBLIC_OPEN"", ""CONFIDENTIALITY_STATUS"": ""F"", ""DERIVATION_TYPE"": ""O"", ""SECURITY_CLASSIFICATION"": ""PUB""}"
IDN,gdp_real_lcu_quarterly_sa,2023-Q1,quarterly,3018535610400000.0,3018535610400000,observed,IMF_QNEA,QNEA|B1GQ|Q|SA|XDC|Q,SA,"{""ACCESS_SHARING_LEVEL"": ""PUBLIC_OPEN"", ""CONFIDENTIALITY_STATUS"": ""F"", ""DERIVATION_TYPE"": ""O"", ""SECURITY_CLASSIFICATION"": ""PUB""}"
IDN,gdp_real_lcu_quarterly_sa,2023-Q2,quarterly,3056622583000000.0,3056622583000000,observed,IMF_QNEA,QNEA|B1GQ|Q|SA|XDC|Q,SA,"{""ACCESS_SHARING_LEVEL"": ""PUBLIC_OPEN"", ""CONFIDENTIALITY_STATUS"": ""F"", ""DERIVATION_TYPE"": ""O"", ""SECURITY_CLASSIFICATION"": ""PUB""}"
IDN,gdp_real_lcu_quarterly_sa,2023-Q3,quarterly,3094438639800000.0,3094438639800000,observed,IMF_QNEA,QNEA|B1GQ|Q|SA|XDC|Q,SA,"{""ACCESS_SHARING_LEVEL"": ""PUBLIC_OPEN"", ""CONFIDENTIALITY_STATUS"": ""F"", ""DERIVATION_TYPE"": ""O"", ""SECURITY_CLASSIFICATION"": ""PUB""}"
IDN,gdp_real_lcu_quarterly_sa,2023-Q4,quarterly,3131855766800000.0,3131855766800000,observed,IMF_QNEA,QNEA|B1GQ|Q|SA|XDC|Q,SA,"{""ACCESS_SHARING_LEVEL"": ""PUBLIC_OPEN"", ""CONFIDENTIALITY_STATUS"": ""F"", ""DERIVATION_TYPE"": ""O"", ""SECURITY_CLASSIFICATION"": ""PUB""}"
IDN,gdp_real_lcu_quarterly_sa,2024-Q1,quarterly,3172237319800000.0,3172237319800000,observed,IMF_QNEA,QNEA|B1GQ|Q|SA|XDC|Q,SA,"{""ACCESS_SHARING_LEVEL"": ""PUBLIC_OPEN"", ""CONFIDENTIALITY_STATUS"": ""F"", ""DERIVATION_TYPE"": ""O"", ""SECURITY_CLASSIFICATION"": ""PUB""}"
IDN,gdp_real_lcu_quarterly_sa,2024-Q2,quarterly,3209233152600000.0,3209233152600000,observed,IMF_QNEA,QNEA|B1GQ|Q|SA|XDC|Q,SA,"{""ACCESS_SHARING_LEVEL"": ""PUBLIC_OPEN"", ""CONFIDENTIALITY_STATUS"": ""F"", ""DERIVATION_TYPE"": ""O"", ""SECURITY_CLASSIFICATION"": ""PUB""}"
IDN,gdp_real_lcu_quarterly_sa,2024-Q3,quarterly,3249463687200000.0,3249463687200000,observed,IMF_QNEA,QNEA|B1GQ|Q|SA|XDC|Q,SA,"{""ACCESS_SHARING_LEVEL"": ""PUBLIC_OPEN"", ""CONFIDENTIALITY_STATUS"": ""F"", ""DERIVATION_TYPE"": ""O"", ""SECURITY_CLASSIFICATION"": ""PUB""}"
IDN,gdp_real_lcu_quarterly_sa,2024-Q4,quarterly,3289598240400000.0,3289598240400000,observed,IMF_QNEA,QNEA|B1GQ|Q|SA|XDC|Q,SA,"{""ACCESS_SHARING_LEVEL"": ""PUBLIC_OPEN"", ""CONFIDENTIALITY_STATUS"": ""F"", ""DERIVATION_TYPE"": ""O"", ""SECURITY_CLASSIFICATION"": ""PUB""}"
IND,gdp_real_lcu_quarterly_sa,2020-Q1,quarterly,58303566700000.0,58303566700000,observed,IMF_QNEA,QNEA|B1GQ|Q|SA|XDC|Q,SA,"{""ACCESS_SHARING_LEVEL"": ""PUBLIC_OPEN"", ""CONFIDENTIALITY_STATUS"": ""F"", ""DERIVATION_TYPE"": ""O"", ""SECURITY_CLASSIFICATION"": ""PUB""}"
IND,gdp_real_lcu_quarterly_sa,2020-Q2,quarterly,44300354900000.0,44300354900000,observed,IMF_QNEA,QNEA|B1GQ|Q|SA|XDC|Q,SA,"{""ACCESS_SHARING_LEVEL"": ""PUBLIC_OPEN"", ""CONFIDENTIALITY_STATUS"": ""F"", ""DERIVATION_TYPE"": ""O"", ""SECURITY_CLASSIFICATION"": ""PUB""}"
IND,gdp_real_lcu_quarterly_sa,2020-Q3,quarterly,55069191200000.0,55069191200000,observed,IMF_QNEA,QNEA|B1GQ|Q|SA|XDC|Q,SA,"{""ACCESS_SHARING_LEVEL"": ""PUBLIC_OPEN"", ""CONFIDENTIALITY_STATUS"": ""F"", ""DERIVATION_TYPE"": ""O"", ""SECURITY_CLASSIFICATION"": ""PUB""}"
IND,gdp_real_lcu_quarterly_sa,2020-Q4,quarterly,59131754200000.0,59131754200000,observed,IMF_QNEA,QNEA|B1GQ|Q|SA|XDC|Q,SA,"{""ACCESS_SHARING_LEVEL"": ""PUBLIC_OPEN"", ""CONFIDENTIALITY_STATUS"": ""F"", ""DERIVATION_TYPE"": ""O"", ""SECURITY_CLASSIFICATION"": ""PUB""}"
IND,gdp_real_lcu_quarterly_sa,2021-Q1,quarterly,59916799100000.0,59916799100000,observed,IMF_QNEA,QNEA|B1GQ|Q|SA|XDC|Q,SA,"{""ACCESS_SHARING_LEVEL"": ""PUBLIC_OPEN"", ""CONFIDENTIALITY_STATUS"": ""F"", ""DERIVATION_TYPE"": ""O"", ""SECURITY_CLASSIFICATION"": ""PUB""}"
IND,gdp_real_lcu_quarterly_sa,2021-Q2,quarterly,54514757100000.0,54514757100000,observed,IMF_QNEA,QNEA|B1GQ|Q|SA|XDC|Q,SA,"{""ACCESS_SHARING_LEVEL"": ""PUBLIC_OPEN"", ""CONFIDENTIALITY_STATUS"": ""F"", ""DERIVATION_TYPE"": ""O"", ""SECURITY_CLASSIFICATION"": ""PUB""}"
IND,gdp_real_lcu_quarterly_sa,2021-Q3,quarterly,61156559000000.0,61156559000000,observed,IMF_QNEA,QNEA|B1GQ|Q|SA|XDC|Q,SA,"{""ACCESS_SHARING_LEVEL"": ""PUBLIC_OPEN"", ""CONFIDENTIALITY_STATUS"": ""F"", ""DERIVATION_TYPE"": ""O"", ""SECURITY_CLASSIFICATION"": ""PUB""}"
IND,gdp_real_lcu_quarterly_sa,2021-Q4,quarterly,61619703400000.0,61619703400000,observed,IMF_QNEA,QNEA|B1GQ|Q|SA|XDC|Q,SA,"{""ACCESS_SHARING_LEVEL"": ""PUBLIC_OPEN"", ""CONFIDENTIALITY_STATUS"": ""F"", ""DERIVATION_TYPE"": ""O"", ""SECURITY_CLASSIFICATION"": ""PUB""}"
IND,gdp_real_lcu_quarterly_sa,2022-Q1,quarterly,62290908800000.0,62290908800000,observed,IMF_QNEA,QNEA|B1GQ|Q|SA|XDC|Q,SA,"{""ACCESS_SHARING_LEVEL"": ""PUBLIC_OPEN"", ""CONFIDENTIALITY_STATUS"": ""F"", ""DERIVATION_TYPE"": ""O"", ""SECURITY_CLASSIFICATION"": ""PUB""}"
IND,gdp_real_lcu_quarterly_sa,2022-Q2,quarterly,63395960000000.0,63395960000000,observed,IMF_QNEA,QNEA|B1GQ|Q|SA|XDC|Q,SA,"{""ACCESS_SHARING_LEVEL"": ""PUBLIC_OPEN"", ""CONFIDENTIALITY_STATUS"": ""F"", ""DERIVATION_TYPE"": ""O"", ""SECURITY_CLASSIFICATION"": ""PUB""}"
IND,gdp_real_lcu_quarterly_sa,2022-Q3,quarterly,64190444700000.0,64190444700000,observed,IMF_QNEA,QNEA|B1GQ|Q|SA|XDC|Q,SA,"{""ACCESS_SHARING_LEVEL"": ""PUBLIC_OPEN"", ""CONFIDENTIALITY_STATUS"": ""F"", ""DERIVATION_TYPE"": ""O"", ""SECURITY_CLASSIFICATION"": ""PUB""}"
IND,gdp_real_lcu_quarterly_sa,2022-Q4,quarterly,67044975400000.0,67044975400000,observed,IMF_QNEA,QNEA|B1GQ|Q|SA|XDC|Q,SA,"{""ACCESS_SHARING_LEVEL"": ""PUBLIC_OPEN"", ""CONFIDENTIALITY_STATUS"": ""F"", ""DERIVATION_TYPE"": ""O"", ""SECURITY_CLASSIFICATION"": ""PUB""}"
IND,gdp_real_lcu_quarterly_sa,2023-Q1,quarterly,67138629900000.0,67138629900000,observed,IMF_QNEA,QNEA|B1GQ|Q|SA|XDC|Q,SA,"{""ACCESS_SHARING_LEVEL"": ""PUBLIC_OPEN"", ""CONFIDENTIALITY_STATUS"": ""F"", ""DERIVATION_TYPE"": ""O"", ""SECURITY_CLASSIFICATION"": ""PUB""}"
IND,gdp_real_lcu_quarterly_sa,2023-Q2,quarterly,68121315000000.0,68121315000000,observed,IMF_QNEA,QNEA|B1GQ|Q|SA|XDC|Q,SA,"{""ACCESS_SHARING_LEVEL"": ""PUBLIC_OPEN"", ""CONFIDENTIALITY_STATUS"": ""F"", ""DERIVATION_TYPE"": ""O"", ""SECURITY_CLASSIFICATION"": ""PUB""}"
IND,gdp_real_lcu_quarterly_sa,2023-Q3,quarterly,69535748300000.0,69535748300000,observed,IMF_QNEA,QNEA|B1GQ|Q|SA|XDC|Q,SA,"{""ACCESS_SHARING_LEVEL"": ""PUBLIC_OPEN"", ""CONFIDENTIALITY_STATUS"": ""F"", ""DERIVATION_TYPE"": ""O"", ""SECURITY_CLASSIFICATION"": ""PUB""}"
IND,gdp_real_lcu_quarterly_sa,2023-Q4,quarterly,71119601000000.0,71119601000000,observed,IMF_QNEA,QNEA|B1GQ|Q|SA|XDC|Q,SA,"{""ACCESS_SHARING_LEVEL"": ""PUBLIC_OPEN"", ""CONFIDENTIALITY_STATUS"": ""F"", ""DERIVATION_TYPE"": ""O"", ""SECURITY_CLASSIFICATION"": ""PUB""}"
IND,gdp_real_lcu_quarterly_sa,2024-Q1,quarterly,72166905700000.0,72166905700000,observed,IMF_QNEA,QNEA|B1GQ|Q|SA|XDC|Q,SA,"{""ACCESS_SHARING_LEVEL"": ""PUBLIC_OPEN"", ""CONFIDENTIALITY_STATUS"": ""F"", ""DERIVATION_TYPE"": ""O"", ""SECURITY_CLASSIFICATION"": ""PUB""}"
IND,gdp_real_lcu_quarterly_sa,2024-Q2,quarterly,73452585300000.0,73452585300000,observed,IMF_QNEA,QNEA|B1GQ|Q|SA|XDC|Q,SA,"{""ACCESS_SHARING_LEVEL"": ""PUBLIC_OPEN"", ""CONFIDENTIALITY_STATUS"": ""F"", ""DERIVATION_TYPE"": ""O"", ""SECURITY_CLASSIFICATION"": ""PUB""}"
IND,gdp_real_lcu_quarterly_sa,2024-Q3,quarterly,74556036400000.0,74556036400000,observed,IMF_QNEA,QNEA|B1GQ|Q|SA|XDC|Q,SA,"{""ACCESS_SHARING_LEVEL"": ""PUBLIC_OPEN"", ""CONFIDENTIALITY_STATUS"": ""F"", ""DERIVATION_TYPE"": ""O"", ""SECURITY_CLASSIFICATION"": ""PUB""}"
IND,gdp_real_lcu_quarterly_sa,2024-Q4,quarterly,75997760700000.0,75997760700000,observed,IMF_QNEA,QNEA|B1GQ|Q|SA|XDC|Q,SA,"{""ACCESS_SHARING_LEVEL"": ""PUBLIC_OPEN"", ""CONFIDENTIALITY_STATUS"": ""F"", ""DERIVATION_TYPE"": ""O"", ""SECURITY_CLASSIFICATION"": ""PUB""}"
IRL,gdp_real_lcu_quarterly_sa,2020-Q1,quarterly,79017879205.952,79017879205.952,observed,IMF_QNEA,QNEA|B1GQ|Q|SA|XDC|Q,SA,"{""ACCESS_SHARING_LEVEL"": ""PUBLIC_OPEN"", ""CONFIDENTIALITY_STATUS"": ""F"", ""DERIVATION_TYPE"": ""O"", ""SECURITY_CLASSIFICATION"": ""PUB""}"
IRL,gdp_real_lcu_quarterly_sa,2020-Q2,quarterly,74710796660.474,74710796660.474,observed,IMF_QNEA,QNEA|B1GQ|Q|SA|XDC|Q,SA,"{""ACCESS_SHARING_LEVEL"": ""PUBLIC_OPEN"", ""CONFIDENTIALITY_STATUS"": ""F"", ""DERIVATION_TYPE"": ""O"", ""SECURITY_CLASSIFICATION"": ""PUB""}"
IRL,gdp_real_lcu_quarterly_sa,2020-Q3,quarterly,84264274136.369,84264274136.369,observed,IMF_QNEA,QNEA|B1GQ|Q|SA|XDC|Q,SA,"{""ACCESS_SHARING_LEVEL"": ""PUBLIC_OPEN"", ""CONFIDENTIALITY_STATUS"": ""F"", ""DERIVATION_TYPE"": ""O"", ""SECURITY_CLASSIFICATION"": ""PUB""}"
IRL,gdp_real_lcu_quarterly_sa,2020-Q4,quarterly,80429580145.132,80429580145.132,observed,IMF_QNEA,QNEA|B1GQ|Q|SA|XDC|Q,SA,"{""ACCESS_SHARING_LEVEL"": ""PUBLIC_OPEN"", ""CONFIDENTIALITY_STATUS"": ""F"", ""DERIVATION_TYPE"": ""O"", ""SECURITY_CLASSIFICATION"": ""PUB""}"
IRL,gdp_real_lcu_quarterly_sa,2021-Q1,quarterly,89391682417.701,89391682417.701,observed,IMF_QNEA,QNEA|B1GQ|Q|SA|XDC|Q,SA,"{""ACCESS_SHARING_LEVEL"": ""PUBLIC_OPEN"", ""CONFIDENTIALITY_STATUS"": ""F"", ""DERIVATION_TYPE"": ""O"", ""SECURITY_CLASSIFICATION"": ""PUB""}"
IRL,gdp_real_lcu_quarterly_sa,2021-Q2,quarterly,91822080488.42,91822080488.42,observed,IMF_QNEA,QNEA|B1GQ|Q|SA|XDC|Q,SA,"{""ACCESS_SHARING_LEVEL"": ""PUBLIC_OPEN"", ""CONFIDENTIALITY_STATUS"": ""F"", ""DERIVATION_TYPE"": ""O"", ""SECURITY_CLASSIFICATION"": ""PUB""}"
IRL,gdp_real_lcu_quarterly_sa,2021-Q3,quarterly,96150804512.039,96150804512.039,observed,IMF_QNEA,QNEA|B1GQ|Q|SA|XDC|Q,SA,"{""ACCESS_SHARING_LEVEL"": ""PUBLIC_OPEN"", ""CONFIDENTIALITY_STATUS"": ""F"", ""DERIVATION_TYPE"": ""O"", ""SECURITY_CLASSIFICATION"": ""PUB""}"
IRL,gdp_real_lcu_quarterly_sa,2021-Q4,quarterly,93051268529.478,93051268529.478,observed,IMF_QNEA,QNEA|B1GQ|Q|SA|XDC|Q,SA,"{""ACCESS_SHARING_LEVEL"": ""PUBLIC_OPEN"", ""CONFIDENTIALITY_STATUS"": ""F"", ""DERIVATION_TYPE"": ""O"", ""SECURITY_CLASSIFICATION"": ""PUB""}"
IRL,gdp_real_lcu_quarterly_sa,2022-Q1,quarterly,96144852032.774,96144852032.774,observed,IMF_QNEA,QNEA|B1GQ|Q|SA|XDC|Q,SA,"{""ACCESS_SHARING_LEVEL"": ""PUBLIC_OPEN"", ""CONFIDENTIALITY_STATUS"": ""F"", ""DERIVATION_TYPE"": ""O"", ""SECURITY_CLASSIFICATION"": ""PUB""}"
IRL,gdp_real_lcu_quarterly_sa,2022-Q2,quarterly,99352992333.349,99352992333.349,observed,IMF_QNEA,QNEA|B1GQ|Q|SA|XDC|Q,SA,"{""ACCESS_SHARING_LEVEL"": ""PUBLIC_OPEN"", ""CONFIDENTIALITY_STATUS"": ""F"", ""DERIVATION_TYPE"": ""O"", ""SECURITY_CLASSIFICATION"": ""PUB""}"
IRL,gdp_real_lcu_quarterly_sa,2022-Q3,quarterly,103766039451.44,103766039451.44,observed,IMF_QNEA,QNEA|B1GQ|Q|SA|XDC|Q,SA,"{""ACCESS_SHARING_LEVEL"": ""PUBLIC_OPEN"", ""CONFIDENTIALITY_STATUS"": ""F"", ""DERIVATION_TYPE"": ""O"", ""SECURITY_CLASSIFICATION"": ""PUB""}"
IRL,gdp_real_lcu_quarterly_sa,2022-Q4,quarterly,101960469331.57,101960469331.57,observed,IMF_QNEA,QNEA|B1GQ|Q|SA|XDC|Q,SA,"{""ACCESS_SHARING_LEVEL"": ""PUBLIC_OPEN"", ""CONFIDENTIALITY_STATUS"": ""F"", ""DERIVATION_TYPE"": ""O"", ""SECURITY_CLASSIFICATION"": ""PUB""}"
IRL,gdp_real_lcu_quarterly_sa,2023-Q1,quarterly,96911666245.909,96911666245.909,observed,IMF_QNEA,QNEA|B1GQ|Q|SA|XDC|Q,SA,"{""ACCESS_SHARING_LEVEL"": ""PUBLIC_OPEN"", ""CONFIDENTIALITY_STATUS"": ""F"", ""DERIVATION_TYPE"": ""O"", ""SECURITY_CLASSIFICATION"": ""PUB""}"
IRL,gdp_real_lcu_quarterly_sa,2023-Q2,quarterly,97630876358.978,97630876358.978,observed,IMF_QNEA,QNEA|B1GQ|Q|SA|XDC|Q,SA,"{""ACCESS_SHARING_LEVEL"": ""PUBLIC_OPEN"", ""CONFIDENTIALITY_STATUS"": ""F"", ""DERIVATION_TYPE"": ""O"", ""SECURITY_CLASSIFICATION"": ""PUB""}"
IRL,gdp_real_lcu_quarterly_sa,2023-Q3,quarterly,98795482538.912,98795482538.912,observed,IMF_QNEA,QNEA|B1GQ|Q|SA|XDC|Q,SA,"{""ACCESS_SHARING_LEVEL"": ""PUBLIC_OPEN"", ""CONFIDENTIALITY_STATUS"": ""F"", ""DERIVATION_TYPE"": ""O"", ""SECURITY_CLASSIFICATION"": ""PUB""}"
IRL,gdp_real_lcu_quarterly_sa,2023-Q4,quarterly,94006872098.506,94006872098.506,observed,IMF_QNEA,QNEA|B1GQ|Q|SA|XDC|Q,SA,"{""ACCESS_SHARING_LEVEL"": ""PUBLIC_OPEN"", ""CONFIDENTIALITY_STATUS"": ""F"", ""DERIVATION_TYPE"": ""O"", ""SECURITY_CLASSIFICATION"": ""PUB""}"
IRL,gdp_real_lcu_quarterly_sa,2024-Q1,quarterly,96167192961.2,96167192961.2,observed,IMF_QNEA,QNEA|B1GQ|Q|SA|XDC|Q,SA,"{""ACCESS_SHARING_LEVEL"": ""PUBLIC_OPEN"", ""CONFIDENTIALITY_STATUS"": ""F"", ""DERIVATION_TYPE"": ""O"", ""SECURITY_CLASSIFICATION"": ""PUB""}"
IRL,gdp_real_lcu_quarterly_sa,2024-Q2,quarterly,96264656137.559,96264656137.559,observed,IMF_QNEA,QNEA|B1GQ|Q|SA|XDC|Q,SA,"{""ACCESS_SHARING_LEVEL"": ""PUBLIC_OPEN"", ""CONFIDENTIALITY_STATUS"": ""F"", ""DERIVATION_TYPE"": ""O"", ""SECURITY_CLASSIFICATION"": ""PUB""}"
IRL,gdp_real_lcu_quarterly_sa,2024-Q3,quarterly,103681656281.48,103681656281.48,observed,IMF_QNEA,QNEA|B1GQ|Q|SA|XDC|Q,SA,"{""ACCESS_SHARING_LEVEL"": ""PUBLIC_OPEN"", ""CONFIDENTIALITY_STATUS"": ""F"", ""DERIVATION_TYPE"": ""O"", ""SECURITY_CLASSIFICATION"": ""PUB""}"
IRL,gdp_real_lcu_quarterly_sa,2024-Q4,quarterly,105511663535.08,105511663535.08,observed,IMF_QNEA,QNEA|B1GQ|Q|SA|XDC|Q,SA,"{""ACCESS_SHARING_LEVEL"": ""PUBLIC_OPEN"", ""CONFIDENTIALITY_STATUS"": ""F"", ""DERIVATION_TYPE"": ""O"", ""SECURITY_CLASSIFICATION"": ""PUB""}"
ISL,gdp_real_lcu_quarterly_sa,2020-Q1,quarterly,531003620123.58,531003620123.58,observed,IMF_QNEA,QNEA|B1GQ|Q|SA|XDC|Q,SA,"{""ACCESS_SHARING_LEVEL"": ""PUBLIC_OPEN"", ""CONFIDENTIALITY_STATUS"": ""F"", ""DERIVATION_TYPE"": ""O"", ""SECURITY_CLASSIFICATION"": ""PUB""}"
ISL,gdp_real_lcu_quarterly_sa,2020-Q2,quarterly,493127996132.98,493127996132.98,observed,IMF_QNEA,QNEA|B1GQ|Q|SA|XDC|Q,SA,"{""ACCESS_SHARING_LEVEL"": ""PUBLIC_OPEN"", ""CONFIDENTIALITY_STATUS"": ""F"", ""DERIVATION_TYPE"": ""O"", ""SECURITY_CLASSIFICATION"": ""PUB""}"
ISL,gdp_real_lcu_quarterly_sa,2020-Q3,quarterly,514770712589.39,514770712589.39,observed,IMF_QNEA,QNEA|B1GQ|Q|SA|XDC|Q,SA,"{""ACCESS_SHARING_LEVEL"": ""PUBLIC_OPEN"", ""CONFIDENTIALITY_STATUS"": ""F"", ""DERIVATION_TYPE"": ""O"", ""SECURITY_CLASSIFICATION"": ""PUB""}"
ISL,gdp_real_lcu_quarterly_sa,2020-Q4,quarterly,538400251161.87,538400251161.87,observed,IMF_QNEA,QNEA|B1GQ|Q|SA|XDC|Q,SA,"{""ACCESS_SHARING_LEVEL"": ""PUBLIC_OPEN"", ""CONFIDENTIALITY_STATUS"": ""F"", ""DERIVATION_TYPE"": ""O"", ""SECURITY_CLASSIFICATION"": ""PUB""}"
ISL,gdp_real_lcu_quarterly_sa,2021-Q1,quarterly,519581829493.44,519581829493.44,observed,IMF_QNEA,QNEA|B1GQ|Q|SA|XDC|Q,SA,"{""ACCESS_SHARING_LEVEL"": ""PUBLIC_OPEN"", ""CONFIDENTIALITY_STATUS"": ""F"", ""DERIVATION_TYPE"": ""O"", ""SECURITY_CLASSIFICATION"": ""PUB""}"
ISL,gdp_real_lcu_quarterly_sa,2021-Q2,quarterly,538386328091.68,538386328091.68,observed,IMF_QNEA,QNEA|B1GQ|Q|SA|XDC|Q,SA,"{""ACCESS_SHARING_LEVEL"": ""PUBLIC_OPEN"", ""CONFIDENTIALITY_STATUS"": ""F"", ""DERIVATION_TYPE"": ""O"", ""SECURITY_CLASSIFICATION"": ""PUB""}"
ISL,gdp_real_lcu_quarterly_sa,2021-Q3,quarterly,555858388872.76,555858388872.76,observed,IMF_QNEA,QNEA|B1GQ|Q|SA|XDC|Q,SA,"{""ACCESS_SHARING_LEVEL"": ""PUBLIC_OPEN"", ""CONFIDENTIALITY_STATUS"": ""F"", ""DERIVATION_TYPE"": ""O"", ""SECURITY_CLASSIFICATION"": ""PUB""}"
ISL,gdp_real_lcu_quarterly_sa,2021-Q4,quarterly,571091619967.33,571091619967.33,observed,IMF_QNEA,QNEA|B1GQ|Q|SA|XDC|Q,SA,"{""ACCESS_SHARING_LEVEL"": ""PUBLIC_OPEN"", ""CONFIDENTIALITY_STATUS"": ""F"", ""DERIVATION_TYPE"": ""O"", ""SECURITY_CLASSIFICATION"": ""PUB""}"
ISL,gdp_real_lcu_quarterly_sa,2022-Q1,quarterly,569521793803.44,569521793803.44,observed,IMF_QNEA,QNEA|B1GQ|Q|SA|XDC|Q,SA,"{""ACCESS_SHARING_LEVEL"": ""PUBLIC_OPEN"", ""CONFIDENTIALITY_STATUS"": ""F"", ""DERIVATION_TYPE"": ""O"", ""SECURITY_CLASSIFICATION"": ""PUB""}"
ISL,gdp_real_lcu_quarterly_sa,2022-Q2,quarterly,587570269690.37,587570269690.37,observed,IMF_QNEA,QNEA|B1GQ|Q|SA|XDC|Q,SA,"{""ACCESS_SHARING_LEVEL"": ""PUBLIC_OPEN"", ""CONFIDENTIALITY_STATUS"": ""F"", ""DERIVATION_TYPE"": ""O"", ""SECURITY_CLASSIFICATION"": ""PUB""}"
ISL,gdp_real_lcu_quarterly_sa,2022-Q3,quarterly,597560072551.49,597560072551.49,observed,IMF_QNEA,QNEA|B1GQ|Q|SA|XDC|Q,SA,"{""ACCESS_SHARING_LEVEL"": ""PUBLIC_OPEN"", ""CONFIDENTIALITY_STATUS"": ""F"", ""DERIVATION_TYPE"": ""O"", ""SECURITY_CLASSIFICATION"": ""PUB""}"
ISL,gdp_real_lcu_quarterly_sa,2022-Q4,quarterly,623791832942.43,623791832942.43,observed,IMF_QNEA,QNEA|B1GQ|Q|SA|XDC|Q,SA,"{""ACCESS_SHARING_LEVEL"": ""PUBLIC_OPEN"", ""CONFIDENTIALITY_STATUS"": ""F"", ""DERIVATION_TYPE"": ""O"", ""SECURITY_CLASSIFICATION"": ""PUB""}"
ISL,gdp_real_lcu_quarterly_sa,2023-Q1,quarterly,623746582964.32,623746582964.32,observed,IMF_QNEA,QNEA|B1GQ|Q|SA|XDC|Q,SA,"{""ACCESS_SHARING_LEVEL"": ""PUBLIC_OPEN"", ""CONFIDENTIALITY_STATUS"": ""F"", ""DERIVATION_TYPE"": ""O"", ""SECURITY_CLASSIFICATION"": ""PUB""}"
ISL,gdp_real_lcu_quarterly_sa,2023-Q2,quarterly,639471298436.58,639471298436.58,observed,IMF_QNEA,QNEA|B1GQ|Q|SA|XDC|Q,SA,"{""ACCESS_SHARING_LEVEL"": ""PUBLIC_OPEN"", ""CONFIDENTIALITY_STATUS"": ""F"", ""DERIVATION_TYPE"": ""O"", ""SECURITY_CLASSIFICATION"": ""PUB""}"
ISL,gdp_real_lcu_quarterly_sa,2023-Q3,quarterly,617561259032.53,617561259032.53,observed,IMF_QNEA,QNEA|B1GQ|Q|SA|XDC|Q,SA,"{""ACCESS_SHARING_LEVEL"": ""PUBLIC_OPEN"", ""CONFIDENTIALITY_STATUS"": ""F"", ""DERIVATION_TYPE"": ""O"", ""SECURITY_CLASSIFICATION"": ""PUB""}"
ISL,gdp_real_lcu_quarterly_sa,2023-Q4,quarterly,621509145584.83,621509145584.83,observed,IMF_QNEA,QNEA|B1GQ|Q|SA|XDC|Q,SA,"{""ACCESS_SHARING_LEVEL"": ""PUBLIC_OPEN"", ""CONFIDENTIALITY_STATUS"": ""F"", ""DERIVATION_TYPE"": ""O"", ""SECURITY_CLASSIFICATION"": ""PUB""}"
ISL,gdp_real_lcu_quarterly_sa,2024-Q1,quarterly,616010229013.4,616010229013.4,observed,IMF_QNEA,QNEA|B1GQ|Q|SA|XDC|Q,SA,"{""ACCESS_SHARING_LEVEL"": ""PUBLIC_OPEN"", ""CONFIDENTIALITY_STATUS"": ""F"", ""DERIVATION_TYPE"": ""O"", ""SECURITY_CLASSIFICATION"": ""PUB""}"
ISL,gdp_real_lcu_quarterly_sa,2024-Q2,quarterly,628474857600.74,628474857600.74,observed,IMF_QNEA,QNEA|B1GQ|Q|SA|XDC|Q,SA,"{""ACCESS_SHARING_LEVEL"": ""PUBLIC_OPEN"", ""CONFIDENTIALITY_STATUS"": ""F"", ""DERIVATION_TYPE"": ""O"", ""SECURITY_CLASSIFICATION"": ""PUB""}"
ISL,gdp_real_lcu_quarterly_sa,2024-Q3,quarterly,624355021131.61,624355021131.61,observed,IMF_QNEA,QNEA|B1GQ|Q|SA|XDC|Q,SA,"{""ACCESS_SHARING_LEVEL"": ""PUBLIC_OPEN"", ""CONFIDENTIALITY_STATUS"": ""F"", ""DERIVATION_TYPE"": ""O"", ""SECURITY_CLASSIFICATION"": ""PUB""}"
ISL,gdp_real_lcu_quarterly_sa,2024-Q4,quarterly,610903246867.81,610903246867.81,observed,IMF_QNEA,QNEA|B1GQ|Q|SA|XDC|Q,SA,"{""ACCESS_SHARING_LEVEL"": ""PUBLIC_OPEN"", ""CONFIDENTIALITY_STATUS"": ""F"", ""DERIVATION_TYPE"": ""O"", ""SECURITY_CLASSIFICATION"": ""PUB""}"
ISR,gdp_real_lcu_quarterly_sa,2020-Q1,quarterly,354709000000.0,354709000000,observed,IMF_QNEA,QNEA|B1GQ|Q|SA|XDC|Q,SA,"{""ACCESS_SHARING_LEVEL"": ""PUBLIC_OPEN"", ""CONFIDENTIALITY_STATUS"": ""F"", ""DERIVATION_TYPE"": ""O"", ""SECURITY_CLASSIFICATION"": ""PUB""}"
ISR,gdp_real_lcu_quarterly_sa,2020-Q2,quarterly,327196100000.0,327196100000,observed,IMF_QNEA,QNEA|B1GQ|Q|SA|XDC|Q,SA,"{""ACCESS_SHARING_LEVEL"": ""PUBLIC_OPEN"", ""CONFIDENTIALITY_STATUS"": ""F"", ""DERIVATION_TYPE"": ""O"", ""SECURITY_CLASSIFICATION"": ""PUB""}"
ISR,gdp_real_lcu_quarterly_sa,2020-Q3,quarterly,355829900000.0,355829900000,observed,IMF_QNEA,QNEA|B1GQ|Q|SA|XDC|Q,SA,"{""ACCESS_SHARING_LEVEL"": ""PUBLIC_OPEN"", ""CONFIDENTIALITY_STATUS"": ""F"", ""DERIVATION_TYPE"": ""O"", ""SECURITY_CLASSIFICATION"": ""PUB""}"
ISR,gdp_real_lcu_quarterly_sa,2020-Q4,quarterly,365817700000.0,365817700000,observed,IMF_QNEA,QNEA|B1GQ|Q|SA|XDC|Q,SA,"{""ACCESS_SHARING_LEVEL"": ""PUBLIC_OPEN"", ""CONFIDENTIALITY_STATUS"": ""F"", ""DERIVATION_TYPE"": ""O"", ""SECURITY_CLASSIFICATION"": ""PUB""}"
ISR,gdp_real_lcu_quarterly_sa,2021-Q1,quarterly,367159900000.0,367159900000,observed,IMF_QNEA,QNEA|B1GQ|Q|SA|XDC|Q,SA,"{""ACCESS_SHARING_LEVEL"": ""PUBLIC_OPEN"", ""CONFIDENTIALITY_STATUS"": ""F"", ""DERIVATION_TYPE"": ""O"", ""SECURITY_CLASSIFICATION"": ""PUB""}"
ISR,gdp_real_lcu_quarterly_sa,2021-Q2,quarterly,379751600000.0,379751600000,observed,IMF_QNEA,QNEA|B1GQ|Q|SA|XDC|Q,SA,"{""ACCESS_SHARING_LEVEL"": ""PUBLIC_OPEN"", ""CONFIDENTIALITY_STATUS"": ""F"", ""DERIVATION_TYPE"": ""O"", ""SECURITY_CLASSIFICATION"": ""PUB""}"
ISR,gdp_real_lcu_quarterly_sa,2021-Q3,quarterly,385134500000.0,385134500000,observed,IMF_QNEA,QNEA|B1GQ|Q|SA|XDC|Q,SA,"{""ACCESS_SHARING_LEVEL"": ""PUBLIC_OPEN"", ""CONFIDENTIALITY_STATUS"": ""F"", ""DERIVATION_TYPE"": ""O"", ""SECURITY_CLASSIFICATION"": ""PUB""}"
ISR,gdp_real_lcu_quarterly_sa,2021-Q4,quarterly,402152600000.0,402152600000,observed,IMF_QNEA,QNEA|B1GQ|Q|SA|XDC|Q,SA,"{""ACCESS_SHARING_LEVEL"": ""PUBLIC_OPEN"", ""CONFIDENTIALITY_STATUS"": ""F"", ""DERIVATION_TYPE"": ""O"", ""SECURITY_CLASSIFICATION"": ""PUB""}"
ISR,gdp_real_lcu_quarterly_sa,2022-Q1,quarterly,400002100000.0,400002100000,observed,IMF_QNEA,QNEA|B1GQ|Q|SA|XDC|Q,SA,"{""ACCESS_SHARING_LEVEL"": ""PUBLIC_OPEN"", ""CONFIDENTIALITY_STATUS"": ""F"", ""DERIVATION_TYPE"": ""O"", ""SECURITY_CLASSIFICATION"": ""PUB""}"
ISR,gdp_real_lcu_quarterly_sa,2022-Q2,quarterly,407087600000.0,407087600000,observed,IMF_QNEA,QNEA|B1GQ|Q|SA|XDC|Q,SA,"{""ACCESS_SHARING_LEVEL"": ""PUBLIC_OPEN"", ""CONFIDENTIALITY_STATUS"": ""F"", ""DERIVATION_TYPE"": ""O"", ""SECURITY_CLASSIFICATION"": ""PUB""}"
ISR,gdp_real_lcu_quarterly_sa,2022-Q3,quarterly,405267600000.0,405267600000,observed,IMF_QNEA,QNEA|B1GQ|Q|SA|XDC|Q,SA,"{""ACCESS_SHARING_LEVEL"": ""PUBLIC_OPEN"", ""CONFIDENTIALITY_STATUS"": ""F"", ""DERIVATION_TYPE"": ""O"", ""SECURITY_CLASSIFICATION"": ""PUB""}"
ISR,gdp_real_lcu_quarterly_sa,2022-Q4,quarterly,415309900000.0,415309900000,observed,IMF_QNEA,QNEA|B1GQ|Q|SA|XDC|Q,SA,"{""ACCESS_SHARING_LEVEL"": ""PUBLIC_OPEN"", ""CONFIDENTIALITY_STATUS"": ""F"", ""DERIVATION_TYPE"": ""O"", ""SECURITY_CLASSIFICATION"": ""PUB""}"
ISR,gdp_real_lcu_quarterly_sa,2023-Q1,quarterly,418979500000.0,418979500000,observed,IMF_QNEA,QNEA|B1GQ|Q|SA|XDC|Q,SA,"{""ACCESS_SHARING_LEVEL"": ""PUBLIC_OPEN"", ""CONFIDENTIALITY_STATUS"": ""F"", ""DERIVATION_TYPE"": ""O"", ""SECURITY_CLASSIFICATION"": ""PUB""}"
ISR,gdp_real_lcu_quarterly_sa,2023-Q2,quarterly,421269700000.0,421269700000,observed,IMF_QNEA,QNEA|B1GQ|Q|SA|XDC|Q,SA,"{""ACCESS_SHARING_LEVEL"": ""PUBLIC_OPEN"", ""CONFIDENTIALITY_STATUS"": ""F"", ""DERIVATION_TYPE"": ""O"", ""SECURITY_CLASSIFICATION"": ""PUB""}"
ISR,gdp_real_lcu_quarterly_sa,2023-Q3,quarterly,421602200000.0,421602200000,observed,IMF_QNEA,QNEA|B1GQ|Q|SA|XDC|Q,SA,"{""ACCESS_SHARING_LEVEL"": ""PUBLIC_OPEN"", ""CONFIDENTIALITY_STATUS"": ""F"", ""DERIVATION_TYPE"": ""O"", ""SECURITY_CLASSIFICATION"": ""PUB""}"
ISR,gdp_real_lcu_quarterly_sa,2023-Q4,quarterly,398670000000.0,398670000000,observed,IMF_QNEA,QNEA|B1GQ|Q|SA|XDC|Q,SA,"{""ACCESS_SHARING_LEVEL"": ""PUBLIC_OPEN"", ""CONFIDENTIALITY_STATUS"": ""F"", ""DERIVATION_TYPE"": ""O"", ""SECURITY_CLASSIFICATION"": ""PUB""}"
ISR,gdp_real_lcu_quarterly_sa,2024-Q1,quarterly,415929600000.0,415929600000,observed,IMF_QNEA,QNEA|B1GQ|Q|SA|XDC|Q,SA,"{""ACCESS_SHARING_LEVEL"": ""PUBLIC_OPEN"", ""CONFIDENTIALITY_STATUS"": ""F"", ""DERIVATION_TYPE"": ""O"", ""SECURITY_CLASSIFICATION"": ""PUB""}"
ISR,gdp_real_lcu_quarterly_sa,2024-Q2,quarterly,415272300000.0,415272300000,observed,IMF_QNEA,QNEA|B1GQ|Q|SA|XDC|Q,SA,"{""ACCESS_SHARING_LEVEL"": ""PUBLIC_OPEN"", ""CONFIDENTIALITY_STATUS"": ""F"", ""DERIVATION_TYPE"": ""O"", ""SECURITY_CLASSIFICATION"": ""PUB""}"
ISR,gdp_real_lcu_quarterly_sa,2024-Q3,quarterly,422600400000.0,422600400000,observed,IMF_QNEA,QNEA|B1GQ|Q|SA|XDC|Q,SA,"{""ACCESS_SHARING_LEVEL"": ""PUBLIC_OPEN"", ""CONFIDENTIALITY_STATUS"": ""F"", ""DERIVATION_TYPE"": ""O"", ""SECURITY_CLASSIFICATION"": ""PUB""}"
ISR,gdp_real_lcu_quarterly_sa,2024-Q4,quarterly,423413000000.0,423413000000,observed,IMF_QNEA,QNEA|B1GQ|Q|SA|XDC|Q,SA,"{""ACCESS_SHARING_LEVEL"": ""PUBLIC_OPEN"", ""CONFIDENTIALITY_STATUS"": ""F"", ""DERIVATION_TYPE"": ""O"", ""SECURITY_CLASSIFICATION"": ""PUB""}"
ITA,gdp_real_lcu_quarterly_sa,2020-Q1,quarterly,382582464373.34,382582464373.34,observed,IMF_QNEA,QNEA|B1GQ|Q|SA|XDC|Q,SA,"{""ACCESS_SHARING_LEVEL"": ""PUBLIC_OPEN"", ""CONFIDENTIALITY_STATUS"": ""F"", ""DERIVATION_TYPE"": ""O"", ""SECURITY_CLASSIFICATION"": ""PUB""}"
ITA,gdp_real_lcu_quarterly_sa,2020-Q2,quarterly,334810671213.85,334810671213.85,observed,IMF_QNEA,QNEA|B1GQ|Q|SA|XDC|Q,SA,"{""ACCESS_SHARING_LEVEL"": ""PUBLIC_OPEN"", ""CONFIDENTIALITY_STATUS"": ""F"", ""DERIVATION_TYPE"": ""O"", ""SECURITY_CLASSIFICATION"": ""PUB""}"
ITA,gdp_real_lcu_quarterly_sa,2020-Q3,quarterly,382268977725.04,382268977725.04,observed,IMF_QNEA,QNEA|B1GQ|Q|SA|XDC|Q,SA,"{""ACCESS_SHARING_LEVEL"": ""PUBLIC_OPEN"", ""CONFIDENTIALITY_STATUS"": ""F"", ""DERIVATION_TYPE"": ""O"", ""SECURITY_CLASSIFICATION"": ""PUB""}"
ITA,gdp_real_lcu_quarterly_sa,2020-Q4,quarterly,383315799211.33,383315799211.33,observed,IMF_QNEA,QNEA|B1GQ|Q|SA|XDC|Q,SA,"{""ACCESS_SHARING_LEVEL"": ""PUBLIC_OPEN"", ""CONFIDENTIALITY_STATUS"": ""F"", ""DERIVATION_TYPE"": ""O"", ""SECURITY_CLASSIFICATION"": ""PUB""}"
ITA,gdp_real_lcu_quarterly_sa,2021-Q1,quarterly,389642400503.6,389642400503.6,observed,IMF_QNEA,QNEA|B1GQ|Q|SA|XDC|Q,SA,"{""ACCESS_SHARING_LEVEL"": ""PUBLIC_OPEN"", ""CONFIDENTIALITY_STATUS"": ""F"", ""DERIVATION_TYPE"": ""O"", ""SECURITY_CLASSIFICATION"": ""PUB""}"
ITA,gdp_real_lcu_quarterly_sa,2021-Q2,quarterly,399491372608.03,399491372608.03,observed,IMF_QNEA,QNEA|B1GQ|Q|SA|XDC|Q,SA,"{""ACCESS_SHARING_LEVEL"": ""PUBLIC_OPEN"", ""CONFIDENTIALITY_STATUS"": ""F"", ""DERIVATION_TYPE"": ""O"", ""SECURITY_CLASSIFICATION"": ""PUB""}"
ITA,gdp_real_lcu_quarterly_sa,2021-Q3,quarterly,408887441808.16,408887441808.16,observed,IMF_QNEA,QNEA|B1GQ|Q|SA|XDC|Q,SA,"{""ACCESS_SHARING_LEVEL"": ""PUBLIC_OPEN"", ""CONFIDENTIALITY_STATUS"": ""F"", ""DERIVATION_TYPE"": ""O"", ""SECURITY_CLASSIFICATION"": ""PUB""}"
ITA,gdp_real_lcu_quarterly_sa,2021-Q4,quarterly,415506470696.67,415506470696.67,observed,IMF_QNEA,QNEA|B1GQ|Q|SA|XDC|Q,SA,"{""ACCESS_SHARING_LEVEL"": ""PUBLIC_OPEN"", ""CONFIDENTIALITY_STATUS"": ""F"", ""DERIVATION_TYPE"": ""O"", ""SECURITY_CLASSIFICATION"": ""PUB""}"
ITA,gdp_real_lcu_quarterly_sa,2022-Q1,quarterly,418470732201.02,418470732201.02,observed,IMF_QNEA,QNEA|B1GQ|Q|SA|XDC|Q,SA,"{""ACCESS_SHARING_LEVEL"": ""PUBLIC_OPEN"", ""CONFIDENTIALITY_STATUS"": ""F"", ""DERIVATION_TYPE"": ""O"", ""SECURITY_CLASSIFICATION"": ""PUB""}"
ITA,gdp_real_lcu_quarterly_sa,2022-Q2,quarterly,425010323146.34,425010323146.34,observed,IMF_QNEA,QNEA|B1GQ|Q|SA|XDC|Q,SA,"{""ACCESS_SHARING_LEVEL"": ""PUBLIC_OPEN"", ""CONFIDENTIALITY_STATUS"": ""F"", ""DERIVATION_TYPE"": ""O"", ""SECURITY_CLASSIFICATION"": ""PUB""}"
ITA,gdp_real_lcu_quarterly_sa,2022-Q3,quarterly,425660043773.43,425660043773.43,observed,IMF_QNEA,QNEA|B1GQ|Q|SA|XDC|Q,SA,"{""ACCESS_SHARING_LEVEL"": ""PUBLIC_OPEN"", ""CONFIDENTIALITY_STATUS"": ""F"", ""DERIVATION_TYPE"": ""O"", ""SECURITY_CLASSIFICATION"": ""PUB""}"
ITA,gdp_real_lcu_quarterly_sa,2022-Q4,quarterly,424649653558.63,424649653558.63,observed,IMF_QNEA,QNEA|B1GQ|Q|SA|XDC|Q,SA,"{""ACCESS_SHARING_LEVEL"": ""PUBLIC_OPEN"", ""CONFIDENTIALITY_STATUS"": ""F"", ""DERIVATION_TYPE"": ""O"", ""SECURITY_CLASSIFICATION"": ""PUB""}"
ITA,gdp_real_lcu_quarterly_sa,2023-Q1,quarterly,427092148169.89,427092148169.89,observed,IMF_QNEA,QNEA|B1GQ|Q|SA|XDC|Q,SA,"{""ACCESS_SHARING_LEVEL"": ""PUBLIC_OPEN"", ""CONFIDENTIALITY_STATUS"": ""F"", ""DERIVATION_TYPE"": ""O"", ""SECURITY_CLASSIFICATION"": ""PUB""}"
ITA,gdp_real_lcu_quarterly_sa,2023-Q2,quarterly,427208817095.4,427208817095.4,observed,IMF_QNEA,QNEA|B1GQ|Q|SA|XDC|Q,SA,"{""ACCESS_SHARING_LEVEL"": ""PUBLIC_OPEN"", ""CONFIDENTIALITY_STATUS"": ""F"", ""DERIVATION_TYPE"": ""O"", ""SECURITY_CLASSIFICATION"": ""PUB""}"
ITA,gdp_real_lcu_quarterly_sa,2023-Q3,quarterly,427625910725.54,427625910725.54,observed,IMF_QNEA,QNEA|B1GQ|Q|SA|XDC|Q,SA,"{""ACCESS_SHARING_LEVEL"": ""PUBLIC_OPEN"", ""CONFIDENTIALITY_STATUS"": ""F"", ""DERIVATION_TYPE"": ""O"", ""SECURITY_CLASSIFICATION"": ""PUB""}"
ITA,gdp_real_lcu_quarterly_sa,2023-Q4,quarterly,429130966521.73,429130966521.73,observed,IMF_QNEA,QNEA|B1GQ|Q|SA|XDC|Q,SA,"{""ACCESS_SHARING_LEVEL"": ""PUBLIC_OPEN"", ""CONFIDENTIALITY_STATUS"": ""F"", ""DERIVATION_TYPE"": ""O"", ""SECURITY_CLASSIFICATION"": ""PUB""}"
ITA,gdp_real_lcu_quarterly_sa,2024-Q1,quarterly,429481328725.31,429481328725.31,observed,IMF_QNEA,QNEA|B1GQ|Q|SA|XDC|Q,SA,"{""ACCESS_SHARING_LEVEL"": ""PUBLIC_OPEN"", ""CONFIDENTIALITY_STATUS"": ""F"", ""DERIVATION_TYPE"": ""O"", ""SECURITY_CLASSIFICATION"": ""PUB""}"
ITA,gdp_real_lcu_quarterly_sa,2024-Q2,quarterly,430310095723.25,430310095723.25,observed,IMF_QNEA,QNEA|B1GQ|Q|SA|XDC|Q,SA,"{""ACCESS_SHARING_LEVEL"": ""PUBLIC_OPEN"", ""CONFIDENTIALITY_STATUS"": ""F"", ""DERIVATION_TYPE"": ""O"", ""SECURITY_CLASSIFICATION"": ""PUB""}"
ITA,gdp_real_lcu_quarterly_sa,2024-Q3,quarterly,430350436692.16,430350436692.16,observed,IMF_QNEA,QNEA|B1GQ|Q|SA|XDC|Q,SA,"{""ACCESS_SHARING_LEVEL"": ""PUBLIC_OPEN"", ""CONFIDENTIALITY_STATUS"": ""F"", ""DERIVATION_TYPE"": ""O"", ""SECURITY_CLASSIFICATION"": ""PUB""}"
ITA,gdp_real_lcu_quarterly_sa,2024-Q4,quarterly,430948709255.38,430948709255.38,observed,IMF_QNEA,QNEA|B1GQ|Q|SA|XDC|Q,SA,"{""ACCESS_SHARING_LEVEL"": ""PUBLIC_OPEN"", ""CONFIDENTIALITY_STATUS"": ""F"", ""DERIVATION_TYPE"": ""O"", ""SECURITY_CLASSIFICATION"": ""PUB""}"
JAM,gdp_real_lcu_quarterly_sa,2020-Q1,quarterly,190731.0,190731,observed,IMF_QNEA,QNEA|B1GQ|Q|SA|XDC|Q,SA,"{""ACCESS_SHARING_LEVEL"": ""PUBLIC_OPEN"", ""CONFIDENTIALITY_STATUS"": ""F"", ""DERIVATION_TYPE"": ""O"", ""SECURITY_CLASSIFICATION"": ""PUB""}"
JAM,gdp_real_lcu_quarterly_sa,2020-Q2,quarterly,160927.0,160927,observed,IMF_QNEA,QNEA|B1GQ|Q|SA|XDC|Q,SA,"{""ACCESS_SHARING_LEVEL"": ""PUBLIC_OPEN"", ""CONFIDENTIALITY_STATUS"": ""F"", ""DERIVATION_TYPE"": ""O"", ""SECURITY_CLASSIFICATION"": ""PUB""}"
JAM,gdp_real_lcu_quarterly_sa,2020-Q3,quarterly,174618.0,174618,observed,IMF_QNEA,QNEA|B1GQ|Q|SA|XDC|Q,SA,"{""ACCESS_SHARING_LEVEL"": ""PUBLIC_OPEN"", ""CONFIDENTIALITY_STATUS"": ""F"", ""DERIVATION_TYPE"": ""O"", ""SECURITY_CLASSIFICATION"": ""PUB""}"
JAM,gdp_real_lcu_quarterly_sa,2020-Q4,quarterly,176209.0,176209,observed,IMF_QNEA,QNEA|B1GQ|Q|SA|XDC|Q,SA,"{""ACCESS_SHARING_LEVEL"": ""PUBLIC_OPEN"", ""CONFIDENTIALITY_STATUS"": ""F"", ""DERIVATION_TYPE"": ""O"", ""SECURITY_CLASSIFICATION"": ""PUB""}"
JAM,gdp_real_lcu_quarterly_sa,2021-Q1,quarterly,177542.0,177542,observed,IMF_QNEA,QNEA|B1GQ|Q|SA|XDC|Q,SA,"{""ACCESS_SHARING_LEVEL"": ""PUBLIC_OPEN"", ""CONFIDENTIALITY_STATUS"": ""F"", ""DERIVATION_TYPE"": ""O"", ""SECURITY_CLASSIFICATION"": ""PUB""}"
JAM,gdp_real_lcu_quarterly_sa,2021-Q2,quarterly,182302.0,182302,observed,IMF_QNEA,QNEA|B1GQ|Q|SA|XDC|Q,SA,"{""ACCESS_SHARING_LEVEL"": ""PUBLIC_OPEN"", ""CONFIDENTIALITY_STATUS"": ""F"", ""DERIVATION_TYPE"": ""O"", ""SECURITY_CLASSIFICATION"": ""PUB""}"
JAM,gdp_real_lcu_quarterly_sa,2021-Q3,quarterly,183827.0,183827,observed,IMF_QNEA,QNEA|B1GQ|Q|SA|XDC|Q,SA,"{""ACCESS_SHARING_LEVEL"": ""PUBLIC_OPEN"", ""CONFIDENTIALITY_STATUS"": ""F"", ""DERIVATION_TYPE"": ""O"", ""SECURITY_CLASSIFICATION"": ""PUB""}"
JAM,gdp_real_lcu_quarterly_sa,2021-Q4,quarterly,186317.0,186317,observed,IMF_QNEA,QNEA|B1GQ|Q|SA|XDC|Q,SA,"{""ACCESS_SHARING_LEVEL"": ""PUBLIC_OPEN"", ""CONFIDENTIALITY_STATUS"": ""F"", ""DERIVATION_TYPE"": ""O"", ""SECURITY_CLASSIFICATION"": ""PUB""}"
JAM,gdp_real_lcu_quarterly_sa,2022-Q1,quarterly,187615.0,187615,observed,IMF_QNEA,QNEA|B1GQ|Q|SA|XDC|Q,SA,"{""ACCESS_SHARING_LEVEL"": ""PUBLIC_OPEN"", ""CONFIDENTIALITY_STATUS"": ""F"", ""DERIVATION_TYPE"": ""O"", ""SECURITY_CLASSIFICATION"": ""PUB""}"
JAM,gdp_real_lcu_quarterly_sa,2022-Q2,quarterly,190179.0,190179,observed,IMF_QNEA,QNEA|B1GQ|Q|SA|XDC|Q,SA,"{""ACCESS_SHARING_LEVEL"": ""PUBLIC_OPEN"", ""CONFIDENTIALITY_STATUS"": ""F"", ""DERIVATION_TYPE"": ""O"", ""SECURITY_CLASSIFICATION"": ""PUB""}"
JAM,gdp_real_lcu_quarterly_sa,2022-Q3,quarterly,193888.0,193888,observed,IMF_QNEA,QNEA|B1GQ|Q|SA|XDC|Q,SA,"{""ACCESS_SHARING_LEVEL"": ""PUBLIC_OPEN"", ""CONFIDENTIALITY_STATUS"": ""F"", ""DERIVATION_TYPE"": ""O"", ""SECURITY_CLASSIFICATION"": ""PUB""}"
JAM,gdp_real_lcu_quarterly_sa,2022-Q4,quarterly,194488.0,194488,observed,IMF_QNEA,QNEA|B1GQ|Q|SA|XDC|Q,SA,"{""ACCESS_SHARING_LEVEL"": ""PUBLIC_OPEN"", ""CONFIDENTIALITY_STATUS"": ""F"", ""DERIVATION_TYPE"": ""O"", ""SECURITY_CLASSIFICATION"": ""PUB""}"
JAM,gdp_real_lcu_quarterly_sa,2023-Q1,quarterly,196022.0,196022,observed,IMF_QNEA,QNEA|B1GQ|Q|SA|XDC|Q,SA,"{""ACCESS_SHARING_LEVEL"": ""PUBLIC_OPEN"", ""CONFIDENTIALITY_STATUS"": ""F"", ""DERIVATION_TYPE"": ""O"", ""SECURITY_CLASSIFICATION"": ""PUB""}"
JAM,gdp_real_lcu_quarterly_sa,2023-Q2,quarterly,196495.0,196495,observed,IMF_QNEA,QNEA|B1GQ|Q|SA|XDC|Q,SA,"{""ACCESS_SHARING_LEVEL"": ""PUBLIC_OPEN"", ""CONFIDENTIALITY_STATUS"": ""F"", ""DERIVATION_TYPE"": ""O"", ""SECURITY_CLASSIFICATION"": ""PUB""}"
JAM,gdp_real_lcu_quarterly_sa,2023-Q3,quarterly,199195.0,199195,observed,IMF_QNEA,QNEA|B1GQ|Q|SA|XDC|Q,SA,"{""ACCESS_SHARING_LEVEL"": ""PUBLIC_OPEN"", ""CONFIDENTIALITY_STATUS"": ""F"", ""DERIVATION_TYPE"": ""O"", ""SECURITY_CLASSIFICATION"": ""PUB""}"
JAM,gdp_real_lcu_quarterly_sa,2023-Q4,quarterly,199391.0,199391,observed,IMF_QNEA,QNEA|B1GQ|Q|SA|XDC|Q,SA,"{""ACCESS_SHARING_LEVEL"": ""PUBLIC_OPEN"", ""CONFIDENTIALITY_STATUS"": ""F"", ""DERIVATION_TYPE"": ""O"", ""SECURITY_CLASSIFICATION"": ""PUB""}"
JAM,gdp_real_lcu_quarterly_sa,2024-Q1,quarterly,199721.0,199721,observed,IMF_QNEA,QNEA|B1GQ|Q|SA|XDC|Q,SA,"{""ACCESS_SHARING_LEVEL"": ""PUBLIC_OPEN"", ""CONFIDENTIALITY_STATUS"": ""F"", ""DERIVATION_TYPE"": ""O"", ""SECURITY_CLASSIFICATION"": ""PUB""}"
JAM,gdp_real_lcu_quarterly_sa,2024-Q2,quarterly,198376.0,198376,observed,IMF_QNEA,QNEA|B1GQ|Q|SA|XDC|Q,SA,"{""ACCESS_SHARING_LEVEL"": ""PUBLIC_OPEN"", ""CONFIDENTIALITY_STATUS"": ""F"", ""DERIVATION_TYPE"": ""O"", ""SECURITY_CLASSIFICATION"": ""PUB""}"
JOR,gdp_real_lcu_quarterly_sa,2020-Q1,quarterly,7529966652.40201,7529966652.40201,observed,IMF_QNEA,QNEA|B1GQ|Q|SA|XDC|Q,SA,"{""ACCESS_SHARING_LEVEL"": ""PUBLIC_OPEN"", ""CONFIDENTIALITY_STATUS"": ""F"", ""DERIVATION_TYPE"": ""O"", ""SECURITY_CLASSIFICATION"": ""PUB""}"
JOR,gdp_real_lcu_quarterly_sa,2020-Q2,quarterly,7300403557.47025,7300403557.47025,observed,IMF_QNEA,QNEA|B1GQ|Q|SA|XDC|Q,SA,"{""ACCESS_SHARING_LEVEL"": ""PUBLIC_OPEN"", ""CONFIDENTIALITY_STATUS"": ""F"", ""DERIVATION_TYPE"": ""O"", ""SECURITY_CLASSIFICATION"": ""PUB""}"
JOR,gdp_real_lcu_quarterly_sa,2020-Q3,quarterly,7427431536.11066,7427431536.11066,observed,IMF_QNEA,QNEA|B1GQ|Q|SA|XDC|Q,SA,"{""ACCESS_SHARING_LEVEL"": ""PUBLIC_OPEN"", ""CONFIDENTIALITY_STATUS"": ""F"", ""DERIVATION_TYPE"": ""O"", ""SECURITY_CLASSIFICATION"": ""PUB""}"
JOR,gdp_real_lcu_quarterly_sa,2020-Q4,quarterly,7509628254.01707,7509628254.01707,observed,IMF_QNEA,QNEA|B1GQ|Q|SA|XDC|Q,SA,"{""ACCESS_SHARING_LEVEL"": ""PUBLIC_OPEN"", ""CONFIDENTIALITY_STATUS"": ""F"", ""DERIVATION_TYPE"": ""O"", ""SECURITY_CLASSIFICATION"": ""PUB""}"
JOR,gdp_real_lcu_quarterly_sa,2021-Q1,quarterly,7643138360.3828,7643138360.3828,observed,IMF_QNEA,QNEA|B1GQ|Q|SA|XDC|Q,SA,"{""ACCESS_SHARING_LEVEL"": ""PUBLIC_OPEN"", ""CONFIDENTIALITY_STATUS"": ""F"", ""DERIVATION_TYPE"": ""O"", ""SECURITY_CLASSIFICATION"": ""PUB""}"
JOR,gdp_real_lcu_quarterly_sa,2021-Q2,quarterly,7662216212.78413,7662216212.78413,observed,IMF_QNEA,QNEA|B1GQ|Q|SA|XDC|Q,SA,"{""ACCESS_SHARING_LEVEL"": ""PUBLIC_OPEN"", ""CONFIDENTIALITY_STATUS"": ""F"", ""DERIVATION_TYPE"": ""O"", ""SECURITY_CLASSIFICATION"": ""PUB""}"
JOR,gdp_real_lcu_quarterly_sa,2021-Q3,quarterly,7741372279.01396,7741372279.01396,observed,IMF_QNEA,QNEA|B1GQ|Q|SA|XDC|Q,SA,"{""ACCESS_SHARING_LEVEL"": ""PUBLIC_OPEN"", ""CONFIDENTIALITY_STATUS"": ""F"", ""DERIVATION_TYPE"": ""O"", ""SECURITY_CLASSIFICATION"": ""PUB""}"
JOR,gdp_real_lcu_quarterly_sa,2021-Q4,quarterly,7808903147.81911,7808903147.81911,observed,IMF_QNEA,QNEA|B1GQ|Q|SA|XDC|Q,SA,"{""ACCESS_SHARING_LEVEL"": ""PUBLIC_OPEN"", ""CONFIDENTIALITY_STATUS"": ""F"", ""DERIVATION_TYPE"": ""O"", ""SECURITY_CLASSIFICATION"": ""PUB""}"
JOR,gdp_real_lcu_quarterly_sa,2022-Q1,quarterly,7822023400.51943,7822023400.51943,observed,IMF_QNEA,QNEA|B1GQ|Q|SA|XDC|Q,SA,"{""ACCESS_SHARING_LEVEL"": ""PUBLIC_OPEN"", ""CONFIDENTIALITY_STATUS"": ""F"", ""DERIVATION_TYPE"": ""O"", ""SECURITY_CLASSIFICATION"": ""PUB""}"
JOR,gdp_real_lcu_quarterly_sa,2022-Q2,quarterly,7882752197.05787,7882752197.05787,observed,IMF_QNEA,QNEA|B1GQ|Q|SA|XDC|Q,SA,"{""ACCESS_SHARING_LEVEL"": ""PUBLIC_OPEN"", ""CONFIDENTIALITY_STATUS"": ""F"", ""DERIVATION_TYPE"": ""O"", ""SECURITY_CLASSIFICATION"": ""PUB""}"
JOR,gdp_real_lcu_quarterly_sa,2022-Q3,quarterly,7919371042.35885,7919371042.35885,observed,IMF_QNEA,QNEA|B1GQ|Q|SA|XDC|Q,SA,"{""ACCESS_SHARING_LEVEL"": ""PUBLIC_OPEN"", ""CONFIDENTIALITY_STATUS"": ""F"", ""DERIVATION_TYPE"": ""O"", ""SECURITY_CLASSIFICATION"": ""PUB""}"
JOR,gdp_real_lcu_quarterly_sa,2022-Q4,quarterly,7980683360.06384,7980683360.06384,observed,IMF_QNEA,QNEA|B1GQ|Q|SA|XDC|Q,SA,"{""ACCESS_SHARING_LEVEL"": ""PUBLIC_OPEN"", ""CONFIDENTIALITY_STATUS"": ""F"", ""DERIVATION_TYPE"": ""O"", ""SECURITY_CLASSIFICATION"": ""PUB""}"
JOR,gdp_real_lcu_quarterly_sa,2023-Q1,quarterly,8035134956.2976,8035134956.2976,observed,IMF_QNEA,QNEA|B1GQ|Q|SA|XDC|Q,SA,"{""ACCESS_SHARING_LEVEL"": ""PUBLIC_OPEN"", ""CONFIDENTIALITY_STATUS"": ""F"", ""DERIVATION_TYPE"": ""O"", ""SECURITY_CLASSIFICATION"": ""PUB""}"
JOR,gdp_real_lcu_quarterly_sa,2023-Q2,quarterly,8089585209.04524,8089585209.04524,observed,IMF_QNEA,QNEA|B1GQ|Q|SA|XDC|Q,SA,"{""ACCESS_SHARING_LEVEL"": ""PUBLIC_OPEN"", ""CONFIDENTIALITY_STATUS"": ""F"", ""DERIVATION_TYPE"": ""O"", ""SECURITY_CLASSIFICATION"": ""PUB""}"
JOR,gdp_real_lcu_quarterly_sa,2023-Q3,quarterly,8137767780.88706,8137767780.88706,observed,IMF_QNEA,QNEA|B1GQ|Q|SA|XDC|Q,SA,"{""ACCESS_SHARING_LEVEL"": ""PUBLIC_OPEN"", ""CONFIDENTIALITY_STATUS"": ""F"", ""DERIVATION_TYPE"": ""O"", ""SECURITY_CLASSIFICATION"": ""PUB""}"
JOR,gdp_real_lcu_quarterly_sa,2023-Q4,quarterly,8164067633.77009,8164067633.77009,observed,IMF_QNEA,QNEA|B1GQ|Q|SA|XDC|Q,SA,"{""ACCESS_SHARING_LEVEL"": ""PUBLIC_OPEN"", ""CONFIDENTIALITY_STATUS"": ""F"", ""DERIVATION_TYPE"": ""O"", ""SECURITY_CLASSIFICATION"": ""PUB""}"
JOR,gdp_real_lcu_quarterly_sa,2024-Q1,quarterly,8236528269.90118,8236528269.90118,observed,IMF_QNEA,QNEA|B1GQ|Q|SA|XDC|Q,SA,"{""ACCESS_SHARING_LEVEL"": ""PUBLIC_OPEN"", ""CONFIDENTIALITY_STATUS"": ""F"", ""DERIVATION_TYPE"": ""O"", ""SECURITY_CLASSIFICATION"": ""PUB""}"
JPN,gdp_real_lcu_quarterly_sa,2020-Q1,quarterly,142317225000000.0,142317225000000,observed,IMF_QNEA,QNEA|B1GQ|Q|SA|XDC|Q,SA,"{""ACCESS_SHARING_LEVEL"": ""PUBLIC_OPEN"", ""CONFIDENTIALITY_STATUS"": ""F"", ""DERIVATION_TYPE"": ""O"", ""SECURITY_CLASSIFICATION"": ""PUB""}"
JPN,gdp_real_lcu_quarterly_sa,2020-Q2,quarterly,132058750000000.0,132058750000000,observed,IMF_QNEA,QNEA|B1GQ|Q|SA|XDC|Q,SA,"{""ACCESS_SHARING_LEVEL"": ""PUBLIC_OPEN"", ""CONFIDENTIALITY_STATUS"": ""F"", ""DERIVATION_TYPE"": ""O"", ""SECURITY_CLASSIFICATION"": ""PUB""}"
JPN,gdp_real_lcu_quarterly_sa,2020-Q3,quarterly,138688050000000.0,138688050000000,observed,IMF_QNEA,QNEA|B1GQ|Q|SA|XDC|Q,SA,"{""ACCESS_SHARING_LEVEL"": ""PUBLIC_OPEN"", ""CONFIDENTIALITY_STATUS"": ""F"", ""DERIVATION_TYPE"": ""O"", ""SECURITY_CLASSIFICATION"": ""PUB""}"
JPN,gdp_real_lcu_quarterly_sa,2020-Q4,quarterly,140958700000000.0,140958700000000,observed,IMF_QNEA,QNEA|B1GQ|Q|SA|XDC|Q,SA,"{""ACCESS_SHARING_LEVEL"": ""PUBLIC_OPEN"", ""CONFIDENTIALITY_STATUS"": ""F"", ""DERIVATION_TYPE"": ""O"", ""SECURITY_CLASSIFICATION"": ""PUB""}"
JPN,gdp_real_lcu_quarterly_sa,2021-Q1,quarterly,142683575000000.0,142683575000000,observed,IMF_QNEA,QNEA|B1GQ|Q|SA|XDC|Q,SA,"{""ACCESS_SHARING_LEVEL"": ""PUBLIC_OPEN"", ""CONFIDENTIALITY_STATUS"": ""F"", ""DERIVATION_TYPE"": ""O"", ""SECURITY_CLASSIFICATION"": ""PUB""}"
JPN,gdp_real_lcu_quarterly_sa,2021-Q2,quarterly,143531800000000.0,143531800000000,observed,IMF_QNEA,QNEA|B1GQ|Q|SA|XDC|Q,SA,"{""ACCESS_SHARING_LEVEL"": ""PUBLIC_OPEN"", ""CONFIDENTIALITY_STATUS"": ""F"", ""DERIVATION_TYPE"": ""O"", ""SECURITY_CLASSIFICATION"": ""PUB""}"
JPN,gdp_real_lcu_quarterly_sa,2021-Q3,quarterly,143233575000000.0,143233575000000,observed,IMF_QNEA,QNEA|B1GQ|Q|SA|XDC|Q,SA,"{""ACCESS_SHARING_LEVEL"": ""PUBLIC_OPEN"", ""CONFIDENTIALITY_STATUS"": ""F"", ""DERIVATION_TYPE"": ""O"", ""SECURITY_CLASSIFICATION"": ""PUB""}"
JPN,gdp_real_lcu_quarterly_sa,2021-Q4,quarterly,144918300000000.0,144918300000000,observed,IMF_QNEA,QNEA|B1GQ|Q|SA|XDC|Q,SA,"{""ACCESS_SHARING_LEVEL"": ""PUBLIC_OPEN"", ""CONFIDENTIALITY_STATUS"": ""F"", ""DERIVATION_TYPE"": ""O"", ""SECURITY_CLASSIFICATION"": ""PUB""}"
JPN,gdp_real_lcu_quarterly_sa,2022-Q1,quarterly,144334700000000.0,144334700000000,observed,IMF_QNEA,QNEA|B1GQ|Q|SA|XDC|Q,SA,"{""ACCESS_SHARING_LEVEL"": ""PUBLIC_OPEN"", ""CONFIDENTIALITY_STATUS"": ""F"", ""DERIVATION_TYPE"": ""O"", ""SECURITY_CLASSIFICATION"": ""PUB""}"
JPN,gdp_real_lcu_quarterly_sa,2022-Q2,quarterly,145677925000000.0,145677925000000,observed,IMF_QNEA,QNEA|B1GQ|Q|SA|XDC|Q,SA,"{""ACCESS_SHARING_LEVEL"": ""PUBLIC_OPEN"", ""CONFIDENTIALITY_STATUS"": ""F"", ""DERIVATION_TYPE"": ""O"", ""SECURITY_CLASSIFICATION"": ""PUB""}"
JPN,gdp_real_lcu_quarterly_sa,2022-Q3,quarterly,145270900000000.0,145270900000000,observed,IMF_QNEA,QNEA|B1GQ|Q|SA|XDC|Q,SA,"{""ACCESS_SHARING_LEVEL"": ""PUBLIC_OPEN"", ""CONFIDENTIALITY_STATUS"": ""F"", ""DERIVATION_TYPE"": ""O"", ""SECURITY_CLASSIFICATION"": ""PUB""}"
JPN,gdp_real_lcu_quarterly_sa,2022-Q4,quarterly,145989000000000.0,145989000000000,observed,IMF_QNEA,QNEA|B1GQ|Q|SA|XDC|Q,SA,"{""ACCESS_SHARING_LEVEL"": ""PUBLIC_OPEN"", ""CONFIDENTIALITY_STATUS"": ""F"", ""DERIVATION_TYPE"": ""O"", ""SECURITY_CLASSIFICATION"": ""PUB""}"
JPN,gdp_real_lcu_quarterly_sa,2023-Q1,quarterly,147332300000000.0,147332300000000,observed,IMF_QNEA,QNEA|B1GQ|Q|SA|XDC|Q,SA,"{""ACCESS_SHARING_LEVEL"": ""PUBLIC_OPEN"", ""CONFIDENTIALITY_STATUS"": ""F"", ""DERIVATION_TYPE"": ""O"", ""SECURITY_CLASSIFICATION"": ""PUB""}"
JPN,gdp_real_lcu_quarterly_sa,2023-Q2,quarterly,147373625000000.0,147373625000000,observed,IMF_QNEA,QNEA|B1GQ|Q|SA|XDC|Q,SA,"{""ACCESS_SHARING_LEVEL"": ""PUBLIC_OPEN"", ""CONFIDENTIALITY_STATUS"": ""F"", ""DERIVATION_TYPE"": ""O"", ""SECURITY_CLASSIFICATION"": ""PUB""}"
JPN,gdp_real_lcu_quarterly_sa,2023-Q3,quarterly,145529050000000.0,145529050000000,observed,IMF_QNEA,QNEA|B1GQ|Q|SA|XDC|Q,SA,"{""ACCESS_SHARING_LEVEL"": ""PUBLIC_OPEN"", ""CONFIDENTIALITY_STATUS"": ""F"", ""DERIVATION_TYPE"": ""O"", ""SECURITY_CLASSIFICATION"": ""PUB""}"
JPN,gdp_real_lcu_quarterly_sa,2023-Q4,quarterly,146210450000000.0,146210450000000,observed,IMF_QNEA,QNEA|B1GQ|Q|SA|XDC|Q,SA,"{""ACCESS_SHARING_LEVEL"": ""PUBLIC_OPEN"", ""CONFIDENTIALITY_STATUS"": ""F"", ""DERIVATION_TYPE"": ""O"", ""SECURITY_CLASSIFICATION"": ""PUB""}"
JPN,gdp_real_lcu_quarterly_sa,2024-Q1,quarterly,146132650000000.0,146132650000000,observed,IMF_QNEA,QNEA|B1GQ|Q|SA|XDC|Q,SA,"{""ACCESS_SHARING_LEVEL"": ""PUBLIC_OPEN"", ""CONFIDENTIALITY_STATUS"": ""F"", ""DERIVATION_TYPE"": ""O"", ""SECURITY_CLASSIFICATION"": ""PUB""}"
JPN,gdp_real_lcu_quarterly_sa,2024-Q2,quarterly,145934575000000.0,145934575000000,observed,IMF_QNEA,QNEA|B1GQ|Q|SA|XDC|Q,SA,"{""ACCESS_SHARING_LEVEL"": ""PUBLIC_OPEN"", ""CONFIDENTIALITY_STATUS"": ""F"", ""DERIVATION_TYPE"": ""O"", ""SECURITY_CLASSIFICATION"": ""PUB""}"
JPN,gdp_real_lcu_quarterly_sa,2024-Q3,quarterly,147121200000000.0,147121200000000,observed,IMF_QNEA,QNEA|B1GQ|Q|SA|XDC|Q,SA,"{""ACCESS_SHARING_LEVEL"": ""PUBLIC_OPEN"", ""CONFIDENTIALITY_STATUS"": ""F"", ""DERIVATION_TYPE"": ""O"", ""SECURITY_CLASSIFICATION"": ""PUB""}"
JPN,gdp_real_lcu_quarterly_sa,2024-Q4,quarterly,147712925000000.0,147712925000000,observed,IMF_QNEA,QNEA|B1GQ|Q|SA|XDC|Q,SA,"{""ACCESS_SHARING_LEVEL"": ""PUBLIC_OPEN"", ""CONFIDENTIALITY_STATUS"": ""F"", ""DERIVATION_TYPE"": ""O"", ""SECURITY_CLASSIFICATION"": ""PUB""}"
KAZ,gdp_real_lcu_quarterly_sa,2020-Q1,quarterly,3712400000000.0,3712400000000,observed,IMF_QNEA,QNEA|B1GQ|Q|SA|XDC|Q,SA,"{""ACCESS_SHARING_LEVEL"": ""PUBLIC_OPEN"", ""CONFIDENTIALITY_STATUS"": ""F"", ""DERIVATION_TYPE"": ""O"", ""SECURITY_CLASSIFICATION"": ""PUB""}"
KAZ,gdp_real_lcu_quarterly_sa,2020-Q2,quarterly,3475500000000.0,3475500000000,observed,IMF_QNEA,QNEA|B1GQ|Q|SA|XDC|Q,SA,"{""ACCESS_SHARING_LEVEL"": ""PUBLIC_OPEN"", ""CONFIDENTIALITY_STATUS"": ""F"", ""DERIVATION_TYPE"": ""O"", ""SECURITY_CLASSIFICATION"": ""PUB""}"
KAZ,gdp_real_lcu_quarterly_sa,2020-Q3,quarterly,3546900000000.0,3546900000000,observed,IMF_QNEA,QNEA|B1GQ|Q|SA|XDC|Q,SA,"{""ACCESS_SHARING_LEVEL"": ""PUBLIC_OPEN"", ""CONFIDENTIALITY_STATUS"": ""F"", ""DERIVATION_TYPE"": ""O"", ""SECURITY_CLASSIFICATION"": ""PUB""}"
KAZ,gdp_real_lcu_quarterly_sa,2020-Q4,quarterly,3622400000000.0,3622400000000,observed,IMF_QNEA,QNEA|B1GQ|Q|SA|XDC|Q,SA,"{""ACCESS_SHARING_LEVEL"": ""PUBLIC_OPEN"", ""CONFIDENTIALITY_STATUS"": ""F"", ""DERIVATION_TYPE"": ""O"", ""SECURITY_CLASSIFICATION"": ""PUB""}"
KAZ,gdp_real_lcu_quarterly_sa,2021-Q1,quarterly,3650600000000.0,3650600000000,observed,IMF_QNEA,QNEA|B1GQ|Q|SA|XDC|Q,SA,"{""ACCESS_SHARING_LEVEL"": ""PUBLIC_OPEN"", ""CONFIDENTIALITY_STATUS"": ""F"", ""DERIVATION_TYPE"": ""O"", ""SECURITY_CLASSIFICATION"": ""PUB""}"
KAZ,gdp_real_lcu_quarterly_sa,2021-Q2,quarterly,3717400000000.0,3717400000000,observed,IMF_QNEA,QNEA|B1GQ|Q|SA|XDC|Q,SA,"{""ACCESS_SHARING_LEVEL"": ""PUBLIC_OPEN"", ""CONFIDENTIALITY_STATUS"": ""F"", ""DERIVATION_TYPE"": ""O"", ""SECURITY_CLASSIFICATION"": ""PUB""}"
KAZ,gdp_real_lcu_quarterly_sa,2021-Q3,quarterly,3786100000000.0,3786100000000,observed,IMF_QNEA,QNEA|B1GQ|Q|SA|XDC|Q,SA,"{""ACCESS_SHARING_LEVEL"": ""PUBLIC_OPEN"", ""CONFIDENTIALITY_STATUS"": ""F"", ""DERIVATION_TYPE"": ""O"", ""SECURITY_CLASSIFICATION"": ""PUB""}"
KAZ,gdp_real_lcu_quarterly_sa,2021-Q4,quarterly,3791800000000.0,3791800000000,observed,IMF_QNEA,QNEA|B1GQ|Q|SA|XDC|Q,SA,"{""ACCESS_SHARING_LEVEL"": ""PUBLIC_OPEN"", ""CONFIDENTIALITY_STATUS"": ""F"", ""DERIVATION_TYPE"": ""O"", ""SECURITY_CLASSIFICATION"": ""PUB""}"
KAZ,gdp_real_lcu_quarterly_sa,2022-Q1,quarterly,3812900000000.0,3812900000000,observed,IMF_QNEA,QNEA|B1GQ|Q|SA|XDC|Q,SA,"{""ACCESS_SHARING_LEVEL"": ""PUBLIC_OPEN"", ""CONFIDENTIALITY_STATUS"": ""F"", ""DERIVATION_TYPE"": ""O"", ""SECURITY_CLASSIFICATION"": ""PUB""}"
KAZ,gdp_real_lcu_quarterly_sa,2022-Q2,quarterly,3820600000000.0,3820600000000,observed,IMF_QNEA,QNEA|B1GQ|Q|SA|XDC|Q,SA,"{""ACCESS_SHARING_LEVEL"": ""PUBLIC_OPEN"", ""CONFIDENTIALITY_STATUS"": ""F"", ""DERIVATION_TYPE"": ""O"", ""SECURITY_CLASSIFICATION"": ""PUB""}"
KAZ,gdp_real_lcu_quarterly_sa,2022-Q3,quarterly,3855600000000.0,3855600000000,observed,IMF_QNEA,QNEA|B1GQ|Q|SA|XDC|Q,SA,"{""ACCESS_SHARING_LEVEL"": ""PUBLIC_OPEN"", ""CONFIDENTIALITY_STATUS"": ""F"", ""DERIVATION_TYPE"": ""O"", ""SECURITY_CLASSIFICATION"": ""PUB""}"
KAZ,gdp_real_lcu_quarterly_sa,2022-Q4,quarterly,3949900000000.0,3949900000000,observed,IMF_QNEA,QNEA|B1GQ|Q|SA|XDC|Q,SA,"{""ACCESS_SHARING_LEVEL"": ""PUBLIC_OPEN"", ""CONFIDENTIALITY_STATUS"": ""F"", ""DERIVATION_TYPE"": ""O"", ""SECURITY_CLASSIFICATION"": ""PUB""}"
KAZ,gdp_real_lcu_quarterly_sa,2023-Q1,quarterly,3999500000000.0,3999500000000,observed,IMF_QNEA,QNEA|B1GQ|Q|SA|XDC|Q,SA,"{""ACCESS_SHARING_LEVEL"": ""PUBLIC_OPEN"", ""CONFIDENTIALITY_STATUS"": ""F"", ""DERIVATION_TYPE"": ""O"", ""SECURITY_CLASSIFICATION"": ""PUB""}"
KAZ,gdp_real_lcu_quarterly_sa,2023-Q2,quarterly,4043200000000.0,4043200000000,observed,IMF_QNEA,QNEA|B1GQ|Q|SA|XDC|Q,SA,"{""ACCESS_SHARING_LEVEL"": ""PUBLIC_OPEN"", ""CONFIDENTIALITY_STATUS"": ""F"", ""DERIVATION_TYPE"": ""O"", ""SECURITY_CLASSIFICATION"": ""PUB""}"
KAZ,gdp_real_lcu_quarterly_sa,2023-Q3,quarterly,4023700000000.0,4023700000000,observed,IMF_QNEA,QNEA|B1GQ|Q|SA|XDC|Q,SA,"{""ACCESS_SHARING_LEVEL"": ""PUBLIC_OPEN"", ""CONFIDENTIALITY_STATUS"": ""F"", ""DERIVATION_TYPE"": ""O"", ""SECURITY_CLASSIFICATION"": ""PUB""}"
KAZ,gdp_real_lcu_quarterly_sa,2023-Q4,quarterly,4160113626519.86,4160113626519.86,observed,IMF_QNEA,QNEA|B1GQ|Q|SA|XDC|Q,SA,"{""ACCESS_SHARING_LEVEL"": ""PUBLIC_OPEN"", ""CONFIDENTIALITY_STATUS"": ""F"", ""DERIVATION_TYPE"": ""O"", ""SECURITY_CLASSIFICATION"": ""PUB""}"
KAZ,gdp_real_lcu_quarterly_sa,2024-Q1,quarterly,4147633285640.3,4147633285640.3,observed,IMF_QNEA,QNEA|B1GQ|Q|SA|XDC|Q,SA,"{""ACCESS_SHARING_LEVEL"": ""PUBLIC_OPEN"", ""CONFIDENTIALITY_STATUS"": ""F"", ""DERIVATION_TYPE"": ""O"", ""SECURITY_CLASSIFICATION"": ""PUB""}"
KEN,gdp_real_lcu_quarterly_sa,2020-Q1,quarterly,2240423000000.0,2240423000000,observed,IMF_QNEA,QNEA|B1GQ|Q|SA|XDC|Q,SA,"{""ACCESS_SHARING_LEVEL"": ""PUBLIC_OPEN"", ""CONFIDENTIALITY_STATUS"": ""F"", ""DERIVATION_TYPE"": ""O"", ""SECURITY_CLASSIFICATION"": ""PUB""}"
KEN,gdp_real_lcu_quarterly_sa,2020-Q2,quarterly,2102138000000.0,2102138000000,observed,IMF_QNEA,QNEA|B1GQ|Q|SA|XDC|Q,SA,"{""ACCESS_SHARING_LEVEL"": ""PUBLIC_OPEN"", ""CONFIDENTIALITY_STATUS"": ""F"", ""DERIVATION_TYPE"": ""O"", ""SECURITY_CLASSIFICATION"": ""PUB""}"
KEN,gdp_real_lcu_quarterly_sa,2020-Q3,quarterly,2138139000000.0,2138139000000,observed,IMF_QNEA,QNEA|B1GQ|Q|SA|XDC|Q,SA,"{""ACCESS_SHARING_LEVEL"": ""PUBLIC_OPEN"", ""CONFIDENTIALITY_STATUS"": ""F"", ""DERIVATION_TYPE"": ""O"", ""SECURITY_CLASSIFICATION"": ""PUB""}"
KEN,gdp_real_lcu_quarterly_sa,2020-Q4,quarterly,2250184000000.0,2250184000000,observed,IMF_QNEA,QNEA|B1GQ|Q|SA|XDC|Q,SA,"{""ACCESS_SHARING_LEVEL"": ""PUBLIC_OPEN"", ""CONFIDENTIALITY_STATUS"": ""F"", ""DERIVATION_TYPE"": ""O"", ""SECURITY_CLASSIFICATION"": ""PUB""}"
KEN,gdp_real_lcu_quarterly_sa,2021-Q1,quarterly,2289360000000.0,2289360000000,observed,IMF_QNEA,QNEA|B1GQ|Q|SA|XDC|Q,SA,"{""ACCESS_SHARING_LEVEL"": ""PUBLIC_OPEN"", ""CONFIDENTIALITY_STATUS"": ""F"", ""DERIVATION_TYPE"": ""O"", ""SECURITY_CLASSIFICATION"": ""PUB""}"
KEN,gdp_real_lcu_quarterly_sa,2021-Q2,quarterly,2323674000000.0,2323674000000,observed,IMF_QNEA,QNEA|B1GQ|Q|SA|XDC|Q,SA,"{""ACCESS_SHARING_LEVEL"": ""PUBLIC_OPEN"", ""CONFIDENTIALITY_STATUS"": ""F"", ""DERIVATION_TYPE"": ""O"", ""SECURITY_CLASSIFICATION"": ""PUB""}"
KEN,gdp_real_lcu_quarterly_sa,2021-Q3,quarterly,2349952000000.0,2349952000000,observed,IMF_QNEA,QNEA|B1GQ|Q|SA|XDC|Q,SA,"{""ACCESS_SHARING_LEVEL"": ""PUBLIC_OPEN"", ""CONFIDENTIALITY_STATUS"": ""F"", ""DERIVATION_TYPE"": ""O"", ""SECURITY_CLASSIFICATION"": ""PUB""}"
KEN,gdp_real_lcu_quarterly_sa,2021-Q4,quarterly,2430932000000.0,2430932000000,observed,IMF_QNEA,QNEA|B1GQ|Q|SA|XDC|Q,SA,"{""ACCESS_SHARING_LEVEL"": ""PUBLIC_OPEN"", ""CONFIDENTIALITY_STATUS"": ""F"", ""DERIVATION_TYPE"": ""O"", ""SECURITY_CLASSIFICATION"": ""PUB""}"
KEN,gdp_real_lcu_quarterly_sa,2022-Q1,quarterly,2421628000000.0,2421628000000,observed,IMF_QNEA,QNEA|B1GQ|Q|SA|XDC|Q,SA,"{""ACCESS_SHARING_LEVEL"": ""PUBLIC_OPEN"", ""CONFIDENTIALITY_STATUS"": ""F"", ""DERIVATION_TYPE"": ""O"", ""SECURITY_CLASSIFICATION"": ""PUB""}"
KEN,gdp_real_lcu_quarterly_sa,2022-Q2,quarterly,2442850000000.0,2442850000000,observed,IMF_QNEA,QNEA|B1GQ|Q|SA|XDC|Q,SA,"{""ACCESS_SHARING_LEVEL"": ""PUBLIC_OPEN"", ""CONFIDENTIALITY_STATUS"": ""F"", ""DERIVATION_TYPE"": ""O"", ""SECURITY_CLASSIFICATION"": ""PUB""}"
KEN,gdp_real_lcu_quarterly_sa,2022-Q3,quarterly,2469046000000.0,2469046000000,observed,IMF_QNEA,QNEA|B1GQ|Q|SA|XDC|Q,SA,"{""ACCESS_SHARING_LEVEL"": ""PUBLIC_OPEN"", ""CONFIDENTIALITY_STATUS"": ""F"", ""DERIVATION_TYPE"": ""O"", ""SECURITY_CLASSIFICATION"": ""PUB""}"
KEN,gdp_real_lcu_quarterly_sa,2022-Q4,quarterly,2516137000000.0,2516137000000,observed,IMF_QNEA,QNEA|B1GQ|Q|SA|XDC|Q,SA,"{""ACCESS_SHARING_LEVEL"": ""PUBLIC_OPEN"", ""CONFIDENTIALITY_STATUS"": ""F"", ""DERIVATION_TYPE"": ""O"", ""SECURITY_CLASSIFICATION"": ""PUB""}"
KEN,gdp_real_lcu_quarterly_sa,2023-Q1,quarterly,2551681000000.0,2551681000000,observed,IMF_QNEA,QNEA|B1GQ|Q|SA|XDC|Q,SA,"{""ACCESS_SHARING_LEVEL"": ""PUBLIC_OPEN"", ""CONFIDENTIALITY_STATUS"": ""F"", ""DERIVATION_TYPE"": ""O"", ""SECURITY_CLASSIFICATION"": ""PUB""}"
KEN,gdp_real_lcu_quarterly_sa,2023-Q2,quarterly,2582679000000.0,2582679000000,observed,IMF_QNEA,QNEA|B1GQ|Q|SA|XDC|Q,SA,"{""ACCESS_SHARING_LEVEL"": ""PUBLIC_OPEN"", ""CONFIDENTIALITY_STATUS"": ""F"", ""DERIVATION_TYPE"": ""O"", ""SECURITY_CLASSIFICATION"": ""PUB""}"
KEN,gdp_real_lcu_quarterly_sa,2023-Q3,quarterly,2622475000000.0,2622475000000,observed,IMF_QNEA,QNEA|B1GQ|Q|SA|XDC|Q,SA,"{""ACCESS_SHARING_LEVEL"": ""PUBLIC_OPEN"", ""CONFIDENTIALITY_STATUS"": ""F"", ""DERIVATION_TYPE"": ""O"", ""SECURITY_CLASSIFICATION"": ""PUB""}"
KEN,gdp_real_lcu_quarterly_sa,2023-Q4,quarterly,2656979000000.0,2656979000000,observed,IMF_QNEA,QNEA|B1GQ|Q|SA|XDC|Q,SA,"{""ACCESS_SHARING_LEVEL"": ""PUBLIC_OPEN"", ""CONFIDENTIALITY_STATUS"": ""F"", ""DERIVATION_TYPE"": ""O"", ""SECURITY_CLASSIFICATION"": ""PUB""}"
KEN,gdp_real_lcu_quarterly_sa,2024-Q1,quarterly,2677715000000.0,2677715000000,observed,IMF_QNEA,QNEA|B1GQ|Q|SA|XDC|Q,SA,"{""ACCESS_SHARING_LEVEL"": ""PUBLIC_OPEN"", ""CONFIDENTIALITY_STATUS"": ""F"", ""DERIVATION_TYPE"": ""O"", ""SECURITY_CLASSIFICATION"": ""PUB""}"
KEN,gdp_real_lcu_quarterly_sa,2024-Q2,quarterly,2704233000000.0,2704233000000,observed,IMF_QNEA,QNEA|B1GQ|Q|SA|XDC|Q,SA,"{""ACCESS_SHARING_LEVEL"": ""PUBLIC_OPEN"", ""CONFIDENTIALITY_STATUS"": ""F"", ""DERIVATION_TYPE"": ""O"", ""SECURITY_CLASSIFICATION"": ""PUB""}"
KEN,gdp_real_lcu_quarterly_sa,2024-Q3,quarterly,2738777000000.0,2738777000000,observed,IMF_QNEA,QNEA|B1GQ|Q|SA|XDC|Q,SA,"{""ACCESS_SHARING_LEVEL"": ""PUBLIC_OPEN"", ""CONFIDENTIALITY_STATUS"": ""F"", ""DERIVATION_TYPE"": ""O"", ""SECURITY_CLASSIFICATION"": ""PUB""}"
KEN,gdp_real_lcu_quarterly_sa,2024-Q4,quarterly,2785799000000.0,2785799000000,observed,IMF_QNEA,QNEA|B1GQ|Q|SA|XDC|Q,SA,"{""ACCESS_SHARING_LEVEL"": ""PUBLIC_OPEN"", ""CONFIDENTIALITY_STATUS"": ""F"", ""DERIVATION_TYPE"": ""O"", ""SECURITY_CLASSIFICATION"": ""PUB""}"
KOR,gdp_real_lcu_quarterly_sa,2020-Q1,quarterly,517226900000000.0,517226900000000,observed,IMF_QNEA,QNEA|B1GQ|Q|SA|XDC|Q,SA,"{""ACCESS_SHARING_LEVEL"": ""PUBLIC_OPEN"", ""CONFIDENTIALITY_STATUS"": ""F"", ""DERIVATION_TYPE"": ""O"", ""SECURITY_CLASSIFICATION"": ""PUB""}"
KOR,gdp_real_lcu_quarterly_sa,2020-Q2,quarterly,503562300000000.0,503562300000000,observed,IMF_QNEA,QNEA|B1GQ|Q|SA|XDC|Q,SA,"{""ACCESS_SHARING_LEVEL"": ""PUBLIC_OPEN"", ""CONFIDENTIALITY_STATUS"": ""F"", ""DERIVATION_TYPE"": ""O"", ""SECURITY_CLASSIFICATION"": ""PUB""}"
KOR,gdp_real_lcu_quarterly_sa,2020-Q3,quarterly,514942200000000.0,514942200000000,observed,IMF_QNEA,QNEA|B1GQ|Q|SA|XDC|Q,SA,"{""ACCESS_SHARING_LEVEL"": ""PUBLIC_OPEN"", ""CONFIDENTIALITY_STATUS"": ""F"", ""DERIVATION_TYPE"": ""O"", ""SECURITY_CLASSIFICATION"": ""PUB""}"
KOR,gdp_real_lcu_quarterly_sa,2020-Q4,quarterly,522735100000000.0,522735100000000,observed,IMF_QNEA,QNEA|B1GQ|Q|SA|XDC|Q,SA,"{""ACCESS_SHARING_LEVEL"": ""PUBLIC_OPEN"", ""CONFIDENTIALITY_STATUS"": ""F"", ""DERIVATION_TYPE"": ""O"", ""SECURITY_CLASSIFICATION"": ""PUB""}"
KOR,gdp_real_lcu_quarterly_sa,2021-Q1,quarterly,531069700000000.0,531069700000000,observed,IMF_QNEA,QNEA|B1GQ|Q|SA|XDC|Q,SA,"{""ACCESS_SHARING_LEVEL"": ""PUBLIC_OPEN"", ""CONFIDENTIALITY_STATUS"": ""F"", ""DERIVATION_TYPE"": ""O"", ""SECURITY_CLASSIFICATION"": ""PUB""}"
KOR,gdp_real_lcu_quarterly_sa,2021-Q2,quarterly,538270800000000.0,538270800000000,observed,IMF_QNEA,QNEA|B1GQ|Q|SA|XDC|Q,SA,"{""ACCESS_SHARING_LEVEL"": ""PUBLIC_OPEN"", ""CONFIDENTIALITY_STATUS"": ""F"", ""DERIVATION_TYPE"": ""O"", ""SECURITY_CLASSIFICATION"": ""PUB""}"
KOR,gdp_real_lcu_quarterly_sa,2021-Q3,quarterly,538184300000000.0,538184300000000,observed,IMF_QNEA,QNEA|B1GQ|Q|SA|XDC|Q,SA,"{""ACCESS_SHARING_LEVEL"": ""PUBLIC_OPEN"", ""CONFIDENTIALITY_STATUS"": ""F"", ""DERIVATION_TYPE"": ""O"", ""SECURITY_CLASSIFICATION"": ""PUB""}"
KOR,gdp_real_lcu_quarterly_sa,2021-Q4,quarterly,547618100000000.0,547618100000000,observed,IMF_QNEA,QNEA|B1GQ|Q|SA|XDC|Q,SA,"{""ACCESS_SHARING_LEVEL"": ""PUBLIC_OPEN"", ""CONFIDENTIALITY_STATUS"": ""F"", ""DERIVATION_TYPE"": ""O"", ""SECURITY_CLASSIFICATION"": ""PUB""}"
KOR,gdp_real_lcu_quarterly_sa,2022-Q1,quarterly,550176900000000.0,550176900000000,observed,IMF_QNEA,QNEA|B1GQ|Q|SA|XDC|Q,SA,"{""ACCESS_SHARING_LEVEL"": ""PUBLIC_OPEN"", ""CONFIDENTIALITY_STATUS"": ""F"", ""DERIVATION_TYPE"": ""O"", ""SECURITY_CLASSIFICATION"": ""PUB""}"
KOR,gdp_real_lcu_quarterly_sa,2022-Q2,quarterly,555670400000000.0,555670400000000,observed,IMF_QNEA,QNEA|B1GQ|Q|SA|XDC|Q,SA,"{""ACCESS_SHARING_LEVEL"": ""PUBLIC_OPEN"", ""CONFIDENTIALITY_STATUS"": ""F"", ""DERIVATION_TYPE"": ""O"", ""SECURITY_CLASSIFICATION"": ""PUB""}"
KOR,gdp_real_lcu_quarterly_sa,2022-Q3,quarterly,557103500000000.0,557103500000000,observed,IMF_QNEA,QNEA|B1GQ|Q|SA|XDC|Q,SA,"{""ACCESS_SHARING_LEVEL"": ""PUBLIC_OPEN"", ""CONFIDENTIALITY_STATUS"": ""F"", ""DERIVATION_TYPE"": ""O"", ""SECURITY_CLASSIFICATION"": ""PUB""}"
KOR,gdp_real_lcu_quarterly_sa,2022-Q4,quarterly,554877300000000.0,554877300000000,observed,IMF_QNEA,QNEA|B1GQ|Q|SA|XDC|Q,SA,"{""ACCESS_SHARING_LEVEL"": ""PUBLIC_OPEN"", ""CONFIDENTIALITY_STATUS"": ""F"", ""DERIVATION_TYPE"": ""O"", ""SECURITY_CLASSIFICATION"": ""PUB""}"
KOR,gdp_real_lcu_quarterly_sa,2023-Q1,quarterly,556108300000000.0,556108300000000,observed,IMF_QNEA,QNEA|B1GQ|Q|SA|XDC|Q,SA,"{""ACCESS_SHARING_LEVEL"": ""PUBLIC_OPEN"", ""CONFIDENTIALITY_STATUS"": ""F"", ""DERIVATION_TYPE"": ""O"", ""SECURITY_CLASSIFICATION"": ""PUB""}"
KOR,gdp_real_lcu_quarterly_sa,2023-Q2,quarterly,559921400000000.0,559921400000000,observed,IMF_QNEA,QNEA|B1GQ|Q|SA|XDC|Q,SA,"{""ACCESS_SHARING_LEVEL"": ""PUBLIC_OPEN"", ""CONFIDENTIALITY_STATUS"": ""F"", ""DERIVATION_TYPE"": ""O"", ""SECURITY_CLASSIFICATION"": ""PUB""}"
KOR,gdp_real_lcu_quarterly_sa,2023-Q3,quarterly,565273300000000.0,565273300000000,observed,IMF_QNEA,QNEA|B1GQ|Q|SA|XDC|Q,SA,"{""ACCESS_SHARING_LEVEL"": ""PUBLIC_OPEN"", ""CONFIDENTIALITY_STATUS"": ""F"", ""DERIVATION_TYPE"": ""O"", ""SECURITY_CLASSIFICATION"": ""PUB""}"
KOR,gdp_real_lcu_quarterly_sa,2023-Q4,quarterly,569404400000000.0,569404400000000,observed,IMF_QNEA,QNEA|B1GQ|Q|SA|XDC|Q,SA,"{""ACCESS_SHARING_LEVEL"": ""PUBLIC_OPEN"", ""CONFIDENTIALITY_STATUS"": ""F"", ""DERIVATION_TYPE"": ""O"", ""SECURITY_CLASSIFICATION"": ""PUB""}"
KOR,gdp_real_lcu_quarterly_sa,2024-Q1,quarterly,575171300000000.0,575171300000000,observed,IMF_QNEA,QNEA|B1GQ|Q|SA|XDC|Q,SA,"{""ACCESS_SHARING_LEVEL"": ""PUBLIC_OPEN"", ""CONFIDENTIALITY_STATUS"": ""F"", ""DERIVATION_TYPE"": ""O"", ""SECURITY_CLASSIFICATION"": ""PUB""}"
KOR,gdp_real_lcu_quarterly_sa,2024-Q2,quarterly,574301700000000.0,574301700000000,observed,IMF_QNEA,QNEA|B1GQ|Q|SA|XDC|Q,SA,"{""ACCESS_SHARING_LEVEL"": ""PUBLIC_OPEN"", ""CONFIDENTIALITY_STATUS"": ""F"", ""DERIVATION_TYPE"": ""O"", ""SECURITY_CLASSIFICATION"": ""PUB""}"
KOR,gdp_real_lcu_quarterly_sa,2024-Q3,quarterly,574618700000000.0,574618700000000,observed,IMF_QNEA,QNEA|B1GQ|Q|SA|XDC|Q,SA,"{""ACCESS_SHARING_LEVEL"": ""PUBLIC_OPEN"", ""CONFIDENTIALITY_STATUS"": ""F"", ""DERIVATION_TYPE"": ""O"", ""SECURITY_CLASSIFICATION"": ""PUB""}"
KOR,gdp_real_lcu_quarterly_sa,2024-Q4,quarterly,575977000000000.0,575977000000000,observed,IMF_QNEA,QNEA|B1GQ|Q|SA|XDC|Q,SA,"{""ACCESS_SHARING_LEVEL"": ""PUBLIC_OPEN"", ""CONFIDENTIALITY_STATUS"": ""F"", ""DERIVATION_TYPE"": ""O"", ""SECURITY_CLASSIFICATION"": ""PUB""}"
LSO,gdp_real_lcu_quarterly_sa,2020-Q1,quarterly,5378235839.84375,5378235839.84375,observed,IMF_QNEA,QNEA|B1GQ|Q|SA|XDC|Q,SA,"{""ACCESS_SHARING_LEVEL"": ""PUBLIC_OPEN"", ""CONFIDENTIALITY_STATUS"": ""F"", ""DERIVATION_TYPE"": ""O"", ""SECURITY_CLASSIFICATION"": ""PUB""}"
LSO,gdp_real_lcu_quarterly_sa,2020-Q2,quarterly,4417920410.15625,4417920410.15625,observed,IMF_QNEA,QNEA|B1GQ|Q|SA|XDC|Q,SA,"{""ACCESS_SHARING_LEVEL"": ""PUBLIC_OPEN"", ""CONFIDENTIALITY_STATUS"": ""F"", ""DERIVATION_TYPE"": ""O"", ""SECURITY_CLASSIFICATION"": ""PUB""}"
LSO,gdp_real_lcu_quarterly_sa,2020-Q3,quarterly,4920117675.78125,4920117675.78125,observed,IMF_QNEA,QNEA|B1GQ|Q|SA|XDC|Q,SA,"{""ACCESS_SHARING_LEVEL"": ""PUBLIC_OPEN"", ""CONFIDENTIALITY_STATUS"": ""F"", ""DERIVATION_TYPE"": ""O"", ""SECURITY_CLASSIFICATION"": ""PUB""}"
LSO,gdp_real_lcu_quarterly_sa,2020-Q4,quarterly,4867479492.1875,4867479492.1875,observed,IMF_QNEA,QNEA|B1GQ|Q|SA|XDC|Q,SA,"{""ACCESS_SHARING_LEVEL"": ""PUBLIC_OPEN"", ""CONFIDENTIALITY_STATUS"": ""F"", ""DERIVATION_TYPE"": ""O"", ""SECURITY_CLASSIFICATION"": ""PUB""}"
LSO,gdp_real_lcu_quarterly_sa,2021-Q1,quarterly,4889538085.9375,4889538085.9375,observed,IMF_QNEA,QNEA|B1GQ|Q|SA|XDC|Q,SA,"{""ACCESS_SHARING_LEVEL"": ""PUBLIC_OPEN"", ""CONFIDENTIALITY_STATUS"": ""F"", ""DERIVATION_TYPE"": ""O"", ""SECURITY_CLASSIFICATION"": ""PUB""}"
LSO,gdp_real_lcu_quarterly_sa,2021-Q2,quarterly,5112802734.375,5112802734.375,observed,IMF_QNEA,QNEA|B1GQ|Q|SA|XDC|Q,SA,"{""ACCESS_SHARING_LEVEL"": ""PUBLIC_OPEN"", ""CONFIDENTIALITY_STATUS"": ""F"", ""DERIVATION_TYPE"": ""O"", ""SECURITY_CLASSIFICATION"": ""PUB""}"
LSO,gdp_real_lcu_quarterly_sa,2021-Q3,quarterly,4934808105.46875,4934808105.46875,observed,IMF_QNEA,QNEA|B1GQ|Q|SA|XDC|Q,SA,"{""ACCESS_SHARING_LEVEL"": ""PUBLIC_OPEN"", ""CONFIDENTIALITY_STATUS"": ""F"", ""DERIVATION_TYPE"": ""O"", ""SECURITY_CLASSIFICATION"": ""PUB""}"
LSO,gdp_real_lcu_quarterly_sa,2021-Q4,quarterly,5045044921.875,5045044921.875,observed,IMF_QNEA,QNEA|B1GQ|Q|SA|XDC|Q,SA,"{""ACCESS_SHARING_LEVEL"": ""PUBLIC_OPEN"", ""CONFIDENTIALITY_STATUS"": ""F"", ""DERIVATION_TYPE"": ""O"", ""SECURITY_CLASSIFICATION"": ""PUB""}"
LSO,gdp_real_lcu_quarterly_sa,2022-Q1,quarterly,5124399414.0625,5124399414.0625,observed,IMF_QNEA,QNEA|B1GQ|Q|SA|XDC|Q,SA,"{""ACCESS_SHARING_LEVEL"": ""PUBLIC_OPEN"", ""CONFIDENTIALITY_STATUS"": ""F"", ""DERIVATION_TYPE"": ""O"", ""SECURITY_CLASSIFICATION"": ""PUB""}"
LSO,gdp_real_lcu_quarterly_sa,2022-Q2,quarterly,5031468750.0,5031468750,observed,IMF_QNEA,QNEA|B1GQ|Q|SA|XDC|Q,SA,"{""ACCESS_SHARING_LEVEL"": ""PUBLIC_OPEN"", ""CONFIDENTIALITY_STATUS"": ""F"", ""DERIVATION_TYPE"": ""O"", ""SECURITY_CLASSIFICATION"": ""PUB""}"
LSO,gdp_real_lcu_quarterly_sa,2022-Q3,quarterly,5098813964.84375,5098813964.84375,observed,IMF_QNEA,QNEA|B1GQ|Q|SA|XDC|Q,SA,"{""ACCESS_SHARING_LEVEL"": ""PUBLIC_OPEN"", ""CONFIDENTIALITY_STATUS"": ""F"", ""DERIVATION_TYPE"": ""O"", ""SECURITY_CLASSIFICATION"": ""PUB""}"
LSO,gdp_real_lcu_quarterly_sa,2022-Q4,quarterly,4938349121.09375,4938349121.09375,observed,IMF_QNEA,QNEA|B1GQ|Q|SA|XDC|Q,SA,"{""ACCESS_SHARING_LEVEL"": ""PUBLIC_OPEN"", ""CONFIDENTIALITY_STATUS"": ""F"", ""DERIVATION_TYPE"": ""O"", ""SECURITY_CLASSIFICATION"": ""PUB""}"
LSO,gdp_real_lcu_quarterly_sa,2023-Q1,quarterly,5047417480.46875,5047417480.46875,observed,IMF_QNEA,QNEA|B1GQ|Q|SA|XDC|Q,SA,"{""ACCESS_SHARING_LEVEL"": ""PUBLIC_OPEN"", ""CONFIDENTIALITY_STATUS"": ""F"", ""DERIVATION_TYPE"": ""O"", ""SECURITY_CLASSIFICATION"": ""PUB""}"
LSO,gdp_real_lcu_quarterly_sa,2023-Q2,quarterly,5092659179.6875,5092659179.6875,observed,IMF_QNEA,QNEA|B1GQ|Q|SA|XDC|Q,SA,"{""ACCESS_SHARING_LEVEL"": ""PUBLIC_OPEN"", ""CONFIDENTIALITY_STATUS"": ""F"", ""DERIVATION_TYPE"": ""O"", ""SECURITY_CLASSIFICATION"": ""PUB""}"
LSO,gdp_real_lcu_quarterly_sa,2023-Q3,quarterly,5127556152.34375,5127556152.34375,observed,IMF_QNEA,QNEA|B1GQ|Q|SA|XDC|Q,SA,"{""ACCESS_SHARING_LEVEL"": ""PUBLIC_OPEN"", ""CONFIDENTIALITY_STATUS"": ""F"", ""DERIVATION_TYPE"": ""O"", ""SECURITY_CLASSIFICATION"": ""PUB""}"
LSO,gdp_real_lcu_quarterly_sa,2023-Q4,quarterly,5129263183.59375,5129263183.59375,observed,IMF_QNEA,QNEA|B1GQ|Q|SA|XDC|Q,SA,"{""ACCESS_SHARING_LEVEL"": ""PUBLIC_OPEN"", ""CONFIDENTIALITY_STATUS"": ""F"", ""DERIVATION_TYPE"": ""O"", ""SECURITY_CLASSIFICATION"": ""PUB""}"
LSO,gdp_real_lcu_quarterly_sa,2024-Q1,quarterly,5149797851.5625,5149797851.5625,observed,IMF_QNEA,QNEA|B1GQ|Q|SA|XDC|Q,SA,"{""ACCESS_SHARING_LEVEL"": ""PUBLIC_OPEN"", ""CONFIDENTIALITY_STATUS"": ""F"", ""DERIVATION_TYPE"": ""O"", ""SECURITY_CLASSIFICATION"": ""PUB""}"
LSO,gdp_real_lcu_quarterly_sa,2024-Q2,quarterly,5383813476.5625,5383813476.5625,observed,IMF_QNEA,QNEA|B1GQ|Q|SA|XDC|Q,SA,"{""ACCESS_SHARING_LEVEL"": ""PUBLIC_OPEN"", ""CONFIDENTIALITY_STATUS"": ""F"", ""DERIVATION_TYPE"": ""O"", ""SECURITY_CLASSIFICATION"": ""PUB""}"
LSO,gdp_real_lcu_quarterly_sa,2024-Q3,quarterly,5483619140.625,5483619140.625,observed,IMF_QNEA,QNEA|B1GQ|Q|SA|XDC|Q,SA,"{""ACCESS_SHARING_LEVEL"": ""PUBLIC_OPEN"", ""CONFIDENTIALITY_STATUS"": ""F"", ""DERIVATION_TYPE"": ""O"", ""SECURITY_CLASSIFICATION"": ""PUB""}"
LSO,gdp_real_lcu_quarterly_sa,2024-Q4,quarterly,5551027343.75,5551027343.75,observed,IMF_QNEA,QNEA|B1GQ|Q|SA|XDC|Q,SA,"{""ACCESS_SHARING_LEVEL"": ""PUBLIC_OPEN"", ""CONFIDENTIALITY_STATUS"": ""F"", ""DERIVATION_TYPE"": ""O"", ""SECURITY_CLASSIFICATION"": ""PUB""}"
LTU,gdp_real_lcu_quarterly_sa,2020-Q1,quarterly,10164073011.96,10164073011.96,observed,IMF_QNEA,QNEA|B1GQ|Q|SA|XDC|Q,SA,"{""ACCESS_SHARING_LEVEL"": ""PUBLIC_OPEN"", ""CONFIDENTIALITY_STATUS"": ""F"", ""DERIVATION_TYPE"": ""O"", ""SECURITY_CLASSIFICATION"": ""PUB""}"
LTU,gdp_real_lcu_quarterly_sa,2020-Q2,quarterly,9628480408.805,9628480408.805,observed,IMF_QNEA,QNEA|B1GQ|Q|SA|XDC|Q,SA,"{""ACCESS_SHARING_LEVEL"": ""PUBLIC_OPEN"", ""CONFIDENTIALITY_STATUS"": ""F"", ""DERIVATION_TYPE"": ""O"", ""SECURITY_CLASSIFICATION"": ""PUB""}"
LTU,gdp_real_lcu_quarterly_sa,2020-Q3,quarterly,10200261751.675,10200261751.675,observed,IMF_QNEA,QNEA|B1GQ|Q|SA|XDC|Q,SA,"{""ACCESS_SHARING_LEVEL"": ""PUBLIC_OPEN"", ""CONFIDENTIALITY_STATUS"": ""F"", ""DERIVATION_TYPE"": ""O"", ""SECURITY_CLASSIFICATION"": ""PUB""}"
LTU,gdp_real_lcu_quarterly_sa,2020-Q4,quarterly,10239170079.376,10239170079.376,observed,IMF_QNEA,QNEA|B1GQ|Q|SA|XDC|Q,SA,"{""ACCESS_SHARING_LEVEL"": ""PUBLIC_OPEN"", ""CONFIDENTIALITY_STATUS"": ""F"", ""DERIVATION_TYPE"": ""O"", ""SECURITY_CLASSIFICATION"": ""PUB""}"
LTU,gdp_real_lcu_quarterly_sa,2021-Q1,quarterly,10468947770.327,10468947770.327,observed,IMF_QNEA,QNEA|B1GQ|Q|SA|XDC|Q,SA,"{""ACCESS_SHARING_LEVEL"": ""PUBLIC_OPEN"", ""CONFIDENTIALITY_STATUS"": ""F"", ""DERIVATION_TYPE"": ""O"", ""SECURITY_CLASSIFICATION"": ""PUB""}"
LTU,gdp_real_lcu_quarterly_sa,2021-Q2,quarterly,10598424919.899,10598424919.899,observed,IMF_QNEA,QNEA|B1GQ|Q|SA|XDC|Q,SA,"{""ACCESS_SHARING_LEVEL"": ""PUBLIC_OPEN"", ""CONFIDENTIALITY_STATUS"": ""F"", ""DERIVATION_TYPE"": ""O"", ""SECURITY_CLASSIFICATION"": ""PUB""}"
LTU,gdp_real_lcu_quarterly_sa,2021-Q3,quarterly,10795379527.887,10795379527.887,observed,IMF_QNEA,QNEA|B1GQ|Q|SA|XDC|Q,SA,"{""ACCESS_SHARING_LEVEL"": ""PUBLIC_OPEN"", ""CONFIDENTIALITY_STATUS"": ""F"", ""DERIVATION_TYPE"": ""O"", ""SECURITY_CLASSIFICATION"": ""PUB""}"
LTU,gdp_real_lcu_quarterly_sa,2021-Q4,quarterly,10934340901.305,10934340901.305,observed,IMF_QNEA,QNEA|B1GQ|Q|SA|XDC|Q,SA,"{""ACCESS_SHARING_LEVEL"": ""PUBLIC_OPEN"", ""CONFIDENTIALITY_STATUS"": ""F"", ""DERIVATION_TYPE"": ""O"", ""SECURITY_CLASSIFICATION"": ""PUB""}"
LTU,gdp_real_lcu_quarterly_sa,2022-Q1,quarterly,11029167927.705,11029167927.705,observed,IMF_QNEA,QNEA|B1GQ|Q|SA|XDC|Q,SA,"{""ACCESS_SHARING_LEVEL"": ""PUBLIC_OPEN"", ""CONFIDENTIALITY_STATUS"": ""F"", ""DERIVATION_TYPE"": ""O"", ""SECURITY_CLASSIFICATION"": ""PUB""}"
LTU,gdp_real_lcu_quarterly_sa,2022-Q2,quarterly,10875216425.984,10875216425.984,observed,IMF_QNEA,QNEA|B1GQ|Q|SA|XDC|Q,SA,"{""ACCESS_SHARING_LEVEL"": ""PUBLIC_OPEN"", ""CONFIDENTIALITY_STATUS"": ""F"", ""DERIVATION_TYPE"": ""O"", ""SECURITY_CLASSIFICATION"": ""PUB""}"
LTU,gdp_real_lcu_quarterly_sa,2022-Q3,quarterly,10994528429.949,10994528429.949,observed,IMF_QNEA,QNEA|B1GQ|Q|SA|XDC|Q,SA,"{""ACCESS_SHARING_LEVEL"": ""PUBLIC_OPEN"", ""CONFIDENTIALITY_STATUS"": ""F"", ""DERIVATION_TYPE"": ""O"", ""SECURITY_CLASSIFICATION"": ""PUB""}"
LTU,gdp_real_lcu_quarterly_sa,2022-Q4,quarterly,10944136473.689,10944136473.689,observed,IMF_QNEA,QNEA|B1GQ|Q|SA|XDC|Q,SA,"{""ACCESS_SHARING_LEVEL"": ""PUBLIC_OPEN"", ""CONFIDENTIALITY_STATUS"": ""F"", ""DERIVATION_TYPE"": ""O"", ""SECURITY_CLASSIFICATION"": ""PUB""}"
LTU,gdp_real_lcu_quarterly_sa,2023-Q1,quarterly,10910844975.02,10910844975.02,observed,IMF_QNEA,QNEA|B1GQ|Q|SA|XDC|Q,SA,"{""ACCESS_SHARING_LEVEL"": ""PUBLIC_OPEN"", ""CONFIDENTIALITY_STATUS"": ""F"", ""DERIVATION_TYPE"": ""O"", ""SECURITY_CLASSIFICATION"": ""PUB""}"
LTU,gdp_real_lcu_quarterly_sa,2023-Q2,quarterly,11084442804.538,11084442804.538,observed,IMF_QNEA,QNEA|B1GQ|Q|SA|XDC|Q,SA,"{""ACCESS_SHARING_LEVEL"": ""PUBLIC_OPEN"", ""CONFIDENTIALITY_STATUS"": ""F"", ""DERIVATION_TYPE"": ""O"", ""SECURITY_CLASSIFICATION"": ""PUB""}"
LTU,gdp_real_lcu_quarterly_sa,2023-Q3,quarterly,11118670434.964,11118670434.964,observed,IMF_QNEA,QNEA|B1GQ|Q|SA|XDC|Q,SA,"{""ACCESS_SHARING_LEVEL"": ""PUBLIC_OPEN"", ""CONFIDENTIALITY_STATUS"": ""F"", ""DERIVATION_TYPE"": ""O"", ""SECURITY_CLASSIFICATION"": ""PUB""}"
LTU,gdp_real_lcu_quarterly_sa,2023-Q4,quarterly,11091130174.8,11091130174.8,observed,IMF_QNEA,QNEA|B1GQ|Q|SA|XDC|Q,SA,"{""ACCESS_SHARING_LEVEL"": ""PUBLIC_OPEN"", ""CONFIDENTIALITY_STATUS"": ""F"", ""DERIVATION_TYPE"": ""O"", ""SECURITY_CLASSIFICATION"": ""PUB""}"
LTU,gdp_real_lcu_quarterly_sa,2024-Q1,quarterly,11246082412.89,11246082412.89,observed,IMF_QNEA,QNEA|B1GQ|Q|SA|XDC|Q,SA,"{""ACCESS_SHARING_LEVEL"": ""PUBLIC_OPEN"", ""CONFIDENTIALITY_STATUS"": ""F"", ""DERIVATION_TYPE"": ""O"", ""SECURITY_CLASSIFICATION"": ""PUB""}"
LTU,gdp_real_lcu_quarterly_sa,2024-Q2,quarterly,11298399510.674,11298399510.674,observed,IMF_QNEA,QNEA|B1GQ|Q|SA|XDC|Q,SA,"{""ACCESS_SHARING_LEVEL"": ""PUBLIC_OPEN"", ""CONFIDENTIALITY_STATUS"": ""F"", ""DERIVATION_TYPE"": ""O"", ""SECURITY_CLASSIFICATION"": ""PUB""}"
LTU,gdp_real_lcu_quarterly_sa,2024-Q3,quarterly,11447715654.657,11447715654.657,observed,IMF_QNEA,QNEA|B1GQ|Q|SA|XDC|Q,SA,"{""ACCESS_SHARING_LEVEL"": ""PUBLIC_OPEN"", ""CONFIDENTIALITY_STATUS"": ""F"", ""DERIVATION_TYPE"": ""O"", ""SECURITY_CLASSIFICATION"": ""PUB""}"
LTU,gdp_real_lcu_quarterly_sa,2024-Q4,quarterly,11531511745.185,11531511745.185,observed,IMF_QNEA,QNEA|B1GQ|Q|SA|XDC|Q,SA,"{""ACCESS_SHARING_LEVEL"": ""PUBLIC_OPEN"", ""CONFIDENTIALITY_STATUS"": ""F"", ""DERIVATION_TYPE"": ""O"", ""SECURITY_CLASSIFICATION"": ""PUB""}"
LUX,gdp_real_lcu_quarterly_sa,2020-Q1,quarterly,13129035172.635,13129035172.635,observed,IMF_QNEA,QNEA|B1GQ|Q|SA|XDC|Q,SA,"{""ACCESS_SHARING_LEVEL"": ""PUBLIC_OPEN"", ""CONFIDENTIALITY_STATUS"": ""F"", ""DERIVATION_TYPE"": ""O"", ""SECURITY_CLASSIFICATION"": ""PUB""}"
LUX,gdp_real_lcu_quarterly_sa,2020-Q2,quarterly,12236196571.722,12236196571.722,observed,IMF_QNEA,QNEA|B1GQ|Q|SA|XDC|Q,SA,"{""ACCESS_SHARING_LEVEL"": ""PUBLIC_OPEN"", ""CONFIDENTIALITY_STATUS"": ""F"", ""DERIVATION_TYPE"": ""O"", ""SECURITY_CLASSIFICATION"": ""PUB""}"
LUX,gdp_real_lcu_quarterly_sa,2020-Q3,quarterly,13273764916.042,13273764916.042,observed,IMF_QNEA,QNEA|B1GQ|Q|SA|XDC|Q,SA,"{""ACCESS_SHARING_LEVEL"": ""PUBLIC_OPEN"", ""CONFIDENTIALITY_STATUS"": ""F"", ""DERIVATION_TYPE"": ""O"", ""SECURITY_CLASSIFICATION"": ""PUB""}"
LUX,gdp_real_lcu_quarterly_sa,2020-Q4,quarterly,13386990012.44,13386990012.44,observed,IMF_QNEA,QNEA|B1GQ|Q|SA|XDC|Q,SA,"{""ACCESS_SHARING_LEVEL"": ""PUBLIC_OPEN"", ""CONFIDENTIALITY_STATUS"": ""F"", ""DERIVATION_TYPE"": ""O"", ""SECURITY_CLASSIFICATION"": ""PUB""}"
LUX,gdp_real_lcu_quarterly_sa,2021-Q1,quarterly,13792707333.103,13792707333.103,observed,IMF_QNEA,QNEA|B1GQ|Q|SA|XDC|Q,SA,"{""ACCESS_SHARING_LEVEL"": ""PUBLIC_OPEN"", ""CONFIDENTIALITY_STATUS"": ""F"", ""DERIVATION_TYPE"": ""O"", ""SECURITY_CLASSIFICATION"": ""PUB""}"
LUX,gdp_real_lcu_quarterly_sa,2021-Q2,quarterly,13774115296.149,13774115296.149,observed,IMF_QNEA,QNEA|B1GQ|Q|SA|XDC|Q,SA,"{""ACCESS_SHARING_LEVEL"": ""PUBLIC_OPEN"", ""CONFIDENTIALITY_STATUS"": ""F"", ""DERIVATION_TYPE"": ""O"", ""SECURITY_CLASSIFICATION"": ""PUB""}"
LUX,gdp_real_lcu_quarterly_sa,2021-Q3,quarterly,13885004106.558,13885004106.558,observed,IMF_QNEA,QNEA|B1GQ|Q|SA|XDC|Q,SA,"{""ACCESS_SHARING_LEVEL"": ""PUBLIC_OPEN"", ""CONFIDENTIALITY_STATUS"": ""F"", ""DERIVATION_TYPE"": ""O"", ""SECURITY_CLASSIFICATION"": ""PUB""}"
LUX,gdp_real_lcu_quarterly_sa,2021-Q4,quarterly,14177741523.473,14177741523.473,observed,IMF_QNEA,QNEA|B1GQ|Q|SA|XDC|Q,SA,"{""ACCESS_SHARING_LEVEL"": ""PUBLIC_OPEN"", ""CONFIDENTIALITY_STATUS"": ""F"", ""DERIVATION_TYPE"": ""O"", ""SECURITY_CLASSIFICATION"": ""PUB""}"
LUX,gdp_real_lcu_quarterly_sa,2022-Q1,quarterly,13839934741.383,13839934741.383,observed,IMF_QNEA,QNEA|B1GQ|Q|SA|XDC|Q,SA,"{""ACCESS_SHARING_LEVEL"": ""PUBLIC_OPEN"", ""CONFIDENTIALITY_STATUS"": ""F"", ""DERIVATION_TYPE"": ""O"", ""SECURITY_CLASSIFICATION"": ""PUB""}"
LUX,gdp_real_lcu_quarterly_sa,2022-Q2,quarterly,13740936035.513,13740936035.513,observed,IMF_QNEA,QNEA|B1GQ|Q|SA|XDC|Q,SA,"{""ACCESS_SHARING_LEVEL"": ""PUBLIC_OPEN"", ""CONFIDENTIALITY_STATUS"": ""F"", ""DERIVATION_TYPE"": ""O"", ""SECURITY_CLASSIFICATION"": ""PUB""}"
LUX,gdp_real_lcu_quarterly_sa,2022-Q3,quarterly,13786244506.995,13786244506.995,observed,IMF_QNEA,QNEA|B1GQ|Q|SA|XDC|Q,SA,"{""ACCESS_SHARING_LEVEL"": ""PUBLIC_OPEN"", ""CONFIDENTIALITY_STATUS"": ""F"", ""DERIVATION_TYPE"": ""O"", ""SECURITY_CLASSIFICATION"": ""PUB""}"
LUX,gdp_real_lcu_quarterly_sa,2022-Q4,quarterly,13656961031.019,13656961031.019,observed,IMF_QNEA,QNEA|B1GQ|Q|SA|XDC|Q,SA,"{""ACCESS_SHARING_LEVEL"": ""PUBLIC_OPEN"", ""CONFIDENTIALITY_STATUS"": ""F"", ""DERIVATION_TYPE"": ""O"", ""SECURITY_CLASSIFICATION"": ""PUB""}"
LUX,gdp_real_lcu_quarterly_sa,2023-Q1,quarterly,13746455478.556,13746455478.556,observed,IMF_QNEA,QNEA|B1GQ|Q|SA|XDC|Q,SA,"{""ACCESS_SHARING_LEVEL"": ""PUBLIC_OPEN"", ""CONFIDENTIALITY_STATUS"": ""F"", ""DERIVATION_TYPE"": ""O"", ""SECURITY_CLASSIFICATION"": ""PUB""}"
LUX,gdp_real_lcu_quarterly_sa,2023-Q2,quarterly,13797612055.568,13797612055.568,observed,IMF_QNEA,QNEA|B1GQ|Q|SA|XDC|Q,SA,"{""ACCESS_SHARING_LEVEL"": ""PUBLIC_OPEN"", ""CONFIDENTIALITY_STATUS"": ""F"", ""DERIVATION_TYPE"": ""O"", ""SECURITY_CLASSIFICATION"": ""PUB""}"
LUX,gdp_real_lcu_quarterly_sa,2023-Q3,quarterly,13873319198.705,13873319198.705,observed,IMF_QNEA,QNEA|B1GQ|Q|SA|XDC|Q,SA,"{""ACCESS_SHARING_LEVEL"": ""PUBLIC_OPEN"", ""CONFIDENTIALITY_STATUS"": ""F"", ""DERIVATION_TYPE"": ""O"", ""SECURITY_CLASSIFICATION"": ""PUB""}"
LUX,gdp_real_lcu_quarterly_sa,2023-Q4,quarterly,13655518567.88,13655518567.88,observed,IMF_QNEA,QNEA|B1GQ|Q|SA|XDC|Q,SA,"{""ACCESS_SHARING_LEVEL"": ""PUBLIC_OPEN"", ""CONFIDENTIALITY_STATUS"": ""F"", ""DERIVATION_TYPE"": ""O"", ""SECURITY_CLASSIFICATION"": ""PUB""}"
LUX,gdp_real_lcu_quarterly_sa,2024-Q1,quarterly,14077140370.607,14077140370.607,observed,IMF_QNEA,QNEA|B1GQ|Q|SA|XDC|Q,SA,"{""ACCESS_SHARING_LEVEL"": ""PUBLIC_OPEN"", ""CONFIDENTIALITY_STATUS"": ""F"", ""DERIVATION_TYPE"": ""O"", ""SECURITY_CLASSIFICATION"": ""PUB""}"
LUX,gdp_real_lcu_quarterly_sa,2024-Q2,quarterly,13910052013.801,13910052013.801,observed,IMF_QNEA,QNEA|B1GQ|Q|SA|XDC|Q,SA,"{""ACCESS_SHARING_LEVEL"": ""PUBLIC_OPEN"", ""CONFIDENTIALITY_STATUS"": ""F"", ""DERIVATION_TYPE"": ""O"", ""SECURITY_CLASSIFICATION"": ""PUB""}"
LUX,gdp_real_lcu_quarterly_sa,2024-Q3,quarterly,13565886742.901,13565886742.901,observed,IMF_QNEA,QNEA|B1GQ|Q|SA|XDC|Q,SA,"{""ACCESS_SHARING_LEVEL"": ""PUBLIC_OPEN"", ""CONFIDENTIALITY_STATUS"": ""F"", ""DERIVATION_TYPE"": ""O"", ""SECURITY_CLASSIFICATION"": ""PUB""}"
LUX,gdp_real_lcu_quarterly_sa,2024-Q4,quarterly,13710446938.2,13710446938.2,observed,IMF_QNEA,QNEA|B1GQ|Q|SA|XDC|Q,SA,"{""ACCESS_SHARING_LEVEL"": ""PUBLIC_OPEN"", ""CONFIDENTIALITY_STATUS"": ""F"", ""DERIVATION_TYPE"": ""O"", ""SECURITY_CLASSIFICATION"": ""PUB""}"
LVA,gdp_real_lcu_quarterly_sa,2020-Q1,quarterly,5837739155.3105,5837739155.3105,observed,IMF_QNEA,QNEA|B1GQ|Q|SA|XDC|Q,SA,"{""ACCESS_SHARING_LEVEL"": ""PUBLIC_OPEN"", ""CONFIDENTIALITY_STATUS"": ""F"", ""DERIVATION_TYPE"": ""O"", ""SECURITY_CLASSIFICATION"": ""PUB""}"
LVA,gdp_real_lcu_quarterly_sa,2020-Q2,quarterly,5266915608.414,5266915608.414,observed,IMF_QNEA,QNEA|B1GQ|Q|SA|XDC|Q,SA,"{""ACCESS_SHARING_LEVEL"": ""PUBLIC_OPEN"", ""CONFIDENTIALITY_STATUS"": ""F"", ""DERIVATION_TYPE"": ""O"", ""SECURITY_CLASSIFICATION"": ""PUB""}"
LVA,gdp_real_lcu_quarterly_sa,2020-Q3,quarterly,5819621119.9302,5819621119.9302,observed,IMF_QNEA,QNEA|B1GQ|Q|SA|XDC|Q,SA,"{""ACCESS_SHARING_LEVEL"": ""PUBLIC_OPEN"", ""CONFIDENTIALITY_STATUS"": ""F"", ""DERIVATION_TYPE"": ""O"", ""SECURITY_CLASSIFICATION"": ""PUB""}"
LVA,gdp_real_lcu_quarterly_sa,2020-Q4,quarterly,5846567466.6451,5846567466.6451,observed,IMF_QNEA,QNEA|B1GQ|Q|SA|XDC|Q,SA,"{""ACCESS_SHARING_LEVEL"": ""PUBLIC_OPEN"", ""CONFIDENTIALITY_STATUS"": ""F"", ""DERIVATION_TYPE"": ""O"", ""SECURITY_CLASSIFICATION"": ""PUB""}"
LVA,gdp_real_lcu_quarterly_sa,2021-Q1,quarterly,5858450594.6815,5858450594.6815,observed,IMF_QNEA,QNEA|B1GQ|Q|SA|XDC|Q,SA,"{""ACCESS_SHARING_LEVEL"": ""PUBLIC_OPEN"", ""CONFIDENTIALITY_STATUS"": ""F"", ""DERIVATION_TYPE"": ""O"", ""SECURITY_CLASSIFICATION"": ""PUB""}"
LVA,gdp_real_lcu_quarterly_sa,2021-Q2,quarterly,5918030413.7543,5918030413.7543,observed,IMF_QNEA,QNEA|B1GQ|Q|SA|XDC|Q,SA,"{""ACCESS_SHARING_LEVEL"": ""PUBLIC_OPEN"", ""CONFIDENTIALITY_STATUS"": ""F"", ""DERIVATION_TYPE"": ""O"", ""SECURITY_CLASSIFICATION"": ""PUB""}"
LVA,gdp_real_lcu_quarterly_sa,2021-Q3,quarterly,6260742565.2339,6260742565.2339,observed,IMF_QNEA,QNEA|B1GQ|Q|SA|XDC|Q,SA,"{""ACCESS_SHARING_LEVEL"": ""PUBLIC_OPEN"", ""CONFIDENTIALITY_STATUS"": ""F"", ""DERIVATION_TYPE"": ""O"", ""SECURITY_CLASSIFICATION"": ""PUB""}"
LVA,gdp_real_lcu_quarterly_sa,2021-Q4,quarterly,6255772068.7766,6255772068.7766,observed,IMF_QNEA,QNEA|B1GQ|Q|SA|XDC|Q,SA,"{""ACCESS_SHARING_LEVEL"": ""PUBLIC_OPEN"", ""CONFIDENTIALITY_STATUS"": ""F"", ""DERIVATION_TYPE"": ""O"", ""SECURITY_CLASSIFICATION"": ""PUB""}"
LVA,gdp_real_lcu_quarterly_sa,2022-Q1,quarterly,6232675755.9488,6232675755.9488,observed,IMF_QNEA,QNEA|B1GQ|Q|SA|XDC|Q,SA,"{""ACCESS_SHARING_LEVEL"": ""PUBLIC_OPEN"", ""CONFIDENTIALITY_STATUS"": ""F"", ""DERIVATION_TYPE"": ""O"", ""SECURITY_CLASSIFICATION"": ""PUB""}"
LVA,gdp_real_lcu_quarterly_sa,2022-Q2,quarterly,6215095386.9823,6215095386.9823,observed,IMF_QNEA,QNEA|B1GQ|Q|SA|XDC|Q,SA,"{""ACCESS_SHARING_LEVEL"": ""PUBLIC_OPEN"", ""CONFIDENTIALITY_STATUS"": ""F"", ""DERIVATION_TYPE"": ""O"", ""SECURITY_CLASSIFICATION"": ""PUB""}"
LVA,gdp_real_lcu_quarterly_sa,2022-Q3,quarterly,6211205670.0458,6211205670.0458,observed,IMF_QNEA,QNEA|B1GQ|Q|SA|XDC|Q,SA,"{""ACCESS_SHARING_LEVEL"": ""PUBLIC_OPEN"", ""CONFIDENTIALITY_STATUS"": ""F"", ""DERIVATION_TYPE"": ""O"", ""SECURITY_CLASSIFICATION"": ""PUB""}"
LVA,gdp_real_lcu_quarterly_sa,2022-Q4,quarterly,6220557642.0122,6220557642.0122,observed,IMF_QNEA,QNEA|B1GQ|Q|SA|XDC|Q,SA,"{""ACCESS_SHARING_LEVEL"": ""PUBLIC_OPEN"", ""CONFIDENTIALITY_STATUS"": ""F"", ""DERIVATION_TYPE"": ""O"", ""SECURITY_CLASSIFICATION"": ""PUB""}"
LVA,gdp_real_lcu_quarterly_sa,2023-Q1,quarterly,6226157620.5663,6226157620.5663,observed,IMF_QNEA,QNEA|B1GQ|Q|SA|XDC|Q,SA,"{""ACCESS_SHARING_LEVEL"": ""PUBLIC_OPEN"", ""CONFIDENTIALITY_STATUS"": ""F"", ""DERIVATION_TYPE"": ""O"", ""SECURITY_CLASSIFICATION"": ""PUB""}"
LVA,gdp_real_lcu_quarterly_sa,2023-Q2,quarterly,6151146541.9847,6151146541.9847,observed,IMF_QNEA,QNEA|B1GQ|Q|SA|XDC|Q,SA,"{""ACCESS_SHARING_LEVEL"": ""PUBLIC_OPEN"", ""CONFIDENTIALITY_STATUS"": ""F"", ""DERIVATION_TYPE"": ""O"", ""SECURITY_CLASSIFICATION"": ""PUB""}"
LVA,gdp_real_lcu_quarterly_sa,2023-Q3,quarterly,6133419890.405,6133419890.405,observed,IMF_QNEA,QNEA|B1GQ|Q|SA|XDC|Q,SA,"{""ACCESS_SHARING_LEVEL"": ""PUBLIC_OPEN"", ""CONFIDENTIALITY_STATUS"": ""F"", ""DERIVATION_TYPE"": ""O"", ""SECURITY_CLASSIFICATION"": ""PUB""}"
LVA,gdp_real_lcu_quarterly_sa,2023-Q4,quarterly,6096607248.28,6096607248.28,observed,IMF_QNEA,QNEA|B1GQ|Q|SA|XDC|Q,SA,"{""ACCESS_SHARING_LEVEL"": ""PUBLIC_OPEN"", ""CONFIDENTIALITY_STATUS"": ""F"", ""DERIVATION_TYPE"": ""O"", ""SECURITY_CLASSIFICATION"": ""PUB""}"
LVA,gdp_real_lcu_quarterly_sa,2024-Q1,quarterly,6097239064.6738,6097239064.6738,observed,IMF_QNEA,QNEA|B1GQ|Q|SA|XDC|Q,SA,"{""ACCESS_SHARING_LEVEL"": ""PUBLIC_OPEN"", ""CONFIDENTIALITY_STATUS"": ""F"", ""DERIVATION_TYPE"": ""O"", ""SECURITY_CLASSIFICATION"": ""PUB""}"
LVA,gdp_real_lcu_quarterly_sa,2024-Q2,quarterly,6132283865.8546,6132283865.8546,observed,IMF_QNEA,QNEA|B1GQ|Q|SA|XDC|Q,SA,"{""ACCESS_SHARING_LEVEL"": ""PUBLIC_OPEN"", ""CONFIDENTIALITY_STATUS"": ""F"", ""DERIVATION_TYPE"": ""O"", ""SECURITY_CLASSIFICATION"": ""PUB""}"
LVA,gdp_real_lcu_quarterly_sa,2024-Q3,quarterly,6145402615.1143,6145402615.1143,observed,IMF_QNEA,QNEA|B1GQ|Q|SA|XDC|Q,SA,"{""ACCESS_SHARING_LEVEL"": ""PUBLIC_OPEN"", ""CONFIDENTIALITY_STATUS"": ""F"", ""DERIVATION_TYPE"": ""O"", ""SECURITY_CLASSIFICATION"": ""PUB""}"
LVA,gdp_real_lcu_quarterly_sa,2024-Q4,quarterly,6168128552.8147,6168128552.8147,observed,IMF_QNEA,QNEA|B1GQ|Q|SA|XDC|Q,SA,"{""ACCESS_SHARING_LEVEL"": ""PUBLIC_OPEN"", ""CONFIDENTIALITY_STATUS"": ""F"", ""DERIVATION_TYPE"": ""O"", ""SECURITY_CLASSIFICATION"": ""PUB""}"
MAR,gdp_real_lcu_quarterly_sa,2020-Q1,quarterly,285344446961.713,285344446961.713,observed,IMF_QNEA,QNEA|B1GQ|Q|SA|XDC|Q,SA,"{""ACCESS_SHARING_LEVEL"": ""PUBLIC_OPEN"", ""CONFIDENTIALITY_STATUS"": ""F"", ""DERIVATION_TYPE"": ""O"", ""SECURITY_CLASSIFICATION"": ""PUB""}"
MAR,gdp_real_lcu_quarterly_sa,2020-Q2,quarterly,253967290800.298,253967290800.298,observed,IMF_QNEA,QNEA|B1GQ|Q|SA|XDC|Q,SA,"{""ACCESS_SHARING_LEVEL"": ""PUBLIC_OPEN"", ""CONFIDENTIALITY_STATUS"": ""F"", ""DERIVATION_TYPE"": ""O"", ""SECURITY_CLASSIFICATION"": ""PUB""}"
MAR,gdp_real_lcu_quarterly_sa,2020-Q3,quarterly,271169628711.662,271169628711.662,observed,IMF_QNEA,QNEA|B1GQ|Q|SA|XDC|Q,SA,"{""ACCESS_SHARING_LEVEL"": ""PUBLIC_OPEN"", ""CONFIDENTIALITY_STATUS"": ""F"", ""DERIVATION_TYPE"": ""O"", ""SECURITY_CLASSIFICATION"": ""PUB""}"
MAR,gdp_real_lcu_quarterly_sa,2020-Q4,quarterly,275765075622.864,275765075622.864,observed,IMF_QNEA,QNEA|B1GQ|Q|SA|XDC|Q,SA,"{""ACCESS_SHARING_LEVEL"": ""PUBLIC_OPEN"", ""CONFIDENTIALITY_STATUS"": ""F"", ""DERIVATION_TYPE"": ""O"", ""SECURITY_CLASSIFICATION"": ""PUB""}"
MAR,gdp_real_lcu_quarterly_sa,2021-Q1,quarterly,290532024035.779,290532024035.779,observed,IMF_QNEA,QNEA|B1GQ|Q|SA|XDC|Q,SA,"{""ACCESS_SHARING_LEVEL"": ""PUBLIC_OPEN"", ""CONFIDENTIALITY_STATUS"": ""F"", ""DERIVATION_TYPE"": ""O"", ""SECURITY_CLASSIFICATION"": ""PUB""}"
MAR,gdp_real_lcu_quarterly_sa,2021-Q2,quarterly,290728145901.146,290728145901.146,observed,IMF_QNEA,QNEA|B1GQ|Q|SA|XDC|Q,SA,"{""ACCESS_SHARING_LEVEL"": ""PUBLIC_OPEN"", ""CONFIDENTIALITY_STATUS"": ""F"", ""DERIVATION_TYPE"": ""O"", ""SECURITY_CLASSIFICATION"": ""PUB""}"
MAR,gdp_real_lcu_quarterly_sa,2021-Q3,quarterly,295351359936.766,295351359936.766,observed,IMF_QNEA,QNEA|B1GQ|Q|SA|XDC|Q,SA,"{""ACCESS_SHARING_LEVEL"": ""PUBLIC_OPEN"", ""CONFIDENTIALITY_STATUS"": ""F"", ""DERIVATION_TYPE"": ""O"", ""SECURITY_CLASSIFICATION"": ""PUB""}"
MAR,gdp_real_lcu_quarterly_sa,2021-Q4,quarterly,298215949977.243,298215949977.243,observed,IMF_QNEA,QNEA|B1GQ|Q|SA|XDC|Q,SA,"{""ACCESS_SHARING_LEVEL"": ""PUBLIC_OPEN"", ""CONFIDENTIALITY_STATUS"": ""F"", ""DERIVATION_TYPE"": ""O"", ""SECURITY_CLASSIFICATION"": ""PUB""}"
MAR,gdp_real_lcu_quarterly_sa,2022-Q1,quarterly,293747588202.807,293747588202.807,observed,IMF_QNEA,QNEA|B1GQ|Q|SA|XDC|Q,SA,"{""ACCESS_SHARING_LEVEL"": ""PUBLIC_OPEN"", ""CONFIDENTIALITY_STATUS"": ""F"", ""DERIVATION_TYPE"": ""O"", ""SECURITY_CLASSIFICATION"": ""PUB""}"
MAR,gdp_real_lcu_quarterly_sa,2022-Q2,quarterly,299339904088.55,299339904088.55,observed,IMF_QNEA,QNEA|B1GQ|Q|SA|XDC|Q,SA,"{""ACCESS_SHARING_LEVEL"": ""PUBLIC_OPEN"", ""CONFIDENTIALITY_STATUS"": ""F"", ""DERIVATION_TYPE"": ""O"", ""SECURITY_CLASSIFICATION"": ""PUB""}"
MAR,gdp_real_lcu_quarterly_sa,2022-Q3,quarterly,301394409991.46,301394409991.46,observed,IMF_QNEA,QNEA|B1GQ|Q|SA|XDC|Q,SA,"{""ACCESS_SHARING_LEVEL"": ""PUBLIC_OPEN"", ""CONFIDENTIALITY_STATUS"": ""F"", ""DERIVATION_TYPE"": ""O"", ""SECURITY_CLASSIFICATION"": ""PUB""}"
MAR,gdp_real_lcu_quarterly_sa,2022-Q4,quarterly,301641439811.911,301641439811.911,observed,IMF_QNEA,QNEA|B1GQ|Q|SA|XDC|Q,SA,"{""ACCESS_SHARING_LEVEL"": ""PUBLIC_OPEN"", ""CONFIDENTIALITY_STATUS"": ""F"", ""DERIVATION_TYPE"": ""O"", ""SECURITY_CLASSIFICATION"": ""PUB""}"
MAR,gdp_real_lcu_quarterly_sa,2023-Q1,quarterly,305330697789.994,305330697789.994,observed,IMF_QNEA,QNEA|B1GQ|Q|SA|XDC|Q,SA,"{""ACCESS_SHARING_LEVEL"": ""PUBLIC_OPEN"", ""CONFIDENTIALITY_STATUS"": ""F"", ""DERIVATION_TYPE"": ""O"", ""SECURITY_CLASSIFICATION"": ""PUB""}"
MAR,gdp_real_lcu_quarterly_sa,2023-Q2,quarterly,307465165185.432,307465165185.432,observed,IMF_QNEA,QNEA|B1GQ|Q|SA|XDC|Q,SA,"{""ACCESS_SHARING_LEVEL"": ""PUBLIC_OPEN"", ""CONFIDENTIALITY_STATUS"": ""F"", ""DERIVATION_TYPE"": ""O"", ""SECURITY_CLASSIFICATION"": ""PUB""}"
MAR,gdp_real_lcu_quarterly_sa,2023-Q3,quarterly,311300696418.55,311300696418.55,observed,IMF_QNEA,QNEA|B1GQ|Q|SA|XDC|Q,SA,"{""ACCESS_SHARING_LEVEL"": ""PUBLIC_OPEN"", ""CONFIDENTIALITY_STATUS"": ""F"", ""DERIVATION_TYPE"": ""O"", ""SECURITY_CLASSIFICATION"": ""PUB""}"
MAR,gdp_real_lcu_quarterly_sa,2023-Q4,quarterly,317357051615.058,317357051615.058,observed,IMF_QNEA,QNEA|B1GQ|Q|SA|XDC|Q,SA,"{""ACCESS_SHARING_LEVEL"": ""PUBLIC_OPEN"", ""CONFIDENTIALITY_STATUS"": ""F"", ""DERIVATION_TYPE"": ""O"", ""SECURITY_CLASSIFICATION"": ""PUB""}"
MAR,gdp_real_lcu_quarterly_sa,2024-Q1,quarterly,316240223102.228,316240223102.228,observed,IMF_QNEA,QNEA|B1GQ|Q|SA|XDC|Q,SA,"{""ACCESS_SHARING_LEVEL"": ""PUBLIC_OPEN"", ""CONFIDENTIALITY_STATUS"": ""F"", ""DERIVATION_TYPE"": ""O"", ""SECURITY_CLASSIFICATION"": ""PUB""}"
MAR,gdp_real_lcu_quarterly_sa,2024-Q2,quarterly,318457180516.731,318457180516.731,observed,IMF_QNEA,QNEA|B1GQ|Q|SA|XDC|Q,SA,"{""ACCESS_SHARING_LEVEL"": ""PUBLIC_OPEN"", ""CONFIDENTIALITY_STATUS"": ""F"", ""DERIVATION_TYPE"": ""O"", ""SECURITY_CLASSIFICATION"": ""PUB""}"
MAR,gdp_real_lcu_quarterly_sa,2024-Q3,quarterly,328531075163.446,328531075163.446,observed,IMF_QNEA,QNEA|B1GQ|Q|SA|XDC|Q,SA,"{""ACCESS_SHARING_LEVEL"": ""PUBLIC_OPEN"", ""CONFIDENTIALITY_STATUS"": ""F"", ""DERIVATION_TYPE"": ""O"", ""SECURITY_CLASSIFICATION"": ""PUB""}"
MAR,gdp_real_lcu_quarterly_sa,2024-Q4,quarterly,332387872044.75,332387872044.75,observed,IMF_QNEA,QNEA|B1GQ|Q|SA|XDC|Q,SA,"{""ACCESS_SHARING_LEVEL"": ""PUBLIC_OPEN"", ""CONFIDENTIALITY_STATUS"": ""F"", ""DERIVATION_TYPE"": ""O"", ""SECURITY_CLASSIFICATION"": ""PUB""}"
MDA,gdp_real_lcu_quarterly_sa,2020-Q1,quarterly,41013145376.511,41013145376.511,observed,IMF_QNEA,QNEA|B1GQ|Q|SA|XDC|Q,SA,"{""ACCESS_SHARING_LEVEL"": ""PUBLIC_OPEN"", ""CONFIDENTIALITY_STATUS"": ""F"", ""DERIVATION_TYPE"": ""O"", ""SECURITY_CLASSIFICATION"": ""PUB""}"
MDA,gdp_real_lcu_quarterly_sa,2020-Q2,quarterly,38063841275.1171,38063841275.1171,observed,IMF_QNEA,QNEA|B1GQ|Q|SA|XDC|Q,SA,"{""ACCESS_SHARING_LEVEL"": ""PUBLIC_OPEN"", ""CONFIDENTIALITY_STATUS"": ""F"", ""DERIVATION_TYPE"": ""O"", ""SECURITY_CLASSIFICATION"": ""PUB""}"
MDA,gdp_real_lcu_quarterly_sa,2020-Q3,quarterly,39407780003.1461,39407780003.1461,observed,IMF_QNEA,QNEA|B1GQ|Q|SA|XDC|Q,SA,"{""ACCESS_SHARING_LEVEL"": ""PUBLIC_OPEN"", ""CONFIDENTIALITY_STATUS"": ""F"", ""DERIVATION_TYPE"": ""O"", ""SECURITY_CLASSIFICATION"": ""PUB""}"
MDA,gdp_real_lcu_quarterly_sa,2020-Q4,quarterly,39803234013.8056,39803234013.8056,observed,IMF_QNEA,QNEA|B1GQ|Q|SA|XDC|Q,SA,"{""ACCESS_SHARING_LEVEL"": ""PUBLIC_OPEN"", ""CONFIDENTIALITY_STATUS"": ""F"", ""DERIVATION_TYPE"": ""O"", ""SECURITY_CLASSIFICATION"": ""PUB""}"
MDA,gdp_real_lcu_quarterly_sa,2021-Q1,quarterly,43598492059.1159,43598492059.1159,observed,IMF_QNEA,QNEA|B1GQ|Q|SA|XDC|Q,SA,"{""ACCESS_SHARING_LEVEL"": ""PUBLIC_OPEN"", ""CONFIDENTIALITY_STATUS"": ""F"", ""DERIVATION_TYPE"": ""O"", ""SECURITY_CLASSIFICATION"": ""PUB""}"
MDA,gdp_real_lcu_quarterly_sa,2021-Q2,quarterly,43825512143.4776,43825512143.4776,observed,IMF_QNEA,QNEA|B1GQ|Q|SA|XDC|Q,SA,"{""ACCESS_SHARING_LEVEL"": ""PUBLIC_OPEN"", ""CONFIDENTIALITY_STATUS"": ""F"", ""DERIVATION_TYPE"": ""O"", ""SECURITY_CLASSIFICATION"": ""PUB""}"
MDA,gdp_real_lcu_quarterly_sa,2021-Q3,quarterly,45469801202.4312,45469801202.4312,observed,IMF_QNEA,QNEA|B1GQ|Q|SA|XDC|Q,SA,"{""ACCESS_SHARING_LEVEL"": ""PUBLIC_OPEN"", ""CONFIDENTIALITY_STATUS"": ""F"", ""DERIVATION_TYPE"": ""O"", ""SECURITY_CLASSIFICATION"": ""PUB""}"
MDA,gdp_real_lcu_quarterly_sa,2021-Q4,quarterly,47298102715.6434,47298102715.6434,observed,IMF_QNEA,QNEA|B1GQ|Q|SA|XDC|Q,SA,"{""ACCESS_SHARING_LEVEL"": ""PUBLIC_OPEN"", ""CONFIDENTIALITY_STATUS"": ""F"", ""DERIVATION_TYPE"": ""O"", ""SECURITY_CLASSIFICATION"": ""PUB""}"
MDA,gdp_real_lcu_quarterly_sa,2022-Q1,quarterly,43851760965.8207,43851760965.8207,observed,IMF_QNEA,QNEA|B1GQ|Q|SA|XDC|Q,SA,"{""ACCESS_SHARING_LEVEL"": ""PUBLIC_OPEN"", ""CONFIDENTIALITY_STATUS"": ""F"", ""DERIVATION_TYPE"": ""O"", ""SECURITY_CLASSIFICATION"": ""PUB""}"
MDA,gdp_real_lcu_quarterly_sa,2022-Q2,quarterly,43699971131.1096,43699971131.1096,observed,IMF_QNEA,QNEA|B1GQ|Q|SA|XDC|Q,SA,"{""ACCESS_SHARING_LEVEL"": ""PUBLIC_OPEN"", ""CONFIDENTIALITY_STATUS"": ""F"", ""DERIVATION_TYPE"": ""O"", ""SECURITY_CLASSIFICATION"": ""PUB""}"
MDA,gdp_real_lcu_quarterly_sa,2022-Q3,quarterly,41483187353.1519,41483187353.1519,observed,IMF_QNEA,QNEA|B1GQ|Q|SA|XDC|Q,SA,"{""ACCESS_SHARING_LEVEL"": ""PUBLIC_OPEN"", ""CONFIDENTIALITY_STATUS"": ""F"", ""DERIVATION_TYPE"": ""O"", ""SECURITY_CLASSIFICATION"": ""PUB""}"
MDA,gdp_real_lcu_quarterly_sa,2022-Q4,quarterly,43028149589.9184,43028149589.9184,observed,IMF_QNEA,QNEA|B1GQ|Q|SA|XDC|Q,SA,"{""ACCESS_SHARING_LEVEL"": ""PUBLIC_OPEN"", ""CONFIDENTIALITY_STATUS"": ""F"", ""DERIVATION_TYPE"": ""O"", ""SECURITY_CLASSIFICATION"": ""PUB""}"
MDA,gdp_real_lcu_quarterly_sa,2023-Q1,quarterly,43578262576.0,43578262576,observed,IMF_QNEA,QNEA|B1GQ|Q|SA|XDC|Q,SA,"{""ACCESS_SHARING_LEVEL"": ""PUBLIC_OPEN"", ""CONFIDENTIALITY_STATUS"": ""F"", ""DERIVATION_TYPE"": ""O"", ""SECURITY_CLASSIFICATION"": ""PUB""}"
MDA,gdp_real_lcu_quarterly_sa,2023-Q2,quarterly,43376683108.0,43376683108,observed,IMF_QNEA,QNEA|B1GQ|Q|SA|XDC|Q,SA,"{""ACCESS_SHARING_LEVEL"": ""PUBLIC_OPEN"", ""CONFIDENTIALITY_STATUS"": ""F"", ""DERIVATION_TYPE"": ""O"", ""SECURITY_CLASSIFICATION"": ""PUB""}"
MDA,gdp_real_lcu_quarterly_sa,2023-Q3,quarterly,43555013250.0,43555013250,observed,IMF_QNEA,QNEA|B1GQ|Q|SA|XDC|Q,SA,"{""ACCESS_SHARING_LEVEL"": ""PUBLIC_OPEN"", ""CONFIDENTIALITY_STATUS"": ""F"", ""DERIVATION_TYPE"": ""O"", ""SECURITY_CLASSIFICATION"": ""PUB""}"
MDA,gdp_real_lcu_quarterly_sa,2023-Q4,quarterly,43510907280.0,43510907280,observed,IMF_QNEA,QNEA|B1GQ|Q|SA|XDC|Q,SA,"{""ACCESS_SHARING_LEVEL"": ""PUBLIC_OPEN"", ""CONFIDENTIALITY_STATUS"": ""F"", ""DERIVATION_TYPE"": ""O"", ""SECURITY_CLASSIFICATION"": ""PUB""}"
MDA,gdp_real_lcu_quarterly_sa,2024-Q1,quarterly,44343531466.8038,44343531466.8038,observed,IMF_QNEA,QNEA|B1GQ|Q|SA|XDC|Q,SA,"{""ACCESS_SHARING_LEVEL"": ""PUBLIC_OPEN"", ""CONFIDENTIALITY_STATUS"": ""F"", ""DERIVATION_TYPE"": ""O"", ""SECURITY_CLASSIFICATION"": ""PUB""}"
MDA,gdp_real_lcu_quarterly_sa,2024-Q2,quarterly,44226705637.1953,44226705637.1953,observed,IMF_QNEA,QNEA|B1GQ|Q|SA|XDC|Q,SA,"{""ACCESS_SHARING_LEVEL"": ""PUBLIC_OPEN"", ""CONFIDENTIALITY_STATUS"": ""F"", ""DERIVATION_TYPE"": ""O"", ""SECURITY_CLASSIFICATION"": ""PUB""}"
MDA,gdp_real_lcu_quarterly_sa,2024-Q3,quarterly,42663152487.7306,42663152487.7306,observed,IMF_QNEA,QNEA|B1GQ|Q|SA|XDC|Q,SA,"{""ACCESS_SHARING_LEVEL"": ""PUBLIC_OPEN"", ""CONFIDENTIALITY_STATUS"": ""F"", ""DERIVATION_TYPE"": ""O"", ""SECURITY_CLASSIFICATION"": ""PUB""}"
MDA,gdp_real_lcu_quarterly_sa,2024-Q4,quarterly,43110448954.0752,43110448954.0752,observed,IMF_QNEA,QNEA|B1GQ|Q|SA|XDC|Q,SA,"{""ACCESS_SHARING_LEVEL"": ""PUBLIC_OPEN"", ""CONFIDENTIALITY_STATUS"": ""F"", ""DERIVATION_TYPE"": ""O"", ""SECURITY_CLASSIFICATION"": ""PUB""}"
MEX,gdp_real_lcu_quarterly_sa,2020-Q1,quarterly,5913983900000.0,5913983900000,observed,IMF_QNEA,QNEA|B1GQ|Q|SA|XDC|Q,SA,"{""ACCESS_SHARING_LEVEL"": ""PUBLIC_OPEN"", ""CONFIDENTIALITY_STATUS"": ""F"", ""DERIVATION_TYPE"": ""O"", ""SECURITY_CLASSIFICATION"": ""PUB""}"
MEX,gdp_real_lcu_quarterly_sa,2020-Q2,quarterly,4795507300000.0,4795507300000,observed,IMF_QNEA,QNEA|B1GQ|Q|SA|XDC|Q,SA,"{""ACCESS_SHARING_LEVEL"": ""PUBLIC_OPEN"", ""CONFIDENTIALITY_STATUS"": ""F"", ""DERIVATION_TYPE"": ""O"", ""SECURITY_CLASSIFICATION"": ""PUB""}"
MEX,gdp_real_lcu_quarterly_sa,2020-Q3,quarterly,5542209500000.0,5542209500000,observed,IMF_QNEA,QNEA|B1GQ|Q|SA|XDC|Q,SA,"{""ACCESS_SHARING_LEVEL"": ""PUBLIC_OPEN"", ""CONFIDENTIALITY_STATUS"": ""F"", ""DERIVATION_TYPE"": ""O"", ""SECURITY_CLASSIFICATION"": ""PUB""}"
MEX,gdp_real_lcu_quarterly_sa,2020-Q4,quarterly,5780424600000.0,5780424600000,observed,IMF_QNEA,QNEA|B1GQ|Q|SA|XDC|Q,SA,"{""ACCESS_SHARING_LEVEL"": ""PUBLIC_OPEN"", ""CONFIDENTIALITY_STATUS"": ""F"", ""DERIVATION_TYPE"": ""O"", ""SECURITY_CLASSIFICATION"": ""PUB""}"
MEX,gdp_real_lcu_quarterly_sa,2021-Q1,quarterly,5824078800000.0,5824078800000,observed,IMF_QNEA,QNEA|B1GQ|Q|SA|XDC|Q,SA,"{""ACCESS_SHARING_LEVEL"": ""PUBLIC_OPEN"", ""CONFIDENTIALITY_STATUS"": ""F"", ""DERIVATION_TYPE"": ""O"", ""SECURITY_CLASSIFICATION"": ""PUB""}"
MEX,gdp_real_lcu_quarterly_sa,2021-Q2,quarterly,5875450200000.0,5875450200000,observed,IMF_QNEA,QNEA|B1GQ|Q|SA|XDC|Q,SA,"{""ACCESS_SHARING_LEVEL"": ""PUBLIC_OPEN"", ""CONFIDENTIALITY_STATUS"": ""F"", ""DERIVATION_TYPE"": ""O"", ""SECURITY_CLASSIFICATION"": ""PUB""}"
MEX,gdp_real_lcu_quarterly_sa,2021-Q3,quarterly,5824992800000.0,5824992800000,observed,IMF_QNEA,QNEA|B1GQ|Q|SA|XDC|Q,SA,"{""ACCESS_SHARING_LEVEL"": ""PUBLIC_OPEN"", ""CONFIDENTIALITY_STATUS"": ""F"", ""DERIVATION_TYPE"": ""O"", ""SECURITY_CLASSIFICATION"": ""PUB""}"
MEX,gdp_real_lcu_quarterly_sa,2021-Q4,quarterly,5893067100000.0,5893067100000,observed,IMF_QNEA,QNEA|B1GQ|Q|SA|XDC|Q,SA,"{""ACCESS_SHARING_LEVEL"": ""PUBLIC_OPEN"", ""CONFIDENTIALITY_STATUS"": ""F"", ""DERIVATION_TYPE"": ""O"", ""SECURITY_CLASSIFICATION"": ""PUB""}"
MEX,gdp_real_lcu_quarterly_sa,2022-Q1,quarterly,5978198400000.0,5978198400000,observed,IMF_QNEA,QNEA|B1GQ|Q|SA|XDC|Q,SA,"{""ACCESS_SHARING_LEVEL"": ""PUBLIC_OPEN"", ""CONFIDENTIALITY_STATUS"": ""F"", ""DERIVATION_TYPE"": ""O"", ""SECURITY_CLASSIFICATION"": ""PUB""}"
MEX,gdp_real_lcu_quarterly_sa,2022-Q2,quarterly,6046311100000.0,6046311100000,observed,IMF_QNEA,QNEA|B1GQ|Q|SA|XDC|Q,SA,"{""ACCESS_SHARING_LEVEL"": ""PUBLIC_OPEN"", ""CONFIDENTIALITY_STATUS"": ""F"", ""DERIVATION_TYPE"": ""O"", ""SECURITY_CLASSIFICATION"": ""PUB""}"
MEX,gdp_real_lcu_quarterly_sa,2022-Q3,quarterly,6092947600000.0,6092947600000,observed,IMF_QNEA,QNEA|B1GQ|Q|SA|XDC|Q,SA,"{""ACCESS_SHARING_LEVEL"": ""PUBLIC_OPEN"", ""CONFIDENTIALITY_STATUS"": ""F"", ""DERIVATION_TYPE"": ""O"", ""SECURITY_CLASSIFICATION"": ""PUB""}"
MEX,gdp_real_lcu_quarterly_sa,2022-Q4,quarterly,6168509300000.0,6168509300000,observed,IMF_QNEA,QNEA|B1GQ|Q|SA|XDC|Q,SA,"{""ACCESS_SHARING_LEVEL"": ""PUBLIC_OPEN"", ""CONFIDENTIALITY_STATUS"": ""F"", ""DERIVATION_TYPE"": ""O"", ""SECURITY_CLASSIFICATION"": ""PUB""}"
MEX,gdp_real_lcu_quarterly_sa,2023-Q1,quarterly,6203683700000.0,6203683700000,observed,IMF_QNEA,QNEA|B1GQ|Q|SA|XDC|Q,SA,"{""ACCESS_SHARING_LEVEL"": ""PUBLIC_OPEN"", ""CONFIDENTIALITY_STATUS"": ""F"", ""DERIVATION_TYPE"": ""O"", ""SECURITY_CLASSIFICATION"": ""PUB""}"
MEX,gdp_real_lcu_quarterly_sa,2023-Q2,quarterly,6249078500000.0,6249078500000,observed,IMF_QNEA,QNEA|B1GQ|Q|SA|XDC|Q,SA,"{""ACCESS_SHARING_LEVEL"": ""PUBLIC_OPEN"", ""CONFIDENTIALITY_STATUS"": ""F"", ""DERIVATION_TYPE"": ""O"", ""SECURITY_CLASSIFICATION"": ""PUB""}"
MEX,gdp_real_lcu_quarterly_sa,2023-Q3,quarterly,6288667600000.0,6288667600000,observed,IMF_QNEA,QNEA|B1GQ|Q|SA|XDC|Q,SA,"{""ACCESS_SHARING_LEVEL"": ""PUBLIC_OPEN"", ""CONFIDENTIALITY_STATUS"": ""F"", ""DERIVATION_TYPE"": ""O"", ""SECURITY_CLASSIFICATION"": ""PUB""}"
MEX,gdp_real_lcu_quarterly_sa,2023-Q4,quarterly,6300467000000.0,6300467000000,observed,IMF_QNEA,QNEA|B1GQ|Q|SA|XDC|Q,SA,"{""ACCESS_SHARING_LEVEL"": ""PUBLIC_OPEN"", ""CONFIDENTIALITY_STATUS"": ""F"", ""DERIVATION_TYPE"": ""O"", ""SECURITY_CLASSIFICATION"": ""PUB""}"
MEX,gdp_real_lcu_quarterly_sa,2024-Q1,quarterly,6326505600000.0,6326505600000,observed,IMF_QNEA,QNEA|B1GQ|Q|SA|XDC|Q,SA,"{""ACCESS_SHARING_LEVEL"": ""PUBLIC_OPEN"", ""CONFIDENTIALITY_STATUS"": ""F"", ""DERIVATION_TYPE"": ""O"", ""SECURITY_CLASSIFICATION"": ""PUB""}"
MEX,gdp_real_lcu_quarterly_sa,2024-Q2,quarterly,6316564200000.0,6316564200000,observed,IMF_QNEA,QNEA|B1GQ|Q|SA|XDC|Q,SA,"{""ACCESS_SHARING_LEVEL"": ""PUBLIC_OPEN"", ""CONFIDENTIALITY_STATUS"": ""F"", ""DERIVATION_TYPE"": ""O"", ""SECURITY_CLASSIFICATION"": ""PUB""}"
MEX,gdp_real_lcu_quarterly_sa,2024-Q3,quarterly,6378821300000.0,6378821300000,observed,IMF_QNEA,QNEA|B1GQ|Q|SA|XDC|Q,SA,"{""ACCESS_SHARING_LEVEL"": ""PUBLIC_OPEN"", ""CONFIDENTIALITY_STATUS"": ""F"", ""DERIVATION_TYPE"": ""O"", ""SECURITY_CLASSIFICATION"": ""PUB""}"
MEX,gdp_real_lcu_quarterly_sa,2024-Q4,quarterly,6322706700000.0,6322706700000,observed,IMF_QNEA,QNEA|B1GQ|Q|SA|XDC|Q,SA,"{""ACCESS_SHARING_LEVEL"": ""PUBLIC_OPEN"", ""CONFIDENTIALITY_STATUS"": ""F"", ""DERIVATION_TYPE"": ""O"", ""SECURITY_CLASSIFICATION"": ""PUB""}"
MKD,gdp_real_lcu_quarterly_sa,2020-Q1,quarterly,135013166473.23,135013166473.23,observed,IMF_QNEA,QNEA|B1GQ|Q|SA|XDC|Q,SA,"{""ACCESS_SHARING_LEVEL"": ""PUBLIC_OPEN"", ""CONFIDENTIALITY_STATUS"": ""F"", ""DERIVATION_TYPE"": ""O"", ""SECURITY_CLASSIFICATION"": ""PUB""}"
MKD,gdp_real_lcu_quarterly_sa,2020-Q2,quarterly,116937884339.44,116937884339.44,observed,IMF_QNEA,QNEA|B1GQ|Q|SA|XDC|Q,SA,"{""ACCESS_SHARING_LEVEL"": ""PUBLIC_OPEN"", ""CONFIDENTIALITY_STATUS"": ""F"", ""DERIVATION_TYPE"": ""O"", ""SECURITY_CLASSIFICATION"": ""PUB""}"
MKD,gdp_real_lcu_quarterly_sa,2020-Q3,quarterly,133536770847.78,133536770847.78,observed,IMF_QNEA,QNEA|B1GQ|Q|SA|XDC|Q,SA,"{""ACCESS_SHARING_LEVEL"": ""PUBLIC_OPEN"", ""CONFIDENTIALITY_STATUS"": ""F"", ""DERIVATION_TYPE"": ""O"", ""SECURITY_CLASSIFICATION"": ""PUB""}"
MKD,gdp_real_lcu_quarterly_sa,2020-Q4,quarterly,136014792389.11,136014792389.11,observed,IMF_QNEA,QNEA|B1GQ|Q|SA|XDC|Q,SA,"{""ACCESS_SHARING_LEVEL"": ""PUBLIC_OPEN"", ""CONFIDENTIALITY_STATUS"": ""F"", ""DERIVATION_TYPE"": ""O"", ""SECURITY_CLASSIFICATION"": ""PUB""}"
MKD,gdp_real_lcu_quarterly_sa,2021-Q1,quarterly,135691244238.34,135691244238.34,observed,IMF_QNEA,QNEA|B1GQ|Q|SA|XDC|Q,SA,"{""ACCESS_SHARING_LEVEL"": ""PUBLIC_OPEN"", ""CONFIDENTIALITY_STATUS"": ""F"", ""DERIVATION_TYPE"": ""O"", ""SECURITY_CLASSIFICATION"": ""PUB""}"
MKD,gdp_real_lcu_quarterly_sa,2021-Q2,quarterly,135145717100.54,135145717100.54,observed,IMF_QNEA,QNEA|B1GQ|Q|SA|XDC|Q,SA,"{""ACCESS_SHARING_LEVEL"": ""PUBLIC_OPEN"", ""CONFIDENTIALITY_STATUS"": ""F"", ""DERIVATION_TYPE"": ""O"", ""SECURITY_CLASSIFICATION"": ""PUB""}"
MKD,gdp_real_lcu_quarterly_sa,2021-Q3,quarterly,136900741367.5,136900741367.5,observed,IMF_QNEA,QNEA|B1GQ|Q|SA|XDC|Q,SA,"{""ACCESS_SHARING_LEVEL"": ""PUBLIC_OPEN"", ""CONFIDENTIALITY_STATUS"": ""F"", ""DERIVATION_TYPE"": ""O"", ""SECURITY_CLASSIFICATION"": ""PUB""}"
MKD,gdp_real_lcu_quarterly_sa,2021-Q4,quarterly,137538399606.39,137538399606.39,observed,IMF_QNEA,QNEA|B1GQ|Q|SA|XDC|Q,SA,"{""ACCESS_SHARING_LEVEL"": ""PUBLIC_OPEN"", ""CONFIDENTIALITY_STATUS"": ""F"", ""DERIVATION_TYPE"": ""O"", ""SECURITY_CLASSIFICATION"": ""PUB""}"
MKD,gdp_real_lcu_quarterly_sa,2022-Q1,quarterly,139291911383.32,139291911383.32,observed,IMF_QNEA,QNEA|B1GQ|Q|SA|XDC|Q,SA,"{""ACCESS_SHARING_LEVEL"": ""PUBLIC_OPEN"", ""CONFIDENTIALITY_STATUS"": ""F"", ""DERIVATION_TYPE"": ""O"", ""SECURITY_CLASSIFICATION"": ""PUB""}"
MKD,gdp_real_lcu_quarterly_sa,2022-Q2,quarterly,140037767278.1,140037767278.1,observed,IMF_QNEA,QNEA|B1GQ|Q|SA|XDC|Q,SA,"{""ACCESS_SHARING_LEVEL"": ""PUBLIC_OPEN"", ""CONFIDENTIALITY_STATUS"": ""F"", ""DERIVATION_TYPE"": ""O"", ""SECURITY_CLASSIFICATION"": ""PUB""}"
MKD,gdp_real_lcu_quarterly_sa,2022-Q3,quarterly,139853252445.76,139853252445.76,observed,IMF_QNEA,QNEA|B1GQ|Q|SA|XDC|Q,SA,"{""ACCESS_SHARING_LEVEL"": ""PUBLIC_OPEN"", ""CONFIDENTIALITY_STATUS"": ""F"", ""DERIVATION_TYPE"": ""O"", ""SECURITY_CLASSIFICATION"": ""PUB""}"
MKD,gdp_real_lcu_quarterly_sa,2022-Q4,quarterly,140575564308.97,140575564308.97,observed,IMF_QNEA,QNEA|B1GQ|Q|SA|XDC|Q,SA,"{""ACCESS_SHARING_LEVEL"": ""PUBLIC_OPEN"", ""CONFIDENTIALITY_STATUS"": ""F"", ""DERIVATION_TYPE"": ""O"", ""SECURITY_CLASSIFICATION"": ""PUB""}"
MKD,gdp_real_lcu_quarterly_sa,2023-Q1,quarterly,141904480492.68,141904480492.68,observed,IMF_QNEA,QNEA|B1GQ|Q|SA|XDC|Q,SA,"{""ACCESS_SHARING_LEVEL"": ""PUBLIC_OPEN"", ""CONFIDENTIALITY_STATUS"": ""F"", ""DERIVATION_TYPE"": ""O"", ""SECURITY_CLASSIFICATION"": ""PUB""}"
MKD,gdp_real_lcu_quarterly_sa,2023-Q2,quarterly,142727880479.63,142727880479.63,observed,IMF_QNEA,QNEA|B1GQ|Q|SA|XDC|Q,SA,"{""ACCESS_SHARING_LEVEL"": ""PUBLIC_OPEN"", ""CONFIDENTIALITY_STATUS"": ""F"", ""DERIVATION_TYPE"": ""O"", ""SECURITY_CLASSIFICATION"": ""PUB""}"
MKD,gdp_real_lcu_quarterly_sa,2023-Q3,quarterly,143943931701.64,143943931701.64,observed,IMF_QNEA,QNEA|B1GQ|Q|SA|XDC|Q,SA,"{""ACCESS_SHARING_LEVEL"": ""PUBLIC_OPEN"", ""CONFIDENTIALITY_STATUS"": ""F"", ""DERIVATION_TYPE"": ""O"", ""SECURITY_CLASSIFICATION"": ""PUB""}"
MKD,gdp_real_lcu_quarterly_sa,2023-Q4,quarterly,144778948449.85,144778948449.85,observed,IMF_QNEA,QNEA|B1GQ|Q|SA|XDC|Q,SA,"{""ACCESS_SHARING_LEVEL"": ""PUBLIC_OPEN"", ""CONFIDENTIALITY_STATUS"": ""F"", ""DERIVATION_TYPE"": ""O"", ""SECURITY_CLASSIFICATION"": ""PUB""}"
MKD,gdp_real_lcu_quarterly_sa,2024-Q1,quarterly,145488258377.0,145488258377,observed,IMF_QNEA,QNEA|B1GQ|Q|SA|XDC|Q,SA,"{""ACCESS_SHARING_LEVEL"": ""PUBLIC_OPEN"", ""CONFIDENTIALITY_STATUS"": ""F"", ""DERIVATION_TYPE"": ""O"", ""SECURITY_CLASSIFICATION"": ""PUB""}"
MKD,gdp_real_lcu_quarterly_sa,2024-Q2,quarterly,146936498821.78,146936498821.78,observed,IMF_QNEA,QNEA|B1GQ|Q|SA|XDC|Q,SA,"{""ACCESS_SHARING_LEVEL"": ""PUBLIC_OPEN"", ""CONFIDENTIALITY_STATUS"": ""F"", ""DERIVATION_TYPE"": ""O"", ""SECURITY_CLASSIFICATION"": ""PUB""}"
MKD,gdp_real_lcu_quarterly_sa,2024-Q3,quarterly,148061058628.13,148061058628.13,observed,IMF_QNEA,QNEA|B1GQ|Q|SA|XDC|Q,SA,"{""ACCESS_SHARING_LEVEL"": ""PUBLIC_OPEN"", ""CONFIDENTIALITY_STATUS"": ""F"", ""DERIVATION_TYPE"": ""O"", ""SECURITY_CLASSIFICATION"": ""PUB""}"
MKD,gdp_real_lcu_quarterly_sa,2024-Q4,quarterly,149952185005.23,149952185005.23,observed,IMF_QNEA,QNEA|B1GQ|Q|SA|XDC|Q,SA,"{""ACCESS_SHARING_LEVEL"": ""PUBLIC_OPEN"", ""CONFIDENTIALITY_STATUS"": ""F"", ""DERIVATION_TYPE"": ""O"", ""SECURITY_CLASSIFICATION"": ""PUB""}"
MLT,gdp_real_lcu_quarterly_sa,2020-Q1,quarterly,3064081522.0801,3064081522.0801,observed,IMF_QNEA,QNEA|B1GQ|Q|SA|XDC|Q,SA,"{""ACCESS_SHARING_LEVEL"": ""PUBLIC_OPEN"", ""CONFIDENTIALITY_STATUS"": ""F"", ""DERIVATION_TYPE"": ""O"", ""SECURITY_CLASSIFICATION"": ""PUB""}"
MLT,gdp_real_lcu_quarterly_sa,2020-Q2,quarterly,2688780314.7944,2688780314.7944,observed,IMF_QNEA,QNEA|B1GQ|Q|SA|XDC|Q,SA,"{""ACCESS_SHARING_LEVEL"": ""PUBLIC_OPEN"", ""CONFIDENTIALITY_STATUS"": ""F"", ""DERIVATION_TYPE"": ""O"", ""SECURITY_CLASSIFICATION"": ""PUB""}"
MLT,gdp_real_lcu_quarterly_sa,2020-Q3,quarterly,2802487788.2847,2802487788.2847,observed,IMF_QNEA,QNEA|B1GQ|Q|SA|XDC|Q,SA,"{""ACCESS_SHARING_LEVEL"": ""PUBLIC_OPEN"", ""CONFIDENTIALITY_STATUS"": ""F"", ""DERIVATION_TYPE"": ""O"", ""SECURITY_CLASSIFICATION"": ""PUB""}"
MLT,gdp_real_lcu_quarterly_sa,2020-Q4,quarterly,2912835263.2917,2912835263.2917,observed,IMF_QNEA,QNEA|B1GQ|Q|SA|XDC|Q,SA,"{""ACCESS_SHARING_LEVEL"": ""PUBLIC_OPEN"", ""CONFIDENTIALITY_STATUS"": ""F"", ""DERIVATION_TYPE"": ""O"", ""SECURITY_CLASSIFICATION"": ""PUB""}"
MLT,gdp_real_lcu_quarterly_sa,2021-Q1,quarterly,3102126864.3247,3102126864.3247,observed,IMF_QNEA,QNEA|B1GQ|Q|SA|XDC|Q,SA,"{""ACCESS_SHARING_LEVEL"": ""PUBLIC_OPEN"", ""CONFIDENTIALITY_STATUS"": ""F"", ""DERIVATION_TYPE"": ""O"", ""SECURITY_CLASSIFICATION"": ""PUB""}"
MLT,gdp_real_lcu_quarterly_sa,2021-Q2,quarterly,3163299119.3908,3163299119.3908,observed,IMF_QNEA,QNEA|B1GQ|Q|SA|XDC|Q,SA,"{""ACCESS_SHARING_LEVEL"": ""PUBLIC_OPEN"", ""CONFIDENTIALITY_STATUS"": ""F"", ""DERIVATION_TYPE"": ""O"", ""SECURITY_CLASSIFICATION"": ""PUB""}"
MLT,gdp_real_lcu_quarterly_sa,2021-Q3,quarterly,3331644730.3802,3331644730.3802,observed,IMF_QNEA,QNEA|B1GQ|Q|SA|XDC|Q,SA,"{""ACCESS_SHARING_LEVEL"": ""PUBLIC_OPEN"", ""CONFIDENTIALITY_STATUS"": ""F"", ""DERIVATION_TYPE"": ""O"", ""SECURITY_CLASSIFICATION"": ""PUB""}"
MLT,gdp_real_lcu_quarterly_sa,2021-Q4,quarterly,3384251147.0992,3384251147.0992,observed,IMF_QNEA,QNEA|B1GQ|Q|SA|XDC|Q,SA,"{""ACCESS_SHARING_LEVEL"": ""PUBLIC_OPEN"", ""CONFIDENTIALITY_STATUS"": ""F"", ""DERIVATION_TYPE"": ""O"", ""SECURITY_CLASSIFICATION"": ""PUB""}"
MLT,gdp_real_lcu_quarterly_sa,2022-Q1,quarterly,3259424707.7028,3259424707.7028,observed,IMF_QNEA,QNEA|B1GQ|Q|SA|XDC|Q,SA,"{""ACCESS_SHARING_LEVEL"": ""PUBLIC_OPEN"", ""CONFIDENTIALITY_STATUS"": ""F"", ""DERIVATION_TYPE"": ""O"", ""SECURITY_CLASSIFICATION"": ""PUB""}"
MLT,gdp_real_lcu_quarterly_sa,2022-Q2,quarterly,3370662252.7442,3370662252.7442,observed,IMF_QNEA,QNEA|B1GQ|Q|SA|XDC|Q,SA,"{""ACCESS_SHARING_LEVEL"": ""PUBLIC_OPEN"", ""CONFIDENTIALITY_STATUS"": ""F"", ""DERIVATION_TYPE"": ""O"", ""SECURITY_CLASSIFICATION"": ""PUB""}"
MLT,gdp_real_lcu_quarterly_sa,2022-Q3,quarterly,3404603624.1496,3404603624.1496,observed,IMF_QNEA,QNEA|B1GQ|Q|SA|XDC|Q,SA,"{""ACCESS_SHARING_LEVEL"": ""PUBLIC_OPEN"", ""CONFIDENTIALITY_STATUS"": ""F"", ""DERIVATION_TYPE"": ""O"", ""SECURITY_CLASSIFICATION"": ""PUB""}"
MLT,gdp_real_lcu_quarterly_sa,2022-Q4,quarterly,3475770793.4973,3475770793.4973,observed,IMF_QNEA,QNEA|B1GQ|Q|SA|XDC|Q,SA,"{""ACCESS_SHARING_LEVEL"": ""PUBLIC_OPEN"", ""CONFIDENTIALITY_STATUS"": ""F"", ""DERIVATION_TYPE"": ""O"", ""SECURITY_CLASSIFICATION"": ""PUB""}"
MLT,gdp_real_lcu_quarterly_sa,2023-Q1,quarterly,3505199947.7439,3505199947.7439,observed,IMF_QNEA,QNEA|B1GQ|Q|SA|XDC|Q,SA,"{""ACCESS_SHARING_LEVEL"": ""PUBLIC_OPEN"", ""CONFIDENTIALITY_STATUS"": ""F"", ""DERIVATION_TYPE"": ""O"", ""SECURITY_CLASSIFICATION"": ""PUB""}"
MLT,gdp_real_lcu_quarterly_sa,2023-Q2,quarterly,3576816297.185,3576816297.185,observed,IMF_QNEA,QNEA|B1GQ|Q|SA|XDC|Q,SA,"{""ACCESS_SHARING_LEVEL"": ""PUBLIC_OPEN"", ""CONFIDENTIALITY_STATUS"": ""F"", ""DERIVATION_TYPE"": ""O"", ""SECURITY_CLASSIFICATION"": ""PUB""}"
MLT,gdp_real_lcu_quarterly_sa,2023-Q3,quarterly,3665644738.8348,3665644738.8348,observed,IMF_QNEA,QNEA|B1GQ|Q|SA|XDC|Q,SA,"{""ACCESS_SHARING_LEVEL"": ""PUBLIC_OPEN"", ""CONFIDENTIALITY_STATUS"": ""F"", ""DERIVATION_TYPE"": ""O"", ""SECURITY_CLASSIFICATION"": ""PUB""}"
MLT,gdp_real_lcu_quarterly_sa,2023-Q4,quarterly,3720727837.5527,3720727837.5527,observed,IMF_QNEA,QNEA|B1GQ|Q|SA|XDC|Q,SA,"{""ACCESS_SHARING_LEVEL"": ""PUBLIC_OPEN"", ""CONFIDENTIALITY_STATUS"": ""F"", ""DERIVATION_TYPE"": ""O"", ""SECURITY_CLASSIFICATION"": ""PUB""}"
MLT,gdp_real_lcu_quarterly_sa,2024-Q1,quarterly,3761915238.4663,3761915238.4663,observed,IMF_QNEA,QNEA|B1GQ|Q|SA|XDC|Q,SA,"{""ACCESS_SHARING_LEVEL"": ""PUBLIC_OPEN"", ""CONFIDENTIALITY_STATUS"": ""F"", ""DERIVATION_TYPE"": ""O"", ""SECURITY_CLASSIFICATION"": ""PUB""}"
MLT,gdp_real_lcu_quarterly_sa,2024-Q2,quarterly,3832367490.4831,3832367490.4831,observed,IMF_QNEA,QNEA|B1GQ|Q|SA|XDC|Q,SA,"{""ACCESS_SHARING_LEVEL"": ""PUBLIC_OPEN"", ""CONFIDENTIALITY_STATUS"": ""F"", ""DERIVATION_TYPE"": ""O"", ""SECURITY_CLASSIFICATION"": ""PUB""}"
MLT,gdp_real_lcu_quarterly_sa,2024-Q3,quarterly,3813894538.7927,3813894538.7927,observed,IMF_QNEA,QNEA|B1GQ|Q|SA|XDC|Q,SA,"{""ACCESS_SHARING_LEVEL"": ""PUBLIC_OPEN"", ""CONFIDENTIALITY_STATUS"": ""F"", ""DERIVATION_TYPE"": ""O"", ""SECURITY_CLASSIFICATION"": ""PUB""}"
MLT,gdp_real_lcu_quarterly_sa,2024-Q4,quarterly,3827018484.1331,3827018484.1331,observed,IMF_QNEA,QNEA|B1GQ|Q|SA|XDC|Q,SA,"{""ACCESS_SHARING_LEVEL"": ""PUBLIC_OPEN"", ""CONFIDENTIALITY_STATUS"": ""F"", ""DERIVATION_TYPE"": ""O"", ""SECURITY_CLASSIFICATION"": ""PUB""}"
MNE,gdp_real_lcu_quarterly_sa,2020-Q1,quarterly,989619335.0,989619335,observed,IMF_QNEA,QNEA|B1GQ|Q|SA|XDC|Q,SA,"{""ACCESS_SHARING_LEVEL"": ""PUBLIC_OPEN"", ""CONFIDENTIALITY_STATUS"": ""F"", ""DERIVATION_TYPE"": ""O"", ""SECURITY_CLASSIFICATION"": ""PUB""}"
MNE,gdp_real_lcu_quarterly_sa,2020-Q2,quarterly,802839394.0,802839394,observed,IMF_QNEA,QNEA|B1GQ|Q|SA|XDC|Q,SA,"{""ACCESS_SHARING_LEVEL"": ""PUBLIC_OPEN"", ""CONFIDENTIALITY_STATUS"": ""F"", ""DERIVATION_TYPE"": ""O"", ""SECURITY_CLASSIFICATION"": ""PUB""}"
MNE,gdp_real_lcu_quarterly_sa,2020-Q3,quarterly,765756209.0,765756209,observed,IMF_QNEA,QNEA|B1GQ|Q|SA|XDC|Q,SA,"{""ACCESS_SHARING_LEVEL"": ""PUBLIC_OPEN"", ""CONFIDENTIALITY_STATUS"": ""F"", ""DERIVATION_TYPE"": ""O"", ""SECURITY_CLASSIFICATION"": ""PUB""}"
MNE,gdp_real_lcu_quarterly_sa,2020-Q4,quarterly,911691677.0,911691677,observed,IMF_QNEA,QNEA|B1GQ|Q|SA|XDC|Q,SA,"{""ACCESS_SHARING_LEVEL"": ""PUBLIC_OPEN"", ""CONFIDENTIALITY_STATUS"": ""F"", ""DERIVATION_TYPE"": ""O"", ""SECURITY_CLASSIFICATION"": ""PUB""}"
MNE,gdp_real_lcu_quarterly_sa,2021-Q1,quarterly,944755291.0,944755291,observed,IMF_QNEA,QNEA|B1GQ|Q|SA|XDC|Q,SA,"{""ACCESS_SHARING_LEVEL"": ""PUBLIC_OPEN"", ""CONFIDENTIALITY_STATUS"": ""F"", ""DERIVATION_TYPE"": ""O"", ""SECURITY_CLASSIFICATION"": ""PUB""}"
MNE,gdp_real_lcu_quarterly_sa,2021-Q2,quarterly,965330804.0,965330804,observed,IMF_QNEA,QNEA|B1GQ|Q|SA|XDC|Q,SA,"{""ACCESS_SHARING_LEVEL"": ""PUBLIC_OPEN"", ""CONFIDENTIALITY_STATUS"": ""F"", ""DERIVATION_TYPE"": ""O"", ""SECURITY_CLASSIFICATION"": ""PUB""}"
MNE,gdp_real_lcu_quarterly_sa,2021-Q3,quarterly,981327495.0,981327495,observed,IMF_QNEA,QNEA|B1GQ|Q|SA|XDC|Q,SA,"{""ACCESS_SHARING_LEVEL"": ""PUBLIC_OPEN"", ""CONFIDENTIALITY_STATUS"": ""F"", ""DERIVATION_TYPE"": ""O"", ""SECURITY_CLASSIFICATION"": ""PUB""}"
MNE,gdp_real_lcu_quarterly_sa,2021-Q4,quarterly,997276613.0,997276613,observed,IMF_QNEA,QNEA|B1GQ|Q|SA|XDC|Q,SA,"{""ACCESS_SHARING_LEVEL"": ""PUBLIC_OPEN"", ""CONFIDENTIALITY_STATUS"": ""F"", ""DERIVATION_TYPE"": ""O"", ""SECURITY_CLASSIFICATION"": ""PUB""}"
MNE,gdp_real_lcu_quarterly_sa,2022-Q1,quarterly,1014145801.0,1014145801,observed,IMF_QNEA,QNEA|B1GQ|Q|SA|XDC|Q,SA,"{""ACCESS_SHARING_LEVEL"": ""PUBLIC_OPEN"", ""CONFIDENTIALITY_STATUS"": ""F"", ""DERIVATION_TYPE"": ""O"", ""SECURITY_CLASSIFICATION"": ""PUB""}"
MNE,gdp_real_lcu_quarterly_sa,2022-Q2,quarterly,1028233806.0,1028233806,observed,IMF_QNEA,QNEA|B1GQ|Q|SA|XDC|Q,SA,"{""ACCESS_SHARING_LEVEL"": ""PUBLIC_OPEN"", ""CONFIDENTIALITY_STATUS"": ""F"", ""DERIVATION_TYPE"": ""O"", ""SECURITY_CLASSIFICATION"": ""PUB""}"
MNE,gdp_real_lcu_quarterly_sa,2022-Q3,quarterly,1041680319.0,1041680319,observed,IMF_QNEA,QNEA|B1GQ|Q|SA|XDC|Q,SA,"{""ACCESS_SHARING_LEVEL"": ""PUBLIC_OPEN"", ""CONFIDENTIALITY_STATUS"": ""F"", ""DERIVATION_TYPE"": ""O"", ""SECURITY_CLASSIFICATION"": ""PUB""}"
MNE,gdp_real_lcu_quarterly_sa,2022-Q4,quarterly,1057596755.0,1057596755,observed,IMF_QNEA,QNEA|B1GQ|Q|SA|XDC|Q,SA,"{""ACCESS_SHARING_LEVEL"": ""PUBLIC_OPEN"", ""CONFIDENTIALITY_STATUS"": ""F"", ""DERIVATION_TYPE"": ""O"", ""SECURITY_CLASSIFICATION"": ""PUB""}"
MNE,gdp_real_lcu_quarterly_sa,2023-Q1,quarterly,1074474256.0,1074474256,observed,IMF_QNEA,QNEA|B1GQ|Q|SA|XDC|Q,SA,"{""ACCESS_SHARING_LEVEL"": ""PUBLIC_OPEN"", ""CONFIDENTIALITY_STATUS"": ""F"", ""DERIVATION_TYPE"": ""O"", ""SECURITY_CLASSIFICATION"": ""PUB""}"
MNE,gdp_real_lcu_quarterly_sa,2023-Q2,quarterly,1092389988.0,1092389988,observed,IMF_QNEA,QNEA|B1GQ|Q|SA|XDC|Q,SA,"{""ACCESS_SHARING_LEVEL"": ""PUBLIC_OPEN"", ""CONFIDENTIALITY_STATUS"": ""F"", ""DERIVATION_TYPE"": ""O"", ""SECURITY_CLASSIFICATION"": ""PUB""}"
MNE,gdp_real_lcu_quarterly_sa,2023-Q3,quarterly,1106811579.0,1106811579,observed,IMF_QNEA,QNEA|B1GQ|Q|SA|XDC|Q,SA,"{""ACCESS_SHARING_LEVEL"": ""PUBLIC_OPEN"", ""CONFIDENTIALITY_STATUS"": ""F"", ""DERIVATION_TYPE"": ""O"", ""SECURITY_CLASSIFICATION"": ""PUB""}"
MNE,gdp_real_lcu_quarterly_sa,2023-Q4,quarterly,1116565930.0,1116565930,observed,IMF_QNEA,QNEA|B1GQ|Q|SA|XDC|Q,SA,"{""ACCESS_SHARING_LEVEL"": ""PUBLIC_OPEN"", ""CONFIDENTIALITY_STATUS"": ""F"", ""DERIVATION_TYPE"": ""O"", ""SECURITY_CLASSIFICATION"": ""PUB""}"
MNE,gdp_real_lcu_quarterly_sa,2024-Q1,quarterly,1124318348.0,1124318348,observed,IMF_QNEA,QNEA|B1GQ|Q|SA|XDC|Q,SA,"{""ACCESS_SHARING_LEVEL"": ""PUBLIC_OPEN"", ""CONFIDENTIALITY_STATUS"": ""F"", ""DERIVATION_TYPE"": ""O"", ""SECURITY_CLASSIFICATION"": ""PUB""}"
MNE,gdp_real_lcu_quarterly_sa,2024-Q2,quarterly,1130912113.0,1130912113,observed,IMF_QNEA,QNEA|B1GQ|Q|SA|XDC|Q,SA,"{""ACCESS_SHARING_LEVEL"": ""PUBLIC_OPEN"", ""CONFIDENTIALITY_STATUS"": ""F"", ""DERIVATION_TYPE"": ""O"", ""SECURITY_CLASSIFICATION"": ""PUB""}"
MNE,gdp_real_lcu_quarterly_sa,2024-Q3,quarterly,1138959035.0,1138959035,observed,IMF_QNEA,QNEA|B1GQ|Q|SA|XDC|Q,SA,"{""ACCESS_SHARING_LEVEL"": ""PUBLIC_OPEN"", ""CONFIDENTIALITY_STATUS"": ""F"", ""DERIVATION_TYPE"": ""O"", ""SECURITY_CLASSIFICATION"": ""PUB""}"
MNE,gdp_real_lcu_quarterly_sa,2024-Q4,quarterly,1148071422.0,1148071422,observed,IMF_QNEA,QNEA|B1GQ|Q|SA|XDC|Q,SA,"{""ACCESS_SHARING_LEVEL"": ""PUBLIC_OPEN"", ""CONFIDENTIALITY_STATUS"": ""F"", ""DERIVATION_TYPE"": ""O"", ""SECURITY_CLASSIFICATION"": ""PUB""}"
MYS,gdp_real_lcu_quarterly_sa,2021-Q1,quarterly,348913432000.0,348913432000,observed,IMF_QNEA,QNEA|B1GQ|Q|SA|XDC|Q,SA,"{""ACCESS_SHARING_LEVEL"": ""PUBLIC_OPEN"", ""CONFIDENTIALITY_STATUS"": ""F"", ""DERIVATION_TYPE"": ""O"", ""SECURITY_CLASSIFICATION"": ""PUB""}"
MYS,gdp_real_lcu_quarterly_sa,2021-Q2,quarterly,347754522000.0,347754522000,observed,IMF_QNEA,QNEA|B1GQ|Q|SA|XDC|Q,SA,"{""ACCESS_SHARING_LEVEL"": ""PUBLIC_OPEN"", ""CONFIDENTIALITY_STATUS"": ""F"", ""DERIVATION_TYPE"": ""O"", ""SECURITY_CLASSIFICATION"": ""PUB""}"
MYS,gdp_real_lcu_quarterly_sa,2021-Q3,quarterly,337669299000.0,337669299000,observed,IMF_QNEA,QNEA|B1GQ|Q|SA|XDC|Q,SA,"{""ACCESS_SHARING_LEVEL"": ""PUBLIC_OPEN"", ""CONFIDENTIALITY_STATUS"": ""F"", ""DERIVATION_TYPE"": ""O"", ""SECURITY_CLASSIFICATION"": ""PUB""}"
MYS,gdp_real_lcu_quarterly_sa,2021-Q4,quarterly,356544697000.0,356544697000,observed,IMF_QNEA,QNEA|B1GQ|Q|SA|XDC|Q,SA,"{""ACCESS_SHARING_LEVEL"": ""PUBLIC_OPEN"", ""CONFIDENTIALITY_STATUS"": ""F"", ""DERIVATION_TYPE"": ""O"", ""SECURITY_CLASSIFICATION"": ""PUB""}"
MYS,gdp_real_lcu_quarterly_sa,2022-Q1,quarterly,366324829000.0,366324829000,observed,IMF_QNEA,QNEA|B1GQ|Q|SA|XDC|Q,SA,"{""ACCESS_SHARING_LEVEL"": ""PUBLIC_OPEN"", ""CONFIDENTIALITY_STATUS"": ""F"", ""DERIVATION_TYPE"": ""O"", ""SECURITY_CLASSIFICATION"": ""PUB""}"
MYS,gdp_real_lcu_quarterly_sa,2022-Q2,quarterly,379469222000.0,379469222000,observed,IMF_QNEA,QNEA|B1GQ|Q|SA|XDC|Q,SA,"{""ACCESS_SHARING_LEVEL"": ""PUBLIC_OPEN"", ""CONFIDENTIALITY_STATUS"": ""F"", ""DERIVATION_TYPE"": ""O"", ""SECURITY_CLASSIFICATION"": ""PUB""}"
MYS,gdp_real_lcu_quarterly_sa,2022-Q3,quarterly,386119735000.0,386119735000,observed,IMF_QNEA,QNEA|B1GQ|Q|SA|XDC|Q,SA,"{""ACCESS_SHARING_LEVEL"": ""PUBLIC_OPEN"", ""CONFIDENTIALITY_STATUS"": ""F"", ""DERIVATION_TYPE"": ""O"", ""SECURITY_CLASSIFICATION"": ""PUB""}"
MYS,gdp_real_lcu_quarterly_sa,2022-Q4,quarterly,384588968000.0,384588968000,observed,IMF_QNEA,QNEA|B1GQ|Q|SA|XDC|Q,SA,"{""ACCESS_SHARING_LEVEL"": ""PUBLIC_OPEN"", ""CONFIDENTIALITY_STATUS"": ""F"", ""DERIVATION_TYPE"": ""O"", ""SECURITY_CLASSIFICATION"": ""PUB""}"
MYS,gdp_real_lcu_quarterly_sa,2023-Q1,quarterly,387967958000.0,387967958000,observed,IMF_QNEA,QNEA|B1GQ|Q|SA|XDC|Q,SA,"{""ACCESS_SHARING_LEVEL"": ""PUBLIC_OPEN"", ""CONFIDENTIALITY_STATUS"": ""F"", ""DERIVATION_TYPE"": ""O"", ""SECURITY_CLASSIFICATION"": ""PUB""}"
MYS,gdp_real_lcu_quarterly_sa,2023-Q2,quarterly,388984343000.0,388984343000,observed,IMF_QNEA,QNEA|B1GQ|Q|SA|XDC|Q,SA,"{""ACCESS_SHARING_LEVEL"": ""PUBLIC_OPEN"", ""CONFIDENTIALITY_STATUS"": ""F"", ""DERIVATION_TYPE"": ""O"", ""SECURITY_CLASSIFICATION"": ""PUB""}"
MYS,gdp_real_lcu_quarterly_sa,2023-Q3,quarterly,396666786000.0,396666786000,observed,IMF_QNEA,QNEA|B1GQ|Q|SA|XDC|Q,SA,"{""ACCESS_SHARING_LEVEL"": ""PUBLIC_OPEN"", ""CONFIDENTIALITY_STATUS"": ""F"", ""DERIVATION_TYPE"": ""O"", ""SECURITY_CLASSIFICATION"": ""PUB""}"
MYS,gdp_real_lcu_quarterly_sa,2023-Q4,quarterly,397155095000.0,397155095000,observed,IMF_QNEA,QNEA|B1GQ|Q|SA|XDC|Q,SA,"{""ACCESS_SHARING_LEVEL"": ""PUBLIC_OPEN"", ""CONFIDENTIALITY_STATUS"": ""F"", ""DERIVATION_TYPE"": ""O"", ""SECURITY_CLASSIFICATION"": ""PUB""}"
MYS,gdp_real_lcu_quarterly_sa,2024-Q1,quarterly,404502432000.0,404502432000,observed,IMF_QNEA,QNEA|B1GQ|Q|SA|XDC|Q,SA,"{""ACCESS_SHARING_LEVEL"": ""PUBLIC_OPEN"", ""CONFIDENTIALITY_STATUS"": ""F"", ""DERIVATION_TYPE"": ""O"", ""SECURITY_CLASSIFICATION"": ""PUB""}"
MYS,gdp_real_lcu_quarterly_sa,2024-Q2,quarterly,411680096000.0,411680096000,observed,IMF_QNEA,QNEA|B1GQ|Q|SA|XDC|Q,SA,"{""ACCESS_SHARING_LEVEL"": ""PUBLIC_OPEN"", ""CONFIDENTIALITY_STATUS"": ""F"", ""DERIVATION_TYPE"": ""O"", ""SECURITY_CLASSIFICATION"": ""PUB""}"
MYS,gdp_real_lcu_quarterly_sa,2024-Q3,quarterly,417128842000.0,417128842000,observed,IMF_QNEA,QNEA|B1GQ|Q|SA|XDC|Q,SA,"{""ACCESS_SHARING_LEVEL"": ""PUBLIC_OPEN"", ""CONFIDENTIALITY_STATUS"": ""F"", ""DERIVATION_TYPE"": ""O"", ""SECURITY_CLASSIFICATION"": ""PUB""}"
MYS,gdp_real_lcu_quarterly_sa,2024-Q4,quarterly,418425473000.0,418425473000,observed,IMF_QNEA,QNEA|B1GQ|Q|SA|XDC|Q,SA,"{""ACCESS_SHARING_LEVEL"": ""PUBLIC_OPEN"", ""CONFIDENTIALITY_STATUS"": ""F"", ""DERIVATION_TYPE"": ""O"", ""SECURITY_CLASSIFICATION"": ""PUB""}"
NLD,gdp_real_lcu_quarterly_sa,2020-Q1,quarterly,183729060339.19,183729060339.19,observed,IMF_QNEA,QNEA|B1GQ|Q|SA|XDC|Q,SA,"{""ACCESS_SHARING_LEVEL"": ""PUBLIC_OPEN"", ""CONFIDENTIALITY_STATUS"": ""F"", ""DERIVATION_TYPE"": ""O"", ""SECURITY_CLASSIFICATION"": ""PUB""}"
NLD,gdp_real_lcu_quarterly_sa,2020-Q2,quarterly,168417033336.59,168417033336.59,observed,IMF_QNEA,QNEA|B1GQ|Q|SA|XDC|Q,SA,"{""ACCESS_SHARING_LEVEL"": ""PUBLIC_OPEN"", ""CONFIDENTIALITY_STATUS"": ""F"", ""DERIVATION_TYPE"": ""O"", ""SECURITY_CLASSIFICATION"": ""PUB""}"
NLD,gdp_real_lcu_quarterly_sa,2020-Q3,quarterly,179415371389.63,179415371389.63,observed,IMF_QNEA,QNEA|B1GQ|Q|SA|XDC|Q,SA,"{""ACCESS_SHARING_LEVEL"": ""PUBLIC_OPEN"", ""CONFIDENTIALITY_STATUS"": ""F"", ""DERIVATION_TYPE"": ""O"", ""SECURITY_CLASSIFICATION"": ""PUB""}"
NLD,gdp_real_lcu_quarterly_sa,2020-Q4,quarterly,180005567479.44,180005567479.44,observed,IMF_QNEA,QNEA|B1GQ|Q|SA|XDC|Q,SA,"{""ACCESS_SHARING_LEVEL"": ""PUBLIC_OPEN"", ""CONFIDENTIALITY_STATUS"": ""F"", ""DERIVATION_TYPE"": ""O"", ""SECURITY_CLASSIFICATION"": ""PUB""}"
NLD,gdp_real_lcu_quarterly_sa,2021-Q1,quarterly,181867737900.76,181867737900.76,observed,IMF_QNEA,QNEA|B1GQ|Q|SA|XDC|Q,SA,"{""ACCESS_SHARING_LEVEL"": ""PUBLIC_OPEN"", ""CONFIDENTIALITY_STATUS"": ""F"", ""DERIVATION_TYPE"": ""O"", ""SECURITY_CLASSIFICATION"": ""PUB""}"
NLD,gdp_real_lcu_quarterly_sa,2021-Q2,quarterly,188981466345.39,188981466345.39,observed,IMF_QNEA,QNEA|B1GQ|Q|SA|XDC|Q,SA,"{""ACCESS_SHARING_LEVEL"": ""PUBLIC_OPEN"", ""CONFIDENTIALITY_STATUS"": ""F"", ""DERIVATION_TYPE"": ""O"", ""SECURITY_CLASSIFICATION"": ""PUB""}"
NLD,gdp_real_lcu_quarterly_sa,2021-Q3,quarterly,192381877724.94,192381877724.94,observed,IMF_QNEA,QNEA|B1GQ|Q|SA|XDC|Q,SA,"{""ACCESS_SHARING_LEVEL"": ""PUBLIC_OPEN"", ""CONFIDENTIALITY_STATUS"": ""F"", ""DERIVATION_TYPE"": ""O"", ""SECURITY_CLASSIFICATION"": ""PUB""}"
NLD,gdp_real_lcu_quarterly_sa,2021-Q4,quarterly,192486179620.12,192486179620.12,observed,IMF_QNEA,QNEA|B1GQ|Q|SA|XDC|Q,SA,"{""ACCESS_SHARING_LEVEL"": ""PUBLIC_OPEN"", ""CONFIDENTIALITY_STATUS"": ""F"", ""DERIVATION_TYPE"": ""O"", ""SECURITY_CLASSIFICATION"": ""PUB""}"
NLD,gdp_real_lcu_quarterly_sa,2022-Q1,quarterly,194964833600.77,194964833600.77,observed,IMF_QNEA,QNEA|B1GQ|Q|SA|XDC|Q,SA,"{""ACCESS_SHARING_LEVEL"": ""PUBLIC_OPEN"", ""CONFIDENTIALITY_STATUS"": ""F"", ""DERIVATION_TYPE"": ""O"", ""SECURITY_CLASSIFICATION"": ""PUB""}"
NLD,gdp_real_lcu_quarterly_sa,2022-Q2,quarterly,199547333125.72,199547333125.72,observed,IMF_QNEA,QNEA|B1GQ|Q|SA|XDC|Q,SA,"{""ACCESS_SHARING_LEVEL"": ""PUBLIC_OPEN"", ""CONFIDENTIALITY_STATUS"": ""F"", ""DERIVATION_TYPE"": ""O"", ""SECURITY_CLASSIFICATION"": ""PUB""}"
NLD,gdp_real_lcu_quarterly_sa,2022-Q3,quarterly,199709297857.26,199709297857.26,observed,IMF_QNEA,QNEA|B1GQ|Q|SA|XDC|Q,SA,"{""ACCESS_SHARING_LEVEL"": ""PUBLIC_OPEN"", ""CONFIDENTIALITY_STATUS"": ""F"", ""DERIVATION_TYPE"": ""O"", ""SECURITY_CLASSIFICATION"": ""PUB""}"
NLD,gdp_real_lcu_quarterly_sa,2022-Q4,quarterly,199363320839.1,199363320839.1,observed,IMF_QNEA,QNEA|B1GQ|Q|SA|XDC|Q,SA,"{""ACCESS_SHARING_LEVEL"": ""PUBLIC_OPEN"", ""CONFIDENTIALITY_STATUS"": ""F"", ""DERIVATION_TYPE"": ""O"", ""SECURITY_CLASSIFICATION"": ""PUB""}"
NLD,gdp_real_lcu_quarterly_sa,2023-Q1,quarterly,198442411423.09,198442411423.09,observed,IMF_QNEA,QNEA|B1GQ|Q|SA|XDC|Q,SA,"{""ACCESS_SHARING_LEVEL"": ""PUBLIC_OPEN"", ""CONFIDENTIALITY_STATUS"": ""F"", ""DERIVATION_TYPE"": ""O"", ""SECURITY_CLASSIFICATION"": ""PUB""}"
NLD,gdp_real_lcu_quarterly_sa,2023-Q2,quarterly,197554573339.7,197554573339.7,observed,IMF_QNEA,QNEA|B1GQ|Q|SA|XDC|Q,SA,"{""ACCESS_SHARING_LEVEL"": ""PUBLIC_OPEN"", ""CONFIDENTIALITY_STATUS"": ""F"", ""DERIVATION_TYPE"": ""O"", ""SECURITY_CLASSIFICATION"": ""PUB""}"
NLD,gdp_real_lcu_quarterly_sa,2023-Q3,quarterly,196238503898.04,196238503898.04,observed,IMF_QNEA,QNEA|B1GQ|Q|SA|XDC|Q,SA,"{""ACCESS_SHARING_LEVEL"": ""PUBLIC_OPEN"", ""CONFIDENTIALITY_STATUS"": ""F"", ""DERIVATION_TYPE"": ""O"", ""SECURITY_CLASSIFICATION"": ""PUB""}"
NLD,gdp_real_lcu_quarterly_sa,2023-Q4,quarterly,196722702126.9,196722702126.9,observed,IMF_QNEA,QNEA|B1GQ|Q|SA|XDC|Q,SA,"{""ACCESS_SHARING_LEVEL"": ""PUBLIC_OPEN"", ""CONFIDENTIALITY_STATUS"": ""F"", ""DERIVATION_TYPE"": ""O"", ""SECURITY_CLASSIFICATION"": ""PUB""}"
NLD,gdp_real_lcu_quarterly_sa,2024-Q1,quarterly,197334945771.8,197334945771.8,observed,IMF_QNEA,QNEA|B1GQ|Q|SA|XDC|Q,SA,"{""ACCESS_SHARING_LEVEL"": ""PUBLIC_OPEN"", ""CONFIDENTIALITY_STATUS"": ""F"", ""DERIVATION_TYPE"": ""O"", ""SECURITY_CLASSIFICATION"": ""PUB""}"
NLD,gdp_real_lcu_quarterly_sa,2024-Q2,quarterly,198974944676.54,198974944676.54,observed,IMF_QNEA,QNEA|B1GQ|Q|SA|XDC|Q,SA,"{""ACCESS_SHARING_LEVEL"": ""PUBLIC_OPEN"", ""CONFIDENTIALITY_STATUS"": ""F"", ""DERIVATION_TYPE"": ""O"", ""SECURITY_CLASSIFICATION"": ""PUB""}"
NLD,gdp_real_lcu_quarterly_sa,2024-Q3,quarterly,200181624325.69,200181624325.69,observed,IMF_QNEA,QNEA|B1GQ|Q|SA|XDC|Q,SA,"{""ACCESS_SHARING_LEVEL"": ""PUBLIC_OPEN"", ""CONFIDENTIALITY_STATUS"": ""F"", ""DERIVATION_TYPE"": ""O"", ""SECURITY_CLASSIFICATION"": ""PUB""}"
NLD,gdp_real_lcu_quarterly_sa,2024-Q4,quarterly,200863402567.38,200863402567.38,observed,IMF_QNEA,QNEA|B1GQ|Q|SA|XDC|Q,SA,"{""ACCESS_SHARING_LEVEL"": ""PUBLIC_OPEN"", ""CONFIDENTIALITY_STATUS"": ""F"", ""DERIVATION_TYPE"": ""O"", ""SECURITY_CLASSIFICATION"": ""PUB""}"
NOR,gdp_real_lcu_quarterly_sa,2020-Q1,quarterly,775459953310.41,775459953310.41,observed,IMF_QNEA,QNEA|B1GQ|Q|SA|XDC|Q,SA,"{""ACCESS_SHARING_LEVEL"": ""PUBLIC_OPEN"", ""CONFIDENTIALITY_STATUS"": ""F"", ""DERIVATION_TYPE"": ""O"", ""SECURITY_CLASSIFICATION"": ""PUB""}"
NOR,gdp_real_lcu_quarterly_sa,2020-Q2,quarterly,750566351182.15,750566351182.15,observed,IMF_QNEA,QNEA|B1GQ|Q|SA|XDC|Q,SA,"{""ACCESS_SHARING_LEVEL"": ""PUBLIC_OPEN"", ""CONFIDENTIALITY_STATUS"": ""F"", ""DERIVATION_TYPE"": ""O"", ""SECURITY_CLASSIFICATION"": ""PUB""}"
NOR,gdp_real_lcu_quarterly_sa,2020-Q3,quarterly,776340801904.38,776340801904.38,observed,IMF_QNEA,QNEA|B1GQ|Q|SA|XDC|Q,SA,"{""ACCESS_SHARING_LEVEL"": ""PUBLIC_OPEN"", ""CONFIDENTIALITY_STATUS"": ""F"", ""DERIVATION_TYPE"": ""O"", ""SECURITY_CLASSIFICATION"": ""PUB""}"
NOR,gdp_real_lcu_quarterly_sa,2020-Q4,quarterly,770242425043.72,770242425043.72,observed,IMF_QNEA,QNEA|B1GQ|Q|SA|XDC|Q,SA,"{""ACCESS_SHARING_LEVEL"": ""PUBLIC_OPEN"", ""CONFIDENTIALITY_STATUS"": ""F"", ""DERIVATION_TYPE"": ""O"", ""SECURITY_CLASSIFICATION"": ""PUB""}"
NOR,gdp_real_lcu_quarterly_sa,2021-Q1,quarterly,782281952026.77,782281952026.77,observed,IMF_QNEA,QNEA|B1GQ|Q|SA|XDC|Q,SA,"{""ACCESS_SHARING_LEVEL"": ""PUBLIC_OPEN"", ""CONFIDENTIALITY_STATUS"": ""F"", ""DERIVATION_TYPE"": ""O"", ""SECURITY_CLASSIFICATION"": ""PUB""}"
NOR,gdp_real_lcu_quarterly_sa,2021-Q2,quarterly,786150108648.06,786150108648.06,observed,IMF_QNEA,QNEA|B1GQ|Q|SA|XDC|Q,SA,"{""ACCESS_SHARING_LEVEL"": ""PUBLIC_OPEN"", ""CONFIDENTIALITY_STATUS"": ""F"", ""DERIVATION_TYPE"": ""O"", ""SECURITY_CLASSIFICATION"": ""PUB""}"
NOR,gdp_real_lcu_quarterly_sa,2021-Q3,quarterly,816904668947.85,816904668947.85,observed,IMF_QNEA,QNEA|B1GQ|Q|SA|XDC|Q,SA,"{""ACCESS_SHARING_LEVEL"": ""PUBLIC_OPEN"", ""CONFIDENTIALITY_STATUS"": ""F"", ""DERIVATION_TYPE"": ""O"", ""SECURITY_CLASSIFICATION"": ""PUB""}"
NOR,gdp_real_lcu_quarterly_sa,2021-Q4,quarterly,817195759415.11,817195759415.11,observed,IMF_QNEA,QNEA|B1GQ|Q|SA|XDC|Q,SA,"{""ACCESS_SHARING_LEVEL"": ""PUBLIC_OPEN"", ""CONFIDENTIALITY_STATUS"": ""F"", ""DERIVATION_TYPE"": ""O"", ""SECURITY_CLASSIFICATION"": ""PUB""}"
NOR,gdp_real_lcu_quarterly_sa,2022-Q1,quarterly,818166271450.19,818166271450.19,observed,IMF_QNEA,QNEA|B1GQ|Q|SA|XDC|Q,SA,"{""ACCESS_SHARING_LEVEL"": ""PUBLIC_OPEN"", ""CONFIDENTIALITY_STATUS"": ""F"", ""DERIVATION_TYPE"": ""O"", ""SECURITY_CLASSIFICATION"": ""PUB""}"
NOR,gdp_real_lcu_quarterly_sa,2022-Q2,quarterly,830488048842.92,830488048842.92,observed,IMF_QNEA,QNEA|B1GQ|Q|SA|XDC|Q,SA,"{""ACCESS_SHARING_LEVEL"": ""PUBLIC_OPEN"", ""CONFIDENTIALITY_STATUS"": ""F"", ""DERIVATION_TYPE"": ""O"", ""SECURITY_CLASSIFICATION"": ""PUB""}"
NOR,gdp_real_lcu_quarterly_sa,2022-Q3,quarterly,844625195201.73,844625195201.73,observed,IMF_QNEA,QNEA|B1GQ|Q|SA|XDC|Q,SA,"{""ACCESS_SHARING_LEVEL"": ""PUBLIC_OPEN"", ""CONFIDENTIALITY_STATUS"": ""F"", ""DERIVATION_TYPE"": ""O"", ""SECURITY_CLASSIFICATION"": ""PUB""}"
NOR,gdp_real_lcu_quarterly_sa,2022-Q4,quarterly,838340545699.33,838340545699.33,observed,IMF_QNEA,QNEA|B1GQ|Q|SA|XDC|Q,SA,"{""ACCESS_SHARING_LEVEL"": ""PUBLIC_OPEN"", ""CONFIDENTIALITY_STATUS"": ""F"", ""DERIVATION_TYPE"": ""O"", ""SECURITY_CLASSIFICATION"": ""PUB""}"
NOR,gdp_real_lcu_quarterly_sa,2023-Q1,quarterly,841382156937.45,841382156937.45,observed,IMF_QNEA,QNEA|B1GQ|Q|SA|XDC|Q,SA,"{""ACCESS_SHARING_LEVEL"": ""PUBLIC_OPEN"", ""CONFIDENTIALITY_STATUS"": ""F"", ""DERIVATION_TYPE"": ""O"", ""SECURITY_CLASSIFICATION"": ""PUB""}"
NOR,gdp_real_lcu_quarterly_sa,2023-Q2,quarterly,835838177973.21,835838177973.21,observed,IMF_QNEA,QNEA|B1GQ|Q|SA|XDC|Q,SA,"{""ACCESS_SHARING_LEVEL"": ""PUBLIC_OPEN"", ""CONFIDENTIALITY_STATUS"": ""F"", ""DERIVATION_TYPE"": ""O"", ""SECURITY_CLASSIFICATION"": ""PUB""}"
NOR,gdp_real_lcu_quarterly_sa,2023-Q3,quarterly,828398638092.05,828398638092.05,observed,IMF_QNEA,QNEA|B1GQ|Q|SA|XDC|Q,SA,"{""ACCESS_SHARING_LEVEL"": ""PUBLIC_OPEN"", ""CONFIDENTIALITY_STATUS"": ""F"", ""DERIVATION_TYPE"": ""O"", ""SECURITY_CLASSIFICATION"": ""PUB""}"
NOR,gdp_real_lcu_quarterly_sa,2023-Q4,quarterly,845483943651.77,845483943651.77,observed,IMF_QNEA,QNEA|B1GQ|Q|SA|XDC|Q,SA,"{""ACCESS_SHARING_LEVEL"": ""PUBLIC_OPEN"", ""CONFIDENTIALITY_STATUS"": ""F"", ""DERIVATION_TYPE"": ""O"", ""SECURITY_CLASSIFICATION"": ""PUB""}"
NOR,gdp_real_lcu_quarterly_sa,2024-Q1,quarterly,847193863359.65,847193863359.65,observed,IMF_QNEA,QNEA|B1GQ|Q|SA|XDC|Q,SA,"{""ACCESS_SHARING_LEVEL"": ""PUBLIC_OPEN"", ""CONFIDENTIALITY_STATUS"": ""F"", ""DERIVATION_TYPE"": ""O"", ""SECURITY_CLASSIFICATION"": ""PUB""}"
NOR,gdp_real_lcu_quarterly_sa,2024-Q2,quarterly,856662196454.04,856662196454.04,observed,IMF_QNEA,QNEA|B1GQ|Q|SA|XDC|Q,SA,"{""ACCESS_SHARING_LEVEL"": ""PUBLIC_OPEN"", ""CONFIDENTIALITY_STATUS"": ""F"", ""DERIVATION_TYPE"": ""O"", ""SECURITY_CLASSIFICATION"": ""PUB""}"
NOR,gdp_real_lcu_quarterly_sa,2024-Q3,quarterly,849073638459.48,849073638459.48,observed,IMF_QNEA,QNEA|B1GQ|Q|SA|XDC|Q,SA,"{""ACCESS_SHARING_LEVEL"": ""PUBLIC_OPEN"", ""CONFIDENTIALITY_STATUS"": ""F"", ""DERIVATION_TYPE"": ""O"", ""SECURITY_CLASSIFICATION"": ""PUB""}"
NOR,gdp_real_lcu_quarterly_sa,2024-Q4,quarterly,846516967522.55,846516967522.55,observed,IMF_QNEA,QNEA|B1GQ|Q|SA|XDC|Q,SA,"{""ACCESS_SHARING_LEVEL"": ""PUBLIC_OPEN"", ""CONFIDENTIALITY_STATUS"": ""F"", ""DERIVATION_TYPE"": ""O"", ""SECURITY_CLASSIFICATION"": ""PUB""}"
NZL,gdp_real_lcu_quarterly_sa,2020-Q1,quarterly,65545000000.0,65545000000,observed,IMF_QNEA,QNEA|B1GQ|Q|SA|XDC|Q,SA,"{""ACCESS_SHARING_LEVEL"": ""PUBLIC_OPEN"", ""CONFIDENTIALITY_STATUS"": ""F"", ""DERIVATION_TYPE"": ""O"", ""SECURITY_CLASSIFICATION"": ""PUB""}"
NZL,gdp_real_lcu_quarterly_sa,2020-Q2,quarterly,58987000000.0,58987000000,observed,IMF_QNEA,QNEA|B1GQ|Q|SA|XDC|Q,SA,"{""ACCESS_SHARING_LEVEL"": ""PUBLIC_OPEN"", ""CONFIDENTIALITY_STATUS"": ""F"", ""DERIVATION_TYPE"": ""O"", ""SECURITY_CLASSIFICATION"": ""PUB""}"
NZL,gdp_real_lcu_quarterly_sa,2020-Q3,quarterly,67265000000.0,67265000000,observed,IMF_QNEA,QNEA|B1GQ|Q|SA|XDC|Q,SA,"{""ACCESS_SHARING_LEVEL"": ""PUBLIC_OPEN"", ""CONFIDENTIALITY_STATUS"": ""F"", ""DERIVATION_TYPE"": ""O"", ""SECURITY_CLASSIFICATION"": ""PUB""}"
NZL,gdp_real_lcu_quarterly_sa,2020-Q4,quarterly,67571000000.0,67571000000,observed,IMF_QNEA,QNEA|B1GQ|Q|SA|XDC|Q,SA,"{""ACCESS_SHARING_LEVEL"": ""PUBLIC_OPEN"", ""CONFIDENTIALITY_STATUS"": ""F"", ""DERIVATION_TYPE"": ""O"", ""SECURITY_CLASSIFICATION"": ""PUB""}"
NZL,gdp_real_lcu_quarterly_sa,2021-Q1,quarterly,68970000000.0,68970000000,observed,IMF_QNEA,QNEA|B1GQ|Q|SA|XDC|Q,SA,"{""ACCESS_SHARING_LEVEL"": ""PUBLIC_OPEN"", ""CONFIDENTIALITY_STATUS"": ""F"", ""DERIVATION_TYPE"": ""O"", ""SECURITY_CLASSIFICATION"": ""PUB""}"
NZL,gdp_real_lcu_quarterly_sa,2021-Q2,quarterly,69490000000.0,69490000000,observed,IMF_QNEA,QNEA|B1GQ|Q|SA|XDC|Q,SA,"{""ACCESS_SHARING_LEVEL"": ""PUBLIC_OPEN"", ""CONFIDENTIALITY_STATUS"": ""F"", ""DERIVATION_TYPE"": ""O"", ""SECURITY_CLASSIFICATION"": ""PUB""}"
NZL,gdp_real_lcu_quarterly_sa,2021-Q3,quarterly,66455000000.0,66455000000,observed,IMF_QNEA,QNEA|B1GQ|Q|SA|XDC|Q,SA,"{""ACCESS_SHARING_LEVEL"": ""PUBLIC_OPEN"", ""CONFIDENTIALITY_STATUS"": ""F"", ""DERIVATION_TYPE"": ""O"", ""SECURITY_CLASSIFICATION"": ""PUB""}"
NZL,gdp_real_lcu_quarterly_sa,2021-Q4,quarterly,69147000000.0,69147000000,observed,IMF_QNEA,QNEA|B1GQ|Q|SA|XDC|Q,SA,"{""ACCESS_SHARING_LEVEL"": ""PUBLIC_OPEN"", ""CONFIDENTIALITY_STATUS"": ""F"", ""DERIVATION_TYPE"": ""O"", ""SECURITY_CLASSIFICATION"": ""PUB""}"
NZL,gdp_real_lcu_quarterly_sa,2022-Q1,quarterly,69179000000.0,69179000000,observed,IMF_QNEA,QNEA|B1GQ|Q|SA|XDC|Q,SA,"{""ACCESS_SHARING_LEVEL"": ""PUBLIC_OPEN"", ""CONFIDENTIALITY_STATUS"": ""F"", ""DERIVATION_TYPE"": ""O"", ""SECURITY_CLASSIFICATION"": ""PUB""}"
NZL,gdp_real_lcu_quarterly_sa,2022-Q2,quarterly,70094000000.0,70094000000,observed,IMF_QNEA,QNEA|B1GQ|Q|SA|XDC|Q,SA,"{""ACCESS_SHARING_LEVEL"": ""PUBLIC_OPEN"", ""CONFIDENTIALITY_STATUS"": ""F"", ""DERIVATION_TYPE"": ""O"", ""SECURITY_CLASSIFICATION"": ""PUB""}"
NZL,gdp_real_lcu_quarterly_sa,2022-Q3,quarterly,71718000000.0,71718000000,observed,IMF_QNEA,QNEA|B1GQ|Q|SA|XDC|Q,SA,"{""ACCESS_SHARING_LEVEL"": ""PUBLIC_OPEN"", ""CONFIDENTIALITY_STATUS"": ""F"", ""DERIVATION_TYPE"": ""O"", ""SECURITY_CLASSIFICATION"": ""PUB""}"
NZL,gdp_real_lcu_quarterly_sa,2022-Q4,quarterly,71904000000.0,71904000000,observed,IMF_QNEA,QNEA|B1GQ|Q|SA|XDC|Q,SA,"{""ACCESS_SHARING_LEVEL"": ""PUBLIC_OPEN"", ""CONFIDENTIALITY_STATUS"": ""F"", ""DERIVATION_TYPE"": ""O"", ""SECURITY_CLASSIFICATION"": ""PUB""}"
NZL,gdp_real_lcu_quarterly_sa,2023-Q1,quarterly,71657000000.0,71657000000,observed,IMF_QNEA,QNEA|B1GQ|Q|SA|XDC|Q,SA,"{""ACCESS_SHARING_LEVEL"": ""PUBLIC_OPEN"", ""CONFIDENTIALITY_STATUS"": ""F"", ""DERIVATION_TYPE"": ""O"", ""SECURITY_CLASSIFICATION"": ""PUB""}"
NZL,gdp_real_lcu_quarterly_sa,2023-Q2,quarterly,72277000000.0,72277000000,observed,IMF_QNEA,QNEA|B1GQ|Q|SA|XDC|Q,SA,"{""ACCESS_SHARING_LEVEL"": ""PUBLIC_OPEN"", ""CONFIDENTIALITY_STATUS"": ""F"", ""DERIVATION_TYPE"": ""O"", ""SECURITY_CLASSIFICATION"": ""PUB""}"
NZL,gdp_real_lcu_quarterly_sa,2023-Q3,quarterly,72261000000.0,72261000000,observed,IMF_QNEA,QNEA|B1GQ|Q|SA|XDC|Q,SA,"{""ACCESS_SHARING_LEVEL"": ""PUBLIC_OPEN"", ""CONFIDENTIALITY_STATUS"": ""F"", ""DERIVATION_TYPE"": ""O"", ""SECURITY_CLASSIFICATION"": ""PUB""}"
NZL,gdp_real_lcu_quarterly_sa,2023-Q4,quarterly,72560000000.0,72560000000,observed,IMF_QNEA,QNEA|B1GQ|Q|SA|XDC|Q,SA,"{""ACCESS_SHARING_LEVEL"": ""PUBLIC_OPEN"", ""CONFIDENTIALITY_STATUS"": ""F"", ""DERIVATION_TYPE"": ""O"", ""SECURITY_CLASSIFICATION"": ""PUB""}"
NZL,gdp_real_lcu_quarterly_sa,2024-Q1,quarterly,72419000000.0,72419000000,observed,IMF_QNEA,QNEA|B1GQ|Q|SA|XDC|Q,SA,"{""ACCESS_SHARING_LEVEL"": ""PUBLIC_OPEN"", ""CONFIDENTIALITY_STATUS"": ""F"", ""DERIVATION_TYPE"": ""O"", ""SECURITY_CLASSIFICATION"": ""PUB""}"
NZL,gdp_real_lcu_quarterly_sa,2024-Q2,quarterly,72317000000.0,72317000000,observed,IMF_QNEA,QNEA|B1GQ|Q|SA|XDC|Q,SA,"{""ACCESS_SHARING_LEVEL"": ""PUBLIC_OPEN"", ""CONFIDENTIALITY_STATUS"": ""F"", ""DERIVATION_TYPE"": ""O"", ""SECURITY_CLASSIFICATION"": ""PUB""}"
NZL,gdp_real_lcu_quarterly_sa,2024-Q3,quarterly,71472000000.0,71472000000,observed,IMF_QNEA,QNEA|B1GQ|Q|SA|XDC|Q,SA,"{""ACCESS_SHARING_LEVEL"": ""PUBLIC_OPEN"", ""CONFIDENTIALITY_STATUS"": ""F"", ""DERIVATION_TYPE"": ""O"", ""SECURITY_CLASSIFICATION"": ""PUB""}"
NZL,gdp_real_lcu_quarterly_sa,2024-Q4,quarterly,71622000000.0,71622000000,observed,IMF_QNEA,QNEA|B1GQ|Q|SA|XDC|Q,SA,"{""ACCESS_SHARING_LEVEL"": ""PUBLIC_OPEN"", ""CONFIDENTIALITY_STATUS"": ""F"", ""DERIVATION_TYPE"": ""O"", ""SECURITY_CLASSIFICATION"": ""PUB""}"
PHL,gdp_real_lcu_quarterly_sa,2020-Q1,quarterly,4718344914230.64,4718344914230.64,observed,IMF_QNEA,QNEA|B1GQ|Q|SA|XDC|Q,SA,"{""ACCESS_SHARING_LEVEL"": ""PUBLIC_OPEN"", ""CONFIDENTIALITY_STATUS"": ""F"", ""DERIVATION_TYPE"": ""O"", ""SECURITY_CLASSIFICATION"": ""PUB""}"
PHL,gdp_real_lcu_quarterly_sa,2020-Q2,quarterly,4060365478036.02,4060365478036.02,observed,IMF_QNEA,QNEA|B1GQ|Q|SA|XDC|Q,SA,"{""ACCESS_SHARING_LEVEL"": ""PUBLIC_OPEN"", ""CONFIDENTIALITY_STATUS"": ""F"", ""DERIVATION_TYPE"": ""O"", ""SECURITY_CLASSIFICATION"": ""PUB""}"
PHL,gdp_real_lcu_quarterly_sa,2020-Q3,quarterly,4337006934199.69,4337006934199.69,observed,IMF_QNEA,QNEA|B1GQ|Q|SA|XDC|Q,SA,"{""ACCESS_SHARING_LEVEL"": ""PUBLIC_OPEN"", ""CONFIDENTIALITY_STATUS"": ""F"", ""DERIVATION_TYPE"": ""O"", ""SECURITY_CLASSIFICATION"": ""PUB""}"
PHL,gdp_real_lcu_quarterly_sa,2020-Q4,quarterly,4438096437105.33,4438096437105.33,observed,IMF_QNEA,QNEA|B1GQ|Q|SA|XDC|Q,SA,"{""ACCESS_SHARING_LEVEL"": ""PUBLIC_OPEN"", ""CONFIDENTIALITY_STATUS"": ""F"", ""DERIVATION_TYPE"": ""O"", ""SECURITY_CLASSIFICATION"": ""PUB""}"
PHL,gdp_real_lcu_quarterly_sa,2021-Q1,quarterly,4504292124376.44,4504292124376.44,observed,IMF_QNEA,QNEA|B1GQ|Q|SA|XDC|Q,SA,"{""ACCESS_SHARING_LEVEL"": ""PUBLIC_OPEN"", ""CONFIDENTIALITY_STATUS"": ""F"", ""DERIVATION_TYPE"": ""O"", ""SECURITY_CLASSIFICATION"": ""PUB""}"
PHL,gdp_real_lcu_quarterly_sa,2021-Q2,quarterly,4570396394666.79,4570396394666.79,observed,IMF_QNEA,QNEA|B1GQ|Q|SA|XDC|Q,SA,"{""ACCESS_SHARING_LEVEL"": ""PUBLIC_OPEN"", ""CONFIDENTIALITY_STATUS"": ""F"", ""DERIVATION_TYPE"": ""O"", ""SECURITY_CLASSIFICATION"": ""PUB""}"
PHL,gdp_real_lcu_quarterly_sa,2021-Q3,quarterly,4653690288109.54,4653690288109.54,observed,IMF_QNEA,QNEA|B1GQ|Q|SA|XDC|Q,SA,"{""ACCESS_SHARING_LEVEL"": ""PUBLIC_OPEN"", ""CONFIDENTIALITY_STATUS"": ""F"", ""DERIVATION_TYPE"": ""O"", ""SECURITY_CLASSIFICATION"": ""PUB""}"
PHL,gdp_real_lcu_quarterly_sa,2021-Q4,quarterly,4780060192530.14,4780060192530.14,observed,IMF_QNEA,QNEA|B1GQ|Q|SA|XDC|Q,SA,"{""ACCESS_SHARING_LEVEL"": ""PUBLIC_OPEN"", ""CONFIDENTIALITY_STATUS"": ""F"", ""DERIVATION_TYPE"": ""O"", ""SECURITY_CLASSIFICATION"": ""PUB""}"
PHL,gdp_real_lcu_quarterly_sa,2022-Q1,quarterly,4855345720319.99,4855345720319.99,observed,IMF_QNEA,QNEA|B1GQ|Q|SA|XDC|Q,SA,"{""ACCESS_SHARING_LEVEL"": ""PUBLIC_OPEN"", ""CONFIDENTIALITY_STATUS"": ""F"", ""DERIVATION_TYPE"": ""O"", ""SECURITY_CLASSIFICATION"": ""PUB""}"
PHL,gdp_real_lcu_quarterly_sa,2022-Q2,quarterly,4939760592915.55,4939760592915.55,observed,IMF_QNEA,QNEA|B1GQ|Q|SA|XDC|Q,SA,"{""ACCESS_SHARING_LEVEL"": ""PUBLIC_OPEN"", ""CONFIDENTIALITY_STATUS"": ""F"", ""DERIVATION_TYPE"": ""O"", ""SECURITY_CLASSIFICATION"": ""PUB""}"
PHL,gdp_real_lcu_quarterly_sa,2022-Q3,quarterly,5025171559995.97,5025171559995.97,observed,IMF_QNEA,QNEA|B1GQ|Q|SA|XDC|Q,SA,"{""ACCESS_SHARING_LEVEL"": ""PUBLIC_OPEN"", ""CONFIDENTIALITY_STATUS"": ""F"", ""DERIVATION_TYPE"": ""O"", ""SECURITY_CLASSIFICATION"": ""PUB""}"
PHL,gdp_real_lcu_quarterly_sa,2022-Q4,quarterly,5107024387725.85,5107024387725.85,observed,IMF_QNEA,QNEA|B1GQ|Q|SA|XDC|Q,SA,"{""ACCESS_SHARING_LEVEL"": ""PUBLIC_OPEN"", ""CONFIDENTIALITY_STATUS"": ""F"", ""DERIVATION_TYPE"": ""O"", ""SECURITY_CLASSIFICATION"": ""PUB""}"
PHL,gdp_real_lcu_quarterly_sa,2023-Q1,quarterly,5155896663139.7,5155896663139.7,observed,IMF_QNEA,QNEA|B1GQ|Q|SA|XDC|Q,SA,"{""ACCESS_SHARING_LEVEL"": ""PUBLIC_OPEN"", ""CONFIDENTIALITY_STATUS"": ""F"", ""DERIVATION_TYPE"": ""O"", ""SECURITY_CLASSIFICATION"": ""PUB""}"
PHL,gdp_real_lcu_quarterly_sa,2023-Q2,quarterly,5172727173983.04,5172727173983.04,observed,IMF_QNEA,QNEA|B1GQ|Q|SA|XDC|Q,SA,"{""ACCESS_SHARING_LEVEL"": ""PUBLIC_OPEN"", ""CONFIDENTIALITY_STATUS"": ""F"", ""DERIVATION_TYPE"": ""O"", ""SECURITY_CLASSIFICATION"": ""PUB""}"
PHL,gdp_real_lcu_quarterly_sa,2023-Q3,quarterly,5311883889532.21,5311883889532.21,observed,IMF_QNEA,QNEA|B1GQ|Q|SA|XDC|Q,SA,"{""ACCESS_SHARING_LEVEL"": ""PUBLIC_OPEN"", ""CONFIDENTIALITY_STATUS"": ""F"", ""DERIVATION_TYPE"": ""O"", ""SECURITY_CLASSIFICATION"": ""PUB""}"
PHL,gdp_real_lcu_quarterly_sa,2023-Q4,quarterly,5395984527259.33,5395984527259.33,observed,IMF_QNEA,QNEA|B1GQ|Q|SA|XDC|Q,SA,"{""ACCESS_SHARING_LEVEL"": ""PUBLIC_OPEN"", ""CONFIDENTIALITY_STATUS"": ""F"", ""DERIVATION_TYPE"": ""O"", ""SECURITY_CLASSIFICATION"": ""PUB""}"
PHL,gdp_real_lcu_quarterly_sa,2024-Q1,quarterly,5453303797571.87,5453303797571.87,observed,IMF_QNEA,QNEA|B1GQ|Q|SA|XDC|Q,SA,"{""ACCESS_SHARING_LEVEL"": ""PUBLIC_OPEN"", ""CONFIDENTIALITY_STATUS"": ""F"", ""DERIVATION_TYPE"": ""O"", ""SECURITY_CLASSIFICATION"": ""PUB""}"
PHL,gdp_real_lcu_quarterly_sa,2024-Q2,quarterly,5504683702153.52,5504683702153.52,observed,IMF_QNEA,QNEA|B1GQ|Q|SA|XDC|Q,SA,"{""ACCESS_SHARING_LEVEL"": ""PUBLIC_OPEN"", ""CONFIDENTIALITY_STATUS"": ""F"", ""DERIVATION_TYPE"": ""O"", ""SECURITY_CLASSIFICATION"": ""PUB""}"
PHL,gdp_real_lcu_quarterly_sa,2024-Q3,quarterly,5586445575784.5,5586445575784.5,observed,IMF_QNEA,QNEA|B1GQ|Q|SA|XDC|Q,SA,"{""ACCESS_SHARING_LEVEL"": ""PUBLIC_OPEN"", ""CONFIDENTIALITY_STATUS"": ""F"", ""DERIVATION_TYPE"": ""O"", ""SECURITY_CLASSIFICATION"": ""PUB""}"
PHL,gdp_real_lcu_quarterly_sa,2024-Q4,quarterly,5679285358940.33,5679285358940.33,observed,IMF_QNEA,QNEA|B1GQ|Q|SA|XDC|Q,SA,"{""ACCESS_SHARING_LEVEL"": ""PUBLIC_OPEN"", ""CONFIDENTIALITY_STATUS"": ""F"", ""DERIVATION_TYPE"": ""O"", ""SECURITY_CLASSIFICATION"": ""PUB""}"
POL,gdp_real_lcu_quarterly_sa,2020-Q1,quarterly,514617052852.99,514617052852.99,observed,IMF_QNEA,QNEA|B1GQ|Q|SA|XDC|Q,SA,"{""ACCESS_SHARING_LEVEL"": ""PUBLIC_OPEN"", ""CONFIDENTIALITY_STATUS"": ""F"", ""DERIVATION_TYPE"": ""O"", ""SECURITY_CLASSIFICATION"": ""PUB""}"
POL,gdp_real_lcu_quarterly_sa,2020-Q2,quarterly,468481180561.6,468481180561.6,observed,IMF_QNEA,QNEA|B1GQ|Q|SA|XDC|Q,SA,"{""ACCESS_SHARING_LEVEL"": ""PUBLIC_OPEN"", ""CONFIDENTIALITY_STATUS"": ""F"", ""DERIVATION_TYPE"": ""O"", ""SECURITY_CLASSIFICATION"": ""PUB""}"
POL,gdp_real_lcu_quarterly_sa,2020-Q3,quarterly,499215384983.47,499215384983.47,observed,IMF_QNEA,QNEA|B1GQ|Q|SA|XDC|Q,SA,"{""ACCESS_SHARING_LEVEL"": ""PUBLIC_OPEN"", ""CONFIDENTIALITY_STATUS"": ""F"", ""DERIVATION_TYPE"": ""O"", ""SECURITY_CLASSIFICATION"": ""PUB""}"
POL,gdp_real_lcu_quarterly_sa,2020-Q4,quarterly,499848570729.16,499848570729.16,observed,IMF_QNEA,QNEA|B1GQ|Q|SA|XDC|Q,SA,"{""ACCESS_SHARING_LEVEL"": ""PUBLIC_OPEN"", ""CONFIDENTIALITY_STATUS"": ""F"", ""DERIVATION_TYPE"": ""O"", ""SECURITY_CLASSIFICATION"": ""PUB""}"
POL,gdp_real_lcu_quarterly_sa,2021-Q1,quarterly,512060538105.05,512060538105.05,observed,IMF_QNEA,QNEA|B1GQ|Q|SA|XDC|Q,SA,"{""ACCESS_SHARING_LEVEL"": ""PUBLIC_OPEN"", ""CONFIDENTIALITY_STATUS"": ""F"", ""DERIVATION_TYPE"": ""O"", ""SECURITY_CLASSIFICATION"": ""PUB""}"
POL,gdp_real_lcu_quarterly_sa,2021-Q2,quarterly,524709049168.96,524709049168.96,observed,IMF_QNEA,QNEA|B1GQ|Q|SA|XDC|Q,SA,"{""ACCESS_SHARING_LEVEL"": ""PUBLIC_OPEN"", ""CONFIDENTIALITY_STATUS"": ""F"", ""DERIVATION_TYPE"": ""O"", ""SECURITY_CLASSIFICATION"": ""PUB""}"
POL,gdp_real_lcu_quarterly_sa,2021-Q3,quarterly,535442967144.33,535442967144.33,observed,IMF_QNEA,QNEA|B1GQ|Q|SA|XDC|Q,SA,"{""ACCESS_SHARING_LEVEL"": ""PUBLIC_OPEN"", ""CONFIDENTIALITY_STATUS"": ""F"", ""DERIVATION_TYPE"": ""O"", ""SECURITY_CLASSIFICATION"": ""PUB""}"
POL,gdp_real_lcu_quarterly_sa,2021-Q4,quarterly,546077178104.56,546077178104.56,observed,IMF_QNEA,QNEA|B1GQ|Q|SA|XDC|Q,SA,"{""ACCESS_SHARING_LEVEL"": ""PUBLIC_OPEN"", ""CONFIDENTIALITY_STATUS"": ""F"", ""DERIVATION_TYPE"": ""O"", ""SECURITY_CLASSIFICATION"": ""PUB""}"
POL,gdp_real_lcu_quarterly_sa,2022-Q1,quarterly,564484924281.43,564484924281.43,observed,IMF_QNEA,QNEA|B1GQ|Q|SA|XDC|Q,SA,"{""ACCESS_SHARING_LEVEL"": ""PUBLIC_OPEN"", ""CONFIDENTIALITY_STATUS"": ""F"", ""DERIVATION_TYPE"": ""O"", ""SECURITY_CLASSIFICATION"": ""PUB""}"
POL,gdp_real_lcu_quarterly_sa,2022-Q2,quarterly,557953736793.45,557953736793.45,observed,IMF_QNEA,QNEA|B1GQ|Q|SA|XDC|Q,SA,"{""ACCESS_SHARING_LEVEL"": ""PUBLIC_OPEN"", ""CONFIDENTIALITY_STATUS"": ""F"", ""DERIVATION_TYPE"": ""O"", ""SECURITY_CLASSIFICATION"": ""PUB""}"
POL,gdp_real_lcu_quarterly_sa,2022-Q3,quarterly,561162169102.06,561162169102.06,observed,IMF_QNEA,QNEA|B1GQ|Q|SA|XDC|Q,SA,"{""ACCESS_SHARING_LEVEL"": ""PUBLIC_OPEN"", ""CONFIDENTIALITY_STATUS"": ""F"", ""DERIVATION_TYPE"": ""O"", ""SECURITY_CLASSIFICATION"": ""PUB""}"
POL,gdp_real_lcu_quarterly_sa,2022-Q4,quarterly,552307396565.37,552307396565.37,observed,IMF_QNEA,QNEA|B1GQ|Q|SA|XDC|Q,SA,"{""ACCESS_SHARING_LEVEL"": ""PUBLIC_OPEN"", ""CONFIDENTIALITY_STATUS"": ""F"", ""DERIVATION_TYPE"": ""O"", ""SECURITY_CLASSIFICATION"": ""PUB""}"
POL,gdp_real_lcu_quarterly_sa,2023-Q1,quarterly,557545836822.5,557545836822.5,observed,IMF_QNEA,QNEA|B1GQ|Q|SA|XDC|Q,SA,"{""ACCESS_SHARING_LEVEL"": ""PUBLIC_OPEN"", ""CONFIDENTIALITY_STATUS"": ""F"", ""DERIVATION_TYPE"": ""O"", ""SECURITY_CLASSIFICATION"": ""PUB""}"
POL,gdp_real_lcu_quarterly_sa,2023-Q2,quarterly,554187549994.09,554187549994.09,observed,IMF_QNEA,QNEA|B1GQ|Q|SA|XDC|Q,SA,"{""ACCESS_SHARING_LEVEL"": ""PUBLIC_OPEN"", ""CONFIDENTIALITY_STATUS"": ""F"", ""DERIVATION_TYPE"": ""O"", ""SECURITY_CLASSIFICATION"": ""PUB""}"
POL,gdp_real_lcu_quarterly_sa,2023-Q3,quarterly,564859056585.93,564859056585.93,observed,IMF_QNEA,QNEA|B1GQ|Q|SA|XDC|Q,SA,"{""ACCESS_SHARING_LEVEL"": ""PUBLIC_OPEN"", ""CONFIDENTIALITY_STATUS"": ""F"", ""DERIVATION_TYPE"": ""O"", ""SECURITY_CLASSIFICATION"": ""PUB""}"
POL,gdp_real_lcu_quarterly_sa,2023-Q4,quarterly,562906831869.09,562906831869.09,observed,IMF_QNEA,QNEA|B1GQ|Q|SA|XDC|Q,SA,"{""ACCESS_SHARING_LEVEL"": ""PUBLIC_OPEN"", ""CONFIDENTIALITY_STATUS"": ""F"", ""DERIVATION_TYPE"": ""O"", ""SECURITY_CLASSIFICATION"": ""PUB""}"
POL,gdp_real_lcu_quarterly_sa,2024-Q1,quarterly,568787697780.65,568787697780.65,observed,IMF_QNEA,QNEA|B1GQ|Q|SA|XDC|Q,SA,"{""ACCESS_SHARING_LEVEL"": ""PUBLIC_OPEN"", ""CONFIDENTIALITY_STATUS"": ""F"", ""DERIVATION_TYPE"": ""O"", ""SECURITY_CLASSIFICATION"": ""PUB""}"
POL,gdp_real_lcu_quarterly_sa,2024-Q2,quarterly,577718909562.31,577718909562.31,observed,IMF_QNEA,QNEA|B1GQ|Q|SA|XDC|Q,SA,"{""ACCESS_SHARING_LEVEL"": ""PUBLIC_OPEN"", ""CONFIDENTIALITY_STATUS"": ""F"", ""DERIVATION_TYPE"": ""O"", ""SECURITY_CLASSIFICATION"": ""PUB""}"
POL,gdp_real_lcu_quarterly_sa,2024-Q3,quarterly,577239694295.77,577239694295.77,observed,IMF_QNEA,QNEA|B1GQ|Q|SA|XDC|Q,SA,"{""ACCESS_SHARING_LEVEL"": ""PUBLIC_OPEN"", ""CONFIDENTIALITY_STATUS"": ""F"", ""DERIVATION_TYPE"": ""O"", ""SECURITY_CLASSIFICATION"": ""PUB""}"
POL,gdp_real_lcu_quarterly_sa,2024-Q4,quarterly,585245319219.94,585245319219.94,observed,IMF_QNEA,QNEA|B1GQ|Q|SA|XDC|Q,SA,"{""ACCESS_SHARING_LEVEL"": ""PUBLIC_OPEN"", ""CONFIDENTIALITY_STATUS"": ""F"", ""DERIVATION_TYPE"": ""O"", ""SECURITY_CLASSIFICATION"": ""PUB""}"
PRT,gdp_real_lcu_quarterly_sa,2020-Q1,quarterly,46338242166.708,46338242166.708,observed,IMF_QNEA,QNEA|B1GQ|Q|SA|XDC|Q,SA,"{""ACCESS_SHARING_LEVEL"": ""PUBLIC_OPEN"", ""CONFIDENTIALITY_STATUS"": ""F"", ""DERIVATION_TYPE"": ""O"", ""SECURITY_CLASSIFICATION"": ""PUB""}"
PRT,gdp_real_lcu_quarterly_sa,2020-Q2,quarterly,39366614713.342,39366614713.342,observed,IMF_QNEA,QNEA|B1GQ|Q|SA|XDC|Q,SA,"{""ACCESS_SHARING_LEVEL"": ""PUBLIC_OPEN"", ""CONFIDENTIALITY_STATUS"": ""F"", ""DERIVATION_TYPE"": ""O"", ""SECURITY_CLASSIFICATION"": ""PUB""}"
PRT,gdp_real_lcu_quarterly_sa,2020-Q3,quarterly,45008932316.984,45008932316.984,observed,IMF_QNEA,QNEA|B1GQ|Q|SA|XDC|Q,SA,"{""ACCESS_SHARING_LEVEL"": ""PUBLIC_OPEN"", ""CONFIDENTIALITY_STATUS"": ""F"", ""DERIVATION_TYPE"": ""O"", ""SECURITY_CLASSIFICATION"": ""PUB""}"
PRT,gdp_real_lcu_quarterly_sa,2020-Q4,quarterly,45162813643.807,45162813643.807,observed,IMF_QNEA,QNEA|B1GQ|Q|SA|XDC|Q,SA,"{""ACCESS_SHARING_LEVEL"": ""PUBLIC_OPEN"", ""CONFIDENTIALITY_STATUS"": ""F"", ""DERIVATION_TYPE"": ""O"", ""SECURITY_CLASSIFICATION"": ""PUB""}"
PRT,gdp_real_lcu_quarterly_sa,2021-Q1,quarterly,43846324951.198,43846324951.198,observed,IMF_QNEA,QNEA|B1GQ|Q|SA|XDC|Q,SA,"{""ACCESS_SHARING_LEVEL"": ""PUBLIC_OPEN"", ""CONFIDENTIALITY_STATUS"": ""F"", ""DERIVATION_TYPE"": ""O"", ""SECURITY_CLASSIFICATION"": ""PUB""}"
PRT,gdp_real_lcu_quarterly_sa,2021-Q2,quarterly,45872367916.153,45872367916.153,observed,IMF_QNEA,QNEA|B1GQ|Q|SA|XDC|Q,SA,"{""ACCESS_SHARING_LEVEL"": ""PUBLIC_OPEN"", ""CONFIDENTIALITY_STATUS"": ""F"", ""DERIVATION_TYPE"": ""O"", ""SECURITY_CLASSIFICATION"": ""PUB""}"
PRT,gdp_real_lcu_quarterly_sa,2021-Q3,quarterly,47501701074.8,47501701074.8,observed,IMF_QNEA,QNEA|B1GQ|Q|SA|XDC|Q,SA,"{""ACCESS_SHARING_LEVEL"": ""PUBLIC_OPEN"", ""CONFIDENTIALITY_STATUS"": ""F"", ""DERIVATION_TYPE"": ""O"", ""SECURITY_CLASSIFICATION"": ""PUB""}"
PRT,gdp_real_lcu_quarterly_sa,2021-Q4,quarterly,48432760967.178,48432760967.178,observed,IMF_QNEA,QNEA|B1GQ|Q|SA|XDC|Q,SA,"{""ACCESS_SHARING_LEVEL"": ""PUBLIC_OPEN"", ""CONFIDENTIALITY_STATUS"": ""F"", ""DERIVATION_TYPE"": ""O"", ""SECURITY_CLASSIFICATION"": ""PUB""}"
PRT,gdp_real_lcu_quarterly_sa,2022-Q1,quarterly,49143210516.631,49143210516.631,observed,IMF_QNEA,QNEA|B1GQ|Q|SA|XDC|Q,SA,"{""ACCESS_SHARING_LEVEL"": ""PUBLIC_OPEN"", ""CONFIDENTIALITY_STATUS"": ""F"", ""DERIVATION_TYPE"": ""O"", ""SECURITY_CLASSIFICATION"": ""PUB""}"
PRT,gdp_real_lcu_quarterly_sa,2022-Q2,quarterly,49334358181.809,49334358181.809,observed,IMF_QNEA,QNEA|B1GQ|Q|SA|XDC|Q,SA,"{""ACCESS_SHARING_LEVEL"": ""PUBLIC_OPEN"", ""CONFIDENTIALITY_STATUS"": ""F"", ""DERIVATION_TYPE"": ""O"", ""SECURITY_CLASSIFICATION"": ""PUB""}"
PRT,gdp_real_lcu_quarterly_sa,2022-Q3,quarterly,49893978407.527,49893978407.527,observed,IMF_QNEA,QNEA|B1GQ|Q|SA|XDC|Q,SA,"{""ACCESS_SHARING_LEVEL"": ""PUBLIC_OPEN"", ""CONFIDENTIALITY_STATUS"": ""F"", ""DERIVATION_TYPE"": ""O"", ""SECURITY_CLASSIFICATION"": ""PUB""}"
PRT,gdp_real_lcu_quarterly_sa,2022-Q4,quarterly,50251043045.312,50251043045.312,observed,IMF_QNEA,QNEA|B1GQ|Q|SA|XDC|Q,SA,"{""ACCESS_SHARING_LEVEL"": ""PUBLIC_OPEN"", ""CONFIDENTIALITY_STATUS"": ""F"", ""DERIVATION_TYPE"": ""O"", ""SECURITY_CLASSIFICATION"": ""PUB""}"
PRT,gdp_real_lcu_quarterly_sa,2023-Q1,quarterly,50889351611.399,50889351611.399,observed,IMF_QNEA,QNEA|B1GQ|Q|SA|XDC|Q,SA,"{""ACCESS_SHARING_LEVEL"": ""PUBLIC_OPEN"", ""CONFIDENTIALITY_STATUS"": ""F"", ""DERIVATION_TYPE"": ""O"", ""SECURITY_CLASSIFICATION"": ""PUB""}"
PRT,gdp_real_lcu_quarterly_sa,2023-Q2,quarterly,51136469531.582,51136469531.582,observed,IMF_QNEA,QNEA|B1GQ|Q|SA|XDC|Q,SA,"{""ACCESS_SHARING_LEVEL"": ""PUBLIC_OPEN"", ""CONFIDENTIALITY_STATUS"": ""F"", ""DERIVATION_TYPE"": ""O"", ""SECURITY_CLASSIFICATION"": ""PUB""}"
PRT,gdp_real_lcu_quarterly_sa,2023-Q3,quarterly,51188846672.527,51188846672.527,observed,IMF_QNEA,QNEA|B1GQ|Q|SA|XDC|Q,SA,"{""ACCESS_SHARING_LEVEL"": ""PUBLIC_OPEN"", ""CONFIDENTIALITY_STATUS"": ""F"", ""DERIVATION_TYPE"": ""O"", ""SECURITY_CLASSIFICATION"": ""PUB""}"
PRT,gdp_real_lcu_quarterly_sa,2023-Q4,quarterly,51565181206.743,51565181206.743,observed,IMF_QNEA,QNEA|B1GQ|Q|SA|XDC|Q,SA,"{""ACCESS_SHARING_LEVEL"": ""PUBLIC_OPEN"", ""CONFIDENTIALITY_STATUS"": ""F"", ""DERIVATION_TYPE"": ""O"", ""SECURITY_CLASSIFICATION"": ""PUB""}"
PRT,gdp_real_lcu_quarterly_sa,2024-Q1,quarterly,51933616892.842,51933616892.842,observed,IMF_QNEA,QNEA|B1GQ|Q|SA|XDC|Q,SA,"{""ACCESS_SHARING_LEVEL"": ""PUBLIC_OPEN"", ""CONFIDENTIALITY_STATUS"": ""F"", ""DERIVATION_TYPE"": ""O"", ""SECURITY_CLASSIFICATION"": ""PUB""}"
PRT,gdp_real_lcu_quarterly_sa,2024-Q2,quarterly,52204420209.287,52204420209.287,observed,IMF_QNEA,QNEA|B1GQ|Q|SA|XDC|Q,SA,"{""ACCESS_SHARING_LEVEL"": ""PUBLIC_OPEN"", ""CONFIDENTIALITY_STATUS"": ""F"", ""DERIVATION_TYPE"": ""O"", ""SECURITY_CLASSIFICATION"": ""PUB""}"
PRT,gdp_real_lcu_quarterly_sa,2024-Q3,quarterly,52279891897.905,52279891897.905,observed,IMF_QNEA,QNEA|B1GQ|Q|SA|XDC|Q,SA,"{""ACCESS_SHARING_LEVEL"": ""PUBLIC_OPEN"", ""CONFIDENTIALITY_STATUS"": ""F"", ""DERIVATION_TYPE"": ""O"", ""SECURITY_CLASSIFICATION"": ""PUB""}"
PRT,gdp_real_lcu_quarterly_sa,2024-Q4,quarterly,52896976222.23,52896976222.23,observed,IMF_QNEA,QNEA|B1GQ|Q|SA|XDC|Q,SA,"{""ACCESS_SHARING_LEVEL"": ""PUBLIC_OPEN"", ""CONFIDENTIALITY_STATUS"": ""F"", ""DERIVATION_TYPE"": ""O"", ""SECURITY_CLASSIFICATION"": ""PUB""}"
ROU,gdp_real_lcu_quarterly_sa,2020-Q1,quarterly,188334892279.54,188334892279.54,observed,IMF_QNEA,QNEA|B1GQ|Q|SA|XDC|Q,SA,"{""ACCESS_SHARING_LEVEL"": ""PUBLIC_OPEN"", ""CONFIDENTIALITY_STATUS"": ""F"", ""DERIVATION_TYPE"": ""O"", ""SECURITY_CLASSIFICATION"": ""PUB""}"
ROU,gdp_real_lcu_quarterly_sa,2020-Q2,quarterly,172804445265.21,172804445265.21,observed,IMF_QNEA,QNEA|B1GQ|Q|SA|XDC|Q,SA,"{""ACCESS_SHARING_LEVEL"": ""PUBLIC_OPEN"", ""CONFIDENTIALITY_STATUS"": ""F"", ""DERIVATION_TYPE"": ""O"", ""SECURITY_CLASSIFICATION"": ""PUB""}"
ROU,gdp_real_lcu_quarterly_sa,2020-Q3,quarterly,179304531925.57,179304531925.57,observed,IMF_QNEA,QNEA|B1GQ|Q|SA|XDC|Q,SA,"{""ACCESS_SHARING_LEVEL"": ""PUBLIC_OPEN"", ""CONFIDENTIALITY_STATUS"": ""F"", ""DERIVATION_TYPE"": ""O"", ""SECURITY_CLASSIFICATION"": ""PUB""}"
ROU,gdp_real_lcu_quarterly_sa,2020-Q4,quarterly,188162818872.25,188162818872.25,observed,IMF_QNEA,QNEA|B1GQ|Q|SA|XDC|Q,SA,"{""ACCESS_SHARING_LEVEL"": ""PUBLIC_OPEN"", ""CONFIDENTIALITY_STATUS"": ""F"", ""DERIVATION_TYPE"": ""O"", ""SECURITY_CLASSIFICATION"": ""PUB""}"
ROU,gdp_real_lcu_quarterly_sa,2021-Q1,quarterly,190699257616.28,190699257616.28,observed,IMF_QNEA,QNEA|B1GQ|Q|SA|XDC|Q,SA,"{""ACCESS_SHARING_LEVEL"": ""PUBLIC_OPEN"", ""CONFIDENTIALITY_STATUS"": ""F"", ""DERIVATION_TYPE"": ""O"", ""SECURITY_CLASSIFICATION"": ""PUB""}"
ROU,gdp_real_lcu_quarterly_sa,2021-Q2,quarterly,192636453459.46,192636453459.46,observed,IMF_QNEA,QNEA|B1GQ|Q|SA|XDC|Q,SA,"{""ACCESS_SHARING_LEVEL"": ""PUBLIC_OPEN"", ""CONFIDENTIALITY_STATUS"": ""F"", ""DERIVATION_TYPE"": ""O"", ""SECURITY_CLASSIFICATION"": ""PUB""}"
ROU,gdp_real_lcu_quarterly_sa,2021-Q3,quarterly,193048278827.53,193048278827.53,observed,IMF_QNEA,QNEA|B1GQ|Q|SA|XDC|Q,SA,"{""ACCESS_SHARING_LEVEL"": ""PUBLIC_OPEN"", ""CONFIDENTIALITY_STATUS"": ""F"", ""DERIVATION_TYPE"": ""O"", ""SECURITY_CLASSIFICATION"": ""PUB""}"
ROU,gdp_real_lcu_quarterly_sa,2021-Q4,quarterly,192932512880.75,192932512880.75,observed,IMF_QNEA,QNEA|B1GQ|Q|SA|XDC|Q,SA,"{""ACCESS_SHARING_LEVEL"": ""PUBLIC_OPEN"", ""CONFIDENTIALITY_STATUS"": ""F"", ""DERIVATION_TYPE"": ""O"", ""SECURITY_CLASSIFICATION"": ""PUB""}"
ROU,gdp_real_lcu_quarterly_sa,2022-Q1,quarterly,199133594595.73,199133594595.73,observed,IMF_QNEA,QNEA|B1GQ|Q|SA|XDC|Q,SA,"{""ACCESS_SHARING_LEVEL"": ""PUBLIC_OPEN"", ""CONFIDENTIALITY_STATUS"": ""F"", ""DERIVATION_TYPE"": ""O"", ""SECURITY_CLASSIFICATION"": ""PUB""}"
ROU,gdp_real_lcu_quarterly_sa,2022-Q2,quarterly,199484591466.32,199484591466.32,observed,IMF_QNEA,QNEA|B1GQ|Q|SA|XDC|Q,SA,"{""ACCESS_SHARING_LEVEL"": ""PUBLIC_OPEN"", ""CONFIDENTIALITY_STATUS"": ""F"", ""DERIVATION_TYPE"": ""O"", ""SECURITY_CLASSIFICATION"": ""PUB""}"
ROU,gdp_real_lcu_quarterly_sa,2022-Q3,quarterly,200300022135.25,200300022135.25,observed,IMF_QNEA,QNEA|B1GQ|Q|SA|XDC|Q,SA,"{""ACCESS_SHARING_LEVEL"": ""PUBLIC_OPEN"", ""CONFIDENTIALITY_STATUS"": ""F"", ""DERIVATION_TYPE"": ""O"", ""SECURITY_CLASSIFICATION"": ""PUB""}"
ROU,gdp_real_lcu_quarterly_sa,2022-Q4,quarterly,202614998568.07,202614998568.07,observed,IMF_QNEA,QNEA|B1GQ|Q|SA|XDC|Q,SA,"{""ACCESS_SHARING_LEVEL"": ""PUBLIC_OPEN"", ""CONFIDENTIALITY_STATUS"": ""F"", ""DERIVATION_TYPE"": ""O"", ""SECURITY_CLASSIFICATION"": ""PUB""}"
ROU,gdp_real_lcu_quarterly_sa,2023-Q1,quarterly,202288730399.71,202288730399.71,observed,IMF_QNEA,QNEA|B1GQ|Q|SA|XDC|Q,SA,"{""ACCESS_SHARING_LEVEL"": ""PUBLIC_OPEN"", ""CONFIDENTIALITY_STATUS"": ""F"", ""DERIVATION_TYPE"": ""O"", ""SECURITY_CLASSIFICATION"": ""PUB""}"
ROU,gdp_real_lcu_quarterly_sa,2023-Q2,quarterly,204274219137.85,204274219137.85,observed,IMF_QNEA,QNEA|B1GQ|Q|SA|XDC|Q,SA,"{""ACCESS_SHARING_LEVEL"": ""PUBLIC_OPEN"", ""CONFIDENTIALITY_STATUS"": ""F"", ""DERIVATION_TYPE"": ""O"", ""SECURITY_CLASSIFICATION"": ""PUB""}"
ROU,gdp_real_lcu_quarterly_sa,2023-Q3,quarterly,206079414401.47,206079414401.47,observed,IMF_QNEA,QNEA|B1GQ|Q|SA|XDC|Q,SA,"{""ACCESS_SHARING_LEVEL"": ""PUBLIC_OPEN"", ""CONFIDENTIALITY_STATUS"": ""F"", ""DERIVATION_TYPE"": ""O"", ""SECURITY_CLASSIFICATION"": ""PUB""}"
ROU,gdp_real_lcu_quarterly_sa,2023-Q4,quarterly,206987389327.26,206987389327.26,observed,IMF_QNEA,QNEA|B1GQ|Q|SA|XDC|Q,SA,"{""ACCESS_SHARING_LEVEL"": ""PUBLIC_OPEN"", ""CONFIDENTIALITY_STATUS"": ""F"", ""DERIVATION_TYPE"": ""O"", ""SECURITY_CLASSIFICATION"": ""PUB""}"
ROU,gdp_real_lcu_quarterly_sa,2024-Q1,quarterly,206474388631.73,206474388631.73,observed,IMF_QNEA,QNEA|B1GQ|Q|SA|XDC|Q,SA,"{""ACCESS_SHARING_LEVEL"": ""PUBLIC_OPEN"", ""CONFIDENTIALITY_STATUS"": ""F"", ""DERIVATION_TYPE"": ""O"", ""SECURITY_CLASSIFICATION"": ""PUB""}"
ROU,gdp_real_lcu_quarterly_sa,2024-Q2,quarterly,205389545259.44,205389545259.44,observed,IMF_QNEA,QNEA|B1GQ|Q|SA|XDC|Q,SA,"{""ACCESS_SHARING_LEVEL"": ""PUBLIC_OPEN"", ""CONFIDENTIALITY_STATUS"": ""F"", ""DERIVATION_TYPE"": ""O"", ""SECURITY_CLASSIFICATION"": ""PUB""}"
ROU,gdp_real_lcu_quarterly_sa,2024-Q3,quarterly,206670231733.42,206670231733.42,observed,IMF_QNEA,QNEA|B1GQ|Q|SA|XDC|Q,SA,"{""ACCESS_SHARING_LEVEL"": ""PUBLIC_OPEN"", ""CONFIDENTIALITY_STATUS"": ""F"", ""DERIVATION_TYPE"": ""O"", ""SECURITY_CLASSIFICATION"": ""PUB""}"
ROU,gdp_real_lcu_quarterly_sa,2024-Q4,quarterly,208603454544.1,208603454544.1,observed,IMF_QNEA,QNEA|B1GQ|Q|SA|XDC|Q,SA,"{""ACCESS_SHARING_LEVEL"": ""PUBLIC_OPEN"", ""CONFIDENTIALITY_STATUS"": ""F"", ""DERIVATION_TYPE"": ""O"", ""SECURITY_CLASSIFICATION"": ""PUB""}"
SAU,gdp_real_lcu_quarterly_sa,2020-Q1,quarterly,973145000000.0,973145000000,observed,IMF_QNEA,QNEA|B1GQ|Q|SA|XDC|Q,SA,"{""ACCESS_SHARING_LEVEL"": ""PUBLIC_OPEN"", ""CONFIDENTIALITY_STATUS"": ""F"", ""DERIVATION_TYPE"": ""O"", ""SECURITY_CLASSIFICATION"": ""PUB""}"
SAU,gdp_real_lcu_quarterly_sa,2020-Q2,quarterly,923804000000.0,923804000000,observed,IMF_QNEA,QNEA|B1GQ|Q|SA|XDC|Q,SA,"{""ACCESS_SHARING_LEVEL"": ""PUBLIC_OPEN"", ""CONFIDENTIALITY_STATUS"": ""F"", ""DERIVATION_TYPE"": ""O"", ""SECURITY_CLASSIFICATION"": ""PUB""}"
SAU,gdp_real_lcu_quarterly_sa,2020-Q3,quarterly,947207000000.0,947207000000,observed,IMF_QNEA,QNEA|B1GQ|Q|SA|XDC|Q,SA,"{""ACCESS_SHARING_LEVEL"": ""PUBLIC_OPEN"", ""CONFIDENTIALITY_STATUS"": ""F"", ""DERIVATION_TYPE"": ""O"", ""SECURITY_CLASSIFICATION"": ""PUB""}"
SAU,gdp_real_lcu_quarterly_sa,2020-Q4,quarterly,965512000000.0,965512000000,observed,IMF_QNEA,QNEA|B1GQ|Q|SA|XDC|Q,SA,"{""ACCESS_SHARING_LEVEL"": ""PUBLIC_OPEN"", ""CONFIDENTIALITY_STATUS"": ""F"", ""DERIVATION_TYPE"": ""O"", ""SECURITY_CLASSIFICATION"": ""PUB""}"
SAU,gdp_real_lcu_quarterly_sa,2021-Q1,quarterly,980961000000.0,980961000000,observed,IMF_QNEA,QNEA|B1GQ|Q|SA|XDC|Q,SA,"{""ACCESS_SHARING_LEVEL"": ""PUBLIC_OPEN"", ""CONFIDENTIALITY_STATUS"": ""F"", ""DERIVATION_TYPE"": ""O"", ""SECURITY_CLASSIFICATION"": ""PUB""}"
SAU,gdp_real_lcu_quarterly_sa,2021-Q2,quarterly,990419000000.0,990419000000,observed,IMF_QNEA,QNEA|B1GQ|Q|SA|XDC|Q,SA,"{""ACCESS_SHARING_LEVEL"": ""PUBLIC_OPEN"", ""CONFIDENTIALITY_STATUS"": ""F"", ""DERIVATION_TYPE"": ""O"", ""SECURITY_CLASSIFICATION"": ""PUB""}"
SAU,gdp_real_lcu_quarterly_sa,2021-Q3,quarterly,1030507000000.0,1030507000000,observed,IMF_QNEA,QNEA|B1GQ|Q|SA|XDC|Q,SA,"{""ACCESS_SHARING_LEVEL"": ""PUBLIC_OPEN"", ""CONFIDENTIALITY_STATUS"": ""F"", ""DERIVATION_TYPE"": ""O"", ""SECURITY_CLASSIFICATION"": ""PUB""}"
SAU,gdp_real_lcu_quarterly_sa,2021-Q4,quarterly,1056156000000.0,1056156000000,observed,IMF_QNEA,QNEA|B1GQ|Q|SA|XDC|Q,SA,"{""ACCESS_SHARING_LEVEL"": ""PUBLIC_OPEN"", ""CONFIDENTIALITY_STATUS"": ""F"", ""DERIVATION_TYPE"": ""O"", ""SECURITY_CLASSIFICATION"": ""PUB""}"
SAU,gdp_real_lcu_quarterly_sa,2022-Q1,quarterly,1100384000000.0,1100384000000,observed,IMF_QNEA,QNEA|B1GQ|Q|SA|XDC|Q,SA,"{""ACCESS_SHARING_LEVEL"": ""PUBLIC_OPEN"", ""CONFIDENTIALITY_STATUS"": ""F"", ""DERIVATION_TYPE"": ""O"", ""SECURITY_CLASSIFICATION"": ""PUB""}"
SAU,gdp_real_lcu_quarterly_sa,2022-Q2,quarterly,1129342000000.0,1129342000000,observed,IMF_QNEA,QNEA|B1GQ|Q|SA|XDC|Q,SA,"{""ACCESS_SHARING_LEVEL"": ""PUBLIC_OPEN"", ""CONFIDENTIALITY_STATUS"": ""F"", ""DERIVATION_TYPE"": ""O"", ""SECURITY_CLASSIFICATION"": ""PUB""}"
SAU,gdp_real_lcu_quarterly_sa,2022-Q3,quarterly,1155685000000.0,1155685000000,observed,IMF_QNEA,QNEA|B1GQ|Q|SA|XDC|Q,SA,"{""ACCESS_SHARING_LEVEL"": ""PUBLIC_OPEN"", ""CONFIDENTIALITY_STATUS"": ""F"", ""DERIVATION_TYPE"": ""O"", ""SECURITY_CLASSIFICATION"": ""PUB""}"
SAU,gdp_real_lcu_quarterly_sa,2022-Q4,quarterly,1159621000000.0,1159621000000,observed,IMF_QNEA,QNEA|B1GQ|Q|SA|XDC|Q,SA,"{""ACCESS_SHARING_LEVEL"": ""PUBLIC_OPEN"", ""CONFIDENTIALITY_STATUS"": ""F"", ""DERIVATION_TYPE"": ""O"", ""SECURITY_CLASSIFICATION"": ""PUB""}"
SAU,gdp_real_lcu_quarterly_sa,2023-Q1,quarterly,1160053000000.0,1160053000000,observed,IMF_QNEA,QNEA|B1GQ|Q|SA|XDC|Q,SA,"{""ACCESS_SHARING_LEVEL"": ""PUBLIC_OPEN"", ""CONFIDENTIALITY_STATUS"": ""F"", ""DERIVATION_TYPE"": ""O"", ""SECURITY_CLASSIFICATION"": ""PUB""}"
SAU,gdp_real_lcu_quarterly_sa,2023-Q2,quarterly,1155682000000.0,1155682000000,observed,IMF_QNEA,QNEA|B1GQ|Q|SA|XDC|Q,SA,"{""ACCESS_SHARING_LEVEL"": ""PUBLIC_OPEN"", ""CONFIDENTIALITY_STATUS"": ""F"", ""DERIVATION_TYPE"": ""O"", ""SECURITY_CLASSIFICATION"": ""PUB""}"
SAU,gdp_real_lcu_quarterly_sa,2023-Q3,quarterly,1125440000000.0,1125440000000,observed,IMF_QNEA,QNEA|B1GQ|Q|SA|XDC|Q,SA,"{""ACCESS_SHARING_LEVEL"": ""PUBLIC_OPEN"", ""CONFIDENTIALITY_STATUS"": ""F"", ""DERIVATION_TYPE"": ""O"", ""SECURITY_CLASSIFICATION"": ""PUB""}"
SAU,gdp_real_lcu_quarterly_sa,2023-Q4,quarterly,1128518000000.0,1128518000000,observed,IMF_QNEA,QNEA|B1GQ|Q|SA|XDC|Q,SA,"{""ACCESS_SHARING_LEVEL"": ""PUBLIC_OPEN"", ""CONFIDENTIALITY_STATUS"": ""F"", ""DERIVATION_TYPE"": ""O"", ""SECURITY_CLASSIFICATION"": ""PUB""}"
SAU,gdp_real_lcu_quarterly_sa,2024-Q1,quarterly,1158246000000.0,1158246000000,observed,IMF_QNEA,QNEA|B1GQ|Q|SA|XDC|Q,SA,"{""ACCESS_SHARING_LEVEL"": ""PUBLIC_OPEN"", ""CONFIDENTIALITY_STATUS"": ""F"", ""DERIVATION_TYPE"": ""O"", ""SECURITY_CLASSIFICATION"": ""PUB""}"
SAU,gdp_real_lcu_quarterly_sa,2024-Q2,quarterly,1170660000000.0,1170660000000,observed,IMF_QNEA,QNEA|B1GQ|Q|SA|XDC|Q,SA,"{""ACCESS_SHARING_LEVEL"": ""PUBLIC_OPEN"", ""CONFIDENTIALITY_STATUS"": ""F"", ""DERIVATION_TYPE"": ""O"", ""SECURITY_CLASSIFICATION"": ""PUB""}"
SAU,gdp_real_lcu_quarterly_sa,2024-Q3,quarterly,1175111000000.0,1175111000000,observed,IMF_QNEA,QNEA|B1GQ|Q|SA|XDC|Q,SA,"{""ACCESS_SHARING_LEVEL"": ""PUBLIC_OPEN"", ""CONFIDENTIALITY_STATUS"": ""F"", ""DERIVATION_TYPE"": ""O"", ""SECURITY_CLASSIFICATION"": ""PUB""}"
SAU,gdp_real_lcu_quarterly_sa,2024-Q4,quarterly,1186724000000.0,1186724000000,observed,IMF_QNEA,QNEA|B1GQ|Q|SA|XDC|Q,SA,"{""ACCESS_SHARING_LEVEL"": ""PUBLIC_OPEN"", ""CONFIDENTIALITY_STATUS"": ""F"", ""DERIVATION_TYPE"": ""O"", ""SECURITY_CLASSIFICATION"": ""PUB""}"
SEN,gdp_real_lcu_quarterly_sa,2020-Q1,quarterly,3329840529034.48,3329840529034.48,observed,IMF_QNEA,QNEA|B1GQ|Q|SA|XDC|Q,SA,"{""ACCESS_SHARING_LEVEL"": ""PUBLIC_OPEN"", ""CONFIDENTIALITY_STATUS"": ""F"", ""DERIVATION_TYPE"": ""O"", ""SECURITY_CLASSIFICATION"": ""PUB""}"
SEN,gdp_real_lcu_quarterly_sa,2020-Q2,quarterly,3300136969459.22,3300136969459.22,observed,IMF_QNEA,QNEA|B1GQ|Q|SA|XDC|Q,SA,"{""ACCESS_SHARING_LEVEL"": ""PUBLIC_OPEN"", ""CONFIDENTIALITY_STATUS"": ""F"", ""DERIVATION_TYPE"": ""O"", ""SECURITY_CLASSIFICATION"": ""PUB""}"
SEN,gdp_real_lcu_quarterly_sa,2020-Q3,quarterly,3328764526179.77,3328764526179.77,observed,IMF_QNEA,QNEA|B1GQ|Q|SA|XDC|Q,SA,"{""ACCESS_SHARING_LEVEL"": ""PUBLIC_OPEN"", ""CONFIDENTIALITY_STATUS"": ""F"", ""DERIVATION_TYPE"": ""O"", ""SECURITY_CLASSIFICATION"": ""PUB""}"
SEN,gdp_real_lcu_quarterly_sa,2020-Q4,quarterly,3415302714549.51,3415302714549.51,observed,IMF_QNEA,QNEA|B1GQ|Q|SA|XDC|Q,SA,"{""ACCESS_SHARING_LEVEL"": ""PUBLIC_OPEN"", ""CONFIDENTIALITY_STATUS"": ""F"", ""DERIVATION_TYPE"": ""O"", ""SECURITY_CLASSIFICATION"": ""PUB""}"
SEN,gdp_real_lcu_quarterly_sa,2021-Q1,quarterly,3423926854996.19,3423926854996.19,observed,IMF_QNEA,QNEA|B1GQ|Q|SA|XDC|Q,SA,"{""ACCESS_SHARING_LEVEL"": ""PUBLIC_OPEN"", ""CONFIDENTIALITY_STATUS"": ""F"", ""DERIVATION_TYPE"": ""O"", ""SECURITY_CLASSIFICATION"": ""PUB""}"
SEN,gdp_real_lcu_quarterly_sa,2021-Q2,quarterly,3578414704899.06,3578414704899.06,observed,IMF_QNEA,QNEA|B1GQ|Q|SA|XDC|Q,SA,"{""ACCESS_SHARING_LEVEL"": ""PUBLIC_OPEN"", ""CONFIDENTIALITY_STATUS"": ""F"", ""DERIVATION_TYPE"": ""O"", ""SECURITY_CLASSIFICATION"": ""PUB""}"
SEN,gdp_real_lcu_quarterly_sa,2021-Q3,quarterly,3602413920932.64,3602413920932.64,observed,IMF_QNEA,QNEA|B1GQ|Q|SA|XDC|Q,SA,"{""ACCESS_SHARING_LEVEL"": ""PUBLIC_OPEN"", ""CONFIDENTIALITY_STATUS"": ""F"", ""DERIVATION_TYPE"": ""O"", ""SECURITY_CLASSIFICATION"": ""PUB""}"
SEN,gdp_real_lcu_quarterly_sa,2021-Q4,quarterly,3644486893136.71,3644486893136.71,observed,IMF_QNEA,QNEA|B1GQ|Q|SA|XDC|Q,SA,"{""ACCESS_SHARING_LEVEL"": ""PUBLIC_OPEN"", ""CONFIDENTIALITY_STATUS"": ""F"", ""DERIVATION_TYPE"": ""O"", ""SECURITY_CLASSIFICATION"": ""PUB""}"
SEN,gdp_real_lcu_quarterly_sa,2022-Q1,quarterly,3631161245117.33,3631161245117.33,observed,IMF_QNEA,QNEA|B1GQ|Q|SA|XDC|Q,SA,"{""ACCESS_SHARING_LEVEL"": ""PUBLIC_OPEN"", ""CONFIDENTIALITY_STATUS"": ""F"", ""DERIVATION_TYPE"": ""O"", ""SECURITY_CLASSIFICATION"": ""PUB""}"
SEN,gdp_real_lcu_quarterly_sa,2022-Q2,quarterly,3673490344209.12,3673490344209.12,observed,IMF_QNEA,QNEA|B1GQ|Q|SA|XDC|Q,SA,"{""ACCESS_SHARING_LEVEL"": ""PUBLIC_OPEN"", ""CONFIDENTIALITY_STATUS"": ""F"", ""DERIVATION_TYPE"": ""O"", ""SECURITY_CLASSIFICATION"": ""PUB""}"
SEN,gdp_real_lcu_quarterly_sa,2022-Q3,quarterly,3672875657019.02,3672875657019.02,observed,IMF_QNEA,QNEA|B1GQ|Q|SA|XDC|Q,SA,"{""ACCESS_SHARING_LEVEL"": ""PUBLIC_OPEN"", ""CONFIDENTIALITY_STATUS"": ""F"", ""DERIVATION_TYPE"": ""O"", ""SECURITY_CLASSIFICATION"": ""PUB""}"
SEN,gdp_real_lcu_quarterly_sa,2022-Q4,quarterly,3820389299124.88,3820389299124.88,observed,IMF_QNEA,QNEA|B1GQ|Q|SA|XDC|Q,SA,"{""ACCESS_SHARING_LEVEL"": ""PUBLIC_OPEN"", ""CONFIDENTIALITY_STATUS"": ""F"", ""DERIVATION_TYPE"": ""O"", ""SECURITY_CLASSIFICATION"": ""PUB""}"
SEN,gdp_real_lcu_quarterly_sa,2023-Q1,quarterly,3794917427909.64,3794917427909.64,observed,IMF_QNEA,QNEA|B1GQ|Q|SA|XDC|Q,SA,"{""ACCESS_SHARING_LEVEL"": ""PUBLIC_OPEN"", ""CONFIDENTIALITY_STATUS"": ""F"", ""DERIVATION_TYPE"": ""O"", ""SECURITY_CLASSIFICATION"": ""PUB""}"
SEN,gdp_real_lcu_quarterly_sa,2023-Q2,quarterly,3803643717126.75,3803643717126.75,observed,IMF_QNEA,QNEA|B1GQ|Q|SA|XDC|Q,SA,"{""ACCESS_SHARING_LEVEL"": ""PUBLIC_OPEN"", ""CONFIDENTIALITY_STATUS"": ""F"", ""DERIVATION_TYPE"": ""O"", ""SECURITY_CLASSIFICATION"": ""PUB""}"
SEN,gdp_real_lcu_quarterly_sa,2023-Q3,quarterly,3856333971033.51,3856333971033.51,observed,IMF_QNEA,QNEA|B1GQ|Q|SA|XDC|Q,SA,"{""ACCESS_SHARING_LEVEL"": ""PUBLIC_OPEN"", ""CONFIDENTIALITY_STATUS"": ""F"", ""DERIVATION_TYPE"": ""O"", ""SECURITY_CLASSIFICATION"": ""PUB""}"
SEN,gdp_real_lcu_quarterly_sa,2023-Q4,quarterly,3973014983847.09,3973014983847.09,observed,IMF_QNEA,QNEA|B1GQ|Q|SA|XDC|Q,SA,"{""ACCESS_SHARING_LEVEL"": ""PUBLIC_OPEN"", ""CONFIDENTIALITY_STATUS"": ""F"", ""DERIVATION_TYPE"": ""O"", ""SECURITY_CLASSIFICATION"": ""PUB""}"
SEN,gdp_real_lcu_quarterly_sa,2024-Q1,quarterly,3897221996899.31,3897221996899.31,observed,IMF_QNEA,QNEA|B1GQ|Q|SA|XDC|Q,SA,"{""ACCESS_SHARING_LEVEL"": ""PUBLIC_OPEN"", ""CONFIDENTIALITY_STATUS"": ""F"", ""DERIVATION_TYPE"": ""O"", ""SECURITY_CLASSIFICATION"": ""PUB""}"
SEN,gdp_real_lcu_quarterly_sa,2024-Q2,quarterly,3922621592630.53,3922621592630.53,observed,IMF_QNEA,QNEA|B1GQ|Q|SA|XDC|Q,SA,"{""ACCESS_SHARING_LEVEL"": ""PUBLIC_OPEN"", ""CONFIDENTIALITY_STATUS"": ""F"", ""DERIVATION_TYPE"": ""O"", ""SECURITY_CLASSIFICATION"": ""PUB""}"
SEN,gdp_real_lcu_quarterly_sa,2024-Q3,quarterly,4247808549595.82,4247808549595.82,observed,IMF_QNEA,QNEA|B1GQ|Q|SA|XDC|Q,SA,"{""ACCESS_SHARING_LEVEL"": ""PUBLIC_OPEN"", ""CONFIDENTIALITY_STATUS"": ""F"", ""DERIVATION_TYPE"": ""O"", ""SECURITY_CLASSIFICATION"": ""PUB""}"
SEN,gdp_real_lcu_quarterly_sa,2024-Q4,quarterly,4421855504351.41,4421855504351.41,observed,IMF_QNEA,QNEA|B1GQ|Q|SA|XDC|Q,SA,"{""ACCESS_SHARING_LEVEL"": ""PUBLIC_OPEN"", ""CONFIDENTIALITY_STATUS"": ""F"", ""DERIVATION_TYPE"": ""O"", ""SECURITY_CLASSIFICATION"": ""PUB""}"
SGP,gdp_real_lcu_quarterly_sa,2020-Q1,quarterly,120316000000.0,120316000000,observed,IMF_QNEA,QNEA|B1GQ|Q|SA|XDC|Q,SA,"{""ACCESS_SHARING_LEVEL"": ""PUBLIC_OPEN"", ""CONFIDENTIALITY_STATUS"": ""F"", ""DERIVATION_TYPE"": ""O"", ""SECURITY_CLASSIFICATION"": ""PUB""}"
SGP,gdp_real_lcu_quarterly_sa,2020-Q2,quarterly,105741100000.0,105741100000,observed,IMF_QNEA,QNEA|B1GQ|Q|SA|XDC|Q,SA,"{""ACCESS_SHARING_LEVEL"": ""PUBLIC_OPEN"", ""CONFIDENTIALITY_STATUS"": ""F"", ""DERIVATION_TYPE"": ""O"", ""SECURITY_CLASSIFICATION"": ""PUB""}"
SGP,gdp_real_lcu_quarterly_sa,2020-Q3,quarterly,115643700000.0,115643700000,observed,IMF_QNEA,QNEA|B1GQ|Q|SA|XDC|Q,SA,"{""ACCESS_SHARING_LEVEL"": ""PUBLIC_OPEN"", ""CONFIDENTIALITY_STATUS"": ""F"", ""DERIVATION_TYPE"": ""O"", ""SECURITY_CLASSIFICATION"": ""PUB""}"
SGP,gdp_real_lcu_quarterly_sa,2020-Q4,quarterly,120034600000.0,120034600000,observed,IMF_QNEA,QNEA|B1GQ|Q|SA|XDC|Q,SA,"{""ACCESS_SHARING_LEVEL"": ""PUBLIC_OPEN"", ""CONFIDENTIALITY_STATUS"": ""F"", ""DERIVATION_TYPE"": ""O"", ""SECURITY_CLASSIFICATION"": ""PUB""}"
SGP,gdp_real_lcu_quarterly_sa,2021-Q1,quarterly,126219200000.0,126219200000,observed,IMF_QNEA,QNEA|B1GQ|Q|SA|XDC|Q,SA,"{""ACCESS_SHARING_LEVEL"": ""PUBLIC_OPEN"", ""CONFIDENTIALITY_STATUS"": ""F"", ""DERIVATION_TYPE"": ""O"", ""SECURITY_CLASSIFICATION"": ""PUB""}"
SGP,gdp_real_lcu_quarterly_sa,2021-Q2,quarterly,125820400000.0,125820400000,observed,IMF_QNEA,QNEA|B1GQ|Q|SA|XDC|Q,SA,"{""ACCESS_SHARING_LEVEL"": ""PUBLIC_OPEN"", ""CONFIDENTIALITY_STATUS"": ""F"", ""DERIVATION_TYPE"": ""O"", ""SECURITY_CLASSIFICATION"": ""PUB""}"
SGP,gdp_real_lcu_quarterly_sa,2021-Q3,quarterly,127014100000.0,127014100000,observed,IMF_QNEA,QNEA|B1GQ|Q|SA|XDC|Q,SA,"{""ACCESS_SHARING_LEVEL"": ""PUBLIC_OPEN"", ""CONFIDENTIALITY_STATUS"": ""F"", ""DERIVATION_TYPE"": ""O"", ""SECURITY_CLASSIFICATION"": ""PUB""}"
SGP,gdp_real_lcu_quarterly_sa,2021-Q4,quarterly,129539600000.0,129539600000,observed,IMF_QNEA,QNEA|B1GQ|Q|SA|XDC|Q,SA,"{""ACCESS_SHARING_LEVEL"": ""PUBLIC_OPEN"", ""CONFIDENTIALITY_STATUS"": ""F"", ""DERIVATION_TYPE"": ""O"", ""SECURITY_CLASSIFICATION"": ""PUB""}"
SGP,gdp_real_lcu_quarterly_sa,2022-Q1,quarterly,131743300000.0,131743300000,observed,IMF_QNEA,QNEA|B1GQ|Q|SA|XDC|Q,SA,"{""ACCESS_SHARING_LEVEL"": ""PUBLIC_OPEN"", ""CONFIDENTIALITY_STATUS"": ""F"", ""DERIVATION_TYPE"": ""O"", ""SECURITY_CLASSIFICATION"": ""PUB""}"
SGP,gdp_real_lcu_quarterly_sa,2022-Q2,quarterly,132233600000.0,132233600000,observed,IMF_QNEA,QNEA|B1GQ|Q|SA|XDC|Q,SA,"{""ACCESS_SHARING_LEVEL"": ""PUBLIC_OPEN"", ""CONFIDENTIALITY_STATUS"": ""F"", ""DERIVATION_TYPE"": ""O"", ""SECURITY_CLASSIFICATION"": ""PUB""}"
SGP,gdp_real_lcu_quarterly_sa,2022-Q3,quarterly,132527100000.0,132527100000,observed,IMF_QNEA,QNEA|B1GQ|Q|SA|XDC|Q,SA,"{""ACCESS_SHARING_LEVEL"": ""PUBLIC_OPEN"", ""CONFIDENTIALITY_STATUS"": ""F"", ""DERIVATION_TYPE"": ""O"", ""SECURITY_CLASSIFICATION"": ""PUB""}"
SGP,gdp_real_lcu_quarterly_sa,2022-Q4,quarterly,132421300000.0,132421300000,observed,IMF_QNEA,QNEA|B1GQ|Q|SA|XDC|Q,SA,"{""ACCESS_SHARING_LEVEL"": ""PUBLIC_OPEN"", ""CONFIDENTIALITY_STATUS"": ""F"", ""DERIVATION_TYPE"": ""O"", ""SECURITY_CLASSIFICATION"": ""PUB""}"
SGP,gdp_real_lcu_quarterly_sa,2023-Q1,quarterly,132503500000.0,132503500000,observed,IMF_QNEA,QNEA|B1GQ|Q|SA|XDC|Q,SA,"{""ACCESS_SHARING_LEVEL"": ""PUBLIC_OPEN"", ""CONFIDENTIALITY_STATUS"": ""F"", ""DERIVATION_TYPE"": ""O"", ""SECURITY_CLASSIFICATION"": ""PUB""}"
SGP,gdp_real_lcu_quarterly_sa,2023-Q2,quarterly,133127600000.0,133127600000,observed,IMF_QNEA,QNEA|B1GQ|Q|SA|XDC|Q,SA,"{""ACCESS_SHARING_LEVEL"": ""PUBLIC_OPEN"", ""CONFIDENTIALITY_STATUS"": ""F"", ""DERIVATION_TYPE"": ""O"", ""SECURITY_CLASSIFICATION"": ""PUB""}"
SGP,gdp_real_lcu_quarterly_sa,2023-Q3,quarterly,134501800000.0,134501800000,observed,IMF_QNEA,QNEA|B1GQ|Q|SA|XDC|Q,SA,"{""ACCESS_SHARING_LEVEL"": ""PUBLIC_OPEN"", ""CONFIDENTIALITY_STATUS"": ""F"", ""DERIVATION_TYPE"": ""O"", ""SECURITY_CLASSIFICATION"": ""PUB""}"
SGP,gdp_real_lcu_quarterly_sa,2023-Q4,quarterly,136534000000.0,136534000000,observed,IMF_QNEA,QNEA|B1GQ|Q|SA|XDC|Q,SA,"{""ACCESS_SHARING_LEVEL"": ""PUBLIC_OPEN"", ""CONFIDENTIALITY_STATUS"": ""F"", ""DERIVATION_TYPE"": ""O"", ""SECURITY_CLASSIFICATION"": ""PUB""}"
SGP,gdp_real_lcu_quarterly_sa,2024-Q1,quarterly,138274900000.0,138274900000,observed,IMF_QNEA,QNEA|B1GQ|Q|SA|XDC|Q,SA,"{""ACCESS_SHARING_LEVEL"": ""PUBLIC_OPEN"", ""CONFIDENTIALITY_STATUS"": ""F"", ""DERIVATION_TYPE"": ""O"", ""SECURITY_CLASSIFICATION"": ""PUB""}"
SGP,gdp_real_lcu_quarterly_sa,2024-Q2,quarterly,139612400000.0,139612400000,observed,IMF_QNEA,QNEA|B1GQ|Q|SA|XDC|Q,SA,"{""ACCESS_SHARING_LEVEL"": ""PUBLIC_OPEN"", ""CONFIDENTIALITY_STATUS"": ""F"", ""DERIVATION_TYPE"": ""O"", ""SECURITY_CLASSIFICATION"": ""PUB""}"
SGP,gdp_real_lcu_quarterly_sa,2024-Q3,quarterly,143708800000.0,143708800000,observed,IMF_QNEA,QNEA|B1GQ|Q|SA|XDC|Q,SA,"{""ACCESS_SHARING_LEVEL"": ""PUBLIC_OPEN"", ""CONFIDENTIALITY_STATUS"": ""F"", ""DERIVATION_TYPE"": ""O"", ""SECURITY_CLASSIFICATION"": ""PUB""}"
SGP,gdp_real_lcu_quarterly_sa,2024-Q4,quarterly,143729600000.0,143729600000,observed,IMF_QNEA,QNEA|B1GQ|Q|SA|XDC|Q,SA,"{""ACCESS_SHARING_LEVEL"": ""PUBLIC_OPEN"", ""CONFIDENTIALITY_STATUS"": ""F"", ""DERIVATION_TYPE"": ""O"", ""SECURITY_CLASSIFICATION"": ""PUB""}"
SRB,gdp_real_lcu_quarterly_sa,2020-Q1,quarterly,998245729452.31,998245729452.31,observed,IMF_QNEA,QNEA|B1GQ|Q|SA|XDC|Q,SA,"{""ACCESS_SHARING_LEVEL"": ""PUBLIC_OPEN"", ""CONFIDENTIALITY_STATUS"": ""F"", ""DERIVATION_TYPE"": ""O"", ""SECURITY_CLASSIFICATION"": ""PUB""}"
SRB,gdp_real_lcu_quarterly_sa,2020-Q2,quarterly,893875228311.42,893875228311.42,observed,IMF_QNEA,QNEA|B1GQ|Q|SA|XDC|Q,SA,"{""ACCESS_SHARING_LEVEL"": ""PUBLIC_OPEN"", ""CONFIDENTIALITY_STATUS"": ""F"", ""DERIVATION_TYPE"": ""O"", ""SECURITY_CLASSIFICATION"": ""PUB""}"
SRB,gdp_real_lcu_quarterly_sa,2020-Q3,quarterly,969363258366.86,969363258366.86,observed,IMF_QNEA,QNEA|B1GQ|Q|SA|XDC|Q,SA,"{""ACCESS_SHARING_LEVEL"": ""PUBLIC_OPEN"", ""CONFIDENTIALITY_STATUS"": ""F"", ""DERIVATION_TYPE"": ""O"", ""SECURITY_CLASSIFICATION"": ""PUB""}"
SRB,gdp_real_lcu_quarterly_sa,2020-Q4,quarterly,985751052177.78,985751052177.78,observed,IMF_QNEA,QNEA|B1GQ|Q|SA|XDC|Q,SA,"{""ACCESS_SHARING_LEVEL"": ""PUBLIC_OPEN"", ""CONFIDENTIALITY_STATUS"": ""F"", ""DERIVATION_TYPE"": ""O"", ""SECURITY_CLASSIFICATION"": ""PUB""}"
SRB,gdp_real_lcu_quarterly_sa,2021-Q1,quarterly,1014726963226.7,1014726963226.7,observed,IMF_QNEA,QNEA|B1GQ|Q|SA|XDC|Q,SA,"{""ACCESS_SHARING_LEVEL"": ""PUBLIC_OPEN"", ""CONFIDENTIALITY_STATUS"": ""F"", ""DERIVATION_TYPE"": ""O"", ""SECURITY_CLASSIFICATION"": ""PUB""}"
SRB,gdp_real_lcu_quarterly_sa,2021-Q2,quarterly,1025377922757.7,1025377922757.7,observed,IMF_QNEA,QNEA|B1GQ|Q|SA|XDC|Q,SA,"{""ACCESS_SHARING_LEVEL"": ""PUBLIC_OPEN"", ""CONFIDENTIALITY_STATUS"": ""F"", ""DERIVATION_TYPE"": ""O"", ""SECURITY_CLASSIFICATION"": ""PUB""}"
SRB,gdp_real_lcu_quarterly_sa,2021-Q3,quarterly,1050439432207.3,1050439432207.3,observed,IMF_QNEA,QNEA|B1GQ|Q|SA|XDC|Q,SA,"{""ACCESS_SHARING_LEVEL"": ""PUBLIC_OPEN"", ""CONFIDENTIALITY_STATUS"": ""F"", ""DERIVATION_TYPE"": ""O"", ""SECURITY_CLASSIFICATION"": ""PUB""}"
SRB,gdp_real_lcu_quarterly_sa,2021-Q4,quarterly,1062622435980.8,1062622435980.8,observed,IMF_QNEA,QNEA|B1GQ|Q|SA|XDC|Q,SA,"{""ACCESS_SHARING_LEVEL"": ""PUBLIC_OPEN"", ""CONFIDENTIALITY_STATUS"": ""F"", ""DERIVATION_TYPE"": ""O"", ""SECURITY_CLASSIFICATION"": ""PUB""}"
SRB,gdp_real_lcu_quarterly_sa,2022-Q1,quarterly,1063489288234.0,1063489288234,observed,IMF_QNEA,QNEA|B1GQ|Q|SA|XDC|Q,SA,"{""ACCESS_SHARING_LEVEL"": ""PUBLIC_OPEN"", ""CONFIDENTIALITY_STATUS"": ""F"", ""DERIVATION_TYPE"": ""O"", ""SECURITY_CLASSIFICATION"": ""PUB""}"
SRB,gdp_real_lcu_quarterly_sa,2022-Q2,quarterly,1069165347003.9,1069165347003.9,observed,IMF_QNEA,QNEA|B1GQ|Q|SA|XDC|Q,SA,"{""ACCESS_SHARING_LEVEL"": ""PUBLIC_OPEN"", ""CONFIDENTIALITY_STATUS"": ""F"", ""DERIVATION_TYPE"": ""O"", ""SECURITY_CLASSIFICATION"": ""PUB""}"
SRB,gdp_real_lcu_quarterly_sa,2022-Q3,quarterly,1061761420456.1,1061761420456.1,observed,IMF_QNEA,QNEA|B1GQ|Q|SA|XDC|Q,SA,"{""ACCESS_SHARING_LEVEL"": ""PUBLIC_OPEN"", ""CONFIDENTIALITY_STATUS"": ""F"", ""DERIVATION_TYPE"": ""O"", ""SECURITY_CLASSIFICATION"": ""PUB""}"
SRB,gdp_real_lcu_quarterly_sa,2022-Q4,quarterly,1070874335471.7,1070874335471.7,observed,IMF_QNEA,QNEA|B1GQ|Q|SA|XDC|Q,SA,"{""ACCESS_SHARING_LEVEL"": ""PUBLIC_OPEN"", ""CONFIDENTIALITY_STATUS"": ""F"", ""DERIVATION_TYPE"": ""O"", ""SECURITY_CLASSIFICATION"": ""PUB""}"
SRB,gdp_real_lcu_quarterly_sa,2023-Q1,quarterly,1088268503739.8,1088268503739.8,observed,IMF_QNEA,QNEA|B1GQ|Q|SA|XDC|Q,SA,"{""ACCESS_SHARING_LEVEL"": ""PUBLIC_OPEN"", ""CONFIDENTIALITY_STATUS"": ""F"", ""DERIVATION_TYPE"": ""O"", ""SECURITY_CLASSIFICATION"": ""PUB""}"
SRB,gdp_real_lcu_quarterly_sa,2023-Q2,quarterly,1098649995091.3,1098649995091.3,observed,IMF_QNEA,QNEA|B1GQ|Q|SA|XDC|Q,SA,"{""ACCESS_SHARING_LEVEL"": ""PUBLIC_OPEN"", ""CONFIDENTIALITY_STATUS"": ""F"", ""DERIVATION_TYPE"": ""O"", ""SECURITY_CLASSIFICATION"": ""PUB""}"
SRB,gdp_real_lcu_quarterly_sa,2023-Q3,quarterly,1113454990182.2,1113454990182.2,observed,IMF_QNEA,QNEA|B1GQ|Q|SA|XDC|Q,SA,"{""ACCESS_SHARING_LEVEL"": ""PUBLIC_OPEN"", ""CONFIDENTIALITY_STATUS"": ""F"", ""DERIVATION_TYPE"": ""O"", ""SECURITY_CLASSIFICATION"": ""PUB""}"
SRB,gdp_real_lcu_quarterly_sa,2023-Q4,quarterly,1125115486451.3,1125115486451.3,observed,IMF_QNEA,QNEA|B1GQ|Q|SA|XDC|Q,SA,"{""ACCESS_SHARING_LEVEL"": ""PUBLIC_OPEN"", ""CONFIDENTIALITY_STATUS"": ""F"", ""DERIVATION_TYPE"": ""O"", ""SECURITY_CLASSIFICATION"": ""PUB""}"
SRB,gdp_real_lcu_quarterly_sa,2024-Q1,quarterly,1136350754788.3,1136350754788.3,observed,IMF_QNEA,QNEA|B1GQ|Q|SA|XDC|Q,SA,"{""ACCESS_SHARING_LEVEL"": ""PUBLIC_OPEN"", ""CONFIDENTIALITY_STATUS"": ""F"", ""DERIVATION_TYPE"": ""O"", ""SECURITY_CLASSIFICATION"": ""PUB""}"
SRB,gdp_real_lcu_quarterly_sa,2024-Q2,quarterly,1146473415295.1,1146473415295.1,observed,IMF_QNEA,QNEA|B1GQ|Q|SA|XDC|Q,SA,"{""ACCESS_SHARING_LEVEL"": ""PUBLIC_OPEN"", ""CONFIDENTIALITY_STATUS"": ""F"", ""DERIVATION_TYPE"": ""O"", ""SECURITY_CLASSIFICATION"": ""PUB""}"
SRB,gdp_real_lcu_quarterly_sa,2024-Q3,quarterly,1153892447124.6,1153892447124.6,observed,IMF_QNEA,QNEA|B1GQ|Q|SA|XDC|Q,SA,"{""ACCESS_SHARING_LEVEL"": ""PUBLIC_OPEN"", ""CONFIDENTIALITY_STATUS"": ""F"", ""DERIVATION_TYPE"": ""O"", ""SECURITY_CLASSIFICATION"": ""PUB""}"
SRB,gdp_real_lcu_quarterly_sa,2024-Q4,quarterly,1163806382952.1,1163806382952.1,observed,IMF_QNEA,QNEA|B1GQ|Q|SA|XDC|Q,SA,"{""ACCESS_SHARING_LEVEL"": ""PUBLIC_OPEN"", ""CONFIDENTIALITY_STATUS"": ""F"", ""DERIVATION_TYPE"": ""O"", ""SECURITY_CLASSIFICATION"": ""PUB""}"
SVK,gdp_real_lcu_quarterly_sa,2020-Q1,quarterly,21385995139.318,21385995139.318,observed,IMF_QNEA,QNEA|B1GQ|Q|SA|XDC|Q,SA,"{""ACCESS_SHARING_LEVEL"": ""PUBLIC_OPEN"", ""CONFIDENTIALITY_STATUS"": ""F"", ""DERIVATION_TYPE"": ""O"", ""SECURITY_CLASSIFICATION"": ""PUB""}"
SVK,gdp_real_lcu_quarterly_sa,2020-Q2,quarterly,19732726558.446,19732726558.446,observed,IMF_QNEA,QNEA|B1GQ|Q|SA|XDC|Q,SA,"{""ACCESS_SHARING_LEVEL"": ""PUBLIC_OPEN"", ""CONFIDENTIALITY_STATUS"": ""F"", ""DERIVATION_TYPE"": ""O"", ""SECURITY_CLASSIFICATION"": ""PUB""}"
SVK,gdp_real_lcu_quarterly_sa,2020-Q3,quarterly,21693002180.629,21693002180.629,observed,IMF_QNEA,QNEA|B1GQ|Q|SA|XDC|Q,SA,"{""ACCESS_SHARING_LEVEL"": ""PUBLIC_OPEN"", ""CONFIDENTIALITY_STATUS"": ""F"", ""DERIVATION_TYPE"": ""O"", ""SECURITY_CLASSIFICATION"": ""PUB""}"
SVK,gdp_real_lcu_quarterly_sa,2020-Q4,quarterly,21875938791.939,21875938791.939,observed,IMF_QNEA,QNEA|B1GQ|Q|SA|XDC|Q,SA,"{""ACCESS_SHARING_LEVEL"": ""PUBLIC_OPEN"", ""CONFIDENTIALITY_STATUS"": ""F"", ""DERIVATION_TYPE"": ""O"", ""SECURITY_CLASSIFICATION"": ""PUB""}"
SVK,gdp_real_lcu_quarterly_sa,2021-Q1,quarterly,22107188913.361,22107188913.361,observed,IMF_QNEA,QNEA|B1GQ|Q|SA|XDC|Q,SA,"{""ACCESS_SHARING_LEVEL"": ""PUBLIC_OPEN"", ""CONFIDENTIALITY_STATUS"": ""F"", ""DERIVATION_TYPE"": ""O"", ""SECURITY_CLASSIFICATION"": ""PUB""}"
SVK,gdp_real_lcu_quarterly_sa,2021-Q2,quarterly,22339098071.681,22339098071.681,observed,IMF_QNEA,QNEA|B1GQ|Q|SA|XDC|Q,SA,"{""ACCESS_SHARING_LEVEL"": ""PUBLIC_OPEN"", ""CONFIDENTIALITY_STATUS"": ""F"", ""DERIVATION_TYPE"": ""O"", ""SECURITY_CLASSIFICATION"": ""PUB""}"
SVK,gdp_real_lcu_quarterly_sa,2021-Q3,quarterly,22478750145.172,22478750145.172,observed,IMF_QNEA,QNEA|B1GQ|Q|SA|XDC|Q,SA,"{""ACCESS_SHARING_LEVEL"": ""PUBLIC_OPEN"", ""CONFIDENTIALITY_STATUS"": ""F"", ""DERIVATION_TYPE"": ""O"", ""SECURITY_CLASSIFICATION"": ""PUB""}"
SVK,gdp_real_lcu_quarterly_sa,2021-Q4,quarterly,22552440167.324,22552440167.324,observed,IMF_QNEA,QNEA|B1GQ|Q|SA|XDC|Q,SA,"{""ACCESS_SHARING_LEVEL"": ""PUBLIC_OPEN"", ""CONFIDENTIALITY_STATUS"": ""F"", ""DERIVATION_TYPE"": ""O"", ""SECURITY_CLASSIFICATION"": ""PUB""}"
SVK,gdp_real_lcu_quarterly_sa,2022-Q1,quarterly,22495924610.808,22495924610.808,observed,IMF_QNEA,QNEA|B1GQ|Q|SA|XDC|Q,SA,"{""ACCESS_SHARING_LEVEL"": ""PUBLIC_OPEN"", ""CONFIDENTIALITY_STATUS"": ""F"", ""DERIVATION_TYPE"": ""O"", ""SECURITY_CLASSIFICATION"": ""PUB""}"
SVK,gdp_real_lcu_quarterly_sa,2022-Q2,quarterly,22429789270.477,22429789270.477,observed,IMF_QNEA,QNEA|B1GQ|Q|SA|XDC|Q,SA,"{""ACCESS_SHARING_LEVEL"": ""PUBLIC_OPEN"", ""CONFIDENTIALITY_STATUS"": ""F"", ""DERIVATION_TYPE"": ""O"", ""SECURITY_CLASSIFICATION"": ""PUB""}"
SVK,gdp_real_lcu_quarterly_sa,2022-Q3,quarterly,22474959336.205,22474959336.205,observed,IMF_QNEA,QNEA|B1GQ|Q|SA|XDC|Q,SA,"{""ACCESS_SHARING_LEVEL"": ""PUBLIC_OPEN"", ""CONFIDENTIALITY_STATUS"": ""F"", ""DERIVATION_TYPE"": ""O"", ""SECURITY_CLASSIFICATION"": ""PUB""}"
SVK,gdp_real_lcu_quarterly_sa,2022-Q4,quarterly,22564090934.059,22564090934.059,observed,IMF_QNEA,QNEA|B1GQ|Q|SA|XDC|Q,SA,"{""ACCESS_SHARING_LEVEL"": ""PUBLIC_OPEN"", ""CONFIDENTIALITY_STATUS"": ""F"", ""DERIVATION_TYPE"": ""O"", ""SECURITY_CLASSIFICATION"": ""PUB""}"
SVK,gdp_real_lcu_quarterly_sa,2023-Q1,quarterly,22689793692.506,22689793692.506,observed,IMF_QNEA,QNEA|B1GQ|Q|SA|XDC|Q,SA,"{""ACCESS_SHARING_LEVEL"": ""PUBLIC_OPEN"", ""CONFIDENTIALITY_STATUS"": ""F"", ""DERIVATION_TYPE"": ""O"", ""SECURITY_CLASSIFICATION"": ""PUB""}"
SVK,gdp_real_lcu_quarterly_sa,2023-Q2,quarterly,22902932869.431,22902932869.431,observed,IMF_QNEA,QNEA|B1GQ|Q|SA|XDC|Q,SA,"{""ACCESS_SHARING_LEVEL"": ""PUBLIC_OPEN"", ""CONFIDENTIALITY_STATUS"": ""F"", ""DERIVATION_TYPE"": ""O"", ""SECURITY_CLASSIFICATION"": ""PUB""}"
SVK,gdp_real_lcu_quarterly_sa,2023-Q3,quarterly,23081855102.036,23081855102.036,observed,IMF_QNEA,QNEA|B1GQ|Q|SA|XDC|Q,SA,"{""ACCESS_SHARING_LEVEL"": ""PUBLIC_OPEN"", ""CONFIDENTIALITY_STATUS"": ""F"", ""DERIVATION_TYPE"": ""O"", ""SECURITY_CLASSIFICATION"": ""PUB""}"
SVK,gdp_real_lcu_quarterly_sa,2023-Q4,quarterly,23190810781.173,23190810781.173,observed,IMF_QNEA,QNEA|B1GQ|Q|SA|XDC|Q,SA,"{""ACCESS_SHARING_LEVEL"": ""PUBLIC_OPEN"", ""CONFIDENTIALITY_STATUS"": ""F"", ""DERIVATION_TYPE"": ""O"", ""SECURITY_CLASSIFICATION"": ""PUB""}"
SVK,gdp_real_lcu_quarterly_sa,2024-Q1,quarterly,23336782964.639,23336782964.639,observed,IMF_QNEA,QNEA|B1GQ|Q|SA|XDC|Q,SA,"{""ACCESS_SHARING_LEVEL"": ""PUBLIC_OPEN"", ""CONFIDENTIALITY_STATUS"": ""F"", ""DERIVATION_TYPE"": ""O"", ""SECURITY_CLASSIFICATION"": ""PUB""}"
SVK,gdp_real_lcu_quarterly_sa,2024-Q2,quarterly,23397671150.162,23397671150.162,observed,IMF_QNEA,QNEA|B1GQ|Q|SA|XDC|Q,SA,"{""ACCESS_SHARING_LEVEL"": ""PUBLIC_OPEN"", ""CONFIDENTIALITY_STATUS"": ""F"", ""DERIVATION_TYPE"": ""O"", ""SECURITY_CLASSIFICATION"": ""PUB""}"
SVK,gdp_real_lcu_quarterly_sa,2024-Q3,quarterly,23423708494.84,23423708494.84,observed,IMF_QNEA,QNEA|B1GQ|Q|SA|XDC|Q,SA,"{""ACCESS_SHARING_LEVEL"": ""PUBLIC_OPEN"", ""CONFIDENTIALITY_STATUS"": ""F"", ""DERIVATION_TYPE"": ""O"", ""SECURITY_CLASSIFICATION"": ""PUB""}"
SVK,gdp_real_lcu_quarterly_sa,2024-Q4,quarterly,23488200732.279,23488200732.279,observed,IMF_QNEA,QNEA|B1GQ|Q|SA|XDC|Q,SA,"{""ACCESS_SHARING_LEVEL"": ""PUBLIC_OPEN"", ""CONFIDENTIALITY_STATUS"": ""F"", ""DERIVATION_TYPE"": ""O"", ""SECURITY_CLASSIFICATION"": ""PUB""}"
SVN,gdp_real_lcu_quarterly_sa,2020-Q1,quarterly,10590491896.0,10590491896,observed,IMF_QNEA,QNEA|B1GQ|Q|SA|XDC|Q,SA,"{""ACCESS_SHARING_LEVEL"": ""PUBLIC_OPEN"", ""CONFIDENTIALITY_STATUS"": ""F"", ""DERIVATION_TYPE"": ""O"", ""SECURITY_CLASSIFICATION"": ""PUB""}"
SVN,gdp_real_lcu_quarterly_sa,2020-Q2,quarterly,9540666854.0,9540666854,observed,IMF_QNEA,QNEA|B1GQ|Q|SA|XDC|Q,SA,"{""ACCESS_SHARING_LEVEL"": ""PUBLIC_OPEN"", ""CONFIDENTIALITY_STATUS"": ""F"", ""DERIVATION_TYPE"": ""O"", ""SECURITY_CLASSIFICATION"": ""PUB""}"
SVN,gdp_real_lcu_quarterly_sa,2020-Q3,quarterly,10644430657.0,10644430657,observed,IMF_QNEA,QNEA|B1GQ|Q|SA|XDC|Q,SA,"{""ACCESS_SHARING_LEVEL"": ""PUBLIC_OPEN"", ""CONFIDENTIALITY_STATUS"": ""F"", ""DERIVATION_TYPE"": ""O"", ""SECURITY_CLASSIFICATION"": ""PUB""}"
SVN,gdp_real_lcu_quarterly_sa,2020-Q4,quarterly,10408217615.0,10408217615,observed,IMF_QNEA,QNEA|B1GQ|Q|SA|XDC|Q,SA,"{""ACCESS_SHARING_LEVEL"": ""PUBLIC_OPEN"", ""CONFIDENTIALITY_STATUS"": ""F"", ""DERIVATION_TYPE"": ""O"", ""SECURITY_CLASSIFICATION"": ""PUB""}"
SVN,gdp_real_lcu_quarterly_sa,2021-Q1,quarterly,10865554339.0,10865554339,observed,IMF_QNEA,QNEA|B1GQ|Q|SA|XDC|Q,SA,"{""ACCESS_SHARING_LEVEL"": ""PUBLIC_OPEN"", ""CONFIDENTIALITY_STATUS"": ""F"", ""DERIVATION_TYPE"": ""O"", ""SECURITY_CLASSIFICATION"": ""PUB""}"
SVN,gdp_real_lcu_quarterly_sa,2021-Q2,quarterly,10998480477.0,10998480477,observed,IMF_QNEA,QNEA|B1GQ|Q|SA|XDC|Q,SA,"{""ACCESS_SHARING_LEVEL"": ""PUBLIC_OPEN"", ""CONFIDENTIALITY_STATUS"": ""F"", ""DERIVATION_TYPE"": ""O"", ""SECURITY_CLASSIFICATION"": ""PUB""}"
SVN,gdp_real_lcu_quarterly_sa,2021-Q3,quarterly,11296032216.0,11296032216,observed,IMF_QNEA,QNEA|B1GQ|Q|SA|XDC|Q,SA,"{""ACCESS_SHARING_LEVEL"": ""PUBLIC_OPEN"", ""CONFIDENTIALITY_STATUS"": ""F"", ""DERIVATION_TYPE"": ""O"", ""SECURITY_CLASSIFICATION"": ""PUB""}"
SVN,gdp_real_lcu_quarterly_sa,2021-Q4,quarterly,11438676285.0,11438676285,observed,IMF_QNEA,QNEA|B1GQ|Q|SA|XDC|Q,SA,"{""ACCESS_SHARING_LEVEL"": ""PUBLIC_OPEN"", ""CONFIDENTIALITY_STATUS"": ""F"", ""DERIVATION_TYPE"": ""O"", ""SECURITY_CLASSIFICATION"": ""PUB""}"
SVN,gdp_real_lcu_quarterly_sa,2022-Q1,quarterly,11419917763.0,11419917763,observed,IMF_QNEA,QNEA|B1GQ|Q|SA|XDC|Q,SA,"{""ACCESS_SHARING_LEVEL"": ""PUBLIC_OPEN"", ""CONFIDENTIALITY_STATUS"": ""F"", ""DERIVATION_TYPE"": ""O"", ""SECURITY_CLASSIFICATION"": ""PUB""}"
SVN,gdp_real_lcu_quarterly_sa,2022-Q2,quarterly,11499779374.0,11499779374,observed,IMF_QNEA,QNEA|B1GQ|Q|SA|XDC|Q,SA,"{""ACCESS_SHARING_LEVEL"": ""PUBLIC_OPEN"", ""CONFIDENTIALITY_STATUS"": ""F"", ""DERIVATION_TYPE"": ""O"", ""SECURITY_CLASSIFICATION"": ""PUB""}"
SVN,gdp_real_lcu_quarterly_sa,2022-Q3,quarterly,11471532676.0,11471532676,observed,IMF_QNEA,QNEA|B1GQ|Q|SA|XDC|Q,SA,"{""ACCESS_SHARING_LEVEL"": ""PUBLIC_OPEN"", ""CONFIDENTIALITY_STATUS"": ""F"", ""DERIVATION_TYPE"": ""O"", ""SECURITY_CLASSIFICATION"": ""PUB""}"
SVN,gdp_real_lcu_quarterly_sa,2022-Q4,quarterly,11541595395.0,11541595395,observed,IMF_QNEA,QNEA|B1GQ|Q|SA|XDC|Q,SA,"{""ACCESS_SHARING_LEVEL"": ""PUBLIC_OPEN"", ""CONFIDENTIALITY_STATUS"": ""F"", ""DERIVATION_TYPE"": ""O"", ""SECURITY_CLASSIFICATION"": ""PUB""}"
SVN,gdp_real_lcu_quarterly_sa,2023-Q1,quarterly,11639792391.0,11639792391,observed,IMF_QNEA,QNEA|B1GQ|Q|SA|XDC|Q,SA,"{""ACCESS_SHARING_LEVEL"": ""PUBLIC_OPEN"", ""CONFIDENTIALITY_STATUS"": ""F"", ""DERIVATION_TYPE"": ""O"", ""SECURITY_CLASSIFICATION"": ""PUB""}"
SVN,gdp_real_lcu_quarterly_sa,2023-Q2,quarterly,11793367590.0,11793367590,observed,IMF_QNEA,QNEA|B1GQ|Q|SA|XDC|Q,SA,"{""ACCESS_SHARING_LEVEL"": ""PUBLIC_OPEN"", ""CONFIDENTIALITY_STATUS"": ""F"", ""DERIVATION_TYPE"": ""O"", ""SECURITY_CLASSIFICATION"": ""PUB""}"
SVN,gdp_real_lcu_quarterly_sa,2023-Q3,quarterly,11788472938.0,11788472938,observed,IMF_QNEA,QNEA|B1GQ|Q|SA|XDC|Q,SA,"{""ACCESS_SHARING_LEVEL"": ""PUBLIC_OPEN"", ""CONFIDENTIALITY_STATUS"": ""F"", ""DERIVATION_TYPE"": ""O"", ""SECURITY_CLASSIFICATION"": ""PUB""}"
SVN,gdp_real_lcu_quarterly_sa,2023-Q4,quarterly,11886823938.0,11886823938,observed,IMF_QNEA,QNEA|B1GQ|Q|SA|XDC|Q,SA,"{""ACCESS_SHARING_LEVEL"": ""PUBLIC_OPEN"", ""CONFIDENTIALITY_STATUS"": ""F"", ""DERIVATION_TYPE"": ""O"", ""SECURITY_CLASSIFICATION"": ""PUB""}"
SVN,gdp_real_lcu_quarterly_sa,2024-Q1,quarterly,12008940539.0,12008940539,observed,IMF_QNEA,QNEA|B1GQ|Q|SA|XDC|Q,SA,"{""ACCESS_SHARING_LEVEL"": ""PUBLIC_OPEN"", ""CONFIDENTIALITY_STATUS"": ""F"", ""DERIVATION_TYPE"": ""O"", ""SECURITY_CLASSIFICATION"": ""PUB""}"
SVN,gdp_real_lcu_quarterly_sa,2024-Q2,quarterly,11920595968.0,11920595968,observed,IMF_QNEA,QNEA|B1GQ|Q|SA|XDC|Q,SA,"{""ACCESS_SHARING_LEVEL"": ""PUBLIC_OPEN"", ""CONFIDENTIALITY_STATUS"": ""F"", ""DERIVATION_TYPE"": ""O"", ""SECURITY_CLASSIFICATION"": ""PUB""}"
SVN,gdp_real_lcu_quarterly_sa,2024-Q3,quarterly,11945265202.0,11945265202,observed,IMF_QNEA,QNEA|B1GQ|Q|SA|XDC|Q,SA,"{""ACCESS_SHARING_LEVEL"": ""PUBLIC_OPEN"", ""CONFIDENTIALITY_STATUS"": ""F"", ""DERIVATION_TYPE"": ""O"", ""SECURITY_CLASSIFICATION"": ""PUB""}"
SVN,gdp_real_lcu_quarterly_sa,2024-Q4,quarterly,12029637531.0,12029637531,observed,IMF_QNEA,QNEA|B1GQ|Q|SA|XDC|Q,SA,"{""ACCESS_SHARING_LEVEL"": ""PUBLIC_OPEN"", ""CONFIDENTIALITY_STATUS"": ""F"", ""DERIVATION_TYPE"": ""O"", ""SECURITY_CLASSIFICATION"": ""PUB""}"
SWE,gdp_real_lcu_quarterly_sa,2020-Q1,quarterly,1087459281180.3,1087459281180.3,observed,IMF_QNEA,QNEA|B1GQ|Q|SA|XDC|Q,SA,"{""ACCESS_SHARING_LEVEL"": ""PUBLIC_OPEN"", ""CONFIDENTIALITY_STATUS"": ""F"", ""DERIVATION_TYPE"": ""O"", ""SECURITY_CLASSIFICATION"": ""PUB""}"
SWE,gdp_real_lcu_quarterly_sa,2020-Q2,quarterly,991587981336.73,991587981336.73,observed,IMF_QNEA,QNEA|B1GQ|Q|SA|XDC|Q,SA,"{""ACCESS_SHARING_LEVEL"": ""PUBLIC_OPEN"", ""CONFIDENTIALITY_STATUS"": ""F"", ""DERIVATION_TYPE"": ""O"", ""SECURITY_CLASSIFICATION"": ""PUB""}"
SWE,gdp_real_lcu_quarterly_sa,2020-Q3,quarterly,1050397557192.7,1050397557192.7,observed,IMF_QNEA,QNEA|B1GQ|Q|SA|XDC|Q,SA,"{""ACCESS_SHARING_LEVEL"": ""PUBLIC_OPEN"", ""CONFIDENTIALITY_STATUS"": ""F"", ""DERIVATION_TYPE"": ""O"", ""SECURITY_CLASSIFICATION"": ""PUB""}"
SWE,gdp_real_lcu_quarterly_sa,2020-Q4,quarterly,1065349509267.8,1065349509267.8,observed,IMF_QNEA,QNEA|B1GQ|Q|SA|XDC|Q,SA,"{""ACCESS_SHARING_LEVEL"": ""PUBLIC_OPEN"", ""CONFIDENTIALITY_STATUS"": ""F"", ""DERIVATION_TYPE"": ""O"", ""SECURITY_CLASSIFICATION"": ""PUB""}"
SWE,gdp_real_lcu_quarterly_sa,2021-Q1,quarterly,1093282651104.4,1093282651104.4,observed,IMF_QNEA,QNEA|B1GQ|Q|SA|XDC|Q,SA,"{""ACCESS_SHARING_LEVEL"": ""PUBLIC_OPEN"", ""CONFIDENTIALITY_STATUS"": ""F"", ""DERIVATION_TYPE"": ""O"", ""SECURITY_CLASSIFICATION"": ""PUB""}"
SWE,gdp_real_lcu_quarterly_sa,2021-Q2,quarterly,1097969550409.9,1097969550409.9,observed,IMF_QNEA,QNEA|B1GQ|Q|SA|XDC|Q,SA,"{""ACCESS_SHARING_LEVEL"": ""PUBLIC_OPEN"", ""CONFIDENTIALITY_STATUS"": ""F"", ""DERIVATION_TYPE"": ""O"", ""SECURITY_CLASSIFICATION"": ""PUB""}"
SWE,gdp_real_lcu_quarterly_sa,2021-Q3,quarterly,1095019311585.1,1095019311585.1,observed,IMF_QNEA,QNEA|B1GQ|Q|SA|XDC|Q,SA,"{""ACCESS_SHARING_LEVEL"": ""PUBLIC_OPEN"", ""CONFIDENTIALITY_STATUS"": ""F"", ""DERIVATION_TYPE"": ""O"", ""SECURITY_CLASSIFICATION"": ""PUB""}"
SWE,gdp_real_lcu_quarterly_sa,2021-Q4,quarterly,1118681657967.5,1118681657967.5,observed,IMF_QNEA,QNEA|B1GQ|Q|SA|XDC|Q,SA,"{""ACCESS_SHARING_LEVEL"": ""PUBLIC_OPEN"", ""CONFIDENTIALITY_STATUS"": ""F"", ""DERIVATION_TYPE"": ""O"", ""SECURITY_CLASSIFICATION"": ""PUB""}"
SWE,gdp_real_lcu_quarterly_sa,2022-Q1,quarterly,1112637384830.3,1112637384830.3,observed,IMF_QNEA,QNEA|B1GQ|Q|SA|XDC|Q,SA,"{""ACCESS_SHARING_LEVEL"": ""PUBLIC_OPEN"", ""CONFIDENTIALITY_STATUS"": ""F"", ""DERIVATION_TYPE"": ""O"", ""SECURITY_CLASSIFICATION"": ""PUB""}"
SWE,gdp_real_lcu_quarterly_sa,2022-Q2,quarterly,1124559906362.7,1124559906362.7,observed,IMF_QNEA,QNEA|B1GQ|Q|SA|XDC|Q,SA,"{""ACCESS_SHARING_LEVEL"": ""PUBLIC_OPEN"", ""CONFIDENTIALITY_STATUS"": ""F"", ""DERIVATION_TYPE"": ""O"", ""SECURITY_CLASSIFICATION"": ""PUB""}"
SWE,gdp_real_lcu_quarterly_sa,2022-Q3,quarterly,1118496182628.1,1118496182628.1,observed,IMF_QNEA,QNEA|B1GQ|Q|SA|XDC|Q,SA,"{""ACCESS_SHARING_LEVEL"": ""PUBLIC_OPEN"", ""CONFIDENTIALITY_STATUS"": ""F"", ""DERIVATION_TYPE"": ""O"", ""SECURITY_CLASSIFICATION"": ""PUB""}"
SWE,gdp_real_lcu_quarterly_sa,2022-Q4,quarterly,1107147453718.5,1107147453718.5,observed,IMF_QNEA,QNEA|B1GQ|Q|SA|XDC|Q,SA,"{""ACCESS_SHARING_LEVEL"": ""PUBLIC_OPEN"", ""CONFIDENTIALITY_STATUS"": ""F"", ""DERIVATION_TYPE"": ""O"", ""SECURITY_CLASSIFICATION"": ""PUB""}"
SWE,gdp_real_lcu_quarterly_sa,2023-Q1,quarterly,1121592995597.4,1121592995597.4,observed,IMF_QNEA,QNEA|B1GQ|Q|SA|XDC|Q,SA,"{""ACCESS_SHARING_LEVEL"": ""PUBLIC_OPEN"", ""CONFIDENTIALITY_STATUS"": ""F"", ""DERIVATION_TYPE"": ""O"", ""SECURITY_CLASSIFICATION"": ""PUB""}"
SWE,gdp_real_lcu_quarterly_sa,2023-Q2,quarterly,1109712153916.5,1109712153916.5,observed,IMF_QNEA,QNEA|B1GQ|Q|SA|XDC|Q,SA,"{""ACCESS_SHARING_LEVEL"": ""PUBLIC_OPEN"", ""CONFIDENTIALITY_STATUS"": ""F"", ""DERIVATION_TYPE"": ""O"", ""SECURITY_CLASSIFICATION"": ""PUB""}"
SWE,gdp_real_lcu_quarterly_sa,2023-Q3,quarterly,1125537298881.3,1125537298881.3,observed,IMF_QNEA,QNEA|B1GQ|Q|SA|XDC|Q,SA,"{""ACCESS_SHARING_LEVEL"": ""PUBLIC_OPEN"", ""CONFIDENTIALITY_STATUS"": ""F"", ""DERIVATION_TYPE"": ""O"", ""SECURITY_CLASSIFICATION"": ""PUB""}"
SWE,gdp_real_lcu_quarterly_sa,2023-Q4,quarterly,1107768483506.4,1107768483506.4,observed,IMF_QNEA,QNEA|B1GQ|Q|SA|XDC|Q,SA,"{""ACCESS_SHARING_LEVEL"": ""PUBLIC_OPEN"", ""CONFIDENTIALITY_STATUS"": ""F"", ""DERIVATION_TYPE"": ""O"", ""SECURITY_CLASSIFICATION"": ""PUB""}"
SWE,gdp_real_lcu_quarterly_sa,2024-Q1,quarterly,1142507250435.0,1142507250435,observed,IMF_QNEA,QNEA|B1GQ|Q|SA|XDC|Q,SA,"{""ACCESS_SHARING_LEVEL"": ""PUBLIC_OPEN"", ""CONFIDENTIALITY_STATUS"": ""F"", ""DERIVATION_TYPE"": ""O"", ""SECURITY_CLASSIFICATION"": ""PUB""}"
SWE,gdp_real_lcu_quarterly_sa,2024-Q2,quarterly,1125977715979.2,1125977715979.2,observed,IMF_QNEA,QNEA|B1GQ|Q|SA|XDC|Q,SA,"{""ACCESS_SHARING_LEVEL"": ""PUBLIC_OPEN"", ""CONFIDENTIALITY_STATUS"": ""F"", ""DERIVATION_TYPE"": ""O"", ""SECURITY_CLASSIFICATION"": ""PUB""}"
SWE,gdp_real_lcu_quarterly_sa,2024-Q3,quarterly,1133791298814.2,1133791298814.2,observed,IMF_QNEA,QNEA|B1GQ|Q|SA|XDC|Q,SA,"{""ACCESS_SHARING_LEVEL"": ""PUBLIC_OPEN"", ""CONFIDENTIALITY_STATUS"": ""F"", ""DERIVATION_TYPE"": ""O"", ""SECURITY_CLASSIFICATION"": ""PUB""}"
SWE,gdp_real_lcu_quarterly_sa,2024-Q4,quarterly,1148056228003.1,1148056228003.1,observed,IMF_QNEA,QNEA|B1GQ|Q|SA|XDC|Q,SA,"{""ACCESS_SHARING_LEVEL"": ""PUBLIC_OPEN"", ""CONFIDENTIALITY_STATUS"": ""F"", ""DERIVATION_TYPE"": ""O"", ""SECURITY_CLASSIFICATION"": ""PUB""}"
THA,gdp_real_lcu_quarterly_sa,2020-Q1,quarterly,2661730000000.0,2661730000000,observed,IMF_QNEA,QNEA|B1GQ|Q|SA|XDC|Q,SA,"{""ACCESS_SHARING_LEVEL"": ""PUBLIC_OPEN"", ""CONFIDENTIALITY_STATUS"": ""F"", ""DERIVATION_TYPE"": ""O"", ""SECURITY_CLASSIFICATION"": ""PUB""}"
THA,gdp_real_lcu_quarterly_sa,2020-Q2,quarterly,2415430000000.0,2415430000000,observed,IMF_QNEA,QNEA|B1GQ|Q|SA|XDC|Q,SA,"{""ACCESS_SHARING_LEVEL"": ""PUBLIC_OPEN"", ""CONFIDENTIALITY_STATUS"": ""F"", ""DERIVATION_TYPE"": ""O"", ""SECURITY_CLASSIFICATION"": ""PUB""}"
THA,gdp_real_lcu_quarterly_sa,2020-Q3,quarterly,2580620000000.0,2580620000000,observed,IMF_QNEA,QNEA|B1GQ|Q|SA|XDC|Q,SA,"{""ACCESS_SHARING_LEVEL"": ""PUBLIC_OPEN"", ""CONFIDENTIALITY_STATUS"": ""F"", ""DERIVATION_TYPE"": ""O"", ""SECURITY_CLASSIFICATION"": ""PUB""}"
THA,gdp_real_lcu_quarterly_sa,2020-Q4,quarterly,2591020000000.0,2591020000000,observed,IMF_QNEA,QNEA|B1GQ|Q|SA|XDC|Q,SA,"{""ACCESS_SHARING_LEVEL"": ""PUBLIC_OPEN"", ""CONFIDENTIALITY_STATUS"": ""F"", ""DERIVATION_TYPE"": ""O"", ""SECURITY_CLASSIFICATION"": ""PUB""}"
THA,gdp_real_lcu_quarterly_sa,2021-Q1,quarterly,2593150000000.0,2593150000000,observed,IMF_QNEA,QNEA|B1GQ|Q|SA|XDC|Q,SA,"{""ACCESS_SHARING_LEVEL"": ""PUBLIC_OPEN"", ""CONFIDENTIALITY_STATUS"": ""F"", ""DERIVATION_TYPE"": ""O"", ""SECURITY_CLASSIFICATION"": ""PUB""}"
THA,gdp_real_lcu_quarterly_sa,2021-Q2,quarterly,2604930000000.0,2604930000000,observed,IMF_QNEA,QNEA|B1GQ|Q|SA|XDC|Q,SA,"{""ACCESS_SHARING_LEVEL"": ""PUBLIC_OPEN"", ""CONFIDENTIALITY_STATUS"": ""F"", ""DERIVATION_TYPE"": ""O"", ""SECURITY_CLASSIFICATION"": ""PUB""}"
THA,gdp_real_lcu_quarterly_sa,2021-Q3,quarterly,2577440000000.0,2577440000000,observed,IMF_QNEA,QNEA|B1GQ|Q|SA|XDC|Q,SA,"{""ACCESS_SHARING_LEVEL"": ""PUBLIC_OPEN"", ""CONFIDENTIALITY_STATUS"": ""F"", ""DERIVATION_TYPE"": ""O"", ""SECURITY_CLASSIFICATION"": ""PUB""}"
THA,gdp_real_lcu_quarterly_sa,2021-Q4,quarterly,2641350000000.0,2641350000000,observed,IMF_QNEA,QNEA|B1GQ|Q|SA|XDC|Q,SA,"{""ACCESS_SHARING_LEVEL"": ""PUBLIC_OPEN"", ""CONFIDENTIALITY_STATUS"": ""F"", ""DERIVATION_TYPE"": ""O"", ""SECURITY_CLASSIFICATION"": ""PUB""}"
THA,gdp_real_lcu_quarterly_sa,2022-Q1,quarterly,2647930000000.0,2647930000000,observed,IMF_QNEA,QNEA|B1GQ|Q|SA|XDC|Q,SA,"{""ACCESS_SHARING_LEVEL"": ""PUBLIC_OPEN"", ""CONFIDENTIALITY_STATUS"": ""F"", ""DERIVATION_TYPE"": ""O"", ""SECURITY_CLASSIFICATION"": ""PUB""}"
THA,gdp_real_lcu_quarterly_sa,2022-Q2,quarterly,2669390000000.0,2669390000000,observed,IMF_QNEA,QNEA|B1GQ|Q|SA|XDC|Q,SA,"{""ACCESS_SHARING_LEVEL"": ""PUBLIC_OPEN"", ""CONFIDENTIALITY_STATUS"": ""F"", ""DERIVATION_TYPE"": ""O"", ""SECURITY_CLASSIFICATION"": ""PUB""}"
THA,gdp_real_lcu_quarterly_sa,2022-Q3,quarterly,2692950000000.0,2692950000000,observed,IMF_QNEA,QNEA|B1GQ|Q|SA|XDC|Q,SA,"{""ACCESS_SHARING_LEVEL"": ""PUBLIC_OPEN"", ""CONFIDENTIALITY_STATUS"": ""F"", ""DERIVATION_TYPE"": ""O"", ""SECURITY_CLASSIFICATION"": ""PUB""}"
THA,gdp_real_lcu_quarterly_sa,2022-Q4,quarterly,2680290000000.0,2680290000000,observed,IMF_QNEA,QNEA|B1GQ|Q|SA|XDC|Q,SA,"{""ACCESS_SHARING_LEVEL"": ""PUBLIC_OPEN"", ""CONFIDENTIALITY_STATUS"": ""F"", ""DERIVATION_TYPE"": ""O"", ""SECURITY_CLASSIFICATION"": ""PUB""}"
THA,gdp_real_lcu_quarterly_sa,2023-Q1,quarterly,2717000000000.0,2717000000000,observed,IMF_QNEA,QNEA|B1GQ|Q|SA|XDC|Q,SA,"{""ACCESS_SHARING_LEVEL"": ""PUBLIC_OPEN"", ""CONFIDENTIALITY_STATUS"": ""F"", ""DERIVATION_TYPE"": ""O"", ""SECURITY_CLASSIFICATION"": ""PUB""}"
THA,gdp_real_lcu_quarterly_sa,2023-Q2,quarterly,2725125000000.0,2725125000000,observed,IMF_QNEA,QNEA|B1GQ|Q|SA|XDC|Q,SA,"{""ACCESS_SHARING_LEVEL"": ""PUBLIC_OPEN"", ""CONFIDENTIALITY_STATUS"": ""F"", ""DERIVATION_TYPE"": ""O"", ""SECURITY_CLASSIFICATION"": ""PUB""}"
THA,gdp_real_lcu_quarterly_sa,2023-Q3,quarterly,2744165000000.0,2744165000000,observed,IMF_QNEA,QNEA|B1GQ|Q|SA|XDC|Q,SA,"{""ACCESS_SHARING_LEVEL"": ""PUBLIC_OPEN"", ""CONFIDENTIALITY_STATUS"": ""F"", ""DERIVATION_TYPE"": ""O"", ""SECURITY_CLASSIFICATION"": ""PUB""}"
THA,gdp_real_lcu_quarterly_sa,2023-Q4,quarterly,2742066000000.0,2742066000000,observed,IMF_QNEA,QNEA|B1GQ|Q|SA|XDC|Q,SA,"{""ACCESS_SHARING_LEVEL"": ""PUBLIC_OPEN"", ""CONFIDENTIALITY_STATUS"": ""F"", ""DERIVATION_TYPE"": ""O"", ""SECURITY_CLASSIFICATION"": ""PUB""}"
THA,gdp_real_lcu_quarterly_sa,2024-Q1,quarterly,2773629000000.0,2773629000000,observed,IMF_QNEA,QNEA|B1GQ|Q|SA|XDC|Q,SA,"{""ACCESS_SHARING_LEVEL"": ""PUBLIC_OPEN"", ""CONFIDENTIALITY_STATUS"": ""F"", ""DERIVATION_TYPE"": ""O"", ""SECURITY_CLASSIFICATION"": ""PUB""}"
THA,gdp_real_lcu_quarterly_sa,2024-Q2,quarterly,2798764000000.0,2798764000000,observed,IMF_QNEA,QNEA|B1GQ|Q|SA|XDC|Q,SA,"{""ACCESS_SHARING_LEVEL"": ""PUBLIC_OPEN"", ""CONFIDENTIALITY_STATUS"": ""F"", ""DERIVATION_TYPE"": ""O"", ""SECURITY_CLASSIFICATION"": ""PUB""}"
THA,gdp_real_lcu_quarterly_sa,2024-Q3,quarterly,2835407000000.0,2835407000000,observed,IMF_QNEA,QNEA|B1GQ|Q|SA|XDC|Q,SA,"{""ACCESS_SHARING_LEVEL"": ""PUBLIC_OPEN"", ""CONFIDENTIALITY_STATUS"": ""F"", ""DERIVATION_TYPE"": ""O"", ""SECURITY_CLASSIFICATION"": ""PUB""}"
THA,gdp_real_lcu_quarterly_sa,2024-Q4,quarterly,2847233000000.0,2847233000000,observed,IMF_QNEA,QNEA|B1GQ|Q|SA|XDC|Q,SA,"{""ACCESS_SHARING_LEVEL"": ""PUBLIC_OPEN"", ""CONFIDENTIALITY_STATUS"": ""F"", ""DERIVATION_TYPE"": ""O"", ""SECURITY_CLASSIFICATION"": ""PUB""}"
TUR,gdp_real_lcu_quarterly_sa,2020-Q1,quarterly,489378488747.62,489378488747.62,observed,IMF_QNEA,QNEA|B1GQ|Q|SA|XDC|Q,SA,"{""ACCESS_SHARING_LEVEL"": ""PUBLIC_OPEN"", ""CONFIDENTIALITY_STATUS"": ""F"", ""DERIVATION_TYPE"": ""O"", ""SECURITY_CLASSIFICATION"": ""PUB""}"
TUR,gdp_real_lcu_quarterly_sa,2020-Q2,quarterly,438578169821.43,438578169821.43,observed,IMF_QNEA,QNEA|B1GQ|Q|SA|XDC|Q,SA,"{""ACCESS_SHARING_LEVEL"": ""PUBLIC_OPEN"", ""CONFIDENTIALITY_STATUS"": ""F"", ""DERIVATION_TYPE"": ""O"", ""SECURITY_CLASSIFICATION"": ""PUB""}"
TUR,gdp_real_lcu_quarterly_sa,2020-Q3,quarterly,507325703082.92,507325703082.92,observed,IMF_QNEA,QNEA|B1GQ|Q|SA|XDC|Q,SA,"{""ACCESS_SHARING_LEVEL"": ""PUBLIC_OPEN"", ""CONFIDENTIALITY_STATUS"": ""F"", ""DERIVATION_TYPE"": ""O"", ""SECURITY_CLASSIFICATION"": ""PUB""}"
TUR,gdp_real_lcu_quarterly_sa,2020-Q4,quarterly,513761922620.14,513761922620.14,observed,IMF_QNEA,QNEA|B1GQ|Q|SA|XDC|Q,SA,"{""ACCESS_SHARING_LEVEL"": ""PUBLIC_OPEN"", ""CONFIDENTIALITY_STATUS"": ""F"", ""DERIVATION_TYPE"": ""O"", ""SECURITY_CLASSIFICATION"": ""PUB""}"
TUR,gdp_real_lcu_quarterly_sa,2021-Q1,quarterly,527533848918.94,527533848918.94,observed,IMF_QNEA,QNEA|B1GQ|Q|SA|XDC|Q,SA,"{""ACCESS_SHARING_LEVEL"": ""PUBLIC_OPEN"", ""CONFIDENTIALITY_STATUS"": ""F"", ""DERIVATION_TYPE"": ""O"", ""SECURITY_CLASSIFICATION"": ""PUB""}"
TUR,gdp_real_lcu_quarterly_sa,2021-Q2,quarterly,535987621156.67,535987621156.67,observed,IMF_QNEA,QNEA|B1GQ|Q|SA|XDC|Q,SA,"{""ACCESS_SHARING_LEVEL"": ""PUBLIC_OPEN"", ""CONFIDENTIALITY_STATUS"": ""F"", ""DERIVATION_TYPE"": ""O"", ""SECURITY_CLASSIFICATION"": ""PUB""}"
TUR,gdp_real_lcu_quarterly_sa,2021-Q3,quarterly,554800911873.98,554800911873.98,observed,IMF_QNEA,QNEA|B1GQ|Q|SA|XDC|Q,SA,"{""ACCESS_SHARING_LEVEL"": ""PUBLIC_OPEN"", ""CONFIDENTIALITY_STATUS"": ""F"", ""DERIVATION_TYPE"": ""O"", ""SECURITY_CLASSIFICATION"": ""PUB""}"
TUR,gdp_real_lcu_quarterly_sa,2021-Q4,quarterly,564979858852.35,564979858852.35,observed,IMF_QNEA,QNEA|B1GQ|Q|SA|XDC|Q,SA,"{""ACCESS_SHARING_LEVEL"": ""PUBLIC_OPEN"", ""CONFIDENTIALITY_STATUS"": ""F"", ""DERIVATION_TYPE"": ""O"", ""SECURITY_CLASSIFICATION"": ""PUB""}"
TUR,gdp_real_lcu_quarterly_sa,2022-Q1,quarterly,563316787627.4,563316787627.4,observed,IMF_QNEA,QNEA|B1GQ|Q|SA|XDC|Q,SA,"{""ACCESS_SHARING_LEVEL"": ""PUBLIC_OPEN"", ""CONFIDENTIALITY_STATUS"": ""F"", ""DERIVATION_TYPE"": ""O"", ""SECURITY_CLASSIFICATION"": ""PUB""}"
TUR,gdp_real_lcu_quarterly_sa,2022-Q2,quarterly,572781914336.17,572781914336.17,observed,IMF_QNEA,QNEA|B1GQ|Q|SA|XDC|Q,SA,"{""ACCESS_SHARING_LEVEL"": ""PUBLIC_OPEN"", ""CONFIDENTIALITY_STATUS"": ""F"", ""DERIVATION_TYPE"": ""O"", ""SECURITY_CLASSIFICATION"": ""PUB""}"
TUR,gdp_real_lcu_quarterly_sa,2022-Q3,quarterly,577948968952.94,577948968952.94,observed,IMF_QNEA,QNEA|B1GQ|Q|SA|XDC|Q,SA,"{""ACCESS_SHARING_LEVEL"": ""PUBLIC_OPEN"", ""CONFIDENTIALITY_STATUS"": ""F"", ""DERIVATION_TYPE"": ""O"", ""SECURITY_CLASSIFICATION"": ""PUB""}"
TUR,gdp_real_lcu_quarterly_sa,2022-Q4,quarterly,583565514266.15,583565514266.15,observed,IMF_QNEA,QNEA|B1GQ|Q|SA|XDC|Q,SA,"{""ACCESS_SHARING_LEVEL"": ""PUBLIC_OPEN"", ""CONFIDENTIALITY_STATUS"": ""F"", ""DERIVATION_TYPE"": ""O"", ""SECURITY_CLASSIFICATION"": ""PUB""}"
TUR,gdp_real_lcu_quarterly_sa,2023-Q1,quarterly,579018072642.3,579018072642.3,observed,IMF_QNEA,QNEA|B1GQ|Q|SA|XDC|Q,SA,"{""ACCESS_SHARING_LEVEL"": ""PUBLIC_OPEN"", ""CONFIDENTIALITY_STATUS"": ""F"", ""DERIVATION_TYPE"": ""O"", ""SECURITY_CLASSIFICATION"": ""PUB""}"
TUR,gdp_real_lcu_quarterly_sa,2023-Q2,quarterly,606512359118.95,606512359118.95,observed,IMF_QNEA,QNEA|B1GQ|Q|SA|XDC|Q,SA,"{""ACCESS_SHARING_LEVEL"": ""PUBLIC_OPEN"", ""CONFIDENTIALITY_STATUS"": ""F"", ""DERIVATION_TYPE"": ""O"", ""SECURITY_CLASSIFICATION"": ""PUB""}"
TUR,gdp_real_lcu_quarterly_sa,2023-Q3,quarterly,611237570067.63,611237570067.63,observed,IMF_QNEA,QNEA|B1GQ|Q|SA|XDC|Q,SA,"{""ACCESS_SHARING_LEVEL"": ""PUBLIC_OPEN"", ""CONFIDENTIALITY_STATUS"": ""F"", ""DERIVATION_TYPE"": ""O"", ""SECURITY_CLASSIFICATION"": ""PUB""}"
TUR,gdp_real_lcu_quarterly_sa,2023-Q4,quarterly,615333928893.78,615333928893.78,observed,IMF_QNEA,QNEA|B1GQ|Q|SA|XDC|Q,SA,"{""ACCESS_SHARING_LEVEL"": ""PUBLIC_OPEN"", ""CONFIDENTIALITY_STATUS"": ""F"", ""DERIVATION_TYPE"": ""O"", ""SECURITY_CLASSIFICATION"": ""PUB""}"
TUR,gdp_real_lcu_quarterly_sa,2024-Q1,quarterly,620567124632.73,620567124632.73,observed,IMF_QNEA,QNEA|B1GQ|Q|SA|XDC|Q,SA,"{""ACCESS_SHARING_LEVEL"": ""PUBLIC_OPEN"", ""CONFIDENTIALITY_STATUS"": ""F"", ""DERIVATION_TYPE"": ""O"", ""SECURITY_CLASSIFICATION"": ""PUB""}"
TUR,gdp_real_lcu_quarterly_sa,2024-Q2,quarterly,619799305164.61,619799305164.61,observed,IMF_QNEA,QNEA|B1GQ|Q|SA|XDC|Q,SA,"{""ACCESS_SHARING_LEVEL"": ""PUBLIC_OPEN"", ""CONFIDENTIALITY_STATUS"": ""F"", ""DERIVATION_TYPE"": ""O"", ""SECURITY_CLASSIFICATION"": ""PUB""}"
TUR,gdp_real_lcu_quarterly_sa,2024-Q3,quarterly,623709150049.54,623709150049.54,observed,IMF_QNEA,QNEA|B1GQ|Q|SA|XDC|Q,SA,"{""ACCESS_SHARING_LEVEL"": ""PUBLIC_OPEN"", ""CONFIDENTIALITY_STATUS"": ""F"", ""DERIVATION_TYPE"": ""O"", ""SECURITY_CLASSIFICATION"": ""PUB""}"
TUR,gdp_real_lcu_quarterly_sa,2024-Q4,quarterly,631909722529.43,631909722529.43,observed,IMF_QNEA,QNEA|B1GQ|Q|SA|XDC|Q,SA,"{""ACCESS_SHARING_LEVEL"": ""PUBLIC_OPEN"", ""CONFIDENTIALITY_STATUS"": ""F"", ""DERIVATION_TYPE"": ""O"", ""SECURITY_CLASSIFICATION"": ""PUB""}"
UGA,gdp_real_lcu_quarterly_sa,2020-Q1,quarterly,32896481466419.9,32896481466419.9,observed,IMF_QNEA,QNEA|B1GQ|Q|SA|XDC|Q,SA,"{""ACCESS_SHARING_LEVEL"": ""PUBLIC_OPEN"", ""CONFIDENTIALITY_STATUS"": ""F"", ""DERIVATION_TYPE"": ""O"", ""SECURITY_CLASSIFICATION"": ""PUB""}"
UGA,gdp_real_lcu_quarterly_sa,2020-Q2,quarterly,29570368397935.0,29570368397935,observed,IMF_QNEA,QNEA|B1GQ|Q|SA|XDC|Q,SA,"{""ACCESS_SHARING_LEVEL"": ""PUBLIC_OPEN"", ""CONFIDENTIALITY_STATUS"": ""F"", ""DERIVATION_TYPE"": ""O"", ""SECURITY_CLASSIFICATION"": ""PUB""}"
UGA,gdp_real_lcu_quarterly_sa,2020-Q3,quarterly,32086509023216.5,32086509023216.5,observed,IMF_QNEA,QNEA|B1GQ|Q|SA|XDC|Q,SA,"{""ACCESS_SHARING_LEVEL"": ""PUBLIC_OPEN"", ""CONFIDENTIALITY_STATUS"": ""F"", ""DERIVATION_TYPE"": ""O"", ""SECURITY_CLASSIFICATION"": ""PUB""}"
UGA,gdp_real_lcu_quarterly_sa,2020-Q4,quarterly,33639677876792.1,33639677876792.1,observed,IMF_QNEA,QNEA|B1GQ|Q|SA|XDC|Q,SA,"{""ACCESS_SHARING_LEVEL"": ""PUBLIC_OPEN"", ""CONFIDENTIALITY_STATUS"": ""F"", ""DERIVATION_TYPE"": ""O"", ""SECURITY_CLASSIFICATION"": ""PUB""}"
UGA,gdp_real_lcu_quarterly_sa,2021-Q1,quarterly,34697208354256.1,34697208354256.1,observed,IMF_QNEA,QNEA|B1GQ|Q|SA|XDC|Q,SA,"{""ACCESS_SHARING_LEVEL"": ""PUBLIC_OPEN"", ""CONFIDENTIALITY_STATUS"": ""F"", ""DERIVATION_TYPE"": ""O"", ""SECURITY_CLASSIFICATION"": ""PUB""}"
UGA,gdp_real_lcu_quarterly_sa,2021-Q2,quarterly,33557143208841.3,33557143208841.3,observed,IMF_QNEA,QNEA|B1GQ|Q|SA|XDC|Q,SA,"{""ACCESS_SHARING_LEVEL"": ""PUBLIC_OPEN"", ""CONFIDENTIALITY_STATUS"": ""F"", ""DERIVATION_TYPE"": ""O"", ""SECURITY_CLASSIFICATION"": ""PUB""}"
UGA,gdp_real_lcu_quarterly_sa,2021-Q3,quarterly,33362655351319.6,33362655351319.6,observed,IMF_QNEA,QNEA|B1GQ|Q|SA|XDC|Q,SA,"{""ACCESS_SHARING_LEVEL"": ""PUBLIC_OPEN"", ""CONFIDENTIALITY_STATUS"": ""F"", ""DERIVATION_TYPE"": ""O"", ""SECURITY_CLASSIFICATION"": ""PUB""}"
UGA,gdp_real_lcu_quarterly_sa,2021-Q4,quarterly,34238275641381.7,34238275641381.7,observed,IMF_QNEA,QNEA|B1GQ|Q|SA|XDC|Q,SA,"{""ACCESS_SHARING_LEVEL"": ""PUBLIC_OPEN"", ""CONFIDENTIALITY_STATUS"": ""F"", ""DERIVATION_TYPE"": ""O"", ""SECURITY_CLASSIFICATION"": ""PUB""}"
UGA,gdp_real_lcu_quarterly_sa,2022-Q1,quarterly,34950907542343.6,34950907542343.6,observed,IMF_QNEA,QNEA|B1GQ|Q|SA|XDC|Q,SA,"{""ACCESS_SHARING_LEVEL"": ""PUBLIC_OPEN"", ""CONFIDENTIALITY_STATUS"": ""F"", ""DERIVATION_TYPE"": ""O"", ""SECURITY_CLASSIFICATION"": ""PUB""}"
UGA,gdp_real_lcu_quarterly_sa,2022-Q2,quarterly,35117582025305.8,35117582025305.8,observed,IMF_QNEA,QNEA|B1GQ|Q|SA|XDC|Q,SA,"{""ACCESS_SHARING_LEVEL"": ""PUBLIC_OPEN"", ""CONFIDENTIALITY_STATUS"": ""F"", ""DERIVATION_TYPE"": ""O"", ""SECURITY_CLASSIFICATION"": ""PUB""}"
UGA,gdp_real_lcu_quarterly_sa,2022-Q3,quarterly,35571217197180.7,35571217197180.7,observed,IMF_QNEA,QNEA|B1GQ|Q|SA|XDC|Q,SA,"{""ACCESS_SHARING_LEVEL"": ""PUBLIC_OPEN"", ""CONFIDENTIALITY_STATUS"": ""F"", ""DERIVATION_TYPE"": ""O"", ""SECURITY_CLASSIFICATION"": ""PUB""}"
UGA,gdp_real_lcu_quarterly_sa,2022-Q4,quarterly,35748020438552.0,35748020438552,observed,IMF_QNEA,QNEA|B1GQ|Q|SA|XDC|Q,SA,"{""ACCESS_SHARING_LEVEL"": ""PUBLIC_OPEN"", ""CONFIDENTIALITY_STATUS"": ""F"", ""DERIVATION_TYPE"": ""O"", ""SECURITY_CLASSIFICATION"": ""PUB""}"
UGA,gdp_real_lcu_quarterly_sa,2023-Q1,quarterly,35729195153008.4,35729195153008.4,observed,IMF_QNEA,QNEA|B1GQ|Q|SA|XDC|Q,SA,"{""ACCESS_SHARING_LEVEL"": ""PUBLIC_OPEN"", ""CONFIDENTIALITY_STATUS"": ""F"", ""DERIVATION_TYPE"": ""O"", ""SECURITY_CLASSIFICATION"": ""PUB""}"
UGA,gdp_real_lcu_quarterly_sa,2023-Q2,quarterly,36908371198471.7,36908371198471.7,observed,IMF_QNEA,QNEA|B1GQ|Q|SA|XDC|Q,SA,"{""ACCESS_SHARING_LEVEL"": ""PUBLIC_OPEN"", ""CONFIDENTIALITY_STATUS"": ""F"", ""DERIVATION_TYPE"": ""O"", ""SECURITY_CLASSIFICATION"": ""PUB""}"
UGA,gdp_real_lcu_quarterly_sa,2023-Q3,quarterly,37564531361117.4,37564531361117.4,observed,IMF_QNEA,QNEA|B1GQ|Q|SA|XDC|Q,SA,"{""ACCESS_SHARING_LEVEL"": ""PUBLIC_OPEN"", ""CONFIDENTIALITY_STATUS"": ""F"", ""DERIVATION_TYPE"": ""O"", ""SECURITY_CLASSIFICATION"": ""PUB""}"
UGA,gdp_real_lcu_quarterly_sa,2023-Q4,quarterly,37865622130289.8,37865622130289.8,observed,IMF_QNEA,QNEA|B1GQ|Q|SA|XDC|Q,SA,"{""ACCESS_SHARING_LEVEL"": ""PUBLIC_OPEN"", ""CONFIDENTIALITY_STATUS"": ""F"", ""DERIVATION_TYPE"": ""O"", ""SECURITY_CLASSIFICATION"": ""PUB""}"
UGA,gdp_real_lcu_quarterly_sa,2024-Q1,quarterly,38327538873403.9,38327538873403.9,observed,IMF_QNEA,QNEA|B1GQ|Q|SA|XDC|Q,SA,"{""ACCESS_SHARING_LEVEL"": ""PUBLIC_OPEN"", ""CONFIDENTIALITY_STATUS"": ""F"", ""DERIVATION_TYPE"": ""O"", ""SECURITY_CLASSIFICATION"": ""PUB""}"
UGA,gdp_real_lcu_quarterly_sa,2024-Q2,quarterly,39258814896248.2,39258814896248.2,observed,IMF_QNEA,QNEA|B1GQ|Q|SA|XDC|Q,SA,"{""ACCESS_SHARING_LEVEL"": ""PUBLIC_OPEN"", ""CONFIDENTIALITY_STATUS"": ""F"", ""DERIVATION_TYPE"": ""O"", ""SECURITY_CLASSIFICATION"": ""PUB""}"
UGA,gdp_real_lcu_quarterly_sa,2024-Q3,quarterly,40025781062350.3,40025781062350.3,observed,IMF_QNEA,QNEA|B1GQ|Q|SA|XDC|Q,SA,"{""ACCESS_SHARING_LEVEL"": ""PUBLIC_OPEN"", ""CONFIDENTIALITY_STATUS"": ""F"", ""DERIVATION_TYPE"": ""O"", ""SECURITY_CLASSIFICATION"": ""PUB""}"
UKR,gdp_real_lcu_quarterly_sa,2020-Q1,quarterly,1357563000000.0,1357563000000,observed,IMF_QNEA,QNEA|B1GQ|Q|SA|XDC|Q,SA,"{""ACCESS_SHARING_LEVEL"": ""PUBLIC_OPEN"", ""CONFIDENTIALITY_STATUS"": ""F"", ""DERIVATION_TYPE"": ""O"", ""SECURITY_CLASSIFICATION"": ""PUB""}"
UKR,gdp_real_lcu_quarterly_sa,2020-Q2,quarterly,1245939000000.0,1245939000000,observed,IMF_QNEA,QNEA|B1GQ|Q|SA|XDC|Q,SA,"{""ACCESS_SHARING_LEVEL"": ""PUBLIC_OPEN"", ""CONFIDENTIALITY_STATUS"": ""F"", ""DERIVATION_TYPE"": ""O"", ""SECURITY_CLASSIFICATION"": ""PUB""}"
UKR,gdp_real_lcu_quarterly_sa,2020-Q3,quarterly,1330577000000.0,1330577000000,observed,IMF_QNEA,QNEA|B1GQ|Q|SA|XDC|Q,SA,"{""ACCESS_SHARING_LEVEL"": ""PUBLIC_OPEN"", ""CONFIDENTIALITY_STATUS"": ""F"", ""DERIVATION_TYPE"": ""O"", ""SECURITY_CLASSIFICATION"": ""PUB""}"
UKR,gdp_real_lcu_quarterly_sa,2020-Q4,quarterly,1335210000000.0,1335210000000,observed,IMF_QNEA,QNEA|B1GQ|Q|SA|XDC|Q,SA,"{""ACCESS_SHARING_LEVEL"": ""PUBLIC_OPEN"", ""CONFIDENTIALITY_STATUS"": ""F"", ""DERIVATION_TYPE"": ""O"", ""SECURITY_CLASSIFICATION"": ""PUB""}"
UKR,gdp_real_lcu_quarterly_sa,2021-Q1,quarterly,1330109000000.0,1330109000000,observed,IMF_QNEA,QNEA|B1GQ|Q|SA|XDC|Q,SA,"{""ACCESS_SHARING_LEVEL"": ""PUBLIC_OPEN"", ""CONFIDENTIALITY_STATUS"": ""F"", ""DERIVATION_TYPE"": ""O"", ""SECURITY_CLASSIFICATION"": ""PUB""}"
UKR,gdp_real_lcu_quarterly_sa,2021-Q2,quarterly,1349300000000.0,1349300000000,observed,IMF_QNEA,QNEA|B1GQ|Q|SA|XDC|Q,SA,"{""ACCESS_SHARING_LEVEL"": ""PUBLIC_OPEN"", ""CONFIDENTIALITY_STATUS"": ""F"", ""DERIVATION_TYPE"": ""O"", ""SECURITY_CLASSIFICATION"": ""PUB""}"
UKR,gdp_real_lcu_quarterly_sa,2021-Q3,quarterly,1365865000000.0,1365865000000,observed,IMF_QNEA,QNEA|B1GQ|Q|SA|XDC|Q,SA,"{""ACCESS_SHARING_LEVEL"": ""PUBLIC_OPEN"", ""CONFIDENTIALITY_STATUS"": ""F"", ""DERIVATION_TYPE"": ""O"", ""SECURITY_CLASSIFICATION"": ""PUB""}"
UKR,gdp_real_lcu_quarterly_sa,2021-Q4,quarterly,1405575000000.0,1405575000000,observed,IMF_QNEA,QNEA|B1GQ|Q|SA|XDC|Q,SA,"{""ACCESS_SHARING_LEVEL"": ""PUBLIC_OPEN"", ""CONFIDENTIALITY_STATUS"": ""F"", ""DERIVATION_TYPE"": ""O"", ""SECURITY_CLASSIFICATION"": ""PUB""}"
UKR,gdp_real_lcu_quarterly_sa,2022-Q1,quarterly,1126554000000.0,1126554000000,observed,IMF_QNEA,QNEA|B1GQ|Q|SA|XDC|Q,SA,"{""ACCESS_SHARING_LEVEL"": ""PUBLIC_OPEN"", ""CONFIDENTIALITY_STATUS"": ""F"", ""DERIVATION_TYPE"": ""O"", ""SECURITY_CLASSIFICATION"": ""PUB""}"
UKR,gdp_real_lcu_quarterly_sa,2022-Q2,quarterly,856384000000.0,856384000000,observed,IMF_QNEA,QNEA|B1GQ|Q|SA|XDC|Q,SA,"{""ACCESS_SHARING_LEVEL"": ""PUBLIC_OPEN"", ""CONFIDENTIALITY_STATUS"": ""F"", ""DERIVATION_TYPE"": ""O"", ""SECURITY_CLASSIFICATION"": ""PUB""}"
UKR,gdp_real_lcu_quarterly_sa,2022-Q3,quarterly,928896000000.0,928896000000,observed,IMF_QNEA,QNEA|B1GQ|Q|SA|XDC|Q,SA,"{""ACCESS_SHARING_LEVEL"": ""PUBLIC_OPEN"", ""CONFIDENTIALITY_STATUS"": ""F"", ""DERIVATION_TYPE"": ""O"", ""SECURITY_CLASSIFICATION"": ""PUB""}"
UKR,gdp_real_lcu_quarterly_sa,2022-Q4,quarterly,971428000000.0,971428000000,observed,IMF_QNEA,QNEA|B1GQ|Q|SA|XDC|Q,SA,"{""ACCESS_SHARING_LEVEL"": ""PUBLIC_OPEN"", ""CONFIDENTIALITY_STATUS"": ""F"", ""DERIVATION_TYPE"": ""O"", ""SECURITY_CLASSIFICATION"": ""PUB""}"
UKR,gdp_real_lcu_quarterly_sa,2023-Q1,quarterly,999556000000.0,999556000000,observed,IMF_QNEA,QNEA|B1GQ|Q|SA|XDC|Q,SA,"{""ACCESS_SHARING_LEVEL"": ""PUBLIC_OPEN"", ""CONFIDENTIALITY_STATUS"": ""F"", ""DERIVATION_TYPE"": ""O"", ""SECURITY_CLASSIFICATION"": ""PUB""}"
UKR,gdp_real_lcu_quarterly_sa,2023-Q2,quarterly,1022619000000.0,1022619000000,observed,IMF_QNEA,QNEA|B1GQ|Q|SA|XDC|Q,SA,"{""ACCESS_SHARING_LEVEL"": ""PUBLIC_OPEN"", ""CONFIDENTIALITY_STATUS"": ""F"", ""DERIVATION_TYPE"": ""O"", ""SECURITY_CLASSIFICATION"": ""PUB""}"
UKR,gdp_real_lcu_quarterly_sa,2023-Q3,quarterly,1032946000000.0,1032946000000,observed,IMF_QNEA,QNEA|B1GQ|Q|SA|XDC|Q,SA,"{""ACCESS_SHARING_LEVEL"": ""PUBLIC_OPEN"", ""CONFIDENTIALITY_STATUS"": ""F"", ""DERIVATION_TYPE"": ""O"", ""SECURITY_CLASSIFICATION"": ""PUB""}"
UKR,gdp_real_lcu_quarterly_sa,2023-Q4,quarterly,1043069000000.0,1043069000000,observed,IMF_QNEA,QNEA|B1GQ|Q|SA|XDC|Q,SA,"{""ACCESS_SHARING_LEVEL"": ""PUBLIC_OPEN"", ""CONFIDENTIALITY_STATUS"": ""F"", ""DERIVATION_TYPE"": ""O"", ""SECURITY_CLASSIFICATION"": ""PUB""}"
UKR,gdp_real_lcu_quarterly_sa,2024-Q1,quarterly,1057208000000.0,1057208000000,observed,IMF_QNEA,QNEA|B1GQ|Q|SA|XDC|Q,SA,"{""ACCESS_SHARING_LEVEL"": ""PUBLIC_OPEN"", ""CONFIDENTIALITY_STATUS"": ""F"", ""DERIVATION_TYPE"": ""O"", ""SECURITY_CLASSIFICATION"": ""PUB""}"
UKR,gdp_real_lcu_quarterly_sa,2024-Q2,quarterly,1058175000000.0,1058175000000,observed,IMF_QNEA,QNEA|B1GQ|Q|SA|XDC|Q,SA,"{""ACCESS_SHARING_LEVEL"": ""PUBLIC_OPEN"", ""CONFIDENTIALITY_STATUS"": ""F"", ""DERIVATION_TYPE"": ""O"", ""SECURITY_CLASSIFICATION"": ""PUB""}"
UKR,gdp_real_lcu_quarterly_sa,2024-Q3,quarterly,1058980000000.0,1058980000000,observed,IMF_QNEA,QNEA|B1GQ|Q|SA|XDC|Q,SA,"{""ACCESS_SHARING_LEVEL"": ""PUBLIC_OPEN"", ""CONFIDENTIALITY_STATUS"": ""F"", ""DERIVATION_TYPE"": ""O"", ""SECURITY_CLASSIFICATION"": ""PUB""}"
UKR,gdp_real_lcu_quarterly_sa,2024-Q4,quarterly,1056941000000.0,1056941000000,observed,IMF_QNEA,QNEA|B1GQ|Q|SA|XDC|Q,SA,"{""ACCESS_SHARING_LEVEL"": ""PUBLIC_OPEN"", ""CONFIDENTIALITY_STATUS"": ""F"", ""DERIVATION_TYPE"": ""O"", ""SECURITY_CLASSIFICATION"": ""PUB""}"
USA,gdp_real_lcu_quarterly_sa,2020-Q1,quarterly,5177303000000.0,5177303000000,observed,IMF_QNEA,QNEA|B1GQ|Q|SA|XDC|Q,SA,"{""ACCESS_SHARING_LEVEL"": ""PUBLIC_OPEN"", ""CONFIDENTIALITY_STATUS"": ""F"", ""DERIVATION_TYPE"": ""O"", ""SECURITY_CLASSIFICATION"": ""PUB""}"
USA,gdp_real_lcu_quarterly_sa,2020-Q2,quarterly,4769498000000.0,4769498000000,observed,IMF_QNEA,QNEA|B1GQ|Q|SA|XDC|Q,SA,"{""ACCESS_SHARING_LEVEL"": ""PUBLIC_OPEN"", ""CONFIDENTIALITY_STATUS"": ""F"", ""DERIVATION_TYPE"": ""O"", ""SECURITY_CLASSIFICATION"": ""PUB""}"
USA,gdp_real_lcu_quarterly_sa,2020-Q3,quarterly,5139719800000.0,5139719800000,observed,IMF_QNEA,QNEA|B1GQ|Q|SA|XDC|Q,SA,"{""ACCESS_SHARING_LEVEL"": ""PUBLIC_OPEN"", ""CONFIDENTIALITY_STATUS"": ""F"", ""DERIVATION_TYPE"": ""O"", ""SECURITY_CLASSIFICATION"": ""PUB""}"
USA,gdp_real_lcu_quarterly_sa,2020-Q4,quarterly,5197979300000.0,5197979300000,observed,IMF_QNEA,QNEA|B1GQ|Q|SA|XDC|Q,SA,"{""ACCESS_SHARING_LEVEL"": ""PUBLIC_OPEN"", ""CONFIDENTIALITY_STATUS"": ""F"", ""DERIVATION_TYPE"": ""O"", ""SECURITY_CLASSIFICATION"": ""PUB""}"
USA,gdp_real_lcu_quarterly_sa,2021-Q1,quarterly,5270533500000.0,5270533500000,observed,IMF_QNEA,QNEA|B1GQ|Q|SA|XDC|Q,SA,"{""ACCESS_SHARING_LEVEL"": ""PUBLIC_OPEN"", ""CONFIDENTIALITY_STATUS"": ""F"", ""DERIVATION_TYPE"": ""O"", ""SECURITY_CLASSIFICATION"": ""PUB""}"
USA,gdp_real_lcu_quarterly_sa,2021-Q2,quarterly,5360232300000.0,5360232300000,observed,IMF_QNEA,QNEA|B1GQ|Q|SA|XDC|Q,SA,"{""ACCESS_SHARING_LEVEL"": ""PUBLIC_OPEN"", ""CONFIDENTIALITY_STATUS"": ""F"", ""DERIVATION_TYPE"": ""O"", ""SECURITY_CLASSIFICATION"": ""PUB""}"
USA,gdp_real_lcu_quarterly_sa,2021-Q3,quarterly,5404457000000.0,5404457000000,observed,IMF_QNEA,QNEA|B1GQ|Q|SA|XDC|Q,SA,"{""ACCESS_SHARING_LEVEL"": ""PUBLIC_OPEN"", ""CONFIDENTIALITY_STATUS"": ""F"", ""DERIVATION_TYPE"": ""O"", ""SECURITY_CLASSIFICATION"": ""PUB""}"
USA,gdp_real_lcu_quarterly_sa,2021-Q4,quarterly,5497184300000.0,5497184300000,observed,IMF_QNEA,QNEA|B1GQ|Q|SA|XDC|Q,SA,"{""ACCESS_SHARING_LEVEL"": ""PUBLIC_OPEN"", ""CONFIDENTIALITY_STATUS"": ""F"", ""DERIVATION_TYPE"": ""O"", ""SECURITY_CLASSIFICATION"": ""PUB""}"
USA,gdp_real_lcu_quarterly_sa,2022-Q1,quarterly,5483177500000.0,5483177500000,observed,IMF_QNEA,QNEA|B1GQ|Q|SA|XDC|Q,SA,"{""ACCESS_SHARING_LEVEL"": ""PUBLIC_OPEN"", ""CONFIDENTIALITY_STATUS"": ""F"", ""DERIVATION_TYPE"": ""O"", ""SECURITY_CLASSIFICATION"": ""PUB""}"
USA,gdp_real_lcu_quarterly_sa,2022-Q2,quarterly,5491761300000.0,5491761300000,observed,IMF_QNEA,QNEA|B1GQ|Q|SA|XDC|Q,SA,"{""ACCESS_SHARING_LEVEL"": ""PUBLIC_OPEN"", ""CONFIDENTIALITY_STATUS"": ""F"", ""DERIVATION_TYPE"": ""O"", ""SECURITY_CLASSIFICATION"": ""PUB""}"
USA,gdp_real_lcu_quarterly_sa,2022-Q3,quarterly,5531406300000.0,5531406300000,observed,IMF_QNEA,QNEA|B1GQ|Q|SA|XDC|Q,SA,"{""ACCESS_SHARING_LEVEL"": ""PUBLIC_OPEN"", ""CONFIDENTIALITY_STATUS"": ""F"", ""DERIVATION_TYPE"": ""O"", ""SECURITY_CLASSIFICATION"": ""PUB""}"
USA,gdp_real_lcu_quarterly_sa,2022-Q4,quarterly,5569586300000.0,5569586300000,observed,IMF_QNEA,QNEA|B1GQ|Q|SA|XDC|Q,SA,"{""ACCESS_SHARING_LEVEL"": ""PUBLIC_OPEN"", ""CONFIDENTIALITY_STATUS"": ""F"", ""DERIVATION_TYPE"": ""O"", ""SECURITY_CLASSIFICATION"": ""PUB""}"
USA,gdp_real_lcu_quarterly_sa,2023-Q1,quarterly,5609901800000.0,5609901800000,observed,IMF_QNEA,QNEA|B1GQ|Q|SA|XDC|Q,SA,"{""ACCESS_SHARING_LEVEL"": ""PUBLIC_OPEN"", ""CONFIDENTIALITY_STATUS"": ""F"", ""DERIVATION_TYPE"": ""O"", ""SECURITY_CLASSIFICATION"": ""PUB""}"
USA,gdp_real_lcu_quarterly_sa,2023-Q2,quarterly,5645124800000.0,5645124800000,observed,IMF_QNEA,QNEA|B1GQ|Q|SA|XDC|Q,SA,"{""ACCESS_SHARING_LEVEL"": ""PUBLIC_OPEN"", ""CONFIDENTIALITY_STATUS"": ""F"", ""DERIVATION_TYPE"": ""O"", ""SECURITY_CLASSIFICATION"": ""PUB""}"
USA,gdp_real_lcu_quarterly_sa,2023-Q3,quarterly,5710247300000.0,5710247300000,observed,IMF_QNEA,QNEA|B1GQ|Q|SA|XDC|Q,SA,"{""ACCESS_SHARING_LEVEL"": ""PUBLIC_OPEN"", ""CONFIDENTIALITY_STATUS"": ""F"", ""DERIVATION_TYPE"": ""O"", ""SECURITY_CLASSIFICATION"": ""PUB""}"
USA,gdp_real_lcu_quarterly_sa,2023-Q4,quarterly,5758445000000.0,5758445000000,observed,IMF_QNEA,QNEA|B1GQ|Q|SA|XDC|Q,SA,"{""ACCESS_SHARING_LEVEL"": ""PUBLIC_OPEN"", ""CONFIDENTIALITY_STATUS"": ""F"", ""DERIVATION_TYPE"": ""O"", ""SECURITY_CLASSIFICATION"": ""PUB""}"
USA,gdp_real_lcu_quarterly_sa,2024-Q1,quarterly,5770529800000.0,5770529800000,observed,IMF_QNEA,QNEA|B1GQ|Q|SA|XDC|Q,SA,"{""ACCESS_SHARING_LEVEL"": ""PUBLIC_OPEN"", ""CONFIDENTIALITY_STATUS"": ""F"", ""DERIVATION_TYPE"": ""O"", ""SECURITY_CLASSIFICATION"": ""PUB""}"
USA,gdp_real_lcu_quarterly_sa,2024-Q2,quarterly,5821627000000.0,5821627000000,observed,IMF_QNEA,QNEA|B1GQ|Q|SA|XDC|Q,SA,"{""ACCESS_SHARING_LEVEL"": ""PUBLIC_OPEN"", ""CONFIDENTIALITY_STATUS"": ""F"", ""DERIVATION_TYPE"": ""O"", ""SECURITY_CLASSIFICATION"": ""PUB""}"
USA,gdp_real_lcu_quarterly_sa,2024-Q3,quarterly,5869642500000.0,5869642500000,observed,IMF_QNEA,QNEA|B1GQ|Q|SA|XDC|Q,SA,"{""ACCESS_SHARING_LEVEL"": ""PUBLIC_OPEN"", ""CONFIDENTIALITY_STATUS"": ""F"", ""DERIVATION_TYPE"": ""O"", ""SECURITY_CLASSIFICATION"": ""PUB""}"
USA,gdp_real_lcu_quarterly_sa,2024-Q4,quarterly,5896635500000.0,5896635500000,observed,IMF_QNEA,QNEA|B1GQ|Q|SA|XDC|Q,SA,"{""ACCESS_SHARING_LEVEL"": ""PUBLIC_OPEN"", ""CONFIDENTIALITY_STATUS"": ""F"", ""DERIVATION_TYPE"": ""O"", ""SECURITY_CLASSIFICATION"": ""PUB""}"
ZAF,gdp_real_lcu_quarterly_sa,2020-Q1,quarterly,1147036800000.0,1147036800000,observed,IMF_QNEA,QNEA|B1GQ|Q|SA|XDC|Q,SA,"{""ACCESS_SHARING_LEVEL"": ""PUBLIC_OPEN"", ""CONFIDENTIALITY_STATUS"": ""F"", ""DERIVATION_TYPE"": ""O"", ""SECURITY_CLASSIFICATION"": ""PUB""}"
ZAF,gdp_real_lcu_quarterly_sa,2020-Q2,quarterly,953846200000.0,953846200000,observed,IMF_QNEA,QNEA|B1GQ|Q|SA|XDC|Q,SA,"{""ACCESS_SHARING_LEVEL"": ""PUBLIC_OPEN"", ""CONFIDENTIALITY_STATUS"": ""F"", ""DERIVATION_TYPE"": ""O"", ""SECURITY_CLASSIFICATION"": ""PUB""}"
ZAF,gdp_real_lcu_quarterly_sa,2020-Q3,quarterly,1085060900000.0,1085060900000,observed,IMF_QNEA,QNEA|B1GQ|Q|SA|XDC|Q,SA,"{""ACCESS_SHARING_LEVEL"": ""PUBLIC_OPEN"", ""CONFIDENTIALITY_STATUS"": ""F"", ""DERIVATION_TYPE"": ""O"", ""SECURITY_CLASSIFICATION"": ""PUB""}"
ZAF,gdp_real_lcu_quarterly_sa,2020-Q4,quarterly,1114960500000.0,1114960500000,observed,IMF_QNEA,QNEA|B1GQ|Q|SA|XDC|Q,SA,"{""ACCESS_SHARING_LEVEL"": ""PUBLIC_OPEN"", ""CONFIDENTIALITY_STATUS"": ""F"", ""DERIVATION_TYPE"": ""O"", ""SECURITY_CLASSIFICATION"": ""PUB""}"
ZAF,gdp_real_lcu_quarterly_sa,2021-Q1,quarterly,1121207800000.0,1121207800000,observed,IMF_QNEA,QNEA|B1GQ|Q|SA|XDC|Q,SA,"{""ACCESS_SHARING_LEVEL"": ""PUBLIC_OPEN"", ""CONFIDENTIALITY_STATUS"": ""F"", ""DERIVATION_TYPE"": ""O"", ""SECURITY_CLASSIFICATION"": ""PUB""}"
ZAF,gdp_real_lcu_quarterly_sa,2021-Q2,quarterly,1136768600000.0,1136768600000,observed,IMF_QNEA,QNEA|B1GQ|Q|SA|XDC|Q,SA,"{""ACCESS_SHARING_LEVEL"": ""PUBLIC_OPEN"", ""CONFIDENTIALITY_STATUS"": ""F"", ""DERIVATION_TYPE"": ""O"", ""SECURITY_CLASSIFICATION"": ""PUB""}"
ZAF,gdp_real_lcu_quarterly_sa,2021-Q3,quarterly,1117010000000.0,1117010000000,observed,IMF_QNEA,QNEA|B1GQ|Q|SA|XDC|Q,SA,"{""ACCESS_SHARING_LEVEL"": ""PUBLIC_OPEN"", ""CONFIDENTIALITY_STATUS"": ""F"", ""DERIVATION_TYPE"": ""O"", ""SECURITY_CLASSIFICATION"": ""PUB""}"
ZAF,gdp_real_lcu_quarterly_sa,2021-Q4,quarterly,1134883900000.0,1134883900000,observed,IMF_QNEA,QNEA|B1GQ|Q|SA|XDC|Q,SA,"{""ACCESS_SHARING_LEVEL"": ""PUBLIC_OPEN"", ""CONFIDENTIALITY_STATUS"": ""F"", ""DERIVATION_TYPE"": ""O"", ""SECURITY_CLASSIFICATION"": ""PUB""}"
ZAF,gdp_real_lcu_quarterly_sa,2022-Q1,quarterly,1152147100000.0,1152147100000,observed,IMF_QNEA,QNEA|B1GQ|Q|SA|XDC|Q,SA,"{""ACCESS_SHARING_LEVEL"": ""PUBLIC_OPEN"", ""CONFIDENTIALITY_STATUS"": ""F"", ""DERIVATION_TYPE"": ""O"", ""SECURITY_CLASSIFICATION"": ""PUB""}"
ZAF,gdp_real_lcu_quarterly_sa,2022-Q2,quarterly,1141637000000.0,1141637000000,observed,IMF_QNEA,QNEA|B1GQ|Q|SA|XDC|Q,SA,"{""ACCESS_SHARING_LEVEL"": ""PUBLIC_OPEN"", ""CONFIDENTIALITY_STATUS"": ""F"", ""DERIVATION_TYPE"": ""O"", ""SECURITY_CLASSIFICATION"": ""PUB""}"
ZAF,gdp_real_lcu_quarterly_sa,2022-Q3,quarterly,1162811000000.0,1162811000000,observed,IMF_QNEA,QNEA|B1GQ|Q|SA|XDC|Q,SA,"{""ACCESS_SHARING_LEVEL"": ""PUBLIC_OPEN"", ""CONFIDENTIALITY_STATUS"": ""F"", ""DERIVATION_TYPE"": ""O"", ""SECURITY_CLASSIFICATION"": ""PUB""}"
ZAF,gdp_real_lcu_quarterly_sa,2022-Q4,quarterly,1146094500000.0,1146094500000,observed,IMF_QNEA,QNEA|B1GQ|Q|SA|XDC|Q,SA,"{""ACCESS_SHARING_LEVEL"": ""PUBLIC_OPEN"", ""CONFIDENTIALITY_STATUS"": ""F"", ""DERIVATION_TYPE"": ""O"", ""SECURITY_CLASSIFICATION"": ""PUB""}"
ZAF,gdp_real_lcu_quarterly_sa,2023-Q1,quarterly,1154024400000.0,1154024400000,observed,IMF_QNEA,QNEA|B1GQ|Q|SA|XDC|Q,SA,"{""ACCESS_SHARING_LEVEL"": ""PUBLIC_OPEN"", ""CONFIDENTIALITY_STATUS"": ""F"", ""DERIVATION_TYPE"": ""O"", ""SECURITY_CLASSIFICATION"": ""PUB""}"
ZAF,gdp_real_lcu_quarterly_sa,2023-Q2,quarterly,1163383400000.0,1163383400000,observed,IMF_QNEA,QNEA|B1GQ|Q|SA|XDC|Q,SA,"{""ACCESS_SHARING_LEVEL"": ""PUBLIC_OPEN"", ""CONFIDENTIALITY_STATUS"": ""F"", ""DERIVATION_TYPE"": ""O"", ""SECURITY_CLASSIFICATION"": ""PUB""}"
ZAF,gdp_real_lcu_quarterly_sa,2023-Q3,quarterly,1158936100000.0,1158936100000,observed,IMF_QNEA,QNEA|B1GQ|Q|SA|XDC|Q,SA,"{""ACCESS_SHARING_LEVEL"": ""PUBLIC_OPEN"", ""CONFIDENTIALITY_STATUS"": ""F"", ""DERIVATION_TYPE"": ""O"", ""SECURITY_CLASSIFICATION"": ""PUB""}"
ZAF,gdp_real_lcu_quarterly_sa,2023-Q4,quarterly,1163448000000.0,1163448000000,observed,IMF_QNEA,QNEA|B1GQ|Q|SA|XDC|Q,SA,"{""ACCESS_SHARING_LEVEL"": ""PUBLIC_OPEN"", ""CONFIDENTIALITY_STATUS"": ""F"", ""DERIVATION_TYPE"": ""O"", ""SECURITY_CLASSIFICATION"": ""PUB""}"
ZAF,gdp_real_lcu_quarterly_sa,2024-Q1,quarterly,1164447900000.0,1164447900000,observed,IMF_QNEA,QNEA|B1GQ|Q|SA|XDC|Q,SA,"{""ACCESS_SHARING_LEVEL"": ""PUBLIC_OPEN"", ""CONFIDENTIALITY_STATUS"": ""F"", ""DERIVATION_TYPE"": ""O"", ""SECURITY_CLASSIFICATION"": ""PUB""}"
ZAF,gdp_real_lcu_quarterly_sa,2024-Q2,quarterly,1167433100000.0,1167433100000,observed,IMF_QNEA,QNEA|B1GQ|Q|SA|XDC|Q,SA,"{""ACCESS_SHARING_LEVEL"": ""PUBLIC_OPEN"", ""CONFIDENTIALITY_STATUS"": ""F"", ""DERIVATION_TYPE"": ""O"", ""SECURITY_CLASSIFICATION"": ""PUB""}"
ZAF,gdp_real_lcu_quarterly_sa,2024-Q3,quarterly,1164042300000.0,1164042300000,observed,IMF_QNEA,QNEA|B1GQ|Q|SA|XDC|Q,SA,"{""ACCESS_SHARING_LEVEL"": ""PUBLIC_OPEN"", ""CONFIDENTIALITY_STATUS"": ""F"", ""DERIVATION_TYPE"": ""O"", ""SECURITY_CLASSIFICATION"": ""PUB""}"
ZAF,gdp_real_lcu_quarterly_sa,2024-Q4,quarterly,1168684400000.0,1168684400000,observed,IMF_QNEA,QNEA|B1GQ|Q|SA|XDC|Q,SA,"{""ACCESS_SHARING_LEVEL"": ""PUBLIC_OPEN"", ""CONFIDENTIALITY_STATUS"": ""F"", ""DERIVATION_TYPE"": ""O"", ""SECURITY_CLASSIFICATION"": ""PUB""}"
