country_code,indicator_code,period,frequency,value,raw_value,value_status,source_id,source_series_code,seasonal_adjustment,observation_metadata
ALB,gdp_real_per_capita_lcu_quarterly_nsa_estimate,2010-Q1,quarterly,94630.5942712962,\N,estimated,IMF_QNEA,derived_per_capita|QNEA|B1GQ|Q|NSA|XDC|Q|population=SP.POP.TOTL_interpolated,NSA,\N
ALB,gdp_real_per_capita_lcu_quarterly_nsa_estimate,2010-Q2,quarterly,115321.09599722728,\N,estimated,IMF_QNEA,derived_per_capita|QNEA|B1GQ|Q|NSA|XDC|Q|population=SP.POP.TOTL_interpolated,NSA,\N
ALB,gdp_real_per_capita_lcu_quarterly_nsa_estimate,2010-Q3,quarterly,110553.00811982586,\N,estimated,IMF_QNEA,derived_per_capita|QNEA|B1GQ|Q|NSA|XDC|Q|population=SP.POP.TOTL_interpolated,NSA,\N
ALB,gdp_real_per_capita_lcu_quarterly_nsa_estimate,2010-Q4,quarterly,112754.80635140625,\N,estimated,IMF_QNEA,derived_per_capita|QNEA|B1GQ|Q|NSA|XDC|Q|population=SP.POP.TOTL_interpolated,NSA,\N
ALB,gdp_real_per_capita_lcu_quarterly_nsa_estimate,2011-Q1,quarterly,101582.9294405829,\N,estimated,IMF_QNEA,derived_per_capita|QNEA|B1GQ|Q|NSA|XDC|Q|population=SP.POP.TOTL_interpolated,NSA,\N
ALB,gdp_real_per_capita_lcu_quarterly_nsa_estimate,2011-Q2,quarterly,114838.94457044156,\N,estimated,IMF_QNEA,derived_per_capita|QNEA|B1GQ|Q|NSA|XDC|Q|population=SP.POP.TOTL_interpolated,NSA,\N
ALB,gdp_real_per_capita_lcu_quarterly_nsa_estimate,2011-Q3,quarterly,112363.85828877288,\N,estimated,IMF_QNEA,derived_per_capita|QNEA|B1GQ|Q|NSA|XDC|Q|population=SP.POP.TOTL_interpolated,NSA,\N
ALB,gdp_real_per_capita_lcu_quarterly_nsa_estimate,2011-Q4,quarterly,118307.14445916473,\N,estimated,IMF_QNEA,derived_per_capita|QNEA|B1GQ|Q|NSA|XDC|Q|population=SP.POP.TOTL_interpolated,NSA,\N
ALB,gdp_real_per_capita_lcu_quarterly_nsa_estimate,2012-Q1,quarterly,101665.8362457513,\N,estimated,IMF_QNEA,derived_per_capita|QNEA|B1GQ|Q|NSA|XDC|Q|population=SP.POP.TOTL_interpolated,NSA,\N
ALB,gdp_real_per_capita_lcu_quarterly_nsa_estimate,2012-Q2,quarterly,120029.76097663902,\N,estimated,IMF_QNEA,derived_per_capita|QNEA|B1GQ|Q|NSA|XDC|Q|population=SP.POP.TOTL_interpolated,NSA,\N
ALB,gdp_real_per_capita_lcu_quarterly_nsa_estimate,2012-Q3,quarterly,115685.32376197769,\N,estimated,IMF_QNEA,derived_per_capita|QNEA|B1GQ|Q|NSA|XDC|Q|population=SP.POP.TOTL_interpolated,NSA,\N
ALB,gdp_real_per_capita_lcu_quarterly_nsa_estimate,2012-Q4,quarterly,119908.48089108644,\N,estimated,IMF_QNEA,derived_per_capita|QNEA|B1GQ|Q|NSA|XDC|Q|population=SP.POP.TOTL_interpolated,NSA,\N
ALB,gdp_real_per_capita_lcu_quarterly_nsa_estimate,2013-Q1,quarterly,105488.23651206438,\N,estimated,IMF_QNEA,derived_per_capita|QNEA|B1GQ|Q|NSA|XDC|Q|population=SP.POP.TOTL_interpolated,NSA,\N
ALB,gdp_real_per_capita_lcu_quarterly_nsa_estimate,2013-Q2,quarterly,126543.52439910284,\N,estimated,IMF_QNEA,derived_per_capita|QNEA|B1GQ|Q|NSA|XDC|Q|population=SP.POP.TOTL_interpolated,NSA,\N
ALB,gdp_real_per_capita_lcu_quarterly_nsa_estimate,2013-Q3,quarterly,114076.0846596062,\N,estimated,IMF_QNEA,derived_per_capita|QNEA|B1GQ|Q|NSA|XDC|Q|population=SP.POP.TOTL_interpolated,NSA,\N
ALB,gdp_real_per_capita_lcu_quarterly_nsa_estimate,2013-Q4,quarterly,124412.41143645458,\N,estimated,IMF_QNEA,derived_per_capita|QNEA|B1GQ|Q|NSA|XDC|Q|population=SP.POP.TOTL_interpolated,NSA,\N
ALB,gdp_real_per_capita_lcu_quarterly_nsa_estimate,2014-Q1,quarterly,108586.66717193153,\N,estimated,IMF_QNEA,derived_per_capita|QNEA|B1GQ|Q|NSA|XDC|Q|population=SP.POP.TOTL_interpolated,NSA,\N
ALB,gdp_real_per_capita_lcu_quarterly_nsa_estimate,2014-Q2,quarterly,128726.18647964485,\N,estimated,IMF_QNEA,derived_per_capita|QNEA|B1GQ|Q|NSA|XDC|Q|population=SP.POP.TOTL_interpolated,NSA,\N
ALB,gdp_real_per_capita_lcu_quarterly_nsa_estimate,2014-Q3,quarterly,122456.66381462748,\N,estimated,IMF_QNEA,derived_per_capita|QNEA|B1GQ|Q|NSA|XDC|Q|population=SP.POP.TOTL_interpolated,NSA,\N
ALB,gdp_real_per_capita_lcu_quarterly_nsa_estimate,2014-Q4,quarterly,127173.94028769806,\N,estimated,IMF_QNEA,derived_per_capita|QNEA|B1GQ|Q|NSA|XDC|Q|population=SP.POP.TOTL_interpolated,NSA,\N
ARG,gdp_real_per_capita_lcu_quarterly_nsa_estimate,2010-Q1,quarterly,3717.8869132720656,\N,estimated,IMF_QNEA,derived_per_capita|QNEA|B1GQ|Q|NSA|XDC|Q|population=SP.POP.TOTL_interpolated,NSA,\N
ARG,gdp_real_per_capita_lcu_quarterly_nsa_estimate,2010-Q2,quarterly,4448.529094243135,\N,estimated,IMF_QNEA,derived_per_capita|QNEA|B1GQ|Q|NSA|XDC|Q|population=SP.POP.TOTL_interpolated,NSA,\N
ARG,gdp_real_per_capita_lcu_quarterly_nsa_estimate,2010-Q3,quarterly,4042.7109997421085,\N,estimated,IMF_QNEA,derived_per_capita|QNEA|B1GQ|Q|NSA|XDC|Q|population=SP.POP.TOTL_interpolated,NSA,\N
ARG,gdp_real_per_capita_lcu_quarterly_nsa_estimate,2010-Q4,quarterly,4029.6657067270703,\N,estimated,IMF_QNEA,derived_per_capita|QNEA|B1GQ|Q|NSA|XDC|Q|population=SP.POP.TOTL_interpolated,NSA,\N
ARG,gdp_real_per_capita_lcu_quarterly_nsa_estimate,2011-Q1,quarterly,3983.6811677943033,\N,estimated,IMF_QNEA,derived_per_capita|QNEA|B1GQ|Q|NSA|XDC|Q|population=SP.POP.TOTL_interpolated,NSA,\N
ARG,gdp_real_per_capita_lcu_quarterly_nsa_estimate,2011-Q2,quarterly,4597.031689972944,\N,estimated,IMF_QNEA,derived_per_capita|QNEA|B1GQ|Q|NSA|XDC|Q|population=SP.POP.TOTL_interpolated,NSA,\N
ARG,gdp_real_per_capita_lcu_quarterly_nsa_estimate,2011-Q3,quarterly,4256.461572313309,\N,estimated,IMF_QNEA,derived_per_capita|QNEA|B1GQ|Q|NSA|XDC|Q|population=SP.POP.TOTL_interpolated,NSA,\N
ARG,gdp_real_per_capita_lcu_quarterly_nsa_estimate,2011-Q4,quarterly,4195.581693050851,\N,estimated,IMF_QNEA,derived_per_capita|QNEA|B1GQ|Q|NSA|XDC|Q|population=SP.POP.TOTL_interpolated,NSA,\N
ARG,gdp_real_per_capita_lcu_quarterly_nsa_estimate,2012-Q1,quarterly,4004.076361950382,\N,estimated,IMF_QNEA,derived_per_capita|QNEA|B1GQ|Q|NSA|XDC|Q|population=SP.POP.TOTL_interpolated,NSA,\N
ARG,gdp_real_per_capita_lcu_quarterly_nsa_estimate,2012-Q2,quarterly,4339.087615299606,\N,estimated,IMF_QNEA,derived_per_capita|QNEA|B1GQ|Q|NSA|XDC|Q|population=SP.POP.TOTL_interpolated,NSA,\N
ARG,gdp_real_per_capita_lcu_quarterly_nsa_estimate,2012-Q3,quarterly,4166.01357557337,\N,estimated,IMF_QNEA,derived_per_capita|QNEA|B1GQ|Q|NSA|XDC|Q|population=SP.POP.TOTL_interpolated,NSA,\N
ARG,gdp_real_per_capita_lcu_quarterly_nsa_estimate,2012-Q4,quarterly,4176.313889842202,\N,estimated,IMF_QNEA,derived_per_capita|QNEA|B1GQ|Q|NSA|XDC|Q|population=SP.POP.TOTL_interpolated,NSA,\N
ARG,gdp_real_per_capita_lcu_quarterly_nsa_estimate,2013-Q1,quarterly,3989.9275845447014,\N,estimated,IMF_QNEA,derived_per_capita|QNEA|B1GQ|Q|NSA|XDC|Q|population=SP.POP.TOTL_interpolated,NSA,\N
ARG,gdp_real_per_capita_lcu_quarterly_nsa_estimate,2013-Q2,quarterly,4564.362195545033,\N,estimated,IMF_QNEA,derived_per_capita|QNEA|B1GQ|Q|NSA|XDC|Q|population=SP.POP.TOTL_interpolated,NSA,\N
ARG,gdp_real_per_capita_lcu_quarterly_nsa_estimate,2013-Q3,quarterly,4230.173810910857,\N,estimated,IMF_QNEA,derived_per_capita|QNEA|B1GQ|Q|NSA|XDC|Q|population=SP.POP.TOTL_interpolated,NSA,\N
ARG,gdp_real_per_capita_lcu_quarterly_nsa_estimate,2013-Q4,quarterly,4132.334797594679,\N,estimated,IMF_QNEA,derived_per_capita|QNEA|B1GQ|Q|NSA|XDC|Q|population=SP.POP.TOTL_interpolated,NSA,\N
ARG,gdp_real_per_capita_lcu_quarterly_nsa_estimate,2014-Q1,quarterly,3914.430906473202,\N,estimated,IMF_QNEA,derived_per_capita|QNEA|B1GQ|Q|NSA|XDC|Q|population=SP.POP.TOTL_interpolated,NSA,\N
ARG,gdp_real_per_capita_lcu_quarterly_nsa_estimate,2014-Q2,quarterly,4425.1618538062985,\N,estimated,IMF_QNEA,derived_per_capita|QNEA|B1GQ|Q|NSA|XDC|Q|population=SP.POP.TOTL_interpolated,NSA,\N
ARG,gdp_real_per_capita_lcu_quarterly_nsa_estimate,2014-Q3,quarterly,4009.218643263969,\N,estimated,IMF_QNEA,derived_per_capita|QNEA|B1GQ|Q|NSA|XDC|Q|population=SP.POP.TOTL_interpolated,NSA,\N
ARG,gdp_real_per_capita_lcu_quarterly_nsa_estimate,2014-Q4,quarterly,3974.5266139009696,\N,estimated,IMF_QNEA,derived_per_capita|QNEA|B1GQ|Q|NSA|XDC|Q|population=SP.POP.TOTL_interpolated,NSA,\N
ARM,gdp_real_per_capita_lcu_quarterly_nsa_estimate,2010-Q1,quarterly,173769.0934403407,\N,estimated,IMF_QNEA,derived_per_capita|QNEA|B1GQ|Q|NSA|XDC|Q|population=SP.POP.TOTL_interpolated,NSA,\N
ARM,gdp_real_per_capita_lcu_quarterly_nsa_estimate,2010-Q2,quarterly,231989.43378890547,\N,estimated,IMF_QNEA,derived_per_capita|QNEA|B1GQ|Q|NSA|XDC|Q|population=SP.POP.TOTL_interpolated,NSA,\N
ARM,gdp_real_per_capita_lcu_quarterly_nsa_estimate,2010-Q3,quarterly,317140.9157200666,\N,estimated,IMF_QNEA,derived_per_capita|QNEA|B1GQ|Q|NSA|XDC|Q|population=SP.POP.TOTL_interpolated,NSA,\N
ARM,gdp_real_per_capita_lcu_quarterly_nsa_estimate,2010-Q4,quarterly,332020.38860114285,\N,estimated,IMF_QNEA,derived_per_capita|QNEA|B1GQ|Q|NSA|XDC|Q|population=SP.POP.TOTL_interpolated,NSA,\N
ARM,gdp_real_per_capita_lcu_quarterly_nsa_estimate,2011-Q1,quarterly,192032.13327895393,\N,estimated,IMF_QNEA,derived_per_capita|QNEA|B1GQ|Q|NSA|XDC|Q|population=SP.POP.TOTL_interpolated,NSA,\N
ARM,gdp_real_per_capita_lcu_quarterly_nsa_estimate,2011-Q2,quarterly,259108.73304978115,\N,estimated,IMF_QNEA,derived_per_capita|QNEA|B1GQ|Q|NSA|XDC|Q|population=SP.POP.TOTL_interpolated,NSA,\N
ARM,gdp_real_per_capita_lcu_quarterly_nsa_estimate,2011-Q3,quarterly,366490.961790961,\N,estimated,IMF_QNEA,derived_per_capita|QNEA|B1GQ|Q|NSA|XDC|Q|population=SP.POP.TOTL_interpolated,NSA,\N
ARM,gdp_real_per_capita_lcu_quarterly_nsa_estimate,2011-Q4,quarterly,377941.5987245888,\N,estimated,IMF_QNEA,derived_per_capita|QNEA|B1GQ|Q|NSA|XDC|Q|population=SP.POP.TOTL_interpolated,NSA,\N
ARM,gdp_real_per_capita_lcu_quarterly_nsa_estimate,2012-Q1,quarterly,211347.48514720585,\N,estimated,IMF_QNEA,derived_per_capita|QNEA|B1GQ|Q|NSA|XDC|Q|population=SP.POP.TOTL_interpolated,NSA,\N
ARM,gdp_real_per_capita_lcu_quarterly_nsa_estimate,2012-Q2,quarterly,290282.1388128911,\N,estimated,IMF_QNEA,derived_per_capita|QNEA|B1GQ|Q|NSA|XDC|Q|population=SP.POP.TOTL_interpolated,NSA,\N
ARM,gdp_real_per_capita_lcu_quarterly_nsa_estimate,2012-Q3,quarterly,417722.71162058145,\N,estimated,IMF_QNEA,derived_per_capita|QNEA|B1GQ|Q|NSA|XDC|Q|population=SP.POP.TOTL_interpolated,NSA,\N
ARM,gdp_real_per_capita_lcu_quarterly_nsa_estimate,2012-Q4,quarterly,419441.2916296281,\N,estimated,IMF_QNEA,derived_per_capita|QNEA|B1GQ|Q|NSA|XDC|Q|population=SP.POP.TOTL_interpolated,NSA,\N
ARM,gdp_real_per_capita_lcu_quarterly_nsa_estimate,2013-Q1,quarterly,245848.60827960947,\N,estimated,IMF_QNEA,derived_per_capita|QNEA|B1GQ|Q|NSA|XDC|Q|population=SP.POP.TOTL_interpolated,NSA,\N
ARM,gdp_real_per_capita_lcu_quarterly_nsa_estimate,2013-Q2,quarterly,312977.2480054264,\N,estimated,IMF_QNEA,derived_per_capita|QNEA|B1GQ|Q|NSA|XDC|Q|population=SP.POP.TOTL_interpolated,NSA,\N
ARM,gdp_real_per_capita_lcu_quarterly_nsa_estimate,2013-Q3,quarterly,441635.0019447364,\N,estimated,IMF_QNEA,derived_per_capita|QNEA|B1GQ|Q|NSA|XDC|Q|population=SP.POP.TOTL_interpolated,NSA,\N
ARM,gdp_real_per_capita_lcu_quarterly_nsa_estimate,2013-Q4,quarterly,457856.72052137763,\N,estimated,IMF_QNEA,derived_per_capita|QNEA|B1GQ|Q|NSA|XDC|Q|population=SP.POP.TOTL_interpolated,NSA,\N
ARM,gdp_real_per_capita_lcu_quarterly_nsa_estimate,2014-Q1,quarterly,262393.93412057176,\N,estimated,IMF_QNEA,derived_per_capita|QNEA|B1GQ|Q|NSA|XDC|Q|population=SP.POP.TOTL_interpolated,NSA,\N
ARM,gdp_real_per_capita_lcu_quarterly_nsa_estimate,2014-Q2,quarterly,331163.6993855365,\N,estimated,IMF_QNEA,derived_per_capita|QNEA|B1GQ|Q|NSA|XDC|Q|population=SP.POP.TOTL_interpolated,NSA,\N
ARM,gdp_real_per_capita_lcu_quarterly_nsa_estimate,2014-Q3,quarterly,482503.44381192635,\N,estimated,IMF_QNEA,derived_per_capita|QNEA|B1GQ|Q|NSA|XDC|Q|population=SP.POP.TOTL_interpolated,NSA,\N
ARM,gdp_real_per_capita_lcu_quarterly_nsa_estimate,2014-Q4,quarterly,490951.68335907784,\N,estimated,IMF_QNEA,derived_per_capita|QNEA|B1GQ|Q|NSA|XDC|Q|population=SP.POP.TOTL_interpolated,NSA,\N
AUS,gdp_real_per_capita_lcu_quarterly_nsa_estimate,2010-Q1,quarterly,20777.55484819419,\N,estimated,IMF_QNEA,derived_per_capita|QNEA|B1GQ|Q|NSA|XDC|Q|population=SP.POP.TOTL_interpolated,NSA,\N
AUS,gdp_real_per_capita_lcu_quarterly_nsa_estimate,2010-Q2,quarterly,21887.57076238596,\N,estimated,IMF_QNEA,derived_per_capita|QNEA|B1GQ|Q|NSA|XDC|Q|population=SP.POP.TOTL_interpolated,NSA,\N
AUS,gdp_real_per_capita_lcu_quarterly_nsa_estimate,2010-Q3,quarterly,21814.037125507344,\N,estimated,IMF_QNEA,derived_per_capita|QNEA|B1GQ|Q|NSA|XDC|Q|population=SP.POP.TOTL_interpolated,NSA,\N
AUS,gdp_real_per_capita_lcu_quarterly_nsa_estimate,2010-Q4,quarterly,22847.787079202953,\N,estimated,IMF_QNEA,derived_per_capita|QNEA|B1GQ|Q|NSA|XDC|Q|population=SP.POP.TOTL_interpolated,NSA,\N
AUS,gdp_real_per_capita_lcu_quarterly_nsa_estimate,2011-Q1,quarterly,20882.973499253665,\N,estimated,IMF_QNEA,derived_per_capita|QNEA|B1GQ|Q|NSA|XDC|Q|population=SP.POP.TOTL_interpolated,NSA,\N
AUS,gdp_real_per_capita_lcu_quarterly_nsa_estimate,2011-Q2,quarterly,22088.434697507146,\N,estimated,IMF_QNEA,derived_per_capita|QNEA|B1GQ|Q|NSA|XDC|Q|population=SP.POP.TOTL_interpolated,NSA,\N
AUS,gdp_real_per_capita_lcu_quarterly_nsa_estimate,2011-Q3,quarterly,22145.405313731757,\N,estimated,IMF_QNEA,derived_per_capita|QNEA|B1GQ|Q|NSA|XDC|Q|population=SP.POP.TOTL_interpolated,NSA,\N
AUS,gdp_real_per_capita_lcu_quarterly_nsa_estimate,2011-Q4,quarterly,23239.59995334088,\N,estimated,IMF_QNEA,derived_per_capita|QNEA|B1GQ|Q|NSA|XDC|Q|population=SP.POP.TOTL_interpolated,NSA,\N
AUS,gdp_real_per_capita_lcu_quarterly_nsa_estimate,2012-Q1,quarterly,21551.076968583482,\N,estimated,IMF_QNEA,derived_per_capita|QNEA|B1GQ|Q|NSA|XDC|Q|population=SP.POP.TOTL_interpolated,NSA,\N
AUS,gdp_real_per_capita_lcu_quarterly_nsa_estimate,2012-Q2,quarterly,22740.324539324938,\N,estimated,IMF_QNEA,derived_per_capita|QNEA|B1GQ|Q|NSA|XDC|Q|population=SP.POP.TOTL_interpolated,NSA,\N
AUS,gdp_real_per_capita_lcu_quarterly_nsa_estimate,2012-Q3,quarterly,22579.66734375646,\N,estimated,IMF_QNEA,derived_per_capita|QNEA|B1GQ|Q|NSA|XDC|Q|population=SP.POP.TOTL_interpolated,NSA,\N
AUS,gdp_real_per_capita_lcu_quarterly_nsa_estimate,2012-Q4,quarterly,23486.215742139575,\N,estimated,IMF_QNEA,derived_per_capita|QNEA|B1GQ|Q|NSA|XDC|Q|population=SP.POP.TOTL_interpolated,NSA,\N
AUS,gdp_real_per_capita_lcu_quarterly_nsa_estimate,2013-Q1,quarterly,21657.057640666088,\N,estimated,IMF_QNEA,derived_per_capita|QNEA|B1GQ|Q|NSA|XDC|Q|population=SP.POP.TOTL_interpolated,NSA,\N
AUS,gdp_real_per_capita_lcu_quarterly_nsa_estimate,2013-Q2,quarterly,22754.95654106046,\N,estimated,IMF_QNEA,derived_per_capita|QNEA|B1GQ|Q|NSA|XDC|Q|population=SP.POP.TOTL_interpolated,NSA,\N
AUS,gdp_real_per_capita_lcu_quarterly_nsa_estimate,2013-Q3,quarterly,22677.268644071213,\N,estimated,IMF_QNEA,derived_per_capita|QNEA|B1GQ|Q|NSA|XDC|Q|population=SP.POP.TOTL_interpolated,NSA,\N
AUS,gdp_real_per_capita_lcu_quarterly_nsa_estimate,2013-Q4,quarterly,23699.545535852612,\N,estimated,IMF_QNEA,derived_per_capita|QNEA|B1GQ|Q|NSA|XDC|Q|population=SP.POP.TOTL_interpolated,NSA,\N
AUS,gdp_real_per_capita_lcu_quarterly_nsa_estimate,2014-Q1,quarterly,21948.694423472956,\N,estimated,IMF_QNEA,derived_per_capita|QNEA|B1GQ|Q|NSA|XDC|Q|population=SP.POP.TOTL_interpolated,NSA,\N
AUS,gdp_real_per_capita_lcu_quarterly_nsa_estimate,2014-Q2,quarterly,23025.923613762705,\N,estimated,IMF_QNEA,derived_per_capita|QNEA|B1GQ|Q|NSA|XDC|Q|population=SP.POP.TOTL_interpolated,NSA,\N
AUS,gdp_real_per_capita_lcu_quarterly_nsa_estimate,2014-Q3,quarterly,22913.676886441423,\N,estimated,IMF_QNEA,derived_per_capita|QNEA|B1GQ|Q|NSA|XDC|Q|population=SP.POP.TOTL_interpolated,NSA,\N
AUS,gdp_real_per_capita_lcu_quarterly_nsa_estimate,2014-Q4,quarterly,23802.559615401267,\N,estimated,IMF_QNEA,derived_per_capita|QNEA|B1GQ|Q|NSA|XDC|Q|population=SP.POP.TOTL_interpolated,NSA,\N
AUT,gdp_real_per_capita_lcu_quarterly_nsa_estimate,2010-Q1,quarterly,8352.657028437647,\N,estimated,IMF_QNEA,derived_per_capita|QNEA|B1GQ|Q|NSA|XDC|Q|population=SP.POP.TOTL_interpolated,NSA,\N
AUT,gdp_real_per_capita_lcu_quarterly_nsa_estimate,2010-Q2,quarterly,8742.566249663347,\N,estimated,IMF_QNEA,derived_per_capita|QNEA|B1GQ|Q|NSA|XDC|Q|population=SP.POP.TOTL_interpolated,NSA,\N
AUT,gdp_real_per_capita_lcu_quarterly_nsa_estimate,2010-Q3,quarterly,8838.502227670348,\N,estimated,IMF_QNEA,derived_per_capita|QNEA|B1GQ|Q|NSA|XDC|Q|population=SP.POP.TOTL_interpolated,NSA,\N
AUT,gdp_real_per_capita_lcu_quarterly_nsa_estimate,2010-Q4,quarterly,9220.2156931851,\N,estimated,IMF_QNEA,derived_per_capita|QNEA|B1GQ|Q|NSA|XDC|Q|population=SP.POP.TOTL_interpolated,NSA,\N
AUT,gdp_real_per_capita_lcu_quarterly_nsa_estimate,2011-Q1,quarterly,8742.397334562495,\N,estimated,IMF_QNEA,derived_per_capita|QNEA|B1GQ|Q|NSA|XDC|Q|population=SP.POP.TOTL_interpolated,NSA,\N
AUT,gdp_real_per_capita_lcu_quarterly_nsa_estimate,2011-Q2,quarterly,8999.756445004192,\N,estimated,IMF_QNEA,derived_per_capita|QNEA|B1GQ|Q|NSA|XDC|Q|population=SP.POP.TOTL_interpolated,NSA,\N
AUT,gdp_real_per_capita_lcu_quarterly_nsa_estimate,2011-Q3,quarterly,8998.156638477049,\N,estimated,IMF_QNEA,derived_per_capita|QNEA|B1GQ|Q|NSA|XDC|Q|population=SP.POP.TOTL_interpolated,NSA,\N
AUT,gdp_real_per_capita_lcu_quarterly_nsa_estimate,2011-Q4,quarterly,9320.09272748845,\N,estimated,IMF_QNEA,derived_per_capita|QNEA|B1GQ|Q|NSA|XDC|Q|population=SP.POP.TOTL_interpolated,NSA,\N
AUT,gdp_real_per_capita_lcu_quarterly_nsa_estimate,2012-Q1,quarterly,8853.53979556195,\N,estimated,IMF_QNEA,derived_per_capita|QNEA|B1GQ|Q|NSA|XDC|Q|population=SP.POP.TOTL_interpolated,NSA,\N
AUT,gdp_real_per_capita_lcu_quarterly_nsa_estimate,2012-Q2,quarterly,8992.971115525066,\N,estimated,IMF_QNEA,derived_per_capita|QNEA|B1GQ|Q|NSA|XDC|Q|population=SP.POP.TOTL_interpolated,NSA,\N
AUT,gdp_real_per_capita_lcu_quarterly_nsa_estimate,2012-Q3,quarterly,9000.567954662396,\N,estimated,IMF_QNEA,derived_per_capita|QNEA|B1GQ|Q|NSA|XDC|Q|population=SP.POP.TOTL_interpolated,NSA,\N
AUT,gdp_real_per_capita_lcu_quarterly_nsa_estimate,2012-Q4,quarterly,9274.115186471421,\N,estimated,IMF_QNEA,derived_per_capita|QNEA|B1GQ|Q|NSA|XDC|Q|population=SP.POP.TOTL_interpolated,NSA,\N
AUT,gdp_real_per_capita_lcu_quarterly_nsa_estimate,2013-Q1,quarterly,8703.918584126764,\N,estimated,IMF_QNEA,derived_per_capita|QNEA|B1GQ|Q|NSA|XDC|Q|population=SP.POP.TOTL_interpolated,NSA,\N
AUT,gdp_real_per_capita_lcu_quarterly_nsa_estimate,2013-Q2,quarterly,8902.506903174026,\N,estimated,IMF_QNEA,derived_per_capita|QNEA|B1GQ|Q|NSA|XDC|Q|population=SP.POP.TOTL_interpolated,NSA,\N
AUT,gdp_real_per_capita_lcu_quarterly_nsa_estimate,2013-Q3,quarterly,8927.17360439002,\N,estimated,IMF_QNEA,derived_per_capita|QNEA|B1GQ|Q|NSA|XDC|Q|population=SP.POP.TOTL_interpolated,NSA,\N
AUT,gdp_real_per_capita_lcu_quarterly_nsa_estimate,2013-Q4,quarterly,9281.883134871723,\N,estimated,IMF_QNEA,derived_per_capita|QNEA|B1GQ|Q|NSA|XDC|Q|population=SP.POP.TOTL_interpolated,NSA,\N
AUT,gdp_real_per_capita_lcu_quarterly_nsa_estimate,2014-Q1,quarterly,8702.498343458898,\N,estimated,IMF_QNEA,derived_per_capita|QNEA|B1GQ|Q|NSA|XDC|Q|population=SP.POP.TOTL_interpolated,NSA,\N
AUT,gdp_real_per_capita_lcu_quarterly_nsa_estimate,2014-Q2,quarterly,8907.297015836613,\N,estimated,IMF_QNEA,derived_per_capita|QNEA|B1GQ|Q|NSA|XDC|Q|population=SP.POP.TOTL_interpolated,NSA,\N
AUT,gdp_real_per_capita_lcu_quarterly_nsa_estimate,2014-Q3,quarterly,8899.536588498511,\N,estimated,IMF_QNEA,derived_per_capita|QNEA|B1GQ|Q|NSA|XDC|Q|population=SP.POP.TOTL_interpolated,NSA,\N
AUT,gdp_real_per_capita_lcu_quarterly_nsa_estimate,2014-Q4,quarterly,9288.522889569873,\N,estimated,IMF_QNEA,derived_per_capita|QNEA|B1GQ|Q|NSA|XDC|Q|population=SP.POP.TOTL_interpolated,NSA,\N
BEL,gdp_real_per_capita_lcu_quarterly_nsa_estimate,2010-Q1,quarterly,8035.320091416747,\N,estimated,IMF_QNEA,derived_per_capita|QNEA|B1GQ|Q|NSA|XDC|Q|population=SP.POP.TOTL_interpolated,NSA,\N
BEL,gdp_real_per_capita_lcu_quarterly_nsa_estimate,2010-Q2,quarterly,8427.035478805974,\N,estimated,IMF_QNEA,derived_per_capita|QNEA|B1GQ|Q|NSA|XDC|Q|population=SP.POP.TOTL_interpolated,NSA,\N
BEL,gdp_real_per_capita_lcu_quarterly_nsa_estimate,2010-Q3,quarterly,8008.303285854805,\N,estimated,IMF_QNEA,derived_per_capita|QNEA|B1GQ|Q|NSA|XDC|Q|population=SP.POP.TOTL_interpolated,NSA,\N
BEL,gdp_real_per_capita_lcu_quarterly_nsa_estimate,2010-Q4,quarterly,8848.249277006189,\N,estimated,IMF_QNEA,derived_per_capita|QNEA|B1GQ|Q|NSA|XDC|Q|population=SP.POP.TOTL_interpolated,NSA,\N
BEL,gdp_real_per_capita_lcu_quarterly_nsa_estimate,2011-Q1,quarterly,8140.326143332356,\N,estimated,IMF_QNEA,derived_per_capita|QNEA|B1GQ|Q|NSA|XDC|Q|population=SP.POP.TOTL_interpolated,NSA,\N
BEL,gdp_real_per_capita_lcu_quarterly_nsa_estimate,2011-Q2,quarterly,8493.964170426938,\N,estimated,IMF_QNEA,derived_per_capita|QNEA|B1GQ|Q|NSA|XDC|Q|population=SP.POP.TOTL_interpolated,NSA,\N
BEL,gdp_real_per_capita_lcu_quarterly_nsa_estimate,2011-Q3,quarterly,8059.989512465887,\N,estimated,IMF_QNEA,derived_per_capita|QNEA|B1GQ|Q|NSA|XDC|Q|population=SP.POP.TOTL_interpolated,NSA,\N
BEL,gdp_real_per_capita_lcu_quarterly_nsa_estimate,2011-Q4,quarterly,8874.982834392526,\N,estimated,IMF_QNEA,derived_per_capita|QNEA|B1GQ|Q|NSA|XDC|Q|population=SP.POP.TOTL_interpolated,NSA,\N
BEL,gdp_real_per_capita_lcu_quarterly_nsa_estimate,2012-Q1,quarterly,8113.41885682154,\N,estimated,IMF_QNEA,derived_per_capita|QNEA|B1GQ|Q|NSA|XDC|Q|population=SP.POP.TOTL_interpolated,NSA,\N
BEL,gdp_real_per_capita_lcu_quarterly_nsa_estimate,2012-Q2,quarterly,8455.214409204576,\N,estimated,IMF_QNEA,derived_per_capita|QNEA|B1GQ|Q|NSA|XDC|Q|population=SP.POP.TOTL_interpolated,NSA,\N
BEL,gdp_real_per_capita_lcu_quarterly_nsa_estimate,2012-Q3,quarterly,8029.248394459748,\N,estimated,IMF_QNEA,derived_per_capita|QNEA|B1GQ|Q|NSA|XDC|Q|population=SP.POP.TOTL_interpolated,NSA,\N
BEL,gdp_real_per_capita_lcu_quarterly_nsa_estimate,2012-Q4,quarterly,8814.710727190417,\N,estimated,IMF_QNEA,derived_per_capita|QNEA|B1GQ|Q|NSA|XDC|Q|population=SP.POP.TOTL_interpolated,NSA,\N
BEL,gdp_real_per_capita_lcu_quarterly_nsa_estimate,2013-Q1,quarterly,8030.2407577468975,\N,estimated,IMF_QNEA,derived_per_capita|QNEA|B1GQ|Q|NSA|XDC|Q|population=SP.POP.TOTL_interpolated,NSA,\N
BEL,gdp_real_per_capita_lcu_quarterly_nsa_estimate,2013-Q2,quarterly,8451.663969091302,\N,estimated,IMF_QNEA,derived_per_capita|QNEA|B1GQ|Q|NSA|XDC|Q|population=SP.POP.TOTL_interpolated,NSA,\N
BEL,gdp_real_per_capita_lcu_quarterly_nsa_estimate,2013-Q3,quarterly,8026.764195911228,\N,estimated,IMF_QNEA,derived_per_capita|QNEA|B1GQ|Q|NSA|XDC|Q|population=SP.POP.TOTL_interpolated,NSA,\N
BEL,gdp_real_per_capita_lcu_quarterly_nsa_estimate,2013-Q4,quarterly,8843.340362972862,\N,estimated,IMF_QNEA,derived_per_capita|QNEA|B1GQ|Q|NSA|XDC|Q|population=SP.POP.TOTL_interpolated,NSA,\N
BEL,gdp_real_per_capita_lcu_quarterly_nsa_estimate,2014-Q1,quarterly,8153.674871945431,\N,estimated,IMF_QNEA,derived_per_capita|QNEA|B1GQ|Q|NSA|XDC|Q|population=SP.POP.TOTL_interpolated,NSA,\N
BEL,gdp_real_per_capita_lcu_quarterly_nsa_estimate,2014-Q2,quarterly,8554.096926863012,\N,estimated,IMF_QNEA,derived_per_capita|QNEA|B1GQ|Q|NSA|XDC|Q|population=SP.POP.TOTL_interpolated,NSA,\N
BEL,gdp_real_per_capita_lcu_quarterly_nsa_estimate,2014-Q3,quarterly,8129.3148254538355,\N,estimated,IMF_QNEA,derived_per_capita|QNEA|B1GQ|Q|NSA|XDC|Q|population=SP.POP.TOTL_interpolated,NSA,\N
BEL,gdp_real_per_capita_lcu_quarterly_nsa_estimate,2014-Q4,quarterly,8946.396528636213,\N,estimated,IMF_QNEA,derived_per_capita|QNEA|B1GQ|Q|NSA|XDC|Q|population=SP.POP.TOTL_interpolated,NSA,\N
BGR,gdp_real_per_capita_lcu_quarterly_nsa_estimate,2010-Q1,quarterly,1056.642288190134,\N,estimated,IMF_QNEA,derived_per_capita|QNEA|B1GQ|Q|NSA|XDC|Q|population=SP.POP.TOTL_interpolated,NSA,\N
BGR,gdp_real_per_capita_lcu_quarterly_nsa_estimate,2010-Q2,quarterly,1274.5943040891054,\N,estimated,IMF_QNEA,derived_per_capita|QNEA|B1GQ|Q|NSA|XDC|Q|population=SP.POP.TOTL_interpolated,NSA,\N
BGR,gdp_real_per_capita_lcu_quarterly_nsa_estimate,2010-Q3,quarterly,1407.7356340644933,\N,estimated,IMF_QNEA,derived_per_capita|QNEA|B1GQ|Q|NSA|XDC|Q|population=SP.POP.TOTL_interpolated,NSA,\N
BGR,gdp_real_per_capita_lcu_quarterly_nsa_estimate,2010-Q4,quarterly,1439.2585439273068,\N,estimated,IMF_QNEA,derived_per_capita|QNEA|B1GQ|Q|NSA|XDC|Q|population=SP.POP.TOTL_interpolated,NSA,\N
BGR,gdp_real_per_capita_lcu_quarterly_nsa_estimate,2011-Q1,quarterly,1084.508230355256,\N,estimated,IMF_QNEA,derived_per_capita|QNEA|B1GQ|Q|NSA|XDC|Q|population=SP.POP.TOTL_interpolated,NSA,\N
BGR,gdp_real_per_capita_lcu_quarterly_nsa_estimate,2011-Q2,quarterly,1332.420228449087,\N,estimated,IMF_QNEA,derived_per_capita|QNEA|B1GQ|Q|NSA|XDC|Q|population=SP.POP.TOTL_interpolated,NSA,\N
BGR,gdp_real_per_capita_lcu_quarterly_nsa_estimate,2011-Q3,quarterly,1455.2566730049734,\N,estimated,IMF_QNEA,derived_per_capita|QNEA|B1GQ|Q|NSA|XDC|Q|population=SP.POP.TOTL_interpolated,NSA,\N
BGR,gdp_real_per_capita_lcu_quarterly_nsa_estimate,2011-Q4,quarterly,1447.8556049454662,\N,estimated,IMF_QNEA,derived_per_capita|QNEA|B1GQ|Q|NSA|XDC|Q|population=SP.POP.TOTL_interpolated,NSA,\N
BGR,gdp_real_per_capita_lcu_quarterly_nsa_estimate,2012-Q1,quarterly,1114.845520811636,\N,estimated,IMF_QNEA,derived_per_capita|QNEA|B1GQ|Q|NSA|XDC|Q|population=SP.POP.TOTL_interpolated,NSA,\N
BGR,gdp_real_per_capita_lcu_quarterly_nsa_estimate,2012-Q2,quarterly,1336.733635687158,\N,estimated,IMF_QNEA,derived_per_capita|QNEA|B1GQ|Q|NSA|XDC|Q|population=SP.POP.TOTL_interpolated,NSA,\N
BGR,gdp_real_per_capita_lcu_quarterly_nsa_estimate,2012-Q3,quarterly,1476.2285487623665,\N,estimated,IMF_QNEA,derived_per_capita|QNEA|B1GQ|Q|NSA|XDC|Q|population=SP.POP.TOTL_interpolated,NSA,\N
BGR,gdp_real_per_capita_lcu_quarterly_nsa_estimate,2012-Q4,quarterly,1474.023328701709,\N,estimated,IMF_QNEA,derived_per_capita|QNEA|B1GQ|Q|NSA|XDC|Q|population=SP.POP.TOTL_interpolated,NSA,\N
BGR,gdp_real_per_capita_lcu_quarterly_nsa_estimate,2013-Q1,quarterly,1111.1532144637877,\N,estimated,IMF_QNEA,derived_per_capita|QNEA|B1GQ|Q|NSA|XDC|Q|population=SP.POP.TOTL_interpolated,NSA,\N
BGR,gdp_real_per_capita_lcu_quarterly_nsa_estimate,2013-Q2,quarterly,1334.4782142180911,\N,estimated,IMF_QNEA,derived_per_capita|QNEA|B1GQ|Q|NSA|XDC|Q|population=SP.POP.TOTL_interpolated,NSA,\N
BGR,gdp_real_per_capita_lcu_quarterly_nsa_estimate,2013-Q3,quarterly,1503.5145527185932,\N,estimated,IMF_QNEA,derived_per_capita|QNEA|B1GQ|Q|NSA|XDC|Q|population=SP.POP.TOTL_interpolated,NSA,\N
BGR,gdp_real_per_capita_lcu_quarterly_nsa_estimate,2013-Q4,quarterly,1518.593662626026,\N,estimated,IMF_QNEA,derived_per_capita|QNEA|B1GQ|Q|NSA|XDC|Q|population=SP.POP.TOTL_interpolated,NSA,\N
BGR,gdp_real_per_capita_lcu_quarterly_nsa_estimate,2014-Q1,quarterly,1127.711884821292,\N,estimated,IMF_QNEA,derived_per_capita|QNEA|B1GQ|Q|NSA|XDC|Q|population=SP.POP.TOTL_interpolated,NSA,\N
BGR,gdp_real_per_capita_lcu_quarterly_nsa_estimate,2014-Q2,quarterly,1368.286729352558,\N,estimated,IMF_QNEA,derived_per_capita|QNEA|B1GQ|Q|NSA|XDC|Q|population=SP.POP.TOTL_interpolated,NSA,\N
BGR,gdp_real_per_capita_lcu_quarterly_nsa_estimate,2014-Q3,quarterly,1528.9193825199986,\N,estimated,IMF_QNEA,derived_per_capita|QNEA|B1GQ|Q|NSA|XDC|Q|population=SP.POP.TOTL_interpolated,NSA,\N
BGR,gdp_real_per_capita_lcu_quarterly_nsa_estimate,2014-Q4,quarterly,1567.5674768217311,\N,estimated,IMF_QNEA,derived_per_capita|QNEA|B1GQ|Q|NSA|XDC|Q|population=SP.POP.TOTL_interpolated,NSA,\N
BIH,gdp_real_per_capita_lcu_quarterly_nsa_estimate,2010-Q1,quarterly,1508.2364560309625,\N,estimated,IMF_QNEA,derived_per_capita|QNEA|B1GQ|Q|NSA|XDC|Q|population=SP.POP.TOTL_interpolated,NSA,\N
BIH,gdp_real_per_capita_lcu_quarterly_nsa_estimate,2010-Q2,quarterly,1657.479986454703,\N,estimated,IMF_QNEA,derived_per_capita|QNEA|B1GQ|Q|NSA|XDC|Q|population=SP.POP.TOTL_interpolated,NSA,\N
BIH,gdp_real_per_capita_lcu_quarterly_nsa_estimate,2010-Q3,quarterly,1760.4616681499522,\N,estimated,IMF_QNEA,derived_per_capita|QNEA|B1GQ|Q|NSA|XDC|Q|population=SP.POP.TOTL_interpolated,NSA,\N
BIH,gdp_real_per_capita_lcu_quarterly_nsa_estimate,2010-Q4,quarterly,1730.7535993450792,\N,estimated,IMF_QNEA,derived_per_capita|QNEA|B1GQ|Q|NSA|XDC|Q|population=SP.POP.TOTL_interpolated,NSA,\N
BIH,gdp_real_per_capita_lcu_quarterly_nsa_estimate,2011-Q1,quarterly,1568.3229125863747,\N,estimated,IMF_QNEA,derived_per_capita|QNEA|B1GQ|Q|NSA|XDC|Q|population=SP.POP.TOTL_interpolated,NSA,\N
BIH,gdp_real_per_capita_lcu_quarterly_nsa_estimate,2011-Q2,quarterly,1710.3919339757574,\N,estimated,IMF_QNEA,derived_per_capita|QNEA|B1GQ|Q|NSA|XDC|Q|population=SP.POP.TOTL_interpolated,NSA,\N
BIH,gdp_real_per_capita_lcu_quarterly_nsa_estimate,2011-Q3,quarterly,1812.8530182369116,\N,estimated,IMF_QNEA,derived_per_capita|QNEA|B1GQ|Q|NSA|XDC|Q|population=SP.POP.TOTL_interpolated,NSA,\N
BIH,gdp_real_per_capita_lcu_quarterly_nsa_estimate,2011-Q4,quarterly,1754.3020398951805,\N,estimated,IMF_QNEA,derived_per_capita|QNEA|B1GQ|Q|NSA|XDC|Q|population=SP.POP.TOTL_interpolated,NSA,\N
BIH,gdp_real_per_capita_lcu_quarterly_nsa_estimate,2012-Q1,quarterly,1570.8283272590147,\N,estimated,IMF_QNEA,derived_per_capita|QNEA|B1GQ|Q|NSA|XDC|Q|population=SP.POP.TOTL_interpolated,NSA,\N
BIH,gdp_real_per_capita_lcu_quarterly_nsa_estimate,2012-Q2,quarterly,1738.2795329209537,\N,estimated,IMF_QNEA,derived_per_capita|QNEA|B1GQ|Q|NSA|XDC|Q|population=SP.POP.TOTL_interpolated,NSA,\N
BIH,gdp_real_per_capita_lcu_quarterly_nsa_estimate,2012-Q3,quarterly,1846.530886753531,\N,estimated,IMF_QNEA,derived_per_capita|QNEA|B1GQ|Q|NSA|XDC|Q|population=SP.POP.TOTL_interpolated,NSA,\N
BIH,gdp_real_per_capita_lcu_quarterly_nsa_estimate,2012-Q4,quarterly,1763.2015505576198,\N,estimated,IMF_QNEA,derived_per_capita|QNEA|B1GQ|Q|NSA|XDC|Q|population=SP.POP.TOTL_interpolated,NSA,\N
BIH,gdp_real_per_capita_lcu_quarterly_nsa_estimate,2013-Q1,quarterly,1638.8012038395802,\N,estimated,IMF_QNEA,derived_per_capita|QNEA|B1GQ|Q|NSA|XDC|Q|population=SP.POP.TOTL_interpolated,NSA,\N
BIH,gdp_real_per_capita_lcu_quarterly_nsa_estimate,2013-Q2,quarterly,1799.5376869066347,\N,estimated,IMF_QNEA,derived_per_capita|QNEA|B1GQ|Q|NSA|XDC|Q|population=SP.POP.TOTL_interpolated,NSA,\N
BIH,gdp_real_per_capita_lcu_quarterly_nsa_estimate,2013-Q3,quarterly,1901.9370865738526,\N,estimated,IMF_QNEA,derived_per_capita|QNEA|B1GQ|Q|NSA|XDC|Q|population=SP.POP.TOTL_interpolated,NSA,\N
BIH,gdp_real_per_capita_lcu_quarterly_nsa_estimate,2013-Q4,quarterly,1856.8865974237658,\N,estimated,IMF_QNEA,derived_per_capita|QNEA|B1GQ|Q|NSA|XDC|Q|population=SP.POP.TOTL_interpolated,NSA,\N
BIH,gdp_real_per_capita_lcu_quarterly_nsa_estimate,2014-Q1,quarterly,1718.0873917678093,\N,estimated,IMF_QNEA,derived_per_capita|QNEA|B1GQ|Q|NSA|XDC|Q|population=SP.POP.TOTL_interpolated,NSA,\N
BIH,gdp_real_per_capita_lcu_quarterly_nsa_estimate,2014-Q2,quarterly,1820.3890695663054,\N,estimated,IMF_QNEA,derived_per_capita|QNEA|B1GQ|Q|NSA|XDC|Q|population=SP.POP.TOTL_interpolated,NSA,\N
BIH,gdp_real_per_capita_lcu_quarterly_nsa_estimate,2014-Q3,quarterly,1932.0048091568997,\N,estimated,IMF_QNEA,derived_per_capita|QNEA|B1GQ|Q|NSA|XDC|Q|population=SP.POP.TOTL_interpolated,NSA,\N
BIH,gdp_real_per_capita_lcu_quarterly_nsa_estimate,2014-Q4,quarterly,1906.8074463498926,\N,estimated,IMF_QNEA,derived_per_capita|QNEA|B1GQ|Q|NSA|XDC|Q|population=SP.POP.TOTL_interpolated,NSA,\N
BLR,gdp_real_per_capita_lcu_quarterly_nsa_estimate,2014-Q1,quarterly,1949.0583099014389,\N,estimated,IMF_QNEA,derived_per_capita|QNEA|B1GQ|Q|NSA|XDC|Q|population=SP.POP.TOTL_interpolated,NSA,\N
BLR,gdp_real_per_capita_lcu_quarterly_nsa_estimate,2014-Q2,quarterly,2090.6508696368232,\N,estimated,IMF_QNEA,derived_per_capita|QNEA|B1GQ|Q|NSA|XDC|Q|population=SP.POP.TOTL_interpolated,NSA,\N
BLR,gdp_real_per_capita_lcu_quarterly_nsa_estimate,2014-Q3,quarterly,2288.4619253628152,\N,estimated,IMF_QNEA,derived_per_capita|QNEA|B1GQ|Q|NSA|XDC|Q|population=SP.POP.TOTL_interpolated,NSA,\N
BLR,gdp_real_per_capita_lcu_quarterly_nsa_estimate,2014-Q4,quarterly,2199.1562853223522,\N,estimated,IMF_QNEA,derived_per_capita|QNEA|B1GQ|Q|NSA|XDC|Q|population=SP.POP.TOTL_interpolated,NSA,\N
BRA,gdp_real_per_capita_lcu_quarterly_nsa_estimate,2010-Q1,quarterly,1394.1828126750424,\N,estimated,IMF_QNEA,derived_per_capita|QNEA|B1GQ|Q|NSA|XDC|Q|population=SP.POP.TOTL_interpolated,NSA,\N
BRA,gdp_real_per_capita_lcu_quarterly_nsa_estimate,2010-Q2,quarterly,1449.0479880285075,\N,estimated,IMF_QNEA,derived_per_capita|QNEA|B1GQ|Q|NSA|XDC|Q|population=SP.POP.TOTL_interpolated,NSA,\N
BRA,gdp_real_per_capita_lcu_quarterly_nsa_estimate,2010-Q3,quarterly,1489.4189181572672,\N,estimated,IMF_QNEA,derived_per_capita|QNEA|B1GQ|Q|NSA|XDC|Q|population=SP.POP.TOTL_interpolated,NSA,\N
BRA,gdp_real_per_capita_lcu_quarterly_nsa_estimate,2010-Q4,quarterly,1485.6778896762387,\N,estimated,IMF_QNEA,derived_per_capita|QNEA|B1GQ|Q|NSA|XDC|Q|population=SP.POP.TOTL_interpolated,NSA,\N
BRA,gdp_real_per_capita_lcu_quarterly_nsa_estimate,2011-Q1,quarterly,1454.5784606627828,\N,estimated,IMF_QNEA,derived_per_capita|QNEA|B1GQ|Q|NSA|XDC|Q|population=SP.POP.TOTL_interpolated,NSA,\N
BRA,gdp_real_per_capita_lcu_quarterly_nsa_estimate,2011-Q2,quarterly,1504.8131115801111,\N,estimated,IMF_QNEA,derived_per_capita|QNEA|B1GQ|Q|NSA|XDC|Q|population=SP.POP.TOTL_interpolated,NSA,\N
BRA,gdp_real_per_capita_lcu_quarterly_nsa_estimate,2011-Q3,quarterly,1529.610228943123,\N,estimated,IMF_QNEA,derived_per_capita|QNEA|B1GQ|Q|NSA|XDC|Q|population=SP.POP.TOTL_interpolated,NSA,\N
BRA,gdp_real_per_capita_lcu_quarterly_nsa_estimate,2011-Q4,quarterly,1511.4918939930037,\N,estimated,IMF_QNEA,derived_per_capita|QNEA|B1GQ|Q|NSA|XDC|Q|population=SP.POP.TOTL_interpolated,NSA,\N
BRA,gdp_real_per_capita_lcu_quarterly_nsa_estimate,2012-Q1,quarterly,1467.4407057466503,\N,estimated,IMF_QNEA,derived_per_capita|QNEA|B1GQ|Q|NSA|XDC|Q|population=SP.POP.TOTL_interpolated,NSA,\N
BRA,gdp_real_per_capita_lcu_quarterly_nsa_estimate,2012-Q2,quarterly,1507.3700295178678,\N,estimated,IMF_QNEA,derived_per_capita|QNEA|B1GQ|Q|NSA|XDC|Q|population=SP.POP.TOTL_interpolated,NSA,\N
BRA,gdp_real_per_capita_lcu_quarterly_nsa_estimate,2012-Q3,quarterly,1554.9579965021126,\N,estimated,IMF_QNEA,derived_per_capita|QNEA|B1GQ|Q|NSA|XDC|Q|population=SP.POP.TOTL_interpolated,NSA,\N
BRA,gdp_real_per_capita_lcu_quarterly_nsa_estimate,2012-Q4,quarterly,1536.5045309102345,\N,estimated,IMF_QNEA,derived_per_capita|QNEA|B1GQ|Q|NSA|XDC|Q|population=SP.POP.TOTL_interpolated,NSA,\N
BRA,gdp_real_per_capita_lcu_quarterly_nsa_estimate,2013-Q1,quarterly,1495.1969382407508,\N,estimated,IMF_QNEA,derived_per_capita|QNEA|B1GQ|Q|NSA|XDC|Q|population=SP.POP.TOTL_interpolated,NSA,\N
BRA,gdp_real_per_capita_lcu_quarterly_nsa_estimate,2013-Q2,quarterly,1555.3347337524299,\N,estimated,IMF_QNEA,derived_per_capita|QNEA|B1GQ|Q|NSA|XDC|Q|population=SP.POP.TOTL_interpolated,NSA,\N
BRA,gdp_real_per_capita_lcu_quarterly_nsa_estimate,2013-Q3,quarterly,1584.9685084598898,\N,estimated,IMF_QNEA,derived_per_capita|QNEA|B1GQ|Q|NSA|XDC|Q|population=SP.POP.TOTL_interpolated,NSA,\N
BRA,gdp_real_per_capita_lcu_quarterly_nsa_estimate,2013-Q4,quarterly,1562.6670528815955,\N,estimated,IMF_QNEA,derived_per_capita|QNEA|B1GQ|Q|NSA|XDC|Q|population=SP.POP.TOTL_interpolated,NSA,\N
BRA,gdp_real_per_capita_lcu_quarterly_nsa_estimate,2014-Q1,quarterly,1534.622826300964,\N,estimated,IMF_QNEA,derived_per_capita|QNEA|B1GQ|Q|NSA|XDC|Q|population=SP.POP.TOTL_interpolated,NSA,\N
BRA,gdp_real_per_capita_lcu_quarterly_nsa_estimate,2014-Q2,quarterly,1536.120349157934,\N,estimated,IMF_QNEA,derived_per_capita|QNEA|B1GQ|Q|NSA|XDC|Q|population=SP.POP.TOTL_interpolated,NSA,\N
BRA,gdp_real_per_capita_lcu_quarterly_nsa_estimate,2014-Q3,quarterly,1562.225704829569,\N,estimated,IMF_QNEA,derived_per_capita|QNEA|B1GQ|Q|NSA|XDC|Q|population=SP.POP.TOTL_interpolated,NSA,\N
BRA,gdp_real_per_capita_lcu_quarterly_nsa_estimate,2014-Q4,quarterly,1546.660530941702,\N,estimated,IMF_QNEA,derived_per_capita|QNEA|B1GQ|Q|NSA|XDC|Q|population=SP.POP.TOTL_interpolated,NSA,\N
BRN,gdp_real_per_capita_lcu_quarterly_nsa_estimate,2014-Q3,quarterly,10932.168787037499,\N,estimated,IMF_QNEA,derived_per_capita|QNEA|B1GQ|Q|NSA|XDC|Q|population=SP.POP.TOTL_interpolated,NSA,\N
BRN,gdp_real_per_capita_lcu_quarterly_nsa_estimate,2014-Q4,quarterly,11147.013661651452,\N,estimated,IMF_QNEA,derived_per_capita|QNEA|B1GQ|Q|NSA|XDC|Q|population=SP.POP.TOTL_interpolated,NSA,\N
BWA,gdp_real_per_capita_lcu_quarterly_nsa_estimate,2010-Q1,quarterly,15018.980823398511,\N,estimated,IMF_QNEA,derived_per_capita|QNEA|B1GQ|Q|NSA|XDC|Q|population=SP.POP.TOTL_interpolated,NSA,\N
BWA,gdp_real_per_capita_lcu_quarterly_nsa_estimate,2010-Q2,quarterly,15871.694611472027,\N,estimated,IMF_QNEA,derived_per_capita|QNEA|B1GQ|Q|NSA|XDC|Q|population=SP.POP.TOTL_interpolated,NSA,\N
BWA,gdp_real_per_capita_lcu_quarterly_nsa_estimate,2010-Q3,quarterly,16348.34336513838,\N,estimated,IMF_QNEA,derived_per_capita|QNEA|B1GQ|Q|NSA|XDC|Q|population=SP.POP.TOTL_interpolated,NSA,\N
BWA,gdp_real_per_capita_lcu_quarterly_nsa_estimate,2010-Q4,quarterly,16060.427523702441,\N,estimated,IMF_QNEA,derived_per_capita|QNEA|B1GQ|Q|NSA|XDC|Q|population=SP.POP.TOTL_interpolated,NSA,\N
BWA,gdp_real_per_capita_lcu_quarterly_nsa_estimate,2011-Q1,quarterly,16701.846695302123,\N,estimated,IMF_QNEA,derived_per_capita|QNEA|B1GQ|Q|NSA|XDC|Q|population=SP.POP.TOTL_interpolated,NSA,\N
BWA,gdp_real_per_capita_lcu_quarterly_nsa_estimate,2011-Q2,quarterly,16218.118080393351,\N,estimated,IMF_QNEA,derived_per_capita|QNEA|B1GQ|Q|NSA|XDC|Q|population=SP.POP.TOTL_interpolated,NSA,\N
BWA,gdp_real_per_capita_lcu_quarterly_nsa_estimate,2011-Q3,quarterly,17280.055582447738,\N,estimated,IMF_QNEA,derived_per_capita|QNEA|B1GQ|Q|NSA|XDC|Q|population=SP.POP.TOTL_interpolated,NSA,\N
BWA,gdp_real_per_capita_lcu_quarterly_nsa_estimate,2011-Q4,quarterly,16133.939397816615,\N,estimated,IMF_QNEA,derived_per_capita|QNEA|B1GQ|Q|NSA|XDC|Q|population=SP.POP.TOTL_interpolated,NSA,\N
BWA,gdp_real_per_capita_lcu_quarterly_nsa_estimate,2012-Q1,quarterly,16734.024171488687,\N,estimated,IMF_QNEA,derived_per_capita|QNEA|B1GQ|Q|NSA|XDC|Q|population=SP.POP.TOTL_interpolated,NSA,\N
BWA,gdp_real_per_capita_lcu_quarterly_nsa_estimate,2012-Q2,quarterly,16142.28497955451,\N,estimated,IMF_QNEA,derived_per_capita|QNEA|B1GQ|Q|NSA|XDC|Q|population=SP.POP.TOTL_interpolated,NSA,\N
BWA,gdp_real_per_capita_lcu_quarterly_nsa_estimate,2012-Q3,quarterly,15688.759736171225,\N,estimated,IMF_QNEA,derived_per_capita|QNEA|B1GQ|Q|NSA|XDC|Q|population=SP.POP.TOTL_interpolated,NSA,\N
BWA,gdp_real_per_capita_lcu_quarterly_nsa_estimate,2012-Q4,quarterly,16545.2883917785,\N,estimated,IMF_QNEA,derived_per_capita|QNEA|B1GQ|Q|NSA|XDC|Q|population=SP.POP.TOTL_interpolated,NSA,\N
BWA,gdp_real_per_capita_lcu_quarterly_nsa_estimate,2013-Q1,quarterly,17371.35649347809,\N,estimated,IMF_QNEA,derived_per_capita|QNEA|B1GQ|Q|NSA|XDC|Q|population=SP.POP.TOTL_interpolated,NSA,\N
BWA,gdp_real_per_capita_lcu_quarterly_nsa_estimate,2013-Q2,quarterly,18108.007426587315,\N,estimated,IMF_QNEA,derived_per_capita|QNEA|B1GQ|Q|NSA|XDC|Q|population=SP.POP.TOTL_interpolated,NSA,\N
BWA,gdp_real_per_capita_lcu_quarterly_nsa_estimate,2013-Q3,quarterly,17301.955317788976,\N,estimated,IMF_QNEA,derived_per_capita|QNEA|B1GQ|Q|NSA|XDC|Q|population=SP.POP.TOTL_interpolated,NSA,\N
BWA,gdp_real_per_capita_lcu_quarterly_nsa_estimate,2013-Q4,quarterly,18457.84578362528,\N,estimated,IMF_QNEA,derived_per_capita|QNEA|B1GQ|Q|NSA|XDC|Q|population=SP.POP.TOTL_interpolated,NSA,\N
BWA,gdp_real_per_capita_lcu_quarterly_nsa_estimate,2014-Q1,quarterly,18418.18659659561,\N,estimated,IMF_QNEA,derived_per_capita|QNEA|B1GQ|Q|NSA|XDC|Q|population=SP.POP.TOTL_interpolated,NSA,\N
BWA,gdp_real_per_capita_lcu_quarterly_nsa_estimate,2014-Q2,quarterly,18941.3088436488,\N,estimated,IMF_QNEA,derived_per_capita|QNEA|B1GQ|Q|NSA|XDC|Q|population=SP.POP.TOTL_interpolated,NSA,\N
BWA,gdp_real_per_capita_lcu_quarterly_nsa_estimate,2014-Q3,quarterly,19085.89065419256,\N,estimated,IMF_QNEA,derived_per_capita|QNEA|B1GQ|Q|NSA|XDC|Q|population=SP.POP.TOTL_interpolated,NSA,\N
BWA,gdp_real_per_capita_lcu_quarterly_nsa_estimate,2014-Q4,quarterly,18563.850230672066,\N,estimated,IMF_QNEA,derived_per_capita|QNEA|B1GQ|Q|NSA|XDC|Q|population=SP.POP.TOTL_interpolated,NSA,\N
CHE,gdp_real_per_capita_lcu_quarterly_nsa_estimate,2010-Q1,quarterly,19901.55562244413,\N,estimated,IMF_QNEA,derived_per_capita|QNEA|B1GQ|Q|NSA|XDC|Q|population=SP.POP.TOTL_interpolated,NSA,\N
CHE,gdp_real_per_capita_lcu_quarterly_nsa_estimate,2010-Q2,quarterly,20261.656617525452,\N,estimated,IMF_QNEA,derived_per_capita|QNEA|B1GQ|Q|NSA|XDC|Q|population=SP.POP.TOTL_interpolated,NSA,\N
CHE,gdp_real_per_capita_lcu_quarterly_nsa_estimate,2010-Q3,quarterly,20272.24742890512,\N,estimated,IMF_QNEA,derived_per_capita|QNEA|B1GQ|Q|NSA|XDC|Q|population=SP.POP.TOTL_interpolated,NSA,\N
CHE,gdp_real_per_capita_lcu_quarterly_nsa_estimate,2010-Q4,quarterly,20853.2298563258,\N,estimated,IMF_QNEA,derived_per_capita|QNEA|B1GQ|Q|NSA|XDC|Q|population=SP.POP.TOTL_interpolated,NSA,\N
CHE,gdp_real_per_capita_lcu_quarterly_nsa_estimate,2011-Q1,quarterly,20138.943496569467,\N,estimated,IMF_QNEA,derived_per_capita|QNEA|B1GQ|Q|NSA|XDC|Q|population=SP.POP.TOTL_interpolated,NSA,\N
CHE,gdp_real_per_capita_lcu_quarterly_nsa_estimate,2011-Q2,quarterly,20452.849382508728,\N,estimated,IMF_QNEA,derived_per_capita|QNEA|B1GQ|Q|NSA|XDC|Q|population=SP.POP.TOTL_interpolated,NSA,\N
CHE,gdp_real_per_capita_lcu_quarterly_nsa_estimate,2011-Q3,quarterly,20224.198007909516,\N,estimated,IMF_QNEA,derived_per_capita|QNEA|B1GQ|Q|NSA|XDC|Q|population=SP.POP.TOTL_interpolated,NSA,\N
CHE,gdp_real_per_capita_lcu_quarterly_nsa_estimate,2011-Q4,quarterly,20719.56578742327,\N,estimated,IMF_QNEA,derived_per_capita|QNEA|B1GQ|Q|NSA|XDC|Q|population=SP.POP.TOTL_interpolated,NSA,\N
CHE,gdp_real_per_capita_lcu_quarterly_nsa_estimate,2012-Q1,quarterly,20093.935555479635,\N,estimated,IMF_QNEA,derived_per_capita|QNEA|B1GQ|Q|NSA|XDC|Q|population=SP.POP.TOTL_interpolated,NSA,\N
CHE,gdp_real_per_capita_lcu_quarterly_nsa_estimate,2012-Q2,quarterly,20321.067840127846,\N,estimated,IMF_QNEA,derived_per_capita|QNEA|B1GQ|Q|NSA|XDC|Q|population=SP.POP.TOTL_interpolated,NSA,\N
CHE,gdp_real_per_capita_lcu_quarterly_nsa_estimate,2012-Q3,quarterly,20329.429460382587,\N,estimated,IMF_QNEA,derived_per_capita|QNEA|B1GQ|Q|NSA|XDC|Q|population=SP.POP.TOTL_interpolated,NSA,\N
CHE,gdp_real_per_capita_lcu_quarterly_nsa_estimate,2012-Q4,quarterly,20821.71005196682,\N,estimated,IMF_QNEA,derived_per_capita|QNEA|B1GQ|Q|NSA|XDC|Q|population=SP.POP.TOTL_interpolated,NSA,\N
CHE,gdp_real_per_capita_lcu_quarterly_nsa_estimate,2013-Q1,quarterly,20095.612790949242,\N,estimated,IMF_QNEA,derived_per_capita|QNEA|B1GQ|Q|NSA|XDC|Q|population=SP.POP.TOTL_interpolated,NSA,\N
CHE,gdp_real_per_capita_lcu_quarterly_nsa_estimate,2013-Q2,quarterly,20512.17621815806,\N,estimated,IMF_QNEA,derived_per_capita|QNEA|B1GQ|Q|NSA|XDC|Q|population=SP.POP.TOTL_interpolated,NSA,\N
CHE,gdp_real_per_capita_lcu_quarterly_nsa_estimate,2013-Q3,quarterly,20506.692269194446,\N,estimated,IMF_QNEA,derived_per_capita|QNEA|B1GQ|Q|NSA|XDC|Q|population=SP.POP.TOTL_interpolated,NSA,\N
CHE,gdp_real_per_capita_lcu_quarterly_nsa_estimate,2013-Q4,quarterly,21000.34934026913,\N,estimated,IMF_QNEA,derived_per_capita|QNEA|B1GQ|Q|NSA|XDC|Q|population=SP.POP.TOTL_interpolated,NSA,\N
CHE,gdp_real_per_capita_lcu_quarterly_nsa_estimate,2014-Q1,quarterly,20351.981342709663,\N,estimated,IMF_QNEA,derived_per_capita|QNEA|B1GQ|Q|NSA|XDC|Q|population=SP.POP.TOTL_interpolated,NSA,\N
CHE,gdp_real_per_capita_lcu_quarterly_nsa_estimate,2014-Q2,quarterly,20737.117067444036,\N,estimated,IMF_QNEA,derived_per_capita|QNEA|B1GQ|Q|NSA|XDC|Q|population=SP.POP.TOTL_interpolated,NSA,\N
CHE,gdp_real_per_capita_lcu_quarterly_nsa_estimate,2014-Q3,quarterly,20738.147395250082,\N,estimated,IMF_QNEA,derived_per_capita|QNEA|B1GQ|Q|NSA|XDC|Q|population=SP.POP.TOTL_interpolated,NSA,\N
CHE,gdp_real_per_capita_lcu_quarterly_nsa_estimate,2014-Q4,quarterly,21370.383384954464,\N,estimated,IMF_QNEA,derived_per_capita|QNEA|B1GQ|Q|NSA|XDC|Q|population=SP.POP.TOTL_interpolated,NSA,\N
CHL,gdp_real_per_capita_lcu_quarterly_nsa_estimate,2010-Q1,quarterly,2010295.9391115794,\N,estimated,IMF_QNEA,derived_per_capita|QNEA|B1GQ|Q|NSA|XDC|Q|population=SP.POP.TOTL_interpolated,NSA,\N
CHL,gdp_real_per_capita_lcu_quarterly_nsa_estimate,2010-Q2,quarterly,2127717.423383347,\N,estimated,IMF_QNEA,derived_per_capita|QNEA|B1GQ|Q|NSA|XDC|Q|population=SP.POP.TOTL_interpolated,NSA,\N
CHL,gdp_real_per_capita_lcu_quarterly_nsa_estimate,2010-Q3,quarterly,2078120.9268885837,\N,estimated,IMF_QNEA,derived_per_capita|QNEA|B1GQ|Q|NSA|XDC|Q|population=SP.POP.TOTL_interpolated,NSA,\N
CHL,gdp_real_per_capita_lcu_quarterly_nsa_estimate,2010-Q4,quarterly,2269780.936839423,\N,estimated,IMF_QNEA,derived_per_capita|QNEA|B1GQ|Q|NSA|XDC|Q|population=SP.POP.TOTL_interpolated,NSA,\N
CHL,gdp_real_per_capita_lcu_quarterly_nsa_estimate,2011-Q1,quarterly,2164917.074533024,\N,estimated,IMF_QNEA,derived_per_capita|QNEA|B1GQ|Q|NSA|XDC|Q|population=SP.POP.TOTL_interpolated,NSA,\N
CHL,gdp_real_per_capita_lcu_quarterly_nsa_estimate,2011-Q2,quarterly,2238599.524007413,\N,estimated,IMF_QNEA,derived_per_capita|QNEA|B1GQ|Q|NSA|XDC|Q|population=SP.POP.TOTL_interpolated,NSA,\N
CHL,gdp_real_per_capita_lcu_quarterly_nsa_estimate,2011-Q3,quarterly,2150453.1941301017,\N,estimated,IMF_QNEA,derived_per_capita|QNEA|B1GQ|Q|NSA|XDC|Q|population=SP.POP.TOTL_interpolated,NSA,\N
CHL,gdp_real_per_capita_lcu_quarterly_nsa_estimate,2011-Q4,quarterly,2372017.2803443144,\N,estimated,IMF_QNEA,derived_per_capita|QNEA|B1GQ|Q|NSA|XDC|Q|population=SP.POP.TOTL_interpolated,NSA,\N
CHL,gdp_real_per_capita_lcu_quarterly_nsa_estimate,2012-Q1,quarterly,2273119.2462343443,\N,estimated,IMF_QNEA,derived_per_capita|QNEA|B1GQ|Q|NSA|XDC|Q|population=SP.POP.TOTL_interpolated,NSA,\N
CHL,gdp_real_per_capita_lcu_quarterly_nsa_estimate,2012-Q2,quarterly,2361189.924547194,\N,estimated,IMF_QNEA,derived_per_capita|QNEA|B1GQ|Q|NSA|XDC|Q|population=SP.POP.TOTL_interpolated,NSA,\N
CHL,gdp_real_per_capita_lcu_quarterly_nsa_estimate,2012-Q3,quarterly,2271118.455898058,\N,estimated,IMF_QNEA,derived_per_capita|QNEA|B1GQ|Q|NSA|XDC|Q|population=SP.POP.TOTL_interpolated,NSA,\N
CHL,gdp_real_per_capita_lcu_quarterly_nsa_estimate,2012-Q4,quarterly,2479299.227829409,\N,estimated,IMF_QNEA,derived_per_capita|QNEA|B1GQ|Q|NSA|XDC|Q|population=SP.POP.TOTL_interpolated,NSA,\N
CHL,gdp_real_per_capita_lcu_quarterly_nsa_estimate,2013-Q1,quarterly,2344596.021344046,\N,estimated,IMF_QNEA,derived_per_capita|QNEA|B1GQ|Q|NSA|XDC|Q|population=SP.POP.TOTL_interpolated,NSA,\N
CHL,gdp_real_per_capita_lcu_quarterly_nsa_estimate,2013-Q2,quarterly,2419082.2040060367,\N,estimated,IMF_QNEA,derived_per_capita|QNEA|B1GQ|Q|NSA|XDC|Q|population=SP.POP.TOTL_interpolated,NSA,\N
CHL,gdp_real_per_capita_lcu_quarterly_nsa_estimate,2013-Q3,quarterly,2315333.8918909575,\N,estimated,IMF_QNEA,derived_per_capita|QNEA|B1GQ|Q|NSA|XDC|Q|population=SP.POP.TOTL_interpolated,NSA,\N
CHL,gdp_real_per_capita_lcu_quarterly_nsa_estimate,2013-Q4,quarterly,2523703.633268784,\N,estimated,IMF_QNEA,derived_per_capita|QNEA|B1GQ|Q|NSA|XDC|Q|population=SP.POP.TOTL_interpolated,NSA,\N
CHL,gdp_real_per_capita_lcu_quarterly_nsa_estimate,2014-Q1,quarterly,2378708.2401634874,\N,estimated,IMF_QNEA,derived_per_capita|QNEA|B1GQ|Q|NSA|XDC|Q|population=SP.POP.TOTL_interpolated,NSA,\N
CHL,gdp_real_per_capita_lcu_quarterly_nsa_estimate,2014-Q2,quarterly,2436047.2104198304,\N,estimated,IMF_QNEA,derived_per_capita|QNEA|B1GQ|Q|NSA|XDC|Q|population=SP.POP.TOTL_interpolated,NSA,\N
CHL,gdp_real_per_capita_lcu_quarterly_nsa_estimate,2014-Q3,quarterly,2322215.811807083,\N,estimated,IMF_QNEA,derived_per_capita|QNEA|B1GQ|Q|NSA|XDC|Q|population=SP.POP.TOTL_interpolated,NSA,\N
CHL,gdp_real_per_capita_lcu_quarterly_nsa_estimate,2014-Q4,quarterly,2541209.828120464,\N,estimated,IMF_QNEA,derived_per_capita|QNEA|B1GQ|Q|NSA|XDC|Q|population=SP.POP.TOTL_interpolated,NSA,\N
CHN,gdp_real_per_capita_lcu_quarterly_nsa_estimate,2011-Q1,quarterly,9550.974019140851,\N,estimated,IMF_QNEA,derived_per_capita|QNEA|B1GQ|Q|NSA|XDC|Q|population=SP.POP.TOTL_interpolated,NSA,\N
CHN,gdp_real_per_capita_lcu_quarterly_nsa_estimate,2011-Q2,quarterly,10638.941313779009,\N,estimated,IMF_QNEA,derived_per_capita|QNEA|B1GQ|Q|NSA|XDC|Q|population=SP.POP.TOTL_interpolated,NSA,\N
CHN,gdp_real_per_capita_lcu_quarterly_nsa_estimate,2011-Q3,quarterly,11103.903370975357,\N,estimated,IMF_QNEA,derived_per_capita|QNEA|B1GQ|Q|NSA|XDC|Q|population=SP.POP.TOTL_interpolated,NSA,\N
CHN,gdp_real_per_capita_lcu_quarterly_nsa_estimate,2011-Q4,quarterly,12221.084944073113,\N,estimated,IMF_QNEA,derived_per_capita|QNEA|B1GQ|Q|NSA|XDC|Q|population=SP.POP.TOTL_interpolated,NSA,\N
CHN,gdp_real_per_capita_lcu_quarterly_nsa_estimate,2012-Q1,quarterly,10259.036364334625,\N,estimated,IMF_QNEA,derived_per_capita|QNEA|B1GQ|Q|NSA|XDC|Q|population=SP.POP.TOTL_interpolated,NSA,\N
CHN,gdp_real_per_capita_lcu_quarterly_nsa_estimate,2012-Q2,quarterly,11378.167088785347,\N,estimated,IMF_QNEA,derived_per_capita|QNEA|B1GQ|Q|NSA|XDC|Q|population=SP.POP.TOTL_interpolated,NSA,\N
CHN,gdp_real_per_capita_lcu_quarterly_nsa_estimate,2012-Q3,quarterly,11860.831740076384,\N,estimated,IMF_QNEA,derived_per_capita|QNEA|B1GQ|Q|NSA|XDC|Q|population=SP.POP.TOTL_interpolated,NSA,\N
CHN,gdp_real_per_capita_lcu_quarterly_nsa_estimate,2012-Q4,quarterly,13126.569318467462,\N,estimated,IMF_QNEA,derived_per_capita|QNEA|B1GQ|Q|NSA|XDC|Q|population=SP.POP.TOTL_interpolated,NSA,\N
CHN,gdp_real_per_capita_lcu_quarterly_nsa_estimate,2013-Q1,quarterly,10996.433604166648,\N,estimated,IMF_QNEA,derived_per_capita|QNEA|B1GQ|Q|NSA|XDC|Q|population=SP.POP.TOTL_interpolated,NSA,\N
CHN,gdp_real_per_capita_lcu_quarterly_nsa_estimate,2013-Q2,quarterly,12159.241176594747,\N,estimated,IMF_QNEA,derived_per_capita|QNEA|B1GQ|Q|NSA|XDC|Q|population=SP.POP.TOTL_interpolated,NSA,\N
CHN,gdp_real_per_capita_lcu_quarterly_nsa_estimate,2013-Q3,quarterly,12718.733579243835,\N,estimated,IMF_QNEA,derived_per_capita|QNEA|B1GQ|Q|NSA|XDC|Q|population=SP.POP.TOTL_interpolated,NSA,\N
CHN,gdp_real_per_capita_lcu_quarterly_nsa_estimate,2013-Q4,quarterly,14045.054840108382,\N,estimated,IMF_QNEA,derived_per_capita|QNEA|B1GQ|Q|NSA|XDC|Q|population=SP.POP.TOTL_interpolated,NSA,\N
CHN,gdp_real_per_capita_lcu_quarterly_nsa_estimate,2014-Q1,quarterly,11754.092621988086,\N,estimated,IMF_QNEA,derived_per_capita|QNEA|B1GQ|Q|NSA|XDC|Q|population=SP.POP.TOTL_interpolated,NSA,\N
CHN,gdp_real_per_capita_lcu_quarterly_nsa_estimate,2014-Q2,quarterly,13007.46573581148,\N,estimated,IMF_QNEA,derived_per_capita|QNEA|B1GQ|Q|NSA|XDC|Q|population=SP.POP.TOTL_interpolated,NSA,\N
CHN,gdp_real_per_capita_lcu_quarterly_nsa_estimate,2014-Q3,quarterly,13559.536296490538,\N,estimated,IMF_QNEA,derived_per_capita|QNEA|B1GQ|Q|NSA|XDC|Q|population=SP.POP.TOTL_interpolated,NSA,\N
CHN,gdp_real_per_capita_lcu_quarterly_nsa_estimate,2014-Q4,quarterly,14987.33260113757,\N,estimated,IMF_QNEA,derived_per_capita|QNEA|B1GQ|Q|NSA|XDC|Q|population=SP.POP.TOTL_interpolated,NSA,\N
COL,gdp_real_per_capita_lcu_quarterly_nsa_estimate,2010-Q1,quarterly,3373693.206733037,\N,estimated,IMF_QNEA,derived_per_capita|QNEA|B1GQ|Q|NSA|XDC|Q|population=SP.POP.TOTL_interpolated,NSA,\N
COL,gdp_real_per_capita_lcu_quarterly_nsa_estimate,2010-Q2,quarterly,3488827.7106928253,\N,estimated,IMF_QNEA,derived_per_capita|QNEA|B1GQ|Q|NSA|XDC|Q|population=SP.POP.TOTL_interpolated,NSA,\N
COL,gdp_real_per_capita_lcu_quarterly_nsa_estimate,2010-Q3,quarterly,3582921.7810572945,\N,estimated,IMF_QNEA,derived_per_capita|QNEA|B1GQ|Q|NSA|XDC|Q|population=SP.POP.TOTL_interpolated,NSA,\N
COL,gdp_real_per_capita_lcu_quarterly_nsa_estimate,2010-Q4,quarterly,3849722.729960288,\N,estimated,IMF_QNEA,derived_per_capita|QNEA|B1GQ|Q|NSA|XDC|Q|population=SP.POP.TOTL_interpolated,NSA,\N
COL,gdp_real_per_capita_lcu_quarterly_nsa_estimate,2011-Q1,quarterly,3564148.501699777,\N,estimated,IMF_QNEA,derived_per_capita|QNEA|B1GQ|Q|NSA|XDC|Q|population=SP.POP.TOTL_interpolated,NSA,\N
COL,gdp_real_per_capita_lcu_quarterly_nsa_estimate,2011-Q2,quarterly,3685733.4366788985,\N,estimated,IMF_QNEA,derived_per_capita|QNEA|B1GQ|Q|NSA|XDC|Q|population=SP.POP.TOTL_interpolated,NSA,\N
COL,gdp_real_per_capita_lcu_quarterly_nsa_estimate,2011-Q3,quarterly,3825748.242557753,\N,estimated,IMF_QNEA,derived_per_capita|QNEA|B1GQ|Q|NSA|XDC|Q|population=SP.POP.TOTL_interpolated,NSA,\N
COL,gdp_real_per_capita_lcu_quarterly_nsa_estimate,2011-Q4,quarterly,4050079.74620679,\N,estimated,IMF_QNEA,derived_per_capita|QNEA|B1GQ|Q|NSA|XDC|Q|population=SP.POP.TOTL_interpolated,NSA,\N
COL,gdp_real_per_capita_lcu_quarterly_nsa_estimate,2012-Q1,quarterly,3748086.550023184,\N,estimated,IMF_QNEA,derived_per_capita|QNEA|B1GQ|Q|NSA|XDC|Q|population=SP.POP.TOTL_interpolated,NSA,\N
COL,gdp_real_per_capita_lcu_quarterly_nsa_estimate,2012-Q2,quarterly,3823652.709728777,\N,estimated,IMF_QNEA,derived_per_capita|QNEA|B1GQ|Q|NSA|XDC|Q|population=SP.POP.TOTL_interpolated,NSA,\N
COL,gdp_real_per_capita_lcu_quarterly_nsa_estimate,2012-Q3,quarterly,3871541.5423458694,\N,estimated,IMF_QNEA,derived_per_capita|QNEA|B1GQ|Q|NSA|XDC|Q|population=SP.POP.TOTL_interpolated,NSA,\N
COL,gdp_real_per_capita_lcu_quarterly_nsa_estimate,2012-Q4,quarterly,4117865.95284758,\N,estimated,IMF_QNEA,derived_per_capita|QNEA|B1GQ|Q|NSA|XDC|Q|population=SP.POP.TOTL_interpolated,NSA,\N
COL,gdp_real_per_capita_lcu_quarterly_nsa_estimate,2013-Q1,quarterly,3795689.757705345,\N,estimated,IMF_QNEA,derived_per_capita|QNEA|B1GQ|Q|NSA|XDC|Q|population=SP.POP.TOTL_interpolated,NSA,\N
COL,gdp_real_per_capita_lcu_quarterly_nsa_estimate,2013-Q2,quarterly,3992389.549304143,\N,estimated,IMF_QNEA,derived_per_capita|QNEA|B1GQ|Q|NSA|XDC|Q|population=SP.POP.TOTL_interpolated,NSA,\N
COL,gdp_real_per_capita_lcu_quarterly_nsa_estimate,2013-Q3,quarterly,4076556.5875242655,\N,estimated,IMF_QNEA,derived_per_capita|QNEA|B1GQ|Q|NSA|XDC|Q|population=SP.POP.TOTL_interpolated,NSA,\N
COL,gdp_real_per_capita_lcu_quarterly_nsa_estimate,2013-Q4,quarterly,4340490.548134064,\N,estimated,IMF_QNEA,derived_per_capita|QNEA|B1GQ|Q|NSA|XDC|Q|population=SP.POP.TOTL_interpolated,NSA,\N
COL,gdp_real_per_capita_lcu_quarterly_nsa_estimate,2014-Q1,quarterly,4009903.444336259,\N,estimated,IMF_QNEA,derived_per_capita|QNEA|B1GQ|Q|NSA|XDC|Q|population=SP.POP.TOTL_interpolated,NSA,\N
COL,gdp_real_per_capita_lcu_quarterly_nsa_estimate,2014-Q2,quarterly,4092231.102876691,\N,estimated,IMF_QNEA,derived_per_capita|QNEA|B1GQ|Q|NSA|XDC|Q|population=SP.POP.TOTL_interpolated,NSA,\N
COL,gdp_real_per_capita_lcu_quarterly_nsa_estimate,2014-Q3,quarterly,4217496.096826405,\N,estimated,IMF_QNEA,derived_per_capita|QNEA|B1GQ|Q|NSA|XDC|Q|population=SP.POP.TOTL_interpolated,NSA,\N
COL,gdp_real_per_capita_lcu_quarterly_nsa_estimate,2014-Q4,quarterly,4463906.512431812,\N,estimated,IMF_QNEA,derived_per_capita|QNEA|B1GQ|Q|NSA|XDC|Q|population=SP.POP.TOTL_interpolated,NSA,\N
CPV,gdp_real_per_capita_lcu_quarterly_nsa_estimate,2010-Q1,quarterly,78020.99250510085,\N,estimated,IMF_QNEA,derived_per_capita|QNEA|B1GQ|Q|NSA|XDC|Q|population=SP.POP.TOTL_interpolated,NSA,\N
CPV,gdp_real_per_capita_lcu_quarterly_nsa_estimate,2010-Q2,quarterly,79829.86792067676,\N,estimated,IMF_QNEA,derived_per_capita|QNEA|B1GQ|Q|NSA|XDC|Q|population=SP.POP.TOTL_interpolated,NSA,\N
CPV,gdp_real_per_capita_lcu_quarterly_nsa_estimate,2010-Q3,quarterly,78990.36063729583,\N,estimated,IMF_QNEA,derived_per_capita|QNEA|B1GQ|Q|NSA|XDC|Q|population=SP.POP.TOTL_interpolated,NSA,\N
CPV,gdp_real_per_capita_lcu_quarterly_nsa_estimate,2010-Q4,quarterly,80807.3031804519,\N,estimated,IMF_QNEA,derived_per_capita|QNEA|B1GQ|Q|NSA|XDC|Q|population=SP.POP.TOTL_interpolated,NSA,\N
CPV,gdp_real_per_capita_lcu_quarterly_nsa_estimate,2011-Q1,quarterly,77991.88207385987,\N,estimated,IMF_QNEA,derived_per_capita|QNEA|B1GQ|Q|NSA|XDC|Q|population=SP.POP.TOTL_interpolated,NSA,\N
CPV,gdp_real_per_capita_lcu_quarterly_nsa_estimate,2011-Q2,quarterly,80761.15942168921,\N,estimated,IMF_QNEA,derived_per_capita|QNEA|B1GQ|Q|NSA|XDC|Q|population=SP.POP.TOTL_interpolated,NSA,\N
CPV,gdp_real_per_capita_lcu_quarterly_nsa_estimate,2011-Q3,quarterly,82737.33455446428,\N,estimated,IMF_QNEA,derived_per_capita|QNEA|B1GQ|Q|NSA|XDC|Q|population=SP.POP.TOTL_interpolated,NSA,\N
CPV,gdp_real_per_capita_lcu_quarterly_nsa_estimate,2011-Q4,quarterly,87481.9494869,\N,estimated,IMF_QNEA,derived_per_capita|QNEA|B1GQ|Q|NSA|XDC|Q|population=SP.POP.TOTL_interpolated,NSA,\N
CPV,gdp_real_per_capita_lcu_quarterly_nsa_estimate,2012-Q1,quarterly,81035.73121950663,\N,estimated,IMF_QNEA,derived_per_capita|QNEA|B1GQ|Q|NSA|XDC|Q|population=SP.POP.TOTL_interpolated,NSA,\N
CPV,gdp_real_per_capita_lcu_quarterly_nsa_estimate,2012-Q2,quarterly,81431.62367970987,\N,estimated,IMF_QNEA,derived_per_capita|QNEA|B1GQ|Q|NSA|XDC|Q|population=SP.POP.TOTL_interpolated,NSA,\N
CPV,gdp_real_per_capita_lcu_quarterly_nsa_estimate,2012-Q3,quarterly,82243.82872138167,\N,estimated,IMF_QNEA,derived_per_capita|QNEA|B1GQ|Q|NSA|XDC|Q|population=SP.POP.TOTL_interpolated,NSA,\N
CPV,gdp_real_per_capita_lcu_quarterly_nsa_estimate,2012-Q4,quarterly,87427.71621770949,\N,estimated,IMF_QNEA,derived_per_capita|QNEA|B1GQ|Q|NSA|XDC|Q|population=SP.POP.TOTL_interpolated,NSA,\N
CPV,gdp_real_per_capita_lcu_quarterly_nsa_estimate,2013-Q1,quarterly,83514.02432869282,\N,estimated,IMF_QNEA,derived_per_capita|QNEA|B1GQ|Q|NSA|XDC|Q|population=SP.POP.TOTL_interpolated,NSA,\N
CPV,gdp_real_per_capita_lcu_quarterly_nsa_estimate,2013-Q2,quarterly,81381.23816141862,\N,estimated,IMF_QNEA,derived_per_capita|QNEA|B1GQ|Q|NSA|XDC|Q|population=SP.POP.TOTL_interpolated,NSA,\N
CPV,gdp_real_per_capita_lcu_quarterly_nsa_estimate,2013-Q3,quarterly,82097.69303671182,\N,estimated,IMF_QNEA,derived_per_capita|QNEA|B1GQ|Q|NSA|XDC|Q|population=SP.POP.TOTL_interpolated,NSA,\N
CPV,gdp_real_per_capita_lcu_quarterly_nsa_estimate,2013-Q4,quarterly,87065.10083624428,\N,estimated,IMF_QNEA,derived_per_capita|QNEA|B1GQ|Q|NSA|XDC|Q|population=SP.POP.TOTL_interpolated,NSA,\N
CPV,gdp_real_per_capita_lcu_quarterly_nsa_estimate,2014-Q1,quarterly,83142.74224183393,\N,estimated,IMF_QNEA,derived_per_capita|QNEA|B1GQ|Q|NSA|XDC|Q|population=SP.POP.TOTL_interpolated,NSA,\N
CPV,gdp_real_per_capita_lcu_quarterly_nsa_estimate,2014-Q2,quarterly,82180.16250094563,\N,estimated,IMF_QNEA,derived_per_capita|QNEA|B1GQ|Q|NSA|XDC|Q|population=SP.POP.TOTL_interpolated,NSA,\N
CPV,gdp_real_per_capita_lcu_quarterly_nsa_estimate,2014-Q3,quarterly,83771.57287489345,\N,estimated,IMF_QNEA,derived_per_capita|QNEA|B1GQ|Q|NSA|XDC|Q|population=SP.POP.TOTL_interpolated,NSA,\N
CPV,gdp_real_per_capita_lcu_quarterly_nsa_estimate,2014-Q4,quarterly,87213.476798008,\N,estimated,IMF_QNEA,derived_per_capita|QNEA|B1GQ|Q|NSA|XDC|Q|population=SP.POP.TOTL_interpolated,NSA,\N
CRI,gdp_real_per_capita_lcu_quarterly_nsa_estimate,2010-Q1,quarterly,1671128.0405625452,\N,estimated,IMF_QNEA,derived_per_capita|QNEA|B1GQ|Q|NSA|XDC|Q|population=SP.POP.TOTL_interpolated,NSA,\N
CRI,gdp_real_per_capita_lcu_quarterly_nsa_estimate,2010-Q2,quarterly,1640223.1673445946,\N,estimated,IMF_QNEA,derived_per_capita|QNEA|B1GQ|Q|NSA|XDC|Q|population=SP.POP.TOTL_interpolated,NSA,\N
CRI,gdp_real_per_capita_lcu_quarterly_nsa_estimate,2010-Q3,quarterly,1645149.8643880137,\N,estimated,IMF_QNEA,derived_per_capita|QNEA|B1GQ|Q|NSA|XDC|Q|population=SP.POP.TOTL_interpolated,NSA,\N
CRI,gdp_real_per_capita_lcu_quarterly_nsa_estimate,2010-Q4,quarterly,1718619.228786864,\N,estimated,IMF_QNEA,derived_per_capita|QNEA|B1GQ|Q|NSA|XDC|Q|population=SP.POP.TOTL_interpolated,NSA,\N
CRI,gdp_real_per_capita_lcu_quarterly_nsa_estimate,2011-Q1,quarterly,1728515.0051947255,\N,estimated,IMF_QNEA,derived_per_capita|QNEA|B1GQ|Q|NSA|XDC|Q|population=SP.POP.TOTL_interpolated,NSA,\N
CRI,gdp_real_per_capita_lcu_quarterly_nsa_estimate,2011-Q2,quarterly,1698925.1344875176,\N,estimated,IMF_QNEA,derived_per_capita|QNEA|B1GQ|Q|NSA|XDC|Q|population=SP.POP.TOTL_interpolated,NSA,\N
CRI,gdp_real_per_capita_lcu_quarterly_nsa_estimate,2011-Q3,quarterly,1686454.160689025,\N,estimated,IMF_QNEA,derived_per_capita|QNEA|B1GQ|Q|NSA|XDC|Q|population=SP.POP.TOTL_interpolated,NSA,\N
CRI,gdp_real_per_capita_lcu_quarterly_nsa_estimate,2011-Q4,quarterly,1773271.221563951,\N,estimated,IMF_QNEA,derived_per_capita|QNEA|B1GQ|Q|NSA|XDC|Q|population=SP.POP.TOTL_interpolated,NSA,\N
CRI,gdp_real_per_capita_lcu_quarterly_nsa_estimate,2012-Q1,quarterly,1807660.2682552603,\N,estimated,IMF_QNEA,derived_per_capita|QNEA|B1GQ|Q|NSA|XDC|Q|population=SP.POP.TOTL_interpolated,NSA,\N
CRI,gdp_real_per_capita_lcu_quarterly_nsa_estimate,2012-Q2,quarterly,1748460.845506249,\N,estimated,IMF_QNEA,derived_per_capita|QNEA|B1GQ|Q|NSA|XDC|Q|population=SP.POP.TOTL_interpolated,NSA,\N
CRI,gdp_real_per_capita_lcu_quarterly_nsa_estimate,2012-Q3,quarterly,1747698.857861584,\N,estimated,IMF_QNEA,derived_per_capita|QNEA|B1GQ|Q|NSA|XDC|Q|population=SP.POP.TOTL_interpolated,NSA,\N
CRI,gdp_real_per_capita_lcu_quarterly_nsa_estimate,2012-Q4,quarterly,1836300.3141524803,\N,estimated,IMF_QNEA,derived_per_capita|QNEA|B1GQ|Q|NSA|XDC|Q|population=SP.POP.TOTL_interpolated,NSA,\N
CRI,gdp_real_per_capita_lcu_quarterly_nsa_estimate,2013-Q1,quarterly,1817030.5401522394,\N,estimated,IMF_QNEA,derived_per_capita|QNEA|B1GQ|Q|NSA|XDC|Q|population=SP.POP.TOTL_interpolated,NSA,\N
CRI,gdp_real_per_capita_lcu_quarterly_nsa_estimate,2013-Q2,quarterly,1777997.5100434714,\N,estimated,IMF_QNEA,derived_per_capita|QNEA|B1GQ|Q|NSA|XDC|Q|population=SP.POP.TOTL_interpolated,NSA,\N
CRI,gdp_real_per_capita_lcu_quarterly_nsa_estimate,2013-Q3,quarterly,1784768.6356337196,\N,estimated,IMF_QNEA,derived_per_capita|QNEA|B1GQ|Q|NSA|XDC|Q|population=SP.POP.TOTL_interpolated,NSA,\N
CRI,gdp_real_per_capita_lcu_quarterly_nsa_estimate,2013-Q4,quarterly,1857250.3334821106,\N,estimated,IMF_QNEA,derived_per_capita|QNEA|B1GQ|Q|NSA|XDC|Q|population=SP.POP.TOTL_interpolated,NSA,\N
CRI,gdp_real_per_capita_lcu_quarterly_nsa_estimate,2014-Q1,quarterly,1875542.746431685,\N,estimated,IMF_QNEA,derived_per_capita|QNEA|B1GQ|Q|NSA|XDC|Q|population=SP.POP.TOTL_interpolated,NSA,\N
CRI,gdp_real_per_capita_lcu_quarterly_nsa_estimate,2014-Q2,quarterly,1813125.9849424907,\N,estimated,IMF_QNEA,derived_per_capita|QNEA|B1GQ|Q|NSA|XDC|Q|population=SP.POP.TOTL_interpolated,NSA,\N
CRI,gdp_real_per_capita_lcu_quarterly_nsa_estimate,2014-Q3,quarterly,1821790.1071258986,\N,estimated,IMF_QNEA,derived_per_capita|QNEA|B1GQ|Q|NSA|XDC|Q|population=SP.POP.TOTL_interpolated,NSA,\N
CRI,gdp_real_per_capita_lcu_quarterly_nsa_estimate,2014-Q4,quarterly,1902632.960725818,\N,estimated,IMF_QNEA,derived_per_capita|QNEA|B1GQ|Q|NSA|XDC|Q|population=SP.POP.TOTL_interpolated,NSA,\N
CYP,gdp_real_per_capita_lcu_quarterly_nsa_estimate,2010-Q1,quarterly,4148.2423546717455,\N,estimated,IMF_QNEA,derived_per_capita|QNEA|B1GQ|Q|NSA|XDC|Q|population=SP.POP.TOTL_interpolated,NSA,\N
CYP,gdp_real_per_capita_lcu_quarterly_nsa_estimate,2010-Q2,quarterly,4352.101869766682,\N,estimated,IMF_QNEA,derived_per_capita|QNEA|B1GQ|Q|NSA|XDC|Q|population=SP.POP.TOTL_interpolated,NSA,\N
CYP,gdp_real_per_capita_lcu_quarterly_nsa_estimate,2010-Q3,quarterly,4382.652218589624,\N,estimated,IMF_QNEA,derived_per_capita|QNEA|B1GQ|Q|NSA|XDC|Q|population=SP.POP.TOTL_interpolated,NSA,\N
CYP,gdp_real_per_capita_lcu_quarterly_nsa_estimate,2010-Q4,quarterly,4370.689950142528,\N,estimated,IMF_QNEA,derived_per_capita|QNEA|B1GQ|Q|NSA|XDC|Q|population=SP.POP.TOTL_interpolated,NSA,\N
CYP,gdp_real_per_capita_lcu_quarterly_nsa_estimate,2011-Q1,quarterly,4143.8305037321,\N,estimated,IMF_QNEA,derived_per_capita|QNEA|B1GQ|Q|NSA|XDC|Q|population=SP.POP.TOTL_interpolated,NSA,\N
CYP,gdp_real_per_capita_lcu_quarterly_nsa_estimate,2011-Q2,quarterly,4359.523791159943,\N,estimated,IMF_QNEA,derived_per_capita|QNEA|B1GQ|Q|NSA|XDC|Q|population=SP.POP.TOTL_interpolated,NSA,\N
CYP,gdp_real_per_capita_lcu_quarterly_nsa_estimate,2011-Q3,quarterly,4271.517933131655,\N,estimated,IMF_QNEA,derived_per_capita|QNEA|B1GQ|Q|NSA|XDC|Q|population=SP.POP.TOTL_interpolated,NSA,\N
CYP,gdp_real_per_capita_lcu_quarterly_nsa_estimate,2011-Q4,quarterly,4269.409832903166,\N,estimated,IMF_QNEA,derived_per_capita|QNEA|B1GQ|Q|NSA|XDC|Q|population=SP.POP.TOTL_interpolated,NSA,\N
CYP,gdp_real_per_capita_lcu_quarterly_nsa_estimate,2012-Q1,quarterly,4006.2288748709325,\N,estimated,IMF_QNEA,derived_per_capita|QNEA|B1GQ|Q|NSA|XDC|Q|population=SP.POP.TOTL_interpolated,NSA,\N
CYP,gdp_real_per_capita_lcu_quarterly_nsa_estimate,2012-Q2,quarterly,4132.519227411666,\N,estimated,IMF_QNEA,derived_per_capita|QNEA|B1GQ|Q|NSA|XDC|Q|population=SP.POP.TOTL_interpolated,NSA,\N
CYP,gdp_real_per_capita_lcu_quarterly_nsa_estimate,2012-Q3,quarterly,4102.097691013495,\N,estimated,IMF_QNEA,derived_per_capita|QNEA|B1GQ|Q|NSA|XDC|Q|population=SP.POP.TOTL_interpolated,NSA,\N
CYP,gdp_real_per_capita_lcu_quarterly_nsa_estimate,2012-Q4,quarterly,3950.767265533386,\N,estimated,IMF_QNEA,derived_per_capita|QNEA|B1GQ|Q|NSA|XDC|Q|population=SP.POP.TOTL_interpolated,NSA,\N
CYP,gdp_real_per_capita_lcu_quarterly_nsa_estimate,2013-Q1,quarterly,3638.1448386023035,\N,estimated,IMF_QNEA,derived_per_capita|QNEA|B1GQ|Q|NSA|XDC|Q|population=SP.POP.TOTL_interpolated,NSA,\N
CYP,gdp_real_per_capita_lcu_quarterly_nsa_estimate,2013-Q2,quarterly,3747.0757354481516,\N,estimated,IMF_QNEA,derived_per_capita|QNEA|B1GQ|Q|NSA|XDC|Q|population=SP.POP.TOTL_interpolated,NSA,\N
CYP,gdp_real_per_capita_lcu_quarterly_nsa_estimate,2013-Q3,quarterly,3806.2370395396133,\N,estimated,IMF_QNEA,derived_per_capita|QNEA|B1GQ|Q|NSA|XDC|Q|population=SP.POP.TOTL_interpolated,NSA,\N
CYP,gdp_real_per_capita_lcu_quarterly_nsa_estimate,2013-Q4,quarterly,3696.9080241321726,\N,estimated,IMF_QNEA,derived_per_capita|QNEA|B1GQ|Q|NSA|XDC|Q|population=SP.POP.TOTL_interpolated,NSA,\N
CYP,gdp_real_per_capita_lcu_quarterly_nsa_estimate,2014-Q1,quarterly,3453.8737140177122,\N,estimated,IMF_QNEA,derived_per_capita|QNEA|B1GQ|Q|NSA|XDC|Q|population=SP.POP.TOTL_interpolated,NSA,\N
CYP,gdp_real_per_capita_lcu_quarterly_nsa_estimate,2014-Q2,quarterly,3666.242420269636,\N,estimated,IMF_QNEA,derived_per_capita|QNEA|B1GQ|Q|NSA|XDC|Q|population=SP.POP.TOTL_interpolated,NSA,\N
CYP,gdp_real_per_capita_lcu_quarterly_nsa_estimate,2014-Q3,quarterly,3692.0141823340246,\N,estimated,IMF_QNEA,derived_per_capita|QNEA|B1GQ|Q|NSA|XDC|Q|population=SP.POP.TOTL_interpolated,NSA,\N
CYP,gdp_real_per_capita_lcu_quarterly_nsa_estimate,2014-Q4,quarterly,3592.906734533511,\N,estimated,IMF_QNEA,derived_per_capita|QNEA|B1GQ|Q|NSA|XDC|Q|population=SP.POP.TOTL_interpolated,NSA,\N
CZE,gdp_real_per_capita_lcu_quarterly_nsa_estimate,2010-Q1,quarterly,89131.93021883603,\N,estimated,IMF_QNEA,derived_per_capita|QNEA|B1GQ|Q|NSA|XDC|Q|population=SP.POP.TOTL_interpolated,NSA,\N
CZE,gdp_real_per_capita_lcu_quarterly_nsa_estimate,2010-Q2,quarterly,97114.86301282186,\N,estimated,IMF_QNEA,derived_per_capita|QNEA|B1GQ|Q|NSA|XDC|Q|population=SP.POP.TOTL_interpolated,NSA,\N
CZE,gdp_real_per_capita_lcu_quarterly_nsa_estimate,2010-Q3,quarterly,98195.16488597928,\N,estimated,IMF_QNEA,derived_per_capita|QNEA|B1GQ|Q|NSA|XDC|Q|population=SP.POP.TOTL_interpolated,NSA,\N
CZE,gdp_real_per_capita_lcu_quarterly_nsa_estimate,2010-Q4,quarterly,100616.1495968069,\N,estimated,IMF_QNEA,derived_per_capita|QNEA|B1GQ|Q|NSA|XDC|Q|population=SP.POP.TOTL_interpolated,NSA,\N
CZE,gdp_real_per_capita_lcu_quarterly_nsa_estimate,2011-Q1,quarterly,91821.108389695,\N,estimated,IMF_QNEA,derived_per_capita|QNEA|B1GQ|Q|NSA|XDC|Q|population=SP.POP.TOTL_interpolated,NSA,\N
CZE,gdp_real_per_capita_lcu_quarterly_nsa_estimate,2011-Q2,quarterly,99114.20637561598,\N,estimated,IMF_QNEA,derived_per_capita|QNEA|B1GQ|Q|NSA|XDC|Q|population=SP.POP.TOTL_interpolated,NSA,\N
CZE,gdp_real_per_capita_lcu_quarterly_nsa_estimate,2011-Q3,quarterly,99079.5130269135,\N,estimated,IMF_QNEA,derived_per_capita|QNEA|B1GQ|Q|NSA|XDC|Q|population=SP.POP.TOTL_interpolated,NSA,\N
CZE,gdp_real_per_capita_lcu_quarterly_nsa_estimate,2011-Q4,quarterly,101055.37903152966,\N,estimated,IMF_QNEA,derived_per_capita|QNEA|B1GQ|Q|NSA|XDC|Q|population=SP.POP.TOTL_interpolated,NSA,\N
CZE,gdp_real_per_capita_lcu_quarterly_nsa_estimate,2012-Q1,quarterly,92327.41858547069,\N,estimated,IMF_QNEA,derived_per_capita|QNEA|B1GQ|Q|NSA|XDC|Q|population=SP.POP.TOTL_interpolated,NSA,\N
CZE,gdp_real_per_capita_lcu_quarterly_nsa_estimate,2012-Q2,quarterly,97696.52571670977,\N,estimated,IMF_QNEA,derived_per_capita|QNEA|B1GQ|Q|NSA|XDC|Q|population=SP.POP.TOTL_interpolated,NSA,\N
CZE,gdp_real_per_capita_lcu_quarterly_nsa_estimate,2012-Q3,quarterly,97610.92070910364,\N,estimated,IMF_QNEA,derived_per_capita|QNEA|B1GQ|Q|NSA|XDC|Q|population=SP.POP.TOTL_interpolated,NSA,\N
CZE,gdp_real_per_capita_lcu_quarterly_nsa_estimate,2012-Q4,quarterly,99901.82937873418,\N,estimated,IMF_QNEA,derived_per_capita|QNEA|B1GQ|Q|NSA|XDC|Q|population=SP.POP.TOTL_interpolated,NSA,\N
CZE,gdp_real_per_capita_lcu_quarterly_nsa_estimate,2013-Q1,quarterly,90264.86208329798,\N,estimated,IMF_QNEA,derived_per_capita|QNEA|B1GQ|Q|NSA|XDC|Q|population=SP.POP.TOTL_interpolated,NSA,\N
CZE,gdp_real_per_capita_lcu_quarterly_nsa_estimate,2013-Q2,quarterly,97121.90501495,\N,estimated,IMF_QNEA,derived_per_capita|QNEA|B1GQ|Q|NSA|XDC|Q|population=SP.POP.TOTL_interpolated,NSA,\N
CZE,gdp_real_per_capita_lcu_quarterly_nsa_estimate,2013-Q3,quarterly,98573.59283034768,\N,estimated,IMF_QNEA,derived_per_capita|QNEA|B1GQ|Q|NSA|XDC|Q|population=SP.POP.TOTL_interpolated,NSA,\N
CZE,gdp_real_per_capita_lcu_quarterly_nsa_estimate,2013-Q4,quarterly,101199.15020914312,\N,estimated,IMF_QNEA,derived_per_capita|QNEA|B1GQ|Q|NSA|XDC|Q|population=SP.POP.TOTL_interpolated,NSA,\N
CZE,gdp_real_per_capita_lcu_quarterly_nsa_estimate,2014-Q1,quarterly,92062.44326894413,\N,estimated,IMF_QNEA,derived_per_capita|QNEA|B1GQ|Q|NSA|XDC|Q|population=SP.POP.TOTL_interpolated,NSA,\N
CZE,gdp_real_per_capita_lcu_quarterly_nsa_estimate,2014-Q2,quarterly,99331.13878734437,\N,estimated,IMF_QNEA,derived_per_capita|QNEA|B1GQ|Q|NSA|XDC|Q|population=SP.POP.TOTL_interpolated,NSA,\N
CZE,gdp_real_per_capita_lcu_quarterly_nsa_estimate,2014-Q3,quarterly,101535.19812842707,\N,estimated,IMF_QNEA,derived_per_capita|QNEA|B1GQ|Q|NSA|XDC|Q|population=SP.POP.TOTL_interpolated,NSA,\N
CZE,gdp_real_per_capita_lcu_quarterly_nsa_estimate,2014-Q4,quarterly,102494.04635813303,\N,estimated,IMF_QNEA,derived_per_capita|QNEA|B1GQ|Q|NSA|XDC|Q|population=SP.POP.TOTL_interpolated,NSA,\N
DEU,gdp_real_per_capita_lcu_quarterly_nsa_estimate,2010-Q1,quarterly,7721.0296021253225,\N,estimated,IMF_QNEA,derived_per_capita|QNEA|B1GQ|Q|NSA|XDC|Q|population=SP.POP.TOTL_interpolated,NSA,\N
DEU,gdp_real_per_capita_lcu_quarterly_nsa_estimate,2010-Q2,quarterly,7899.656553732609,\N,estimated,IMF_QNEA,derived_per_capita|QNEA|B1GQ|Q|NSA|XDC|Q|population=SP.POP.TOTL_interpolated,NSA,\N
DEU,gdp_real_per_capita_lcu_quarterly_nsa_estimate,2010-Q3,quarterly,8117.1322787912395,\N,estimated,IMF_QNEA,derived_per_capita|QNEA|B1GQ|Q|NSA|XDC|Q|population=SP.POP.TOTL_interpolated,NSA,\N
DEU,gdp_real_per_capita_lcu_quarterly_nsa_estimate,2010-Q4,quarterly,8312.528589847107,\N,estimated,IMF_QNEA,derived_per_capita|QNEA|B1GQ|Q|NSA|XDC|Q|population=SP.POP.TOTL_interpolated,NSA,\N
DEU,gdp_real_per_capita_lcu_quarterly_nsa_estimate,2011-Q1,quarterly,8295.538317431357,\N,estimated,IMF_QNEA,derived_per_capita|QNEA|B1GQ|Q|NSA|XDC|Q|population=SP.POP.TOTL_interpolated,NSA,\N
DEU,gdp_real_per_capita_lcu_quarterly_nsa_estimate,2011-Q2,quarterly,8338.828982113644,\N,estimated,IMF_QNEA,derived_per_capita|QNEA|B1GQ|Q|NSA|XDC|Q|population=SP.POP.TOTL_interpolated,NSA,\N
DEU,gdp_real_per_capita_lcu_quarterly_nsa_estimate,2011-Q3,quarterly,8511.456087516952,\N,estimated,IMF_QNEA,derived_per_capita|QNEA|B1GQ|Q|NSA|XDC|Q|population=SP.POP.TOTL_interpolated,NSA,\N
DEU,gdp_real_per_capita_lcu_quarterly_nsa_estimate,2011-Q4,quarterly,8575.336799339408,\N,estimated,IMF_QNEA,derived_per_capita|QNEA|B1GQ|Q|NSA|XDC|Q|population=SP.POP.TOTL_interpolated,NSA,\N
DEU,gdp_real_per_capita_lcu_quarterly_nsa_estimate,2012-Q1,quarterly,8486.049308975082,\N,estimated,IMF_QNEA,derived_per_capita|QNEA|B1GQ|Q|NSA|XDC|Q|population=SP.POP.TOTL_interpolated,NSA,\N
DEU,gdp_real_per_capita_lcu_quarterly_nsa_estimate,2012-Q2,quarterly,8374.852218454873,\N,estimated,IMF_QNEA,derived_per_capita|QNEA|B1GQ|Q|NSA|XDC|Q|population=SP.POP.TOTL_interpolated,NSA,\N
DEU,gdp_real_per_capita_lcu_quarterly_nsa_estimate,2012-Q3,quarterly,8498.249918840771,\N,estimated,IMF_QNEA,derived_per_capita|QNEA|B1GQ|Q|NSA|XDC|Q|population=SP.POP.TOTL_interpolated,NSA,\N
DEU,gdp_real_per_capita_lcu_quarterly_nsa_estimate,2012-Q4,quarterly,8551.940134795703,\N,estimated,IMF_QNEA,derived_per_capita|QNEA|B1GQ|Q|NSA|XDC|Q|population=SP.POP.TOTL_interpolated,NSA,\N
DEU,gdp_real_per_capita_lcu_quarterly_nsa_estimate,2013-Q1,quarterly,8326.60137437823,\N,estimated,IMF_QNEA,derived_per_capita|QNEA|B1GQ|Q|NSA|XDC|Q|population=SP.POP.TOTL_interpolated,NSA,\N
DEU,gdp_real_per_capita_lcu_quarterly_nsa_estimate,2013-Q2,quarterly,8437.002525454687,\N,estimated,IMF_QNEA,derived_per_capita|QNEA|B1GQ|Q|NSA|XDC|Q|population=SP.POP.TOTL_interpolated,NSA,\N
DEU,gdp_real_per_capita_lcu_quarterly_nsa_estimate,2013-Q3,quarterly,8584.970111873054,\N,estimated,IMF_QNEA,derived_per_capita|QNEA|B1GQ|Q|NSA|XDC|Q|population=SP.POP.TOTL_interpolated,NSA,\N
DEU,gdp_real_per_capita_lcu_quarterly_nsa_estimate,2013-Q4,quarterly,8621.630553254769,\N,estimated,IMF_QNEA,derived_per_capita|QNEA|B1GQ|Q|NSA|XDC|Q|population=SP.POP.TOTL_interpolated,NSA,\N
DEU,gdp_real_per_capita_lcu_quarterly_nsa_estimate,2014-Q1,quarterly,8567.996336012817,\N,estimated,IMF_QNEA,derived_per_capita|QNEA|B1GQ|Q|NSA|XDC|Q|population=SP.POP.TOTL_interpolated,NSA,\N
DEU,gdp_real_per_capita_lcu_quarterly_nsa_estimate,2014-Q2,quarterly,8511.742753077018,\N,estimated,IMF_QNEA,derived_per_capita|QNEA|B1GQ|Q|NSA|XDC|Q|population=SP.POP.TOTL_interpolated,NSA,\N
DEU,gdp_real_per_capita_lcu_quarterly_nsa_estimate,2014-Q3,quarterly,8698.944368737788,\N,estimated,IMF_QNEA,derived_per_capita|QNEA|B1GQ|Q|NSA|XDC|Q|population=SP.POP.TOTL_interpolated,NSA,\N
DEU,gdp_real_per_capita_lcu_quarterly_nsa_estimate,2014-Q4,quarterly,8795.27570928112,\N,estimated,IMF_QNEA,derived_per_capita|QNEA|B1GQ|Q|NSA|XDC|Q|population=SP.POP.TOTL_interpolated,NSA,\N
DNK,gdp_real_per_capita_lcu_quarterly_nsa_estimate,2010-Q1,quarterly,78897.89279774486,\N,estimated,IMF_QNEA,derived_per_capita|QNEA|B1GQ|Q|NSA|XDC|Q|population=SP.POP.TOTL_interpolated,NSA,\N
DNK,gdp_real_per_capita_lcu_quarterly_nsa_estimate,2010-Q2,quarterly,81892.71687022503,\N,estimated,IMF_QNEA,derived_per_capita|QNEA|B1GQ|Q|NSA|XDC|Q|population=SP.POP.TOTL_interpolated,NSA,\N
DNK,gdp_real_per_capita_lcu_quarterly_nsa_estimate,2010-Q3,quarterly,81780.70525467987,\N,estimated,IMF_QNEA,derived_per_capita|QNEA|B1GQ|Q|NSA|XDC|Q|population=SP.POP.TOTL_interpolated,NSA,\N
DNK,gdp_real_per_capita_lcu_quarterly_nsa_estimate,2010-Q4,quarterly,84217.02449092534,\N,estimated,IMF_QNEA,derived_per_capita|QNEA|B1GQ|Q|NSA|XDC|Q|population=SP.POP.TOTL_interpolated,NSA,\N
DNK,gdp_real_per_capita_lcu_quarterly_nsa_estimate,2011-Q1,quarterly,80515.57635844499,\N,estimated,IMF_QNEA,derived_per_capita|QNEA|B1GQ|Q|NSA|XDC|Q|population=SP.POP.TOTL_interpolated,NSA,\N
DNK,gdp_real_per_capita_lcu_quarterly_nsa_estimate,2011-Q2,quarterly,83230.58614486155,\N,estimated,IMF_QNEA,derived_per_capita|QNEA|B1GQ|Q|NSA|XDC|Q|population=SP.POP.TOTL_interpolated,NSA,\N
DNK,gdp_real_per_capita_lcu_quarterly_nsa_estimate,2011-Q3,quarterly,81266.99305531636,\N,estimated,IMF_QNEA,derived_per_capita|QNEA|B1GQ|Q|NSA|XDC|Q|population=SP.POP.TOTL_interpolated,NSA,\N
DNK,gdp_real_per_capita_lcu_quarterly_nsa_estimate,2011-Q4,quarterly,84703.10314604225,\N,estimated,IMF_QNEA,derived_per_capita|QNEA|B1GQ|Q|NSA|XDC|Q|population=SP.POP.TOTL_interpolated,NSA,\N
DNK,gdp_real_per_capita_lcu_quarterly_nsa_estimate,2012-Q1,quarterly,80390.69424583748,\N,estimated,IMF_QNEA,derived_per_capita|QNEA|B1GQ|Q|NSA|XDC|Q|population=SP.POP.TOTL_interpolated,NSA,\N
DNK,gdp_real_per_capita_lcu_quarterly_nsa_estimate,2012-Q2,quarterly,82317.92643665077,\N,estimated,IMF_QNEA,derived_per_capita|QNEA|B1GQ|Q|NSA|XDC|Q|population=SP.POP.TOTL_interpolated,NSA,\N
DNK,gdp_real_per_capita_lcu_quarterly_nsa_estimate,2012-Q3,quarterly,81448.5585011472,\N,estimated,IMF_QNEA,derived_per_capita|QNEA|B1GQ|Q|NSA|XDC|Q|population=SP.POP.TOTL_interpolated,NSA,\N
DNK,gdp_real_per_capita_lcu_quarterly_nsa_estimate,2012-Q4,quarterly,84271.50412027715,\N,estimated,IMF_QNEA,derived_per_capita|QNEA|B1GQ|Q|NSA|XDC|Q|population=SP.POP.TOTL_interpolated,NSA,\N
DNK,gdp_real_per_capita_lcu_quarterly_nsa_estimate,2013-Q1,quarterly,80155.99669164627,\N,estimated,IMF_QNEA,derived_per_capita|QNEA|B1GQ|Q|NSA|XDC|Q|population=SP.POP.TOTL_interpolated,NSA,\N
DNK,gdp_real_per_capita_lcu_quarterly_nsa_estimate,2013-Q2,quarterly,83613.7577240569,\N,estimated,IMF_QNEA,derived_per_capita|QNEA|B1GQ|Q|NSA|XDC|Q|population=SP.POP.TOTL_interpolated,NSA,\N
DNK,gdp_real_per_capita_lcu_quarterly_nsa_estimate,2013-Q3,quarterly,82550.44984880772,\N,estimated,IMF_QNEA,derived_per_capita|QNEA|B1GQ|Q|NSA|XDC|Q|population=SP.POP.TOTL_interpolated,NSA,\N
DNK,gdp_real_per_capita_lcu_quarterly_nsa_estimate,2013-Q4,quarterly,85273.45631354502,\N,estimated,IMF_QNEA,derived_per_capita|QNEA|B1GQ|Q|NSA|XDC|Q|population=SP.POP.TOTL_interpolated,NSA,\N
DNK,gdp_real_per_capita_lcu_quarterly_nsa_estimate,2014-Q1,quarterly,81203.92524491019,\N,estimated,IMF_QNEA,derived_per_capita|QNEA|B1GQ|Q|NSA|XDC|Q|population=SP.POP.TOTL_interpolated,NSA,\N
DNK,gdp_real_per_capita_lcu_quarterly_nsa_estimate,2014-Q2,quarterly,83407.74176610932,\N,estimated,IMF_QNEA,derived_per_capita|QNEA|B1GQ|Q|NSA|XDC|Q|population=SP.POP.TOTL_interpolated,NSA,\N
DNK,gdp_real_per_capita_lcu_quarterly_nsa_estimate,2014-Q3,quarterly,83404.76926460872,\N,estimated,IMF_QNEA,derived_per_capita|QNEA|B1GQ|Q|NSA|XDC|Q|population=SP.POP.TOTL_interpolated,NSA,\N
DNK,gdp_real_per_capita_lcu_quarterly_nsa_estimate,2014-Q4,quarterly,86067.31365820809,\N,estimated,IMF_QNEA,derived_per_capita|QNEA|B1GQ|Q|NSA|XDC|Q|population=SP.POP.TOTL_interpolated,NSA,\N
DOM,gdp_real_per_capita_lcu_quarterly_nsa_estimate,2010-Q1,quarterly,69328.51226876889,\N,estimated,IMF_QNEA,derived_per_capita|QNEA|B1GQ|Q|NSA|XDC|Q|population=SP.POP.TOTL_interpolated,NSA,\N
DOM,gdp_real_per_capita_lcu_quarterly_nsa_estimate,2010-Q2,quarterly,71450.84910438486,\N,estimated,IMF_QNEA,derived_per_capita|QNEA|B1GQ|Q|NSA|XDC|Q|population=SP.POP.TOTL_interpolated,NSA,\N
DOM,gdp_real_per_capita_lcu_quarterly_nsa_estimate,2010-Q3,quarterly,69051.8281330042,\N,estimated,IMF_QNEA,derived_per_capita|QNEA|B1GQ|Q|NSA|XDC|Q|population=SP.POP.TOTL_interpolated,NSA,\N
DOM,gdp_real_per_capita_lcu_quarterly_nsa_estimate,2010-Q4,quarterly,73005.65713717522,\N,estimated,IMF_QNEA,derived_per_capita|QNEA|B1GQ|Q|NSA|XDC|Q|population=SP.POP.TOTL_interpolated,NSA,\N
DOM,gdp_real_per_capita_lcu_quarterly_nsa_estimate,2011-Q1,quarterly,71898.24218678928,\N,estimated,IMF_QNEA,derived_per_capita|QNEA|B1GQ|Q|NSA|XDC|Q|population=SP.POP.TOTL_interpolated,NSA,\N
DOM,gdp_real_per_capita_lcu_quarterly_nsa_estimate,2011-Q2,quarterly,73019.04144364966,\N,estimated,IMF_QNEA,derived_per_capita|QNEA|B1GQ|Q|NSA|XDC|Q|population=SP.POP.TOTL_interpolated,NSA,\N
DOM,gdp_real_per_capita_lcu_quarterly_nsa_estimate,2011-Q3,quarterly,70034.40720829154,\N,estimated,IMF_QNEA,derived_per_capita|QNEA|B1GQ|Q|NSA|XDC|Q|population=SP.POP.TOTL_interpolated,NSA,\N
DOM,gdp_real_per_capita_lcu_quarterly_nsa_estimate,2011-Q4,quarterly,73248.54941228339,\N,estimated,IMF_QNEA,derived_per_capita|QNEA|B1GQ|Q|NSA|XDC|Q|population=SP.POP.TOTL_interpolated,NSA,\N
DOM,gdp_real_per_capita_lcu_quarterly_nsa_estimate,2012-Q1,quarterly,73118.56458718757,\N,estimated,IMF_QNEA,derived_per_capita|QNEA|B1GQ|Q|NSA|XDC|Q|population=SP.POP.TOTL_interpolated,NSA,\N
DOM,gdp_real_per_capita_lcu_quarterly_nsa_estimate,2012-Q2,quarterly,73798.3062364153,\N,estimated,IMF_QNEA,derived_per_capita|QNEA|B1GQ|Q|NSA|XDC|Q|population=SP.POP.TOTL_interpolated,NSA,\N
DOM,gdp_real_per_capita_lcu_quarterly_nsa_estimate,2012-Q3,quarterly,71280.8287364513,\N,estimated,IMF_QNEA,derived_per_capita|QNEA|B1GQ|Q|NSA|XDC|Q|population=SP.POP.TOTL_interpolated,NSA,\N
DOM,gdp_real_per_capita_lcu_quarterly_nsa_estimate,2012-Q4,quarterly,74334.12793577407,\N,estimated,IMF_QNEA,derived_per_capita|QNEA|B1GQ|Q|NSA|XDC|Q|population=SP.POP.TOTL_interpolated,NSA,\N
DOM,gdp_real_per_capita_lcu_quarterly_nsa_estimate,2013-Q1,quarterly,73566.34329664933,\N,estimated,IMF_QNEA,derived_per_capita|QNEA|B1GQ|Q|NSA|XDC|Q|population=SP.POP.TOTL_interpolated,NSA,\N
DOM,gdp_real_per_capita_lcu_quarterly_nsa_estimate,2013-Q2,quarterly,75935.12166572569,\N,estimated,IMF_QNEA,derived_per_capita|QNEA|B1GQ|Q|NSA|XDC|Q|population=SP.POP.TOTL_interpolated,NSA,\N
DOM,gdp_real_per_capita_lcu_quarterly_nsa_estimate,2013-Q3,quarterly,74944.18969496478,\N,estimated,IMF_QNEA,derived_per_capita|QNEA|B1GQ|Q|NSA|XDC|Q|population=SP.POP.TOTL_interpolated,NSA,\N
DOM,gdp_real_per_capita_lcu_quarterly_nsa_estimate,2013-Q4,quarterly,78786.24873443918,\N,estimated,IMF_QNEA,derived_per_capita|QNEA|B1GQ|Q|NSA|XDC|Q|population=SP.POP.TOTL_interpolated,NSA,\N
DOM,gdp_real_per_capita_lcu_quarterly_nsa_estimate,2014-Q1,quarterly,77848.77744603442,\N,estimated,IMF_QNEA,derived_per_capita|QNEA|B1GQ|Q|NSA|XDC|Q|population=SP.POP.TOTL_interpolated,NSA,\N
DOM,gdp_real_per_capita_lcu_quarterly_nsa_estimate,2014-Q2,quarterly,80431.73393712797,\N,estimated,IMF_QNEA,derived_per_capita|QNEA|B1GQ|Q|NSA|XDC|Q|population=SP.POP.TOTL_interpolated,NSA,\N
DOM,gdp_real_per_capita_lcu_quarterly_nsa_estimate,2014-Q3,quarterly,78984.16971451168,\N,estimated,IMF_QNEA,derived_per_capita|QNEA|B1GQ|Q|NSA|XDC|Q|population=SP.POP.TOTL_interpolated,NSA,\N
DOM,gdp_real_per_capita_lcu_quarterly_nsa_estimate,2014-Q4,quarterly,83701.3713997416,\N,estimated,IMF_QNEA,derived_per_capita|QNEA|B1GQ|Q|NSA|XDC|Q|population=SP.POP.TOTL_interpolated,NSA,\N
ECU,gdp_real_per_capita_lcu_quarterly_nsa_estimate,2010-Q1,quarterly,1213.7311985965719,\N,estimated,IMF_QNEA,derived_per_capita|QNEA|B1GQ|Q|NSA|XDC|Q|population=SP.POP.TOTL_interpolated,NSA,\N
ECU,gdp_real_per_capita_lcu_quarterly_nsa_estimate,2010-Q2,quarterly,1249.0974518131948,\N,estimated,IMF_QNEA,derived_per_capita|QNEA|B1GQ|Q|NSA|XDC|Q|population=SP.POP.TOTL_interpolated,NSA,\N
ECU,gdp_real_per_capita_lcu_quarterly_nsa_estimate,2010-Q3,quarterly,1295.5030224594154,\N,estimated,IMF_QNEA,derived_per_capita|QNEA|B1GQ|Q|NSA|XDC|Q|population=SP.POP.TOTL_interpolated,NSA,\N
ECU,gdp_real_per_capita_lcu_quarterly_nsa_estimate,2010-Q4,quarterly,1461.7651768642936,\N,estimated,IMF_QNEA,derived_per_capita|QNEA|B1GQ|Q|NSA|XDC|Q|population=SP.POP.TOTL_interpolated,NSA,\N
ECU,gdp_real_per_capita_lcu_quarterly_nsa_estimate,2011-Q1,quarterly,1293.3716663319865,\N,estimated,IMF_QNEA,derived_per_capita|QNEA|B1GQ|Q|NSA|XDC|Q|population=SP.POP.TOTL_interpolated,NSA,\N
ECU,gdp_real_per_capita_lcu_quarterly_nsa_estimate,2011-Q2,quarterly,1345.7908422151488,\N,estimated,IMF_QNEA,derived_per_capita|QNEA|B1GQ|Q|NSA|XDC|Q|population=SP.POP.TOTL_interpolated,NSA,\N
ECU,gdp_real_per_capita_lcu_quarterly_nsa_estimate,2011-Q3,quarterly,1391.0249340291878,\N,estimated,IMF_QNEA,derived_per_capita|QNEA|B1GQ|Q|NSA|XDC|Q|population=SP.POP.TOTL_interpolated,NSA,\N
ECU,gdp_real_per_capita_lcu_quarterly_nsa_estimate,2011-Q4,quarterly,1540.717516534225,\N,estimated,IMF_QNEA,derived_per_capita|QNEA|B1GQ|Q|NSA|XDC|Q|population=SP.POP.TOTL_interpolated,NSA,\N
ECU,gdp_real_per_capita_lcu_quarterly_nsa_estimate,2012-Q1,quarterly,1362.8937158454235,\N,estimated,IMF_QNEA,derived_per_capita|QNEA|B1GQ|Q|NSA|XDC|Q|population=SP.POP.TOTL_interpolated,NSA,\N
ECU,gdp_real_per_capita_lcu_quarterly_nsa_estimate,2012-Q2,quarterly,1399.7305833718183,\N,estimated,IMF_QNEA,derived_per_capita|QNEA|B1GQ|Q|NSA|XDC|Q|population=SP.POP.TOTL_interpolated,NSA,\N
ECU,gdp_real_per_capita_lcu_quarterly_nsa_estimate,2012-Q3,quarterly,1444.5999254285312,\N,estimated,IMF_QNEA,derived_per_capita|QNEA|B1GQ|Q|NSA|XDC|Q|population=SP.POP.TOTL_interpolated,NSA,\N
ECU,gdp_real_per_capita_lcu_quarterly_nsa_estimate,2012-Q4,quarterly,1593.358837969012,\N,estimated,IMF_QNEA,derived_per_capita|QNEA|B1GQ|Q|NSA|XDC|Q|population=SP.POP.TOTL_interpolated,NSA,\N
ECU,gdp_real_per_capita_lcu_quarterly_nsa_estimate,2013-Q1,quarterly,1414.3531697714702,\N,estimated,IMF_QNEA,derived_per_capita|QNEA|B1GQ|Q|NSA|XDC|Q|population=SP.POP.TOTL_interpolated,NSA,\N
ECU,gdp_real_per_capita_lcu_quarterly_nsa_estimate,2013-Q2,quarterly,1477.6481513876945,\N,estimated,IMF_QNEA,derived_per_capita|QNEA|B1GQ|Q|NSA|XDC|Q|population=SP.POP.TOTL_interpolated,NSA,\N
ECU,gdp_real_per_capita_lcu_quarterly_nsa_estimate,2013-Q3,quarterly,1538.8776571140045,\N,estimated,IMF_QNEA,derived_per_capita|QNEA|B1GQ|Q|NSA|XDC|Q|population=SP.POP.TOTL_interpolated,NSA,\N
ECU,gdp_real_per_capita_lcu_quarterly_nsa_estimate,2013-Q4,quarterly,1695.2070207138952,\N,estimated,IMF_QNEA,derived_per_capita|QNEA|B1GQ|Q|NSA|XDC|Q|population=SP.POP.TOTL_interpolated,NSA,\N
ECU,gdp_real_per_capita_lcu_quarterly_nsa_estimate,2014-Q1,quarterly,1467.8503101407239,\N,estimated,IMF_QNEA,derived_per_capita|QNEA|B1GQ|Q|NSA|XDC|Q|population=SP.POP.TOTL_interpolated,NSA,\N
ECU,gdp_real_per_capita_lcu_quarterly_nsa_estimate,2014-Q2,quarterly,1528.3367080770026,\N,estimated,IMF_QNEA,derived_per_capita|QNEA|B1GQ|Q|NSA|XDC|Q|population=SP.POP.TOTL_interpolated,NSA,\N
ECU,gdp_real_per_capita_lcu_quarterly_nsa_estimate,2014-Q3,quarterly,1574.5655913509027,\N,estimated,IMF_QNEA,derived_per_capita|QNEA|B1GQ|Q|NSA|XDC|Q|population=SP.POP.TOTL_interpolated,NSA,\N
ECU,gdp_real_per_capita_lcu_quarterly_nsa_estimate,2014-Q4,quarterly,1723.185638841098,\N,estimated,IMF_QNEA,derived_per_capita|QNEA|B1GQ|Q|NSA|XDC|Q|population=SP.POP.TOTL_interpolated,NSA,\N
ESP,gdp_real_per_capita_lcu_quarterly_nsa_estimate,2010-Q1,quarterly,5587.361762811792,\N,estimated,IMF_QNEA,derived_per_capita|QNEA|B1GQ|Q|NSA|XDC|Q|population=SP.POP.TOTL_interpolated,NSA,\N
ESP,gdp_real_per_capita_lcu_quarterly_nsa_estimate,2010-Q2,quarterly,5857.3992024532145,\N,estimated,IMF_QNEA,derived_per_capita|QNEA|B1GQ|Q|NSA|XDC|Q|population=SP.POP.TOTL_interpolated,NSA,\N
ESP,gdp_real_per_capita_lcu_quarterly_nsa_estimate,2010-Q3,quarterly,5702.050565305672,\N,estimated,IMF_QNEA,derived_per_capita|QNEA|B1GQ|Q|NSA|XDC|Q|population=SP.POP.TOTL_interpolated,NSA,\N
ESP,gdp_real_per_capita_lcu_quarterly_nsa_estimate,2010-Q4,quarterly,5981.818916337358,\N,estimated,IMF_QNEA,derived_per_capita|QNEA|B1GQ|Q|NSA|XDC|Q|population=SP.POP.TOTL_interpolated,NSA,\N
ESP,gdp_real_per_capita_lcu_quarterly_nsa_estimate,2011-Q1,quarterly,5581.937267279487,\N,estimated,IMF_QNEA,derived_per_capita|QNEA|B1GQ|Q|NSA|XDC|Q|population=SP.POP.TOTL_interpolated,NSA,\N
ESP,gdp_real_per_capita_lcu_quarterly_nsa_estimate,2011-Q2,quarterly,5813.452551573808,\N,estimated,IMF_QNEA,derived_per_capita|QNEA|B1GQ|Q|NSA|XDC|Q|population=SP.POP.TOTL_interpolated,NSA,\N
ESP,gdp_real_per_capita_lcu_quarterly_nsa_estimate,2011-Q3,quarterly,5658.225920608256,\N,estimated,IMF_QNEA,derived_per_capita|QNEA|B1GQ|Q|NSA|XDC|Q|population=SP.POP.TOTL_interpolated,NSA,\N
ESP,gdp_real_per_capita_lcu_quarterly_nsa_estimate,2011-Q4,quarterly,5851.172807234662,\N,estimated,IMF_QNEA,derived_per_capita|QNEA|B1GQ|Q|NSA|XDC|Q|population=SP.POP.TOTL_interpolated,NSA,\N
ESP,gdp_real_per_capita_lcu_quarterly_nsa_estimate,2012-Q1,quarterly,5456.842458067647,\N,estimated,IMF_QNEA,derived_per_capita|QNEA|B1GQ|Q|NSA|XDC|Q|population=SP.POP.TOTL_interpolated,NSA,\N
ESP,gdp_real_per_capita_lcu_quarterly_nsa_estimate,2012-Q2,quarterly,5624.085926380886,\N,estimated,IMF_QNEA,derived_per_capita|QNEA|B1GQ|Q|NSA|XDC|Q|population=SP.POP.TOTL_interpolated,NSA,\N
ESP,gdp_real_per_capita_lcu_quarterly_nsa_estimate,2012-Q3,quarterly,5497.814209708515,\N,estimated,IMF_QNEA,derived_per_capita|QNEA|B1GQ|Q|NSA|XDC|Q|population=SP.POP.TOTL_interpolated,NSA,\N
ESP,gdp_real_per_capita_lcu_quarterly_nsa_estimate,2012-Q4,quarterly,5659.364374098197,\N,estimated,IMF_QNEA,derived_per_capita|QNEA|B1GQ|Q|NSA|XDC|Q|population=SP.POP.TOTL_interpolated,NSA,\N
ESP,gdp_real_per_capita_lcu_quarterly_nsa_estimate,2013-Q1,quarterly,5305.727826571024,\N,estimated,IMF_QNEA,derived_per_capita|QNEA|B1GQ|Q|NSA|XDC|Q|population=SP.POP.TOTL_interpolated,NSA,\N
ESP,gdp_real_per_capita_lcu_quarterly_nsa_estimate,2013-Q2,quarterly,5568.099557493397,\N,estimated,IMF_QNEA,derived_per_capita|QNEA|B1GQ|Q|NSA|XDC|Q|population=SP.POP.TOTL_interpolated,NSA,\N
ESP,gdp_real_per_capita_lcu_quarterly_nsa_estimate,2013-Q3,quarterly,5464.926935626132,\N,estimated,IMF_QNEA,derived_per_capita|QNEA|B1GQ|Q|NSA|XDC|Q|population=SP.POP.TOTL_interpolated,NSA,\N
ESP,gdp_real_per_capita_lcu_quarterly_nsa_estimate,2013-Q4,quarterly,5648.500392724462,\N,estimated,IMF_QNEA,derived_per_capita|QNEA|B1GQ|Q|NSA|XDC|Q|population=SP.POP.TOTL_interpolated,NSA,\N
ESP,gdp_real_per_capita_lcu_quarterly_nsa_estimate,2014-Q1,quarterly,5365.532167299673,\N,estimated,IMF_QNEA,derived_per_capita|QNEA|B1GQ|Q|NSA|XDC|Q|population=SP.POP.TOTL_interpolated,NSA,\N
ESP,gdp_real_per_capita_lcu_quarterly_nsa_estimate,2014-Q2,quarterly,5636.1160799311665,\N,estimated,IMF_QNEA,derived_per_capita|QNEA|B1GQ|Q|NSA|XDC|Q|population=SP.POP.TOTL_interpolated,NSA,\N
ESP,gdp_real_per_capita_lcu_quarterly_nsa_estimate,2014-Q3,quarterly,5580.861848456729,\N,estimated,IMF_QNEA,derived_per_capita|QNEA|B1GQ|Q|NSA|XDC|Q|population=SP.POP.TOTL_interpolated,NSA,\N
ESP,gdp_real_per_capita_lcu_quarterly_nsa_estimate,2014-Q4,quarterly,5803.079167070318,\N,estimated,IMF_QNEA,derived_per_capita|QNEA|B1GQ|Q|NSA|XDC|Q|population=SP.POP.TOTL_interpolated,NSA,\N
EST,gdp_real_per_capita_lcu_quarterly_nsa_estimate,2010-Q1,quarterly,2544.968504439392,\N,estimated,IMF_QNEA,derived_per_capita|QNEA|B1GQ|Q|NSA|XDC|Q|population=SP.POP.TOTL_interpolated,NSA,\N
EST,gdp_real_per_capita_lcu_quarterly_nsa_estimate,2010-Q2,quarterly,2807.8803231483907,\N,estimated,IMF_QNEA,derived_per_capita|QNEA|B1GQ|Q|NSA|XDC|Q|population=SP.POP.TOTL_interpolated,NSA,\N
EST,gdp_real_per_capita_lcu_quarterly_nsa_estimate,2010-Q3,quarterly,2794.9721395678566,\N,estimated,IMF_QNEA,derived_per_capita|QNEA|B1GQ|Q|NSA|XDC|Q|population=SP.POP.TOTL_interpolated,NSA,\N
EST,gdp_real_per_capita_lcu_quarterly_nsa_estimate,2010-Q4,quarterly,2925.338390309118,\N,estimated,IMF_QNEA,derived_per_capita|QNEA|B1GQ|Q|NSA|XDC|Q|population=SP.POP.TOTL_interpolated,NSA,\N
EST,gdp_real_per_capita_lcu_quarterly_nsa_estimate,2011-Q1,quarterly,2783.5013168813784,\N,estimated,IMF_QNEA,derived_per_capita|QNEA|B1GQ|Q|NSA|XDC|Q|population=SP.POP.TOTL_interpolated,NSA,\N
EST,gdp_real_per_capita_lcu_quarterly_nsa_estimate,2011-Q2,quarterly,3045.3881377112807,\N,estimated,IMF_QNEA,derived_per_capita|QNEA|B1GQ|Q|NSA|XDC|Q|population=SP.POP.TOTL_interpolated,NSA,\N
EST,gdp_real_per_capita_lcu_quarterly_nsa_estimate,2011-Q3,quarterly,3061.8822577471824,\N,estimated,IMF_QNEA,derived_per_capita|QNEA|B1GQ|Q|NSA|XDC|Q|population=SP.POP.TOTL_interpolated,NSA,\N
EST,gdp_real_per_capita_lcu_quarterly_nsa_estimate,2011-Q4,quarterly,3060.5704975761987,\N,estimated,IMF_QNEA,derived_per_capita|QNEA|B1GQ|Q|NSA|XDC|Q|population=SP.POP.TOTL_interpolated,NSA,\N
EST,gdp_real_per_capita_lcu_quarterly_nsa_estimate,2012-Q1,quarterly,2880.149091148349,\N,estimated,IMF_QNEA,derived_per_capita|QNEA|B1GQ|Q|NSA|XDC|Q|population=SP.POP.TOTL_interpolated,NSA,\N
EST,gdp_real_per_capita_lcu_quarterly_nsa_estimate,2012-Q2,quarterly,3167.0525836641677,\N,estimated,IMF_QNEA,derived_per_capita|QNEA|B1GQ|Q|NSA|XDC|Q|population=SP.POP.TOTL_interpolated,NSA,\N
EST,gdp_real_per_capita_lcu_quarterly_nsa_estimate,2012-Q3,quarterly,3175.629453678513,\N,estimated,IMF_QNEA,derived_per_capita|QNEA|B1GQ|Q|NSA|XDC|Q|population=SP.POP.TOTL_interpolated,NSA,\N
EST,gdp_real_per_capita_lcu_quarterly_nsa_estimate,2012-Q4,quarterly,3211.008392575669,\N,estimated,IMF_QNEA,derived_per_capita|QNEA|B1GQ|Q|NSA|XDC|Q|population=SP.POP.TOTL_interpolated,NSA,\N
EST,gdp_real_per_capita_lcu_quarterly_nsa_estimate,2013-Q1,quarterly,3013.62100395396,\N,estimated,IMF_QNEA,derived_per_capita|QNEA|B1GQ|Q|NSA|XDC|Q|population=SP.POP.TOTL_interpolated,NSA,\N
EST,gdp_real_per_capita_lcu_quarterly_nsa_estimate,2013-Q2,quarterly,3236.0922190424103,\N,estimated,IMF_QNEA,derived_per_capita|QNEA|B1GQ|Q|NSA|XDC|Q|population=SP.POP.TOTL_interpolated,NSA,\N
EST,gdp_real_per_capita_lcu_quarterly_nsa_estimate,2013-Q3,quarterly,3216.7169645478725,\N,estimated,IMF_QNEA,derived_per_capita|QNEA|B1GQ|Q|NSA|XDC|Q|population=SP.POP.TOTL_interpolated,NSA,\N
EST,gdp_real_per_capita_lcu_quarterly_nsa_estimate,2013-Q4,quarterly,3229.2669553376713,\N,estimated,IMF_QNEA,derived_per_capita|QNEA|B1GQ|Q|NSA|XDC|Q|population=SP.POP.TOTL_interpolated,NSA,\N
EST,gdp_real_per_capita_lcu_quarterly_nsa_estimate,2014-Q1,quarterly,3039.2603161854468,\N,estimated,IMF_QNEA,derived_per_capita|QNEA|B1GQ|Q|NSA|XDC|Q|population=SP.POP.TOTL_interpolated,NSA,\N
EST,gdp_real_per_capita_lcu_quarterly_nsa_estimate,2014-Q2,quarterly,3327.296250891023,\N,estimated,IMF_QNEA,derived_per_capita|QNEA|B1GQ|Q|NSA|XDC|Q|population=SP.POP.TOTL_interpolated,NSA,\N
EST,gdp_real_per_capita_lcu_quarterly_nsa_estimate,2014-Q3,quarterly,3319.370630768087,\N,estimated,IMF_QNEA,derived_per_capita|QNEA|B1GQ|Q|NSA|XDC|Q|population=SP.POP.TOTL_interpolated,NSA,\N
EST,gdp_real_per_capita_lcu_quarterly_nsa_estimate,2014-Q4,quarterly,3462.1508175360536,\N,estimated,IMF_QNEA,derived_per_capita|QNEA|B1GQ|Q|NSA|XDC|Q|population=SP.POP.TOTL_interpolated,NSA,\N
FIN,gdp_real_per_capita_lcu_quarterly_nsa_estimate,2010-Q1,quarterly,8219.377552687994,\N,estimated,IMF_QNEA,derived_per_capita|QNEA|B1GQ|Q|NSA|XDC|Q|population=SP.POP.TOTL_interpolated,NSA,\N
FIN,gdp_real_per_capita_lcu_quarterly_nsa_estimate,2010-Q2,quarterly,8879.141711795497,\N,estimated,IMF_QNEA,derived_per_capita|QNEA|B1GQ|Q|NSA|XDC|Q|population=SP.POP.TOTL_interpolated,NSA,\N
FIN,gdp_real_per_capita_lcu_quarterly_nsa_estimate,2010-Q3,quarterly,8630.313010099382,\N,estimated,IMF_QNEA,derived_per_capita|QNEA|B1GQ|Q|NSA|XDC|Q|population=SP.POP.TOTL_interpolated,NSA,\N
FIN,gdp_real_per_capita_lcu_quarterly_nsa_estimate,2010-Q4,quarterly,9349.114753569018,\N,estimated,IMF_QNEA,derived_per_capita|QNEA|B1GQ|Q|NSA|XDC|Q|population=SP.POP.TOTL_interpolated,NSA,\N
FIN,gdp_real_per_capita_lcu_quarterly_nsa_estimate,2011-Q1,quarterly,8621.451802232303,\N,estimated,IMF_QNEA,derived_per_capita|QNEA|B1GQ|Q|NSA|XDC|Q|population=SP.POP.TOTL_interpolated,NSA,\N
FIN,gdp_real_per_capita_lcu_quarterly_nsa_estimate,2011-Q2,quarterly,9004.741410848188,\N,estimated,IMF_QNEA,derived_per_capita|QNEA|B1GQ|Q|NSA|XDC|Q|population=SP.POP.TOTL_interpolated,NSA,\N
FIN,gdp_real_per_capita_lcu_quarterly_nsa_estimate,2011-Q3,quarterly,8816.666795005596,\N,estimated,IMF_QNEA,derived_per_capita|QNEA|B1GQ|Q|NSA|XDC|Q|population=SP.POP.TOTL_interpolated,NSA,\N
FIN,gdp_real_per_capita_lcu_quarterly_nsa_estimate,2011-Q4,quarterly,9307.599697471751,\N,estimated,IMF_QNEA,derived_per_capita|QNEA|B1GQ|Q|NSA|XDC|Q|population=SP.POP.TOTL_interpolated,NSA,\N
FIN,gdp_real_per_capita_lcu_quarterly_nsa_estimate,2012-Q1,quarterly,8588.195789618569,\N,estimated,IMF_QNEA,derived_per_capita|QNEA|B1GQ|Q|NSA|XDC|Q|population=SP.POP.TOTL_interpolated,NSA,\N
FIN,gdp_real_per_capita_lcu_quarterly_nsa_estimate,2012-Q2,quarterly,8817.629171307564,\N,estimated,IMF_QNEA,derived_per_capita|QNEA|B1GQ|Q|NSA|XDC|Q|population=SP.POP.TOTL_interpolated,NSA,\N
FIN,gdp_real_per_capita_lcu_quarterly_nsa_estimate,2012-Q3,quarterly,8593.03594212591,\N,estimated,IMF_QNEA,derived_per_capita|QNEA|B1GQ|Q|NSA|XDC|Q|population=SP.POP.TOTL_interpolated,NSA,\N
FIN,gdp_real_per_capita_lcu_quarterly_nsa_estimate,2012-Q4,quarterly,9041.510525731817,\N,estimated,IMF_QNEA,derived_per_capita|QNEA|B1GQ|Q|NSA|XDC|Q|population=SP.POP.TOTL_interpolated,NSA,\N
FIN,gdp_real_per_capita_lcu_quarterly_nsa_estimate,2013-Q1,quarterly,8278.661432253082,\N,estimated,IMF_QNEA,derived_per_capita|QNEA|B1GQ|Q|NSA|XDC|Q|population=SP.POP.TOTL_interpolated,NSA,\N
FIN,gdp_real_per_capita_lcu_quarterly_nsa_estimate,2013-Q2,quarterly,8740.43902598084,\N,estimated,IMF_QNEA,derived_per_capita|QNEA|B1GQ|Q|NSA|XDC|Q|population=SP.POP.TOTL_interpolated,NSA,\N
FIN,gdp_real_per_capita_lcu_quarterly_nsa_estimate,2013-Q3,quarterly,8566.358595804928,\N,estimated,IMF_QNEA,derived_per_capita|QNEA|B1GQ|Q|NSA|XDC|Q|population=SP.POP.TOTL_interpolated,NSA,\N
FIN,gdp_real_per_capita_lcu_quarterly_nsa_estimate,2013-Q4,quarterly,8953.155204763829,\N,estimated,IMF_QNEA,derived_per_capita|QNEA|B1GQ|Q|NSA|XDC|Q|population=SP.POP.TOTL_interpolated,NSA,\N
FIN,gdp_real_per_capita_lcu_quarterly_nsa_estimate,2014-Q1,quarterly,8200.435219642295,\N,estimated,IMF_QNEA,derived_per_capita|QNEA|B1GQ|Q|NSA|XDC|Q|population=SP.POP.TOTL_interpolated,NSA,\N
FIN,gdp_real_per_capita_lcu_quarterly_nsa_estimate,2014-Q2,quarterly,8631.500714429063,\N,estimated,IMF_QNEA,derived_per_capita|QNEA|B1GQ|Q|NSA|XDC|Q|population=SP.POP.TOTL_interpolated,NSA,\N
FIN,gdp_real_per_capita_lcu_quarterly_nsa_estimate,2014-Q3,quarterly,8492.163452612649,\N,estimated,IMF_QNEA,derived_per_capita|QNEA|B1GQ|Q|NSA|XDC|Q|population=SP.POP.TOTL_interpolated,NSA,\N
FIN,gdp_real_per_capita_lcu_quarterly_nsa_estimate,2014-Q4,quarterly,8909.221740267767,\N,estimated,IMF_QNEA,derived_per_capita|QNEA|B1GQ|Q|NSA|XDC|Q|population=SP.POP.TOTL_interpolated,NSA,\N
FRA,gdp_real_per_capita_lcu_quarterly_nsa_estimate,2010-Q1,quarterly,7513.243375749051,\N,estimated,IMF_QNEA,derived_per_capita|QNEA|B1GQ|Q|NSA|XDC|Q|population=SP.POP.TOTL_interpolated,NSA,\N
FRA,gdp_real_per_capita_lcu_quarterly_nsa_estimate,2010-Q2,quarterly,7673.824745854302,\N,estimated,IMF_QNEA,derived_per_capita|QNEA|B1GQ|Q|NSA|XDC|Q|population=SP.POP.TOTL_interpolated,NSA,\N
FRA,gdp_real_per_capita_lcu_quarterly_nsa_estimate,2010-Q3,quarterly,7568.603746724781,\N,estimated,IMF_QNEA,derived_per_capita|QNEA|B1GQ|Q|NSA|XDC|Q|population=SP.POP.TOTL_interpolated,NSA,\N
FRA,gdp_real_per_capita_lcu_quarterly_nsa_estimate,2010-Q4,quarterly,7940.38415322302,\N,estimated,IMF_QNEA,derived_per_capita|QNEA|B1GQ|Q|NSA|XDC|Q|population=SP.POP.TOTL_interpolated,NSA,\N
FRA,gdp_real_per_capita_lcu_quarterly_nsa_estimate,2011-Q1,quarterly,7743.615443241024,\N,estimated,IMF_QNEA,derived_per_capita|QNEA|B1GQ|Q|NSA|XDC|Q|population=SP.POP.TOTL_interpolated,NSA,\N
FRA,gdp_real_per_capita_lcu_quarterly_nsa_estimate,2011-Q2,quarterly,7836.126623946427,\N,estimated,IMF_QNEA,derived_per_capita|QNEA|B1GQ|Q|NSA|XDC|Q|population=SP.POP.TOTL_interpolated,NSA,\N
FRA,gdp_real_per_capita_lcu_quarterly_nsa_estimate,2011-Q3,quarterly,7683.958261683677,\N,estimated,IMF_QNEA,derived_per_capita|QNEA|B1GQ|Q|NSA|XDC|Q|population=SP.POP.TOTL_interpolated,NSA,\N
FRA,gdp_real_per_capita_lcu_quarterly_nsa_estimate,2011-Q4,quarterly,8029.05442570334,\N,estimated,IMF_QNEA,derived_per_capita|QNEA|B1GQ|Q|NSA|XDC|Q|population=SP.POP.TOTL_interpolated,NSA,\N
FRA,gdp_real_per_capita_lcu_quarterly_nsa_estimate,2012-Q1,quarterly,7793.775924590222,\N,estimated,IMF_QNEA,derived_per_capita|QNEA|B1GQ|Q|NSA|XDC|Q|population=SP.POP.TOTL_interpolated,NSA,\N
FRA,gdp_real_per_capita_lcu_quarterly_nsa_estimate,2012-Q2,quarterly,7769.300635111362,\N,estimated,IMF_QNEA,derived_per_capita|QNEA|B1GQ|Q|NSA|XDC|Q|population=SP.POP.TOTL_interpolated,NSA,\N
FRA,gdp_real_per_capita_lcu_quarterly_nsa_estimate,2012-Q3,quarterly,7643.211979269961,\N,estimated,IMF_QNEA,derived_per_capita|QNEA|B1GQ|Q|NSA|XDC|Q|population=SP.POP.TOTL_interpolated,NSA,\N
FRA,gdp_real_per_capita_lcu_quarterly_nsa_estimate,2012-Q4,quarterly,7991.574169489876,\N,estimated,IMF_QNEA,derived_per_capita|QNEA|B1GQ|Q|NSA|XDC|Q|population=SP.POP.TOTL_interpolated,NSA,\N
FRA,gdp_real_per_capita_lcu_quarterly_nsa_estimate,2013-Q1,quarterly,7698.536817124209,\N,estimated,IMF_QNEA,derived_per_capita|QNEA|B1GQ|Q|NSA|XDC|Q|population=SP.POP.TOTL_interpolated,NSA,\N
FRA,gdp_real_per_capita_lcu_quarterly_nsa_estimate,2013-Q2,quarterly,7830.9037213797565,\N,estimated,IMF_QNEA,derived_per_capita|QNEA|B1GQ|Q|NSA|XDC|Q|population=SP.POP.TOTL_interpolated,NSA,\N
FRA,gdp_real_per_capita_lcu_quarterly_nsa_estimate,2013-Q3,quarterly,7706.585030868937,\N,estimated,IMF_QNEA,derived_per_capita|QNEA|B1GQ|Q|NSA|XDC|Q|population=SP.POP.TOTL_interpolated,NSA,\N
FRA,gdp_real_per_capita_lcu_quarterly_nsa_estimate,2013-Q4,quarterly,8046.303781033993,\N,estimated,IMF_QNEA,derived_per_capita|QNEA|B1GQ|Q|NSA|XDC|Q|population=SP.POP.TOTL_interpolated,NSA,\N
FRA,gdp_real_per_capita_lcu_quarterly_nsa_estimate,2014-Q1,quarterly,7759.106606915848,\N,estimated,IMF_QNEA,derived_per_capita|QNEA|B1GQ|Q|NSA|XDC|Q|population=SP.POP.TOTL_interpolated,NSA,\N
FRA,gdp_real_per_capita_lcu_quarterly_nsa_estimate,2014-Q2,quarterly,7836.975354411435,\N,estimated,IMF_QNEA,derived_per_capita|QNEA|B1GQ|Q|NSA|XDC|Q|population=SP.POP.TOTL_interpolated,NSA,\N
FRA,gdp_real_per_capita_lcu_quarterly_nsa_estimate,2014-Q3,quarterly,7762.902673277962,\N,estimated,IMF_QNEA,derived_per_capita|QNEA|B1GQ|Q|NSA|XDC|Q|population=SP.POP.TOTL_interpolated,NSA,\N
FRA,gdp_real_per_capita_lcu_quarterly_nsa_estimate,2014-Q4,quarterly,8088.995062182294,\N,estimated,IMF_QNEA,derived_per_capita|QNEA|B1GQ|Q|NSA|XDC|Q|population=SP.POP.TOTL_interpolated,NSA,\N
GBR,gdp_real_per_capita_lcu_quarterly_nsa_estimate,2010-Q1,quarterly,8822.82266909201,\N,estimated,IMF_QNEA,derived_per_capita|QNEA|B1GQ|Q|NSA|XDC|Q|population=SP.POP.TOTL_interpolated,NSA,\N
GBR,gdp_real_per_capita_lcu_quarterly_nsa_estimate,2010-Q2,quarterly,8758.56944059527,\N,estimated,IMF_QNEA,derived_per_capita|QNEA|B1GQ|Q|NSA|XDC|Q|population=SP.POP.TOTL_interpolated,NSA,\N
GBR,gdp_real_per_capita_lcu_quarterly_nsa_estimate,2010-Q3,quarterly,9093.15467258471,\N,estimated,IMF_QNEA,derived_per_capita|QNEA|B1GQ|Q|NSA|XDC|Q|population=SP.POP.TOTL_interpolated,NSA,\N
GBR,gdp_real_per_capita_lcu_quarterly_nsa_estimate,2010-Q4,quarterly,9170.508930597256,\N,estimated,IMF_QNEA,derived_per_capita|QNEA|B1GQ|Q|NSA|XDC|Q|population=SP.POP.TOTL_interpolated,NSA,\N
GBR,gdp_real_per_capita_lcu_quarterly_nsa_estimate,2011-Q1,quarterly,8897.750681888474,\N,estimated,IMF_QNEA,derived_per_capita|QNEA|B1GQ|Q|NSA|XDC|Q|population=SP.POP.TOTL_interpolated,NSA,\N
GBR,gdp_real_per_capita_lcu_quarterly_nsa_estimate,2011-Q2,quarterly,8792.233230622845,\N,estimated,IMF_QNEA,derived_per_capita|QNEA|B1GQ|Q|NSA|XDC|Q|population=SP.POP.TOTL_interpolated,NSA,\N
GBR,gdp_real_per_capita_lcu_quarterly_nsa_estimate,2011-Q3,quarterly,9029.897911578173,\N,estimated,IMF_QNEA,derived_per_capita|QNEA|B1GQ|Q|NSA|XDC|Q|population=SP.POP.TOTL_interpolated,NSA,\N
GBR,gdp_real_per_capita_lcu_quarterly_nsa_estimate,2011-Q4,quarterly,9152.401315617682,\N,estimated,IMF_QNEA,derived_per_capita|QNEA|B1GQ|Q|NSA|XDC|Q|population=SP.POP.TOTL_interpolated,NSA,\N
GBR,gdp_real_per_capita_lcu_quarterly_nsa_estimate,2012-Q1,quarterly,8943.92857038173,\N,estimated,IMF_QNEA,derived_per_capita|QNEA|B1GQ|Q|NSA|XDC|Q|population=SP.POP.TOTL_interpolated,NSA,\N
GBR,gdp_real_per_capita_lcu_quarterly_nsa_estimate,2012-Q2,quarterly,8836.707693435777,\N,estimated,IMF_QNEA,derived_per_capita|QNEA|B1GQ|Q|NSA|XDC|Q|population=SP.POP.TOTL_interpolated,NSA,\N
GBR,gdp_real_per_capita_lcu_quarterly_nsa_estimate,2012-Q3,quarterly,9101.367338737344,\N,estimated,IMF_QNEA,derived_per_capita|QNEA|B1GQ|Q|NSA|XDC|Q|population=SP.POP.TOTL_interpolated,NSA,\N
GBR,gdp_real_per_capita_lcu_quarterly_nsa_estimate,2012-Q4,quarterly,9278.76250809736,\N,estimated,IMF_QNEA,derived_per_capita|QNEA|B1GQ|Q|NSA|XDC|Q|population=SP.POP.TOTL_interpolated,NSA,\N
GBR,gdp_real_per_capita_lcu_quarterly_nsa_estimate,2013-Q1,quarterly,8961.801247696958,\N,estimated,IMF_QNEA,derived_per_capita|QNEA|B1GQ|Q|NSA|XDC|Q|population=SP.POP.TOTL_interpolated,NSA,\N
GBR,gdp_real_per_capita_lcu_quarterly_nsa_estimate,2013-Q2,quarterly,8979.205230583779,\N,estimated,IMF_QNEA,derived_per_capita|QNEA|B1GQ|Q|NSA|XDC|Q|population=SP.POP.TOTL_interpolated,NSA,\N
GBR,gdp_real_per_capita_lcu_quarterly_nsa_estimate,2013-Q3,quarterly,9181.545411178286,\N,estimated,IMF_QNEA,derived_per_capita|QNEA|B1GQ|Q|NSA|XDC|Q|population=SP.POP.TOTL_interpolated,NSA,\N
GBR,gdp_real_per_capita_lcu_quarterly_nsa_estimate,2013-Q4,quarterly,9408.819796831,\N,estimated,IMF_QNEA,derived_per_capita|QNEA|B1GQ|Q|NSA|XDC|Q|population=SP.POP.TOTL_interpolated,NSA,\N
GBR,gdp_real_per_capita_lcu_quarterly_nsa_estimate,2014-Q1,quarterly,9202.337883528706,\N,estimated,IMF_QNEA,derived_per_capita|QNEA|B1GQ|Q|NSA|XDC|Q|population=SP.POP.TOTL_interpolated,NSA,\N
GBR,gdp_real_per_capita_lcu_quarterly_nsa_estimate,2014-Q2,quarterly,9250.904697456392,\N,estimated,IMF_QNEA,derived_per_capita|QNEA|B1GQ|Q|NSA|XDC|Q|population=SP.POP.TOTL_interpolated,NSA,\N
GBR,gdp_real_per_capita_lcu_quarterly_nsa_estimate,2014-Q3,quarterly,9364.539445711414,\N,estimated,IMF_QNEA,derived_per_capita|QNEA|B1GQ|Q|NSA|XDC|Q|population=SP.POP.TOTL_interpolated,NSA,\N
GBR,gdp_real_per_capita_lcu_quarterly_nsa_estimate,2014-Q4,quarterly,9592.63517736845,\N,estimated,IMF_QNEA,derived_per_capita|QNEA|B1GQ|Q|NSA|XDC|Q|population=SP.POP.TOTL_interpolated,NSA,\N
GHA,gdp_real_per_capita_lcu_quarterly_nsa_estimate,2014-Q1,quarterly,1060.5230011653255,\N,estimated,IMF_QNEA,derived_per_capita|QNEA|B1GQ|Q|NSA|XDC|Q|population=SP.POP.TOTL_interpolated,NSA,\N
GHA,gdp_real_per_capita_lcu_quarterly_nsa_estimate,2014-Q2,quarterly,1120.152610632413,\N,estimated,IMF_QNEA,derived_per_capita|QNEA|B1GQ|Q|NSA|XDC|Q|population=SP.POP.TOTL_interpolated,NSA,\N
GHA,gdp_real_per_capita_lcu_quarterly_nsa_estimate,2014-Q3,quarterly,1167.3732765090347,\N,estimated,IMF_QNEA,derived_per_capita|QNEA|B1GQ|Q|NSA|XDC|Q|population=SP.POP.TOTL_interpolated,NSA,\N
GHA,gdp_real_per_capita_lcu_quarterly_nsa_estimate,2014-Q4,quarterly,1216.2911356846332,\N,estimated,IMF_QNEA,derived_per_capita|QNEA|B1GQ|Q|NSA|XDC|Q|population=SP.POP.TOTL_interpolated,NSA,\N
GMB,gdp_real_per_capita_lcu_quarterly_nsa_estimate,2014-Q1,quarterly,5466.0937237610615,\N,estimated,IMF_QNEA,derived_per_capita|QNEA|B1GQ|Q|NSA|XDC|Q|population=SP.POP.TOTL_interpolated,NSA,\N
GMB,gdp_real_per_capita_lcu_quarterly_nsa_estimate,2014-Q2,quarterly,5753.148551057227,\N,estimated,IMF_QNEA,derived_per_capita|QNEA|B1GQ|Q|NSA|XDC|Q|population=SP.POP.TOTL_interpolated,NSA,\N
GMB,gdp_real_per_capita_lcu_quarterly_nsa_estimate,2014-Q3,quarterly,6651.009724436649,\N,estimated,IMF_QNEA,derived_per_capita|QNEA|B1GQ|Q|NSA|XDC|Q|population=SP.POP.TOTL_interpolated,NSA,\N
GMB,gdp_real_per_capita_lcu_quarterly_nsa_estimate,2014-Q4,quarterly,4666.151837063522,\N,estimated,IMF_QNEA,derived_per_capita|QNEA|B1GQ|Q|NSA|XDC|Q|population=SP.POP.TOTL_interpolated,NSA,\N
GRC,gdp_real_per_capita_lcu_quarterly_nsa_estimate,2010-Q1,quarterly,5022.280182428802,\N,estimated,IMF_QNEA,derived_per_capita|QNEA|B1GQ|Q|NSA|XDC|Q|population=SP.POP.TOTL_interpolated,NSA,\N
GRC,gdp_real_per_capita_lcu_quarterly_nsa_estimate,2010-Q2,quarterly,5056.864848448326,\N,estimated,IMF_QNEA,derived_per_capita|QNEA|B1GQ|Q|NSA|XDC|Q|population=SP.POP.TOTL_interpolated,NSA,\N
GRC,gdp_real_per_capita_lcu_quarterly_nsa_estimate,2010-Q3,quarterly,5013.895138173331,\N,estimated,IMF_QNEA,derived_per_capita|QNEA|B1GQ|Q|NSA|XDC|Q|population=SP.POP.TOTL_interpolated,NSA,\N
GRC,gdp_real_per_capita_lcu_quarterly_nsa_estimate,2010-Q4,quarterly,5018.5429453112765,\N,estimated,IMF_QNEA,derived_per_capita|QNEA|B1GQ|Q|NSA|XDC|Q|population=SP.POP.TOTL_interpolated,NSA,\N
GRC,gdp_real_per_capita_lcu_quarterly_nsa_estimate,2011-Q1,quarterly,4451.329772324565,\N,estimated,IMF_QNEA,derived_per_capita|QNEA|B1GQ|Q|NSA|XDC|Q|population=SP.POP.TOTL_interpolated,NSA,\N
GRC,gdp_real_per_capita_lcu_quarterly_nsa_estimate,2011-Q2,quarterly,4623.03586966787,\N,estimated,IMF_QNEA,derived_per_capita|QNEA|B1GQ|Q|NSA|XDC|Q|population=SP.POP.TOTL_interpolated,NSA,\N
GRC,gdp_real_per_capita_lcu_quarterly_nsa_estimate,2011-Q3,quarterly,4659.301446413592,\N,estimated,IMF_QNEA,derived_per_capita|QNEA|B1GQ|Q|NSA|XDC|Q|population=SP.POP.TOTL_interpolated,NSA,\N
GRC,gdp_real_per_capita_lcu_quarterly_nsa_estimate,2011-Q4,quarterly,4420.858399338918,\N,estimated,IMF_QNEA,derived_per_capita|QNEA|B1GQ|Q|NSA|XDC|Q|population=SP.POP.TOTL_interpolated,NSA,\N
GRC,gdp_real_per_capita_lcu_quarterly_nsa_estimate,2012-Q1,quarterly,4053.24021406186,\N,estimated,IMF_QNEA,derived_per_capita|QNEA|B1GQ|Q|NSA|XDC|Q|population=SP.POP.TOTL_interpolated,NSA,\N
GRC,gdp_real_per_capita_lcu_quarterly_nsa_estimate,2012-Q2,quarterly,4184.417278960944,\N,estimated,IMF_QNEA,derived_per_capita|QNEA|B1GQ|Q|NSA|XDC|Q|population=SP.POP.TOTL_interpolated,NSA,\N
GRC,gdp_real_per_capita_lcu_quarterly_nsa_estimate,2012-Q3,quarterly,4284.011550748724,\N,estimated,IMF_QNEA,derived_per_capita|QNEA|B1GQ|Q|NSA|XDC|Q|population=SP.POP.TOTL_interpolated,NSA,\N
GRC,gdp_real_per_capita_lcu_quarterly_nsa_estimate,2012-Q4,quarterly,4206.735128661456,\N,estimated,IMF_QNEA,derived_per_capita|QNEA|B1GQ|Q|NSA|XDC|Q|population=SP.POP.TOTL_interpolated,NSA,\N
GRC,gdp_real_per_capita_lcu_quarterly_nsa_estimate,2013-Q1,quarterly,3835.87235901957,\N,estimated,IMF_QNEA,derived_per_capita|QNEA|B1GQ|Q|NSA|XDC|Q|population=SP.POP.TOTL_interpolated,NSA,\N
GRC,gdp_real_per_capita_lcu_quarterly_nsa_estimate,2013-Q2,quarterly,4073.811263961084,\N,estimated,IMF_QNEA,derived_per_capita|QNEA|B1GQ|Q|NSA|XDC|Q|population=SP.POP.TOTL_interpolated,NSA,\N
GRC,gdp_real_per_capita_lcu_quarterly_nsa_estimate,2013-Q3,quarterly,4285.823236136271,\N,estimated,IMF_QNEA,derived_per_capita|QNEA|B1GQ|Q|NSA|XDC|Q|population=SP.POP.TOTL_interpolated,NSA,\N
GRC,gdp_real_per_capita_lcu_quarterly_nsa_estimate,2013-Q4,quarterly,4267.667969059816,\N,estimated,IMF_QNEA,derived_per_capita|QNEA|B1GQ|Q|NSA|XDC|Q|population=SP.POP.TOTL_interpolated,NSA,\N
GRC,gdp_real_per_capita_lcu_quarterly_nsa_estimate,2014-Q1,quarterly,3889.616246693863,\N,estimated,IMF_QNEA,derived_per_capita|QNEA|B1GQ|Q|NSA|XDC|Q|population=SP.POP.TOTL_interpolated,NSA,\N
GRC,gdp_real_per_capita_lcu_quarterly_nsa_estimate,2014-Q2,quarterly,4139.816946706226,\N,estimated,IMF_QNEA,derived_per_capita|QNEA|B1GQ|Q|NSA|XDC|Q|population=SP.POP.TOTL_interpolated,NSA,\N
GRC,gdp_real_per_capita_lcu_quarterly_nsa_estimate,2014-Q3,quarterly,4367.417673761775,\N,estimated,IMF_QNEA,derived_per_capita|QNEA|B1GQ|Q|NSA|XDC|Q|population=SP.POP.TOTL_interpolated,NSA,\N
GRC,gdp_real_per_capita_lcu_quarterly_nsa_estimate,2014-Q4,quarterly,4308.6317710804315,\N,estimated,IMF_QNEA,derived_per_capita|QNEA|B1GQ|Q|NSA|XDC|Q|population=SP.POP.TOTL_interpolated,NSA,\N
GTM,gdp_real_per_capita_lcu_quarterly_nsa_estimate,2013-Q1,quarterly,6805.585308896603,\N,estimated,IMF_QNEA,derived_per_capita|QNEA|B1GQ|Q|NSA|XDC|Q|population=SP.POP.TOTL_interpolated,NSA,\N
GTM,gdp_real_per_capita_lcu_quarterly_nsa_estimate,2013-Q2,quarterly,6723.152094775966,\N,estimated,IMF_QNEA,derived_per_capita|QNEA|B1GQ|Q|NSA|XDC|Q|population=SP.POP.TOTL_interpolated,NSA,\N
GTM,gdp_real_per_capita_lcu_quarterly_nsa_estimate,2013-Q3,quarterly,6637.16343033453,\N,estimated,IMF_QNEA,derived_per_capita|QNEA|B1GQ|Q|NSA|XDC|Q|population=SP.POP.TOTL_interpolated,NSA,\N
GTM,gdp_real_per_capita_lcu_quarterly_nsa_estimate,2013-Q4,quarterly,6894.517020622378,\N,estimated,IMF_QNEA,derived_per_capita|QNEA|B1GQ|Q|NSA|XDC|Q|population=SP.POP.TOTL_interpolated,NSA,\N
GTM,gdp_real_per_capita_lcu_quarterly_nsa_estimate,2014-Q1,quarterly,6954.413676270424,\N,estimated,IMF_QNEA,derived_per_capita|QNEA|B1GQ|Q|NSA|XDC|Q|population=SP.POP.TOTL_interpolated,NSA,\N
GTM,gdp_real_per_capita_lcu_quarterly_nsa_estimate,2014-Q2,quarterly,6880.809054059551,\N,estimated,IMF_QNEA,derived_per_capita|QNEA|B1GQ|Q|NSA|XDC|Q|population=SP.POP.TOTL_interpolated,NSA,\N
GTM,gdp_real_per_capita_lcu_quarterly_nsa_estimate,2014-Q3,quarterly,6793.677830425375,\N,estimated,IMF_QNEA,derived_per_capita|QNEA|B1GQ|Q|NSA|XDC|Q|population=SP.POP.TOTL_interpolated,NSA,\N
GTM,gdp_real_per_capita_lcu_quarterly_nsa_estimate,2014-Q4,quarterly,7103.336542508375,\N,estimated,IMF_QNEA,derived_per_capita|QNEA|B1GQ|Q|NSA|XDC|Q|population=SP.POP.TOTL_interpolated,NSA,\N
HRV,gdp_real_per_capita_lcu_quarterly_nsa_estimate,2010-Q1,quarterly,2308.1144887470296,\N,estimated,IMF_QNEA,derived_per_capita|QNEA|B1GQ|Q|NSA|XDC|Q|population=SP.POP.TOTL_interpolated,NSA,\N
HRV,gdp_real_per_capita_lcu_quarterly_nsa_estimate,2010-Q2,quarterly,2558.9522786801454,\N,estimated,IMF_QNEA,derived_per_capita|QNEA|B1GQ|Q|NSA|XDC|Q|population=SP.POP.TOTL_interpolated,NSA,\N
HRV,gdp_real_per_capita_lcu_quarterly_nsa_estimate,2010-Q3,quarterly,2931.3362015347866,\N,estimated,IMF_QNEA,derived_per_capita|QNEA|B1GQ|Q|NSA|XDC|Q|population=SP.POP.TOTL_interpolated,NSA,\N
HRV,gdp_real_per_capita_lcu_quarterly_nsa_estimate,2010-Q4,quarterly,2560.0863113396567,\N,estimated,IMF_QNEA,derived_per_capita|QNEA|B1GQ|Q|NSA|XDC|Q|population=SP.POP.TOTL_interpolated,NSA,\N
HRV,gdp_real_per_capita_lcu_quarterly_nsa_estimate,2011-Q1,quarterly,2260.795180103934,\N,estimated,IMF_QNEA,derived_per_capita|QNEA|B1GQ|Q|NSA|XDC|Q|population=SP.POP.TOTL_interpolated,NSA,\N
HRV,gdp_real_per_capita_lcu_quarterly_nsa_estimate,2011-Q2,quarterly,2604.696675539169,\N,estimated,IMF_QNEA,derived_per_capita|QNEA|B1GQ|Q|NSA|XDC|Q|population=SP.POP.TOTL_interpolated,NSA,\N
HRV,gdp_real_per_capita_lcu_quarterly_nsa_estimate,2011-Q3,quarterly,2953.6406224705056,\N,estimated,IMF_QNEA,derived_per_capita|QNEA|B1GQ|Q|NSA|XDC|Q|population=SP.POP.TOTL_interpolated,NSA,\N
HRV,gdp_real_per_capita_lcu_quarterly_nsa_estimate,2011-Q4,quarterly,2564.0083642691916,\N,estimated,IMF_QNEA,derived_per_capita|QNEA|B1GQ|Q|NSA|XDC|Q|population=SP.POP.TOTL_interpolated,NSA,\N
HRV,gdp_real_per_capita_lcu_quarterly_nsa_estimate,2012-Q1,quarterly,2238.734196323434,\N,estimated,IMF_QNEA,derived_per_capita|QNEA|B1GQ|Q|NSA|XDC|Q|population=SP.POP.TOTL_interpolated,NSA,\N
HRV,gdp_real_per_capita_lcu_quarterly_nsa_estimate,2012-Q2,quarterly,2536.1744355048463,\N,estimated,IMF_QNEA,derived_per_capita|QNEA|B1GQ|Q|NSA|XDC|Q|population=SP.POP.TOTL_interpolated,NSA,\N
HRV,gdp_real_per_capita_lcu_quarterly_nsa_estimate,2012-Q3,quarterly,2915.4707107536424,\N,estimated,IMF_QNEA,derived_per_capita|QNEA|B1GQ|Q|NSA|XDC|Q|population=SP.POP.TOTL_interpolated,NSA,\N
HRV,gdp_real_per_capita_lcu_quarterly_nsa_estimate,2012-Q4,quarterly,2509.109386587999,\N,estimated,IMF_QNEA,derived_per_capita|QNEA|B1GQ|Q|NSA|XDC|Q|population=SP.POP.TOTL_interpolated,NSA,\N
HRV,gdp_real_per_capita_lcu_quarterly_nsa_estimate,2013-Q1,quarterly,2221.5099637393428,\N,estimated,IMF_QNEA,derived_per_capita|QNEA|B1GQ|Q|NSA|XDC|Q|population=SP.POP.TOTL_interpolated,NSA,\N
HRV,gdp_real_per_capita_lcu_quarterly_nsa_estimate,2013-Q2,quarterly,2569.234179712431,\N,estimated,IMF_QNEA,derived_per_capita|QNEA|B1GQ|Q|NSA|XDC|Q|population=SP.POP.TOTL_interpolated,NSA,\N
HRV,gdp_real_per_capita_lcu_quarterly_nsa_estimate,2013-Q3,quarterly,2934.370015067798,\N,estimated,IMF_QNEA,derived_per_capita|QNEA|B1GQ|Q|NSA|XDC|Q|population=SP.POP.TOTL_interpolated,NSA,\N
HRV,gdp_real_per_capita_lcu_quarterly_nsa_estimate,2013-Q4,quarterly,2524.567612060778,\N,estimated,IMF_QNEA,derived_per_capita|QNEA|B1GQ|Q|NSA|XDC|Q|population=SP.POP.TOTL_interpolated,NSA,\N
HRV,gdp_real_per_capita_lcu_quarterly_nsa_estimate,2014-Q1,quarterly,2216.5841292785153,\N,estimated,IMF_QNEA,derived_per_capita|QNEA|B1GQ|Q|NSA|XDC|Q|population=SP.POP.TOTL_interpolated,NSA,\N
HRV,gdp_real_per_capita_lcu_quarterly_nsa_estimate,2014-Q2,quarterly,2571.5484645380243,\N,estimated,IMF_QNEA,derived_per_capita|QNEA|B1GQ|Q|NSA|XDC|Q|population=SP.POP.TOTL_interpolated,NSA,\N
HRV,gdp_real_per_capita_lcu_quarterly_nsa_estimate,2014-Q3,quarterly,2938.8763797273723,\N,estimated,IMF_QNEA,derived_per_capita|QNEA|B1GQ|Q|NSA|XDC|Q|population=SP.POP.TOTL_interpolated,NSA,\N
HRV,gdp_real_per_capita_lcu_quarterly_nsa_estimate,2014-Q4,quarterly,2547.93475537296,\N,estimated,IMF_QNEA,derived_per_capita|QNEA|B1GQ|Q|NSA|XDC|Q|population=SP.POP.TOTL_interpolated,NSA,\N
HUN,gdp_real_per_capita_lcu_quarterly_nsa_estimate,2010-Q1,quarterly,617775.2457168335,\N,estimated,IMF_QNEA,derived_per_capita|QNEA|B1GQ|Q|NSA|XDC|Q|population=SP.POP.TOTL_interpolated,NSA,\N
HUN,gdp_real_per_capita_lcu_quarterly_nsa_estimate,2010-Q2,quarterly,682145.0232339975,\N,estimated,IMF_QNEA,derived_per_capita|QNEA|B1GQ|Q|NSA|XDC|Q|population=SP.POP.TOTL_interpolated,NSA,\N
HUN,gdp_real_per_capita_lcu_quarterly_nsa_estimate,2010-Q3,quarterly,707837.5714505278,\N,estimated,IMF_QNEA,derived_per_capita|QNEA|B1GQ|Q|NSA|XDC|Q|population=SP.POP.TOTL_interpolated,NSA,\N
HUN,gdp_real_per_capita_lcu_quarterly_nsa_estimate,2010-Q4,quarterly,735306.6203429691,\N,estimated,IMF_QNEA,derived_per_capita|QNEA|B1GQ|Q|NSA|XDC|Q|population=SP.POP.TOTL_interpolated,NSA,\N
HUN,gdp_real_per_capita_lcu_quarterly_nsa_estimate,2011-Q1,quarterly,637316.1952722899,\N,estimated,IMF_QNEA,derived_per_capita|QNEA|B1GQ|Q|NSA|XDC|Q|population=SP.POP.TOTL_interpolated,NSA,\N
HUN,gdp_real_per_capita_lcu_quarterly_nsa_estimate,2011-Q2,quarterly,694411.1312546916,\N,estimated,IMF_QNEA,derived_per_capita|QNEA|B1GQ|Q|NSA|XDC|Q|population=SP.POP.TOTL_interpolated,NSA,\N
HUN,gdp_real_per_capita_lcu_quarterly_nsa_estimate,2011-Q3,quarterly,719307.7532002021,\N,estimated,IMF_QNEA,derived_per_capita|QNEA|B1GQ|Q|NSA|XDC|Q|population=SP.POP.TOTL_interpolated,NSA,\N
HUN,gdp_real_per_capita_lcu_quarterly_nsa_estimate,2011-Q4,quarterly,753212.1674790094,\N,estimated,IMF_QNEA,derived_per_capita|QNEA|B1GQ|Q|NSA|XDC|Q|population=SP.POP.TOTL_interpolated,NSA,\N
HUN,gdp_real_per_capita_lcu_quarterly_nsa_estimate,2012-Q1,quarterly,638877.0186011088,\N,estimated,IMF_QNEA,derived_per_capita|QNEA|B1GQ|Q|NSA|XDC|Q|population=SP.POP.TOTL_interpolated,NSA,\N
HUN,gdp_real_per_capita_lcu_quarterly_nsa_estimate,2012-Q2,quarterly,689028.6780255955,\N,estimated,IMF_QNEA,derived_per_capita|QNEA|B1GQ|Q|NSA|XDC|Q|population=SP.POP.TOTL_interpolated,NSA,\N
HUN,gdp_real_per_capita_lcu_quarterly_nsa_estimate,2012-Q3,quarterly,714188.6755352778,\N,estimated,IMF_QNEA,derived_per_capita|QNEA|B1GQ|Q|NSA|XDC|Q|population=SP.POP.TOTL_interpolated,NSA,\N
HUN,gdp_real_per_capita_lcu_quarterly_nsa_estimate,2012-Q4,quarterly,738001.0528770735,\N,estimated,IMF_QNEA,derived_per_capita|QNEA|B1GQ|Q|NSA|XDC|Q|population=SP.POP.TOTL_interpolated,NSA,\N
HUN,gdp_real_per_capita_lcu_quarterly_nsa_estimate,2013-Q1,quarterly,637959.4325897498,\N,estimated,IMF_QNEA,derived_per_capita|QNEA|B1GQ|Q|NSA|XDC|Q|population=SP.POP.TOTL_interpolated,NSA,\N
HUN,gdp_real_per_capita_lcu_quarterly_nsa_estimate,2013-Q2,quarterly,703070.7796221817,\N,estimated,IMF_QNEA,derived_per_capita|QNEA|B1GQ|Q|NSA|XDC|Q|population=SP.POP.TOTL_interpolated,NSA,\N
HUN,gdp_real_per_capita_lcu_quarterly_nsa_estimate,2013-Q3,quarterly,739475.5577662719,\N,estimated,IMF_QNEA,derived_per_capita|QNEA|B1GQ|Q|NSA|XDC|Q|population=SP.POP.TOTL_interpolated,NSA,\N
HUN,gdp_real_per_capita_lcu_quarterly_nsa_estimate,2013-Q4,quarterly,769651.5672354859,\N,estimated,IMF_QNEA,derived_per_capita|QNEA|B1GQ|Q|NSA|XDC|Q|population=SP.POP.TOTL_interpolated,NSA,\N
HUN,gdp_real_per_capita_lcu_quarterly_nsa_estimate,2014-Q1,quarterly,669627.3558104327,\N,estimated,IMF_QNEA,derived_per_capita|QNEA|B1GQ|Q|NSA|XDC|Q|population=SP.POP.TOTL_interpolated,NSA,\N
HUN,gdp_real_per_capita_lcu_quarterly_nsa_estimate,2014-Q2,quarterly,739915.1207351697,\N,estimated,IMF_QNEA,derived_per_capita|QNEA|B1GQ|Q|NSA|XDC|Q|population=SP.POP.TOTL_interpolated,NSA,\N
HUN,gdp_real_per_capita_lcu_quarterly_nsa_estimate,2014-Q3,quarterly,772591.9966473143,\N,estimated,IMF_QNEA,derived_per_capita|QNEA|B1GQ|Q|NSA|XDC|Q|population=SP.POP.TOTL_interpolated,NSA,\N
HUN,gdp_real_per_capita_lcu_quarterly_nsa_estimate,2014-Q4,quarterly,803652.5176076846,\N,estimated,IMF_QNEA,derived_per_capita|QNEA|B1GQ|Q|NSA|XDC|Q|population=SP.POP.TOTL_interpolated,NSA,\N
IDN,gdp_real_per_capita_lcu_quarterly_nsa_estimate,2010-Q1,quarterly,6699438.885750466,\N,estimated,IMF_QNEA,derived_per_capita|QNEA|B1GQ|Q|NSA|XDC|Q|population=SP.POP.TOTL_interpolated,NSA,\N
IDN,gdp_real_per_capita_lcu_quarterly_nsa_estimate,2010-Q2,quarterly,6949960.805339881,\N,estimated,IMF_QNEA,derived_per_capita|QNEA|B1GQ|Q|NSA|XDC|Q|population=SP.POP.TOTL_interpolated,NSA,\N
IDN,gdp_real_per_capita_lcu_quarterly_nsa_estimate,2010-Q3,quarterly,7195392.569096951,\N,estimated,IMF_QNEA,derived_per_capita|QNEA|B1GQ|Q|NSA|XDC|Q|population=SP.POP.TOTL_interpolated,NSA,\N
IDN,gdp_real_per_capita_lcu_quarterly_nsa_estimate,2010-Q4,quarterly,7020567.4544426575,\N,estimated,IMF_QNEA,derived_per_capita|QNEA|B1GQ|Q|NSA|XDC|Q|population=SP.POP.TOTL_interpolated,NSA,\N
IDN,gdp_real_per_capita_lcu_quarterly_nsa_estimate,2011-Q1,quarterly,7043290.633049844,\N,estimated,IMF_QNEA,derived_per_capita|QNEA|B1GQ|Q|NSA|XDC|Q|population=SP.POP.TOTL_interpolated,NSA,\N
IDN,gdp_real_per_capita_lcu_quarterly_nsa_estimate,2011-Q2,quarterly,7292069.697319297,\N,estimated,IMF_QNEA,derived_per_capita|QNEA|B1GQ|Q|NSA|XDC|Q|population=SP.POP.TOTL_interpolated,NSA,\N
IDN,gdp_real_per_capita_lcu_quarterly_nsa_estimate,2011-Q3,quarterly,7531206.7701887805,\N,estimated,IMF_QNEA,derived_per_capita|QNEA|B1GQ|Q|NSA|XDC|Q|population=SP.POP.TOTL_interpolated,NSA,\N
IDN,gdp_real_per_capita_lcu_quarterly_nsa_estimate,2011-Q4,quarterly,7343150.374497668,\N,estimated,IMF_QNEA,derived_per_capita|QNEA|B1GQ|Q|NSA|XDC|Q|population=SP.POP.TOTL_interpolated,NSA,\N
IDN,gdp_real_per_capita_lcu_quarterly_nsa_estimate,2012-Q1,quarterly,7378409.226774937,\N,estimated,IMF_QNEA,derived_per_capita|QNEA|B1GQ|Q|NSA|XDC|Q|population=SP.POP.TOTL_interpolated,NSA,\N
IDN,gdp_real_per_capita_lcu_quarterly_nsa_estimate,2012-Q2,quarterly,7645886.68039636,\N,estimated,IMF_QNEA,derived_per_capita|QNEA|B1GQ|Q|NSA|XDC|Q|population=SP.POP.TOTL_interpolated,NSA,\N
IDN,gdp_real_per_capita_lcu_quarterly_nsa_estimate,2012-Q3,quarterly,7877081.268356393,\N,estimated,IMF_QNEA,derived_per_capita|QNEA|B1GQ|Q|NSA|XDC|Q|population=SP.POP.TOTL_interpolated,NSA,\N
IDN,gdp_real_per_capita_lcu_quarterly_nsa_estimate,2012-Q4,quarterly,7676235.149512758,\N,estimated,IMF_QNEA,derived_per_capita|QNEA|B1GQ|Q|NSA|XDC|Q|population=SP.POP.TOTL_interpolated,NSA,\N
IDN,gdp_real_per_capita_lcu_quarterly_nsa_estimate,2013-Q1,quarterly,7689941.920906769,\N,estimated,IMF_QNEA,derived_per_capita|QNEA|B1GQ|Q|NSA|XDC|Q|population=SP.POP.TOTL_interpolated,NSA,\N
IDN,gdp_real_per_capita_lcu_quarterly_nsa_estimate,2013-Q2,quarterly,7973188.594651401,\N,estimated,IMF_QNEA,derived_per_capita|QNEA|B1GQ|Q|NSA|XDC|Q|population=SP.POP.TOTL_interpolated,NSA,\N
IDN,gdp_real_per_capita_lcu_quarterly_nsa_estimate,2013-Q3,quarterly,8209785.386528615,\N,estimated,IMF_QNEA,derived_per_capita|QNEA|B1GQ|Q|NSA|XDC|Q|population=SP.POP.TOTL_interpolated,NSA,\N
IDN,gdp_real_per_capita_lcu_quarterly_nsa_estimate,2013-Q4,quarterly,8006977.276205918,\N,estimated,IMF_QNEA,derived_per_capita|QNEA|B1GQ|Q|NSA|XDC|Q|population=SP.POP.TOTL_interpolated,NSA,\N
IDN,gdp_real_per_capita_lcu_quarterly_nsa_estimate,2014-Q1,quarterly,7986965.716412073,\N,estimated,IMF_QNEA,derived_per_capita|QNEA|B1GQ|Q|NSA|XDC|Q|population=SP.POP.TOTL_interpolated,NSA,\N
IDN,gdp_real_per_capita_lcu_quarterly_nsa_estimate,2014-Q2,quarterly,8268439.19769874,\N,estimated,IMF_QNEA,derived_per_capita|QNEA|B1GQ|Q|NSA|XDC|Q|population=SP.POP.TOTL_interpolated,NSA,\N
IDN,gdp_real_per_capita_lcu_quarterly_nsa_estimate,2014-Q3,quarterly,8514585.729481889,\N,estimated,IMF_QNEA,derived_per_capita|QNEA|B1GQ|Q|NSA|XDC|Q|population=SP.POP.TOTL_interpolated,NSA,\N
IDN,gdp_real_per_capita_lcu_quarterly_nsa_estimate,2014-Q4,quarterly,8314523.926822808,\N,estimated,IMF_QNEA,derived_per_capita|QNEA|B1GQ|Q|NSA|XDC|Q|population=SP.POP.TOTL_interpolated,NSA,\N
IND,gdp_real_per_capita_lcu_quarterly_nsa_estimate,2010-Q1,quarterly,26599.120829072606,\N,estimated,IMF_QNEA,derived_per_capita|QNEA|B1GQ|Q|NSA|XDC|Q|population=SP.POP.TOTL_interpolated,NSA,\N
IND,gdp_real_per_capita_lcu_quarterly_nsa_estimate,2010-Q2,quarterly,24447.346649930336,\N,estimated,IMF_QNEA,derived_per_capita|QNEA|B1GQ|Q|NSA|XDC|Q|population=SP.POP.TOTL_interpolated,NSA,\N
IND,gdp_real_per_capita_lcu_quarterly_nsa_estimate,2010-Q3,quarterly,24721.70062108946,\N,estimated,IMF_QNEA,derived_per_capita|QNEA|B1GQ|Q|NSA|XDC|Q|population=SP.POP.TOTL_interpolated,NSA,\N
IND,gdp_real_per_capita_lcu_quarterly_nsa_estimate,2010-Q4,quarterly,27130.04859847233,\N,estimated,IMF_QNEA,derived_per_capita|QNEA|B1GQ|Q|NSA|XDC|Q|population=SP.POP.TOTL_interpolated,NSA,\N
IND,gdp_real_per_capita_lcu_quarterly_nsa_estimate,2011-Q1,quarterly,28928.867806803606,\N,estimated,IMF_QNEA,derived_per_capita|QNEA|B1GQ|Q|NSA|XDC|Q|population=SP.POP.TOTL_interpolated,NSA,\N
IND,gdp_real_per_capita_lcu_quarterly_nsa_estimate,2011-Q2,quarterly,26548.445002219636,\N,estimated,IMF_QNEA,derived_per_capita|QNEA|B1GQ|Q|NSA|XDC|Q|population=SP.POP.TOTL_interpolated,NSA,\N
IND,gdp_real_per_capita_lcu_quarterly_nsa_estimate,2011-Q3,quarterly,25701.240305228133,\N,estimated,IMF_QNEA,derived_per_capita|QNEA|B1GQ|Q|NSA|XDC|Q|population=SP.POP.TOTL_interpolated,NSA,\N
IND,gdp_real_per_capita_lcu_quarterly_nsa_estimate,2011-Q4,quarterly,27897.979037592213,\N,estimated,IMF_QNEA,derived_per_capita|QNEA|B1GQ|Q|NSA|XDC|Q|population=SP.POP.TOTL_interpolated,NSA,\N
IND,gdp_real_per_capita_lcu_quarterly_nsa_estimate,2012-Q1,quarterly,29555.639332834187,\N,estimated,IMF_QNEA,derived_per_capita|QNEA|B1GQ|Q|NSA|XDC|Q|population=SP.POP.TOTL_interpolated,NSA,\N
IND,gdp_real_per_capita_lcu_quarterly_nsa_estimate,2012-Q2,quarterly,27459.356791450035,\N,estimated,IMF_QNEA,derived_per_capita|QNEA|B1GQ|Q|NSA|XDC|Q|population=SP.POP.TOTL_interpolated,NSA,\N
IND,gdp_real_per_capita_lcu_quarterly_nsa_estimate,2012-Q3,quarterly,27251.487541389568,\N,estimated,IMF_QNEA,derived_per_capita|QNEA|B1GQ|Q|NSA|XDC|Q|population=SP.POP.TOTL_interpolated,NSA,\N
IND,gdp_real_per_capita_lcu_quarterly_nsa_estimate,2012-Q4,quarterly,29001.23773222367,\N,estimated,IMF_QNEA,derived_per_capita|QNEA|B1GQ|Q|NSA|XDC|Q|population=SP.POP.TOTL_interpolated,NSA,\N
IND,gdp_real_per_capita_lcu_quarterly_nsa_estimate,2013-Q1,quarterly,30412.59059542803,\N,estimated,IMF_QNEA,derived_per_capita|QNEA|B1GQ|Q|NSA|XDC|Q|population=SP.POP.TOTL_interpolated,NSA,\N
IND,gdp_real_per_capita_lcu_quarterly_nsa_estimate,2013-Q2,quarterly,28841.25425434772,\N,estimated,IMF_QNEA,derived_per_capita|QNEA|B1GQ|Q|NSA|XDC|Q|population=SP.POP.TOTL_interpolated,NSA,\N
IND,gdp_real_per_capita_lcu_quarterly_nsa_estimate,2013-Q3,quarterly,28866.494415053054,\N,estimated,IMF_QNEA,derived_per_capita|QNEA|B1GQ|Q|NSA|XDC|Q|population=SP.POP.TOTL_interpolated,NSA,\N
IND,gdp_real_per_capita_lcu_quarterly_nsa_estimate,2013-Q4,quarterly,30495.668635329854,\N,estimated,IMF_QNEA,derived_per_capita|QNEA|B1GQ|Q|NSA|XDC|Q|population=SP.POP.TOTL_interpolated,NSA,\N
IND,gdp_real_per_capita_lcu_quarterly_nsa_estimate,2014-Q1,quarterly,31627.57822189662,\N,estimated,IMF_QNEA,derived_per_capita|QNEA|B1GQ|Q|NSA|XDC|Q|population=SP.POP.TOTL_interpolated,NSA,\N
IND,gdp_real_per_capita_lcu_quarterly_nsa_estimate,2014-Q2,quarterly,30762.257583963696,\N,estimated,IMF_QNEA,derived_per_capita|QNEA|B1GQ|Q|NSA|XDC|Q|population=SP.POP.TOTL_interpolated,NSA,\N
IND,gdp_real_per_capita_lcu_quarterly_nsa_estimate,2014-Q3,quarterly,30988.449316037684,\N,estimated,IMF_QNEA,derived_per_capita|QNEA|B1GQ|Q|NSA|XDC|Q|population=SP.POP.TOTL_interpolated,NSA,\N
IND,gdp_real_per_capita_lcu_quarterly_nsa_estimate,2014-Q4,quarterly,31905.234895375303,\N,estimated,IMF_QNEA,derived_per_capita|QNEA|B1GQ|Q|NSA|XDC|Q|population=SP.POP.TOTL_interpolated,NSA,\N
IRL,gdp_real_per_capita_lcu_quarterly_nsa_estimate,2010-Q1,quarterly,9072.472908380116,\N,estimated,IMF_QNEA,derived_per_capita|QNEA|B1GQ|Q|NSA|XDC|Q|population=SP.POP.TOTL_interpolated,NSA,\N
IRL,gdp_real_per_capita_lcu_quarterly_nsa_estimate,2010-Q2,quarterly,9194.265244221519,\N,estimated,IMF_QNEA,derived_per_capita|QNEA|B1GQ|Q|NSA|XDC|Q|population=SP.POP.TOTL_interpolated,NSA,\N
IRL,gdp_real_per_capita_lcu_quarterly_nsa_estimate,2010-Q3,quarterly,9286.98035952547,\N,estimated,IMF_QNEA,derived_per_capita|QNEA|B1GQ|Q|NSA|XDC|Q|population=SP.POP.TOTL_interpolated,NSA,\N
IRL,gdp_real_per_capita_lcu_quarterly_nsa_estimate,2010-Q4,quarterly,9105.685672704929,\N,estimated,IMF_QNEA,derived_per_capita|QNEA|B1GQ|Q|NSA|XDC|Q|population=SP.POP.TOTL_interpolated,NSA,\N
IRL,gdp_real_per_capita_lcu_quarterly_nsa_estimate,2011-Q1,quarterly,9225.438207094006,\N,estimated,IMF_QNEA,derived_per_capita|QNEA|B1GQ|Q|NSA|XDC|Q|population=SP.POP.TOTL_interpolated,NSA,\N
IRL,gdp_real_per_capita_lcu_quarterly_nsa_estimate,2011-Q2,quarterly,9391.328099565211,\N,estimated,IMF_QNEA,derived_per_capita|QNEA|B1GQ|Q|NSA|XDC|Q|population=SP.POP.TOTL_interpolated,NSA,\N
IRL,gdp_real_per_capita_lcu_quarterly_nsa_estimate,2011-Q3,quarterly,9325.64503462168,\N,estimated,IMF_QNEA,derived_per_capita|QNEA|B1GQ|Q|NSA|XDC|Q|population=SP.POP.TOTL_interpolated,NSA,\N
IRL,gdp_real_per_capita_lcu_quarterly_nsa_estimate,2011-Q4,quarterly,9139.6585222405,\N,estimated,IMF_QNEA,derived_per_capita|QNEA|B1GQ|Q|NSA|XDC|Q|population=SP.POP.TOTL_interpolated,NSA,\N
IRL,gdp_real_per_capita_lcu_quarterly_nsa_estimate,2012-Q1,quarterly,8998.574635985377,\N,estimated,IMF_QNEA,derived_per_capita|QNEA|B1GQ|Q|NSA|XDC|Q|population=SP.POP.TOTL_interpolated,NSA,\N
IRL,gdp_real_per_capita_lcu_quarterly_nsa_estimate,2012-Q2,quarterly,9372.789810320442,\N,estimated,IMF_QNEA,derived_per_capita|QNEA|B1GQ|Q|NSA|XDC|Q|population=SP.POP.TOTL_interpolated,NSA,\N
IRL,gdp_real_per_capita_lcu_quarterly_nsa_estimate,2012-Q3,quarterly,9233.619943786278,\N,estimated,IMF_QNEA,derived_per_capita|QNEA|B1GQ|Q|NSA|XDC|Q|population=SP.POP.TOTL_interpolated,NSA,\N
IRL,gdp_real_per_capita_lcu_quarterly_nsa_estimate,2012-Q4,quarterly,9167.073282356643,\N,estimated,IMF_QNEA,derived_per_capita|QNEA|B1GQ|Q|NSA|XDC|Q|population=SP.POP.TOTL_interpolated,NSA,\N
IRL,gdp_real_per_capita_lcu_quarterly_nsa_estimate,2013-Q1,quarterly,8898.795412012114,\N,estimated,IMF_QNEA,derived_per_capita|QNEA|B1GQ|Q|NSA|XDC|Q|population=SP.POP.TOTL_interpolated,NSA,\N
IRL,gdp_real_per_capita_lcu_quarterly_nsa_estimate,2013-Q2,quarterly,9256.263920042082,\N,estimated,IMF_QNEA,derived_per_capita|QNEA|B1GQ|Q|NSA|XDC|Q|population=SP.POP.TOTL_interpolated,NSA,\N
IRL,gdp_real_per_capita_lcu_quarterly_nsa_estimate,2013-Q3,quarterly,9715.159087439837,\N,estimated,IMF_QNEA,derived_per_capita|QNEA|B1GQ|Q|NSA|XDC|Q|population=SP.POP.TOTL_interpolated,NSA,\N
IRL,gdp_real_per_capita_lcu_quarterly_nsa_estimate,2013-Q4,quarterly,9503.468274264578,\N,estimated,IMF_QNEA,derived_per_capita|QNEA|B1GQ|Q|NSA|XDC|Q|population=SP.POP.TOTL_interpolated,NSA,\N
IRL,gdp_real_per_capita_lcu_quarterly_nsa_estimate,2014-Q1,quarterly,9744.156160672987,\N,estimated,IMF_QNEA,derived_per_capita|QNEA|B1GQ|Q|NSA|XDC|Q|population=SP.POP.TOTL_interpolated,NSA,\N
IRL,gdp_real_per_capita_lcu_quarterly_nsa_estimate,2014-Q2,quarterly,10032.861137142918,\N,estimated,IMF_QNEA,derived_per_capita|QNEA|B1GQ|Q|NSA|XDC|Q|population=SP.POP.TOTL_interpolated,NSA,\N
IRL,gdp_real_per_capita_lcu_quarterly_nsa_estimate,2014-Q3,quarterly,10418.749540191953,\N,estimated,IMF_QNEA,derived_per_capita|QNEA|B1GQ|Q|NSA|XDC|Q|population=SP.POP.TOTL_interpolated,NSA,\N
IRL,gdp_real_per_capita_lcu_quarterly_nsa_estimate,2014-Q4,quarterly,10391.465598061066,\N,estimated,IMF_QNEA,derived_per_capita|QNEA|B1GQ|Q|NSA|XDC|Q|population=SP.POP.TOTL_interpolated,NSA,\N
ISL,gdp_real_per_capita_lcu_quarterly_nsa_estimate,2010-Q1,quarterly,1271686.7713598527,\N,estimated,IMF_QNEA,derived_per_capita|QNEA|B1GQ|Q|NSA|XDC|Q|population=SP.POP.TOTL_interpolated,NSA,\N
ISL,gdp_real_per_capita_lcu_quarterly_nsa_estimate,2010-Q2,quarterly,1321788.7715885893,\N,estimated,IMF_QNEA,derived_per_capita|QNEA|B1GQ|Q|NSA|XDC|Q|population=SP.POP.TOTL_interpolated,NSA,\N
ISL,gdp_real_per_capita_lcu_quarterly_nsa_estimate,2010-Q3,quarterly,1377528.7121044153,\N,estimated,IMF_QNEA,derived_per_capita|QNEA|B1GQ|Q|NSA|XDC|Q|population=SP.POP.TOTL_interpolated,NSA,\N
ISL,gdp_real_per_capita_lcu_quarterly_nsa_estimate,2010-Q4,quarterly,1377278.8931673449,\N,estimated,IMF_QNEA,derived_per_capita|QNEA|B1GQ|Q|NSA|XDC|Q|population=SP.POP.TOTL_interpolated,NSA,\N
ISL,gdp_real_per_capita_lcu_quarterly_nsa_estimate,2011-Q1,quarterly,1309699.1168122303,\N,estimated,IMF_QNEA,derived_per_capita|QNEA|B1GQ|Q|NSA|XDC|Q|population=SP.POP.TOTL_interpolated,NSA,\N
ISL,gdp_real_per_capita_lcu_quarterly_nsa_estimate,2011-Q2,quarterly,1322003.7535597708,\N,estimated,IMF_QNEA,derived_per_capita|QNEA|B1GQ|Q|NSA|XDC|Q|population=SP.POP.TOTL_interpolated,NSA,\N
ISL,gdp_real_per_capita_lcu_quarterly_nsa_estimate,2011-Q3,quarterly,1392507.0365665786,\N,estimated,IMF_QNEA,derived_per_capita|QNEA|B1GQ|Q|NSA|XDC|Q|population=SP.POP.TOTL_interpolated,NSA,\N
ISL,gdp_real_per_capita_lcu_quarterly_nsa_estimate,2011-Q4,quarterly,1382712.8477217976,\N,estimated,IMF_QNEA,derived_per_capita|QNEA|B1GQ|Q|NSA|XDC|Q|population=SP.POP.TOTL_interpolated,NSA,\N
ISL,gdp_real_per_capita_lcu_quarterly_nsa_estimate,2012-Q1,quarterly,1331193.0493613817,\N,estimated,IMF_QNEA,derived_per_capita|QNEA|B1GQ|Q|NSA|XDC|Q|population=SP.POP.TOTL_interpolated,NSA,\N
ISL,gdp_real_per_capita_lcu_quarterly_nsa_estimate,2012-Q2,quarterly,1323523.4987915724,\N,estimated,IMF_QNEA,derived_per_capita|QNEA|B1GQ|Q|NSA|XDC|Q|population=SP.POP.TOTL_interpolated,NSA,\N
ISL,gdp_real_per_capita_lcu_quarterly_nsa_estimate,2012-Q3,quarterly,1408646.15629573,\N,estimated,IMF_QNEA,derived_per_capita|QNEA|B1GQ|Q|NSA|XDC|Q|population=SP.POP.TOTL_interpolated,NSA,\N
ISL,gdp_real_per_capita_lcu_quarterly_nsa_estimate,2012-Q4,quarterly,1376406.5527820878,\N,estimated,IMF_QNEA,derived_per_capita|QNEA|B1GQ|Q|NSA|XDC|Q|population=SP.POP.TOTL_interpolated,NSA,\N
ISL,gdp_real_per_capita_lcu_quarterly_nsa_estimate,2013-Q1,quarterly,1345260.3979965346,\N,estimated,IMF_QNEA,derived_per_capita|QNEA|B1GQ|Q|NSA|XDC|Q|population=SP.POP.TOTL_interpolated,NSA,\N
ISL,gdp_real_per_capita_lcu_quarterly_nsa_estimate,2013-Q2,quarterly,1389965.684214136,\N,estimated,IMF_QNEA,derived_per_capita|QNEA|B1GQ|Q|NSA|XDC|Q|population=SP.POP.TOTL_interpolated,NSA,\N
ISL,gdp_real_per_capita_lcu_quarterly_nsa_estimate,2013-Q3,quarterly,1447384.7318348296,\N,estimated,IMF_QNEA,derived_per_capita|QNEA|B1GQ|Q|NSA|XDC|Q|population=SP.POP.TOTL_interpolated,NSA,\N
ISL,gdp_real_per_capita_lcu_quarterly_nsa_estimate,2013-Q4,quarterly,1401384.620967682,\N,estimated,IMF_QNEA,derived_per_capita|QNEA|B1GQ|Q|NSA|XDC|Q|population=SP.POP.TOTL_interpolated,NSA,\N
ISL,gdp_real_per_capita_lcu_quarterly_nsa_estimate,2014-Q1,quarterly,1328909.3188270323,\N,estimated,IMF_QNEA,derived_per_capita|QNEA|B1GQ|Q|NSA|XDC|Q|population=SP.POP.TOTL_interpolated,NSA,\N
ISL,gdp_real_per_capita_lcu_quarterly_nsa_estimate,2014-Q2,quarterly,1388454.306943084,\N,estimated,IMF_QNEA,derived_per_capita|QNEA|B1GQ|Q|NSA|XDC|Q|population=SP.POP.TOTL_interpolated,NSA,\N
ISL,gdp_real_per_capita_lcu_quarterly_nsa_estimate,2014-Q3,quarterly,1485240.9505270242,\N,estimated,IMF_QNEA,derived_per_capita|QNEA|B1GQ|Q|NSA|XDC|Q|population=SP.POP.TOTL_interpolated,NSA,\N
ISL,gdp_real_per_capita_lcu_quarterly_nsa_estimate,2014-Q4,quarterly,1426713.338927616,\N,estimated,IMF_QNEA,derived_per_capita|QNEA|B1GQ|Q|NSA|XDC|Q|population=SP.POP.TOTL_interpolated,NSA,\N
ISR,gdp_real_per_capita_lcu_quarterly_nsa_estimate,2010-Q1,quarterly,32626.31985578161,\N,estimated,IMF_QNEA,derived_per_capita|QNEA|B1GQ|Q|NSA|XDC|Q|population=SP.POP.TOTL_interpolated,NSA,\N
ISR,gdp_real_per_capita_lcu_quarterly_nsa_estimate,2010-Q2,quarterly,33405.60189841383,\N,estimated,IMF_QNEA,derived_per_capita|QNEA|B1GQ|Q|NSA|XDC|Q|population=SP.POP.TOTL_interpolated,NSA,\N
ISR,gdp_real_per_capita_lcu_quarterly_nsa_estimate,2010-Q3,quarterly,33458.873566602866,\N,estimated,IMF_QNEA,derived_per_capita|QNEA|B1GQ|Q|NSA|XDC|Q|population=SP.POP.TOTL_interpolated,NSA,\N
ISR,gdp_real_per_capita_lcu_quarterly_nsa_estimate,2010-Q4,quarterly,34348.961335430526,\N,estimated,IMF_QNEA,derived_per_capita|QNEA|B1GQ|Q|NSA|XDC|Q|population=SP.POP.TOTL_interpolated,NSA,\N
ISR,gdp_real_per_capita_lcu_quarterly_nsa_estimate,2011-Q1,quarterly,34015.90280681623,\N,estimated,IMF_QNEA,derived_per_capita|QNEA|B1GQ|Q|NSA|XDC|Q|population=SP.POP.TOTL_interpolated,NSA,\N
ISR,gdp_real_per_capita_lcu_quarterly_nsa_estimate,2011-Q2,quarterly,34165.429254551964,\N,estimated,IMF_QNEA,derived_per_capita|QNEA|B1GQ|Q|NSA|XDC|Q|population=SP.POP.TOTL_interpolated,NSA,\N
ISR,gdp_real_per_capita_lcu_quarterly_nsa_estimate,2011-Q3,quarterly,35235.09300462012,\N,estimated,IMF_QNEA,derived_per_capita|QNEA|B1GQ|Q|NSA|XDC|Q|population=SP.POP.TOTL_interpolated,NSA,\N
ISR,gdp_real_per_capita_lcu_quarterly_nsa_estimate,2011-Q4,quarterly,35500.41959383317,\N,estimated,IMF_QNEA,derived_per_capita|QNEA|B1GQ|Q|NSA|XDC|Q|population=SP.POP.TOTL_interpolated,NSA,\N
ISR,gdp_real_per_capita_lcu_quarterly_nsa_estimate,2012-Q1,quarterly,34777.90736341665,\N,estimated,IMF_QNEA,derived_per_capita|QNEA|B1GQ|Q|NSA|XDC|Q|population=SP.POP.TOTL_interpolated,NSA,\N
ISR,gdp_real_per_capita_lcu_quarterly_nsa_estimate,2012-Q2,quarterly,34516.99971333227,\N,estimated,IMF_QNEA,derived_per_capita|QNEA|B1GQ|Q|NSA|XDC|Q|population=SP.POP.TOTL_interpolated,NSA,\N
ISR,gdp_real_per_capita_lcu_quarterly_nsa_estimate,2012-Q3,quarterly,35070.27572399224,\N,estimated,IMF_QNEA,derived_per_capita|QNEA|B1GQ|Q|NSA|XDC|Q|population=SP.POP.TOTL_interpolated,NSA,\N
ISR,gdp_real_per_capita_lcu_quarterly_nsa_estimate,2012-Q4,quarterly,35304.27578415528,\N,estimated,IMF_QNEA,derived_per_capita|QNEA|B1GQ|Q|NSA|XDC|Q|population=SP.POP.TOTL_interpolated,NSA,\N
ISR,gdp_real_per_capita_lcu_quarterly_nsa_estimate,2013-Q1,quarterly,34801.318152712054,\N,estimated,IMF_QNEA,derived_per_capita|QNEA|B1GQ|Q|NSA|XDC|Q|population=SP.POP.TOTL_interpolated,NSA,\N
ISR,gdp_real_per_capita_lcu_quarterly_nsa_estimate,2013-Q2,quarterly,35838.35092573881,\N,estimated,IMF_QNEA,derived_per_capita|QNEA|B1GQ|Q|NSA|XDC|Q|population=SP.POP.TOTL_interpolated,NSA,\N
ISR,gdp_real_per_capita_lcu_quarterly_nsa_estimate,2013-Q3,quarterly,35494.92667741466,\N,estimated,IMF_QNEA,derived_per_capita|QNEA|B1GQ|Q|NSA|XDC|Q|population=SP.POP.TOTL_interpolated,NSA,\N
ISR,gdp_real_per_capita_lcu_quarterly_nsa_estimate,2013-Q4,quarterly,36651.91563270849,\N,estimated,IMF_QNEA,derived_per_capita|QNEA|B1GQ|Q|NSA|XDC|Q|population=SP.POP.TOTL_interpolated,NSA,\N
ISR,gdp_real_per_capita_lcu_quarterly_nsa_estimate,2014-Q1,quarterly,35992.66898570269,\N,estimated,IMF_QNEA,derived_per_capita|QNEA|B1GQ|Q|NSA|XDC|Q|population=SP.POP.TOTL_interpolated,NSA,\N
ISR,gdp_real_per_capita_lcu_quarterly_nsa_estimate,2014-Q2,quarterly,35997.34022272584,\N,estimated,IMF_QNEA,derived_per_capita|QNEA|B1GQ|Q|NSA|XDC|Q|population=SP.POP.TOTL_interpolated,NSA,\N
ISR,gdp_real_per_capita_lcu_quarterly_nsa_estimate,2014-Q3,quarterly,36298.61891030506,\N,estimated,IMF_QNEA,derived_per_capita|QNEA|B1GQ|Q|NSA|XDC|Q|population=SP.POP.TOTL_interpolated,NSA,\N
ISR,gdp_real_per_capita_lcu_quarterly_nsa_estimate,2014-Q4,quarterly,37368.6022700502,\N,estimated,IMF_QNEA,derived_per_capita|QNEA|B1GQ|Q|NSA|XDC|Q|population=SP.POP.TOTL_interpolated,NSA,\N
ITA,gdp_real_per_capita_lcu_quarterly_nsa_estimate,2010-Q1,quarterly,6486.0453276899325,\N,estimated,IMF_QNEA,derived_per_capita|QNEA|B1GQ|Q|NSA|XDC|Q|population=SP.POP.TOTL_interpolated,NSA,\N
ITA,gdp_real_per_capita_lcu_quarterly_nsa_estimate,2010-Q2,quarterly,6808.601574434064,\N,estimated,IMF_QNEA,derived_per_capita|QNEA|B1GQ|Q|NSA|XDC|Q|population=SP.POP.TOTL_interpolated,NSA,\N
ITA,gdp_real_per_capita_lcu_quarterly_nsa_estimate,2010-Q3,quarterly,6776.077378329042,\N,estimated,IMF_QNEA,derived_per_capita|QNEA|B1GQ|Q|NSA|XDC|Q|population=SP.POP.TOTL_interpolated,NSA,\N
ITA,gdp_real_per_capita_lcu_quarterly_nsa_estimate,2010-Q4,quarterly,6978.896535062688,\N,estimated,IMF_QNEA,derived_per_capita|QNEA|B1GQ|Q|NSA|XDC|Q|population=SP.POP.TOTL_interpolated,NSA,\N
ITA,gdp_real_per_capita_lcu_quarterly_nsa_estimate,2011-Q1,quarterly,6615.492964239431,\N,estimated,IMF_QNEA,derived_per_capita|QNEA|B1GQ|Q|NSA|XDC|Q|population=SP.POP.TOTL_interpolated,NSA,\N
ITA,gdp_real_per_capita_lcu_quarterly_nsa_estimate,2011-Q2,quarterly,6884.528482521101,\N,estimated,IMF_QNEA,derived_per_capita|QNEA|B1GQ|Q|NSA|XDC|Q|population=SP.POP.TOTL_interpolated,NSA,\N
ITA,gdp_real_per_capita_lcu_quarterly_nsa_estimate,2011-Q3,quarterly,6798.037493262811,\N,estimated,IMF_QNEA,derived_per_capita|QNEA|B1GQ|Q|NSA|XDC|Q|population=SP.POP.TOTL_interpolated,NSA,\N
ITA,gdp_real_per_capita_lcu_quarterly_nsa_estimate,2011-Q4,quarterly,6845.267569851238,\N,estimated,IMF_QNEA,derived_per_capita|QNEA|B1GQ|Q|NSA|XDC|Q|population=SP.POP.TOTL_interpolated,NSA,\N
ITA,gdp_real_per_capita_lcu_quarterly_nsa_estimate,2012-Q1,quarterly,6436.171207325823,\N,estimated,IMF_QNEA,derived_per_capita|QNEA|B1GQ|Q|NSA|XDC|Q|population=SP.POP.TOTL_interpolated,NSA,\N
ITA,gdp_real_per_capita_lcu_quarterly_nsa_estimate,2012-Q2,quarterly,6620.696237547359,\N,estimated,IMF_QNEA,derived_per_capita|QNEA|B1GQ|Q|NSA|XDC|Q|population=SP.POP.TOTL_interpolated,NSA,\N
ITA,gdp_real_per_capita_lcu_quarterly_nsa_estimate,2012-Q3,quarterly,6544.569303613865,\N,estimated,IMF_QNEA,derived_per_capita|QNEA|B1GQ|Q|NSA|XDC|Q|population=SP.POP.TOTL_interpolated,NSA,\N
ITA,gdp_real_per_capita_lcu_quarterly_nsa_estimate,2012-Q4,quarterly,6621.918143041097,\N,estimated,IMF_QNEA,derived_per_capita|QNEA|B1GQ|Q|NSA|XDC|Q|population=SP.POP.TOTL_interpolated,NSA,\N
ITA,gdp_real_per_capita_lcu_quarterly_nsa_estimate,2013-Q1,quarterly,6201.400285496204,\N,estimated,IMF_QNEA,derived_per_capita|QNEA|B1GQ|Q|NSA|XDC|Q|population=SP.POP.TOTL_interpolated,NSA,\N
ITA,gdp_real_per_capita_lcu_quarterly_nsa_estimate,2013-Q2,quarterly,6452.652016433655,\N,estimated,IMF_QNEA,derived_per_capita|QNEA|B1GQ|Q|NSA|XDC|Q|population=SP.POP.TOTL_interpolated,NSA,\N
ITA,gdp_real_per_capita_lcu_quarterly_nsa_estimate,2013-Q3,quarterly,6473.920269773474,\N,estimated,IMF_QNEA,derived_per_capita|QNEA|B1GQ|Q|NSA|XDC|Q|population=SP.POP.TOTL_interpolated,NSA,\N
ITA,gdp_real_per_capita_lcu_quarterly_nsa_estimate,2013-Q4,quarterly,6570.790196418601,\N,estimated,IMF_QNEA,derived_per_capita|QNEA|B1GQ|Q|NSA|XDC|Q|population=SP.POP.TOTL_interpolated,NSA,\N
ITA,gdp_real_per_capita_lcu_quarterly_nsa_estimate,2014-Q1,quarterly,6207.382471052468,\N,estimated,IMF_QNEA,derived_per_capita|QNEA|B1GQ|Q|NSA|XDC|Q|population=SP.POP.TOTL_interpolated,NSA,\N
ITA,gdp_real_per_capita_lcu_quarterly_nsa_estimate,2014-Q2,quarterly,6449.95854455727,\N,estimated,IMF_QNEA,derived_per_capita|QNEA|B1GQ|Q|NSA|XDC|Q|population=SP.POP.TOTL_interpolated,NSA,\N
ITA,gdp_real_per_capita_lcu_quarterly_nsa_estimate,2014-Q3,quarterly,6475.966585385723,\N,estimated,IMF_QNEA,derived_per_capita|QNEA|B1GQ|Q|NSA|XDC|Q|population=SP.POP.TOTL_interpolated,NSA,\N
ITA,gdp_real_per_capita_lcu_quarterly_nsa_estimate,2014-Q4,quarterly,6560.868471371772,\N,estimated,IMF_QNEA,derived_per_capita|QNEA|B1GQ|Q|NSA|XDC|Q|population=SP.POP.TOTL_interpolated,NSA,\N
JAM,gdp_real_per_capita_lcu_quarterly_nsa_estimate,2010-Q1,quarterly,66892.39802175704,\N,estimated,IMF_QNEA,derived_per_capita|QNEA|B1GQ|Q|NSA|XDC|Q|population=SP.POP.TOTL_interpolated,NSA,\N
JAM,gdp_real_per_capita_lcu_quarterly_nsa_estimate,2010-Q2,quarterly,64990.9398342474,\N,estimated,IMF_QNEA,derived_per_capita|QNEA|B1GQ|Q|NSA|XDC|Q|population=SP.POP.TOTL_interpolated,NSA,\N
JAM,gdp_real_per_capita_lcu_quarterly_nsa_estimate,2010-Q3,quarterly,65296.05958418161,\N,estimated,IMF_QNEA,derived_per_capita|QNEA|B1GQ|Q|NSA|XDC|Q|population=SP.POP.TOTL_interpolated,NSA,\N
JAM,gdp_real_per_capita_lcu_quarterly_nsa_estimate,2010-Q4,quarterly,66398.23010215706,\N,estimated,IMF_QNEA,derived_per_capita|QNEA|B1GQ|Q|NSA|XDC|Q|population=SP.POP.TOTL_interpolated,NSA,\N
JAM,gdp_real_per_capita_lcu_quarterly_nsa_estimate,2011-Q1,quarterly,67695.40189586674,\N,estimated,IMF_QNEA,derived_per_capita|QNEA|B1GQ|Q|NSA|XDC|Q|population=SP.POP.TOTL_interpolated,NSA,\N
JAM,gdp_real_per_capita_lcu_quarterly_nsa_estimate,2011-Q2,quarterly,66074.94934991468,\N,estimated,IMF_QNEA,derived_per_capita|QNEA|B1GQ|Q|NSA|XDC|Q|population=SP.POP.TOTL_interpolated,NSA,\N
JAM,gdp_real_per_capita_lcu_quarterly_nsa_estimate,2011-Q3,quarterly,65289.25200924263,\N,estimated,IMF_QNEA,derived_per_capita|QNEA|B1GQ|Q|NSA|XDC|Q|population=SP.POP.TOTL_interpolated,NSA,\N
JAM,gdp_real_per_capita_lcu_quarterly_nsa_estimate,2011-Q4,quarterly,67125.86393342423,\N,estimated,IMF_QNEA,derived_per_capita|QNEA|B1GQ|Q|NSA|XDC|Q|population=SP.POP.TOTL_interpolated,NSA,\N
JAM,gdp_real_per_capita_lcu_quarterly_nsa_estimate,2012-Q1,quarterly,67030.37694990596,\N,estimated,IMF_QNEA,derived_per_capita|QNEA|B1GQ|Q|NSA|XDC|Q|population=SP.POP.TOTL_interpolated,NSA,\N
JAM,gdp_real_per_capita_lcu_quarterly_nsa_estimate,2012-Q2,quarterly,65819.94977873919,\N,estimated,IMF_QNEA,derived_per_capita|QNEA|B1GQ|Q|NSA|XDC|Q|population=SP.POP.TOTL_interpolated,NSA,\N
JAM,gdp_real_per_capita_lcu_quarterly_nsa_estimate,2012-Q3,quarterly,64822.11892668356,\N,estimated,IMF_QNEA,derived_per_capita|QNEA|B1GQ|Q|NSA|XDC|Q|population=SP.POP.TOTL_interpolated,NSA,\N
JAM,gdp_real_per_capita_lcu_quarterly_nsa_estimate,2012-Q4,quarterly,66048.62304688864,\N,estimated,IMF_QNEA,derived_per_capita|QNEA|B1GQ|Q|NSA|XDC|Q|population=SP.POP.TOTL_interpolated,NSA,\N
JAM,gdp_real_per_capita_lcu_quarterly_nsa_estimate,2013-Q1,quarterly,65992.9010634913,\N,estimated,IMF_QNEA,derived_per_capita|QNEA|B1GQ|Q|NSA|XDC|Q|population=SP.POP.TOTL_interpolated,NSA,\N
JAM,gdp_real_per_capita_lcu_quarterly_nsa_estimate,2013-Q2,quarterly,65393.85258645125,\N,estimated,IMF_QNEA,derived_per_capita|QNEA|B1GQ|Q|NSA|XDC|Q|population=SP.POP.TOTL_interpolated,NSA,\N
JAM,gdp_real_per_capita_lcu_quarterly_nsa_estimate,2013-Q3,quarterly,64807.38980548896,\N,estimated,IMF_QNEA,derived_per_capita|QNEA|B1GQ|Q|NSA|XDC|Q|population=SP.POP.TOTL_interpolated,NSA,\N
JAM,gdp_real_per_capita_lcu_quarterly_nsa_estimate,2013-Q4,quarterly,67051.3597458475,\N,estimated,IMF_QNEA,derived_per_capita|QNEA|B1GQ|Q|NSA|XDC|Q|population=SP.POP.TOTL_interpolated,NSA,\N
JAM,gdp_real_per_capita_lcu_quarterly_nsa_estimate,2014-Q1,quarterly,66917.42750810648,\N,estimated,IMF_QNEA,derived_per_capita|QNEA|B1GQ|Q|NSA|XDC|Q|population=SP.POP.TOTL_interpolated,NSA,\N
JAM,gdp_real_per_capita_lcu_quarterly_nsa_estimate,2014-Q2,quarterly,66502.62556776141,\N,estimated,IMF_QNEA,derived_per_capita|QNEA|B1GQ|Q|NSA|XDC|Q|population=SP.POP.TOTL_interpolated,NSA,\N
JAM,gdp_real_per_capita_lcu_quarterly_nsa_estimate,2014-Q3,quarterly,63671.10329871799,\N,estimated,IMF_QNEA,derived_per_capita|QNEA|B1GQ|Q|NSA|XDC|Q|population=SP.POP.TOTL_interpolated,NSA,\N
JAM,gdp_real_per_capita_lcu_quarterly_nsa_estimate,2014-Q4,quarterly,66717.23494455998,\N,estimated,IMF_QNEA,derived_per_capita|QNEA|B1GQ|Q|NSA|XDC|Q|population=SP.POP.TOTL_interpolated,NSA,\N
JPN,gdp_real_per_capita_lcu_quarterly_nsa_estimate,2010-Q1,quarterly,1022331.6749488283,\N,estimated,IMF_QNEA,derived_per_capita|QNEA|B1GQ|Q|NSA|XDC|Q|population=SP.POP.TOTL_interpolated,NSA,\N
JPN,gdp_real_per_capita_lcu_quarterly_nsa_estimate,2010-Q2,quarterly,1001006.3082153207,\N,estimated,IMF_QNEA,derived_per_capita|QNEA|B1GQ|Q|NSA|XDC|Q|population=SP.POP.TOTL_interpolated,NSA,\N
JPN,gdp_real_per_capita_lcu_quarterly_nsa_estimate,2010-Q3,quarterly,1042845.274390988,\N,estimated,IMF_QNEA,derived_per_capita|QNEA|B1GQ|Q|NSA|XDC|Q|population=SP.POP.TOTL_interpolated,NSA,\N
JPN,gdp_real_per_capita_lcu_quarterly_nsa_estimate,2010-Q4,quarterly,1070149.2114559861,\N,estimated,IMF_QNEA,derived_per_capita|QNEA|B1GQ|Q|NSA|XDC|Q|population=SP.POP.TOTL_interpolated,NSA,\N
JPN,gdp_real_per_capita_lcu_quarterly_nsa_estimate,2011-Q1,quarterly,1030492.2438011481,\N,estimated,IMF_QNEA,derived_per_capita|QNEA|B1GQ|Q|NSA|XDC|Q|population=SP.POP.TOTL_interpolated,NSA,\N
JPN,gdp_real_per_capita_lcu_quarterly_nsa_estimate,2011-Q2,quarterly,991349.8960309942,\N,estimated,IMF_QNEA,derived_per_capita|QNEA|B1GQ|Q|NSA|XDC|Q|population=SP.POP.TOTL_interpolated,NSA,\N
JPN,gdp_real_per_capita_lcu_quarterly_nsa_estimate,2011-Q3,quarterly,1039034.4854566437,\N,estimated,IMF_QNEA,derived_per_capita|QNEA|B1GQ|Q|NSA|XDC|Q|population=SP.POP.TOTL_interpolated,NSA,\N
JPN,gdp_real_per_capita_lcu_quarterly_nsa_estimate,2011-Q4,quarterly,1073650.2643701104,\N,estimated,IMF_QNEA,derived_per_capita|QNEA|B1GQ|Q|NSA|XDC|Q|population=SP.POP.TOTL_interpolated,NSA,\N
JPN,gdp_real_per_capita_lcu_quarterly_nsa_estimate,2012-Q1,quarterly,1068171.6919005055,\N,estimated,IMF_QNEA,derived_per_capita|QNEA|B1GQ|Q|NSA|XDC|Q|population=SP.POP.TOTL_interpolated,NSA,\N
JPN,gdp_real_per_capita_lcu_quarterly_nsa_estimate,2012-Q2,quarterly,1023517.3848160465,\N,estimated,IMF_QNEA,derived_per_capita|QNEA|B1GQ|Q|NSA|XDC|Q|population=SP.POP.TOTL_interpolated,NSA,\N
JPN,gdp_real_per_capita_lcu_quarterly_nsa_estimate,2012-Q3,quarterly,1041998.0251712302,\N,estimated,IMF_QNEA,derived_per_capita|QNEA|B1GQ|Q|NSA|XDC|Q|population=SP.POP.TOTL_interpolated,NSA,\N
JPN,gdp_real_per_capita_lcu_quarterly_nsa_estimate,2012-Q4,quarterly,1075755.722797115,\N,estimated,IMF_QNEA,derived_per_capita|QNEA|B1GQ|Q|NSA|XDC|Q|population=SP.POP.TOTL_interpolated,NSA,\N
JPN,gdp_real_per_capita_lcu_quarterly_nsa_estimate,2013-Q1,quarterly,1069602.553445112,\N,estimated,IMF_QNEA,derived_per_capita|QNEA|B1GQ|Q|NSA|XDC|Q|population=SP.POP.TOTL_interpolated,NSA,\N
JPN,gdp_real_per_capita_lcu_quarterly_nsa_estimate,2013-Q2,quarterly,1044419.7759437662,\N,estimated,IMF_QNEA,derived_per_capita|QNEA|B1GQ|Q|NSA|XDC|Q|population=SP.POP.TOTL_interpolated,NSA,\N
JPN,gdp_real_per_capita_lcu_quarterly_nsa_estimate,2013-Q3,quarterly,1075677.536882315,\N,estimated,IMF_QNEA,derived_per_capita|QNEA|B1GQ|Q|NSA|XDC|Q|population=SP.POP.TOTL_interpolated,NSA,\N
JPN,gdp_real_per_capita_lcu_quarterly_nsa_estimate,2013-Q4,quarterly,1110054.923541759,\N,estimated,IMF_QNEA,derived_per_capita|QNEA|B1GQ|Q|NSA|XDC|Q|population=SP.POP.TOTL_interpolated,NSA,\N
JPN,gdp_real_per_capita_lcu_quarterly_nsa_estimate,2014-Q1,quarterly,1106832.8237043726,\N,estimated,IMF_QNEA,derived_per_capita|QNEA|B1GQ|Q|NSA|XDC|Q|population=SP.POP.TOTL_interpolated,NSA,\N
JPN,gdp_real_per_capita_lcu_quarterly_nsa_estimate,2014-Q2,quarterly,1050085.7737360524,\N,estimated,IMF_QNEA,derived_per_capita|QNEA|B1GQ|Q|NSA|XDC|Q|population=SP.POP.TOTL_interpolated,NSA,\N
JPN,gdp_real_per_capita_lcu_quarterly_nsa_estimate,2014-Q3,quarterly,1072846.446178221,\N,estimated,IMF_QNEA,derived_per_capita|QNEA|B1GQ|Q|NSA|XDC|Q|population=SP.POP.TOTL_interpolated,NSA,\N
JPN,gdp_real_per_capita_lcu_quarterly_nsa_estimate,2014-Q4,quarterly,1114601.5486297447,\N,estimated,IMF_QNEA,derived_per_capita|QNEA|B1GQ|Q|NSA|XDC|Q|population=SP.POP.TOTL_interpolated,NSA,\N
KAZ,gdp_real_per_capita_lcu_quarterly_nsa_estimate,2010-Q1,quarterly,149050.0239369898,\N,estimated,IMF_QNEA,derived_per_capita|QNEA|B1GQ|Q|NSA|XDC|Q|population=SP.POP.TOTL_interpolated,NSA,\N
KAZ,gdp_real_per_capita_lcu_quarterly_nsa_estimate,2010-Q2,quarterly,151531.650837453,\N,estimated,IMF_QNEA,derived_per_capita|QNEA|B1GQ|Q|NSA|XDC|Q|population=SP.POP.TOTL_interpolated,NSA,\N
KAZ,gdp_real_per_capita_lcu_quarterly_nsa_estimate,2010-Q3,quarterly,152969.4507573141,\N,estimated,IMF_QNEA,derived_per_capita|QNEA|B1GQ|Q|NSA|XDC|Q|population=SP.POP.TOTL_interpolated,NSA,\N
KAZ,gdp_real_per_capita_lcu_quarterly_nsa_estimate,2010-Q4,quarterly,155997.03996222364,\N,estimated,IMF_QNEA,derived_per_capita|QNEA|B1GQ|Q|NSA|XDC|Q|population=SP.POP.TOTL_interpolated,NSA,\N
KAZ,gdp_real_per_capita_lcu_quarterly_nsa_estimate,2011-Q1,quarterly,157861.6794821925,\N,estimated,IMF_QNEA,derived_per_capita|QNEA|B1GQ|Q|NSA|XDC|Q|population=SP.POP.TOTL_interpolated,NSA,\N
KAZ,gdp_real_per_capita_lcu_quarterly_nsa_estimate,2011-Q2,quarterly,160500.28428711902,\N,estimated,IMF_QNEA,derived_per_capita|QNEA|B1GQ|Q|NSA|XDC|Q|population=SP.POP.TOTL_interpolated,NSA,\N
KAZ,gdp_real_per_capita_lcu_quarterly_nsa_estimate,2011-Q3,quarterly,162499.85742291406,\N,estimated,IMF_QNEA,derived_per_capita|QNEA|B1GQ|Q|NSA|XDC|Q|population=SP.POP.TOTL_interpolated,NSA,\N
KAZ,gdp_real_per_capita_lcu_quarterly_nsa_estimate,2011-Q4,quarterly,165609.30345176955,\N,estimated,IMF_QNEA,derived_per_capita|QNEA|B1GQ|Q|NSA|XDC|Q|population=SP.POP.TOTL_interpolated,NSA,\N
KAZ,gdp_real_per_capita_lcu_quarterly_nsa_estimate,2012-Q1,quarterly,165281.65230769606,\N,estimated,IMF_QNEA,derived_per_capita|QNEA|B1GQ|Q|NSA|XDC|Q|population=SP.POP.TOTL_interpolated,NSA,\N
KAZ,gdp_real_per_capita_lcu_quarterly_nsa_estimate,2012-Q2,quarterly,167439.47835890905,\N,estimated,IMF_QNEA,derived_per_capita|QNEA|B1GQ|Q|NSA|XDC|Q|population=SP.POP.TOTL_interpolated,NSA,\N
KAZ,gdp_real_per_capita_lcu_quarterly_nsa_estimate,2012-Q3,quarterly,167354.91362880103,\N,estimated,IMF_QNEA,derived_per_capita|QNEA|B1GQ|Q|NSA|XDC|Q|population=SP.POP.TOTL_interpolated,NSA,\N
KAZ,gdp_real_per_capita_lcu_quarterly_nsa_estimate,2012-Q4,quarterly,169333.2895402412,\N,estimated,IMF_QNEA,derived_per_capita|QNEA|B1GQ|Q|NSA|XDC|Q|population=SP.POP.TOTL_interpolated,NSA,\N
KAZ,gdp_real_per_capita_lcu_quarterly_nsa_estimate,2013-Q1,quarterly,171457.8241440344,\N,estimated,IMF_QNEA,derived_per_capita|QNEA|B1GQ|Q|NSA|XDC|Q|population=SP.POP.TOTL_interpolated,NSA,\N
KAZ,gdp_real_per_capita_lcu_quarterly_nsa_estimate,2013-Q2,quarterly,174742.63136189154,\N,estimated,IMF_QNEA,derived_per_capita|QNEA|B1GQ|Q|NSA|XDC|Q|population=SP.POP.TOTL_interpolated,NSA,\N
KAZ,gdp_real_per_capita_lcu_quarterly_nsa_estimate,2013-Q3,quarterly,176167.17415431523,\N,estimated,IMF_QNEA,derived_per_capita|QNEA|B1GQ|Q|NSA|XDC|Q|population=SP.POP.TOTL_interpolated,NSA,\N
KAZ,gdp_real_per_capita_lcu_quarterly_nsa_estimate,2013-Q4,quarterly,176419.73509213055,\N,estimated,IMF_QNEA,derived_per_capita|QNEA|B1GQ|Q|NSA|XDC|Q|population=SP.POP.TOTL_interpolated,NSA,\N
KAZ,gdp_real_per_capita_lcu_quarterly_nsa_estimate,2014-Q1,quarterly,176732.52530524827,\N,estimated,IMF_QNEA,derived_per_capita|QNEA|B1GQ|Q|NSA|XDC|Q|population=SP.POP.TOTL_interpolated,NSA,\N
KAZ,gdp_real_per_capita_lcu_quarterly_nsa_estimate,2014-Q2,quarterly,178527.52703886316,\N,estimated,IMF_QNEA,derived_per_capita|QNEA|B1GQ|Q|NSA|XDC|Q|population=SP.POP.TOTL_interpolated,NSA,\N
KAZ,gdp_real_per_capita_lcu_quarterly_nsa_estimate,2014-Q3,quarterly,180293.63458762676,\N,estimated,IMF_QNEA,derived_per_capita|QNEA|B1GQ|Q|NSA|XDC|Q|population=SP.POP.TOTL_interpolated,NSA,\N
KAZ,gdp_real_per_capita_lcu_quarterly_nsa_estimate,2014-Q4,quarterly,182655.98127873865,\N,estimated,IMF_QNEA,derived_per_capita|QNEA|B1GQ|Q|NSA|XDC|Q|population=SP.POP.TOTL_interpolated,NSA,\N
KEN,gdp_real_per_capita_lcu_quarterly_nsa_estimate,2010-Q1,quarterly,34862.45414108328,\N,estimated,IMF_QNEA,derived_per_capita|QNEA|B1GQ|Q|NSA|XDC|Q|population=SP.POP.TOTL_interpolated,NSA,\N
KEN,gdp_real_per_capita_lcu_quarterly_nsa_estimate,2010-Q2,quarterly,34700.89131187001,\N,estimated,IMF_QNEA,derived_per_capita|QNEA|B1GQ|Q|NSA|XDC|Q|population=SP.POP.TOTL_interpolated,NSA,\N
KEN,gdp_real_per_capita_lcu_quarterly_nsa_estimate,2010-Q3,quarterly,34388.11196087971,\N,estimated,IMF_QNEA,derived_per_capita|QNEA|B1GQ|Q|NSA|XDC|Q|population=SP.POP.TOTL_interpolated,NSA,\N
KEN,gdp_real_per_capita_lcu_quarterly_nsa_estimate,2010-Q4,quarterly,35329.17880452205,\N,estimated,IMF_QNEA,derived_per_capita|QNEA|B1GQ|Q|NSA|XDC|Q|population=SP.POP.TOTL_interpolated,NSA,\N
KEN,gdp_real_per_capita_lcu_quarterly_nsa_estimate,2011-Q1,quarterly,35881.696293754714,\N,estimated,IMF_QNEA,derived_per_capita|QNEA|B1GQ|Q|NSA|XDC|Q|population=SP.POP.TOTL_interpolated,NSA,\N
KEN,gdp_real_per_capita_lcu_quarterly_nsa_estimate,2011-Q2,quarterly,35567.38864116436,\N,estimated,IMF_QNEA,derived_per_capita|QNEA|B1GQ|Q|NSA|XDC|Q|population=SP.POP.TOTL_interpolated,NSA,\N
KEN,gdp_real_per_capita_lcu_quarterly_nsa_estimate,2011-Q3,quarterly,35285.801736393616,\N,estimated,IMF_QNEA,derived_per_capita|QNEA|B1GQ|Q|NSA|XDC|Q|population=SP.POP.TOTL_interpolated,NSA,\N
KEN,gdp_real_per_capita_lcu_quarterly_nsa_estimate,2011-Q4,quarterly,35713.0883363171,\N,estimated,IMF_QNEA,derived_per_capita|QNEA|B1GQ|Q|NSA|XDC|Q|population=SP.POP.TOTL_interpolated,NSA,\N
KEN,gdp_real_per_capita_lcu_quarterly_nsa_estimate,2012-Q1,quarterly,36315.082967293696,\N,estimated,IMF_QNEA,derived_per_capita|QNEA|B1GQ|Q|NSA|XDC|Q|population=SP.POP.TOTL_interpolated,NSA,\N
KEN,gdp_real_per_capita_lcu_quarterly_nsa_estimate,2012-Q2,quarterly,36304.211920099275,\N,estimated,IMF_QNEA,derived_per_capita|QNEA|B1GQ|Q|NSA|XDC|Q|population=SP.POP.TOTL_interpolated,NSA,\N
KEN,gdp_real_per_capita_lcu_quarterly_nsa_estimate,2012-Q3,quarterly,36113.9313128035,\N,estimated,IMF_QNEA,derived_per_capita|QNEA|B1GQ|Q|NSA|XDC|Q|population=SP.POP.TOTL_interpolated,NSA,\N
KEN,gdp_real_per_capita_lcu_quarterly_nsa_estimate,2012-Q4,quarterly,36385.4720773948,\N,estimated,IMF_QNEA,derived_per_capita|QNEA|B1GQ|Q|NSA|XDC|Q|population=SP.POP.TOTL_interpolated,NSA,\N
KEN,gdp_real_per_capita_lcu_quarterly_nsa_estimate,2013-Q1,quarterly,36671.25535206416,\N,estimated,IMF_QNEA,derived_per_capita|QNEA|B1GQ|Q|NSA|XDC|Q|population=SP.POP.TOTL_interpolated,NSA,\N
KEN,gdp_real_per_capita_lcu_quarterly_nsa_estimate,2013-Q2,quarterly,37086.20478988831,\N,estimated,IMF_QNEA,derived_per_capita|QNEA|B1GQ|Q|NSA|XDC|Q|population=SP.POP.TOTL_interpolated,NSA,\N
KEN,gdp_real_per_capita_lcu_quarterly_nsa_estimate,2013-Q3,quarterly,36546.13637715402,\N,estimated,IMF_QNEA,derived_per_capita|QNEA|B1GQ|Q|NSA|XDC|Q|population=SP.POP.TOTL_interpolated,NSA,\N
KEN,gdp_real_per_capita_lcu_quarterly_nsa_estimate,2013-Q4,quarterly,36650.94390613412,\N,estimated,IMF_QNEA,derived_per_capita|QNEA|B1GQ|Q|NSA|XDC|Q|population=SP.POP.TOTL_interpolated,NSA,\N
KEN,gdp_real_per_capita_lcu_quarterly_nsa_estimate,2014-Q1,quarterly,37540.406085552735,\N,estimated,IMF_QNEA,derived_per_capita|QNEA|B1GQ|Q|NSA|XDC|Q|population=SP.POP.TOTL_interpolated,NSA,\N
KEN,gdp_real_per_capita_lcu_quarterly_nsa_estimate,2014-Q2,quarterly,38353.41774287224,\N,estimated,IMF_QNEA,derived_per_capita|QNEA|B1GQ|Q|NSA|XDC|Q|population=SP.POP.TOTL_interpolated,NSA,\N
KEN,gdp_real_per_capita_lcu_quarterly_nsa_estimate,2014-Q3,quarterly,37521.1051682788,\N,estimated,IMF_QNEA,derived_per_capita|QNEA|B1GQ|Q|NSA|XDC|Q|population=SP.POP.TOTL_interpolated,NSA,\N
KEN,gdp_real_per_capita_lcu_quarterly_nsa_estimate,2014-Q4,quarterly,37348.213411561,\N,estimated,IMF_QNEA,derived_per_capita|QNEA|B1GQ|Q|NSA|XDC|Q|population=SP.POP.TOTL_interpolated,NSA,\N
KOR,gdp_real_per_capita_lcu_quarterly_nsa_estimate,2010-Q1,quarterly,7498451.613116816,\N,estimated,IMF_QNEA,derived_per_capita|QNEA|B1GQ|Q|NSA|XDC|Q|population=SP.POP.TOTL_interpolated,NSA,\N
KOR,gdp_real_per_capita_lcu_quarterly_nsa_estimate,2010-Q2,quarterly,7956513.03912412,\N,estimated,IMF_QNEA,derived_per_capita|QNEA|B1GQ|Q|NSA|XDC|Q|population=SP.POP.TOTL_interpolated,NSA,\N
KOR,gdp_real_per_capita_lcu_quarterly_nsa_estimate,2010-Q3,quarterly,7957749.182439789,\N,estimated,IMF_QNEA,derived_per_capita|QNEA|B1GQ|Q|NSA|XDC|Q|population=SP.POP.TOTL_interpolated,NSA,\N
KOR,gdp_real_per_capita_lcu_quarterly_nsa_estimate,2010-Q4,quarterly,8403104.826521235,\N,estimated,IMF_QNEA,derived_per_capita|QNEA|B1GQ|Q|NSA|XDC|Q|population=SP.POP.TOTL_interpolated,NSA,\N
KOR,gdp_real_per_capita_lcu_quarterly_nsa_estimate,2011-Q1,quarterly,7850864.628513488,\N,estimated,IMF_QNEA,derived_per_capita|QNEA|B1GQ|Q|NSA|XDC|Q|population=SP.POP.TOTL_interpolated,NSA,\N
KOR,gdp_real_per_capita_lcu_quarterly_nsa_estimate,2011-Q2,quarterly,8201368.193252948,\N,estimated,IMF_QNEA,derived_per_capita|QNEA|B1GQ|Q|NSA|XDC|Q|population=SP.POP.TOTL_interpolated,NSA,\N
KOR,gdp_real_per_capita_lcu_quarterly_nsa_estimate,2011-Q3,quarterly,8145096.0128537705,\N,estimated,IMF_QNEA,derived_per_capita|QNEA|B1GQ|Q|NSA|XDC|Q|population=SP.POP.TOTL_interpolated,NSA,\N
KOR,gdp_real_per_capita_lcu_quarterly_nsa_estimate,2011-Q4,quarterly,8560746.643618159,\N,estimated,IMF_QNEA,derived_per_capita|QNEA|B1GQ|Q|NSA|XDC|Q|population=SP.POP.TOTL_interpolated,NSA,\N
KOR,gdp_real_per_capita_lcu_quarterly_nsa_estimate,2012-Q1,quarterly,7999982.455491619,\N,estimated,IMF_QNEA,derived_per_capita|QNEA|B1GQ|Q|NSA|XDC|Q|population=SP.POP.TOTL_interpolated,NSA,\N
KOR,gdp_real_per_capita_lcu_quarterly_nsa_estimate,2012-Q2,quarterly,8364299.416053062,\N,estimated,IMF_QNEA,derived_per_capita|QNEA|B1GQ|Q|NSA|XDC|Q|population=SP.POP.TOTL_interpolated,NSA,\N
KOR,gdp_real_per_capita_lcu_quarterly_nsa_estimate,2012-Q3,quarterly,8301642.317168926,\N,estimated,IMF_QNEA,derived_per_capita|QNEA|B1GQ|Q|NSA|XDC|Q|population=SP.POP.TOTL_interpolated,NSA,\N
KOR,gdp_real_per_capita_lcu_quarterly_nsa_estimate,2012-Q4,quarterly,8743814.325265115,\N,estimated,IMF_QNEA,derived_per_capita|QNEA|B1GQ|Q|NSA|XDC|Q|population=SP.POP.TOTL_interpolated,NSA,\N
KOR,gdp_real_per_capita_lcu_quarterly_nsa_estimate,2013-Q1,quarterly,8146907.724197541,\N,estimated,IMF_QNEA,derived_per_capita|QNEA|B1GQ|Q|NSA|XDC|Q|population=SP.POP.TOTL_interpolated,NSA,\N
KOR,gdp_real_per_capita_lcu_quarterly_nsa_estimate,2013-Q2,quarterly,8579693.32421936,\N,estimated,IMF_QNEA,derived_per_capita|QNEA|B1GQ|Q|NSA|XDC|Q|population=SP.POP.TOTL_interpolated,NSA,\N
KOR,gdp_real_per_capita_lcu_quarterly_nsa_estimate,2013-Q3,quarterly,8566847.152602838,\N,estimated,IMF_QNEA,derived_per_capita|QNEA|B1GQ|Q|NSA|XDC|Q|population=SP.POP.TOTL_interpolated,NSA,\N
KOR,gdp_real_per_capita_lcu_quarterly_nsa_estimate,2013-Q4,quarterly,9048259.082133532,\N,estimated,IMF_QNEA,derived_per_capita|QNEA|B1GQ|Q|NSA|XDC|Q|population=SP.POP.TOTL_interpolated,NSA,\N
KOR,gdp_real_per_capita_lcu_quarterly_nsa_estimate,2014-Q1,quarterly,8407547.821332881,\N,estimated,IMF_QNEA,derived_per_capita|QNEA|B1GQ|Q|NSA|XDC|Q|population=SP.POP.TOTL_interpolated,NSA,\N
KOR,gdp_real_per_capita_lcu_quarterly_nsa_estimate,2014-Q2,quarterly,8833225.10603369,\N,estimated,IMF_QNEA,derived_per_capita|QNEA|B1GQ|Q|NSA|XDC|Q|population=SP.POP.TOTL_interpolated,NSA,\N
KOR,gdp_real_per_capita_lcu_quarterly_nsa_estimate,2014-Q3,quarterly,8767059.677498285,\N,estimated,IMF_QNEA,derived_per_capita|QNEA|B1GQ|Q|NSA|XDC|Q|population=SP.POP.TOTL_interpolated,NSA,\N
KOR,gdp_real_per_capita_lcu_quarterly_nsa_estimate,2014-Q4,quarterly,9228084.962757193,\N,estimated,IMF_QNEA,derived_per_capita|QNEA|B1GQ|Q|NSA|XDC|Q|population=SP.POP.TOTL_interpolated,NSA,\N
LCA,gdp_real_per_capita_lcu_quarterly_nsa_estimate,2010-Q1,quarterly,7212.76528677105,\N,estimated,IMF_QNEA,derived_per_capita|QNEA|B1GQ|Q|NSA|XDC|Q|population=SP.POP.TOTL_interpolated,NSA,\N
LCA,gdp_real_per_capita_lcu_quarterly_nsa_estimate,2010-Q2,quarterly,7114.567222778912,\N,estimated,IMF_QNEA,derived_per_capita|QNEA|B1GQ|Q|NSA|XDC|Q|population=SP.POP.TOTL_interpolated,NSA,\N
LCA,gdp_real_per_capita_lcu_quarterly_nsa_estimate,2010-Q3,quarterly,6915.0666268072855,\N,estimated,IMF_QNEA,derived_per_capita|QNEA|B1GQ|Q|NSA|XDC|Q|population=SP.POP.TOTL_interpolated,NSA,\N
LCA,gdp_real_per_capita_lcu_quarterly_nsa_estimate,2010-Q4,quarterly,7332.913361456363,\N,estimated,IMF_QNEA,derived_per_capita|QNEA|B1GQ|Q|NSA|XDC|Q|population=SP.POP.TOTL_interpolated,NSA,\N
LCA,gdp_real_per_capita_lcu_quarterly_nsa_estimate,2011-Q1,quarterly,7060.9007795305615,\N,estimated,IMF_QNEA,derived_per_capita|QNEA|B1GQ|Q|NSA|XDC|Q|population=SP.POP.TOTL_interpolated,NSA,\N
LCA,gdp_real_per_capita_lcu_quarterly_nsa_estimate,2011-Q2,quarterly,7562.5057789769735,\N,estimated,IMF_QNEA,derived_per_capita|QNEA|B1GQ|Q|NSA|XDC|Q|population=SP.POP.TOTL_interpolated,NSA,\N
LCA,gdp_real_per_capita_lcu_quarterly_nsa_estimate,2011-Q3,quarterly,7425.27963327356,\N,estimated,IMF_QNEA,derived_per_capita|QNEA|B1GQ|Q|NSA|XDC|Q|population=SP.POP.TOTL_interpolated,NSA,\N
LCA,gdp_real_per_capita_lcu_quarterly_nsa_estimate,2011-Q4,quarterly,7606.230833707398,\N,estimated,IMF_QNEA,derived_per_capita|QNEA|B1GQ|Q|NSA|XDC|Q|population=SP.POP.TOTL_interpolated,NSA,\N
LCA,gdp_real_per_capita_lcu_quarterly_nsa_estimate,2012-Q1,quarterly,7483.79570177997,\N,estimated,IMF_QNEA,derived_per_capita|QNEA|B1GQ|Q|NSA|XDC|Q|population=SP.POP.TOTL_interpolated,NSA,\N
LCA,gdp_real_per_capita_lcu_quarterly_nsa_estimate,2012-Q2,quarterly,7466.5739069939345,\N,estimated,IMF_QNEA,derived_per_capita|QNEA|B1GQ|Q|NSA|XDC|Q|population=SP.POP.TOTL_interpolated,NSA,\N
LCA,gdp_real_per_capita_lcu_quarterly_nsa_estimate,2012-Q3,quarterly,7361.9702955819785,\N,estimated,IMF_QNEA,derived_per_capita|QNEA|B1GQ|Q|NSA|XDC|Q|population=SP.POP.TOTL_interpolated,NSA,\N
LCA,gdp_real_per_capita_lcu_quarterly_nsa_estimate,2012-Q4,quarterly,7173.75177326502,\N,estimated,IMF_QNEA,derived_per_capita|QNEA|B1GQ|Q|NSA|XDC|Q|population=SP.POP.TOTL_interpolated,NSA,\N
LCA,gdp_real_per_capita_lcu_quarterly_nsa_estimate,2013-Q1,quarterly,7823.164134779136,\N,estimated,IMF_QNEA,derived_per_capita|QNEA|B1GQ|Q|NSA|XDC|Q|population=SP.POP.TOTL_interpolated,NSA,\N
LCA,gdp_real_per_capita_lcu_quarterly_nsa_estimate,2013-Q2,quarterly,6700.476853488389,\N,estimated,IMF_QNEA,derived_per_capita|QNEA|B1GQ|Q|NSA|XDC|Q|population=SP.POP.TOTL_interpolated,NSA,\N
LCA,gdp_real_per_capita_lcu_quarterly_nsa_estimate,2013-Q3,quarterly,6909.746267441366,\N,estimated,IMF_QNEA,derived_per_capita|QNEA|B1GQ|Q|NSA|XDC|Q|population=SP.POP.TOTL_interpolated,NSA,\N
LCA,gdp_real_per_capita_lcu_quarterly_nsa_estimate,2013-Q4,quarterly,7332.2541009271845,\N,estimated,IMF_QNEA,derived_per_capita|QNEA|B1GQ|Q|NSA|XDC|Q|population=SP.POP.TOTL_interpolated,NSA,\N
LCA,gdp_real_per_capita_lcu_quarterly_nsa_estimate,2014-Q1,quarterly,7137.777835298753,\N,estimated,IMF_QNEA,derived_per_capita|QNEA|B1GQ|Q|NSA|XDC|Q|population=SP.POP.TOTL_interpolated,NSA,\N
LCA,gdp_real_per_capita_lcu_quarterly_nsa_estimate,2014-Q2,quarterly,7176.433832375111,\N,estimated,IMF_QNEA,derived_per_capita|QNEA|B1GQ|Q|NSA|XDC|Q|population=SP.POP.TOTL_interpolated,NSA,\N
LCA,gdp_real_per_capita_lcu_quarterly_nsa_estimate,2014-Q3,quarterly,7279.296290689741,\N,estimated,IMF_QNEA,derived_per_capita|QNEA|B1GQ|Q|NSA|XDC|Q|population=SP.POP.TOTL_interpolated,NSA,\N
LCA,gdp_real_per_capita_lcu_quarterly_nsa_estimate,2014-Q4,quarterly,7423.794525603677,\N,estimated,IMF_QNEA,derived_per_capita|QNEA|B1GQ|Q|NSA|XDC|Q|population=SP.POP.TOTL_interpolated,NSA,\N
LKA,gdp_real_per_capita_lcu_quarterly_nsa_estimate,2010-Q1,quarterly,67918.28359550438,\N,estimated,IMF_QNEA,derived_per_capita|QNEA|B1GQ|Q|NSA|XDC|Q|population=SP.POP.TOTL_interpolated,NSA,\N
LKA,gdp_real_per_capita_lcu_quarterly_nsa_estimate,2010-Q2,quarterly,73034.5754210968,\N,estimated,IMF_QNEA,derived_per_capita|QNEA|B1GQ|Q|NSA|XDC|Q|population=SP.POP.TOTL_interpolated,NSA,\N
LKA,gdp_real_per_capita_lcu_quarterly_nsa_estimate,2010-Q3,quarterly,78791.71251606765,\N,estimated,IMF_QNEA,derived_per_capita|QNEA|B1GQ|Q|NSA|XDC|Q|population=SP.POP.TOTL_interpolated,NSA,\N
LKA,gdp_real_per_capita_lcu_quarterly_nsa_estimate,2010-Q4,quarterly,87374.86102642935,\N,estimated,IMF_QNEA,derived_per_capita|QNEA|B1GQ|Q|NSA|XDC|Q|population=SP.POP.TOTL_interpolated,NSA,\N
LKA,gdp_real_per_capita_lcu_quarterly_nsa_estimate,2011-Q1,quarterly,74136.41885556304,\N,estimated,IMF_QNEA,derived_per_capita|QNEA|B1GQ|Q|NSA|XDC|Q|population=SP.POP.TOTL_interpolated,NSA,\N
LKA,gdp_real_per_capita_lcu_quarterly_nsa_estimate,2011-Q2,quarterly,77819.47457923392,\N,estimated,IMF_QNEA,derived_per_capita|QNEA|B1GQ|Q|NSA|XDC|Q|population=SP.POP.TOTL_interpolated,NSA,\N
LKA,gdp_real_per_capita_lcu_quarterly_nsa_estimate,2011-Q3,quarterly,85487.97961435461,\N,estimated,IMF_QNEA,derived_per_capita|QNEA|B1GQ|Q|NSA|XDC|Q|population=SP.POP.TOTL_interpolated,NSA,\N
LKA,gdp_real_per_capita_lcu_quarterly_nsa_estimate,2011-Q4,quarterly,93378.64340788801,\N,estimated,IMF_QNEA,derived_per_capita|QNEA|B1GQ|Q|NSA|XDC|Q|population=SP.POP.TOTL_interpolated,NSA,\N
LKA,gdp_real_per_capita_lcu_quarterly_nsa_estimate,2012-Q1,quarterly,85480.23470214846,\N,estimated,IMF_QNEA,derived_per_capita|QNEA|B1GQ|Q|NSA|XDC|Q|population=SP.POP.TOTL_interpolated,NSA,\N
LKA,gdp_real_per_capita_lcu_quarterly_nsa_estimate,2012-Q2,quarterly,84769.80431087411,\N,estimated,IMF_QNEA,derived_per_capita|QNEA|B1GQ|Q|NSA|XDC|Q|population=SP.POP.TOTL_interpolated,NSA,\N
LKA,gdp_real_per_capita_lcu_quarterly_nsa_estimate,2012-Q3,quarterly,89629.31803084136,\N,estimated,IMF_QNEA,derived_per_capita|QNEA|B1GQ|Q|NSA|XDC|Q|population=SP.POP.TOTL_interpolated,NSA,\N
LKA,gdp_real_per_capita_lcu_quarterly_nsa_estimate,2012-Q4,quarterly,100256.45634775468,\N,estimated,IMF_QNEA,derived_per_capita|QNEA|B1GQ|Q|NSA|XDC|Q|population=SP.POP.TOTL_interpolated,NSA,\N
LKA,gdp_real_per_capita_lcu_quarterly_nsa_estimate,2013-Q1,quarterly,89880.26429172649,\N,estimated,IMF_QNEA,derived_per_capita|QNEA|B1GQ|Q|NSA|XDC|Q|population=SP.POP.TOTL_interpolated,NSA,\N
LKA,gdp_real_per_capita_lcu_quarterly_nsa_estimate,2013-Q2,quarterly,91914.4562447933,\N,estimated,IMF_QNEA,derived_per_capita|QNEA|B1GQ|Q|NSA|XDC|Q|population=SP.POP.TOTL_interpolated,NSA,\N
LKA,gdp_real_per_capita_lcu_quarterly_nsa_estimate,2013-Q3,quarterly,95444.09120164829,\N,estimated,IMF_QNEA,derived_per_capita|QNEA|B1GQ|Q|NSA|XDC|Q|population=SP.POP.TOTL_interpolated,NSA,\N
LKA,gdp_real_per_capita_lcu_quarterly_nsa_estimate,2013-Q4,quarterly,102168.09657539355,\N,estimated,IMF_QNEA,derived_per_capita|QNEA|B1GQ|Q|NSA|XDC|Q|population=SP.POP.TOTL_interpolated,NSA,\N
LKA,gdp_real_per_capita_lcu_quarterly_nsa_estimate,2014-Q1,quarterly,91465.75890312174,\N,estimated,IMF_QNEA,derived_per_capita|QNEA|B1GQ|Q|NSA|XDC|Q|population=SP.POP.TOTL_interpolated,NSA,\N
LKA,gdp_real_per_capita_lcu_quarterly_nsa_estimate,2014-Q2,quarterly,93484.22105232734,\N,estimated,IMF_QNEA,derived_per_capita|QNEA|B1GQ|Q|NSA|XDC|Q|population=SP.POP.TOTL_interpolated,NSA,\N
LKA,gdp_real_per_capita_lcu_quarterly_nsa_estimate,2014-Q3,quarterly,99397.15298674261,\N,estimated,IMF_QNEA,derived_per_capita|QNEA|B1GQ|Q|NSA|XDC|Q|population=SP.POP.TOTL_interpolated,NSA,\N
LKA,gdp_real_per_capita_lcu_quarterly_nsa_estimate,2014-Q4,quarterly,111930.6466392705,\N,estimated,IMF_QNEA,derived_per_capita|QNEA|B1GQ|Q|NSA|XDC|Q|population=SP.POP.TOTL_interpolated,NSA,\N
LSO,gdp_real_per_capita_lcu_quarterly_nsa_estimate,2010-Q1,quarterly,2157.453193963365,\N,estimated,IMF_QNEA,derived_per_capita|QNEA|B1GQ|Q|NSA|XDC|Q|population=SP.POP.TOTL_interpolated,NSA,\N
LSO,gdp_real_per_capita_lcu_quarterly_nsa_estimate,2010-Q2,quarterly,2215.935062053186,\N,estimated,IMF_QNEA,derived_per_capita|QNEA|B1GQ|Q|NSA|XDC|Q|population=SP.POP.TOTL_interpolated,NSA,\N
LSO,gdp_real_per_capita_lcu_quarterly_nsa_estimate,2010-Q3,quarterly,2315.563325755881,\N,estimated,IMF_QNEA,derived_per_capita|QNEA|B1GQ|Q|NSA|XDC|Q|population=SP.POP.TOTL_interpolated,NSA,\N
LSO,gdp_real_per_capita_lcu_quarterly_nsa_estimate,2010-Q4,quarterly,2471.124502057104,\N,estimated,IMF_QNEA,derived_per_capita|QNEA|B1GQ|Q|NSA|XDC|Q|population=SP.POP.TOTL_interpolated,NSA,\N
LSO,gdp_real_per_capita_lcu_quarterly_nsa_estimate,2011-Q1,quarterly,2232.3692251212974,\N,estimated,IMF_QNEA,derived_per_capita|QNEA|B1GQ|Q|NSA|XDC|Q|population=SP.POP.TOTL_interpolated,NSA,\N
LSO,gdp_real_per_capita_lcu_quarterly_nsa_estimate,2011-Q2,quarterly,2283.5781129746124,\N,estimated,IMF_QNEA,derived_per_capita|QNEA|B1GQ|Q|NSA|XDC|Q|population=SP.POP.TOTL_interpolated,NSA,\N
LSO,gdp_real_per_capita_lcu_quarterly_nsa_estimate,2011-Q3,quarterly,2379.0421424473766,\N,estimated,IMF_QNEA,derived_per_capita|QNEA|B1GQ|Q|NSA|XDC|Q|population=SP.POP.TOTL_interpolated,NSA,\N
LSO,gdp_real_per_capita_lcu_quarterly_nsa_estimate,2011-Q4,quarterly,2602.844465718069,\N,estimated,IMF_QNEA,derived_per_capita|QNEA|B1GQ|Q|NSA|XDC|Q|population=SP.POP.TOTL_interpolated,NSA,\N
LSO,gdp_real_per_capita_lcu_quarterly_nsa_estimate,2012-Q1,quarterly,2471.858475559658,\N,estimated,IMF_QNEA,derived_per_capita|QNEA|B1GQ|Q|NSA|XDC|Q|population=SP.POP.TOTL_interpolated,NSA,\N
LSO,gdp_real_per_capita_lcu_quarterly_nsa_estimate,2012-Q2,quarterly,2417.366008370479,\N,estimated,IMF_QNEA,derived_per_capita|QNEA|B1GQ|Q|NSA|XDC|Q|population=SP.POP.TOTL_interpolated,NSA,\N
LSO,gdp_real_per_capita_lcu_quarterly_nsa_estimate,2012-Q3,quarterly,2486.5946940238923,\N,estimated,IMF_QNEA,derived_per_capita|QNEA|B1GQ|Q|NSA|XDC|Q|population=SP.POP.TOTL_interpolated,NSA,\N
LSO,gdp_real_per_capita_lcu_quarterly_nsa_estimate,2012-Q4,quarterly,2623.999616210077,\N,estimated,IMF_QNEA,derived_per_capita|QNEA|B1GQ|Q|NSA|XDC|Q|population=SP.POP.TOTL_interpolated,NSA,\N
LSO,gdp_real_per_capita_lcu_quarterly_nsa_estimate,2013-Q1,quarterly,2495.023900556189,\N,estimated,IMF_QNEA,derived_per_capita|QNEA|B1GQ|Q|NSA|XDC|Q|population=SP.POP.TOTL_interpolated,NSA,\N
LSO,gdp_real_per_capita_lcu_quarterly_nsa_estimate,2013-Q2,quarterly,2373.6938132825835,\N,estimated,IMF_QNEA,derived_per_capita|QNEA|B1GQ|Q|NSA|XDC|Q|population=SP.POP.TOTL_interpolated,NSA,\N
LSO,gdp_real_per_capita_lcu_quarterly_nsa_estimate,2013-Q3,quarterly,2516.4146661657455,\N,estimated,IMF_QNEA,derived_per_capita|QNEA|B1GQ|Q|NSA|XDC|Q|population=SP.POP.TOTL_interpolated,NSA,\N
LSO,gdp_real_per_capita_lcu_quarterly_nsa_estimate,2013-Q4,quarterly,2684.240776512166,\N,estimated,IMF_QNEA,derived_per_capita|QNEA|B1GQ|Q|NSA|XDC|Q|population=SP.POP.TOTL_interpolated,NSA,\N
LSO,gdp_real_per_capita_lcu_quarterly_nsa_estimate,2014-Q1,quarterly,2569.051240182907,\N,estimated,IMF_QNEA,derived_per_capita|QNEA|B1GQ|Q|NSA|XDC|Q|population=SP.POP.TOTL_interpolated,NSA,\N
LSO,gdp_real_per_capita_lcu_quarterly_nsa_estimate,2014-Q2,quarterly,2427.835258513123,\N,estimated,IMF_QNEA,derived_per_capita|QNEA|B1GQ|Q|NSA|XDC|Q|population=SP.POP.TOTL_interpolated,NSA,\N
LSO,gdp_real_per_capita_lcu_quarterly_nsa_estimate,2014-Q3,quarterly,2490.490157515628,\N,estimated,IMF_QNEA,derived_per_capita|QNEA|B1GQ|Q|NSA|XDC|Q|population=SP.POP.TOTL_interpolated,NSA,\N
LSO,gdp_real_per_capita_lcu_quarterly_nsa_estimate,2014-Q4,quarterly,2639.0298482948815,\N,estimated,IMF_QNEA,derived_per_capita|QNEA|B1GQ|Q|NSA|XDC|Q|population=SP.POP.TOTL_interpolated,NSA,\N
LTU,gdp_real_per_capita_lcu_quarterly_nsa_estimate,2010-Q1,quarterly,1999.8570197566078,\N,estimated,IMF_QNEA,derived_per_capita|QNEA|B1GQ|Q|NSA|XDC|Q|population=SP.POP.TOTL_interpolated,NSA,\N
LTU,gdp_real_per_capita_lcu_quarterly_nsa_estimate,2010-Q2,quarterly,2225.8467426251846,\N,estimated,IMF_QNEA,derived_per_capita|QNEA|B1GQ|Q|NSA|XDC|Q|population=SP.POP.TOTL_interpolated,NSA,\N
LTU,gdp_real_per_capita_lcu_quarterly_nsa_estimate,2010-Q3,quarterly,2388.4520605396015,\N,estimated,IMF_QNEA,derived_per_capita|QNEA|B1GQ|Q|NSA|XDC|Q|population=SP.POP.TOTL_interpolated,NSA,\N
LTU,gdp_real_per_capita_lcu_quarterly_nsa_estimate,2010-Q4,quarterly,2321.6851579621384,\N,estimated,IMF_QNEA,derived_per_capita|QNEA|B1GQ|Q|NSA|XDC|Q|population=SP.POP.TOTL_interpolated,NSA,\N
LTU,gdp_real_per_capita_lcu_quarterly_nsa_estimate,2011-Q1,quarterly,2174.058192216809,\N,estimated,IMF_QNEA,derived_per_capita|QNEA|B1GQ|Q|NSA|XDC|Q|population=SP.POP.TOTL_interpolated,NSA,\N
LTU,gdp_real_per_capita_lcu_quarterly_nsa_estimate,2011-Q2,quarterly,2402.858800077731,\N,estimated,IMF_QNEA,derived_per_capita|QNEA|B1GQ|Q|NSA|XDC|Q|population=SP.POP.TOTL_interpolated,NSA,\N
LTU,gdp_real_per_capita_lcu_quarterly_nsa_estimate,2011-Q3,quarterly,2620.5891204422865,\N,estimated,IMF_QNEA,derived_per_capita|QNEA|B1GQ|Q|NSA|XDC|Q|population=SP.POP.TOTL_interpolated,NSA,\N
LTU,gdp_real_per_capita_lcu_quarterly_nsa_estimate,2011-Q4,quarterly,2506.553057028358,\N,estimated,IMF_QNEA,derived_per_capita|QNEA|B1GQ|Q|NSA|XDC|Q|population=SP.POP.TOTL_interpolated,NSA,\N
LTU,gdp_real_per_capita_lcu_quarterly_nsa_estimate,2012-Q1,quarterly,2304.294401171567,\N,estimated,IMF_QNEA,derived_per_capita|QNEA|B1GQ|Q|NSA|XDC|Q|population=SP.POP.TOTL_interpolated,NSA,\N
LTU,gdp_real_per_capita_lcu_quarterly_nsa_estimate,2012-Q2,quarterly,2500.9528443545464,\N,estimated,IMF_QNEA,derived_per_capita|QNEA|B1GQ|Q|NSA|XDC|Q|population=SP.POP.TOTL_interpolated,NSA,\N
LTU,gdp_real_per_capita_lcu_quarterly_nsa_estimate,2012-Q3,quarterly,2804.4249365601486,\N,estimated,IMF_QNEA,derived_per_capita|QNEA|B1GQ|Q|NSA|XDC|Q|population=SP.POP.TOTL_interpolated,NSA,\N
LTU,gdp_real_per_capita_lcu_quarterly_nsa_estimate,2012-Q4,quarterly,2658.7095698960675,\N,estimated,IMF_QNEA,derived_per_capita|QNEA|B1GQ|Q|NSA|XDC|Q|population=SP.POP.TOTL_interpolated,NSA,\N
LTU,gdp_real_per_capita_lcu_quarterly_nsa_estimate,2013-Q1,quarterly,2420.7334905511716,\N,estimated,IMF_QNEA,derived_per_capita|QNEA|B1GQ|Q|NSA|XDC|Q|population=SP.POP.TOTL_interpolated,NSA,\N
LTU,gdp_real_per_capita_lcu_quarterly_nsa_estimate,2013-Q2,quarterly,2639.814035726367,\N,estimated,IMF_QNEA,derived_per_capita|QNEA|B1GQ|Q|NSA|XDC|Q|population=SP.POP.TOTL_interpolated,NSA,\N
LTU,gdp_real_per_capita_lcu_quarterly_nsa_estimate,2013-Q3,quarterly,2932.242674437927,\N,estimated,IMF_QNEA,derived_per_capita|QNEA|B1GQ|Q|NSA|XDC|Q|population=SP.POP.TOTL_interpolated,NSA,\N
LTU,gdp_real_per_capita_lcu_quarterly_nsa_estimate,2013-Q4,quarterly,2794.4805040573574,\N,estimated,IMF_QNEA,derived_per_capita|QNEA|B1GQ|Q|NSA|XDC|Q|population=SP.POP.TOTL_interpolated,NSA,\N
LTU,gdp_real_per_capita_lcu_quarterly_nsa_estimate,2014-Q1,quarterly,2561.3664843134975,\N,estimated,IMF_QNEA,derived_per_capita|QNEA|B1GQ|Q|NSA|XDC|Q|population=SP.POP.TOTL_interpolated,NSA,\N
LTU,gdp_real_per_capita_lcu_quarterly_nsa_estimate,2014-Q2,quarterly,2779.333269651685,\N,estimated,IMF_QNEA,derived_per_capita|QNEA|B1GQ|Q|NSA|XDC|Q|population=SP.POP.TOTL_interpolated,NSA,\N
LTU,gdp_real_per_capita_lcu_quarterly_nsa_estimate,2014-Q3,quarterly,3053.909627787088,\N,estimated,IMF_QNEA,derived_per_capita|QNEA|B1GQ|Q|NSA|XDC|Q|population=SP.POP.TOTL_interpolated,NSA,\N
LTU,gdp_real_per_capita_lcu_quarterly_nsa_estimate,2014-Q4,quarterly,2893.645586284031,\N,estimated,IMF_QNEA,derived_per_capita|QNEA|B1GQ|Q|NSA|XDC|Q|population=SP.POP.TOTL_interpolated,NSA,\N
LUX,gdp_real_per_capita_lcu_quarterly_nsa_estimate,2010-Q1,quarterly,20917.52558630664,\N,estimated,IMF_QNEA,derived_per_capita|QNEA|B1GQ|Q|NSA|XDC|Q|population=SP.POP.TOTL_interpolated,NSA,\N
LUX,gdp_real_per_capita_lcu_quarterly_nsa_estimate,2010-Q2,quarterly,21318.040375651373,\N,estimated,IMF_QNEA,derived_per_capita|QNEA|B1GQ|Q|NSA|XDC|Q|population=SP.POP.TOTL_interpolated,NSA,\N
LUX,gdp_real_per_capita_lcu_quarterly_nsa_estimate,2010-Q3,quarterly,20269.146924397188,\N,estimated,IMF_QNEA,derived_per_capita|QNEA|B1GQ|Q|NSA|XDC|Q|population=SP.POP.TOTL_interpolated,NSA,\N
LUX,gdp_real_per_capita_lcu_quarterly_nsa_estimate,2010-Q4,quarterly,21092.95140259856,\N,estimated,IMF_QNEA,derived_per_capita|QNEA|B1GQ|Q|NSA|XDC|Q|population=SP.POP.TOTL_interpolated,NSA,\N
LUX,gdp_real_per_capita_lcu_quarterly_nsa_estimate,2011-Q1,quarterly,20740.682634959834,\N,estimated,IMF_QNEA,derived_per_capita|QNEA|B1GQ|Q|NSA|XDC|Q|population=SP.POP.TOTL_interpolated,NSA,\N
LUX,gdp_real_per_capita_lcu_quarterly_nsa_estimate,2011-Q2,quarterly,20790.783430634463,\N,estimated,IMF_QNEA,derived_per_capita|QNEA|B1GQ|Q|NSA|XDC|Q|population=SP.POP.TOTL_interpolated,NSA,\N
LUX,gdp_real_per_capita_lcu_quarterly_nsa_estimate,2011-Q3,quarterly,20350.579653762405,\N,estimated,IMF_QNEA,derived_per_capita|QNEA|B1GQ|Q|NSA|XDC|Q|population=SP.POP.TOTL_interpolated,NSA,\N
LUX,gdp_real_per_capita_lcu_quarterly_nsa_estimate,2011-Q4,quarterly,20753.044630059987,\N,estimated,IMF_QNEA,derived_per_capita|QNEA|B1GQ|Q|NSA|XDC|Q|population=SP.POP.TOTL_interpolated,NSA,\N
LUX,gdp_real_per_capita_lcu_quarterly_nsa_estimate,2012-Q1,quarterly,20419.058736899464,\N,estimated,IMF_QNEA,derived_per_capita|QNEA|B1GQ|Q|NSA|XDC|Q|population=SP.POP.TOTL_interpolated,NSA,\N
LUX,gdp_real_per_capita_lcu_quarterly_nsa_estimate,2012-Q2,quarterly,20583.305822192324,\N,estimated,IMF_QNEA,derived_per_capita|QNEA|B1GQ|Q|NSA|XDC|Q|population=SP.POP.TOTL_interpolated,NSA,\N
LUX,gdp_real_per_capita_lcu_quarterly_nsa_estimate,2012-Q3,quarterly,20029.687716233544,\N,estimated,IMF_QNEA,derived_per_capita|QNEA|B1GQ|Q|NSA|XDC|Q|population=SP.POP.TOTL_interpolated,NSA,\N
LUX,gdp_real_per_capita_lcu_quarterly_nsa_estimate,2012-Q4,quarterly,20995.898322739165,\N,estimated,IMF_QNEA,derived_per_capita|QNEA|B1GQ|Q|NSA|XDC|Q|population=SP.POP.TOTL_interpolated,NSA,\N
LUX,gdp_real_per_capita_lcu_quarterly_nsa_estimate,2013-Q1,quarterly,20307.11049705799,\N,estimated,IMF_QNEA,derived_per_capita|QNEA|B1GQ|Q|NSA|XDC|Q|population=SP.POP.TOTL_interpolated,NSA,\N
LUX,gdp_real_per_capita_lcu_quarterly_nsa_estimate,2013-Q2,quarterly,20927.994141475327,\N,estimated,IMF_QNEA,derived_per_capita|QNEA|B1GQ|Q|NSA|XDC|Q|population=SP.POP.TOTL_interpolated,NSA,\N
LUX,gdp_real_per_capita_lcu_quarterly_nsa_estimate,2013-Q3,quarterly,20400.334889639733,\N,estimated,IMF_QNEA,derived_per_capita|QNEA|B1GQ|Q|NSA|XDC|Q|population=SP.POP.TOTL_interpolated,NSA,\N
LUX,gdp_real_per_capita_lcu_quarterly_nsa_estimate,2013-Q4,quarterly,21045.2544189767,\N,estimated,IMF_QNEA,derived_per_capita|QNEA|B1GQ|Q|NSA|XDC|Q|population=SP.POP.TOTL_interpolated,NSA,\N
LUX,gdp_real_per_capita_lcu_quarterly_nsa_estimate,2014-Q1,quarterly,20462.068175760003,\N,estimated,IMF_QNEA,derived_per_capita|QNEA|B1GQ|Q|NSA|XDC|Q|population=SP.POP.TOTL_interpolated,NSA,\N
LUX,gdp_real_per_capita_lcu_quarterly_nsa_estimate,2014-Q2,quarterly,20426.655369400483,\N,estimated,IMF_QNEA,derived_per_capita|QNEA|B1GQ|Q|NSA|XDC|Q|population=SP.POP.TOTL_interpolated,NSA,\N
LUX,gdp_real_per_capita_lcu_quarterly_nsa_estimate,2014-Q3,quarterly,20312.29401705483,\N,estimated,IMF_QNEA,derived_per_capita|QNEA|B1GQ|Q|NSA|XDC|Q|population=SP.POP.TOTL_interpolated,NSA,\N
LUX,gdp_real_per_capita_lcu_quarterly_nsa_estimate,2014-Q4,quarterly,21670.81469742765,\N,estimated,IMF_QNEA,derived_per_capita|QNEA|B1GQ|Q|NSA|XDC|Q|population=SP.POP.TOTL_interpolated,NSA,\N
LVA,gdp_real_per_capita_lcu_quarterly_nsa_estimate,2010-Q1,quarterly,1870.0964820825811,\N,estimated,IMF_QNEA,derived_per_capita|QNEA|B1GQ|Q|NSA|XDC|Q|population=SP.POP.TOTL_interpolated,NSA,\N
LVA,gdp_real_per_capita_lcu_quarterly_nsa_estimate,2010-Q2,quarterly,2110.475214714542,\N,estimated,IMF_QNEA,derived_per_capita|QNEA|B1GQ|Q|NSA|XDC|Q|population=SP.POP.TOTL_interpolated,NSA,\N
LVA,gdp_real_per_capita_lcu_quarterly_nsa_estimate,2010-Q3,quarterly,2157.685469809087,\N,estimated,IMF_QNEA,derived_per_capita|QNEA|B1GQ|Q|NSA|XDC|Q|population=SP.POP.TOTL_interpolated,NSA,\N
LVA,gdp_real_per_capita_lcu_quarterly_nsa_estimate,2010-Q4,quarterly,2309.699178841515,\N,estimated,IMF_QNEA,derived_per_capita|QNEA|B1GQ|Q|NSA|XDC|Q|population=SP.POP.TOTL_interpolated,NSA,\N
LVA,gdp_real_per_capita_lcu_quarterly_nsa_estimate,2011-Q1,quarterly,1898.8808858599705,\N,estimated,IMF_QNEA,derived_per_capita|QNEA|B1GQ|Q|NSA|XDC|Q|population=SP.POP.TOTL_interpolated,NSA,\N
LVA,gdp_real_per_capita_lcu_quarterly_nsa_estimate,2011-Q2,quarterly,2214.2119259066294,\N,estimated,IMF_QNEA,derived_per_capita|QNEA|B1GQ|Q|NSA|XDC|Q|population=SP.POP.TOTL_interpolated,NSA,\N
LVA,gdp_real_per_capita_lcu_quarterly_nsa_estimate,2011-Q3,quarterly,2313.038155785319,\N,estimated,IMF_QNEA,derived_per_capita|QNEA|B1GQ|Q|NSA|XDC|Q|population=SP.POP.TOTL_interpolated,NSA,\N
LVA,gdp_real_per_capita_lcu_quarterly_nsa_estimate,2011-Q4,quarterly,2434.7163001992376,\N,estimated,IMF_QNEA,derived_per_capita|QNEA|B1GQ|Q|NSA|XDC|Q|population=SP.POP.TOTL_interpolated,NSA,\N
LVA,gdp_real_per_capita_lcu_quarterly_nsa_estimate,2012-Q1,quarterly,2136.7944945422714,\N,estimated,IMF_QNEA,derived_per_capita|QNEA|B1GQ|Q|NSA|XDC|Q|population=SP.POP.TOTL_interpolated,NSA,\N
LVA,gdp_real_per_capita_lcu_quarterly_nsa_estimate,2012-Q2,quarterly,2400.74079597898,\N,estimated,IMF_QNEA,derived_per_capita|QNEA|B1GQ|Q|NSA|XDC|Q|population=SP.POP.TOTL_interpolated,NSA,\N
LVA,gdp_real_per_capita_lcu_quarterly_nsa_estimate,2012-Q3,quarterly,2488.633766318437,\N,estimated,IMF_QNEA,derived_per_capita|QNEA|B1GQ|Q|NSA|XDC|Q|population=SP.POP.TOTL_interpolated,NSA,\N
LVA,gdp_real_per_capita_lcu_quarterly_nsa_estimate,2012-Q4,quarterly,2604.2662576211437,\N,estimated,IMF_QNEA,derived_per_capita|QNEA|B1GQ|Q|NSA|XDC|Q|population=SP.POP.TOTL_interpolated,NSA,\N
LVA,gdp_real_per_capita_lcu_quarterly_nsa_estimate,2013-Q1,quarterly,2175.631410429024,\N,estimated,IMF_QNEA,derived_per_capita|QNEA|B1GQ|Q|NSA|XDC|Q|population=SP.POP.TOTL_interpolated,NSA,\N
LVA,gdp_real_per_capita_lcu_quarterly_nsa_estimate,2013-Q2,quarterly,2476.559207492771,\N,estimated,IMF_QNEA,derived_per_capita|QNEA|B1GQ|Q|NSA|XDC|Q|population=SP.POP.TOTL_interpolated,NSA,\N
LVA,gdp_real_per_capita_lcu_quarterly_nsa_estimate,2013-Q3,quarterly,2590.7074426374666,\N,estimated,IMF_QNEA,derived_per_capita|QNEA|B1GQ|Q|NSA|XDC|Q|population=SP.POP.TOTL_interpolated,NSA,\N
LVA,gdp_real_per_capita_lcu_quarterly_nsa_estimate,2013-Q4,quarterly,2695.694968210837,\N,estimated,IMF_QNEA,derived_per_capita|QNEA|B1GQ|Q|NSA|XDC|Q|population=SP.POP.TOTL_interpolated,NSA,\N
LVA,gdp_real_per_capita_lcu_quarterly_nsa_estimate,2014-Q1,quarterly,2256.6857780675036,\N,estimated,IMF_QNEA,derived_per_capita|QNEA|B1GQ|Q|NSA|XDC|Q|population=SP.POP.TOTL_interpolated,NSA,\N
LVA,gdp_real_per_capita_lcu_quarterly_nsa_estimate,2014-Q2,quarterly,2556.9359625378,\N,estimated,IMF_QNEA,derived_per_capita|QNEA|B1GQ|Q|NSA|XDC|Q|population=SP.POP.TOTL_interpolated,NSA,\N
LVA,gdp_real_per_capita_lcu_quarterly_nsa_estimate,2014-Q3,quarterly,2670.267028802019,\N,estimated,IMF_QNEA,derived_per_capita|QNEA|B1GQ|Q|NSA|XDC|Q|population=SP.POP.TOTL_interpolated,NSA,\N
LVA,gdp_real_per_capita_lcu_quarterly_nsa_estimate,2014-Q4,quarterly,2758.6421763278427,\N,estimated,IMF_QNEA,derived_per_capita|QNEA|B1GQ|Q|NSA|XDC|Q|population=SP.POP.TOTL_interpolated,NSA,\N
MDV,gdp_real_per_capita_lcu_quarterly_nsa_estimate,2010-Q1,quarterly,38082.22668561819,\N,estimated,IMF_QNEA,derived_per_capita|QNEA|B1GQ|Q|NSA|XDC|Q|population=SP.POP.TOTL_interpolated,NSA,\N
MDV,gdp_real_per_capita_lcu_quarterly_nsa_estimate,2010-Q2,quarterly,32833.29775439024,\N,estimated,IMF_QNEA,derived_per_capita|QNEA|B1GQ|Q|NSA|XDC|Q|population=SP.POP.TOTL_interpolated,NSA,\N
MDV,gdp_real_per_capita_lcu_quarterly_nsa_estimate,2010-Q3,quarterly,32018.60572839297,\N,estimated,IMF_QNEA,derived_per_capita|QNEA|B1GQ|Q|NSA|XDC|Q|population=SP.POP.TOTL_interpolated,NSA,\N
MDV,gdp_real_per_capita_lcu_quarterly_nsa_estimate,2010-Q4,quarterly,34825.608067408546,\N,estimated,IMF_QNEA,derived_per_capita|QNEA|B1GQ|Q|NSA|XDC|Q|population=SP.POP.TOTL_interpolated,NSA,\N
MDV,gdp_real_per_capita_lcu_quarterly_nsa_estimate,2011-Q1,quarterly,37162.59804895359,\N,estimated,IMF_QNEA,derived_per_capita|QNEA|B1GQ|Q|NSA|XDC|Q|population=SP.POP.TOTL_interpolated,NSA,\N
MDV,gdp_real_per_capita_lcu_quarterly_nsa_estimate,2011-Q2,quarterly,35099.20054843155,\N,estimated,IMF_QNEA,derived_per_capita|QNEA|B1GQ|Q|NSA|XDC|Q|population=SP.POP.TOTL_interpolated,NSA,\N
MDV,gdp_real_per_capita_lcu_quarterly_nsa_estimate,2011-Q3,quarterly,34768.877620522915,\N,estimated,IMF_QNEA,derived_per_capita|QNEA|B1GQ|Q|NSA|XDC|Q|population=SP.POP.TOTL_interpolated,NSA,\N
MDV,gdp_real_per_capita_lcu_quarterly_nsa_estimate,2011-Q4,quarterly,37338.80402816143,\N,estimated,IMF_QNEA,derived_per_capita|QNEA|B1GQ|Q|NSA|XDC|Q|population=SP.POP.TOTL_interpolated,NSA,\N
MDV,gdp_real_per_capita_lcu_quarterly_nsa_estimate,2012-Q1,quarterly,35902.09660819714,\N,estimated,IMF_QNEA,derived_per_capita|QNEA|B1GQ|Q|NSA|XDC|Q|population=SP.POP.TOTL_interpolated,NSA,\N
MDV,gdp_real_per_capita_lcu_quarterly_nsa_estimate,2012-Q2,quarterly,34047.48203007802,\N,estimated,IMF_QNEA,derived_per_capita|QNEA|B1GQ|Q|NSA|XDC|Q|population=SP.POP.TOTL_interpolated,NSA,\N
MDV,gdp_real_per_capita_lcu_quarterly_nsa_estimate,2012-Q3,quarterly,34939.98815994924,\N,estimated,IMF_QNEA,derived_per_capita|QNEA|B1GQ|Q|NSA|XDC|Q|population=SP.POP.TOTL_interpolated,NSA,\N
MDV,gdp_real_per_capita_lcu_quarterly_nsa_estimate,2012-Q4,quarterly,37850.60408914143,\N,estimated,IMF_QNEA,derived_per_capita|QNEA|B1GQ|Q|NSA|XDC|Q|population=SP.POP.TOTL_interpolated,NSA,\N
MDV,gdp_real_per_capita_lcu_quarterly_nsa_estimate,2013-Q1,quarterly,38385.77013917674,\N,estimated,IMF_QNEA,derived_per_capita|QNEA|B1GQ|Q|NSA|XDC|Q|population=SP.POP.TOTL_interpolated,NSA,\N
MDV,gdp_real_per_capita_lcu_quarterly_nsa_estimate,2013-Q2,quarterly,35226.2206427985,\N,estimated,IMF_QNEA,derived_per_capita|QNEA|B1GQ|Q|NSA|XDC|Q|population=SP.POP.TOTL_interpolated,NSA,\N
MDV,gdp_real_per_capita_lcu_quarterly_nsa_estimate,2013-Q3,quarterly,35485.78567241526,\N,estimated,IMF_QNEA,derived_per_capita|QNEA|B1GQ|Q|NSA|XDC|Q|population=SP.POP.TOTL_interpolated,NSA,\N
MDV,gdp_real_per_capita_lcu_quarterly_nsa_estimate,2013-Q4,quarterly,38542.36684008058,\N,estimated,IMF_QNEA,derived_per_capita|QNEA|B1GQ|Q|NSA|XDC|Q|population=SP.POP.TOTL_interpolated,NSA,\N
MDV,gdp_real_per_capita_lcu_quarterly_nsa_estimate,2014-Q1,quarterly,39284.80281412981,\N,estimated,IMF_QNEA,derived_per_capita|QNEA|B1GQ|Q|NSA|XDC|Q|population=SP.POP.TOTL_interpolated,NSA,\N
MDV,gdp_real_per_capita_lcu_quarterly_nsa_estimate,2014-Q2,quarterly,37724.868807175604,\N,estimated,IMF_QNEA,derived_per_capita|QNEA|B1GQ|Q|NSA|XDC|Q|population=SP.POP.TOTL_interpolated,NSA,\N
MDV,gdp_real_per_capita_lcu_quarterly_nsa_estimate,2014-Q3,quarterly,37855.07400467812,\N,estimated,IMF_QNEA,derived_per_capita|QNEA|B1GQ|Q|NSA|XDC|Q|population=SP.POP.TOTL_interpolated,NSA,\N
MDV,gdp_real_per_capita_lcu_quarterly_nsa_estimate,2014-Q4,quarterly,39053.72702983397,\N,estimated,IMF_QNEA,derived_per_capita|QNEA|B1GQ|Q|NSA|XDC|Q|population=SP.POP.TOTL_interpolated,NSA,\N
MEX,gdp_real_per_capita_lcu_quarterly_nsa_estimate,2010-Q1,quarterly,42852.49741749047,\N,estimated,IMF_QNEA,derived_per_capita|QNEA|B1GQ|Q|NSA|XDC|Q|population=SP.POP.TOTL_interpolated,NSA,\N
MEX,gdp_real_per_capita_lcu_quarterly_nsa_estimate,2010-Q2,quarterly,44481.58575608569,\N,estimated,IMF_QNEA,derived_per_capita|QNEA|B1GQ|Q|NSA|XDC|Q|population=SP.POP.TOTL_interpolated,NSA,\N
MEX,gdp_real_per_capita_lcu_quarterly_nsa_estimate,2010-Q3,quarterly,44367.579843545645,\N,estimated,IMF_QNEA,derived_per_capita|QNEA|B1GQ|Q|NSA|XDC|Q|population=SP.POP.TOTL_interpolated,NSA,\N
MEX,gdp_real_per_capita_lcu_quarterly_nsa_estimate,2010-Q4,quarterly,45251.57059503246,\N,estimated,IMF_QNEA,derived_per_capita|QNEA|B1GQ|Q|NSA|XDC|Q|population=SP.POP.TOTL_interpolated,NSA,\N
MEX,gdp_real_per_capita_lcu_quarterly_nsa_estimate,2011-Q1,quarterly,43815.48030543005,\N,estimated,IMF_QNEA,derived_per_capita|QNEA|B1GQ|Q|NSA|XDC|Q|population=SP.POP.TOTL_interpolated,NSA,\N
MEX,gdp_real_per_capita_lcu_quarterly_nsa_estimate,2011-Q2,quarterly,44946.8548033749,\N,estimated,IMF_QNEA,derived_per_capita|QNEA|B1GQ|Q|NSA|XDC|Q|population=SP.POP.TOTL_interpolated,NSA,\N
MEX,gdp_real_per_capita_lcu_quarterly_nsa_estimate,2011-Q3,quarterly,45370.147985181815,\N,estimated,IMF_QNEA,derived_per_capita|QNEA|B1GQ|Q|NSA|XDC|Q|population=SP.POP.TOTL_interpolated,NSA,\N
MEX,gdp_real_per_capita_lcu_quarterly_nsa_estimate,2011-Q4,quarterly,46349.45495890508,\N,estimated,IMF_QNEA,derived_per_capita|QNEA|B1GQ|Q|NSA|XDC|Q|population=SP.POP.TOTL_interpolated,NSA,\N
MEX,gdp_real_per_capita_lcu_quarterly_nsa_estimate,2012-Q1,quarterly,45350.164995960426,\N,estimated,IMF_QNEA,derived_per_capita|QNEA|B1GQ|Q|NSA|XDC|Q|population=SP.POP.TOTL_interpolated,NSA,\N
MEX,gdp_real_per_capita_lcu_quarterly_nsa_estimate,2012-Q2,quarterly,46136.726056296546,\N,estimated,IMF_QNEA,derived_per_capita|QNEA|B1GQ|Q|NSA|XDC|Q|population=SP.POP.TOTL_interpolated,NSA,\N
MEX,gdp_real_per_capita_lcu_quarterly_nsa_estimate,2012-Q3,quarterly,45891.83456077242,\N,estimated,IMF_QNEA,derived_per_capita|QNEA|B1GQ|Q|NSA|XDC|Q|population=SP.POP.TOTL_interpolated,NSA,\N
MEX,gdp_real_per_capita_lcu_quarterly_nsa_estimate,2012-Q4,quarterly,47003.92933819778,\N,estimated,IMF_QNEA,derived_per_capita|QNEA|B1GQ|Q|NSA|XDC|Q|population=SP.POP.TOTL_interpolated,NSA,\N
MEX,gdp_real_per_capita_lcu_quarterly_nsa_estimate,2013-Q1,quarterly,44632.594234026714,\N,estimated,IMF_QNEA,derived_per_capita|QNEA|B1GQ|Q|NSA|XDC|Q|population=SP.POP.TOTL_interpolated,NSA,\N
MEX,gdp_real_per_capita_lcu_quarterly_nsa_estimate,2013-Q2,quarterly,46324.5251701757,\N,estimated,IMF_QNEA,derived_per_capita|QNEA|B1GQ|Q|NSA|XDC|Q|population=SP.POP.TOTL_interpolated,NSA,\N
MEX,gdp_real_per_capita_lcu_quarterly_nsa_estimate,2013-Q3,quarterly,45777.3928494732,\N,estimated,IMF_QNEA,derived_per_capita|QNEA|B1GQ|Q|NSA|XDC|Q|population=SP.POP.TOTL_interpolated,NSA,\N
MEX,gdp_real_per_capita_lcu_quarterly_nsa_estimate,2013-Q4,quarterly,46827.477321116945,\N,estimated,IMF_QNEA,derived_per_capita|QNEA|B1GQ|Q|NSA|XDC|Q|population=SP.POP.TOTL_interpolated,NSA,\N
MEX,gdp_real_per_capita_lcu_quarterly_nsa_estimate,2014-Q1,quarterly,45175.81986911325,\N,estimated,IMF_QNEA,derived_per_capita|QNEA|B1GQ|Q|NSA|XDC|Q|population=SP.POP.TOTL_interpolated,NSA,\N
MEX,gdp_real_per_capita_lcu_quarterly_nsa_estimate,2014-Q2,quarterly,46654.21587498931,\N,estimated,IMF_QNEA,derived_per_capita|QNEA|B1GQ|Q|NSA|XDC|Q|population=SP.POP.TOTL_interpolated,NSA,\N
MEX,gdp_real_per_capita_lcu_quarterly_nsa_estimate,2014-Q3,quarterly,46392.3859321364,\N,estimated,IMF_QNEA,derived_per_capita|QNEA|B1GQ|Q|NSA|XDC|Q|population=SP.POP.TOTL_interpolated,NSA,\N
MEX,gdp_real_per_capita_lcu_quarterly_nsa_estimate,2014-Q4,quarterly,47684.7185812303,\N,estimated,IMF_QNEA,derived_per_capita|QNEA|B1GQ|Q|NSA|XDC|Q|population=SP.POP.TOTL_interpolated,NSA,\N
MKD,gdp_real_per_capita_lcu_quarterly_nsa_estimate,2010-Q1,quarterly,52717.33181067254,\N,estimated,IMF_QNEA,derived_per_capita|QNEA|B1GQ|Q|NSA|XDC|Q|population=SP.POP.TOTL_interpolated,NSA,\N
MKD,gdp_real_per_capita_lcu_quarterly_nsa_estimate,2010-Q2,quarterly,56209.80294750877,\N,estimated,IMF_QNEA,derived_per_capita|QNEA|B1GQ|Q|NSA|XDC|Q|population=SP.POP.TOTL_interpolated,NSA,\N
MKD,gdp_real_per_capita_lcu_quarterly_nsa_estimate,2010-Q3,quarterly,58165.260277320594,\N,estimated,IMF_QNEA,derived_per_capita|QNEA|B1GQ|Q|NSA|XDC|Q|population=SP.POP.TOTL_interpolated,NSA,\N
MKD,gdp_real_per_capita_lcu_quarterly_nsa_estimate,2010-Q4,quarterly,57548.31814279292,\N,estimated,IMF_QNEA,derived_per_capita|QNEA|B1GQ|Q|NSA|XDC|Q|population=SP.POP.TOTL_interpolated,NSA,\N
MKD,gdp_real_per_capita_lcu_quarterly_nsa_estimate,2011-Q1,quarterly,53734.533267093844,\N,estimated,IMF_QNEA,derived_per_capita|QNEA|B1GQ|Q|NSA|XDC|Q|population=SP.POP.TOTL_interpolated,NSA,\N
MKD,gdp_real_per_capita_lcu_quarterly_nsa_estimate,2011-Q2,quarterly,57918.85360265007,\N,estimated,IMF_QNEA,derived_per_capita|QNEA|B1GQ|Q|NSA|XDC|Q|population=SP.POP.TOTL_interpolated,NSA,\N
MKD,gdp_real_per_capita_lcu_quarterly_nsa_estimate,2011-Q3,quarterly,59009.19562752657,\N,estimated,IMF_QNEA,derived_per_capita|QNEA|B1GQ|Q|NSA|XDC|Q|population=SP.POP.TOTL_interpolated,NSA,\N
MKD,gdp_real_per_capita_lcu_quarterly_nsa_estimate,2011-Q4,quarterly,60323.18601225229,\N,estimated,IMF_QNEA,derived_per_capita|QNEA|B1GQ|Q|NSA|XDC|Q|population=SP.POP.TOTL_interpolated,NSA,\N
MKD,gdp_real_per_capita_lcu_quarterly_nsa_estimate,2012-Q1,quarterly,54077.07228492509,\N,estimated,IMF_QNEA,derived_per_capita|QNEA|B1GQ|Q|NSA|XDC|Q|population=SP.POP.TOTL_interpolated,NSA,\N
MKD,gdp_real_per_capita_lcu_quarterly_nsa_estimate,2012-Q2,quarterly,57998.92848757279,\N,estimated,IMF_QNEA,derived_per_capita|QNEA|B1GQ|Q|NSA|XDC|Q|population=SP.POP.TOTL_interpolated,NSA,\N
MKD,gdp_real_per_capita_lcu_quarterly_nsa_estimate,2012-Q3,quarterly,58884.14788863506,\N,estimated,IMF_QNEA,derived_per_capita|QNEA|B1GQ|Q|NSA|XDC|Q|population=SP.POP.TOTL_interpolated,NSA,\N
MKD,gdp_real_per_capita_lcu_quarterly_nsa_estimate,2012-Q4,quarterly,59885.30330140655,\N,estimated,IMF_QNEA,derived_per_capita|QNEA|B1GQ|Q|NSA|XDC|Q|population=SP.POP.TOTL_interpolated,NSA,\N
MKD,gdp_real_per_capita_lcu_quarterly_nsa_estimate,2013-Q1,quarterly,55492.98592895962,\N,estimated,IMF_QNEA,derived_per_capita|QNEA|B1GQ|Q|NSA|XDC|Q|population=SP.POP.TOTL_interpolated,NSA,\N
MKD,gdp_real_per_capita_lcu_quarterly_nsa_estimate,2013-Q2,quarterly,60172.88127179494,\N,estimated,IMF_QNEA,derived_per_capita|QNEA|B1GQ|Q|NSA|XDC|Q|population=SP.POP.TOTL_interpolated,NSA,\N
MKD,gdp_real_per_capita_lcu_quarterly_nsa_estimate,2013-Q3,quarterly,61193.67949673038,\N,estimated,IMF_QNEA,derived_per_capita|QNEA|B1GQ|Q|NSA|XDC|Q|population=SP.POP.TOTL_interpolated,NSA,\N
MKD,gdp_real_per_capita_lcu_quarterly_nsa_estimate,2013-Q4,quarterly,61591.80634532653,\N,estimated,IMF_QNEA,derived_per_capita|QNEA|B1GQ|Q|NSA|XDC|Q|population=SP.POP.TOTL_interpolated,NSA,\N
MKD,gdp_real_per_capita_lcu_quarterly_nsa_estimate,2014-Q1,quarterly,58765.31209067401,\N,estimated,IMF_QNEA,derived_per_capita|QNEA|B1GQ|Q|NSA|XDC|Q|population=SP.POP.TOTL_interpolated,NSA,\N
MKD,gdp_real_per_capita_lcu_quarterly_nsa_estimate,2014-Q2,quarterly,63353.0431987874,\N,estimated,IMF_QNEA,derived_per_capita|QNEA|B1GQ|Q|NSA|XDC|Q|population=SP.POP.TOTL_interpolated,NSA,\N
MKD,gdp_real_per_capita_lcu_quarterly_nsa_estimate,2014-Q3,quarterly,62845.38073707841,\N,estimated,IMF_QNEA,derived_per_capita|QNEA|B1GQ|Q|NSA|XDC|Q|population=SP.POP.TOTL_interpolated,NSA,\N
MKD,gdp_real_per_capita_lcu_quarterly_nsa_estimate,2014-Q4,quarterly,62833.682708037646,\N,estimated,IMF_QNEA,derived_per_capita|QNEA|B1GQ|Q|NSA|XDC|Q|population=SP.POP.TOTL_interpolated,NSA,\N
MLT,gdp_real_per_capita_lcu_quarterly_nsa_estimate,2010-Q1,quarterly,3966.621231069638,\N,estimated,IMF_QNEA,derived_per_capita|QNEA|B1GQ|Q|NSA|XDC|Q|population=SP.POP.TOTL_interpolated,NSA,\N
MLT,gdp_real_per_capita_lcu_quarterly_nsa_estimate,2010-Q2,quarterly,4031.056952570357,\N,estimated,IMF_QNEA,derived_per_capita|QNEA|B1GQ|Q|NSA|XDC|Q|population=SP.POP.TOTL_interpolated,NSA,\N
MLT,gdp_real_per_capita_lcu_quarterly_nsa_estimate,2010-Q3,quarterly,4395.73707498264,\N,estimated,IMF_QNEA,derived_per_capita|QNEA|B1GQ|Q|NSA|XDC|Q|population=SP.POP.TOTL_interpolated,NSA,\N
MLT,gdp_real_per_capita_lcu_quarterly_nsa_estimate,2010-Q4,quarterly,4161.9053306165215,\N,estimated,IMF_QNEA,derived_per_capita|QNEA|B1GQ|Q|NSA|XDC|Q|population=SP.POP.TOTL_interpolated,NSA,\N
MLT,gdp_real_per_capita_lcu_quarterly_nsa_estimate,2011-Q1,quarterly,4009.665230230409,\N,estimated,IMF_QNEA,derived_per_capita|QNEA|B1GQ|Q|NSA|XDC|Q|population=SP.POP.TOTL_interpolated,NSA,\N
MLT,gdp_real_per_capita_lcu_quarterly_nsa_estimate,2011-Q2,quarterly,4076.6600050306697,\N,estimated,IMF_QNEA,derived_per_capita|QNEA|B1GQ|Q|NSA|XDC|Q|population=SP.POP.TOTL_interpolated,NSA,\N
MLT,gdp_real_per_capita_lcu_quarterly_nsa_estimate,2011-Q3,quarterly,4390.3281437332325,\N,estimated,IMF_QNEA,derived_per_capita|QNEA|B1GQ|Q|NSA|XDC|Q|population=SP.POP.TOTL_interpolated,NSA,\N
MLT,gdp_real_per_capita_lcu_quarterly_nsa_estimate,2011-Q4,quarterly,4160.897256506208,\N,estimated,IMF_QNEA,derived_per_capita|QNEA|B1GQ|Q|NSA|XDC|Q|population=SP.POP.TOTL_interpolated,NSA,\N
MLT,gdp_real_per_capita_lcu_quarterly_nsa_estimate,2012-Q1,quarterly,4091.4994123059687,\N,estimated,IMF_QNEA,derived_per_capita|QNEA|B1GQ|Q|NSA|XDC|Q|population=SP.POP.TOTL_interpolated,NSA,\N
MLT,gdp_real_per_capita_lcu_quarterly_nsa_estimate,2012-Q2,quarterly,4238.361323260669,\N,estimated,IMF_QNEA,derived_per_capita|QNEA|B1GQ|Q|NSA|XDC|Q|population=SP.POP.TOTL_interpolated,NSA,\N
MLT,gdp_real_per_capita_lcu_quarterly_nsa_estimate,2012-Q3,quarterly,4558.317338408549,\N,estimated,IMF_QNEA,derived_per_capita|QNEA|B1GQ|Q|NSA|XDC|Q|population=SP.POP.TOTL_interpolated,NSA,\N
MLT,gdp_real_per_capita_lcu_quarterly_nsa_estimate,2012-Q4,quarterly,4281.3310217183225,\N,estimated,IMF_QNEA,derived_per_capita|QNEA|B1GQ|Q|NSA|XDC|Q|population=SP.POP.TOTL_interpolated,NSA,\N
MLT,gdp_real_per_capita_lcu_quarterly_nsa_estimate,2013-Q1,quarterly,4255.789476430189,\N,estimated,IMF_QNEA,derived_per_capita|QNEA|B1GQ|Q|NSA|XDC|Q|population=SP.POP.TOTL_interpolated,NSA,\N
MLT,gdp_real_per_capita_lcu_quarterly_nsa_estimate,2013-Q2,quarterly,4486.069805904238,\N,estimated,IMF_QNEA,derived_per_capita|QNEA|B1GQ|Q|NSA|XDC|Q|population=SP.POP.TOTL_interpolated,NSA,\N
MLT,gdp_real_per_capita_lcu_quarterly_nsa_estimate,2013-Q3,quarterly,4799.328444867868,\N,estimated,IMF_QNEA,derived_per_capita|QNEA|B1GQ|Q|NSA|XDC|Q|population=SP.POP.TOTL_interpolated,NSA,\N
MLT,gdp_real_per_capita_lcu_quarterly_nsa_estimate,2013-Q4,quarterly,4487.540763888845,\N,estimated,IMF_QNEA,derived_per_capita|QNEA|B1GQ|Q|NSA|XDC|Q|population=SP.POP.TOTL_interpolated,NSA,\N
MLT,gdp_real_per_capita_lcu_quarterly_nsa_estimate,2014-Q1,quarterly,4523.111267057253,\N,estimated,IMF_QNEA,derived_per_capita|QNEA|B1GQ|Q|NSA|XDC|Q|population=SP.POP.TOTL_interpolated,NSA,\N
MLT,gdp_real_per_capita_lcu_quarterly_nsa_estimate,2014-Q2,quarterly,4689.688391530355,\N,estimated,IMF_QNEA,derived_per_capita|QNEA|B1GQ|Q|NSA|XDC|Q|population=SP.POP.TOTL_interpolated,NSA,\N
MLT,gdp_real_per_capita_lcu_quarterly_nsa_estimate,2014-Q3,quarterly,4991.551379227945,\N,estimated,IMF_QNEA,derived_per_capita|QNEA|B1GQ|Q|NSA|XDC|Q|population=SP.POP.TOTL_interpolated,NSA,\N
MLT,gdp_real_per_capita_lcu_quarterly_nsa_estimate,2014-Q4,quarterly,4821.010817498304,\N,estimated,IMF_QNEA,derived_per_capita|QNEA|B1GQ|Q|NSA|XDC|Q|population=SP.POP.TOTL_interpolated,NSA,\N
MNE,gdp_real_per_capita_lcu_quarterly_nsa_estimate,2010-Q1,quarterly,1029.060733575093,\N,estimated,IMF_QNEA,derived_per_capita|QNEA|B1GQ|Q|NSA|XDC|Q|population=SP.POP.TOTL_interpolated,NSA,\N
MNE,gdp_real_per_capita_lcu_quarterly_nsa_estimate,2010-Q2,quarterly,1200.4204663029416,\N,estimated,IMF_QNEA,derived_per_capita|QNEA|B1GQ|Q|NSA|XDC|Q|population=SP.POP.TOTL_interpolated,NSA,\N
MNE,gdp_real_per_capita_lcu_quarterly_nsa_estimate,2010-Q3,quarterly,1574.2505465221218,\N,estimated,IMF_QNEA,derived_per_capita|QNEA|B1GQ|Q|NSA|XDC|Q|population=SP.POP.TOTL_interpolated,NSA,\N
MNE,gdp_real_per_capita_lcu_quarterly_nsa_estimate,2010-Q4,quarterly,1234.0307536543185,\N,estimated,IMF_QNEA,derived_per_capita|QNEA|B1GQ|Q|NSA|XDC|Q|population=SP.POP.TOTL_interpolated,NSA,\N
MNE,gdp_real_per_capita_lcu_quarterly_nsa_estimate,2011-Q1,quarterly,1004.7228123981226,\N,estimated,IMF_QNEA,derived_per_capita|QNEA|B1GQ|Q|NSA|XDC|Q|population=SP.POP.TOTL_interpolated,NSA,\N
MNE,gdp_real_per_capita_lcu_quarterly_nsa_estimate,2011-Q2,quarterly,1213.3837801800662,\N,estimated,IMF_QNEA,derived_per_capita|QNEA|B1GQ|Q|NSA|XDC|Q|population=SP.POP.TOTL_interpolated,NSA,\N
MNE,gdp_real_per_capita_lcu_quarterly_nsa_estimate,2011-Q3,quarterly,1646.427520023337,\N,estimated,IMF_QNEA,derived_per_capita|QNEA|B1GQ|Q|NSA|XDC|Q|population=SP.POP.TOTL_interpolated,NSA,\N
MNE,gdp_real_per_capita_lcu_quarterly_nsa_estimate,2011-Q4,quarterly,1336.8576983511207,\N,estimated,IMF_QNEA,derived_per_capita|QNEA|B1GQ|Q|NSA|XDC|Q|population=SP.POP.TOTL_interpolated,NSA,\N
MNE,gdp_real_per_capita_lcu_quarterly_nsa_estimate,2012-Q1,quarterly,963.252201585105,\N,estimated,IMF_QNEA,derived_per_capita|QNEA|B1GQ|Q|NSA|XDC|Q|population=SP.POP.TOTL_interpolated,NSA,\N
MNE,gdp_real_per_capita_lcu_quarterly_nsa_estimate,2012-Q2,quarterly,1208.188366388875,\N,estimated,IMF_QNEA,derived_per_capita|QNEA|B1GQ|Q|NSA|XDC|Q|population=SP.POP.TOTL_interpolated,NSA,\N
MNE,gdp_real_per_capita_lcu_quarterly_nsa_estimate,2012-Q3,quarterly,1640.933733104368,\N,estimated,IMF_QNEA,derived_per_capita|QNEA|B1GQ|Q|NSA|XDC|Q|population=SP.POP.TOTL_interpolated,NSA,\N
MNE,gdp_real_per_capita_lcu_quarterly_nsa_estimate,2012-Q4,quarterly,1250.9304081669984,\N,estimated,IMF_QNEA,derived_per_capita|QNEA|B1GQ|Q|NSA|XDC|Q|population=SP.POP.TOTL_interpolated,NSA,\N
MNE,gdp_real_per_capita_lcu_quarterly_nsa_estimate,2013-Q1,quarterly,960.4217223818505,\N,estimated,IMF_QNEA,derived_per_capita|QNEA|B1GQ|Q|NSA|XDC|Q|population=SP.POP.TOTL_interpolated,NSA,\N
MNE,gdp_real_per_capita_lcu_quarterly_nsa_estimate,2013-Q2,quarterly,1235.357828966486,\N,estimated,IMF_QNEA,derived_per_capita|QNEA|B1GQ|Q|NSA|XDC|Q|population=SP.POP.TOTL_interpolated,NSA,\N
MNE,gdp_real_per_capita_lcu_quarterly_nsa_estimate,2013-Q3,quarterly,1712.2053645500982,\N,estimated,IMF_QNEA,derived_per_capita|QNEA|B1GQ|Q|NSA|XDC|Q|population=SP.POP.TOTL_interpolated,NSA,\N
MNE,gdp_real_per_capita_lcu_quarterly_nsa_estimate,2013-Q4,quarterly,1316.9872694875594,\N,estimated,IMF_QNEA,derived_per_capita|QNEA|B1GQ|Q|NSA|XDC|Q|population=SP.POP.TOTL_interpolated,NSA,\N
MNE,gdp_real_per_capita_lcu_quarterly_nsa_estimate,2014-Q1,quarterly,1017.3541300969562,\N,estimated,IMF_QNEA,derived_per_capita|QNEA|B1GQ|Q|NSA|XDC|Q|population=SP.POP.TOTL_interpolated,NSA,\N
MNE,gdp_real_per_capita_lcu_quarterly_nsa_estimate,2014-Q2,quarterly,1234.9406026906297,\N,estimated,IMF_QNEA,derived_per_capita|QNEA|B1GQ|Q|NSA|XDC|Q|population=SP.POP.TOTL_interpolated,NSA,\N
MNE,gdp_real_per_capita_lcu_quarterly_nsa_estimate,2014-Q3,quarterly,1746.1119763150994,\N,estimated,IMF_QNEA,derived_per_capita|QNEA|B1GQ|Q|NSA|XDC|Q|population=SP.POP.TOTL_interpolated,NSA,\N
MNE,gdp_real_per_capita_lcu_quarterly_nsa_estimate,2014-Q4,quarterly,1340.7942575049478,\N,estimated,IMF_QNEA,derived_per_capita|QNEA|B1GQ|Q|NSA|XDC|Q|population=SP.POP.TOTL_interpolated,NSA,\N
MUS,gdp_real_per_capita_lcu_quarterly_nsa_estimate,2013-Q1,quarterly,75761.74825568874,\N,estimated,IMF_QNEA,derived_per_capita|QNEA|B1GQ|Q|NSA|XDC|Q|population=SP.POP.TOTL_interpolated,NSA,\N
MUS,gdp_real_per_capita_lcu_quarterly_nsa_estimate,2013-Q2,quarterly,79732.46118960058,\N,estimated,IMF_QNEA,derived_per_capita|QNEA|B1GQ|Q|NSA|XDC|Q|population=SP.POP.TOTL_interpolated,NSA,\N
MUS,gdp_real_per_capita_lcu_quarterly_nsa_estimate,2013-Q3,quarterly,83305.26518715026,\N,estimated,IMF_QNEA,derived_per_capita|QNEA|B1GQ|Q|NSA|XDC|Q|population=SP.POP.TOTL_interpolated,NSA,\N
MUS,gdp_real_per_capita_lcu_quarterly_nsa_estimate,2013-Q4,quarterly,94756.04863895639,\N,estimated,IMF_QNEA,derived_per_capita|QNEA|B1GQ|Q|NSA|XDC|Q|population=SP.POP.TOTL_interpolated,NSA,\N
MUS,gdp_real_per_capita_lcu_quarterly_nsa_estimate,2014-Q1,quarterly,80105.35940288933,\N,estimated,IMF_QNEA,derived_per_capita|QNEA|B1GQ|Q|NSA|XDC|Q|population=SP.POP.TOTL_interpolated,NSA,\N
MUS,gdp_real_per_capita_lcu_quarterly_nsa_estimate,2014-Q2,quarterly,86742.81525743594,\N,estimated,IMF_QNEA,derived_per_capita|QNEA|B1GQ|Q|NSA|XDC|Q|population=SP.POP.TOTL_interpolated,NSA,\N
MUS,gdp_real_per_capita_lcu_quarterly_nsa_estimate,2014-Q3,quarterly,87259.81250250834,\N,estimated,IMF_QNEA,derived_per_capita|QNEA|B1GQ|Q|NSA|XDC|Q|population=SP.POP.TOTL_interpolated,NSA,\N
MUS,gdp_real_per_capita_lcu_quarterly_nsa_estimate,2014-Q4,quarterly,91591.24160188582,\N,estimated,IMF_QNEA,derived_per_capita|QNEA|B1GQ|Q|NSA|XDC|Q|population=SP.POP.TOTL_interpolated,NSA,\N
NAM,gdp_real_per_capita_lcu_quarterly_nsa_estimate,2013-Q1,quarterly,14154.482486259772,\N,estimated,IMF_QNEA,derived_per_capita|QNEA|B1GQ|Q|NSA|XDC|Q|population=SP.POP.TOTL_interpolated,NSA,\N
NAM,gdp_real_per_capita_lcu_quarterly_nsa_estimate,2013-Q2,quarterly,14652.539971417771,\N,estimated,IMF_QNEA,derived_per_capita|QNEA|B1GQ|Q|NSA|XDC|Q|population=SP.POP.TOTL_interpolated,NSA,\N
NAM,gdp_real_per_capita_lcu_quarterly_nsa_estimate,2013-Q3,quarterly,15213.530980472846,\N,estimated,IMF_QNEA,derived_per_capita|QNEA|B1GQ|Q|NSA|XDC|Q|population=SP.POP.TOTL_interpolated,NSA,\N
NAM,gdp_real_per_capita_lcu_quarterly_nsa_estimate,2013-Q4,quarterly,14571.384502969044,\N,estimated,IMF_QNEA,derived_per_capita|QNEA|B1GQ|Q|NSA|XDC|Q|population=SP.POP.TOTL_interpolated,NSA,\N
NAM,gdp_real_per_capita_lcu_quarterly_nsa_estimate,2014-Q1,quarterly,14360.34802291642,\N,estimated,IMF_QNEA,derived_per_capita|QNEA|B1GQ|Q|NSA|XDC|Q|population=SP.POP.TOTL_interpolated,NSA,\N
NAM,gdp_real_per_capita_lcu_quarterly_nsa_estimate,2014-Q2,quarterly,15044.13753700953,\N,estimated,IMF_QNEA,derived_per_capita|QNEA|B1GQ|Q|NSA|XDC|Q|population=SP.POP.TOTL_interpolated,NSA,\N
NAM,gdp_real_per_capita_lcu_quarterly_nsa_estimate,2014-Q3,quarterly,15452.329409670303,\N,estimated,IMF_QNEA,derived_per_capita|QNEA|B1GQ|Q|NSA|XDC|Q|population=SP.POP.TOTL_interpolated,NSA,\N
NAM,gdp_real_per_capita_lcu_quarterly_nsa_estimate,2014-Q4,quarterly,15690.770432563968,\N,estimated,IMF_QNEA,derived_per_capita|QNEA|B1GQ|Q|NSA|XDC|Q|population=SP.POP.TOTL_interpolated,NSA,\N
NGA,gdp_real_per_capita_lcu_quarterly_nsa_estimate,2010-Q1,quarterly,77554.88123488142,\N,estimated,IMF_QNEA,derived_per_capita|QNEA|B1GQ|Q|NSA|XDC|Q|population=SP.POP.TOTL_interpolated,NSA,\N
NGA,gdp_real_per_capita_lcu_quarterly_nsa_estimate,2010-Q2,quarterly,79132.93891984194,\N,estimated,IMF_QNEA,derived_per_capita|QNEA|B1GQ|Q|NSA|XDC|Q|population=SP.POP.TOTL_interpolated,NSA,\N
NGA,gdp_real_per_capita_lcu_quarterly_nsa_estimate,2010-Q3,quarterly,86803.54742445712,\N,estimated,IMF_QNEA,derived_per_capita|QNEA|B1GQ|Q|NSA|XDC|Q|population=SP.POP.TOTL_interpolated,NSA,\N
NGA,gdp_real_per_capita_lcu_quarterly_nsa_estimate,2010-Q4,quarterly,89187.46851762281,\N,estimated,IMF_QNEA,derived_per_capita|QNEA|B1GQ|Q|NSA|XDC|Q|population=SP.POP.TOTL_interpolated,NSA,\N
NGA,gdp_real_per_capita_lcu_quarterly_nsa_estimate,2011-Q1,quarterly,80315.5980572121,\N,estimated,IMF_QNEA,derived_per_capita|QNEA|B1GQ|Q|NSA|XDC|Q|population=SP.POP.TOTL_interpolated,NSA,\N
NGA,gdp_real_per_capita_lcu_quarterly_nsa_estimate,2011-Q2,quarterly,81489.03580613849,\N,estimated,IMF_QNEA,derived_per_capita|QNEA|B1GQ|Q|NSA|XDC|Q|population=SP.POP.TOTL_interpolated,NSA,\N
NGA,gdp_real_per_capita_lcu_quarterly_nsa_estimate,2011-Q3,quarterly,87262.46246308718,\N,estimated,IMF_QNEA,derived_per_capita|QNEA|B1GQ|Q|NSA|XDC|Q|population=SP.POP.TOTL_interpolated,NSA,\N
NGA,gdp_real_per_capita_lcu_quarterly_nsa_estimate,2011-Q4,quarterly,90270.1317767014,\N,estimated,IMF_QNEA,derived_per_capita|QNEA|B1GQ|Q|NSA|XDC|Q|population=SP.POP.TOTL_interpolated,NSA,\N
NGA,gdp_real_per_capita_lcu_quarterly_nsa_estimate,2012-Q1,quarterly,80884.455378699,\N,estimated,IMF_QNEA,derived_per_capita|QNEA|B1GQ|Q|NSA|XDC|Q|population=SP.POP.TOTL_interpolated,NSA,\N
NGA,gdp_real_per_capita_lcu_quarterly_nsa_estimate,2012-Q2,quarterly,82600.31515318376,\N,estimated,IMF_QNEA,derived_per_capita|QNEA|B1GQ|Q|NSA|XDC|Q|population=SP.POP.TOTL_interpolated,NSA,\N
NGA,gdp_real_per_capita_lcu_quarterly_nsa_estimate,2012-Q3,quarterly,89510.15050518616,\N,estimated,IMF_QNEA,derived_per_capita|QNEA|B1GQ|Q|NSA|XDC|Q|population=SP.POP.TOTL_interpolated,NSA,\N
NGA,gdp_real_per_capita_lcu_quarterly_nsa_estimate,2012-Q4,quarterly,91192.22258956624,\N,estimated,IMF_QNEA,derived_per_capita|QNEA|B1GQ|Q|NSA|XDC|Q|population=SP.POP.TOTL_interpolated,NSA,\N
NGA,gdp_real_per_capita_lcu_quarterly_nsa_estimate,2013-Q1,quarterly,82102.52990631922,\N,estimated,IMF_QNEA,derived_per_capita|QNEA|B1GQ|Q|NSA|XDC|Q|population=SP.POP.TOTL_interpolated,NSA,\N
NGA,gdp_real_per_capita_lcu_quarterly_nsa_estimate,2013-Q2,quarterly,84582.29069420174,\N,estimated,IMF_QNEA,derived_per_capita|QNEA|B1GQ|Q|NSA|XDC|Q|population=SP.POP.TOTL_interpolated,NSA,\N
NGA,gdp_real_per_capita_lcu_quarterly_nsa_estimate,2013-Q3,quarterly,91639.43998589428,\N,estimated,IMF_QNEA,derived_per_capita|QNEA|B1GQ|Q|NSA|XDC|Q|population=SP.POP.TOTL_interpolated,NSA,\N
NGA,gdp_real_per_capita_lcu_quarterly_nsa_estimate,2013-Q4,quarterly,94704.8101263504,\N,estimated,IMF_QNEA,derived_per_capita|QNEA|B1GQ|Q|NSA|XDC|Q|population=SP.POP.TOTL_interpolated,NSA,\N
NGA,gdp_real_per_capita_lcu_quarterly_nsa_estimate,2014-Q1,quarterly,84751.86454050384,\N,estimated,IMF_QNEA,derived_per_capita|QNEA|B1GQ|Q|NSA|XDC|Q|population=SP.POP.TOTL_interpolated,NSA,\N
NGA,gdp_real_per_capita_lcu_quarterly_nsa_estimate,2014-Q2,quarterly,87696.48089560441,\N,estimated,IMF_QNEA,derived_per_capita|QNEA|B1GQ|Q|NSA|XDC|Q|population=SP.POP.TOTL_interpolated,NSA,\N
NGA,gdp_real_per_capita_lcu_quarterly_nsa_estimate,2014-Q3,quarterly,94949.72384374608,\N,estimated,IMF_QNEA,derived_per_capita|QNEA|B1GQ|Q|NSA|XDC|Q|population=SP.POP.TOTL_interpolated,NSA,\N
NGA,gdp_real_per_capita_lcu_quarterly_nsa_estimate,2014-Q4,quarterly,98139.23788651246,\N,estimated,IMF_QNEA,derived_per_capita|QNEA|B1GQ|Q|NSA|XDC|Q|population=SP.POP.TOTL_interpolated,NSA,\N
NIC,gdp_real_per_capita_lcu_quarterly_nsa_estimate,2010-Q1,quarterly,5478.6796715986375,\N,estimated,IMF_QNEA,derived_per_capita|QNEA|B1GQ|Q|NSA|XDC|Q|population=SP.POP.TOTL_interpolated,NSA,\N
NIC,gdp_real_per_capita_lcu_quarterly_nsa_estimate,2010-Q2,quarterly,5480.051104564731,\N,estimated,IMF_QNEA,derived_per_capita|QNEA|B1GQ|Q|NSA|XDC|Q|population=SP.POP.TOTL_interpolated,NSA,\N
NIC,gdp_real_per_capita_lcu_quarterly_nsa_estimate,2010-Q3,quarterly,5743.631520472117,\N,estimated,IMF_QNEA,derived_per_capita|QNEA|B1GQ|Q|NSA|XDC|Q|population=SP.POP.TOTL_interpolated,NSA,\N
NIC,gdp_real_per_capita_lcu_quarterly_nsa_estimate,2010-Q4,quarterly,6024.597868590372,\N,estimated,IMF_QNEA,derived_per_capita|QNEA|B1GQ|Q|NSA|XDC|Q|population=SP.POP.TOTL_interpolated,NSA,\N
NIC,gdp_real_per_capita_lcu_quarterly_nsa_estimate,2011-Q1,quarterly,5707.454988963891,\N,estimated,IMF_QNEA,derived_per_capita|QNEA|B1GQ|Q|NSA|XDC|Q|population=SP.POP.TOTL_interpolated,NSA,\N
NIC,gdp_real_per_capita_lcu_quarterly_nsa_estimate,2011-Q2,quarterly,5822.695554501148,\N,estimated,IMF_QNEA,derived_per_capita|QNEA|B1GQ|Q|NSA|XDC|Q|population=SP.POP.TOTL_interpolated,NSA,\N
NIC,gdp_real_per_capita_lcu_quarterly_nsa_estimate,2011-Q3,quarterly,6073.532914392862,\N,estimated,IMF_QNEA,derived_per_capita|QNEA|B1GQ|Q|NSA|XDC|Q|population=SP.POP.TOTL_interpolated,NSA,\N
NIC,gdp_real_per_capita_lcu_quarterly_nsa_estimate,2011-Q4,quarterly,6220.478844077483,\N,estimated,IMF_QNEA,derived_per_capita|QNEA|B1GQ|Q|NSA|XDC|Q|population=SP.POP.TOTL_interpolated,NSA,\N
NIC,gdp_real_per_capita_lcu_quarterly_nsa_estimate,2012-Q1,quarterly,6141.887486257396,\N,estimated,IMF_QNEA,derived_per_capita|QNEA|B1GQ|Q|NSA|XDC|Q|population=SP.POP.TOTL_interpolated,NSA,\N
NIC,gdp_real_per_capita_lcu_quarterly_nsa_estimate,2012-Q2,quarterly,6009.19363426122,\N,estimated,IMF_QNEA,derived_per_capita|QNEA|B1GQ|Q|NSA|XDC|Q|population=SP.POP.TOTL_interpolated,NSA,\N
NIC,gdp_real_per_capita_lcu_quarterly_nsa_estimate,2012-Q3,quarterly,6214.796617026649,\N,estimated,IMF_QNEA,derived_per_capita|QNEA|B1GQ|Q|NSA|XDC|Q|population=SP.POP.TOTL_interpolated,NSA,\N
NIC,gdp_real_per_capita_lcu_quarterly_nsa_estimate,2012-Q4,quarterly,6652.814176440551,\N,estimated,IMF_QNEA,derived_per_capita|QNEA|B1GQ|Q|NSA|XDC|Q|population=SP.POP.TOTL_interpolated,NSA,\N
NIC,gdp_real_per_capita_lcu_quarterly_nsa_estimate,2013-Q1,quarterly,6266.405806995944,\N,estimated,IMF_QNEA,derived_per_capita|QNEA|B1GQ|Q|NSA|XDC|Q|population=SP.POP.TOTL_interpolated,NSA,\N
NIC,gdp_real_per_capita_lcu_quarterly_nsa_estimate,2013-Q2,quarterly,6340.824620178361,\N,estimated,IMF_QNEA,derived_per_capita|QNEA|B1GQ|Q|NSA|XDC|Q|population=SP.POP.TOTL_interpolated,NSA,\N
NIC,gdp_real_per_capita_lcu_quarterly_nsa_estimate,2013-Q3,quarterly,6506.623255809106,\N,estimated,IMF_QNEA,derived_per_capita|QNEA|B1GQ|Q|NSA|XDC|Q|population=SP.POP.TOTL_interpolated,NSA,\N
NIC,gdp_real_per_capita_lcu_quarterly_nsa_estimate,2013-Q4,quarterly,6775.694620138079,\N,estimated,IMF_QNEA,derived_per_capita|QNEA|B1GQ|Q|NSA|XDC|Q|population=SP.POP.TOTL_interpolated,NSA,\N
NIC,gdp_real_per_capita_lcu_quarterly_nsa_estimate,2014-Q1,quarterly,6521.528053053439,\N,estimated,IMF_QNEA,derived_per_capita|QNEA|B1GQ|Q|NSA|XDC|Q|population=SP.POP.TOTL_interpolated,NSA,\N
NIC,gdp_real_per_capita_lcu_quarterly_nsa_estimate,2014-Q2,quarterly,6509.166970822114,\N,estimated,IMF_QNEA,derived_per_capita|QNEA|B1GQ|Q|NSA|XDC|Q|population=SP.POP.TOTL_interpolated,NSA,\N
NIC,gdp_real_per_capita_lcu_quarterly_nsa_estimate,2014-Q3,quarterly,6648.407945692113,\N,estimated,IMF_QNEA,derived_per_capita|QNEA|B1GQ|Q|NSA|XDC|Q|population=SP.POP.TOTL_interpolated,NSA,\N
NIC,gdp_real_per_capita_lcu_quarterly_nsa_estimate,2014-Q4,quarterly,7079.616327091845,\N,estimated,IMF_QNEA,derived_per_capita|QNEA|B1GQ|Q|NSA|XDC|Q|population=SP.POP.TOTL_interpolated,NSA,\N
NLD,gdp_real_per_capita_lcu_quarterly_nsa_estimate,2010-Q1,quarterly,9502.332989318445,\N,estimated,IMF_QNEA,derived_per_capita|QNEA|B1GQ|Q|NSA|XDC|Q|population=SP.POP.TOTL_interpolated,NSA,\N
NLD,gdp_real_per_capita_lcu_quarterly_nsa_estimate,2010-Q2,quarterly,9823.429755929896,\N,estimated,IMF_QNEA,derived_per_capita|QNEA|B1GQ|Q|NSA|XDC|Q|population=SP.POP.TOTL_interpolated,NSA,\N
NLD,gdp_real_per_capita_lcu_quarterly_nsa_estimate,2010-Q3,quarterly,9484.431290691475,\N,estimated,IMF_QNEA,derived_per_capita|QNEA|B1GQ|Q|NSA|XDC|Q|population=SP.POP.TOTL_interpolated,NSA,\N
NLD,gdp_real_per_capita_lcu_quarterly_nsa_estimate,2010-Q4,quarterly,9891.810099320352,\N,estimated,IMF_QNEA,derived_per_capita|QNEA|B1GQ|Q|NSA|XDC|Q|population=SP.POP.TOTL_interpolated,NSA,\N
NLD,gdp_real_per_capita_lcu_quarterly_nsa_estimate,2011-Q1,quarterly,9738.146313823425,\N,estimated,IMF_QNEA,derived_per_capita|QNEA|B1GQ|Q|NSA|XDC|Q|population=SP.POP.TOTL_interpolated,NSA,\N
NLD,gdp_real_per_capita_lcu_quarterly_nsa_estimate,2011-Q2,quarterly,10003.836341185746,\N,estimated,IMF_QNEA,derived_per_capita|QNEA|B1GQ|Q|NSA|XDC|Q|population=SP.POP.TOTL_interpolated,NSA,\N
NLD,gdp_real_per_capita_lcu_quarterly_nsa_estimate,2011-Q3,quarterly,9592.149161004167,\N,estimated,IMF_QNEA,derived_per_capita|QNEA|B1GQ|Q|NSA|XDC|Q|population=SP.POP.TOTL_interpolated,NSA,\N
NLD,gdp_real_per_capita_lcu_quarterly_nsa_estimate,2011-Q4,quarterly,9875.229458125916,\N,estimated,IMF_QNEA,derived_per_capita|QNEA|B1GQ|Q|NSA|XDC|Q|population=SP.POP.TOTL_interpolated,NSA,\N
NLD,gdp_real_per_capita_lcu_quarterly_nsa_estimate,2012-Q1,quarterly,9593.878830962372,\N,estimated,IMF_QNEA,derived_per_capita|QNEA|B1GQ|Q|NSA|XDC|Q|population=SP.POP.TOTL_interpolated,NSA,\N
NLD,gdp_real_per_capita_lcu_quarterly_nsa_estimate,2012-Q2,quarterly,9916.09745157377,\N,estimated,IMF_QNEA,derived_per_capita|QNEA|B1GQ|Q|NSA|XDC|Q|population=SP.POP.TOTL_interpolated,NSA,\N
NLD,gdp_real_per_capita_lcu_quarterly_nsa_estimate,2012-Q3,quarterly,9448.548765994115,\N,estimated,IMF_QNEA,derived_per_capita|QNEA|B1GQ|Q|NSA|XDC|Q|population=SP.POP.TOTL_interpolated,NSA,\N
NLD,gdp_real_per_capita_lcu_quarterly_nsa_estimate,2012-Q4,quarterly,9723.238482915915,\N,estimated,IMF_QNEA,derived_per_capita|QNEA|B1GQ|Q|NSA|XDC|Q|population=SP.POP.TOTL_interpolated,NSA,\N
NLD,gdp_real_per_capita_lcu_quarterly_nsa_estimate,2013-Q1,quarterly,9406.576903758834,\N,estimated,IMF_QNEA,derived_per_capita|QNEA|B1GQ|Q|NSA|XDC|Q|population=SP.POP.TOTL_interpolated,NSA,\N
NLD,gdp_real_per_capita_lcu_quarterly_nsa_estimate,2013-Q2,quarterly,9842.042627316214,\N,estimated,IMF_QNEA,derived_per_capita|QNEA|B1GQ|Q|NSA|XDC|Q|population=SP.POP.TOTL_interpolated,NSA,\N
NLD,gdp_real_per_capita_lcu_quarterly_nsa_estimate,2013-Q3,quarterly,9459.173203959504,\N,estimated,IMF_QNEA,derived_per_capita|QNEA|B1GQ|Q|NSA|XDC|Q|population=SP.POP.TOTL_interpolated,NSA,\N
NLD,gdp_real_per_capita_lcu_quarterly_nsa_estimate,2013-Q4,quarterly,9840.616697187188,\N,estimated,IMF_QNEA,derived_per_capita|QNEA|B1GQ|Q|NSA|XDC|Q|population=SP.POP.TOTL_interpolated,NSA,\N
NLD,gdp_real_per_capita_lcu_quarterly_nsa_estimate,2014-Q1,quarterly,9510.7149886975,\N,estimated,IMF_QNEA,derived_per_capita|QNEA|B1GQ|Q|NSA|XDC|Q|population=SP.POP.TOTL_interpolated,NSA,\N
NLD,gdp_real_per_capita_lcu_quarterly_nsa_estimate,2014-Q2,quarterly,9967.818611972782,\N,estimated,IMF_QNEA,derived_per_capita|QNEA|B1GQ|Q|NSA|XDC|Q|population=SP.POP.TOTL_interpolated,NSA,\N
NLD,gdp_real_per_capita_lcu_quarterly_nsa_estimate,2014-Q3,quarterly,9551.856014101382,\N,estimated,IMF_QNEA,derived_per_capita|QNEA|B1GQ|Q|NSA|XDC|Q|population=SP.POP.TOTL_interpolated,NSA,\N
NLD,gdp_real_per_capita_lcu_quarterly_nsa_estimate,2014-Q4,quarterly,9997.745296525596,\N,estimated,IMF_QNEA,derived_per_capita|QNEA|B1GQ|Q|NSA|XDC|Q|population=SP.POP.TOTL_interpolated,NSA,\N
NOR,gdp_real_per_capita_lcu_quarterly_nsa_estimate,2010-Q1,quarterly,139130.77585446252,\N,estimated,IMF_QNEA,derived_per_capita|QNEA|B1GQ|Q|NSA|XDC|Q|population=SP.POP.TOTL_interpolated,NSA,\N
NOR,gdp_real_per_capita_lcu_quarterly_nsa_estimate,2010-Q2,quarterly,134299.9040281747,\N,estimated,IMF_QNEA,derived_per_capita|QNEA|B1GQ|Q|NSA|XDC|Q|population=SP.POP.TOTL_interpolated,NSA,\N
NOR,gdp_real_per_capita_lcu_quarterly_nsa_estimate,2010-Q3,quarterly,129240.2595029212,\N,estimated,IMF_QNEA,derived_per_capita|QNEA|B1GQ|Q|NSA|XDC|Q|population=SP.POP.TOTL_interpolated,NSA,\N
NOR,gdp_real_per_capita_lcu_quarterly_nsa_estimate,2010-Q4,quarterly,141378.1934809448,\N,estimated,IMF_QNEA,derived_per_capita|QNEA|B1GQ|Q|NSA|XDC|Q|population=SP.POP.TOTL_interpolated,NSA,\N
NOR,gdp_real_per_capita_lcu_quarterly_nsa_estimate,2011-Q1,quarterly,137547.28233271278,\N,estimated,IMF_QNEA,derived_per_capita|QNEA|B1GQ|Q|NSA|XDC|Q|population=SP.POP.TOTL_interpolated,NSA,\N
NOR,gdp_real_per_capita_lcu_quarterly_nsa_estimate,2011-Q2,quarterly,131842.3727762879,\N,estimated,IMF_QNEA,derived_per_capita|QNEA|B1GQ|Q|NSA|XDC|Q|population=SP.POP.TOTL_interpolated,NSA,\N
NOR,gdp_real_per_capita_lcu_quarterly_nsa_estimate,2011-Q3,quarterly,133372.53397051047,\N,estimated,IMF_QNEA,derived_per_capita|QNEA|B1GQ|Q|NSA|XDC|Q|population=SP.POP.TOTL_interpolated,NSA,\N
NOR,gdp_real_per_capita_lcu_quarterly_nsa_estimate,2011-Q4,quarterly,141716.97108417962,\N,estimated,IMF_QNEA,derived_per_capita|QNEA|B1GQ|Q|NSA|XDC|Q|population=SP.POP.TOTL_interpolated,NSA,\N
NOR,gdp_real_per_capita_lcu_quarterly_nsa_estimate,2012-Q1,quarterly,140717.1870658868,\N,estimated,IMF_QNEA,derived_per_capita|QNEA|B1GQ|Q|NSA|XDC|Q|population=SP.POP.TOTL_interpolated,NSA,\N
NOR,gdp_real_per_capita_lcu_quarterly_nsa_estimate,2012-Q2,quarterly,136227.5079439601,\N,estimated,IMF_QNEA,derived_per_capita|QNEA|B1GQ|Q|NSA|XDC|Q|population=SP.POP.TOTL_interpolated,NSA,\N
NOR,gdp_real_per_capita_lcu_quarterly_nsa_estimate,2012-Q3,quarterly,133071.9326112782,\N,estimated,IMF_QNEA,derived_per_capita|QNEA|B1GQ|Q|NSA|XDC|Q|population=SP.POP.TOTL_interpolated,NSA,\N
NOR,gdp_real_per_capita_lcu_quarterly_nsa_estimate,2012-Q4,quarterly,142637.5412796306,\N,estimated,IMF_QNEA,derived_per_capita|QNEA|B1GQ|Q|NSA|XDC|Q|population=SP.POP.TOTL_interpolated,NSA,\N
NOR,gdp_real_per_capita_lcu_quarterly_nsa_estimate,2013-Q1,quarterly,135342.5607633373,\N,estimated,IMF_QNEA,derived_per_capita|QNEA|B1GQ|Q|NSA|XDC|Q|population=SP.POP.TOTL_interpolated,NSA,\N
NOR,gdp_real_per_capita_lcu_quarterly_nsa_estimate,2013-Q2,quarterly,138115.1168730174,\N,estimated,IMF_QNEA,derived_per_capita|QNEA|B1GQ|Q|NSA|XDC|Q|population=SP.POP.TOTL_interpolated,NSA,\N
NOR,gdp_real_per_capita_lcu_quarterly_nsa_estimate,2013-Q3,quarterly,135888.9109796439,\N,estimated,IMF_QNEA,derived_per_capita|QNEA|B1GQ|Q|NSA|XDC|Q|population=SP.POP.TOTL_interpolated,NSA,\N
NOR,gdp_real_per_capita_lcu_quarterly_nsa_estimate,2013-Q4,quarterly,143572.03334840634,\N,estimated,IMF_QNEA,derived_per_capita|QNEA|B1GQ|Q|NSA|XDC|Q|population=SP.POP.TOTL_interpolated,NSA,\N
NOR,gdp_real_per_capita_lcu_quarterly_nsa_estimate,2014-Q1,quarterly,138727.85511212124,\N,estimated,IMF_QNEA,derived_per_capita|QNEA|B1GQ|Q|NSA|XDC|Q|population=SP.POP.TOTL_interpolated,NSA,\N
NOR,gdp_real_per_capita_lcu_quarterly_nsa_estimate,2014-Q2,quarterly,136855.32782463223,\N,estimated,IMF_QNEA,derived_per_capita|QNEA|B1GQ|Q|NSA|XDC|Q|population=SP.POP.TOTL_interpolated,NSA,\N
NOR,gdp_real_per_capita_lcu_quarterly_nsa_estimate,2014-Q3,quarterly,136991.02372367153,\N,estimated,IMF_QNEA,derived_per_capita|QNEA|B1GQ|Q|NSA|XDC|Q|population=SP.POP.TOTL_interpolated,NSA,\N
NOR,gdp_real_per_capita_lcu_quarterly_nsa_estimate,2014-Q4,quarterly,145642.19870552156,\N,estimated,IMF_QNEA,derived_per_capita|QNEA|B1GQ|Q|NSA|XDC|Q|population=SP.POP.TOTL_interpolated,NSA,\N
NZL,gdp_real_per_capita_lcu_quarterly_nsa_estimate,2010-Q1,quarterly,11446.079633481722,\N,estimated,IMF_QNEA,derived_per_capita|QNEA|B1GQ|Q|NSA|XDC|Q|population=SP.POP.TOTL_interpolated,NSA,\N
NZL,gdp_real_per_capita_lcu_quarterly_nsa_estimate,2010-Q2,quarterly,11366.985542688628,\N,estimated,IMF_QNEA,derived_per_capita|QNEA|B1GQ|Q|NSA|XDC|Q|population=SP.POP.TOTL_interpolated,NSA,\N
NZL,gdp_real_per_capita_lcu_quarterly_nsa_estimate,2010-Q3,quarterly,10779.904072746269,\N,estimated,IMF_QNEA,derived_per_capita|QNEA|B1GQ|Q|NSA|XDC|Q|population=SP.POP.TOTL_interpolated,NSA,\N
NZL,gdp_real_per_capita_lcu_quarterly_nsa_estimate,2010-Q4,quarterly,11625.445846643079,\N,estimated,IMF_QNEA,derived_per_capita|QNEA|B1GQ|Q|NSA|XDC|Q|population=SP.POP.TOTL_interpolated,NSA,\N
NZL,gdp_real_per_capita_lcu_quarterly_nsa_estimate,2011-Q1,quarterly,11319.423197348744,\N,estimated,IMF_QNEA,derived_per_capita|QNEA|B1GQ|Q|NSA|XDC|Q|population=SP.POP.TOTL_interpolated,NSA,\N
NZL,gdp_real_per_capita_lcu_quarterly_nsa_estimate,2011-Q2,quarterly,11255.668732002043,\N,estimated,IMF_QNEA,derived_per_capita|QNEA|B1GQ|Q|NSA|XDC|Q|population=SP.POP.TOTL_interpolated,NSA,\N
NZL,gdp_real_per_capita_lcu_quarterly_nsa_estimate,2011-Q3,quarterly,10959.166403104618,\N,estimated,IMF_QNEA,derived_per_capita|QNEA|B1GQ|Q|NSA|XDC|Q|population=SP.POP.TOTL_interpolated,NSA,\N
NZL,gdp_real_per_capita_lcu_quarterly_nsa_estimate,2011-Q4,quarterly,12063.862418656796,\N,estimated,IMF_QNEA,derived_per_capita|QNEA|B1GQ|Q|NSA|XDC|Q|population=SP.POP.TOTL_interpolated,NSA,\N
NZL,gdp_real_per_capita_lcu_quarterly_nsa_estimate,2012-Q1,quarterly,11598.153015557293,\N,estimated,IMF_QNEA,derived_per_capita|QNEA|B1GQ|Q|NSA|XDC|Q|population=SP.POP.TOTL_interpolated,NSA,\N
NZL,gdp_real_per_capita_lcu_quarterly_nsa_estimate,2012-Q2,quarterly,11482.63229731532,\N,estimated,IMF_QNEA,derived_per_capita|QNEA|B1GQ|Q|NSA|XDC|Q|population=SP.POP.TOTL_interpolated,NSA,\N
NZL,gdp_real_per_capita_lcu_quarterly_nsa_estimate,2012-Q3,quarterly,11155.733339376977,\N,estimated,IMF_QNEA,derived_per_capita|QNEA|B1GQ|Q|NSA|XDC|Q|population=SP.POP.TOTL_interpolated,NSA,\N
NZL,gdp_real_per_capita_lcu_quarterly_nsa_estimate,2012-Q4,quarterly,12299.897078616103,\N,estimated,IMF_QNEA,derived_per_capita|QNEA|B1GQ|Q|NSA|XDC|Q|population=SP.POP.TOTL_interpolated,NSA,\N
NZL,gdp_real_per_capita_lcu_quarterly_nsa_estimate,2013-Q1,quarterly,11866.300924514884,\N,estimated,IMF_QNEA,derived_per_capita|QNEA|B1GQ|Q|NSA|XDC|Q|population=SP.POP.TOTL_interpolated,NSA,\N
NZL,gdp_real_per_capita_lcu_quarterly_nsa_estimate,2013-Q2,quarterly,11585.790416530526,\N,estimated,IMF_QNEA,derived_per_capita|QNEA|B1GQ|Q|NSA|XDC|Q|population=SP.POP.TOTL_interpolated,NSA,\N
NZL,gdp_real_per_capita_lcu_quarterly_nsa_estimate,2013-Q3,quarterly,11302.960866244328,\N,estimated,IMF_QNEA,derived_per_capita|QNEA|B1GQ|Q|NSA|XDC|Q|population=SP.POP.TOTL_interpolated,NSA,\N
NZL,gdp_real_per_capita_lcu_quarterly_nsa_estimate,2013-Q4,quarterly,12349.217002237136,\N,estimated,IMF_QNEA,derived_per_capita|QNEA|B1GQ|Q|NSA|XDC|Q|population=SP.POP.TOTL_interpolated,NSA,\N
NZL,gdp_real_per_capita_lcu_quarterly_nsa_estimate,2014-Q1,quarterly,11956.73483937085,\N,estimated,IMF_QNEA,derived_per_capita|QNEA|B1GQ|Q|NSA|XDC|Q|population=SP.POP.TOTL_interpolated,NSA,\N
NZL,gdp_real_per_capita_lcu_quarterly_nsa_estimate,2014-Q2,quarterly,11746.53887113951,\N,estimated,IMF_QNEA,derived_per_capita|QNEA|B1GQ|Q|NSA|XDC|Q|population=SP.POP.TOTL_interpolated,NSA,\N
NZL,gdp_real_per_capita_lcu_quarterly_nsa_estimate,2014-Q3,quarterly,11511.639783684703,\N,estimated,IMF_QNEA,derived_per_capita|QNEA|B1GQ|Q|NSA|XDC|Q|population=SP.POP.TOTL_interpolated,NSA,\N
NZL,gdp_real_per_capita_lcu_quarterly_nsa_estimate,2014-Q4,quarterly,12634.747478076499,\N,estimated,IMF_QNEA,derived_per_capita|QNEA|B1GQ|Q|NSA|XDC|Q|population=SP.POP.TOTL_interpolated,NSA,\N
PER,gdp_real_per_capita_lcu_quarterly_nsa_estimate,2010-Q1,quarterly,3102.6295097863986,\N,estimated,IMF_QNEA,derived_per_capita|QNEA|B1GQ|Q|NSA|XDC|Q|population=SP.POP.TOTL_interpolated,NSA,\N
PER,gdp_real_per_capita_lcu_quarterly_nsa_estimate,2010-Q2,quarterly,3345.460356155424,\N,estimated,IMF_QNEA,derived_per_capita|QNEA|B1GQ|Q|NSA|XDC|Q|population=SP.POP.TOTL_interpolated,NSA,\N
PER,gdp_real_per_capita_lcu_quarterly_nsa_estimate,2010-Q3,quarterly,3292.312258952604,\N,estimated,IMF_QNEA,derived_per_capita|QNEA|B1GQ|Q|NSA|XDC|Q|population=SP.POP.TOTL_interpolated,NSA,\N
PER,gdp_real_per_capita_lcu_quarterly_nsa_estimate,2010-Q4,quarterly,3393.503107427737,\N,estimated,IMF_QNEA,derived_per_capita|QNEA|B1GQ|Q|NSA|XDC|Q|population=SP.POP.TOTL_interpolated,NSA,\N
PER,gdp_real_per_capita_lcu_quarterly_nsa_estimate,2011-Q1,quarterly,3319.929091678996,\N,estimated,IMF_QNEA,derived_per_capita|QNEA|B1GQ|Q|NSA|XDC|Q|population=SP.POP.TOTL_interpolated,NSA,\N
PER,gdp_real_per_capita_lcu_quarterly_nsa_estimate,2011-Q2,quarterly,3487.9803682281645,\N,estimated,IMF_QNEA,derived_per_capita|QNEA|B1GQ|Q|NSA|XDC|Q|population=SP.POP.TOTL_interpolated,NSA,\N
PER,gdp_real_per_capita_lcu_quarterly_nsa_estimate,2011-Q3,quarterly,3480.158477601623,\N,estimated,IMF_QNEA,derived_per_capita|QNEA|B1GQ|Q|NSA|XDC|Q|population=SP.POP.TOTL_interpolated,NSA,\N
PER,gdp_real_per_capita_lcu_quarterly_nsa_estimate,2011-Q4,quarterly,3572.983545865297,\N,estimated,IMF_QNEA,derived_per_capita|QNEA|B1GQ|Q|NSA|XDC|Q|population=SP.POP.TOTL_interpolated,NSA,\N
PER,gdp_real_per_capita_lcu_quarterly_nsa_estimate,2012-Q1,quarterly,3495.381952298137,\N,estimated,IMF_QNEA,derived_per_capita|QNEA|B1GQ|Q|NSA|XDC|Q|population=SP.POP.TOTL_interpolated,NSA,\N
PER,gdp_real_per_capita_lcu_quarterly_nsa_estimate,2012-Q2,quarterly,3685.2487845271244,\N,estimated,IMF_QNEA,derived_per_capita|QNEA|B1GQ|Q|NSA|XDC|Q|population=SP.POP.TOTL_interpolated,NSA,\N
PER,gdp_real_per_capita_lcu_quarterly_nsa_estimate,2012-Q3,quarterly,3673.5633287532805,\N,estimated,IMF_QNEA,derived_per_capita|QNEA|B1GQ|Q|NSA|XDC|Q|population=SP.POP.TOTL_interpolated,NSA,\N
PER,gdp_real_per_capita_lcu_quarterly_nsa_estimate,2012-Q4,quarterly,3735.729883967699,\N,estimated,IMF_QNEA,derived_per_capita|QNEA|B1GQ|Q|NSA|XDC|Q|population=SP.POP.TOTL_interpolated,NSA,\N
PER,gdp_real_per_capita_lcu_quarterly_nsa_estimate,2013-Q1,quarterly,3638.6871304358483,\N,estimated,IMF_QNEA,derived_per_capita|QNEA|B1GQ|Q|NSA|XDC|Q|population=SP.POP.TOTL_interpolated,NSA,\N
PER,gdp_real_per_capita_lcu_quarterly_nsa_estimate,2013-Q2,quarterly,3899.951249350338,\N,estimated,IMF_QNEA,derived_per_capita|QNEA|B1GQ|Q|NSA|XDC|Q|population=SP.POP.TOTL_interpolated,NSA,\N
PER,gdp_real_per_capita_lcu_quarterly_nsa_estimate,2013-Q3,quarterly,3831.331336266319,\N,estimated,IMF_QNEA,derived_per_capita|QNEA|B1GQ|Q|NSA|XDC|Q|population=SP.POP.TOTL_interpolated,NSA,\N
PER,gdp_real_per_capita_lcu_quarterly_nsa_estimate,2013-Q4,quarterly,3934.5285514745665,\N,estimated,IMF_QNEA,derived_per_capita|QNEA|B1GQ|Q|NSA|XDC|Q|population=SP.POP.TOTL_interpolated,NSA,\N
PER,gdp_real_per_capita_lcu_quarterly_nsa_estimate,2014-Q1,quarterly,3775.849265188399,\N,estimated,IMF_QNEA,derived_per_capita|QNEA|B1GQ|Q|NSA|XDC|Q|population=SP.POP.TOTL_interpolated,NSA,\N
PER,gdp_real_per_capita_lcu_quarterly_nsa_estimate,2014-Q2,quarterly,3926.879861268087,\N,estimated,IMF_QNEA,derived_per_capita|QNEA|B1GQ|Q|NSA|XDC|Q|population=SP.POP.TOTL_interpolated,NSA,\N
PER,gdp_real_per_capita_lcu_quarterly_nsa_estimate,2014-Q3,quarterly,3854.893841829635,\N,estimated,IMF_QNEA,derived_per_capita|QNEA|B1GQ|Q|NSA|XDC|Q|population=SP.POP.TOTL_interpolated,NSA,\N
PER,gdp_real_per_capita_lcu_quarterly_nsa_estimate,2014-Q4,quarterly,3955.959351099204,\N,estimated,IMF_QNEA,derived_per_capita|QNEA|B1GQ|Q|NSA|XDC|Q|population=SP.POP.TOTL_interpolated,NSA,\N
PHL,gdp_real_per_capita_lcu_quarterly_nsa_estimate,2010-Q1,quarterly,27371.962595546698,\N,estimated,IMF_QNEA,derived_per_capita|QNEA|B1GQ|Q|NSA|XDC|Q|population=SP.POP.TOTL_interpolated,NSA,\N
PHL,gdp_real_per_capita_lcu_quarterly_nsa_estimate,2010-Q2,quarterly,29802.02647916036,\N,estimated,IMF_QNEA,derived_per_capita|QNEA|B1GQ|Q|NSA|XDC|Q|population=SP.POP.TOTL_interpolated,NSA,\N
PHL,gdp_real_per_capita_lcu_quarterly_nsa_estimate,2010-Q3,quarterly,27874.936172217596,\N,estimated,IMF_QNEA,derived_per_capita|QNEA|B1GQ|Q|NSA|XDC|Q|population=SP.POP.TOTL_interpolated,NSA,\N
PHL,gdp_real_per_capita_lcu_quarterly_nsa_estimate,2010-Q4,quarterly,31025.55282480935,\N,estimated,IMF_QNEA,derived_per_capita|QNEA|B1GQ|Q|NSA|XDC|Q|population=SP.POP.TOTL_interpolated,NSA,\N
PHL,gdp_real_per_capita_lcu_quarterly_nsa_estimate,2011-Q1,quarterly,28126.298703949684,\N,estimated,IMF_QNEA,derived_per_capita|QNEA|B1GQ|Q|NSA|XDC|Q|population=SP.POP.TOTL_interpolated,NSA,\N
PHL,gdp_real_per_capita_lcu_quarterly_nsa_estimate,2011-Q2,quarterly,30259.521783803128,\N,estimated,IMF_QNEA,derived_per_capita|QNEA|B1GQ|Q|NSA|XDC|Q|population=SP.POP.TOTL_interpolated,NSA,\N
PHL,gdp_real_per_capita_lcu_quarterly_nsa_estimate,2011-Q3,quarterly,28163.173963637153,\N,estimated,IMF_QNEA,derived_per_capita|QNEA|B1GQ|Q|NSA|XDC|Q|population=SP.POP.TOTL_interpolated,NSA,\N
PHL,gdp_real_per_capita_lcu_quarterly_nsa_estimate,2011-Q4,quarterly,31652.13147973826,\N,estimated,IMF_QNEA,derived_per_capita|QNEA|B1GQ|Q|NSA|XDC|Q|population=SP.POP.TOTL_interpolated,NSA,\N
PHL,gdp_real_per_capita_lcu_quarterly_nsa_estimate,2012-Q1,quarterly,29249.00472133845,\N,estimated,IMF_QNEA,derived_per_capita|QNEA|B1GQ|Q|NSA|XDC|Q|population=SP.POP.TOTL_interpolated,NSA,\N
PHL,gdp_real_per_capita_lcu_quarterly_nsa_estimate,2012-Q2,quarterly,31522.3443732746,\N,estimated,IMF_QNEA,derived_per_capita|QNEA|B1GQ|Q|NSA|XDC|Q|population=SP.POP.TOTL_interpolated,NSA,\N
PHL,gdp_real_per_capita_lcu_quarterly_nsa_estimate,2012-Q3,quarterly,29667.661170809908,\N,estimated,IMF_QNEA,derived_per_capita|QNEA|B1GQ|Q|NSA|XDC|Q|population=SP.POP.TOTL_interpolated,NSA,\N
PHL,gdp_real_per_capita_lcu_quarterly_nsa_estimate,2012-Q4,quarterly,33486.23863846589,\N,estimated,IMF_QNEA,derived_per_capita|QNEA|B1GQ|Q|NSA|XDC|Q|population=SP.POP.TOTL_interpolated,NSA,\N
PHL,gdp_real_per_capita_lcu_quarterly_nsa_estimate,2013-Q1,quarterly,30876.742776372215,\N,estimated,IMF_QNEA,derived_per_capita|QNEA|B1GQ|Q|NSA|XDC|Q|population=SP.POP.TOTL_interpolated,NSA,\N
PHL,gdp_real_per_capita_lcu_quarterly_nsa_estimate,2013-Q2,quarterly,33256.78619996284,\N,estimated,IMF_QNEA,derived_per_capita|QNEA|B1GQ|Q|NSA|XDC|Q|population=SP.POP.TOTL_interpolated,NSA,\N
PHL,gdp_real_per_capita_lcu_quarterly_nsa_estimate,2013-Q3,quarterly,31077.873365384028,\N,estimated,IMF_QNEA,derived_per_capita|QNEA|B1GQ|Q|NSA|XDC|Q|population=SP.POP.TOTL_interpolated,NSA,\N
PHL,gdp_real_per_capita_lcu_quarterly_nsa_estimate,2013-Q4,quarterly,34652.342320366515,\N,estimated,IMF_QNEA,derived_per_capita|QNEA|B1GQ|Q|NSA|XDC|Q|population=SP.POP.TOTL_interpolated,NSA,\N
PHL,gdp_real_per_capita_lcu_quarterly_nsa_estimate,2014-Q1,quarterly,32076.380799317863,\N,estimated,IMF_QNEA,derived_per_capita|QNEA|B1GQ|Q|NSA|XDC|Q|population=SP.POP.TOTL_interpolated,NSA,\N
PHL,gdp_real_per_capita_lcu_quarterly_nsa_estimate,2014-Q2,quarterly,34973.961470777285,\N,estimated,IMF_QNEA,derived_per_capita|QNEA|B1GQ|Q|NSA|XDC|Q|population=SP.POP.TOTL_interpolated,NSA,\N
PHL,gdp_real_per_capita_lcu_quarterly_nsa_estimate,2014-Q3,quarterly,32392.66742784908,\N,estimated,IMF_QNEA,derived_per_capita|QNEA|B1GQ|Q|NSA|XDC|Q|population=SP.POP.TOTL_interpolated,NSA,\N
PHL,gdp_real_per_capita_lcu_quarterly_nsa_estimate,2014-Q4,quarterly,36403.611373821805,\N,estimated,IMF_QNEA,derived_per_capita|QNEA|B1GQ|Q|NSA|XDC|Q|population=SP.POP.TOTL_interpolated,NSA,\N
POL,gdp_real_per_capita_lcu_quarterly_nsa_estimate,2010-Q1,quarterly,8740.63152321781,\N,estimated,IMF_QNEA,derived_per_capita|QNEA|B1GQ|Q|NSA|XDC|Q|population=SP.POP.TOTL_interpolated,NSA,\N
POL,gdp_real_per_capita_lcu_quarterly_nsa_estimate,2010-Q2,quarterly,9148.254370591545,\N,estimated,IMF_QNEA,derived_per_capita|QNEA|B1GQ|Q|NSA|XDC|Q|population=SP.POP.TOTL_interpolated,NSA,\N
POL,gdp_real_per_capita_lcu_quarterly_nsa_estimate,2010-Q3,quarterly,9321.479776965001,\N,estimated,IMF_QNEA,derived_per_capita|QNEA|B1GQ|Q|NSA|XDC|Q|population=SP.POP.TOTL_interpolated,NSA,\N
POL,gdp_real_per_capita_lcu_quarterly_nsa_estimate,2010-Q4,quarterly,10669.681157633366,\N,estimated,IMF_QNEA,derived_per_capita|QNEA|B1GQ|Q|NSA|XDC|Q|population=SP.POP.TOTL_interpolated,NSA,\N
POL,gdp_real_per_capita_lcu_quarterly_nsa_estimate,2011-Q1,quarterly,9193.36708492066,\N,estimated,IMF_QNEA,derived_per_capita|QNEA|B1GQ|Q|NSA|XDC|Q|population=SP.POP.TOTL_interpolated,NSA,\N
POL,gdp_real_per_capita_lcu_quarterly_nsa_estimate,2011-Q2,quarterly,9610.764565952466,\N,estimated,IMF_QNEA,derived_per_capita|QNEA|B1GQ|Q|NSA|XDC|Q|population=SP.POP.TOTL_interpolated,NSA,\N
POL,gdp_real_per_capita_lcu_quarterly_nsa_estimate,2011-Q3,quarterly,9835.978137664824,\N,estimated,IMF_QNEA,derived_per_capita|QNEA|B1GQ|Q|NSA|XDC|Q|population=SP.POP.TOTL_interpolated,NSA,\N
POL,gdp_real_per_capita_lcu_quarterly_nsa_estimate,2011-Q4,quarterly,11228.007706953937,\N,estimated,IMF_QNEA,derived_per_capita|QNEA|B1GQ|Q|NSA|XDC|Q|population=SP.POP.TOTL_interpolated,NSA,\N
POL,gdp_real_per_capita_lcu_quarterly_nsa_estimate,2012-Q1,quarterly,9509.518181716634,\N,estimated,IMF_QNEA,derived_per_capita|QNEA|B1GQ|Q|NSA|XDC|Q|population=SP.POP.TOTL_interpolated,NSA,\N
POL,gdp_real_per_capita_lcu_quarterly_nsa_estimate,2012-Q2,quarterly,9809.78436051409,\N,estimated,IMF_QNEA,derived_per_capita|QNEA|B1GQ|Q|NSA|XDC|Q|population=SP.POP.TOTL_interpolated,NSA,\N
POL,gdp_real_per_capita_lcu_quarterly_nsa_estimate,2012-Q3,quarterly,9954.53874686146,\N,estimated,IMF_QNEA,derived_per_capita|QNEA|B1GQ|Q|NSA|XDC|Q|population=SP.POP.TOTL_interpolated,NSA,\N
POL,gdp_real_per_capita_lcu_quarterly_nsa_estimate,2012-Q4,quarterly,11197.83434892137,\N,estimated,IMF_QNEA,derived_per_capita|QNEA|B1GQ|Q|NSA|XDC|Q|population=SP.POP.TOTL_interpolated,NSA,\N
POL,gdp_real_per_capita_lcu_quarterly_nsa_estimate,2013-Q1,quarterly,9444.133657327093,\N,estimated,IMF_QNEA,derived_per_capita|QNEA|B1GQ|Q|NSA|XDC|Q|population=SP.POP.TOTL_interpolated,NSA,\N
POL,gdp_real_per_capita_lcu_quarterly_nsa_estimate,2013-Q2,quarterly,9878.085028815369,\N,estimated,IMF_QNEA,derived_per_capita|QNEA|B1GQ|Q|NSA|XDC|Q|population=SP.POP.TOTL_interpolated,NSA,\N
POL,gdp_real_per_capita_lcu_quarterly_nsa_estimate,2013-Q3,quarterly,10079.022525467328,\N,estimated,IMF_QNEA,derived_per_capita|QNEA|B1GQ|Q|NSA|XDC|Q|population=SP.POP.TOTL_interpolated,NSA,\N
POL,gdp_real_per_capita_lcu_quarterly_nsa_estimate,2013-Q4,quarterly,11369.918385772291,\N,estimated,IMF_QNEA,derived_per_capita|QNEA|B1GQ|Q|NSA|XDC|Q|population=SP.POP.TOTL_interpolated,NSA,\N
POL,gdp_real_per_capita_lcu_quarterly_nsa_estimate,2014-Q1,quarterly,9798.781865228202,\N,estimated,IMF_QNEA,derived_per_capita|QNEA|B1GQ|Q|NSA|XDC|Q|population=SP.POP.TOTL_interpolated,NSA,\N
POL,gdp_real_per_capita_lcu_quarterly_nsa_estimate,2014-Q2,quarterly,10270.392706099812,\N,estimated,IMF_QNEA,derived_per_capita|QNEA|B1GQ|Q|NSA|XDC|Q|population=SP.POP.TOTL_interpolated,NSA,\N
POL,gdp_real_per_capita_lcu_quarterly_nsa_estimate,2014-Q3,quarterly,10462.675892157044,\N,estimated,IMF_QNEA,derived_per_capita|QNEA|B1GQ|Q|NSA|XDC|Q|population=SP.POP.TOTL_interpolated,NSA,\N
POL,gdp_real_per_capita_lcu_quarterly_nsa_estimate,2014-Q4,quarterly,11868.28291102362,\N,estimated,IMF_QNEA,derived_per_capita|QNEA|B1GQ|Q|NSA|XDC|Q|population=SP.POP.TOTL_interpolated,NSA,\N
PRT,gdp_real_per_capita_lcu_quarterly_nsa_estimate,2010-Q1,quarterly,4156.940453573781,\N,estimated,IMF_QNEA,derived_per_capita|QNEA|B1GQ|Q|NSA|XDC|Q|population=SP.POP.TOTL_interpolated,NSA,\N
PRT,gdp_real_per_capita_lcu_quarterly_nsa_estimate,2010-Q2,quarterly,4265.430972749794,\N,estimated,IMF_QNEA,derived_per_capita|QNEA|B1GQ|Q|NSA|XDC|Q|population=SP.POP.TOTL_interpolated,NSA,\N
PRT,gdp_real_per_capita_lcu_quarterly_nsa_estimate,2010-Q3,quarterly,4314.914965119194,\N,estimated,IMF_QNEA,derived_per_capita|QNEA|B1GQ|Q|NSA|XDC|Q|population=SP.POP.TOTL_interpolated,NSA,\N
PRT,gdp_real_per_capita_lcu_quarterly_nsa_estimate,2010-Q4,quarterly,4277.951818317073,\N,estimated,IMF_QNEA,derived_per_capita|QNEA|B1GQ|Q|NSA|XDC|Q|population=SP.POP.TOTL_interpolated,NSA,\N
PRT,gdp_real_per_capita_lcu_quarterly_nsa_estimate,2011-Q1,quarterly,4155.728294082177,\N,estimated,IMF_QNEA,derived_per_capita|QNEA|B1GQ|Q|NSA|XDC|Q|population=SP.POP.TOTL_interpolated,NSA,\N
PRT,gdp_real_per_capita_lcu_quarterly_nsa_estimate,2011-Q2,quarterly,4222.474760367167,\N,estimated,IMF_QNEA,derived_per_capita|QNEA|B1GQ|Q|NSA|XDC|Q|population=SP.POP.TOTL_interpolated,NSA,\N
PRT,gdp_real_per_capita_lcu_quarterly_nsa_estimate,2011-Q3,quarterly,4233.005547970495,\N,estimated,IMF_QNEA,derived_per_capita|QNEA|B1GQ|Q|NSA|XDC|Q|population=SP.POP.TOTL_interpolated,NSA,\N
PRT,gdp_real_per_capita_lcu_quarterly_nsa_estimate,2011-Q4,quarterly,4138.387619815755,\N,estimated,IMF_QNEA,derived_per_capita|QNEA|B1GQ|Q|NSA|XDC|Q|population=SP.POP.TOTL_interpolated,NSA,\N
PRT,gdp_real_per_capita_lcu_quarterly_nsa_estimate,2012-Q1,quarterly,4025.388658681471,\N,estimated,IMF_QNEA,derived_per_capita|QNEA|B1GQ|Q|NSA|XDC|Q|population=SP.POP.TOTL_interpolated,NSA,\N
PRT,gdp_real_per_capita_lcu_quarterly_nsa_estimate,2012-Q2,quarterly,4053.0082315495733,\N,estimated,IMF_QNEA,derived_per_capita|QNEA|B1GQ|Q|NSA|XDC|Q|population=SP.POP.TOTL_interpolated,NSA,\N
PRT,gdp_real_per_capita_lcu_quarterly_nsa_estimate,2012-Q3,quarterly,4066.24661290303,\N,estimated,IMF_QNEA,derived_per_capita|QNEA|B1GQ|Q|NSA|XDC|Q|population=SP.POP.TOTL_interpolated,NSA,\N
PRT,gdp_real_per_capita_lcu_quarterly_nsa_estimate,2012-Q4,quarterly,3989.356862787142,\N,estimated,IMF_QNEA,derived_per_capita|QNEA|B1GQ|Q|NSA|XDC|Q|population=SP.POP.TOTL_interpolated,NSA,\N
PRT,gdp_real_per_capita_lcu_quarterly_nsa_estimate,2013-Q1,quarterly,3899.43471134226,\N,estimated,IMF_QNEA,derived_per_capita|QNEA|B1GQ|Q|NSA|XDC|Q|population=SP.POP.TOTL_interpolated,NSA,\N
PRT,gdp_real_per_capita_lcu_quarterly_nsa_estimate,2013-Q2,quarterly,4023.733268315727,\N,estimated,IMF_QNEA,derived_per_capita|QNEA|B1GQ|Q|NSA|XDC|Q|population=SP.POP.TOTL_interpolated,NSA,\N
PRT,gdp_real_per_capita_lcu_quarterly_nsa_estimate,2013-Q3,quarterly,4067.3556285494983,\N,estimated,IMF_QNEA,derived_per_capita|QNEA|B1GQ|Q|NSA|XDC|Q|population=SP.POP.TOTL_interpolated,NSA,\N
PRT,gdp_real_per_capita_lcu_quarterly_nsa_estimate,2013-Q4,quarterly,4069.975344987447,\N,estimated,IMF_QNEA,derived_per_capita|QNEA|B1GQ|Q|NSA|XDC|Q|population=SP.POP.TOTL_interpolated,NSA,\N
PRT,gdp_real_per_capita_lcu_quarterly_nsa_estimate,2014-Q1,quarterly,3951.1842181772604,\N,estimated,IMF_QNEA,derived_per_capita|QNEA|B1GQ|Q|NSA|XDC|Q|population=SP.POP.TOTL_interpolated,NSA,\N
PRT,gdp_real_per_capita_lcu_quarterly_nsa_estimate,2014-Q2,quarterly,4081.5250846878994,\N,estimated,IMF_QNEA,derived_per_capita|QNEA|B1GQ|Q|NSA|XDC|Q|population=SP.POP.TOTL_interpolated,NSA,\N
PRT,gdp_real_per_capita_lcu_quarterly_nsa_estimate,2014-Q3,quarterly,4126.877980991303,\N,estimated,IMF_QNEA,derived_per_capita|QNEA|B1GQ|Q|NSA|XDC|Q|population=SP.POP.TOTL_interpolated,NSA,\N
PRT,gdp_real_per_capita_lcu_quarterly_nsa_estimate,2014-Q4,quarterly,4105.0545794945565,\N,estimated,IMF_QNEA,derived_per_capita|QNEA|B1GQ|Q|NSA|XDC|Q|population=SP.POP.TOTL_interpolated,NSA,\N
PRY,gdp_real_per_capita_lcu_quarterly_nsa_estimate,2010-Q1,quarterly,6526570.39156337,\N,estimated,IMF_QNEA,derived_per_capita|QNEA|B1GQ|Q|NSA|XDC|Q|population=SP.POP.TOTL_interpolated,NSA,\N
PRY,gdp_real_per_capita_lcu_quarterly_nsa_estimate,2010-Q2,quarterly,6588094.858248501,\N,estimated,IMF_QNEA,derived_per_capita|QNEA|B1GQ|Q|NSA|XDC|Q|population=SP.POP.TOTL_interpolated,NSA,\N
PRY,gdp_real_per_capita_lcu_quarterly_nsa_estimate,2010-Q3,quarterly,6391792.048398394,\N,estimated,IMF_QNEA,derived_per_capita|QNEA|B1GQ|Q|NSA|XDC|Q|population=SP.POP.TOTL_interpolated,NSA,\N
PRY,gdp_real_per_capita_lcu_quarterly_nsa_estimate,2010-Q4,quarterly,7077889.473755223,\N,estimated,IMF_QNEA,derived_per_capita|QNEA|B1GQ|Q|NSA|XDC|Q|population=SP.POP.TOTL_interpolated,NSA,\N
PRY,gdp_real_per_capita_lcu_quarterly_nsa_estimate,2011-Q1,quarterly,6931310.30474072,\N,estimated,IMF_QNEA,derived_per_capita|QNEA|B1GQ|Q|NSA|XDC|Q|population=SP.POP.TOTL_interpolated,NSA,\N
PRY,gdp_real_per_capita_lcu_quarterly_nsa_estimate,2011-Q2,quarterly,6819139.872086438,\N,estimated,IMF_QNEA,derived_per_capita|QNEA|B1GQ|Q|NSA|XDC|Q|population=SP.POP.TOTL_interpolated,NSA,\N
PRY,gdp_real_per_capita_lcu_quarterly_nsa_estimate,2011-Q3,quarterly,6464521.155728095,\N,estimated,IMF_QNEA,derived_per_capita|QNEA|B1GQ|Q|NSA|XDC|Q|population=SP.POP.TOTL_interpolated,NSA,\N
PRY,gdp_real_per_capita_lcu_quarterly_nsa_estimate,2011-Q4,quarterly,7147794.8251570435,\N,estimated,IMF_QNEA,derived_per_capita|QNEA|B1GQ|Q|NSA|XDC|Q|population=SP.POP.TOTL_interpolated,NSA,\N
PRY,gdp_real_per_capita_lcu_quarterly_nsa_estimate,2012-Q1,quarterly,6698783.403119494,\N,estimated,IMF_QNEA,derived_per_capita|QNEA|B1GQ|Q|NSA|XDC|Q|population=SP.POP.TOTL_interpolated,NSA,\N
PRY,gdp_real_per_capita_lcu_quarterly_nsa_estimate,2012-Q2,quarterly,6621815.086404298,\N,estimated,IMF_QNEA,derived_per_capita|QNEA|B1GQ|Q|NSA|XDC|Q|population=SP.POP.TOTL_interpolated,NSA,\N
PRY,gdp_real_per_capita_lcu_quarterly_nsa_estimate,2012-Q3,quarterly,6573233.58081791,\N,estimated,IMF_QNEA,derived_per_capita|QNEA|B1GQ|Q|NSA|XDC|Q|population=SP.POP.TOTL_interpolated,NSA,\N
PRY,gdp_real_per_capita_lcu_quarterly_nsa_estimate,2012-Q4,quarterly,6896760.69877239,\N,estimated,IMF_QNEA,derived_per_capita|QNEA|B1GQ|Q|NSA|XDC|Q|population=SP.POP.TOTL_interpolated,NSA,\N
PRY,gdp_real_per_capita_lcu_quarterly_nsa_estimate,2013-Q1,quarterly,7276567.342111893,\N,estimated,IMF_QNEA,derived_per_capita|QNEA|B1GQ|Q|NSA|XDC|Q|population=SP.POP.TOTL_interpolated,NSA,\N
PRY,gdp_real_per_capita_lcu_quarterly_nsa_estimate,2013-Q2,quarterly,7097780.626764637,\N,estimated,IMF_QNEA,derived_per_capita|QNEA|B1GQ|Q|NSA|XDC|Q|population=SP.POP.TOTL_interpolated,NSA,\N
PRY,gdp_real_per_capita_lcu_quarterly_nsa_estimate,2013-Q3,quarterly,6804020.577490933,\N,estimated,IMF_QNEA,derived_per_capita|QNEA|B1GQ|Q|NSA|XDC|Q|population=SP.POP.TOTL_interpolated,NSA,\N
PRY,gdp_real_per_capita_lcu_quarterly_nsa_estimate,2013-Q4,quarterly,7421134.650438325,\N,estimated,IMF_QNEA,derived_per_capita|QNEA|B1GQ|Q|NSA|XDC|Q|population=SP.POP.TOTL_interpolated,NSA,\N
PRY,gdp_real_per_capita_lcu_quarterly_nsa_estimate,2014-Q1,quarterly,7560622.099732405,\N,estimated,IMF_QNEA,derived_per_capita|QNEA|B1GQ|Q|NSA|XDC|Q|population=SP.POP.TOTL_interpolated,NSA,\N
PRY,gdp_real_per_capita_lcu_quarterly_nsa_estimate,2014-Q2,quarterly,7253116.811160303,\N,estimated,IMF_QNEA,derived_per_capita|QNEA|B1GQ|Q|NSA|XDC|Q|population=SP.POP.TOTL_interpolated,NSA,\N
PRY,gdp_real_per_capita_lcu_quarterly_nsa_estimate,2014-Q3,quarterly,7073920.164486655,\N,estimated,IMF_QNEA,derived_per_capita|QNEA|B1GQ|Q|NSA|XDC|Q|population=SP.POP.TOTL_interpolated,NSA,\N
PRY,gdp_real_per_capita_lcu_quarterly_nsa_estimate,2014-Q4,quarterly,7793832.701225885,\N,estimated,IMF_QNEA,derived_per_capita|QNEA|B1GQ|Q|NSA|XDC|Q|population=SP.POP.TOTL_interpolated,NSA,\N
QAT,gdp_real_per_capita_lcu_quarterly_nsa_estimate,2013-Q1,quarterly,97730.48046610245,\N,estimated,IMF_QNEA,derived_per_capita|QNEA|B1GQ|Q|NSA|XDC|Q|population=SP.POP.TOTL_interpolated,NSA,\N
QAT,gdp_real_per_capita_lcu_quarterly_nsa_estimate,2013-Q2,quarterly,94873.70151801087,\N,estimated,IMF_QNEA,derived_per_capita|QNEA|B1GQ|Q|NSA|XDC|Q|population=SP.POP.TOTL_interpolated,NSA,\N
QAT,gdp_real_per_capita_lcu_quarterly_nsa_estimate,2013-Q3,quarterly,94659.44179662687,\N,estimated,IMF_QNEA,derived_per_capita|QNEA|B1GQ|Q|NSA|XDC|Q|population=SP.POP.TOTL_interpolated,NSA,\N
QAT,gdp_real_per_capita_lcu_quarterly_nsa_estimate,2013-Q4,quarterly,89528.29592492283,\N,estimated,IMF_QNEA,derived_per_capita|QNEA|B1GQ|Q|NSA|XDC|Q|population=SP.POP.TOTL_interpolated,NSA,\N
QAT,gdp_real_per_capita_lcu_quarterly_nsa_estimate,2014-Q1,quarterly,90462.55001979732,\N,estimated,IMF_QNEA,derived_per_capita|QNEA|B1GQ|Q|NSA|XDC|Q|population=SP.POP.TOTL_interpolated,NSA,\N
QAT,gdp_real_per_capita_lcu_quarterly_nsa_estimate,2014-Q2,quarterly,87176.1382223522,\N,estimated,IMF_QNEA,derived_per_capita|QNEA|B1GQ|Q|NSA|XDC|Q|population=SP.POP.TOTL_interpolated,NSA,\N
QAT,gdp_real_per_capita_lcu_quarterly_nsa_estimate,2014-Q3,quarterly,87572.04948162335,\N,estimated,IMF_QNEA,derived_per_capita|QNEA|B1GQ|Q|NSA|XDC|Q|population=SP.POP.TOTL_interpolated,NSA,\N
QAT,gdp_real_per_capita_lcu_quarterly_nsa_estimate,2014-Q4,quarterly,85394.64150280243,\N,estimated,IMF_QNEA,derived_per_capita|QNEA|B1GQ|Q|NSA|XDC|Q|population=SP.POP.TOTL_interpolated,NSA,\N
ROU,gdp_real_per_capita_lcu_quarterly_nsa_estimate,2010-Q1,quarterly,5135.091101088493,\N,estimated,IMF_QNEA,derived_per_capita|QNEA|B1GQ|Q|NSA|XDC|Q|population=SP.POP.TOTL_interpolated,NSA,\N
ROU,gdp_real_per_capita_lcu_quarterly_nsa_estimate,2010-Q2,quarterly,6313.086561475235,\N,estimated,IMF_QNEA,derived_per_capita|QNEA|B1GQ|Q|NSA|XDC|Q|population=SP.POP.TOTL_interpolated,NSA,\N
ROU,gdp_real_per_capita_lcu_quarterly_nsa_estimate,2010-Q3,quarterly,7099.505401986001,\N,estimated,IMF_QNEA,derived_per_capita|QNEA|B1GQ|Q|NSA|XDC|Q|population=SP.POP.TOTL_interpolated,NSA,\N
ROU,gdp_real_per_capita_lcu_quarterly_nsa_estimate,2010-Q4,quarterly,8148.381221005179,\N,estimated,IMF_QNEA,derived_per_capita|QNEA|B1GQ|Q|NSA|XDC|Q|population=SP.POP.TOTL_interpolated,NSA,\N
ROU,gdp_real_per_capita_lcu_quarterly_nsa_estimate,2011-Q1,quarterly,5342.515069191391,\N,estimated,IMF_QNEA,derived_per_capita|QNEA|B1GQ|Q|NSA|XDC|Q|population=SP.POP.TOTL_interpolated,NSA,\N
ROU,gdp_real_per_capita_lcu_quarterly_nsa_estimate,2011-Q2,quarterly,6564.32813958584,\N,estimated,IMF_QNEA,derived_per_capita|QNEA|B1GQ|Q|NSA|XDC|Q|population=SP.POP.TOTL_interpolated,NSA,\N
ROU,gdp_real_per_capita_lcu_quarterly_nsa_estimate,2011-Q3,quarterly,7827.817231755191,\N,estimated,IMF_QNEA,derived_per_capita|QNEA|B1GQ|Q|NSA|XDC|Q|population=SP.POP.TOTL_interpolated,NSA,\N
ROU,gdp_real_per_capita_lcu_quarterly_nsa_estimate,2011-Q4,quarterly,8300.013153160946,\N,estimated,IMF_QNEA,derived_per_capita|QNEA|B1GQ|Q|NSA|XDC|Q|population=SP.POP.TOTL_interpolated,NSA,\N
ROU,gdp_real_per_capita_lcu_quarterly_nsa_estimate,2012-Q1,quarterly,5677.321698597609,\N,estimated,IMF_QNEA,derived_per_capita|QNEA|B1GQ|Q|NSA|XDC|Q|population=SP.POP.TOTL_interpolated,NSA,\N
ROU,gdp_real_per_capita_lcu_quarterly_nsa_estimate,2012-Q2,quarterly,6787.8084040376925,\N,estimated,IMF_QNEA,derived_per_capita|QNEA|B1GQ|Q|NSA|XDC|Q|population=SP.POP.TOTL_interpolated,NSA,\N
ROU,gdp_real_per_capita_lcu_quarterly_nsa_estimate,2012-Q3,quarterly,7776.874219109681,\N,estimated,IMF_QNEA,derived_per_capita|QNEA|B1GQ|Q|NSA|XDC|Q|population=SP.POP.TOTL_interpolated,NSA,\N
ROU,gdp_real_per_capita_lcu_quarterly_nsa_estimate,2012-Q4,quarterly,8451.522897546969,\N,estimated,IMF_QNEA,derived_per_capita|QNEA|B1GQ|Q|NSA|XDC|Q|population=SP.POP.TOTL_interpolated,NSA,\N
ROU,gdp_real_per_capita_lcu_quarterly_nsa_estimate,2013-Q1,quarterly,5458.790369230002,\N,estimated,IMF_QNEA,derived_per_capita|QNEA|B1GQ|Q|NSA|XDC|Q|population=SP.POP.TOTL_interpolated,NSA,\N
ROU,gdp_real_per_capita_lcu_quarterly_nsa_estimate,2013-Q2,quarterly,6675.657351507891,\N,estimated,IMF_QNEA,derived_per_capita|QNEA|B1GQ|Q|NSA|XDC|Q|population=SP.POP.TOTL_interpolated,NSA,\N
ROU,gdp_real_per_capita_lcu_quarterly_nsa_estimate,2013-Q3,quarterly,7990.622748412073,\N,estimated,IMF_QNEA,derived_per_capita|QNEA|B1GQ|Q|NSA|XDC|Q|population=SP.POP.TOTL_interpolated,NSA,\N
ROU,gdp_real_per_capita_lcu_quarterly_nsa_estimate,2013-Q4,quarterly,8758.70053788383,\N,estimated,IMF_QNEA,derived_per_capita|QNEA|B1GQ|Q|NSA|XDC|Q|population=SP.POP.TOTL_interpolated,NSA,\N
ROU,gdp_real_per_capita_lcu_quarterly_nsa_estimate,2014-Q1,quarterly,5808.406361009213,\N,estimated,IMF_QNEA,derived_per_capita|QNEA|B1GQ|Q|NSA|XDC|Q|population=SP.POP.TOTL_interpolated,NSA,\N
ROU,gdp_real_per_capita_lcu_quarterly_nsa_estimate,2014-Q2,quarterly,6926.305033158108,\N,estimated,IMF_QNEA,derived_per_capita|QNEA|B1GQ|Q|NSA|XDC|Q|population=SP.POP.TOTL_interpolated,NSA,\N
ROU,gdp_real_per_capita_lcu_quarterly_nsa_estimate,2014-Q3,quarterly,8382.410639119289,\N,estimated,IMF_QNEA,derived_per_capita|QNEA|B1GQ|Q|NSA|XDC|Q|population=SP.POP.TOTL_interpolated,NSA,\N
ROU,gdp_real_per_capita_lcu_quarterly_nsa_estimate,2014-Q4,quarterly,9072.269540275181,\N,estimated,IMF_QNEA,derived_per_capita|QNEA|B1GQ|Q|NSA|XDC|Q|population=SP.POP.TOTL_interpolated,NSA,\N
RUS,gdp_real_per_capita_lcu_quarterly_nsa_estimate,2011-Q1,quarterly,128992.29486920281,\N,estimated,IMF_QNEA,derived_per_capita|QNEA|B1GQ|Q|NSA|XDC|Q|population=SP.POP.TOTL_interpolated,NSA,\N
RUS,gdp_real_per_capita_lcu_quarterly_nsa_estimate,2011-Q2,quarterly,137868.51503486696,\N,estimated,IMF_QNEA,derived_per_capita|QNEA|B1GQ|Q|NSA|XDC|Q|population=SP.POP.TOTL_interpolated,NSA,\N
RUS,gdp_real_per_capita_lcu_quarterly_nsa_estimate,2011-Q3,quarterly,146637.43166731947,\N,estimated,IMF_QNEA,derived_per_capita|QNEA|B1GQ|Q|NSA|XDC|Q|population=SP.POP.TOTL_interpolated,NSA,\N
RUS,gdp_real_per_capita_lcu_quarterly_nsa_estimate,2011-Q4,quarterly,157993.32365324374,\N,estimated,IMF_QNEA,derived_per_capita|QNEA|B1GQ|Q|NSA|XDC|Q|population=SP.POP.TOTL_interpolated,NSA,\N
RUS,gdp_real_per_capita_lcu_quarterly_nsa_estimate,2012-Q1,quarterly,136078.2735101093,\N,estimated,IMF_QNEA,derived_per_capita|QNEA|B1GQ|Q|NSA|XDC|Q|population=SP.POP.TOTL_interpolated,NSA,\N
RUS,gdp_real_per_capita_lcu_quarterly_nsa_estimate,2012-Q2,quarterly,144226.2917400444,\N,estimated,IMF_QNEA,derived_per_capita|QNEA|B1GQ|Q|NSA|XDC|Q|population=SP.POP.TOTL_interpolated,NSA,\N
RUS,gdp_real_per_capita_lcu_quarterly_nsa_estimate,2012-Q3,quarterly,151372.06711347427,\N,estimated,IMF_QNEA,derived_per_capita|QNEA|B1GQ|Q|NSA|XDC|Q|population=SP.POP.TOTL_interpolated,NSA,\N
RUS,gdp_real_per_capita_lcu_quarterly_nsa_estimate,2012-Q4,quarterly,161377.82004208345,\N,estimated,IMF_QNEA,derived_per_capita|QNEA|B1GQ|Q|NSA|XDC|Q|population=SP.POP.TOTL_interpolated,NSA,\N
RUS,gdp_real_per_capita_lcu_quarterly_nsa_estimate,2013-Q1,quarterly,137230.46419926808,\N,estimated,IMF_QNEA,derived_per_capita|QNEA|B1GQ|Q|NSA|XDC|Q|population=SP.POP.TOTL_interpolated,NSA,\N
RUS,gdp_real_per_capita_lcu_quarterly_nsa_estimate,2013-Q2,quarterly,146280.18268094576,\N,estimated,IMF_QNEA,derived_per_capita|QNEA|B1GQ|Q|NSA|XDC|Q|population=SP.POP.TOTL_interpolated,NSA,\N
RUS,gdp_real_per_capita_lcu_quarterly_nsa_estimate,2013-Q3,quarterly,153198.63690453113,\N,estimated,IMF_QNEA,derived_per_capita|QNEA|B1GQ|Q|NSA|XDC|Q|population=SP.POP.TOTL_interpolated,NSA,\N
RUS,gdp_real_per_capita_lcu_quarterly_nsa_estimate,2013-Q4,quarterly,164991.23349346546,\N,estimated,IMF_QNEA,derived_per_capita|QNEA|B1GQ|Q|NSA|XDC|Q|population=SP.POP.TOTL_interpolated,NSA,\N
RUS,gdp_real_per_capita_lcu_quarterly_nsa_estimate,2014-Q1,quarterly,195548.15589505102,\N,estimated,IMF_QNEA,derived_per_capita|QNEA|B1GQ|Q|NSA|XDC|Q|population=SP.POP.TOTL_interpolated,NSA,\N
RUS,gdp_real_per_capita_lcu_quarterly_nsa_estimate,2014-Q2,quarterly,211309.54007261724,\N,estimated,IMF_QNEA,derived_per_capita|QNEA|B1GQ|Q|NSA|XDC|Q|population=SP.POP.TOTL_interpolated,NSA,\N
RUS,gdp_real_per_capita_lcu_quarterly_nsa_estimate,2014-Q3,quarterly,220628.15824122145,\N,estimated,IMF_QNEA,derived_per_capita|QNEA|B1GQ|Q|NSA|XDC|Q|population=SP.POP.TOTL_interpolated,NSA,\N
RUS,gdp_real_per_capita_lcu_quarterly_nsa_estimate,2014-Q4,quarterly,235048.37624038363,\N,estimated,IMF_QNEA,derived_per_capita|QNEA|B1GQ|Q|NSA|XDC|Q|population=SP.POP.TOTL_interpolated,NSA,\N
RWA,gdp_real_per_capita_lcu_quarterly_nsa_estimate,2010-Q1,quarterly,116425.45338755939,\N,estimated,IMF_QNEA,derived_per_capita|QNEA|B1GQ|Q|NSA|XDC|Q|population=SP.POP.TOTL_interpolated,NSA,\N
RWA,gdp_real_per_capita_lcu_quarterly_nsa_estimate,2010-Q2,quarterly,115892.28497548282,\N,estimated,IMF_QNEA,derived_per_capita|QNEA|B1GQ|Q|NSA|XDC|Q|population=SP.POP.TOTL_interpolated,NSA,\N
RWA,gdp_real_per_capita_lcu_quarterly_nsa_estimate,2010-Q3,quarterly,120198.16658180811,\N,estimated,IMF_QNEA,derived_per_capita|QNEA|B1GQ|Q|NSA|XDC|Q|population=SP.POP.TOTL_interpolated,NSA,\N
RWA,gdp_real_per_capita_lcu_quarterly_nsa_estimate,2010-Q4,quarterly,124260.33769907402,\N,estimated,IMF_QNEA,derived_per_capita|QNEA|B1GQ|Q|NSA|XDC|Q|population=SP.POP.TOTL_interpolated,NSA,\N
RWA,gdp_real_per_capita_lcu_quarterly_nsa_estimate,2011-Q1,quarterly,123214.46986449415,\N,estimated,IMF_QNEA,derived_per_capita|QNEA|B1GQ|Q|NSA|XDC|Q|population=SP.POP.TOTL_interpolated,NSA,\N
RWA,gdp_real_per_capita_lcu_quarterly_nsa_estimate,2011-Q2,quarterly,119809.77849847043,\N,estimated,IMF_QNEA,derived_per_capita|QNEA|B1GQ|Q|NSA|XDC|Q|population=SP.POP.TOTL_interpolated,NSA,\N
RWA,gdp_real_per_capita_lcu_quarterly_nsa_estimate,2011-Q3,quarterly,129363.73972090999,\N,estimated,IMF_QNEA,derived_per_capita|QNEA|B1GQ|Q|NSA|XDC|Q|population=SP.POP.TOTL_interpolated,NSA,\N
RWA,gdp_real_per_capita_lcu_quarterly_nsa_estimate,2011-Q4,quarterly,129805.66826207361,\N,estimated,IMF_QNEA,derived_per_capita|QNEA|B1GQ|Q|NSA|XDC|Q|population=SP.POP.TOTL_interpolated,NSA,\N
RWA,gdp_real_per_capita_lcu_quarterly_nsa_estimate,2012-Q1,quarterly,130335.48671034536,\N,estimated,IMF_QNEA,derived_per_capita|QNEA|B1GQ|Q|NSA|XDC|Q|population=SP.POP.TOTL_interpolated,NSA,\N
RWA,gdp_real_per_capita_lcu_quarterly_nsa_estimate,2012-Q2,quarterly,129469.85889822817,\N,estimated,IMF_QNEA,derived_per_capita|QNEA|B1GQ|Q|NSA|XDC|Q|population=SP.POP.TOTL_interpolated,NSA,\N
RWA,gdp_real_per_capita_lcu_quarterly_nsa_estimate,2012-Q3,quarterly,135415.89820618468,\N,estimated,IMF_QNEA,derived_per_capita|QNEA|B1GQ|Q|NSA|XDC|Q|population=SP.POP.TOTL_interpolated,NSA,\N
RWA,gdp_real_per_capita_lcu_quarterly_nsa_estimate,2012-Q4,quarterly,137436.40949667746,\N,estimated,IMF_QNEA,derived_per_capita|QNEA|B1GQ|Q|NSA|XDC|Q|population=SP.POP.TOTL_interpolated,NSA,\N
RWA,gdp_real_per_capita_lcu_quarterly_nsa_estimate,2013-Q1,quarterly,133247.831883257,\N,estimated,IMF_QNEA,derived_per_capita|QNEA|B1GQ|Q|NSA|XDC|Q|population=SP.POP.TOTL_interpolated,NSA,\N
RWA,gdp_real_per_capita_lcu_quarterly_nsa_estimate,2013-Q2,quarterly,136432.55385161407,\N,estimated,IMF_QNEA,derived_per_capita|QNEA|B1GQ|Q|NSA|XDC|Q|population=SP.POP.TOTL_interpolated,NSA,\N
RWA,gdp_real_per_capita_lcu_quarterly_nsa_estimate,2013-Q3,quarterly,135522.94404903127,\N,estimated,IMF_QNEA,derived_per_capita|QNEA|B1GQ|Q|NSA|XDC|Q|population=SP.POP.TOTL_interpolated,NSA,\N
RWA,gdp_real_per_capita_lcu_quarterly_nsa_estimate,2013-Q4,quarterly,139346.41240099998,\N,estimated,IMF_QNEA,derived_per_capita|QNEA|B1GQ|Q|NSA|XDC|Q|population=SP.POP.TOTL_interpolated,NSA,\N
RWA,gdp_real_per_capita_lcu_quarterly_nsa_estimate,2014-Q1,quarterly,137885.40894582644,\N,estimated,IMF_QNEA,derived_per_capita|QNEA|B1GQ|Q|NSA|XDC|Q|population=SP.POP.TOTL_interpolated,NSA,\N
RWA,gdp_real_per_capita_lcu_quarterly_nsa_estimate,2014-Q2,quarterly,139177.80227902328,\N,estimated,IMF_QNEA,derived_per_capita|QNEA|B1GQ|Q|NSA|XDC|Q|population=SP.POP.TOTL_interpolated,NSA,\N
RWA,gdp_real_per_capita_lcu_quarterly_nsa_estimate,2014-Q3,quarterly,144045.6368509707,\N,estimated,IMF_QNEA,derived_per_capita|QNEA|B1GQ|Q|NSA|XDC|Q|population=SP.POP.TOTL_interpolated,NSA,\N
RWA,gdp_real_per_capita_lcu_quarterly_nsa_estimate,2014-Q4,quarterly,143268.45730511137,\N,estimated,IMF_QNEA,derived_per_capita|QNEA|B1GQ|Q|NSA|XDC|Q|population=SP.POP.TOTL_interpolated,NSA,\N
SAU,gdp_real_per_capita_lcu_quarterly_nsa_estimate,2010-Q1,quarterly,27544.38216977994,\N,estimated,IMF_QNEA,derived_per_capita|QNEA|B1GQ|Q|NSA|XDC|Q|population=SP.POP.TOTL_interpolated,NSA,\N
SAU,gdp_real_per_capita_lcu_quarterly_nsa_estimate,2010-Q2,quarterly,27975.228631470247,\N,estimated,IMF_QNEA,derived_per_capita|QNEA|B1GQ|Q|NSA|XDC|Q|population=SP.POP.TOTL_interpolated,NSA,\N
SAU,gdp_real_per_capita_lcu_quarterly_nsa_estimate,2010-Q3,quarterly,27993.42946192602,\N,estimated,IMF_QNEA,derived_per_capita|QNEA|B1GQ|Q|NSA|XDC|Q|population=SP.POP.TOTL_interpolated,NSA,\N
SAU,gdp_real_per_capita_lcu_quarterly_nsa_estimate,2010-Q4,quarterly,31109.315461882292,\N,estimated,IMF_QNEA,derived_per_capita|QNEA|B1GQ|Q|NSA|XDC|Q|population=SP.POP.TOTL_interpolated,NSA,\N
SAU,gdp_real_per_capita_lcu_quarterly_nsa_estimate,2011-Q1,quarterly,30099.435853415303,\N,estimated,IMF_QNEA,derived_per_capita|QNEA|B1GQ|Q|NSA|XDC|Q|population=SP.POP.TOTL_interpolated,NSA,\N
SAU,gdp_real_per_capita_lcu_quarterly_nsa_estimate,2011-Q2,quarterly,30518.98864068568,\N,estimated,IMF_QNEA,derived_per_capita|QNEA|B1GQ|Q|NSA|XDC|Q|population=SP.POP.TOTL_interpolated,NSA,\N
SAU,gdp_real_per_capita_lcu_quarterly_nsa_estimate,2011-Q3,quarterly,30788.665466902774,\N,estimated,IMF_QNEA,derived_per_capita|QNEA|B1GQ|Q|NSA|XDC|Q|population=SP.POP.TOTL_interpolated,NSA,\N
SAU,gdp_real_per_capita_lcu_quarterly_nsa_estimate,2011-Q4,quarterly,31900.192266435413,\N,estimated,IMF_QNEA,derived_per_capita|QNEA|B1GQ|Q|NSA|XDC|Q|population=SP.POP.TOTL_interpolated,NSA,\N
SAU,gdp_real_per_capita_lcu_quarterly_nsa_estimate,2012-Q1,quarterly,31675.271577117837,\N,estimated,IMF_QNEA,derived_per_capita|QNEA|B1GQ|Q|NSA|XDC|Q|population=SP.POP.TOTL_interpolated,NSA,\N
SAU,gdp_real_per_capita_lcu_quarterly_nsa_estimate,2012-Q2,quarterly,31315.648230017727,\N,estimated,IMF_QNEA,derived_per_capita|QNEA|B1GQ|Q|NSA|XDC|Q|population=SP.POP.TOTL_interpolated,NSA,\N
SAU,gdp_real_per_capita_lcu_quarterly_nsa_estimate,2012-Q3,quarterly,30989.24622322594,\N,estimated,IMF_QNEA,derived_per_capita|QNEA|B1GQ|Q|NSA|XDC|Q|population=SP.POP.TOTL_interpolated,NSA,\N
SAU,gdp_real_per_capita_lcu_quarterly_nsa_estimate,2012-Q4,quarterly,30864.01680785094,\N,estimated,IMF_QNEA,derived_per_capita|QNEA|B1GQ|Q|NSA|XDC|Q|population=SP.POP.TOTL_interpolated,NSA,\N
SAU,gdp_real_per_capita_lcu_quarterly_nsa_estimate,2013-Q1,quarterly,30261.76798793267,\N,estimated,IMF_QNEA,derived_per_capita|QNEA|B1GQ|Q|NSA|XDC|Q|population=SP.POP.TOTL_interpolated,NSA,\N
SAU,gdp_real_per_capita_lcu_quarterly_nsa_estimate,2013-Q2,quarterly,30286.22674889048,\N,estimated,IMF_QNEA,derived_per_capita|QNEA|B1GQ|Q|NSA|XDC|Q|population=SP.POP.TOTL_interpolated,NSA,\N
SAU,gdp_real_per_capita_lcu_quarterly_nsa_estimate,2013-Q3,quarterly,30701.312084271543,\N,estimated,IMF_QNEA,derived_per_capita|QNEA|B1GQ|Q|NSA|XDC|Q|population=SP.POP.TOTL_interpolated,NSA,\N
SAU,gdp_real_per_capita_lcu_quarterly_nsa_estimate,2013-Q4,quarterly,31118.597835866054,\N,estimated,IMF_QNEA,derived_per_capita|QNEA|B1GQ|Q|NSA|XDC|Q|population=SP.POP.TOTL_interpolated,NSA,\N
SAU,gdp_real_per_capita_lcu_quarterly_nsa_estimate,2014-Q1,quarterly,31235.588162194043,\N,estimated,IMF_QNEA,derived_per_capita|QNEA|B1GQ|Q|NSA|XDC|Q|population=SP.POP.TOTL_interpolated,NSA,\N
SAU,gdp_real_per_capita_lcu_quarterly_nsa_estimate,2014-Q2,quarterly,30691.81673511297,\N,estimated,IMF_QNEA,derived_per_capita|QNEA|B1GQ|Q|NSA|XDC|Q|population=SP.POP.TOTL_interpolated,NSA,\N
SAU,gdp_real_per_capita_lcu_quarterly_nsa_estimate,2014-Q3,quarterly,30566.192112964287,\N,estimated,IMF_QNEA,derived_per_capita|QNEA|B1GQ|Q|NSA|XDC|Q|population=SP.POP.TOTL_interpolated,NSA,\N
SAU,gdp_real_per_capita_lcu_quarterly_nsa_estimate,2014-Q4,quarterly,30856.149408028974,\N,estimated,IMF_QNEA,derived_per_capita|QNEA|B1GQ|Q|NSA|XDC|Q|population=SP.POP.TOTL_interpolated,NSA,\N
SGP,gdp_real_per_capita_lcu_quarterly_nsa_estimate,2010-Q1,quarterly,16001.158369131464,\N,estimated,IMF_QNEA,derived_per_capita|QNEA|B1GQ|Q|NSA|XDC|Q|population=SP.POP.TOTL_interpolated,NSA,\N
SGP,gdp_real_per_capita_lcu_quarterly_nsa_estimate,2010-Q2,quarterly,17159.708806706192,\N,estimated,IMF_QNEA,derived_per_capita|QNEA|B1GQ|Q|NSA|XDC|Q|population=SP.POP.TOTL_interpolated,NSA,\N
SGP,gdp_real_per_capita_lcu_quarterly_nsa_estimate,2010-Q3,quarterly,16735.127973381277,\N,estimated,IMF_QNEA,derived_per_capita|QNEA|B1GQ|Q|NSA|XDC|Q|population=SP.POP.TOTL_interpolated,NSA,\N
SGP,gdp_real_per_capita_lcu_quarterly_nsa_estimate,2010-Q4,quarterly,17093.477899105903,\N,estimated,IMF_QNEA,derived_per_capita|QNEA|B1GQ|Q|NSA|XDC|Q|population=SP.POP.TOTL_interpolated,NSA,\N
SGP,gdp_real_per_capita_lcu_quarterly_nsa_estimate,2011-Q1,quarterly,17125.427924269472,\N,estimated,IMF_QNEA,derived_per_capita|QNEA|B1GQ|Q|NSA|XDC|Q|population=SP.POP.TOTL_interpolated,NSA,\N
SGP,gdp_real_per_capita_lcu_quarterly_nsa_estimate,2011-Q2,quarterly,17302.763843271936,\N,estimated,IMF_QNEA,derived_per_capita|QNEA|B1GQ|Q|NSA|XDC|Q|population=SP.POP.TOTL_interpolated,NSA,\N
SGP,gdp_real_per_capita_lcu_quarterly_nsa_estimate,2011-Q3,quarterly,17652.12591980726,\N,estimated,IMF_QNEA,derived_per_capita|QNEA|B1GQ|Q|NSA|XDC|Q|population=SP.POP.TOTL_interpolated,NSA,\N
SGP,gdp_real_per_capita_lcu_quarterly_nsa_estimate,2011-Q4,quarterly,17600.314948356798,\N,estimated,IMF_QNEA,derived_per_capita|QNEA|B1GQ|Q|NSA|XDC|Q|population=SP.POP.TOTL_interpolated,NSA,\N
SGP,gdp_real_per_capita_lcu_quarterly_nsa_estimate,2012-Q1,quarterly,17543.989541153664,\N,estimated,IMF_QNEA,derived_per_capita|QNEA|B1GQ|Q|NSA|XDC|Q|population=SP.POP.TOTL_interpolated,NSA,\N
SGP,gdp_real_per_capita_lcu_quarterly_nsa_estimate,2012-Q2,quarterly,17933.674853549313,\N,estimated,IMF_QNEA,derived_per_capita|QNEA|B1GQ|Q|NSA|XDC|Q|population=SP.POP.TOTL_interpolated,NSA,\N
SGP,gdp_real_per_capita_lcu_quarterly_nsa_estimate,2012-Q3,quarterly,17593.784618738537,\N,estimated,IMF_QNEA,derived_per_capita|QNEA|B1GQ|Q|NSA|XDC|Q|population=SP.POP.TOTL_interpolated,NSA,\N
SGP,gdp_real_per_capita_lcu_quarterly_nsa_estimate,2012-Q4,quarterly,18046.013497157168,\N,estimated,IMF_QNEA,derived_per_capita|QNEA|B1GQ|Q|NSA|XDC|Q|population=SP.POP.TOTL_interpolated,NSA,\N
SGP,gdp_real_per_capita_lcu_quarterly_nsa_estimate,2013-Q1,quarterly,17799.404799851378,\N,estimated,IMF_QNEA,derived_per_capita|QNEA|B1GQ|Q|NSA|XDC|Q|population=SP.POP.TOTL_interpolated,NSA,\N
SGP,gdp_real_per_capita_lcu_quarterly_nsa_estimate,2013-Q2,quarterly,18439.638819798492,\N,estimated,IMF_QNEA,derived_per_capita|QNEA|B1GQ|Q|NSA|XDC|Q|population=SP.POP.TOTL_interpolated,NSA,\N
SGP,gdp_real_per_capita_lcu_quarterly_nsa_estimate,2013-Q3,quarterly,18377.501146569037,\N,estimated,IMF_QNEA,derived_per_capita|QNEA|B1GQ|Q|NSA|XDC|Q|population=SP.POP.TOTL_interpolated,NSA,\N
SGP,gdp_real_per_capita_lcu_quarterly_nsa_estimate,2013-Q4,quarterly,18682.869169258036,\N,estimated,IMF_QNEA,derived_per_capita|QNEA|B1GQ|Q|NSA|XDC|Q|population=SP.POP.TOTL_interpolated,NSA,\N
SGP,gdp_real_per_capita_lcu_quarterly_nsa_estimate,2014-Q1,quarterly,18299.81307628287,\N,estimated,IMF_QNEA,derived_per_capita|QNEA|B1GQ|Q|NSA|XDC|Q|population=SP.POP.TOTL_interpolated,NSA,\N
SGP,gdp_real_per_capita_lcu_quarterly_nsa_estimate,2014-Q2,quarterly,18795.973102437485,\N,estimated,IMF_QNEA,derived_per_capita|QNEA|B1GQ|Q|NSA|XDC|Q|population=SP.POP.TOTL_interpolated,NSA,\N
SGP,gdp_real_per_capita_lcu_quarterly_nsa_estimate,2014-Q3,quarterly,18806.149363794,\N,estimated,IMF_QNEA,derived_per_capita|QNEA|B1GQ|Q|NSA|XDC|Q|population=SP.POP.TOTL_interpolated,NSA,\N
SGP,gdp_real_per_capita_lcu_quarterly_nsa_estimate,2014-Q4,quarterly,19280.648199536485,\N,estimated,IMF_QNEA,derived_per_capita|QNEA|B1GQ|Q|NSA|XDC|Q|population=SP.POP.TOTL_interpolated,NSA,\N
SLV,gdp_real_per_capita_lcu_quarterly_nsa_estimate,2010-Q1,quarterly,814.8059390966455,\N,estimated,IMF_QNEA,derived_per_capita|QNEA|B1GQ|Q|NSA|XDC|Q|population=SP.POP.TOTL_interpolated,NSA,\N
SLV,gdp_real_per_capita_lcu_quarterly_nsa_estimate,2010-Q2,quarterly,843.6762455524486,\N,estimated,IMF_QNEA,derived_per_capita|QNEA|B1GQ|Q|NSA|XDC|Q|population=SP.POP.TOTL_interpolated,NSA,\N
SLV,gdp_real_per_capita_lcu_quarterly_nsa_estimate,2010-Q3,quarterly,820.7240530971262,\N,estimated,IMF_QNEA,derived_per_capita|QNEA|B1GQ|Q|NSA|XDC|Q|population=SP.POP.TOTL_interpolated,NSA,\N
SLV,gdp_real_per_capita_lcu_quarterly_nsa_estimate,2010-Q4,quarterly,875.2041218334807,\N,estimated,IMF_QNEA,derived_per_capita|QNEA|B1GQ|Q|NSA|XDC|Q|population=SP.POP.TOTL_interpolated,NSA,\N
SLV,gdp_real_per_capita_lcu_quarterly_nsa_estimate,2011-Q1,quarterly,840.8964645845313,\N,estimated,IMF_QNEA,derived_per_capita|QNEA|B1GQ|Q|NSA|XDC|Q|population=SP.POP.TOTL_interpolated,NSA,\N
SLV,gdp_real_per_capita_lcu_quarterly_nsa_estimate,2011-Q2,quarterly,880.7940743706553,\N,estimated,IMF_QNEA,derived_per_capita|QNEA|B1GQ|Q|NSA|XDC|Q|population=SP.POP.TOTL_interpolated,NSA,\N
SLV,gdp_real_per_capita_lcu_quarterly_nsa_estimate,2011-Q3,quarterly,852.9513237346523,\N,estimated,IMF_QNEA,derived_per_capita|QNEA|B1GQ|Q|NSA|XDC|Q|population=SP.POP.TOTL_interpolated,NSA,\N
SLV,gdp_real_per_capita_lcu_quarterly_nsa_estimate,2011-Q4,quarterly,895.1266128854465,\N,estimated,IMF_QNEA,derived_per_capita|QNEA|B1GQ|Q|NSA|XDC|Q|population=SP.POP.TOTL_interpolated,NSA,\N
SLV,gdp_real_per_capita_lcu_quarterly_nsa_estimate,2012-Q1,quarterly,862.0597994082209,\N,estimated,IMF_QNEA,derived_per_capita|QNEA|B1GQ|Q|NSA|XDC|Q|population=SP.POP.TOTL_interpolated,NSA,\N
SLV,gdp_real_per_capita_lcu_quarterly_nsa_estimate,2012-Q2,quarterly,902.8122542781666,\N,estimated,IMF_QNEA,derived_per_capita|QNEA|B1GQ|Q|NSA|XDC|Q|population=SP.POP.TOTL_interpolated,NSA,\N
SLV,gdp_real_per_capita_lcu_quarterly_nsa_estimate,2012-Q3,quarterly,873.9476304323907,\N,estimated,IMF_QNEA,derived_per_capita|QNEA|B1GQ|Q|NSA|XDC|Q|population=SP.POP.TOTL_interpolated,NSA,\N
SLV,gdp_real_per_capita_lcu_quarterly_nsa_estimate,2012-Q4,quarterly,914.7460992662207,\N,estimated,IMF_QNEA,derived_per_capita|QNEA|B1GQ|Q|NSA|XDC|Q|population=SP.POP.TOTL_interpolated,NSA,\N
SLV,gdp_real_per_capita_lcu_quarterly_nsa_estimate,2013-Q1,quarterly,862.7098499644491,\N,estimated,IMF_QNEA,derived_per_capita|QNEA|B1GQ|Q|NSA|XDC|Q|population=SP.POP.TOTL_interpolated,NSA,\N
SLV,gdp_real_per_capita_lcu_quarterly_nsa_estimate,2013-Q2,quarterly,917.3907234197409,\N,estimated,IMF_QNEA,derived_per_capita|QNEA|B1GQ|Q|NSA|XDC|Q|population=SP.POP.TOTL_interpolated,NSA,\N
SLV,gdp_real_per_capita_lcu_quarterly_nsa_estimate,2013-Q3,quarterly,901.3723887108428,\N,estimated,IMF_QNEA,derived_per_capita|QNEA|B1GQ|Q|NSA|XDC|Q|population=SP.POP.TOTL_interpolated,NSA,\N
SLV,gdp_real_per_capita_lcu_quarterly_nsa_estimate,2013-Q4,quarterly,937.0218374368247,\N,estimated,IMF_QNEA,derived_per_capita|QNEA|B1GQ|Q|NSA|XDC|Q|population=SP.POP.TOTL_interpolated,NSA,\N
SLV,gdp_real_per_capita_lcu_quarterly_nsa_estimate,2014-Q1,quarterly,897.0642975204664,\N,estimated,IMF_QNEA,derived_per_capita|QNEA|B1GQ|Q|NSA|XDC|Q|population=SP.POP.TOTL_interpolated,NSA,\N
SLV,gdp_real_per_capita_lcu_quarterly_nsa_estimate,2014-Q2,quarterly,932.1198514219333,\N,estimated,IMF_QNEA,derived_per_capita|QNEA|B1GQ|Q|NSA|XDC|Q|population=SP.POP.TOTL_interpolated,NSA,\N
SLV,gdp_real_per_capita_lcu_quarterly_nsa_estimate,2014-Q3,quarterly,903.3596855334425,\N,estimated,IMF_QNEA,derived_per_capita|QNEA|B1GQ|Q|NSA|XDC|Q|population=SP.POP.TOTL_interpolated,NSA,\N
SLV,gdp_real_per_capita_lcu_quarterly_nsa_estimate,2014-Q4,quarterly,933.6844568291973,\N,estimated,IMF_QNEA,derived_per_capita|QNEA|B1GQ|Q|NSA|XDC|Q|population=SP.POP.TOTL_interpolated,NSA,\N
SRB,gdp_real_per_capita_lcu_quarterly_nsa_estimate,2010-Q1,quarterly,107224.56388424974,\N,estimated,IMF_QNEA,derived_per_capita|QNEA|B1GQ|Q|NSA|XDC|Q|population=SP.POP.TOTL_interpolated,NSA,\N
SRB,gdp_real_per_capita_lcu_quarterly_nsa_estimate,2010-Q2,quarterly,114085.78125789821,\N,estimated,IMF_QNEA,derived_per_capita|QNEA|B1GQ|Q|NSA|XDC|Q|population=SP.POP.TOTL_interpolated,NSA,\N
SRB,gdp_real_per_capita_lcu_quarterly_nsa_estimate,2010-Q3,quarterly,119879.10393027621,\N,estimated,IMF_QNEA,derived_per_capita|QNEA|B1GQ|Q|NSA|XDC|Q|population=SP.POP.TOTL_interpolated,NSA,\N
SRB,gdp_real_per_capita_lcu_quarterly_nsa_estimate,2010-Q4,quarterly,123165.4239570124,\N,estimated,IMF_QNEA,derived_per_capita|QNEA|B1GQ|Q|NSA|XDC|Q|population=SP.POP.TOTL_interpolated,NSA,\N
SRB,gdp_real_per_capita_lcu_quarterly_nsa_estimate,2011-Q1,quarterly,109817.89714627113,\N,estimated,IMF_QNEA,derived_per_capita|QNEA|B1GQ|Q|NSA|XDC|Q|population=SP.POP.TOTL_interpolated,NSA,\N
SRB,gdp_real_per_capita_lcu_quarterly_nsa_estimate,2011-Q2,quarterly,115515.34296763137,\N,estimated,IMF_QNEA,derived_per_capita|QNEA|B1GQ|Q|NSA|XDC|Q|population=SP.POP.TOTL_interpolated,NSA,\N
SRB,gdp_real_per_capita_lcu_quarterly_nsa_estimate,2011-Q3,quarterly,119640.38522327256,\N,estimated,IMF_QNEA,derived_per_capita|QNEA|B1GQ|Q|NSA|XDC|Q|population=SP.POP.TOTL_interpolated,NSA,\N
SRB,gdp_real_per_capita_lcu_quarterly_nsa_estimate,2011-Q4,quarterly,122788.9416524834,\N,estimated,IMF_QNEA,derived_per_capita|QNEA|B1GQ|Q|NSA|XDC|Q|population=SP.POP.TOTL_interpolated,NSA,\N
SRB,gdp_real_per_capita_lcu_quarterly_nsa_estimate,2012-Q1,quarterly,108053.66893175572,\N,estimated,IMF_QNEA,derived_per_capita|QNEA|B1GQ|Q|NSA|XDC|Q|population=SP.POP.TOTL_interpolated,NSA,\N
SRB,gdp_real_per_capita_lcu_quarterly_nsa_estimate,2012-Q2,quarterly,116992.12935746074,\N,estimated,IMF_QNEA,derived_per_capita|QNEA|B1GQ|Q|NSA|XDC|Q|population=SP.POP.TOTL_interpolated,NSA,\N
SRB,gdp_real_per_capita_lcu_quarterly_nsa_estimate,2012-Q3,quarterly,119564.94325740583,\N,estimated,IMF_QNEA,derived_per_capita|QNEA|B1GQ|Q|NSA|XDC|Q|population=SP.POP.TOTL_interpolated,NSA,\N
SRB,gdp_real_per_capita_lcu_quarterly_nsa_estimate,2012-Q4,quarterly,123495.86081477182,\N,estimated,IMF_QNEA,derived_per_capita|QNEA|B1GQ|Q|NSA|XDC|Q|population=SP.POP.TOTL_interpolated,NSA,\N
SRB,gdp_real_per_capita_lcu_quarterly_nsa_estimate,2013-Q1,quarterly,108963.35777158714,\N,estimated,IMF_QNEA,derived_per_capita|QNEA|B1GQ|Q|NSA|XDC|Q|population=SP.POP.TOTL_interpolated,NSA,\N
SRB,gdp_real_per_capita_lcu_quarterly_nsa_estimate,2013-Q2,quarterly,116556.92062734898,\N,estimated,IMF_QNEA,derived_per_capita|QNEA|B1GQ|Q|NSA|XDC|Q|population=SP.POP.TOTL_interpolated,NSA,\N
SRB,gdp_real_per_capita_lcu_quarterly_nsa_estimate,2013-Q3,quarterly,122464.37667374538,\N,estimated,IMF_QNEA,derived_per_capita|QNEA|B1GQ|Q|NSA|XDC|Q|population=SP.POP.TOTL_interpolated,NSA,\N
SRB,gdp_real_per_capita_lcu_quarterly_nsa_estimate,2013-Q4,quarterly,124529.7931683662,\N,estimated,IMF_QNEA,derived_per_capita|QNEA|B1GQ|Q|NSA|XDC|Q|population=SP.POP.TOTL_interpolated,NSA,\N
SRB,gdp_real_per_capita_lcu_quarterly_nsa_estimate,2014-Q1,quarterly,110265.94558222339,\N,estimated,IMF_QNEA,derived_per_capita|QNEA|B1GQ|Q|NSA|XDC|Q|population=SP.POP.TOTL_interpolated,NSA,\N
SRB,gdp_real_per_capita_lcu_quarterly_nsa_estimate,2014-Q2,quarterly,116182.74012844003,\N,estimated,IMF_QNEA,derived_per_capita|QNEA|B1GQ|Q|NSA|XDC|Q|population=SP.POP.TOTL_interpolated,NSA,\N
SRB,gdp_real_per_capita_lcu_quarterly_nsa_estimate,2014-Q3,quarterly,117353.85233524522,\N,estimated,IMF_QNEA,derived_per_capita|QNEA|B1GQ|Q|NSA|XDC|Q|population=SP.POP.TOTL_interpolated,NSA,\N
SRB,gdp_real_per_capita_lcu_quarterly_nsa_estimate,2014-Q4,quarterly,122455.11569084629,\N,estimated,IMF_QNEA,derived_per_capita|QNEA|B1GQ|Q|NSA|XDC|Q|population=SP.POP.TOTL_interpolated,NSA,\N
SVK,gdp_real_per_capita_lcu_quarterly_nsa_estimate,2010-Q1,quarterly,2930.1246836840905,\N,estimated,IMF_QNEA,derived_per_capita|QNEA|B1GQ|Q|NSA|XDC|Q|population=SP.POP.TOTL_interpolated,NSA,\N
SVK,gdp_real_per_capita_lcu_quarterly_nsa_estimate,2010-Q2,quarterly,3160.441530540294,\N,estimated,IMF_QNEA,derived_per_capita|QNEA|B1GQ|Q|NSA|XDC|Q|population=SP.POP.TOTL_interpolated,NSA,\N
SVK,gdp_real_per_capita_lcu_quarterly_nsa_estimate,2010-Q3,quarterly,3371.0822352715145,\N,estimated,IMF_QNEA,derived_per_capita|QNEA|B1GQ|Q|NSA|XDC|Q|population=SP.POP.TOTL_interpolated,NSA,\N
SVK,gdp_real_per_capita_lcu_quarterly_nsa_estimate,2010-Q4,quarterly,3285.0160713055984,\N,estimated,IMF_QNEA,derived_per_capita|QNEA|B1GQ|Q|NSA|XDC|Q|population=SP.POP.TOTL_interpolated,NSA,\N
SVK,gdp_real_per_capita_lcu_quarterly_nsa_estimate,2011-Q1,quarterly,2998.686079947544,\N,estimated,IMF_QNEA,derived_per_capita|QNEA|B1GQ|Q|NSA|XDC|Q|population=SP.POP.TOTL_interpolated,NSA,\N
SVK,gdp_real_per_capita_lcu_quarterly_nsa_estimate,2011-Q2,quarterly,3246.681827025754,\N,estimated,IMF_QNEA,derived_per_capita|QNEA|B1GQ|Q|NSA|XDC|Q|population=SP.POP.TOTL_interpolated,NSA,\N
SVK,gdp_real_per_capita_lcu_quarterly_nsa_estimate,2011-Q3,quarterly,3435.060814321571,\N,estimated,IMF_QNEA,derived_per_capita|QNEA|B1GQ|Q|NSA|XDC|Q|population=SP.POP.TOTL_interpolated,NSA,\N
SVK,gdp_real_per_capita_lcu_quarterly_nsa_estimate,2011-Q4,quarterly,3375.8579436442596,\N,estimated,IMF_QNEA,derived_per_capita|QNEA|B1GQ|Q|NSA|XDC|Q|population=SP.POP.TOTL_interpolated,NSA,\N
SVK,gdp_real_per_capita_lcu_quarterly_nsa_estimate,2012-Q1,quarterly,3067.2279428458514,\N,estimated,IMF_QNEA,derived_per_capita|QNEA|B1GQ|Q|NSA|XDC|Q|population=SP.POP.TOTL_interpolated,NSA,\N
SVK,gdp_real_per_capita_lcu_quarterly_nsa_estimate,2012-Q2,quarterly,3305.9659764741687,\N,estimated,IMF_QNEA,derived_per_capita|QNEA|B1GQ|Q|NSA|XDC|Q|population=SP.POP.TOTL_interpolated,NSA,\N
SVK,gdp_real_per_capita_lcu_quarterly_nsa_estimate,2012-Q3,quarterly,3487.221309876388,\N,estimated,IMF_QNEA,derived_per_capita|QNEA|B1GQ|Q|NSA|XDC|Q|population=SP.POP.TOTL_interpolated,NSA,\N
SVK,gdp_real_per_capita_lcu_quarterly_nsa_estimate,2012-Q4,quarterly,3379.9533447443155,\N,estimated,IMF_QNEA,derived_per_capita|QNEA|B1GQ|Q|NSA|XDC|Q|population=SP.POP.TOTL_interpolated,NSA,\N
SVK,gdp_real_per_capita_lcu_quarterly_nsa_estimate,2013-Q1,quarterly,3071.9191367097887,\N,estimated,IMF_QNEA,derived_per_capita|QNEA|B1GQ|Q|NSA|XDC|Q|population=SP.POP.TOTL_interpolated,NSA,\N
SVK,gdp_real_per_capita_lcu_quarterly_nsa_estimate,2013-Q2,quarterly,3317.5334602040166,\N,estimated,IMF_QNEA,derived_per_capita|QNEA|B1GQ|Q|NSA|XDC|Q|population=SP.POP.TOTL_interpolated,NSA,\N
SVK,gdp_real_per_capita_lcu_quarterly_nsa_estimate,2013-Q3,quarterly,3509.012630114979,\N,estimated,IMF_QNEA,derived_per_capita|QNEA|B1GQ|Q|NSA|XDC|Q|population=SP.POP.TOTL_interpolated,NSA,\N
SVK,gdp_real_per_capita_lcu_quarterly_nsa_estimate,2013-Q4,quarterly,3419.885321024035,\N,estimated,IMF_QNEA,derived_per_capita|QNEA|B1GQ|Q|NSA|XDC|Q|population=SP.POP.TOTL_interpolated,NSA,\N
SVK,gdp_real_per_capita_lcu_quarterly_nsa_estimate,2014-Q1,quarterly,3148.775999906216,\N,estimated,IMF_QNEA,derived_per_capita|QNEA|B1GQ|Q|NSA|XDC|Q|population=SP.POP.TOTL_interpolated,NSA,\N
SVK,gdp_real_per_capita_lcu_quarterly_nsa_estimate,2014-Q2,quarterly,3402.0666348021555,\N,estimated,IMF_QNEA,derived_per_capita|QNEA|B1GQ|Q|NSA|XDC|Q|population=SP.POP.TOTL_interpolated,NSA,\N
SVK,gdp_real_per_capita_lcu_quarterly_nsa_estimate,2014-Q3,quarterly,3598.590299128503,\N,estimated,IMF_QNEA,derived_per_capita|QNEA|B1GQ|Q|NSA|XDC|Q|population=SP.POP.TOTL_interpolated,NSA,\N
SVK,gdp_real_per_capita_lcu_quarterly_nsa_estimate,2014-Q4,quarterly,3516.1682997798575,\N,estimated,IMF_QNEA,derived_per_capita|QNEA|B1GQ|Q|NSA|XDC|Q|population=SP.POP.TOTL_interpolated,NSA,\N
SVN,gdp_real_per_capita_lcu_quarterly_nsa_estimate,2010-Q1,quarterly,4164.803294380697,\N,estimated,IMF_QNEA,derived_per_capita|QNEA|B1GQ|Q|NSA|XDC|Q|population=SP.POP.TOTL_interpolated,NSA,\N
SVN,gdp_real_per_capita_lcu_quarterly_nsa_estimate,2010-Q2,quarterly,4509.211270745891,\N,estimated,IMF_QNEA,derived_per_capita|QNEA|B1GQ|Q|NSA|XDC|Q|population=SP.POP.TOTL_interpolated,NSA,\N
SVN,gdp_real_per_capita_lcu_quarterly_nsa_estimate,2010-Q3,quarterly,4470.008215251898,\N,estimated,IMF_QNEA,derived_per_capita|QNEA|B1GQ|Q|NSA|XDC|Q|population=SP.POP.TOTL_interpolated,NSA,\N
SVN,gdp_real_per_capita_lcu_quarterly_nsa_estimate,2010-Q4,quarterly,4458.496646027021,\N,estimated,IMF_QNEA,derived_per_capita|QNEA|B1GQ|Q|NSA|XDC|Q|population=SP.POP.TOTL_interpolated,NSA,\N
SVN,gdp_real_per_capita_lcu_quarterly_nsa_estimate,2011-Q1,quarterly,4288.321059570881,\N,estimated,IMF_QNEA,derived_per_capita|QNEA|B1GQ|Q|NSA|XDC|Q|population=SP.POP.TOTL_interpolated,NSA,\N
SVN,gdp_real_per_capita_lcu_quarterly_nsa_estimate,2011-Q2,quarterly,4497.469498889179,\N,estimated,IMF_QNEA,derived_per_capita|QNEA|B1GQ|Q|NSA|XDC|Q|population=SP.POP.TOTL_interpolated,NSA,\N
SVN,gdp_real_per_capita_lcu_quarterly_nsa_estimate,2011-Q3,quarterly,4466.150886159788,\N,estimated,IMF_QNEA,derived_per_capita|QNEA|B1GQ|Q|NSA|XDC|Q|population=SP.POP.TOTL_interpolated,NSA,\N
SVN,gdp_real_per_capita_lcu_quarterly_nsa_estimate,2011-Q4,quarterly,4424.395453017737,\N,estimated,IMF_QNEA,derived_per_capita|QNEA|B1GQ|Q|NSA|XDC|Q|population=SP.POP.TOTL_interpolated,NSA,\N
SVN,gdp_real_per_capita_lcu_quarterly_nsa_estimate,2012-Q1,quarterly,4239.54569175358,\N,estimated,IMF_QNEA,derived_per_capita|QNEA|B1GQ|Q|NSA|XDC|Q|population=SP.POP.TOTL_interpolated,NSA,\N
SVN,gdp_real_per_capita_lcu_quarterly_nsa_estimate,2012-Q2,quarterly,4325.4278022745575,\N,estimated,IMF_QNEA,derived_per_capita|QNEA|B1GQ|Q|NSA|XDC|Q|population=SP.POP.TOTL_interpolated,NSA,\N
SVN,gdp_real_per_capita_lcu_quarterly_nsa_estimate,2012-Q3,quarterly,4332.456502665299,\N,estimated,IMF_QNEA,derived_per_capita|QNEA|B1GQ|Q|NSA|XDC|Q|population=SP.POP.TOTL_interpolated,NSA,\N
SVN,gdp_real_per_capita_lcu_quarterly_nsa_estimate,2012-Q4,quarterly,4229.275704688073,\N,estimated,IMF_QNEA,derived_per_capita|QNEA|B1GQ|Q|NSA|XDC|Q|population=SP.POP.TOTL_interpolated,NSA,\N
SVN,gdp_real_per_capita_lcu_quarterly_nsa_estimate,2013-Q1,quarterly,4048.007936256416,\N,estimated,IMF_QNEA,derived_per_capita|QNEA|B1GQ|Q|NSA|XDC|Q|population=SP.POP.TOTL_interpolated,NSA,\N
SVN,gdp_real_per_capita_lcu_quarterly_nsa_estimate,2013-Q2,quarterly,4288.395720293284,\N,estimated,IMF_QNEA,derived_per_capita|QNEA|B1GQ|Q|NSA|XDC|Q|population=SP.POP.TOTL_interpolated,NSA,\N
SVN,gdp_real_per_capita_lcu_quarterly_nsa_estimate,2013-Q3,quarterly,4286.083810414381,\N,estimated,IMF_QNEA,derived_per_capita|QNEA|B1GQ|Q|NSA|XDC|Q|population=SP.POP.TOTL_interpolated,NSA,\N
SVN,gdp_real_per_capita_lcu_quarterly_nsa_estimate,2013-Q4,quarterly,4339.186486716825,\N,estimated,IMF_QNEA,derived_per_capita|QNEA|B1GQ|Q|NSA|XDC|Q|population=SP.POP.TOTL_interpolated,NSA,\N
SVN,gdp_real_per_capita_lcu_quarterly_nsa_estimate,2014-Q1,quarterly,4140.868059988021,\N,estimated,IMF_QNEA,derived_per_capita|QNEA|B1GQ|Q|NSA|XDC|Q|population=SP.POP.TOTL_interpolated,NSA,\N
SVN,gdp_real_per_capita_lcu_quarterly_nsa_estimate,2014-Q2,quarterly,4420.10152000632,\N,estimated,IMF_QNEA,derived_per_capita|QNEA|B1GQ|Q|NSA|XDC|Q|population=SP.POP.TOTL_interpolated,NSA,\N
SVN,gdp_real_per_capita_lcu_quarterly_nsa_estimate,2014-Q3,quarterly,4433.911037690747,\N,estimated,IMF_QNEA,derived_per_capita|QNEA|B1GQ|Q|NSA|XDC|Q|population=SP.POP.TOTL_interpolated,NSA,\N
SVN,gdp_real_per_capita_lcu_quarterly_nsa_estimate,2014-Q4,quarterly,4418.01287900913,\N,estimated,IMF_QNEA,derived_per_capita|QNEA|B1GQ|Q|NSA|XDC|Q|population=SP.POP.TOTL_interpolated,NSA,\N
SWE,gdp_real_per_capita_lcu_quarterly_nsa_estimate,2010-Q1,quarterly,89329.58852046117,\N,estimated,IMF_QNEA,derived_per_capita|QNEA|B1GQ|Q|NSA|XDC|Q|population=SP.POP.TOTL_interpolated,NSA,\N
SWE,gdp_real_per_capita_lcu_quarterly_nsa_estimate,2010-Q2,quarterly,97467.476622524,\N,estimated,IMF_QNEA,derived_per_capita|QNEA|B1GQ|Q|NSA|XDC|Q|population=SP.POP.TOTL_interpolated,NSA,\N
SWE,gdp_real_per_capita_lcu_quarterly_nsa_estimate,2010-Q3,quarterly,89392.67680734344,\N,estimated,IMF_QNEA,derived_per_capita|QNEA|B1GQ|Q|NSA|XDC|Q|population=SP.POP.TOTL_interpolated,NSA,\N
SWE,gdp_real_per_capita_lcu_quarterly_nsa_estimate,2010-Q4,quarterly,102523.81112514643,\N,estimated,IMF_QNEA,derived_per_capita|QNEA|B1GQ|Q|NSA|XDC|Q|population=SP.POP.TOTL_interpolated,NSA,\N
SWE,gdp_real_per_capita_lcu_quarterly_nsa_estimate,2011-Q1,quarterly,94828.40087797733,\N,estimated,IMF_QNEA,derived_per_capita|QNEA|B1GQ|Q|NSA|XDC|Q|population=SP.POP.TOTL_interpolated,NSA,\N
SWE,gdp_real_per_capita_lcu_quarterly_nsa_estimate,2011-Q2,quarterly,100181.82957104148,\N,estimated,IMF_QNEA,derived_per_capita|QNEA|B1GQ|Q|NSA|XDC|Q|population=SP.POP.TOTL_interpolated,NSA,\N
SWE,gdp_real_per_capita_lcu_quarterly_nsa_estimate,2011-Q3,quarterly,91683.83721938709,\N,estimated,IMF_QNEA,derived_per_capita|QNEA|B1GQ|Q|NSA|XDC|Q|population=SP.POP.TOTL_interpolated,NSA,\N
SWE,gdp_real_per_capita_lcu_quarterly_nsa_estimate,2011-Q4,quarterly,101045.70278076065,\N,estimated,IMF_QNEA,derived_per_capita|QNEA|B1GQ|Q|NSA|XDC|Q|population=SP.POP.TOTL_interpolated,NSA,\N
SWE,gdp_real_per_capita_lcu_quarterly_nsa_estimate,2012-Q1,quarterly,94293.03278314961,\N,estimated,IMF_QNEA,derived_per_capita|QNEA|B1GQ|Q|NSA|XDC|Q|population=SP.POP.TOTL_interpolated,NSA,\N
SWE,gdp_real_per_capita_lcu_quarterly_nsa_estimate,2012-Q2,quarterly,98612.80585226035,\N,estimated,IMF_QNEA,derived_per_capita|QNEA|B1GQ|Q|NSA|XDC|Q|population=SP.POP.TOTL_interpolated,NSA,\N
SWE,gdp_real_per_capita_lcu_quarterly_nsa_estimate,2012-Q3,quarterly,90011.44211922564,\N,estimated,IMF_QNEA,derived_per_capita|QNEA|B1GQ|Q|NSA|XDC|Q|population=SP.POP.TOTL_interpolated,NSA,\N
SWE,gdp_real_per_capita_lcu_quarterly_nsa_estimate,2012-Q4,quarterly,100310.00485673717,\N,estimated,IMF_QNEA,derived_per_capita|QNEA|B1GQ|Q|NSA|XDC|Q|population=SP.POP.TOTL_interpolated,NSA,\N
SWE,gdp_real_per_capita_lcu_quarterly_nsa_estimate,2013-Q1,quarterly,93167.74237676567,\N,estimated,IMF_QNEA,derived_per_capita|QNEA|B1GQ|Q|NSA|XDC|Q|population=SP.POP.TOTL_interpolated,NSA,\N
SWE,gdp_real_per_capita_lcu_quarterly_nsa_estimate,2013-Q2,quarterly,98823.70710631406,\N,estimated,IMF_QNEA,derived_per_capita|QNEA|B1GQ|Q|NSA|XDC|Q|population=SP.POP.TOTL_interpolated,NSA,\N
SWE,gdp_real_per_capita_lcu_quarterly_nsa_estimate,2013-Q3,quarterly,90168.34888019305,\N,estimated,IMF_QNEA,derived_per_capita|QNEA|B1GQ|Q|NSA|XDC|Q|population=SP.POP.TOTL_interpolated,NSA,\N
SWE,gdp_real_per_capita_lcu_quarterly_nsa_estimate,2013-Q4,quarterly,102126.26460546043,\N,estimated,IMF_QNEA,derived_per_capita|QNEA|B1GQ|Q|NSA|XDC|Q|population=SP.POP.TOTL_interpolated,NSA,\N
SWE,gdp_real_per_capita_lcu_quarterly_nsa_estimate,2014-Q1,quarterly,94413.47873737384,\N,estimated,IMF_QNEA,derived_per_capita|QNEA|B1GQ|Q|NSA|XDC|Q|population=SP.POP.TOTL_interpolated,NSA,\N
SWE,gdp_real_per_capita_lcu_quarterly_nsa_estimate,2014-Q2,quarterly,100017.80277723937,\N,estimated,IMF_QNEA,derived_per_capita|QNEA|B1GQ|Q|NSA|XDC|Q|population=SP.POP.TOTL_interpolated,NSA,\N
SWE,gdp_real_per_capita_lcu_quarterly_nsa_estimate,2014-Q3,quarterly,91480.09638641056,\N,estimated,IMF_QNEA,derived_per_capita|QNEA|B1GQ|Q|NSA|XDC|Q|population=SP.POP.TOTL_interpolated,NSA,\N
SWE,gdp_real_per_capita_lcu_quarterly_nsa_estimate,2014-Q4,quarterly,103351.73656435516,\N,estimated,IMF_QNEA,derived_per_capita|QNEA|B1GQ|Q|NSA|XDC|Q|population=SP.POP.TOTL_interpolated,NSA,\N
SYC,gdp_real_per_capita_lcu_quarterly_nsa_estimate,2014-Q1,quarterly,48044.15218953465,\N,estimated,IMF_QNEA,derived_per_capita|QNEA|B1GQ|Q|NSA|XDC|Q|population=SP.POP.TOTL_interpolated,NSA,\N
SYC,gdp_real_per_capita_lcu_quarterly_nsa_estimate,2014-Q2,quarterly,45269.78253895984,\N,estimated,IMF_QNEA,derived_per_capita|QNEA|B1GQ|Q|NSA|XDC|Q|population=SP.POP.TOTL_interpolated,NSA,\N
SYC,gdp_real_per_capita_lcu_quarterly_nsa_estimate,2014-Q3,quarterly,47325.28951762728,\N,estimated,IMF_QNEA,derived_per_capita|QNEA|B1GQ|Q|NSA|XDC|Q|population=SP.POP.TOTL_interpolated,NSA,\N
SYC,gdp_real_per_capita_lcu_quarterly_nsa_estimate,2014-Q4,quarterly,52750.09010081557,\N,estimated,IMF_QNEA,derived_per_capita|QNEA|B1GQ|Q|NSA|XDC|Q|population=SP.POP.TOTL_interpolated,NSA,\N
THA,gdp_real_per_capita_lcu_quarterly_nsa_estimate,2010-Q1,quarterly,28580.56942628645,\N,estimated,IMF_QNEA,derived_per_capita|QNEA|B1GQ|Q|NSA|XDC|Q|population=SP.POP.TOTL_interpolated,NSA,\N
THA,gdp_real_per_capita_lcu_quarterly_nsa_estimate,2010-Q2,quarterly,30072.523500333995,\N,estimated,IMF_QNEA,derived_per_capita|QNEA|B1GQ|Q|NSA|XDC|Q|population=SP.POP.TOTL_interpolated,NSA,\N
THA,gdp_real_per_capita_lcu_quarterly_nsa_estimate,2010-Q3,quarterly,30726.67006356682,\N,estimated,IMF_QNEA,derived_per_capita|QNEA|B1GQ|Q|NSA|XDC|Q|population=SP.POP.TOTL_interpolated,NSA,\N
THA,gdp_real_per_capita_lcu_quarterly_nsa_estimate,2010-Q4,quarterly,31067.056021804845,\N,estimated,IMF_QNEA,derived_per_capita|QNEA|B1GQ|Q|NSA|XDC|Q|population=SP.POP.TOTL_interpolated,NSA,\N
THA,gdp_real_per_capita_lcu_quarterly_nsa_estimate,2011-Q1,quarterly,29449.793889378452,\N,estimated,IMF_QNEA,derived_per_capita|QNEA|B1GQ|Q|NSA|XDC|Q|population=SP.POP.TOTL_interpolated,NSA,\N
THA,gdp_real_per_capita_lcu_quarterly_nsa_estimate,2011-Q2,quarterly,30662.369657650703,\N,estimated,IMF_QNEA,derived_per_capita|QNEA|B1GQ|Q|NSA|XDC|Q|population=SP.POP.TOTL_interpolated,NSA,\N
THA,gdp_real_per_capita_lcu_quarterly_nsa_estimate,2011-Q3,quarterly,28348.027452628285,\N,estimated,IMF_QNEA,derived_per_capita|QNEA|B1GQ|Q|NSA|XDC|Q|population=SP.POP.TOTL_interpolated,NSA,\N
THA,gdp_real_per_capita_lcu_quarterly_nsa_estimate,2011-Q4,quarterly,31378.248466894034,\N,estimated,IMF_QNEA,derived_per_capita|QNEA|B1GQ|Q|NSA|XDC|Q|population=SP.POP.TOTL_interpolated,NSA,\N
THA,gdp_real_per_capita_lcu_quarterly_nsa_estimate,2012-Q1,quarterly,30873.6173460356,\N,estimated,IMF_QNEA,derived_per_capita|QNEA|B1GQ|Q|NSA|XDC|Q|population=SP.POP.TOTL_interpolated,NSA,\N
THA,gdp_real_per_capita_lcu_quarterly_nsa_estimate,2012-Q2,quarterly,30328.82069479875,\N,estimated,IMF_QNEA,derived_per_capita|QNEA|B1GQ|Q|NSA|XDC|Q|population=SP.POP.TOTL_interpolated,NSA,\N
THA,gdp_real_per_capita_lcu_quarterly_nsa_estimate,2012-Q3,quarterly,31371.018197949335,\N,estimated,IMF_QNEA,derived_per_capita|QNEA|B1GQ|Q|NSA|XDC|Q|population=SP.POP.TOTL_interpolated,NSA,\N
THA,gdp_real_per_capita_lcu_quarterly_nsa_estimate,2012-Q4,quarterly,32548.8282503164,\N,estimated,IMF_QNEA,derived_per_capita|QNEA|B1GQ|Q|NSA|XDC|Q|population=SP.POP.TOTL_interpolated,NSA,\N
THA,gdp_real_per_capita_lcu_quarterly_nsa_estimate,2013-Q1,quarterly,32078.438916133713,\N,estimated,IMF_QNEA,derived_per_capita|QNEA|B1GQ|Q|NSA|XDC|Q|population=SP.POP.TOTL_interpolated,NSA,\N
THA,gdp_real_per_capita_lcu_quarterly_nsa_estimate,2013-Q2,quarterly,30685.4371279864,\N,estimated,IMF_QNEA,derived_per_capita|QNEA|B1GQ|Q|NSA|XDC|Q|population=SP.POP.TOTL_interpolated,NSA,\N
THA,gdp_real_per_capita_lcu_quarterly_nsa_estimate,2013-Q3,quarterly,31772.32345415149,\N,estimated,IMF_QNEA,derived_per_capita|QNEA|B1GQ|Q|NSA|XDC|Q|population=SP.POP.TOTL_interpolated,NSA,\N
THA,gdp_real_per_capita_lcu_quarterly_nsa_estimate,2013-Q4,quarterly,32674.069657993154,\N,estimated,IMF_QNEA,derived_per_capita|QNEA|B1GQ|Q|NSA|XDC|Q|population=SP.POP.TOTL_interpolated,NSA,\N
THA,gdp_real_per_capita_lcu_quarterly_nsa_estimate,2014-Q1,quarterly,32016.492952267137,\N,estimated,IMF_QNEA,derived_per_capita|QNEA|B1GQ|Q|NSA|XDC|Q|population=SP.POP.TOTL_interpolated,NSA,\N
THA,gdp_real_per_capita_lcu_quarterly_nsa_estimate,2014-Q2,quarterly,31122.01425396957,\N,estimated,IMF_QNEA,derived_per_capita|QNEA|B1GQ|Q|NSA|XDC|Q|population=SP.POP.TOTL_interpolated,NSA,\N
THA,gdp_real_per_capita_lcu_quarterly_nsa_estimate,2014-Q3,quarterly,32060.606878769333,\N,estimated,IMF_QNEA,derived_per_capita|QNEA|B1GQ|Q|NSA|XDC|Q|population=SP.POP.TOTL_interpolated,NSA,\N
THA,gdp_real_per_capita_lcu_quarterly_nsa_estimate,2014-Q4,quarterly,33560.24587557236,\N,estimated,IMF_QNEA,derived_per_capita|QNEA|B1GQ|Q|NSA|XDC|Q|population=SP.POP.TOTL_interpolated,NSA,\N
TTO,gdp_real_per_capita_lcu_quarterly_nsa_estimate,2012-Q1,quarterly,31464.2992959918,\N,estimated,IMF_QNEA,derived_per_capita|QNEA|B1GQ|Q|NSA|XDC|Q|population=SP.POP.TOTL_interpolated,NSA,\N
TTO,gdp_real_per_capita_lcu_quarterly_nsa_estimate,2012-Q2,quarterly,31516.447688915992,\N,estimated,IMF_QNEA,derived_per_capita|QNEA|B1GQ|Q|NSA|XDC|Q|population=SP.POP.TOTL_interpolated,NSA,\N
TTO,gdp_real_per_capita_lcu_quarterly_nsa_estimate,2012-Q3,quarterly,32261.26511581335,\N,estimated,IMF_QNEA,derived_per_capita|QNEA|B1GQ|Q|NSA|XDC|Q|population=SP.POP.TOTL_interpolated,NSA,\N
TTO,gdp_real_per_capita_lcu_quarterly_nsa_estimate,2012-Q4,quarterly,31488.89656759048,\N,estimated,IMF_QNEA,derived_per_capita|QNEA|B1GQ|Q|NSA|XDC|Q|population=SP.POP.TOTL_interpolated,NSA,\N
TTO,gdp_real_per_capita_lcu_quarterly_nsa_estimate,2013-Q1,quarterly,31757.443441120537,\N,estimated,IMF_QNEA,derived_per_capita|QNEA|B1GQ|Q|NSA|XDC|Q|population=SP.POP.TOTL_interpolated,NSA,\N
TTO,gdp_real_per_capita_lcu_quarterly_nsa_estimate,2013-Q2,quarterly,32083.70575325095,\N,estimated,IMF_QNEA,derived_per_capita|QNEA|B1GQ|Q|NSA|XDC|Q|population=SP.POP.TOTL_interpolated,NSA,\N
TTO,gdp_real_per_capita_lcu_quarterly_nsa_estimate,2013-Q3,quarterly,32600.231714066285,\N,estimated,IMF_QNEA,derived_per_capita|QNEA|B1GQ|Q|NSA|XDC|Q|population=SP.POP.TOTL_interpolated,NSA,\N
TTO,gdp_real_per_capita_lcu_quarterly_nsa_estimate,2013-Q4,quarterly,34133.8840949912,\N,estimated,IMF_QNEA,derived_per_capita|QNEA|B1GQ|Q|NSA|XDC|Q|population=SP.POP.TOTL_interpolated,NSA,\N
TTO,gdp_real_per_capita_lcu_quarterly_nsa_estimate,2014-Q1,quarterly,32776.01293846343,\N,estimated,IMF_QNEA,derived_per_capita|QNEA|B1GQ|Q|NSA|XDC|Q|population=SP.POP.TOTL_interpolated,NSA,\N
TTO,gdp_real_per_capita_lcu_quarterly_nsa_estimate,2014-Q2,quarterly,33405.333708707985,\N,estimated,IMF_QNEA,derived_per_capita|QNEA|B1GQ|Q|NSA|XDC|Q|population=SP.POP.TOTL_interpolated,NSA,\N
TTO,gdp_real_per_capita_lcu_quarterly_nsa_estimate,2014-Q3,quarterly,34607.50737706347,\N,estimated,IMF_QNEA,derived_per_capita|QNEA|B1GQ|Q|NSA|XDC|Q|population=SP.POP.TOTL_interpolated,NSA,\N
TTO,gdp_real_per_capita_lcu_quarterly_nsa_estimate,2014-Q4,quarterly,34969.65135769488,\N,estimated,IMF_QNEA,derived_per_capita|QNEA|B1GQ|Q|NSA|XDC|Q|population=SP.POP.TOTL_interpolated,NSA,\N
TUR,gdp_real_per_capita_lcu_quarterly_nsa_estimate,2010-Q1,quarterly,3443.6742674799243,\N,estimated,IMF_QNEA,derived_per_capita|QNEA|B1GQ|Q|NSA|XDC|Q|population=SP.POP.TOTL_interpolated,NSA,\N
TUR,gdp_real_per_capita_lcu_quarterly_nsa_estimate,2010-Q2,quarterly,3890.4182360792206,\N,estimated,IMF_QNEA,derived_per_capita|QNEA|B1GQ|Q|NSA|XDC|Q|population=SP.POP.TOTL_interpolated,NSA,\N
TUR,gdp_real_per_capita_lcu_quarterly_nsa_estimate,2010-Q3,quarterly,4354.742551733396,\N,estimated,IMF_QNEA,derived_per_capita|QNEA|B1GQ|Q|NSA|XDC|Q|population=SP.POP.TOTL_interpolated,NSA,\N
TUR,gdp_real_per_capita_lcu_quarterly_nsa_estimate,2010-Q4,quarterly,4384.547825256076,\N,estimated,IMF_QNEA,derived_per_capita|QNEA|B1GQ|Q|NSA|XDC|Q|population=SP.POP.TOTL_interpolated,NSA,\N
TUR,gdp_real_per_capita_lcu_quarterly_nsa_estimate,2011-Q1,quarterly,3786.809866403265,\N,estimated,IMF_QNEA,derived_per_capita|QNEA|B1GQ|Q|NSA|XDC|Q|population=SP.POP.TOTL_interpolated,NSA,\N
TUR,gdp_real_per_capita_lcu_quarterly_nsa_estimate,2011-Q2,quarterly,4267.8301154667415,\N,estimated,IMF_QNEA,derived_per_capita|QNEA|B1GQ|Q|NSA|XDC|Q|population=SP.POP.TOTL_interpolated,NSA,\N
TUR,gdp_real_per_capita_lcu_quarterly_nsa_estimate,2011-Q3,quarterly,4779.023608652254,\N,estimated,IMF_QNEA,derived_per_capita|QNEA|B1GQ|Q|NSA|XDC|Q|population=SP.POP.TOTL_interpolated,NSA,\N
TUR,gdp_real_per_capita_lcu_quarterly_nsa_estimate,2011-Q4,quarterly,4748.686665093628,\N,estimated,IMF_QNEA,derived_per_capita|QNEA|B1GQ|Q|NSA|XDC|Q|population=SP.POP.TOTL_interpolated,NSA,\N
TUR,gdp_real_per_capita_lcu_quarterly_nsa_estimate,2012-Q1,quarterly,3983.0017421415782,\N,estimated,IMF_QNEA,derived_per_capita|QNEA|B1GQ|Q|NSA|XDC|Q|population=SP.POP.TOTL_interpolated,NSA,\N
TUR,gdp_real_per_capita_lcu_quarterly_nsa_estimate,2012-Q2,quarterly,4422.946278761962,\N,estimated,IMF_QNEA,derived_per_capita|QNEA|B1GQ|Q|NSA|XDC|Q|population=SP.POP.TOTL_interpolated,NSA,\N
TUR,gdp_real_per_capita_lcu_quarterly_nsa_estimate,2012-Q3,quarterly,4899.503858585716,\N,estimated,IMF_QNEA,derived_per_capita|QNEA|B1GQ|Q|NSA|XDC|Q|population=SP.POP.TOTL_interpolated,NSA,\N
TUR,gdp_real_per_capita_lcu_quarterly_nsa_estimate,2012-Q4,quarterly,4885.220976402801,\N,estimated,IMF_QNEA,derived_per_capita|QNEA|B1GQ|Q|NSA|XDC|Q|population=SP.POP.TOTL_interpolated,NSA,\N
TUR,gdp_real_per_capita_lcu_quarterly_nsa_estimate,2013-Q1,quarterly,4270.824569421282,\N,estimated,IMF_QNEA,derived_per_capita|QNEA|B1GQ|Q|NSA|XDC|Q|population=SP.POP.TOTL_interpolated,NSA,\N
TUR,gdp_real_per_capita_lcu_quarterly_nsa_estimate,2013-Q2,quarterly,4798.660014773634,\N,estimated,IMF_QNEA,derived_per_capita|QNEA|B1GQ|Q|NSA|XDC|Q|population=SP.POP.TOTL_interpolated,NSA,\N
TUR,gdp_real_per_capita_lcu_quarterly_nsa_estimate,2013-Q3,quarterly,5256.242683759075,\N,estimated,IMF_QNEA,derived_per_capita|QNEA|B1GQ|Q|NSA|XDC|Q|population=SP.POP.TOTL_interpolated,NSA,\N
TUR,gdp_real_per_capita_lcu_quarterly_nsa_estimate,2013-Q4,quarterly,5156.150120848214,\N,estimated,IMF_QNEA,derived_per_capita|QNEA|B1GQ|Q|NSA|XDC|Q|population=SP.POP.TOTL_interpolated,NSA,\N
TUR,gdp_real_per_capita_lcu_quarterly_nsa_estimate,2014-Q1,quarterly,4561.525502197036,\N,estimated,IMF_QNEA,derived_per_capita|QNEA|B1GQ|Q|NSA|XDC|Q|population=SP.POP.TOTL_interpolated,NSA,\N
TUR,gdp_real_per_capita_lcu_quarterly_nsa_estimate,2014-Q2,quarterly,4857.966340172175,\N,estimated,IMF_QNEA,derived_per_capita|QNEA|B1GQ|Q|NSA|XDC|Q|population=SP.POP.TOTL_interpolated,NSA,\N
TUR,gdp_real_per_capita_lcu_quarterly_nsa_estimate,2014-Q3,quarterly,5343.971309600199,\N,estimated,IMF_QNEA,derived_per_capita|QNEA|B1GQ|Q|NSA|XDC|Q|population=SP.POP.TOTL_interpolated,NSA,\N
TUR,gdp_real_per_capita_lcu_quarterly_nsa_estimate,2014-Q4,quarterly,5344.152634729942,\N,estimated,IMF_QNEA,derived_per_capita|QNEA|B1GQ|Q|NSA|XDC|Q|population=SP.POP.TOTL_interpolated,NSA,\N
UKR,gdp_real_per_capita_lcu_quarterly_nsa_estimate,2010-Q1,quarterly,25207.624745907044,\N,estimated,IMF_QNEA,derived_per_capita|QNEA|B1GQ|Q|NSA|XDC|Q|population=SP.POP.TOTL_interpolated,NSA,\N
UKR,gdp_real_per_capita_lcu_quarterly_nsa_estimate,2010-Q2,quarterly,28382.767387434407,\N,estimated,IMF_QNEA,derived_per_capita|QNEA|B1GQ|Q|NSA|XDC|Q|population=SP.POP.TOTL_interpolated,NSA,\N
UKR,gdp_real_per_capita_lcu_quarterly_nsa_estimate,2010-Q3,quarterly,32748.242601019025,\N,estimated,IMF_QNEA,derived_per_capita|QNEA|B1GQ|Q|NSA|XDC|Q|population=SP.POP.TOTL_interpolated,NSA,\N
UKR,gdp_real_per_capita_lcu_quarterly_nsa_estimate,2010-Q4,quarterly,31756.09510699377,\N,estimated,IMF_QNEA,derived_per_capita|QNEA|B1GQ|Q|NSA|XDC|Q|population=SP.POP.TOTL_interpolated,NSA,\N
UKR,gdp_real_per_capita_lcu_quarterly_nsa_estimate,2011-Q1,quarterly,26681.256189114265,\N,estimated,IMF_QNEA,derived_per_capita|QNEA|B1GQ|Q|NSA|XDC|Q|population=SP.POP.TOTL_interpolated,NSA,\N
UKR,gdp_real_per_capita_lcu_quarterly_nsa_estimate,2011-Q2,quarterly,29735.438972727236,\N,estimated,IMF_QNEA,derived_per_capita|QNEA|B1GQ|Q|NSA|XDC|Q|population=SP.POP.TOTL_interpolated,NSA,\N
UKR,gdp_real_per_capita_lcu_quarterly_nsa_estimate,2011-Q3,quarterly,35064.67148152193,\N,estimated,IMF_QNEA,derived_per_capita|QNEA|B1GQ|Q|NSA|XDC|Q|population=SP.POP.TOTL_interpolated,NSA,\N
UKR,gdp_real_per_capita_lcu_quarterly_nsa_estimate,2011-Q4,quarterly,33453.8481463433,\N,estimated,IMF_QNEA,derived_per_capita|QNEA|B1GQ|Q|NSA|XDC|Q|population=SP.POP.TOTL_interpolated,NSA,\N
UKR,gdp_real_per_capita_lcu_quarterly_nsa_estimate,2012-Q1,quarterly,27397.980428556733,\N,estimated,IMF_QNEA,derived_per_capita|QNEA|B1GQ|Q|NSA|XDC|Q|population=SP.POP.TOTL_interpolated,NSA,\N
UKR,gdp_real_per_capita_lcu_quarterly_nsa_estimate,2012-Q2,quarterly,30710.276100747895,\N,estimated,IMF_QNEA,derived_per_capita|QNEA|B1GQ|Q|NSA|XDC|Q|population=SP.POP.TOTL_interpolated,NSA,\N
UKR,gdp_real_per_capita_lcu_quarterly_nsa_estimate,2012-Q3,quarterly,34686.67327050526,\N,estimated,IMF_QNEA,derived_per_capita|QNEA|B1GQ|Q|NSA|XDC|Q|population=SP.POP.TOTL_interpolated,NSA,\N
UKR,gdp_real_per_capita_lcu_quarterly_nsa_estimate,2012-Q4,quarterly,32711.768670807687,\N,estimated,IMF_QNEA,derived_per_capita|QNEA|B1GQ|Q|NSA|XDC|Q|population=SP.POP.TOTL_interpolated,NSA,\N
UKR,gdp_real_per_capita_lcu_quarterly_nsa_estimate,2013-Q1,quarterly,27087.047511897028,\N,estimated,IMF_QNEA,derived_per_capita|QNEA|B1GQ|Q|NSA|XDC|Q|population=SP.POP.TOTL_interpolated,NSA,\N
UKR,gdp_real_per_capita_lcu_quarterly_nsa_estimate,2013-Q2,quarterly,30386.512075729726,\N,estimated,IMF_QNEA,derived_per_capita|QNEA|B1GQ|Q|NSA|XDC|Q|population=SP.POP.TOTL_interpolated,NSA,\N
UKR,gdp_real_per_capita_lcu_quarterly_nsa_estimate,2013-Q3,quarterly,34367.96590747752,\N,estimated,IMF_QNEA,derived_per_capita|QNEA|B1GQ|Q|NSA|XDC|Q|population=SP.POP.TOTL_interpolated,NSA,\N
UKR,gdp_real_per_capita_lcu_quarterly_nsa_estimate,2013-Q4,quarterly,33889.823494979624,\N,estimated,IMF_QNEA,derived_per_capita|QNEA|B1GQ|Q|NSA|XDC|Q|population=SP.POP.TOTL_interpolated,NSA,\N
UKR,gdp_real_per_capita_lcu_quarterly_nsa_estimate,2014-Q1,quarterly,26901.185499619936,\N,estimated,IMF_QNEA,derived_per_capita|QNEA|B1GQ|Q|NSA|XDC|Q|population=SP.POP.TOTL_interpolated,NSA,\N
UKR,gdp_real_per_capita_lcu_quarterly_nsa_estimate,2014-Q2,quarterly,29171.27698888356,\N,estimated,IMF_QNEA,derived_per_capita|QNEA|B1GQ|Q|NSA|XDC|Q|population=SP.POP.TOTL_interpolated,NSA,\N
UKR,gdp_real_per_capita_lcu_quarterly_nsa_estimate,2014-Q3,quarterly,32674.656977158636,\N,estimated,IMF_QNEA,derived_per_capita|QNEA|B1GQ|Q|NSA|XDC|Q|population=SP.POP.TOTL_interpolated,NSA,\N
UKR,gdp_real_per_capita_lcu_quarterly_nsa_estimate,2014-Q4,quarterly,29125.503448117655,\N,estimated,IMF_QNEA,derived_per_capita|QNEA|B1GQ|Q|NSA|XDC|Q|population=SP.POP.TOTL_interpolated,NSA,\N
USA,gdp_real_per_capita_lcu_quarterly_nsa_estimate,2010-Q1,quarterly,13148.678973435033,\N,estimated,IMF_QNEA,derived_per_capita|QNEA|B1GQ|Q|NSA|XDC|Q|population=SP.POP.TOTL_interpolated,NSA,\N
USA,gdp_real_per_capita_lcu_quarterly_nsa_estimate,2010-Q2,quarterly,13553.384924117061,\N,estimated,IMF_QNEA,derived_per_capita|QNEA|B1GQ|Q|NSA|XDC|Q|population=SP.POP.TOTL_interpolated,NSA,\N
USA,gdp_real_per_capita_lcu_quarterly_nsa_estimate,2010-Q3,quarterly,13657.096613279977,\N,estimated,IMF_QNEA,derived_per_capita|QNEA|B1GQ|Q|NSA|XDC|Q|population=SP.POP.TOTL_interpolated,NSA,\N
USA,gdp_real_per_capita_lcu_quarterly_nsa_estimate,2010-Q4,quarterly,13910.913469193361,\N,estimated,IMF_QNEA,derived_per_capita|QNEA|B1GQ|Q|NSA|XDC|Q|population=SP.POP.TOTL_interpolated,NSA,\N
USA,gdp_real_per_capita_lcu_quarterly_nsa_estimate,2011-Q1,quarterly,13365.75904910186,\N,estimated,IMF_QNEA,derived_per_capita|QNEA|B1GQ|Q|NSA|XDC|Q|population=SP.POP.TOTL_interpolated,NSA,\N
USA,gdp_real_per_capita_lcu_quarterly_nsa_estimate,2011-Q2,quarterly,13648.044622974921,\N,estimated,IMF_QNEA,derived_per_capita|QNEA|B1GQ|Q|NSA|XDC|Q|population=SP.POP.TOTL_interpolated,NSA,\N
USA,gdp_real_per_capita_lcu_quarterly_nsa_estimate,2011-Q3,quarterly,13689.366569264761,\N,estimated,IMF_QNEA,derived_per_capita|QNEA|B1GQ|Q|NSA|XDC|Q|population=SP.POP.TOTL_interpolated,NSA,\N
USA,gdp_real_per_capita_lcu_quarterly_nsa_estimate,2011-Q4,quarterly,13977.419831234763,\N,estimated,IMF_QNEA,derived_per_capita|QNEA|B1GQ|Q|NSA|XDC|Q|population=SP.POP.TOTL_interpolated,NSA,\N
USA,gdp_real_per_capita_lcu_quarterly_nsa_estimate,2012-Q1,quarterly,13656.006095224717,\N,estimated,IMF_QNEA,derived_per_capita|QNEA|B1GQ|Q|NSA|XDC|Q|population=SP.POP.TOTL_interpolated,NSA,\N
USA,gdp_real_per_capita_lcu_quarterly_nsa_estimate,2012-Q2,quarterly,13838.653756209096,\N,estimated,IMF_QNEA,derived_per_capita|QNEA|B1GQ|Q|NSA|XDC|Q|population=SP.POP.TOTL_interpolated,NSA,\N
USA,gdp_real_per_capita_lcu_quarterly_nsa_estimate,2012-Q3,quarterly,13910.236521296696,\N,estimated,IMF_QNEA,derived_per_capita|QNEA|B1GQ|Q|NSA|XDC|Q|population=SP.POP.TOTL_interpolated,NSA,\N
USA,gdp_real_per_capita_lcu_quarterly_nsa_estimate,2012-Q4,quarterly,14086.522640106437,\N,estimated,IMF_QNEA,derived_per_capita|QNEA|B1GQ|Q|NSA|XDC|Q|population=SP.POP.TOTL_interpolated,NSA,\N
USA,gdp_real_per_capita_lcu_quarterly_nsa_estimate,2013-Q1,quarterly,13679.02704647734,\N,estimated,IMF_QNEA,derived_per_capita|QNEA|B1GQ|Q|NSA|XDC|Q|population=SP.POP.TOTL_interpolated,NSA,\N
USA,gdp_real_per_capita_lcu_quarterly_nsa_estimate,2013-Q2,quarterly,13965.709792675181,\N,estimated,IMF_QNEA,derived_per_capita|QNEA|B1GQ|Q|NSA|XDC|Q|population=SP.POP.TOTL_interpolated,NSA,\N
USA,gdp_real_per_capita_lcu_quarterly_nsa_estimate,2013-Q3,quarterly,14150.917579067645,\N,estimated,IMF_QNEA,derived_per_capita|QNEA|B1GQ|Q|NSA|XDC|Q|population=SP.POP.TOTL_interpolated,NSA,\N
USA,gdp_real_per_capita_lcu_quarterly_nsa_estimate,2013-Q4,quarterly,14437.124794270714,\N,estimated,IMF_QNEA,derived_per_capita|QNEA|B1GQ|Q|NSA|XDC|Q|population=SP.POP.TOTL_interpolated,NSA,\N
USA,gdp_real_per_capita_lcu_quarterly_nsa_estimate,2014-Q1,quarterly,13833.059253036845,\N,estimated,IMF_QNEA,derived_per_capita|QNEA|B1GQ|Q|NSA|XDC|Q|population=SP.POP.TOTL_interpolated,NSA,\N
USA,gdp_real_per_capita_lcu_quarterly_nsa_estimate,2014-Q2,quarterly,14210.590249791701,\N,estimated,IMF_QNEA,derived_per_capita|QNEA|B1GQ|Q|NSA|XDC|Q|population=SP.POP.TOTL_interpolated,NSA,\N
USA,gdp_real_per_capita_lcu_quarterly_nsa_estimate,2014-Q3,quarterly,14445.990526435466,\N,estimated,IMF_QNEA,derived_per_capita|QNEA|B1GQ|Q|NSA|XDC|Q|population=SP.POP.TOTL_interpolated,NSA,\N
USA,gdp_real_per_capita_lcu_quarterly_nsa_estimate,2014-Q4,quarterly,14707.492780347788,\N,estimated,IMF_QNEA,derived_per_capita|QNEA|B1GQ|Q|NSA|XDC|Q|population=SP.POP.TOTL_interpolated,NSA,\N
WSM,gdp_real_per_capita_lcu_quarterly_nsa_estimate,2013-Q1,quarterly,2329.631226302066,\N,estimated,IMF_QNEA,derived_per_capita|QNEA|B1GQ|Q|NSA|XDC|Q|population=SP.POP.TOTL_interpolated,NSA,\N
WSM,gdp_real_per_capita_lcu_quarterly_nsa_estimate,2013-Q2,quarterly,2303.344096785229,\N,estimated,IMF_QNEA,derived_per_capita|QNEA|B1GQ|Q|NSA|XDC|Q|population=SP.POP.TOTL_interpolated,NSA,\N
WSM,gdp_real_per_capita_lcu_quarterly_nsa_estimate,2013-Q3,quarterly,2349.3817041613743,\N,estimated,IMF_QNEA,derived_per_capita|QNEA|B1GQ|Q|NSA|XDC|Q|population=SP.POP.TOTL_interpolated,NSA,\N
WSM,gdp_real_per_capita_lcu_quarterly_nsa_estimate,2013-Q4,quarterly,2322.4877800196173,\N,estimated,IMF_QNEA,derived_per_capita|QNEA|B1GQ|Q|NSA|XDC|Q|population=SP.POP.TOTL_interpolated,NSA,\N
WSM,gdp_real_per_capita_lcu_quarterly_nsa_estimate,2014-Q1,quarterly,2325.608671909336,\N,estimated,IMF_QNEA,derived_per_capita|QNEA|B1GQ|Q|NSA|XDC|Q|population=SP.POP.TOTL_interpolated,NSA,\N
WSM,gdp_real_per_capita_lcu_quarterly_nsa_estimate,2014-Q2,quarterly,2320.2790756740424,\N,estimated,IMF_QNEA,derived_per_capita|QNEA|B1GQ|Q|NSA|XDC|Q|population=SP.POP.TOTL_interpolated,NSA,\N
WSM,gdp_real_per_capita_lcu_quarterly_nsa_estimate,2014-Q3,quarterly,2471.347955514247,\N,estimated,IMF_QNEA,derived_per_capita|QNEA|B1GQ|Q|NSA|XDC|Q|population=SP.POP.TOTL_interpolated,NSA,\N
WSM,gdp_real_per_capita_lcu_quarterly_nsa_estimate,2014-Q4,quarterly,2349.609724134881,\N,estimated,IMF_QNEA,derived_per_capita|QNEA|B1GQ|Q|NSA|XDC|Q|population=SP.POP.TOTL_interpolated,NSA,\N
ZAF,gdp_real_per_capita_lcu_quarterly_nsa_estimate,2010-Q1,quarterly,18459.147233313997,\N,estimated,IMF_QNEA,derived_per_capita|QNEA|B1GQ|Q|NSA|XDC|Q|population=SP.POP.TOTL_interpolated,NSA,\N
ZAF,gdp_real_per_capita_lcu_quarterly_nsa_estimate,2010-Q2,quarterly,18909.92091481968,\N,estimated,IMF_QNEA,derived_per_capita|QNEA|B1GQ|Q|NSA|XDC|Q|population=SP.POP.TOTL_interpolated,NSA,\N
ZAF,gdp_real_per_capita_lcu_quarterly_nsa_estimate,2010-Q3,quarterly,19146.952309384535,\N,estimated,IMF_QNEA,derived_per_capita|QNEA|B1GQ|Q|NSA|XDC|Q|population=SP.POP.TOTL_interpolated,NSA,\N
ZAF,gdp_real_per_capita_lcu_quarterly_nsa_estimate,2010-Q4,quarterly,19389.917236001485,\N,estimated,IMF_QNEA,derived_per_capita|QNEA|B1GQ|Q|NSA|XDC|Q|population=SP.POP.TOTL_interpolated,NSA,\N
ZAF,gdp_real_per_capita_lcu_quarterly_nsa_estimate,2011-Q1,quarterly,18850.131382998934,\N,estimated,IMF_QNEA,derived_per_capita|QNEA|B1GQ|Q|NSA|XDC|Q|population=SP.POP.TOTL_interpolated,NSA,\N
ZAF,gdp_real_per_capita_lcu_quarterly_nsa_estimate,2011-Q2,quarterly,19263.25444250866,\N,estimated,IMF_QNEA,derived_per_capita|QNEA|B1GQ|Q|NSA|XDC|Q|population=SP.POP.TOTL_interpolated,NSA,\N
ZAF,gdp_real_per_capita_lcu_quarterly_nsa_estimate,2011-Q3,quarterly,19473.95181872611,\N,estimated,IMF_QNEA,derived_per_capita|QNEA|B1GQ|Q|NSA|XDC|Q|population=SP.POP.TOTL_interpolated,NSA,\N
ZAF,gdp_real_per_capita_lcu_quarterly_nsa_estimate,2011-Q4,quarterly,19743.026922222012,\N,estimated,IMF_QNEA,derived_per_capita|QNEA|B1GQ|Q|NSA|XDC|Q|population=SP.POP.TOTL_interpolated,NSA,\N
ZAF,gdp_real_per_capita_lcu_quarterly_nsa_estimate,2012-Q1,quarterly,19039.592221004772,\N,estimated,IMF_QNEA,derived_per_capita|QNEA|B1GQ|Q|NSA|XDC|Q|population=SP.POP.TOTL_interpolated,NSA,\N
ZAF,gdp_real_per_capita_lcu_quarterly_nsa_estimate,2012-Q2,quarterly,19537.72693611825,\N,estimated,IMF_QNEA,derived_per_capita|QNEA|B1GQ|Q|NSA|XDC|Q|population=SP.POP.TOTL_interpolated,NSA,\N
ZAF,gdp_real_per_capita_lcu_quarterly_nsa_estimate,2012-Q3,quarterly,19617.51452070472,\N,estimated,IMF_QNEA,derived_per_capita|QNEA|B1GQ|Q|NSA|XDC|Q|population=SP.POP.TOTL_interpolated,NSA,\N
ZAF,gdp_real_per_capita_lcu_quarterly_nsa_estimate,2012-Q4,quarterly,19834.781173684467,\N,estimated,IMF_QNEA,derived_per_capita|QNEA|B1GQ|Q|NSA|XDC|Q|population=SP.POP.TOTL_interpolated,NSA,\N
ZAF,gdp_real_per_capita_lcu_quarterly_nsa_estimate,2013-Q1,quarterly,19118.909553033493,\N,estimated,IMF_QNEA,derived_per_capita|QNEA|B1GQ|Q|NSA|XDC|Q|population=SP.POP.TOTL_interpolated,NSA,\N
ZAF,gdp_real_per_capita_lcu_quarterly_nsa_estimate,2013-Q2,quarterly,19678.588960829507,\N,estimated,IMF_QNEA,derived_per_capita|QNEA|B1GQ|Q|NSA|XDC|Q|population=SP.POP.TOTL_interpolated,NSA,\N
ZAF,gdp_real_per_capita_lcu_quarterly_nsa_estimate,2013-Q3,quarterly,19781.87409443046,\N,estimated,IMF_QNEA,derived_per_capita|QNEA|B1GQ|Q|NSA|XDC|Q|population=SP.POP.TOTL_interpolated,NSA,\N
ZAF,gdp_real_per_capita_lcu_quarterly_nsa_estimate,2013-Q4,quarterly,20093.79154799141,\N,estimated,IMF_QNEA,derived_per_capita|QNEA|B1GQ|Q|NSA|XDC|Q|population=SP.POP.TOTL_interpolated,NSA,\N
ZAF,gdp_real_per_capita_lcu_quarterly_nsa_estimate,2014-Q1,quarterly,19149.889863604913,\N,estimated,IMF_QNEA,derived_per_capita|QNEA|B1GQ|Q|NSA|XDC|Q|population=SP.POP.TOTL_interpolated,NSA,\N
ZAF,gdp_real_per_capita_lcu_quarterly_nsa_estimate,2014-Q2,quarterly,19616.286678817352,\N,estimated,IMF_QNEA,derived_per_capita|QNEA|B1GQ|Q|NSA|XDC|Q|population=SP.POP.TOTL_interpolated,NSA,\N
ZAF,gdp_real_per_capita_lcu_quarterly_nsa_estimate,2014-Q3,quarterly,19657.626434447622,\N,estimated,IMF_QNEA,derived_per_capita|QNEA|B1GQ|Q|NSA|XDC|Q|population=SP.POP.TOTL_interpolated,NSA,\N
ZAF,gdp_real_per_capita_lcu_quarterly_nsa_estimate,2014-Q4,quarterly,20013.306368804668,\N,estimated,IMF_QNEA,derived_per_capita|QNEA|B1GQ|Q|NSA|XDC|Q|population=SP.POP.TOTL_interpolated,NSA,\N
ZMB,gdp_real_per_capita_lcu_quarterly_nsa_estimate,2010-Q1,quarterly,1635.9148848100235,\N,estimated,IMF_QNEA,derived_per_capita|QNEA|B1GQ|Q|NSA|XDC|Q|population=SP.POP.TOTL_interpolated,NSA,\N
ZMB,gdp_real_per_capita_lcu_quarterly_nsa_estimate,2010-Q2,quarterly,1644.5190558843353,\N,estimated,IMF_QNEA,derived_per_capita|QNEA|B1GQ|Q|NSA|XDC|Q|population=SP.POP.TOTL_interpolated,NSA,\N
ZMB,gdp_real_per_capita_lcu_quarterly_nsa_estimate,2010-Q3,quarterly,1799.621048535774,\N,estimated,IMF_QNEA,derived_per_capita|QNEA|B1GQ|Q|NSA|XDC|Q|population=SP.POP.TOTL_interpolated,NSA,\N
ZMB,gdp_real_per_capita_lcu_quarterly_nsa_estimate,2010-Q4,quarterly,1877.5804334962993,\N,estimated,IMF_QNEA,derived_per_capita|QNEA|B1GQ|Q|NSA|XDC|Q|population=SP.POP.TOTL_interpolated,NSA,\N
ZMB,gdp_real_per_capita_lcu_quarterly_nsa_estimate,2011-Q1,quarterly,1718.216160926374,\N,estimated,IMF_QNEA,derived_per_capita|QNEA|B1GQ|Q|NSA|XDC|Q|population=SP.POP.TOTL_interpolated,NSA,\N
ZMB,gdp_real_per_capita_lcu_quarterly_nsa_estimate,2011-Q2,quarterly,1726.9209191613268,\N,estimated,IMF_QNEA,derived_per_capita|QNEA|B1GQ|Q|NSA|XDC|Q|population=SP.POP.TOTL_interpolated,NSA,\N
ZMB,gdp_real_per_capita_lcu_quarterly_nsa_estimate,2011-Q3,quarterly,1771.022469989856,\N,estimated,IMF_QNEA,derived_per_capita|QNEA|B1GQ|Q|NSA|XDC|Q|population=SP.POP.TOTL_interpolated,NSA,\N
ZMB,gdp_real_per_capita_lcu_quarterly_nsa_estimate,2011-Q4,quarterly,1889.8165684221638,\N,estimated,IMF_QNEA,derived_per_capita|QNEA|B1GQ|Q|NSA|XDC|Q|population=SP.POP.TOTL_interpolated,NSA,\N
ZMB,gdp_real_per_capita_lcu_quarterly_nsa_estimate,2012-Q1,quarterly,1803.5055584151592,\N,estimated,IMF_QNEA,derived_per_capita|QNEA|B1GQ|Q|NSA|XDC|Q|population=SP.POP.TOTL_interpolated,NSA,\N
ZMB,gdp_real_per_capita_lcu_quarterly_nsa_estimate,2012-Q2,quarterly,1821.5784967633497,\N,estimated,IMF_QNEA,derived_per_capita|QNEA|B1GQ|Q|NSA|XDC|Q|population=SP.POP.TOTL_interpolated,NSA,\N
ZMB,gdp_real_per_capita_lcu_quarterly_nsa_estimate,2012-Q3,quarterly,1791.736508551318,\N,estimated,IMF_QNEA,derived_per_capita|QNEA|B1GQ|Q|NSA|XDC|Q|population=SP.POP.TOTL_interpolated,NSA,\N
ZMB,gdp_real_per_capita_lcu_quarterly_nsa_estimate,2012-Q4,quarterly,1985.0099783765406,\N,estimated,IMF_QNEA,derived_per_capita|QNEA|B1GQ|Q|NSA|XDC|Q|population=SP.POP.TOTL_interpolated,NSA,\N
ZMB,gdp_real_per_capita_lcu_quarterly_nsa_estimate,2013-Q1,quarterly,1853.9810516985494,\N,estimated,IMF_QNEA,derived_per_capita|QNEA|B1GQ|Q|NSA|XDC|Q|population=SP.POP.TOTL_interpolated,NSA,\N
ZMB,gdp_real_per_capita_lcu_quarterly_nsa_estimate,2013-Q2,quarterly,1822.8195175927283,\N,estimated,IMF_QNEA,derived_per_capita|QNEA|B1GQ|Q|NSA|XDC|Q|population=SP.POP.TOTL_interpolated,NSA,\N
ZMB,gdp_real_per_capita_lcu_quarterly_nsa_estimate,2013-Q3,quarterly,1860.3538989712317,\N,estimated,IMF_QNEA,derived_per_capita|QNEA|B1GQ|Q|NSA|XDC|Q|population=SP.POP.TOTL_interpolated,NSA,\N
ZMB,gdp_real_per_capita_lcu_quarterly_nsa_estimate,2013-Q4,quarterly,1994.0820139856191,\N,estimated,IMF_QNEA,derived_per_capita|QNEA|B1GQ|Q|NSA|XDC|Q|population=SP.POP.TOTL_interpolated,NSA,\N
ZMB,gdp_real_per_capita_lcu_quarterly_nsa_estimate,2014-Q1,quarterly,1842.7423313507313,\N,estimated,IMF_QNEA,derived_per_capita|QNEA|B1GQ|Q|NSA|XDC|Q|population=SP.POP.TOTL_interpolated,NSA,\N
ZMB,gdp_real_per_capita_lcu_quarterly_nsa_estimate,2014-Q2,quarterly,1864.1752596323997,\N,estimated,IMF_QNEA,derived_per_capita|QNEA|B1GQ|Q|NSA|XDC|Q|population=SP.POP.TOTL_interpolated,NSA,\N
ZMB,gdp_real_per_capita_lcu_quarterly_nsa_estimate,2014-Q3,quarterly,1900.266643598192,\N,estimated,IMF_QNEA,derived_per_capita|QNEA|B1GQ|Q|NSA|XDC|Q|population=SP.POP.TOTL_interpolated,NSA,\N
ZMB,gdp_real_per_capita_lcu_quarterly_nsa_estimate,2014-Q4,quarterly,2031.057718786387,\N,estimated,IMF_QNEA,derived_per_capita|QNEA|B1GQ|Q|NSA|XDC|Q|population=SP.POP.TOTL_interpolated,NSA,\N
