country_code,indicator_code,period,frequency,value,raw_value,value_status,source_id,source_series_code,seasonal_adjustment,observation_metadata
AFG,inflation_consumer_prices_yoy_pct_quarterly_imf,2022-Q1,quarterly,14.771950593317618,\N,derived,IMF_CPI,derived_yoy:IMF|ACCESS_SHARING_LEVEL=PUBLIC_OPEN|COICOP_1999=_T|COMMON_REFERENCE_PERIOD=2015M4|FREQUENCY=M|IFS_FLAG=true|INDEX_TYPE=CPI|OVERLAP=OL|SCALE=0|SECURITY_CLASSIFICATION=PUB|TYPE_OF_TRANSFORMATION=IX|aggregation=quarterly_mean,\N,"{""comparison_period"": ""2021-Q1"", ""formula"": ""100 * (quarterly_mean_cpi / same_quarter_prior_year_mean_cpi - 1)"", ""source_cpi_series_code"": ""IMF|ACCESS_SHARING_LEVEL=PUBLIC_OPEN|COICOP_1999=_T|COMMON_REFERENCE_PERIOD=2015M4|FREQUENCY=M|IFS_FLAG=true|INDEX_TYPE=CPI|OVERLAP=OL|SCALE=0|SECURITY_CLASSIFICATION=PUB|TYPE_OF_TRANSFORMATION=IX|aggregation=quarterly_mean""}"
AFG,inflation_consumer_prices_yoy_pct_quarterly_imf,2022-Q2,quarterly,16.11702828297843,\N,derived,IMF_CPI,derived_yoy:IMF|ACCESS_SHARING_LEVEL=PUBLIC_OPEN|COICOP_1999=_T|COMMON_REFERENCE_PERIOD=2015M4|FREQUENCY=M|IFS_FLAG=true|INDEX_TYPE=CPI|OVERLAP=OL|SCALE=0|SECURITY_CLASSIFICATION=PUB|TYPE_OF_TRANSFORMATION=IX|aggregation=quarterly_mean,\N,"{""comparison_period"": ""2021-Q2"", ""formula"": ""100 * (quarterly_mean_cpi / same_quarter_prior_year_mean_cpi - 1)"", ""source_cpi_series_code"": ""IMF|ACCESS_SHARING_LEVEL=PUBLIC_OPEN|COICOP_1999=_T|COMMON_REFERENCE_PERIOD=2015M4|FREQUENCY=M|IFS_FLAG=true|INDEX_TYPE=CPI|OVERLAP=OL|SCALE=0|SECURITY_CLASSIFICATION=PUB|TYPE_OF_TRANSFORMATION=IX|aggregation=quarterly_mean""}"
AFG,inflation_consumer_prices_yoy_pct_quarterly_imf,2022-Q3,quarterly,16.214793477728072,\N,derived,IMF_CPI,derived_yoy:IMF|ACCESS_SHARING_LEVEL=PUBLIC_OPEN|COICOP_1999=_T|COMMON_REFERENCE_PERIOD=2015M4|FREQUENCY=M|IFS_FLAG=true|INDEX_TYPE=CPI|OVERLAP=OL|SCALE=0|SECURITY_CLASSIFICATION=PUB|TYPE_OF_TRANSFORMATION=IX|aggregation=quarterly_mean,\N,"{""comparison_period"": ""2021-Q3"", ""formula"": ""100 * (quarterly_mean_cpi / same_quarter_prior_year_mean_cpi - 1)"", ""source_cpi_series_code"": ""IMF|ACCESS_SHARING_LEVEL=PUBLIC_OPEN|COICOP_1999=_T|COMMON_REFERENCE_PERIOD=2015M4|FREQUENCY=M|IFS_FLAG=true|INDEX_TYPE=CPI|OVERLAP=OL|SCALE=0|SECURITY_CLASSIFICATION=PUB|TYPE_OF_TRANSFORMATION=IX|aggregation=quarterly_mean""}"
AFG,inflation_consumer_prices_yoy_pct_quarterly_imf,2022-Q4,quarterly,8.144304266395007,\N,derived,IMF_CPI,derived_yoy:IMF|ACCESS_SHARING_LEVEL=PUBLIC_OPEN|COICOP_1999=_T|COMMON_REFERENCE_PERIOD=2015M4|FREQUENCY=M|IFS_FLAG=true|INDEX_TYPE=CPI|OVERLAP=OL|SCALE=0|SECURITY_CLASSIFICATION=PUB|TYPE_OF_TRANSFORMATION=IX|aggregation=quarterly_mean,\N,"{""comparison_period"": ""2021-Q4"", ""formula"": ""100 * (quarterly_mean_cpi / same_quarter_prior_year_mean_cpi - 1)"", ""source_cpi_series_code"": ""IMF|ACCESS_SHARING_LEVEL=PUBLIC_OPEN|COICOP_1999=_T|COMMON_REFERENCE_PERIOD=2015M4|FREQUENCY=M|IFS_FLAG=true|INDEX_TYPE=CPI|OVERLAP=OL|SCALE=0|SECURITY_CLASSIFICATION=PUB|TYPE_OF_TRANSFORMATION=IX|aggregation=quarterly_mean""}"
AGO,inflation_consumer_prices_yoy_pct_quarterly_imf,2022-Q1,quarterly,27.31310373673237,\N,derived,IMF_CPI,derived_yoy:IMF|ACCESS_SHARING_LEVEL=PUBLIC_OPEN|COICOP_1999=_T|COMMON_REFERENCE_PERIOD=2020M12|FREQUENCY=M|IFS_FLAG=true|INDEX_TYPE=CPI|OVERLAP=OL|SCALE=0|SECURITY_CLASSIFICATION=PUB|TYPE_OF_TRANSFORMATION=IX|aggregation=quarterly_mean,\N,"{""comparison_period"": ""2021-Q1"", ""formula"": ""100 * (quarterly_mean_cpi / same_quarter_prior_year_mean_cpi - 1)"", ""source_cpi_series_code"": ""IMF|ACCESS_SHARING_LEVEL=PUBLIC_OPEN|COICOP_1999=_T|COMMON_REFERENCE_PERIOD=2020M12|FREQUENCY=M|IFS_FLAG=true|INDEX_TYPE=CPI|OVERLAP=OL|SCALE=0|SECURITY_CLASSIFICATION=PUB|TYPE_OF_TRANSFORMATION=IX|aggregation=quarterly_mean""}"
AGO,inflation_consumer_prices_yoy_pct_quarterly_imf,2022-Q2,quarterly,24.37054717773508,\N,derived,IMF_CPI,derived_yoy:IMF|ACCESS_SHARING_LEVEL=PUBLIC_OPEN|COICOP_1999=_T|COMMON_REFERENCE_PERIOD=2020M12|FREQUENCY=M|IFS_FLAG=true|INDEX_TYPE=CPI|OVERLAP=OL|SCALE=0|SECURITY_CLASSIFICATION=PUB|TYPE_OF_TRANSFORMATION=IX|aggregation=quarterly_mean,\N,"{""comparison_period"": ""2021-Q2"", ""formula"": ""100 * (quarterly_mean_cpi / same_quarter_prior_year_mean_cpi - 1)"", ""source_cpi_series_code"": ""IMF|ACCESS_SHARING_LEVEL=PUBLIC_OPEN|COICOP_1999=_T|COMMON_REFERENCE_PERIOD=2020M12|FREQUENCY=M|IFS_FLAG=true|INDEX_TYPE=CPI|OVERLAP=OL|SCALE=0|SECURITY_CLASSIFICATION=PUB|TYPE_OF_TRANSFORMATION=IX|aggregation=quarterly_mean""}"
AGO,inflation_consumer_prices_yoy_pct_quarterly_imf,2022-Q3,quarterly,19.758366504045167,\N,derived,IMF_CPI,derived_yoy:IMF|ACCESS_SHARING_LEVEL=PUBLIC_OPEN|COICOP_1999=_T|COMMON_REFERENCE_PERIOD=2020M12|FREQUENCY=M|IFS_FLAG=true|INDEX_TYPE=CPI|OVERLAP=OL|SCALE=0|SECURITY_CLASSIFICATION=PUB|TYPE_OF_TRANSFORMATION=IX|aggregation=quarterly_mean,\N,"{""comparison_period"": ""2021-Q3"", ""formula"": ""100 * (quarterly_mean_cpi / same_quarter_prior_year_mean_cpi - 1)"", ""source_cpi_series_code"": ""IMF|ACCESS_SHARING_LEVEL=PUBLIC_OPEN|COICOP_1999=_T|COMMON_REFERENCE_PERIOD=2020M12|FREQUENCY=M|IFS_FLAG=true|INDEX_TYPE=CPI|OVERLAP=OL|SCALE=0|SECURITY_CLASSIFICATION=PUB|TYPE_OF_TRANSFORMATION=IX|aggregation=quarterly_mean""}"
AGO,inflation_consumer_prices_yoy_pct_quarterly_imf,2022-Q4,quarterly,15.237924530444303,\N,derived,IMF_CPI,derived_yoy:IMF|ACCESS_SHARING_LEVEL=PUBLIC_OPEN|COICOP_1999=_T|COMMON_REFERENCE_PERIOD=2020M12|FREQUENCY=M|IFS_FLAG=true|INDEX_TYPE=CPI|OVERLAP=OL|SCALE=0|SECURITY_CLASSIFICATION=PUB|TYPE_OF_TRANSFORMATION=IX|aggregation=quarterly_mean,\N,"{""comparison_period"": ""2021-Q4"", ""formula"": ""100 * (quarterly_mean_cpi / same_quarter_prior_year_mean_cpi - 1)"", ""source_cpi_series_code"": ""IMF|ACCESS_SHARING_LEVEL=PUBLIC_OPEN|COICOP_1999=_T|COMMON_REFERENCE_PERIOD=2020M12|FREQUENCY=M|IFS_FLAG=true|INDEX_TYPE=CPI|OVERLAP=OL|SCALE=0|SECURITY_CLASSIFICATION=PUB|TYPE_OF_TRANSFORMATION=IX|aggregation=quarterly_mean""}"
ALB,inflation_consumer_prices_yoy_pct_quarterly_imf,2022-Q1,quarterly,4.444820790092696,\N,derived,IMF_CPI,derived_yoy:IMF|ACCESS_SHARING_LEVEL=PUBLIC_OPEN|COICOP_1999=_T|COMMON_REFERENCE_PERIOD=2025A|FREQUENCY=M|IFS_FLAG=true|INDEX_TYPE=CPI|OVERLAP=OL|SCALE=0|SECURITY_CLASSIFICATION=PUB|TYPE_OF_TRANSFORMATION=IX|aggregation=quarterly_mean,\N,"{""comparison_period"": ""2021-Q1"", ""formula"": ""100 * (quarterly_mean_cpi / same_quarter_prior_year_mean_cpi - 1)"", ""source_cpi_series_code"": ""IMF|ACCESS_SHARING_LEVEL=PUBLIC_OPEN|COICOP_1999=_T|COMMON_REFERENCE_PERIOD=2025A|FREQUENCY=M|IFS_FLAG=true|INDEX_TYPE=CPI|OVERLAP=OL|SCALE=0|SECURITY_CLASSIFICATION=PUB|TYPE_OF_TRANSFORMATION=IX|aggregation=quarterly_mean""}"
ALB,inflation_consumer_prices_yoy_pct_quarterly_imf,2022-Q2,quarterly,6.7414617991350845,\N,derived,IMF_CPI,derived_yoy:IMF|ACCESS_SHARING_LEVEL=PUBLIC_OPEN|COICOP_1999=_T|COMMON_REFERENCE_PERIOD=2025A|FREQUENCY=M|IFS_FLAG=true|INDEX_TYPE=CPI|OVERLAP=OL|SCALE=0|SECURITY_CLASSIFICATION=PUB|TYPE_OF_TRANSFORMATION=IX|aggregation=quarterly_mean,\N,"{""comparison_period"": ""2021-Q2"", ""formula"": ""100 * (quarterly_mean_cpi / same_quarter_prior_year_mean_cpi - 1)"", ""source_cpi_series_code"": ""IMF|ACCESS_SHARING_LEVEL=PUBLIC_OPEN|COICOP_1999=_T|COMMON_REFERENCE_PERIOD=2025A|FREQUENCY=M|IFS_FLAG=true|INDEX_TYPE=CPI|OVERLAP=OL|SCALE=0|SECURITY_CLASSIFICATION=PUB|TYPE_OF_TRANSFORMATION=IX|aggregation=quarterly_mean""}"
ALB,inflation_consumer_prices_yoy_pct_quarterly_imf,2022-Q3,quarterly,7.850419819804433,\N,derived,IMF_CPI,derived_yoy:IMF|ACCESS_SHARING_LEVEL=PUBLIC_OPEN|COICOP_1999=_T|COMMON_REFERENCE_PERIOD=2025A|FREQUENCY=M|IFS_FLAG=true|INDEX_TYPE=CPI|OVERLAP=OL|SCALE=0|SECURITY_CLASSIFICATION=PUB|TYPE_OF_TRANSFORMATION=IX|aggregation=quarterly_mean,\N,"{""comparison_period"": ""2021-Q3"", ""formula"": ""100 * (quarterly_mean_cpi / same_quarter_prior_year_mean_cpi - 1)"", ""source_cpi_series_code"": ""IMF|ACCESS_SHARING_LEVEL=PUBLIC_OPEN|COICOP_1999=_T|COMMON_REFERENCE_PERIOD=2025A|FREQUENCY=M|IFS_FLAG=true|INDEX_TYPE=CPI|OVERLAP=OL|SCALE=0|SECURITY_CLASSIFICATION=PUB|TYPE_OF_TRANSFORMATION=IX|aggregation=quarterly_mean""}"
ALB,inflation_consumer_prices_yoy_pct_quarterly_imf,2022-Q4,quarterly,7.856482869088888,\N,derived,IMF_CPI,derived_yoy:IMF|ACCESS_SHARING_LEVEL=PUBLIC_OPEN|COICOP_1999=_T|COMMON_REFERENCE_PERIOD=2025A|FREQUENCY=M|IFS_FLAG=true|INDEX_TYPE=CPI|OVERLAP=OL|SCALE=0|SECURITY_CLASSIFICATION=PUB|TYPE_OF_TRANSFORMATION=IX|aggregation=quarterly_mean,\N,"{""comparison_period"": ""2021-Q4"", ""formula"": ""100 * (quarterly_mean_cpi / same_quarter_prior_year_mean_cpi - 1)"", ""source_cpi_series_code"": ""IMF|ACCESS_SHARING_LEVEL=PUBLIC_OPEN|COICOP_1999=_T|COMMON_REFERENCE_PERIOD=2025A|FREQUENCY=M|IFS_FLAG=true|INDEX_TYPE=CPI|OVERLAP=OL|SCALE=0|SECURITY_CLASSIFICATION=PUB|TYPE_OF_TRANSFORMATION=IX|aggregation=quarterly_mean""}"
ARE,inflation_consumer_prices_yoy_pct_quarterly_imf,2022-Q1,quarterly,3.573503838209091,\N,derived,IMF_CPI,derived_yoy:IMF|ACCESS_SHARING_LEVEL=PUBLIC_OPEN|COICOP_1999=_T|COMMON_REFERENCE_PERIOD=2021A|FREQUENCY=M|IFS_FLAG=true|INDEX_TYPE=CPI|OVERLAP=OL|SCALE=0|SECURITY_CLASSIFICATION=PUB|TYPE_OF_TRANSFORMATION=IX|aggregation=quarterly_mean,\N,"{""comparison_period"": ""2021-Q1"", ""formula"": ""100 * (quarterly_mean_cpi / same_quarter_prior_year_mean_cpi - 1)"", ""source_cpi_series_code"": ""IMF|ACCESS_SHARING_LEVEL=PUBLIC_OPEN|COICOP_1999=_T|COMMON_REFERENCE_PERIOD=2021A|FREQUENCY=M|IFS_FLAG=true|INDEX_TYPE=CPI|OVERLAP=OL|SCALE=0|SECURITY_CLASSIFICATION=PUB|TYPE_OF_TRANSFORMATION=IX|aggregation=quarterly_mean""}"
ARE,inflation_consumer_prices_yoy_pct_quarterly_imf,2022-Q2,quarterly,6.032770789108821,\N,derived,IMF_CPI,derived_yoy:IMF|ACCESS_SHARING_LEVEL=PUBLIC_OPEN|COICOP_1999=_T|COMMON_REFERENCE_PERIOD=2021A|FREQUENCY=M|IFS_FLAG=true|INDEX_TYPE=CPI|OVERLAP=OL|SCALE=0|SECURITY_CLASSIFICATION=PUB|TYPE_OF_TRANSFORMATION=IX|aggregation=quarterly_mean,\N,"{""comparison_period"": ""2021-Q2"", ""formula"": ""100 * (quarterly_mean_cpi / same_quarter_prior_year_mean_cpi - 1)"", ""source_cpi_series_code"": ""IMF|ACCESS_SHARING_LEVEL=PUBLIC_OPEN|COICOP_1999=_T|COMMON_REFERENCE_PERIOD=2021A|FREQUENCY=M|IFS_FLAG=true|INDEX_TYPE=CPI|OVERLAP=OL|SCALE=0|SECURITY_CLASSIFICATION=PUB|TYPE_OF_TRANSFORMATION=IX|aggregation=quarterly_mean""}"
ARE,inflation_consumer_prices_yoy_pct_quarterly_imf,2022-Q3,quarterly,6.923664034648502,\N,derived,IMF_CPI,derived_yoy:IMF|ACCESS_SHARING_LEVEL=PUBLIC_OPEN|COICOP_1999=_T|COMMON_REFERENCE_PERIOD=2021A|FREQUENCY=M|IFS_FLAG=true|INDEX_TYPE=CPI|OVERLAP=OL|SCALE=0|SECURITY_CLASSIFICATION=PUB|TYPE_OF_TRANSFORMATION=IX|aggregation=quarterly_mean,\N,"{""comparison_period"": ""2021-Q3"", ""formula"": ""100 * (quarterly_mean_cpi / same_quarter_prior_year_mean_cpi - 1)"", ""source_cpi_series_code"": ""IMF|ACCESS_SHARING_LEVEL=PUBLIC_OPEN|COICOP_1999=_T|COMMON_REFERENCE_PERIOD=2021A|FREQUENCY=M|IFS_FLAG=true|INDEX_TYPE=CPI|OVERLAP=OL|SCALE=0|SECURITY_CLASSIFICATION=PUB|TYPE_OF_TRANSFORMATION=IX|aggregation=quarterly_mean""}"
ARE,inflation_consumer_prices_yoy_pct_quarterly_imf,2022-Q4,quarterly,4.629360411708361,\N,derived,IMF_CPI,derived_yoy:IMF|ACCESS_SHARING_LEVEL=PUBLIC_OPEN|COICOP_1999=_T|COMMON_REFERENCE_PERIOD=2021A|FREQUENCY=M|IFS_FLAG=true|INDEX_TYPE=CPI|OVERLAP=OL|SCALE=0|SECURITY_CLASSIFICATION=PUB|TYPE_OF_TRANSFORMATION=IX|aggregation=quarterly_mean,\N,"{""comparison_period"": ""2021-Q4"", ""formula"": ""100 * (quarterly_mean_cpi / same_quarter_prior_year_mean_cpi - 1)"", ""source_cpi_series_code"": ""IMF|ACCESS_SHARING_LEVEL=PUBLIC_OPEN|COICOP_1999=_T|COMMON_REFERENCE_PERIOD=2021A|FREQUENCY=M|IFS_FLAG=true|INDEX_TYPE=CPI|OVERLAP=OL|SCALE=0|SECURITY_CLASSIFICATION=PUB|TYPE_OF_TRANSFORMATION=IX|aggregation=quarterly_mean""}"
ARG,inflation_consumer_prices_yoy_pct_quarterly_imf,2022-Q1,quarterly,52.76676159719149,\N,derived,IMF_CPI,derived_yoy:IMF|ACCESS_SHARING_LEVEL=PUBLIC_OPEN|COICOP_1999=_T|COMMON_REFERENCE_PERIOD=2016M12|FREQUENCY=M|IFS_FLAG=true|INDEX_TYPE=CPI|OVERLAP=OL|SCALE=0|SECURITY_CLASSIFICATION=PUB|TYPE_OF_TRANSFORMATION=IX|aggregation=quarterly_mean,\N,"{""comparison_period"": ""2021-Q1"", ""formula"": ""100 * (quarterly_mean_cpi / same_quarter_prior_year_mean_cpi - 1)"", ""source_cpi_series_code"": ""IMF|ACCESS_SHARING_LEVEL=PUBLIC_OPEN|COICOP_1999=_T|COMMON_REFERENCE_PERIOD=2016M12|FREQUENCY=M|IFS_FLAG=true|INDEX_TYPE=CPI|OVERLAP=OL|SCALE=0|SECURITY_CLASSIFICATION=PUB|TYPE_OF_TRANSFORMATION=IX|aggregation=quarterly_mean""}"
ARG,inflation_consumer_prices_yoy_pct_quarterly_imf,2022-Q2,quarterly,60.96348298503778,\N,derived,IMF_CPI,derived_yoy:IMF|ACCESS_SHARING_LEVEL=PUBLIC_OPEN|COICOP_1999=_T|COMMON_REFERENCE_PERIOD=2016M12|FREQUENCY=M|IFS_FLAG=true|INDEX_TYPE=CPI|OVERLAP=OL|SCALE=0|SECURITY_CLASSIFICATION=PUB|TYPE_OF_TRANSFORMATION=IX|aggregation=quarterly_mean,\N,"{""comparison_period"": ""2021-Q2"", ""formula"": ""100 * (quarterly_mean_cpi / same_quarter_prior_year_mean_cpi - 1)"", ""source_cpi_series_code"": ""IMF|ACCESS_SHARING_LEVEL=PUBLIC_OPEN|COICOP_1999=_T|COMMON_REFERENCE_PERIOD=2016M12|FREQUENCY=M|IFS_FLAG=true|INDEX_TYPE=CPI|OVERLAP=OL|SCALE=0|SECURITY_CLASSIFICATION=PUB|TYPE_OF_TRANSFORMATION=IX|aggregation=quarterly_mean""}"
ARG,inflation_consumer_prices_yoy_pct_quarterly_imf,2022-Q3,quarterly,77.63295355850465,\N,derived,IMF_CPI,derived_yoy:IMF|ACCESS_SHARING_LEVEL=PUBLIC_OPEN|COICOP_1999=_T|COMMON_REFERENCE_PERIOD=2016M12|FREQUENCY=M|IFS_FLAG=true|INDEX_TYPE=CPI|OVERLAP=OL|SCALE=0|SECURITY_CLASSIFICATION=PUB|TYPE_OF_TRANSFORMATION=IX|aggregation=quarterly_mean,\N,"{""comparison_period"": ""2021-Q3"", ""formula"": ""100 * (quarterly_mean_cpi / same_quarter_prior_year_mean_cpi - 1)"", ""source_cpi_series_code"": ""IMF|ACCESS_SHARING_LEVEL=PUBLIC_OPEN|COICOP_1999=_T|COMMON_REFERENCE_PERIOD=2016M12|FREQUENCY=M|IFS_FLAG=true|INDEX_TYPE=CPI|OVERLAP=OL|SCALE=0|SECURITY_CLASSIFICATION=PUB|TYPE_OF_TRANSFORMATION=IX|aggregation=quarterly_mean""}"
ARG,inflation_consumer_prices_yoy_pct_quarterly_imf,2022-Q4,quarterly,91.816409784318,\N,derived,IMF_CPI,derived_yoy:IMF|ACCESS_SHARING_LEVEL=PUBLIC_OPEN|COICOP_1999=_T|COMMON_REFERENCE_PERIOD=2016M12|FREQUENCY=M|IFS_FLAG=true|INDEX_TYPE=CPI|OVERLAP=OL|SCALE=0|SECURITY_CLASSIFICATION=PUB|TYPE_OF_TRANSFORMATION=IX|aggregation=quarterly_mean,\N,"{""comparison_period"": ""2021-Q4"", ""formula"": ""100 * (quarterly_mean_cpi / same_quarter_prior_year_mean_cpi - 1)"", ""source_cpi_series_code"": ""IMF|ACCESS_SHARING_LEVEL=PUBLIC_OPEN|COICOP_1999=_T|COMMON_REFERENCE_PERIOD=2016M12|FREQUENCY=M|IFS_FLAG=true|INDEX_TYPE=CPI|OVERLAP=OL|SCALE=0|SECURITY_CLASSIFICATION=PUB|TYPE_OF_TRANSFORMATION=IX|aggregation=quarterly_mean""}"
ARM,inflation_consumer_prices_yoy_pct_quarterly_imf,2022-Q1,quarterly,6.995015860684162,\N,derived,IMF_CPI,derived_yoy:IMF|ACCESS_SHARING_LEVEL=PUBLIC_OPEN|COICOP_1999=_T|COMMON_REFERENCE_PERIOD=2010A|FREQUENCY=M|IFS_FLAG=true|INDEX_TYPE=CPI|OVERLAP=OL|SCALE=0|SECURITY_CLASSIFICATION=PUB|TYPE_OF_TRANSFORMATION=IX|aggregation=quarterly_mean,\N,"{""comparison_period"": ""2021-Q1"", ""formula"": ""100 * (quarterly_mean_cpi / same_quarter_prior_year_mean_cpi - 1)"", ""source_cpi_series_code"": ""IMF|ACCESS_SHARING_LEVEL=PUBLIC_OPEN|COICOP_1999=_T|COMMON_REFERENCE_PERIOD=2010A|FREQUENCY=M|IFS_FLAG=true|INDEX_TYPE=CPI|OVERLAP=OL|SCALE=0|SECURITY_CLASSIFICATION=PUB|TYPE_OF_TRANSFORMATION=IX|aggregation=quarterly_mean""}"
ARM,inflation_consumer_prices_yoy_pct_quarterly_imf,2022-Q2,quarterly,9.224686884740407,\N,derived,IMF_CPI,derived_yoy:IMF|ACCESS_SHARING_LEVEL=PUBLIC_OPEN|COICOP_1999=_T|COMMON_REFERENCE_PERIOD=2010A|FREQUENCY=M|IFS_FLAG=true|INDEX_TYPE=CPI|OVERLAP=OL|SCALE=0|SECURITY_CLASSIFICATION=PUB|TYPE_OF_TRANSFORMATION=IX|aggregation=quarterly_mean,\N,"{""comparison_period"": ""2021-Q2"", ""formula"": ""100 * (quarterly_mean_cpi / same_quarter_prior_year_mean_cpi - 1)"", ""source_cpi_series_code"": ""IMF|ACCESS_SHARING_LEVEL=PUBLIC_OPEN|COICOP_1999=_T|COMMON_REFERENCE_PERIOD=2010A|FREQUENCY=M|IFS_FLAG=true|INDEX_TYPE=CPI|OVERLAP=OL|SCALE=0|SECURITY_CLASSIFICATION=PUB|TYPE_OF_TRANSFORMATION=IX|aggregation=quarterly_mean""}"
ARM,inflation_consumer_prices_yoy_pct_quarterly_imf,2022-Q3,quarterly,9.455218743425075,\N,derived,IMF_CPI,derived_yoy:IMF|ACCESS_SHARING_LEVEL=PUBLIC_OPEN|COICOP_1999=_T|COMMON_REFERENCE_PERIOD=2010A|FREQUENCY=M|IFS_FLAG=true|INDEX_TYPE=CPI|OVERLAP=OL|SCALE=0|SECURITY_CLASSIFICATION=PUB|TYPE_OF_TRANSFORMATION=IX|aggregation=quarterly_mean,\N,"{""comparison_period"": ""2021-Q3"", ""formula"": ""100 * (quarterly_mean_cpi / same_quarter_prior_year_mean_cpi - 1)"", ""source_cpi_series_code"": ""IMF|ACCESS_SHARING_LEVEL=PUBLIC_OPEN|COICOP_1999=_T|COMMON_REFERENCE_PERIOD=2010A|FREQUENCY=M|IFS_FLAG=true|INDEX_TYPE=CPI|OVERLAP=OL|SCALE=0|SECURITY_CLASSIFICATION=PUB|TYPE_OF_TRANSFORMATION=IX|aggregation=quarterly_mean""}"
ARM,inflation_consumer_prices_yoy_pct_quarterly_imf,2022-Q4,quarterly,8.868501727590727,\N,derived,IMF_CPI,derived_yoy:IMF|ACCESS_SHARING_LEVEL=PUBLIC_OPEN|COICOP_1999=_T|COMMON_REFERENCE_PERIOD=2010A|FREQUENCY=M|IFS_FLAG=true|INDEX_TYPE=CPI|OVERLAP=OL|SCALE=0|SECURITY_CLASSIFICATION=PUB|TYPE_OF_TRANSFORMATION=IX|aggregation=quarterly_mean,\N,"{""comparison_period"": ""2021-Q4"", ""formula"": ""100 * (quarterly_mean_cpi / same_quarter_prior_year_mean_cpi - 1)"", ""source_cpi_series_code"": ""IMF|ACCESS_SHARING_LEVEL=PUBLIC_OPEN|COICOP_1999=_T|COMMON_REFERENCE_PERIOD=2010A|FREQUENCY=M|IFS_FLAG=true|INDEX_TYPE=CPI|OVERLAP=OL|SCALE=0|SECURITY_CLASSIFICATION=PUB|TYPE_OF_TRANSFORMATION=IX|aggregation=quarterly_mean""}"
ATG,inflation_consumer_prices_yoy_pct_quarterly_imf,2022-Q1,quarterly,4.513922498628697,\N,derived,IMF_CPI,derived_yoy:IMF|ACCESS_SHARING_LEVEL=PUBLIC_OPEN|COICOP_1999=_T|COMMON_REFERENCE_PERIOD=2019M1|FREQUENCY=M|IFS_FLAG=true|INDEX_TYPE=CPI|OVERLAP=OL|SCALE=0|SECURITY_CLASSIFICATION=PUB|TYPE_OF_TRANSFORMATION=IX|aggregation=quarterly_mean,\N,"{""comparison_period"": ""2021-Q1"", ""formula"": ""100 * (quarterly_mean_cpi / same_quarter_prior_year_mean_cpi - 1)"", ""source_cpi_series_code"": ""IMF|ACCESS_SHARING_LEVEL=PUBLIC_OPEN|COICOP_1999=_T|COMMON_REFERENCE_PERIOD=2019M1|FREQUENCY=M|IFS_FLAG=true|INDEX_TYPE=CPI|OVERLAP=OL|SCALE=0|SECURITY_CLASSIFICATION=PUB|TYPE_OF_TRANSFORMATION=IX|aggregation=quarterly_mean""}"
ATG,inflation_consumer_prices_yoy_pct_quarterly_imf,2022-Q2,quarterly,8.496605237633359,\N,derived,IMF_CPI,derived_yoy:IMF|ACCESS_SHARING_LEVEL=PUBLIC_OPEN|COICOP_1999=_T|COMMON_REFERENCE_PERIOD=2019M1|FREQUENCY=M|IFS_FLAG=true|INDEX_TYPE=CPI|OVERLAP=OL|SCALE=0|SECURITY_CLASSIFICATION=PUB|TYPE_OF_TRANSFORMATION=IX|aggregation=quarterly_mean,\N,"{""comparison_period"": ""2021-Q2"", ""formula"": ""100 * (quarterly_mean_cpi / same_quarter_prior_year_mean_cpi - 1)"", ""source_cpi_series_code"": ""IMF|ACCESS_SHARING_LEVEL=PUBLIC_OPEN|COICOP_1999=_T|COMMON_REFERENCE_PERIOD=2019M1|FREQUENCY=M|IFS_FLAG=true|INDEX_TYPE=CPI|OVERLAP=OL|SCALE=0|SECURITY_CLASSIFICATION=PUB|TYPE_OF_TRANSFORMATION=IX|aggregation=quarterly_mean""}"
ATG,inflation_consumer_prices_yoy_pct_quarterly_imf,2022-Q3,quarterly,8.503182665723653,\N,derived,IMF_CPI,derived_yoy:IMF|ACCESS_SHARING_LEVEL=PUBLIC_OPEN|COICOP_1999=_T|COMMON_REFERENCE_PERIOD=2019M1|FREQUENCY=M|IFS_FLAG=true|INDEX_TYPE=CPI|OVERLAP=OL|SCALE=0|SECURITY_CLASSIFICATION=PUB|TYPE_OF_TRANSFORMATION=IX|aggregation=quarterly_mean,\N,"{""comparison_period"": ""2021-Q3"", ""formula"": ""100 * (quarterly_mean_cpi / same_quarter_prior_year_mean_cpi - 1)"", ""source_cpi_series_code"": ""IMF|ACCESS_SHARING_LEVEL=PUBLIC_OPEN|COICOP_1999=_T|COMMON_REFERENCE_PERIOD=2019M1|FREQUENCY=M|IFS_FLAG=true|INDEX_TYPE=CPI|OVERLAP=OL|SCALE=0|SECURITY_CLASSIFICATION=PUB|TYPE_OF_TRANSFORMATION=IX|aggregation=quarterly_mean""}"
ATG,inflation_consumer_prices_yoy_pct_quarterly_imf,2022-Q4,quarterly,8.591839974599136,\N,derived,IMF_CPI,derived_yoy:IMF|ACCESS_SHARING_LEVEL=PUBLIC_OPEN|COICOP_1999=_T|COMMON_REFERENCE_PERIOD=2019M1|FREQUENCY=M|IFS_FLAG=true|INDEX_TYPE=CPI|OVERLAP=OL|SCALE=0|SECURITY_CLASSIFICATION=PUB|TYPE_OF_TRANSFORMATION=IX|aggregation=quarterly_mean,\N,"{""comparison_period"": ""2021-Q4"", ""formula"": ""100 * (quarterly_mean_cpi / same_quarter_prior_year_mean_cpi - 1)"", ""source_cpi_series_code"": ""IMF|ACCESS_SHARING_LEVEL=PUBLIC_OPEN|COICOP_1999=_T|COMMON_REFERENCE_PERIOD=2019M1|FREQUENCY=M|IFS_FLAG=true|INDEX_TYPE=CPI|OVERLAP=OL|SCALE=0|SECURITY_CLASSIFICATION=PUB|TYPE_OF_TRANSFORMATION=IX|aggregation=quarterly_mean""}"
AUT,inflation_consumer_prices_yoy_pct_quarterly_imf,2022-Q1,quarterly,5.841584158415825,\N,derived,IMF_CPI,derived_yoy:IMF|ACCESS_SHARING_LEVEL=PUBLIC_OPEN|COICOP_1999=_T|COMMON_REFERENCE_PERIOD=2025A|FREQUENCY=M|IFS_FLAG=true|INDEX_TYPE=CPI|OVERLAP=OL|SCALE=0|SECURITY_CLASSIFICATION=PUB|TYPE_OF_TRANSFORMATION=IX|aggregation=quarterly_mean,\N,"{""comparison_period"": ""2021-Q1"", ""formula"": ""100 * (quarterly_mean_cpi / same_quarter_prior_year_mean_cpi - 1)"", ""source_cpi_series_code"": ""IMF|ACCESS_SHARING_LEVEL=PUBLIC_OPEN|COICOP_1999=_T|COMMON_REFERENCE_PERIOD=2025A|FREQUENCY=M|IFS_FLAG=true|INDEX_TYPE=CPI|OVERLAP=OL|SCALE=0|SECURITY_CLASSIFICATION=PUB|TYPE_OF_TRANSFORMATION=IX|aggregation=quarterly_mean""}"
AUT,inflation_consumer_prices_yoy_pct_quarterly_imf,2022-Q2,quarterly,7.8629690048939604,\N,derived,IMF_CPI,derived_yoy:IMF|ACCESS_SHARING_LEVEL=PUBLIC_OPEN|COICOP_1999=_T|COMMON_REFERENCE_PERIOD=2025A|FREQUENCY=M|IFS_FLAG=true|INDEX_TYPE=CPI|OVERLAP=OL|SCALE=0|SECURITY_CLASSIFICATION=PUB|TYPE_OF_TRANSFORMATION=IX|aggregation=quarterly_mean,\N,"{""comparison_period"": ""2021-Q2"", ""formula"": ""100 * (quarterly_mean_cpi / same_quarter_prior_year_mean_cpi - 1)"", ""source_cpi_series_code"": ""IMF|ACCESS_SHARING_LEVEL=PUBLIC_OPEN|COICOP_1999=_T|COMMON_REFERENCE_PERIOD=2025A|FREQUENCY=M|IFS_FLAG=true|INDEX_TYPE=CPI|OVERLAP=OL|SCALE=0|SECURITY_CLASSIFICATION=PUB|TYPE_OF_TRANSFORMATION=IX|aggregation=quarterly_mean""}"
AUT,inflation_consumer_prices_yoy_pct_quarterly_imf,2022-Q3,quarterly,9.793148028442156,\N,derived,IMF_CPI,derived_yoy:IMF|ACCESS_SHARING_LEVEL=PUBLIC_OPEN|COICOP_1999=_T|COMMON_REFERENCE_PERIOD=2025A|FREQUENCY=M|IFS_FLAG=true|INDEX_TYPE=CPI|OVERLAP=OL|SCALE=0|SECURITY_CLASSIFICATION=PUB|TYPE_OF_TRANSFORMATION=IX|aggregation=quarterly_mean,\N,"{""comparison_period"": ""2021-Q3"", ""formula"": ""100 * (quarterly_mean_cpi / same_quarter_prior_year_mean_cpi - 1)"", ""source_cpi_series_code"": ""IMF|ACCESS_SHARING_LEVEL=PUBLIC_OPEN|COICOP_1999=_T|COMMON_REFERENCE_PERIOD=2025A|FREQUENCY=M|IFS_FLAG=true|INDEX_TYPE=CPI|OVERLAP=OL|SCALE=0|SECURITY_CLASSIFICATION=PUB|TYPE_OF_TRANSFORMATION=IX|aggregation=quarterly_mean""}"
AUT,inflation_consumer_prices_yoy_pct_quarterly_imf,2022-Q4,quarterly,10.59497295577474,\N,derived,IMF_CPI,derived_yoy:IMF|ACCESS_SHARING_LEVEL=PUBLIC_OPEN|COICOP_1999=_T|COMMON_REFERENCE_PERIOD=2025A|FREQUENCY=M|IFS_FLAG=true|INDEX_TYPE=CPI|OVERLAP=OL|SCALE=0|SECURITY_CLASSIFICATION=PUB|TYPE_OF_TRANSFORMATION=IX|aggregation=quarterly_mean,\N,"{""comparison_period"": ""2021-Q4"", ""formula"": ""100 * (quarterly_mean_cpi / same_quarter_prior_year_mean_cpi - 1)"", ""source_cpi_series_code"": ""IMF|ACCESS_SHARING_LEVEL=PUBLIC_OPEN|COICOP_1999=_T|COMMON_REFERENCE_PERIOD=2025A|FREQUENCY=M|IFS_FLAG=true|INDEX_TYPE=CPI|OVERLAP=OL|SCALE=0|SECURITY_CLASSIFICATION=PUB|TYPE_OF_TRANSFORMATION=IX|aggregation=quarterly_mean""}"
AZE,inflation_consumer_prices_yoy_pct_quarterly_imf,2022-Q1,quarterly,12.161474025680285,\N,derived,IMF_CPI,derived_yoy:IMF|ACCESS_SHARING_LEVEL=PUBLIC_OPEN|COICOP_1999=_T|COMMON_REFERENCE_PERIOD=2010A|FREQUENCY=M|IFS_FLAG=true|INDEX_TYPE=CPI|OVERLAP=OL|SCALE=0|SECURITY_CLASSIFICATION=PUB|TYPE_OF_TRANSFORMATION=IX|aggregation=quarterly_mean,\N,"{""comparison_period"": ""2021-Q1"", ""formula"": ""100 * (quarterly_mean_cpi / same_quarter_prior_year_mean_cpi - 1)"", ""source_cpi_series_code"": ""IMF|ACCESS_SHARING_LEVEL=PUBLIC_OPEN|COICOP_1999=_T|COMMON_REFERENCE_PERIOD=2010A|FREQUENCY=M|IFS_FLAG=true|INDEX_TYPE=CPI|OVERLAP=OL|SCALE=0|SECURITY_CLASSIFICATION=PUB|TYPE_OF_TRANSFORMATION=IX|aggregation=quarterly_mean""}"
AZE,inflation_consumer_prices_yoy_pct_quarterly_imf,2022-Q2,quarterly,13.628366638676104,\N,derived,IMF_CPI,derived_yoy:IMF|ACCESS_SHARING_LEVEL=PUBLIC_OPEN|COICOP_1999=_T|COMMON_REFERENCE_PERIOD=2010A|FREQUENCY=M|IFS_FLAG=true|INDEX_TYPE=CPI|OVERLAP=OL|SCALE=0|SECURITY_CLASSIFICATION=PUB|TYPE_OF_TRANSFORMATION=IX|aggregation=quarterly_mean,\N,"{""comparison_period"": ""2021-Q2"", ""formula"": ""100 * (quarterly_mean_cpi / same_quarter_prior_year_mean_cpi - 1)"", ""source_cpi_series_code"": ""IMF|ACCESS_SHARING_LEVEL=PUBLIC_OPEN|COICOP_1999=_T|COMMON_REFERENCE_PERIOD=2010A|FREQUENCY=M|IFS_FLAG=true|INDEX_TYPE=CPI|OVERLAP=OL|SCALE=0|SECURITY_CLASSIFICATION=PUB|TYPE_OF_TRANSFORMATION=IX|aggregation=quarterly_mean""}"
AZE,inflation_consumer_prices_yoy_pct_quarterly_imf,2022-Q3,quarterly,14.499004042167552,\N,derived,IMF_CPI,derived_yoy:IMF|ACCESS_SHARING_LEVEL=PUBLIC_OPEN|COICOP_1999=_T|COMMON_REFERENCE_PERIOD=2010A|FREQUENCY=M|IFS_FLAG=true|INDEX_TYPE=CPI|OVERLAP=OL|SCALE=0|SECURITY_CLASSIFICATION=PUB|TYPE_OF_TRANSFORMATION=IX|aggregation=quarterly_mean,\N,"{""comparison_period"": ""2021-Q3"", ""formula"": ""100 * (quarterly_mean_cpi / same_quarter_prior_year_mean_cpi - 1)"", ""source_cpi_series_code"": ""IMF|ACCESS_SHARING_LEVEL=PUBLIC_OPEN|COICOP_1999=_T|COMMON_REFERENCE_PERIOD=2010A|FREQUENCY=M|IFS_FLAG=true|INDEX_TYPE=CPI|OVERLAP=OL|SCALE=0|SECURITY_CLASSIFICATION=PUB|TYPE_OF_TRANSFORMATION=IX|aggregation=quarterly_mean""}"
AZE,inflation_consumer_prices_yoy_pct_quarterly_imf,2022-Q4,quarterly,15.017550581103855,\N,derived,IMF_CPI,derived_yoy:IMF|ACCESS_SHARING_LEVEL=PUBLIC_OPEN|COICOP_1999=_T|COMMON_REFERENCE_PERIOD=2010A|FREQUENCY=M|IFS_FLAG=true|INDEX_TYPE=CPI|OVERLAP=OL|SCALE=0|SECURITY_CLASSIFICATION=PUB|TYPE_OF_TRANSFORMATION=IX|aggregation=quarterly_mean,\N,"{""comparison_period"": ""2021-Q4"", ""formula"": ""100 * (quarterly_mean_cpi / same_quarter_prior_year_mean_cpi - 1)"", ""source_cpi_series_code"": ""IMF|ACCESS_SHARING_LEVEL=PUBLIC_OPEN|COICOP_1999=_T|COMMON_REFERENCE_PERIOD=2010A|FREQUENCY=M|IFS_FLAG=true|INDEX_TYPE=CPI|OVERLAP=OL|SCALE=0|SECURITY_CLASSIFICATION=PUB|TYPE_OF_TRANSFORMATION=IX|aggregation=quarterly_mean""}"
BDI,inflation_consumer_prices_yoy_pct_quarterly_imf,2022-Q1,quarterly,12.593783494105049,\N,derived,IMF_CPI,derived_yoy:IMF|ACCESS_SHARING_LEVEL=PUBLIC_OPEN|COICOP_1999=_T|COMMON_REFERENCE_PERIOD=2016A|FREQUENCY=M|IFS_FLAG=true|INDEX_TYPE=CPI|OVERLAP=OL|SCALE=0|SECURITY_CLASSIFICATION=PUB|TYPE_OF_TRANSFORMATION=IX|aggregation=quarterly_mean,\N,"{""comparison_period"": ""2021-Q1"", ""formula"": ""100 * (quarterly_mean_cpi / same_quarter_prior_year_mean_cpi - 1)"", ""source_cpi_series_code"": ""IMF|ACCESS_SHARING_LEVEL=PUBLIC_OPEN|COICOP_1999=_T|COMMON_REFERENCE_PERIOD=2016A|FREQUENCY=M|IFS_FLAG=true|INDEX_TYPE=CPI|OVERLAP=OL|SCALE=0|SECURITY_CLASSIFICATION=PUB|TYPE_OF_TRANSFORMATION=IX|aggregation=quarterly_mean""}"
BDI,inflation_consumer_prices_yoy_pct_quarterly_imf,2022-Q2,quarterly,17.07760186867373,\N,derived,IMF_CPI,derived_yoy:IMF|ACCESS_SHARING_LEVEL=PUBLIC_OPEN|COICOP_1999=_T|COMMON_REFERENCE_PERIOD=2016A|FREQUENCY=M|IFS_FLAG=true|INDEX_TYPE=CPI|OVERLAP=OL|SCALE=0|SECURITY_CLASSIFICATION=PUB|TYPE_OF_TRANSFORMATION=IX|aggregation=quarterly_mean,\N,"{""comparison_period"": ""2021-Q2"", ""formula"": ""100 * (quarterly_mean_cpi / same_quarter_prior_year_mean_cpi - 1)"", ""source_cpi_series_code"": ""IMF|ACCESS_SHARING_LEVEL=PUBLIC_OPEN|COICOP_1999=_T|COMMON_REFERENCE_PERIOD=2016A|FREQUENCY=M|IFS_FLAG=true|INDEX_TYPE=CPI|OVERLAP=OL|SCALE=0|SECURITY_CLASSIFICATION=PUB|TYPE_OF_TRANSFORMATION=IX|aggregation=quarterly_mean""}"
BDI,inflation_consumer_prices_yoy_pct_quarterly_imf,2022-Q3,quarterly,19.851052901900367,\N,derived,IMF_CPI,derived_yoy:IMF|ACCESS_SHARING_LEVEL=PUBLIC_OPEN|COICOP_1999=_T|COMMON_REFERENCE_PERIOD=2016A|FREQUENCY=M|IFS_FLAG=true|INDEX_TYPE=CPI|OVERLAP=OL|SCALE=0|SECURITY_CLASSIFICATION=PUB|TYPE_OF_TRANSFORMATION=IX|aggregation=quarterly_mean,\N,"{""comparison_period"": ""2021-Q3"", ""formula"": ""100 * (quarterly_mean_cpi / same_quarter_prior_year_mean_cpi - 1)"", ""source_cpi_series_code"": ""IMF|ACCESS_SHARING_LEVEL=PUBLIC_OPEN|COICOP_1999=_T|COMMON_REFERENCE_PERIOD=2016A|FREQUENCY=M|IFS_FLAG=true|INDEX_TYPE=CPI|OVERLAP=OL|SCALE=0|SECURITY_CLASSIFICATION=PUB|TYPE_OF_TRANSFORMATION=IX|aggregation=quarterly_mean""}"
BDI,inflation_consumer_prices_yoy_pct_quarterly_imf,2022-Q4,quarterly,25.231307826956773,\N,derived,IMF_CPI,derived_yoy:IMF|ACCESS_SHARING_LEVEL=PUBLIC_OPEN|COICOP_1999=_T|COMMON_REFERENCE_PERIOD=2016A|FREQUENCY=M|IFS_FLAG=true|INDEX_TYPE=CPI|OVERLAP=OL|SCALE=0|SECURITY_CLASSIFICATION=PUB|TYPE_OF_TRANSFORMATION=IX|aggregation=quarterly_mean,\N,"{""comparison_period"": ""2021-Q4"", ""formula"": ""100 * (quarterly_mean_cpi / same_quarter_prior_year_mean_cpi - 1)"", ""source_cpi_series_code"": ""IMF|ACCESS_SHARING_LEVEL=PUBLIC_OPEN|COICOP_1999=_T|COMMON_REFERENCE_PERIOD=2016A|FREQUENCY=M|IFS_FLAG=true|INDEX_TYPE=CPI|OVERLAP=OL|SCALE=0|SECURITY_CLASSIFICATION=PUB|TYPE_OF_TRANSFORMATION=IX|aggregation=quarterly_mean""}"
BEL,inflation_consumer_prices_yoy_pct_quarterly_imf,2022-Q1,quarterly,7.9739792161033884,\N,derived,IMF_CPI,derived_yoy:IMF|ACCESS_SHARING_LEVEL=PUBLIC_OPEN|COICOP_1999=_T|COMMON_REFERENCE_PERIOD=2025A|FREQUENCY=M|IFS_FLAG=true|INDEX_TYPE=CPI|OVERLAP=OL|SCALE=0|SECURITY_CLASSIFICATION=PUB|TYPE_OF_TRANSFORMATION=IX|aggregation=quarterly_mean,\N,"{""comparison_period"": ""2021-Q1"", ""formula"": ""100 * (quarterly_mean_cpi / same_quarter_prior_year_mean_cpi - 1)"", ""source_cpi_series_code"": ""IMF|ACCESS_SHARING_LEVEL=PUBLIC_OPEN|COICOP_1999=_T|COMMON_REFERENCE_PERIOD=2025A|FREQUENCY=M|IFS_FLAG=true|INDEX_TYPE=CPI|OVERLAP=OL|SCALE=0|SECURITY_CLASSIFICATION=PUB|TYPE_OF_TRANSFORMATION=IX|aggregation=quarterly_mean""}"
BEL,inflation_consumer_prices_yoy_pct_quarterly_imf,2022-Q2,quarterly,8.977221974095539,\N,derived,IMF_CPI,derived_yoy:IMF|ACCESS_SHARING_LEVEL=PUBLIC_OPEN|COICOP_1999=_T|COMMON_REFERENCE_PERIOD=2025A|FREQUENCY=M|IFS_FLAG=true|INDEX_TYPE=CPI|OVERLAP=OL|SCALE=0|SECURITY_CLASSIFICATION=PUB|TYPE_OF_TRANSFORMATION=IX|aggregation=quarterly_mean,\N,"{""comparison_period"": ""2021-Q2"", ""formula"": ""100 * (quarterly_mean_cpi / same_quarter_prior_year_mean_cpi - 1)"", ""source_cpi_series_code"": ""IMF|ACCESS_SHARING_LEVEL=PUBLIC_OPEN|COICOP_1999=_T|COMMON_REFERENCE_PERIOD=2025A|FREQUENCY=M|IFS_FLAG=true|INDEX_TYPE=CPI|OVERLAP=OL|SCALE=0|SECURITY_CLASSIFICATION=PUB|TYPE_OF_TRANSFORMATION=IX|aggregation=quarterly_mean""}"
BEL,inflation_consumer_prices_yoy_pct_quarterly_imf,2022-Q3,quarterly,10.282920573855915,\N,derived,IMF_CPI,derived_yoy:IMF|ACCESS_SHARING_LEVEL=PUBLIC_OPEN|COICOP_1999=_T|COMMON_REFERENCE_PERIOD=2025A|FREQUENCY=M|IFS_FLAG=true|INDEX_TYPE=CPI|OVERLAP=OL|SCALE=0|SECURITY_CLASSIFICATION=PUB|TYPE_OF_TRANSFORMATION=IX|aggregation=quarterly_mean,\N,"{""comparison_period"": ""2021-Q3"", ""formula"": ""100 * (quarterly_mean_cpi / same_quarter_prior_year_mean_cpi - 1)"", ""source_cpi_series_code"": ""IMF|ACCESS_SHARING_LEVEL=PUBLIC_OPEN|COICOP_1999=_T|COMMON_REFERENCE_PERIOD=2025A|FREQUENCY=M|IFS_FLAG=true|INDEX_TYPE=CPI|OVERLAP=OL|SCALE=0|SECURITY_CLASSIFICATION=PUB|TYPE_OF_TRANSFORMATION=IX|aggregation=quarterly_mean""}"
BEL,inflation_consumer_prices_yoy_pct_quarterly_imf,2022-Q4,quarterly,11.080223953643165,\N,derived,IMF_CPI,derived_yoy:IMF|ACCESS_SHARING_LEVEL=PUBLIC_OPEN|COICOP_1999=_T|COMMON_REFERENCE_PERIOD=2025A|FREQUENCY=M|IFS_FLAG=true|INDEX_TYPE=CPI|OVERLAP=OL|SCALE=0|SECURITY_CLASSIFICATION=PUB|TYPE_OF_TRANSFORMATION=IX|aggregation=quarterly_mean,\N,"{""comparison_period"": ""2021-Q4"", ""formula"": ""100 * (quarterly_mean_cpi / same_quarter_prior_year_mean_cpi - 1)"", ""source_cpi_series_code"": ""IMF|ACCESS_SHARING_LEVEL=PUBLIC_OPEN|COICOP_1999=_T|COMMON_REFERENCE_PERIOD=2025A|FREQUENCY=M|IFS_FLAG=true|INDEX_TYPE=CPI|OVERLAP=OL|SCALE=0|SECURITY_CLASSIFICATION=PUB|TYPE_OF_TRANSFORMATION=IX|aggregation=quarterly_mean""}"
BEN,inflation_consumer_prices_yoy_pct_quarterly_imf,2022-Q1,quarterly,4.126151850213211,\N,derived,IMF_CPI,derived_yoy:IMF|ACCESS_SHARING_LEVEL=PUBLIC_OPEN|COICOP_1999=_T|COMMON_REFERENCE_PERIOD=2023A|FREQUENCY=M|IFS_FLAG=true|INDEX_TYPE=CPI|OVERLAP=OL|SCALE=0|SECURITY_CLASSIFICATION=PUB|TYPE_OF_TRANSFORMATION=IX|aggregation=quarterly_mean,\N,"{""comparison_period"": ""2021-Q1"", ""formula"": ""100 * (quarterly_mean_cpi / same_quarter_prior_year_mean_cpi - 1)"", ""source_cpi_series_code"": ""IMF|ACCESS_SHARING_LEVEL=PUBLIC_OPEN|COICOP_1999=_T|COMMON_REFERENCE_PERIOD=2023A|FREQUENCY=M|IFS_FLAG=true|INDEX_TYPE=CPI|OVERLAP=OL|SCALE=0|SECURITY_CLASSIFICATION=PUB|TYPE_OF_TRANSFORMATION=IX|aggregation=quarterly_mean""}"
BEN,inflation_consumer_prices_yoy_pct_quarterly_imf,2022-Q2,quarterly,-0.3852275631739288,\N,derived,IMF_CPI,derived_yoy:IMF|ACCESS_SHARING_LEVEL=PUBLIC_OPEN|COICOP_1999=_T|COMMON_REFERENCE_PERIOD=2023A|FREQUENCY=M|IFS_FLAG=true|INDEX_TYPE=CPI|OVERLAP=OL|SCALE=0|SECURITY_CLASSIFICATION=PUB|TYPE_OF_TRANSFORMATION=IX|aggregation=quarterly_mean,\N,"{""comparison_period"": ""2021-Q2"", ""formula"": ""100 * (quarterly_mean_cpi / same_quarter_prior_year_mean_cpi - 1)"", ""source_cpi_series_code"": ""IMF|ACCESS_SHARING_LEVEL=PUBLIC_OPEN|COICOP_1999=_T|COMMON_REFERENCE_PERIOD=2023A|FREQUENCY=M|IFS_FLAG=true|INDEX_TYPE=CPI|OVERLAP=OL|SCALE=0|SECURITY_CLASSIFICATION=PUB|TYPE_OF_TRANSFORMATION=IX|aggregation=quarterly_mean""}"
BEN,inflation_consumer_prices_yoy_pct_quarterly_imf,2022-Q3,quarterly,-0.9374534120859979,\N,derived,IMF_CPI,derived_yoy:IMF|ACCESS_SHARING_LEVEL=PUBLIC_OPEN|COICOP_1999=_T|COMMON_REFERENCE_PERIOD=2023A|FREQUENCY=M|IFS_FLAG=true|INDEX_TYPE=CPI|OVERLAP=OL|SCALE=0|SECURITY_CLASSIFICATION=PUB|TYPE_OF_TRANSFORMATION=IX|aggregation=quarterly_mean,\N,"{""comparison_period"": ""2021-Q3"", ""formula"": ""100 * (quarterly_mean_cpi / same_quarter_prior_year_mean_cpi - 1)"", ""source_cpi_series_code"": ""IMF|ACCESS_SHARING_LEVEL=PUBLIC_OPEN|COICOP_1999=_T|COMMON_REFERENCE_PERIOD=2023A|FREQUENCY=M|IFS_FLAG=true|INDEX_TYPE=CPI|OVERLAP=OL|SCALE=0|SECURITY_CLASSIFICATION=PUB|TYPE_OF_TRANSFORMATION=IX|aggregation=quarterly_mean""}"
BEN,inflation_consumer_prices_yoy_pct_quarterly_imf,2022-Q4,quarterly,2.709996893180966,\N,derived,IMF_CPI,derived_yoy:IMF|ACCESS_SHARING_LEVEL=PUBLIC_OPEN|COICOP_1999=_T|COMMON_REFERENCE_PERIOD=2023A|FREQUENCY=M|IFS_FLAG=true|INDEX_TYPE=CPI|OVERLAP=OL|SCALE=0|SECURITY_CLASSIFICATION=PUB|TYPE_OF_TRANSFORMATION=IX|aggregation=quarterly_mean,\N,"{""comparison_period"": ""2021-Q4"", ""formula"": ""100 * (quarterly_mean_cpi / same_quarter_prior_year_mean_cpi - 1)"", ""source_cpi_series_code"": ""IMF|ACCESS_SHARING_LEVEL=PUBLIC_OPEN|COICOP_1999=_T|COMMON_REFERENCE_PERIOD=2023A|FREQUENCY=M|IFS_FLAG=true|INDEX_TYPE=CPI|OVERLAP=OL|SCALE=0|SECURITY_CLASSIFICATION=PUB|TYPE_OF_TRANSFORMATION=IX|aggregation=quarterly_mean""}"
BFA,inflation_consumer_prices_yoy_pct_quarterly_imf,2022-Q1,quarterly,10.257066120987357,\N,derived,IMF_CPI,derived_yoy:IMF|ACCESS_SHARING_LEVEL=PUBLIC_OPEN|COICOP_1999=_T|COMMON_REFERENCE_PERIOD=2023A|FREQUENCY=M|IFS_FLAG=true|INDEX_TYPE=CPI|OVERLAP=OL|SCALE=0|SECURITY_CLASSIFICATION=PUB|TYPE_OF_TRANSFORMATION=IX|aggregation=quarterly_mean,\N,"{""comparison_period"": ""2021-Q1"", ""formula"": ""100 * (quarterly_mean_cpi / same_quarter_prior_year_mean_cpi - 1)"", ""source_cpi_series_code"": ""IMF|ACCESS_SHARING_LEVEL=PUBLIC_OPEN|COICOP_1999=_T|COMMON_REFERENCE_PERIOD=2023A|FREQUENCY=M|IFS_FLAG=true|INDEX_TYPE=CPI|OVERLAP=OL|SCALE=0|SECURITY_CLASSIFICATION=PUB|TYPE_OF_TRANSFORMATION=IX|aggregation=quarterly_mean""}"
BFA,inflation_consumer_prices_yoy_pct_quarterly_imf,2022-Q2,quarterly,16.074923119932883,\N,derived,IMF_CPI,derived_yoy:IMF|ACCESS_SHARING_LEVEL=PUBLIC_OPEN|COICOP_1999=_T|COMMON_REFERENCE_PERIOD=2023A|FREQUENCY=M|IFS_FLAG=true|INDEX_TYPE=CPI|OVERLAP=OL|SCALE=0|SECURITY_CLASSIFICATION=PUB|TYPE_OF_TRANSFORMATION=IX|aggregation=quarterly_mean,\N,"{""comparison_period"": ""2021-Q2"", ""formula"": ""100 * (quarterly_mean_cpi / same_quarter_prior_year_mean_cpi - 1)"", ""source_cpi_series_code"": ""IMF|ACCESS_SHARING_LEVEL=PUBLIC_OPEN|COICOP_1999=_T|COMMON_REFERENCE_PERIOD=2023A|FREQUENCY=M|IFS_FLAG=true|INDEX_TYPE=CPI|OVERLAP=OL|SCALE=0|SECURITY_CLASSIFICATION=PUB|TYPE_OF_TRANSFORMATION=IX|aggregation=quarterly_mean""}"
BFA,inflation_consumer_prices_yoy_pct_quarterly_imf,2022-Q3,quarterly,18.50565527415786,\N,derived,IMF_CPI,derived_yoy:IMF|ACCESS_SHARING_LEVEL=PUBLIC_OPEN|COICOP_1999=_T|COMMON_REFERENCE_PERIOD=2023A|FREQUENCY=M|IFS_FLAG=true|INDEX_TYPE=CPI|OVERLAP=OL|SCALE=0|SECURITY_CLASSIFICATION=PUB|TYPE_OF_TRANSFORMATION=IX|aggregation=quarterly_mean,\N,"{""comparison_period"": ""2021-Q3"", ""formula"": ""100 * (quarterly_mean_cpi / same_quarter_prior_year_mean_cpi - 1)"", ""source_cpi_series_code"": ""IMF|ACCESS_SHARING_LEVEL=PUBLIC_OPEN|COICOP_1999=_T|COMMON_REFERENCE_PERIOD=2023A|FREQUENCY=M|IFS_FLAG=true|INDEX_TYPE=CPI|OVERLAP=OL|SCALE=0|SECURITY_CLASSIFICATION=PUB|TYPE_OF_TRANSFORMATION=IX|aggregation=quarterly_mean""}"
BFA,inflation_consumer_prices_yoy_pct_quarterly_imf,2022-Q4,quarterly,12.249217469071416,\N,derived,IMF_CPI,derived_yoy:IMF|ACCESS_SHARING_LEVEL=PUBLIC_OPEN|COICOP_1999=_T|COMMON_REFERENCE_PERIOD=2023A|FREQUENCY=M|IFS_FLAG=true|INDEX_TYPE=CPI|OVERLAP=OL|SCALE=0|SECURITY_CLASSIFICATION=PUB|TYPE_OF_TRANSFORMATION=IX|aggregation=quarterly_mean,\N,"{""comparison_period"": ""2021-Q4"", ""formula"": ""100 * (quarterly_mean_cpi / same_quarter_prior_year_mean_cpi - 1)"", ""source_cpi_series_code"": ""IMF|ACCESS_SHARING_LEVEL=PUBLIC_OPEN|COICOP_1999=_T|COMMON_REFERENCE_PERIOD=2023A|FREQUENCY=M|IFS_FLAG=true|INDEX_TYPE=CPI|OVERLAP=OL|SCALE=0|SECURITY_CLASSIFICATION=PUB|TYPE_OF_TRANSFORMATION=IX|aggregation=quarterly_mean""}"
BGD,inflation_consumer_prices_yoy_pct_quarterly_imf,2022-Q1,quarterly,6.082839422669051,\N,derived,IMF_CPI,derived_yoy:IMF|ACCESS_SHARING_LEVEL=PUBLIC_OPEN|COICOP_1999=_T|COMMON_REFERENCE_PERIOD=2021A|FREQUENCY=M|IFS_FLAG=true|INDEX_TYPE=CPI|OVERLAP=OL|SCALE=0|SECURITY_CLASSIFICATION=PUB|TYPE_OF_TRANSFORMATION=IX|aggregation=quarterly_mean,\N,"{""comparison_period"": ""2021-Q1"", ""formula"": ""100 * (quarterly_mean_cpi / same_quarter_prior_year_mean_cpi - 1)"", ""source_cpi_series_code"": ""IMF|ACCESS_SHARING_LEVEL=PUBLIC_OPEN|COICOP_1999=_T|COMMON_REFERENCE_PERIOD=2021A|FREQUENCY=M|IFS_FLAG=true|INDEX_TYPE=CPI|OVERLAP=OL|SCALE=0|SECURITY_CLASSIFICATION=PUB|TYPE_OF_TRANSFORMATION=IX|aggregation=quarterly_mean""}"
BGD,inflation_consumer_prices_yoy_pct_quarterly_imf,2022-Q2,quarterly,7.088723526044616,\N,derived,IMF_CPI,derived_yoy:IMF|ACCESS_SHARING_LEVEL=PUBLIC_OPEN|COICOP_1999=_T|COMMON_REFERENCE_PERIOD=2021A|FREQUENCY=M|IFS_FLAG=true|INDEX_TYPE=CPI|OVERLAP=OL|SCALE=0|SECURITY_CLASSIFICATION=PUB|TYPE_OF_TRANSFORMATION=IX|aggregation=quarterly_mean,\N,"{""comparison_period"": ""2021-Q2"", ""formula"": ""100 * (quarterly_mean_cpi / same_quarter_prior_year_mean_cpi - 1)"", ""source_cpi_series_code"": ""IMF|ACCESS_SHARING_LEVEL=PUBLIC_OPEN|COICOP_1999=_T|COMMON_REFERENCE_PERIOD=2021A|FREQUENCY=M|IFS_FLAG=true|INDEX_TYPE=CPI|OVERLAP=OL|SCALE=0|SECURITY_CLASSIFICATION=PUB|TYPE_OF_TRANSFORMATION=IX|aggregation=quarterly_mean""}"
BGD,inflation_consumer_prices_yoy_pct_quarterly_imf,2022-Q3,quarterly,8.705900752954832,\N,derived,IMF_CPI,derived_yoy:IMF|ACCESS_SHARING_LEVEL=PUBLIC_OPEN|COICOP_1999=_T|COMMON_REFERENCE_PERIOD=2021A|FREQUENCY=M|IFS_FLAG=true|INDEX_TYPE=CPI|OVERLAP=OL|SCALE=0|SECURITY_CLASSIFICATION=PUB|TYPE_OF_TRANSFORMATION=IX|aggregation=quarterly_mean,\N,"{""comparison_period"": ""2021-Q3"", ""formula"": ""100 * (quarterly_mean_cpi / same_quarter_prior_year_mean_cpi - 1)"", ""source_cpi_series_code"": ""IMF|ACCESS_SHARING_LEVEL=PUBLIC_OPEN|COICOP_1999=_T|COMMON_REFERENCE_PERIOD=2021A|FREQUENCY=M|IFS_FLAG=true|INDEX_TYPE=CPI|OVERLAP=OL|SCALE=0|SECURITY_CLASSIFICATION=PUB|TYPE_OF_TRANSFORMATION=IX|aggregation=quarterly_mean""}"
BGD,inflation_consumer_prices_yoy_pct_quarterly_imf,2022-Q4,quarterly,8.825291036405435,\N,derived,IMF_CPI,derived_yoy:IMF|ACCESS_SHARING_LEVEL=PUBLIC_OPEN|COICOP_1999=_T|COMMON_REFERENCE_PERIOD=2021A|FREQUENCY=M|IFS_FLAG=true|INDEX_TYPE=CPI|OVERLAP=OL|SCALE=0|SECURITY_CLASSIFICATION=PUB|TYPE_OF_TRANSFORMATION=IX|aggregation=quarterly_mean,\N,"{""comparison_period"": ""2021-Q4"", ""formula"": ""100 * (quarterly_mean_cpi / same_quarter_prior_year_mean_cpi - 1)"", ""source_cpi_series_code"": ""IMF|ACCESS_SHARING_LEVEL=PUBLIC_OPEN|COICOP_1999=_T|COMMON_REFERENCE_PERIOD=2021A|FREQUENCY=M|IFS_FLAG=true|INDEX_TYPE=CPI|OVERLAP=OL|SCALE=0|SECURITY_CLASSIFICATION=PUB|TYPE_OF_TRANSFORMATION=IX|aggregation=quarterly_mean""}"
BGR,inflation_consumer_prices_yoy_pct_quarterly_imf,2022-Q1,quarterly,10.51359330493209,\N,derived,IMF_CPI,derived_yoy:IMF|ACCESS_SHARING_LEVEL=PUBLIC_OPEN|COICOP_1999=_T|COMMON_REFERENCE_PERIOD=2025A|FREQUENCY=M|IFS_FLAG=true|INDEX_TYPE=CPI|OVERLAP=OL|SCALE=0|SECURITY_CLASSIFICATION=PUB|TYPE_OF_TRANSFORMATION=IX|aggregation=quarterly_mean,\N,"{""comparison_period"": ""2021-Q1"", ""formula"": ""100 * (quarterly_mean_cpi / same_quarter_prior_year_mean_cpi - 1)"", ""source_cpi_series_code"": ""IMF|ACCESS_SHARING_LEVEL=PUBLIC_OPEN|COICOP_1999=_T|COMMON_REFERENCE_PERIOD=2025A|FREQUENCY=M|IFS_FLAG=true|INDEX_TYPE=CPI|OVERLAP=OL|SCALE=0|SECURITY_CLASSIFICATION=PUB|TYPE_OF_TRANSFORMATION=IX|aggregation=quarterly_mean""}"
BGR,inflation_consumer_prices_yoy_pct_quarterly_imf,2022-Q2,quarterly,15.609643386523508,\N,derived,IMF_CPI,derived_yoy:IMF|ACCESS_SHARING_LEVEL=PUBLIC_OPEN|COICOP_1999=_T|COMMON_REFERENCE_PERIOD=2025A|FREQUENCY=M|IFS_FLAG=true|INDEX_TYPE=CPI|OVERLAP=OL|SCALE=0|SECURITY_CLASSIFICATION=PUB|TYPE_OF_TRANSFORMATION=IX|aggregation=quarterly_mean,\N,"{""comparison_period"": ""2021-Q2"", ""formula"": ""100 * (quarterly_mean_cpi / same_quarter_prior_year_mean_cpi - 1)"", ""source_cpi_series_code"": ""IMF|ACCESS_SHARING_LEVEL=PUBLIC_OPEN|COICOP_1999=_T|COMMON_REFERENCE_PERIOD=2025A|FREQUENCY=M|IFS_FLAG=true|INDEX_TYPE=CPI|OVERLAP=OL|SCALE=0|SECURITY_CLASSIFICATION=PUB|TYPE_OF_TRANSFORMATION=IX|aggregation=quarterly_mean""}"
BGR,inflation_consumer_prices_yoy_pct_quarterly_imf,2022-Q3,quarterly,17.89475376833405,\N,derived,IMF_CPI,derived_yoy:IMF|ACCESS_SHARING_LEVEL=PUBLIC_OPEN|COICOP_1999=_T|COMMON_REFERENCE_PERIOD=2025A|FREQUENCY=M|IFS_FLAG=true|INDEX_TYPE=CPI|OVERLAP=OL|SCALE=0|SECURITY_CLASSIFICATION=PUB|TYPE_OF_TRANSFORMATION=IX|aggregation=quarterly_mean,\N,"{""comparison_period"": ""2021-Q3"", ""formula"": ""100 * (quarterly_mean_cpi / same_quarter_prior_year_mean_cpi - 1)"", ""source_cpi_series_code"": ""IMF|ACCESS_SHARING_LEVEL=PUBLIC_OPEN|COICOP_1999=_T|COMMON_REFERENCE_PERIOD=2025A|FREQUENCY=M|IFS_FLAG=true|INDEX_TYPE=CPI|OVERLAP=OL|SCALE=0|SECURITY_CLASSIFICATION=PUB|TYPE_OF_TRANSFORMATION=IX|aggregation=quarterly_mean""}"
BGR,inflation_consumer_prices_yoy_pct_quarterly_imf,2022-Q4,quarterly,17.114145319081086,\N,derived,IMF_CPI,derived_yoy:IMF|ACCESS_SHARING_LEVEL=PUBLIC_OPEN|COICOP_1999=_T|COMMON_REFERENCE_PERIOD=2025A|FREQUENCY=M|IFS_FLAG=true|INDEX_TYPE=CPI|OVERLAP=OL|SCALE=0|SECURITY_CLASSIFICATION=PUB|TYPE_OF_TRANSFORMATION=IX|aggregation=quarterly_mean,\N,"{""comparison_period"": ""2021-Q4"", ""formula"": ""100 * (quarterly_mean_cpi / same_quarter_prior_year_mean_cpi - 1)"", ""source_cpi_series_code"": ""IMF|ACCESS_SHARING_LEVEL=PUBLIC_OPEN|COICOP_1999=_T|COMMON_REFERENCE_PERIOD=2025A|FREQUENCY=M|IFS_FLAG=true|INDEX_TYPE=CPI|OVERLAP=OL|SCALE=0|SECURITY_CLASSIFICATION=PUB|TYPE_OF_TRANSFORMATION=IX|aggregation=quarterly_mean""}"
BHR,inflation_consumer_prices_yoy_pct_quarterly_imf,2022-Q1,quarterly,3.3816425120772875,\N,derived,IMF_CPI,derived_yoy:IMF|ACCESS_SHARING_LEVEL=PUBLIC_OPEN|COICOP_1999=_T|COMMON_REFERENCE_PERIOD=2019M4|FREQUENCY=M|IFS_FLAG=true|INDEX_TYPE=CPI|OVERLAP=OL|SCALE=0|SECURITY_CLASSIFICATION=PUB|TYPE_OF_TRANSFORMATION=IX|aggregation=quarterly_mean,\N,"{""comparison_period"": ""2021-Q1"", ""formula"": ""100 * (quarterly_mean_cpi / same_quarter_prior_year_mean_cpi - 1)"", ""source_cpi_series_code"": ""IMF|ACCESS_SHARING_LEVEL=PUBLIC_OPEN|COICOP_1999=_T|COMMON_REFERENCE_PERIOD=2019M4|FREQUENCY=M|IFS_FLAG=true|INDEX_TYPE=CPI|OVERLAP=OL|SCALE=0|SECURITY_CLASSIFICATION=PUB|TYPE_OF_TRANSFORMATION=IX|aggregation=quarterly_mean""}"
BHR,inflation_consumer_prices_yoy_pct_quarterly_imf,2022-Q2,quarterly,3.3804760262159395,\N,derived,IMF_CPI,derived_yoy:IMF|ACCESS_SHARING_LEVEL=PUBLIC_OPEN|COICOP_1999=_T|COMMON_REFERENCE_PERIOD=2019M4|FREQUENCY=M|IFS_FLAG=true|INDEX_TYPE=CPI|OVERLAP=OL|SCALE=0|SECURITY_CLASSIFICATION=PUB|TYPE_OF_TRANSFORMATION=IX|aggregation=quarterly_mean,\N,"{""comparison_period"": ""2021-Q2"", ""formula"": ""100 * (quarterly_mean_cpi / same_quarter_prior_year_mean_cpi - 1)"", ""source_cpi_series_code"": ""IMF|ACCESS_SHARING_LEVEL=PUBLIC_OPEN|COICOP_1999=_T|COMMON_REFERENCE_PERIOD=2019M4|FREQUENCY=M|IFS_FLAG=true|INDEX_TYPE=CPI|OVERLAP=OL|SCALE=0|SECURITY_CLASSIFICATION=PUB|TYPE_OF_TRANSFORMATION=IX|aggregation=quarterly_mean""}"
BHR,inflation_consumer_prices_yoy_pct_quarterly_imf,2022-Q3,quarterly,3.9753255654557895,\N,derived,IMF_CPI,derived_yoy:IMF|ACCESS_SHARING_LEVEL=PUBLIC_OPEN|COICOP_1999=_T|COMMON_REFERENCE_PERIOD=2019M4|FREQUENCY=M|IFS_FLAG=true|INDEX_TYPE=CPI|OVERLAP=OL|SCALE=0|SECURITY_CLASSIFICATION=PUB|TYPE_OF_TRANSFORMATION=IX|aggregation=quarterly_mean,\N,"{""comparison_period"": ""2021-Q3"", ""formula"": ""100 * (quarterly_mean_cpi / same_quarter_prior_year_mean_cpi - 1)"", ""source_cpi_series_code"": ""IMF|ACCESS_SHARING_LEVEL=PUBLIC_OPEN|COICOP_1999=_T|COMMON_REFERENCE_PERIOD=2019M4|FREQUENCY=M|IFS_FLAG=true|INDEX_TYPE=CPI|OVERLAP=OL|SCALE=0|SECURITY_CLASSIFICATION=PUB|TYPE_OF_TRANSFORMATION=IX|aggregation=quarterly_mean""}"
BHR,inflation_consumer_prices_yoy_pct_quarterly_imf,2022-Q4,quarterly,3.7619699042407806,\N,derived,IMF_CPI,derived_yoy:IMF|ACCESS_SHARING_LEVEL=PUBLIC_OPEN|COICOP_1999=_T|COMMON_REFERENCE_PERIOD=2019M4|FREQUENCY=M|IFS_FLAG=true|INDEX_TYPE=CPI|OVERLAP=OL|SCALE=0|SECURITY_CLASSIFICATION=PUB|TYPE_OF_TRANSFORMATION=IX|aggregation=quarterly_mean,\N,"{""comparison_period"": ""2021-Q4"", ""formula"": ""100 * (quarterly_mean_cpi / same_quarter_prior_year_mean_cpi - 1)"", ""source_cpi_series_code"": ""IMF|ACCESS_SHARING_LEVEL=PUBLIC_OPEN|COICOP_1999=_T|COMMON_REFERENCE_PERIOD=2019M4|FREQUENCY=M|IFS_FLAG=true|INDEX_TYPE=CPI|OVERLAP=OL|SCALE=0|SECURITY_CLASSIFICATION=PUB|TYPE_OF_TRANSFORMATION=IX|aggregation=quarterly_mean""}"
BHS,inflation_consumer_prices_yoy_pct_quarterly_imf,2022-Q1,quarterly,4.122271802810928,\N,derived,IMF_CPI,derived_yoy:IMF|ACCESS_SHARING_LEVEL=PUBLIC_OPEN|COICOP_1999=_T|COMMON_REFERENCE_PERIOD=2014M11|FREQUENCY=M|IFS_FLAG=true|INDEX_TYPE=CPI|OVERLAP=OL|SCALE=0|SECURITY_CLASSIFICATION=PUB|TYPE_OF_TRANSFORMATION=IX|aggregation=quarterly_mean,\N,"{""comparison_period"": ""2021-Q1"", ""formula"": ""100 * (quarterly_mean_cpi / same_quarter_prior_year_mean_cpi - 1)"", ""source_cpi_series_code"": ""IMF|ACCESS_SHARING_LEVEL=PUBLIC_OPEN|COICOP_1999=_T|COMMON_REFERENCE_PERIOD=2014M11|FREQUENCY=M|IFS_FLAG=true|INDEX_TYPE=CPI|OVERLAP=OL|SCALE=0|SECURITY_CLASSIFICATION=PUB|TYPE_OF_TRANSFORMATION=IX|aggregation=quarterly_mean""}"
BHS,inflation_consumer_prices_yoy_pct_quarterly_imf,2022-Q2,quarterly,5.62942861450324,\N,derived,IMF_CPI,derived_yoy:IMF|ACCESS_SHARING_LEVEL=PUBLIC_OPEN|COICOP_1999=_T|COMMON_REFERENCE_PERIOD=2014M11|FREQUENCY=M|IFS_FLAG=true|INDEX_TYPE=CPI|OVERLAP=OL|SCALE=0|SECURITY_CLASSIFICATION=PUB|TYPE_OF_TRANSFORMATION=IX|aggregation=quarterly_mean,\N,"{""comparison_period"": ""2021-Q2"", ""formula"": ""100 * (quarterly_mean_cpi / same_quarter_prior_year_mean_cpi - 1)"", ""source_cpi_series_code"": ""IMF|ACCESS_SHARING_LEVEL=PUBLIC_OPEN|COICOP_1999=_T|COMMON_REFERENCE_PERIOD=2014M11|FREQUENCY=M|IFS_FLAG=true|INDEX_TYPE=CPI|OVERLAP=OL|SCALE=0|SECURITY_CLASSIFICATION=PUB|TYPE_OF_TRANSFORMATION=IX|aggregation=quarterly_mean""}"
BHS,inflation_consumer_prices_yoy_pct_quarterly_imf,2022-Q3,quarterly,6.646031131878916,\N,derived,IMF_CPI,derived_yoy:IMF|ACCESS_SHARING_LEVEL=PUBLIC_OPEN|COICOP_1999=_T|COMMON_REFERENCE_PERIOD=2014M11|FREQUENCY=M|IFS_FLAG=true|INDEX_TYPE=CPI|OVERLAP=OL|SCALE=0|SECURITY_CLASSIFICATION=PUB|TYPE_OF_TRANSFORMATION=IX|aggregation=quarterly_mean,\N,"{""comparison_period"": ""2021-Q3"", ""formula"": ""100 * (quarterly_mean_cpi / same_quarter_prior_year_mean_cpi - 1)"", ""source_cpi_series_code"": ""IMF|ACCESS_SHARING_LEVEL=PUBLIC_OPEN|COICOP_1999=_T|COMMON_REFERENCE_PERIOD=2014M11|FREQUENCY=M|IFS_FLAG=true|INDEX_TYPE=CPI|OVERLAP=OL|SCALE=0|SECURITY_CLASSIFICATION=PUB|TYPE_OF_TRANSFORMATION=IX|aggregation=quarterly_mean""}"
BHS,inflation_consumer_prices_yoy_pct_quarterly_imf,2022-Q4,quarterly,5.991625877218842,\N,derived,IMF_CPI,derived_yoy:IMF|ACCESS_SHARING_LEVEL=PUBLIC_OPEN|COICOP_1999=_T|COMMON_REFERENCE_PERIOD=2014M11|FREQUENCY=M|IFS_FLAG=true|INDEX_TYPE=CPI|OVERLAP=OL|SCALE=0|SECURITY_CLASSIFICATION=PUB|TYPE_OF_TRANSFORMATION=IX|aggregation=quarterly_mean,\N,"{""comparison_period"": ""2021-Q4"", ""formula"": ""100 * (quarterly_mean_cpi / same_quarter_prior_year_mean_cpi - 1)"", ""source_cpi_series_code"": ""IMF|ACCESS_SHARING_LEVEL=PUBLIC_OPEN|COICOP_1999=_T|COMMON_REFERENCE_PERIOD=2014M11|FREQUENCY=M|IFS_FLAG=true|INDEX_TYPE=CPI|OVERLAP=OL|SCALE=0|SECURITY_CLASSIFICATION=PUB|TYPE_OF_TRANSFORMATION=IX|aggregation=quarterly_mean""}"
BIH,inflation_consumer_prices_yoy_pct_quarterly_imf,2022-Q1,quarterly,8.42997012257194,\N,derived,IMF_CPI,derived_yoy:IMF|ACCESS_SHARING_LEVEL=PUBLIC_OPEN|COICOP_1999=_T|COMMON_REFERENCE_PERIOD=2015A|FREQUENCY=M|IFS_FLAG=true|INDEX_TYPE=CPI|OVERLAP=OL|SCALE=0|SECURITY_CLASSIFICATION=PUB|TYPE_OF_TRANSFORMATION=IX|aggregation=quarterly_mean,\N,"{""comparison_period"": ""2021-Q1"", ""formula"": ""100 * (quarterly_mean_cpi / same_quarter_prior_year_mean_cpi - 1)"", ""source_cpi_series_code"": ""IMF|ACCESS_SHARING_LEVEL=PUBLIC_OPEN|COICOP_1999=_T|COMMON_REFERENCE_PERIOD=2015A|FREQUENCY=M|IFS_FLAG=true|INDEX_TYPE=CPI|OVERLAP=OL|SCALE=0|SECURITY_CLASSIFICATION=PUB|TYPE_OF_TRANSFORMATION=IX|aggregation=quarterly_mean""}"
BIH,inflation_consumer_prices_yoy_pct_quarterly_imf,2022-Q2,quarterly,14.461134207897452,\N,derived,IMF_CPI,derived_yoy:IMF|ACCESS_SHARING_LEVEL=PUBLIC_OPEN|COICOP_1999=_T|COMMON_REFERENCE_PERIOD=2015A|FREQUENCY=M|IFS_FLAG=true|INDEX_TYPE=CPI|OVERLAP=OL|SCALE=0|SECURITY_CLASSIFICATION=PUB|TYPE_OF_TRANSFORMATION=IX|aggregation=quarterly_mean,\N,"{""comparison_period"": ""2021-Q2"", ""formula"": ""100 * (quarterly_mean_cpi / same_quarter_prior_year_mean_cpi - 1)"", ""source_cpi_series_code"": ""IMF|ACCESS_SHARING_LEVEL=PUBLIC_OPEN|COICOP_1999=_T|COMMON_REFERENCE_PERIOD=2015A|FREQUENCY=M|IFS_FLAG=true|INDEX_TYPE=CPI|OVERLAP=OL|SCALE=0|SECURITY_CLASSIFICATION=PUB|TYPE_OF_TRANSFORMATION=IX|aggregation=quarterly_mean""}"
BIH,inflation_consumer_prices_yoy_pct_quarterly_imf,2022-Q3,quarterly,16.931409507616422,\N,derived,IMF_CPI,derived_yoy:IMF|ACCESS_SHARING_LEVEL=PUBLIC_OPEN|COICOP_1999=_T|COMMON_REFERENCE_PERIOD=2015A|FREQUENCY=M|IFS_FLAG=true|INDEX_TYPE=CPI|OVERLAP=OL|SCALE=0|SECURITY_CLASSIFICATION=PUB|TYPE_OF_TRANSFORMATION=IX|aggregation=quarterly_mean,\N,"{""comparison_period"": ""2021-Q3"", ""formula"": ""100 * (quarterly_mean_cpi / same_quarter_prior_year_mean_cpi - 1)"", ""source_cpi_series_code"": ""IMF|ACCESS_SHARING_LEVEL=PUBLIC_OPEN|COICOP_1999=_T|COMMON_REFERENCE_PERIOD=2015A|FREQUENCY=M|IFS_FLAG=true|INDEX_TYPE=CPI|OVERLAP=OL|SCALE=0|SECURITY_CLASSIFICATION=PUB|TYPE_OF_TRANSFORMATION=IX|aggregation=quarterly_mean""}"
BIH,inflation_consumer_prices_yoy_pct_quarterly_imf,2022-Q4,quarterly,16.1422640536931,\N,derived,IMF_CPI,derived_yoy:IMF|ACCESS_SHARING_LEVEL=PUBLIC_OPEN|COICOP_1999=_T|COMMON_REFERENCE_PERIOD=2015A|FREQUENCY=M|IFS_FLAG=true|INDEX_TYPE=CPI|OVERLAP=OL|SCALE=0|SECURITY_CLASSIFICATION=PUB|TYPE_OF_TRANSFORMATION=IX|aggregation=quarterly_mean,\N,"{""comparison_period"": ""2021-Q4"", ""formula"": ""100 * (quarterly_mean_cpi / same_quarter_prior_year_mean_cpi - 1)"", ""source_cpi_series_code"": ""IMF|ACCESS_SHARING_LEVEL=PUBLIC_OPEN|COICOP_1999=_T|COMMON_REFERENCE_PERIOD=2015A|FREQUENCY=M|IFS_FLAG=true|INDEX_TYPE=CPI|OVERLAP=OL|SCALE=0|SECURITY_CLASSIFICATION=PUB|TYPE_OF_TRANSFORMATION=IX|aggregation=quarterly_mean""}"
BLR,inflation_consumer_prices_yoy_pct_quarterly_imf,2022-Q1,quarterly,12.097645512092203,\N,derived,IMF_CPI,derived_yoy:IMF|ACCESS_SHARING_LEVEL=PUBLIC_OPEN|COICOP_1999=_T|COMMON_REFERENCE_PERIOD=2025M12|FREQUENCY=M|IFS_FLAG=true|INDEX_TYPE=CPI|OVERLAP=OL|SCALE=0|SECURITY_CLASSIFICATION=PUB|TYPE_OF_TRANSFORMATION=IX|aggregation=quarterly_mean,\N,"{""comparison_period"": ""2021-Q1"", ""formula"": ""100 * (quarterly_mean_cpi / same_quarter_prior_year_mean_cpi - 1)"", ""source_cpi_series_code"": ""IMF|ACCESS_SHARING_LEVEL=PUBLIC_OPEN|COICOP_1999=_T|COMMON_REFERENCE_PERIOD=2025M12|FREQUENCY=M|IFS_FLAG=true|INDEX_TYPE=CPI|OVERLAP=OL|SCALE=0|SECURITY_CLASSIFICATION=PUB|TYPE_OF_TRANSFORMATION=IX|aggregation=quarterly_mean""}"
BLR,inflation_consumer_prices_yoy_pct_quarterly_imf,2022-Q2,quarterly,17.120593827238718,\N,derived,IMF_CPI,derived_yoy:IMF|ACCESS_SHARING_LEVEL=PUBLIC_OPEN|COICOP_1999=_T|COMMON_REFERENCE_PERIOD=2025M12|FREQUENCY=M|IFS_FLAG=true|INDEX_TYPE=CPI|OVERLAP=OL|SCALE=0|SECURITY_CLASSIFICATION=PUB|TYPE_OF_TRANSFORMATION=IX|aggregation=quarterly_mean,\N,"{""comparison_period"": ""2021-Q2"", ""formula"": ""100 * (quarterly_mean_cpi / same_quarter_prior_year_mean_cpi - 1)"", ""source_cpi_series_code"": ""IMF|ACCESS_SHARING_LEVEL=PUBLIC_OPEN|COICOP_1999=_T|COMMON_REFERENCE_PERIOD=2025M12|FREQUENCY=M|IFS_FLAG=true|INDEX_TYPE=CPI|OVERLAP=OL|SCALE=0|SECURITY_CLASSIFICATION=PUB|TYPE_OF_TRANSFORMATION=IX|aggregation=quarterly_mean""}"
BLR,inflation_consumer_prices_yoy_pct_quarterly_imf,2022-Q3,quarterly,17.789599399098655,\N,derived,IMF_CPI,derived_yoy:IMF|ACCESS_SHARING_LEVEL=PUBLIC_OPEN|COICOP_1999=_T|COMMON_REFERENCE_PERIOD=2025M12|FREQUENCY=M|IFS_FLAG=true|INDEX_TYPE=CPI|OVERLAP=OL|SCALE=0|SECURITY_CLASSIFICATION=PUB|TYPE_OF_TRANSFORMATION=IX|aggregation=quarterly_mean,\N,"{""comparison_period"": ""2021-Q3"", ""formula"": ""100 * (quarterly_mean_cpi / same_quarter_prior_year_mean_cpi - 1)"", ""source_cpi_series_code"": ""IMF|ACCESS_SHARING_LEVEL=PUBLIC_OPEN|COICOP_1999=_T|COMMON_REFERENCE_PERIOD=2025M12|FREQUENCY=M|IFS_FLAG=true|INDEX_TYPE=CPI|OVERLAP=OL|SCALE=0|SECURITY_CLASSIFICATION=PUB|TYPE_OF_TRANSFORMATION=IX|aggregation=quarterly_mean""}"
BLR,inflation_consumer_prices_yoy_pct_quarterly_imf,2022-Q4,quarterly,13.778281316802076,\N,derived,IMF_CPI,derived_yoy:IMF|ACCESS_SHARING_LEVEL=PUBLIC_OPEN|COICOP_1999=_T|COMMON_REFERENCE_PERIOD=2025M12|FREQUENCY=M|IFS_FLAG=true|INDEX_TYPE=CPI|OVERLAP=OL|SCALE=0|SECURITY_CLASSIFICATION=PUB|TYPE_OF_TRANSFORMATION=IX|aggregation=quarterly_mean,\N,"{""comparison_period"": ""2021-Q4"", ""formula"": ""100 * (quarterly_mean_cpi / same_quarter_prior_year_mean_cpi - 1)"", ""source_cpi_series_code"": ""IMF|ACCESS_SHARING_LEVEL=PUBLIC_OPEN|COICOP_1999=_T|COMMON_REFERENCE_PERIOD=2025M12|FREQUENCY=M|IFS_FLAG=true|INDEX_TYPE=CPI|OVERLAP=OL|SCALE=0|SECURITY_CLASSIFICATION=PUB|TYPE_OF_TRANSFORMATION=IX|aggregation=quarterly_mean""}"
BLZ,inflation_consumer_prices_yoy_pct_quarterly_imf,2022-Q1,quarterly,4.778687191606967,\N,derived,IMF_CPI,derived_yoy:IMF|ACCESS_SHARING_LEVEL=PUBLIC_OPEN|COICOP_1999=_T|COMMON_REFERENCE_PERIOD=2020M10|FREQUENCY=M|IFS_FLAG=true|INDEX_TYPE=CPI|OVERLAP=OL|SCALE=0|SECURITY_CLASSIFICATION=PUB|TYPE_OF_TRANSFORMATION=IX|aggregation=quarterly_mean,\N,"{""comparison_period"": ""2021-Q1"", ""formula"": ""100 * (quarterly_mean_cpi / same_quarter_prior_year_mean_cpi - 1)"", ""source_cpi_series_code"": ""IMF|ACCESS_SHARING_LEVEL=PUBLIC_OPEN|COICOP_1999=_T|COMMON_REFERENCE_PERIOD=2020M10|FREQUENCY=M|IFS_FLAG=true|INDEX_TYPE=CPI|OVERLAP=OL|SCALE=0|SECURITY_CLASSIFICATION=PUB|TYPE_OF_TRANSFORMATION=IX|aggregation=quarterly_mean""}"
BLZ,inflation_consumer_prices_yoy_pct_quarterly_imf,2022-Q2,quarterly,6.372850224146509,\N,derived,IMF_CPI,derived_yoy:IMF|ACCESS_SHARING_LEVEL=PUBLIC_OPEN|COICOP_1999=_T|COMMON_REFERENCE_PERIOD=2020M10|FREQUENCY=M|IFS_FLAG=true|INDEX_TYPE=CPI|OVERLAP=OL|SCALE=0|SECURITY_CLASSIFICATION=PUB|TYPE_OF_TRANSFORMATION=IX|aggregation=quarterly_mean,\N,"{""comparison_period"": ""2021-Q2"", ""formula"": ""100 * (quarterly_mean_cpi / same_quarter_prior_year_mean_cpi - 1)"", ""source_cpi_series_code"": ""IMF|ACCESS_SHARING_LEVEL=PUBLIC_OPEN|COICOP_1999=_T|COMMON_REFERENCE_PERIOD=2020M10|FREQUENCY=M|IFS_FLAG=true|INDEX_TYPE=CPI|OVERLAP=OL|SCALE=0|SECURITY_CLASSIFICATION=PUB|TYPE_OF_TRANSFORMATION=IX|aggregation=quarterly_mean""}"
BLZ,inflation_consumer_prices_yoy_pct_quarterly_imf,2022-Q3,quarterly,7.268857290281594,\N,derived,IMF_CPI,derived_yoy:IMF|ACCESS_SHARING_LEVEL=PUBLIC_OPEN|COICOP_1999=_T|COMMON_REFERENCE_PERIOD=2020M10|FREQUENCY=M|IFS_FLAG=true|INDEX_TYPE=CPI|OVERLAP=OL|SCALE=0|SECURITY_CLASSIFICATION=PUB|TYPE_OF_TRANSFORMATION=IX|aggregation=quarterly_mean,\N,"{""comparison_period"": ""2021-Q3"", ""formula"": ""100 * (quarterly_mean_cpi / same_quarter_prior_year_mean_cpi - 1)"", ""source_cpi_series_code"": ""IMF|ACCESS_SHARING_LEVEL=PUBLIC_OPEN|COICOP_1999=_T|COMMON_REFERENCE_PERIOD=2020M10|FREQUENCY=M|IFS_FLAG=true|INDEX_TYPE=CPI|OVERLAP=OL|SCALE=0|SECURITY_CLASSIFICATION=PUB|TYPE_OF_TRANSFORMATION=IX|aggregation=quarterly_mean""}"
BLZ,inflation_consumer_prices_yoy_pct_quarterly_imf,2022-Q4,quarterly,6.646913796552645,\N,derived,IMF_CPI,derived_yoy:IMF|ACCESS_SHARING_LEVEL=PUBLIC_OPEN|COICOP_1999=_T|COMMON_REFERENCE_PERIOD=2020M10|FREQUENCY=M|IFS_FLAG=true|INDEX_TYPE=CPI|OVERLAP=OL|SCALE=0|SECURITY_CLASSIFICATION=PUB|TYPE_OF_TRANSFORMATION=IX|aggregation=quarterly_mean,\N,"{""comparison_period"": ""2021-Q4"", ""formula"": ""100 * (quarterly_mean_cpi / same_quarter_prior_year_mean_cpi - 1)"", ""source_cpi_series_code"": ""IMF|ACCESS_SHARING_LEVEL=PUBLIC_OPEN|COICOP_1999=_T|COMMON_REFERENCE_PERIOD=2020M10|FREQUENCY=M|IFS_FLAG=true|INDEX_TYPE=CPI|OVERLAP=OL|SCALE=0|SECURITY_CLASSIFICATION=PUB|TYPE_OF_TRANSFORMATION=IX|aggregation=quarterly_mean""}"
BOL,inflation_consumer_prices_yoy_pct_quarterly_imf,2022-Q1,quarterly,0.7376846566908624,\N,derived,IMF_CPI,derived_yoy:IMF|ACCESS_SHARING_LEVEL=PUBLIC_OPEN|COICOP_1999=_T|COMMON_REFERENCE_PERIOD=2016A|FREQUENCY=M|IFS_FLAG=true|INDEX_TYPE=CPI|OVERLAP=OL|SCALE=0|SECURITY_CLASSIFICATION=PUB|TYPE_OF_TRANSFORMATION=IX|aggregation=quarterly_mean,\N,"{""comparison_period"": ""2021-Q1"", ""formula"": ""100 * (quarterly_mean_cpi / same_quarter_prior_year_mean_cpi - 1)"", ""source_cpi_series_code"": ""IMF|ACCESS_SHARING_LEVEL=PUBLIC_OPEN|COICOP_1999=_T|COMMON_REFERENCE_PERIOD=2016A|FREQUENCY=M|IFS_FLAG=true|INDEX_TYPE=CPI|OVERLAP=OL|SCALE=0|SECURITY_CLASSIFICATION=PUB|TYPE_OF_TRANSFORMATION=IX|aggregation=quarterly_mean""}"
BOL,inflation_consumer_prices_yoy_pct_quarterly_imf,2022-Q2,quarterly,1.35740893877756,\N,derived,IMF_CPI,derived_yoy:IMF|ACCESS_SHARING_LEVEL=PUBLIC_OPEN|COICOP_1999=_T|COMMON_REFERENCE_PERIOD=2016A|FREQUENCY=M|IFS_FLAG=true|INDEX_TYPE=CPI|OVERLAP=OL|SCALE=0|SECURITY_CLASSIFICATION=PUB|TYPE_OF_TRANSFORMATION=IX|aggregation=quarterly_mean,\N,"{""comparison_period"": ""2021-Q2"", ""formula"": ""100 * (quarterly_mean_cpi / same_quarter_prior_year_mean_cpi - 1)"", ""source_cpi_series_code"": ""IMF|ACCESS_SHARING_LEVEL=PUBLIC_OPEN|COICOP_1999=_T|COMMON_REFERENCE_PERIOD=2016A|FREQUENCY=M|IFS_FLAG=true|INDEX_TYPE=CPI|OVERLAP=OL|SCALE=0|SECURITY_CLASSIFICATION=PUB|TYPE_OF_TRANSFORMATION=IX|aggregation=quarterly_mean""}"
BOL,inflation_consumer_prices_yoy_pct_quarterly_imf,2022-Q3,quarterly,1.826516210935969,\N,derived,IMF_CPI,derived_yoy:IMF|ACCESS_SHARING_LEVEL=PUBLIC_OPEN|COICOP_1999=_T|COMMON_REFERENCE_PERIOD=2016A|FREQUENCY=M|IFS_FLAG=true|INDEX_TYPE=CPI|OVERLAP=OL|SCALE=0|SECURITY_CLASSIFICATION=PUB|TYPE_OF_TRANSFORMATION=IX|aggregation=quarterly_mean,\N,"{""comparison_period"": ""2021-Q3"", ""formula"": ""100 * (quarterly_mean_cpi / same_quarter_prior_year_mean_cpi - 1)"", ""source_cpi_series_code"": ""IMF|ACCESS_SHARING_LEVEL=PUBLIC_OPEN|COICOP_1999=_T|COMMON_REFERENCE_PERIOD=2016A|FREQUENCY=M|IFS_FLAG=true|INDEX_TYPE=CPI|OVERLAP=OL|SCALE=0|SECURITY_CLASSIFICATION=PUB|TYPE_OF_TRANSFORMATION=IX|aggregation=quarterly_mean""}"
BOL,inflation_consumer_prices_yoy_pct_quarterly_imf,2022-Q4,quarterly,3.060318440703802,\N,derived,IMF_CPI,derived_yoy:IMF|ACCESS_SHARING_LEVEL=PUBLIC_OPEN|COICOP_1999=_T|COMMON_REFERENCE_PERIOD=2016A|FREQUENCY=M|IFS_FLAG=true|INDEX_TYPE=CPI|OVERLAP=OL|SCALE=0|SECURITY_CLASSIFICATION=PUB|TYPE_OF_TRANSFORMATION=IX|aggregation=quarterly_mean,\N,"{""comparison_period"": ""2021-Q4"", ""formula"": ""100 * (quarterly_mean_cpi / same_quarter_prior_year_mean_cpi - 1)"", ""source_cpi_series_code"": ""IMF|ACCESS_SHARING_LEVEL=PUBLIC_OPEN|COICOP_1999=_T|COMMON_REFERENCE_PERIOD=2016A|FREQUENCY=M|IFS_FLAG=true|INDEX_TYPE=CPI|OVERLAP=OL|SCALE=0|SECURITY_CLASSIFICATION=PUB|TYPE_OF_TRANSFORMATION=IX|aggregation=quarterly_mean""}"
BRA,inflation_consumer_prices_yoy_pct_quarterly_imf,2022-Q1,quarterly,10.743591020197218,\N,derived,IMF_CPI,derived_yoy:IMF|ACCESS_SHARING_LEVEL=PUBLIC_OPEN|COICOP_1999=_T|COMMON_REFERENCE_PERIOD=1993M12|FREQUENCY=M|IFS_FLAG=true|INDEX_TYPE=CPI|OVERLAP=OL|SCALE=0|SECURITY_CLASSIFICATION=PUB|TYPE_OF_TRANSFORMATION=IX|aggregation=quarterly_mean,\N,"{""comparison_period"": ""2021-Q1"", ""formula"": ""100 * (quarterly_mean_cpi / same_quarter_prior_year_mean_cpi - 1)"", ""source_cpi_series_code"": ""IMF|ACCESS_SHARING_LEVEL=PUBLIC_OPEN|COICOP_1999=_T|COMMON_REFERENCE_PERIOD=1993M12|FREQUENCY=M|IFS_FLAG=true|INDEX_TYPE=CPI|OVERLAP=OL|SCALE=0|SECURITY_CLASSIFICATION=PUB|TYPE_OF_TRANSFORMATION=IX|aggregation=quarterly_mean""}"
BRA,inflation_consumer_prices_yoy_pct_quarterly_imf,2022-Q2,quarterly,11.915927647317016,\N,derived,IMF_CPI,derived_yoy:IMF|ACCESS_SHARING_LEVEL=PUBLIC_OPEN|COICOP_1999=_T|COMMON_REFERENCE_PERIOD=1993M12|FREQUENCY=M|IFS_FLAG=true|INDEX_TYPE=CPI|OVERLAP=OL|SCALE=0|SECURITY_CLASSIFICATION=PUB|TYPE_OF_TRANSFORMATION=IX|aggregation=quarterly_mean,\N,"{""comparison_period"": ""2021-Q2"", ""formula"": ""100 * (quarterly_mean_cpi / same_quarter_prior_year_mean_cpi - 1)"", ""source_cpi_series_code"": ""IMF|ACCESS_SHARING_LEVEL=PUBLIC_OPEN|COICOP_1999=_T|COMMON_REFERENCE_PERIOD=1993M12|FREQUENCY=M|IFS_FLAG=true|INDEX_TYPE=CPI|OVERLAP=OL|SCALE=0|SECURITY_CLASSIFICATION=PUB|TYPE_OF_TRANSFORMATION=IX|aggregation=quarterly_mean""}"
BRA,inflation_consumer_prices_yoy_pct_quarterly_imf,2022-Q3,quarterly,8.645369986789909,\N,derived,IMF_CPI,derived_yoy:IMF|ACCESS_SHARING_LEVEL=PUBLIC_OPEN|COICOP_1999=_T|COMMON_REFERENCE_PERIOD=1993M12|FREQUENCY=M|IFS_FLAG=true|INDEX_TYPE=CPI|OVERLAP=OL|SCALE=0|SECURITY_CLASSIFICATION=PUB|TYPE_OF_TRANSFORMATION=IX|aggregation=quarterly_mean,\N,"{""comparison_period"": ""2021-Q3"", ""formula"": ""100 * (quarterly_mean_cpi / same_quarter_prior_year_mean_cpi - 1)"", ""source_cpi_series_code"": ""IMF|ACCESS_SHARING_LEVEL=PUBLIC_OPEN|COICOP_1999=_T|COMMON_REFERENCE_PERIOD=1993M12|FREQUENCY=M|IFS_FLAG=true|INDEX_TYPE=CPI|OVERLAP=OL|SCALE=0|SECURITY_CLASSIFICATION=PUB|TYPE_OF_TRANSFORMATION=IX|aggregation=quarterly_mean""}"
BRA,inflation_consumer_prices_yoy_pct_quarterly_imf,2022-Q4,quarterly,6.050101459078183,\N,derived,IMF_CPI,derived_yoy:IMF|ACCESS_SHARING_LEVEL=PUBLIC_OPEN|COICOP_1999=_T|COMMON_REFERENCE_PERIOD=1993M12|FREQUENCY=M|IFS_FLAG=true|INDEX_TYPE=CPI|OVERLAP=OL|SCALE=0|SECURITY_CLASSIFICATION=PUB|TYPE_OF_TRANSFORMATION=IX|aggregation=quarterly_mean,\N,"{""comparison_period"": ""2021-Q4"", ""formula"": ""100 * (quarterly_mean_cpi / same_quarter_prior_year_mean_cpi - 1)"", ""source_cpi_series_code"": ""IMF|ACCESS_SHARING_LEVEL=PUBLIC_OPEN|COICOP_1999=_T|COMMON_REFERENCE_PERIOD=1993M12|FREQUENCY=M|IFS_FLAG=true|INDEX_TYPE=CPI|OVERLAP=OL|SCALE=0|SECURITY_CLASSIFICATION=PUB|TYPE_OF_TRANSFORMATION=IX|aggregation=quarterly_mean""}"
BRB,inflation_consumer_prices_yoy_pct_quarterly_imf,2022-Q2,quarterly,5.628272251308863,\N,derived,IMF_CPI,derived_yoy:IMF|ACCESS_SHARING_LEVEL=PUBLIC_OPEN|COICOP_1999=_T|COMMON_REFERENCE_PERIOD=2018M07|FREQUENCY=M|IFS_FLAG=true|INDEX_TYPE=CPI|OVERLAP=OL|SCALE=0|SECURITY_CLASSIFICATION=PUB|TYPE_OF_TRANSFORMATION=IX|aggregation=quarterly_mean,\N,"{""comparison_period"": ""2021-Q2"", ""formula"": ""100 * (quarterly_mean_cpi / same_quarter_prior_year_mean_cpi - 1)"", ""source_cpi_series_code"": ""IMF|ACCESS_SHARING_LEVEL=PUBLIC_OPEN|COICOP_1999=_T|COMMON_REFERENCE_PERIOD=2018M07|FREQUENCY=M|IFS_FLAG=true|INDEX_TYPE=CPI|OVERLAP=OL|SCALE=0|SECURITY_CLASSIFICATION=PUB|TYPE_OF_TRANSFORMATION=IX|aggregation=quarterly_mean""}"
BRB,inflation_consumer_prices_yoy_pct_quarterly_imf,2022-Q3,quarterly,5.071059431524549,\N,derived,IMF_CPI,derived_yoy:IMF|ACCESS_SHARING_LEVEL=PUBLIC_OPEN|COICOP_1999=_T|COMMON_REFERENCE_PERIOD=2018M07|FREQUENCY=M|IFS_FLAG=true|INDEX_TYPE=CPI|OVERLAP=OL|SCALE=0|SECURITY_CLASSIFICATION=PUB|TYPE_OF_TRANSFORMATION=IX|aggregation=quarterly_mean,\N,"{""comparison_period"": ""2021-Q3"", ""formula"": ""100 * (quarterly_mean_cpi / same_quarter_prior_year_mean_cpi - 1)"", ""source_cpi_series_code"": ""IMF|ACCESS_SHARING_LEVEL=PUBLIC_OPEN|COICOP_1999=_T|COMMON_REFERENCE_PERIOD=2018M07|FREQUENCY=M|IFS_FLAG=true|INDEX_TYPE=CPI|OVERLAP=OL|SCALE=0|SECURITY_CLASSIFICATION=PUB|TYPE_OF_TRANSFORMATION=IX|aggregation=quarterly_mean""}"
BRB,inflation_consumer_prices_yoy_pct_quarterly_imf,2022-Q4,quarterly,3.879448541199104,\N,derived,IMF_CPI,derived_yoy:IMF|ACCESS_SHARING_LEVEL=PUBLIC_OPEN|COICOP_1999=_T|COMMON_REFERENCE_PERIOD=2018M07|FREQUENCY=M|IFS_FLAG=true|INDEX_TYPE=CPI|OVERLAP=OL|SCALE=0|SECURITY_CLASSIFICATION=PUB|TYPE_OF_TRANSFORMATION=IX|aggregation=quarterly_mean,\N,"{""comparison_period"": ""2021-Q4"", ""formula"": ""100 * (quarterly_mean_cpi / same_quarter_prior_year_mean_cpi - 1)"", ""source_cpi_series_code"": ""IMF|ACCESS_SHARING_LEVEL=PUBLIC_OPEN|COICOP_1999=_T|COMMON_REFERENCE_PERIOD=2018M07|FREQUENCY=M|IFS_FLAG=true|INDEX_TYPE=CPI|OVERLAP=OL|SCALE=0|SECURITY_CLASSIFICATION=PUB|TYPE_OF_TRANSFORMATION=IX|aggregation=quarterly_mean""}"
BRN,inflation_consumer_prices_yoy_pct_quarterly_imf,2022-Q1,quarterly,3.257556474425538,\N,derived,IMF_CPI,derived_yoy:IMF|ACCESS_SHARING_LEVEL=PUBLIC_OPEN|COICOP_1999=_T|COMMON_REFERENCE_PERIOD=2015M1|FREQUENCY=M|IFS_FLAG=true|INDEX_TYPE=CPI|OVERLAP=OL|SCALE=0|SECURITY_CLASSIFICATION=PUB|TYPE_OF_TRANSFORMATION=IX|aggregation=quarterly_mean,\N,"{""comparison_period"": ""2021-Q1"", ""formula"": ""100 * (quarterly_mean_cpi / same_quarter_prior_year_mean_cpi - 1)"", ""source_cpi_series_code"": ""IMF|ACCESS_SHARING_LEVEL=PUBLIC_OPEN|COICOP_1999=_T|COMMON_REFERENCE_PERIOD=2015M1|FREQUENCY=M|IFS_FLAG=true|INDEX_TYPE=CPI|OVERLAP=OL|SCALE=0|SECURITY_CLASSIFICATION=PUB|TYPE_OF_TRANSFORMATION=IX|aggregation=quarterly_mean""}"
BRN,inflation_consumer_prices_yoy_pct_quarterly_imf,2022-Q2,quarterly,3.886387066475594,\N,derived,IMF_CPI,derived_yoy:IMF|ACCESS_SHARING_LEVEL=PUBLIC_OPEN|COICOP_1999=_T|COMMON_REFERENCE_PERIOD=2015M1|FREQUENCY=M|IFS_FLAG=true|INDEX_TYPE=CPI|OVERLAP=OL|SCALE=0|SECURITY_CLASSIFICATION=PUB|TYPE_OF_TRANSFORMATION=IX|aggregation=quarterly_mean,\N,"{""comparison_period"": ""2021-Q2"", ""formula"": ""100 * (quarterly_mean_cpi / same_quarter_prior_year_mean_cpi - 1)"", ""source_cpi_series_code"": ""IMF|ACCESS_SHARING_LEVEL=PUBLIC_OPEN|COICOP_1999=_T|COMMON_REFERENCE_PERIOD=2015M1|FREQUENCY=M|IFS_FLAG=true|INDEX_TYPE=CPI|OVERLAP=OL|SCALE=0|SECURITY_CLASSIFICATION=PUB|TYPE_OF_TRANSFORMATION=IX|aggregation=quarterly_mean""}"
BRN,inflation_consumer_prices_yoy_pct_quarterly_imf,2022-Q3,quarterly,4.291117556009794,\N,derived,IMF_CPI,derived_yoy:IMF|ACCESS_SHARING_LEVEL=PUBLIC_OPEN|COICOP_1999=_T|COMMON_REFERENCE_PERIOD=2015M1|FREQUENCY=M|IFS_FLAG=true|INDEX_TYPE=CPI|OVERLAP=OL|SCALE=0|SECURITY_CLASSIFICATION=PUB|TYPE_OF_TRANSFORMATION=IX|aggregation=quarterly_mean,\N,"{""comparison_period"": ""2021-Q3"", ""formula"": ""100 * (quarterly_mean_cpi / same_quarter_prior_year_mean_cpi - 1)"", ""source_cpi_series_code"": ""IMF|ACCESS_SHARING_LEVEL=PUBLIC_OPEN|COICOP_1999=_T|COMMON_REFERENCE_PERIOD=2015M1|FREQUENCY=M|IFS_FLAG=true|INDEX_TYPE=CPI|OVERLAP=OL|SCALE=0|SECURITY_CLASSIFICATION=PUB|TYPE_OF_TRANSFORMATION=IX|aggregation=quarterly_mean""}"
BRN,inflation_consumer_prices_yoy_pct_quarterly_imf,2022-Q4,quarterly,3.2956756701851164,\N,derived,IMF_CPI,derived_yoy:IMF|ACCESS_SHARING_LEVEL=PUBLIC_OPEN|COICOP_1999=_T|COMMON_REFERENCE_PERIOD=2015M1|FREQUENCY=M|IFS_FLAG=true|INDEX_TYPE=CPI|OVERLAP=OL|SCALE=0|SECURITY_CLASSIFICATION=PUB|TYPE_OF_TRANSFORMATION=IX|aggregation=quarterly_mean,\N,"{""comparison_period"": ""2021-Q4"", ""formula"": ""100 * (quarterly_mean_cpi / same_quarter_prior_year_mean_cpi - 1)"", ""source_cpi_series_code"": ""IMF|ACCESS_SHARING_LEVEL=PUBLIC_OPEN|COICOP_1999=_T|COMMON_REFERENCE_PERIOD=2015M1|FREQUENCY=M|IFS_FLAG=true|INDEX_TYPE=CPI|OVERLAP=OL|SCALE=0|SECURITY_CLASSIFICATION=PUB|TYPE_OF_TRANSFORMATION=IX|aggregation=quarterly_mean""}"
BTN,inflation_consumer_prices_yoy_pct_quarterly_imf,2022-Q1,quarterly,5.641734520463371,\N,derived,IMF_CPI,derived_yoy:IMF|ACCESS_SHARING_LEVEL=PUBLIC_OPEN|COICOP_1999=_T|COMMON_REFERENCE_PERIOD=MAY 2023 - APRIL 2024|FREQUENCY=M|IFS_FLAG=true|INDEX_TYPE=CPI|OVERLAP=OL|SCALE=0|SECURITY_CLASSIFICATION=PUB|TYPE_OF_TRANSFORMATION=IX|aggregation=quarterly_mean,\N,"{""comparison_period"": ""2021-Q1"", ""formula"": ""100 * (quarterly_mean_cpi / same_quarter_prior_year_mean_cpi - 1)"", ""source_cpi_series_code"": ""IMF|ACCESS_SHARING_LEVEL=PUBLIC_OPEN|COICOP_1999=_T|COMMON_REFERENCE_PERIOD=MAY 2023 - APRIL 2024|FREQUENCY=M|IFS_FLAG=true|INDEX_TYPE=CPI|OVERLAP=OL|SCALE=0|SECURITY_CLASSIFICATION=PUB|TYPE_OF_TRANSFORMATION=IX|aggregation=quarterly_mean""}"
BTN,inflation_consumer_prices_yoy_pct_quarterly_imf,2022-Q2,quarterly,6.089306822275198,\N,derived,IMF_CPI,derived_yoy:IMF|ACCESS_SHARING_LEVEL=PUBLIC_OPEN|COICOP_1999=_T|COMMON_REFERENCE_PERIOD=MAY 2023 - APRIL 2024|FREQUENCY=M|IFS_FLAG=true|INDEX_TYPE=CPI|OVERLAP=OL|SCALE=0|SECURITY_CLASSIFICATION=PUB|TYPE_OF_TRANSFORMATION=IX|aggregation=quarterly_mean,\N,"{""comparison_period"": ""2021-Q2"", ""formula"": ""100 * (quarterly_mean_cpi / same_quarter_prior_year_mean_cpi - 1)"", ""source_cpi_series_code"": ""IMF|ACCESS_SHARING_LEVEL=PUBLIC_OPEN|COICOP_1999=_T|COMMON_REFERENCE_PERIOD=MAY 2023 - APRIL 2024|FREQUENCY=M|IFS_FLAG=true|INDEX_TYPE=CPI|OVERLAP=OL|SCALE=0|SECURITY_CLASSIFICATION=PUB|TYPE_OF_TRANSFORMATION=IX|aggregation=quarterly_mean""}"
BTN,inflation_consumer_prices_yoy_pct_quarterly_imf,2022-Q3,quarterly,6.214398445196423,\N,derived,IMF_CPI,derived_yoy:IMF|ACCESS_SHARING_LEVEL=PUBLIC_OPEN|COICOP_1999=_T|COMMON_REFERENCE_PERIOD=MAY 2023 - APRIL 2024|FREQUENCY=M|IFS_FLAG=true|INDEX_TYPE=CPI|OVERLAP=OL|SCALE=0|SECURITY_CLASSIFICATION=PUB|TYPE_OF_TRANSFORMATION=IX|aggregation=quarterly_mean,\N,"{""comparison_period"": ""2021-Q3"", ""formula"": ""100 * (quarterly_mean_cpi / same_quarter_prior_year_mean_cpi - 1)"", ""source_cpi_series_code"": ""IMF|ACCESS_SHARING_LEVEL=PUBLIC_OPEN|COICOP_1999=_T|COMMON_REFERENCE_PERIOD=MAY 2023 - APRIL 2024|FREQUENCY=M|IFS_FLAG=true|INDEX_TYPE=CPI|OVERLAP=OL|SCALE=0|SECURITY_CLASSIFICATION=PUB|TYPE_OF_TRANSFORMATION=IX|aggregation=quarterly_mean""}"
BTN,inflation_consumer_prices_yoy_pct_quarterly_imf,2022-Q4,quarterly,4.640367419300584,\N,derived,IMF_CPI,derived_yoy:IMF|ACCESS_SHARING_LEVEL=PUBLIC_OPEN|COICOP_1999=_T|COMMON_REFERENCE_PERIOD=MAY 2023 - APRIL 2024|FREQUENCY=M|IFS_FLAG=true|INDEX_TYPE=CPI|OVERLAP=OL|SCALE=0|SECURITY_CLASSIFICATION=PUB|TYPE_OF_TRANSFORMATION=IX|aggregation=quarterly_mean,\N,"{""comparison_period"": ""2021-Q4"", ""formula"": ""100 * (quarterly_mean_cpi / same_quarter_prior_year_mean_cpi - 1)"", ""source_cpi_series_code"": ""IMF|ACCESS_SHARING_LEVEL=PUBLIC_OPEN|COICOP_1999=_T|COMMON_REFERENCE_PERIOD=MAY 2023 - APRIL 2024|FREQUENCY=M|IFS_FLAG=true|INDEX_TYPE=CPI|OVERLAP=OL|SCALE=0|SECURITY_CLASSIFICATION=PUB|TYPE_OF_TRANSFORMATION=IX|aggregation=quarterly_mean""}"
BWA,inflation_consumer_prices_yoy_pct_quarterly_imf,2022-Q1,quarterly,9.500918552885352,\N,derived,IMF_CPI,derived_yoy:IMF|ACCESS_SHARING_LEVEL=PUBLIC_OPEN|COICOP_1999=_T|COMMON_REFERENCE_PERIOD=2018M12|FREQUENCY=M|IFS_FLAG=true|INDEX_TYPE=CPI|OVERLAP=OL|SCALE=0|SECURITY_CLASSIFICATION=PUB|TYPE_OF_TRANSFORMATION=IX|aggregation=quarterly_mean,\N,"{""comparison_period"": ""2021-Q1"", ""formula"": ""100 * (quarterly_mean_cpi / same_quarter_prior_year_mean_cpi - 1)"", ""source_cpi_series_code"": ""IMF|ACCESS_SHARING_LEVEL=PUBLIC_OPEN|COICOP_1999=_T|COMMON_REFERENCE_PERIOD=2018M12|FREQUENCY=M|IFS_FLAG=true|INDEX_TYPE=CPI|OVERLAP=OL|SCALE=0|SECURITY_CLASSIFICATION=PUB|TYPE_OF_TRANSFORMATION=IX|aggregation=quarterly_mean""}"
BWA,inflation_consumer_prices_yoy_pct_quarterly_imf,2022-Q2,quarterly,9.930444841860764,\N,derived,IMF_CPI,derived_yoy:IMF|ACCESS_SHARING_LEVEL=PUBLIC_OPEN|COICOP_1999=_T|COMMON_REFERENCE_PERIOD=2018M12|FREQUENCY=M|IFS_FLAG=true|INDEX_TYPE=CPI|OVERLAP=OL|SCALE=0|SECURITY_CLASSIFICATION=PUB|TYPE_OF_TRANSFORMATION=IX|aggregation=quarterly_mean,\N,"{""comparison_period"": ""2021-Q2"", ""formula"": ""100 * (quarterly_mean_cpi / same_quarter_prior_year_mean_cpi - 1)"", ""source_cpi_series_code"": ""IMF|ACCESS_SHARING_LEVEL=PUBLIC_OPEN|COICOP_1999=_T|COMMON_REFERENCE_PERIOD=2018M12|FREQUENCY=M|IFS_FLAG=true|INDEX_TYPE=CPI|OVERLAP=OL|SCALE=0|SECURITY_CLASSIFICATION=PUB|TYPE_OF_TRANSFORMATION=IX|aggregation=quarterly_mean""}"
BWA,inflation_consumer_prices_yoy_pct_quarterly_imf,2022-Q3,quarterly,14.240785345287321,\N,derived,IMF_CPI,derived_yoy:IMF|ACCESS_SHARING_LEVEL=PUBLIC_OPEN|COICOP_1999=_T|COMMON_REFERENCE_PERIOD=2018M12|FREQUENCY=M|IFS_FLAG=true|INDEX_TYPE=CPI|OVERLAP=OL|SCALE=0|SECURITY_CLASSIFICATION=PUB|TYPE_OF_TRANSFORMATION=IX|aggregation=quarterly_mean,\N,"{""comparison_period"": ""2021-Q3"", ""formula"": ""100 * (quarterly_mean_cpi / same_quarter_prior_year_mean_cpi - 1)"", ""source_cpi_series_code"": ""IMF|ACCESS_SHARING_LEVEL=PUBLIC_OPEN|COICOP_1999=_T|COMMON_REFERENCE_PERIOD=2018M12|FREQUENCY=M|IFS_FLAG=true|INDEX_TYPE=CPI|OVERLAP=OL|SCALE=0|SECURITY_CLASSIFICATION=PUB|TYPE_OF_TRANSFORMATION=IX|aggregation=quarterly_mean""}"
BWA,inflation_consumer_prices_yoy_pct_quarterly_imf,2022-Q4,quarterly,12.859347278031663,\N,derived,IMF_CPI,derived_yoy:IMF|ACCESS_SHARING_LEVEL=PUBLIC_OPEN|COICOP_1999=_T|COMMON_REFERENCE_PERIOD=2018M12|FREQUENCY=M|IFS_FLAG=true|INDEX_TYPE=CPI|OVERLAP=OL|SCALE=0|SECURITY_CLASSIFICATION=PUB|TYPE_OF_TRANSFORMATION=IX|aggregation=quarterly_mean,\N,"{""comparison_period"": ""2021-Q4"", ""formula"": ""100 * (quarterly_mean_cpi / same_quarter_prior_year_mean_cpi - 1)"", ""source_cpi_series_code"": ""IMF|ACCESS_SHARING_LEVEL=PUBLIC_OPEN|COICOP_1999=_T|COMMON_REFERENCE_PERIOD=2018M12|FREQUENCY=M|IFS_FLAG=true|INDEX_TYPE=CPI|OVERLAP=OL|SCALE=0|SECURITY_CLASSIFICATION=PUB|TYPE_OF_TRANSFORMATION=IX|aggregation=quarterly_mean""}"
CAF,inflation_consumer_prices_yoy_pct_quarterly_imf,2022-Q1,quarterly,1.9835522513339976,\N,derived,IMF_CPI,derived_yoy:IMF|ACCESS_SHARING_LEVEL=PUBLIC_OPEN|COICOP_1999=_T|COMMON_REFERENCE_PERIOD=2019A|FREQUENCY=M|IFS_FLAG=true|INDEX_TYPE=CPI|OVERLAP=OL|SCALE=0|SECURITY_CLASSIFICATION=PUB|TYPE_OF_TRANSFORMATION=IX|aggregation=quarterly_mean,\N,"{""comparison_period"": ""2021-Q1"", ""formula"": ""100 * (quarterly_mean_cpi / same_quarter_prior_year_mean_cpi - 1)"", ""source_cpi_series_code"": ""IMF|ACCESS_SHARING_LEVEL=PUBLIC_OPEN|COICOP_1999=_T|COMMON_REFERENCE_PERIOD=2019A|FREQUENCY=M|IFS_FLAG=true|INDEX_TYPE=CPI|OVERLAP=OL|SCALE=0|SECURITY_CLASSIFICATION=PUB|TYPE_OF_TRANSFORMATION=IX|aggregation=quarterly_mean""}"
CAF,inflation_consumer_prices_yoy_pct_quarterly_imf,2022-Q2,quarterly,6.478061041169814,\N,derived,IMF_CPI,derived_yoy:IMF|ACCESS_SHARING_LEVEL=PUBLIC_OPEN|COICOP_1999=_T|COMMON_REFERENCE_PERIOD=2019A|FREQUENCY=M|IFS_FLAG=true|INDEX_TYPE=CPI|OVERLAP=OL|SCALE=0|SECURITY_CLASSIFICATION=PUB|TYPE_OF_TRANSFORMATION=IX|aggregation=quarterly_mean,\N,"{""comparison_period"": ""2021-Q2"", ""formula"": ""100 * (quarterly_mean_cpi / same_quarter_prior_year_mean_cpi - 1)"", ""source_cpi_series_code"": ""IMF|ACCESS_SHARING_LEVEL=PUBLIC_OPEN|COICOP_1999=_T|COMMON_REFERENCE_PERIOD=2019A|FREQUENCY=M|IFS_FLAG=true|INDEX_TYPE=CPI|OVERLAP=OL|SCALE=0|SECURITY_CLASSIFICATION=PUB|TYPE_OF_TRANSFORMATION=IX|aggregation=quarterly_mean""}"
CAF,inflation_consumer_prices_yoy_pct_quarterly_imf,2022-Q3,quarterly,6.227506253877357,\N,derived,IMF_CPI,derived_yoy:IMF|ACCESS_SHARING_LEVEL=PUBLIC_OPEN|COICOP_1999=_T|COMMON_REFERENCE_PERIOD=2019A|FREQUENCY=M|IFS_FLAG=true|INDEX_TYPE=CPI|OVERLAP=OL|SCALE=0|SECURITY_CLASSIFICATION=PUB|TYPE_OF_TRANSFORMATION=IX|aggregation=quarterly_mean,\N,"{""comparison_period"": ""2021-Q3"", ""formula"": ""100 * (quarterly_mean_cpi / same_quarter_prior_year_mean_cpi - 1)"", ""source_cpi_series_code"": ""IMF|ACCESS_SHARING_LEVEL=PUBLIC_OPEN|COICOP_1999=_T|COMMON_REFERENCE_PERIOD=2019A|FREQUENCY=M|IFS_FLAG=true|INDEX_TYPE=CPI|OVERLAP=OL|SCALE=0|SECURITY_CLASSIFICATION=PUB|TYPE_OF_TRANSFORMATION=IX|aggregation=quarterly_mean""}"
CAF,inflation_consumer_prices_yoy_pct_quarterly_imf,2022-Q4,quarterly,7.650143362719164,\N,derived,IMF_CPI,derived_yoy:IMF|ACCESS_SHARING_LEVEL=PUBLIC_OPEN|COICOP_1999=_T|COMMON_REFERENCE_PERIOD=2019A|FREQUENCY=M|IFS_FLAG=true|INDEX_TYPE=CPI|OVERLAP=OL|SCALE=0|SECURITY_CLASSIFICATION=PUB|TYPE_OF_TRANSFORMATION=IX|aggregation=quarterly_mean,\N,"{""comparison_period"": ""2021-Q4"", ""formula"": ""100 * (quarterly_mean_cpi / same_quarter_prior_year_mean_cpi - 1)"", ""source_cpi_series_code"": ""IMF|ACCESS_SHARING_LEVEL=PUBLIC_OPEN|COICOP_1999=_T|COMMON_REFERENCE_PERIOD=2019A|FREQUENCY=M|IFS_FLAG=true|INDEX_TYPE=CPI|OVERLAP=OL|SCALE=0|SECURITY_CLASSIFICATION=PUB|TYPE_OF_TRANSFORMATION=IX|aggregation=quarterly_mean""}"
CAN,inflation_consumer_prices_yoy_pct_quarterly_imf,2022-Q1,quarterly,5.831533477321815,\N,derived,IMF_CPI,derived_yoy:IMF|ACCESS_SHARING_LEVEL=PUBLIC_OPEN|COICOP_1999=_T|COMMON_REFERENCE_PERIOD=2014M12|FREQUENCY=M|IFS_FLAG=true|INDEX_TYPE=CPI|OVERLAP=OL|SCALE=0|SECURITY_CLASSIFICATION=PUB|TYPE_OF_TRANSFORMATION=IX|aggregation=quarterly_mean,\N,"{""comparison_period"": ""2021-Q1"", ""formula"": ""100 * (quarterly_mean_cpi / same_quarter_prior_year_mean_cpi - 1)"", ""source_cpi_series_code"": ""IMF|ACCESS_SHARING_LEVEL=PUBLIC_OPEN|COICOP_1999=_T|COMMON_REFERENCE_PERIOD=2014M12|FREQUENCY=M|IFS_FLAG=true|INDEX_TYPE=CPI|OVERLAP=OL|SCALE=0|SECURITY_CLASSIFICATION=PUB|TYPE_OF_TRANSFORMATION=IX|aggregation=quarterly_mean""}"
CAN,inflation_consumer_prices_yoy_pct_quarterly_imf,2022-Q2,quarterly,7.546723444523296,\N,derived,IMF_CPI,derived_yoy:IMF|ACCESS_SHARING_LEVEL=PUBLIC_OPEN|COICOP_1999=_T|COMMON_REFERENCE_PERIOD=2014M12|FREQUENCY=M|IFS_FLAG=true|INDEX_TYPE=CPI|OVERLAP=OL|SCALE=0|SECURITY_CLASSIFICATION=PUB|TYPE_OF_TRANSFORMATION=IX|aggregation=quarterly_mean,\N,"{""comparison_period"": ""2021-Q2"", ""formula"": ""100 * (quarterly_mean_cpi / same_quarter_prior_year_mean_cpi - 1)"", ""source_cpi_series_code"": ""IMF|ACCESS_SHARING_LEVEL=PUBLIC_OPEN|COICOP_1999=_T|COMMON_REFERENCE_PERIOD=2014M12|FREQUENCY=M|IFS_FLAG=true|INDEX_TYPE=CPI|OVERLAP=OL|SCALE=0|SECURITY_CLASSIFICATION=PUB|TYPE_OF_TRANSFORMATION=IX|aggregation=quarterly_mean""}"
CAN,inflation_consumer_prices_yoy_pct_quarterly_imf,2022-Q3,quarterly,7.152875175315554,\N,derived,IMF_CPI,derived_yoy:IMF|ACCESS_SHARING_LEVEL=PUBLIC_OPEN|COICOP_1999=_T|COMMON_REFERENCE_PERIOD=2014M12|FREQUENCY=M|IFS_FLAG=true|INDEX_TYPE=CPI|OVERLAP=OL|SCALE=0|SECURITY_CLASSIFICATION=PUB|TYPE_OF_TRANSFORMATION=IX|aggregation=quarterly_mean,\N,"{""comparison_period"": ""2021-Q3"", ""formula"": ""100 * (quarterly_mean_cpi / same_quarter_prior_year_mean_cpi - 1)"", ""source_cpi_series_code"": ""IMF|ACCESS_SHARING_LEVEL=PUBLIC_OPEN|COICOP_1999=_T|COMMON_REFERENCE_PERIOD=2014M12|FREQUENCY=M|IFS_FLAG=true|INDEX_TYPE=CPI|OVERLAP=OL|SCALE=0|SECURITY_CLASSIFICATION=PUB|TYPE_OF_TRANSFORMATION=IX|aggregation=quarterly_mean""}"
CAN,inflation_consumer_prices_yoy_pct_quarterly_imf,2022-Q4,quarterly,6.665123813931961,\N,derived,IMF_CPI,derived_yoy:IMF|ACCESS_SHARING_LEVEL=PUBLIC_OPEN|COICOP_1999=_T|COMMON_REFERENCE_PERIOD=2014M12|FREQUENCY=M|IFS_FLAG=true|INDEX_TYPE=CPI|OVERLAP=OL|SCALE=0|SECURITY_CLASSIFICATION=PUB|TYPE_OF_TRANSFORMATION=IX|aggregation=quarterly_mean,\N,"{""comparison_period"": ""2021-Q4"", ""formula"": ""100 * (quarterly_mean_cpi / same_quarter_prior_year_mean_cpi - 1)"", ""source_cpi_series_code"": ""IMF|ACCESS_SHARING_LEVEL=PUBLIC_OPEN|COICOP_1999=_T|COMMON_REFERENCE_PERIOD=2014M12|FREQUENCY=M|IFS_FLAG=true|INDEX_TYPE=CPI|OVERLAP=OL|SCALE=0|SECURITY_CLASSIFICATION=PUB|TYPE_OF_TRANSFORMATION=IX|aggregation=quarterly_mean""}"
CHE,inflation_consumer_prices_yoy_pct_quarterly_imf,2022-Q1,quarterly,2.0625410527043586,\N,derived,IMF_CPI,derived_yoy:IMF|ACCESS_SHARING_LEVEL=PUBLIC_OPEN|COICOP_1999=_T|COMMON_REFERENCE_PERIOD=2025A|FREQUENCY=M|IFS_FLAG=true|INDEX_TYPE=CPI|OVERLAP=OL|SCALE=0|SECURITY_CLASSIFICATION=PUB|TYPE_OF_TRANSFORMATION=IX|aggregation=quarterly_mean,\N,"{""comparison_period"": ""2021-Q1"", ""formula"": ""100 * (quarterly_mean_cpi / same_quarter_prior_year_mean_cpi - 1)"", ""source_cpi_series_code"": ""IMF|ACCESS_SHARING_LEVEL=PUBLIC_OPEN|COICOP_1999=_T|COMMON_REFERENCE_PERIOD=2025A|FREQUENCY=M|IFS_FLAG=true|INDEX_TYPE=CPI|OVERLAP=OL|SCALE=0|SECURITY_CLASSIFICATION=PUB|TYPE_OF_TRANSFORMATION=IX|aggregation=quarterly_mean""}"
CHE,inflation_consumer_prices_yoy_pct_quarterly_imf,2022-Q2,quarterly,2.9589637321436157,\N,derived,IMF_CPI,derived_yoy:IMF|ACCESS_SHARING_LEVEL=PUBLIC_OPEN|COICOP_1999=_T|COMMON_REFERENCE_PERIOD=2025A|FREQUENCY=M|IFS_FLAG=true|INDEX_TYPE=CPI|OVERLAP=OL|SCALE=0|SECURITY_CLASSIFICATION=PUB|TYPE_OF_TRANSFORMATION=IX|aggregation=quarterly_mean,\N,"{""comparison_period"": ""2021-Q2"", ""formula"": ""100 * (quarterly_mean_cpi / same_quarter_prior_year_mean_cpi - 1)"", ""source_cpi_series_code"": ""IMF|ACCESS_SHARING_LEVEL=PUBLIC_OPEN|COICOP_1999=_T|COMMON_REFERENCE_PERIOD=2025A|FREQUENCY=M|IFS_FLAG=true|INDEX_TYPE=CPI|OVERLAP=OL|SCALE=0|SECURITY_CLASSIFICATION=PUB|TYPE_OF_TRANSFORMATION=IX|aggregation=quarterly_mean""}"
CHE,inflation_consumer_prices_yoy_pct_quarterly_imf,2022-Q3,quarterly,3.379308709189077,\N,derived,IMF_CPI,derived_yoy:IMF|ACCESS_SHARING_LEVEL=PUBLIC_OPEN|COICOP_1999=_T|COMMON_REFERENCE_PERIOD=2025A|FREQUENCY=M|IFS_FLAG=true|INDEX_TYPE=CPI|OVERLAP=OL|SCALE=0|SECURITY_CLASSIFICATION=PUB|TYPE_OF_TRANSFORMATION=IX|aggregation=quarterly_mean,\N,"{""comparison_period"": ""2021-Q3"", ""formula"": ""100 * (quarterly_mean_cpi / same_quarter_prior_year_mean_cpi - 1)"", ""source_cpi_series_code"": ""IMF|ACCESS_SHARING_LEVEL=PUBLIC_OPEN|COICOP_1999=_T|COMMON_REFERENCE_PERIOD=2025A|FREQUENCY=M|IFS_FLAG=true|INDEX_TYPE=CPI|OVERLAP=OL|SCALE=0|SECURITY_CLASSIFICATION=PUB|TYPE_OF_TRANSFORMATION=IX|aggregation=quarterly_mean""}"
CHE,inflation_consumer_prices_yoy_pct_quarterly_imf,2022-Q4,quarterly,2.932198367836336,\N,derived,IMF_CPI,derived_yoy:IMF|ACCESS_SHARING_LEVEL=PUBLIC_OPEN|COICOP_1999=_T|COMMON_REFERENCE_PERIOD=2025A|FREQUENCY=M|IFS_FLAG=true|INDEX_TYPE=CPI|OVERLAP=OL|SCALE=0|SECURITY_CLASSIFICATION=PUB|TYPE_OF_TRANSFORMATION=IX|aggregation=quarterly_mean,\N,"{""comparison_period"": ""2021-Q4"", ""formula"": ""100 * (quarterly_mean_cpi / same_quarter_prior_year_mean_cpi - 1)"", ""source_cpi_series_code"": ""IMF|ACCESS_SHARING_LEVEL=PUBLIC_OPEN|COICOP_1999=_T|COMMON_REFERENCE_PERIOD=2025A|FREQUENCY=M|IFS_FLAG=true|INDEX_TYPE=CPI|OVERLAP=OL|SCALE=0|SECURITY_CLASSIFICATION=PUB|TYPE_OF_TRANSFORMATION=IX|aggregation=quarterly_mean""}"
CHL,inflation_consumer_prices_yoy_pct_quarterly_imf,2022-Q1,quarterly,8.308836314466749,\N,derived,IMF_CPI,derived_yoy:IMF|ACCESS_SHARING_LEVEL=PUBLIC_OPEN|COICOP_1999=_T|COMMON_REFERENCE_PERIOD=2023A|FREQUENCY=M|IFS_FLAG=true|INDEX_TYPE=CPI|OVERLAP=OL|SCALE=0|SECURITY_CLASSIFICATION=PUB|TYPE_OF_TRANSFORMATION=IX|aggregation=quarterly_mean,\N,"{""comparison_period"": ""2021-Q1"", ""formula"": ""100 * (quarterly_mean_cpi / same_quarter_prior_year_mean_cpi - 1)"", ""source_cpi_series_code"": ""IMF|ACCESS_SHARING_LEVEL=PUBLIC_OPEN|COICOP_1999=_T|COMMON_REFERENCE_PERIOD=2023A|FREQUENCY=M|IFS_FLAG=true|INDEX_TYPE=CPI|OVERLAP=OL|SCALE=0|SECURITY_CLASSIFICATION=PUB|TYPE_OF_TRANSFORMATION=IX|aggregation=quarterly_mean""}"
CHL,inflation_consumer_prices_yoy_pct_quarterly_imf,2022-Q2,quarterly,11.518536042842564,\N,derived,IMF_CPI,derived_yoy:IMF|ACCESS_SHARING_LEVEL=PUBLIC_OPEN|COICOP_1999=_T|COMMON_REFERENCE_PERIOD=2023A|FREQUENCY=M|IFS_FLAG=true|INDEX_TYPE=CPI|OVERLAP=OL|SCALE=0|SECURITY_CLASSIFICATION=PUB|TYPE_OF_TRANSFORMATION=IX|aggregation=quarterly_mean,\N,"{""comparison_period"": ""2021-Q2"", ""formula"": ""100 * (quarterly_mean_cpi / same_quarter_prior_year_mean_cpi - 1)"", ""source_cpi_series_code"": ""IMF|ACCESS_SHARING_LEVEL=PUBLIC_OPEN|COICOP_1999=_T|COMMON_REFERENCE_PERIOD=2023A|FREQUENCY=M|IFS_FLAG=true|INDEX_TYPE=CPI|OVERLAP=OL|SCALE=0|SECURITY_CLASSIFICATION=PUB|TYPE_OF_TRANSFORMATION=IX|aggregation=quarterly_mean""}"
CHL,inflation_consumer_prices_yoy_pct_quarterly_imf,2022-Q3,quarterly,13.646788875962867,\N,derived,IMF_CPI,derived_yoy:IMF|ACCESS_SHARING_LEVEL=PUBLIC_OPEN|COICOP_1999=_T|COMMON_REFERENCE_PERIOD=2023A|FREQUENCY=M|IFS_FLAG=true|INDEX_TYPE=CPI|OVERLAP=OL|SCALE=0|SECURITY_CLASSIFICATION=PUB|TYPE_OF_TRANSFORMATION=IX|aggregation=quarterly_mean,\N,"{""comparison_period"": ""2021-Q3"", ""formula"": ""100 * (quarterly_mean_cpi / same_quarter_prior_year_mean_cpi - 1)"", ""source_cpi_series_code"": ""IMF|ACCESS_SHARING_LEVEL=PUBLIC_OPEN|COICOP_1999=_T|COMMON_REFERENCE_PERIOD=2023A|FREQUENCY=M|IFS_FLAG=true|INDEX_TYPE=CPI|OVERLAP=OL|SCALE=0|SECURITY_CLASSIFICATION=PUB|TYPE_OF_TRANSFORMATION=IX|aggregation=quarterly_mean""}"
CHL,inflation_consumer_prices_yoy_pct_quarterly_imf,2022-Q4,quarterly,12.979702660915859,\N,derived,IMF_CPI,derived_yoy:IMF|ACCESS_SHARING_LEVEL=PUBLIC_OPEN|COICOP_1999=_T|COMMON_REFERENCE_PERIOD=2023A|FREQUENCY=M|IFS_FLAG=true|INDEX_TYPE=CPI|OVERLAP=OL|SCALE=0|SECURITY_CLASSIFICATION=PUB|TYPE_OF_TRANSFORMATION=IX|aggregation=quarterly_mean,\N,"{""comparison_period"": ""2021-Q4"", ""formula"": ""100 * (quarterly_mean_cpi / same_quarter_prior_year_mean_cpi - 1)"", ""source_cpi_series_code"": ""IMF|ACCESS_SHARING_LEVEL=PUBLIC_OPEN|COICOP_1999=_T|COMMON_REFERENCE_PERIOD=2023A|FREQUENCY=M|IFS_FLAG=true|INDEX_TYPE=CPI|OVERLAP=OL|SCALE=0|SECURITY_CLASSIFICATION=PUB|TYPE_OF_TRANSFORMATION=IX|aggregation=quarterly_mean""}"
CHN,inflation_consumer_prices_yoy_pct_quarterly_imf,2022-Q1,quarterly,1.1535926170072486,\N,derived,IMF_CPI,derived_yoy:IMF|ACCESS_SHARING_LEVEL=PUBLIC_OPEN|COICOP_1999=_T|COMMON_REFERENCE_PERIOD=2020A|FREQUENCY=M|IFS_FLAG=true|INDEX_TYPE=CPI|OVERLAP=OL|SCALE=0|SECURITY_CLASSIFICATION=PUB|TYPE_OF_TRANSFORMATION=IX|aggregation=quarterly_mean,\N,"{""comparison_period"": ""2021-Q1"", ""formula"": ""100 * (quarterly_mean_cpi / same_quarter_prior_year_mean_cpi - 1)"", ""source_cpi_series_code"": ""IMF|ACCESS_SHARING_LEVEL=PUBLIC_OPEN|COICOP_1999=_T|COMMON_REFERENCE_PERIOD=2020A|FREQUENCY=M|IFS_FLAG=true|INDEX_TYPE=CPI|OVERLAP=OL|SCALE=0|SECURITY_CLASSIFICATION=PUB|TYPE_OF_TRANSFORMATION=IX|aggregation=quarterly_mean""}"
CHN,inflation_consumer_prices_yoy_pct_quarterly_imf,2022-Q2,quarterly,2.255389718076284,\N,derived,IMF_CPI,derived_yoy:IMF|ACCESS_SHARING_LEVEL=PUBLIC_OPEN|COICOP_1999=_T|COMMON_REFERENCE_PERIOD=2020A|FREQUENCY=M|IFS_FLAG=true|INDEX_TYPE=CPI|OVERLAP=OL|SCALE=0|SECURITY_CLASSIFICATION=PUB|TYPE_OF_TRANSFORMATION=IX|aggregation=quarterly_mean,\N,"{""comparison_period"": ""2021-Q2"", ""formula"": ""100 * (quarterly_mean_cpi / same_quarter_prior_year_mean_cpi - 1)"", ""source_cpi_series_code"": ""IMF|ACCESS_SHARING_LEVEL=PUBLIC_OPEN|COICOP_1999=_T|COMMON_REFERENCE_PERIOD=2020A|FREQUENCY=M|IFS_FLAG=true|INDEX_TYPE=CPI|OVERLAP=OL|SCALE=0|SECURITY_CLASSIFICATION=PUB|TYPE_OF_TRANSFORMATION=IX|aggregation=quarterly_mean""}"
CHN,inflation_consumer_prices_yoy_pct_quarterly_imf,2022-Q3,quarterly,2.651640702684799,\N,derived,IMF_CPI,derived_yoy:IMF|ACCESS_SHARING_LEVEL=PUBLIC_OPEN|COICOP_1999=_T|COMMON_REFERENCE_PERIOD=2020A|FREQUENCY=M|IFS_FLAG=true|INDEX_TYPE=CPI|OVERLAP=OL|SCALE=0|SECURITY_CLASSIFICATION=PUB|TYPE_OF_TRANSFORMATION=IX|aggregation=quarterly_mean,\N,"{""comparison_period"": ""2021-Q3"", ""formula"": ""100 * (quarterly_mean_cpi / same_quarter_prior_year_mean_cpi - 1)"", ""source_cpi_series_code"": ""IMF|ACCESS_SHARING_LEVEL=PUBLIC_OPEN|COICOP_1999=_T|COMMON_REFERENCE_PERIOD=2020A|FREQUENCY=M|IFS_FLAG=true|INDEX_TYPE=CPI|OVERLAP=OL|SCALE=0|SECURITY_CLASSIFICATION=PUB|TYPE_OF_TRANSFORMATION=IX|aggregation=quarterly_mean""}"
CHN,inflation_consumer_prices_yoy_pct_quarterly_imf,2022-Q4,quarterly,1.8396846254927768,\N,derived,IMF_CPI,derived_yoy:IMF|ACCESS_SHARING_LEVEL=PUBLIC_OPEN|COICOP_1999=_T|COMMON_REFERENCE_PERIOD=2020A|FREQUENCY=M|IFS_FLAG=true|INDEX_TYPE=CPI|OVERLAP=OL|SCALE=0|SECURITY_CLASSIFICATION=PUB|TYPE_OF_TRANSFORMATION=IX|aggregation=quarterly_mean,\N,"{""comparison_period"": ""2021-Q4"", ""formula"": ""100 * (quarterly_mean_cpi / same_quarter_prior_year_mean_cpi - 1)"", ""source_cpi_series_code"": ""IMF|ACCESS_SHARING_LEVEL=PUBLIC_OPEN|COICOP_1999=_T|COMMON_REFERENCE_PERIOD=2020A|FREQUENCY=M|IFS_FLAG=true|INDEX_TYPE=CPI|OVERLAP=OL|SCALE=0|SECURITY_CLASSIFICATION=PUB|TYPE_OF_TRANSFORMATION=IX|aggregation=quarterly_mean""}"
CIV,inflation_consumer_prices_yoy_pct_quarterly_imf,2022-Q1,quarterly,4.885842268840057,\N,derived,IMF_CPI,derived_yoy:IMF|ACCESS_SHARING_LEVEL=PUBLIC_OPEN|COICOP_1999=_T|COMMON_REFERENCE_PERIOD=2023A|FREQUENCY=M|IFS_FLAG=true|INDEX_TYPE=CPI|OVERLAP=OL|SCALE=0|SECURITY_CLASSIFICATION=PUB|TYPE_OF_TRANSFORMATION=IX|aggregation=quarterly_mean,\N,"{""comparison_period"": ""2021-Q1"", ""formula"": ""100 * (quarterly_mean_cpi / same_quarter_prior_year_mean_cpi - 1)"", ""source_cpi_series_code"": ""IMF|ACCESS_SHARING_LEVEL=PUBLIC_OPEN|COICOP_1999=_T|COMMON_REFERENCE_PERIOD=2023A|FREQUENCY=M|IFS_FLAG=true|INDEX_TYPE=CPI|OVERLAP=OL|SCALE=0|SECURITY_CLASSIFICATION=PUB|TYPE_OF_TRANSFORMATION=IX|aggregation=quarterly_mean""}"
CIV,inflation_consumer_prices_yoy_pct_quarterly_imf,2022-Q2,quarterly,4.322244955897858,\N,derived,IMF_CPI,derived_yoy:IMF|ACCESS_SHARING_LEVEL=PUBLIC_OPEN|COICOP_1999=_T|COMMON_REFERENCE_PERIOD=2023A|FREQUENCY=M|IFS_FLAG=true|INDEX_TYPE=CPI|OVERLAP=OL|SCALE=0|SECURITY_CLASSIFICATION=PUB|TYPE_OF_TRANSFORMATION=IX|aggregation=quarterly_mean,\N,"{""comparison_period"": ""2021-Q2"", ""formula"": ""100 * (quarterly_mean_cpi / same_quarter_prior_year_mean_cpi - 1)"", ""source_cpi_series_code"": ""IMF|ACCESS_SHARING_LEVEL=PUBLIC_OPEN|COICOP_1999=_T|COMMON_REFERENCE_PERIOD=2023A|FREQUENCY=M|IFS_FLAG=true|INDEX_TYPE=CPI|OVERLAP=OL|SCALE=0|SECURITY_CLASSIFICATION=PUB|TYPE_OF_TRANSFORMATION=IX|aggregation=quarterly_mean""}"
CIV,inflation_consumer_prices_yoy_pct_quarterly_imf,2022-Q3,quarterly,5.953122107118469,\N,derived,IMF_CPI,derived_yoy:IMF|ACCESS_SHARING_LEVEL=PUBLIC_OPEN|COICOP_1999=_T|COMMON_REFERENCE_PERIOD=2023A|FREQUENCY=M|IFS_FLAG=true|INDEX_TYPE=CPI|OVERLAP=OL|SCALE=0|SECURITY_CLASSIFICATION=PUB|TYPE_OF_TRANSFORMATION=IX|aggregation=quarterly_mean,\N,"{""comparison_period"": ""2021-Q3"", ""formula"": ""100 * (quarterly_mean_cpi / same_quarter_prior_year_mean_cpi - 1)"", ""source_cpi_series_code"": ""IMF|ACCESS_SHARING_LEVEL=PUBLIC_OPEN|COICOP_1999=_T|COMMON_REFERENCE_PERIOD=2023A|FREQUENCY=M|IFS_FLAG=true|INDEX_TYPE=CPI|OVERLAP=OL|SCALE=0|SECURITY_CLASSIFICATION=PUB|TYPE_OF_TRANSFORMATION=IX|aggregation=quarterly_mean""}"
CIV,inflation_consumer_prices_yoy_pct_quarterly_imf,2022-Q4,quarterly,5.757240572507549,\N,derived,IMF_CPI,derived_yoy:IMF|ACCESS_SHARING_LEVEL=PUBLIC_OPEN|COICOP_1999=_T|COMMON_REFERENCE_PERIOD=2023A|FREQUENCY=M|IFS_FLAG=true|INDEX_TYPE=CPI|OVERLAP=OL|SCALE=0|SECURITY_CLASSIFICATION=PUB|TYPE_OF_TRANSFORMATION=IX|aggregation=quarterly_mean,\N,"{""comparison_period"": ""2021-Q4"", ""formula"": ""100 * (quarterly_mean_cpi / same_quarter_prior_year_mean_cpi - 1)"", ""source_cpi_series_code"": ""IMF|ACCESS_SHARING_LEVEL=PUBLIC_OPEN|COICOP_1999=_T|COMMON_REFERENCE_PERIOD=2023A|FREQUENCY=M|IFS_FLAG=true|INDEX_TYPE=CPI|OVERLAP=OL|SCALE=0|SECURITY_CLASSIFICATION=PUB|TYPE_OF_TRANSFORMATION=IX|aggregation=quarterly_mean""}"
CMR,inflation_consumer_prices_yoy_pct_quarterly_imf,2022-Q1,quarterly,4.403927068723701,\N,derived,IMF_CPI,derived_yoy:IMF|ACCESS_SHARING_LEVEL=PUBLIC_OPEN|COICOP_1999=_T|COMMON_REFERENCE_PERIOD=2022A|FREQUENCY=M|IFS_FLAG=true|INDEX_TYPE=CPI|OVERLAP=OL|SCALE=0|SECURITY_CLASSIFICATION=PUB|TYPE_OF_TRANSFORMATION=IX|aggregation=quarterly_mean,\N,"{""comparison_period"": ""2021-Q1"", ""formula"": ""100 * (quarterly_mean_cpi / same_quarter_prior_year_mean_cpi - 1)"", ""source_cpi_series_code"": ""IMF|ACCESS_SHARING_LEVEL=PUBLIC_OPEN|COICOP_1999=_T|COMMON_REFERENCE_PERIOD=2022A|FREQUENCY=M|IFS_FLAG=true|INDEX_TYPE=CPI|OVERLAP=OL|SCALE=0|SECURITY_CLASSIFICATION=PUB|TYPE_OF_TRANSFORMATION=IX|aggregation=quarterly_mean""}"
CMR,inflation_consumer_prices_yoy_pct_quarterly_imf,2022-Q2,quarterly,5.813630041724638,\N,derived,IMF_CPI,derived_yoy:IMF|ACCESS_SHARING_LEVEL=PUBLIC_OPEN|COICOP_1999=_T|COMMON_REFERENCE_PERIOD=2022A|FREQUENCY=M|IFS_FLAG=true|INDEX_TYPE=CPI|OVERLAP=OL|SCALE=0|SECURITY_CLASSIFICATION=PUB|TYPE_OF_TRANSFORMATION=IX|aggregation=quarterly_mean,\N,"{""comparison_period"": ""2021-Q2"", ""formula"": ""100 * (quarterly_mean_cpi / same_quarter_prior_year_mean_cpi - 1)"", ""source_cpi_series_code"": ""IMF|ACCESS_SHARING_LEVEL=PUBLIC_OPEN|COICOP_1999=_T|COMMON_REFERENCE_PERIOD=2022A|FREQUENCY=M|IFS_FLAG=true|INDEX_TYPE=CPI|OVERLAP=OL|SCALE=0|SECURITY_CLASSIFICATION=PUB|TYPE_OF_TRANSFORMATION=IX|aggregation=quarterly_mean""}"
CMR,inflation_consumer_prices_yoy_pct_quarterly_imf,2022-Q3,quarterly,6.97738554881413,\N,derived,IMF_CPI,derived_yoy:IMF|ACCESS_SHARING_LEVEL=PUBLIC_OPEN|COICOP_1999=_T|COMMON_REFERENCE_PERIOD=2022A|FREQUENCY=M|IFS_FLAG=true|INDEX_TYPE=CPI|OVERLAP=OL|SCALE=0|SECURITY_CLASSIFICATION=PUB|TYPE_OF_TRANSFORMATION=IX|aggregation=quarterly_mean,\N,"{""comparison_period"": ""2021-Q3"", ""formula"": ""100 * (quarterly_mean_cpi / same_quarter_prior_year_mean_cpi - 1)"", ""source_cpi_series_code"": ""IMF|ACCESS_SHARING_LEVEL=PUBLIC_OPEN|COICOP_1999=_T|COMMON_REFERENCE_PERIOD=2022A|FREQUENCY=M|IFS_FLAG=true|INDEX_TYPE=CPI|OVERLAP=OL|SCALE=0|SECURITY_CLASSIFICATION=PUB|TYPE_OF_TRANSFORMATION=IX|aggregation=quarterly_mean""}"
CMR,inflation_consumer_prices_yoy_pct_quarterly_imf,2022-Q4,quarterly,7.749118015574985,\N,derived,IMF_CPI,derived_yoy:IMF|ACCESS_SHARING_LEVEL=PUBLIC_OPEN|COICOP_1999=_T|COMMON_REFERENCE_PERIOD=2022A|FREQUENCY=M|IFS_FLAG=true|INDEX_TYPE=CPI|OVERLAP=OL|SCALE=0|SECURITY_CLASSIFICATION=PUB|TYPE_OF_TRANSFORMATION=IX|aggregation=quarterly_mean,\N,"{""comparison_period"": ""2021-Q4"", ""formula"": ""100 * (quarterly_mean_cpi / same_quarter_prior_year_mean_cpi - 1)"", ""source_cpi_series_code"": ""IMF|ACCESS_SHARING_LEVEL=PUBLIC_OPEN|COICOP_1999=_T|COMMON_REFERENCE_PERIOD=2022A|FREQUENCY=M|IFS_FLAG=true|INDEX_TYPE=CPI|OVERLAP=OL|SCALE=0|SECURITY_CLASSIFICATION=PUB|TYPE_OF_TRANSFORMATION=IX|aggregation=quarterly_mean""}"
COG,inflation_consumer_prices_yoy_pct_quarterly_imf,2022-Q1,quarterly,2.4798711755233516,\N,derived,IMF_CPI,derived_yoy:IMF|ACCESS_SHARING_LEVEL=PUBLIC_OPEN|COICOP_1999=_T|COMMON_REFERENCE_PERIOD=2018A|FREQUENCY=M|IFS_FLAG=true|INDEX_TYPE=CPI|OVERLAP=OL|SCALE=0|SECURITY_CLASSIFICATION=PUB|TYPE_OF_TRANSFORMATION=IX|aggregation=quarterly_mean,\N,"{""comparison_period"": ""2021-Q1"", ""formula"": ""100 * (quarterly_mean_cpi / same_quarter_prior_year_mean_cpi - 1)"", ""source_cpi_series_code"": ""IMF|ACCESS_SHARING_LEVEL=PUBLIC_OPEN|COICOP_1999=_T|COMMON_REFERENCE_PERIOD=2018A|FREQUENCY=M|IFS_FLAG=true|INDEX_TYPE=CPI|OVERLAP=OL|SCALE=0|SECURITY_CLASSIFICATION=PUB|TYPE_OF_TRANSFORMATION=IX|aggregation=quarterly_mean""}"
COG,inflation_consumer_prices_yoy_pct_quarterly_imf,2022-Q2,quarterly,3.2402951555983384,\N,derived,IMF_CPI,derived_yoy:IMF|ACCESS_SHARING_LEVEL=PUBLIC_OPEN|COICOP_1999=_T|COMMON_REFERENCE_PERIOD=2018A|FREQUENCY=M|IFS_FLAG=true|INDEX_TYPE=CPI|OVERLAP=OL|SCALE=0|SECURITY_CLASSIFICATION=PUB|TYPE_OF_TRANSFORMATION=IX|aggregation=quarterly_mean,\N,"{""comparison_period"": ""2021-Q2"", ""formula"": ""100 * (quarterly_mean_cpi / same_quarter_prior_year_mean_cpi - 1)"", ""source_cpi_series_code"": ""IMF|ACCESS_SHARING_LEVEL=PUBLIC_OPEN|COICOP_1999=_T|COMMON_REFERENCE_PERIOD=2018A|FREQUENCY=M|IFS_FLAG=true|INDEX_TYPE=CPI|OVERLAP=OL|SCALE=0|SECURITY_CLASSIFICATION=PUB|TYPE_OF_TRANSFORMATION=IX|aggregation=quarterly_mean""}"
COG,inflation_consumer_prices_yoy_pct_quarterly_imf,2022-Q3,quarterly,3.1781701444622668,\N,derived,IMF_CPI,derived_yoy:IMF|ACCESS_SHARING_LEVEL=PUBLIC_OPEN|COICOP_1999=_T|COMMON_REFERENCE_PERIOD=2018A|FREQUENCY=M|IFS_FLAG=true|INDEX_TYPE=CPI|OVERLAP=OL|SCALE=0|SECURITY_CLASSIFICATION=PUB|TYPE_OF_TRANSFORMATION=IX|aggregation=quarterly_mean,\N,"{""comparison_period"": ""2021-Q3"", ""formula"": ""100 * (quarterly_mean_cpi / same_quarter_prior_year_mean_cpi - 1)"", ""source_cpi_series_code"": ""IMF|ACCESS_SHARING_LEVEL=PUBLIC_OPEN|COICOP_1999=_T|COMMON_REFERENCE_PERIOD=2018A|FREQUENCY=M|IFS_FLAG=true|INDEX_TYPE=CPI|OVERLAP=OL|SCALE=0|SECURITY_CLASSIFICATION=PUB|TYPE_OF_TRANSFORMATION=IX|aggregation=quarterly_mean""}"
COG,inflation_consumer_prices_yoy_pct_quarterly_imf,2022-Q4,quarterly,3.2734274711167854,\N,derived,IMF_CPI,derived_yoy:IMF|ACCESS_SHARING_LEVEL=PUBLIC_OPEN|COICOP_1999=_T|COMMON_REFERENCE_PERIOD=2018A|FREQUENCY=M|IFS_FLAG=true|INDEX_TYPE=CPI|OVERLAP=OL|SCALE=0|SECURITY_CLASSIFICATION=PUB|TYPE_OF_TRANSFORMATION=IX|aggregation=quarterly_mean,\N,"{""comparison_period"": ""2021-Q4"", ""formula"": ""100 * (quarterly_mean_cpi / same_quarter_prior_year_mean_cpi - 1)"", ""source_cpi_series_code"": ""IMF|ACCESS_SHARING_LEVEL=PUBLIC_OPEN|COICOP_1999=_T|COMMON_REFERENCE_PERIOD=2018A|FREQUENCY=M|IFS_FLAG=true|INDEX_TYPE=CPI|OVERLAP=OL|SCALE=0|SECURITY_CLASSIFICATION=PUB|TYPE_OF_TRANSFORMATION=IX|aggregation=quarterly_mean""}"
COL,inflation_consumer_prices_yoy_pct_quarterly_imf,2022-Q1,quarterly,7.828922729194088,\N,derived,IMF_CPI,derived_yoy:IMF|ACCESS_SHARING_LEVEL=PUBLIC_OPEN|COICOP_1999=_T|COMMON_REFERENCE_PERIOD=2018M12|FREQUENCY=M|IFS_FLAG=true|INDEX_TYPE=CPI|OVERLAP=OL|SCALE=0|SECURITY_CLASSIFICATION=PUB|TYPE_OF_TRANSFORMATION=IX|aggregation=quarterly_mean,\N,"{""comparison_period"": ""2021-Q1"", ""formula"": ""100 * (quarterly_mean_cpi / same_quarter_prior_year_mean_cpi - 1)"", ""source_cpi_series_code"": ""IMF|ACCESS_SHARING_LEVEL=PUBLIC_OPEN|COICOP_1999=_T|COMMON_REFERENCE_PERIOD=2018M12|FREQUENCY=M|IFS_FLAG=true|INDEX_TYPE=CPI|OVERLAP=OL|SCALE=0|SECURITY_CLASSIFICATION=PUB|TYPE_OF_TRANSFORMATION=IX|aggregation=quarterly_mean""}"
COL,inflation_consumer_prices_yoy_pct_quarterly_imf,2022-Q2,quarterly,9.325127844519422,\N,derived,IMF_CPI,derived_yoy:IMF|ACCESS_SHARING_LEVEL=PUBLIC_OPEN|COICOP_1999=_T|COMMON_REFERENCE_PERIOD=2018M12|FREQUENCY=M|IFS_FLAG=true|INDEX_TYPE=CPI|OVERLAP=OL|SCALE=0|SECURITY_CLASSIFICATION=PUB|TYPE_OF_TRANSFORMATION=IX|aggregation=quarterly_mean,\N,"{""comparison_period"": ""2021-Q2"", ""formula"": ""100 * (quarterly_mean_cpi / same_quarter_prior_year_mean_cpi - 1)"", ""source_cpi_series_code"": ""IMF|ACCESS_SHARING_LEVEL=PUBLIC_OPEN|COICOP_1999=_T|COMMON_REFERENCE_PERIOD=2018M12|FREQUENCY=M|IFS_FLAG=true|INDEX_TYPE=CPI|OVERLAP=OL|SCALE=0|SECURITY_CLASSIFICATION=PUB|TYPE_OF_TRANSFORMATION=IX|aggregation=quarterly_mean""}"
COL,inflation_consumer_prices_yoy_pct_quarterly_imf,2022-Q3,quarterly,10.828935555214937,\N,derived,IMF_CPI,derived_yoy:IMF|ACCESS_SHARING_LEVEL=PUBLIC_OPEN|COICOP_1999=_T|COMMON_REFERENCE_PERIOD=2018M12|FREQUENCY=M|IFS_FLAG=true|INDEX_TYPE=CPI|OVERLAP=OL|SCALE=0|SECURITY_CLASSIFICATION=PUB|TYPE_OF_TRANSFORMATION=IX|aggregation=quarterly_mean,\N,"{""comparison_period"": ""2021-Q3"", ""formula"": ""100 * (quarterly_mean_cpi / same_quarter_prior_year_mean_cpi - 1)"", ""source_cpi_series_code"": ""IMF|ACCESS_SHARING_LEVEL=PUBLIC_OPEN|COICOP_1999=_T|COMMON_REFERENCE_PERIOD=2018M12|FREQUENCY=M|IFS_FLAG=true|INDEX_TYPE=CPI|OVERLAP=OL|SCALE=0|SECURITY_CLASSIFICATION=PUB|TYPE_OF_TRANSFORMATION=IX|aggregation=quarterly_mean""}"
COL,inflation_consumer_prices_yoy_pct_quarterly_imf,2022-Q4,quarterly,12.627093812496671,\N,derived,IMF_CPI,derived_yoy:IMF|ACCESS_SHARING_LEVEL=PUBLIC_OPEN|COICOP_1999=_T|COMMON_REFERENCE_PERIOD=2018M12|FREQUENCY=M|IFS_FLAG=true|INDEX_TYPE=CPI|OVERLAP=OL|SCALE=0|SECURITY_CLASSIFICATION=PUB|TYPE_OF_TRANSFORMATION=IX|aggregation=quarterly_mean,\N,"{""comparison_period"": ""2021-Q4"", ""formula"": ""100 * (quarterly_mean_cpi / same_quarter_prior_year_mean_cpi - 1)"", ""source_cpi_series_code"": ""IMF|ACCESS_SHARING_LEVEL=PUBLIC_OPEN|COICOP_1999=_T|COMMON_REFERENCE_PERIOD=2018M12|FREQUENCY=M|IFS_FLAG=true|INDEX_TYPE=CPI|OVERLAP=OL|SCALE=0|SECURITY_CLASSIFICATION=PUB|TYPE_OF_TRANSFORMATION=IX|aggregation=quarterly_mean""}"
COM,inflation_consumer_prices_yoy_pct_quarterly_imf,2022-Q1,quarterly,6.352048558421863,\N,derived,IMF_CPI,derived_yoy:IMF|ACCESS_SHARING_LEVEL=PUBLIC_OPEN|COICOP_1999=_T|COMMON_REFERENCE_PERIOD=2011A|FREQUENCY=M|IFS_FLAG=true|INDEX_TYPE=CPI|OVERLAP=OL|SCALE=0|SECURITY_CLASSIFICATION=PUB|TYPE_OF_TRANSFORMATION=IX|aggregation=quarterly_mean,\N,"{""comparison_period"": ""2021-Q1"", ""formula"": ""100 * (quarterly_mean_cpi / same_quarter_prior_year_mean_cpi - 1)"", ""source_cpi_series_code"": ""IMF|ACCESS_SHARING_LEVEL=PUBLIC_OPEN|COICOP_1999=_T|COMMON_REFERENCE_PERIOD=2011A|FREQUENCY=M|IFS_FLAG=true|INDEX_TYPE=CPI|OVERLAP=OL|SCALE=0|SECURITY_CLASSIFICATION=PUB|TYPE_OF_TRANSFORMATION=IX|aggregation=quarterly_mean""}"
COM,inflation_consumer_prices_yoy_pct_quarterly_imf,2022-Q2,quarterly,8.322877457130918,\N,derived,IMF_CPI,derived_yoy:IMF|ACCESS_SHARING_LEVEL=PUBLIC_OPEN|COICOP_1999=_T|COMMON_REFERENCE_PERIOD=2011A|FREQUENCY=M|IFS_FLAG=true|INDEX_TYPE=CPI|OVERLAP=OL|SCALE=0|SECURITY_CLASSIFICATION=PUB|TYPE_OF_TRANSFORMATION=IX|aggregation=quarterly_mean,\N,"{""comparison_period"": ""2021-Q2"", ""formula"": ""100 * (quarterly_mean_cpi / same_quarter_prior_year_mean_cpi - 1)"", ""source_cpi_series_code"": ""IMF|ACCESS_SHARING_LEVEL=PUBLIC_OPEN|COICOP_1999=_T|COMMON_REFERENCE_PERIOD=2011A|FREQUENCY=M|IFS_FLAG=true|INDEX_TYPE=CPI|OVERLAP=OL|SCALE=0|SECURITY_CLASSIFICATION=PUB|TYPE_OF_TRANSFORMATION=IX|aggregation=quarterly_mean""}"
COM,inflation_consumer_prices_yoy_pct_quarterly_imf,2022-Q3,quarterly,16.75392670157072,\N,derived,IMF_CPI,derived_yoy:IMF|ACCESS_SHARING_LEVEL=PUBLIC_OPEN|COICOP_1999=_T|COMMON_REFERENCE_PERIOD=2011A|FREQUENCY=M|IFS_FLAG=true|INDEX_TYPE=CPI|OVERLAP=OL|SCALE=0|SECURITY_CLASSIFICATION=PUB|TYPE_OF_TRANSFORMATION=IX|aggregation=quarterly_mean,\N,"{""comparison_period"": ""2021-Q3"", ""formula"": ""100 * (quarterly_mean_cpi / same_quarter_prior_year_mean_cpi - 1)"", ""source_cpi_series_code"": ""IMF|ACCESS_SHARING_LEVEL=PUBLIC_OPEN|COICOP_1999=_T|COMMON_REFERENCE_PERIOD=2011A|FREQUENCY=M|IFS_FLAG=true|INDEX_TYPE=CPI|OVERLAP=OL|SCALE=0|SECURITY_CLASSIFICATION=PUB|TYPE_OF_TRANSFORMATION=IX|aggregation=quarterly_mean""}"
COM,inflation_consumer_prices_yoy_pct_quarterly_imf,2022-Q4,quarterly,18.228571428571417,\N,derived,IMF_CPI,derived_yoy:IMF|ACCESS_SHARING_LEVEL=PUBLIC_OPEN|COICOP_1999=_T|COMMON_REFERENCE_PERIOD=2011A|FREQUENCY=M|IFS_FLAG=true|INDEX_TYPE=CPI|OVERLAP=OL|SCALE=0|SECURITY_CLASSIFICATION=PUB|TYPE_OF_TRANSFORMATION=IX|aggregation=quarterly_mean,\N,"{""comparison_period"": ""2021-Q4"", ""formula"": ""100 * (quarterly_mean_cpi / same_quarter_prior_year_mean_cpi - 1)"", ""source_cpi_series_code"": ""IMF|ACCESS_SHARING_LEVEL=PUBLIC_OPEN|COICOP_1999=_T|COMMON_REFERENCE_PERIOD=2011A|FREQUENCY=M|IFS_FLAG=true|INDEX_TYPE=CPI|OVERLAP=OL|SCALE=0|SECURITY_CLASSIFICATION=PUB|TYPE_OF_TRANSFORMATION=IX|aggregation=quarterly_mean""}"
CPV,inflation_consumer_prices_yoy_pct_quarterly_imf,2022-Q1,quarterly,7.101349247563071,\N,derived,IMF_CPI,derived_yoy:IMF|ACCESS_SHARING_LEVEL=PUBLIC_OPEN|COICOP_1999=_T|COMMON_REFERENCE_PERIOD=2018A|FREQUENCY=M|IFS_FLAG=true|INDEX_TYPE=CPI|OVERLAP=OL|SCALE=0|SECURITY_CLASSIFICATION=PUB|TYPE_OF_TRANSFORMATION=IX|aggregation=quarterly_mean,\N,"{""comparison_period"": ""2021-Q1"", ""formula"": ""100 * (quarterly_mean_cpi / same_quarter_prior_year_mean_cpi - 1)"", ""source_cpi_series_code"": ""IMF|ACCESS_SHARING_LEVEL=PUBLIC_OPEN|COICOP_1999=_T|COMMON_REFERENCE_PERIOD=2018A|FREQUENCY=M|IFS_FLAG=true|INDEX_TYPE=CPI|OVERLAP=OL|SCALE=0|SECURITY_CLASSIFICATION=PUB|TYPE_OF_TRANSFORMATION=IX|aggregation=quarterly_mean""}"
CPV,inflation_consumer_prices_yoy_pct_quarterly_imf,2022-Q2,quarterly,7.8922572050557305,\N,derived,IMF_CPI,derived_yoy:IMF|ACCESS_SHARING_LEVEL=PUBLIC_OPEN|COICOP_1999=_T|COMMON_REFERENCE_PERIOD=2018A|FREQUENCY=M|IFS_FLAG=true|INDEX_TYPE=CPI|OVERLAP=OL|SCALE=0|SECURITY_CLASSIFICATION=PUB|TYPE_OF_TRANSFORMATION=IX|aggregation=quarterly_mean,\N,"{""comparison_period"": ""2021-Q2"", ""formula"": ""100 * (quarterly_mean_cpi / same_quarter_prior_year_mean_cpi - 1)"", ""source_cpi_series_code"": ""IMF|ACCESS_SHARING_LEVEL=PUBLIC_OPEN|COICOP_1999=_T|COMMON_REFERENCE_PERIOD=2018A|FREQUENCY=M|IFS_FLAG=true|INDEX_TYPE=CPI|OVERLAP=OL|SCALE=0|SECURITY_CLASSIFICATION=PUB|TYPE_OF_TRANSFORMATION=IX|aggregation=quarterly_mean""}"
CPV,inflation_consumer_prices_yoy_pct_quarterly_imf,2022-Q3,quarterly,8.782832262604924,\N,derived,IMF_CPI,derived_yoy:IMF|ACCESS_SHARING_LEVEL=PUBLIC_OPEN|COICOP_1999=_T|COMMON_REFERENCE_PERIOD=2018A|FREQUENCY=M|IFS_FLAG=true|INDEX_TYPE=CPI|OVERLAP=OL|SCALE=0|SECURITY_CLASSIFICATION=PUB|TYPE_OF_TRANSFORMATION=IX|aggregation=quarterly_mean,\N,"{""comparison_period"": ""2021-Q3"", ""formula"": ""100 * (quarterly_mean_cpi / same_quarter_prior_year_mean_cpi - 1)"", ""source_cpi_series_code"": ""IMF|ACCESS_SHARING_LEVEL=PUBLIC_OPEN|COICOP_1999=_T|COMMON_REFERENCE_PERIOD=2018A|FREQUENCY=M|IFS_FLAG=true|INDEX_TYPE=CPI|OVERLAP=OL|SCALE=0|SECURITY_CLASSIFICATION=PUB|TYPE_OF_TRANSFORMATION=IX|aggregation=quarterly_mean""}"
CPV,inflation_consumer_prices_yoy_pct_quarterly_imf,2022-Q4,quarterly,7.926599749058982,\N,derived,IMF_CPI,derived_yoy:IMF|ACCESS_SHARING_LEVEL=PUBLIC_OPEN|COICOP_1999=_T|COMMON_REFERENCE_PERIOD=2018A|FREQUENCY=M|IFS_FLAG=true|INDEX_TYPE=CPI|OVERLAP=OL|SCALE=0|SECURITY_CLASSIFICATION=PUB|TYPE_OF_TRANSFORMATION=IX|aggregation=quarterly_mean,\N,"{""comparison_period"": ""2021-Q4"", ""formula"": ""100 * (quarterly_mean_cpi / same_quarter_prior_year_mean_cpi - 1)"", ""source_cpi_series_code"": ""IMF|ACCESS_SHARING_LEVEL=PUBLIC_OPEN|COICOP_1999=_T|COMMON_REFERENCE_PERIOD=2018A|FREQUENCY=M|IFS_FLAG=true|INDEX_TYPE=CPI|OVERLAP=OL|SCALE=0|SECURITY_CLASSIFICATION=PUB|TYPE_OF_TRANSFORMATION=IX|aggregation=quarterly_mean""}"
CRI,inflation_consumer_prices_yoy_pct_quarterly_imf,2022-Q1,quarterly,4.728700603947722,\N,derived,IMF_CPI,derived_yoy:IMF|ACCESS_SHARING_LEVEL=PUBLIC_OPEN|COICOP_1999=_T|COMMON_REFERENCE_PERIOD=2020M12|FREQUENCY=M|IFS_FLAG=true|INDEX_TYPE=CPI|OVERLAP=OL|SCALE=0|SECURITY_CLASSIFICATION=PUB|TYPE_OF_TRANSFORMATION=IX|aggregation=quarterly_mean,\N,"{""comparison_period"": ""2021-Q1"", ""formula"": ""100 * (quarterly_mean_cpi / same_quarter_prior_year_mean_cpi - 1)"", ""source_cpi_series_code"": ""IMF|ACCESS_SHARING_LEVEL=PUBLIC_OPEN|COICOP_1999=_T|COMMON_REFERENCE_PERIOD=2020M12|FREQUENCY=M|IFS_FLAG=true|INDEX_TYPE=CPI|OVERLAP=OL|SCALE=0|SECURITY_CLASSIFICATION=PUB|TYPE_OF_TRANSFORMATION=IX|aggregation=quarterly_mean""}"
CRI,inflation_consumer_prices_yoy_pct_quarterly_imf,2022-Q2,quarterly,8.643192871288052,\N,derived,IMF_CPI,derived_yoy:IMF|ACCESS_SHARING_LEVEL=PUBLIC_OPEN|COICOP_1999=_T|COMMON_REFERENCE_PERIOD=2020M12|FREQUENCY=M|IFS_FLAG=true|INDEX_TYPE=CPI|OVERLAP=OL|SCALE=0|SECURITY_CLASSIFICATION=PUB|TYPE_OF_TRANSFORMATION=IX|aggregation=quarterly_mean,\N,"{""comparison_period"": ""2021-Q2"", ""formula"": ""100 * (quarterly_mean_cpi / same_quarter_prior_year_mean_cpi - 1)"", ""source_cpi_series_code"": ""IMF|ACCESS_SHARING_LEVEL=PUBLIC_OPEN|COICOP_1999=_T|COMMON_REFERENCE_PERIOD=2020M12|FREQUENCY=M|IFS_FLAG=true|INDEX_TYPE=CPI|OVERLAP=OL|SCALE=0|SECURITY_CLASSIFICATION=PUB|TYPE_OF_TRANSFORMATION=IX|aggregation=quarterly_mean""}"
CRI,inflation_consumer_prices_yoy_pct_quarterly_imf,2022-Q3,quarterly,11.322644762151523,\N,derived,IMF_CPI,derived_yoy:IMF|ACCESS_SHARING_LEVEL=PUBLIC_OPEN|COICOP_1999=_T|COMMON_REFERENCE_PERIOD=2020M12|FREQUENCY=M|IFS_FLAG=true|INDEX_TYPE=CPI|OVERLAP=OL|SCALE=0|SECURITY_CLASSIFICATION=PUB|TYPE_OF_TRANSFORMATION=IX|aggregation=quarterly_mean,\N,"{""comparison_period"": ""2021-Q3"", ""formula"": ""100 * (quarterly_mean_cpi / same_quarter_prior_year_mean_cpi - 1)"", ""source_cpi_series_code"": ""IMF|ACCESS_SHARING_LEVEL=PUBLIC_OPEN|COICOP_1999=_T|COMMON_REFERENCE_PERIOD=2020M12|FREQUENCY=M|IFS_FLAG=true|INDEX_TYPE=CPI|OVERLAP=OL|SCALE=0|SECURITY_CLASSIFICATION=PUB|TYPE_OF_TRANSFORMATION=IX|aggregation=quarterly_mean""}"
CRI,inflation_consumer_prices_yoy_pct_quarterly_imf,2022-Q4,quarterly,8.371995822404998,\N,derived,IMF_CPI,derived_yoy:IMF|ACCESS_SHARING_LEVEL=PUBLIC_OPEN|COICOP_1999=_T|COMMON_REFERENCE_PERIOD=2020M12|FREQUENCY=M|IFS_FLAG=true|INDEX_TYPE=CPI|OVERLAP=OL|SCALE=0|SECURITY_CLASSIFICATION=PUB|TYPE_OF_TRANSFORMATION=IX|aggregation=quarterly_mean,\N,"{""comparison_period"": ""2021-Q4"", ""formula"": ""100 * (quarterly_mean_cpi / same_quarter_prior_year_mean_cpi - 1)"", ""source_cpi_series_code"": ""IMF|ACCESS_SHARING_LEVEL=PUBLIC_OPEN|COICOP_1999=_T|COMMON_REFERENCE_PERIOD=2020M12|FREQUENCY=M|IFS_FLAG=true|INDEX_TYPE=CPI|OVERLAP=OL|SCALE=0|SECURITY_CLASSIFICATION=PUB|TYPE_OF_TRANSFORMATION=IX|aggregation=quarterly_mean""}"
CYP,inflation_consumer_prices_yoy_pct_quarterly_imf,2022-Q1,quarterly,6.368255666243239,\N,derived,IMF_CPI,derived_yoy:IMF|ACCESS_SHARING_LEVEL=PUBLIC_OPEN|COICOP_1999=_T|COMMON_REFERENCE_PERIOD=2025A|FREQUENCY=M|IFS_FLAG=true|INDEX_TYPE=CPI|OVERLAP=OL|SCALE=0|SECURITY_CLASSIFICATION=PUB|TYPE_OF_TRANSFORMATION=IX|aggregation=quarterly_mean,\N,"{""comparison_period"": ""2021-Q1"", ""formula"": ""100 * (quarterly_mean_cpi / same_quarter_prior_year_mean_cpi - 1)"", ""source_cpi_series_code"": ""IMF|ACCESS_SHARING_LEVEL=PUBLIC_OPEN|COICOP_1999=_T|COMMON_REFERENCE_PERIOD=2025A|FREQUENCY=M|IFS_FLAG=true|INDEX_TYPE=CPI|OVERLAP=OL|SCALE=0|SECURITY_CLASSIFICATION=PUB|TYPE_OF_TRANSFORMATION=IX|aggregation=quarterly_mean""}"
CYP,inflation_consumer_prices_yoy_pct_quarterly_imf,2022-Q2,quarterly,9.17977050573735,\N,derived,IMF_CPI,derived_yoy:IMF|ACCESS_SHARING_LEVEL=PUBLIC_OPEN|COICOP_1999=_T|COMMON_REFERENCE_PERIOD=2025A|FREQUENCY=M|IFS_FLAG=true|INDEX_TYPE=CPI|OVERLAP=OL|SCALE=0|SECURITY_CLASSIFICATION=PUB|TYPE_OF_TRANSFORMATION=IX|aggregation=quarterly_mean,\N,"{""comparison_period"": ""2021-Q2"", ""formula"": ""100 * (quarterly_mean_cpi / same_quarter_prior_year_mean_cpi - 1)"", ""source_cpi_series_code"": ""IMF|ACCESS_SHARING_LEVEL=PUBLIC_OPEN|COICOP_1999=_T|COMMON_REFERENCE_PERIOD=2025A|FREQUENCY=M|IFS_FLAG=true|INDEX_TYPE=CPI|OVERLAP=OL|SCALE=0|SECURITY_CLASSIFICATION=PUB|TYPE_OF_TRANSFORMATION=IX|aggregation=quarterly_mean""}"
CYP,inflation_consumer_prices_yoy_pct_quarterly_imf,2022-Q3,quarterly,9.487476659584072,\N,derived,IMF_CPI,derived_yoy:IMF|ACCESS_SHARING_LEVEL=PUBLIC_OPEN|COICOP_1999=_T|COMMON_REFERENCE_PERIOD=2025A|FREQUENCY=M|IFS_FLAG=true|INDEX_TYPE=CPI|OVERLAP=OL|SCALE=0|SECURITY_CLASSIFICATION=PUB|TYPE_OF_TRANSFORMATION=IX|aggregation=quarterly_mean,\N,"{""comparison_period"": ""2021-Q3"", ""formula"": ""100 * (quarterly_mean_cpi / same_quarter_prior_year_mean_cpi - 1)"", ""source_cpi_series_code"": ""IMF|ACCESS_SHARING_LEVEL=PUBLIC_OPEN|COICOP_1999=_T|COMMON_REFERENCE_PERIOD=2025A|FREQUENCY=M|IFS_FLAG=true|INDEX_TYPE=CPI|OVERLAP=OL|SCALE=0|SECURITY_CLASSIFICATION=PUB|TYPE_OF_TRANSFORMATION=IX|aggregation=quarterly_mean""}"
CYP,inflation_consumer_prices_yoy_pct_quarterly_imf,2022-Q4,quarterly,8.482157018239489,\N,derived,IMF_CPI,derived_yoy:IMF|ACCESS_SHARING_LEVEL=PUBLIC_OPEN|COICOP_1999=_T|COMMON_REFERENCE_PERIOD=2025A|FREQUENCY=M|IFS_FLAG=true|INDEX_TYPE=CPI|OVERLAP=OL|SCALE=0|SECURITY_CLASSIFICATION=PUB|TYPE_OF_TRANSFORMATION=IX|aggregation=quarterly_mean,\N,"{""comparison_period"": ""2021-Q4"", ""formula"": ""100 * (quarterly_mean_cpi / same_quarter_prior_year_mean_cpi - 1)"", ""source_cpi_series_code"": ""IMF|ACCESS_SHARING_LEVEL=PUBLIC_OPEN|COICOP_1999=_T|COMMON_REFERENCE_PERIOD=2025A|FREQUENCY=M|IFS_FLAG=true|INDEX_TYPE=CPI|OVERLAP=OL|SCALE=0|SECURITY_CLASSIFICATION=PUB|TYPE_OF_TRANSFORMATION=IX|aggregation=quarterly_mean""}"
CZE,inflation_consumer_prices_yoy_pct_quarterly_imf,2022-Q1,quarterly,11.238262910798124,\N,derived,IMF_CPI,derived_yoy:IMF|ACCESS_SHARING_LEVEL=PUBLIC_OPEN|COICOP_1999=_T|COMMON_REFERENCE_PERIOD=2025A|FREQUENCY=M|IFS_FLAG=true|INDEX_TYPE=CPI|OVERLAP=OL|SCALE=0|SECURITY_CLASSIFICATION=PUB|TYPE_OF_TRANSFORMATION=IX|aggregation=quarterly_mean,\N,"{""comparison_period"": ""2021-Q1"", ""formula"": ""100 * (quarterly_mean_cpi / same_quarter_prior_year_mean_cpi - 1)"", ""source_cpi_series_code"": ""IMF|ACCESS_SHARING_LEVEL=PUBLIC_OPEN|COICOP_1999=_T|COMMON_REFERENCE_PERIOD=2025A|FREQUENCY=M|IFS_FLAG=true|INDEX_TYPE=CPI|OVERLAP=OL|SCALE=0|SECURITY_CLASSIFICATION=PUB|TYPE_OF_TRANSFORMATION=IX|aggregation=quarterly_mean""}"
CZE,inflation_consumer_prices_yoy_pct_quarterly_imf,2022-Q2,quarterly,15.775711795467728,\N,derived,IMF_CPI,derived_yoy:IMF|ACCESS_SHARING_LEVEL=PUBLIC_OPEN|COICOP_1999=_T|COMMON_REFERENCE_PERIOD=2025A|FREQUENCY=M|IFS_FLAG=true|INDEX_TYPE=CPI|OVERLAP=OL|SCALE=0|SECURITY_CLASSIFICATION=PUB|TYPE_OF_TRANSFORMATION=IX|aggregation=quarterly_mean,\N,"{""comparison_period"": ""2021-Q2"", ""formula"": ""100 * (quarterly_mean_cpi / same_quarter_prior_year_mean_cpi - 1)"", ""source_cpi_series_code"": ""IMF|ACCESS_SHARING_LEVEL=PUBLIC_OPEN|COICOP_1999=_T|COMMON_REFERENCE_PERIOD=2025A|FREQUENCY=M|IFS_FLAG=true|INDEX_TYPE=CPI|OVERLAP=OL|SCALE=0|SECURITY_CLASSIFICATION=PUB|TYPE_OF_TRANSFORMATION=IX|aggregation=quarterly_mean""}"
CZE,inflation_consumer_prices_yoy_pct_quarterly_imf,2022-Q3,quarterly,17.578347578347596,\N,derived,IMF_CPI,derived_yoy:IMF|ACCESS_SHARING_LEVEL=PUBLIC_OPEN|COICOP_1999=_T|COMMON_REFERENCE_PERIOD=2025A|FREQUENCY=M|IFS_FLAG=true|INDEX_TYPE=CPI|OVERLAP=OL|SCALE=0|SECURITY_CLASSIFICATION=PUB|TYPE_OF_TRANSFORMATION=IX|aggregation=quarterly_mean,\N,"{""comparison_period"": ""2021-Q3"", ""formula"": ""100 * (quarterly_mean_cpi / same_quarter_prior_year_mean_cpi - 1)"", ""source_cpi_series_code"": ""IMF|ACCESS_SHARING_LEVEL=PUBLIC_OPEN|COICOP_1999=_T|COMMON_REFERENCE_PERIOD=2025A|FREQUENCY=M|IFS_FLAG=true|INDEX_TYPE=CPI|OVERLAP=OL|SCALE=0|SECURITY_CLASSIFICATION=PUB|TYPE_OF_TRANSFORMATION=IX|aggregation=quarterly_mean""}"
CZE,inflation_consumer_prices_yoy_pct_quarterly_imf,2022-Q4,quarterly,15.699467339500984,\N,derived,IMF_CPI,derived_yoy:IMF|ACCESS_SHARING_LEVEL=PUBLIC_OPEN|COICOP_1999=_T|COMMON_REFERENCE_PERIOD=2025A|FREQUENCY=M|IFS_FLAG=true|INDEX_TYPE=CPI|OVERLAP=OL|SCALE=0|SECURITY_CLASSIFICATION=PUB|TYPE_OF_TRANSFORMATION=IX|aggregation=quarterly_mean,\N,"{""comparison_period"": ""2021-Q4"", ""formula"": ""100 * (quarterly_mean_cpi / same_quarter_prior_year_mean_cpi - 1)"", ""source_cpi_series_code"": ""IMF|ACCESS_SHARING_LEVEL=PUBLIC_OPEN|COICOP_1999=_T|COMMON_REFERENCE_PERIOD=2025A|FREQUENCY=M|IFS_FLAG=true|INDEX_TYPE=CPI|OVERLAP=OL|SCALE=0|SECURITY_CLASSIFICATION=PUB|TYPE_OF_TRANSFORMATION=IX|aggregation=quarterly_mean""}"
DEU,inflation_consumer_prices_yoy_pct_quarterly_imf,2022-Q1,quarterly,4.791598293403343,\N,derived,IMF_CPI,derived_yoy:IMF|ACCESS_SHARING_LEVEL=PUBLIC_OPEN|COICOP_1999=_T|COMMON_REFERENCE_PERIOD=2020A|FREQUENCY=M|IFS_FLAG=true|INDEX_TYPE=CPI|OVERLAP=OL|SCALE=0|SECURITY_CLASSIFICATION=PUB|TYPE_OF_TRANSFORMATION=IX|aggregation=quarterly_mean,\N,"{""comparison_period"": ""2021-Q1"", ""formula"": ""100 * (quarterly_mean_cpi / same_quarter_prior_year_mean_cpi - 1)"", ""source_cpi_series_code"": ""IMF|ACCESS_SHARING_LEVEL=PUBLIC_OPEN|COICOP_1999=_T|COMMON_REFERENCE_PERIOD=2020A|FREQUENCY=M|IFS_FLAG=true|INDEX_TYPE=CPI|OVERLAP=OL|SCALE=0|SECURITY_CLASSIFICATION=PUB|TYPE_OF_TRANSFORMATION=IX|aggregation=quarterly_mean""}"
DEU,inflation_consumer_prices_yoy_pct_quarterly_imf,2022-Q2,quarterly,6.658005846053916,\N,derived,IMF_CPI,derived_yoy:IMF|ACCESS_SHARING_LEVEL=PUBLIC_OPEN|COICOP_1999=_T|COMMON_REFERENCE_PERIOD=2020A|FREQUENCY=M|IFS_FLAG=true|INDEX_TYPE=CPI|OVERLAP=OL|SCALE=0|SECURITY_CLASSIFICATION=PUB|TYPE_OF_TRANSFORMATION=IX|aggregation=quarterly_mean,\N,"{""comparison_period"": ""2021-Q2"", ""formula"": ""100 * (quarterly_mean_cpi / same_quarter_prior_year_mean_cpi - 1)"", ""source_cpi_series_code"": ""IMF|ACCESS_SHARING_LEVEL=PUBLIC_OPEN|COICOP_1999=_T|COMMON_REFERENCE_PERIOD=2020A|FREQUENCY=M|IFS_FLAG=true|INDEX_TYPE=CPI|OVERLAP=OL|SCALE=0|SECURITY_CLASSIFICATION=PUB|TYPE_OF_TRANSFORMATION=IX|aggregation=quarterly_mean""}"
DEU,inflation_consumer_prices_yoy_pct_quarterly_imf,2022-Q3,quarterly,7.402639201802397,\N,derived,IMF_CPI,derived_yoy:IMF|ACCESS_SHARING_LEVEL=PUBLIC_OPEN|COICOP_1999=_T|COMMON_REFERENCE_PERIOD=2020A|FREQUENCY=M|IFS_FLAG=true|INDEX_TYPE=CPI|OVERLAP=OL|SCALE=0|SECURITY_CLASSIFICATION=PUB|TYPE_OF_TRANSFORMATION=IX|aggregation=quarterly_mean,\N,"{""comparison_period"": ""2021-Q3"", ""formula"": ""100 * (quarterly_mean_cpi / same_quarter_prior_year_mean_cpi - 1)"", ""source_cpi_series_code"": ""IMF|ACCESS_SHARING_LEVEL=PUBLIC_OPEN|COICOP_1999=_T|COMMON_REFERENCE_PERIOD=2020A|FREQUENCY=M|IFS_FLAG=true|INDEX_TYPE=CPI|OVERLAP=OL|SCALE=0|SECURITY_CLASSIFICATION=PUB|TYPE_OF_TRANSFORMATION=IX|aggregation=quarterly_mean""}"
DEU,inflation_consumer_prices_yoy_pct_quarterly_imf,2022-Q4,quarterly,8.580542264752777,\N,derived,IMF_CPI,derived_yoy:IMF|ACCESS_SHARING_LEVEL=PUBLIC_OPEN|COICOP_1999=_T|COMMON_REFERENCE_PERIOD=2020A|FREQUENCY=M|IFS_FLAG=true|INDEX_TYPE=CPI|OVERLAP=OL|SCALE=0|SECURITY_CLASSIFICATION=PUB|TYPE_OF_TRANSFORMATION=IX|aggregation=quarterly_mean,\N,"{""comparison_period"": ""2021-Q4"", ""formula"": ""100 * (quarterly_mean_cpi / same_quarter_prior_year_mean_cpi - 1)"", ""source_cpi_series_code"": ""IMF|ACCESS_SHARING_LEVEL=PUBLIC_OPEN|COICOP_1999=_T|COMMON_REFERENCE_PERIOD=2020A|FREQUENCY=M|IFS_FLAG=true|INDEX_TYPE=CPI|OVERLAP=OL|SCALE=0|SECURITY_CLASSIFICATION=PUB|TYPE_OF_TRANSFORMATION=IX|aggregation=quarterly_mean""}"
DJI,inflation_consumer_prices_yoy_pct_quarterly_imf,2022-Q1,quarterly,2.9937924840551355,\N,derived,IMF_CPI,derived_yoy:IMF|ACCESS_SHARING_LEVEL=PUBLIC_OPEN|COICOP_1999=_T|COMMON_REFERENCE_PERIOD=2022A|FREQUENCY=M|IFS_FLAG=true|INDEX_TYPE=CPI|OVERLAP=OL|SCALE=0|SECURITY_CLASSIFICATION=PUB|TYPE_OF_TRANSFORMATION=IX|aggregation=quarterly_mean,\N,"{""comparison_period"": ""2021-Q1"", ""formula"": ""100 * (quarterly_mean_cpi / same_quarter_prior_year_mean_cpi - 1)"", ""source_cpi_series_code"": ""IMF|ACCESS_SHARING_LEVEL=PUBLIC_OPEN|COICOP_1999=_T|COMMON_REFERENCE_PERIOD=2022A|FREQUENCY=M|IFS_FLAG=true|INDEX_TYPE=CPI|OVERLAP=OL|SCALE=0|SECURITY_CLASSIFICATION=PUB|TYPE_OF_TRANSFORMATION=IX|aggregation=quarterly_mean""}"
DJI,inflation_consumer_prices_yoy_pct_quarterly_imf,2022-Q2,quarterly,7.3685783580009545,\N,derived,IMF_CPI,derived_yoy:IMF|ACCESS_SHARING_LEVEL=PUBLIC_OPEN|COICOP_1999=_T|COMMON_REFERENCE_PERIOD=2022A|FREQUENCY=M|IFS_FLAG=true|INDEX_TYPE=CPI|OVERLAP=OL|SCALE=0|SECURITY_CLASSIFICATION=PUB|TYPE_OF_TRANSFORMATION=IX|aggregation=quarterly_mean,\N,"{""comparison_period"": ""2021-Q2"", ""formula"": ""100 * (quarterly_mean_cpi / same_quarter_prior_year_mean_cpi - 1)"", ""source_cpi_series_code"": ""IMF|ACCESS_SHARING_LEVEL=PUBLIC_OPEN|COICOP_1999=_T|COMMON_REFERENCE_PERIOD=2022A|FREQUENCY=M|IFS_FLAG=true|INDEX_TYPE=CPI|OVERLAP=OL|SCALE=0|SECURITY_CLASSIFICATION=PUB|TYPE_OF_TRANSFORMATION=IX|aggregation=quarterly_mean""}"
DJI,inflation_consumer_prices_yoy_pct_quarterly_imf,2022-Q3,quarterly,5.747243506140998,\N,derived,IMF_CPI,derived_yoy:IMF|ACCESS_SHARING_LEVEL=PUBLIC_OPEN|COICOP_1999=_T|COMMON_REFERENCE_PERIOD=2022A|FREQUENCY=M|IFS_FLAG=true|INDEX_TYPE=CPI|OVERLAP=OL|SCALE=0|SECURITY_CLASSIFICATION=PUB|TYPE_OF_TRANSFORMATION=IX|aggregation=quarterly_mean,\N,"{""comparison_period"": ""2021-Q3"", ""formula"": ""100 * (quarterly_mean_cpi / same_quarter_prior_year_mean_cpi - 1)"", ""source_cpi_series_code"": ""IMF|ACCESS_SHARING_LEVEL=PUBLIC_OPEN|COICOP_1999=_T|COMMON_REFERENCE_PERIOD=2022A|FREQUENCY=M|IFS_FLAG=true|INDEX_TYPE=CPI|OVERLAP=OL|SCALE=0|SECURITY_CLASSIFICATION=PUB|TYPE_OF_TRANSFORMATION=IX|aggregation=quarterly_mean""}"
DJI,inflation_consumer_prices_yoy_pct_quarterly_imf,2022-Q4,quarterly,4.562757666112227,\N,derived,IMF_CPI,derived_yoy:IMF|ACCESS_SHARING_LEVEL=PUBLIC_OPEN|COICOP_1999=_T|COMMON_REFERENCE_PERIOD=2022A|FREQUENCY=M|IFS_FLAG=true|INDEX_TYPE=CPI|OVERLAP=OL|SCALE=0|SECURITY_CLASSIFICATION=PUB|TYPE_OF_TRANSFORMATION=IX|aggregation=quarterly_mean,\N,"{""comparison_period"": ""2021-Q4"", ""formula"": ""100 * (quarterly_mean_cpi / same_quarter_prior_year_mean_cpi - 1)"", ""source_cpi_series_code"": ""IMF|ACCESS_SHARING_LEVEL=PUBLIC_OPEN|COICOP_1999=_T|COMMON_REFERENCE_PERIOD=2022A|FREQUENCY=M|IFS_FLAG=true|INDEX_TYPE=CPI|OVERLAP=OL|SCALE=0|SECURITY_CLASSIFICATION=PUB|TYPE_OF_TRANSFORMATION=IX|aggregation=quarterly_mean""}"
DMA,inflation_consumer_prices_yoy_pct_quarterly_imf,2022-Q1,quarterly,3.3439192975901477,\N,derived,IMF_CPI,derived_yoy:IMF|ACCESS_SHARING_LEVEL=PUBLIC_OPEN|COICOP_1999=_T|COMMON_REFERENCE_PERIOD=2010M6|FREQUENCY=M|IFS_FLAG=true|INDEX_TYPE=CPI|OVERLAP=OL|SCALE=0|SECURITY_CLASSIFICATION=PUB|TYPE_OF_TRANSFORMATION=IX|aggregation=quarterly_mean,\N,"{""comparison_period"": ""2021-Q1"", ""formula"": ""100 * (quarterly_mean_cpi / same_quarter_prior_year_mean_cpi - 1)"", ""source_cpi_series_code"": ""IMF|ACCESS_SHARING_LEVEL=PUBLIC_OPEN|COICOP_1999=_T|COMMON_REFERENCE_PERIOD=2010M6|FREQUENCY=M|IFS_FLAG=true|INDEX_TYPE=CPI|OVERLAP=OL|SCALE=0|SECURITY_CLASSIFICATION=PUB|TYPE_OF_TRANSFORMATION=IX|aggregation=quarterly_mean""}"
DMA,inflation_consumer_prices_yoy_pct_quarterly_imf,2022-Q2,quarterly,3.561240452746861,\N,derived,IMF_CPI,derived_yoy:IMF|ACCESS_SHARING_LEVEL=PUBLIC_OPEN|COICOP_1999=_T|COMMON_REFERENCE_PERIOD=2010M6|FREQUENCY=M|IFS_FLAG=true|INDEX_TYPE=CPI|OVERLAP=OL|SCALE=0|SECURITY_CLASSIFICATION=PUB|TYPE_OF_TRANSFORMATION=IX|aggregation=quarterly_mean,\N,"{""comparison_period"": ""2021-Q2"", ""formula"": ""100 * (quarterly_mean_cpi / same_quarter_prior_year_mean_cpi - 1)"", ""source_cpi_series_code"": ""IMF|ACCESS_SHARING_LEVEL=PUBLIC_OPEN|COICOP_1999=_T|COMMON_REFERENCE_PERIOD=2010M6|FREQUENCY=M|IFS_FLAG=true|INDEX_TYPE=CPI|OVERLAP=OL|SCALE=0|SECURITY_CLASSIFICATION=PUB|TYPE_OF_TRANSFORMATION=IX|aggregation=quarterly_mean""}"
DMA,inflation_consumer_prices_yoy_pct_quarterly_imf,2022-Q3,quarterly,2.682341504905983,\N,derived,IMF_CPI,derived_yoy:IMF|ACCESS_SHARING_LEVEL=PUBLIC_OPEN|COICOP_1999=_T|COMMON_REFERENCE_PERIOD=2010M6|FREQUENCY=M|IFS_FLAG=true|INDEX_TYPE=CPI|OVERLAP=OL|SCALE=0|SECURITY_CLASSIFICATION=PUB|TYPE_OF_TRANSFORMATION=IX|aggregation=quarterly_mean,\N,"{""comparison_period"": ""2021-Q3"", ""formula"": ""100 * (quarterly_mean_cpi / same_quarter_prior_year_mean_cpi - 1)"", ""source_cpi_series_code"": ""IMF|ACCESS_SHARING_LEVEL=PUBLIC_OPEN|COICOP_1999=_T|COMMON_REFERENCE_PERIOD=2010M6|FREQUENCY=M|IFS_FLAG=true|INDEX_TYPE=CPI|OVERLAP=OL|SCALE=0|SECURITY_CLASSIFICATION=PUB|TYPE_OF_TRANSFORMATION=IX|aggregation=quarterly_mean""}"
DMA,inflation_consumer_prices_yoy_pct_quarterly_imf,2022-Q4,quarterly,1.9741814553919657,\N,derived,IMF_CPI,derived_yoy:IMF|ACCESS_SHARING_LEVEL=PUBLIC_OPEN|COICOP_1999=_T|COMMON_REFERENCE_PERIOD=2010M6|FREQUENCY=M|IFS_FLAG=true|INDEX_TYPE=CPI|OVERLAP=OL|SCALE=0|SECURITY_CLASSIFICATION=PUB|TYPE_OF_TRANSFORMATION=IX|aggregation=quarterly_mean,\N,"{""comparison_period"": ""2021-Q4"", ""formula"": ""100 * (quarterly_mean_cpi / same_quarter_prior_year_mean_cpi - 1)"", ""source_cpi_series_code"": ""IMF|ACCESS_SHARING_LEVEL=PUBLIC_OPEN|COICOP_1999=_T|COMMON_REFERENCE_PERIOD=2010M6|FREQUENCY=M|IFS_FLAG=true|INDEX_TYPE=CPI|OVERLAP=OL|SCALE=0|SECURITY_CLASSIFICATION=PUB|TYPE_OF_TRANSFORMATION=IX|aggregation=quarterly_mean""}"
DNK,inflation_consumer_prices_yoy_pct_quarterly_imf,2022-Q1,quarterly,4.84596880577326,\N,derived,IMF_CPI,derived_yoy:IMF|ACCESS_SHARING_LEVEL=PUBLIC_OPEN|COICOP_1999=_T|COMMON_REFERENCE_PERIOD=2025A|FREQUENCY=M|IFS_FLAG=true|INDEX_TYPE=CPI|OVERLAP=OL|SCALE=0|SECURITY_CLASSIFICATION=PUB|TYPE_OF_TRANSFORMATION=IX|aggregation=quarterly_mean,\N,"{""comparison_period"": ""2021-Q1"", ""formula"": ""100 * (quarterly_mean_cpi / same_quarter_prior_year_mean_cpi - 1)"", ""source_cpi_series_code"": ""IMF|ACCESS_SHARING_LEVEL=PUBLIC_OPEN|COICOP_1999=_T|COMMON_REFERENCE_PERIOD=2025A|FREQUENCY=M|IFS_FLAG=true|INDEX_TYPE=CPI|OVERLAP=OL|SCALE=0|SECURITY_CLASSIFICATION=PUB|TYPE_OF_TRANSFORMATION=IX|aggregation=quarterly_mean""}"
DNK,inflation_consumer_prices_yoy_pct_quarterly_imf,2022-Q2,quarterly,7.435344827586188,\N,derived,IMF_CPI,derived_yoy:IMF|ACCESS_SHARING_LEVEL=PUBLIC_OPEN|COICOP_1999=_T|COMMON_REFERENCE_PERIOD=2025A|FREQUENCY=M|IFS_FLAG=true|INDEX_TYPE=CPI|OVERLAP=OL|SCALE=0|SECURITY_CLASSIFICATION=PUB|TYPE_OF_TRANSFORMATION=IX|aggregation=quarterly_mean,\N,"{""comparison_period"": ""2021-Q2"", ""formula"": ""100 * (quarterly_mean_cpi / same_quarter_prior_year_mean_cpi - 1)"", ""source_cpi_series_code"": ""IMF|ACCESS_SHARING_LEVEL=PUBLIC_OPEN|COICOP_1999=_T|COMMON_REFERENCE_PERIOD=2025A|FREQUENCY=M|IFS_FLAG=true|INDEX_TYPE=CPI|OVERLAP=OL|SCALE=0|SECURITY_CLASSIFICATION=PUB|TYPE_OF_TRANSFORMATION=IX|aggregation=quarterly_mean""}"
DNK,inflation_consumer_prices_yoy_pct_quarterly_imf,2022-Q3,quarterly,9.20168067226892,\N,derived,IMF_CPI,derived_yoy:IMF|ACCESS_SHARING_LEVEL=PUBLIC_OPEN|COICOP_1999=_T|COMMON_REFERENCE_PERIOD=2025A|FREQUENCY=M|IFS_FLAG=true|INDEX_TYPE=CPI|OVERLAP=OL|SCALE=0|SECURITY_CLASSIFICATION=PUB|TYPE_OF_TRANSFORMATION=IX|aggregation=quarterly_mean,\N,"{""comparison_period"": ""2021-Q3"", ""formula"": ""100 * (quarterly_mean_cpi / same_quarter_prior_year_mean_cpi - 1)"", ""source_cpi_series_code"": ""IMF|ACCESS_SHARING_LEVEL=PUBLIC_OPEN|COICOP_1999=_T|COMMON_REFERENCE_PERIOD=2025A|FREQUENCY=M|IFS_FLAG=true|INDEX_TYPE=CPI|OVERLAP=OL|SCALE=0|SECURITY_CLASSIFICATION=PUB|TYPE_OF_TRANSFORMATION=IX|aggregation=quarterly_mean""}"
DNK,inflation_consumer_prices_yoy_pct_quarterly_imf,2022-Q4,quarterly,9.25611092221088,\N,derived,IMF_CPI,derived_yoy:IMF|ACCESS_SHARING_LEVEL=PUBLIC_OPEN|COICOP_1999=_T|COMMON_REFERENCE_PERIOD=2025A|FREQUENCY=M|IFS_FLAG=true|INDEX_TYPE=CPI|OVERLAP=OL|SCALE=0|SECURITY_CLASSIFICATION=PUB|TYPE_OF_TRANSFORMATION=IX|aggregation=quarterly_mean,\N,"{""comparison_period"": ""2021-Q4"", ""formula"": ""100 * (quarterly_mean_cpi / same_quarter_prior_year_mean_cpi - 1)"", ""source_cpi_series_code"": ""IMF|ACCESS_SHARING_LEVEL=PUBLIC_OPEN|COICOP_1999=_T|COMMON_REFERENCE_PERIOD=2025A|FREQUENCY=M|IFS_FLAG=true|INDEX_TYPE=CPI|OVERLAP=OL|SCALE=0|SECURITY_CLASSIFICATION=PUB|TYPE_OF_TRANSFORMATION=IX|aggregation=quarterly_mean""}"
DOM,inflation_consumer_prices_yoy_pct_quarterly_imf,2022-Q1,quarterly,8.922310331393813,\N,derived,IMF_CPI,derived_yoy:IMF|ACCESS_SHARING_LEVEL=PUBLIC_OPEN|COICOP_1999=_T|COMMON_REFERENCE_PERIOD=2019M10-2020M09|FREQUENCY=M|IFS_FLAG=true|INDEX_TYPE=CPI|OVERLAP=OL|SCALE=0|SECURITY_CLASSIFICATION=PUB|TYPE_OF_TRANSFORMATION=IX|aggregation=quarterly_mean,\N,"{""comparison_period"": ""2021-Q1"", ""formula"": ""100 * (quarterly_mean_cpi / same_quarter_prior_year_mean_cpi - 1)"", ""source_cpi_series_code"": ""IMF|ACCESS_SHARING_LEVEL=PUBLIC_OPEN|COICOP_1999=_T|COMMON_REFERENCE_PERIOD=2019M10-2020M09|FREQUENCY=M|IFS_FLAG=true|INDEX_TYPE=CPI|OVERLAP=OL|SCALE=0|SECURITY_CLASSIFICATION=PUB|TYPE_OF_TRANSFORMATION=IX|aggregation=quarterly_mean""}"
DOM,inflation_consumer_prices_yoy_pct_quarterly_imf,2022-Q2,quarterly,9.530973888758453,\N,derived,IMF_CPI,derived_yoy:IMF|ACCESS_SHARING_LEVEL=PUBLIC_OPEN|COICOP_1999=_T|COMMON_REFERENCE_PERIOD=2019M10-2020M09|FREQUENCY=M|IFS_FLAG=true|INDEX_TYPE=CPI|OVERLAP=OL|SCALE=0|SECURITY_CLASSIFICATION=PUB|TYPE_OF_TRANSFORMATION=IX|aggregation=quarterly_mean,\N,"{""comparison_period"": ""2021-Q2"", ""formula"": ""100 * (quarterly_mean_cpi / same_quarter_prior_year_mean_cpi - 1)"", ""source_cpi_series_code"": ""IMF|ACCESS_SHARING_LEVEL=PUBLIC_OPEN|COICOP_1999=_T|COMMON_REFERENCE_PERIOD=2019M10-2020M09|FREQUENCY=M|IFS_FLAG=true|INDEX_TYPE=CPI|OVERLAP=OL|SCALE=0|SECURITY_CLASSIFICATION=PUB|TYPE_OF_TRANSFORMATION=IX|aggregation=quarterly_mean""}"
DOM,inflation_consumer_prices_yoy_pct_quarterly_imf,2022-Q3,quarterly,8.95030372138299,\N,derived,IMF_CPI,derived_yoy:IMF|ACCESS_SHARING_LEVEL=PUBLIC_OPEN|COICOP_1999=_T|COMMON_REFERENCE_PERIOD=2019M10-2020M09|FREQUENCY=M|IFS_FLAG=true|INDEX_TYPE=CPI|OVERLAP=OL|SCALE=0|SECURITY_CLASSIFICATION=PUB|TYPE_OF_TRANSFORMATION=IX|aggregation=quarterly_mean,\N,"{""comparison_period"": ""2021-Q3"", ""formula"": ""100 * (quarterly_mean_cpi / same_quarter_prior_year_mean_cpi - 1)"", ""source_cpi_series_code"": ""IMF|ACCESS_SHARING_LEVEL=PUBLIC_OPEN|COICOP_1999=_T|COMMON_REFERENCE_PERIOD=2019M10-2020M09|FREQUENCY=M|IFS_FLAG=true|INDEX_TYPE=CPI|OVERLAP=OL|SCALE=0|SECURITY_CLASSIFICATION=PUB|TYPE_OF_TRANSFORMATION=IX|aggregation=quarterly_mean""}"
DOM,inflation_consumer_prices_yoy_pct_quarterly_imf,2022-Q4,quarterly,7.878250082355698,\N,derived,IMF_CPI,derived_yoy:IMF|ACCESS_SHARING_LEVEL=PUBLIC_OPEN|COICOP_1999=_T|COMMON_REFERENCE_PERIOD=2019M10-2020M09|FREQUENCY=M|IFS_FLAG=true|INDEX_TYPE=CPI|OVERLAP=OL|SCALE=0|SECURITY_CLASSIFICATION=PUB|TYPE_OF_TRANSFORMATION=IX|aggregation=quarterly_mean,\N,"{""comparison_period"": ""2021-Q4"", ""formula"": ""100 * (quarterly_mean_cpi / same_quarter_prior_year_mean_cpi - 1)"", ""source_cpi_series_code"": ""IMF|ACCESS_SHARING_LEVEL=PUBLIC_OPEN|COICOP_1999=_T|COMMON_REFERENCE_PERIOD=2019M10-2020M09|FREQUENCY=M|IFS_FLAG=true|INDEX_TYPE=CPI|OVERLAP=OL|SCALE=0|SECURITY_CLASSIFICATION=PUB|TYPE_OF_TRANSFORMATION=IX|aggregation=quarterly_mean""}"
DZA,inflation_consumer_prices_yoy_pct_quarterly_imf,2022-Q1,quarterly,9.18041795783784,\N,derived,IMF_CPI,derived_yoy:IMF|ACCESS_SHARING_LEVEL=PUBLIC_OPEN|COICOP_1999=_T|COMMON_REFERENCE_PERIOD=2001A|FREQUENCY=M|IFS_FLAG=true|INDEX_TYPE=CPI|OVERLAP=OL|SCALE=0|SECURITY_CLASSIFICATION=PUB|TYPE_OF_TRANSFORMATION=IX|aggregation=quarterly_mean,\N,"{""comparison_period"": ""2021-Q1"", ""formula"": ""100 * (quarterly_mean_cpi / same_quarter_prior_year_mean_cpi - 1)"", ""source_cpi_series_code"": ""IMF|ACCESS_SHARING_LEVEL=PUBLIC_OPEN|COICOP_1999=_T|COMMON_REFERENCE_PERIOD=2001A|FREQUENCY=M|IFS_FLAG=true|INDEX_TYPE=CPI|OVERLAP=OL|SCALE=0|SECURITY_CLASSIFICATION=PUB|TYPE_OF_TRANSFORMATION=IX|aggregation=quarterly_mean""}"
DZA,inflation_consumer_prices_yoy_pct_quarterly_imf,2022-Q2,quarterly,10.114816026651585,\N,derived,IMF_CPI,derived_yoy:IMF|ACCESS_SHARING_LEVEL=PUBLIC_OPEN|COICOP_1999=_T|COMMON_REFERENCE_PERIOD=2001A|FREQUENCY=M|IFS_FLAG=true|INDEX_TYPE=CPI|OVERLAP=OL|SCALE=0|SECURITY_CLASSIFICATION=PUB|TYPE_OF_TRANSFORMATION=IX|aggregation=quarterly_mean,\N,"{""comparison_period"": ""2021-Q2"", ""formula"": ""100 * (quarterly_mean_cpi / same_quarter_prior_year_mean_cpi - 1)"", ""source_cpi_series_code"": ""IMF|ACCESS_SHARING_LEVEL=PUBLIC_OPEN|COICOP_1999=_T|COMMON_REFERENCE_PERIOD=2001A|FREQUENCY=M|IFS_FLAG=true|INDEX_TYPE=CPI|OVERLAP=OL|SCALE=0|SECURITY_CLASSIFICATION=PUB|TYPE_OF_TRANSFORMATION=IX|aggregation=quarterly_mean""}"
DZA,inflation_consumer_prices_yoy_pct_quarterly_imf,2022-Q3,quarterly,9.285912186301548,\N,derived,IMF_CPI,derived_yoy:IMF|ACCESS_SHARING_LEVEL=PUBLIC_OPEN|COICOP_1999=_T|COMMON_REFERENCE_PERIOD=2001A|FREQUENCY=M|IFS_FLAG=true|INDEX_TYPE=CPI|OVERLAP=OL|SCALE=0|SECURITY_CLASSIFICATION=PUB|TYPE_OF_TRANSFORMATION=IX|aggregation=quarterly_mean,\N,"{""comparison_period"": ""2021-Q3"", ""formula"": ""100 * (quarterly_mean_cpi / same_quarter_prior_year_mean_cpi - 1)"", ""source_cpi_series_code"": ""IMF|ACCESS_SHARING_LEVEL=PUBLIC_OPEN|COICOP_1999=_T|COMMON_REFERENCE_PERIOD=2001A|FREQUENCY=M|IFS_FLAG=true|INDEX_TYPE=CPI|OVERLAP=OL|SCALE=0|SECURITY_CLASSIFICATION=PUB|TYPE_OF_TRANSFORMATION=IX|aggregation=quarterly_mean""}"
DZA,inflation_consumer_prices_yoy_pct_quarterly_imf,2022-Q4,quarterly,8.513720811317537,\N,derived,IMF_CPI,derived_yoy:IMF|ACCESS_SHARING_LEVEL=PUBLIC_OPEN|COICOP_1999=_T|COMMON_REFERENCE_PERIOD=2001A|FREQUENCY=M|IFS_FLAG=true|INDEX_TYPE=CPI|OVERLAP=OL|SCALE=0|SECURITY_CLASSIFICATION=PUB|TYPE_OF_TRANSFORMATION=IX|aggregation=quarterly_mean,\N,"{""comparison_period"": ""2021-Q4"", ""formula"": ""100 * (quarterly_mean_cpi / same_quarter_prior_year_mean_cpi - 1)"", ""source_cpi_series_code"": ""IMF|ACCESS_SHARING_LEVEL=PUBLIC_OPEN|COICOP_1999=_T|COMMON_REFERENCE_PERIOD=2001A|FREQUENCY=M|IFS_FLAG=true|INDEX_TYPE=CPI|OVERLAP=OL|SCALE=0|SECURITY_CLASSIFICATION=PUB|TYPE_OF_TRANSFORMATION=IX|aggregation=quarterly_mean""}"
ECU,inflation_consumer_prices_yoy_pct_quarterly_imf,2022-Q1,quarterly,2.6365972409925664,\N,derived,IMF_CPI,derived_yoy:IMF|ACCESS_SHARING_LEVEL=PUBLIC_OPEN|COICOP_1999=_T|COMMON_REFERENCE_PERIOD=2014A|FREQUENCY=M|IFS_FLAG=true|INDEX_TYPE=CPI|OVERLAP=OL|SCALE=0|SECURITY_CLASSIFICATION=PUB|TYPE_OF_TRANSFORMATION=IX|aggregation=quarterly_mean,\N,"{""comparison_period"": ""2021-Q1"", ""formula"": ""100 * (quarterly_mean_cpi / same_quarter_prior_year_mean_cpi - 1)"", ""source_cpi_series_code"": ""IMF|ACCESS_SHARING_LEVEL=PUBLIC_OPEN|COICOP_1999=_T|COMMON_REFERENCE_PERIOD=2014A|FREQUENCY=M|IFS_FLAG=true|INDEX_TYPE=CPI|OVERLAP=OL|SCALE=0|SECURITY_CLASSIFICATION=PUB|TYPE_OF_TRANSFORMATION=IX|aggregation=quarterly_mean""}"
ECU,inflation_consumer_prices_yoy_pct_quarterly_imf,2022-Q2,quarterly,3.5032482914689522,\N,derived,IMF_CPI,derived_yoy:IMF|ACCESS_SHARING_LEVEL=PUBLIC_OPEN|COICOP_1999=_T|COMMON_REFERENCE_PERIOD=2014A|FREQUENCY=M|IFS_FLAG=true|INDEX_TYPE=CPI|OVERLAP=OL|SCALE=0|SECURITY_CLASSIFICATION=PUB|TYPE_OF_TRANSFORMATION=IX|aggregation=quarterly_mean,\N,"{""comparison_period"": ""2021-Q2"", ""formula"": ""100 * (quarterly_mean_cpi / same_quarter_prior_year_mean_cpi - 1)"", ""source_cpi_series_code"": ""IMF|ACCESS_SHARING_LEVEL=PUBLIC_OPEN|COICOP_1999=_T|COMMON_REFERENCE_PERIOD=2014A|FREQUENCY=M|IFS_FLAG=true|INDEX_TYPE=CPI|OVERLAP=OL|SCALE=0|SECURITY_CLASSIFICATION=PUB|TYPE_OF_TRANSFORMATION=IX|aggregation=quarterly_mean""}"
ECU,inflation_consumer_prices_yoy_pct_quarterly_imf,2022-Q3,quarterly,3.913240168780452,\N,derived,IMF_CPI,derived_yoy:IMF|ACCESS_SHARING_LEVEL=PUBLIC_OPEN|COICOP_1999=_T|COMMON_REFERENCE_PERIOD=2014A|FREQUENCY=M|IFS_FLAG=true|INDEX_TYPE=CPI|OVERLAP=OL|SCALE=0|SECURITY_CLASSIFICATION=PUB|TYPE_OF_TRANSFORMATION=IX|aggregation=quarterly_mean,\N,"{""comparison_period"": ""2021-Q3"", ""formula"": ""100 * (quarterly_mean_cpi / same_quarter_prior_year_mean_cpi - 1)"", ""source_cpi_series_code"": ""IMF|ACCESS_SHARING_LEVEL=PUBLIC_OPEN|COICOP_1999=_T|COMMON_REFERENCE_PERIOD=2014A|FREQUENCY=M|IFS_FLAG=true|INDEX_TYPE=CPI|OVERLAP=OL|SCALE=0|SECURITY_CLASSIFICATION=PUB|TYPE_OF_TRANSFORMATION=IX|aggregation=quarterly_mean""}"
ECU,inflation_consumer_prices_yoy_pct_quarterly_imf,2022-Q4,quarterly,3.801718890675976,\N,derived,IMF_CPI,derived_yoy:IMF|ACCESS_SHARING_LEVEL=PUBLIC_OPEN|COICOP_1999=_T|COMMON_REFERENCE_PERIOD=2014A|FREQUENCY=M|IFS_FLAG=true|INDEX_TYPE=CPI|OVERLAP=OL|SCALE=0|SECURITY_CLASSIFICATION=PUB|TYPE_OF_TRANSFORMATION=IX|aggregation=quarterly_mean,\N,"{""comparison_period"": ""2021-Q4"", ""formula"": ""100 * (quarterly_mean_cpi / same_quarter_prior_year_mean_cpi - 1)"", ""source_cpi_series_code"": ""IMF|ACCESS_SHARING_LEVEL=PUBLIC_OPEN|COICOP_1999=_T|COMMON_REFERENCE_PERIOD=2014A|FREQUENCY=M|IFS_FLAG=true|INDEX_TYPE=CPI|OVERLAP=OL|SCALE=0|SECURITY_CLASSIFICATION=PUB|TYPE_OF_TRANSFORMATION=IX|aggregation=quarterly_mean""}"
EGY,inflation_consumer_prices_yoy_pct_quarterly_imf,2022-Q1,quarterly,8.849226099338559,\N,derived,IMF_CPI,derived_yoy:IMF|ACCESS_SHARING_LEVEL=PUBLIC_OPEN|COICOP_1999=_T|COMMON_REFERENCE_PERIOD=2018A|FREQUENCY=M|IFS_FLAG=true|INDEX_TYPE=CPI|OVERLAP=OL|SCALE=0|SECURITY_CLASSIFICATION=PUB|TYPE_OF_TRANSFORMATION=IX|aggregation=quarterly_mean,\N,"{""comparison_period"": ""2021-Q1"", ""formula"": ""100 * (quarterly_mean_cpi / same_quarter_prior_year_mean_cpi - 1)"", ""source_cpi_series_code"": ""IMF|ACCESS_SHARING_LEVEL=PUBLIC_OPEN|COICOP_1999=_T|COMMON_REFERENCE_PERIOD=2018A|FREQUENCY=M|IFS_FLAG=true|INDEX_TYPE=CPI|OVERLAP=OL|SCALE=0|SECURITY_CLASSIFICATION=PUB|TYPE_OF_TRANSFORMATION=IX|aggregation=quarterly_mean""}"
EGY,inflation_consumer_prices_yoy_pct_quarterly_imf,2022-Q2,quarterly,13.232682060390765,\N,derived,IMF_CPI,derived_yoy:IMF|ACCESS_SHARING_LEVEL=PUBLIC_OPEN|COICOP_1999=_T|COMMON_REFERENCE_PERIOD=2018A|FREQUENCY=M|IFS_FLAG=true|INDEX_TYPE=CPI|OVERLAP=OL|SCALE=0|SECURITY_CLASSIFICATION=PUB|TYPE_OF_TRANSFORMATION=IX|aggregation=quarterly_mean,\N,"{""comparison_period"": ""2021-Q2"", ""formula"": ""100 * (quarterly_mean_cpi / same_quarter_prior_year_mean_cpi - 1)"", ""source_cpi_series_code"": ""IMF|ACCESS_SHARING_LEVEL=PUBLIC_OPEN|COICOP_1999=_T|COMMON_REFERENCE_PERIOD=2018A|FREQUENCY=M|IFS_FLAG=true|INDEX_TYPE=CPI|OVERLAP=OL|SCALE=0|SECURITY_CLASSIFICATION=PUB|TYPE_OF_TRANSFORMATION=IX|aggregation=quarterly_mean""}"
EGY,inflation_consumer_prices_yoy_pct_quarterly_imf,2022-Q3,quarterly,14.418875618992132,\N,derived,IMF_CPI,derived_yoy:IMF|ACCESS_SHARING_LEVEL=PUBLIC_OPEN|COICOP_1999=_T|COMMON_REFERENCE_PERIOD=2018A|FREQUENCY=M|IFS_FLAG=true|INDEX_TYPE=CPI|OVERLAP=OL|SCALE=0|SECURITY_CLASSIFICATION=PUB|TYPE_OF_TRANSFORMATION=IX|aggregation=quarterly_mean,\N,"{""comparison_period"": ""2021-Q3"", ""formula"": ""100 * (quarterly_mean_cpi / same_quarter_prior_year_mean_cpi - 1)"", ""source_cpi_series_code"": ""IMF|ACCESS_SHARING_LEVEL=PUBLIC_OPEN|COICOP_1999=_T|COMMON_REFERENCE_PERIOD=2018A|FREQUENCY=M|IFS_FLAG=true|INDEX_TYPE=CPI|OVERLAP=OL|SCALE=0|SECURITY_CLASSIFICATION=PUB|TYPE_OF_TRANSFORMATION=IX|aggregation=quarterly_mean""}"
EGY,inflation_consumer_prices_yoy_pct_quarterly_imf,2022-Q4,quarterly,18.782014797951053,\N,derived,IMF_CPI,derived_yoy:IMF|ACCESS_SHARING_LEVEL=PUBLIC_OPEN|COICOP_1999=_T|COMMON_REFERENCE_PERIOD=2018A|FREQUENCY=M|IFS_FLAG=true|INDEX_TYPE=CPI|OVERLAP=OL|SCALE=0|SECURITY_CLASSIFICATION=PUB|TYPE_OF_TRANSFORMATION=IX|aggregation=quarterly_mean,\N,"{""comparison_period"": ""2021-Q4"", ""formula"": ""100 * (quarterly_mean_cpi / same_quarter_prior_year_mean_cpi - 1)"", ""source_cpi_series_code"": ""IMF|ACCESS_SHARING_LEVEL=PUBLIC_OPEN|COICOP_1999=_T|COMMON_REFERENCE_PERIOD=2018A|FREQUENCY=M|IFS_FLAG=true|INDEX_TYPE=CPI|OVERLAP=OL|SCALE=0|SECURITY_CLASSIFICATION=PUB|TYPE_OF_TRANSFORMATION=IX|aggregation=quarterly_mean""}"
ESP,inflation_consumer_prices_yoy_pct_quarterly_imf,2022-Q1,quarterly,7.860511242890955,\N,derived,IMF_CPI,derived_yoy:IMF|ACCESS_SHARING_LEVEL=PUBLIC_OPEN|COICOP_1999=_T|COMMON_REFERENCE_PERIOD=2025A|FREQUENCY=M|IFS_FLAG=true|INDEX_TYPE=CPI|OVERLAP=OL|SCALE=0|SECURITY_CLASSIFICATION=PUB|TYPE_OF_TRANSFORMATION=IX|aggregation=quarterly_mean,\N,"{""comparison_period"": ""2021-Q1"", ""formula"": ""100 * (quarterly_mean_cpi / same_quarter_prior_year_mean_cpi - 1)"", ""source_cpi_series_code"": ""IMF|ACCESS_SHARING_LEVEL=PUBLIC_OPEN|COICOP_1999=_T|COMMON_REFERENCE_PERIOD=2025A|FREQUENCY=M|IFS_FLAG=true|INDEX_TYPE=CPI|OVERLAP=OL|SCALE=0|SECURITY_CLASSIFICATION=PUB|TYPE_OF_TRANSFORMATION=IX|aggregation=quarterly_mean""}"
ESP,inflation_consumer_prices_yoy_pct_quarterly_imf,2022-Q2,quarterly,9.098693051409823,\N,derived,IMF_CPI,derived_yoy:IMF|ACCESS_SHARING_LEVEL=PUBLIC_OPEN|COICOP_1999=_T|COMMON_REFERENCE_PERIOD=2025A|FREQUENCY=M|IFS_FLAG=true|INDEX_TYPE=CPI|OVERLAP=OL|SCALE=0|SECURITY_CLASSIFICATION=PUB|TYPE_OF_TRANSFORMATION=IX|aggregation=quarterly_mean,\N,"{""comparison_period"": ""2021-Q2"", ""formula"": ""100 * (quarterly_mean_cpi / same_quarter_prior_year_mean_cpi - 1)"", ""source_cpi_series_code"": ""IMF|ACCESS_SHARING_LEVEL=PUBLIC_OPEN|COICOP_1999=_T|COMMON_REFERENCE_PERIOD=2025A|FREQUENCY=M|IFS_FLAG=true|INDEX_TYPE=CPI|OVERLAP=OL|SCALE=0|SECURITY_CLASSIFICATION=PUB|TYPE_OF_TRANSFORMATION=IX|aggregation=quarterly_mean""}"
ESP,inflation_consumer_prices_yoy_pct_quarterly_imf,2022-Q3,quarterly,10.059442881082603,\N,derived,IMF_CPI,derived_yoy:IMF|ACCESS_SHARING_LEVEL=PUBLIC_OPEN|COICOP_1999=_T|COMMON_REFERENCE_PERIOD=2025A|FREQUENCY=M|IFS_FLAG=true|INDEX_TYPE=CPI|OVERLAP=OL|SCALE=0|SECURITY_CLASSIFICATION=PUB|TYPE_OF_TRANSFORMATION=IX|aggregation=quarterly_mean,\N,"{""comparison_period"": ""2021-Q3"", ""formula"": ""100 * (quarterly_mean_cpi / same_quarter_prior_year_mean_cpi - 1)"", ""source_cpi_series_code"": ""IMF|ACCESS_SHARING_LEVEL=PUBLIC_OPEN|COICOP_1999=_T|COMMON_REFERENCE_PERIOD=2025A|FREQUENCY=M|IFS_FLAG=true|INDEX_TYPE=CPI|OVERLAP=OL|SCALE=0|SECURITY_CLASSIFICATION=PUB|TYPE_OF_TRANSFORMATION=IX|aggregation=quarterly_mean""}"
ESP,inflation_consumer_prices_yoy_pct_quarterly_imf,2022-Q4,quarterly,6.589824327533789,\N,derived,IMF_CPI,derived_yoy:IMF|ACCESS_SHARING_LEVEL=PUBLIC_OPEN|COICOP_1999=_T|COMMON_REFERENCE_PERIOD=2025A|FREQUENCY=M|IFS_FLAG=true|INDEX_TYPE=CPI|OVERLAP=OL|SCALE=0|SECURITY_CLASSIFICATION=PUB|TYPE_OF_TRANSFORMATION=IX|aggregation=quarterly_mean,\N,"{""comparison_period"": ""2021-Q4"", ""formula"": ""100 * (quarterly_mean_cpi / same_quarter_prior_year_mean_cpi - 1)"", ""source_cpi_series_code"": ""IMF|ACCESS_SHARING_LEVEL=PUBLIC_OPEN|COICOP_1999=_T|COMMON_REFERENCE_PERIOD=2025A|FREQUENCY=M|IFS_FLAG=true|INDEX_TYPE=CPI|OVERLAP=OL|SCALE=0|SECURITY_CLASSIFICATION=PUB|TYPE_OF_TRANSFORMATION=IX|aggregation=quarterly_mean""}"
EST,inflation_consumer_prices_yoy_pct_quarterly_imf,2022-Q1,quarterly,12.855572148793271,\N,derived,IMF_CPI,derived_yoy:IMF|ACCESS_SHARING_LEVEL=PUBLIC_OPEN|COICOP_1999=_T|COMMON_REFERENCE_PERIOD=1997A|FREQUENCY=M|IFS_FLAG=true|INDEX_TYPE=CPI|OVERLAP=OL|SCALE=0|SECURITY_CLASSIFICATION=PUB|TYPE_OF_TRANSFORMATION=IX|aggregation=quarterly_mean,\N,"{""comparison_period"": ""2021-Q1"", ""formula"": ""100 * (quarterly_mean_cpi / same_quarter_prior_year_mean_cpi - 1)"", ""source_cpi_series_code"": ""IMF|ACCESS_SHARING_LEVEL=PUBLIC_OPEN|COICOP_1999=_T|COMMON_REFERENCE_PERIOD=1997A|FREQUENCY=M|IFS_FLAG=true|INDEX_TYPE=CPI|OVERLAP=OL|SCALE=0|SECURITY_CLASSIFICATION=PUB|TYPE_OF_TRANSFORMATION=IX|aggregation=quarterly_mean""}"
EST,inflation_consumer_prices_yoy_pct_quarterly_imf,2022-Q2,quarterly,20.24488736555241,\N,derived,IMF_CPI,derived_yoy:IMF|ACCESS_SHARING_LEVEL=PUBLIC_OPEN|COICOP_1999=_T|COMMON_REFERENCE_PERIOD=1997A|FREQUENCY=M|IFS_FLAG=true|INDEX_TYPE=CPI|OVERLAP=OL|SCALE=0|SECURITY_CLASSIFICATION=PUB|TYPE_OF_TRANSFORMATION=IX|aggregation=quarterly_mean,\N,"{""comparison_period"": ""2021-Q2"", ""formula"": ""100 * (quarterly_mean_cpi / same_quarter_prior_year_mean_cpi - 1)"", ""source_cpi_series_code"": ""IMF|ACCESS_SHARING_LEVEL=PUBLIC_OPEN|COICOP_1999=_T|COMMON_REFERENCE_PERIOD=1997A|FREQUENCY=M|IFS_FLAG=true|INDEX_TYPE=CPI|OVERLAP=OL|SCALE=0|SECURITY_CLASSIFICATION=PUB|TYPE_OF_TRANSFORMATION=IX|aggregation=quarterly_mean""}"
EST,inflation_consumer_prices_yoy_pct_quarterly_imf,2022-Q3,quarterly,23.770608321215892,\N,derived,IMF_CPI,derived_yoy:IMF|ACCESS_SHARING_LEVEL=PUBLIC_OPEN|COICOP_1999=_T|COMMON_REFERENCE_PERIOD=1997A|FREQUENCY=M|IFS_FLAG=true|INDEX_TYPE=CPI|OVERLAP=OL|SCALE=0|SECURITY_CLASSIFICATION=PUB|TYPE_OF_TRANSFORMATION=IX|aggregation=quarterly_mean,\N,"{""comparison_period"": ""2021-Q3"", ""formula"": ""100 * (quarterly_mean_cpi / same_quarter_prior_year_mean_cpi - 1)"", ""source_cpi_series_code"": ""IMF|ACCESS_SHARING_LEVEL=PUBLIC_OPEN|COICOP_1999=_T|COMMON_REFERENCE_PERIOD=1997A|FREQUENCY=M|IFS_FLAG=true|INDEX_TYPE=CPI|OVERLAP=OL|SCALE=0|SECURITY_CLASSIFICATION=PUB|TYPE_OF_TRANSFORMATION=IX|aggregation=quarterly_mean""}"
EST,inflation_consumer_prices_yoy_pct_quarterly_imf,2022-Q4,quarterly,20.432011941326735,\N,derived,IMF_CPI,derived_yoy:IMF|ACCESS_SHARING_LEVEL=PUBLIC_OPEN|COICOP_1999=_T|COMMON_REFERENCE_PERIOD=1997A|FREQUENCY=M|IFS_FLAG=true|INDEX_TYPE=CPI|OVERLAP=OL|SCALE=0|SECURITY_CLASSIFICATION=PUB|TYPE_OF_TRANSFORMATION=IX|aggregation=quarterly_mean,\N,"{""comparison_period"": ""2021-Q4"", ""formula"": ""100 * (quarterly_mean_cpi / same_quarter_prior_year_mean_cpi - 1)"", ""source_cpi_series_code"": ""IMF|ACCESS_SHARING_LEVEL=PUBLIC_OPEN|COICOP_1999=_T|COMMON_REFERENCE_PERIOD=1997A|FREQUENCY=M|IFS_FLAG=true|INDEX_TYPE=CPI|OVERLAP=OL|SCALE=0|SECURITY_CLASSIFICATION=PUB|TYPE_OF_TRANSFORMATION=IX|aggregation=quarterly_mean""}"
ETH,inflation_consumer_prices_yoy_pct_quarterly_imf,2022-Q1,quarterly,34.248002778742645,\N,derived,IMF_CPI,derived_yoy:IMF|ACCESS_SHARING_LEVEL=PUBLIC_OPEN|COICOP_1999=_T|COMMON_REFERENCE_PERIOD=2016M12|FREQUENCY=M|IFS_FLAG=true|INDEX_TYPE=CPI|OVERLAP=OL|SCALE=0|SECURITY_CLASSIFICATION=PUB|TYPE_OF_TRANSFORMATION=IX|aggregation=quarterly_mean,\N,"{""comparison_period"": ""2021-Q1"", ""formula"": ""100 * (quarterly_mean_cpi / same_quarter_prior_year_mean_cpi - 1)"", ""source_cpi_series_code"": ""IMF|ACCESS_SHARING_LEVEL=PUBLIC_OPEN|COICOP_1999=_T|COMMON_REFERENCE_PERIOD=2016M12|FREQUENCY=M|IFS_FLAG=true|INDEX_TYPE=CPI|OVERLAP=OL|SCALE=0|SECURITY_CLASSIFICATION=PUB|TYPE_OF_TRANSFORMATION=IX|aggregation=quarterly_mean""}"
ETH,inflation_consumer_prices_yoy_pct_quarterly_imf,2022-Q2,quarterly,35.87479935794544,\N,derived,IMF_CPI,derived_yoy:IMF|ACCESS_SHARING_LEVEL=PUBLIC_OPEN|COICOP_1999=_T|COMMON_REFERENCE_PERIOD=2016M12|FREQUENCY=M|IFS_FLAG=true|INDEX_TYPE=CPI|OVERLAP=OL|SCALE=0|SECURITY_CLASSIFICATION=PUB|TYPE_OF_TRANSFORMATION=IX|aggregation=quarterly_mean,\N,"{""comparison_period"": ""2021-Q2"", ""formula"": ""100 * (quarterly_mean_cpi / same_quarter_prior_year_mean_cpi - 1)"", ""source_cpi_series_code"": ""IMF|ACCESS_SHARING_LEVEL=PUBLIC_OPEN|COICOP_1999=_T|COMMON_REFERENCE_PERIOD=2016M12|FREQUENCY=M|IFS_FLAG=true|INDEX_TYPE=CPI|OVERLAP=OL|SCALE=0|SECURITY_CLASSIFICATION=PUB|TYPE_OF_TRANSFORMATION=IX|aggregation=quarterly_mean""}"
ETH,inflation_consumer_prices_yoy_pct_quarterly_imf,2022-Q3,quarterly,32.18847573091115,\N,derived,IMF_CPI,derived_yoy:IMF|ACCESS_SHARING_LEVEL=PUBLIC_OPEN|COICOP_1999=_T|COMMON_REFERENCE_PERIOD=2016M12|FREQUENCY=M|IFS_FLAG=true|INDEX_TYPE=CPI|OVERLAP=OL|SCALE=0|SECURITY_CLASSIFICATION=PUB|TYPE_OF_TRANSFORMATION=IX|aggregation=quarterly_mean,\N,"{""comparison_period"": ""2021-Q3"", ""formula"": ""100 * (quarterly_mean_cpi / same_quarter_prior_year_mean_cpi - 1)"", ""source_cpi_series_code"": ""IMF|ACCESS_SHARING_LEVEL=PUBLIC_OPEN|COICOP_1999=_T|COMMON_REFERENCE_PERIOD=2016M12|FREQUENCY=M|IFS_FLAG=true|INDEX_TYPE=CPI|OVERLAP=OL|SCALE=0|SECURITY_CLASSIFICATION=PUB|TYPE_OF_TRANSFORMATION=IX|aggregation=quarterly_mean""}"
ETH,inflation_consumer_prices_yoy_pct_quarterly_imf,2022-Q4,quarterly,33.55649678917882,\N,derived,IMF_CPI,derived_yoy:IMF|ACCESS_SHARING_LEVEL=PUBLIC_OPEN|COICOP_1999=_T|COMMON_REFERENCE_PERIOD=2016M12|FREQUENCY=M|IFS_FLAG=true|INDEX_TYPE=CPI|OVERLAP=OL|SCALE=0|SECURITY_CLASSIFICATION=PUB|TYPE_OF_TRANSFORMATION=IX|aggregation=quarterly_mean,\N,"{""comparison_period"": ""2021-Q4"", ""formula"": ""100 * (quarterly_mean_cpi / same_quarter_prior_year_mean_cpi - 1)"", ""source_cpi_series_code"": ""IMF|ACCESS_SHARING_LEVEL=PUBLIC_OPEN|COICOP_1999=_T|COMMON_REFERENCE_PERIOD=2016M12|FREQUENCY=M|IFS_FLAG=true|INDEX_TYPE=CPI|OVERLAP=OL|SCALE=0|SECURITY_CLASSIFICATION=PUB|TYPE_OF_TRANSFORMATION=IX|aggregation=quarterly_mean""}"
FIN,inflation_consumer_prices_yoy_pct_quarterly_imf,2022-Q1,quarterly,4.899236939933482,\N,derived,IMF_CPI,derived_yoy:IMF|ACCESS_SHARING_LEVEL=PUBLIC_OPEN|COICOP_1999=_T|COMMON_REFERENCE_PERIOD=2025A|FREQUENCY=M|IFS_FLAG=true|INDEX_TYPE=CPI|OVERLAP=OL|SCALE=0|SECURITY_CLASSIFICATION=PUB|TYPE_OF_TRANSFORMATION=IX|aggregation=quarterly_mean,\N,"{""comparison_period"": ""2021-Q1"", ""formula"": ""100 * (quarterly_mean_cpi / same_quarter_prior_year_mean_cpi - 1)"", ""source_cpi_series_code"": ""IMF|ACCESS_SHARING_LEVEL=PUBLIC_OPEN|COICOP_1999=_T|COMMON_REFERENCE_PERIOD=2025A|FREQUENCY=M|IFS_FLAG=true|INDEX_TYPE=CPI|OVERLAP=OL|SCALE=0|SECURITY_CLASSIFICATION=PUB|TYPE_OF_TRANSFORMATION=IX|aggregation=quarterly_mean""}"
FIN,inflation_consumer_prices_yoy_pct_quarterly_imf,2022-Q2,quarterly,6.833190894258423,\N,derived,IMF_CPI,derived_yoy:IMF|ACCESS_SHARING_LEVEL=PUBLIC_OPEN|COICOP_1999=_T|COMMON_REFERENCE_PERIOD=2025A|FREQUENCY=M|IFS_FLAG=true|INDEX_TYPE=CPI|OVERLAP=OL|SCALE=0|SECURITY_CLASSIFICATION=PUB|TYPE_OF_TRANSFORMATION=IX|aggregation=quarterly_mean,\N,"{""comparison_period"": ""2021-Q2"", ""formula"": ""100 * (quarterly_mean_cpi / same_quarter_prior_year_mean_cpi - 1)"", ""source_cpi_series_code"": ""IMF|ACCESS_SHARING_LEVEL=PUBLIC_OPEN|COICOP_1999=_T|COMMON_REFERENCE_PERIOD=2025A|FREQUENCY=M|IFS_FLAG=true|INDEX_TYPE=CPI|OVERLAP=OL|SCALE=0|SECURITY_CLASSIFICATION=PUB|TYPE_OF_TRANSFORMATION=IX|aggregation=quarterly_mean""}"
FIN,inflation_consumer_prices_yoy_pct_quarterly_imf,2022-Q3,quarterly,7.836325033777292,\N,derived,IMF_CPI,derived_yoy:IMF|ACCESS_SHARING_LEVEL=PUBLIC_OPEN|COICOP_1999=_T|COMMON_REFERENCE_PERIOD=2025A|FREQUENCY=M|IFS_FLAG=true|INDEX_TYPE=CPI|OVERLAP=OL|SCALE=0|SECURITY_CLASSIFICATION=PUB|TYPE_OF_TRANSFORMATION=IX|aggregation=quarterly_mean,\N,"{""comparison_period"": ""2021-Q3"", ""formula"": ""100 * (quarterly_mean_cpi / same_quarter_prior_year_mean_cpi - 1)"", ""source_cpi_series_code"": ""IMF|ACCESS_SHARING_LEVEL=PUBLIC_OPEN|COICOP_1999=_T|COMMON_REFERENCE_PERIOD=2025A|FREQUENCY=M|IFS_FLAG=true|INDEX_TYPE=CPI|OVERLAP=OL|SCALE=0|SECURITY_CLASSIFICATION=PUB|TYPE_OF_TRANSFORMATION=IX|aggregation=quarterly_mean""}"
FIN,inflation_consumer_prices_yoy_pct_quarterly_imf,2022-Q4,quarterly,8.83394918288829,\N,derived,IMF_CPI,derived_yoy:IMF|ACCESS_SHARING_LEVEL=PUBLIC_OPEN|COICOP_1999=_T|COMMON_REFERENCE_PERIOD=2025A|FREQUENCY=M|IFS_FLAG=true|INDEX_TYPE=CPI|OVERLAP=OL|SCALE=0|SECURITY_CLASSIFICATION=PUB|TYPE_OF_TRANSFORMATION=IX|aggregation=quarterly_mean,\N,"{""comparison_period"": ""2021-Q4"", ""formula"": ""100 * (quarterly_mean_cpi / same_quarter_prior_year_mean_cpi - 1)"", ""source_cpi_series_code"": ""IMF|ACCESS_SHARING_LEVEL=PUBLIC_OPEN|COICOP_1999=_T|COMMON_REFERENCE_PERIOD=2025A|FREQUENCY=M|IFS_FLAG=true|INDEX_TYPE=CPI|OVERLAP=OL|SCALE=0|SECURITY_CLASSIFICATION=PUB|TYPE_OF_TRANSFORMATION=IX|aggregation=quarterly_mean""}"
FJI,inflation_consumer_prices_yoy_pct_quarterly_imf,2022-Q1,quarterly,4.924114671163582,\N,derived,IMF_CPI,derived_yoy:IMF|ACCESS_SHARING_LEVEL=PUBLIC_OPEN|COICOP_1999=_T|COMMON_REFERENCE_PERIOD=2019A|FREQUENCY=M|IFS_FLAG=true|INDEX_TYPE=CPI|OVERLAP=OL|SCALE=0|SECURITY_CLASSIFICATION=PUB|TYPE_OF_TRANSFORMATION=IX|aggregation=quarterly_mean,\N,"{""comparison_period"": ""2021-Q1"", ""formula"": ""100 * (quarterly_mean_cpi / same_quarter_prior_year_mean_cpi - 1)"", ""source_cpi_series_code"": ""IMF|ACCESS_SHARING_LEVEL=PUBLIC_OPEN|COICOP_1999=_T|COMMON_REFERENCE_PERIOD=2019A|FREQUENCY=M|IFS_FLAG=true|INDEX_TYPE=CPI|OVERLAP=OL|SCALE=0|SECURITY_CLASSIFICATION=PUB|TYPE_OF_TRANSFORMATION=IX|aggregation=quarterly_mean""}"
FJI,inflation_consumer_prices_yoy_pct_quarterly_imf,2022-Q2,quarterly,6.409395973154375,\N,derived,IMF_CPI,derived_yoy:IMF|ACCESS_SHARING_LEVEL=PUBLIC_OPEN|COICOP_1999=_T|COMMON_REFERENCE_PERIOD=2019A|FREQUENCY=M|IFS_FLAG=true|INDEX_TYPE=CPI|OVERLAP=OL|SCALE=0|SECURITY_CLASSIFICATION=PUB|TYPE_OF_TRANSFORMATION=IX|aggregation=quarterly_mean,\N,"{""comparison_period"": ""2021-Q2"", ""formula"": ""100 * (quarterly_mean_cpi / same_quarter_prior_year_mean_cpi - 1)"", ""source_cpi_series_code"": ""IMF|ACCESS_SHARING_LEVEL=PUBLIC_OPEN|COICOP_1999=_T|COMMON_REFERENCE_PERIOD=2019A|FREQUENCY=M|IFS_FLAG=true|INDEX_TYPE=CPI|OVERLAP=OL|SCALE=0|SECURITY_CLASSIFICATION=PUB|TYPE_OF_TRANSFORMATION=IX|aggregation=quarterly_mean""}"
FJI,inflation_consumer_prices_yoy_pct_quarterly_imf,2022-Q3,quarterly,7.359307359307343,\N,derived,IMF_CPI,derived_yoy:IMF|ACCESS_SHARING_LEVEL=PUBLIC_OPEN|COICOP_1999=_T|COMMON_REFERENCE_PERIOD=2019A|FREQUENCY=M|IFS_FLAG=true|INDEX_TYPE=CPI|OVERLAP=OL|SCALE=0|SECURITY_CLASSIFICATION=PUB|TYPE_OF_TRANSFORMATION=IX|aggregation=quarterly_mean,\N,"{""comparison_period"": ""2021-Q3"", ""formula"": ""100 * (quarterly_mean_cpi / same_quarter_prior_year_mean_cpi - 1)"", ""source_cpi_series_code"": ""IMF|ACCESS_SHARING_LEVEL=PUBLIC_OPEN|COICOP_1999=_T|COMMON_REFERENCE_PERIOD=2019A|FREQUENCY=M|IFS_FLAG=true|INDEX_TYPE=CPI|OVERLAP=OL|SCALE=0|SECURITY_CLASSIFICATION=PUB|TYPE_OF_TRANSFORMATION=IX|aggregation=quarterly_mean""}"
FJI,inflation_consumer_prices_yoy_pct_quarterly_imf,2022-Q4,quarterly,5.6142668428005305,\N,derived,IMF_CPI,derived_yoy:IMF|ACCESS_SHARING_LEVEL=PUBLIC_OPEN|COICOP_1999=_T|COMMON_REFERENCE_PERIOD=2019A|FREQUENCY=M|IFS_FLAG=true|INDEX_TYPE=CPI|OVERLAP=OL|SCALE=0|SECURITY_CLASSIFICATION=PUB|TYPE_OF_TRANSFORMATION=IX|aggregation=quarterly_mean,\N,"{""comparison_period"": ""2021-Q4"", ""formula"": ""100 * (quarterly_mean_cpi / same_quarter_prior_year_mean_cpi - 1)"", ""source_cpi_series_code"": ""IMF|ACCESS_SHARING_LEVEL=PUBLIC_OPEN|COICOP_1999=_T|COMMON_REFERENCE_PERIOD=2019A|FREQUENCY=M|IFS_FLAG=true|INDEX_TYPE=CPI|OVERLAP=OL|SCALE=0|SECURITY_CLASSIFICATION=PUB|TYPE_OF_TRANSFORMATION=IX|aggregation=quarterly_mean""}"
FRA,inflation_consumer_prices_yoy_pct_quarterly_imf,2022-Q1,quarterly,3.659330143540651,\N,derived,IMF_CPI,derived_yoy:IMF|ACCESS_SHARING_LEVEL=PUBLIC_OPEN|COICOP_1999=_T|COMMON_REFERENCE_PERIOD=2025A|FREQUENCY=M|IFS_FLAG=true|INDEX_TYPE=CPI|OVERLAP=OL|SCALE=0|SECURITY_CLASSIFICATION=PUB|TYPE_OF_TRANSFORMATION=IX|aggregation=quarterly_mean,\N,"{""comparison_period"": ""2021-Q1"", ""formula"": ""100 * (quarterly_mean_cpi / same_quarter_prior_year_mean_cpi - 1)"", ""source_cpi_series_code"": ""IMF|ACCESS_SHARING_LEVEL=PUBLIC_OPEN|COICOP_1999=_T|COMMON_REFERENCE_PERIOD=2025A|FREQUENCY=M|IFS_FLAG=true|INDEX_TYPE=CPI|OVERLAP=OL|SCALE=0|SECURITY_CLASSIFICATION=PUB|TYPE_OF_TRANSFORMATION=IX|aggregation=quarterly_mean""}"
FRA,inflation_consumer_prices_yoy_pct_quarterly_imf,2022-Q2,quarterly,5.29174897432001,\N,derived,IMF_CPI,derived_yoy:IMF|ACCESS_SHARING_LEVEL=PUBLIC_OPEN|COICOP_1999=_T|COMMON_REFERENCE_PERIOD=2025A|FREQUENCY=M|IFS_FLAG=true|INDEX_TYPE=CPI|OVERLAP=OL|SCALE=0|SECURITY_CLASSIFICATION=PUB|TYPE_OF_TRANSFORMATION=IX|aggregation=quarterly_mean,\N,"{""comparison_period"": ""2021-Q2"", ""formula"": ""100 * (quarterly_mean_cpi / same_quarter_prior_year_mean_cpi - 1)"", ""source_cpi_series_code"": ""IMF|ACCESS_SHARING_LEVEL=PUBLIC_OPEN|COICOP_1999=_T|COMMON_REFERENCE_PERIOD=2025A|FREQUENCY=M|IFS_FLAG=true|INDEX_TYPE=CPI|OVERLAP=OL|SCALE=0|SECURITY_CLASSIFICATION=PUB|TYPE_OF_TRANSFORMATION=IX|aggregation=quarterly_mean""}"
FRA,inflation_consumer_prices_yoy_pct_quarterly_imf,2022-Q3,quarterly,5.850139738650961,\N,derived,IMF_CPI,derived_yoy:IMF|ACCESS_SHARING_LEVEL=PUBLIC_OPEN|COICOP_1999=_T|COMMON_REFERENCE_PERIOD=2025A|FREQUENCY=M|IFS_FLAG=true|INDEX_TYPE=CPI|OVERLAP=OL|SCALE=0|SECURITY_CLASSIFICATION=PUB|TYPE_OF_TRANSFORMATION=IX|aggregation=quarterly_mean,\N,"{""comparison_period"": ""2021-Q3"", ""formula"": ""100 * (quarterly_mean_cpi / same_quarter_prior_year_mean_cpi - 1)"", ""source_cpi_series_code"": ""IMF|ACCESS_SHARING_LEVEL=PUBLIC_OPEN|COICOP_1999=_T|COMMON_REFERENCE_PERIOD=2025A|FREQUENCY=M|IFS_FLAG=true|INDEX_TYPE=CPI|OVERLAP=OL|SCALE=0|SECURITY_CLASSIFICATION=PUB|TYPE_OF_TRANSFORMATION=IX|aggregation=quarterly_mean""}"
FRA,inflation_consumer_prices_yoy_pct_quarterly_imf,2022-Q4,quarterly,6.063558686853532,\N,derived,IMF_CPI,derived_yoy:IMF|ACCESS_SHARING_LEVEL=PUBLIC_OPEN|COICOP_1999=_T|COMMON_REFERENCE_PERIOD=2025A|FREQUENCY=M|IFS_FLAG=true|INDEX_TYPE=CPI|OVERLAP=OL|SCALE=0|SECURITY_CLASSIFICATION=PUB|TYPE_OF_TRANSFORMATION=IX|aggregation=quarterly_mean,\N,"{""comparison_period"": ""2021-Q4"", ""formula"": ""100 * (quarterly_mean_cpi / same_quarter_prior_year_mean_cpi - 1)"", ""source_cpi_series_code"": ""IMF|ACCESS_SHARING_LEVEL=PUBLIC_OPEN|COICOP_1999=_T|COMMON_REFERENCE_PERIOD=2025A|FREQUENCY=M|IFS_FLAG=true|INDEX_TYPE=CPI|OVERLAP=OL|SCALE=0|SECURITY_CLASSIFICATION=PUB|TYPE_OF_TRANSFORMATION=IX|aggregation=quarterly_mean""}"
GAB,inflation_consumer_prices_yoy_pct_quarterly_imf,2022-Q1,quarterly,2.3994390921602715,\N,derived,IMF_CPI,derived_yoy:IMF|ACCESS_SHARING_LEVEL=PUBLIC_OPEN|COICOP_1999=_T|COMMON_REFERENCE_PERIOD=2018A|FREQUENCY=M|IFS_FLAG=true|INDEX_TYPE=CPI|OVERLAP=OL|SCALE=0|SECURITY_CLASSIFICATION=PUB|TYPE_OF_TRANSFORMATION=IX|aggregation=quarterly_mean,\N,"{""comparison_period"": ""2021-Q1"", ""formula"": ""100 * (quarterly_mean_cpi / same_quarter_prior_year_mean_cpi - 1)"", ""source_cpi_series_code"": ""IMF|ACCESS_SHARING_LEVEL=PUBLIC_OPEN|COICOP_1999=_T|COMMON_REFERENCE_PERIOD=2018A|FREQUENCY=M|IFS_FLAG=true|INDEX_TYPE=CPI|OVERLAP=OL|SCALE=0|SECURITY_CLASSIFICATION=PUB|TYPE_OF_TRANSFORMATION=IX|aggregation=quarterly_mean""}"
GAB,inflation_consumer_prices_yoy_pct_quarterly_imf,2022-Q2,quarterly,3.519876645589326,\N,derived,IMF_CPI,derived_yoy:IMF|ACCESS_SHARING_LEVEL=PUBLIC_OPEN|COICOP_1999=_T|COMMON_REFERENCE_PERIOD=2018A|FREQUENCY=M|IFS_FLAG=true|INDEX_TYPE=CPI|OVERLAP=OL|SCALE=0|SECURITY_CLASSIFICATION=PUB|TYPE_OF_TRANSFORMATION=IX|aggregation=quarterly_mean,\N,"{""comparison_period"": ""2021-Q2"", ""formula"": ""100 * (quarterly_mean_cpi / same_quarter_prior_year_mean_cpi - 1)"", ""source_cpi_series_code"": ""IMF|ACCESS_SHARING_LEVEL=PUBLIC_OPEN|COICOP_1999=_T|COMMON_REFERENCE_PERIOD=2018A|FREQUENCY=M|IFS_FLAG=true|INDEX_TYPE=CPI|OVERLAP=OL|SCALE=0|SECURITY_CLASSIFICATION=PUB|TYPE_OF_TRANSFORMATION=IX|aggregation=quarterly_mean""}"
GAB,inflation_consumer_prices_yoy_pct_quarterly_imf,2022-Q3,quarterly,5.403522802763039,\N,derived,IMF_CPI,derived_yoy:IMF|ACCESS_SHARING_LEVEL=PUBLIC_OPEN|COICOP_1999=_T|COMMON_REFERENCE_PERIOD=2018A|FREQUENCY=M|IFS_FLAG=true|INDEX_TYPE=CPI|OVERLAP=OL|SCALE=0|SECURITY_CLASSIFICATION=PUB|TYPE_OF_TRANSFORMATION=IX|aggregation=quarterly_mean,\N,"{""comparison_period"": ""2021-Q3"", ""formula"": ""100 * (quarterly_mean_cpi / same_quarter_prior_year_mean_cpi - 1)"", ""source_cpi_series_code"": ""IMF|ACCESS_SHARING_LEVEL=PUBLIC_OPEN|COICOP_1999=_T|COMMON_REFERENCE_PERIOD=2018A|FREQUENCY=M|IFS_FLAG=true|INDEX_TYPE=CPI|OVERLAP=OL|SCALE=0|SECURITY_CLASSIFICATION=PUB|TYPE_OF_TRANSFORMATION=IX|aggregation=quarterly_mean""}"
GAB,inflation_consumer_prices_yoy_pct_quarterly_imf,2022-Q4,quarterly,5.579563194197412,\N,derived,IMF_CPI,derived_yoy:IMF|ACCESS_SHARING_LEVEL=PUBLIC_OPEN|COICOP_1999=_T|COMMON_REFERENCE_PERIOD=2018A|FREQUENCY=M|IFS_FLAG=true|INDEX_TYPE=CPI|OVERLAP=OL|SCALE=0|SECURITY_CLASSIFICATION=PUB|TYPE_OF_TRANSFORMATION=IX|aggregation=quarterly_mean,\N,"{""comparison_period"": ""2021-Q4"", ""formula"": ""100 * (quarterly_mean_cpi / same_quarter_prior_year_mean_cpi - 1)"", ""source_cpi_series_code"": ""IMF|ACCESS_SHARING_LEVEL=PUBLIC_OPEN|COICOP_1999=_T|COMMON_REFERENCE_PERIOD=2018A|FREQUENCY=M|IFS_FLAG=true|INDEX_TYPE=CPI|OVERLAP=OL|SCALE=0|SECURITY_CLASSIFICATION=PUB|TYPE_OF_TRANSFORMATION=IX|aggregation=quarterly_mean""}"
GBR,inflation_consumer_prices_yoy_pct_quarterly_imf,2022-Q1,quarterly,5.511571254567604,\N,derived,IMF_CPI,derived_yoy:IMF|ACCESS_SHARING_LEVEL=PUBLIC_OPEN|COICOP_1999=_T|COMMON_REFERENCE_PERIOD=2015A|FREQUENCY=M|IFS_FLAG=true|INDEX_TYPE=CPI|OVERLAP=OL|SCALE=0|SECURITY_CLASSIFICATION=PUB|TYPE_OF_TRANSFORMATION=IX|aggregation=quarterly_mean,\N,"{""comparison_period"": ""2021-Q1"", ""formula"": ""100 * (quarterly_mean_cpi / same_quarter_prior_year_mean_cpi - 1)"", ""source_cpi_series_code"": ""IMF|ACCESS_SHARING_LEVEL=PUBLIC_OPEN|COICOP_1999=_T|COMMON_REFERENCE_PERIOD=2015A|FREQUENCY=M|IFS_FLAG=true|INDEX_TYPE=CPI|OVERLAP=OL|SCALE=0|SECURITY_CLASSIFICATION=PUB|TYPE_OF_TRANSFORMATION=IX|aggregation=quarterly_mean""}"
GBR,inflation_consumer_prices_yoy_pct_quarterly_imf,2022-Q2,quarterly,7.932692307692313,\N,derived,IMF_CPI,derived_yoy:IMF|ACCESS_SHARING_LEVEL=PUBLIC_OPEN|COICOP_1999=_T|COMMON_REFERENCE_PERIOD=2015A|FREQUENCY=M|IFS_FLAG=true|INDEX_TYPE=CPI|OVERLAP=OL|SCALE=0|SECURITY_CLASSIFICATION=PUB|TYPE_OF_TRANSFORMATION=IX|aggregation=quarterly_mean,\N,"{""comparison_period"": ""2021-Q2"", ""formula"": ""100 * (quarterly_mean_cpi / same_quarter_prior_year_mean_cpi - 1)"", ""source_cpi_series_code"": ""IMF|ACCESS_SHARING_LEVEL=PUBLIC_OPEN|COICOP_1999=_T|COMMON_REFERENCE_PERIOD=2015A|FREQUENCY=M|IFS_FLAG=true|INDEX_TYPE=CPI|OVERLAP=OL|SCALE=0|SECURITY_CLASSIFICATION=PUB|TYPE_OF_TRANSFORMATION=IX|aggregation=quarterly_mean""}"
GBR,inflation_consumer_prices_yoy_pct_quarterly_imf,2022-Q3,quarterly,8.752604941947029,\N,derived,IMF_CPI,derived_yoy:IMF|ACCESS_SHARING_LEVEL=PUBLIC_OPEN|COICOP_1999=_T|COMMON_REFERENCE_PERIOD=2015A|FREQUENCY=M|IFS_FLAG=true|INDEX_TYPE=CPI|OVERLAP=OL|SCALE=0|SECURITY_CLASSIFICATION=PUB|TYPE_OF_TRANSFORMATION=IX|aggregation=quarterly_mean,\N,"{""comparison_period"": ""2021-Q3"", ""formula"": ""100 * (quarterly_mean_cpi / same_quarter_prior_year_mean_cpi - 1)"", ""source_cpi_series_code"": ""IMF|ACCESS_SHARING_LEVEL=PUBLIC_OPEN|COICOP_1999=_T|COMMON_REFERENCE_PERIOD=2015A|FREQUENCY=M|IFS_FLAG=true|INDEX_TYPE=CPI|OVERLAP=OL|SCALE=0|SECURITY_CLASSIFICATION=PUB|TYPE_OF_TRANSFORMATION=IX|aggregation=quarterly_mean""}"
GBR,inflation_consumer_prices_yoy_pct_quarterly_imf,2022-Q4,quarterly,9.409701928696679,\N,derived,IMF_CPI,derived_yoy:IMF|ACCESS_SHARING_LEVEL=PUBLIC_OPEN|COICOP_1999=_T|COMMON_REFERENCE_PERIOD=2015A|FREQUENCY=M|IFS_FLAG=true|INDEX_TYPE=CPI|OVERLAP=OL|SCALE=0|SECURITY_CLASSIFICATION=PUB|TYPE_OF_TRANSFORMATION=IX|aggregation=quarterly_mean,\N,"{""comparison_period"": ""2021-Q4"", ""formula"": ""100 * (quarterly_mean_cpi / same_quarter_prior_year_mean_cpi - 1)"", ""source_cpi_series_code"": ""IMF|ACCESS_SHARING_LEVEL=PUBLIC_OPEN|COICOP_1999=_T|COMMON_REFERENCE_PERIOD=2015A|FREQUENCY=M|IFS_FLAG=true|INDEX_TYPE=CPI|OVERLAP=OL|SCALE=0|SECURITY_CLASSIFICATION=PUB|TYPE_OF_TRANSFORMATION=IX|aggregation=quarterly_mean""}"
GEO,inflation_consumer_prices_yoy_pct_quarterly_imf,2022-Q1,quarterly,13.151776659022186,\N,derived,IMF_CPI,derived_yoy:IMF|ACCESS_SHARING_LEVEL=PUBLIC_OPEN|COICOP_1999=_T|COMMON_REFERENCE_PERIOD=2010A|FREQUENCY=M|IFS_FLAG=true|INDEX_TYPE=CPI|OVERLAP=OL|SCALE=0|SECURITY_CLASSIFICATION=PUB|TYPE_OF_TRANSFORMATION=IX|aggregation=quarterly_mean,\N,"{""comparison_period"": ""2021-Q1"", ""formula"": ""100 * (quarterly_mean_cpi / same_quarter_prior_year_mean_cpi - 1)"", ""source_cpi_series_code"": ""IMF|ACCESS_SHARING_LEVEL=PUBLIC_OPEN|COICOP_1999=_T|COMMON_REFERENCE_PERIOD=2010A|FREQUENCY=M|IFS_FLAG=true|INDEX_TYPE=CPI|OVERLAP=OL|SCALE=0|SECURITY_CLASSIFICATION=PUB|TYPE_OF_TRANSFORMATION=IX|aggregation=quarterly_mean""}"
GEO,inflation_consumer_prices_yoy_pct_quarterly_imf,2022-Q2,quarterly,12.975705888971344,\N,derived,IMF_CPI,derived_yoy:IMF|ACCESS_SHARING_LEVEL=PUBLIC_OPEN|COICOP_1999=_T|COMMON_REFERENCE_PERIOD=2010A|FREQUENCY=M|IFS_FLAG=true|INDEX_TYPE=CPI|OVERLAP=OL|SCALE=0|SECURITY_CLASSIFICATION=PUB|TYPE_OF_TRANSFORMATION=IX|aggregation=quarterly_mean,\N,"{""comparison_period"": ""2021-Q2"", ""formula"": ""100 * (quarterly_mean_cpi / same_quarter_prior_year_mean_cpi - 1)"", ""source_cpi_series_code"": ""IMF|ACCESS_SHARING_LEVEL=PUBLIC_OPEN|COICOP_1999=_T|COMMON_REFERENCE_PERIOD=2010A|FREQUENCY=M|IFS_FLAG=true|INDEX_TYPE=CPI|OVERLAP=OL|SCALE=0|SECURITY_CLASSIFICATION=PUB|TYPE_OF_TRANSFORMATION=IX|aggregation=quarterly_mean""}"
GEO,inflation_consumer_prices_yoy_pct_quarterly_imf,2022-Q3,quarterly,11.318437563487137,\N,derived,IMF_CPI,derived_yoy:IMF|ACCESS_SHARING_LEVEL=PUBLIC_OPEN|COICOP_1999=_T|COMMON_REFERENCE_PERIOD=2010A|FREQUENCY=M|IFS_FLAG=true|INDEX_TYPE=CPI|OVERLAP=OL|SCALE=0|SECURITY_CLASSIFICATION=PUB|TYPE_OF_TRANSFORMATION=IX|aggregation=quarterly_mean,\N,"{""comparison_period"": ""2021-Q3"", ""formula"": ""100 * (quarterly_mean_cpi / same_quarter_prior_year_mean_cpi - 1)"", ""source_cpi_series_code"": ""IMF|ACCESS_SHARING_LEVEL=PUBLIC_OPEN|COICOP_1999=_T|COMMON_REFERENCE_PERIOD=2010A|FREQUENCY=M|IFS_FLAG=true|INDEX_TYPE=CPI|OVERLAP=OL|SCALE=0|SECURITY_CLASSIFICATION=PUB|TYPE_OF_TRANSFORMATION=IX|aggregation=quarterly_mean""}"
GEO,inflation_consumer_prices_yoy_pct_quarterly_imf,2022-Q4,quarterly,10.29749211134543,\N,derived,IMF_CPI,derived_yoy:IMF|ACCESS_SHARING_LEVEL=PUBLIC_OPEN|COICOP_1999=_T|COMMON_REFERENCE_PERIOD=2010A|FREQUENCY=M|IFS_FLAG=true|INDEX_TYPE=CPI|OVERLAP=OL|SCALE=0|SECURITY_CLASSIFICATION=PUB|TYPE_OF_TRANSFORMATION=IX|aggregation=quarterly_mean,\N,"{""comparison_period"": ""2021-Q4"", ""formula"": ""100 * (quarterly_mean_cpi / same_quarter_prior_year_mean_cpi - 1)"", ""source_cpi_series_code"": ""IMF|ACCESS_SHARING_LEVEL=PUBLIC_OPEN|COICOP_1999=_T|COMMON_REFERENCE_PERIOD=2010A|FREQUENCY=M|IFS_FLAG=true|INDEX_TYPE=CPI|OVERLAP=OL|SCALE=0|SECURITY_CLASSIFICATION=PUB|TYPE_OF_TRANSFORMATION=IX|aggregation=quarterly_mean""}"
GHA,inflation_consumer_prices_yoy_pct_quarterly_imf,2022-Q1,quarterly,16.34470392817926,\N,derived,IMF_CPI,derived_yoy:IMF|ACCESS_SHARING_LEVEL=PUBLIC_OPEN|COICOP_1999=_T|COMMON_REFERENCE_PERIOD=2021A|FREQUENCY=M|IFS_FLAG=true|INDEX_TYPE=CPI|OVERLAP=OL|SCALE=0|SECURITY_CLASSIFICATION=PUB|TYPE_OF_TRANSFORMATION=IX|aggregation=quarterly_mean,\N,"{""comparison_period"": ""2021-Q1"", ""formula"": ""100 * (quarterly_mean_cpi / same_quarter_prior_year_mean_cpi - 1)"", ""source_cpi_series_code"": ""IMF|ACCESS_SHARING_LEVEL=PUBLIC_OPEN|COICOP_1999=_T|COMMON_REFERENCE_PERIOD=2021A|FREQUENCY=M|IFS_FLAG=true|INDEX_TYPE=CPI|OVERLAP=OL|SCALE=0|SECURITY_CLASSIFICATION=PUB|TYPE_OF_TRANSFORMATION=IX|aggregation=quarterly_mean""}"
GHA,inflation_consumer_prices_yoy_pct_quarterly_imf,2022-Q2,quarterly,27.042575142926296,\N,derived,IMF_CPI,derived_yoy:IMF|ACCESS_SHARING_LEVEL=PUBLIC_OPEN|COICOP_1999=_T|COMMON_REFERENCE_PERIOD=2021A|FREQUENCY=M|IFS_FLAG=true|INDEX_TYPE=CPI|OVERLAP=OL|SCALE=0|SECURITY_CLASSIFICATION=PUB|TYPE_OF_TRANSFORMATION=IX|aggregation=quarterly_mean,\N,"{""comparison_period"": ""2021-Q2"", ""formula"": ""100 * (quarterly_mean_cpi / same_quarter_prior_year_mean_cpi - 1)"", ""source_cpi_series_code"": ""IMF|ACCESS_SHARING_LEVEL=PUBLIC_OPEN|COICOP_1999=_T|COMMON_REFERENCE_PERIOD=2021A|FREQUENCY=M|IFS_FLAG=true|INDEX_TYPE=CPI|OVERLAP=OL|SCALE=0|SECURITY_CLASSIFICATION=PUB|TYPE_OF_TRANSFORMATION=IX|aggregation=quarterly_mean""}"
GHA,inflation_consumer_prices_yoy_pct_quarterly_imf,2022-Q3,quarterly,33.80351498293079,\N,derived,IMF_CPI,derived_yoy:IMF|ACCESS_SHARING_LEVEL=PUBLIC_OPEN|COICOP_1999=_T|COMMON_REFERENCE_PERIOD=2021A|FREQUENCY=M|IFS_FLAG=true|INDEX_TYPE=CPI|OVERLAP=OL|SCALE=0|SECURITY_CLASSIFICATION=PUB|TYPE_OF_TRANSFORMATION=IX|aggregation=quarterly_mean,\N,"{""comparison_period"": ""2021-Q3"", ""formula"": ""100 * (quarterly_mean_cpi / same_quarter_prior_year_mean_cpi - 1)"", ""source_cpi_series_code"": ""IMF|ACCESS_SHARING_LEVEL=PUBLIC_OPEN|COICOP_1999=_T|COMMON_REFERENCE_PERIOD=2021A|FREQUENCY=M|IFS_FLAG=true|INDEX_TYPE=CPI|OVERLAP=OL|SCALE=0|SECURITY_CLASSIFICATION=PUB|TYPE_OF_TRANSFORMATION=IX|aggregation=quarterly_mean""}"
GHA,inflation_consumer_prices_yoy_pct_quarterly_imf,2022-Q4,quarterly,46.401070604118175,\N,derived,IMF_CPI,derived_yoy:IMF|ACCESS_SHARING_LEVEL=PUBLIC_OPEN|COICOP_1999=_T|COMMON_REFERENCE_PERIOD=2021A|FREQUENCY=M|IFS_FLAG=true|INDEX_TYPE=CPI|OVERLAP=OL|SCALE=0|SECURITY_CLASSIFICATION=PUB|TYPE_OF_TRANSFORMATION=IX|aggregation=quarterly_mean,\N,"{""comparison_period"": ""2021-Q4"", ""formula"": ""100 * (quarterly_mean_cpi / same_quarter_prior_year_mean_cpi - 1)"", ""source_cpi_series_code"": ""IMF|ACCESS_SHARING_LEVEL=PUBLIC_OPEN|COICOP_1999=_T|COMMON_REFERENCE_PERIOD=2021A|FREQUENCY=M|IFS_FLAG=true|INDEX_TYPE=CPI|OVERLAP=OL|SCALE=0|SECURITY_CLASSIFICATION=PUB|TYPE_OF_TRANSFORMATION=IX|aggregation=quarterly_mean""}"
GIN,inflation_consumer_prices_yoy_pct_quarterly_imf,2022-Q1,quarterly,12.159544938496204,\N,derived,IMF_CPI,derived_yoy:IMF|ACCESS_SHARING_LEVEL=PUBLIC_OPEN|COICOP_1999=_T|COMMON_REFERENCE_PERIOD=2019A|FREQUENCY=M|IFS_FLAG=true|INDEX_TYPE=CPI|OVERLAP=OL|SCALE=0|SECURITY_CLASSIFICATION=PUB|TYPE_OF_TRANSFORMATION=IX|aggregation=quarterly_mean,\N,"{""comparison_period"": ""2021-Q1"", ""formula"": ""100 * (quarterly_mean_cpi / same_quarter_prior_year_mean_cpi - 1)"", ""source_cpi_series_code"": ""IMF|ACCESS_SHARING_LEVEL=PUBLIC_OPEN|COICOP_1999=_T|COMMON_REFERENCE_PERIOD=2019A|FREQUENCY=M|IFS_FLAG=true|INDEX_TYPE=CPI|OVERLAP=OL|SCALE=0|SECURITY_CLASSIFICATION=PUB|TYPE_OF_TRANSFORMATION=IX|aggregation=quarterly_mean""}"
GIN,inflation_consumer_prices_yoy_pct_quarterly_imf,2022-Q2,quarterly,11.55942584312719,\N,derived,IMF_CPI,derived_yoy:IMF|ACCESS_SHARING_LEVEL=PUBLIC_OPEN|COICOP_1999=_T|COMMON_REFERENCE_PERIOD=2019A|FREQUENCY=M|IFS_FLAG=true|INDEX_TYPE=CPI|OVERLAP=OL|SCALE=0|SECURITY_CLASSIFICATION=PUB|TYPE_OF_TRANSFORMATION=IX|aggregation=quarterly_mean,\N,"{""comparison_period"": ""2021-Q2"", ""formula"": ""100 * (quarterly_mean_cpi / same_quarter_prior_year_mean_cpi - 1)"", ""source_cpi_series_code"": ""IMF|ACCESS_SHARING_LEVEL=PUBLIC_OPEN|COICOP_1999=_T|COMMON_REFERENCE_PERIOD=2019A|FREQUENCY=M|IFS_FLAG=true|INDEX_TYPE=CPI|OVERLAP=OL|SCALE=0|SECURITY_CLASSIFICATION=PUB|TYPE_OF_TRANSFORMATION=IX|aggregation=quarterly_mean""}"
GIN,inflation_consumer_prices_yoy_pct_quarterly_imf,2022-Q3,quarterly,9.801440901859682,\N,derived,IMF_CPI,derived_yoy:IMF|ACCESS_SHARING_LEVEL=PUBLIC_OPEN|COICOP_1999=_T|COMMON_REFERENCE_PERIOD=2019A|FREQUENCY=M|IFS_FLAG=true|INDEX_TYPE=CPI|OVERLAP=OL|SCALE=0|SECURITY_CLASSIFICATION=PUB|TYPE_OF_TRANSFORMATION=IX|aggregation=quarterly_mean,\N,"{""comparison_period"": ""2021-Q3"", ""formula"": ""100 * (quarterly_mean_cpi / same_quarter_prior_year_mean_cpi - 1)"", ""source_cpi_series_code"": ""IMF|ACCESS_SHARING_LEVEL=PUBLIC_OPEN|COICOP_1999=_T|COMMON_REFERENCE_PERIOD=2019A|FREQUENCY=M|IFS_FLAG=true|INDEX_TYPE=CPI|OVERLAP=OL|SCALE=0|SECURITY_CLASSIFICATION=PUB|TYPE_OF_TRANSFORMATION=IX|aggregation=quarterly_mean""}"
GIN,inflation_consumer_prices_yoy_pct_quarterly_imf,2022-Q4,quarterly,8.615911645125674,\N,derived,IMF_CPI,derived_yoy:IMF|ACCESS_SHARING_LEVEL=PUBLIC_OPEN|COICOP_1999=_T|COMMON_REFERENCE_PERIOD=2019A|FREQUENCY=M|IFS_FLAG=true|INDEX_TYPE=CPI|OVERLAP=OL|SCALE=0|SECURITY_CLASSIFICATION=PUB|TYPE_OF_TRANSFORMATION=IX|aggregation=quarterly_mean,\N,"{""comparison_period"": ""2021-Q4"", ""formula"": ""100 * (quarterly_mean_cpi / same_quarter_prior_year_mean_cpi - 1)"", ""source_cpi_series_code"": ""IMF|ACCESS_SHARING_LEVEL=PUBLIC_OPEN|COICOP_1999=_T|COMMON_REFERENCE_PERIOD=2019A|FREQUENCY=M|IFS_FLAG=true|INDEX_TYPE=CPI|OVERLAP=OL|SCALE=0|SECURITY_CLASSIFICATION=PUB|TYPE_OF_TRANSFORMATION=IX|aggregation=quarterly_mean""}"
GMB,inflation_consumer_prices_yoy_pct_quarterly_imf,2022-Q1,quarterly,8.121173315636842,\N,derived,IMF_CPI,derived_yoy:IMF|ACCESS_SHARING_LEVEL=PUBLIC_OPEN|COICOP_1999=_T|COMMON_REFERENCE_PERIOD=2020M1|FREQUENCY=M|IFS_FLAG=true|INDEX_TYPE=CPI|OVERLAP=OL|SCALE=0|SECURITY_CLASSIFICATION=PUB|TYPE_OF_TRANSFORMATION=IX|aggregation=quarterly_mean,\N,"{""comparison_period"": ""2021-Q1"", ""formula"": ""100 * (quarterly_mean_cpi / same_quarter_prior_year_mean_cpi - 1)"", ""source_cpi_series_code"": ""IMF|ACCESS_SHARING_LEVEL=PUBLIC_OPEN|COICOP_1999=_T|COMMON_REFERENCE_PERIOD=2020M1|FREQUENCY=M|IFS_FLAG=true|INDEX_TYPE=CPI|OVERLAP=OL|SCALE=0|SECURITY_CLASSIFICATION=PUB|TYPE_OF_TRANSFORMATION=IX|aggregation=quarterly_mean""}"
GMB,inflation_consumer_prices_yoy_pct_quarterly_imf,2022-Q2,quarterly,11.656687449088011,\N,derived,IMF_CPI,derived_yoy:IMF|ACCESS_SHARING_LEVEL=PUBLIC_OPEN|COICOP_1999=_T|COMMON_REFERENCE_PERIOD=2020M1|FREQUENCY=M|IFS_FLAG=true|INDEX_TYPE=CPI|OVERLAP=OL|SCALE=0|SECURITY_CLASSIFICATION=PUB|TYPE_OF_TRANSFORMATION=IX|aggregation=quarterly_mean,\N,"{""comparison_period"": ""2021-Q2"", ""formula"": ""100 * (quarterly_mean_cpi / same_quarter_prior_year_mean_cpi - 1)"", ""source_cpi_series_code"": ""IMF|ACCESS_SHARING_LEVEL=PUBLIC_OPEN|COICOP_1999=_T|COMMON_REFERENCE_PERIOD=2020M1|FREQUENCY=M|IFS_FLAG=true|INDEX_TYPE=CPI|OVERLAP=OL|SCALE=0|SECURITY_CLASSIFICATION=PUB|TYPE_OF_TRANSFORMATION=IX|aggregation=quarterly_mean""}"
GMB,inflation_consumer_prices_yoy_pct_quarterly_imf,2022-Q3,quarterly,12.84306474671335,\N,derived,IMF_CPI,derived_yoy:IMF|ACCESS_SHARING_LEVEL=PUBLIC_OPEN|COICOP_1999=_T|COMMON_REFERENCE_PERIOD=2020M1|FREQUENCY=M|IFS_FLAG=true|INDEX_TYPE=CPI|OVERLAP=OL|SCALE=0|SECURITY_CLASSIFICATION=PUB|TYPE_OF_TRANSFORMATION=IX|aggregation=quarterly_mean,\N,"{""comparison_period"": ""2021-Q3"", ""formula"": ""100 * (quarterly_mean_cpi / same_quarter_prior_year_mean_cpi - 1)"", ""source_cpi_series_code"": ""IMF|ACCESS_SHARING_LEVEL=PUBLIC_OPEN|COICOP_1999=_T|COMMON_REFERENCE_PERIOD=2020M1|FREQUENCY=M|IFS_FLAG=true|INDEX_TYPE=CPI|OVERLAP=OL|SCALE=0|SECURITY_CLASSIFICATION=PUB|TYPE_OF_TRANSFORMATION=IX|aggregation=quarterly_mean""}"
GMB,inflation_consumer_prices_yoy_pct_quarterly_imf,2022-Q4,quarterly,13.32033565261721,\N,derived,IMF_CPI,derived_yoy:IMF|ACCESS_SHARING_LEVEL=PUBLIC_OPEN|COICOP_1999=_T|COMMON_REFERENCE_PERIOD=2020M1|FREQUENCY=M|IFS_FLAG=true|INDEX_TYPE=CPI|OVERLAP=OL|SCALE=0|SECURITY_CLASSIFICATION=PUB|TYPE_OF_TRANSFORMATION=IX|aggregation=quarterly_mean,\N,"{""comparison_period"": ""2021-Q4"", ""formula"": ""100 * (quarterly_mean_cpi / same_quarter_prior_year_mean_cpi - 1)"", ""source_cpi_series_code"": ""IMF|ACCESS_SHARING_LEVEL=PUBLIC_OPEN|COICOP_1999=_T|COMMON_REFERENCE_PERIOD=2020M1|FREQUENCY=M|IFS_FLAG=true|INDEX_TYPE=CPI|OVERLAP=OL|SCALE=0|SECURITY_CLASSIFICATION=PUB|TYPE_OF_TRANSFORMATION=IX|aggregation=quarterly_mean""}"
GNB,inflation_consumer_prices_yoy_pct_quarterly_imf,2022-Q1,quarterly,6.670836591086782,\N,derived,IMF_CPI,derived_yoy:IMF|ACCESS_SHARING_LEVEL=PUBLIC_OPEN|COICOP_1999=_T|COMMON_REFERENCE_PERIOD=2023A|FREQUENCY=M|IFS_FLAG=true|INDEX_TYPE=CPI|OVERLAP=OL|SCALE=0|SECURITY_CLASSIFICATION=PUB|TYPE_OF_TRANSFORMATION=IX|aggregation=quarterly_mean,\N,"{""comparison_period"": ""2021-Q1"", ""formula"": ""100 * (quarterly_mean_cpi / same_quarter_prior_year_mean_cpi - 1)"", ""source_cpi_series_code"": ""IMF|ACCESS_SHARING_LEVEL=PUBLIC_OPEN|COICOP_1999=_T|COMMON_REFERENCE_PERIOD=2023A|FREQUENCY=M|IFS_FLAG=true|INDEX_TYPE=CPI|OVERLAP=OL|SCALE=0|SECURITY_CLASSIFICATION=PUB|TYPE_OF_TRANSFORMATION=IX|aggregation=quarterly_mean""}"
GNB,inflation_consumer_prices_yoy_pct_quarterly_imf,2022-Q2,quarterly,9.02126328955597,\N,derived,IMF_CPI,derived_yoy:IMF|ACCESS_SHARING_LEVEL=PUBLIC_OPEN|COICOP_1999=_T|COMMON_REFERENCE_PERIOD=2023A|FREQUENCY=M|IFS_FLAG=true|INDEX_TYPE=CPI|OVERLAP=OL|SCALE=0|SECURITY_CLASSIFICATION=PUB|TYPE_OF_TRANSFORMATION=IX|aggregation=quarterly_mean,\N,"{""comparison_period"": ""2021-Q2"", ""formula"": ""100 * (quarterly_mean_cpi / same_quarter_prior_year_mean_cpi - 1)"", ""source_cpi_series_code"": ""IMF|ACCESS_SHARING_LEVEL=PUBLIC_OPEN|COICOP_1999=_T|COMMON_REFERENCE_PERIOD=2023A|FREQUENCY=M|IFS_FLAG=true|INDEX_TYPE=CPI|OVERLAP=OL|SCALE=0|SECURITY_CLASSIFICATION=PUB|TYPE_OF_TRANSFORMATION=IX|aggregation=quarterly_mean""}"
GNB,inflation_consumer_prices_yoy_pct_quarterly_imf,2022-Q3,quarterly,11.664510564898656,\N,derived,IMF_CPI,derived_yoy:IMF|ACCESS_SHARING_LEVEL=PUBLIC_OPEN|COICOP_1999=_T|COMMON_REFERENCE_PERIOD=2023A|FREQUENCY=M|IFS_FLAG=true|INDEX_TYPE=CPI|OVERLAP=OL|SCALE=0|SECURITY_CLASSIFICATION=PUB|TYPE_OF_TRANSFORMATION=IX|aggregation=quarterly_mean,\N,"{""comparison_period"": ""2021-Q3"", ""formula"": ""100 * (quarterly_mean_cpi / same_quarter_prior_year_mean_cpi - 1)"", ""source_cpi_series_code"": ""IMF|ACCESS_SHARING_LEVEL=PUBLIC_OPEN|COICOP_1999=_T|COMMON_REFERENCE_PERIOD=2023A|FREQUENCY=M|IFS_FLAG=true|INDEX_TYPE=CPI|OVERLAP=OL|SCALE=0|SECURITY_CLASSIFICATION=PUB|TYPE_OF_TRANSFORMATION=IX|aggregation=quarterly_mean""}"
GNB,inflation_consumer_prices_yoy_pct_quarterly_imf,2022-Q4,quarterly,10.136627017248978,\N,derived,IMF_CPI,derived_yoy:IMF|ACCESS_SHARING_LEVEL=PUBLIC_OPEN|COICOP_1999=_T|COMMON_REFERENCE_PERIOD=2023A|FREQUENCY=M|IFS_FLAG=true|INDEX_TYPE=CPI|OVERLAP=OL|SCALE=0|SECURITY_CLASSIFICATION=PUB|TYPE_OF_TRANSFORMATION=IX|aggregation=quarterly_mean,\N,"{""comparison_period"": ""2021-Q4"", ""formula"": ""100 * (quarterly_mean_cpi / same_quarter_prior_year_mean_cpi - 1)"", ""source_cpi_series_code"": ""IMF|ACCESS_SHARING_LEVEL=PUBLIC_OPEN|COICOP_1999=_T|COMMON_REFERENCE_PERIOD=2023A|FREQUENCY=M|IFS_FLAG=true|INDEX_TYPE=CPI|OVERLAP=OL|SCALE=0|SECURITY_CLASSIFICATION=PUB|TYPE_OF_TRANSFORMATION=IX|aggregation=quarterly_mean""}"
GNQ,inflation_consumer_prices_yoy_pct_quarterly_imf,2022-Q1,quarterly,3.4298461681461,\N,derived,IMF_CPI,derived_yoy:IMF|ACCESS_SHARING_LEVEL=PUBLIC_OPEN|COICOP_1999=_T|COMMON_REFERENCE_PERIOD=2008A|FREQUENCY=M|IFS_FLAG=true|INDEX_TYPE=CPI|OVERLAP=OL|SCALE=0|SECURITY_CLASSIFICATION=PUB|TYPE_OF_TRANSFORMATION=IX|aggregation=quarterly_mean,\N,"{""comparison_period"": ""2021-Q1"", ""formula"": ""100 * (quarterly_mean_cpi / same_quarter_prior_year_mean_cpi - 1)"", ""source_cpi_series_code"": ""IMF|ACCESS_SHARING_LEVEL=PUBLIC_OPEN|COICOP_1999=_T|COMMON_REFERENCE_PERIOD=2008A|FREQUENCY=M|IFS_FLAG=true|INDEX_TYPE=CPI|OVERLAP=OL|SCALE=0|SECURITY_CLASSIFICATION=PUB|TYPE_OF_TRANSFORMATION=IX|aggregation=quarterly_mean""}"
GNQ,inflation_consumer_prices_yoy_pct_quarterly_imf,2022-Q2,quarterly,4.908075023763736,\N,derived,IMF_CPI,derived_yoy:IMF|ACCESS_SHARING_LEVEL=PUBLIC_OPEN|COICOP_1999=_T|COMMON_REFERENCE_PERIOD=2008A|FREQUENCY=M|IFS_FLAG=true|INDEX_TYPE=CPI|OVERLAP=OL|SCALE=0|SECURITY_CLASSIFICATION=PUB|TYPE_OF_TRANSFORMATION=IX|aggregation=quarterly_mean,\N,"{""comparison_period"": ""2021-Q2"", ""formula"": ""100 * (quarterly_mean_cpi / same_quarter_prior_year_mean_cpi - 1)"", ""source_cpi_series_code"": ""IMF|ACCESS_SHARING_LEVEL=PUBLIC_OPEN|COICOP_1999=_T|COMMON_REFERENCE_PERIOD=2008A|FREQUENCY=M|IFS_FLAG=true|INDEX_TYPE=CPI|OVERLAP=OL|SCALE=0|SECURITY_CLASSIFICATION=PUB|TYPE_OF_TRANSFORMATION=IX|aggregation=quarterly_mean""}"
GNQ,inflation_consumer_prices_yoy_pct_quarterly_imf,2022-Q3,quarterly,5.802752293577984,\N,derived,IMF_CPI,derived_yoy:IMF|ACCESS_SHARING_LEVEL=PUBLIC_OPEN|COICOP_1999=_T|COMMON_REFERENCE_PERIOD=2008A|FREQUENCY=M|IFS_FLAG=true|INDEX_TYPE=CPI|OVERLAP=OL|SCALE=0|SECURITY_CLASSIFICATION=PUB|TYPE_OF_TRANSFORMATION=IX|aggregation=quarterly_mean,\N,"{""comparison_period"": ""2021-Q3"", ""formula"": ""100 * (quarterly_mean_cpi / same_quarter_prior_year_mean_cpi - 1)"", ""source_cpi_series_code"": ""IMF|ACCESS_SHARING_LEVEL=PUBLIC_OPEN|COICOP_1999=_T|COMMON_REFERENCE_PERIOD=2008A|FREQUENCY=M|IFS_FLAG=true|INDEX_TYPE=CPI|OVERLAP=OL|SCALE=0|SECURITY_CLASSIFICATION=PUB|TYPE_OF_TRANSFORMATION=IX|aggregation=quarterly_mean""}"
GNQ,inflation_consumer_prices_yoy_pct_quarterly_imf,2022-Q4,quarterly,4.9875311720698035,\N,derived,IMF_CPI,derived_yoy:IMF|ACCESS_SHARING_LEVEL=PUBLIC_OPEN|COICOP_1999=_T|COMMON_REFERENCE_PERIOD=2008A|FREQUENCY=M|IFS_FLAG=true|INDEX_TYPE=CPI|OVERLAP=OL|SCALE=0|SECURITY_CLASSIFICATION=PUB|TYPE_OF_TRANSFORMATION=IX|aggregation=quarterly_mean,\N,"{""comparison_period"": ""2021-Q4"", ""formula"": ""100 * (quarterly_mean_cpi / same_quarter_prior_year_mean_cpi - 1)"", ""source_cpi_series_code"": ""IMF|ACCESS_SHARING_LEVEL=PUBLIC_OPEN|COICOP_1999=_T|COMMON_REFERENCE_PERIOD=2008A|FREQUENCY=M|IFS_FLAG=true|INDEX_TYPE=CPI|OVERLAP=OL|SCALE=0|SECURITY_CLASSIFICATION=PUB|TYPE_OF_TRANSFORMATION=IX|aggregation=quarterly_mean""}"
GRC,inflation_consumer_prices_yoy_pct_quarterly_imf,2022-Q1,quarterly,7.444037572648932,\N,derived,IMF_CPI,derived_yoy:IMF|ACCESS_SHARING_LEVEL=PUBLIC_OPEN|COICOP_1999=_T|COMMON_REFERENCE_PERIOD=2020A|FREQUENCY=M|IFS_FLAG=true|INDEX_TYPE=CPI|OVERLAP=OL|SCALE=0|SECURITY_CLASSIFICATION=PUB|TYPE_OF_TRANSFORMATION=IX|aggregation=quarterly_mean,\N,"{""comparison_period"": ""2021-Q1"", ""formula"": ""100 * (quarterly_mean_cpi / same_quarter_prior_year_mean_cpi - 1)"", ""source_cpi_series_code"": ""IMF|ACCESS_SHARING_LEVEL=PUBLIC_OPEN|COICOP_1999=_T|COMMON_REFERENCE_PERIOD=2020A|FREQUENCY=M|IFS_FLAG=true|INDEX_TYPE=CPI|OVERLAP=OL|SCALE=0|SECURITY_CLASSIFICATION=PUB|TYPE_OF_TRANSFORMATION=IX|aggregation=quarterly_mean""}"
GRC,inflation_consumer_prices_yoy_pct_quarterly_imf,2022-Q2,quarterly,11.200136942481498,\N,derived,IMF_CPI,derived_yoy:IMF|ACCESS_SHARING_LEVEL=PUBLIC_OPEN|COICOP_1999=_T|COMMON_REFERENCE_PERIOD=2020A|FREQUENCY=M|IFS_FLAG=true|INDEX_TYPE=CPI|OVERLAP=OL|SCALE=0|SECURITY_CLASSIFICATION=PUB|TYPE_OF_TRANSFORMATION=IX|aggregation=quarterly_mean,\N,"{""comparison_period"": ""2021-Q2"", ""formula"": ""100 * (quarterly_mean_cpi / same_quarter_prior_year_mean_cpi - 1)"", ""source_cpi_series_code"": ""IMF|ACCESS_SHARING_LEVEL=PUBLIC_OPEN|COICOP_1999=_T|COMMON_REFERENCE_PERIOD=2020A|FREQUENCY=M|IFS_FLAG=true|INDEX_TYPE=CPI|OVERLAP=OL|SCALE=0|SECURITY_CLASSIFICATION=PUB|TYPE_OF_TRANSFORMATION=IX|aggregation=quarterly_mean""}"
GRC,inflation_consumer_prices_yoy_pct_quarterly_imf,2022-Q3,quarterly,11.675255666521188,\N,derived,IMF_CPI,derived_yoy:IMF|ACCESS_SHARING_LEVEL=PUBLIC_OPEN|COICOP_1999=_T|COMMON_REFERENCE_PERIOD=2020A|FREQUENCY=M|IFS_FLAG=true|INDEX_TYPE=CPI|OVERLAP=OL|SCALE=0|SECURITY_CLASSIFICATION=PUB|TYPE_OF_TRANSFORMATION=IX|aggregation=quarterly_mean,\N,"{""comparison_period"": ""2021-Q3"", ""formula"": ""100 * (quarterly_mean_cpi / same_quarter_prior_year_mean_cpi - 1)"", ""source_cpi_series_code"": ""IMF|ACCESS_SHARING_LEVEL=PUBLIC_OPEN|COICOP_1999=_T|COMMON_REFERENCE_PERIOD=2020A|FREQUENCY=M|IFS_FLAG=true|INDEX_TYPE=CPI|OVERLAP=OL|SCALE=0|SECURITY_CLASSIFICATION=PUB|TYPE_OF_TRANSFORMATION=IX|aggregation=quarterly_mean""}"
GRC,inflation_consumer_prices_yoy_pct_quarterly_imf,2022-Q4,quarterly,8.271520950491396,\N,derived,IMF_CPI,derived_yoy:IMF|ACCESS_SHARING_LEVEL=PUBLIC_OPEN|COICOP_1999=_T|COMMON_REFERENCE_PERIOD=2020A|FREQUENCY=M|IFS_FLAG=true|INDEX_TYPE=CPI|OVERLAP=OL|SCALE=0|SECURITY_CLASSIFICATION=PUB|TYPE_OF_TRANSFORMATION=IX|aggregation=quarterly_mean,\N,"{""comparison_period"": ""2021-Q4"", ""formula"": ""100 * (quarterly_mean_cpi / same_quarter_prior_year_mean_cpi - 1)"", ""source_cpi_series_code"": ""IMF|ACCESS_SHARING_LEVEL=PUBLIC_OPEN|COICOP_1999=_T|COMMON_REFERENCE_PERIOD=2020A|FREQUENCY=M|IFS_FLAG=true|INDEX_TYPE=CPI|OVERLAP=OL|SCALE=0|SECURITY_CLASSIFICATION=PUB|TYPE_OF_TRANSFORMATION=IX|aggregation=quarterly_mean""}"
GRD,inflation_consumer_prices_yoy_pct_quarterly_imf,2022-Q1,quarterly,1.7755363910357813,\N,derived,IMF_CPI,derived_yoy:IMF|ACCESS_SHARING_LEVEL=PUBLIC_OPEN|COICOP_1999=_T|COMMON_REFERENCE_PERIOD=2010M1|FREQUENCY=M|IFS_FLAG=true|INDEX_TYPE=CPI|OVERLAP=OL|SCALE=0|SECURITY_CLASSIFICATION=PUB|TYPE_OF_TRANSFORMATION=IX|aggregation=quarterly_mean,\N,"{""comparison_period"": ""2021-Q1"", ""formula"": ""100 * (quarterly_mean_cpi / same_quarter_prior_year_mean_cpi - 1)"", ""source_cpi_series_code"": ""IMF|ACCESS_SHARING_LEVEL=PUBLIC_OPEN|COICOP_1999=_T|COMMON_REFERENCE_PERIOD=2010M1|FREQUENCY=M|IFS_FLAG=true|INDEX_TYPE=CPI|OVERLAP=OL|SCALE=0|SECURITY_CLASSIFICATION=PUB|TYPE_OF_TRANSFORMATION=IX|aggregation=quarterly_mean""}"
GRD,inflation_consumer_prices_yoy_pct_quarterly_imf,2022-Q2,quarterly,2.4437318130530405,\N,derived,IMF_CPI,derived_yoy:IMF|ACCESS_SHARING_LEVEL=PUBLIC_OPEN|COICOP_1999=_T|COMMON_REFERENCE_PERIOD=2010M1|FREQUENCY=M|IFS_FLAG=true|INDEX_TYPE=CPI|OVERLAP=OL|SCALE=0|SECURITY_CLASSIFICATION=PUB|TYPE_OF_TRANSFORMATION=IX|aggregation=quarterly_mean,\N,"{""comparison_period"": ""2021-Q2"", ""formula"": ""100 * (quarterly_mean_cpi / same_quarter_prior_year_mean_cpi - 1)"", ""source_cpi_series_code"": ""IMF|ACCESS_SHARING_LEVEL=PUBLIC_OPEN|COICOP_1999=_T|COMMON_REFERENCE_PERIOD=2010M1|FREQUENCY=M|IFS_FLAG=true|INDEX_TYPE=CPI|OVERLAP=OL|SCALE=0|SECURITY_CLASSIFICATION=PUB|TYPE_OF_TRANSFORMATION=IX|aggregation=quarterly_mean""}"
GRD,inflation_consumer_prices_yoy_pct_quarterly_imf,2022-Q3,quarterly,3.2138581440137814,\N,derived,IMF_CPI,derived_yoy:IMF|ACCESS_SHARING_LEVEL=PUBLIC_OPEN|COICOP_1999=_T|COMMON_REFERENCE_PERIOD=2010M1|FREQUENCY=M|IFS_FLAG=true|INDEX_TYPE=CPI|OVERLAP=OL|SCALE=0|SECURITY_CLASSIFICATION=PUB|TYPE_OF_TRANSFORMATION=IX|aggregation=quarterly_mean,\N,"{""comparison_period"": ""2021-Q3"", ""formula"": ""100 * (quarterly_mean_cpi / same_quarter_prior_year_mean_cpi - 1)"", ""source_cpi_series_code"": ""IMF|ACCESS_SHARING_LEVEL=PUBLIC_OPEN|COICOP_1999=_T|COMMON_REFERENCE_PERIOD=2010M1|FREQUENCY=M|IFS_FLAG=true|INDEX_TYPE=CPI|OVERLAP=OL|SCALE=0|SECURITY_CLASSIFICATION=PUB|TYPE_OF_TRANSFORMATION=IX|aggregation=quarterly_mean""}"
GRD,inflation_consumer_prices_yoy_pct_quarterly_imf,2022-Q4,quarterly,2.880203715473706,\N,derived,IMF_CPI,derived_yoy:IMF|ACCESS_SHARING_LEVEL=PUBLIC_OPEN|COICOP_1999=_T|COMMON_REFERENCE_PERIOD=2010M1|FREQUENCY=M|IFS_FLAG=true|INDEX_TYPE=CPI|OVERLAP=OL|SCALE=0|SECURITY_CLASSIFICATION=PUB|TYPE_OF_TRANSFORMATION=IX|aggregation=quarterly_mean,\N,"{""comparison_period"": ""2021-Q4"", ""formula"": ""100 * (quarterly_mean_cpi / same_quarter_prior_year_mean_cpi - 1)"", ""source_cpi_series_code"": ""IMF|ACCESS_SHARING_LEVEL=PUBLIC_OPEN|COICOP_1999=_T|COMMON_REFERENCE_PERIOD=2010M1|FREQUENCY=M|IFS_FLAG=true|INDEX_TYPE=CPI|OVERLAP=OL|SCALE=0|SECURITY_CLASSIFICATION=PUB|TYPE_OF_TRANSFORMATION=IX|aggregation=quarterly_mean""}"
GTM,inflation_consumer_prices_yoy_pct_quarterly_imf,2022-Q1,quarterly,3.34114496149982,\N,derived,IMF_CPI,derived_yoy:IMF|ACCESS_SHARING_LEVEL=PUBLIC_OPEN|COICOP_1999=_T|COMMON_REFERENCE_PERIOD=2024A|FREQUENCY=M|IFS_FLAG=true|INDEX_TYPE=CPI|OVERLAP=OL|SCALE=0|SECURITY_CLASSIFICATION=PUB|TYPE_OF_TRANSFORMATION=IX|aggregation=quarterly_mean,\N,"{""comparison_period"": ""2021-Q1"", ""formula"": ""100 * (quarterly_mean_cpi / same_quarter_prior_year_mean_cpi - 1)"", ""source_cpi_series_code"": ""IMF|ACCESS_SHARING_LEVEL=PUBLIC_OPEN|COICOP_1999=_T|COMMON_REFERENCE_PERIOD=2024A|FREQUENCY=M|IFS_FLAG=true|INDEX_TYPE=CPI|OVERLAP=OL|SCALE=0|SECURITY_CLASSIFICATION=PUB|TYPE_OF_TRANSFORMATION=IX|aggregation=quarterly_mean""}"
GTM,inflation_consumer_prices_yoy_pct_quarterly_imf,2022-Q2,quarterly,5.998757653740361,\N,derived,IMF_CPI,derived_yoy:IMF|ACCESS_SHARING_LEVEL=PUBLIC_OPEN|COICOP_1999=_T|COMMON_REFERENCE_PERIOD=2024A|FREQUENCY=M|IFS_FLAG=true|INDEX_TYPE=CPI|OVERLAP=OL|SCALE=0|SECURITY_CLASSIFICATION=PUB|TYPE_OF_TRANSFORMATION=IX|aggregation=quarterly_mean,\N,"{""comparison_period"": ""2021-Q2"", ""formula"": ""100 * (quarterly_mean_cpi / same_quarter_prior_year_mean_cpi - 1)"", ""source_cpi_series_code"": ""IMF|ACCESS_SHARING_LEVEL=PUBLIC_OPEN|COICOP_1999=_T|COMMON_REFERENCE_PERIOD=2024A|FREQUENCY=M|IFS_FLAG=true|INDEX_TYPE=CPI|OVERLAP=OL|SCALE=0|SECURITY_CLASSIFICATION=PUB|TYPE_OF_TRANSFORMATION=IX|aggregation=quarterly_mean""}"
GTM,inflation_consumer_prices_yoy_pct_quarterly_imf,2022-Q3,quarterly,8.755506607929542,\N,derived,IMF_CPI,derived_yoy:IMF|ACCESS_SHARING_LEVEL=PUBLIC_OPEN|COICOP_1999=_T|COMMON_REFERENCE_PERIOD=2024A|FREQUENCY=M|IFS_FLAG=true|INDEX_TYPE=CPI|OVERLAP=OL|SCALE=0|SECURITY_CLASSIFICATION=PUB|TYPE_OF_TRANSFORMATION=IX|aggregation=quarterly_mean,\N,"{""comparison_period"": ""2021-Q3"", ""formula"": ""100 * (quarterly_mean_cpi / same_quarter_prior_year_mean_cpi - 1)"", ""source_cpi_series_code"": ""IMF|ACCESS_SHARING_LEVEL=PUBLIC_OPEN|COICOP_1999=_T|COMMON_REFERENCE_PERIOD=2024A|FREQUENCY=M|IFS_FLAG=true|INDEX_TYPE=CPI|OVERLAP=OL|SCALE=0|SECURITY_CLASSIFICATION=PUB|TYPE_OF_TRANSFORMATION=IX|aggregation=quarterly_mean""}"
GTM,inflation_consumer_prices_yoy_pct_quarterly_imf,2022-Q4,quarterly,9.368591002312687,\N,derived,IMF_CPI,derived_yoy:IMF|ACCESS_SHARING_LEVEL=PUBLIC_OPEN|COICOP_1999=_T|COMMON_REFERENCE_PERIOD=2024A|FREQUENCY=M|IFS_FLAG=true|INDEX_TYPE=CPI|OVERLAP=OL|SCALE=0|SECURITY_CLASSIFICATION=PUB|TYPE_OF_TRANSFORMATION=IX|aggregation=quarterly_mean,\N,"{""comparison_period"": ""2021-Q4"", ""formula"": ""100 * (quarterly_mean_cpi / same_quarter_prior_year_mean_cpi - 1)"", ""source_cpi_series_code"": ""IMF|ACCESS_SHARING_LEVEL=PUBLIC_OPEN|COICOP_1999=_T|COMMON_REFERENCE_PERIOD=2024A|FREQUENCY=M|IFS_FLAG=true|INDEX_TYPE=CPI|OVERLAP=OL|SCALE=0|SECURITY_CLASSIFICATION=PUB|TYPE_OF_TRANSFORMATION=IX|aggregation=quarterly_mean""}"
GUY,inflation_consumer_prices_yoy_pct_quarterly_imf,2022-Q1,quarterly,6.098657257634876,\N,derived,IMF_CPI,derived_yoy:IMF|ACCESS_SHARING_LEVEL=PUBLIC_OPEN|COICOP_1999=_T|COMMON_REFERENCE_PERIOD=2009M12|FREQUENCY=M|IFS_FLAG=true|INDEX_TYPE=CPI|OVERLAP=OL|SCALE=0|SECURITY_CLASSIFICATION=PUB|TYPE_OF_TRANSFORMATION=IX|aggregation=quarterly_mean,\N,"{""comparison_period"": ""2021-Q1"", ""formula"": ""100 * (quarterly_mean_cpi / same_quarter_prior_year_mean_cpi - 1)"", ""source_cpi_series_code"": ""IMF|ACCESS_SHARING_LEVEL=PUBLIC_OPEN|COICOP_1999=_T|COMMON_REFERENCE_PERIOD=2009M12|FREQUENCY=M|IFS_FLAG=true|INDEX_TYPE=CPI|OVERLAP=OL|SCALE=0|SECURITY_CLASSIFICATION=PUB|TYPE_OF_TRANSFORMATION=IX|aggregation=quarterly_mean""}"
GUY,inflation_consumer_prices_yoy_pct_quarterly_imf,2022-Q2,quarterly,8.298356701762888,\N,derived,IMF_CPI,derived_yoy:IMF|ACCESS_SHARING_LEVEL=PUBLIC_OPEN|COICOP_1999=_T|COMMON_REFERENCE_PERIOD=2009M12|FREQUENCY=M|IFS_FLAG=true|INDEX_TYPE=CPI|OVERLAP=OL|SCALE=0|SECURITY_CLASSIFICATION=PUB|TYPE_OF_TRANSFORMATION=IX|aggregation=quarterly_mean,\N,"{""comparison_period"": ""2021-Q2"", ""formula"": ""100 * (quarterly_mean_cpi / same_quarter_prior_year_mean_cpi - 1)"", ""source_cpi_series_code"": ""IMF|ACCESS_SHARING_LEVEL=PUBLIC_OPEN|COICOP_1999=_T|COMMON_REFERENCE_PERIOD=2009M12|FREQUENCY=M|IFS_FLAG=true|INDEX_TYPE=CPI|OVERLAP=OL|SCALE=0|SECURITY_CLASSIFICATION=PUB|TYPE_OF_TRANSFORMATION=IX|aggregation=quarterly_mean""}"
GUY,inflation_consumer_prices_yoy_pct_quarterly_imf,2022-Q3,quarterly,6.475945471028122,\N,derived,IMF_CPI,derived_yoy:IMF|ACCESS_SHARING_LEVEL=PUBLIC_OPEN|COICOP_1999=_T|COMMON_REFERENCE_PERIOD=2009M12|FREQUENCY=M|IFS_FLAG=true|INDEX_TYPE=CPI|OVERLAP=OL|SCALE=0|SECURITY_CLASSIFICATION=PUB|TYPE_OF_TRANSFORMATION=IX|aggregation=quarterly_mean,\N,"{""comparison_period"": ""2021-Q3"", ""formula"": ""100 * (quarterly_mean_cpi / same_quarter_prior_year_mean_cpi - 1)"", ""source_cpi_series_code"": ""IMF|ACCESS_SHARING_LEVEL=PUBLIC_OPEN|COICOP_1999=_T|COMMON_REFERENCE_PERIOD=2009M12|FREQUENCY=M|IFS_FLAG=true|INDEX_TYPE=CPI|OVERLAP=OL|SCALE=0|SECURITY_CLASSIFICATION=PUB|TYPE_OF_TRANSFORMATION=IX|aggregation=quarterly_mean""}"
GUY,inflation_consumer_prices_yoy_pct_quarterly_imf,2022-Q4,quarterly,6.885520695794711,\N,derived,IMF_CPI,derived_yoy:IMF|ACCESS_SHARING_LEVEL=PUBLIC_OPEN|COICOP_1999=_T|COMMON_REFERENCE_PERIOD=2009M12|FREQUENCY=M|IFS_FLAG=true|INDEX_TYPE=CPI|OVERLAP=OL|SCALE=0|SECURITY_CLASSIFICATION=PUB|TYPE_OF_TRANSFORMATION=IX|aggregation=quarterly_mean,\N,"{""comparison_period"": ""2021-Q4"", ""formula"": ""100 * (quarterly_mean_cpi / same_quarter_prior_year_mean_cpi - 1)"", ""source_cpi_series_code"": ""IMF|ACCESS_SHARING_LEVEL=PUBLIC_OPEN|COICOP_1999=_T|COMMON_REFERENCE_PERIOD=2009M12|FREQUENCY=M|IFS_FLAG=true|INDEX_TYPE=CPI|OVERLAP=OL|SCALE=0|SECURITY_CLASSIFICATION=PUB|TYPE_OF_TRANSFORMATION=IX|aggregation=quarterly_mean""}"
HKG,inflation_consumer_prices_yoy_pct_quarterly_imf,2022-Q1,quarterly,1.5460526315789425,\N,derived,IMF_CPI,derived_yoy:IMF|ACCESS_SHARING_LEVEL=PUBLIC_OPEN|COICOP_1999=_T|COMMON_REFERENCE_PERIOD=2020A|FREQUENCY=M|IFS_FLAG=true|INDEX_TYPE=CPI|OVERLAP=OL|SCALE=0|SECURITY_CLASSIFICATION=PUB|TYPE_OF_TRANSFORMATION=IX|aggregation=quarterly_mean,\N,"{""comparison_period"": ""2021-Q1"", ""formula"": ""100 * (quarterly_mean_cpi / same_quarter_prior_year_mean_cpi - 1)"", ""source_cpi_series_code"": ""IMF|ACCESS_SHARING_LEVEL=PUBLIC_OPEN|COICOP_1999=_T|COMMON_REFERENCE_PERIOD=2020A|FREQUENCY=M|IFS_FLAG=true|INDEX_TYPE=CPI|OVERLAP=OL|SCALE=0|SECURITY_CLASSIFICATION=PUB|TYPE_OF_TRANSFORMATION=IX|aggregation=quarterly_mean""}"
HKG,inflation_consumer_prices_yoy_pct_quarterly_imf,2022-Q2,quarterly,1.4768624876928094,\N,derived,IMF_CPI,derived_yoy:IMF|ACCESS_SHARING_LEVEL=PUBLIC_OPEN|COICOP_1999=_T|COMMON_REFERENCE_PERIOD=2020A|FREQUENCY=M|IFS_FLAG=true|INDEX_TYPE=CPI|OVERLAP=OL|SCALE=0|SECURITY_CLASSIFICATION=PUB|TYPE_OF_TRANSFORMATION=IX|aggregation=quarterly_mean,\N,"{""comparison_period"": ""2021-Q2"", ""formula"": ""100 * (quarterly_mean_cpi / same_quarter_prior_year_mean_cpi - 1)"", ""source_cpi_series_code"": ""IMF|ACCESS_SHARING_LEVEL=PUBLIC_OPEN|COICOP_1999=_T|COMMON_REFERENCE_PERIOD=2020A|FREQUENCY=M|IFS_FLAG=true|INDEX_TYPE=CPI|OVERLAP=OL|SCALE=0|SECURITY_CLASSIFICATION=PUB|TYPE_OF_TRANSFORMATION=IX|aggregation=quarterly_mean""}"
HKG,inflation_consumer_prices_yoy_pct_quarterly_imf,2022-Q3,quarterly,2.681231380337623,\N,derived,IMF_CPI,derived_yoy:IMF|ACCESS_SHARING_LEVEL=PUBLIC_OPEN|COICOP_1999=_T|COMMON_REFERENCE_PERIOD=2020A|FREQUENCY=M|IFS_FLAG=true|INDEX_TYPE=CPI|OVERLAP=OL|SCALE=0|SECURITY_CLASSIFICATION=PUB|TYPE_OF_TRANSFORMATION=IX|aggregation=quarterly_mean,\N,"{""comparison_period"": ""2021-Q3"", ""formula"": ""100 * (quarterly_mean_cpi / same_quarter_prior_year_mean_cpi - 1)"", ""source_cpi_series_code"": ""IMF|ACCESS_SHARING_LEVEL=PUBLIC_OPEN|COICOP_1999=_T|COMMON_REFERENCE_PERIOD=2020A|FREQUENCY=M|IFS_FLAG=true|INDEX_TYPE=CPI|OVERLAP=OL|SCALE=0|SECURITY_CLASSIFICATION=PUB|TYPE_OF_TRANSFORMATION=IX|aggregation=quarterly_mean""}"
HKG,inflation_consumer_prices_yoy_pct_quarterly_imf,2022-Q4,quarterly,1.8276762402088753,\N,derived,IMF_CPI,derived_yoy:IMF|ACCESS_SHARING_LEVEL=PUBLIC_OPEN|COICOP_1999=_T|COMMON_REFERENCE_PERIOD=2020A|FREQUENCY=M|IFS_FLAG=true|INDEX_TYPE=CPI|OVERLAP=OL|SCALE=0|SECURITY_CLASSIFICATION=PUB|TYPE_OF_TRANSFORMATION=IX|aggregation=quarterly_mean,\N,"{""comparison_period"": ""2021-Q4"", ""formula"": ""100 * (quarterly_mean_cpi / same_quarter_prior_year_mean_cpi - 1)"", ""source_cpi_series_code"": ""IMF|ACCESS_SHARING_LEVEL=PUBLIC_OPEN|COICOP_1999=_T|COMMON_REFERENCE_PERIOD=2020A|FREQUENCY=M|IFS_FLAG=true|INDEX_TYPE=CPI|OVERLAP=OL|SCALE=0|SECURITY_CLASSIFICATION=PUB|TYPE_OF_TRANSFORMATION=IX|aggregation=quarterly_mean""}"
HND,inflation_consumer_prices_yoy_pct_quarterly_imf,2022-Q1,quarterly,6.503218477849271,\N,derived,IMF_CPI,derived_yoy:IMF|ACCESS_SHARING_LEVEL=PUBLIC_OPEN|COICOP_1999=_T|COMMON_REFERENCE_PERIOD=2025M12|FREQUENCY=M|IFS_FLAG=true|INDEX_TYPE=CPI|OVERLAP=OL|SCALE=0|SECURITY_CLASSIFICATION=PUB|TYPE_OF_TRANSFORMATION=IX|aggregation=quarterly_mean,\N,"{""comparison_period"": ""2021-Q1"", ""formula"": ""100 * (quarterly_mean_cpi / same_quarter_prior_year_mean_cpi - 1)"", ""source_cpi_series_code"": ""IMF|ACCESS_SHARING_LEVEL=PUBLIC_OPEN|COICOP_1999=_T|COMMON_REFERENCE_PERIOD=2025M12|FREQUENCY=M|IFS_FLAG=true|INDEX_TYPE=CPI|OVERLAP=OL|SCALE=0|SECURITY_CLASSIFICATION=PUB|TYPE_OF_TRANSFORMATION=IX|aggregation=quarterly_mean""}"
HND,inflation_consumer_prices_yoy_pct_quarterly_imf,2022-Q2,quarterly,9.219658600637803,\N,derived,IMF_CPI,derived_yoy:IMF|ACCESS_SHARING_LEVEL=PUBLIC_OPEN|COICOP_1999=_T|COMMON_REFERENCE_PERIOD=2025M12|FREQUENCY=M|IFS_FLAG=true|INDEX_TYPE=CPI|OVERLAP=OL|SCALE=0|SECURITY_CLASSIFICATION=PUB|TYPE_OF_TRANSFORMATION=IX|aggregation=quarterly_mean,\N,"{""comparison_period"": ""2021-Q2"", ""formula"": ""100 * (quarterly_mean_cpi / same_quarter_prior_year_mean_cpi - 1)"", ""source_cpi_series_code"": ""IMF|ACCESS_SHARING_LEVEL=PUBLIC_OPEN|COICOP_1999=_T|COMMON_REFERENCE_PERIOD=2025M12|FREQUENCY=M|IFS_FLAG=true|INDEX_TYPE=CPI|OVERLAP=OL|SCALE=0|SECURITY_CLASSIFICATION=PUB|TYPE_OF_TRANSFORMATION=IX|aggregation=quarterly_mean""}"
HND,inflation_consumer_prices_yoy_pct_quarterly_imf,2022-Q3,quarterly,10.430986438788747,\N,derived,IMF_CPI,derived_yoy:IMF|ACCESS_SHARING_LEVEL=PUBLIC_OPEN|COICOP_1999=_T|COMMON_REFERENCE_PERIOD=2025M12|FREQUENCY=M|IFS_FLAG=true|INDEX_TYPE=CPI|OVERLAP=OL|SCALE=0|SECURITY_CLASSIFICATION=PUB|TYPE_OF_TRANSFORMATION=IX|aggregation=quarterly_mean,\N,"{""comparison_period"": ""2021-Q3"", ""formula"": ""100 * (quarterly_mean_cpi / same_quarter_prior_year_mean_cpi - 1)"", ""source_cpi_series_code"": ""IMF|ACCESS_SHARING_LEVEL=PUBLIC_OPEN|COICOP_1999=_T|COMMON_REFERENCE_PERIOD=2025M12|FREQUENCY=M|IFS_FLAG=true|INDEX_TYPE=CPI|OVERLAP=OL|SCALE=0|SECURITY_CLASSIFICATION=PUB|TYPE_OF_TRANSFORMATION=IX|aggregation=quarterly_mean""}"
HND,inflation_consumer_prices_yoy_pct_quarterly_imf,2022-Q4,quarterly,10.138711443694115,\N,derived,IMF_CPI,derived_yoy:IMF|ACCESS_SHARING_LEVEL=PUBLIC_OPEN|COICOP_1999=_T|COMMON_REFERENCE_PERIOD=2025M12|FREQUENCY=M|IFS_FLAG=true|INDEX_TYPE=CPI|OVERLAP=OL|SCALE=0|SECURITY_CLASSIFICATION=PUB|TYPE_OF_TRANSFORMATION=IX|aggregation=quarterly_mean,\N,"{""comparison_period"": ""2021-Q4"", ""formula"": ""100 * (quarterly_mean_cpi / same_quarter_prior_year_mean_cpi - 1)"", ""source_cpi_series_code"": ""IMF|ACCESS_SHARING_LEVEL=PUBLIC_OPEN|COICOP_1999=_T|COMMON_REFERENCE_PERIOD=2025M12|FREQUENCY=M|IFS_FLAG=true|INDEX_TYPE=CPI|OVERLAP=OL|SCALE=0|SECURITY_CLASSIFICATION=PUB|TYPE_OF_TRANSFORMATION=IX|aggregation=quarterly_mean""}"
HRV,inflation_consumer_prices_yoy_pct_quarterly_imf,2022-Q1,quarterly,6.448476992871033,\N,derived,IMF_CPI,derived_yoy:IMF|ACCESS_SHARING_LEVEL=PUBLIC_OPEN|COICOP_1999=_T|COMMON_REFERENCE_PERIOD=2025A|FREQUENCY=M|IFS_FLAG=true|INDEX_TYPE=CPI|OVERLAP=OL|SCALE=0|SECURITY_CLASSIFICATION=PUB|TYPE_OF_TRANSFORMATION=IX|aggregation=quarterly_mean,\N,"{""comparison_period"": ""2021-Q1"", ""formula"": ""100 * (quarterly_mean_cpi / same_quarter_prior_year_mean_cpi - 1)"", ""source_cpi_series_code"": ""IMF|ACCESS_SHARING_LEVEL=PUBLIC_OPEN|COICOP_1999=_T|COMMON_REFERENCE_PERIOD=2025A|FREQUENCY=M|IFS_FLAG=true|INDEX_TYPE=CPI|OVERLAP=OL|SCALE=0|SECURITY_CLASSIFICATION=PUB|TYPE_OF_TRANSFORMATION=IX|aggregation=quarterly_mean""}"
HRV,inflation_consumer_prices_yoy_pct_quarterly_imf,2022-Q2,quarterly,10.778061224489788,\N,derived,IMF_CPI,derived_yoy:IMF|ACCESS_SHARING_LEVEL=PUBLIC_OPEN|COICOP_1999=_T|COMMON_REFERENCE_PERIOD=2025A|FREQUENCY=M|IFS_FLAG=true|INDEX_TYPE=CPI|OVERLAP=OL|SCALE=0|SECURITY_CLASSIFICATION=PUB|TYPE_OF_TRANSFORMATION=IX|aggregation=quarterly_mean,\N,"{""comparison_period"": ""2021-Q2"", ""formula"": ""100 * (quarterly_mean_cpi / same_quarter_prior_year_mean_cpi - 1)"", ""source_cpi_series_code"": ""IMF|ACCESS_SHARING_LEVEL=PUBLIC_OPEN|COICOP_1999=_T|COMMON_REFERENCE_PERIOD=2025A|FREQUENCY=M|IFS_FLAG=true|INDEX_TYPE=CPI|OVERLAP=OL|SCALE=0|SECURITY_CLASSIFICATION=PUB|TYPE_OF_TRANSFORMATION=IX|aggregation=quarterly_mean""}"
HRV,inflation_consumer_prices_yoy_pct_quarterly_imf,2022-Q3,quarterly,12.476250791640275,\N,derived,IMF_CPI,derived_yoy:IMF|ACCESS_SHARING_LEVEL=PUBLIC_OPEN|COICOP_1999=_T|COMMON_REFERENCE_PERIOD=2025A|FREQUENCY=M|IFS_FLAG=true|INDEX_TYPE=CPI|OVERLAP=OL|SCALE=0|SECURITY_CLASSIFICATION=PUB|TYPE_OF_TRANSFORMATION=IX|aggregation=quarterly_mean,\N,"{""comparison_period"": ""2021-Q3"", ""formula"": ""100 * (quarterly_mean_cpi / same_quarter_prior_year_mean_cpi - 1)"", ""source_cpi_series_code"": ""IMF|ACCESS_SHARING_LEVEL=PUBLIC_OPEN|COICOP_1999=_T|COMMON_REFERENCE_PERIOD=2025A|FREQUENCY=M|IFS_FLAG=true|INDEX_TYPE=CPI|OVERLAP=OL|SCALE=0|SECURITY_CLASSIFICATION=PUB|TYPE_OF_TRANSFORMATION=IX|aggregation=quarterly_mean""}"
HRV,inflation_consumer_prices_yoy_pct_quarterly_imf,2022-Q4,quarterly,13.267203967761931,\N,derived,IMF_CPI,derived_yoy:IMF|ACCESS_SHARING_LEVEL=PUBLIC_OPEN|COICOP_1999=_T|COMMON_REFERENCE_PERIOD=2025A|FREQUENCY=M|IFS_FLAG=true|INDEX_TYPE=CPI|OVERLAP=OL|SCALE=0|SECURITY_CLASSIFICATION=PUB|TYPE_OF_TRANSFORMATION=IX|aggregation=quarterly_mean,\N,"{""comparison_period"": ""2021-Q4"", ""formula"": ""100 * (quarterly_mean_cpi / same_quarter_prior_year_mean_cpi - 1)"", ""source_cpi_series_code"": ""IMF|ACCESS_SHARING_LEVEL=PUBLIC_OPEN|COICOP_1999=_T|COMMON_REFERENCE_PERIOD=2025A|FREQUENCY=M|IFS_FLAG=true|INDEX_TYPE=CPI|OVERLAP=OL|SCALE=0|SECURITY_CLASSIFICATION=PUB|TYPE_OF_TRANSFORMATION=IX|aggregation=quarterly_mean""}"
HTI,inflation_consumer_prices_yoy_pct_quarterly_imf,2022-Q1,quarterly,25.0,\N,derived,IMF_CPI,derived_yoy:IMF|ACCESS_SHARING_LEVEL=PUBLIC_OPEN|COICOP_1999=_T|COMMON_REFERENCE_PERIOD=2017M10-2018M9|FREQUENCY=M|IFS_FLAG=true|INDEX_TYPE=CPI|OVERLAP=OL|SCALE=0|SECURITY_CLASSIFICATION=PUB|TYPE_OF_TRANSFORMATION=IX|aggregation=quarterly_mean,\N,"{""comparison_period"": ""2021-Q1"", ""formula"": ""100 * (quarterly_mean_cpi / same_quarter_prior_year_mean_cpi - 1)"", ""source_cpi_series_code"": ""IMF|ACCESS_SHARING_LEVEL=PUBLIC_OPEN|COICOP_1999=_T|COMMON_REFERENCE_PERIOD=2017M10-2018M9|FREQUENCY=M|IFS_FLAG=true|INDEX_TYPE=CPI|OVERLAP=OL|SCALE=0|SECURITY_CLASSIFICATION=PUB|TYPE_OF_TRANSFORMATION=IX|aggregation=quarterly_mean""}"
HTI,inflation_consumer_prices_yoy_pct_quarterly_imf,2022-Q2,quarterly,27.857847976307994,\N,derived,IMF_CPI,derived_yoy:IMF|ACCESS_SHARING_LEVEL=PUBLIC_OPEN|COICOP_1999=_T|COMMON_REFERENCE_PERIOD=2017M10-2018M9|FREQUENCY=M|IFS_FLAG=true|INDEX_TYPE=CPI|OVERLAP=OL|SCALE=0|SECURITY_CLASSIFICATION=PUB|TYPE_OF_TRANSFORMATION=IX|aggregation=quarterly_mean,\N,"{""comparison_period"": ""2021-Q2"", ""formula"": ""100 * (quarterly_mean_cpi / same_quarter_prior_year_mean_cpi - 1)"", ""source_cpi_series_code"": ""IMF|ACCESS_SHARING_LEVEL=PUBLIC_OPEN|COICOP_1999=_T|COMMON_REFERENCE_PERIOD=2017M10-2018M9|FREQUENCY=M|IFS_FLAG=true|INDEX_TYPE=CPI|OVERLAP=OL|SCALE=0|SECURITY_CLASSIFICATION=PUB|TYPE_OF_TRANSFORMATION=IX|aggregation=quarterly_mean""}"
HTI,inflation_consumer_prices_yoy_pct_quarterly_imf,2022-Q3,quarterly,33.796470146451355,\N,derived,IMF_CPI,derived_yoy:IMF|ACCESS_SHARING_LEVEL=PUBLIC_OPEN|COICOP_1999=_T|COMMON_REFERENCE_PERIOD=2017M10-2018M9|FREQUENCY=M|IFS_FLAG=true|INDEX_TYPE=CPI|OVERLAP=OL|SCALE=0|SECURITY_CLASSIFICATION=PUB|TYPE_OF_TRANSFORMATION=IX|aggregation=quarterly_mean,\N,"{""comparison_period"": ""2021-Q3"", ""formula"": ""100 * (quarterly_mean_cpi / same_quarter_prior_year_mean_cpi - 1)"", ""source_cpi_series_code"": ""IMF|ACCESS_SHARING_LEVEL=PUBLIC_OPEN|COICOP_1999=_T|COMMON_REFERENCE_PERIOD=2017M10-2018M9|FREQUENCY=M|IFS_FLAG=true|INDEX_TYPE=CPI|OVERLAP=OL|SCALE=0|SECURITY_CLASSIFICATION=PUB|TYPE_OF_TRANSFORMATION=IX|aggregation=quarterly_mean""}"
HTI,inflation_consumer_prices_yoy_pct_quarterly_imf,2022-Q4,quarterly,46.98651186614305,\N,derived,IMF_CPI,derived_yoy:IMF|ACCESS_SHARING_LEVEL=PUBLIC_OPEN|COICOP_1999=_T|COMMON_REFERENCE_PERIOD=2017M10-2018M9|FREQUENCY=M|IFS_FLAG=true|INDEX_TYPE=CPI|OVERLAP=OL|SCALE=0|SECURITY_CLASSIFICATION=PUB|TYPE_OF_TRANSFORMATION=IX|aggregation=quarterly_mean,\N,"{""comparison_period"": ""2021-Q4"", ""formula"": ""100 * (quarterly_mean_cpi / same_quarter_prior_year_mean_cpi - 1)"", ""source_cpi_series_code"": ""IMF|ACCESS_SHARING_LEVEL=PUBLIC_OPEN|COICOP_1999=_T|COMMON_REFERENCE_PERIOD=2017M10-2018M9|FREQUENCY=M|IFS_FLAG=true|INDEX_TYPE=CPI|OVERLAP=OL|SCALE=0|SECURITY_CLASSIFICATION=PUB|TYPE_OF_TRANSFORMATION=IX|aggregation=quarterly_mean""}"
HUN,inflation_consumer_prices_yoy_pct_quarterly_imf,2022-Q1,quarterly,8.242579543027983,\N,derived,IMF_CPI,derived_yoy:IMF|ACCESS_SHARING_LEVEL=PUBLIC_OPEN|COICOP_1999=_T|COMMON_REFERENCE_PERIOD=2006M12|FREQUENCY=M|IFS_FLAG=true|INDEX_TYPE=CPI|OVERLAP=OL|SCALE=0|SECURITY_CLASSIFICATION=PUB|TYPE_OF_TRANSFORMATION=IX|aggregation=quarterly_mean,\N,"{""comparison_period"": ""2021-Q1"", ""formula"": ""100 * (quarterly_mean_cpi / same_quarter_prior_year_mean_cpi - 1)"", ""source_cpi_series_code"": ""IMF|ACCESS_SHARING_LEVEL=PUBLIC_OPEN|COICOP_1999=_T|COMMON_REFERENCE_PERIOD=2006M12|FREQUENCY=M|IFS_FLAG=true|INDEX_TYPE=CPI|OVERLAP=OL|SCALE=0|SECURITY_CLASSIFICATION=PUB|TYPE_OF_TRANSFORMATION=IX|aggregation=quarterly_mean""}"
HUN,inflation_consumer_prices_yoy_pct_quarterly_imf,2022-Q2,quarterly,10.585774058577414,\N,derived,IMF_CPI,derived_yoy:IMF|ACCESS_SHARING_LEVEL=PUBLIC_OPEN|COICOP_1999=_T|COMMON_REFERENCE_PERIOD=2006M12|FREQUENCY=M|IFS_FLAG=true|INDEX_TYPE=CPI|OVERLAP=OL|SCALE=0|SECURITY_CLASSIFICATION=PUB|TYPE_OF_TRANSFORMATION=IX|aggregation=quarterly_mean,\N,"{""comparison_period"": ""2021-Q2"", ""formula"": ""100 * (quarterly_mean_cpi / same_quarter_prior_year_mean_cpi - 1)"", ""source_cpi_series_code"": ""IMF|ACCESS_SHARING_LEVEL=PUBLIC_OPEN|COICOP_1999=_T|COMMON_REFERENCE_PERIOD=2006M12|FREQUENCY=M|IFS_FLAG=true|INDEX_TYPE=CPI|OVERLAP=OL|SCALE=0|SECURITY_CLASSIFICATION=PUB|TYPE_OF_TRANSFORMATION=IX|aggregation=quarterly_mean""}"
HUN,inflation_consumer_prices_yoy_pct_quarterly_imf,2022-Q3,quarterly,16.47374948325755,\N,derived,IMF_CPI,derived_yoy:IMF|ACCESS_SHARING_LEVEL=PUBLIC_OPEN|COICOP_1999=_T|COMMON_REFERENCE_PERIOD=2006M12|FREQUENCY=M|IFS_FLAG=true|INDEX_TYPE=CPI|OVERLAP=OL|SCALE=0|SECURITY_CLASSIFICATION=PUB|TYPE_OF_TRANSFORMATION=IX|aggregation=quarterly_mean,\N,"{""comparison_period"": ""2021-Q3"", ""formula"": ""100 * (quarterly_mean_cpi / same_quarter_prior_year_mean_cpi - 1)"", ""source_cpi_series_code"": ""IMF|ACCESS_SHARING_LEVEL=PUBLIC_OPEN|COICOP_1999=_T|COMMON_REFERENCE_PERIOD=2006M12|FREQUENCY=M|IFS_FLAG=true|INDEX_TYPE=CPI|OVERLAP=OL|SCALE=0|SECURITY_CLASSIFICATION=PUB|TYPE_OF_TRANSFORMATION=IX|aggregation=quarterly_mean""}"
HUN,inflation_consumer_prices_yoy_pct_quarterly_imf,2022-Q4,quarterly,22.72727272727273,\N,derived,IMF_CPI,derived_yoy:IMF|ACCESS_SHARING_LEVEL=PUBLIC_OPEN|COICOP_1999=_T|COMMON_REFERENCE_PERIOD=2006M12|FREQUENCY=M|IFS_FLAG=true|INDEX_TYPE=CPI|OVERLAP=OL|SCALE=0|SECURITY_CLASSIFICATION=PUB|TYPE_OF_TRANSFORMATION=IX|aggregation=quarterly_mean,\N,"{""comparison_period"": ""2021-Q4"", ""formula"": ""100 * (quarterly_mean_cpi / same_quarter_prior_year_mean_cpi - 1)"", ""source_cpi_series_code"": ""IMF|ACCESS_SHARING_LEVEL=PUBLIC_OPEN|COICOP_1999=_T|COMMON_REFERENCE_PERIOD=2006M12|FREQUENCY=M|IFS_FLAG=true|INDEX_TYPE=CPI|OVERLAP=OL|SCALE=0|SECURITY_CLASSIFICATION=PUB|TYPE_OF_TRANSFORMATION=IX|aggregation=quarterly_mean""}"
IDN,inflation_consumer_prices_yoy_pct_quarterly_imf,2022-Q1,quarterly,2.2913047783646334,\N,derived,IMF_CPI,derived_yoy:IMF|ACCESS_SHARING_LEVEL=PUBLIC_OPEN|COICOP_1999=_T|COMMON_REFERENCE_PERIOD=2022A|FREQUENCY=M|IFS_FLAG=true|INDEX_TYPE=CPI|OVERLAP=OL|SCALE=0|SECURITY_CLASSIFICATION=PUB|TYPE_OF_TRANSFORMATION=IX|aggregation=quarterly_mean,\N,"{""comparison_period"": ""2021-Q1"", ""formula"": ""100 * (quarterly_mean_cpi / same_quarter_prior_year_mean_cpi - 1)"", ""source_cpi_series_code"": ""IMF|ACCESS_SHARING_LEVEL=PUBLIC_OPEN|COICOP_1999=_T|COMMON_REFERENCE_PERIOD=2022A|FREQUENCY=M|IFS_FLAG=true|INDEX_TYPE=CPI|OVERLAP=OL|SCALE=0|SECURITY_CLASSIFICATION=PUB|TYPE_OF_TRANSFORMATION=IX|aggregation=quarterly_mean""}"
IDN,inflation_consumer_prices_yoy_pct_quarterly_imf,2022-Q2,quarterly,3.791725620020703,\N,derived,IMF_CPI,derived_yoy:IMF|ACCESS_SHARING_LEVEL=PUBLIC_OPEN|COICOP_1999=_T|COMMON_REFERENCE_PERIOD=2022A|FREQUENCY=M|IFS_FLAG=true|INDEX_TYPE=CPI|OVERLAP=OL|SCALE=0|SECURITY_CLASSIFICATION=PUB|TYPE_OF_TRANSFORMATION=IX|aggregation=quarterly_mean,\N,"{""comparison_period"": ""2021-Q2"", ""formula"": ""100 * (quarterly_mean_cpi / same_quarter_prior_year_mean_cpi - 1)"", ""source_cpi_series_code"": ""IMF|ACCESS_SHARING_LEVEL=PUBLIC_OPEN|COICOP_1999=_T|COMMON_REFERENCE_PERIOD=2022A|FREQUENCY=M|IFS_FLAG=true|INDEX_TYPE=CPI|OVERLAP=OL|SCALE=0|SECURITY_CLASSIFICATION=PUB|TYPE_OF_TRANSFORMATION=IX|aggregation=quarterly_mean""}"
IDN,inflation_consumer_prices_yoy_pct_quarterly_imf,2022-Q3,quarterly,5.193371039494443,\N,derived,IMF_CPI,derived_yoy:IMF|ACCESS_SHARING_LEVEL=PUBLIC_OPEN|COICOP_1999=_T|COMMON_REFERENCE_PERIOD=2022A|FREQUENCY=M|IFS_FLAG=true|INDEX_TYPE=CPI|OVERLAP=OL|SCALE=0|SECURITY_CLASSIFICATION=PUB|TYPE_OF_TRANSFORMATION=IX|aggregation=quarterly_mean,\N,"{""comparison_period"": ""2021-Q3"", ""formula"": ""100 * (quarterly_mean_cpi / same_quarter_prior_year_mean_cpi - 1)"", ""source_cpi_series_code"": ""IMF|ACCESS_SHARING_LEVEL=PUBLIC_OPEN|COICOP_1999=_T|COMMON_REFERENCE_PERIOD=2022A|FREQUENCY=M|IFS_FLAG=true|INDEX_TYPE=CPI|OVERLAP=OL|SCALE=0|SECURITY_CLASSIFICATION=PUB|TYPE_OF_TRANSFORMATION=IX|aggregation=quarterly_mean""}"
IDN,inflation_consumer_prices_yoy_pct_quarterly_imf,2022-Q4,quarterly,5.5450073712341785,\N,derived,IMF_CPI,derived_yoy:IMF|ACCESS_SHARING_LEVEL=PUBLIC_OPEN|COICOP_1999=_T|COMMON_REFERENCE_PERIOD=2022A|FREQUENCY=M|IFS_FLAG=true|INDEX_TYPE=CPI|OVERLAP=OL|SCALE=0|SECURITY_CLASSIFICATION=PUB|TYPE_OF_TRANSFORMATION=IX|aggregation=quarterly_mean,\N,"{""comparison_period"": ""2021-Q4"", ""formula"": ""100 * (quarterly_mean_cpi / same_quarter_prior_year_mean_cpi - 1)"", ""source_cpi_series_code"": ""IMF|ACCESS_SHARING_LEVEL=PUBLIC_OPEN|COICOP_1999=_T|COMMON_REFERENCE_PERIOD=2022A|FREQUENCY=M|IFS_FLAG=true|INDEX_TYPE=CPI|OVERLAP=OL|SCALE=0|SECURITY_CLASSIFICATION=PUB|TYPE_OF_TRANSFORMATION=IX|aggregation=quarterly_mean""}"
IND,inflation_consumer_prices_yoy_pct_quarterly_imf,2022-Q1,quarterly,6.344475196934218,\N,derived,IMF_CPI,derived_yoy:IMF|ACCESS_SHARING_LEVEL=PUBLIC_OPEN|COICOP_1999=_T|COMMON_REFERENCE_PERIOD=2024A|FREQUENCY=M|IFS_FLAG=true|INDEX_TYPE=CPI|OVERLAP=OL|SCALE=0|SECURITY_CLASSIFICATION=PUB|TYPE_OF_TRANSFORMATION=IX|aggregation=quarterly_mean,\N,"{""comparison_period"": ""2021-Q1"", ""formula"": ""100 * (quarterly_mean_cpi / same_quarter_prior_year_mean_cpi - 1)"", ""source_cpi_series_code"": ""IMF|ACCESS_SHARING_LEVEL=PUBLIC_OPEN|COICOP_1999=_T|COMMON_REFERENCE_PERIOD=2024A|FREQUENCY=M|IFS_FLAG=true|INDEX_TYPE=CPI|OVERLAP=OL|SCALE=0|SECURITY_CLASSIFICATION=PUB|TYPE_OF_TRANSFORMATION=IX|aggregation=quarterly_mean""}"
IND,inflation_consumer_prices_yoy_pct_quarterly_imf,2022-Q2,quarterly,7.278415015641282,\N,derived,IMF_CPI,derived_yoy:IMF|ACCESS_SHARING_LEVEL=PUBLIC_OPEN|COICOP_1999=_T|COMMON_REFERENCE_PERIOD=2024A|FREQUENCY=M|IFS_FLAG=true|INDEX_TYPE=CPI|OVERLAP=OL|SCALE=0|SECURITY_CLASSIFICATION=PUB|TYPE_OF_TRANSFORMATION=IX|aggregation=quarterly_mean,\N,"{""comparison_period"": ""2021-Q2"", ""formula"": ""100 * (quarterly_mean_cpi / same_quarter_prior_year_mean_cpi - 1)"", ""source_cpi_series_code"": ""IMF|ACCESS_SHARING_LEVEL=PUBLIC_OPEN|COICOP_1999=_T|COMMON_REFERENCE_PERIOD=2024A|FREQUENCY=M|IFS_FLAG=true|INDEX_TYPE=CPI|OVERLAP=OL|SCALE=0|SECURITY_CLASSIFICATION=PUB|TYPE_OF_TRANSFORMATION=IX|aggregation=quarterly_mean""}"
IND,inflation_consumer_prices_yoy_pct_quarterly_imf,2022-Q3,quarterly,7.04052394596808,\N,derived,IMF_CPI,derived_yoy:IMF|ACCESS_SHARING_LEVEL=PUBLIC_OPEN|COICOP_1999=_T|COMMON_REFERENCE_PERIOD=2024A|FREQUENCY=M|IFS_FLAG=true|INDEX_TYPE=CPI|OVERLAP=OL|SCALE=0|SECURITY_CLASSIFICATION=PUB|TYPE_OF_TRANSFORMATION=IX|aggregation=quarterly_mean,\N,"{""comparison_period"": ""2021-Q3"", ""formula"": ""100 * (quarterly_mean_cpi / same_quarter_prior_year_mean_cpi - 1)"", ""source_cpi_series_code"": ""IMF|ACCESS_SHARING_LEVEL=PUBLIC_OPEN|COICOP_1999=_T|COMMON_REFERENCE_PERIOD=2024A|FREQUENCY=M|IFS_FLAG=true|INDEX_TYPE=CPI|OVERLAP=OL|SCALE=0|SECURITY_CLASSIFICATION=PUB|TYPE_OF_TRANSFORMATION=IX|aggregation=quarterly_mean""}"
IND,inflation_consumer_prices_yoy_pct_quarterly_imf,2022-Q4,quarterly,6.140878988561083,\N,derived,IMF_CPI,derived_yoy:IMF|ACCESS_SHARING_LEVEL=PUBLIC_OPEN|COICOP_1999=_T|COMMON_REFERENCE_PERIOD=2024A|FREQUENCY=M|IFS_FLAG=true|INDEX_TYPE=CPI|OVERLAP=OL|SCALE=0|SECURITY_CLASSIFICATION=PUB|TYPE_OF_TRANSFORMATION=IX|aggregation=quarterly_mean,\N,"{""comparison_period"": ""2021-Q4"", ""formula"": ""100 * (quarterly_mean_cpi / same_quarter_prior_year_mean_cpi - 1)"", ""source_cpi_series_code"": ""IMF|ACCESS_SHARING_LEVEL=PUBLIC_OPEN|COICOP_1999=_T|COMMON_REFERENCE_PERIOD=2024A|FREQUENCY=M|IFS_FLAG=true|INDEX_TYPE=CPI|OVERLAP=OL|SCALE=0|SECURITY_CLASSIFICATION=PUB|TYPE_OF_TRANSFORMATION=IX|aggregation=quarterly_mean""}"
IRL,inflation_consumer_prices_yoy_pct_quarterly_imf,2022-Q1,quarterly,5.777601899485574,\N,derived,IMF_CPI,derived_yoy:IMF|ACCESS_SHARING_LEVEL=PUBLIC_OPEN|COICOP_1999=_T|COMMON_REFERENCE_PERIOD=2023M12|FREQUENCY=M|IFS_FLAG=true|INDEX_TYPE=CPI|OVERLAP=OL|SCALE=0|SECURITY_CLASSIFICATION=PUB|TYPE_OF_TRANSFORMATION=IX|aggregation=quarterly_mean,\N,"{""comparison_period"": ""2021-Q1"", ""formula"": ""100 * (quarterly_mean_cpi / same_quarter_prior_year_mean_cpi - 1)"", ""source_cpi_series_code"": ""IMF|ACCESS_SHARING_LEVEL=PUBLIC_OPEN|COICOP_1999=_T|COMMON_REFERENCE_PERIOD=2023M12|FREQUENCY=M|IFS_FLAG=true|INDEX_TYPE=CPI|OVERLAP=OL|SCALE=0|SECURITY_CLASSIFICATION=PUB|TYPE_OF_TRANSFORMATION=IX|aggregation=quarterly_mean""}"
IRL,inflation_consumer_prices_yoy_pct_quarterly_imf,2022-Q2,quarterly,7.995319812792534,\N,derived,IMF_CPI,derived_yoy:IMF|ACCESS_SHARING_LEVEL=PUBLIC_OPEN|COICOP_1999=_T|COMMON_REFERENCE_PERIOD=2023M12|FREQUENCY=M|IFS_FLAG=true|INDEX_TYPE=CPI|OVERLAP=OL|SCALE=0|SECURITY_CLASSIFICATION=PUB|TYPE_OF_TRANSFORMATION=IX|aggregation=quarterly_mean,\N,"{""comparison_period"": ""2021-Q2"", ""formula"": ""100 * (quarterly_mean_cpi / same_quarter_prior_year_mean_cpi - 1)"", ""source_cpi_series_code"": ""IMF|ACCESS_SHARING_LEVEL=PUBLIC_OPEN|COICOP_1999=_T|COMMON_REFERENCE_PERIOD=2023M12|FREQUENCY=M|IFS_FLAG=true|INDEX_TYPE=CPI|OVERLAP=OL|SCALE=0|SECURITY_CLASSIFICATION=PUB|TYPE_OF_TRANSFORMATION=IX|aggregation=quarterly_mean""}"
IRL,inflation_consumer_prices_yoy_pct_quarterly_imf,2022-Q3,quarterly,8.680555555555557,\N,derived,IMF_CPI,derived_yoy:IMF|ACCESS_SHARING_LEVEL=PUBLIC_OPEN|COICOP_1999=_T|COMMON_REFERENCE_PERIOD=2023M12|FREQUENCY=M|IFS_FLAG=true|INDEX_TYPE=CPI|OVERLAP=OL|SCALE=0|SECURITY_CLASSIFICATION=PUB|TYPE_OF_TRANSFORMATION=IX|aggregation=quarterly_mean,\N,"{""comparison_period"": ""2021-Q3"", ""formula"": ""100 * (quarterly_mean_cpi / same_quarter_prior_year_mean_cpi - 1)"", ""source_cpi_series_code"": ""IMF|ACCESS_SHARING_LEVEL=PUBLIC_OPEN|COICOP_1999=_T|COMMON_REFERENCE_PERIOD=2023M12|FREQUENCY=M|IFS_FLAG=true|INDEX_TYPE=CPI|OVERLAP=OL|SCALE=0|SECURITY_CLASSIFICATION=PUB|TYPE_OF_TRANSFORMATION=IX|aggregation=quarterly_mean""}"
IRL,inflation_consumer_prices_yoy_pct_quarterly_imf,2022-Q4,quarterly,8.797876374668157,\N,derived,IMF_CPI,derived_yoy:IMF|ACCESS_SHARING_LEVEL=PUBLIC_OPEN|COICOP_1999=_T|COMMON_REFERENCE_PERIOD=2023M12|FREQUENCY=M|IFS_FLAG=true|INDEX_TYPE=CPI|OVERLAP=OL|SCALE=0|SECURITY_CLASSIFICATION=PUB|TYPE_OF_TRANSFORMATION=IX|aggregation=quarterly_mean,\N,"{""comparison_period"": ""2021-Q4"", ""formula"": ""100 * (quarterly_mean_cpi / same_quarter_prior_year_mean_cpi - 1)"", ""source_cpi_series_code"": ""IMF|ACCESS_SHARING_LEVEL=PUBLIC_OPEN|COICOP_1999=_T|COMMON_REFERENCE_PERIOD=2023M12|FREQUENCY=M|IFS_FLAG=true|INDEX_TYPE=CPI|OVERLAP=OL|SCALE=0|SECURITY_CLASSIFICATION=PUB|TYPE_OF_TRANSFORMATION=IX|aggregation=quarterly_mean""}"
IRN,inflation_consumer_prices_yoy_pct_quarterly_imf,2022-Q1,quarterly,35.306867442390995,\N,derived,IMF_CPI,derived_yoy:IMF|ACCESS_SHARING_LEVEL=PUBLIC_OPEN|COICOP_1999=_T|COMMON_REFERENCE_PERIOD=2021A|FREQUENCY=M|IFS_FLAG=true|INDEX_TYPE=CPI|OVERLAP=OL|SCALE=0|SECURITY_CLASSIFICATION=PUB|TYPE_OF_TRANSFORMATION=IX|aggregation=quarterly_mean,\N,"{""comparison_period"": ""2021-Q1"", ""formula"": ""100 * (quarterly_mean_cpi / same_quarter_prior_year_mean_cpi - 1)"", ""source_cpi_series_code"": ""IMF|ACCESS_SHARING_LEVEL=PUBLIC_OPEN|COICOP_1999=_T|COMMON_REFERENCE_PERIOD=2021A|FREQUENCY=M|IFS_FLAG=true|INDEX_TYPE=CPI|OVERLAP=OL|SCALE=0|SECURITY_CLASSIFICATION=PUB|TYPE_OF_TRANSFORMATION=IX|aggregation=quarterly_mean""}"
IRN,inflation_consumer_prices_yoy_pct_quarterly_imf,2022-Q2,quarterly,41.79284409584201,\N,derived,IMF_CPI,derived_yoy:IMF|ACCESS_SHARING_LEVEL=PUBLIC_OPEN|COICOP_1999=_T|COMMON_REFERENCE_PERIOD=2021A|FREQUENCY=M|IFS_FLAG=true|INDEX_TYPE=CPI|OVERLAP=OL|SCALE=0|SECURITY_CLASSIFICATION=PUB|TYPE_OF_TRANSFORMATION=IX|aggregation=quarterly_mean,\N,"{""comparison_period"": ""2021-Q2"", ""formula"": ""100 * (quarterly_mean_cpi / same_quarter_prior_year_mean_cpi - 1)"", ""source_cpi_series_code"": ""IMF|ACCESS_SHARING_LEVEL=PUBLIC_OPEN|COICOP_1999=_T|COMMON_REFERENCE_PERIOD=2021A|FREQUENCY=M|IFS_FLAG=true|INDEX_TYPE=CPI|OVERLAP=OL|SCALE=0|SECURITY_CLASSIFICATION=PUB|TYPE_OF_TRANSFORMATION=IX|aggregation=quarterly_mean""}"
IRN,inflation_consumer_prices_yoy_pct_quarterly_imf,2022-Q3,quarterly,49.56882810193866,\N,derived,IMF_CPI,derived_yoy:IMF|ACCESS_SHARING_LEVEL=PUBLIC_OPEN|COICOP_1999=_T|COMMON_REFERENCE_PERIOD=2021A|FREQUENCY=M|IFS_FLAG=true|INDEX_TYPE=CPI|OVERLAP=OL|SCALE=0|SECURITY_CLASSIFICATION=PUB|TYPE_OF_TRANSFORMATION=IX|aggregation=quarterly_mean,\N,"{""comparison_period"": ""2021-Q3"", ""formula"": ""100 * (quarterly_mean_cpi / same_quarter_prior_year_mean_cpi - 1)"", ""source_cpi_series_code"": ""IMF|ACCESS_SHARING_LEVEL=PUBLIC_OPEN|COICOP_1999=_T|COMMON_REFERENCE_PERIOD=2021A|FREQUENCY=M|IFS_FLAG=true|INDEX_TYPE=CPI|OVERLAP=OL|SCALE=0|SECURITY_CLASSIFICATION=PUB|TYPE_OF_TRANSFORMATION=IX|aggregation=quarterly_mean""}"
IRN,inflation_consumer_prices_yoy_pct_quarterly_imf,2022-Q4,quarterly,45.791274746932096,\N,derived,IMF_CPI,derived_yoy:IMF|ACCESS_SHARING_LEVEL=PUBLIC_OPEN|COICOP_1999=_T|COMMON_REFERENCE_PERIOD=2021A|FREQUENCY=M|IFS_FLAG=true|INDEX_TYPE=CPI|OVERLAP=OL|SCALE=0|SECURITY_CLASSIFICATION=PUB|TYPE_OF_TRANSFORMATION=IX|aggregation=quarterly_mean,\N,"{""comparison_period"": ""2021-Q4"", ""formula"": ""100 * (quarterly_mean_cpi / same_quarter_prior_year_mean_cpi - 1)"", ""source_cpi_series_code"": ""IMF|ACCESS_SHARING_LEVEL=PUBLIC_OPEN|COICOP_1999=_T|COMMON_REFERENCE_PERIOD=2021A|FREQUENCY=M|IFS_FLAG=true|INDEX_TYPE=CPI|OVERLAP=OL|SCALE=0|SECURITY_CLASSIFICATION=PUB|TYPE_OF_TRANSFORMATION=IX|aggregation=quarterly_mean""}"
IRQ,inflation_consumer_prices_yoy_pct_quarterly_imf,2022-Q1,quarterly,5.2023121387283044,\N,derived,IMF_CPI,derived_yoy:IMF|ACCESS_SHARING_LEVEL=PUBLIC_OPEN|COICOP_1999=_T|COMMON_REFERENCE_PERIOD=2022A|FREQUENCY=M|IFS_FLAG=true|INDEX_TYPE=CPI|OVERLAP=OL|SCALE=0|SECURITY_CLASSIFICATION=PUB|TYPE_OF_TRANSFORMATION=IX|aggregation=quarterly_mean,\N,"{""comparison_period"": ""2021-Q1"", ""formula"": ""100 * (quarterly_mean_cpi / same_quarter_prior_year_mean_cpi - 1)"", ""source_cpi_series_code"": ""IMF|ACCESS_SHARING_LEVEL=PUBLIC_OPEN|COICOP_1999=_T|COMMON_REFERENCE_PERIOD=2022A|FREQUENCY=M|IFS_FLAG=true|INDEX_TYPE=CPI|OVERLAP=OL|SCALE=0|SECURITY_CLASSIFICATION=PUB|TYPE_OF_TRANSFORMATION=IX|aggregation=quarterly_mean""}"
IRQ,inflation_consumer_prices_yoy_pct_quarterly_imf,2022-Q2,quarterly,5.393190720096386,\N,derived,IMF_CPI,derived_yoy:IMF|ACCESS_SHARING_LEVEL=PUBLIC_OPEN|COICOP_1999=_T|COMMON_REFERENCE_PERIOD=2022A|FREQUENCY=M|IFS_FLAG=true|INDEX_TYPE=CPI|OVERLAP=OL|SCALE=0|SECURITY_CLASSIFICATION=PUB|TYPE_OF_TRANSFORMATION=IX|aggregation=quarterly_mean,\N,"{""comparison_period"": ""2021-Q2"", ""formula"": ""100 * (quarterly_mean_cpi / same_quarter_prior_year_mean_cpi - 1)"", ""source_cpi_series_code"": ""IMF|ACCESS_SHARING_LEVEL=PUBLIC_OPEN|COICOP_1999=_T|COMMON_REFERENCE_PERIOD=2022A|FREQUENCY=M|IFS_FLAG=true|INDEX_TYPE=CPI|OVERLAP=OL|SCALE=0|SECURITY_CLASSIFICATION=PUB|TYPE_OF_TRANSFORMATION=IX|aggregation=quarterly_mean""}"
IRQ,inflation_consumer_prices_yoy_pct_quarterly_imf,2022-Q3,quarterly,5.041518386714139,\N,derived,IMF_CPI,derived_yoy:IMF|ACCESS_SHARING_LEVEL=PUBLIC_OPEN|COICOP_1999=_T|COMMON_REFERENCE_PERIOD=2022A|FREQUENCY=M|IFS_FLAG=true|INDEX_TYPE=CPI|OVERLAP=OL|SCALE=0|SECURITY_CLASSIFICATION=PUB|TYPE_OF_TRANSFORMATION=IX|aggregation=quarterly_mean,\N,"{""comparison_period"": ""2021-Q3"", ""formula"": ""100 * (quarterly_mean_cpi / same_quarter_prior_year_mean_cpi - 1)"", ""source_cpi_series_code"": ""IMF|ACCESS_SHARING_LEVEL=PUBLIC_OPEN|COICOP_1999=_T|COMMON_REFERENCE_PERIOD=2022A|FREQUENCY=M|IFS_FLAG=true|INDEX_TYPE=CPI|OVERLAP=OL|SCALE=0|SECURITY_CLASSIFICATION=PUB|TYPE_OF_TRANSFORMATION=IX|aggregation=quarterly_mean""}"
IRQ,inflation_consumer_prices_yoy_pct_quarterly_imf,2022-Q4,quarterly,4.35806831566552,\N,derived,IMF_CPI,derived_yoy:IMF|ACCESS_SHARING_LEVEL=PUBLIC_OPEN|COICOP_1999=_T|COMMON_REFERENCE_PERIOD=2022A|FREQUENCY=M|IFS_FLAG=true|INDEX_TYPE=CPI|OVERLAP=OL|SCALE=0|SECURITY_CLASSIFICATION=PUB|TYPE_OF_TRANSFORMATION=IX|aggregation=quarterly_mean,\N,"{""comparison_period"": ""2021-Q4"", ""formula"": ""100 * (quarterly_mean_cpi / same_quarter_prior_year_mean_cpi - 1)"", ""source_cpi_series_code"": ""IMF|ACCESS_SHARING_LEVEL=PUBLIC_OPEN|COICOP_1999=_T|COMMON_REFERENCE_PERIOD=2022A|FREQUENCY=M|IFS_FLAG=true|INDEX_TYPE=CPI|OVERLAP=OL|SCALE=0|SECURITY_CLASSIFICATION=PUB|TYPE_OF_TRANSFORMATION=IX|aggregation=quarterly_mean""}"
ISL,inflation_consumer_prices_yoy_pct_quarterly_imf,2022-Q1,quarterly,6.181468212512509,\N,derived,IMF_CPI,derived_yoy:IMF|ACCESS_SHARING_LEVEL=PUBLIC_OPEN|COICOP_1999=_T|COMMON_REFERENCE_PERIOD=2025M12|FREQUENCY=M|IFS_FLAG=true|INDEX_TYPE=CPI|OVERLAP=OL|SCALE=0|SECURITY_CLASSIFICATION=PUB|TYPE_OF_TRANSFORMATION=IX|aggregation=quarterly_mean,\N,"{""comparison_period"": ""2021-Q1"", ""formula"": ""100 * (quarterly_mean_cpi / same_quarter_prior_year_mean_cpi - 1)"", ""source_cpi_series_code"": ""IMF|ACCESS_SHARING_LEVEL=PUBLIC_OPEN|COICOP_1999=_T|COMMON_REFERENCE_PERIOD=2025M12|FREQUENCY=M|IFS_FLAG=true|INDEX_TYPE=CPI|OVERLAP=OL|SCALE=0|SECURITY_CLASSIFICATION=PUB|TYPE_OF_TRANSFORMATION=IX|aggregation=quarterly_mean""}"
ISL,inflation_consumer_prices_yoy_pct_quarterly_imf,2022-Q2,quarterly,7.881447938817399,\N,derived,IMF_CPI,derived_yoy:IMF|ACCESS_SHARING_LEVEL=PUBLIC_OPEN|COICOP_1999=_T|COMMON_REFERENCE_PERIOD=2025M12|FREQUENCY=M|IFS_FLAG=true|INDEX_TYPE=CPI|OVERLAP=OL|SCALE=0|SECURITY_CLASSIFICATION=PUB|TYPE_OF_TRANSFORMATION=IX|aggregation=quarterly_mean,\N,"{""comparison_period"": ""2021-Q2"", ""formula"": ""100 * (quarterly_mean_cpi / same_quarter_prior_year_mean_cpi - 1)"", ""source_cpi_series_code"": ""IMF|ACCESS_SHARING_LEVEL=PUBLIC_OPEN|COICOP_1999=_T|COMMON_REFERENCE_PERIOD=2025M12|FREQUENCY=M|IFS_FLAG=true|INDEX_TYPE=CPI|OVERLAP=OL|SCALE=0|SECURITY_CLASSIFICATION=PUB|TYPE_OF_TRANSFORMATION=IX|aggregation=quarterly_mean""}"
ISL,inflation_consumer_prices_yoy_pct_quarterly_imf,2022-Q3,quarterly,9.666828535865157,\N,derived,IMF_CPI,derived_yoy:IMF|ACCESS_SHARING_LEVEL=PUBLIC_OPEN|COICOP_1999=_T|COMMON_REFERENCE_PERIOD=2025M12|FREQUENCY=M|IFS_FLAG=true|INDEX_TYPE=CPI|OVERLAP=OL|SCALE=0|SECURITY_CLASSIFICATION=PUB|TYPE_OF_TRANSFORMATION=IX|aggregation=quarterly_mean,\N,"{""comparison_period"": ""2021-Q3"", ""formula"": ""100 * (quarterly_mean_cpi / same_quarter_prior_year_mean_cpi - 1)"", ""source_cpi_series_code"": ""IMF|ACCESS_SHARING_LEVEL=PUBLIC_OPEN|COICOP_1999=_T|COMMON_REFERENCE_PERIOD=2025M12|FREQUENCY=M|IFS_FLAG=true|INDEX_TYPE=CPI|OVERLAP=OL|SCALE=0|SECURITY_CLASSIFICATION=PUB|TYPE_OF_TRANSFORMATION=IX|aggregation=quarterly_mean""}"
ISL,inflation_consumer_prices_yoy_pct_quarterly_imf,2022-Q4,quarterly,9.431237354059906,\N,derived,IMF_CPI,derived_yoy:IMF|ACCESS_SHARING_LEVEL=PUBLIC_OPEN|COICOP_1999=_T|COMMON_REFERENCE_PERIOD=2025M12|FREQUENCY=M|IFS_FLAG=true|INDEX_TYPE=CPI|OVERLAP=OL|SCALE=0|SECURITY_CLASSIFICATION=PUB|TYPE_OF_TRANSFORMATION=IX|aggregation=quarterly_mean,\N,"{""comparison_period"": ""2021-Q4"", ""formula"": ""100 * (quarterly_mean_cpi / same_quarter_prior_year_mean_cpi - 1)"", ""source_cpi_series_code"": ""IMF|ACCESS_SHARING_LEVEL=PUBLIC_OPEN|COICOP_1999=_T|COMMON_REFERENCE_PERIOD=2025M12|FREQUENCY=M|IFS_FLAG=true|INDEX_TYPE=CPI|OVERLAP=OL|SCALE=0|SECURITY_CLASSIFICATION=PUB|TYPE_OF_TRANSFORMATION=IX|aggregation=quarterly_mean""}"
ISR,inflation_consumer_prices_yoy_pct_quarterly_imf,2022-Q1,quarterly,3.410382720727556,\N,derived,IMF_CPI,derived_yoy:IMF|ACCESS_SHARING_LEVEL=PUBLIC_OPEN|COICOP_1999=_T|COMMON_REFERENCE_PERIOD=2024A|FREQUENCY=M|IFS_FLAG=true|INDEX_TYPE=CPI|OVERLAP=OL|SCALE=0|SECURITY_CLASSIFICATION=PUB|TYPE_OF_TRANSFORMATION=IX|aggregation=quarterly_mean,\N,"{""comparison_period"": ""2021-Q1"", ""formula"": ""100 * (quarterly_mean_cpi / same_quarter_prior_year_mean_cpi - 1)"", ""source_cpi_series_code"": ""IMF|ACCESS_SHARING_LEVEL=PUBLIC_OPEN|COICOP_1999=_T|COMMON_REFERENCE_PERIOD=2024A|FREQUENCY=M|IFS_FLAG=true|INDEX_TYPE=CPI|OVERLAP=OL|SCALE=0|SECURITY_CLASSIFICATION=PUB|TYPE_OF_TRANSFORMATION=IX|aggregation=quarterly_mean""}"
ISR,inflation_consumer_prices_yoy_pct_quarterly_imf,2022-Q2,quarterly,4.197901049475283,\N,derived,IMF_CPI,derived_yoy:IMF|ACCESS_SHARING_LEVEL=PUBLIC_OPEN|COICOP_1999=_T|COMMON_REFERENCE_PERIOD=2024A|FREQUENCY=M|IFS_FLAG=true|INDEX_TYPE=CPI|OVERLAP=OL|SCALE=0|SECURITY_CLASSIFICATION=PUB|TYPE_OF_TRANSFORMATION=IX|aggregation=quarterly_mean,\N,"{""comparison_period"": ""2021-Q2"", ""formula"": ""100 * (quarterly_mean_cpi / same_quarter_prior_year_mean_cpi - 1)"", ""source_cpi_series_code"": ""IMF|ACCESS_SHARING_LEVEL=PUBLIC_OPEN|COICOP_1999=_T|COMMON_REFERENCE_PERIOD=2024A|FREQUENCY=M|IFS_FLAG=true|INDEX_TYPE=CPI|OVERLAP=OL|SCALE=0|SECURITY_CLASSIFICATION=PUB|TYPE_OF_TRANSFORMATION=IX|aggregation=quarterly_mean""}"
ISR,inflation_consumer_prices_yoy_pct_quarterly_imf,2022-Q3,quarterly,4.756596060943874,\N,derived,IMF_CPI,derived_yoy:IMF|ACCESS_SHARING_LEVEL=PUBLIC_OPEN|COICOP_1999=_T|COMMON_REFERENCE_PERIOD=2024A|FREQUENCY=M|IFS_FLAG=true|INDEX_TYPE=CPI|OVERLAP=OL|SCALE=0|SECURITY_CLASSIFICATION=PUB|TYPE_OF_TRANSFORMATION=IX|aggregation=quarterly_mean,\N,"{""comparison_period"": ""2021-Q3"", ""formula"": ""100 * (quarterly_mean_cpi / same_quarter_prior_year_mean_cpi - 1)"", ""source_cpi_series_code"": ""IMF|ACCESS_SHARING_LEVEL=PUBLIC_OPEN|COICOP_1999=_T|COMMON_REFERENCE_PERIOD=2024A|FREQUENCY=M|IFS_FLAG=true|INDEX_TYPE=CPI|OVERLAP=OL|SCALE=0|SECURITY_CLASSIFICATION=PUB|TYPE_OF_TRANSFORMATION=IX|aggregation=quarterly_mean""}"
ISR,inflation_consumer_prices_yoy_pct_quarterly_imf,2022-Q4,quarterly,5.2573121066271655,\N,derived,IMF_CPI,derived_yoy:IMF|ACCESS_SHARING_LEVEL=PUBLIC_OPEN|COICOP_1999=_T|COMMON_REFERENCE_PERIOD=2024A|FREQUENCY=M|IFS_FLAG=true|INDEX_TYPE=CPI|OVERLAP=OL|SCALE=0|SECURITY_CLASSIFICATION=PUB|TYPE_OF_TRANSFORMATION=IX|aggregation=quarterly_mean,\N,"{""comparison_period"": ""2021-Q4"", ""formula"": ""100 * (quarterly_mean_cpi / same_quarter_prior_year_mean_cpi - 1)"", ""source_cpi_series_code"": ""IMF|ACCESS_SHARING_LEVEL=PUBLIC_OPEN|COICOP_1999=_T|COMMON_REFERENCE_PERIOD=2024A|FREQUENCY=M|IFS_FLAG=true|INDEX_TYPE=CPI|OVERLAP=OL|SCALE=0|SECURITY_CLASSIFICATION=PUB|TYPE_OF_TRANSFORMATION=IX|aggregation=quarterly_mean""}"
ITA,inflation_consumer_prices_yoy_pct_quarterly_imf,2022-Q1,quarterly,5.670099835264142,\N,derived,IMF_CPI,derived_yoy:IMF|ACCESS_SHARING_LEVEL=PUBLIC_OPEN|COICOP_1999=_T|COMMON_REFERENCE_PERIOD=2025A|FREQUENCY=M|IFS_FLAG=true|INDEX_TYPE=CPI|OVERLAP=OL|SCALE=0|SECURITY_CLASSIFICATION=PUB|TYPE_OF_TRANSFORMATION=IX|aggregation=quarterly_mean,\N,"{""comparison_period"": ""2021-Q1"", ""formula"": ""100 * (quarterly_mean_cpi / same_quarter_prior_year_mean_cpi - 1)"", ""source_cpi_series_code"": ""IMF|ACCESS_SHARING_LEVEL=PUBLIC_OPEN|COICOP_1999=_T|COMMON_REFERENCE_PERIOD=2025A|FREQUENCY=M|IFS_FLAG=true|INDEX_TYPE=CPI|OVERLAP=OL|SCALE=0|SECURITY_CLASSIFICATION=PUB|TYPE_OF_TRANSFORMATION=IX|aggregation=quarterly_mean""}"
ITA,inflation_consumer_prices_yoy_pct_quarterly_imf,2022-Q2,quarterly,6.9142161056526374,\N,derived,IMF_CPI,derived_yoy:IMF|ACCESS_SHARING_LEVEL=PUBLIC_OPEN|COICOP_1999=_T|COMMON_REFERENCE_PERIOD=2025A|FREQUENCY=M|IFS_FLAG=true|INDEX_TYPE=CPI|OVERLAP=OL|SCALE=0|SECURITY_CLASSIFICATION=PUB|TYPE_OF_TRANSFORMATION=IX|aggregation=quarterly_mean,\N,"{""comparison_period"": ""2021-Q2"", ""formula"": ""100 * (quarterly_mean_cpi / same_quarter_prior_year_mean_cpi - 1)"", ""source_cpi_series_code"": ""IMF|ACCESS_SHARING_LEVEL=PUBLIC_OPEN|COICOP_1999=_T|COMMON_REFERENCE_PERIOD=2025A|FREQUENCY=M|IFS_FLAG=true|INDEX_TYPE=CPI|OVERLAP=OL|SCALE=0|SECURITY_CLASSIFICATION=PUB|TYPE_OF_TRANSFORMATION=IX|aggregation=quarterly_mean""}"
ITA,inflation_consumer_prices_yoy_pct_quarterly_imf,2022-Q3,quarterly,8.388940958068902,\N,derived,IMF_CPI,derived_yoy:IMF|ACCESS_SHARING_LEVEL=PUBLIC_OPEN|COICOP_1999=_T|COMMON_REFERENCE_PERIOD=2025A|FREQUENCY=M|IFS_FLAG=true|INDEX_TYPE=CPI|OVERLAP=OL|SCALE=0|SECURITY_CLASSIFICATION=PUB|TYPE_OF_TRANSFORMATION=IX|aggregation=quarterly_mean,\N,"{""comparison_period"": ""2021-Q3"", ""formula"": ""100 * (quarterly_mean_cpi / same_quarter_prior_year_mean_cpi - 1)"", ""source_cpi_series_code"": ""IMF|ACCESS_SHARING_LEVEL=PUBLIC_OPEN|COICOP_1999=_T|COMMON_REFERENCE_PERIOD=2025A|FREQUENCY=M|IFS_FLAG=true|INDEX_TYPE=CPI|OVERLAP=OL|SCALE=0|SECURITY_CLASSIFICATION=PUB|TYPE_OF_TRANSFORMATION=IX|aggregation=quarterly_mean""}"
ITA,inflation_consumer_prices_yoy_pct_quarterly_imf,2022-Q4,quarterly,11.746231397644657,\N,derived,IMF_CPI,derived_yoy:IMF|ACCESS_SHARING_LEVEL=PUBLIC_OPEN|COICOP_1999=_T|COMMON_REFERENCE_PERIOD=2025A|FREQUENCY=M|IFS_FLAG=true|INDEX_TYPE=CPI|OVERLAP=OL|SCALE=0|SECURITY_CLASSIFICATION=PUB|TYPE_OF_TRANSFORMATION=IX|aggregation=quarterly_mean,\N,"{""comparison_period"": ""2021-Q4"", ""formula"": ""100 * (quarterly_mean_cpi / same_quarter_prior_year_mean_cpi - 1)"", ""source_cpi_series_code"": ""IMF|ACCESS_SHARING_LEVEL=PUBLIC_OPEN|COICOP_1999=_T|COMMON_REFERENCE_PERIOD=2025A|FREQUENCY=M|IFS_FLAG=true|INDEX_TYPE=CPI|OVERLAP=OL|SCALE=0|SECURITY_CLASSIFICATION=PUB|TYPE_OF_TRANSFORMATION=IX|aggregation=quarterly_mean""}"
JAM,inflation_consumer_prices_yoy_pct_quarterly_imf,2022-Q1,quarterly,10.55256703021421,\N,derived,IMF_CPI,derived_yoy:IMF|ACCESS_SHARING_LEVEL=PUBLIC_OPEN|COICOP_1999=_T|COMMON_REFERENCE_PERIOD=2019A|FREQUENCY=M|IFS_FLAG=true|INDEX_TYPE=CPI|OVERLAP=OL|SCALE=0|SECURITY_CLASSIFICATION=PUB|TYPE_OF_TRANSFORMATION=IX|aggregation=quarterly_mean,\N,"{""comparison_period"": ""2021-Q1"", ""formula"": ""100 * (quarterly_mean_cpi / same_quarter_prior_year_mean_cpi - 1)"", ""source_cpi_series_code"": ""IMF|ACCESS_SHARING_LEVEL=PUBLIC_OPEN|COICOP_1999=_T|COMMON_REFERENCE_PERIOD=2019A|FREQUENCY=M|IFS_FLAG=true|INDEX_TYPE=CPI|OVERLAP=OL|SCALE=0|SECURITY_CLASSIFICATION=PUB|TYPE_OF_TRANSFORMATION=IX|aggregation=quarterly_mean""}"
JAM,inflation_consumer_prices_yoy_pct_quarterly_imf,2022-Q2,quarterly,11.209800918836166,\N,derived,IMF_CPI,derived_yoy:IMF|ACCESS_SHARING_LEVEL=PUBLIC_OPEN|COICOP_1999=_T|COMMON_REFERENCE_PERIOD=2019A|FREQUENCY=M|IFS_FLAG=true|INDEX_TYPE=CPI|OVERLAP=OL|SCALE=0|SECURITY_CLASSIFICATION=PUB|TYPE_OF_TRANSFORMATION=IX|aggregation=quarterly_mean,\N,"{""comparison_period"": ""2021-Q2"", ""formula"": ""100 * (quarterly_mean_cpi / same_quarter_prior_year_mean_cpi - 1)"", ""source_cpi_series_code"": ""IMF|ACCESS_SHARING_LEVEL=PUBLIC_OPEN|COICOP_1999=_T|COMMON_REFERENCE_PERIOD=2019A|FREQUENCY=M|IFS_FLAG=true|INDEX_TYPE=CPI|OVERLAP=OL|SCALE=0|SECURITY_CLASSIFICATION=PUB|TYPE_OF_TRANSFORMATION=IX|aggregation=quarterly_mean""}"
JAM,inflation_consumer_prices_yoy_pct_quarterly_imf,2022-Q3,quarterly,9.864146485528646,\N,derived,IMF_CPI,derived_yoy:IMF|ACCESS_SHARING_LEVEL=PUBLIC_OPEN|COICOP_1999=_T|COMMON_REFERENCE_PERIOD=2019A|FREQUENCY=M|IFS_FLAG=true|INDEX_TYPE=CPI|OVERLAP=OL|SCALE=0|SECURITY_CLASSIFICATION=PUB|TYPE_OF_TRANSFORMATION=IX|aggregation=quarterly_mean,\N,"{""comparison_period"": ""2021-Q3"", ""formula"": ""100 * (quarterly_mean_cpi / same_quarter_prior_year_mean_cpi - 1)"", ""source_cpi_series_code"": ""IMF|ACCESS_SHARING_LEVEL=PUBLIC_OPEN|COICOP_1999=_T|COMMON_REFERENCE_PERIOD=2019A|FREQUENCY=M|IFS_FLAG=true|INDEX_TYPE=CPI|OVERLAP=OL|SCALE=0|SECURITY_CLASSIFICATION=PUB|TYPE_OF_TRANSFORMATION=IX|aggregation=quarterly_mean""}"
JAM,inflation_consumer_prices_yoy_pct_quarterly_imf,2022-Q4,quarterly,9.828080229226366,\N,derived,IMF_CPI,derived_yoy:IMF|ACCESS_SHARING_LEVEL=PUBLIC_OPEN|COICOP_1999=_T|COMMON_REFERENCE_PERIOD=2019A|FREQUENCY=M|IFS_FLAG=true|INDEX_TYPE=CPI|OVERLAP=OL|SCALE=0|SECURITY_CLASSIFICATION=PUB|TYPE_OF_TRANSFORMATION=IX|aggregation=quarterly_mean,\N,"{""comparison_period"": ""2021-Q4"", ""formula"": ""100 * (quarterly_mean_cpi / same_quarter_prior_year_mean_cpi - 1)"", ""source_cpi_series_code"": ""IMF|ACCESS_SHARING_LEVEL=PUBLIC_OPEN|COICOP_1999=_T|COMMON_REFERENCE_PERIOD=2019A|FREQUENCY=M|IFS_FLAG=true|INDEX_TYPE=CPI|OVERLAP=OL|SCALE=0|SECURITY_CLASSIFICATION=PUB|TYPE_OF_TRANSFORMATION=IX|aggregation=quarterly_mean""}"
JOR,inflation_consumer_prices_yoy_pct_quarterly_imf,2022-Q1,quarterly,2.2934862470163297,\N,derived,IMF_CPI,derived_yoy:IMF|ACCESS_SHARING_LEVEL=PUBLIC_OPEN|COICOP_1999=_T|COMMON_REFERENCE_PERIOD=2018A|FREQUENCY=M|IFS_FLAG=true|INDEX_TYPE=CPI|OVERLAP=OL|SCALE=0|SECURITY_CLASSIFICATION=PUB|TYPE_OF_TRANSFORMATION=IX|aggregation=quarterly_mean,\N,"{""comparison_period"": ""2021-Q1"", ""formula"": ""100 * (quarterly_mean_cpi / same_quarter_prior_year_mean_cpi - 1)"", ""source_cpi_series_code"": ""IMF|ACCESS_SHARING_LEVEL=PUBLIC_OPEN|COICOP_1999=_T|COMMON_REFERENCE_PERIOD=2018A|FREQUENCY=M|IFS_FLAG=true|INDEX_TYPE=CPI|OVERLAP=OL|SCALE=0|SECURITY_CLASSIFICATION=PUB|TYPE_OF_TRANSFORMATION=IX|aggregation=quarterly_mean""}"
JOR,inflation_consumer_prices_yoy_pct_quarterly_imf,2022-Q2,quarterly,4.384509788803825,\N,derived,IMF_CPI,derived_yoy:IMF|ACCESS_SHARING_LEVEL=PUBLIC_OPEN|COICOP_1999=_T|COMMON_REFERENCE_PERIOD=2018A|FREQUENCY=M|IFS_FLAG=true|INDEX_TYPE=CPI|OVERLAP=OL|SCALE=0|SECURITY_CLASSIFICATION=PUB|TYPE_OF_TRANSFORMATION=IX|aggregation=quarterly_mean,\N,"{""comparison_period"": ""2021-Q2"", ""formula"": ""100 * (quarterly_mean_cpi / same_quarter_prior_year_mean_cpi - 1)"", ""source_cpi_series_code"": ""IMF|ACCESS_SHARING_LEVEL=PUBLIC_OPEN|COICOP_1999=_T|COMMON_REFERENCE_PERIOD=2018A|FREQUENCY=M|IFS_FLAG=true|INDEX_TYPE=CPI|OVERLAP=OL|SCALE=0|SECURITY_CLASSIFICATION=PUB|TYPE_OF_TRANSFORMATION=IX|aggregation=quarterly_mean""}"
JOR,inflation_consumer_prices_yoy_pct_quarterly_imf,2022-Q3,quarterly,5.36273822052753,\N,derived,IMF_CPI,derived_yoy:IMF|ACCESS_SHARING_LEVEL=PUBLIC_OPEN|COICOP_1999=_T|COMMON_REFERENCE_PERIOD=2018A|FREQUENCY=M|IFS_FLAG=true|INDEX_TYPE=CPI|OVERLAP=OL|SCALE=0|SECURITY_CLASSIFICATION=PUB|TYPE_OF_TRANSFORMATION=IX|aggregation=quarterly_mean,\N,"{""comparison_period"": ""2021-Q3"", ""formula"": ""100 * (quarterly_mean_cpi / same_quarter_prior_year_mean_cpi - 1)"", ""source_cpi_series_code"": ""IMF|ACCESS_SHARING_LEVEL=PUBLIC_OPEN|COICOP_1999=_T|COMMON_REFERENCE_PERIOD=2018A|FREQUENCY=M|IFS_FLAG=true|INDEX_TYPE=CPI|OVERLAP=OL|SCALE=0|SECURITY_CLASSIFICATION=PUB|TYPE_OF_TRANSFORMATION=IX|aggregation=quarterly_mean""}"
JOR,inflation_consumer_prices_yoy_pct_quarterly_imf,2022-Q4,quarterly,4.856782895916778,\N,derived,IMF_CPI,derived_yoy:IMF|ACCESS_SHARING_LEVEL=PUBLIC_OPEN|COICOP_1999=_T|COMMON_REFERENCE_PERIOD=2018A|FREQUENCY=M|IFS_FLAG=true|INDEX_TYPE=CPI|OVERLAP=OL|SCALE=0|SECURITY_CLASSIFICATION=PUB|TYPE_OF_TRANSFORMATION=IX|aggregation=quarterly_mean,\N,"{""comparison_period"": ""2021-Q4"", ""formula"": ""100 * (quarterly_mean_cpi / same_quarter_prior_year_mean_cpi - 1)"", ""source_cpi_series_code"": ""IMF|ACCESS_SHARING_LEVEL=PUBLIC_OPEN|COICOP_1999=_T|COMMON_REFERENCE_PERIOD=2018A|FREQUENCY=M|IFS_FLAG=true|INDEX_TYPE=CPI|OVERLAP=OL|SCALE=0|SECURITY_CLASSIFICATION=PUB|TYPE_OF_TRANSFORMATION=IX|aggregation=quarterly_mean""}"
JPN,inflation_consumer_prices_yoy_pct_quarterly_imf,2022-Q1,quarterly,0.8681135225375725,\N,derived,IMF_CPI,derived_yoy:IMF|ACCESS_SHARING_LEVEL=PUBLIC_OPEN|COICOP_1999=_T|COMMON_REFERENCE_PERIOD=2020A|FREQUENCY=M|IFS_FLAG=true|INDEX_TYPE=CPI|OVERLAP=OL|SCALE=0|SECURITY_CLASSIFICATION=PUB|TYPE_OF_TRANSFORMATION=IX|aggregation=quarterly_mean,\N,"{""comparison_period"": ""2021-Q1"", ""formula"": ""100 * (quarterly_mean_cpi / same_quarter_prior_year_mean_cpi - 1)"", ""source_cpi_series_code"": ""IMF|ACCESS_SHARING_LEVEL=PUBLIC_OPEN|COICOP_1999=_T|COMMON_REFERENCE_PERIOD=2020A|FREQUENCY=M|IFS_FLAG=true|INDEX_TYPE=CPI|OVERLAP=OL|SCALE=0|SECURITY_CLASSIFICATION=PUB|TYPE_OF_TRANSFORMATION=IX|aggregation=quarterly_mean""}"
JPN,inflation_consumer_prices_yoy_pct_quarterly_imf,2022-Q2,quarterly,2.382550335570488,\N,derived,IMF_CPI,derived_yoy:IMF|ACCESS_SHARING_LEVEL=PUBLIC_OPEN|COICOP_1999=_T|COMMON_REFERENCE_PERIOD=2020A|FREQUENCY=M|IFS_FLAG=true|INDEX_TYPE=CPI|OVERLAP=OL|SCALE=0|SECURITY_CLASSIFICATION=PUB|TYPE_OF_TRANSFORMATION=IX|aggregation=quarterly_mean,\N,"{""comparison_period"": ""2021-Q2"", ""formula"": ""100 * (quarterly_mean_cpi / same_quarter_prior_year_mean_cpi - 1)"", ""source_cpi_series_code"": ""IMF|ACCESS_SHARING_LEVEL=PUBLIC_OPEN|COICOP_1999=_T|COMMON_REFERENCE_PERIOD=2020A|FREQUENCY=M|IFS_FLAG=true|INDEX_TYPE=CPI|OVERLAP=OL|SCALE=0|SECURITY_CLASSIFICATION=PUB|TYPE_OF_TRANSFORMATION=IX|aggregation=quarterly_mean""}"
JPN,inflation_consumer_prices_yoy_pct_quarterly_imf,2022-Q3,quarterly,2.8714524207011705,\N,derived,IMF_CPI,derived_yoy:IMF|ACCESS_SHARING_LEVEL=PUBLIC_OPEN|COICOP_1999=_T|COMMON_REFERENCE_PERIOD=2020A|FREQUENCY=M|IFS_FLAG=true|INDEX_TYPE=CPI|OVERLAP=OL|SCALE=0|SECURITY_CLASSIFICATION=PUB|TYPE_OF_TRANSFORMATION=IX|aggregation=quarterly_mean,\N,"{""comparison_period"": ""2021-Q3"", ""formula"": ""100 * (quarterly_mean_cpi / same_quarter_prior_year_mean_cpi - 1)"", ""source_cpi_series_code"": ""IMF|ACCESS_SHARING_LEVEL=PUBLIC_OPEN|COICOP_1999=_T|COMMON_REFERENCE_PERIOD=2020A|FREQUENCY=M|IFS_FLAG=true|INDEX_TYPE=CPI|OVERLAP=OL|SCALE=0|SECURITY_CLASSIFICATION=PUB|TYPE_OF_TRANSFORMATION=IX|aggregation=quarterly_mean""}"
JPN,inflation_consumer_prices_yoy_pct_quarterly_imf,2022-Q4,quarterly,3.8653782072642473,\N,derived,IMF_CPI,derived_yoy:IMF|ACCESS_SHARING_LEVEL=PUBLIC_OPEN|COICOP_1999=_T|COMMON_REFERENCE_PERIOD=2020A|FREQUENCY=M|IFS_FLAG=true|INDEX_TYPE=CPI|OVERLAP=OL|SCALE=0|SECURITY_CLASSIFICATION=PUB|TYPE_OF_TRANSFORMATION=IX|aggregation=quarterly_mean,\N,"{""comparison_period"": ""2021-Q4"", ""formula"": ""100 * (quarterly_mean_cpi / same_quarter_prior_year_mean_cpi - 1)"", ""source_cpi_series_code"": ""IMF|ACCESS_SHARING_LEVEL=PUBLIC_OPEN|COICOP_1999=_T|COMMON_REFERENCE_PERIOD=2020A|FREQUENCY=M|IFS_FLAG=true|INDEX_TYPE=CPI|OVERLAP=OL|SCALE=0|SECURITY_CLASSIFICATION=PUB|TYPE_OF_TRANSFORMATION=IX|aggregation=quarterly_mean""}"
KAZ,inflation_consumer_prices_yoy_pct_quarterly_imf,2022-Q1,quarterly,9.743252139565506,\N,derived,IMF_CPI,derived_yoy:IMF|ACCESS_SHARING_LEVEL=PUBLIC_OPEN|COICOP_1999=_T|COMMON_REFERENCE_PERIOD=2020M12|FREQUENCY=M|IFS_FLAG=true|INDEX_TYPE=CPI|OVERLAP=OL|SCALE=0|SECURITY_CLASSIFICATION=PUB|TYPE_OF_TRANSFORMATION=IX|aggregation=quarterly_mean,\N,"{""comparison_period"": ""2021-Q1"", ""formula"": ""100 * (quarterly_mean_cpi / same_quarter_prior_year_mean_cpi - 1)"", ""source_cpi_series_code"": ""IMF|ACCESS_SHARING_LEVEL=PUBLIC_OPEN|COICOP_1999=_T|COMMON_REFERENCE_PERIOD=2020M12|FREQUENCY=M|IFS_FLAG=true|INDEX_TYPE=CPI|OVERLAP=OL|SCALE=0|SECURITY_CLASSIFICATION=PUB|TYPE_OF_TRANSFORMATION=IX|aggregation=quarterly_mean""}"
KAZ,inflation_consumer_prices_yoy_pct_quarterly_imf,2022-Q2,quarterly,13.963963963963977,\N,derived,IMF_CPI,derived_yoy:IMF|ACCESS_SHARING_LEVEL=PUBLIC_OPEN|COICOP_1999=_T|COMMON_REFERENCE_PERIOD=2020M12|FREQUENCY=M|IFS_FLAG=true|INDEX_TYPE=CPI|OVERLAP=OL|SCALE=0|SECURITY_CLASSIFICATION=PUB|TYPE_OF_TRANSFORMATION=IX|aggregation=quarterly_mean,\N,"{""comparison_period"": ""2021-Q2"", ""formula"": ""100 * (quarterly_mean_cpi / same_quarter_prior_year_mean_cpi - 1)"", ""source_cpi_series_code"": ""IMF|ACCESS_SHARING_LEVEL=PUBLIC_OPEN|COICOP_1999=_T|COMMON_REFERENCE_PERIOD=2020M12|FREQUENCY=M|IFS_FLAG=true|INDEX_TYPE=CPI|OVERLAP=OL|SCALE=0|SECURITY_CLASSIFICATION=PUB|TYPE_OF_TRANSFORMATION=IX|aggregation=quarterly_mean""}"
KAZ,inflation_consumer_prices_yoy_pct_quarterly_imf,2022-Q3,quarterly,16.356760163882768,\N,derived,IMF_CPI,derived_yoy:IMF|ACCESS_SHARING_LEVEL=PUBLIC_OPEN|COICOP_1999=_T|COMMON_REFERENCE_PERIOD=2020M12|FREQUENCY=M|IFS_FLAG=true|INDEX_TYPE=CPI|OVERLAP=OL|SCALE=0|SECURITY_CLASSIFICATION=PUB|TYPE_OF_TRANSFORMATION=IX|aggregation=quarterly_mean,\N,"{""comparison_period"": ""2021-Q3"", ""formula"": ""100 * (quarterly_mean_cpi / same_quarter_prior_year_mean_cpi - 1)"", ""source_cpi_series_code"": ""IMF|ACCESS_SHARING_LEVEL=PUBLIC_OPEN|COICOP_1999=_T|COMMON_REFERENCE_PERIOD=2020M12|FREQUENCY=M|IFS_FLAG=true|INDEX_TYPE=CPI|OVERLAP=OL|SCALE=0|SECURITY_CLASSIFICATION=PUB|TYPE_OF_TRANSFORMATION=IX|aggregation=quarterly_mean""}"
KAZ,inflation_consumer_prices_yoy_pct_quarterly_imf,2022-Q4,quarterly,19.585396039603943,\N,derived,IMF_CPI,derived_yoy:IMF|ACCESS_SHARING_LEVEL=PUBLIC_OPEN|COICOP_1999=_T|COMMON_REFERENCE_PERIOD=2020M12|FREQUENCY=M|IFS_FLAG=true|INDEX_TYPE=CPI|OVERLAP=OL|SCALE=0|SECURITY_CLASSIFICATION=PUB|TYPE_OF_TRANSFORMATION=IX|aggregation=quarterly_mean,\N,"{""comparison_period"": ""2021-Q4"", ""formula"": ""100 * (quarterly_mean_cpi / same_quarter_prior_year_mean_cpi - 1)"", ""source_cpi_series_code"": ""IMF|ACCESS_SHARING_LEVEL=PUBLIC_OPEN|COICOP_1999=_T|COMMON_REFERENCE_PERIOD=2020M12|FREQUENCY=M|IFS_FLAG=true|INDEX_TYPE=CPI|OVERLAP=OL|SCALE=0|SECURITY_CLASSIFICATION=PUB|TYPE_OF_TRANSFORMATION=IX|aggregation=quarterly_mean""}"
KEN,inflation_consumer_prices_yoy_pct_quarterly_imf,2022-Q1,quarterly,5.343570499746186,\N,derived,IMF_CPI,derived_yoy:IMF|ACCESS_SHARING_LEVEL=PUBLIC_OPEN|COICOP_1999=_T|COMMON_REFERENCE_PERIOD=2019M2|FREQUENCY=M|IFS_FLAG=true|INDEX_TYPE=CPI|OVERLAP=OL|SCALE=0|SECURITY_CLASSIFICATION=PUB|TYPE_OF_TRANSFORMATION=IX|aggregation=quarterly_mean,\N,"{""comparison_period"": ""2021-Q1"", ""formula"": ""100 * (quarterly_mean_cpi / same_quarter_prior_year_mean_cpi - 1)"", ""source_cpi_series_code"": ""IMF|ACCESS_SHARING_LEVEL=PUBLIC_OPEN|COICOP_1999=_T|COMMON_REFERENCE_PERIOD=2019M2|FREQUENCY=M|IFS_FLAG=true|INDEX_TYPE=CPI|OVERLAP=OL|SCALE=0|SECURITY_CLASSIFICATION=PUB|TYPE_OF_TRANSFORMATION=IX|aggregation=quarterly_mean""}"
KEN,inflation_consumer_prices_yoy_pct_quarterly_imf,2022-Q2,quarterly,7.1682921374460085,\N,derived,IMF_CPI,derived_yoy:IMF|ACCESS_SHARING_LEVEL=PUBLIC_OPEN|COICOP_1999=_T|COMMON_REFERENCE_PERIOD=2019M2|FREQUENCY=M|IFS_FLAG=true|INDEX_TYPE=CPI|OVERLAP=OL|SCALE=0|SECURITY_CLASSIFICATION=PUB|TYPE_OF_TRANSFORMATION=IX|aggregation=quarterly_mean,\N,"{""comparison_period"": ""2021-Q2"", ""formula"": ""100 * (quarterly_mean_cpi / same_quarter_prior_year_mean_cpi - 1)"", ""source_cpi_series_code"": ""IMF|ACCESS_SHARING_LEVEL=PUBLIC_OPEN|COICOP_1999=_T|COMMON_REFERENCE_PERIOD=2019M2|FREQUENCY=M|IFS_FLAG=true|INDEX_TYPE=CPI|OVERLAP=OL|SCALE=0|SECURITY_CLASSIFICATION=PUB|TYPE_OF_TRANSFORMATION=IX|aggregation=quarterly_mean""}"
KEN,inflation_consumer_prices_yoy_pct_quarterly_imf,2022-Q3,quarterly,8.674290982861233,\N,derived,IMF_CPI,derived_yoy:IMF|ACCESS_SHARING_LEVEL=PUBLIC_OPEN|COICOP_1999=_T|COMMON_REFERENCE_PERIOD=2019M2|FREQUENCY=M|IFS_FLAG=true|INDEX_TYPE=CPI|OVERLAP=OL|SCALE=0|SECURITY_CLASSIFICATION=PUB|TYPE_OF_TRANSFORMATION=IX|aggregation=quarterly_mean,\N,"{""comparison_period"": ""2021-Q3"", ""formula"": ""100 * (quarterly_mean_cpi / same_quarter_prior_year_mean_cpi - 1)"", ""source_cpi_series_code"": ""IMF|ACCESS_SHARING_LEVEL=PUBLIC_OPEN|COICOP_1999=_T|COMMON_REFERENCE_PERIOD=2019M2|FREQUENCY=M|IFS_FLAG=true|INDEX_TYPE=CPI|OVERLAP=OL|SCALE=0|SECURITY_CLASSIFICATION=PUB|TYPE_OF_TRANSFORMATION=IX|aggregation=quarterly_mean""}"
KEN,inflation_consumer_prices_yoy_pct_quarterly_imf,2022-Q4,quarterly,9.3756572185971,\N,derived,IMF_CPI,derived_yoy:IMF|ACCESS_SHARING_LEVEL=PUBLIC_OPEN|COICOP_1999=_T|COMMON_REFERENCE_PERIOD=2019M2|FREQUENCY=M|IFS_FLAG=true|INDEX_TYPE=CPI|OVERLAP=OL|SCALE=0|SECURITY_CLASSIFICATION=PUB|TYPE_OF_TRANSFORMATION=IX|aggregation=quarterly_mean,\N,"{""comparison_period"": ""2021-Q4"", ""formula"": ""100 * (quarterly_mean_cpi / same_quarter_prior_year_mean_cpi - 1)"", ""source_cpi_series_code"": ""IMF|ACCESS_SHARING_LEVEL=PUBLIC_OPEN|COICOP_1999=_T|COMMON_REFERENCE_PERIOD=2019M2|FREQUENCY=M|IFS_FLAG=true|INDEX_TYPE=CPI|OVERLAP=OL|SCALE=0|SECURITY_CLASSIFICATION=PUB|TYPE_OF_TRANSFORMATION=IX|aggregation=quarterly_mean""}"
KGZ,inflation_consumer_prices_yoy_pct_quarterly_imf,2022-Q1,quarterly,11.744295231317192,\N,derived,IMF_CPI,derived_yoy:IMF|ACCESS_SHARING_LEVEL=PUBLIC_OPEN|COICOP_1999=_T|COMMON_REFERENCE_PERIOD=2005A|FREQUENCY=M|IFS_FLAG=true|INDEX_TYPE=CPI|OVERLAP=OL|SCALE=0|SECURITY_CLASSIFICATION=PUB|TYPE_OF_TRANSFORMATION=IX|aggregation=quarterly_mean,\N,"{""comparison_period"": ""2021-Q1"", ""formula"": ""100 * (quarterly_mean_cpi / same_quarter_prior_year_mean_cpi - 1)"", ""source_cpi_series_code"": ""IMF|ACCESS_SHARING_LEVEL=PUBLIC_OPEN|COICOP_1999=_T|COMMON_REFERENCE_PERIOD=2005A|FREQUENCY=M|IFS_FLAG=true|INDEX_TYPE=CPI|OVERLAP=OL|SCALE=0|SECURITY_CLASSIFICATION=PUB|TYPE_OF_TRANSFORMATION=IX|aggregation=quarterly_mean""}"
KGZ,inflation_consumer_prices_yoy_pct_quarterly_imf,2022-Q2,quarterly,13.838014091374662,\N,derived,IMF_CPI,derived_yoy:IMF|ACCESS_SHARING_LEVEL=PUBLIC_OPEN|COICOP_1999=_T|COMMON_REFERENCE_PERIOD=2005A|FREQUENCY=M|IFS_FLAG=true|INDEX_TYPE=CPI|OVERLAP=OL|SCALE=0|SECURITY_CLASSIFICATION=PUB|TYPE_OF_TRANSFORMATION=IX|aggregation=quarterly_mean,\N,"{""comparison_period"": ""2021-Q2"", ""formula"": ""100 * (quarterly_mean_cpi / same_quarter_prior_year_mean_cpi - 1)"", ""source_cpi_series_code"": ""IMF|ACCESS_SHARING_LEVEL=PUBLIC_OPEN|COICOP_1999=_T|COMMON_REFERENCE_PERIOD=2005A|FREQUENCY=M|IFS_FLAG=true|INDEX_TYPE=CPI|OVERLAP=OL|SCALE=0|SECURITY_CLASSIFICATION=PUB|TYPE_OF_TRANSFORMATION=IX|aggregation=quarterly_mean""}"
KGZ,inflation_consumer_prices_yoy_pct_quarterly_imf,2022-Q3,quarterly,14.951691084697604,\N,derived,IMF_CPI,derived_yoy:IMF|ACCESS_SHARING_LEVEL=PUBLIC_OPEN|COICOP_1999=_T|COMMON_REFERENCE_PERIOD=2005A|FREQUENCY=M|IFS_FLAG=true|INDEX_TYPE=CPI|OVERLAP=OL|SCALE=0|SECURITY_CLASSIFICATION=PUB|TYPE_OF_TRANSFORMATION=IX|aggregation=quarterly_mean,\N,"{""comparison_period"": ""2021-Q3"", ""formula"": ""100 * (quarterly_mean_cpi / same_quarter_prior_year_mean_cpi - 1)"", ""source_cpi_series_code"": ""IMF|ACCESS_SHARING_LEVEL=PUBLIC_OPEN|COICOP_1999=_T|COMMON_REFERENCE_PERIOD=2005A|FREQUENCY=M|IFS_FLAG=true|INDEX_TYPE=CPI|OVERLAP=OL|SCALE=0|SECURITY_CLASSIFICATION=PUB|TYPE_OF_TRANSFORMATION=IX|aggregation=quarterly_mean""}"
KGZ,inflation_consumer_prices_yoy_pct_quarterly_imf,2022-Q4,quarterly,15.032403040747866,\N,derived,IMF_CPI,derived_yoy:IMF|ACCESS_SHARING_LEVEL=PUBLIC_OPEN|COICOP_1999=_T|COMMON_REFERENCE_PERIOD=2005A|FREQUENCY=M|IFS_FLAG=true|INDEX_TYPE=CPI|OVERLAP=OL|SCALE=0|SECURITY_CLASSIFICATION=PUB|TYPE_OF_TRANSFORMATION=IX|aggregation=quarterly_mean,\N,"{""comparison_period"": ""2021-Q4"", ""formula"": ""100 * (quarterly_mean_cpi / same_quarter_prior_year_mean_cpi - 1)"", ""source_cpi_series_code"": ""IMF|ACCESS_SHARING_LEVEL=PUBLIC_OPEN|COICOP_1999=_T|COMMON_REFERENCE_PERIOD=2005A|FREQUENCY=M|IFS_FLAG=true|INDEX_TYPE=CPI|OVERLAP=OL|SCALE=0|SECURITY_CLASSIFICATION=PUB|TYPE_OF_TRANSFORMATION=IX|aggregation=quarterly_mean""}"
KHM,inflation_consumer_prices_yoy_pct_quarterly_imf,2022-Q1,quarterly,5.870620208581645,\N,derived,IMF_CPI,derived_yoy:IMF|ACCESS_SHARING_LEVEL=PUBLIC_OPEN|COICOP_1999=_T|COMMON_REFERENCE_PERIOD=Oct - Dec 2006|FREQUENCY=M|IFS_FLAG=true|INDEX_TYPE=CPI|OVERLAP=OL|SCALE=0|SECURITY_CLASSIFICATION=PUB|TYPE_OF_TRANSFORMATION=IX|aggregation=quarterly_mean,\N,"{""comparison_period"": ""2021-Q1"", ""formula"": ""100 * (quarterly_mean_cpi / same_quarter_prior_year_mean_cpi - 1)"", ""source_cpi_series_code"": ""IMF|ACCESS_SHARING_LEVEL=PUBLIC_OPEN|COICOP_1999=_T|COMMON_REFERENCE_PERIOD=Oct - Dec 2006|FREQUENCY=M|IFS_FLAG=true|INDEX_TYPE=CPI|OVERLAP=OL|SCALE=0|SECURITY_CLASSIFICATION=PUB|TYPE_OF_TRANSFORMATION=IX|aggregation=quarterly_mean""}"
KHM,inflation_consumer_prices_yoy_pct_quarterly_imf,2022-Q2,quarterly,7.410524134185237,\N,derived,IMF_CPI,derived_yoy:IMF|ACCESS_SHARING_LEVEL=PUBLIC_OPEN|COICOP_1999=_T|COMMON_REFERENCE_PERIOD=Oct - Dec 2006|FREQUENCY=M|IFS_FLAG=true|INDEX_TYPE=CPI|OVERLAP=OL|SCALE=0|SECURITY_CLASSIFICATION=PUB|TYPE_OF_TRANSFORMATION=IX|aggregation=quarterly_mean,\N,"{""comparison_period"": ""2021-Q2"", ""formula"": ""100 * (quarterly_mean_cpi / same_quarter_prior_year_mean_cpi - 1)"", ""source_cpi_series_code"": ""IMF|ACCESS_SHARING_LEVEL=PUBLIC_OPEN|COICOP_1999=_T|COMMON_REFERENCE_PERIOD=Oct - Dec 2006|FREQUENCY=M|IFS_FLAG=true|INDEX_TYPE=CPI|OVERLAP=OL|SCALE=0|SECURITY_CLASSIFICATION=PUB|TYPE_OF_TRANSFORMATION=IX|aggregation=quarterly_mean""}"
KHM,inflation_consumer_prices_yoy_pct_quarterly_imf,2022-Q3,quarterly,4.923866371595587,\N,derived,IMF_CPI,derived_yoy:IMF|ACCESS_SHARING_LEVEL=PUBLIC_OPEN|COICOP_1999=_T|COMMON_REFERENCE_PERIOD=Oct - Dec 2006|FREQUENCY=M|IFS_FLAG=true|INDEX_TYPE=CPI|OVERLAP=OL|SCALE=0|SECURITY_CLASSIFICATION=PUB|TYPE_OF_TRANSFORMATION=IX|aggregation=quarterly_mean,\N,"{""comparison_period"": ""2021-Q3"", ""formula"": ""100 * (quarterly_mean_cpi / same_quarter_prior_year_mean_cpi - 1)"", ""source_cpi_series_code"": ""IMF|ACCESS_SHARING_LEVEL=PUBLIC_OPEN|COICOP_1999=_T|COMMON_REFERENCE_PERIOD=Oct - Dec 2006|FREQUENCY=M|IFS_FLAG=true|INDEX_TYPE=CPI|OVERLAP=OL|SCALE=0|SECURITY_CLASSIFICATION=PUB|TYPE_OF_TRANSFORMATION=IX|aggregation=quarterly_mean""}"
KHM,inflation_consumer_prices_yoy_pct_quarterly_imf,2022-Q4,quarterly,3.2357794907146076,\N,derived,IMF_CPI,derived_yoy:IMF|ACCESS_SHARING_LEVEL=PUBLIC_OPEN|COICOP_1999=_T|COMMON_REFERENCE_PERIOD=Oct - Dec 2006|FREQUENCY=M|IFS_FLAG=true|INDEX_TYPE=CPI|OVERLAP=OL|SCALE=0|SECURITY_CLASSIFICATION=PUB|TYPE_OF_TRANSFORMATION=IX|aggregation=quarterly_mean,\N,"{""comparison_period"": ""2021-Q4"", ""formula"": ""100 * (quarterly_mean_cpi / same_quarter_prior_year_mean_cpi - 1)"", ""source_cpi_series_code"": ""IMF|ACCESS_SHARING_LEVEL=PUBLIC_OPEN|COICOP_1999=_T|COMMON_REFERENCE_PERIOD=Oct - Dec 2006|FREQUENCY=M|IFS_FLAG=true|INDEX_TYPE=CPI|OVERLAP=OL|SCALE=0|SECURITY_CLASSIFICATION=PUB|TYPE_OF_TRANSFORMATION=IX|aggregation=quarterly_mean""}"
KIR,inflation_consumer_prices_yoy_pct_quarterly_imf,2022-Q1,quarterly,2.337980337149159,\N,derived,IMF_CPI,derived_yoy:IMF|ACCESS_SHARING_LEVEL=PUBLIC_OPEN|COICOP_1999=_T|COMMON_REFERENCE_PERIOD=2023M6|FREQUENCY=M|IFS_FLAG=true|INDEX_TYPE=CPI|OVERLAP=OL|SCALE=0|SECURITY_CLASSIFICATION=PUB|TYPE_OF_TRANSFORMATION=IX|aggregation=quarterly_mean,\N,"{""comparison_period"": ""2021-Q1"", ""formula"": ""100 * (quarterly_mean_cpi / same_quarter_prior_year_mean_cpi - 1)"", ""source_cpi_series_code"": ""IMF|ACCESS_SHARING_LEVEL=PUBLIC_OPEN|COICOP_1999=_T|COMMON_REFERENCE_PERIOD=2023M6|FREQUENCY=M|IFS_FLAG=true|INDEX_TYPE=CPI|OVERLAP=OL|SCALE=0|SECURITY_CLASSIFICATION=PUB|TYPE_OF_TRANSFORMATION=IX|aggregation=quarterly_mean""}"
KIR,inflation_consumer_prices_yoy_pct_quarterly_imf,2022-Q2,quarterly,0.9826332454604625,\N,derived,IMF_CPI,derived_yoy:IMF|ACCESS_SHARING_LEVEL=PUBLIC_OPEN|COICOP_1999=_T|COMMON_REFERENCE_PERIOD=2023M6|FREQUENCY=M|IFS_FLAG=true|INDEX_TYPE=CPI|OVERLAP=OL|SCALE=0|SECURITY_CLASSIFICATION=PUB|TYPE_OF_TRANSFORMATION=IX|aggregation=quarterly_mean,\N,"{""comparison_period"": ""2021-Q2"", ""formula"": ""100 * (quarterly_mean_cpi / same_quarter_prior_year_mean_cpi - 1)"", ""source_cpi_series_code"": ""IMF|ACCESS_SHARING_LEVEL=PUBLIC_OPEN|COICOP_1999=_T|COMMON_REFERENCE_PERIOD=2023M6|FREQUENCY=M|IFS_FLAG=true|INDEX_TYPE=CPI|OVERLAP=OL|SCALE=0|SECURITY_CLASSIFICATION=PUB|TYPE_OF_TRANSFORMATION=IX|aggregation=quarterly_mean""}"
KIR,inflation_consumer_prices_yoy_pct_quarterly_imf,2022-Q3,quarterly,6.768648464828986,\N,derived,IMF_CPI,derived_yoy:IMF|ACCESS_SHARING_LEVEL=PUBLIC_OPEN|COICOP_1999=_T|COMMON_REFERENCE_PERIOD=2023M6|FREQUENCY=M|IFS_FLAG=true|INDEX_TYPE=CPI|OVERLAP=OL|SCALE=0|SECURITY_CLASSIFICATION=PUB|TYPE_OF_TRANSFORMATION=IX|aggregation=quarterly_mean,\N,"{""comparison_period"": ""2021-Q3"", ""formula"": ""100 * (quarterly_mean_cpi / same_quarter_prior_year_mean_cpi - 1)"", ""source_cpi_series_code"": ""IMF|ACCESS_SHARING_LEVEL=PUBLIC_OPEN|COICOP_1999=_T|COMMON_REFERENCE_PERIOD=2023M6|FREQUENCY=M|IFS_FLAG=true|INDEX_TYPE=CPI|OVERLAP=OL|SCALE=0|SECURITY_CLASSIFICATION=PUB|TYPE_OF_TRANSFORMATION=IX|aggregation=quarterly_mean""}"
KIR,inflation_consumer_prices_yoy_pct_quarterly_imf,2022-Q4,quarterly,11.13952331435839,\N,derived,IMF_CPI,derived_yoy:IMF|ACCESS_SHARING_LEVEL=PUBLIC_OPEN|COICOP_1999=_T|COMMON_REFERENCE_PERIOD=2023M6|FREQUENCY=M|IFS_FLAG=true|INDEX_TYPE=CPI|OVERLAP=OL|SCALE=0|SECURITY_CLASSIFICATION=PUB|TYPE_OF_TRANSFORMATION=IX|aggregation=quarterly_mean,\N,"{""comparison_period"": ""2021-Q4"", ""formula"": ""100 * (quarterly_mean_cpi / same_quarter_prior_year_mean_cpi - 1)"", ""source_cpi_series_code"": ""IMF|ACCESS_SHARING_LEVEL=PUBLIC_OPEN|COICOP_1999=_T|COMMON_REFERENCE_PERIOD=2023M6|FREQUENCY=M|IFS_FLAG=true|INDEX_TYPE=CPI|OVERLAP=OL|SCALE=0|SECURITY_CLASSIFICATION=PUB|TYPE_OF_TRANSFORMATION=IX|aggregation=quarterly_mean""}"
KNA,inflation_consumer_prices_yoy_pct_quarterly_imf,2022-Q1,quarterly,1.0249554414753836,\N,derived,IMF_CPI,derived_yoy:IMF|ACCESS_SHARING_LEVEL=PUBLIC_OPEN|COICOP_1999=_T|COMMON_REFERENCE_PERIOD=Multiple|FREQUENCY=M|IFS_FLAG=true|INDEX_TYPE=CPI|OVERLAP=OL|SCALE=0|SECURITY_CLASSIFICATION=PUB|TYPE_OF_TRANSFORMATION=IX|aggregation=quarterly_mean,\N,"{""comparison_period"": ""2021-Q1"", ""formula"": ""100 * (quarterly_mean_cpi / same_quarter_prior_year_mean_cpi - 1)"", ""source_cpi_series_code"": ""IMF|ACCESS_SHARING_LEVEL=PUBLIC_OPEN|COICOP_1999=_T|COMMON_REFERENCE_PERIOD=Multiple|FREQUENCY=M|IFS_FLAG=true|INDEX_TYPE=CPI|OVERLAP=OL|SCALE=0|SECURITY_CLASSIFICATION=PUB|TYPE_OF_TRANSFORMATION=IX|aggregation=quarterly_mean""}"
KNA,inflation_consumer_prices_yoy_pct_quarterly_imf,2022-Q2,quarterly,2.748542993759484,\N,derived,IMF_CPI,derived_yoy:IMF|ACCESS_SHARING_LEVEL=PUBLIC_OPEN|COICOP_1999=_T|COMMON_REFERENCE_PERIOD=Multiple|FREQUENCY=M|IFS_FLAG=true|INDEX_TYPE=CPI|OVERLAP=OL|SCALE=0|SECURITY_CLASSIFICATION=PUB|TYPE_OF_TRANSFORMATION=IX|aggregation=quarterly_mean,\N,"{""comparison_period"": ""2021-Q2"", ""formula"": ""100 * (quarterly_mean_cpi / same_quarter_prior_year_mean_cpi - 1)"", ""source_cpi_series_code"": ""IMF|ACCESS_SHARING_LEVEL=PUBLIC_OPEN|COICOP_1999=_T|COMMON_REFERENCE_PERIOD=Multiple|FREQUENCY=M|IFS_FLAG=true|INDEX_TYPE=CPI|OVERLAP=OL|SCALE=0|SECURITY_CLASSIFICATION=PUB|TYPE_OF_TRANSFORMATION=IX|aggregation=quarterly_mean""}"
KNA,inflation_consumer_prices_yoy_pct_quarterly_imf,2022-Q3,quarterly,3.0395327660375893,\N,derived,IMF_CPI,derived_yoy:IMF|ACCESS_SHARING_LEVEL=PUBLIC_OPEN|COICOP_1999=_T|COMMON_REFERENCE_PERIOD=Multiple|FREQUENCY=M|IFS_FLAG=true|INDEX_TYPE=CPI|OVERLAP=OL|SCALE=0|SECURITY_CLASSIFICATION=PUB|TYPE_OF_TRANSFORMATION=IX|aggregation=quarterly_mean,\N,"{""comparison_period"": ""2021-Q3"", ""formula"": ""100 * (quarterly_mean_cpi / same_quarter_prior_year_mean_cpi - 1)"", ""source_cpi_series_code"": ""IMF|ACCESS_SHARING_LEVEL=PUBLIC_OPEN|COICOP_1999=_T|COMMON_REFERENCE_PERIOD=Multiple|FREQUENCY=M|IFS_FLAG=true|INDEX_TYPE=CPI|OVERLAP=OL|SCALE=0|SECURITY_CLASSIFICATION=PUB|TYPE_OF_TRANSFORMATION=IX|aggregation=quarterly_mean""}"
KNA,inflation_consumer_prices_yoy_pct_quarterly_imf,2022-Q4,quarterly,3.8504989644134735,\N,derived,IMF_CPI,derived_yoy:IMF|ACCESS_SHARING_LEVEL=PUBLIC_OPEN|COICOP_1999=_T|COMMON_REFERENCE_PERIOD=Multiple|FREQUENCY=M|IFS_FLAG=true|INDEX_TYPE=CPI|OVERLAP=OL|SCALE=0|SECURITY_CLASSIFICATION=PUB|TYPE_OF_TRANSFORMATION=IX|aggregation=quarterly_mean,\N,"{""comparison_period"": ""2021-Q4"", ""formula"": ""100 * (quarterly_mean_cpi / same_quarter_prior_year_mean_cpi - 1)"", ""source_cpi_series_code"": ""IMF|ACCESS_SHARING_LEVEL=PUBLIC_OPEN|COICOP_1999=_T|COMMON_REFERENCE_PERIOD=Multiple|FREQUENCY=M|IFS_FLAG=true|INDEX_TYPE=CPI|OVERLAP=OL|SCALE=0|SECURITY_CLASSIFICATION=PUB|TYPE_OF_TRANSFORMATION=IX|aggregation=quarterly_mean""}"
KOR,inflation_consumer_prices_yoy_pct_quarterly_imf,2022-Q1,quarterly,3.9118439203836175,\N,derived,IMF_CPI,derived_yoy:IMF|ACCESS_SHARING_LEVEL=PUBLIC_OPEN|COICOP_1999=_T|COMMON_REFERENCE_PERIOD=2020A|FREQUENCY=M|IFS_FLAG=true|INDEX_TYPE=CPI|OVERLAP=OL|SCALE=0|SECURITY_CLASSIFICATION=PUB|TYPE_OF_TRANSFORMATION=IX|aggregation=quarterly_mean,\N,"{""comparison_period"": ""2021-Q1"", ""formula"": ""100 * (quarterly_mean_cpi / same_quarter_prior_year_mean_cpi - 1)"", ""source_cpi_series_code"": ""IMF|ACCESS_SHARING_LEVEL=PUBLIC_OPEN|COICOP_1999=_T|COMMON_REFERENCE_PERIOD=2020A|FREQUENCY=M|IFS_FLAG=true|INDEX_TYPE=CPI|OVERLAP=OL|SCALE=0|SECURITY_CLASSIFICATION=PUB|TYPE_OF_TRANSFORMATION=IX|aggregation=quarterly_mean""}"
KOR,inflation_consumer_prices_yoy_pct_quarterly_imf,2022-Q2,quarterly,5.377679038159955,\N,derived,IMF_CPI,derived_yoy:IMF|ACCESS_SHARING_LEVEL=PUBLIC_OPEN|COICOP_1999=_T|COMMON_REFERENCE_PERIOD=2020A|FREQUENCY=M|IFS_FLAG=true|INDEX_TYPE=CPI|OVERLAP=OL|SCALE=0|SECURITY_CLASSIFICATION=PUB|TYPE_OF_TRANSFORMATION=IX|aggregation=quarterly_mean,\N,"{""comparison_period"": ""2021-Q2"", ""formula"": ""100 * (quarterly_mean_cpi / same_quarter_prior_year_mean_cpi - 1)"", ""source_cpi_series_code"": ""IMF|ACCESS_SHARING_LEVEL=PUBLIC_OPEN|COICOP_1999=_T|COMMON_REFERENCE_PERIOD=2020A|FREQUENCY=M|IFS_FLAG=true|INDEX_TYPE=CPI|OVERLAP=OL|SCALE=0|SECURITY_CLASSIFICATION=PUB|TYPE_OF_TRANSFORMATION=IX|aggregation=quarterly_mean""}"
KOR,inflation_consumer_prices_yoy_pct_quarterly_imf,2022-Q3,quarterly,5.840742423259138,\N,derived,IMF_CPI,derived_yoy:IMF|ACCESS_SHARING_LEVEL=PUBLIC_OPEN|COICOP_1999=_T|COMMON_REFERENCE_PERIOD=2020A|FREQUENCY=M|IFS_FLAG=true|INDEX_TYPE=CPI|OVERLAP=OL|SCALE=0|SECURITY_CLASSIFICATION=PUB|TYPE_OF_TRANSFORMATION=IX|aggregation=quarterly_mean,\N,"{""comparison_period"": ""2021-Q3"", ""formula"": ""100 * (quarterly_mean_cpi / same_quarter_prior_year_mean_cpi - 1)"", ""source_cpi_series_code"": ""IMF|ACCESS_SHARING_LEVEL=PUBLIC_OPEN|COICOP_1999=_T|COMMON_REFERENCE_PERIOD=2020A|FREQUENCY=M|IFS_FLAG=true|INDEX_TYPE=CPI|OVERLAP=OL|SCALE=0|SECURITY_CLASSIFICATION=PUB|TYPE_OF_TRANSFORMATION=IX|aggregation=quarterly_mean""}"
KOR,inflation_consumer_prices_yoy_pct_quarterly_imf,2022-Q4,quarterly,5.214290303925995,\N,derived,IMF_CPI,derived_yoy:IMF|ACCESS_SHARING_LEVEL=PUBLIC_OPEN|COICOP_1999=_T|COMMON_REFERENCE_PERIOD=2020A|FREQUENCY=M|IFS_FLAG=true|INDEX_TYPE=CPI|OVERLAP=OL|SCALE=0|SECURITY_CLASSIFICATION=PUB|TYPE_OF_TRANSFORMATION=IX|aggregation=quarterly_mean,\N,"{""comparison_period"": ""2021-Q4"", ""formula"": ""100 * (quarterly_mean_cpi / same_quarter_prior_year_mean_cpi - 1)"", ""source_cpi_series_code"": ""IMF|ACCESS_SHARING_LEVEL=PUBLIC_OPEN|COICOP_1999=_T|COMMON_REFERENCE_PERIOD=2020A|FREQUENCY=M|IFS_FLAG=true|INDEX_TYPE=CPI|OVERLAP=OL|SCALE=0|SECURITY_CLASSIFICATION=PUB|TYPE_OF_TRANSFORMATION=IX|aggregation=quarterly_mean""}"
KWT,inflation_consumer_prices_yoy_pct_quarterly_imf,2022-Q1,quarterly,4.344170403587433,\N,derived,IMF_CPI,derived_yoy:IMF|ACCESS_SHARING_LEVEL=PUBLIC_OPEN|COICOP_1999=_T|COMMON_REFERENCE_PERIOD=2013A|FREQUENCY=M|IFS_FLAG=true|INDEX_TYPE=CPI|OVERLAP=OL|SCALE=0|SECURITY_CLASSIFICATION=PUB|TYPE_OF_TRANSFORMATION=IX|aggregation=quarterly_mean,\N,"{""comparison_period"": ""2021-Q1"", ""formula"": ""100 * (quarterly_mean_cpi / same_quarter_prior_year_mean_cpi - 1)"", ""source_cpi_series_code"": ""IMF|ACCESS_SHARING_LEVEL=PUBLIC_OPEN|COICOP_1999=_T|COMMON_REFERENCE_PERIOD=2013A|FREQUENCY=M|IFS_FLAG=true|INDEX_TYPE=CPI|OVERLAP=OL|SCALE=0|SECURITY_CLASSIFICATION=PUB|TYPE_OF_TRANSFORMATION=IX|aggregation=quarterly_mean""}"
KWT,inflation_consumer_prices_yoy_pct_quarterly_imf,2022-Q2,quarterly,4.547991071428581,\N,derived,IMF_CPI,derived_yoy:IMF|ACCESS_SHARING_LEVEL=PUBLIC_OPEN|COICOP_1999=_T|COMMON_REFERENCE_PERIOD=2013A|FREQUENCY=M|IFS_FLAG=true|INDEX_TYPE=CPI|OVERLAP=OL|SCALE=0|SECURITY_CLASSIFICATION=PUB|TYPE_OF_TRANSFORMATION=IX|aggregation=quarterly_mean,\N,"{""comparison_period"": ""2021-Q2"", ""formula"": ""100 * (quarterly_mean_cpi / same_quarter_prior_year_mean_cpi - 1)"", ""source_cpi_series_code"": ""IMF|ACCESS_SHARING_LEVEL=PUBLIC_OPEN|COICOP_1999=_T|COMMON_REFERENCE_PERIOD=2013A|FREQUENCY=M|IFS_FLAG=true|INDEX_TYPE=CPI|OVERLAP=OL|SCALE=0|SECURITY_CLASSIFICATION=PUB|TYPE_OF_TRANSFORMATION=IX|aggregation=quarterly_mean""}"
KWT,inflation_consumer_prices_yoy_pct_quarterly_imf,2022-Q3,quarterly,3.857812069440625,\N,derived,IMF_CPI,derived_yoy:IMF|ACCESS_SHARING_LEVEL=PUBLIC_OPEN|COICOP_1999=_T|COMMON_REFERENCE_PERIOD=2013A|FREQUENCY=M|IFS_FLAG=true|INDEX_TYPE=CPI|OVERLAP=OL|SCALE=0|SECURITY_CLASSIFICATION=PUB|TYPE_OF_TRANSFORMATION=IX|aggregation=quarterly_mean,\N,"{""comparison_period"": ""2021-Q3"", ""formula"": ""100 * (quarterly_mean_cpi / same_quarter_prior_year_mean_cpi - 1)"", ""source_cpi_series_code"": ""IMF|ACCESS_SHARING_LEVEL=PUBLIC_OPEN|COICOP_1999=_T|COMMON_REFERENCE_PERIOD=2013A|FREQUENCY=M|IFS_FLAG=true|INDEX_TYPE=CPI|OVERLAP=OL|SCALE=0|SECURITY_CLASSIFICATION=PUB|TYPE_OF_TRANSFORMATION=IX|aggregation=quarterly_mean""}"
KWT,inflation_consumer_prices_yoy_pct_quarterly_imf,2022-Q4,quarterly,3.198698834372493,\N,derived,IMF_CPI,derived_yoy:IMF|ACCESS_SHARING_LEVEL=PUBLIC_OPEN|COICOP_1999=_T|COMMON_REFERENCE_PERIOD=2013A|FREQUENCY=M|IFS_FLAG=true|INDEX_TYPE=CPI|OVERLAP=OL|SCALE=0|SECURITY_CLASSIFICATION=PUB|TYPE_OF_TRANSFORMATION=IX|aggregation=quarterly_mean,\N,"{""comparison_period"": ""2021-Q4"", ""formula"": ""100 * (quarterly_mean_cpi / same_quarter_prior_year_mean_cpi - 1)"", ""source_cpi_series_code"": ""IMF|ACCESS_SHARING_LEVEL=PUBLIC_OPEN|COICOP_1999=_T|COMMON_REFERENCE_PERIOD=2013A|FREQUENCY=M|IFS_FLAG=true|INDEX_TYPE=CPI|OVERLAP=OL|SCALE=0|SECURITY_CLASSIFICATION=PUB|TYPE_OF_TRANSFORMATION=IX|aggregation=quarterly_mean""}"
LAO,inflation_consumer_prices_yoy_pct_quarterly_imf,2022-Q1,quarterly,7.36684277407329,\N,derived,IMF_CPI,derived_yoy:IMF|ACCESS_SHARING_LEVEL=PUBLIC_OPEN|COICOP_1999=_T|COMMON_REFERENCE_PERIOD=2015M12|FREQUENCY=M|IFS_FLAG=true|INDEX_TYPE=CPI|OVERLAP=OL|SCALE=0|SECURITY_CLASSIFICATION=PUB|TYPE_OF_TRANSFORMATION=IX|aggregation=quarterly_mean,\N,"{""comparison_period"": ""2021-Q1"", ""formula"": ""100 * (quarterly_mean_cpi / same_quarter_prior_year_mean_cpi - 1)"", ""source_cpi_series_code"": ""IMF|ACCESS_SHARING_LEVEL=PUBLIC_OPEN|COICOP_1999=_T|COMMON_REFERENCE_PERIOD=2015M12|FREQUENCY=M|IFS_FLAG=true|INDEX_TYPE=CPI|OVERLAP=OL|SCALE=0|SECURITY_CLASSIFICATION=PUB|TYPE_OF_TRANSFORMATION=IX|aggregation=quarterly_mean""}"
LAO,inflation_consumer_prices_yoy_pct_quarterly_imf,2022-Q2,quarterly,15.43729276874033,\N,derived,IMF_CPI,derived_yoy:IMF|ACCESS_SHARING_LEVEL=PUBLIC_OPEN|COICOP_1999=_T|COMMON_REFERENCE_PERIOD=2015M12|FREQUENCY=M|IFS_FLAG=true|INDEX_TYPE=CPI|OVERLAP=OL|SCALE=0|SECURITY_CLASSIFICATION=PUB|TYPE_OF_TRANSFORMATION=IX|aggregation=quarterly_mean,\N,"{""comparison_period"": ""2021-Q2"", ""formula"": ""100 * (quarterly_mean_cpi / same_quarter_prior_year_mean_cpi - 1)"", ""source_cpi_series_code"": ""IMF|ACCESS_SHARING_LEVEL=PUBLIC_OPEN|COICOP_1999=_T|COMMON_REFERENCE_PERIOD=2015M12|FREQUENCY=M|IFS_FLAG=true|INDEX_TYPE=CPI|OVERLAP=OL|SCALE=0|SECURITY_CLASSIFICATION=PUB|TYPE_OF_TRANSFORMATION=IX|aggregation=quarterly_mean""}"
LAO,inflation_consumer_prices_yoy_pct_quarterly_imf,2022-Q3,quarterly,29.88511091015651,\N,derived,IMF_CPI,derived_yoy:IMF|ACCESS_SHARING_LEVEL=PUBLIC_OPEN|COICOP_1999=_T|COMMON_REFERENCE_PERIOD=2015M12|FREQUENCY=M|IFS_FLAG=true|INDEX_TYPE=CPI|OVERLAP=OL|SCALE=0|SECURITY_CLASSIFICATION=PUB|TYPE_OF_TRANSFORMATION=IX|aggregation=quarterly_mean,\N,"{""comparison_period"": ""2021-Q3"", ""formula"": ""100 * (quarterly_mean_cpi / same_quarter_prior_year_mean_cpi - 1)"", ""source_cpi_series_code"": ""IMF|ACCESS_SHARING_LEVEL=PUBLIC_OPEN|COICOP_1999=_T|COMMON_REFERENCE_PERIOD=2015M12|FREQUENCY=M|IFS_FLAG=true|INDEX_TYPE=CPI|OVERLAP=OL|SCALE=0|SECURITY_CLASSIFICATION=PUB|TYPE_OF_TRANSFORMATION=IX|aggregation=quarterly_mean""}"
LAO,inflation_consumer_prices_yoy_pct_quarterly_imf,2022-Q4,quarterly,38.15962030542808,\N,derived,IMF_CPI,derived_yoy:IMF|ACCESS_SHARING_LEVEL=PUBLIC_OPEN|COICOP_1999=_T|COMMON_REFERENCE_PERIOD=2015M12|FREQUENCY=M|IFS_FLAG=true|INDEX_TYPE=CPI|OVERLAP=OL|SCALE=0|SECURITY_CLASSIFICATION=PUB|TYPE_OF_TRANSFORMATION=IX|aggregation=quarterly_mean,\N,"{""comparison_period"": ""2021-Q4"", ""formula"": ""100 * (quarterly_mean_cpi / same_quarter_prior_year_mean_cpi - 1)"", ""source_cpi_series_code"": ""IMF|ACCESS_SHARING_LEVEL=PUBLIC_OPEN|COICOP_1999=_T|COMMON_REFERENCE_PERIOD=2015M12|FREQUENCY=M|IFS_FLAG=true|INDEX_TYPE=CPI|OVERLAP=OL|SCALE=0|SECURITY_CLASSIFICATION=PUB|TYPE_OF_TRANSFORMATION=IX|aggregation=quarterly_mean""}"
LBN,inflation_consumer_prices_yoy_pct_quarterly_imf,2022-Q1,quarterly,220.18004498784185,\N,derived,IMF_CPI,derived_yoy:IMF|ACCESS_SHARING_LEVEL=PUBLIC_OPEN|COICOP_1999=_T|COMMON_REFERENCE_PERIOD=2013M12|FREQUENCY=M|IFS_FLAG=true|INDEX_TYPE=CPI|OVERLAP=OL|SCALE=0|SECURITY_CLASSIFICATION=PUB|TYPE_OF_TRANSFORMATION=IX|aggregation=quarterly_mean,\N,"{""comparison_period"": ""2021-Q1"", ""formula"": ""100 * (quarterly_mean_cpi / same_quarter_prior_year_mean_cpi - 1)"", ""source_cpi_series_code"": ""IMF|ACCESS_SHARING_LEVEL=PUBLIC_OPEN|COICOP_1999=_T|COMMON_REFERENCE_PERIOD=2013M12|FREQUENCY=M|IFS_FLAG=true|INDEX_TYPE=CPI|OVERLAP=OL|SCALE=0|SECURITY_CLASSIFICATION=PUB|TYPE_OF_TRANSFORMATION=IX|aggregation=quarterly_mean""}"
LBN,inflation_consumer_prices_yoy_pct_quarterly_imf,2022-Q2,quarterly,209.33580440491565,\N,derived,IMF_CPI,derived_yoy:IMF|ACCESS_SHARING_LEVEL=PUBLIC_OPEN|COICOP_1999=_T|COMMON_REFERENCE_PERIOD=2013M12|FREQUENCY=M|IFS_FLAG=true|INDEX_TYPE=CPI|OVERLAP=OL|SCALE=0|SECURITY_CLASSIFICATION=PUB|TYPE_OF_TRANSFORMATION=IX|aggregation=quarterly_mean,\N,"{""comparison_period"": ""2021-Q2"", ""formula"": ""100 * (quarterly_mean_cpi / same_quarter_prior_year_mean_cpi - 1)"", ""source_cpi_series_code"": ""IMF|ACCESS_SHARING_LEVEL=PUBLIC_OPEN|COICOP_1999=_T|COMMON_REFERENCE_PERIOD=2013M12|FREQUENCY=M|IFS_FLAG=true|INDEX_TYPE=CPI|OVERLAP=OL|SCALE=0|SECURITY_CLASSIFICATION=PUB|TYPE_OF_TRANSFORMATION=IX|aggregation=quarterly_mean""}"
LBN,inflation_consumer_prices_yoy_pct_quarterly_imf,2022-Q3,quarterly,164.08855414485356,\N,derived,IMF_CPI,derived_yoy:IMF|ACCESS_SHARING_LEVEL=PUBLIC_OPEN|COICOP_1999=_T|COMMON_REFERENCE_PERIOD=2013M12|FREQUENCY=M|IFS_FLAG=true|INDEX_TYPE=CPI|OVERLAP=OL|SCALE=0|SECURITY_CLASSIFICATION=PUB|TYPE_OF_TRANSFORMATION=IX|aggregation=quarterly_mean,\N,"{""comparison_period"": ""2021-Q3"", ""formula"": ""100 * (quarterly_mean_cpi / same_quarter_prior_year_mean_cpi - 1)"", ""source_cpi_series_code"": ""IMF|ACCESS_SHARING_LEVEL=PUBLIC_OPEN|COICOP_1999=_T|COMMON_REFERENCE_PERIOD=2013M12|FREQUENCY=M|IFS_FLAG=true|INDEX_TYPE=CPI|OVERLAP=OL|SCALE=0|SECURITY_CLASSIFICATION=PUB|TYPE_OF_TRANSFORMATION=IX|aggregation=quarterly_mean""}"
LBN,inflation_consumer_prices_yoy_pct_quarterly_imf,2022-Q4,quarterly,139.37533146102106,\N,derived,IMF_CPI,derived_yoy:IMF|ACCESS_SHARING_LEVEL=PUBLIC_OPEN|COICOP_1999=_T|COMMON_REFERENCE_PERIOD=2013M12|FREQUENCY=M|IFS_FLAG=true|INDEX_TYPE=CPI|OVERLAP=OL|SCALE=0|SECURITY_CLASSIFICATION=PUB|TYPE_OF_TRANSFORMATION=IX|aggregation=quarterly_mean,\N,"{""comparison_period"": ""2021-Q4"", ""formula"": ""100 * (quarterly_mean_cpi / same_quarter_prior_year_mean_cpi - 1)"", ""source_cpi_series_code"": ""IMF|ACCESS_SHARING_LEVEL=PUBLIC_OPEN|COICOP_1999=_T|COMMON_REFERENCE_PERIOD=2013M12|FREQUENCY=M|IFS_FLAG=true|INDEX_TYPE=CPI|OVERLAP=OL|SCALE=0|SECURITY_CLASSIFICATION=PUB|TYPE_OF_TRANSFORMATION=IX|aggregation=quarterly_mean""}"
LBR,inflation_consumer_prices_yoy_pct_quarterly_imf,2022-Q1,quarterly,7.906842490821697,\N,derived,IMF_CPI,derived_yoy:IMF|ACCESS_SHARING_LEVEL=PUBLIC_OPEN|COICOP_1999=_T|COMMON_REFERENCE_PERIOD=2018M12|FREQUENCY=M|IFS_FLAG=true|INDEX_TYPE=CPI|OVERLAP=OL|SCALE=0|SECURITY_CLASSIFICATION=PUB|TYPE_OF_TRANSFORMATION=IX|aggregation=quarterly_mean,\N,"{""comparison_period"": ""2021-Q1"", ""formula"": ""100 * (quarterly_mean_cpi / same_quarter_prior_year_mean_cpi - 1)"", ""source_cpi_series_code"": ""IMF|ACCESS_SHARING_LEVEL=PUBLIC_OPEN|COICOP_1999=_T|COMMON_REFERENCE_PERIOD=2018M12|FREQUENCY=M|IFS_FLAG=true|INDEX_TYPE=CPI|OVERLAP=OL|SCALE=0|SECURITY_CLASSIFICATION=PUB|TYPE_OF_TRANSFORMATION=IX|aggregation=quarterly_mean""}"
LBR,inflation_consumer_prices_yoy_pct_quarterly_imf,2022-Q2,quarterly,6.268496220968789,\N,derived,IMF_CPI,derived_yoy:IMF|ACCESS_SHARING_LEVEL=PUBLIC_OPEN|COICOP_1999=_T|COMMON_REFERENCE_PERIOD=2018M12|FREQUENCY=M|IFS_FLAG=true|INDEX_TYPE=CPI|OVERLAP=OL|SCALE=0|SECURITY_CLASSIFICATION=PUB|TYPE_OF_TRANSFORMATION=IX|aggregation=quarterly_mean,\N,"{""comparison_period"": ""2021-Q2"", ""formula"": ""100 * (quarterly_mean_cpi / same_quarter_prior_year_mean_cpi - 1)"", ""source_cpi_series_code"": ""IMF|ACCESS_SHARING_LEVEL=PUBLIC_OPEN|COICOP_1999=_T|COMMON_REFERENCE_PERIOD=2018M12|FREQUENCY=M|IFS_FLAG=true|INDEX_TYPE=CPI|OVERLAP=OL|SCALE=0|SECURITY_CLASSIFICATION=PUB|TYPE_OF_TRANSFORMATION=IX|aggregation=quarterly_mean""}"
LBR,inflation_consumer_prices_yoy_pct_quarterly_imf,2022-Q3,quarterly,6.917095085021607,\N,derived,IMF_CPI,derived_yoy:IMF|ACCESS_SHARING_LEVEL=PUBLIC_OPEN|COICOP_1999=_T|COMMON_REFERENCE_PERIOD=2018M12|FREQUENCY=M|IFS_FLAG=true|INDEX_TYPE=CPI|OVERLAP=OL|SCALE=0|SECURITY_CLASSIFICATION=PUB|TYPE_OF_TRANSFORMATION=IX|aggregation=quarterly_mean,\N,"{""comparison_period"": ""2021-Q3"", ""formula"": ""100 * (quarterly_mean_cpi / same_quarter_prior_year_mean_cpi - 1)"", ""source_cpi_series_code"": ""IMF|ACCESS_SHARING_LEVEL=PUBLIC_OPEN|COICOP_1999=_T|COMMON_REFERENCE_PERIOD=2018M12|FREQUENCY=M|IFS_FLAG=true|INDEX_TYPE=CPI|OVERLAP=OL|SCALE=0|SECURITY_CLASSIFICATION=PUB|TYPE_OF_TRANSFORMATION=IX|aggregation=quarterly_mean""}"
LBR,inflation_consumer_prices_yoy_pct_quarterly_imf,2022-Q4,quarterly,9.263137575721348,\N,derived,IMF_CPI,derived_yoy:IMF|ACCESS_SHARING_LEVEL=PUBLIC_OPEN|COICOP_1999=_T|COMMON_REFERENCE_PERIOD=2018M12|FREQUENCY=M|IFS_FLAG=true|INDEX_TYPE=CPI|OVERLAP=OL|SCALE=0|SECURITY_CLASSIFICATION=PUB|TYPE_OF_TRANSFORMATION=IX|aggregation=quarterly_mean,\N,"{""comparison_period"": ""2021-Q4"", ""formula"": ""100 * (quarterly_mean_cpi / same_quarter_prior_year_mean_cpi - 1)"", ""source_cpi_series_code"": ""IMF|ACCESS_SHARING_LEVEL=PUBLIC_OPEN|COICOP_1999=_T|COMMON_REFERENCE_PERIOD=2018M12|FREQUENCY=M|IFS_FLAG=true|INDEX_TYPE=CPI|OVERLAP=OL|SCALE=0|SECURITY_CLASSIFICATION=PUB|TYPE_OF_TRANSFORMATION=IX|aggregation=quarterly_mean""}"
LBY,inflation_consumer_prices_yoy_pct_quarterly_imf,2022-Q1,quarterly,4.87655079228595,\N,derived,IMF_CPI,derived_yoy:IMF|ACCESS_SHARING_LEVEL=PUBLIC_OPEN|COICOP_1999=_T|COMMON_REFERENCE_PERIOD=2024A|FREQUENCY=M|IFS_FLAG=true|INDEX_TYPE=CPI|OVERLAP=OL|SCALE=0|SECURITY_CLASSIFICATION=PUB|TYPE_OF_TRANSFORMATION=IX|aggregation=quarterly_mean,\N,"{""comparison_period"": ""2021-Q1"", ""formula"": ""100 * (quarterly_mean_cpi / same_quarter_prior_year_mean_cpi - 1)"", ""source_cpi_series_code"": ""IMF|ACCESS_SHARING_LEVEL=PUBLIC_OPEN|COICOP_1999=_T|COMMON_REFERENCE_PERIOD=2024A|FREQUENCY=M|IFS_FLAG=true|INDEX_TYPE=CPI|OVERLAP=OL|SCALE=0|SECURITY_CLASSIFICATION=PUB|TYPE_OF_TRANSFORMATION=IX|aggregation=quarterly_mean""}"
LBY,inflation_consumer_prices_yoy_pct_quarterly_imf,2022-Q2,quarterly,5.23432744978698,\N,derived,IMF_CPI,derived_yoy:IMF|ACCESS_SHARING_LEVEL=PUBLIC_OPEN|COICOP_1999=_T|COMMON_REFERENCE_PERIOD=2024A|FREQUENCY=M|IFS_FLAG=true|INDEX_TYPE=CPI|OVERLAP=OL|SCALE=0|SECURITY_CLASSIFICATION=PUB|TYPE_OF_TRANSFORMATION=IX|aggregation=quarterly_mean,\N,"{""comparison_period"": ""2021-Q2"", ""formula"": ""100 * (quarterly_mean_cpi / same_quarter_prior_year_mean_cpi - 1)"", ""source_cpi_series_code"": ""IMF|ACCESS_SHARING_LEVEL=PUBLIC_OPEN|COICOP_1999=_T|COMMON_REFERENCE_PERIOD=2024A|FREQUENCY=M|IFS_FLAG=true|INDEX_TYPE=CPI|OVERLAP=OL|SCALE=0|SECURITY_CLASSIFICATION=PUB|TYPE_OF_TRANSFORMATION=IX|aggregation=quarterly_mean""}"
LBY,inflation_consumer_prices_yoy_pct_quarterly_imf,2022-Q3,quarterly,4.27884615384615,\N,derived,IMF_CPI,derived_yoy:IMF|ACCESS_SHARING_LEVEL=PUBLIC_OPEN|COICOP_1999=_T|COMMON_REFERENCE_PERIOD=2024A|FREQUENCY=M|IFS_FLAG=true|INDEX_TYPE=CPI|OVERLAP=OL|SCALE=0|SECURITY_CLASSIFICATION=PUB|TYPE_OF_TRANSFORMATION=IX|aggregation=quarterly_mean,\N,"{""comparison_period"": ""2021-Q3"", ""formula"": ""100 * (quarterly_mean_cpi / same_quarter_prior_year_mean_cpi - 1)"", ""source_cpi_series_code"": ""IMF|ACCESS_SHARING_LEVEL=PUBLIC_OPEN|COICOP_1999=_T|COMMON_REFERENCE_PERIOD=2024A|FREQUENCY=M|IFS_FLAG=true|INDEX_TYPE=CPI|OVERLAP=OL|SCALE=0|SECURITY_CLASSIFICATION=PUB|TYPE_OF_TRANSFORMATION=IX|aggregation=quarterly_mean""}"
LBY,inflation_consumer_prices_yoy_pct_quarterly_imf,2022-Q4,quarterly,3.6790885354853975,\N,derived,IMF_CPI,derived_yoy:IMF|ACCESS_SHARING_LEVEL=PUBLIC_OPEN|COICOP_1999=_T|COMMON_REFERENCE_PERIOD=2024A|FREQUENCY=M|IFS_FLAG=true|INDEX_TYPE=CPI|OVERLAP=OL|SCALE=0|SECURITY_CLASSIFICATION=PUB|TYPE_OF_TRANSFORMATION=IX|aggregation=quarterly_mean,\N,"{""comparison_period"": ""2021-Q4"", ""formula"": ""100 * (quarterly_mean_cpi / same_quarter_prior_year_mean_cpi - 1)"", ""source_cpi_series_code"": ""IMF|ACCESS_SHARING_LEVEL=PUBLIC_OPEN|COICOP_1999=_T|COMMON_REFERENCE_PERIOD=2024A|FREQUENCY=M|IFS_FLAG=true|INDEX_TYPE=CPI|OVERLAP=OL|SCALE=0|SECURITY_CLASSIFICATION=PUB|TYPE_OF_TRANSFORMATION=IX|aggregation=quarterly_mean""}"
LCA,inflation_consumer_prices_yoy_pct_quarterly_imf,2022-Q1,quarterly,6.656274873971868,\N,derived,IMF_CPI,derived_yoy:IMF|ACCESS_SHARING_LEVEL=PUBLIC_OPEN|COICOP_1999=_T|COMMON_REFERENCE_PERIOD=2018M1|FREQUENCY=M|IFS_FLAG=true|INDEX_TYPE=CPI|OVERLAP=OL|SCALE=0|SECURITY_CLASSIFICATION=PUB|TYPE_OF_TRANSFORMATION=IX|aggregation=quarterly_mean,\N,"{""comparison_period"": ""2021-Q1"", ""formula"": ""100 * (quarterly_mean_cpi / same_quarter_prior_year_mean_cpi - 1)"", ""source_cpi_series_code"": ""IMF|ACCESS_SHARING_LEVEL=PUBLIC_OPEN|COICOP_1999=_T|COMMON_REFERENCE_PERIOD=2018M1|FREQUENCY=M|IFS_FLAG=true|INDEX_TYPE=CPI|OVERLAP=OL|SCALE=0|SECURITY_CLASSIFICATION=PUB|TYPE_OF_TRANSFORMATION=IX|aggregation=quarterly_mean""}"
LCA,inflation_consumer_prices_yoy_pct_quarterly_imf,2022-Q2,quarterly,9.023148908225242,\N,derived,IMF_CPI,derived_yoy:IMF|ACCESS_SHARING_LEVEL=PUBLIC_OPEN|COICOP_1999=_T|COMMON_REFERENCE_PERIOD=2018M1|FREQUENCY=M|IFS_FLAG=true|INDEX_TYPE=CPI|OVERLAP=OL|SCALE=0|SECURITY_CLASSIFICATION=PUB|TYPE_OF_TRANSFORMATION=IX|aggregation=quarterly_mean,\N,"{""comparison_period"": ""2021-Q2"", ""formula"": ""100 * (quarterly_mean_cpi / same_quarter_prior_year_mean_cpi - 1)"", ""source_cpi_series_code"": ""IMF|ACCESS_SHARING_LEVEL=PUBLIC_OPEN|COICOP_1999=_T|COMMON_REFERENCE_PERIOD=2018M1|FREQUENCY=M|IFS_FLAG=true|INDEX_TYPE=CPI|OVERLAP=OL|SCALE=0|SECURITY_CLASSIFICATION=PUB|TYPE_OF_TRANSFORMATION=IX|aggregation=quarterly_mean""}"
LCA,inflation_consumer_prices_yoy_pct_quarterly_imf,2022-Q3,quarterly,11.22859366891542,\N,derived,IMF_CPI,derived_yoy:IMF|ACCESS_SHARING_LEVEL=PUBLIC_OPEN|COICOP_1999=_T|COMMON_REFERENCE_PERIOD=2018M1|FREQUENCY=M|IFS_FLAG=true|INDEX_TYPE=CPI|OVERLAP=OL|SCALE=0|SECURITY_CLASSIFICATION=PUB|TYPE_OF_TRANSFORMATION=IX|aggregation=quarterly_mean,\N,"{""comparison_period"": ""2021-Q3"", ""formula"": ""100 * (quarterly_mean_cpi / same_quarter_prior_year_mean_cpi - 1)"", ""source_cpi_series_code"": ""IMF|ACCESS_SHARING_LEVEL=PUBLIC_OPEN|COICOP_1999=_T|COMMON_REFERENCE_PERIOD=2018M1|FREQUENCY=M|IFS_FLAG=true|INDEX_TYPE=CPI|OVERLAP=OL|SCALE=0|SECURITY_CLASSIFICATION=PUB|TYPE_OF_TRANSFORMATION=IX|aggregation=quarterly_mean""}"
LCA,inflation_consumer_prices_yoy_pct_quarterly_imf,2022-Q4,quarterly,11.592080972690821,\N,derived,IMF_CPI,derived_yoy:IMF|ACCESS_SHARING_LEVEL=PUBLIC_OPEN|COICOP_1999=_T|COMMON_REFERENCE_PERIOD=2018M1|FREQUENCY=M|IFS_FLAG=true|INDEX_TYPE=CPI|OVERLAP=OL|SCALE=0|SECURITY_CLASSIFICATION=PUB|TYPE_OF_TRANSFORMATION=IX|aggregation=quarterly_mean,\N,"{""comparison_period"": ""2021-Q4"", ""formula"": ""100 * (quarterly_mean_cpi / same_quarter_prior_year_mean_cpi - 1)"", ""source_cpi_series_code"": ""IMF|ACCESS_SHARING_LEVEL=PUBLIC_OPEN|COICOP_1999=_T|COMMON_REFERENCE_PERIOD=2018M1|FREQUENCY=M|IFS_FLAG=true|INDEX_TYPE=CPI|OVERLAP=OL|SCALE=0|SECURITY_CLASSIFICATION=PUB|TYPE_OF_TRANSFORMATION=IX|aggregation=quarterly_mean""}"
LKA,inflation_consumer_prices_yoy_pct_quarterly_imf,2022-Q1,quarterly,18.6378028448841,\N,derived,IMF_CPI,derived_yoy:IMF|ACCESS_SHARING_LEVEL=PUBLIC_OPEN|COICOP_1999=_T|COMMON_REFERENCE_PERIOD=2021A|FREQUENCY=M|IFS_FLAG=true|INDEX_TYPE=CPI|OVERLAP=OL|SCALE=0|SECURITY_CLASSIFICATION=PUB|TYPE_OF_TRANSFORMATION=IX|aggregation=quarterly_mean,\N,"{""comparison_period"": ""2021-Q1"", ""formula"": ""100 * (quarterly_mean_cpi / same_quarter_prior_year_mean_cpi - 1)"", ""source_cpi_series_code"": ""IMF|ACCESS_SHARING_LEVEL=PUBLIC_OPEN|COICOP_1999=_T|COMMON_REFERENCE_PERIOD=2021A|FREQUENCY=M|IFS_FLAG=true|INDEX_TYPE=CPI|OVERLAP=OL|SCALE=0|SECURITY_CLASSIFICATION=PUB|TYPE_OF_TRANSFORMATION=IX|aggregation=quarterly_mean""}"
LKA,inflation_consumer_prices_yoy_pct_quarterly_imf,2022-Q2,quarterly,46.49510087861859,\N,derived,IMF_CPI,derived_yoy:IMF|ACCESS_SHARING_LEVEL=PUBLIC_OPEN|COICOP_1999=_T|COMMON_REFERENCE_PERIOD=2021A|FREQUENCY=M|IFS_FLAG=true|INDEX_TYPE=CPI|OVERLAP=OL|SCALE=0|SECURITY_CLASSIFICATION=PUB|TYPE_OF_TRANSFORMATION=IX|aggregation=quarterly_mean,\N,"{""comparison_period"": ""2021-Q2"", ""formula"": ""100 * (quarterly_mean_cpi / same_quarter_prior_year_mean_cpi - 1)"", ""source_cpi_series_code"": ""IMF|ACCESS_SHARING_LEVEL=PUBLIC_OPEN|COICOP_1999=_T|COMMON_REFERENCE_PERIOD=2021A|FREQUENCY=M|IFS_FLAG=true|INDEX_TYPE=CPI|OVERLAP=OL|SCALE=0|SECURITY_CLASSIFICATION=PUB|TYPE_OF_TRANSFORMATION=IX|aggregation=quarterly_mean""}"
LKA,inflation_consumer_prices_yoy_pct_quarterly_imf,2022-Q3,quarterly,69.32940694897063,\N,derived,IMF_CPI,derived_yoy:IMF|ACCESS_SHARING_LEVEL=PUBLIC_OPEN|COICOP_1999=_T|COMMON_REFERENCE_PERIOD=2021A|FREQUENCY=M|IFS_FLAG=true|INDEX_TYPE=CPI|OVERLAP=OL|SCALE=0|SECURITY_CLASSIFICATION=PUB|TYPE_OF_TRANSFORMATION=IX|aggregation=quarterly_mean,\N,"{""comparison_period"": ""2021-Q3"", ""formula"": ""100 * (quarterly_mean_cpi / same_quarter_prior_year_mean_cpi - 1)"", ""source_cpi_series_code"": ""IMF|ACCESS_SHARING_LEVEL=PUBLIC_OPEN|COICOP_1999=_T|COMMON_REFERENCE_PERIOD=2021A|FREQUENCY=M|IFS_FLAG=true|INDEX_TYPE=CPI|OVERLAP=OL|SCALE=0|SECURITY_CLASSIFICATION=PUB|TYPE_OF_TRANSFORMATION=IX|aggregation=quarterly_mean""}"
LKA,inflation_consumer_prices_yoy_pct_quarterly_imf,2022-Q4,quarterly,62.600528593450065,\N,derived,IMF_CPI,derived_yoy:IMF|ACCESS_SHARING_LEVEL=PUBLIC_OPEN|COICOP_1999=_T|COMMON_REFERENCE_PERIOD=2021A|FREQUENCY=M|IFS_FLAG=true|INDEX_TYPE=CPI|OVERLAP=OL|SCALE=0|SECURITY_CLASSIFICATION=PUB|TYPE_OF_TRANSFORMATION=IX|aggregation=quarterly_mean,\N,"{""comparison_period"": ""2021-Q4"", ""formula"": ""100 * (quarterly_mean_cpi / same_quarter_prior_year_mean_cpi - 1)"", ""source_cpi_series_code"": ""IMF|ACCESS_SHARING_LEVEL=PUBLIC_OPEN|COICOP_1999=_T|COMMON_REFERENCE_PERIOD=2021A|FREQUENCY=M|IFS_FLAG=true|INDEX_TYPE=CPI|OVERLAP=OL|SCALE=0|SECURITY_CLASSIFICATION=PUB|TYPE_OF_TRANSFORMATION=IX|aggregation=quarterly_mean""}"
LSO,inflation_consumer_prices_yoy_pct_quarterly_imf,2022-Q1,quarterly,7.424803019468884,\N,derived,IMF_CPI,derived_yoy:IMF|ACCESS_SHARING_LEVEL=PUBLIC_OPEN|COICOP_1999=_T|COMMON_REFERENCE_PERIOD=2022A|FREQUENCY=M|IFS_FLAG=true|INDEX_TYPE=CPI|OVERLAP=OL|SCALE=0|SECURITY_CLASSIFICATION=PUB|TYPE_OF_TRANSFORMATION=IX|aggregation=quarterly_mean,\N,"{""comparison_period"": ""2021-Q1"", ""formula"": ""100 * (quarterly_mean_cpi / same_quarter_prior_year_mean_cpi - 1)"", ""source_cpi_series_code"": ""IMF|ACCESS_SHARING_LEVEL=PUBLIC_OPEN|COICOP_1999=_T|COMMON_REFERENCE_PERIOD=2022A|FREQUENCY=M|IFS_FLAG=true|INDEX_TYPE=CPI|OVERLAP=OL|SCALE=0|SECURITY_CLASSIFICATION=PUB|TYPE_OF_TRANSFORMATION=IX|aggregation=quarterly_mean""}"
LSO,inflation_consumer_prices_yoy_pct_quarterly_imf,2022-Q2,quarterly,7.983866191587752,\N,derived,IMF_CPI,derived_yoy:IMF|ACCESS_SHARING_LEVEL=PUBLIC_OPEN|COICOP_1999=_T|COMMON_REFERENCE_PERIOD=2022A|FREQUENCY=M|IFS_FLAG=true|INDEX_TYPE=CPI|OVERLAP=OL|SCALE=0|SECURITY_CLASSIFICATION=PUB|TYPE_OF_TRANSFORMATION=IX|aggregation=quarterly_mean,\N,"{""comparison_period"": ""2021-Q2"", ""formula"": ""100 * (quarterly_mean_cpi / same_quarter_prior_year_mean_cpi - 1)"", ""source_cpi_series_code"": ""IMF|ACCESS_SHARING_LEVEL=PUBLIC_OPEN|COICOP_1999=_T|COMMON_REFERENCE_PERIOD=2022A|FREQUENCY=M|IFS_FLAG=true|INDEX_TYPE=CPI|OVERLAP=OL|SCALE=0|SECURITY_CLASSIFICATION=PUB|TYPE_OF_TRANSFORMATION=IX|aggregation=quarterly_mean""}"
LSO,inflation_consumer_prices_yoy_pct_quarterly_imf,2022-Q3,quarterly,9.469126084045199,\N,derived,IMF_CPI,derived_yoy:IMF|ACCESS_SHARING_LEVEL=PUBLIC_OPEN|COICOP_1999=_T|COMMON_REFERENCE_PERIOD=2022A|FREQUENCY=M|IFS_FLAG=true|INDEX_TYPE=CPI|OVERLAP=OL|SCALE=0|SECURITY_CLASSIFICATION=PUB|TYPE_OF_TRANSFORMATION=IX|aggregation=quarterly_mean,\N,"{""comparison_period"": ""2021-Q3"", ""formula"": ""100 * (quarterly_mean_cpi / same_quarter_prior_year_mean_cpi - 1)"", ""source_cpi_series_code"": ""IMF|ACCESS_SHARING_LEVEL=PUBLIC_OPEN|COICOP_1999=_T|COMMON_REFERENCE_PERIOD=2022A|FREQUENCY=M|IFS_FLAG=true|INDEX_TYPE=CPI|OVERLAP=OL|SCALE=0|SECURITY_CLASSIFICATION=PUB|TYPE_OF_TRANSFORMATION=IX|aggregation=quarterly_mean""}"
LSO,inflation_consumer_prices_yoy_pct_quarterly_imf,2022-Q4,quarterly,8.180955578180882,\N,derived,IMF_CPI,derived_yoy:IMF|ACCESS_SHARING_LEVEL=PUBLIC_OPEN|COICOP_1999=_T|COMMON_REFERENCE_PERIOD=2022A|FREQUENCY=M|IFS_FLAG=true|INDEX_TYPE=CPI|OVERLAP=OL|SCALE=0|SECURITY_CLASSIFICATION=PUB|TYPE_OF_TRANSFORMATION=IX|aggregation=quarterly_mean,\N,"{""comparison_period"": ""2021-Q4"", ""formula"": ""100 * (quarterly_mean_cpi / same_quarter_prior_year_mean_cpi - 1)"", ""source_cpi_series_code"": ""IMF|ACCESS_SHARING_LEVEL=PUBLIC_OPEN|COICOP_1999=_T|COMMON_REFERENCE_PERIOD=2022A|FREQUENCY=M|IFS_FLAG=true|INDEX_TYPE=CPI|OVERLAP=OL|SCALE=0|SECURITY_CLASSIFICATION=PUB|TYPE_OF_TRANSFORMATION=IX|aggregation=quarterly_mean""}"
LTU,inflation_consumer_prices_yoy_pct_quarterly_imf,2022-Q1,quarterly,14.113485621718347,\N,derived,IMF_CPI,derived_yoy:IMF|ACCESS_SHARING_LEVEL=PUBLIC_OPEN|COICOP_1999=_T|COMMON_REFERENCE_PERIOD=2025A|FREQUENCY=M|IFS_FLAG=true|INDEX_TYPE=CPI|OVERLAP=OL|SCALE=0|SECURITY_CLASSIFICATION=PUB|TYPE_OF_TRANSFORMATION=IX|aggregation=quarterly_mean,\N,"{""comparison_period"": ""2021-Q1"", ""formula"": ""100 * (quarterly_mean_cpi / same_quarter_prior_year_mean_cpi - 1)"", ""source_cpi_series_code"": ""IMF|ACCESS_SHARING_LEVEL=PUBLIC_OPEN|COICOP_1999=_T|COMMON_REFERENCE_PERIOD=2025A|FREQUENCY=M|IFS_FLAG=true|INDEX_TYPE=CPI|OVERLAP=OL|SCALE=0|SECURITY_CLASSIFICATION=PUB|TYPE_OF_TRANSFORMATION=IX|aggregation=quarterly_mean""}"
LTU,inflation_consumer_prices_yoy_pct_quarterly_imf,2022-Q2,quarterly,18.914876201318776,\N,derived,IMF_CPI,derived_yoy:IMF|ACCESS_SHARING_LEVEL=PUBLIC_OPEN|COICOP_1999=_T|COMMON_REFERENCE_PERIOD=2025A|FREQUENCY=M|IFS_FLAG=true|INDEX_TYPE=CPI|OVERLAP=OL|SCALE=0|SECURITY_CLASSIFICATION=PUB|TYPE_OF_TRANSFORMATION=IX|aggregation=quarterly_mean,\N,"{""comparison_period"": ""2021-Q2"", ""formula"": ""100 * (quarterly_mean_cpi / same_quarter_prior_year_mean_cpi - 1)"", ""source_cpi_series_code"": ""IMF|ACCESS_SHARING_LEVEL=PUBLIC_OPEN|COICOP_1999=_T|COMMON_REFERENCE_PERIOD=2025A|FREQUENCY=M|IFS_FLAG=true|INDEX_TYPE=CPI|OVERLAP=OL|SCALE=0|SECURITY_CLASSIFICATION=PUB|TYPE_OF_TRANSFORMATION=IX|aggregation=quarterly_mean""}"
LTU,inflation_consumer_prices_yoy_pct_quarterly_imf,2022-Q3,quarterly,22.707976303555633,\N,derived,IMF_CPI,derived_yoy:IMF|ACCESS_SHARING_LEVEL=PUBLIC_OPEN|COICOP_1999=_T|COMMON_REFERENCE_PERIOD=2025A|FREQUENCY=M|IFS_FLAG=true|INDEX_TYPE=CPI|OVERLAP=OL|SCALE=0|SECURITY_CLASSIFICATION=PUB|TYPE_OF_TRANSFORMATION=IX|aggregation=quarterly_mean,\N,"{""comparison_period"": ""2021-Q3"", ""formula"": ""100 * (quarterly_mean_cpi / same_quarter_prior_year_mean_cpi - 1)"", ""source_cpi_series_code"": ""IMF|ACCESS_SHARING_LEVEL=PUBLIC_OPEN|COICOP_1999=_T|COMMON_REFERENCE_PERIOD=2025A|FREQUENCY=M|IFS_FLAG=true|INDEX_TYPE=CPI|OVERLAP=OL|SCALE=0|SECURITY_CLASSIFICATION=PUB|TYPE_OF_TRANSFORMATION=IX|aggregation=quarterly_mean""}"
LTU,inflation_consumer_prices_yoy_pct_quarterly_imf,2022-Q4,quarterly,22.72236287361251,\N,derived,IMF_CPI,derived_yoy:IMF|ACCESS_SHARING_LEVEL=PUBLIC_OPEN|COICOP_1999=_T|COMMON_REFERENCE_PERIOD=2025A|FREQUENCY=M|IFS_FLAG=true|INDEX_TYPE=CPI|OVERLAP=OL|SCALE=0|SECURITY_CLASSIFICATION=PUB|TYPE_OF_TRANSFORMATION=IX|aggregation=quarterly_mean,\N,"{""comparison_period"": ""2021-Q4"", ""formula"": ""100 * (quarterly_mean_cpi / same_quarter_prior_year_mean_cpi - 1)"", ""source_cpi_series_code"": ""IMF|ACCESS_SHARING_LEVEL=PUBLIC_OPEN|COICOP_1999=_T|COMMON_REFERENCE_PERIOD=2025A|FREQUENCY=M|IFS_FLAG=true|INDEX_TYPE=CPI|OVERLAP=OL|SCALE=0|SECURITY_CLASSIFICATION=PUB|TYPE_OF_TRANSFORMATION=IX|aggregation=quarterly_mean""}"
LUX,inflation_consumer_prices_yoy_pct_quarterly_imf,2022-Q1,quarterly,5.425875341445208,\N,derived,IMF_CPI,derived_yoy:IMF|ACCESS_SHARING_LEVEL=PUBLIC_OPEN|COICOP_1999=_T|COMMON_REFERENCE_PERIOD=2025A|FREQUENCY=M|IFS_FLAG=true|INDEX_TYPE=CPI|OVERLAP=OL|SCALE=0|SECURITY_CLASSIFICATION=PUB|TYPE_OF_TRANSFORMATION=IX|aggregation=quarterly_mean,\N,"{""comparison_period"": ""2021-Q1"", ""formula"": ""100 * (quarterly_mean_cpi / same_quarter_prior_year_mean_cpi - 1)"", ""source_cpi_series_code"": ""IMF|ACCESS_SHARING_LEVEL=PUBLIC_OPEN|COICOP_1999=_T|COMMON_REFERENCE_PERIOD=2025A|FREQUENCY=M|IFS_FLAG=true|INDEX_TYPE=CPI|OVERLAP=OL|SCALE=0|SECURITY_CLASSIFICATION=PUB|TYPE_OF_TRANSFORMATION=IX|aggregation=quarterly_mean""}"
LUX,inflation_consumer_prices_yoy_pct_quarterly_imf,2022-Q2,quarterly,7.059655161815792,\N,derived,IMF_CPI,derived_yoy:IMF|ACCESS_SHARING_LEVEL=PUBLIC_OPEN|COICOP_1999=_T|COMMON_REFERENCE_PERIOD=2025A|FREQUENCY=M|IFS_FLAG=true|INDEX_TYPE=CPI|OVERLAP=OL|SCALE=0|SECURITY_CLASSIFICATION=PUB|TYPE_OF_TRANSFORMATION=IX|aggregation=quarterly_mean,\N,"{""comparison_period"": ""2021-Q2"", ""formula"": ""100 * (quarterly_mean_cpi / same_quarter_prior_year_mean_cpi - 1)"", ""source_cpi_series_code"": ""IMF|ACCESS_SHARING_LEVEL=PUBLIC_OPEN|COICOP_1999=_T|COMMON_REFERENCE_PERIOD=2025A|FREQUENCY=M|IFS_FLAG=true|INDEX_TYPE=CPI|OVERLAP=OL|SCALE=0|SECURITY_CLASSIFICATION=PUB|TYPE_OF_TRANSFORMATION=IX|aggregation=quarterly_mean""}"
LUX,inflation_consumer_prices_yoy_pct_quarterly_imf,2022-Q3,quarterly,6.800391389432492,\N,derived,IMF_CPI,derived_yoy:IMF|ACCESS_SHARING_LEVEL=PUBLIC_OPEN|COICOP_1999=_T|COMMON_REFERENCE_PERIOD=2025A|FREQUENCY=M|IFS_FLAG=true|INDEX_TYPE=CPI|OVERLAP=OL|SCALE=0|SECURITY_CLASSIFICATION=PUB|TYPE_OF_TRANSFORMATION=IX|aggregation=quarterly_mean,\N,"{""comparison_period"": ""2021-Q3"", ""formula"": ""100 * (quarterly_mean_cpi / same_quarter_prior_year_mean_cpi - 1)"", ""source_cpi_series_code"": ""IMF|ACCESS_SHARING_LEVEL=PUBLIC_OPEN|COICOP_1999=_T|COMMON_REFERENCE_PERIOD=2025A|FREQUENCY=M|IFS_FLAG=true|INDEX_TYPE=CPI|OVERLAP=OL|SCALE=0|SECURITY_CLASSIFICATION=PUB|TYPE_OF_TRANSFORMATION=IX|aggregation=quarterly_mean""}"
LUX,inflation_consumer_prices_yoy_pct_quarterly_imf,2022-Q4,quarterly,6.053137773503248,\N,derived,IMF_CPI,derived_yoy:IMF|ACCESS_SHARING_LEVEL=PUBLIC_OPEN|COICOP_1999=_T|COMMON_REFERENCE_PERIOD=2025A|FREQUENCY=M|IFS_FLAG=true|INDEX_TYPE=CPI|OVERLAP=OL|SCALE=0|SECURITY_CLASSIFICATION=PUB|TYPE_OF_TRANSFORMATION=IX|aggregation=quarterly_mean,\N,"{""comparison_period"": ""2021-Q4"", ""formula"": ""100 * (quarterly_mean_cpi / same_quarter_prior_year_mean_cpi - 1)"", ""source_cpi_series_code"": ""IMF|ACCESS_SHARING_LEVEL=PUBLIC_OPEN|COICOP_1999=_T|COMMON_REFERENCE_PERIOD=2025A|FREQUENCY=M|IFS_FLAG=true|INDEX_TYPE=CPI|OVERLAP=OL|SCALE=0|SECURITY_CLASSIFICATION=PUB|TYPE_OF_TRANSFORMATION=IX|aggregation=quarterly_mean""}"
LVA,inflation_consumer_prices_yoy_pct_quarterly_imf,2022-Q1,quarterly,9.227221882703972,\N,derived,IMF_CPI,derived_yoy:IMF|ACCESS_SHARING_LEVEL=PUBLIC_OPEN|COICOP_1999=_T|COMMON_REFERENCE_PERIOD=2025A|FREQUENCY=M|IFS_FLAG=true|INDEX_TYPE=CPI|OVERLAP=OL|SCALE=0|SECURITY_CLASSIFICATION=PUB|TYPE_OF_TRANSFORMATION=IX|aggregation=quarterly_mean,\N,"{""comparison_period"": ""2021-Q1"", ""formula"": ""100 * (quarterly_mean_cpi / same_quarter_prior_year_mean_cpi - 1)"", ""source_cpi_series_code"": ""IMF|ACCESS_SHARING_LEVEL=PUBLIC_OPEN|COICOP_1999=_T|COMMON_REFERENCE_PERIOD=2025A|FREQUENCY=M|IFS_FLAG=true|INDEX_TYPE=CPI|OVERLAP=OL|SCALE=0|SECURITY_CLASSIFICATION=PUB|TYPE_OF_TRANSFORMATION=IX|aggregation=quarterly_mean""}"
LVA,inflation_consumer_prices_yoy_pct_quarterly_imf,2022-Q2,quarterly,16.404927115463863,\N,derived,IMF_CPI,derived_yoy:IMF|ACCESS_SHARING_LEVEL=PUBLIC_OPEN|COICOP_1999=_T|COMMON_REFERENCE_PERIOD=2025A|FREQUENCY=M|IFS_FLAG=true|INDEX_TYPE=CPI|OVERLAP=OL|SCALE=0|SECURITY_CLASSIFICATION=PUB|TYPE_OF_TRANSFORMATION=IX|aggregation=quarterly_mean,\N,"{""comparison_period"": ""2021-Q2"", ""formula"": ""100 * (quarterly_mean_cpi / same_quarter_prior_year_mean_cpi - 1)"", ""source_cpi_series_code"": ""IMF|ACCESS_SHARING_LEVEL=PUBLIC_OPEN|COICOP_1999=_T|COMMON_REFERENCE_PERIOD=2025A|FREQUENCY=M|IFS_FLAG=true|INDEX_TYPE=CPI|OVERLAP=OL|SCALE=0|SECURITY_CLASSIFICATION=PUB|TYPE_OF_TRANSFORMATION=IX|aggregation=quarterly_mean""}"
LVA,inflation_consumer_prices_yoy_pct_quarterly_imf,2022-Q3,quarterly,21.74608753752063,\N,derived,IMF_CPI,derived_yoy:IMF|ACCESS_SHARING_LEVEL=PUBLIC_OPEN|COICOP_1999=_T|COMMON_REFERENCE_PERIOD=2025A|FREQUENCY=M|IFS_FLAG=true|INDEX_TYPE=CPI|OVERLAP=OL|SCALE=0|SECURITY_CLASSIFICATION=PUB|TYPE_OF_TRANSFORMATION=IX|aggregation=quarterly_mean,\N,"{""comparison_period"": ""2021-Q3"", ""formula"": ""100 * (quarterly_mean_cpi / same_quarter_prior_year_mean_cpi - 1)"", ""source_cpi_series_code"": ""IMF|ACCESS_SHARING_LEVEL=PUBLIC_OPEN|COICOP_1999=_T|COMMON_REFERENCE_PERIOD=2025A|FREQUENCY=M|IFS_FLAG=true|INDEX_TYPE=CPI|OVERLAP=OL|SCALE=0|SECURITY_CLASSIFICATION=PUB|TYPE_OF_TRANSFORMATION=IX|aggregation=quarterly_mean""}"
LVA,inflation_consumer_prices_yoy_pct_quarterly_imf,2022-Q4,quarterly,21.472495113782152,\N,derived,IMF_CPI,derived_yoy:IMF|ACCESS_SHARING_LEVEL=PUBLIC_OPEN|COICOP_1999=_T|COMMON_REFERENCE_PERIOD=2025A|FREQUENCY=M|IFS_FLAG=true|INDEX_TYPE=CPI|OVERLAP=OL|SCALE=0|SECURITY_CLASSIFICATION=PUB|TYPE_OF_TRANSFORMATION=IX|aggregation=quarterly_mean,\N,"{""comparison_period"": ""2021-Q4"", ""formula"": ""100 * (quarterly_mean_cpi / same_quarter_prior_year_mean_cpi - 1)"", ""source_cpi_series_code"": ""IMF|ACCESS_SHARING_LEVEL=PUBLIC_OPEN|COICOP_1999=_T|COMMON_REFERENCE_PERIOD=2025A|FREQUENCY=M|IFS_FLAG=true|INDEX_TYPE=CPI|OVERLAP=OL|SCALE=0|SECURITY_CLASSIFICATION=PUB|TYPE_OF_TRANSFORMATION=IX|aggregation=quarterly_mean""}"
MAC,inflation_consumer_prices_yoy_pct_quarterly_imf,2022-Q1,quarterly,0.9558451704267945,\N,derived,IMF_CPI,derived_yoy:IMF|ACCESS_SHARING_LEVEL=PUBLIC_OPEN|COICOP_1999=_T|COMMON_REFERENCE_PERIOD=2023M7_2024M6|FREQUENCY=M|IFS_FLAG=true|INDEX_TYPE=CPI|OVERLAP=OL|SCALE=0|SECURITY_CLASSIFICATION=PUB|TYPE_OF_TRANSFORMATION=IX|aggregation=quarterly_mean,\N,"{""comparison_period"": ""2021-Q1"", ""formula"": ""100 * (quarterly_mean_cpi / same_quarter_prior_year_mean_cpi - 1)"", ""source_cpi_series_code"": ""IMF|ACCESS_SHARING_LEVEL=PUBLIC_OPEN|COICOP_1999=_T|COMMON_REFERENCE_PERIOD=2023M7_2024M6|FREQUENCY=M|IFS_FLAG=true|INDEX_TYPE=CPI|OVERLAP=OL|SCALE=0|SECURITY_CLASSIFICATION=PUB|TYPE_OF_TRANSFORMATION=IX|aggregation=quarterly_mean""}"
MAC,inflation_consumer_prices_yoy_pct_quarterly_imf,2022-Q2,quarterly,1.163174219461438,\N,derived,IMF_CPI,derived_yoy:IMF|ACCESS_SHARING_LEVEL=PUBLIC_OPEN|COICOP_1999=_T|COMMON_REFERENCE_PERIOD=2023M7_2024M6|FREQUENCY=M|IFS_FLAG=true|INDEX_TYPE=CPI|OVERLAP=OL|SCALE=0|SECURITY_CLASSIFICATION=PUB|TYPE_OF_TRANSFORMATION=IX|aggregation=quarterly_mean,\N,"{""comparison_period"": ""2021-Q2"", ""formula"": ""100 * (quarterly_mean_cpi / same_quarter_prior_year_mean_cpi - 1)"", ""source_cpi_series_code"": ""IMF|ACCESS_SHARING_LEVEL=PUBLIC_OPEN|COICOP_1999=_T|COMMON_REFERENCE_PERIOD=2023M7_2024M6|FREQUENCY=M|IFS_FLAG=true|INDEX_TYPE=CPI|OVERLAP=OL|SCALE=0|SECURITY_CLASSIFICATION=PUB|TYPE_OF_TRANSFORMATION=IX|aggregation=quarterly_mean""}"
MAC,inflation_consumer_prices_yoy_pct_quarterly_imf,2022-Q3,quarterly,1.2138112063646567,\N,derived,IMF_CPI,derived_yoy:IMF|ACCESS_SHARING_LEVEL=PUBLIC_OPEN|COICOP_1999=_T|COMMON_REFERENCE_PERIOD=2023M7_2024M6|FREQUENCY=M|IFS_FLAG=true|INDEX_TYPE=CPI|OVERLAP=OL|SCALE=0|SECURITY_CLASSIFICATION=PUB|TYPE_OF_TRANSFORMATION=IX|aggregation=quarterly_mean,\N,"{""comparison_period"": ""2021-Q3"", ""formula"": ""100 * (quarterly_mean_cpi / same_quarter_prior_year_mean_cpi - 1)"", ""source_cpi_series_code"": ""IMF|ACCESS_SHARING_LEVEL=PUBLIC_OPEN|COICOP_1999=_T|COMMON_REFERENCE_PERIOD=2023M7_2024M6|FREQUENCY=M|IFS_FLAG=true|INDEX_TYPE=CPI|OVERLAP=OL|SCALE=0|SECURITY_CLASSIFICATION=PUB|TYPE_OF_TRANSFORMATION=IX|aggregation=quarterly_mean""}"
MAC,inflation_consumer_prices_yoy_pct_quarterly_imf,2022-Q4,quarterly,0.8478861628437917,\N,derived,IMF_CPI,derived_yoy:IMF|ACCESS_SHARING_LEVEL=PUBLIC_OPEN|COICOP_1999=_T|COMMON_REFERENCE_PERIOD=2023M7_2024M6|FREQUENCY=M|IFS_FLAG=true|INDEX_TYPE=CPI|OVERLAP=OL|SCALE=0|SECURITY_CLASSIFICATION=PUB|TYPE_OF_TRANSFORMATION=IX|aggregation=quarterly_mean,\N,"{""comparison_period"": ""2021-Q4"", ""formula"": ""100 * (quarterly_mean_cpi / same_quarter_prior_year_mean_cpi - 1)"", ""source_cpi_series_code"": ""IMF|ACCESS_SHARING_LEVEL=PUBLIC_OPEN|COICOP_1999=_T|COMMON_REFERENCE_PERIOD=2023M7_2024M6|FREQUENCY=M|IFS_FLAG=true|INDEX_TYPE=CPI|OVERLAP=OL|SCALE=0|SECURITY_CLASSIFICATION=PUB|TYPE_OF_TRANSFORMATION=IX|aggregation=quarterly_mean""}"
MAR,inflation_consumer_prices_yoy_pct_quarterly_imf,2022-Q1,quarterly,4.002603319232034,\N,derived,IMF_CPI,derived_yoy:IMF|ACCESS_SHARING_LEVEL=PUBLIC_OPEN|COICOP_1999=_T|COMMON_REFERENCE_PERIOD=2017A|FREQUENCY=M|IFS_FLAG=true|INDEX_TYPE=CPI|OVERLAP=OL|SCALE=0|SECURITY_CLASSIFICATION=PUB|TYPE_OF_TRANSFORMATION=IX|aggregation=quarterly_mean,\N,"{""comparison_period"": ""2021-Q1"", ""formula"": ""100 * (quarterly_mean_cpi / same_quarter_prior_year_mean_cpi - 1)"", ""source_cpi_series_code"": ""IMF|ACCESS_SHARING_LEVEL=PUBLIC_OPEN|COICOP_1999=_T|COMMON_REFERENCE_PERIOD=2017A|FREQUENCY=M|IFS_FLAG=true|INDEX_TYPE=CPI|OVERLAP=OL|SCALE=0|SECURITY_CLASSIFICATION=PUB|TYPE_OF_TRANSFORMATION=IX|aggregation=quarterly_mean""}"
MAR,inflation_consumer_prices_yoy_pct_quarterly_imf,2022-Q2,quarterly,6.296177320912322,\N,derived,IMF_CPI,derived_yoy:IMF|ACCESS_SHARING_LEVEL=PUBLIC_OPEN|COICOP_1999=_T|COMMON_REFERENCE_PERIOD=2017A|FREQUENCY=M|IFS_FLAG=true|INDEX_TYPE=CPI|OVERLAP=OL|SCALE=0|SECURITY_CLASSIFICATION=PUB|TYPE_OF_TRANSFORMATION=IX|aggregation=quarterly_mean,\N,"{""comparison_period"": ""2021-Q2"", ""formula"": ""100 * (quarterly_mean_cpi / same_quarter_prior_year_mean_cpi - 1)"", ""source_cpi_series_code"": ""IMF|ACCESS_SHARING_LEVEL=PUBLIC_OPEN|COICOP_1999=_T|COMMON_REFERENCE_PERIOD=2017A|FREQUENCY=M|IFS_FLAG=true|INDEX_TYPE=CPI|OVERLAP=OL|SCALE=0|SECURITY_CLASSIFICATION=PUB|TYPE_OF_TRANSFORMATION=IX|aggregation=quarterly_mean""}"
MAR,inflation_consumer_prices_yoy_pct_quarterly_imf,2022-Q3,quarterly,8.010253123998702,\N,derived,IMF_CPI,derived_yoy:IMF|ACCESS_SHARING_LEVEL=PUBLIC_OPEN|COICOP_1999=_T|COMMON_REFERENCE_PERIOD=2017A|FREQUENCY=M|IFS_FLAG=true|INDEX_TYPE=CPI|OVERLAP=OL|SCALE=0|SECURITY_CLASSIFICATION=PUB|TYPE_OF_TRANSFORMATION=IX|aggregation=quarterly_mean,\N,"{""comparison_period"": ""2021-Q3"", ""formula"": ""100 * (quarterly_mean_cpi / same_quarter_prior_year_mean_cpi - 1)"", ""source_cpi_series_code"": ""IMF|ACCESS_SHARING_LEVEL=PUBLIC_OPEN|COICOP_1999=_T|COMMON_REFERENCE_PERIOD=2017A|FREQUENCY=M|IFS_FLAG=true|INDEX_TYPE=CPI|OVERLAP=OL|SCALE=0|SECURITY_CLASSIFICATION=PUB|TYPE_OF_TRANSFORMATION=IX|aggregation=quarterly_mean""}"
MAR,inflation_consumer_prices_yoy_pct_quarterly_imf,2022-Q4,quarterly,8.25688073394495,\N,derived,IMF_CPI,derived_yoy:IMF|ACCESS_SHARING_LEVEL=PUBLIC_OPEN|COICOP_1999=_T|COMMON_REFERENCE_PERIOD=2017A|FREQUENCY=M|IFS_FLAG=true|INDEX_TYPE=CPI|OVERLAP=OL|SCALE=0|SECURITY_CLASSIFICATION=PUB|TYPE_OF_TRANSFORMATION=IX|aggregation=quarterly_mean,\N,"{""comparison_period"": ""2021-Q4"", ""formula"": ""100 * (quarterly_mean_cpi / same_quarter_prior_year_mean_cpi - 1)"", ""source_cpi_series_code"": ""IMF|ACCESS_SHARING_LEVEL=PUBLIC_OPEN|COICOP_1999=_T|COMMON_REFERENCE_PERIOD=2017A|FREQUENCY=M|IFS_FLAG=true|INDEX_TYPE=CPI|OVERLAP=OL|SCALE=0|SECURITY_CLASSIFICATION=PUB|TYPE_OF_TRANSFORMATION=IX|aggregation=quarterly_mean""}"
MDA,inflation_consumer_prices_yoy_pct_quarterly_imf,2022-Q1,quarterly,19.092453854240922,\N,derived,IMF_CPI,derived_yoy:IMF|ACCESS_SHARING_LEVEL=PUBLIC_OPEN|COICOP_1999=_T|COMMON_REFERENCE_PERIOD=2026M6|FREQUENCY=M|IFS_FLAG=true|INDEX_TYPE=CPI|OVERLAP=OL|SCALE=0|SECURITY_CLASSIFICATION=PUB|TYPE_OF_TRANSFORMATION=IX|aggregation=quarterly_mean,\N,"{""comparison_period"": ""2021-Q1"", ""formula"": ""100 * (quarterly_mean_cpi / same_quarter_prior_year_mean_cpi - 1)"", ""source_cpi_series_code"": ""IMF|ACCESS_SHARING_LEVEL=PUBLIC_OPEN|COICOP_1999=_T|COMMON_REFERENCE_PERIOD=2026M6|FREQUENCY=M|IFS_FLAG=true|INDEX_TYPE=CPI|OVERLAP=OL|SCALE=0|SECURITY_CLASSIFICATION=PUB|TYPE_OF_TRANSFORMATION=IX|aggregation=quarterly_mean""}"
MDA,inflation_consumer_prices_yoy_pct_quarterly_imf,2022-Q2,quarterly,29.319046380794656,\N,derived,IMF_CPI,derived_yoy:IMF|ACCESS_SHARING_LEVEL=PUBLIC_OPEN|COICOP_1999=_T|COMMON_REFERENCE_PERIOD=2026M6|FREQUENCY=M|IFS_FLAG=true|INDEX_TYPE=CPI|OVERLAP=OL|SCALE=0|SECURITY_CLASSIFICATION=PUB|TYPE_OF_TRANSFORMATION=IX|aggregation=quarterly_mean,\N,"{""comparison_period"": ""2021-Q2"", ""formula"": ""100 * (quarterly_mean_cpi / same_quarter_prior_year_mean_cpi - 1)"", ""source_cpi_series_code"": ""IMF|ACCESS_SHARING_LEVEL=PUBLIC_OPEN|COICOP_1999=_T|COMMON_REFERENCE_PERIOD=2026M6|FREQUENCY=M|IFS_FLAG=true|INDEX_TYPE=CPI|OVERLAP=OL|SCALE=0|SECURITY_CLASSIFICATION=PUB|TYPE_OF_TRANSFORMATION=IX|aggregation=quarterly_mean""}"
MDA,inflation_consumer_prices_yoy_pct_quarterly_imf,2022-Q3,quarterly,33.93806823611356,\N,derived,IMF_CPI,derived_yoy:IMF|ACCESS_SHARING_LEVEL=PUBLIC_OPEN|COICOP_1999=_T|COMMON_REFERENCE_PERIOD=2026M6|FREQUENCY=M|IFS_FLAG=true|INDEX_TYPE=CPI|OVERLAP=OL|SCALE=0|SECURITY_CLASSIFICATION=PUB|TYPE_OF_TRANSFORMATION=IX|aggregation=quarterly_mean,\N,"{""comparison_period"": ""2021-Q3"", ""formula"": ""100 * (quarterly_mean_cpi / same_quarter_prior_year_mean_cpi - 1)"", ""source_cpi_series_code"": ""IMF|ACCESS_SHARING_LEVEL=PUBLIC_OPEN|COICOP_1999=_T|COMMON_REFERENCE_PERIOD=2026M6|FREQUENCY=M|IFS_FLAG=true|INDEX_TYPE=CPI|OVERLAP=OL|SCALE=0|SECURITY_CLASSIFICATION=PUB|TYPE_OF_TRANSFORMATION=IX|aggregation=quarterly_mean""}"
MDA,inflation_consumer_prices_yoy_pct_quarterly_imf,2022-Q4,quarterly,32.0512210902532,\N,derived,IMF_CPI,derived_yoy:IMF|ACCESS_SHARING_LEVEL=PUBLIC_OPEN|COICOP_1999=_T|COMMON_REFERENCE_PERIOD=2026M6|FREQUENCY=M|IFS_FLAG=true|INDEX_TYPE=CPI|OVERLAP=OL|SCALE=0|SECURITY_CLASSIFICATION=PUB|TYPE_OF_TRANSFORMATION=IX|aggregation=quarterly_mean,\N,"{""comparison_period"": ""2021-Q4"", ""formula"": ""100 * (quarterly_mean_cpi / same_quarter_prior_year_mean_cpi - 1)"", ""source_cpi_series_code"": ""IMF|ACCESS_SHARING_LEVEL=PUBLIC_OPEN|COICOP_1999=_T|COMMON_REFERENCE_PERIOD=2026M6|FREQUENCY=M|IFS_FLAG=true|INDEX_TYPE=CPI|OVERLAP=OL|SCALE=0|SECURITY_CLASSIFICATION=PUB|TYPE_OF_TRANSFORMATION=IX|aggregation=quarterly_mean""}"
MDG,inflation_consumer_prices_yoy_pct_quarterly_imf,2022-Q1,quarterly,6.194909993792663,\N,derived,IMF_CPI,derived_yoy:IMF|ACCESS_SHARING_LEVEL=PUBLIC_OPEN|COICOP_1999=_T|COMMON_REFERENCE_PERIOD=2016A|FREQUENCY=M|IFS_FLAG=true|INDEX_TYPE=CPI|OVERLAP=OL|SCALE=0|SECURITY_CLASSIFICATION=PUB|TYPE_OF_TRANSFORMATION=IX|aggregation=quarterly_mean,\N,"{""comparison_period"": ""2021-Q1"", ""formula"": ""100 * (quarterly_mean_cpi / same_quarter_prior_year_mean_cpi - 1)"", ""source_cpi_series_code"": ""IMF|ACCESS_SHARING_LEVEL=PUBLIC_OPEN|COICOP_1999=_T|COMMON_REFERENCE_PERIOD=2016A|FREQUENCY=M|IFS_FLAG=true|INDEX_TYPE=CPI|OVERLAP=OL|SCALE=0|SECURITY_CLASSIFICATION=PUB|TYPE_OF_TRANSFORMATION=IX|aggregation=quarterly_mean""}"
MDG,inflation_consumer_prices_yoy_pct_quarterly_imf,2022-Q2,quarterly,6.4934431823721495,\N,derived,IMF_CPI,derived_yoy:IMF|ACCESS_SHARING_LEVEL=PUBLIC_OPEN|COICOP_1999=_T|COMMON_REFERENCE_PERIOD=2016A|FREQUENCY=M|IFS_FLAG=true|INDEX_TYPE=CPI|OVERLAP=OL|SCALE=0|SECURITY_CLASSIFICATION=PUB|TYPE_OF_TRANSFORMATION=IX|aggregation=quarterly_mean,\N,"{""comparison_period"": ""2021-Q2"", ""formula"": ""100 * (quarterly_mean_cpi / same_quarter_prior_year_mean_cpi - 1)"", ""source_cpi_series_code"": ""IMF|ACCESS_SHARING_LEVEL=PUBLIC_OPEN|COICOP_1999=_T|COMMON_REFERENCE_PERIOD=2016A|FREQUENCY=M|IFS_FLAG=true|INDEX_TYPE=CPI|OVERLAP=OL|SCALE=0|SECURITY_CLASSIFICATION=PUB|TYPE_OF_TRANSFORMATION=IX|aggregation=quarterly_mean""}"
MDG,inflation_consumer_prices_yoy_pct_quarterly_imf,2022-Q3,quarterly,10.707236050262402,\N,derived,IMF_CPI,derived_yoy:IMF|ACCESS_SHARING_LEVEL=PUBLIC_OPEN|COICOP_1999=_T|COMMON_REFERENCE_PERIOD=2016A|FREQUENCY=M|IFS_FLAG=true|INDEX_TYPE=CPI|OVERLAP=OL|SCALE=0|SECURITY_CLASSIFICATION=PUB|TYPE_OF_TRANSFORMATION=IX|aggregation=quarterly_mean,\N,"{""comparison_period"": ""2021-Q3"", ""formula"": ""100 * (quarterly_mean_cpi / same_quarter_prior_year_mean_cpi - 1)"", ""source_cpi_series_code"": ""IMF|ACCESS_SHARING_LEVEL=PUBLIC_OPEN|COICOP_1999=_T|COMMON_REFERENCE_PERIOD=2016A|FREQUENCY=M|IFS_FLAG=true|INDEX_TYPE=CPI|OVERLAP=OL|SCALE=0|SECURITY_CLASSIFICATION=PUB|TYPE_OF_TRANSFORMATION=IX|aggregation=quarterly_mean""}"
MDG,inflation_consumer_prices_yoy_pct_quarterly_imf,2022-Q4,quarterly,9.156356528165134,\N,derived,IMF_CPI,derived_yoy:IMF|ACCESS_SHARING_LEVEL=PUBLIC_OPEN|COICOP_1999=_T|COMMON_REFERENCE_PERIOD=2016A|FREQUENCY=M|IFS_FLAG=true|INDEX_TYPE=CPI|OVERLAP=OL|SCALE=0|SECURITY_CLASSIFICATION=PUB|TYPE_OF_TRANSFORMATION=IX|aggregation=quarterly_mean,\N,"{""comparison_period"": ""2021-Q4"", ""formula"": ""100 * (quarterly_mean_cpi / same_quarter_prior_year_mean_cpi - 1)"", ""source_cpi_series_code"": ""IMF|ACCESS_SHARING_LEVEL=PUBLIC_OPEN|COICOP_1999=_T|COMMON_REFERENCE_PERIOD=2016A|FREQUENCY=M|IFS_FLAG=true|INDEX_TYPE=CPI|OVERLAP=OL|SCALE=0|SECURITY_CLASSIFICATION=PUB|TYPE_OF_TRANSFORMATION=IX|aggregation=quarterly_mean""}"
MDV,inflation_consumer_prices_yoy_pct_quarterly_imf,2022-Q1,quarterly,0.5961532263832892,\N,derived,IMF_CPI,derived_yoy:IMF|ACCESS_SHARING_LEVEL=PUBLIC_OPEN|COICOP_1999=_T|COMMON_REFERENCE_PERIOD=2022M11|FREQUENCY=M|IFS_FLAG=true|INDEX_TYPE=CPI|OVERLAP=OL|SCALE=0|SECURITY_CLASSIFICATION=PUB|TYPE_OF_TRANSFORMATION=IX|aggregation=quarterly_mean,\N,"{""comparison_period"": ""2021-Q1"", ""formula"": ""100 * (quarterly_mean_cpi / same_quarter_prior_year_mean_cpi - 1)"", ""source_cpi_series_code"": ""IMF|ACCESS_SHARING_LEVEL=PUBLIC_OPEN|COICOP_1999=_T|COMMON_REFERENCE_PERIOD=2022M11|FREQUENCY=M|IFS_FLAG=true|INDEX_TYPE=CPI|OVERLAP=OL|SCALE=0|SECURITY_CLASSIFICATION=PUB|TYPE_OF_TRANSFORMATION=IX|aggregation=quarterly_mean""}"
MDV,inflation_consumer_prices_yoy_pct_quarterly_imf,2022-Q2,quarterly,2.942560003114303,\N,derived,IMF_CPI,derived_yoy:IMF|ACCESS_SHARING_LEVEL=PUBLIC_OPEN|COICOP_1999=_T|COMMON_REFERENCE_PERIOD=2022M11|FREQUENCY=M|IFS_FLAG=true|INDEX_TYPE=CPI|OVERLAP=OL|SCALE=0|SECURITY_CLASSIFICATION=PUB|TYPE_OF_TRANSFORMATION=IX|aggregation=quarterly_mean,\N,"{""comparison_period"": ""2021-Q2"", ""formula"": ""100 * (quarterly_mean_cpi / same_quarter_prior_year_mean_cpi - 1)"", ""source_cpi_series_code"": ""IMF|ACCESS_SHARING_LEVEL=PUBLIC_OPEN|COICOP_1999=_T|COMMON_REFERENCE_PERIOD=2022M11|FREQUENCY=M|IFS_FLAG=true|INDEX_TYPE=CPI|OVERLAP=OL|SCALE=0|SECURITY_CLASSIFICATION=PUB|TYPE_OF_TRANSFORMATION=IX|aggregation=quarterly_mean""}"
MDV,inflation_consumer_prices_yoy_pct_quarterly_imf,2022-Q3,quarterly,2.737093939890922,\N,derived,IMF_CPI,derived_yoy:IMF|ACCESS_SHARING_LEVEL=PUBLIC_OPEN|COICOP_1999=_T|COMMON_REFERENCE_PERIOD=2022M11|FREQUENCY=M|IFS_FLAG=true|INDEX_TYPE=CPI|OVERLAP=OL|SCALE=0|SECURITY_CLASSIFICATION=PUB|TYPE_OF_TRANSFORMATION=IX|aggregation=quarterly_mean,\N,"{""comparison_period"": ""2021-Q3"", ""formula"": ""100 * (quarterly_mean_cpi / same_quarter_prior_year_mean_cpi - 1)"", ""source_cpi_series_code"": ""IMF|ACCESS_SHARING_LEVEL=PUBLIC_OPEN|COICOP_1999=_T|COMMON_REFERENCE_PERIOD=2022M11|FREQUENCY=M|IFS_FLAG=true|INDEX_TYPE=CPI|OVERLAP=OL|SCALE=0|SECURITY_CLASSIFICATION=PUB|TYPE_OF_TRANSFORMATION=IX|aggregation=quarterly_mean""}"
MDV,inflation_consumer_prices_yoy_pct_quarterly_imf,2022-Q4,quarterly,3.0544767631172087,\N,derived,IMF_CPI,derived_yoy:IMF|ACCESS_SHARING_LEVEL=PUBLIC_OPEN|COICOP_1999=_T|COMMON_REFERENCE_PERIOD=2022M11|FREQUENCY=M|IFS_FLAG=true|INDEX_TYPE=CPI|OVERLAP=OL|SCALE=0|SECURITY_CLASSIFICATION=PUB|TYPE_OF_TRANSFORMATION=IX|aggregation=quarterly_mean,\N,"{""comparison_period"": ""2021-Q4"", ""formula"": ""100 * (quarterly_mean_cpi / same_quarter_prior_year_mean_cpi - 1)"", ""source_cpi_series_code"": ""IMF|ACCESS_SHARING_LEVEL=PUBLIC_OPEN|COICOP_1999=_T|COMMON_REFERENCE_PERIOD=2022M11|FREQUENCY=M|IFS_FLAG=true|INDEX_TYPE=CPI|OVERLAP=OL|SCALE=0|SECURITY_CLASSIFICATION=PUB|TYPE_OF_TRANSFORMATION=IX|aggregation=quarterly_mean""}"
MEX,inflation_consumer_prices_yoy_pct_quarterly_imf,2022-Q1,quarterly,7.268855442856248,\N,derived,IMF_CPI,derived_yoy:IMF|ACCESS_SHARING_LEVEL=PUBLIC_OPEN|COICOP_1999=_T|COMMON_REFERENCE_PERIOD=2018M07|FREQUENCY=M|IFS_FLAG=true|INDEX_TYPE=CPI|OVERLAP=OL|SCALE=0|SECURITY_CLASSIFICATION=PUB|TYPE_OF_TRANSFORMATION=IX|aggregation=quarterly_mean,\N,"{""comparison_period"": ""2021-Q1"", ""formula"": ""100 * (quarterly_mean_cpi / same_quarter_prior_year_mean_cpi - 1)"", ""source_cpi_series_code"": ""IMF|ACCESS_SHARING_LEVEL=PUBLIC_OPEN|COICOP_1999=_T|COMMON_REFERENCE_PERIOD=2018M07|FREQUENCY=M|IFS_FLAG=true|INDEX_TYPE=CPI|OVERLAP=OL|SCALE=0|SECURITY_CLASSIFICATION=PUB|TYPE_OF_TRANSFORMATION=IX|aggregation=quarterly_mean""}"
MEX,inflation_consumer_prices_yoy_pct_quarterly_imf,2022-Q2,quarterly,7.774259760031055,\N,derived,IMF_CPI,derived_yoy:IMF|ACCESS_SHARING_LEVEL=PUBLIC_OPEN|COICOP_1999=_T|COMMON_REFERENCE_PERIOD=2018M07|FREQUENCY=M|IFS_FLAG=true|INDEX_TYPE=CPI|OVERLAP=OL|SCALE=0|SECURITY_CLASSIFICATION=PUB|TYPE_OF_TRANSFORMATION=IX|aggregation=quarterly_mean,\N,"{""comparison_period"": ""2021-Q2"", ""formula"": ""100 * (quarterly_mean_cpi / same_quarter_prior_year_mean_cpi - 1)"", ""source_cpi_series_code"": ""IMF|ACCESS_SHARING_LEVEL=PUBLIC_OPEN|COICOP_1999=_T|COMMON_REFERENCE_PERIOD=2018M07|FREQUENCY=M|IFS_FLAG=true|INDEX_TYPE=CPI|OVERLAP=OL|SCALE=0|SECURITY_CLASSIFICATION=PUB|TYPE_OF_TRANSFORMATION=IX|aggregation=quarterly_mean""}"
MEX,inflation_consumer_prices_yoy_pct_quarterly_imf,2022-Q3,quarterly,8.515935963902233,\N,derived,IMF_CPI,derived_yoy:IMF|ACCESS_SHARING_LEVEL=PUBLIC_OPEN|COICOP_1999=_T|COMMON_REFERENCE_PERIOD=2018M07|FREQUENCY=M|IFS_FLAG=true|INDEX_TYPE=CPI|OVERLAP=OL|SCALE=0|SECURITY_CLASSIFICATION=PUB|TYPE_OF_TRANSFORMATION=IX|aggregation=quarterly_mean,\N,"{""comparison_period"": ""2021-Q3"", ""formula"": ""100 * (quarterly_mean_cpi / same_quarter_prior_year_mean_cpi - 1)"", ""source_cpi_series_code"": ""IMF|ACCESS_SHARING_LEVEL=PUBLIC_OPEN|COICOP_1999=_T|COMMON_REFERENCE_PERIOD=2018M07|FREQUENCY=M|IFS_FLAG=true|INDEX_TYPE=CPI|OVERLAP=OL|SCALE=0|SECURITY_CLASSIFICATION=PUB|TYPE_OF_TRANSFORMATION=IX|aggregation=quarterly_mean""}"
MEX,inflation_consumer_prices_yoy_pct_quarterly_imf,2022-Q4,quarterly,8.005077869239141,\N,derived,IMF_CPI,derived_yoy:IMF|ACCESS_SHARING_LEVEL=PUBLIC_OPEN|COICOP_1999=_T|COMMON_REFERENCE_PERIOD=2018M07|FREQUENCY=M|IFS_FLAG=true|INDEX_TYPE=CPI|OVERLAP=OL|SCALE=0|SECURITY_CLASSIFICATION=PUB|TYPE_OF_TRANSFORMATION=IX|aggregation=quarterly_mean,\N,"{""comparison_period"": ""2021-Q4"", ""formula"": ""100 * (quarterly_mean_cpi / same_quarter_prior_year_mean_cpi - 1)"", ""source_cpi_series_code"": ""IMF|ACCESS_SHARING_LEVEL=PUBLIC_OPEN|COICOP_1999=_T|COMMON_REFERENCE_PERIOD=2018M07|FREQUENCY=M|IFS_FLAG=true|INDEX_TYPE=CPI|OVERLAP=OL|SCALE=0|SECURITY_CLASSIFICATION=PUB|TYPE_OF_TRANSFORMATION=IX|aggregation=quarterly_mean""}"
MKD,inflation_consumer_prices_yoy_pct_quarterly_imf,2022-Q1,quarterly,7.702932120967931,\N,derived,IMF_CPI,derived_yoy:IMF|ACCESS_SHARING_LEVEL=PUBLIC_OPEN|COICOP_1999=_T|COMMON_REFERENCE_PERIOD=2025A|FREQUENCY=M|IFS_FLAG=true|INDEX_TYPE=CPI|OVERLAP=OL|SCALE=0|SECURITY_CLASSIFICATION=PUB|TYPE_OF_TRANSFORMATION=IX|aggregation=quarterly_mean,\N,"{""comparison_period"": ""2021-Q1"", ""formula"": ""100 * (quarterly_mean_cpi / same_quarter_prior_year_mean_cpi - 1)"", ""source_cpi_series_code"": ""IMF|ACCESS_SHARING_LEVEL=PUBLIC_OPEN|COICOP_1999=_T|COMMON_REFERENCE_PERIOD=2025A|FREQUENCY=M|IFS_FLAG=true|INDEX_TYPE=CPI|OVERLAP=OL|SCALE=0|SECURITY_CLASSIFICATION=PUB|TYPE_OF_TRANSFORMATION=IX|aggregation=quarterly_mean""}"
MKD,inflation_consumer_prices_yoy_pct_quarterly_imf,2022-Q2,quarterly,12.290139010786794,\N,derived,IMF_CPI,derived_yoy:IMF|ACCESS_SHARING_LEVEL=PUBLIC_OPEN|COICOP_1999=_T|COMMON_REFERENCE_PERIOD=2025A|FREQUENCY=M|IFS_FLAG=true|INDEX_TYPE=CPI|OVERLAP=OL|SCALE=0|SECURITY_CLASSIFICATION=PUB|TYPE_OF_TRANSFORMATION=IX|aggregation=quarterly_mean,\N,"{""comparison_period"": ""2021-Q2"", ""formula"": ""100 * (quarterly_mean_cpi / same_quarter_prior_year_mean_cpi - 1)"", ""source_cpi_series_code"": ""IMF|ACCESS_SHARING_LEVEL=PUBLIC_OPEN|COICOP_1999=_T|COMMON_REFERENCE_PERIOD=2025A|FREQUENCY=M|IFS_FLAG=true|INDEX_TYPE=CPI|OVERLAP=OL|SCALE=0|SECURITY_CLASSIFICATION=PUB|TYPE_OF_TRANSFORMATION=IX|aggregation=quarterly_mean""}"
MKD,inflation_consumer_prices_yoy_pct_quarterly_imf,2022-Q3,quarterly,17.185929648241217,\N,derived,IMF_CPI,derived_yoy:IMF|ACCESS_SHARING_LEVEL=PUBLIC_OPEN|COICOP_1999=_T|COMMON_REFERENCE_PERIOD=2025A|FREQUENCY=M|IFS_FLAG=true|INDEX_TYPE=CPI|OVERLAP=OL|SCALE=0|SECURITY_CLASSIFICATION=PUB|TYPE_OF_TRANSFORMATION=IX|aggregation=quarterly_mean,\N,"{""comparison_period"": ""2021-Q3"", ""formula"": ""100 * (quarterly_mean_cpi / same_quarter_prior_year_mean_cpi - 1)"", ""source_cpi_series_code"": ""IMF|ACCESS_SHARING_LEVEL=PUBLIC_OPEN|COICOP_1999=_T|COMMON_REFERENCE_PERIOD=2025A|FREQUENCY=M|IFS_FLAG=true|INDEX_TYPE=CPI|OVERLAP=OL|SCALE=0|SECURITY_CLASSIFICATION=PUB|TYPE_OF_TRANSFORMATION=IX|aggregation=quarterly_mean""}"
MKD,inflation_consumer_prices_yoy_pct_quarterly_imf,2022-Q4,quarterly,19.355817224167858,\N,derived,IMF_CPI,derived_yoy:IMF|ACCESS_SHARING_LEVEL=PUBLIC_OPEN|COICOP_1999=_T|COMMON_REFERENCE_PERIOD=2025A|FREQUENCY=M|IFS_FLAG=true|INDEX_TYPE=CPI|OVERLAP=OL|SCALE=0|SECURITY_CLASSIFICATION=PUB|TYPE_OF_TRANSFORMATION=IX|aggregation=quarterly_mean,\N,"{""comparison_period"": ""2021-Q4"", ""formula"": ""100 * (quarterly_mean_cpi / same_quarter_prior_year_mean_cpi - 1)"", ""source_cpi_series_code"": ""IMF|ACCESS_SHARING_LEVEL=PUBLIC_OPEN|COICOP_1999=_T|COMMON_REFERENCE_PERIOD=2025A|FREQUENCY=M|IFS_FLAG=true|INDEX_TYPE=CPI|OVERLAP=OL|SCALE=0|SECURITY_CLASSIFICATION=PUB|TYPE_OF_TRANSFORMATION=IX|aggregation=quarterly_mean""}"
MLI,inflation_consumer_prices_yoy_pct_quarterly_imf,2022-Q1,quarterly,7.992138879790356,\N,derived,IMF_CPI,derived_yoy:IMF|ACCESS_SHARING_LEVEL=PUBLIC_OPEN|COICOP_1999=_T|COMMON_REFERENCE_PERIOD=2023A|FREQUENCY=M|IFS_FLAG=true|INDEX_TYPE=CPI|OVERLAP=OL|SCALE=0|SECURITY_CLASSIFICATION=PUB|TYPE_OF_TRANSFORMATION=IX|aggregation=quarterly_mean,\N,"{""comparison_period"": ""2021-Q1"", ""formula"": ""100 * (quarterly_mean_cpi / same_quarter_prior_year_mean_cpi - 1)"", ""source_cpi_series_code"": ""IMF|ACCESS_SHARING_LEVEL=PUBLIC_OPEN|COICOP_1999=_T|COMMON_REFERENCE_PERIOD=2023A|FREQUENCY=M|IFS_FLAG=true|INDEX_TYPE=CPI|OVERLAP=OL|SCALE=0|SECURITY_CLASSIFICATION=PUB|TYPE_OF_TRANSFORMATION=IX|aggregation=quarterly_mean""}"
MLI,inflation_consumer_prices_yoy_pct_quarterly_imf,2022-Q2,quarterly,9.478065962215808,\N,derived,IMF_CPI,derived_yoy:IMF|ACCESS_SHARING_LEVEL=PUBLIC_OPEN|COICOP_1999=_T|COMMON_REFERENCE_PERIOD=2023A|FREQUENCY=M|IFS_FLAG=true|INDEX_TYPE=CPI|OVERLAP=OL|SCALE=0|SECURITY_CLASSIFICATION=PUB|TYPE_OF_TRANSFORMATION=IX|aggregation=quarterly_mean,\N,"{""comparison_period"": ""2021-Q2"", ""formula"": ""100 * (quarterly_mean_cpi / same_quarter_prior_year_mean_cpi - 1)"", ""source_cpi_series_code"": ""IMF|ACCESS_SHARING_LEVEL=PUBLIC_OPEN|COICOP_1999=_T|COMMON_REFERENCE_PERIOD=2023A|FREQUENCY=M|IFS_FLAG=true|INDEX_TYPE=CPI|OVERLAP=OL|SCALE=0|SECURITY_CLASSIFICATION=PUB|TYPE_OF_TRANSFORMATION=IX|aggregation=quarterly_mean""}"
MLI,inflation_consumer_prices_yoy_pct_quarterly_imf,2022-Q3,quarterly,12.350346565847502,\N,derived,IMF_CPI,derived_yoy:IMF|ACCESS_SHARING_LEVEL=PUBLIC_OPEN|COICOP_1999=_T|COMMON_REFERENCE_PERIOD=2023A|FREQUENCY=M|IFS_FLAG=true|INDEX_TYPE=CPI|OVERLAP=OL|SCALE=0|SECURITY_CLASSIFICATION=PUB|TYPE_OF_TRANSFORMATION=IX|aggregation=quarterly_mean,\N,"{""comparison_period"": ""2021-Q3"", ""formula"": ""100 * (quarterly_mean_cpi / same_quarter_prior_year_mean_cpi - 1)"", ""source_cpi_series_code"": ""IMF|ACCESS_SHARING_LEVEL=PUBLIC_OPEN|COICOP_1999=_T|COMMON_REFERENCE_PERIOD=2023A|FREQUENCY=M|IFS_FLAG=true|INDEX_TYPE=CPI|OVERLAP=OL|SCALE=0|SECURITY_CLASSIFICATION=PUB|TYPE_OF_TRANSFORMATION=IX|aggregation=quarterly_mean""}"
MLI,inflation_consumer_prices_yoy_pct_quarterly_imf,2022-Q4,quarterly,8.633312995729092,\N,derived,IMF_CPI,derived_yoy:IMF|ACCESS_SHARING_LEVEL=PUBLIC_OPEN|COICOP_1999=_T|COMMON_REFERENCE_PERIOD=2023A|FREQUENCY=M|IFS_FLAG=true|INDEX_TYPE=CPI|OVERLAP=OL|SCALE=0|SECURITY_CLASSIFICATION=PUB|TYPE_OF_TRANSFORMATION=IX|aggregation=quarterly_mean,\N,"{""comparison_period"": ""2021-Q4"", ""formula"": ""100 * (quarterly_mean_cpi / same_quarter_prior_year_mean_cpi - 1)"", ""source_cpi_series_code"": ""IMF|ACCESS_SHARING_LEVEL=PUBLIC_OPEN|COICOP_1999=_T|COMMON_REFERENCE_PERIOD=2023A|FREQUENCY=M|IFS_FLAG=true|INDEX_TYPE=CPI|OVERLAP=OL|SCALE=0|SECURITY_CLASSIFICATION=PUB|TYPE_OF_TRANSFORMATION=IX|aggregation=quarterly_mean""}"
MLT,inflation_consumer_prices_yoy_pct_quarterly_imf,2022-Q1,quarterly,4.177094455103925,\N,derived,IMF_CPI,derived_yoy:IMF|ACCESS_SHARING_LEVEL=PUBLIC_OPEN|COICOP_1999=_T|COMMON_REFERENCE_PERIOD=2016M12|FREQUENCY=M|IFS_FLAG=true|INDEX_TYPE=CPI|OVERLAP=OL|SCALE=0|SECURITY_CLASSIFICATION=PUB|TYPE_OF_TRANSFORMATION=IX|aggregation=quarterly_mean,\N,"{""comparison_period"": ""2021-Q1"", ""formula"": ""100 * (quarterly_mean_cpi / same_quarter_prior_year_mean_cpi - 1)"", ""source_cpi_series_code"": ""IMF|ACCESS_SHARING_LEVEL=PUBLIC_OPEN|COICOP_1999=_T|COMMON_REFERENCE_PERIOD=2016M12|FREQUENCY=M|IFS_FLAG=true|INDEX_TYPE=CPI|OVERLAP=OL|SCALE=0|SECURITY_CLASSIFICATION=PUB|TYPE_OF_TRANSFORMATION=IX|aggregation=quarterly_mean""}"
MLT,inflation_consumer_prices_yoy_pct_quarterly_imf,2022-Q2,quarterly,5.965701000778911,\N,derived,IMF_CPI,derived_yoy:IMF|ACCESS_SHARING_LEVEL=PUBLIC_OPEN|COICOP_1999=_T|COMMON_REFERENCE_PERIOD=2016M12|FREQUENCY=M|IFS_FLAG=true|INDEX_TYPE=CPI|OVERLAP=OL|SCALE=0|SECURITY_CLASSIFICATION=PUB|TYPE_OF_TRANSFORMATION=IX|aggregation=quarterly_mean,\N,"{""comparison_period"": ""2021-Q2"", ""formula"": ""100 * (quarterly_mean_cpi / same_quarter_prior_year_mean_cpi - 1)"", ""source_cpi_series_code"": ""IMF|ACCESS_SHARING_LEVEL=PUBLIC_OPEN|COICOP_1999=_T|COMMON_REFERENCE_PERIOD=2016M12|FREQUENCY=M|IFS_FLAG=true|INDEX_TYPE=CPI|OVERLAP=OL|SCALE=0|SECURITY_CLASSIFICATION=PUB|TYPE_OF_TRANSFORMATION=IX|aggregation=quarterly_mean""}"
MLT,inflation_consumer_prices_yoy_pct_quarterly_imf,2022-Q3,quarterly,7.10532361459848,\N,derived,IMF_CPI,derived_yoy:IMF|ACCESS_SHARING_LEVEL=PUBLIC_OPEN|COICOP_1999=_T|COMMON_REFERENCE_PERIOD=2016M12|FREQUENCY=M|IFS_FLAG=true|INDEX_TYPE=CPI|OVERLAP=OL|SCALE=0|SECURITY_CLASSIFICATION=PUB|TYPE_OF_TRANSFORMATION=IX|aggregation=quarterly_mean,\N,"{""comparison_period"": ""2021-Q3"", ""formula"": ""100 * (quarterly_mean_cpi / same_quarter_prior_year_mean_cpi - 1)"", ""source_cpi_series_code"": ""IMF|ACCESS_SHARING_LEVEL=PUBLIC_OPEN|COICOP_1999=_T|COMMON_REFERENCE_PERIOD=2016M12|FREQUENCY=M|IFS_FLAG=true|INDEX_TYPE=CPI|OVERLAP=OL|SCALE=0|SECURITY_CLASSIFICATION=PUB|TYPE_OF_TRANSFORMATION=IX|aggregation=quarterly_mean""}"
MLT,inflation_consumer_prices_yoy_pct_quarterly_imf,2022-Q4,quarterly,7.3133172535936986,\N,derived,IMF_CPI,derived_yoy:IMF|ACCESS_SHARING_LEVEL=PUBLIC_OPEN|COICOP_1999=_T|COMMON_REFERENCE_PERIOD=2016M12|FREQUENCY=M|IFS_FLAG=true|INDEX_TYPE=CPI|OVERLAP=OL|SCALE=0|SECURITY_CLASSIFICATION=PUB|TYPE_OF_TRANSFORMATION=IX|aggregation=quarterly_mean,\N,"{""comparison_period"": ""2021-Q4"", ""formula"": ""100 * (quarterly_mean_cpi / same_quarter_prior_year_mean_cpi - 1)"", ""source_cpi_series_code"": ""IMF|ACCESS_SHARING_LEVEL=PUBLIC_OPEN|COICOP_1999=_T|COMMON_REFERENCE_PERIOD=2016M12|FREQUENCY=M|IFS_FLAG=true|INDEX_TYPE=CPI|OVERLAP=OL|SCALE=0|SECURITY_CLASSIFICATION=PUB|TYPE_OF_TRANSFORMATION=IX|aggregation=quarterly_mean""}"
MNE,inflation_consumer_prices_yoy_pct_quarterly_imf,2022-Q1,quarterly,7.375435341811398,\N,derived,IMF_CPI,derived_yoy:IMF|ACCESS_SHARING_LEVEL=PUBLIC_OPEN|COICOP_1999=_T|COMMON_REFERENCE_PERIOD=2025A|FREQUENCY=M|IFS_FLAG=true|INDEX_TYPE=CPI|OVERLAP=OL|SCALE=0|SECURITY_CLASSIFICATION=PUB|TYPE_OF_TRANSFORMATION=IX|aggregation=quarterly_mean,\N,"{""comparison_period"": ""2021-Q1"", ""formula"": ""100 * (quarterly_mean_cpi / same_quarter_prior_year_mean_cpi - 1)"", ""source_cpi_series_code"": ""IMF|ACCESS_SHARING_LEVEL=PUBLIC_OPEN|COICOP_1999=_T|COMMON_REFERENCE_PERIOD=2025A|FREQUENCY=M|IFS_FLAG=true|INDEX_TYPE=CPI|OVERLAP=OL|SCALE=0|SECURITY_CLASSIFICATION=PUB|TYPE_OF_TRANSFORMATION=IX|aggregation=quarterly_mean""}"
MNE,inflation_consumer_prices_yoy_pct_quarterly_imf,2022-Q2,quarterly,12.150595411206954,\N,derived,IMF_CPI,derived_yoy:IMF|ACCESS_SHARING_LEVEL=PUBLIC_OPEN|COICOP_1999=_T|COMMON_REFERENCE_PERIOD=2025A|FREQUENCY=M|IFS_FLAG=true|INDEX_TYPE=CPI|OVERLAP=OL|SCALE=0|SECURITY_CLASSIFICATION=PUB|TYPE_OF_TRANSFORMATION=IX|aggregation=quarterly_mean,\N,"{""comparison_period"": ""2021-Q2"", ""formula"": ""100 * (quarterly_mean_cpi / same_quarter_prior_year_mean_cpi - 1)"", ""source_cpi_series_code"": ""IMF|ACCESS_SHARING_LEVEL=PUBLIC_OPEN|COICOP_1999=_T|COMMON_REFERENCE_PERIOD=2025A|FREQUENCY=M|IFS_FLAG=true|INDEX_TYPE=CPI|OVERLAP=OL|SCALE=0|SECURITY_CLASSIFICATION=PUB|TYPE_OF_TRANSFORMATION=IX|aggregation=quarterly_mean""}"
MNE,inflation_consumer_prices_yoy_pct_quarterly_imf,2022-Q3,quarterly,15.271659437909646,\N,derived,IMF_CPI,derived_yoy:IMF|ACCESS_SHARING_LEVEL=PUBLIC_OPEN|COICOP_1999=_T|COMMON_REFERENCE_PERIOD=2025A|FREQUENCY=M|IFS_FLAG=true|INDEX_TYPE=CPI|OVERLAP=OL|SCALE=0|SECURITY_CLASSIFICATION=PUB|TYPE_OF_TRANSFORMATION=IX|aggregation=quarterly_mean,\N,"{""comparison_period"": ""2021-Q3"", ""formula"": ""100 * (quarterly_mean_cpi / same_quarter_prior_year_mean_cpi - 1)"", ""source_cpi_series_code"": ""IMF|ACCESS_SHARING_LEVEL=PUBLIC_OPEN|COICOP_1999=_T|COMMON_REFERENCE_PERIOD=2025A|FREQUENCY=M|IFS_FLAG=true|INDEX_TYPE=CPI|OVERLAP=OL|SCALE=0|SECURITY_CLASSIFICATION=PUB|TYPE_OF_TRANSFORMATION=IX|aggregation=quarterly_mean""}"
MNE,inflation_consumer_prices_yoy_pct_quarterly_imf,2022-Q4,quarterly,17.183612408216085,\N,derived,IMF_CPI,derived_yoy:IMF|ACCESS_SHARING_LEVEL=PUBLIC_OPEN|COICOP_1999=_T|COMMON_REFERENCE_PERIOD=2025A|FREQUENCY=M|IFS_FLAG=true|INDEX_TYPE=CPI|OVERLAP=OL|SCALE=0|SECURITY_CLASSIFICATION=PUB|TYPE_OF_TRANSFORMATION=IX|aggregation=quarterly_mean,\N,"{""comparison_period"": ""2021-Q4"", ""formula"": ""100 * (quarterly_mean_cpi / same_quarter_prior_year_mean_cpi - 1)"", ""source_cpi_series_code"": ""IMF|ACCESS_SHARING_LEVEL=PUBLIC_OPEN|COICOP_1999=_T|COMMON_REFERENCE_PERIOD=2025A|FREQUENCY=M|IFS_FLAG=true|INDEX_TYPE=CPI|OVERLAP=OL|SCALE=0|SECURITY_CLASSIFICATION=PUB|TYPE_OF_TRANSFORMATION=IX|aggregation=quarterly_mean""}"
MNG,inflation_consumer_prices_yoy_pct_quarterly_imf,2022-Q1,quarterly,15.402035991055541,\N,derived,IMF_CPI,derived_yoy:IMF|ACCESS_SHARING_LEVEL=PUBLIC_OPEN|COICOP_1999=_T|COMMON_REFERENCE_PERIOD=2023A|FREQUENCY=M|IFS_FLAG=true|INDEX_TYPE=CPI|OVERLAP=OL|SCALE=0|SECURITY_CLASSIFICATION=PUB|TYPE_OF_TRANSFORMATION=IX|aggregation=quarterly_mean,\N,"{""comparison_period"": ""2021-Q1"", ""formula"": ""100 * (quarterly_mean_cpi / same_quarter_prior_year_mean_cpi - 1)"", ""source_cpi_series_code"": ""IMF|ACCESS_SHARING_LEVEL=PUBLIC_OPEN|COICOP_1999=_T|COMMON_REFERENCE_PERIOD=2023A|FREQUENCY=M|IFS_FLAG=true|INDEX_TYPE=CPI|OVERLAP=OL|SCALE=0|SECURITY_CLASSIFICATION=PUB|TYPE_OF_TRANSFORMATION=IX|aggregation=quarterly_mean""}"
MNG,inflation_consumer_prices_yoy_pct_quarterly_imf,2022-Q2,quarterly,16.307041314422,\N,derived,IMF_CPI,derived_yoy:IMF|ACCESS_SHARING_LEVEL=PUBLIC_OPEN|COICOP_1999=_T|COMMON_REFERENCE_PERIOD=2023A|FREQUENCY=M|IFS_FLAG=true|INDEX_TYPE=CPI|OVERLAP=OL|SCALE=0|SECURITY_CLASSIFICATION=PUB|TYPE_OF_TRANSFORMATION=IX|aggregation=quarterly_mean,\N,"{""comparison_period"": ""2021-Q2"", ""formula"": ""100 * (quarterly_mean_cpi / same_quarter_prior_year_mean_cpi - 1)"", ""source_cpi_series_code"": ""IMF|ACCESS_SHARING_LEVEL=PUBLIC_OPEN|COICOP_1999=_T|COMMON_REFERENCE_PERIOD=2023A|FREQUENCY=M|IFS_FLAG=true|INDEX_TYPE=CPI|OVERLAP=OL|SCALE=0|SECURITY_CLASSIFICATION=PUB|TYPE_OF_TRANSFORMATION=IX|aggregation=quarterly_mean""}"
MNG,inflation_consumer_prices_yoy_pct_quarterly_imf,2022-Q3,quarterly,14.91377710494386,\N,derived,IMF_CPI,derived_yoy:IMF|ACCESS_SHARING_LEVEL=PUBLIC_OPEN|COICOP_1999=_T|COMMON_REFERENCE_PERIOD=2023A|FREQUENCY=M|IFS_FLAG=true|INDEX_TYPE=CPI|OVERLAP=OL|SCALE=0|SECURITY_CLASSIFICATION=PUB|TYPE_OF_TRANSFORMATION=IX|aggregation=quarterly_mean,\N,"{""comparison_period"": ""2021-Q3"", ""formula"": ""100 * (quarterly_mean_cpi / same_quarter_prior_year_mean_cpi - 1)"", ""source_cpi_series_code"": ""IMF|ACCESS_SHARING_LEVEL=PUBLIC_OPEN|COICOP_1999=_T|COMMON_REFERENCE_PERIOD=2023A|FREQUENCY=M|IFS_FLAG=true|INDEX_TYPE=CPI|OVERLAP=OL|SCALE=0|SECURITY_CLASSIFICATION=PUB|TYPE_OF_TRANSFORMATION=IX|aggregation=quarterly_mean""}"
MNG,inflation_consumer_prices_yoy_pct_quarterly_imf,2022-Q4,quarterly,14.060749330229783,\N,derived,IMF_CPI,derived_yoy:IMF|ACCESS_SHARING_LEVEL=PUBLIC_OPEN|COICOP_1999=_T|COMMON_REFERENCE_PERIOD=2023A|FREQUENCY=M|IFS_FLAG=true|INDEX_TYPE=CPI|OVERLAP=OL|SCALE=0|SECURITY_CLASSIFICATION=PUB|TYPE_OF_TRANSFORMATION=IX|aggregation=quarterly_mean,\N,"{""comparison_period"": ""2021-Q4"", ""formula"": ""100 * (quarterly_mean_cpi / same_quarter_prior_year_mean_cpi - 1)"", ""source_cpi_series_code"": ""IMF|ACCESS_SHARING_LEVEL=PUBLIC_OPEN|COICOP_1999=_T|COMMON_REFERENCE_PERIOD=2023A|FREQUENCY=M|IFS_FLAG=true|INDEX_TYPE=CPI|OVERLAP=OL|SCALE=0|SECURITY_CLASSIFICATION=PUB|TYPE_OF_TRANSFORMATION=IX|aggregation=quarterly_mean""}"
MOZ,inflation_consumer_prices_yoy_pct_quarterly_imf,2022-Q1,quarterly,7.013456915565919,\N,derived,IMF_CPI,derived_yoy:IMF|ACCESS_SHARING_LEVEL=PUBLIC_OPEN|COICOP_1999=_T|COMMON_REFERENCE_PERIOD=2023A|FREQUENCY=M|IFS_FLAG=true|INDEX_TYPE=CPI|OVERLAP=OL|SCALE=0|SECURITY_CLASSIFICATION=PUB|TYPE_OF_TRANSFORMATION=IX|aggregation=quarterly_mean,\N,"{""comparison_period"": ""2021-Q1"", ""formula"": ""100 * (quarterly_mean_cpi / same_quarter_prior_year_mean_cpi - 1)"", ""source_cpi_series_code"": ""IMF|ACCESS_SHARING_LEVEL=PUBLIC_OPEN|COICOP_1999=_T|COMMON_REFERENCE_PERIOD=2023A|FREQUENCY=M|IFS_FLAG=true|INDEX_TYPE=CPI|OVERLAP=OL|SCALE=0|SECURITY_CLASSIFICATION=PUB|TYPE_OF_TRANSFORMATION=IX|aggregation=quarterly_mean""}"
MOZ,inflation_consumer_prices_yoy_pct_quarterly_imf,2022-Q2,quarterly,9.966604823747671,\N,derived,IMF_CPI,derived_yoy:IMF|ACCESS_SHARING_LEVEL=PUBLIC_OPEN|COICOP_1999=_T|COMMON_REFERENCE_PERIOD=2023A|FREQUENCY=M|IFS_FLAG=true|INDEX_TYPE=CPI|OVERLAP=OL|SCALE=0|SECURITY_CLASSIFICATION=PUB|TYPE_OF_TRANSFORMATION=IX|aggregation=quarterly_mean,\N,"{""comparison_period"": ""2021-Q2"", ""formula"": ""100 * (quarterly_mean_cpi / same_quarter_prior_year_mean_cpi - 1)"", ""source_cpi_series_code"": ""IMF|ACCESS_SHARING_LEVEL=PUBLIC_OPEN|COICOP_1999=_T|COMMON_REFERENCE_PERIOD=2023A|FREQUENCY=M|IFS_FLAG=true|INDEX_TYPE=CPI|OVERLAP=OL|SCALE=0|SECURITY_CLASSIFICATION=PUB|TYPE_OF_TRANSFORMATION=IX|aggregation=quarterly_mean""}"
MOZ,inflation_consumer_prices_yoy_pct_quarterly_imf,2022-Q3,quarterly,12.79063990461049,\N,derived,IMF_CPI,derived_yoy:IMF|ACCESS_SHARING_LEVEL=PUBLIC_OPEN|COICOP_1999=_T|COMMON_REFERENCE_PERIOD=2023A|FREQUENCY=M|IFS_FLAG=true|INDEX_TYPE=CPI|OVERLAP=OL|SCALE=0|SECURITY_CLASSIFICATION=PUB|TYPE_OF_TRANSFORMATION=IX|aggregation=quarterly_mean,\N,"{""comparison_period"": ""2021-Q3"", ""formula"": ""100 * (quarterly_mean_cpi / same_quarter_prior_year_mean_cpi - 1)"", ""source_cpi_series_code"": ""IMF|ACCESS_SHARING_LEVEL=PUBLIC_OPEN|COICOP_1999=_T|COMMON_REFERENCE_PERIOD=2023A|FREQUENCY=M|IFS_FLAG=true|INDEX_TYPE=CPI|OVERLAP=OL|SCALE=0|SECURITY_CLASSIFICATION=PUB|TYPE_OF_TRANSFORMATION=IX|aggregation=quarterly_mean""}"
MOZ,inflation_consumer_prices_yoy_pct_quarterly_imf,2022-Q4,quarterly,11.324714168556138,\N,derived,IMF_CPI,derived_yoy:IMF|ACCESS_SHARING_LEVEL=PUBLIC_OPEN|COICOP_1999=_T|COMMON_REFERENCE_PERIOD=2023A|FREQUENCY=M|IFS_FLAG=true|INDEX_TYPE=CPI|OVERLAP=OL|SCALE=0|SECURITY_CLASSIFICATION=PUB|TYPE_OF_TRANSFORMATION=IX|aggregation=quarterly_mean,\N,"{""comparison_period"": ""2021-Q4"", ""formula"": ""100 * (quarterly_mean_cpi / same_quarter_prior_year_mean_cpi - 1)"", ""source_cpi_series_code"": ""IMF|ACCESS_SHARING_LEVEL=PUBLIC_OPEN|COICOP_1999=_T|COMMON_REFERENCE_PERIOD=2023A|FREQUENCY=M|IFS_FLAG=true|INDEX_TYPE=CPI|OVERLAP=OL|SCALE=0|SECURITY_CLASSIFICATION=PUB|TYPE_OF_TRANSFORMATION=IX|aggregation=quarterly_mean""}"
MRT,inflation_consumer_prices_yoy_pct_quarterly_imf,2022-Q1,quarterly,6.286210892236377,\N,derived,IMF_CPI,derived_yoy:IMF|ACCESS_SHARING_LEVEL=PUBLIC_OPEN|COICOP_1999=_T|COMMON_REFERENCE_PERIOD=2019A|FREQUENCY=M|IFS_FLAG=true|INDEX_TYPE=CPI|OVERLAP=OL|SCALE=0|SECURITY_CLASSIFICATION=PUB|TYPE_OF_TRANSFORMATION=IX|aggregation=quarterly_mean,\N,"{""comparison_period"": ""2021-Q1"", ""formula"": ""100 * (quarterly_mean_cpi / same_quarter_prior_year_mean_cpi - 1)"", ""source_cpi_series_code"": ""IMF|ACCESS_SHARING_LEVEL=PUBLIC_OPEN|COICOP_1999=_T|COMMON_REFERENCE_PERIOD=2019A|FREQUENCY=M|IFS_FLAG=true|INDEX_TYPE=CPI|OVERLAP=OL|SCALE=0|SECURITY_CLASSIFICATION=PUB|TYPE_OF_TRANSFORMATION=IX|aggregation=quarterly_mean""}"
MRT,inflation_consumer_prices_yoy_pct_quarterly_imf,2022-Q2,quarterly,8.870967741935477,\N,derived,IMF_CPI,derived_yoy:IMF|ACCESS_SHARING_LEVEL=PUBLIC_OPEN|COICOP_1999=_T|COMMON_REFERENCE_PERIOD=2019A|FREQUENCY=M|IFS_FLAG=true|INDEX_TYPE=CPI|OVERLAP=OL|SCALE=0|SECURITY_CLASSIFICATION=PUB|TYPE_OF_TRANSFORMATION=IX|aggregation=quarterly_mean,\N,"{""comparison_period"": ""2021-Q2"", ""formula"": ""100 * (quarterly_mean_cpi / same_quarter_prior_year_mean_cpi - 1)"", ""source_cpi_series_code"": ""IMF|ACCESS_SHARING_LEVEL=PUBLIC_OPEN|COICOP_1999=_T|COMMON_REFERENCE_PERIOD=2019A|FREQUENCY=M|IFS_FLAG=true|INDEX_TYPE=CPI|OVERLAP=OL|SCALE=0|SECURITY_CLASSIFICATION=PUB|TYPE_OF_TRANSFORMATION=IX|aggregation=quarterly_mean""}"
MRT,inflation_consumer_prices_yoy_pct_quarterly_imf,2022-Q3,quarterly,10.905015097140192,\N,derived,IMF_CPI,derived_yoy:IMF|ACCESS_SHARING_LEVEL=PUBLIC_OPEN|COICOP_1999=_T|COMMON_REFERENCE_PERIOD=2019A|FREQUENCY=M|IFS_FLAG=true|INDEX_TYPE=CPI|OVERLAP=OL|SCALE=0|SECURITY_CLASSIFICATION=PUB|TYPE_OF_TRANSFORMATION=IX|aggregation=quarterly_mean,\N,"{""comparison_period"": ""2021-Q3"", ""formula"": ""100 * (quarterly_mean_cpi / same_quarter_prior_year_mean_cpi - 1)"", ""source_cpi_series_code"": ""IMF|ACCESS_SHARING_LEVEL=PUBLIC_OPEN|COICOP_1999=_T|COMMON_REFERENCE_PERIOD=2019A|FREQUENCY=M|IFS_FLAG=true|INDEX_TYPE=CPI|OVERLAP=OL|SCALE=0|SECURITY_CLASSIFICATION=PUB|TYPE_OF_TRANSFORMATION=IX|aggregation=quarterly_mean""}"
MRT,inflation_consumer_prices_yoy_pct_quarterly_imf,2022-Q4,quarterly,11.910391833526624,\N,derived,IMF_CPI,derived_yoy:IMF|ACCESS_SHARING_LEVEL=PUBLIC_OPEN|COICOP_1999=_T|COMMON_REFERENCE_PERIOD=2019A|FREQUENCY=M|IFS_FLAG=true|INDEX_TYPE=CPI|OVERLAP=OL|SCALE=0|SECURITY_CLASSIFICATION=PUB|TYPE_OF_TRANSFORMATION=IX|aggregation=quarterly_mean,\N,"{""comparison_period"": ""2021-Q4"", ""formula"": ""100 * (quarterly_mean_cpi / same_quarter_prior_year_mean_cpi - 1)"", ""source_cpi_series_code"": ""IMF|ACCESS_SHARING_LEVEL=PUBLIC_OPEN|COICOP_1999=_T|COMMON_REFERENCE_PERIOD=2019A|FREQUENCY=M|IFS_FLAG=true|INDEX_TYPE=CPI|OVERLAP=OL|SCALE=0|SECURITY_CLASSIFICATION=PUB|TYPE_OF_TRANSFORMATION=IX|aggregation=quarterly_mean""}"
MUS,inflation_consumer_prices_yoy_pct_quarterly_imf,2022-Q1,quarterly,9.029066171923317,\N,derived,IMF_CPI,derived_yoy:IMF|ACCESS_SHARING_LEVEL=PUBLIC_OPEN|COICOP_1999=_T|COMMON_REFERENCE_PERIOD=2023A|FREQUENCY=M|IFS_FLAG=true|INDEX_TYPE=CPI|OVERLAP=OL|SCALE=0|SECURITY_CLASSIFICATION=PUB|TYPE_OF_TRANSFORMATION=IX|aggregation=quarterly_mean,\N,"{""comparison_period"": ""2021-Q1"", ""formula"": ""100 * (quarterly_mean_cpi / same_quarter_prior_year_mean_cpi - 1)"", ""source_cpi_series_code"": ""IMF|ACCESS_SHARING_LEVEL=PUBLIC_OPEN|COICOP_1999=_T|COMMON_REFERENCE_PERIOD=2023A|FREQUENCY=M|IFS_FLAG=true|INDEX_TYPE=CPI|OVERLAP=OL|SCALE=0|SECURITY_CLASSIFICATION=PUB|TYPE_OF_TRANSFORMATION=IX|aggregation=quarterly_mean""}"
MUS,inflation_consumer_prices_yoy_pct_quarterly_imf,2022-Q2,quarterly,10.448213204118684,\N,derived,IMF_CPI,derived_yoy:IMF|ACCESS_SHARING_LEVEL=PUBLIC_OPEN|COICOP_1999=_T|COMMON_REFERENCE_PERIOD=2023A|FREQUENCY=M|IFS_FLAG=true|INDEX_TYPE=CPI|OVERLAP=OL|SCALE=0|SECURITY_CLASSIFICATION=PUB|TYPE_OF_TRANSFORMATION=IX|aggregation=quarterly_mean,\N,"{""comparison_period"": ""2021-Q2"", ""formula"": ""100 * (quarterly_mean_cpi / same_quarter_prior_year_mean_cpi - 1)"", ""source_cpi_series_code"": ""IMF|ACCESS_SHARING_LEVEL=PUBLIC_OPEN|COICOP_1999=_T|COMMON_REFERENCE_PERIOD=2023A|FREQUENCY=M|IFS_FLAG=true|INDEX_TYPE=CPI|OVERLAP=OL|SCALE=0|SECURITY_CLASSIFICATION=PUB|TYPE_OF_TRANSFORMATION=IX|aggregation=quarterly_mean""}"
MUS,inflation_consumer_prices_yoy_pct_quarterly_imf,2022-Q3,quarterly,11.462686567164182,\N,derived,IMF_CPI,derived_yoy:IMF|ACCESS_SHARING_LEVEL=PUBLIC_OPEN|COICOP_1999=_T|COMMON_REFERENCE_PERIOD=2023A|FREQUENCY=M|IFS_FLAG=true|INDEX_TYPE=CPI|OVERLAP=OL|SCALE=0|SECURITY_CLASSIFICATION=PUB|TYPE_OF_TRANSFORMATION=IX|aggregation=quarterly_mean,\N,"{""comparison_period"": ""2021-Q3"", ""formula"": ""100 * (quarterly_mean_cpi / same_quarter_prior_year_mean_cpi - 1)"", ""source_cpi_series_code"": ""IMF|ACCESS_SHARING_LEVEL=PUBLIC_OPEN|COICOP_1999=_T|COMMON_REFERENCE_PERIOD=2023A|FREQUENCY=M|IFS_FLAG=true|INDEX_TYPE=CPI|OVERLAP=OL|SCALE=0|SECURITY_CLASSIFICATION=PUB|TYPE_OF_TRANSFORMATION=IX|aggregation=quarterly_mean""}"
MUS,inflation_consumer_prices_yoy_pct_quarterly_imf,2022-Q4,quarterly,12.075583111898446,\N,derived,IMF_CPI,derived_yoy:IMF|ACCESS_SHARING_LEVEL=PUBLIC_OPEN|COICOP_1999=_T|COMMON_REFERENCE_PERIOD=2023A|FREQUENCY=M|IFS_FLAG=true|INDEX_TYPE=CPI|OVERLAP=OL|SCALE=0|SECURITY_CLASSIFICATION=PUB|TYPE_OF_TRANSFORMATION=IX|aggregation=quarterly_mean,\N,"{""comparison_period"": ""2021-Q4"", ""formula"": ""100 * (quarterly_mean_cpi / same_quarter_prior_year_mean_cpi - 1)"", ""source_cpi_series_code"": ""IMF|ACCESS_SHARING_LEVEL=PUBLIC_OPEN|COICOP_1999=_T|COMMON_REFERENCE_PERIOD=2023A|FREQUENCY=M|IFS_FLAG=true|INDEX_TYPE=CPI|OVERLAP=OL|SCALE=0|SECURITY_CLASSIFICATION=PUB|TYPE_OF_TRANSFORMATION=IX|aggregation=quarterly_mean""}"
MWI,inflation_consumer_prices_yoy_pct_quarterly_imf,2022-Q1,quarterly,13.046931162840792,\N,derived,IMF_CPI,derived_yoy:IMF|ACCESS_SHARING_LEVEL=PUBLIC_OPEN|COICOP_1999=_T|COMMON_REFERENCE_PERIOD=2021M12|FREQUENCY=M|IFS_FLAG=true|INDEX_TYPE=CPI|OVERLAP=OL|SCALE=0|SECURITY_CLASSIFICATION=PUB|TYPE_OF_TRANSFORMATION=IX|aggregation=quarterly_mean,\N,"{""comparison_period"": ""2021-Q1"", ""formula"": ""100 * (quarterly_mean_cpi / same_quarter_prior_year_mean_cpi - 1)"", ""source_cpi_series_code"": ""IMF|ACCESS_SHARING_LEVEL=PUBLIC_OPEN|COICOP_1999=_T|COMMON_REFERENCE_PERIOD=2021M12|FREQUENCY=M|IFS_FLAG=true|INDEX_TYPE=CPI|OVERLAP=OL|SCALE=0|SECURITY_CLASSIFICATION=PUB|TYPE_OF_TRANSFORMATION=IX|aggregation=quarterly_mean""}"
MWI,inflation_consumer_prices_yoy_pct_quarterly_imf,2022-Q2,quarterly,19.41198751879998,\N,derived,IMF_CPI,derived_yoy:IMF|ACCESS_SHARING_LEVEL=PUBLIC_OPEN|COICOP_1999=_T|COMMON_REFERENCE_PERIOD=2021M12|FREQUENCY=M|IFS_FLAG=true|INDEX_TYPE=CPI|OVERLAP=OL|SCALE=0|SECURITY_CLASSIFICATION=PUB|TYPE_OF_TRANSFORMATION=IX|aggregation=quarterly_mean,\N,"{""comparison_period"": ""2021-Q2"", ""formula"": ""100 * (quarterly_mean_cpi / same_quarter_prior_year_mean_cpi - 1)"", ""source_cpi_series_code"": ""IMF|ACCESS_SHARING_LEVEL=PUBLIC_OPEN|COICOP_1999=_T|COMMON_REFERENCE_PERIOD=2021M12|FREQUENCY=M|IFS_FLAG=true|INDEX_TYPE=CPI|OVERLAP=OL|SCALE=0|SECURITY_CLASSIFICATION=PUB|TYPE_OF_TRANSFORMATION=IX|aggregation=quarterly_mean""}"
MWI,inflation_consumer_prices_yoy_pct_quarterly_imf,2022-Q3,quarterly,25.322949934354376,\N,derived,IMF_CPI,derived_yoy:IMF|ACCESS_SHARING_LEVEL=PUBLIC_OPEN|COICOP_1999=_T|COMMON_REFERENCE_PERIOD=2021M12|FREQUENCY=M|IFS_FLAG=true|INDEX_TYPE=CPI|OVERLAP=OL|SCALE=0|SECURITY_CLASSIFICATION=PUB|TYPE_OF_TRANSFORMATION=IX|aggregation=quarterly_mean,\N,"{""comparison_period"": ""2021-Q3"", ""formula"": ""100 * (quarterly_mean_cpi / same_quarter_prior_year_mean_cpi - 1)"", ""source_cpi_series_code"": ""IMF|ACCESS_SHARING_LEVEL=PUBLIC_OPEN|COICOP_1999=_T|COMMON_REFERENCE_PERIOD=2021M12|FREQUENCY=M|IFS_FLAG=true|INDEX_TYPE=CPI|OVERLAP=OL|SCALE=0|SECURITY_CLASSIFICATION=PUB|TYPE_OF_TRANSFORMATION=IX|aggregation=quarterly_mean""}"
MWI,inflation_consumer_prices_yoy_pct_quarterly_imf,2022-Q4,quarterly,25.98083761538179,\N,derived,IMF_CPI,derived_yoy:IMF|ACCESS_SHARING_LEVEL=PUBLIC_OPEN|COICOP_1999=_T|COMMON_REFERENCE_PERIOD=2021M12|FREQUENCY=M|IFS_FLAG=true|INDEX_TYPE=CPI|OVERLAP=OL|SCALE=0|SECURITY_CLASSIFICATION=PUB|TYPE_OF_TRANSFORMATION=IX|aggregation=quarterly_mean,\N,"{""comparison_period"": ""2021-Q4"", ""formula"": ""100 * (quarterly_mean_cpi / same_quarter_prior_year_mean_cpi - 1)"", ""source_cpi_series_code"": ""IMF|ACCESS_SHARING_LEVEL=PUBLIC_OPEN|COICOP_1999=_T|COMMON_REFERENCE_PERIOD=2021M12|FREQUENCY=M|IFS_FLAG=true|INDEX_TYPE=CPI|OVERLAP=OL|SCALE=0|SECURITY_CLASSIFICATION=PUB|TYPE_OF_TRANSFORMATION=IX|aggregation=quarterly_mean""}"
MYS,inflation_consumer_prices_yoy_pct_quarterly_imf,2022-Q1,quarterly,2.231292517006822,\N,derived,IMF_CPI,derived_yoy:IMF|ACCESS_SHARING_LEVEL=PUBLIC_OPEN|COICOP_1999=_T|COMMON_REFERENCE_PERIOD=2010A|FREQUENCY=M|IFS_FLAG=true|INDEX_TYPE=CPI|OVERLAP=OL|SCALE=0|SECURITY_CLASSIFICATION=PUB|TYPE_OF_TRANSFORMATION=IX|aggregation=quarterly_mean,\N,"{""comparison_period"": ""2021-Q1"", ""formula"": ""100 * (quarterly_mean_cpi / same_quarter_prior_year_mean_cpi - 1)"", ""source_cpi_series_code"": ""IMF|ACCESS_SHARING_LEVEL=PUBLIC_OPEN|COICOP_1999=_T|COMMON_REFERENCE_PERIOD=2010A|FREQUENCY=M|IFS_FLAG=true|INDEX_TYPE=CPI|OVERLAP=OL|SCALE=0|SECURITY_CLASSIFICATION=PUB|TYPE_OF_TRANSFORMATION=IX|aggregation=quarterly_mean""}"
MYS,inflation_consumer_prices_yoy_pct_quarterly_imf,2022-Q2,quarterly,2.842447211694643,\N,derived,IMF_CPI,derived_yoy:IMF|ACCESS_SHARING_LEVEL=PUBLIC_OPEN|COICOP_1999=_T|COMMON_REFERENCE_PERIOD=2010A|FREQUENCY=M|IFS_FLAG=true|INDEX_TYPE=CPI|OVERLAP=OL|SCALE=0|SECURITY_CLASSIFICATION=PUB|TYPE_OF_TRANSFORMATION=IX|aggregation=quarterly_mean,\N,"{""comparison_period"": ""2021-Q2"", ""formula"": ""100 * (quarterly_mean_cpi / same_quarter_prior_year_mean_cpi - 1)"", ""source_cpi_series_code"": ""IMF|ACCESS_SHARING_LEVEL=PUBLIC_OPEN|COICOP_1999=_T|COMMON_REFERENCE_PERIOD=2010A|FREQUENCY=M|IFS_FLAG=true|INDEX_TYPE=CPI|OVERLAP=OL|SCALE=0|SECURITY_CLASSIFICATION=PUB|TYPE_OF_TRANSFORMATION=IX|aggregation=quarterly_mean""}"
MYS,inflation_consumer_prices_yoy_pct_quarterly_imf,2022-Q3,quarterly,4.513322457857538,\N,derived,IMF_CPI,derived_yoy:IMF|ACCESS_SHARING_LEVEL=PUBLIC_OPEN|COICOP_1999=_T|COMMON_REFERENCE_PERIOD=2010A|FREQUENCY=M|IFS_FLAG=true|INDEX_TYPE=CPI|OVERLAP=OL|SCALE=0|SECURITY_CLASSIFICATION=PUB|TYPE_OF_TRANSFORMATION=IX|aggregation=quarterly_mean,\N,"{""comparison_period"": ""2021-Q3"", ""formula"": ""100 * (quarterly_mean_cpi / same_quarter_prior_year_mean_cpi - 1)"", ""source_cpi_series_code"": ""IMF|ACCESS_SHARING_LEVEL=PUBLIC_OPEN|COICOP_1999=_T|COMMON_REFERENCE_PERIOD=2010A|FREQUENCY=M|IFS_FLAG=true|INDEX_TYPE=CPI|OVERLAP=OL|SCALE=0|SECURITY_CLASSIFICATION=PUB|TYPE_OF_TRANSFORMATION=IX|aggregation=quarterly_mean""}"
MYS,inflation_consumer_prices_yoy_pct_quarterly_imf,2022-Q4,quarterly,3.922622246104246,\N,derived,IMF_CPI,derived_yoy:IMF|ACCESS_SHARING_LEVEL=PUBLIC_OPEN|COICOP_1999=_T|COMMON_REFERENCE_PERIOD=2010A|FREQUENCY=M|IFS_FLAG=true|INDEX_TYPE=CPI|OVERLAP=OL|SCALE=0|SECURITY_CLASSIFICATION=PUB|TYPE_OF_TRANSFORMATION=IX|aggregation=quarterly_mean,\N,"{""comparison_period"": ""2021-Q4"", ""formula"": ""100 * (quarterly_mean_cpi / same_quarter_prior_year_mean_cpi - 1)"", ""source_cpi_series_code"": ""IMF|ACCESS_SHARING_LEVEL=PUBLIC_OPEN|COICOP_1999=_T|COMMON_REFERENCE_PERIOD=2010A|FREQUENCY=M|IFS_FLAG=true|INDEX_TYPE=CPI|OVERLAP=OL|SCALE=0|SECURITY_CLASSIFICATION=PUB|TYPE_OF_TRANSFORMATION=IX|aggregation=quarterly_mean""}"
NAM,inflation_consumer_prices_yoy_pct_quarterly_imf,2022-Q1,quarterly,4.522396179270016,\N,derived,IMF_CPI,derived_yoy:IMF|ACCESS_SHARING_LEVEL=PUBLIC_OPEN|COICOP_1999=_T|COMMON_REFERENCE_PERIOD=2012M12|FREQUENCY=M|IFS_FLAG=true|INDEX_TYPE=CPI|OVERLAP=OL|SCALE=0|SECURITY_CLASSIFICATION=PUB|TYPE_OF_TRANSFORMATION=IX|aggregation=quarterly_mean,\N,"{""comparison_period"": ""2021-Q1"", ""formula"": ""100 * (quarterly_mean_cpi / same_quarter_prior_year_mean_cpi - 1)"", ""source_cpi_series_code"": ""IMF|ACCESS_SHARING_LEVEL=PUBLIC_OPEN|COICOP_1999=_T|COMMON_REFERENCE_PERIOD=2012M12|FREQUENCY=M|IFS_FLAG=true|INDEX_TYPE=CPI|OVERLAP=OL|SCALE=0|SECURITY_CLASSIFICATION=PUB|TYPE_OF_TRANSFORMATION=IX|aggregation=quarterly_mean""}"
NAM,inflation_consumer_prices_yoy_pct_quarterly_imf,2022-Q2,quarterly,5.669683754791821,\N,derived,IMF_CPI,derived_yoy:IMF|ACCESS_SHARING_LEVEL=PUBLIC_OPEN|COICOP_1999=_T|COMMON_REFERENCE_PERIOD=2012M12|FREQUENCY=M|IFS_FLAG=true|INDEX_TYPE=CPI|OVERLAP=OL|SCALE=0|SECURITY_CLASSIFICATION=PUB|TYPE_OF_TRANSFORMATION=IX|aggregation=quarterly_mean,\N,"{""comparison_period"": ""2021-Q2"", ""formula"": ""100 * (quarterly_mean_cpi / same_quarter_prior_year_mean_cpi - 1)"", ""source_cpi_series_code"": ""IMF|ACCESS_SHARING_LEVEL=PUBLIC_OPEN|COICOP_1999=_T|COMMON_REFERENCE_PERIOD=2012M12|FREQUENCY=M|IFS_FLAG=true|INDEX_TYPE=CPI|OVERLAP=OL|SCALE=0|SECURITY_CLASSIFICATION=PUB|TYPE_OF_TRANSFORMATION=IX|aggregation=quarterly_mean""}"
NAM,inflation_consumer_prices_yoy_pct_quarterly_imf,2022-Q3,quarterly,7.089194625118966,\N,derived,IMF_CPI,derived_yoy:IMF|ACCESS_SHARING_LEVEL=PUBLIC_OPEN|COICOP_1999=_T|COMMON_REFERENCE_PERIOD=2012M12|FREQUENCY=M|IFS_FLAG=true|INDEX_TYPE=CPI|OVERLAP=OL|SCALE=0|SECURITY_CLASSIFICATION=PUB|TYPE_OF_TRANSFORMATION=IX|aggregation=quarterly_mean,\N,"{""comparison_period"": ""2021-Q3"", ""formula"": ""100 * (quarterly_mean_cpi / same_quarter_prior_year_mean_cpi - 1)"", ""source_cpi_series_code"": ""IMF|ACCESS_SHARING_LEVEL=PUBLIC_OPEN|COICOP_1999=_T|COMMON_REFERENCE_PERIOD=2012M12|FREQUENCY=M|IFS_FLAG=true|INDEX_TYPE=CPI|OVERLAP=OL|SCALE=0|SECURITY_CLASSIFICATION=PUB|TYPE_OF_TRANSFORMATION=IX|aggregation=quarterly_mean""}"
NAM,inflation_consumer_prices_yoy_pct_quarterly_imf,2022-Q4,quarterly,7.006678232191632,\N,derived,IMF_CPI,derived_yoy:IMF|ACCESS_SHARING_LEVEL=PUBLIC_OPEN|COICOP_1999=_T|COMMON_REFERENCE_PERIOD=2012M12|FREQUENCY=M|IFS_FLAG=true|INDEX_TYPE=CPI|OVERLAP=OL|SCALE=0|SECURITY_CLASSIFICATION=PUB|TYPE_OF_TRANSFORMATION=IX|aggregation=quarterly_mean,\N,"{""comparison_period"": ""2021-Q4"", ""formula"": ""100 * (quarterly_mean_cpi / same_quarter_prior_year_mean_cpi - 1)"", ""source_cpi_series_code"": ""IMF|ACCESS_SHARING_LEVEL=PUBLIC_OPEN|COICOP_1999=_T|COMMON_REFERENCE_PERIOD=2012M12|FREQUENCY=M|IFS_FLAG=true|INDEX_TYPE=CPI|OVERLAP=OL|SCALE=0|SECURITY_CLASSIFICATION=PUB|TYPE_OF_TRANSFORMATION=IX|aggregation=quarterly_mean""}"
NER,inflation_consumer_prices_yoy_pct_quarterly_imf,2022-Q1,quarterly,5.122564424890008,\N,derived,IMF_CPI,derived_yoy:IMF|ACCESS_SHARING_LEVEL=PUBLIC_OPEN|COICOP_1999=_T|COMMON_REFERENCE_PERIOD=2023A|FREQUENCY=M|IFS_FLAG=true|INDEX_TYPE=CPI|OVERLAP=OL|SCALE=0|SECURITY_CLASSIFICATION=PUB|TYPE_OF_TRANSFORMATION=IX|aggregation=quarterly_mean,\N,"{""comparison_period"": ""2021-Q1"", ""formula"": ""100 * (quarterly_mean_cpi / same_quarter_prior_year_mean_cpi - 1)"", ""source_cpi_series_code"": ""IMF|ACCESS_SHARING_LEVEL=PUBLIC_OPEN|COICOP_1999=_T|COMMON_REFERENCE_PERIOD=2023A|FREQUENCY=M|IFS_FLAG=true|INDEX_TYPE=CPI|OVERLAP=OL|SCALE=0|SECURITY_CLASSIFICATION=PUB|TYPE_OF_TRANSFORMATION=IX|aggregation=quarterly_mean""}"
NER,inflation_consumer_prices_yoy_pct_quarterly_imf,2022-Q2,quarterly,5.170278637770909,\N,derived,IMF_CPI,derived_yoy:IMF|ACCESS_SHARING_LEVEL=PUBLIC_OPEN|COICOP_1999=_T|COMMON_REFERENCE_PERIOD=2023A|FREQUENCY=M|IFS_FLAG=true|INDEX_TYPE=CPI|OVERLAP=OL|SCALE=0|SECURITY_CLASSIFICATION=PUB|TYPE_OF_TRANSFORMATION=IX|aggregation=quarterly_mean,\N,"{""comparison_period"": ""2021-Q2"", ""formula"": ""100 * (quarterly_mean_cpi / same_quarter_prior_year_mean_cpi - 1)"", ""source_cpi_series_code"": ""IMF|ACCESS_SHARING_LEVEL=PUBLIC_OPEN|COICOP_1999=_T|COMMON_REFERENCE_PERIOD=2023A|FREQUENCY=M|IFS_FLAG=true|INDEX_TYPE=CPI|OVERLAP=OL|SCALE=0|SECURITY_CLASSIFICATION=PUB|TYPE_OF_TRANSFORMATION=IX|aggregation=quarterly_mean""}"
NER,inflation_consumer_prices_yoy_pct_quarterly_imf,2022-Q3,quarterly,3.4576067348165873,\N,derived,IMF_CPI,derived_yoy:IMF|ACCESS_SHARING_LEVEL=PUBLIC_OPEN|COICOP_1999=_T|COMMON_REFERENCE_PERIOD=2023A|FREQUENCY=M|IFS_FLAG=true|INDEX_TYPE=CPI|OVERLAP=OL|SCALE=0|SECURITY_CLASSIFICATION=PUB|TYPE_OF_TRANSFORMATION=IX|aggregation=quarterly_mean,\N,"{""comparison_period"": ""2021-Q3"", ""formula"": ""100 * (quarterly_mean_cpi / same_quarter_prior_year_mean_cpi - 1)"", ""source_cpi_series_code"": ""IMF|ACCESS_SHARING_LEVEL=PUBLIC_OPEN|COICOP_1999=_T|COMMON_REFERENCE_PERIOD=2023A|FREQUENCY=M|IFS_FLAG=true|INDEX_TYPE=CPI|OVERLAP=OL|SCALE=0|SECURITY_CLASSIFICATION=PUB|TYPE_OF_TRANSFORMATION=IX|aggregation=quarterly_mean""}"
NER,inflation_consumer_prices_yoy_pct_quarterly_imf,2022-Q4,quarterly,3.205128205128216,\N,derived,IMF_CPI,derived_yoy:IMF|ACCESS_SHARING_LEVEL=PUBLIC_OPEN|COICOP_1999=_T|COMMON_REFERENCE_PERIOD=2023A|FREQUENCY=M|IFS_FLAG=true|INDEX_TYPE=CPI|OVERLAP=OL|SCALE=0|SECURITY_CLASSIFICATION=PUB|TYPE_OF_TRANSFORMATION=IX|aggregation=quarterly_mean,\N,"{""comparison_period"": ""2021-Q4"", ""formula"": ""100 * (quarterly_mean_cpi / same_quarter_prior_year_mean_cpi - 1)"", ""source_cpi_series_code"": ""IMF|ACCESS_SHARING_LEVEL=PUBLIC_OPEN|COICOP_1999=_T|COMMON_REFERENCE_PERIOD=2023A|FREQUENCY=M|IFS_FLAG=true|INDEX_TYPE=CPI|OVERLAP=OL|SCALE=0|SECURITY_CLASSIFICATION=PUB|TYPE_OF_TRANSFORMATION=IX|aggregation=quarterly_mean""}"
NGA,inflation_consumer_prices_yoy_pct_quarterly_imf,2022-Q1,quarterly,15.740996388610217,\N,derived,IMF_CPI,derived_yoy:IMF|ACCESS_SHARING_LEVEL=PUBLIC_OPEN|COICOP_1999=_T|COMMON_REFERENCE_PERIOD=2024A|FREQUENCY=M|IFS_FLAG=true|INDEX_TYPE=CPI|OVERLAP=OL|SCALE=0|SECURITY_CLASSIFICATION=PUB|TYPE_OF_TRANSFORMATION=IX|aggregation=quarterly_mean,\N,"{""comparison_period"": ""2021-Q1"", ""formula"": ""100 * (quarterly_mean_cpi / same_quarter_prior_year_mean_cpi - 1)"", ""source_cpi_series_code"": ""IMF|ACCESS_SHARING_LEVEL=PUBLIC_OPEN|COICOP_1999=_T|COMMON_REFERENCE_PERIOD=2024A|FREQUENCY=M|IFS_FLAG=true|INDEX_TYPE=CPI|OVERLAP=OL|SCALE=0|SECURITY_CLASSIFICATION=PUB|TYPE_OF_TRANSFORMATION=IX|aggregation=quarterly_mean""}"
NGA,inflation_consumer_prices_yoy_pct_quarterly_imf,2022-Q2,quarterly,17.714833513065177,\N,derived,IMF_CPI,derived_yoy:IMF|ACCESS_SHARING_LEVEL=PUBLIC_OPEN|COICOP_1999=_T|COMMON_REFERENCE_PERIOD=2024A|FREQUENCY=M|IFS_FLAG=true|INDEX_TYPE=CPI|OVERLAP=OL|SCALE=0|SECURITY_CLASSIFICATION=PUB|TYPE_OF_TRANSFORMATION=IX|aggregation=quarterly_mean,\N,"{""comparison_period"": ""2021-Q2"", ""formula"": ""100 * (quarterly_mean_cpi / same_quarter_prior_year_mean_cpi - 1)"", ""source_cpi_series_code"": ""IMF|ACCESS_SHARING_LEVEL=PUBLIC_OPEN|COICOP_1999=_T|COMMON_REFERENCE_PERIOD=2024A|FREQUENCY=M|IFS_FLAG=true|INDEX_TYPE=CPI|OVERLAP=OL|SCALE=0|SECURITY_CLASSIFICATION=PUB|TYPE_OF_TRANSFORMATION=IX|aggregation=quarterly_mean""}"
NGA,inflation_consumer_prices_yoy_pct_quarterly_imf,2022-Q3,quarterly,20.3178782586495,\N,derived,IMF_CPI,derived_yoy:IMF|ACCESS_SHARING_LEVEL=PUBLIC_OPEN|COICOP_1999=_T|COMMON_REFERENCE_PERIOD=2024A|FREQUENCY=M|IFS_FLAG=true|INDEX_TYPE=CPI|OVERLAP=OL|SCALE=0|SECURITY_CLASSIFICATION=PUB|TYPE_OF_TRANSFORMATION=IX|aggregation=quarterly_mean,\N,"{""comparison_period"": ""2021-Q3"", ""formula"": ""100 * (quarterly_mean_cpi / same_quarter_prior_year_mean_cpi - 1)"", ""source_cpi_series_code"": ""IMF|ACCESS_SHARING_LEVEL=PUBLIC_OPEN|COICOP_1999=_T|COMMON_REFERENCE_PERIOD=2024A|FREQUENCY=M|IFS_FLAG=true|INDEX_TYPE=CPI|OVERLAP=OL|SCALE=0|SECURITY_CLASSIFICATION=PUB|TYPE_OF_TRANSFORMATION=IX|aggregation=quarterly_mean""}"
NGA,inflation_consumer_prices_yoy_pct_quarterly_imf,2022-Q4,quarterly,21.299872464935476,\N,derived,IMF_CPI,derived_yoy:IMF|ACCESS_SHARING_LEVEL=PUBLIC_OPEN|COICOP_1999=_T|COMMON_REFERENCE_PERIOD=2024A|FREQUENCY=M|IFS_FLAG=true|INDEX_TYPE=CPI|OVERLAP=OL|SCALE=0|SECURITY_CLASSIFICATION=PUB|TYPE_OF_TRANSFORMATION=IX|aggregation=quarterly_mean,\N,"{""comparison_period"": ""2021-Q4"", ""formula"": ""100 * (quarterly_mean_cpi / same_quarter_prior_year_mean_cpi - 1)"", ""source_cpi_series_code"": ""IMF|ACCESS_SHARING_LEVEL=PUBLIC_OPEN|COICOP_1999=_T|COMMON_REFERENCE_PERIOD=2024A|FREQUENCY=M|IFS_FLAG=true|INDEX_TYPE=CPI|OVERLAP=OL|SCALE=0|SECURITY_CLASSIFICATION=PUB|TYPE_OF_TRANSFORMATION=IX|aggregation=quarterly_mean""}"
NIC,inflation_consumer_prices_yoy_pct_quarterly_imf,2022-Q1,quarterly,8.059934780996137,\N,derived,IMF_CPI,derived_yoy:IMF|ACCESS_SHARING_LEVEL=PUBLIC_OPEN|COICOP_1999=_T|COMMON_REFERENCE_PERIOD=2006A|FREQUENCY=M|IFS_FLAG=true|INDEX_TYPE=CPI|OVERLAP=OL|SCALE=0|SECURITY_CLASSIFICATION=PUB|TYPE_OF_TRANSFORMATION=IX|aggregation=quarterly_mean,\N,"{""comparison_period"": ""2021-Q1"", ""formula"": ""100 * (quarterly_mean_cpi / same_quarter_prior_year_mean_cpi - 1)"", ""source_cpi_series_code"": ""IMF|ACCESS_SHARING_LEVEL=PUBLIC_OPEN|COICOP_1999=_T|COMMON_REFERENCE_PERIOD=2006A|FREQUENCY=M|IFS_FLAG=true|INDEX_TYPE=CPI|OVERLAP=OL|SCALE=0|SECURITY_CLASSIFICATION=PUB|TYPE_OF_TRANSFORMATION=IX|aggregation=quarterly_mean""}"
NIC,inflation_consumer_prices_yoy_pct_quarterly_imf,2022-Q2,quarterly,10.309101207321113,\N,derived,IMF_CPI,derived_yoy:IMF|ACCESS_SHARING_LEVEL=PUBLIC_OPEN|COICOP_1999=_T|COMMON_REFERENCE_PERIOD=2006A|FREQUENCY=M|IFS_FLAG=true|INDEX_TYPE=CPI|OVERLAP=OL|SCALE=0|SECURITY_CLASSIFICATION=PUB|TYPE_OF_TRANSFORMATION=IX|aggregation=quarterly_mean,\N,"{""comparison_period"": ""2021-Q2"", ""formula"": ""100 * (quarterly_mean_cpi / same_quarter_prior_year_mean_cpi - 1)"", ""source_cpi_series_code"": ""IMF|ACCESS_SHARING_LEVEL=PUBLIC_OPEN|COICOP_1999=_T|COMMON_REFERENCE_PERIOD=2006A|FREQUENCY=M|IFS_FLAG=true|INDEX_TYPE=CPI|OVERLAP=OL|SCALE=0|SECURITY_CLASSIFICATION=PUB|TYPE_OF_TRANSFORMATION=IX|aggregation=quarterly_mean""}"
NIC,inflation_consumer_prices_yoy_pct_quarterly_imf,2022-Q3,quarterly,11.709109433532872,\N,derived,IMF_CPI,derived_yoy:IMF|ACCESS_SHARING_LEVEL=PUBLIC_OPEN|COICOP_1999=_T|COMMON_REFERENCE_PERIOD=2006A|FREQUENCY=M|IFS_FLAG=true|INDEX_TYPE=CPI|OVERLAP=OL|SCALE=0|SECURITY_CLASSIFICATION=PUB|TYPE_OF_TRANSFORMATION=IX|aggregation=quarterly_mean,\N,"{""comparison_period"": ""2021-Q3"", ""formula"": ""100 * (quarterly_mean_cpi / same_quarter_prior_year_mean_cpi - 1)"", ""source_cpi_series_code"": ""IMF|ACCESS_SHARING_LEVEL=PUBLIC_OPEN|COICOP_1999=_T|COMMON_REFERENCE_PERIOD=2006A|FREQUENCY=M|IFS_FLAG=true|INDEX_TYPE=CPI|OVERLAP=OL|SCALE=0|SECURITY_CLASSIFICATION=PUB|TYPE_OF_TRANSFORMATION=IX|aggregation=quarterly_mean""}"
NIC,inflation_consumer_prices_yoy_pct_quarterly_imf,2022-Q4,quarterly,11.708046040508835,\N,derived,IMF_CPI,derived_yoy:IMF|ACCESS_SHARING_LEVEL=PUBLIC_OPEN|COICOP_1999=_T|COMMON_REFERENCE_PERIOD=2006A|FREQUENCY=M|IFS_FLAG=true|INDEX_TYPE=CPI|OVERLAP=OL|SCALE=0|SECURITY_CLASSIFICATION=PUB|TYPE_OF_TRANSFORMATION=IX|aggregation=quarterly_mean,\N,"{""comparison_period"": ""2021-Q4"", ""formula"": ""100 * (quarterly_mean_cpi / same_quarter_prior_year_mean_cpi - 1)"", ""source_cpi_series_code"": ""IMF|ACCESS_SHARING_LEVEL=PUBLIC_OPEN|COICOP_1999=_T|COMMON_REFERENCE_PERIOD=2006A|FREQUENCY=M|IFS_FLAG=true|INDEX_TYPE=CPI|OVERLAP=OL|SCALE=0|SECURITY_CLASSIFICATION=PUB|TYPE_OF_TRANSFORMATION=IX|aggregation=quarterly_mean""}"
NLD,inflation_consumer_prices_yoy_pct_quarterly_imf,2022-Q1,quarterly,7.442803359397621,\N,derived,IMF_CPI,derived_yoy:IMF|ACCESS_SHARING_LEVEL=PUBLIC_OPEN|COICOP_1999=_T|COMMON_REFERENCE_PERIOD=2025A|FREQUENCY=M|IFS_FLAG=true|INDEX_TYPE=CPI|OVERLAP=OL|SCALE=0|SECURITY_CLASSIFICATION=PUB|TYPE_OF_TRANSFORMATION=IX|aggregation=quarterly_mean,\N,"{""comparison_period"": ""2021-Q1"", ""formula"": ""100 * (quarterly_mean_cpi / same_quarter_prior_year_mean_cpi - 1)"", ""source_cpi_series_code"": ""IMF|ACCESS_SHARING_LEVEL=PUBLIC_OPEN|COICOP_1999=_T|COMMON_REFERENCE_PERIOD=2025A|FREQUENCY=M|IFS_FLAG=true|INDEX_TYPE=CPI|OVERLAP=OL|SCALE=0|SECURITY_CLASSIFICATION=PUB|TYPE_OF_TRANSFORMATION=IX|aggregation=quarterly_mean""}"
NLD,inflation_consumer_prices_yoy_pct_quarterly_imf,2022-Q2,quarterly,8.953574060427405,\N,derived,IMF_CPI,derived_yoy:IMF|ACCESS_SHARING_LEVEL=PUBLIC_OPEN|COICOP_1999=_T|COMMON_REFERENCE_PERIOD=2025A|FREQUENCY=M|IFS_FLAG=true|INDEX_TYPE=CPI|OVERLAP=OL|SCALE=0|SECURITY_CLASSIFICATION=PUB|TYPE_OF_TRANSFORMATION=IX|aggregation=quarterly_mean,\N,"{""comparison_period"": ""2021-Q2"", ""formula"": ""100 * (quarterly_mean_cpi / same_quarter_prior_year_mean_cpi - 1)"", ""source_cpi_series_code"": ""IMF|ACCESS_SHARING_LEVEL=PUBLIC_OPEN|COICOP_1999=_T|COMMON_REFERENCE_PERIOD=2025A|FREQUENCY=M|IFS_FLAG=true|INDEX_TYPE=CPI|OVERLAP=OL|SCALE=0|SECURITY_CLASSIFICATION=PUB|TYPE_OF_TRANSFORMATION=IX|aggregation=quarterly_mean""}"
NLD,inflation_consumer_prices_yoy_pct_quarterly_imf,2022-Q3,quarterly,12.259293793327108,\N,derived,IMF_CPI,derived_yoy:IMF|ACCESS_SHARING_LEVEL=PUBLIC_OPEN|COICOP_1999=_T|COMMON_REFERENCE_PERIOD=2025A|FREQUENCY=M|IFS_FLAG=true|INDEX_TYPE=CPI|OVERLAP=OL|SCALE=0|SECURITY_CLASSIFICATION=PUB|TYPE_OF_TRANSFORMATION=IX|aggregation=quarterly_mean,\N,"{""comparison_period"": ""2021-Q3"", ""formula"": ""100 * (quarterly_mean_cpi / same_quarter_prior_year_mean_cpi - 1)"", ""source_cpi_series_code"": ""IMF|ACCESS_SHARING_LEVEL=PUBLIC_OPEN|COICOP_1999=_T|COMMON_REFERENCE_PERIOD=2025A|FREQUENCY=M|IFS_FLAG=true|INDEX_TYPE=CPI|OVERLAP=OL|SCALE=0|SECURITY_CLASSIFICATION=PUB|TYPE_OF_TRANSFORMATION=IX|aggregation=quarterly_mean""}"
NLD,inflation_consumer_prices_yoy_pct_quarterly_imf,2022-Q4,quarterly,11.246730601569311,\N,derived,IMF_CPI,derived_yoy:IMF|ACCESS_SHARING_LEVEL=PUBLIC_OPEN|COICOP_1999=_T|COMMON_REFERENCE_PERIOD=2025A|FREQUENCY=M|IFS_FLAG=true|INDEX_TYPE=CPI|OVERLAP=OL|SCALE=0|SECURITY_CLASSIFICATION=PUB|TYPE_OF_TRANSFORMATION=IX|aggregation=quarterly_mean,\N,"{""comparison_period"": ""2021-Q4"", ""formula"": ""100 * (quarterly_mean_cpi / same_quarter_prior_year_mean_cpi - 1)"", ""source_cpi_series_code"": ""IMF|ACCESS_SHARING_LEVEL=PUBLIC_OPEN|COICOP_1999=_T|COMMON_REFERENCE_PERIOD=2025A|FREQUENCY=M|IFS_FLAG=true|INDEX_TYPE=CPI|OVERLAP=OL|SCALE=0|SECURITY_CLASSIFICATION=PUB|TYPE_OF_TRANSFORMATION=IX|aggregation=quarterly_mean""}"
NOR,inflation_consumer_prices_yoy_pct_quarterly_imf,2022-Q1,quarterly,3.8492381716118684,\N,derived,IMF_CPI,derived_yoy:IMF|ACCESS_SHARING_LEVEL=PUBLIC_OPEN|COICOP_1999=_T|COMMON_REFERENCE_PERIOD=2025A|FREQUENCY=M|IFS_FLAG=true|INDEX_TYPE=CPI|OVERLAP=OL|SCALE=0|SECURITY_CLASSIFICATION=PUB|TYPE_OF_TRANSFORMATION=IX|aggregation=quarterly_mean,\N,"{""comparison_period"": ""2021-Q1"", ""formula"": ""100 * (quarterly_mean_cpi / same_quarter_prior_year_mean_cpi - 1)"", ""source_cpi_series_code"": ""IMF|ACCESS_SHARING_LEVEL=PUBLIC_OPEN|COICOP_1999=_T|COMMON_REFERENCE_PERIOD=2025A|FREQUENCY=M|IFS_FLAG=true|INDEX_TYPE=CPI|OVERLAP=OL|SCALE=0|SECURITY_CLASSIFICATION=PUB|TYPE_OF_TRANSFORMATION=IX|aggregation=quarterly_mean""}"
NOR,inflation_consumer_prices_yoy_pct_quarterly_imf,2022-Q2,quarterly,5.865921787709483,\N,derived,IMF_CPI,derived_yoy:IMF|ACCESS_SHARING_LEVEL=PUBLIC_OPEN|COICOP_1999=_T|COMMON_REFERENCE_PERIOD=2025A|FREQUENCY=M|IFS_FLAG=true|INDEX_TYPE=CPI|OVERLAP=OL|SCALE=0|SECURITY_CLASSIFICATION=PUB|TYPE_OF_TRANSFORMATION=IX|aggregation=quarterly_mean,\N,"{""comparison_period"": ""2021-Q2"", ""formula"": ""100 * (quarterly_mean_cpi / same_quarter_prior_year_mean_cpi - 1)"", ""source_cpi_series_code"": ""IMF|ACCESS_SHARING_LEVEL=PUBLIC_OPEN|COICOP_1999=_T|COMMON_REFERENCE_PERIOD=2025A|FREQUENCY=M|IFS_FLAG=true|INDEX_TYPE=CPI|OVERLAP=OL|SCALE=0|SECURITY_CLASSIFICATION=PUB|TYPE_OF_TRANSFORMATION=IX|aggregation=quarterly_mean""}"
NOR,inflation_consumer_prices_yoy_pct_quarterly_imf,2022-Q3,quarterly,6.685017695635076,\N,derived,IMF_CPI,derived_yoy:IMF|ACCESS_SHARING_LEVEL=PUBLIC_OPEN|COICOP_1999=_T|COMMON_REFERENCE_PERIOD=2025A|FREQUENCY=M|IFS_FLAG=true|INDEX_TYPE=CPI|OVERLAP=OL|SCALE=0|SECURITY_CLASSIFICATION=PUB|TYPE_OF_TRANSFORMATION=IX|aggregation=quarterly_mean,\N,"{""comparison_period"": ""2021-Q3"", ""formula"": ""100 * (quarterly_mean_cpi / same_quarter_prior_year_mean_cpi - 1)"", ""source_cpi_series_code"": ""IMF|ACCESS_SHARING_LEVEL=PUBLIC_OPEN|COICOP_1999=_T|COMMON_REFERENCE_PERIOD=2025A|FREQUENCY=M|IFS_FLAG=true|INDEX_TYPE=CPI|OVERLAP=OL|SCALE=0|SECURITY_CLASSIFICATION=PUB|TYPE_OF_TRANSFORMATION=IX|aggregation=quarterly_mean""}"
NOR,inflation_consumer_prices_yoy_pct_quarterly_imf,2022-Q4,quarterly,6.6485225505443335,\N,derived,IMF_CPI,derived_yoy:IMF|ACCESS_SHARING_LEVEL=PUBLIC_OPEN|COICOP_1999=_T|COMMON_REFERENCE_PERIOD=2025A|FREQUENCY=M|IFS_FLAG=true|INDEX_TYPE=CPI|OVERLAP=OL|SCALE=0|SECURITY_CLASSIFICATION=PUB|TYPE_OF_TRANSFORMATION=IX|aggregation=quarterly_mean,\N,"{""comparison_period"": ""2021-Q4"", ""formula"": ""100 * (quarterly_mean_cpi / same_quarter_prior_year_mean_cpi - 1)"", ""source_cpi_series_code"": ""IMF|ACCESS_SHARING_LEVEL=PUBLIC_OPEN|COICOP_1999=_T|COMMON_REFERENCE_PERIOD=2025A|FREQUENCY=M|IFS_FLAG=true|INDEX_TYPE=CPI|OVERLAP=OL|SCALE=0|SECURITY_CLASSIFICATION=PUB|TYPE_OF_TRANSFORMATION=IX|aggregation=quarterly_mean""}"
NPL,inflation_consumer_prices_yoy_pct_quarterly_imf,2022-Q1,quarterly,6.423681738843534,\N,derived,IMF_CPI,derived_yoy:IMF|ACCESS_SHARING_LEVEL=PUBLIC_OPEN|COICOP_1999=_T|COMMON_REFERENCE_PERIOD=2023/24|FREQUENCY=M|IFS_FLAG=true|INDEX_TYPE=CPI|OVERLAP=OL|SCALE=0|SECURITY_CLASSIFICATION=PUB|TYPE_OF_TRANSFORMATION=IX|aggregation=quarterly_mean,\N,"{""comparison_period"": ""2021-Q1"", ""formula"": ""100 * (quarterly_mean_cpi / same_quarter_prior_year_mean_cpi - 1)"", ""source_cpi_series_code"": ""IMF|ACCESS_SHARING_LEVEL=PUBLIC_OPEN|COICOP_1999=_T|COMMON_REFERENCE_PERIOD=2023/24|FREQUENCY=M|IFS_FLAG=true|INDEX_TYPE=CPI|OVERLAP=OL|SCALE=0|SECURITY_CLASSIFICATION=PUB|TYPE_OF_TRANSFORMATION=IX|aggregation=quarterly_mean""}"
NPL,inflation_consumer_prices_yoy_pct_quarterly_imf,2022-Q2,quarterly,7.903238846071803,\N,derived,IMF_CPI,derived_yoy:IMF|ACCESS_SHARING_LEVEL=PUBLIC_OPEN|COICOP_1999=_T|COMMON_REFERENCE_PERIOD=2023/24|FREQUENCY=M|IFS_FLAG=true|INDEX_TYPE=CPI|OVERLAP=OL|SCALE=0|SECURITY_CLASSIFICATION=PUB|TYPE_OF_TRANSFORMATION=IX|aggregation=quarterly_mean,\N,"{""comparison_period"": ""2021-Q2"", ""formula"": ""100 * (quarterly_mean_cpi / same_quarter_prior_year_mean_cpi - 1)"", ""source_cpi_series_code"": ""IMF|ACCESS_SHARING_LEVEL=PUBLIC_OPEN|COICOP_1999=_T|COMMON_REFERENCE_PERIOD=2023/24|FREQUENCY=M|IFS_FLAG=true|INDEX_TYPE=CPI|OVERLAP=OL|SCALE=0|SECURITY_CLASSIFICATION=PUB|TYPE_OF_TRANSFORMATION=IX|aggregation=quarterly_mean""}"
NPL,inflation_consumer_prices_yoy_pct_quarterly_imf,2022-Q3,quarterly,8.331036661377045,\N,derived,IMF_CPI,derived_yoy:IMF|ACCESS_SHARING_LEVEL=PUBLIC_OPEN|COICOP_1999=_T|COMMON_REFERENCE_PERIOD=2023/24|FREQUENCY=M|IFS_FLAG=true|INDEX_TYPE=CPI|OVERLAP=OL|SCALE=0|SECURITY_CLASSIFICATION=PUB|TYPE_OF_TRANSFORMATION=IX|aggregation=quarterly_mean,\N,"{""comparison_period"": ""2021-Q3"", ""formula"": ""100 * (quarterly_mean_cpi / same_quarter_prior_year_mean_cpi - 1)"", ""source_cpi_series_code"": ""IMF|ACCESS_SHARING_LEVEL=PUBLIC_OPEN|COICOP_1999=_T|COMMON_REFERENCE_PERIOD=2023/24|FREQUENCY=M|IFS_FLAG=true|INDEX_TYPE=CPI|OVERLAP=OL|SCALE=0|SECURITY_CLASSIFICATION=PUB|TYPE_OF_TRANSFORMATION=IX|aggregation=quarterly_mean""}"
NPL,inflation_consumer_prices_yoy_pct_quarterly_imf,2022-Q4,quarterly,7.980299447581163,\N,derived,IMF_CPI,derived_yoy:IMF|ACCESS_SHARING_LEVEL=PUBLIC_OPEN|COICOP_1999=_T|COMMON_REFERENCE_PERIOD=2023/24|FREQUENCY=M|IFS_FLAG=true|INDEX_TYPE=CPI|OVERLAP=OL|SCALE=0|SECURITY_CLASSIFICATION=PUB|TYPE_OF_TRANSFORMATION=IX|aggregation=quarterly_mean,\N,"{""comparison_period"": ""2021-Q4"", ""formula"": ""100 * (quarterly_mean_cpi / same_quarter_prior_year_mean_cpi - 1)"", ""source_cpi_series_code"": ""IMF|ACCESS_SHARING_LEVEL=PUBLIC_OPEN|COICOP_1999=_T|COMMON_REFERENCE_PERIOD=2023/24|FREQUENCY=M|IFS_FLAG=true|INDEX_TYPE=CPI|OVERLAP=OL|SCALE=0|SECURITY_CLASSIFICATION=PUB|TYPE_OF_TRANSFORMATION=IX|aggregation=quarterly_mean""}"
OMN,inflation_consumer_prices_yoy_pct_quarterly_imf,2022-Q1,quarterly,3.6642238507661684,\N,derived,IMF_CPI,derived_yoy:IMF|ACCESS_SHARING_LEVEL=PUBLIC_OPEN|COICOP_1999=_T|COMMON_REFERENCE_PERIOD=2018A|FREQUENCY=M|IFS_FLAG=true|INDEX_TYPE=CPI|OVERLAP=OL|SCALE=0|SECURITY_CLASSIFICATION=PUB|TYPE_OF_TRANSFORMATION=IX|aggregation=quarterly_mean,\N,"{""comparison_period"": ""2021-Q1"", ""formula"": ""100 * (quarterly_mean_cpi / same_quarter_prior_year_mean_cpi - 1)"", ""source_cpi_series_code"": ""IMF|ACCESS_SHARING_LEVEL=PUBLIC_OPEN|COICOP_1999=_T|COMMON_REFERENCE_PERIOD=2018A|FREQUENCY=M|IFS_FLAG=true|INDEX_TYPE=CPI|OVERLAP=OL|SCALE=0|SECURITY_CLASSIFICATION=PUB|TYPE_OF_TRANSFORMATION=IX|aggregation=quarterly_mean""}"
OMN,inflation_consumer_prices_yoy_pct_quarterly_imf,2022-Q2,quarterly,2.460629921259838,\N,derived,IMF_CPI,derived_yoy:IMF|ACCESS_SHARING_LEVEL=PUBLIC_OPEN|COICOP_1999=_T|COMMON_REFERENCE_PERIOD=2018A|FREQUENCY=M|IFS_FLAG=true|INDEX_TYPE=CPI|OVERLAP=OL|SCALE=0|SECURITY_CLASSIFICATION=PUB|TYPE_OF_TRANSFORMATION=IX|aggregation=quarterly_mean,\N,"{""comparison_period"": ""2021-Q2"", ""formula"": ""100 * (quarterly_mean_cpi / same_quarter_prior_year_mean_cpi - 1)"", ""source_cpi_series_code"": ""IMF|ACCESS_SHARING_LEVEL=PUBLIC_OPEN|COICOP_1999=_T|COMMON_REFERENCE_PERIOD=2018A|FREQUENCY=M|IFS_FLAG=true|INDEX_TYPE=CPI|OVERLAP=OL|SCALE=0|SECURITY_CLASSIFICATION=PUB|TYPE_OF_TRANSFORMATION=IX|aggregation=quarterly_mean""}"
OMN,inflation_consumer_prices_yoy_pct_quarterly_imf,2022-Q3,quarterly,2.088091353996724,\N,derived,IMF_CPI,derived_yoy:IMF|ACCESS_SHARING_LEVEL=PUBLIC_OPEN|COICOP_1999=_T|COMMON_REFERENCE_PERIOD=2018A|FREQUENCY=M|IFS_FLAG=true|INDEX_TYPE=CPI|OVERLAP=OL|SCALE=0|SECURITY_CLASSIFICATION=PUB|TYPE_OF_TRANSFORMATION=IX|aggregation=quarterly_mean,\N,"{""comparison_period"": ""2021-Q3"", ""formula"": ""100 * (quarterly_mean_cpi / same_quarter_prior_year_mean_cpi - 1)"", ""source_cpi_series_code"": ""IMF|ACCESS_SHARING_LEVEL=PUBLIC_OPEN|COICOP_1999=_T|COMMON_REFERENCE_PERIOD=2018A|FREQUENCY=M|IFS_FLAG=true|INDEX_TYPE=CPI|OVERLAP=OL|SCALE=0|SECURITY_CLASSIFICATION=PUB|TYPE_OF_TRANSFORMATION=IX|aggregation=quarterly_mean""}"
OMN,inflation_consumer_prices_yoy_pct_quarterly_imf,2022-Q4,quarterly,1.8416801292407081,\N,derived,IMF_CPI,derived_yoy:IMF|ACCESS_SHARING_LEVEL=PUBLIC_OPEN|COICOP_1999=_T|COMMON_REFERENCE_PERIOD=2018A|FREQUENCY=M|IFS_FLAG=true|INDEX_TYPE=CPI|OVERLAP=OL|SCALE=0|SECURITY_CLASSIFICATION=PUB|TYPE_OF_TRANSFORMATION=IX|aggregation=quarterly_mean,\N,"{""comparison_period"": ""2021-Q4"", ""formula"": ""100 * (quarterly_mean_cpi / same_quarter_prior_year_mean_cpi - 1)"", ""source_cpi_series_code"": ""IMF|ACCESS_SHARING_LEVEL=PUBLIC_OPEN|COICOP_1999=_T|COMMON_REFERENCE_PERIOD=2018A|FREQUENCY=M|IFS_FLAG=true|INDEX_TYPE=CPI|OVERLAP=OL|SCALE=0|SECURITY_CLASSIFICATION=PUB|TYPE_OF_TRANSFORMATION=IX|aggregation=quarterly_mean""}"
PAK,inflation_consumer_prices_yoy_pct_quarterly_imf,2022-Q1,quarterly,12.641184591185507,\N,derived,IMF_CPI,derived_yoy:IMF|ACCESS_SHARING_LEVEL=PUBLIC_OPEN|COICOP_1999=_T|COMMON_REFERENCE_PERIOD=2015/2016|FREQUENCY=M|IFS_FLAG=true|INDEX_TYPE=CPI|OVERLAP=OL|SCALE=0|SECURITY_CLASSIFICATION=PUB|TYPE_OF_TRANSFORMATION=IX|aggregation=quarterly_mean,\N,"{""comparison_period"": ""2021-Q1"", ""formula"": ""100 * (quarterly_mean_cpi / same_quarter_prior_year_mean_cpi - 1)"", ""source_cpi_series_code"": ""IMF|ACCESS_SHARING_LEVEL=PUBLIC_OPEN|COICOP_1999=_T|COMMON_REFERENCE_PERIOD=2015/2016|FREQUENCY=M|IFS_FLAG=true|INDEX_TYPE=CPI|OVERLAP=OL|SCALE=0|SECURITY_CLASSIFICATION=PUB|TYPE_OF_TRANSFORMATION=IX|aggregation=quarterly_mean""}"
PAK,inflation_consumer_prices_yoy_pct_quarterly_imf,2022-Q2,quarterly,16.148053270735474,\N,derived,IMF_CPI,derived_yoy:IMF|ACCESS_SHARING_LEVEL=PUBLIC_OPEN|COICOP_1999=_T|COMMON_REFERENCE_PERIOD=2015/2016|FREQUENCY=M|IFS_FLAG=true|INDEX_TYPE=CPI|OVERLAP=OL|SCALE=0|SECURITY_CLASSIFICATION=PUB|TYPE_OF_TRANSFORMATION=IX|aggregation=quarterly_mean,\N,"{""comparison_period"": ""2021-Q2"", ""formula"": ""100 * (quarterly_mean_cpi / same_quarter_prior_year_mean_cpi - 1)"", ""source_cpi_series_code"": ""IMF|ACCESS_SHARING_LEVEL=PUBLIC_OPEN|COICOP_1999=_T|COMMON_REFERENCE_PERIOD=2015/2016|FREQUENCY=M|IFS_FLAG=true|INDEX_TYPE=CPI|OVERLAP=OL|SCALE=0|SECURITY_CLASSIFICATION=PUB|TYPE_OF_TRANSFORMATION=IX|aggregation=quarterly_mean""}"
PAK,inflation_consumer_prices_yoy_pct_quarterly_imf,2022-Q3,quarterly,25.109322016828585,\N,derived,IMF_CPI,derived_yoy:IMF|ACCESS_SHARING_LEVEL=PUBLIC_OPEN|COICOP_1999=_T|COMMON_REFERENCE_PERIOD=2015/2016|FREQUENCY=M|IFS_FLAG=true|INDEX_TYPE=CPI|OVERLAP=OL|SCALE=0|SECURITY_CLASSIFICATION=PUB|TYPE_OF_TRANSFORMATION=IX|aggregation=quarterly_mean,\N,"{""comparison_period"": ""2021-Q3"", ""formula"": ""100 * (quarterly_mean_cpi / same_quarter_prior_year_mean_cpi - 1)"", ""source_cpi_series_code"": ""IMF|ACCESS_SHARING_LEVEL=PUBLIC_OPEN|COICOP_1999=_T|COMMON_REFERENCE_PERIOD=2015/2016|FREQUENCY=M|IFS_FLAG=true|INDEX_TYPE=CPI|OVERLAP=OL|SCALE=0|SECURITY_CLASSIFICATION=PUB|TYPE_OF_TRANSFORMATION=IX|aggregation=quarterly_mean""}"
PAK,inflation_consumer_prices_yoy_pct_quarterly_imf,2022-Q4,quarterly,24.940831406998498,\N,derived,IMF_CPI,derived_yoy:IMF|ACCESS_SHARING_LEVEL=PUBLIC_OPEN|COICOP_1999=_T|COMMON_REFERENCE_PERIOD=2015/2016|FREQUENCY=M|IFS_FLAG=true|INDEX_TYPE=CPI|OVERLAP=OL|SCALE=0|SECURITY_CLASSIFICATION=PUB|TYPE_OF_TRANSFORMATION=IX|aggregation=quarterly_mean,\N,"{""comparison_period"": ""2021-Q4"", ""formula"": ""100 * (quarterly_mean_cpi / same_quarter_prior_year_mean_cpi - 1)"", ""source_cpi_series_code"": ""IMF|ACCESS_SHARING_LEVEL=PUBLIC_OPEN|COICOP_1999=_T|COMMON_REFERENCE_PERIOD=2015/2016|FREQUENCY=M|IFS_FLAG=true|INDEX_TYPE=CPI|OVERLAP=OL|SCALE=0|SECURITY_CLASSIFICATION=PUB|TYPE_OF_TRANSFORMATION=IX|aggregation=quarterly_mean""}"
PAN,inflation_consumer_prices_yoy_pct_quarterly_imf,2022-Q1,quarterly,2.8496412906473756,\N,derived,IMF_CPI,derived_yoy:IMF|ACCESS_SHARING_LEVEL=PUBLIC_OPEN|COICOP_1999=_T|COMMON_REFERENCE_PERIOD=2024A|FREQUENCY=M|IFS_FLAG=true|INDEX_TYPE=CPI|OVERLAP=OL|SCALE=0|SECURITY_CLASSIFICATION=PUB|TYPE_OF_TRANSFORMATION=IX|aggregation=quarterly_mean,\N,"{""comparison_period"": ""2021-Q1"", ""formula"": ""100 * (quarterly_mean_cpi / same_quarter_prior_year_mean_cpi - 1)"", ""source_cpi_series_code"": ""IMF|ACCESS_SHARING_LEVEL=PUBLIC_OPEN|COICOP_1999=_T|COMMON_REFERENCE_PERIOD=2024A|FREQUENCY=M|IFS_FLAG=true|INDEX_TYPE=CPI|OVERLAP=OL|SCALE=0|SECURITY_CLASSIFICATION=PUB|TYPE_OF_TRANSFORMATION=IX|aggregation=quarterly_mean""}"
PAN,inflation_consumer_prices_yoy_pct_quarterly_imf,2022-Q2,quarterly,4.357314156318592,\N,derived,IMF_CPI,derived_yoy:IMF|ACCESS_SHARING_LEVEL=PUBLIC_OPEN|COICOP_1999=_T|COMMON_REFERENCE_PERIOD=2024A|FREQUENCY=M|IFS_FLAG=true|INDEX_TYPE=CPI|OVERLAP=OL|SCALE=0|SECURITY_CLASSIFICATION=PUB|TYPE_OF_TRANSFORMATION=IX|aggregation=quarterly_mean,\N,"{""comparison_period"": ""2021-Q2"", ""formula"": ""100 * (quarterly_mean_cpi / same_quarter_prior_year_mean_cpi - 1)"", ""source_cpi_series_code"": ""IMF|ACCESS_SHARING_LEVEL=PUBLIC_OPEN|COICOP_1999=_T|COMMON_REFERENCE_PERIOD=2024A|FREQUENCY=M|IFS_FLAG=true|INDEX_TYPE=CPI|OVERLAP=OL|SCALE=0|SECURITY_CLASSIFICATION=PUB|TYPE_OF_TRANSFORMATION=IX|aggregation=quarterly_mean""}"
PAN,inflation_consumer_prices_yoy_pct_quarterly_imf,2022-Q3,quarterly,2.5060152657840895,\N,derived,IMF_CPI,derived_yoy:IMF|ACCESS_SHARING_LEVEL=PUBLIC_OPEN|COICOP_1999=_T|COMMON_REFERENCE_PERIOD=2024A|FREQUENCY=M|IFS_FLAG=true|INDEX_TYPE=CPI|OVERLAP=OL|SCALE=0|SECURITY_CLASSIFICATION=PUB|TYPE_OF_TRANSFORMATION=IX|aggregation=quarterly_mean,\N,"{""comparison_period"": ""2021-Q3"", ""formula"": ""100 * (quarterly_mean_cpi / same_quarter_prior_year_mean_cpi - 1)"", ""source_cpi_series_code"": ""IMF|ACCESS_SHARING_LEVEL=PUBLIC_OPEN|COICOP_1999=_T|COMMON_REFERENCE_PERIOD=2024A|FREQUENCY=M|IFS_FLAG=true|INDEX_TYPE=CPI|OVERLAP=OL|SCALE=0|SECURITY_CLASSIFICATION=PUB|TYPE_OF_TRANSFORMATION=IX|aggregation=quarterly_mean""}"
PAN,inflation_consumer_prices_yoy_pct_quarterly_imf,2022-Q4,quarterly,1.7317387591940347,\N,derived,IMF_CPI,derived_yoy:IMF|ACCESS_SHARING_LEVEL=PUBLIC_OPEN|COICOP_1999=_T|COMMON_REFERENCE_PERIOD=2024A|FREQUENCY=M|IFS_FLAG=true|INDEX_TYPE=CPI|OVERLAP=OL|SCALE=0|SECURITY_CLASSIFICATION=PUB|TYPE_OF_TRANSFORMATION=IX|aggregation=quarterly_mean,\N,"{""comparison_period"": ""2021-Q4"", ""formula"": ""100 * (quarterly_mean_cpi / same_quarter_prior_year_mean_cpi - 1)"", ""source_cpi_series_code"": ""IMF|ACCESS_SHARING_LEVEL=PUBLIC_OPEN|COICOP_1999=_T|COMMON_REFERENCE_PERIOD=2024A|FREQUENCY=M|IFS_FLAG=true|INDEX_TYPE=CPI|OVERLAP=OL|SCALE=0|SECURITY_CLASSIFICATION=PUB|TYPE_OF_TRANSFORMATION=IX|aggregation=quarterly_mean""}"
PER,inflation_consumer_prices_yoy_pct_quarterly_imf,2022-Q1,quarterly,6.81939190870986,\N,derived,IMF_CPI,derived_yoy:IMF|ACCESS_SHARING_LEVEL=PUBLIC_OPEN|COICOP_1999=_T|COMMON_REFERENCE_PERIOD=2021M12|FREQUENCY=M|IFS_FLAG=true|INDEX_TYPE=CPI|OVERLAP=OL|SCALE=0|SECURITY_CLASSIFICATION=PUB|TYPE_OF_TRANSFORMATION=IX|aggregation=quarterly_mean,\N,"{""comparison_period"": ""2021-Q1"", ""formula"": ""100 * (quarterly_mean_cpi / same_quarter_prior_year_mean_cpi - 1)"", ""source_cpi_series_code"": ""IMF|ACCESS_SHARING_LEVEL=PUBLIC_OPEN|COICOP_1999=_T|COMMON_REFERENCE_PERIOD=2021M12|FREQUENCY=M|IFS_FLAG=true|INDEX_TYPE=CPI|OVERLAP=OL|SCALE=0|SECURITY_CLASSIFICATION=PUB|TYPE_OF_TRANSFORMATION=IX|aggregation=quarterly_mean""}"
PER,inflation_consumer_prices_yoy_pct_quarterly_imf,2022-Q2,quarterly,8.905754385504139,\N,derived,IMF_CPI,derived_yoy:IMF|ACCESS_SHARING_LEVEL=PUBLIC_OPEN|COICOP_1999=_T|COMMON_REFERENCE_PERIOD=2021M12|FREQUENCY=M|IFS_FLAG=true|INDEX_TYPE=CPI|OVERLAP=OL|SCALE=0|SECURITY_CLASSIFICATION=PUB|TYPE_OF_TRANSFORMATION=IX|aggregation=quarterly_mean,\N,"{""comparison_period"": ""2021-Q2"", ""formula"": ""100 * (quarterly_mean_cpi / same_quarter_prior_year_mean_cpi - 1)"", ""source_cpi_series_code"": ""IMF|ACCESS_SHARING_LEVEL=PUBLIC_OPEN|COICOP_1999=_T|COMMON_REFERENCE_PERIOD=2021M12|FREQUENCY=M|IFS_FLAG=true|INDEX_TYPE=CPI|OVERLAP=OL|SCALE=0|SECURITY_CLASSIFICATION=PUB|TYPE_OF_TRANSFORMATION=IX|aggregation=quarterly_mean""}"
PER,inflation_consumer_prices_yoy_pct_quarterly_imf,2022-Q3,quarterly,8.953255280359041,\N,derived,IMF_CPI,derived_yoy:IMF|ACCESS_SHARING_LEVEL=PUBLIC_OPEN|COICOP_1999=_T|COMMON_REFERENCE_PERIOD=2021M12|FREQUENCY=M|IFS_FLAG=true|INDEX_TYPE=CPI|OVERLAP=OL|SCALE=0|SECURITY_CLASSIFICATION=PUB|TYPE_OF_TRANSFORMATION=IX|aggregation=quarterly_mean,\N,"{""comparison_period"": ""2021-Q3"", ""formula"": ""100 * (quarterly_mean_cpi / same_quarter_prior_year_mean_cpi - 1)"", ""source_cpi_series_code"": ""IMF|ACCESS_SHARING_LEVEL=PUBLIC_OPEN|COICOP_1999=_T|COMMON_REFERENCE_PERIOD=2021M12|FREQUENCY=M|IFS_FLAG=true|INDEX_TYPE=CPI|OVERLAP=OL|SCALE=0|SECURITY_CLASSIFICATION=PUB|TYPE_OF_TRANSFORMATION=IX|aggregation=quarterly_mean""}"
PER,inflation_consumer_prices_yoy_pct_quarterly_imf,2022-Q4,quarterly,8.61645690684587,\N,derived,IMF_CPI,derived_yoy:IMF|ACCESS_SHARING_LEVEL=PUBLIC_OPEN|COICOP_1999=_T|COMMON_REFERENCE_PERIOD=2021M12|FREQUENCY=M|IFS_FLAG=true|INDEX_TYPE=CPI|OVERLAP=OL|SCALE=0|SECURITY_CLASSIFICATION=PUB|TYPE_OF_TRANSFORMATION=IX|aggregation=quarterly_mean,\N,"{""comparison_period"": ""2021-Q4"", ""formula"": ""100 * (quarterly_mean_cpi / same_quarter_prior_year_mean_cpi - 1)"", ""source_cpi_series_code"": ""IMF|ACCESS_SHARING_LEVEL=PUBLIC_OPEN|COICOP_1999=_T|COMMON_REFERENCE_PERIOD=2021M12|FREQUENCY=M|IFS_FLAG=true|INDEX_TYPE=CPI|OVERLAP=OL|SCALE=0|SECURITY_CLASSIFICATION=PUB|TYPE_OF_TRANSFORMATION=IX|aggregation=quarterly_mean""}"
PHL,inflation_consumer_prices_yoy_pct_quarterly_imf,2022-Q1,quarterly,3.352814518609648,\N,derived,IMF_CPI,derived_yoy:IMF|ACCESS_SHARING_LEVEL=PUBLIC_OPEN|COICOP_1999=_T|COMMON_REFERENCE_PERIOD=2018A|FREQUENCY=M|IFS_FLAG=true|INDEX_TYPE=CPI|OVERLAP=OL|SCALE=0|SECURITY_CLASSIFICATION=PUB|TYPE_OF_TRANSFORMATION=IX|aggregation=quarterly_mean,\N,"{""comparison_period"": ""2021-Q1"", ""formula"": ""100 * (quarterly_mean_cpi / same_quarter_prior_year_mean_cpi - 1)"", ""source_cpi_series_code"": ""IMF|ACCESS_SHARING_LEVEL=PUBLIC_OPEN|COICOP_1999=_T|COMMON_REFERENCE_PERIOD=2018A|FREQUENCY=M|IFS_FLAG=true|INDEX_TYPE=CPI|OVERLAP=OL|SCALE=0|SECURITY_CLASSIFICATION=PUB|TYPE_OF_TRANSFORMATION=IX|aggregation=quarterly_mean""}"
PHL,inflation_consumer_prices_yoy_pct_quarterly_imf,2022-Q2,quarterly,5.4545454545454675,\N,derived,IMF_CPI,derived_yoy:IMF|ACCESS_SHARING_LEVEL=PUBLIC_OPEN|COICOP_1999=_T|COMMON_REFERENCE_PERIOD=2018A|FREQUENCY=M|IFS_FLAG=true|INDEX_TYPE=CPI|OVERLAP=OL|SCALE=0|SECURITY_CLASSIFICATION=PUB|TYPE_OF_TRANSFORMATION=IX|aggregation=quarterly_mean,\N,"{""comparison_period"": ""2021-Q2"", ""formula"": ""100 * (quarterly_mean_cpi / same_quarter_prior_year_mean_cpi - 1)"", ""source_cpi_series_code"": ""IMF|ACCESS_SHARING_LEVEL=PUBLIC_OPEN|COICOP_1999=_T|COMMON_REFERENCE_PERIOD=2018A|FREQUENCY=M|IFS_FLAG=true|INDEX_TYPE=CPI|OVERLAP=OL|SCALE=0|SECURITY_CLASSIFICATION=PUB|TYPE_OF_TRANSFORMATION=IX|aggregation=quarterly_mean""}"
PHL,inflation_consumer_prices_yoy_pct_quarterly_imf,2022-Q3,quarterly,6.534351145038153,\N,derived,IMF_CPI,derived_yoy:IMF|ACCESS_SHARING_LEVEL=PUBLIC_OPEN|COICOP_1999=_T|COMMON_REFERENCE_PERIOD=2018A|FREQUENCY=M|IFS_FLAG=true|INDEX_TYPE=CPI|OVERLAP=OL|SCALE=0|SECURITY_CLASSIFICATION=PUB|TYPE_OF_TRANSFORMATION=IX|aggregation=quarterly_mean,\N,"{""comparison_period"": ""2021-Q3"", ""formula"": ""100 * (quarterly_mean_cpi / same_quarter_prior_year_mean_cpi - 1)"", ""source_cpi_series_code"": ""IMF|ACCESS_SHARING_LEVEL=PUBLIC_OPEN|COICOP_1999=_T|COMMON_REFERENCE_PERIOD=2018A|FREQUENCY=M|IFS_FLAG=true|INDEX_TYPE=CPI|OVERLAP=OL|SCALE=0|SECURITY_CLASSIFICATION=PUB|TYPE_OF_TRANSFORMATION=IX|aggregation=quarterly_mean""}"
PHL,inflation_consumer_prices_yoy_pct_quarterly_imf,2022-Q4,quarterly,7.904300423985466,\N,derived,IMF_CPI,derived_yoy:IMF|ACCESS_SHARING_LEVEL=PUBLIC_OPEN|COICOP_1999=_T|COMMON_REFERENCE_PERIOD=2018A|FREQUENCY=M|IFS_FLAG=true|INDEX_TYPE=CPI|OVERLAP=OL|SCALE=0|SECURITY_CLASSIFICATION=PUB|TYPE_OF_TRANSFORMATION=IX|aggregation=quarterly_mean,\N,"{""comparison_period"": ""2021-Q4"", ""formula"": ""100 * (quarterly_mean_cpi / same_quarter_prior_year_mean_cpi - 1)"", ""source_cpi_series_code"": ""IMF|ACCESS_SHARING_LEVEL=PUBLIC_OPEN|COICOP_1999=_T|COMMON_REFERENCE_PERIOD=2018A|FREQUENCY=M|IFS_FLAG=true|INDEX_TYPE=CPI|OVERLAP=OL|SCALE=0|SECURITY_CLASSIFICATION=PUB|TYPE_OF_TRANSFORMATION=IX|aggregation=quarterly_mean""}"
POL,inflation_consumer_prices_yoy_pct_quarterly_imf,2022-Q1,quarterly,9.642943891182899,\N,derived,IMF_CPI,derived_yoy:IMF|ACCESS_SHARING_LEVEL=PUBLIC_OPEN|COICOP_1999=_T|COMMON_REFERENCE_PERIOD=2025A|FREQUENCY=M|IFS_FLAG=true|INDEX_TYPE=CPI|OVERLAP=OL|SCALE=0|SECURITY_CLASSIFICATION=PUB|TYPE_OF_TRANSFORMATION=IX|aggregation=quarterly_mean,\N,"{""comparison_period"": ""2021-Q1"", ""formula"": ""100 * (quarterly_mean_cpi / same_quarter_prior_year_mean_cpi - 1)"", ""source_cpi_series_code"": ""IMF|ACCESS_SHARING_LEVEL=PUBLIC_OPEN|COICOP_1999=_T|COMMON_REFERENCE_PERIOD=2025A|FREQUENCY=M|IFS_FLAG=true|INDEX_TYPE=CPI|OVERLAP=OL|SCALE=0|SECURITY_CLASSIFICATION=PUB|TYPE_OF_TRANSFORMATION=IX|aggregation=quarterly_mean""}"
POL,inflation_consumer_prices_yoy_pct_quarterly_imf,2022-Q2,quarterly,13.948497854077235,\N,derived,IMF_CPI,derived_yoy:IMF|ACCESS_SHARING_LEVEL=PUBLIC_OPEN|COICOP_1999=_T|COMMON_REFERENCE_PERIOD=2025A|FREQUENCY=M|IFS_FLAG=true|INDEX_TYPE=CPI|OVERLAP=OL|SCALE=0|SECURITY_CLASSIFICATION=PUB|TYPE_OF_TRANSFORMATION=IX|aggregation=quarterly_mean,\N,"{""comparison_period"": ""2021-Q2"", ""formula"": ""100 * (quarterly_mean_cpi / same_quarter_prior_year_mean_cpi - 1)"", ""source_cpi_series_code"": ""IMF|ACCESS_SHARING_LEVEL=PUBLIC_OPEN|COICOP_1999=_T|COMMON_REFERENCE_PERIOD=2025A|FREQUENCY=M|IFS_FLAG=true|INDEX_TYPE=CPI|OVERLAP=OL|SCALE=0|SECURITY_CLASSIFICATION=PUB|TYPE_OF_TRANSFORMATION=IX|aggregation=quarterly_mean""}"
POL,inflation_consumer_prices_yoy_pct_quarterly_imf,2022-Q3,quarterly,16.38338054768649,\N,derived,IMF_CPI,derived_yoy:IMF|ACCESS_SHARING_LEVEL=PUBLIC_OPEN|COICOP_1999=_T|COMMON_REFERENCE_PERIOD=2025A|FREQUENCY=M|IFS_FLAG=true|INDEX_TYPE=CPI|OVERLAP=OL|SCALE=0|SECURITY_CLASSIFICATION=PUB|TYPE_OF_TRANSFORMATION=IX|aggregation=quarterly_mean,\N,"{""comparison_period"": ""2021-Q3"", ""formula"": ""100 * (quarterly_mean_cpi / same_quarter_prior_year_mean_cpi - 1)"", ""source_cpi_series_code"": ""IMF|ACCESS_SHARING_LEVEL=PUBLIC_OPEN|COICOP_1999=_T|COMMON_REFERENCE_PERIOD=2025A|FREQUENCY=M|IFS_FLAG=true|INDEX_TYPE=CPI|OVERLAP=OL|SCALE=0|SECURITY_CLASSIFICATION=PUB|TYPE_OF_TRANSFORMATION=IX|aggregation=quarterly_mean""}"
POL,inflation_consumer_prices_yoy_pct_quarterly_imf,2022-Q4,quarterly,17.52126925730053,\N,derived,IMF_CPI,derived_yoy:IMF|ACCESS_SHARING_LEVEL=PUBLIC_OPEN|COICOP_1999=_T|COMMON_REFERENCE_PERIOD=2025A|FREQUENCY=M|IFS_FLAG=true|INDEX_TYPE=CPI|OVERLAP=OL|SCALE=0|SECURITY_CLASSIFICATION=PUB|TYPE_OF_TRANSFORMATION=IX|aggregation=quarterly_mean,\N,"{""comparison_period"": ""2021-Q4"", ""formula"": ""100 * (quarterly_mean_cpi / same_quarter_prior_year_mean_cpi - 1)"", ""source_cpi_series_code"": ""IMF|ACCESS_SHARING_LEVEL=PUBLIC_OPEN|COICOP_1999=_T|COMMON_REFERENCE_PERIOD=2025A|FREQUENCY=M|IFS_FLAG=true|INDEX_TYPE=CPI|OVERLAP=OL|SCALE=0|SECURITY_CLASSIFICATION=PUB|TYPE_OF_TRANSFORMATION=IX|aggregation=quarterly_mean""}"
PRT,inflation_consumer_prices_yoy_pct_quarterly_imf,2022-Q1,quarterly,4.291844114102039,\N,derived,IMF_CPI,derived_yoy:IMF|ACCESS_SHARING_LEVEL=PUBLIC_OPEN|COICOP_1999=_T|COMMON_REFERENCE_PERIOD=2025A|FREQUENCY=M|IFS_FLAG=true|INDEX_TYPE=CPI|OVERLAP=OL|SCALE=0|SECURITY_CLASSIFICATION=PUB|TYPE_OF_TRANSFORMATION=IX|aggregation=quarterly_mean,\N,"{""comparison_period"": ""2021-Q1"", ""formula"": ""100 * (quarterly_mean_cpi / same_quarter_prior_year_mean_cpi - 1)"", ""source_cpi_series_code"": ""IMF|ACCESS_SHARING_LEVEL=PUBLIC_OPEN|COICOP_1999=_T|COMMON_REFERENCE_PERIOD=2025A|FREQUENCY=M|IFS_FLAG=true|INDEX_TYPE=CPI|OVERLAP=OL|SCALE=0|SECURITY_CLASSIFICATION=PUB|TYPE_OF_TRANSFORMATION=IX|aggregation=quarterly_mean""}"
PRT,inflation_consumer_prices_yoy_pct_quarterly_imf,2022-Q2,quarterly,7.9779023736248345,\N,derived,IMF_CPI,derived_yoy:IMF|ACCESS_SHARING_LEVEL=PUBLIC_OPEN|COICOP_1999=_T|COMMON_REFERENCE_PERIOD=2025A|FREQUENCY=M|IFS_FLAG=true|INDEX_TYPE=CPI|OVERLAP=OL|SCALE=0|SECURITY_CLASSIFICATION=PUB|TYPE_OF_TRANSFORMATION=IX|aggregation=quarterly_mean,\N,"{""comparison_period"": ""2021-Q2"", ""formula"": ""100 * (quarterly_mean_cpi / same_quarter_prior_year_mean_cpi - 1)"", ""source_cpi_series_code"": ""IMF|ACCESS_SHARING_LEVEL=PUBLIC_OPEN|COICOP_1999=_T|COMMON_REFERENCE_PERIOD=2025A|FREQUENCY=M|IFS_FLAG=true|INDEX_TYPE=CPI|OVERLAP=OL|SCALE=0|SECURITY_CLASSIFICATION=PUB|TYPE_OF_TRANSFORMATION=IX|aggregation=quarterly_mean""}"
PRT,inflation_consumer_prices_yoy_pct_quarterly_imf,2022-Q3,quarterly,9.095864882082449,\N,derived,IMF_CPI,derived_yoy:IMF|ACCESS_SHARING_LEVEL=PUBLIC_OPEN|COICOP_1999=_T|COMMON_REFERENCE_PERIOD=2025A|FREQUENCY=M|IFS_FLAG=true|INDEX_TYPE=CPI|OVERLAP=OL|SCALE=0|SECURITY_CLASSIFICATION=PUB|TYPE_OF_TRANSFORMATION=IX|aggregation=quarterly_mean,\N,"{""comparison_period"": ""2021-Q3"", ""formula"": ""100 * (quarterly_mean_cpi / same_quarter_prior_year_mean_cpi - 1)"", ""source_cpi_series_code"": ""IMF|ACCESS_SHARING_LEVEL=PUBLIC_OPEN|COICOP_1999=_T|COMMON_REFERENCE_PERIOD=2025A|FREQUENCY=M|IFS_FLAG=true|INDEX_TYPE=CPI|OVERLAP=OL|SCALE=0|SECURITY_CLASSIFICATION=PUB|TYPE_OF_TRANSFORMATION=IX|aggregation=quarterly_mean""}"
PRT,inflation_consumer_prices_yoy_pct_quarterly_imf,2022-Q4,quarterly,9.889178128480737,\N,derived,IMF_CPI,derived_yoy:IMF|ACCESS_SHARING_LEVEL=PUBLIC_OPEN|COICOP_1999=_T|COMMON_REFERENCE_PERIOD=2025A|FREQUENCY=M|IFS_FLAG=true|INDEX_TYPE=CPI|OVERLAP=OL|SCALE=0|SECURITY_CLASSIFICATION=PUB|TYPE_OF_TRANSFORMATION=IX|aggregation=quarterly_mean,\N,"{""comparison_period"": ""2021-Q4"", ""formula"": ""100 * (quarterly_mean_cpi / same_quarter_prior_year_mean_cpi - 1)"", ""source_cpi_series_code"": ""IMF|ACCESS_SHARING_LEVEL=PUBLIC_OPEN|COICOP_1999=_T|COMMON_REFERENCE_PERIOD=2025A|FREQUENCY=M|IFS_FLAG=true|INDEX_TYPE=CPI|OVERLAP=OL|SCALE=0|SECURITY_CLASSIFICATION=PUB|TYPE_OF_TRANSFORMATION=IX|aggregation=quarterly_mean""}"
PRY,inflation_consumer_prices_yoy_pct_quarterly_imf,2022-Q1,quarterly,9.082568807339442,\N,derived,IMF_CPI,derived_yoy:IMF|ACCESS_SHARING_LEVEL=PUBLIC_OPEN|COICOP_1999=_T|COMMON_REFERENCE_PERIOD=2017M12|FREQUENCY=M|IFS_FLAG=true|INDEX_TYPE=CPI|OVERLAP=OL|SCALE=0|SECURITY_CLASSIFICATION=PUB|TYPE_OF_TRANSFORMATION=IX|aggregation=quarterly_mean,\N,"{""comparison_period"": ""2021-Q1"", ""formula"": ""100 * (quarterly_mean_cpi / same_quarter_prior_year_mean_cpi - 1)"", ""source_cpi_series_code"": ""IMF|ACCESS_SHARING_LEVEL=PUBLIC_OPEN|COICOP_1999=_T|COMMON_REFERENCE_PERIOD=2017M12|FREQUENCY=M|IFS_FLAG=true|INDEX_TYPE=CPI|OVERLAP=OL|SCALE=0|SECURITY_CLASSIFICATION=PUB|TYPE_OF_TRANSFORMATION=IX|aggregation=quarterly_mean""}"
PRY,inflation_consumer_prices_yoy_pct_quarterly_imf,2022-Q2,quarterly,11.594643944004869,\N,derived,IMF_CPI,derived_yoy:IMF|ACCESS_SHARING_LEVEL=PUBLIC_OPEN|COICOP_1999=_T|COMMON_REFERENCE_PERIOD=2017M12|FREQUENCY=M|IFS_FLAG=true|INDEX_TYPE=CPI|OVERLAP=OL|SCALE=0|SECURITY_CLASSIFICATION=PUB|TYPE_OF_TRANSFORMATION=IX|aggregation=quarterly_mean,\N,"{""comparison_period"": ""2021-Q2"", ""formula"": ""100 * (quarterly_mean_cpi / same_quarter_prior_year_mean_cpi - 1)"", ""source_cpi_series_code"": ""IMF|ACCESS_SHARING_LEVEL=PUBLIC_OPEN|COICOP_1999=_T|COMMON_REFERENCE_PERIOD=2017M12|FREQUENCY=M|IFS_FLAG=true|INDEX_TYPE=CPI|OVERLAP=OL|SCALE=0|SECURITY_CLASSIFICATION=PUB|TYPE_OF_TRANSFORMATION=IX|aggregation=quarterly_mean""}"
PRY,inflation_consumer_prices_yoy_pct_quarterly_imf,2022-Q3,quarterly,10.296735905044518,\N,derived,IMF_CPI,derived_yoy:IMF|ACCESS_SHARING_LEVEL=PUBLIC_OPEN|COICOP_1999=_T|COMMON_REFERENCE_PERIOD=2017M12|FREQUENCY=M|IFS_FLAG=true|INDEX_TYPE=CPI|OVERLAP=OL|SCALE=0|SECURITY_CLASSIFICATION=PUB|TYPE_OF_TRANSFORMATION=IX|aggregation=quarterly_mean,\N,"{""comparison_period"": ""2021-Q3"", ""formula"": ""100 * (quarterly_mean_cpi / same_quarter_prior_year_mean_cpi - 1)"", ""source_cpi_series_code"": ""IMF|ACCESS_SHARING_LEVEL=PUBLIC_OPEN|COICOP_1999=_T|COMMON_REFERENCE_PERIOD=2017M12|FREQUENCY=M|IFS_FLAG=true|INDEX_TYPE=CPI|OVERLAP=OL|SCALE=0|SECURITY_CLASSIFICATION=PUB|TYPE_OF_TRANSFORMATION=IX|aggregation=quarterly_mean""}"
PRY,inflation_consumer_prices_yoy_pct_quarterly_imf,2022-Q4,quarterly,8.160322952710498,\N,derived,IMF_CPI,derived_yoy:IMF|ACCESS_SHARING_LEVEL=PUBLIC_OPEN|COICOP_1999=_T|COMMON_REFERENCE_PERIOD=2017M12|FREQUENCY=M|IFS_FLAG=true|INDEX_TYPE=CPI|OVERLAP=OL|SCALE=0|SECURITY_CLASSIFICATION=PUB|TYPE_OF_TRANSFORMATION=IX|aggregation=quarterly_mean,\N,"{""comparison_period"": ""2021-Q4"", ""formula"": ""100 * (quarterly_mean_cpi / same_quarter_prior_year_mean_cpi - 1)"", ""source_cpi_series_code"": ""IMF|ACCESS_SHARING_LEVEL=PUBLIC_OPEN|COICOP_1999=_T|COMMON_REFERENCE_PERIOD=2017M12|FREQUENCY=M|IFS_FLAG=true|INDEX_TYPE=CPI|OVERLAP=OL|SCALE=0|SECURITY_CLASSIFICATION=PUB|TYPE_OF_TRANSFORMATION=IX|aggregation=quarterly_mean""}"
QAT,inflation_consumer_prices_yoy_pct_quarterly_imf,2022-Q1,quarterly,4.191411211424256,\N,derived,IMF_CPI,derived_yoy:IMF|ACCESS_SHARING_LEVEL=PUBLIC_OPEN|COICOP_1999=_T|COMMON_REFERENCE_PERIOD=2018A|FREQUENCY=M|IFS_FLAG=true|INDEX_TYPE=CPI|OVERLAP=OL|SCALE=0|SECURITY_CLASSIFICATION=PUB|TYPE_OF_TRANSFORMATION=IX|aggregation=quarterly_mean,\N,"{""comparison_period"": ""2021-Q1"", ""formula"": ""100 * (quarterly_mean_cpi / same_quarter_prior_year_mean_cpi - 1)"", ""source_cpi_series_code"": ""IMF|ACCESS_SHARING_LEVEL=PUBLIC_OPEN|COICOP_1999=_T|COMMON_REFERENCE_PERIOD=2018A|FREQUENCY=M|IFS_FLAG=true|INDEX_TYPE=CPI|OVERLAP=OL|SCALE=0|SECURITY_CLASSIFICATION=PUB|TYPE_OF_TRANSFORMATION=IX|aggregation=quarterly_mean""}"
QAT,inflation_consumer_prices_yoy_pct_quarterly_imf,2022-Q2,quarterly,5.082895544790889,\N,derived,IMF_CPI,derived_yoy:IMF|ACCESS_SHARING_LEVEL=PUBLIC_OPEN|COICOP_1999=_T|COMMON_REFERENCE_PERIOD=2018A|FREQUENCY=M|IFS_FLAG=true|INDEX_TYPE=CPI|OVERLAP=OL|SCALE=0|SECURITY_CLASSIFICATION=PUB|TYPE_OF_TRANSFORMATION=IX|aggregation=quarterly_mean,\N,"{""comparison_period"": ""2021-Q2"", ""formula"": ""100 * (quarterly_mean_cpi / same_quarter_prior_year_mean_cpi - 1)"", ""source_cpi_series_code"": ""IMF|ACCESS_SHARING_LEVEL=PUBLIC_OPEN|COICOP_1999=_T|COMMON_REFERENCE_PERIOD=2018A|FREQUENCY=M|IFS_FLAG=true|INDEX_TYPE=CPI|OVERLAP=OL|SCALE=0|SECURITY_CLASSIFICATION=PUB|TYPE_OF_TRANSFORMATION=IX|aggregation=quarterly_mean""}"
QAT,inflation_consumer_prices_yoy_pct_quarterly_imf,2022-Q3,quarterly,5.2688316938418245,\N,derived,IMF_CPI,derived_yoy:IMF|ACCESS_SHARING_LEVEL=PUBLIC_OPEN|COICOP_1999=_T|COMMON_REFERENCE_PERIOD=2018A|FREQUENCY=M|IFS_FLAG=true|INDEX_TYPE=CPI|OVERLAP=OL|SCALE=0|SECURITY_CLASSIFICATION=PUB|TYPE_OF_TRANSFORMATION=IX|aggregation=quarterly_mean,\N,"{""comparison_period"": ""2021-Q3"", ""formula"": ""100 * (quarterly_mean_cpi / same_quarter_prior_year_mean_cpi - 1)"", ""source_cpi_series_code"": ""IMF|ACCESS_SHARING_LEVEL=PUBLIC_OPEN|COICOP_1999=_T|COMMON_REFERENCE_PERIOD=2018A|FREQUENCY=M|IFS_FLAG=true|INDEX_TYPE=CPI|OVERLAP=OL|SCALE=0|SECURITY_CLASSIFICATION=PUB|TYPE_OF_TRANSFORMATION=IX|aggregation=quarterly_mean""}"
QAT,inflation_consumer_prices_yoy_pct_quarterly_imf,2022-Q4,quarterly,5.413939413873647,\N,derived,IMF_CPI,derived_yoy:IMF|ACCESS_SHARING_LEVEL=PUBLIC_OPEN|COICOP_1999=_T|COMMON_REFERENCE_PERIOD=2018A|FREQUENCY=M|IFS_FLAG=true|INDEX_TYPE=CPI|OVERLAP=OL|SCALE=0|SECURITY_CLASSIFICATION=PUB|TYPE_OF_TRANSFORMATION=IX|aggregation=quarterly_mean,\N,"{""comparison_period"": ""2021-Q4"", ""formula"": ""100 * (quarterly_mean_cpi / same_quarter_prior_year_mean_cpi - 1)"", ""source_cpi_series_code"": ""IMF|ACCESS_SHARING_LEVEL=PUBLIC_OPEN|COICOP_1999=_T|COMMON_REFERENCE_PERIOD=2018A|FREQUENCY=M|IFS_FLAG=true|INDEX_TYPE=CPI|OVERLAP=OL|SCALE=0|SECURITY_CLASSIFICATION=PUB|TYPE_OF_TRANSFORMATION=IX|aggregation=quarterly_mean""}"
ROU,inflation_consumer_prices_yoy_pct_quarterly_imf,2022-Q1,quarterly,9.01351588555379,\N,derived,IMF_CPI,derived_yoy:IMF|ACCESS_SHARING_LEVEL=PUBLIC_OPEN|COICOP_1999=_T|COMMON_REFERENCE_PERIOD=2015A|FREQUENCY=M|IFS_FLAG=true|INDEX_TYPE=CPI|OVERLAP=OL|SCALE=0|SECURITY_CLASSIFICATION=PUB|TYPE_OF_TRANSFORMATION=IX|aggregation=quarterly_mean,\N,"{""comparison_period"": ""2021-Q1"", ""formula"": ""100 * (quarterly_mean_cpi / same_quarter_prior_year_mean_cpi - 1)"", ""source_cpi_series_code"": ""IMF|ACCESS_SHARING_LEVEL=PUBLIC_OPEN|COICOP_1999=_T|COMMON_REFERENCE_PERIOD=2015A|FREQUENCY=M|IFS_FLAG=true|INDEX_TYPE=CPI|OVERLAP=OL|SCALE=0|SECURITY_CLASSIFICATION=PUB|TYPE_OF_TRANSFORMATION=IX|aggregation=quarterly_mean""}"
ROU,inflation_consumer_prices_yoy_pct_quarterly_imf,2022-Q2,quarterly,14.440850277264339,\N,derived,IMF_CPI,derived_yoy:IMF|ACCESS_SHARING_LEVEL=PUBLIC_OPEN|COICOP_1999=_T|COMMON_REFERENCE_PERIOD=2015A|FREQUENCY=M|IFS_FLAG=true|INDEX_TYPE=CPI|OVERLAP=OL|SCALE=0|SECURITY_CLASSIFICATION=PUB|TYPE_OF_TRANSFORMATION=IX|aggregation=quarterly_mean,\N,"{""comparison_period"": ""2021-Q2"", ""formula"": ""100 * (quarterly_mean_cpi / same_quarter_prior_year_mean_cpi - 1)"", ""source_cpi_series_code"": ""IMF|ACCESS_SHARING_LEVEL=PUBLIC_OPEN|COICOP_1999=_T|COMMON_REFERENCE_PERIOD=2015A|FREQUENCY=M|IFS_FLAG=true|INDEX_TYPE=CPI|OVERLAP=OL|SCALE=0|SECURITY_CLASSIFICATION=PUB|TYPE_OF_TRANSFORMATION=IX|aggregation=quarterly_mean""}"
ROU,inflation_consumer_prices_yoy_pct_quarterly_imf,2022-Q3,quarterly,15.385925085130548,\N,derived,IMF_CPI,derived_yoy:IMF|ACCESS_SHARING_LEVEL=PUBLIC_OPEN|COICOP_1999=_T|COMMON_REFERENCE_PERIOD=2015A|FREQUENCY=M|IFS_FLAG=true|INDEX_TYPE=CPI|OVERLAP=OL|SCALE=0|SECURITY_CLASSIFICATION=PUB|TYPE_OF_TRANSFORMATION=IX|aggregation=quarterly_mean,\N,"{""comparison_period"": ""2021-Q3"", ""formula"": ""100 * (quarterly_mean_cpi / same_quarter_prior_year_mean_cpi - 1)"", ""source_cpi_series_code"": ""IMF|ACCESS_SHARING_LEVEL=PUBLIC_OPEN|COICOP_1999=_T|COMMON_REFERENCE_PERIOD=2015A|FREQUENCY=M|IFS_FLAG=true|INDEX_TYPE=CPI|OVERLAP=OL|SCALE=0|SECURITY_CLASSIFICATION=PUB|TYPE_OF_TRANSFORMATION=IX|aggregation=quarterly_mean""}"
ROU,inflation_consumer_prices_yoy_pct_quarterly_imf,2022-Q4,quarterly,16.146596279815384,\N,derived,IMF_CPI,derived_yoy:IMF|ACCESS_SHARING_LEVEL=PUBLIC_OPEN|COICOP_1999=_T|COMMON_REFERENCE_PERIOD=2015A|FREQUENCY=M|IFS_FLAG=true|INDEX_TYPE=CPI|OVERLAP=OL|SCALE=0|SECURITY_CLASSIFICATION=PUB|TYPE_OF_TRANSFORMATION=IX|aggregation=quarterly_mean,\N,"{""comparison_period"": ""2021-Q4"", ""formula"": ""100 * (quarterly_mean_cpi / same_quarter_prior_year_mean_cpi - 1)"", ""source_cpi_series_code"": ""IMF|ACCESS_SHARING_LEVEL=PUBLIC_OPEN|COICOP_1999=_T|COMMON_REFERENCE_PERIOD=2015A|FREQUENCY=M|IFS_FLAG=true|INDEX_TYPE=CPI|OVERLAP=OL|SCALE=0|SECURITY_CLASSIFICATION=PUB|TYPE_OF_TRANSFORMATION=IX|aggregation=quarterly_mean""}"
RUS,inflation_consumer_prices_yoy_pct_quarterly_imf,2022-Q1,quarterly,11.550023099977412,\N,derived,IMF_CPI,derived_yoy:IMF|ACCESS_SHARING_LEVEL=PUBLIC_OPEN|COICOP_1999=_T|COMMON_REFERENCE_PERIOD=2010A|FREQUENCY=M|IFS_FLAG=true|INDEX_TYPE=CPI|OVERLAP=OL|SCALE=0|SECURITY_CLASSIFICATION=PUB|TYPE_OF_TRANSFORMATION=IX|aggregation=quarterly_mean,\N,"{""comparison_period"": ""2021-Q1"", ""formula"": ""100 * (quarterly_mean_cpi / same_quarter_prior_year_mean_cpi - 1)"", ""source_cpi_series_code"": ""IMF|ACCESS_SHARING_LEVEL=PUBLIC_OPEN|COICOP_1999=_T|COMMON_REFERENCE_PERIOD=2010A|FREQUENCY=M|IFS_FLAG=true|INDEX_TYPE=CPI|OVERLAP=OL|SCALE=0|SECURITY_CLASSIFICATION=PUB|TYPE_OF_TRANSFORMATION=IX|aggregation=quarterly_mean""}"
RUS,inflation_consumer_prices_yoy_pct_quarterly_imf,2022-Q2,quarterly,16.933024410822227,\N,derived,IMF_CPI,derived_yoy:IMF|ACCESS_SHARING_LEVEL=PUBLIC_OPEN|COICOP_1999=_T|COMMON_REFERENCE_PERIOD=2010A|FREQUENCY=M|IFS_FLAG=true|INDEX_TYPE=CPI|OVERLAP=OL|SCALE=0|SECURITY_CLASSIFICATION=PUB|TYPE_OF_TRANSFORMATION=IX|aggregation=quarterly_mean,\N,"{""comparison_period"": ""2021-Q2"", ""formula"": ""100 * (quarterly_mean_cpi / same_quarter_prior_year_mean_cpi - 1)"", ""source_cpi_series_code"": ""IMF|ACCESS_SHARING_LEVEL=PUBLIC_OPEN|COICOP_1999=_T|COMMON_REFERENCE_PERIOD=2010A|FREQUENCY=M|IFS_FLAG=true|INDEX_TYPE=CPI|OVERLAP=OL|SCALE=0|SECURITY_CLASSIFICATION=PUB|TYPE_OF_TRANSFORMATION=IX|aggregation=quarterly_mean""}"
RUS,inflation_consumer_prices_yoy_pct_quarterly_imf,2022-Q3,quarterly,14.329223923448309,\N,derived,IMF_CPI,derived_yoy:IMF|ACCESS_SHARING_LEVEL=PUBLIC_OPEN|COICOP_1999=_T|COMMON_REFERENCE_PERIOD=2010A|FREQUENCY=M|IFS_FLAG=true|INDEX_TYPE=CPI|OVERLAP=OL|SCALE=0|SECURITY_CLASSIFICATION=PUB|TYPE_OF_TRANSFORMATION=IX|aggregation=quarterly_mean,\N,"{""comparison_period"": ""2021-Q3"", ""formula"": ""100 * (quarterly_mean_cpi / same_quarter_prior_year_mean_cpi - 1)"", ""source_cpi_series_code"": ""IMF|ACCESS_SHARING_LEVEL=PUBLIC_OPEN|COICOP_1999=_T|COMMON_REFERENCE_PERIOD=2010A|FREQUENCY=M|IFS_FLAG=true|INDEX_TYPE=CPI|OVERLAP=OL|SCALE=0|SECURITY_CLASSIFICATION=PUB|TYPE_OF_TRANSFORMATION=IX|aggregation=quarterly_mean""}"
RUS,inflation_consumer_prices_yoy_pct_quarterly_imf,2022-Q4,quarterly,12.17207355099983,\N,derived,IMF_CPI,derived_yoy:IMF|ACCESS_SHARING_LEVEL=PUBLIC_OPEN|COICOP_1999=_T|COMMON_REFERENCE_PERIOD=2010A|FREQUENCY=M|IFS_FLAG=true|INDEX_TYPE=CPI|OVERLAP=OL|SCALE=0|SECURITY_CLASSIFICATION=PUB|TYPE_OF_TRANSFORMATION=IX|aggregation=quarterly_mean,\N,"{""comparison_period"": ""2021-Q4"", ""formula"": ""100 * (quarterly_mean_cpi / same_quarter_prior_year_mean_cpi - 1)"", ""source_cpi_series_code"": ""IMF|ACCESS_SHARING_LEVEL=PUBLIC_OPEN|COICOP_1999=_T|COMMON_REFERENCE_PERIOD=2010A|FREQUENCY=M|IFS_FLAG=true|INDEX_TYPE=CPI|OVERLAP=OL|SCALE=0|SECURITY_CLASSIFICATION=PUB|TYPE_OF_TRANSFORMATION=IX|aggregation=quarterly_mean""}"
RWA,inflation_consumer_prices_yoy_pct_quarterly_imf,2022-Q1,quarterly,3.729262890169882,\N,derived,IMF_CPI,derived_yoy:IMF|ACCESS_SHARING_LEVEL=PUBLIC_OPEN|COICOP_1999=_T|COMMON_REFERENCE_PERIOD=2014M2|FREQUENCY=M|IFS_FLAG=true|INDEX_TYPE=CPI|OVERLAP=OL|SCALE=0|SECURITY_CLASSIFICATION=PUB|TYPE_OF_TRANSFORMATION=IX|aggregation=quarterly_mean,\N,"{""comparison_period"": ""2021-Q1"", ""formula"": ""100 * (quarterly_mean_cpi / same_quarter_prior_year_mean_cpi - 1)"", ""source_cpi_series_code"": ""IMF|ACCESS_SHARING_LEVEL=PUBLIC_OPEN|COICOP_1999=_T|COMMON_REFERENCE_PERIOD=2014M2|FREQUENCY=M|IFS_FLAG=true|INDEX_TYPE=CPI|OVERLAP=OL|SCALE=0|SECURITY_CLASSIFICATION=PUB|TYPE_OF_TRANSFORMATION=IX|aggregation=quarterly_mean""}"
RWA,inflation_consumer_prices_yoy_pct_quarterly_imf,2022-Q2,quarterly,13.806092396519642,\N,derived,IMF_CPI,derived_yoy:IMF|ACCESS_SHARING_LEVEL=PUBLIC_OPEN|COICOP_1999=_T|COMMON_REFERENCE_PERIOD=2014M2|FREQUENCY=M|IFS_FLAG=true|INDEX_TYPE=CPI|OVERLAP=OL|SCALE=0|SECURITY_CLASSIFICATION=PUB|TYPE_OF_TRANSFORMATION=IX|aggregation=quarterly_mean,\N,"{""comparison_period"": ""2021-Q2"", ""formula"": ""100 * (quarterly_mean_cpi / same_quarter_prior_year_mean_cpi - 1)"", ""source_cpi_series_code"": ""IMF|ACCESS_SHARING_LEVEL=PUBLIC_OPEN|COICOP_1999=_T|COMMON_REFERENCE_PERIOD=2014M2|FREQUENCY=M|IFS_FLAG=true|INDEX_TYPE=CPI|OVERLAP=OL|SCALE=0|SECURITY_CLASSIFICATION=PUB|TYPE_OF_TRANSFORMATION=IX|aggregation=quarterly_mean""}"
RWA,inflation_consumer_prices_yoy_pct_quarterly_imf,2022-Q3,quarterly,21.29506436116413,\N,derived,IMF_CPI,derived_yoy:IMF|ACCESS_SHARING_LEVEL=PUBLIC_OPEN|COICOP_1999=_T|COMMON_REFERENCE_PERIOD=2014M2|FREQUENCY=M|IFS_FLAG=true|INDEX_TYPE=CPI|OVERLAP=OL|SCALE=0|SECURITY_CLASSIFICATION=PUB|TYPE_OF_TRANSFORMATION=IX|aggregation=quarterly_mean,\N,"{""comparison_period"": ""2021-Q3"", ""formula"": ""100 * (quarterly_mean_cpi / same_quarter_prior_year_mean_cpi - 1)"", ""source_cpi_series_code"": ""IMF|ACCESS_SHARING_LEVEL=PUBLIC_OPEN|COICOP_1999=_T|COMMON_REFERENCE_PERIOD=2014M2|FREQUENCY=M|IFS_FLAG=true|INDEX_TYPE=CPI|OVERLAP=OL|SCALE=0|SECURITY_CLASSIFICATION=PUB|TYPE_OF_TRANSFORMATION=IX|aggregation=quarterly_mean""}"
RWA,inflation_consumer_prices_yoy_pct_quarterly_imf,2022-Q4,quarterly,32.18812116097005,\N,derived,IMF_CPI,derived_yoy:IMF|ACCESS_SHARING_LEVEL=PUBLIC_OPEN|COICOP_1999=_T|COMMON_REFERENCE_PERIOD=2014M2|FREQUENCY=M|IFS_FLAG=true|INDEX_TYPE=CPI|OVERLAP=OL|SCALE=0|SECURITY_CLASSIFICATION=PUB|TYPE_OF_TRANSFORMATION=IX|aggregation=quarterly_mean,\N,"{""comparison_period"": ""2021-Q4"", ""formula"": ""100 * (quarterly_mean_cpi / same_quarter_prior_year_mean_cpi - 1)"", ""source_cpi_series_code"": ""IMF|ACCESS_SHARING_LEVEL=PUBLIC_OPEN|COICOP_1999=_T|COMMON_REFERENCE_PERIOD=2014M2|FREQUENCY=M|IFS_FLAG=true|INDEX_TYPE=CPI|OVERLAP=OL|SCALE=0|SECURITY_CLASSIFICATION=PUB|TYPE_OF_TRANSFORMATION=IX|aggregation=quarterly_mean""}"
SAU,inflation_consumer_prices_yoy_pct_quarterly_imf,2022-Q1,quarterly,1.8417446489832123,\N,derived,IMF_CPI,derived_yoy:IMF|ACCESS_SHARING_LEVEL=PUBLIC_OPEN|COICOP_1999=_T|COMMON_REFERENCE_PERIOD=2023A|FREQUENCY=M|IFS_FLAG=true|INDEX_TYPE=CPI|OVERLAP=OL|SCALE=0|SECURITY_CLASSIFICATION=PUB|TYPE_OF_TRANSFORMATION=IX|aggregation=quarterly_mean,\N,"{""comparison_period"": ""2021-Q1"", ""formula"": ""100 * (quarterly_mean_cpi / same_quarter_prior_year_mean_cpi - 1)"", ""source_cpi_series_code"": ""IMF|ACCESS_SHARING_LEVEL=PUBLIC_OPEN|COICOP_1999=_T|COMMON_REFERENCE_PERIOD=2023A|FREQUENCY=M|IFS_FLAG=true|INDEX_TYPE=CPI|OVERLAP=OL|SCALE=0|SECURITY_CLASSIFICATION=PUB|TYPE_OF_TRANSFORMATION=IX|aggregation=quarterly_mean""}"
SAU,inflation_consumer_prices_yoy_pct_quarterly_imf,2022-Q2,quarterly,2.319200902759011,\N,derived,IMF_CPI,derived_yoy:IMF|ACCESS_SHARING_LEVEL=PUBLIC_OPEN|COICOP_1999=_T|COMMON_REFERENCE_PERIOD=2023A|FREQUENCY=M|IFS_FLAG=true|INDEX_TYPE=CPI|OVERLAP=OL|SCALE=0|SECURITY_CLASSIFICATION=PUB|TYPE_OF_TRANSFORMATION=IX|aggregation=quarterly_mean,\N,"{""comparison_period"": ""2021-Q2"", ""formula"": ""100 * (quarterly_mean_cpi / same_quarter_prior_year_mean_cpi - 1)"", ""source_cpi_series_code"": ""IMF|ACCESS_SHARING_LEVEL=PUBLIC_OPEN|COICOP_1999=_T|COMMON_REFERENCE_PERIOD=2023A|FREQUENCY=M|IFS_FLAG=true|INDEX_TYPE=CPI|OVERLAP=OL|SCALE=0|SECURITY_CLASSIFICATION=PUB|TYPE_OF_TRANSFORMATION=IX|aggregation=quarterly_mean""}"
SAU,inflation_consumer_prices_yoy_pct_quarterly_imf,2022-Q3,quarterly,2.8680669016789118,\N,derived,IMF_CPI,derived_yoy:IMF|ACCESS_SHARING_LEVEL=PUBLIC_OPEN|COICOP_1999=_T|COMMON_REFERENCE_PERIOD=2023A|FREQUENCY=M|IFS_FLAG=true|INDEX_TYPE=CPI|OVERLAP=OL|SCALE=0|SECURITY_CLASSIFICATION=PUB|TYPE_OF_TRANSFORMATION=IX|aggregation=quarterly_mean,\N,"{""comparison_period"": ""2021-Q3"", ""formula"": ""100 * (quarterly_mean_cpi / same_quarter_prior_year_mean_cpi - 1)"", ""source_cpi_series_code"": ""IMF|ACCESS_SHARING_LEVEL=PUBLIC_OPEN|COICOP_1999=_T|COMMON_REFERENCE_PERIOD=2023A|FREQUENCY=M|IFS_FLAG=true|INDEX_TYPE=CPI|OVERLAP=OL|SCALE=0|SECURITY_CLASSIFICATION=PUB|TYPE_OF_TRANSFORMATION=IX|aggregation=quarterly_mean""}"
SAU,inflation_consumer_prices_yoy_pct_quarterly_imf,2022-Q4,quarterly,3.1367604590497367,\N,derived,IMF_CPI,derived_yoy:IMF|ACCESS_SHARING_LEVEL=PUBLIC_OPEN|COICOP_1999=_T|COMMON_REFERENCE_PERIOD=2023A|FREQUENCY=M|IFS_FLAG=true|INDEX_TYPE=CPI|OVERLAP=OL|SCALE=0|SECURITY_CLASSIFICATION=PUB|TYPE_OF_TRANSFORMATION=IX|aggregation=quarterly_mean,\N,"{""comparison_period"": ""2021-Q4"", ""formula"": ""100 * (quarterly_mean_cpi / same_quarter_prior_year_mean_cpi - 1)"", ""source_cpi_series_code"": ""IMF|ACCESS_SHARING_LEVEL=PUBLIC_OPEN|COICOP_1999=_T|COMMON_REFERENCE_PERIOD=2023A|FREQUENCY=M|IFS_FLAG=true|INDEX_TYPE=CPI|OVERLAP=OL|SCALE=0|SECURITY_CLASSIFICATION=PUB|TYPE_OF_TRANSFORMATION=IX|aggregation=quarterly_mean""}"
SDN,inflation_consumer_prices_yoy_pct_quarterly_imf,2022-Q1,quarterly,260.5859934940324,\N,derived,IMF_CPI,derived_yoy:IMF|ACCESS_SHARING_LEVEL=PUBLIC_OPEN|COICOP_1999=_T|COMMON_REFERENCE_PERIOD=2007A|FREQUENCY=M|IFS_FLAG=true|INDEX_TYPE=CPI|OVERLAP=OL|SCALE=0|SECURITY_CLASSIFICATION=PUB|TYPE_OF_TRANSFORMATION=IX|aggregation=quarterly_mean,\N,"{""comparison_period"": ""2021-Q1"", ""formula"": ""100 * (quarterly_mean_cpi / same_quarter_prior_year_mean_cpi - 1)"", ""source_cpi_series_code"": ""IMF|ACCESS_SHARING_LEVEL=PUBLIC_OPEN|COICOP_1999=_T|COMMON_REFERENCE_PERIOD=2007A|FREQUENCY=M|IFS_FLAG=true|INDEX_TYPE=CPI|OVERLAP=OL|SCALE=0|SECURITY_CLASSIFICATION=PUB|TYPE_OF_TRANSFORMATION=IX|aggregation=quarterly_mean""}"
SDN,inflation_consumer_prices_yoy_pct_quarterly_imf,2022-Q2,quarterly,182.67976282785665,\N,derived,IMF_CPI,derived_yoy:IMF|ACCESS_SHARING_LEVEL=PUBLIC_OPEN|COICOP_1999=_T|COMMON_REFERENCE_PERIOD=2007A|FREQUENCY=M|IFS_FLAG=true|INDEX_TYPE=CPI|OVERLAP=OL|SCALE=0|SECURITY_CLASSIFICATION=PUB|TYPE_OF_TRANSFORMATION=IX|aggregation=quarterly_mean,\N,"{""comparison_period"": ""2021-Q2"", ""formula"": ""100 * (quarterly_mean_cpi / same_quarter_prior_year_mean_cpi - 1)"", ""source_cpi_series_code"": ""IMF|ACCESS_SHARING_LEVEL=PUBLIC_OPEN|COICOP_1999=_T|COMMON_REFERENCE_PERIOD=2007A|FREQUENCY=M|IFS_FLAG=true|INDEX_TYPE=CPI|OVERLAP=OL|SCALE=0|SECURITY_CLASSIFICATION=PUB|TYPE_OF_TRANSFORMATION=IX|aggregation=quarterly_mean""}"
SDN,inflation_consumer_prices_yoy_pct_quarterly_imf,2022-Q3,quarterly,116.06257543231888,\N,derived,IMF_CPI,derived_yoy:IMF|ACCESS_SHARING_LEVEL=PUBLIC_OPEN|COICOP_1999=_T|COMMON_REFERENCE_PERIOD=2007A|FREQUENCY=M|IFS_FLAG=true|INDEX_TYPE=CPI|OVERLAP=OL|SCALE=0|SECURITY_CLASSIFICATION=PUB|TYPE_OF_TRANSFORMATION=IX|aggregation=quarterly_mean,\N,"{""comparison_period"": ""2021-Q3"", ""formula"": ""100 * (quarterly_mean_cpi / same_quarter_prior_year_mean_cpi - 1)"", ""source_cpi_series_code"": ""IMF|ACCESS_SHARING_LEVEL=PUBLIC_OPEN|COICOP_1999=_T|COMMON_REFERENCE_PERIOD=2007A|FREQUENCY=M|IFS_FLAG=true|INDEX_TYPE=CPI|OVERLAP=OL|SCALE=0|SECURITY_CLASSIFICATION=PUB|TYPE_OF_TRANSFORMATION=IX|aggregation=quarterly_mean""}"
SDN,inflation_consumer_prices_yoy_pct_quarterly_imf,2022-Q4,quarterly,92.62511938293119,\N,derived,IMF_CPI,derived_yoy:IMF|ACCESS_SHARING_LEVEL=PUBLIC_OPEN|COICOP_1999=_T|COMMON_REFERENCE_PERIOD=2007A|FREQUENCY=M|IFS_FLAG=true|INDEX_TYPE=CPI|OVERLAP=OL|SCALE=0|SECURITY_CLASSIFICATION=PUB|TYPE_OF_TRANSFORMATION=IX|aggregation=quarterly_mean,\N,"{""comparison_period"": ""2021-Q4"", ""formula"": ""100 * (quarterly_mean_cpi / same_quarter_prior_year_mean_cpi - 1)"", ""source_cpi_series_code"": ""IMF|ACCESS_SHARING_LEVEL=PUBLIC_OPEN|COICOP_1999=_T|COMMON_REFERENCE_PERIOD=2007A|FREQUENCY=M|IFS_FLAG=true|INDEX_TYPE=CPI|OVERLAP=OL|SCALE=0|SECURITY_CLASSIFICATION=PUB|TYPE_OF_TRANSFORMATION=IX|aggregation=quarterly_mean""}"
SEN,inflation_consumer_prices_yoy_pct_quarterly_imf,2022-Q1,quarterly,6.065486017806032,\N,derived,IMF_CPI,derived_yoy:IMF|ACCESS_SHARING_LEVEL=PUBLIC_OPEN|COICOP_1999=_T|COMMON_REFERENCE_PERIOD=2023A|FREQUENCY=M|IFS_FLAG=true|INDEX_TYPE=CPI|OVERLAP=OL|SCALE=0|SECURITY_CLASSIFICATION=PUB|TYPE_OF_TRANSFORMATION=IX|aggregation=quarterly_mean,\N,"{""comparison_period"": ""2021-Q1"", ""formula"": ""100 * (quarterly_mean_cpi / same_quarter_prior_year_mean_cpi - 1)"", ""source_cpi_series_code"": ""IMF|ACCESS_SHARING_LEVEL=PUBLIC_OPEN|COICOP_1999=_T|COMMON_REFERENCE_PERIOD=2023A|FREQUENCY=M|IFS_FLAG=true|INDEX_TYPE=CPI|OVERLAP=OL|SCALE=0|SECURITY_CLASSIFICATION=PUB|TYPE_OF_TRANSFORMATION=IX|aggregation=quarterly_mean""}"
SEN,inflation_consumer_prices_yoy_pct_quarterly_imf,2022-Q2,quarterly,7.785692278734335,\N,derived,IMF_CPI,derived_yoy:IMF|ACCESS_SHARING_LEVEL=PUBLIC_OPEN|COICOP_1999=_T|COMMON_REFERENCE_PERIOD=2023A|FREQUENCY=M|IFS_FLAG=true|INDEX_TYPE=CPI|OVERLAP=OL|SCALE=0|SECURITY_CLASSIFICATION=PUB|TYPE_OF_TRANSFORMATION=IX|aggregation=quarterly_mean,\N,"{""comparison_period"": ""2021-Q2"", ""formula"": ""100 * (quarterly_mean_cpi / same_quarter_prior_year_mean_cpi - 1)"", ""source_cpi_series_code"": ""IMF|ACCESS_SHARING_LEVEL=PUBLIC_OPEN|COICOP_1999=_T|COMMON_REFERENCE_PERIOD=2023A|FREQUENCY=M|IFS_FLAG=true|INDEX_TYPE=CPI|OVERLAP=OL|SCALE=0|SECURITY_CLASSIFICATION=PUB|TYPE_OF_TRANSFORMATION=IX|aggregation=quarterly_mean""}"
SEN,inflation_consumer_prices_yoy_pct_quarterly_imf,2022-Q3,quarterly,11.394402516269553,\N,derived,IMF_CPI,derived_yoy:IMF|ACCESS_SHARING_LEVEL=PUBLIC_OPEN|COICOP_1999=_T|COMMON_REFERENCE_PERIOD=2023A|FREQUENCY=M|IFS_FLAG=true|INDEX_TYPE=CPI|OVERLAP=OL|SCALE=0|SECURITY_CLASSIFICATION=PUB|TYPE_OF_TRANSFORMATION=IX|aggregation=quarterly_mean,\N,"{""comparison_period"": ""2021-Q3"", ""formula"": ""100 * (quarterly_mean_cpi / same_quarter_prior_year_mean_cpi - 1)"", ""source_cpi_series_code"": ""IMF|ACCESS_SHARING_LEVEL=PUBLIC_OPEN|COICOP_1999=_T|COMMON_REFERENCE_PERIOD=2023A|FREQUENCY=M|IFS_FLAG=true|INDEX_TYPE=CPI|OVERLAP=OL|SCALE=0|SECURITY_CLASSIFICATION=PUB|TYPE_OF_TRANSFORMATION=IX|aggregation=quarterly_mean""}"
SEN,inflation_consumer_prices_yoy_pct_quarterly_imf,2022-Q4,quarterly,13.288132647173633,\N,derived,IMF_CPI,derived_yoy:IMF|ACCESS_SHARING_LEVEL=PUBLIC_OPEN|COICOP_1999=_T|COMMON_REFERENCE_PERIOD=2023A|FREQUENCY=M|IFS_FLAG=true|INDEX_TYPE=CPI|OVERLAP=OL|SCALE=0|SECURITY_CLASSIFICATION=PUB|TYPE_OF_TRANSFORMATION=IX|aggregation=quarterly_mean,\N,"{""comparison_period"": ""2021-Q4"", ""formula"": ""100 * (quarterly_mean_cpi / same_quarter_prior_year_mean_cpi - 1)"", ""source_cpi_series_code"": ""IMF|ACCESS_SHARING_LEVEL=PUBLIC_OPEN|COICOP_1999=_T|COMMON_REFERENCE_PERIOD=2023A|FREQUENCY=M|IFS_FLAG=true|INDEX_TYPE=CPI|OVERLAP=OL|SCALE=0|SECURITY_CLASSIFICATION=PUB|TYPE_OF_TRANSFORMATION=IX|aggregation=quarterly_mean""}"
SGP,inflation_consumer_prices_yoy_pct_quarterly_imf,2022-Q1,quarterly,4.587208855407776,\N,derived,IMF_CPI,derived_yoy:IMF|ACCESS_SHARING_LEVEL=PUBLIC_OPEN|COICOP_1999=_T|COMMON_REFERENCE_PERIOD=2024A|FREQUENCY=M|IFS_FLAG=true|INDEX_TYPE=CPI|OVERLAP=OL|SCALE=0|SECURITY_CLASSIFICATION=PUB|TYPE_OF_TRANSFORMATION=IX|aggregation=quarterly_mean,\N,"{""comparison_period"": ""2021-Q1"", ""formula"": ""100 * (quarterly_mean_cpi / same_quarter_prior_year_mean_cpi - 1)"", ""source_cpi_series_code"": ""IMF|ACCESS_SHARING_LEVEL=PUBLIC_OPEN|COICOP_1999=_T|COMMON_REFERENCE_PERIOD=2024A|FREQUENCY=M|IFS_FLAG=true|INDEX_TYPE=CPI|OVERLAP=OL|SCALE=0|SECURITY_CLASSIFICATION=PUB|TYPE_OF_TRANSFORMATION=IX|aggregation=quarterly_mean""}"
SGP,inflation_consumer_prices_yoy_pct_quarterly_imf,2022-Q2,quarterly,5.9160057705959,\N,derived,IMF_CPI,derived_yoy:IMF|ACCESS_SHARING_LEVEL=PUBLIC_OPEN|COICOP_1999=_T|COMMON_REFERENCE_PERIOD=2024A|FREQUENCY=M|IFS_FLAG=true|INDEX_TYPE=CPI|OVERLAP=OL|SCALE=0|SECURITY_CLASSIFICATION=PUB|TYPE_OF_TRANSFORMATION=IX|aggregation=quarterly_mean,\N,"{""comparison_period"": ""2021-Q2"", ""formula"": ""100 * (quarterly_mean_cpi / same_quarter_prior_year_mean_cpi - 1)"", ""source_cpi_series_code"": ""IMF|ACCESS_SHARING_LEVEL=PUBLIC_OPEN|COICOP_1999=_T|COMMON_REFERENCE_PERIOD=2024A|FREQUENCY=M|IFS_FLAG=true|INDEX_TYPE=CPI|OVERLAP=OL|SCALE=0|SECURITY_CLASSIFICATION=PUB|TYPE_OF_TRANSFORMATION=IX|aggregation=quarterly_mean""}"
SGP,inflation_consumer_prices_yoy_pct_quarterly_imf,2022-Q3,quarterly,7.33660180322393,\N,derived,IMF_CPI,derived_yoy:IMF|ACCESS_SHARING_LEVEL=PUBLIC_OPEN|COICOP_1999=_T|COMMON_REFERENCE_PERIOD=2024A|FREQUENCY=M|IFS_FLAG=true|INDEX_TYPE=CPI|OVERLAP=OL|SCALE=0|SECURITY_CLASSIFICATION=PUB|TYPE_OF_TRANSFORMATION=IX|aggregation=quarterly_mean,\N,"{""comparison_period"": ""2021-Q3"", ""formula"": ""100 * (quarterly_mean_cpi / same_quarter_prior_year_mean_cpi - 1)"", ""source_cpi_series_code"": ""IMF|ACCESS_SHARING_LEVEL=PUBLIC_OPEN|COICOP_1999=_T|COMMON_REFERENCE_PERIOD=2024A|FREQUENCY=M|IFS_FLAG=true|INDEX_TYPE=CPI|OVERLAP=OL|SCALE=0|SECURITY_CLASSIFICATION=PUB|TYPE_OF_TRANSFORMATION=IX|aggregation=quarterly_mean""}"
SGP,inflation_consumer_prices_yoy_pct_quarterly_imf,2022-Q4,quarterly,6.654959835606222,\N,derived,IMF_CPI,derived_yoy:IMF|ACCESS_SHARING_LEVEL=PUBLIC_OPEN|COICOP_1999=_T|COMMON_REFERENCE_PERIOD=2024A|FREQUENCY=M|IFS_FLAG=true|INDEX_TYPE=CPI|OVERLAP=OL|SCALE=0|SECURITY_CLASSIFICATION=PUB|TYPE_OF_TRANSFORMATION=IX|aggregation=quarterly_mean,\N,"{""comparison_period"": ""2021-Q4"", ""formula"": ""100 * (quarterly_mean_cpi / same_quarter_prior_year_mean_cpi - 1)"", ""source_cpi_series_code"": ""IMF|ACCESS_SHARING_LEVEL=PUBLIC_OPEN|COICOP_1999=_T|COMMON_REFERENCE_PERIOD=2024A|FREQUENCY=M|IFS_FLAG=true|INDEX_TYPE=CPI|OVERLAP=OL|SCALE=0|SECURITY_CLASSIFICATION=PUB|TYPE_OF_TRANSFORMATION=IX|aggregation=quarterly_mean""}"
SLB,inflation_consumer_prices_yoy_pct_quarterly_imf,2022-Q1,quarterly,-0.6369426751592466,\N,derived,IMF_CPI,derived_yoy:IMF|ACCESS_SHARING_LEVEL=PUBLIC_OPEN|COICOP_1999=_T|COMMON_REFERENCE_PERIOD=2017A|FREQUENCY=M|IFS_FLAG=true|INDEX_TYPE=CPI|OVERLAP=OL|SCALE=0|SECURITY_CLASSIFICATION=PUB|TYPE_OF_TRANSFORMATION=IX|aggregation=quarterly_mean,\N,"{""comparison_period"": ""2021-Q1"", ""formula"": ""100 * (quarterly_mean_cpi / same_quarter_prior_year_mean_cpi - 1)"", ""source_cpi_series_code"": ""IMF|ACCESS_SHARING_LEVEL=PUBLIC_OPEN|COICOP_1999=_T|COMMON_REFERENCE_PERIOD=2017A|FREQUENCY=M|IFS_FLAG=true|INDEX_TYPE=CPI|OVERLAP=OL|SCALE=0|SECURITY_CLASSIFICATION=PUB|TYPE_OF_TRANSFORMATION=IX|aggregation=quarterly_mean""}"
SLB,inflation_consumer_prices_yoy_pct_quarterly_imf,2022-Q2,quarterly,4.26904176904177,\N,derived,IMF_CPI,derived_yoy:IMF|ACCESS_SHARING_LEVEL=PUBLIC_OPEN|COICOP_1999=_T|COMMON_REFERENCE_PERIOD=2017A|FREQUENCY=M|IFS_FLAG=true|INDEX_TYPE=CPI|OVERLAP=OL|SCALE=0|SECURITY_CLASSIFICATION=PUB|TYPE_OF_TRANSFORMATION=IX|aggregation=quarterly_mean,\N,"{""comparison_period"": ""2021-Q2"", ""formula"": ""100 * (quarterly_mean_cpi / same_quarter_prior_year_mean_cpi - 1)"", ""source_cpi_series_code"": ""IMF|ACCESS_SHARING_LEVEL=PUBLIC_OPEN|COICOP_1999=_T|COMMON_REFERENCE_PERIOD=2017A|FREQUENCY=M|IFS_FLAG=true|INDEX_TYPE=CPI|OVERLAP=OL|SCALE=0|SECURITY_CLASSIFICATION=PUB|TYPE_OF_TRANSFORMATION=IX|aggregation=quarterly_mean""}"
SLB,inflation_consumer_prices_yoy_pct_quarterly_imf,2022-Q3,quarterly,9.554579556111298,\N,derived,IMF_CPI,derived_yoy:IMF|ACCESS_SHARING_LEVEL=PUBLIC_OPEN|COICOP_1999=_T|COMMON_REFERENCE_PERIOD=2017A|FREQUENCY=M|IFS_FLAG=true|INDEX_TYPE=CPI|OVERLAP=OL|SCALE=0|SECURITY_CLASSIFICATION=PUB|TYPE_OF_TRANSFORMATION=IX|aggregation=quarterly_mean,\N,"{""comparison_period"": ""2021-Q3"", ""formula"": ""100 * (quarterly_mean_cpi / same_quarter_prior_year_mean_cpi - 1)"", ""source_cpi_series_code"": ""IMF|ACCESS_SHARING_LEVEL=PUBLIC_OPEN|COICOP_1999=_T|COMMON_REFERENCE_PERIOD=2017A|FREQUENCY=M|IFS_FLAG=true|INDEX_TYPE=CPI|OVERLAP=OL|SCALE=0|SECURITY_CLASSIFICATION=PUB|TYPE_OF_TRANSFORMATION=IX|aggregation=quarterly_mean""}"
SLB,inflation_consumer_prices_yoy_pct_quarterly_imf,2022-Q4,quarterly,9.065602726991017,\N,derived,IMF_CPI,derived_yoy:IMF|ACCESS_SHARING_LEVEL=PUBLIC_OPEN|COICOP_1999=_T|COMMON_REFERENCE_PERIOD=2017A|FREQUENCY=M|IFS_FLAG=true|INDEX_TYPE=CPI|OVERLAP=OL|SCALE=0|SECURITY_CLASSIFICATION=PUB|TYPE_OF_TRANSFORMATION=IX|aggregation=quarterly_mean,\N,"{""comparison_period"": ""2021-Q4"", ""formula"": ""100 * (quarterly_mean_cpi / same_quarter_prior_year_mean_cpi - 1)"", ""source_cpi_series_code"": ""IMF|ACCESS_SHARING_LEVEL=PUBLIC_OPEN|COICOP_1999=_T|COMMON_REFERENCE_PERIOD=2017A|FREQUENCY=M|IFS_FLAG=true|INDEX_TYPE=CPI|OVERLAP=OL|SCALE=0|SECURITY_CLASSIFICATION=PUB|TYPE_OF_TRANSFORMATION=IX|aggregation=quarterly_mean""}"
SLE,inflation_consumer_prices_yoy_pct_quarterly_imf,2022-Q1,quarterly,18.788590476912013,\N,derived,IMF_CPI,derived_yoy:IMF|ACCESS_SHARING_LEVEL=PUBLIC_OPEN|COICOP_1999=_T|COMMON_REFERENCE_PERIOD=2021M12|FREQUENCY=M|IFS_FLAG=true|INDEX_TYPE=CPI|OVERLAP=OL|SCALE=0|SECURITY_CLASSIFICATION=PUB|TYPE_OF_TRANSFORMATION=IX|aggregation=quarterly_mean,\N,"{""comparison_period"": ""2021-Q1"", ""formula"": ""100 * (quarterly_mean_cpi / same_quarter_prior_year_mean_cpi - 1)"", ""source_cpi_series_code"": ""IMF|ACCESS_SHARING_LEVEL=PUBLIC_OPEN|COICOP_1999=_T|COMMON_REFERENCE_PERIOD=2021M12|FREQUENCY=M|IFS_FLAG=true|INDEX_TYPE=CPI|OVERLAP=OL|SCALE=0|SECURITY_CLASSIFICATION=PUB|TYPE_OF_TRANSFORMATION=IX|aggregation=quarterly_mean""}"
SLE,inflation_consumer_prices_yoy_pct_quarterly_imf,2022-Q2,quarterly,25.097113813759297,\N,derived,IMF_CPI,derived_yoy:IMF|ACCESS_SHARING_LEVEL=PUBLIC_OPEN|COICOP_1999=_T|COMMON_REFERENCE_PERIOD=2021M12|FREQUENCY=M|IFS_FLAG=true|INDEX_TYPE=CPI|OVERLAP=OL|SCALE=0|SECURITY_CLASSIFICATION=PUB|TYPE_OF_TRANSFORMATION=IX|aggregation=quarterly_mean,\N,"{""comparison_period"": ""2021-Q2"", ""formula"": ""100 * (quarterly_mean_cpi / same_quarter_prior_year_mean_cpi - 1)"", ""source_cpi_series_code"": ""IMF|ACCESS_SHARING_LEVEL=PUBLIC_OPEN|COICOP_1999=_T|COMMON_REFERENCE_PERIOD=2021M12|FREQUENCY=M|IFS_FLAG=true|INDEX_TYPE=CPI|OVERLAP=OL|SCALE=0|SECURITY_CLASSIFICATION=PUB|TYPE_OF_TRANSFORMATION=IX|aggregation=quarterly_mean""}"
SLE,inflation_consumer_prices_yoy_pct_quarterly_imf,2022-Q3,quarterly,28.900443172697777,\N,derived,IMF_CPI,derived_yoy:IMF|ACCESS_SHARING_LEVEL=PUBLIC_OPEN|COICOP_1999=_T|COMMON_REFERENCE_PERIOD=2021M12|FREQUENCY=M|IFS_FLAG=true|INDEX_TYPE=CPI|OVERLAP=OL|SCALE=0|SECURITY_CLASSIFICATION=PUB|TYPE_OF_TRANSFORMATION=IX|aggregation=quarterly_mean,\N,"{""comparison_period"": ""2021-Q3"", ""formula"": ""100 * (quarterly_mean_cpi / same_quarter_prior_year_mean_cpi - 1)"", ""source_cpi_series_code"": ""IMF|ACCESS_SHARING_LEVEL=PUBLIC_OPEN|COICOP_1999=_T|COMMON_REFERENCE_PERIOD=2021M12|FREQUENCY=M|IFS_FLAG=true|INDEX_TYPE=CPI|OVERLAP=OL|SCALE=0|SECURITY_CLASSIFICATION=PUB|TYPE_OF_TRANSFORMATION=IX|aggregation=quarterly_mean""}"
SLE,inflation_consumer_prices_yoy_pct_quarterly_imf,2022-Q4,quarterly,35.055487887400226,\N,derived,IMF_CPI,derived_yoy:IMF|ACCESS_SHARING_LEVEL=PUBLIC_OPEN|COICOP_1999=_T|COMMON_REFERENCE_PERIOD=2021M12|FREQUENCY=M|IFS_FLAG=true|INDEX_TYPE=CPI|OVERLAP=OL|SCALE=0|SECURITY_CLASSIFICATION=PUB|TYPE_OF_TRANSFORMATION=IX|aggregation=quarterly_mean,\N,"{""comparison_period"": ""2021-Q4"", ""formula"": ""100 * (quarterly_mean_cpi / same_quarter_prior_year_mean_cpi - 1)"", ""source_cpi_series_code"": ""IMF|ACCESS_SHARING_LEVEL=PUBLIC_OPEN|COICOP_1999=_T|COMMON_REFERENCE_PERIOD=2021M12|FREQUENCY=M|IFS_FLAG=true|INDEX_TYPE=CPI|OVERLAP=OL|SCALE=0|SECURITY_CLASSIFICATION=PUB|TYPE_OF_TRANSFORMATION=IX|aggregation=quarterly_mean""}"
SLV,inflation_consumer_prices_yoy_pct_quarterly_imf,2022-Q1,quarterly,6.61577177091881,\N,derived,IMF_CPI,derived_yoy:IMF|ACCESS_SHARING_LEVEL=PUBLIC_OPEN|COICOP_1999=_T|COMMON_REFERENCE_PERIOD=2009M12|FREQUENCY=M|IFS_FLAG=true|INDEX_TYPE=CPI|OVERLAP=OL|SCALE=0|SECURITY_CLASSIFICATION=PUB|TYPE_OF_TRANSFORMATION=IX|aggregation=quarterly_mean,\N,"{""comparison_period"": ""2021-Q1"", ""formula"": ""100 * (quarterly_mean_cpi / same_quarter_prior_year_mean_cpi - 1)"", ""source_cpi_series_code"": ""IMF|ACCESS_SHARING_LEVEL=PUBLIC_OPEN|COICOP_1999=_T|COMMON_REFERENCE_PERIOD=2009M12|FREQUENCY=M|IFS_FLAG=true|INDEX_TYPE=CPI|OVERLAP=OL|SCALE=0|SECURITY_CLASSIFICATION=PUB|TYPE_OF_TRANSFORMATION=IX|aggregation=quarterly_mean""}"
SLV,inflation_consumer_prices_yoy_pct_quarterly_imf,2022-Q2,quarterly,7.26406350079023,\N,derived,IMF_CPI,derived_yoy:IMF|ACCESS_SHARING_LEVEL=PUBLIC_OPEN|COICOP_1999=_T|COMMON_REFERENCE_PERIOD=2009M12|FREQUENCY=M|IFS_FLAG=true|INDEX_TYPE=CPI|OVERLAP=OL|SCALE=0|SECURITY_CLASSIFICATION=PUB|TYPE_OF_TRANSFORMATION=IX|aggregation=quarterly_mean,\N,"{""comparison_period"": ""2021-Q2"", ""formula"": ""100 * (quarterly_mean_cpi / same_quarter_prior_year_mean_cpi - 1)"", ""source_cpi_series_code"": ""IMF|ACCESS_SHARING_LEVEL=PUBLIC_OPEN|COICOP_1999=_T|COMMON_REFERENCE_PERIOD=2009M12|FREQUENCY=M|IFS_FLAG=true|INDEX_TYPE=CPI|OVERLAP=OL|SCALE=0|SECURITY_CLASSIFICATION=PUB|TYPE_OF_TRANSFORMATION=IX|aggregation=quarterly_mean""}"
SLV,inflation_consumer_prices_yoy_pct_quarterly_imf,2022-Q3,quarterly,7.522799009920411,\N,derived,IMF_CPI,derived_yoy:IMF|ACCESS_SHARING_LEVEL=PUBLIC_OPEN|COICOP_1999=_T|COMMON_REFERENCE_PERIOD=2009M12|FREQUENCY=M|IFS_FLAG=true|INDEX_TYPE=CPI|OVERLAP=OL|SCALE=0|SECURITY_CLASSIFICATION=PUB|TYPE_OF_TRANSFORMATION=IX|aggregation=quarterly_mean,\N,"{""comparison_period"": ""2021-Q3"", ""formula"": ""100 * (quarterly_mean_cpi / same_quarter_prior_year_mean_cpi - 1)"", ""source_cpi_series_code"": ""IMF|ACCESS_SHARING_LEVEL=PUBLIC_OPEN|COICOP_1999=_T|COMMON_REFERENCE_PERIOD=2009M12|FREQUENCY=M|IFS_FLAG=true|INDEX_TYPE=CPI|OVERLAP=OL|SCALE=0|SECURITY_CLASSIFICATION=PUB|TYPE_OF_TRANSFORMATION=IX|aggregation=quarterly_mean""}"
SLV,inflation_consumer_prices_yoy_pct_quarterly_imf,2022-Q4,quarterly,7.372656451519477,\N,derived,IMF_CPI,derived_yoy:IMF|ACCESS_SHARING_LEVEL=PUBLIC_OPEN|COICOP_1999=_T|COMMON_REFERENCE_PERIOD=2009M12|FREQUENCY=M|IFS_FLAG=true|INDEX_TYPE=CPI|OVERLAP=OL|SCALE=0|SECURITY_CLASSIFICATION=PUB|TYPE_OF_TRANSFORMATION=IX|aggregation=quarterly_mean,\N,"{""comparison_period"": ""2021-Q4"", ""formula"": ""100 * (quarterly_mean_cpi / same_quarter_prior_year_mean_cpi - 1)"", ""source_cpi_series_code"": ""IMF|ACCESS_SHARING_LEVEL=PUBLIC_OPEN|COICOP_1999=_T|COMMON_REFERENCE_PERIOD=2009M12|FREQUENCY=M|IFS_FLAG=true|INDEX_TYPE=CPI|OVERLAP=OL|SCALE=0|SECURITY_CLASSIFICATION=PUB|TYPE_OF_TRANSFORMATION=IX|aggregation=quarterly_mean""}"
SMR,inflation_consumer_prices_yoy_pct_quarterly_imf,2022-Q1,quarterly,3.960523354871892,\N,derived,IMF_CPI,derived_yoy:IMF|ACCESS_SHARING_LEVEL=PUBLIC_OPEN|COICOP_1999=_T|COMMON_REFERENCE_PERIOD=2015M12|FREQUENCY=M|IFS_FLAG=true|INDEX_TYPE=CPI|OVERLAP=OL|SCALE=0|SECURITY_CLASSIFICATION=PUB|TYPE_OF_TRANSFORMATION=IX|aggregation=quarterly_mean,\N,"{""comparison_period"": ""2021-Q1"", ""formula"": ""100 * (quarterly_mean_cpi / same_quarter_prior_year_mean_cpi - 1)"", ""source_cpi_series_code"": ""IMF|ACCESS_SHARING_LEVEL=PUBLIC_OPEN|COICOP_1999=_T|COMMON_REFERENCE_PERIOD=2015M12|FREQUENCY=M|IFS_FLAG=true|INDEX_TYPE=CPI|OVERLAP=OL|SCALE=0|SECURITY_CLASSIFICATION=PUB|TYPE_OF_TRANSFORMATION=IX|aggregation=quarterly_mean""}"
SMR,inflation_consumer_prices_yoy_pct_quarterly_imf,2022-Q2,quarterly,5.1886943439710675,\N,derived,IMF_CPI,derived_yoy:IMF|ACCESS_SHARING_LEVEL=PUBLIC_OPEN|COICOP_1999=_T|COMMON_REFERENCE_PERIOD=2015M12|FREQUENCY=M|IFS_FLAG=true|INDEX_TYPE=CPI|OVERLAP=OL|SCALE=0|SECURITY_CLASSIFICATION=PUB|TYPE_OF_TRANSFORMATION=IX|aggregation=quarterly_mean,\N,"{""comparison_period"": ""2021-Q2"", ""formula"": ""100 * (quarterly_mean_cpi / same_quarter_prior_year_mean_cpi - 1)"", ""source_cpi_series_code"": ""IMF|ACCESS_SHARING_LEVEL=PUBLIC_OPEN|COICOP_1999=_T|COMMON_REFERENCE_PERIOD=2015M12|FREQUENCY=M|IFS_FLAG=true|INDEX_TYPE=CPI|OVERLAP=OL|SCALE=0|SECURITY_CLASSIFICATION=PUB|TYPE_OF_TRANSFORMATION=IX|aggregation=quarterly_mean""}"
SMR,inflation_consumer_prices_yoy_pct_quarterly_imf,2022-Q3,quarterly,5.444490353748832,\N,derived,IMF_CPI,derived_yoy:IMF|ACCESS_SHARING_LEVEL=PUBLIC_OPEN|COICOP_1999=_T|COMMON_REFERENCE_PERIOD=2015M12|FREQUENCY=M|IFS_FLAG=true|INDEX_TYPE=CPI|OVERLAP=OL|SCALE=0|SECURITY_CLASSIFICATION=PUB|TYPE_OF_TRANSFORMATION=IX|aggregation=quarterly_mean,\N,"{""comparison_period"": ""2021-Q3"", ""formula"": ""100 * (quarterly_mean_cpi / same_quarter_prior_year_mean_cpi - 1)"", ""source_cpi_series_code"": ""IMF|ACCESS_SHARING_LEVEL=PUBLIC_OPEN|COICOP_1999=_T|COMMON_REFERENCE_PERIOD=2015M12|FREQUENCY=M|IFS_FLAG=true|INDEX_TYPE=CPI|OVERLAP=OL|SCALE=0|SECURITY_CLASSIFICATION=PUB|TYPE_OF_TRANSFORMATION=IX|aggregation=quarterly_mean""}"
SMR,inflation_consumer_prices_yoy_pct_quarterly_imf,2022-Q4,quarterly,6.679900431672814,\N,derived,IMF_CPI,derived_yoy:IMF|ACCESS_SHARING_LEVEL=PUBLIC_OPEN|COICOP_1999=_T|COMMON_REFERENCE_PERIOD=2015M12|FREQUENCY=M|IFS_FLAG=true|INDEX_TYPE=CPI|OVERLAP=OL|SCALE=0|SECURITY_CLASSIFICATION=PUB|TYPE_OF_TRANSFORMATION=IX|aggregation=quarterly_mean,\N,"{""comparison_period"": ""2021-Q4"", ""formula"": ""100 * (quarterly_mean_cpi / same_quarter_prior_year_mean_cpi - 1)"", ""source_cpi_series_code"": ""IMF|ACCESS_SHARING_LEVEL=PUBLIC_OPEN|COICOP_1999=_T|COMMON_REFERENCE_PERIOD=2015M12|FREQUENCY=M|IFS_FLAG=true|INDEX_TYPE=CPI|OVERLAP=OL|SCALE=0|SECURITY_CLASSIFICATION=PUB|TYPE_OF_TRANSFORMATION=IX|aggregation=quarterly_mean""}"
SOM,inflation_consumer_prices_yoy_pct_quarterly_imf,2022-Q1,quarterly,6.452110793233823,\N,derived,IMF_CPI,derived_yoy:IMF|ACCESS_SHARING_LEVEL=PUBLIC_OPEN|COICOP_1999=_T|COMMON_REFERENCE_PERIOD=2022A|FREQUENCY=M|IFS_FLAG=true|INDEX_TYPE=CPI|OVERLAP=OL|SCALE=0|SECURITY_CLASSIFICATION=PUB|TYPE_OF_TRANSFORMATION=IX|aggregation=quarterly_mean,\N,"{""comparison_period"": ""2021-Q1"", ""formula"": ""100 * (quarterly_mean_cpi / same_quarter_prior_year_mean_cpi - 1)"", ""source_cpi_series_code"": ""IMF|ACCESS_SHARING_LEVEL=PUBLIC_OPEN|COICOP_1999=_T|COMMON_REFERENCE_PERIOD=2022A|FREQUENCY=M|IFS_FLAG=true|INDEX_TYPE=CPI|OVERLAP=OL|SCALE=0|SECURITY_CLASSIFICATION=PUB|TYPE_OF_TRANSFORMATION=IX|aggregation=quarterly_mean""}"
SOM,inflation_consumer_prices_yoy_pct_quarterly_imf,2022-Q2,quarterly,6.700833601829581,\N,derived,IMF_CPI,derived_yoy:IMF|ACCESS_SHARING_LEVEL=PUBLIC_OPEN|COICOP_1999=_T|COMMON_REFERENCE_PERIOD=2022A|FREQUENCY=M|IFS_FLAG=true|INDEX_TYPE=CPI|OVERLAP=OL|SCALE=0|SECURITY_CLASSIFICATION=PUB|TYPE_OF_TRANSFORMATION=IX|aggregation=quarterly_mean,\N,"{""comparison_period"": ""2021-Q2"", ""formula"": ""100 * (quarterly_mean_cpi / same_quarter_prior_year_mean_cpi - 1)"", ""source_cpi_series_code"": ""IMF|ACCESS_SHARING_LEVEL=PUBLIC_OPEN|COICOP_1999=_T|COMMON_REFERENCE_PERIOD=2022A|FREQUENCY=M|IFS_FLAG=true|INDEX_TYPE=CPI|OVERLAP=OL|SCALE=0|SECURITY_CLASSIFICATION=PUB|TYPE_OF_TRANSFORMATION=IX|aggregation=quarterly_mean""}"
SOM,inflation_consumer_prices_yoy_pct_quarterly_imf,2022-Q3,quarterly,7.509515753859164,\N,derived,IMF_CPI,derived_yoy:IMF|ACCESS_SHARING_LEVEL=PUBLIC_OPEN|COICOP_1999=_T|COMMON_REFERENCE_PERIOD=2022A|FREQUENCY=M|IFS_FLAG=true|INDEX_TYPE=CPI|OVERLAP=OL|SCALE=0|SECURITY_CLASSIFICATION=PUB|TYPE_OF_TRANSFORMATION=IX|aggregation=quarterly_mean,\N,"{""comparison_period"": ""2021-Q3"", ""formula"": ""100 * (quarterly_mean_cpi / same_quarter_prior_year_mean_cpi - 1)"", ""source_cpi_series_code"": ""IMF|ACCESS_SHARING_LEVEL=PUBLIC_OPEN|COICOP_1999=_T|COMMON_REFERENCE_PERIOD=2022A|FREQUENCY=M|IFS_FLAG=true|INDEX_TYPE=CPI|OVERLAP=OL|SCALE=0|SECURITY_CLASSIFICATION=PUB|TYPE_OF_TRANSFORMATION=IX|aggregation=quarterly_mean""}"
SOM,inflation_consumer_prices_yoy_pct_quarterly_imf,2022-Q4,quarterly,6.441718175472477,\N,derived,IMF_CPI,derived_yoy:IMF|ACCESS_SHARING_LEVEL=PUBLIC_OPEN|COICOP_1999=_T|COMMON_REFERENCE_PERIOD=2022A|FREQUENCY=M|IFS_FLAG=true|INDEX_TYPE=CPI|OVERLAP=OL|SCALE=0|SECURITY_CLASSIFICATION=PUB|TYPE_OF_TRANSFORMATION=IX|aggregation=quarterly_mean,\N,"{""comparison_period"": ""2021-Q4"", ""formula"": ""100 * (quarterly_mean_cpi / same_quarter_prior_year_mean_cpi - 1)"", ""source_cpi_series_code"": ""IMF|ACCESS_SHARING_LEVEL=PUBLIC_OPEN|COICOP_1999=_T|COMMON_REFERENCE_PERIOD=2022A|FREQUENCY=M|IFS_FLAG=true|INDEX_TYPE=CPI|OVERLAP=OL|SCALE=0|SECURITY_CLASSIFICATION=PUB|TYPE_OF_TRANSFORMATION=IX|aggregation=quarterly_mean""}"
SRB,inflation_consumer_prices_yoy_pct_quarterly_imf,2022-Q1,quarterly,8.710629921259816,\N,derived,IMF_CPI,derived_yoy:IMF|ACCESS_SHARING_LEVEL=PUBLIC_OPEN|COICOP_1999=_T|COMMON_REFERENCE_PERIOD=2006A|FREQUENCY=M|IFS_FLAG=true|INDEX_TYPE=CPI|OVERLAP=OL|SCALE=0|SECURITY_CLASSIFICATION=PUB|TYPE_OF_TRANSFORMATION=IX|aggregation=quarterly_mean,\N,"{""comparison_period"": ""2021-Q1"", ""formula"": ""100 * (quarterly_mean_cpi / same_quarter_prior_year_mean_cpi - 1)"", ""source_cpi_series_code"": ""IMF|ACCESS_SHARING_LEVEL=PUBLIC_OPEN|COICOP_1999=_T|COMMON_REFERENCE_PERIOD=2006A|FREQUENCY=M|IFS_FLAG=true|INDEX_TYPE=CPI|OVERLAP=OL|SCALE=0|SECURITY_CLASSIFICATION=PUB|TYPE_OF_TRANSFORMATION=IX|aggregation=quarterly_mean""}"
SRB,inflation_consumer_prices_yoy_pct_quarterly_imf,2022-Q2,quarterly,10.64308681672026,\N,derived,IMF_CPI,derived_yoy:IMF|ACCESS_SHARING_LEVEL=PUBLIC_OPEN|COICOP_1999=_T|COMMON_REFERENCE_PERIOD=2006A|FREQUENCY=M|IFS_FLAG=true|INDEX_TYPE=CPI|OVERLAP=OL|SCALE=0|SECURITY_CLASSIFICATION=PUB|TYPE_OF_TRANSFORMATION=IX|aggregation=quarterly_mean,\N,"{""comparison_period"": ""2021-Q2"", ""formula"": ""100 * (quarterly_mean_cpi / same_quarter_prior_year_mean_cpi - 1)"", ""source_cpi_series_code"": ""IMF|ACCESS_SHARING_LEVEL=PUBLIC_OPEN|COICOP_1999=_T|COMMON_REFERENCE_PERIOD=2006A|FREQUENCY=M|IFS_FLAG=true|INDEX_TYPE=CPI|OVERLAP=OL|SCALE=0|SECURITY_CLASSIFICATION=PUB|TYPE_OF_TRANSFORMATION=IX|aggregation=quarterly_mean""}"
SRB,inflation_consumer_prices_yoy_pct_quarterly_imf,2022-Q3,quarterly,13.294248138171438,\N,derived,IMF_CPI,derived_yoy:IMF|ACCESS_SHARING_LEVEL=PUBLIC_OPEN|COICOP_1999=_T|COMMON_REFERENCE_PERIOD=2006A|FREQUENCY=M|IFS_FLAG=true|INDEX_TYPE=CPI|OVERLAP=OL|SCALE=0|SECURITY_CLASSIFICATION=PUB|TYPE_OF_TRANSFORMATION=IX|aggregation=quarterly_mean,\N,"{""comparison_period"": ""2021-Q3"", ""formula"": ""100 * (quarterly_mean_cpi / same_quarter_prior_year_mean_cpi - 1)"", ""source_cpi_series_code"": ""IMF|ACCESS_SHARING_LEVEL=PUBLIC_OPEN|COICOP_1999=_T|COMMON_REFERENCE_PERIOD=2006A|FREQUENCY=M|IFS_FLAG=true|INDEX_TYPE=CPI|OVERLAP=OL|SCALE=0|SECURITY_CLASSIFICATION=PUB|TYPE_OF_TRANSFORMATION=IX|aggregation=quarterly_mean""}"
SRB,inflation_consumer_prices_yoy_pct_quarterly_imf,2022-Q4,quarterly,15.06955177743432,\N,derived,IMF_CPI,derived_yoy:IMF|ACCESS_SHARING_LEVEL=PUBLIC_OPEN|COICOP_1999=_T|COMMON_REFERENCE_PERIOD=2006A|FREQUENCY=M|IFS_FLAG=true|INDEX_TYPE=CPI|OVERLAP=OL|SCALE=0|SECURITY_CLASSIFICATION=PUB|TYPE_OF_TRANSFORMATION=IX|aggregation=quarterly_mean,\N,"{""comparison_period"": ""2021-Q4"", ""formula"": ""100 * (quarterly_mean_cpi / same_quarter_prior_year_mean_cpi - 1)"", ""source_cpi_series_code"": ""IMF|ACCESS_SHARING_LEVEL=PUBLIC_OPEN|COICOP_1999=_T|COMMON_REFERENCE_PERIOD=2006A|FREQUENCY=M|IFS_FLAG=true|INDEX_TYPE=CPI|OVERLAP=OL|SCALE=0|SECURITY_CLASSIFICATION=PUB|TYPE_OF_TRANSFORMATION=IX|aggregation=quarterly_mean""}"
SSD,inflation_consumer_prices_yoy_pct_quarterly_imf,2022-Q1,quarterly,-11.111932838003646,\N,derived,IMF_CPI,derived_yoy:IMF|ACCESS_SHARING_LEVEL=PUBLIC_OPEN|COICOP_1999=_T|COMMON_REFERENCE_PERIOD=2024M8|FREQUENCY=M|IFS_FLAG=true|INDEX_TYPE=CPI|OVERLAP=OL|SCALE=0|SECURITY_CLASSIFICATION=PUB|TYPE_OF_TRANSFORMATION=IX|aggregation=quarterly_mean,\N,"{""comparison_period"": ""2021-Q1"", ""formula"": ""100 * (quarterly_mean_cpi / same_quarter_prior_year_mean_cpi - 1)"", ""source_cpi_series_code"": ""IMF|ACCESS_SHARING_LEVEL=PUBLIC_OPEN|COICOP_1999=_T|COMMON_REFERENCE_PERIOD=2024M8|FREQUENCY=M|IFS_FLAG=true|INDEX_TYPE=CPI|OVERLAP=OL|SCALE=0|SECURITY_CLASSIFICATION=PUB|TYPE_OF_TRANSFORMATION=IX|aggregation=quarterly_mean""}"
SSD,inflation_consumer_prices_yoy_pct_quarterly_imf,2022-Q2,quarterly,-2.882402462061562,\N,derived,IMF_CPI,derived_yoy:IMF|ACCESS_SHARING_LEVEL=PUBLIC_OPEN|COICOP_1999=_T|COMMON_REFERENCE_PERIOD=2024M8|FREQUENCY=M|IFS_FLAG=true|INDEX_TYPE=CPI|OVERLAP=OL|SCALE=0|SECURITY_CLASSIFICATION=PUB|TYPE_OF_TRANSFORMATION=IX|aggregation=quarterly_mean,\N,"{""comparison_period"": ""2021-Q2"", ""formula"": ""100 * (quarterly_mean_cpi / same_quarter_prior_year_mean_cpi - 1)"", ""source_cpi_series_code"": ""IMF|ACCESS_SHARING_LEVEL=PUBLIC_OPEN|COICOP_1999=_T|COMMON_REFERENCE_PERIOD=2024M8|FREQUENCY=M|IFS_FLAG=true|INDEX_TYPE=CPI|OVERLAP=OL|SCALE=0|SECURITY_CLASSIFICATION=PUB|TYPE_OF_TRANSFORMATION=IX|aggregation=quarterly_mean""}"
SSD,inflation_consumer_prices_yoy_pct_quarterly_imf,2022-Q3,quarterly,-1.871296643479592,\N,derived,IMF_CPI,derived_yoy:IMF|ACCESS_SHARING_LEVEL=PUBLIC_OPEN|COICOP_1999=_T|COMMON_REFERENCE_PERIOD=2024M8|FREQUENCY=M|IFS_FLAG=true|INDEX_TYPE=CPI|OVERLAP=OL|SCALE=0|SECURITY_CLASSIFICATION=PUB|TYPE_OF_TRANSFORMATION=IX|aggregation=quarterly_mean,\N,"{""comparison_period"": ""2021-Q3"", ""formula"": ""100 * (quarterly_mean_cpi / same_quarter_prior_year_mean_cpi - 1)"", ""source_cpi_series_code"": ""IMF|ACCESS_SHARING_LEVEL=PUBLIC_OPEN|COICOP_1999=_T|COMMON_REFERENCE_PERIOD=2024M8|FREQUENCY=M|IFS_FLAG=true|INDEX_TYPE=CPI|OVERLAP=OL|SCALE=0|SECURITY_CLASSIFICATION=PUB|TYPE_OF_TRANSFORMATION=IX|aggregation=quarterly_mean""}"
SSD,inflation_consumer_prices_yoy_pct_quarterly_imf,2022-Q4,quarterly,-10.812669076450032,\N,derived,IMF_CPI,derived_yoy:IMF|ACCESS_SHARING_LEVEL=PUBLIC_OPEN|COICOP_1999=_T|COMMON_REFERENCE_PERIOD=2024M8|FREQUENCY=M|IFS_FLAG=true|INDEX_TYPE=CPI|OVERLAP=OL|SCALE=0|SECURITY_CLASSIFICATION=PUB|TYPE_OF_TRANSFORMATION=IX|aggregation=quarterly_mean,\N,"{""comparison_period"": ""2021-Q4"", ""formula"": ""100 * (quarterly_mean_cpi / same_quarter_prior_year_mean_cpi - 1)"", ""source_cpi_series_code"": ""IMF|ACCESS_SHARING_LEVEL=PUBLIC_OPEN|COICOP_1999=_T|COMMON_REFERENCE_PERIOD=2024M8|FREQUENCY=M|IFS_FLAG=true|INDEX_TYPE=CPI|OVERLAP=OL|SCALE=0|SECURITY_CLASSIFICATION=PUB|TYPE_OF_TRANSFORMATION=IX|aggregation=quarterly_mean""}"
STP,inflation_consumer_prices_yoy_pct_quarterly_imf,2022-Q1,quarterly,11.766383065629693,\N,derived,IMF_CPI,derived_yoy:IMF|ACCESS_SHARING_LEVEL=PUBLIC_OPEN|COICOP_1999=_T|COMMON_REFERENCE_PERIOD=2014A|FREQUENCY=M|IFS_FLAG=true|INDEX_TYPE=CPI|OVERLAP=OL|SCALE=0|SECURITY_CLASSIFICATION=PUB|TYPE_OF_TRANSFORMATION=IX|aggregation=quarterly_mean,\N,"{""comparison_period"": ""2021-Q1"", ""formula"": ""100 * (quarterly_mean_cpi / same_quarter_prior_year_mean_cpi - 1)"", ""source_cpi_series_code"": ""IMF|ACCESS_SHARING_LEVEL=PUBLIC_OPEN|COICOP_1999=_T|COMMON_REFERENCE_PERIOD=2014A|FREQUENCY=M|IFS_FLAG=true|INDEX_TYPE=CPI|OVERLAP=OL|SCALE=0|SECURITY_CLASSIFICATION=PUB|TYPE_OF_TRANSFORMATION=IX|aggregation=quarterly_mean""}"
STP,inflation_consumer_prices_yoy_pct_quarterly_imf,2022-Q2,quarterly,15.311491078314155,\N,derived,IMF_CPI,derived_yoy:IMF|ACCESS_SHARING_LEVEL=PUBLIC_OPEN|COICOP_1999=_T|COMMON_REFERENCE_PERIOD=2014A|FREQUENCY=M|IFS_FLAG=true|INDEX_TYPE=CPI|OVERLAP=OL|SCALE=0|SECURITY_CLASSIFICATION=PUB|TYPE_OF_TRANSFORMATION=IX|aggregation=quarterly_mean,\N,"{""comparison_period"": ""2021-Q2"", ""formula"": ""100 * (quarterly_mean_cpi / same_quarter_prior_year_mean_cpi - 1)"", ""source_cpi_series_code"": ""IMF|ACCESS_SHARING_LEVEL=PUBLIC_OPEN|COICOP_1999=_T|COMMON_REFERENCE_PERIOD=2014A|FREQUENCY=M|IFS_FLAG=true|INDEX_TYPE=CPI|OVERLAP=OL|SCALE=0|SECURITY_CLASSIFICATION=PUB|TYPE_OF_TRANSFORMATION=IX|aggregation=quarterly_mean""}"
STP,inflation_consumer_prices_yoy_pct_quarterly_imf,2022-Q3,quarterly,19.96405066099376,\N,derived,IMF_CPI,derived_yoy:IMF|ACCESS_SHARING_LEVEL=PUBLIC_OPEN|COICOP_1999=_T|COMMON_REFERENCE_PERIOD=2014A|FREQUENCY=M|IFS_FLAG=true|INDEX_TYPE=CPI|OVERLAP=OL|SCALE=0|SECURITY_CLASSIFICATION=PUB|TYPE_OF_TRANSFORMATION=IX|aggregation=quarterly_mean,\N,"{""comparison_period"": ""2021-Q3"", ""formula"": ""100 * (quarterly_mean_cpi / same_quarter_prior_year_mean_cpi - 1)"", ""source_cpi_series_code"": ""IMF|ACCESS_SHARING_LEVEL=PUBLIC_OPEN|COICOP_1999=_T|COMMON_REFERENCE_PERIOD=2014A|FREQUENCY=M|IFS_FLAG=true|INDEX_TYPE=CPI|OVERLAP=OL|SCALE=0|SECURITY_CLASSIFICATION=PUB|TYPE_OF_TRANSFORMATION=IX|aggregation=quarterly_mean""}"
STP,inflation_consumer_prices_yoy_pct_quarterly_imf,2022-Q4,quarterly,24.430014474540474,\N,derived,IMF_CPI,derived_yoy:IMF|ACCESS_SHARING_LEVEL=PUBLIC_OPEN|COICOP_1999=_T|COMMON_REFERENCE_PERIOD=2014A|FREQUENCY=M|IFS_FLAG=true|INDEX_TYPE=CPI|OVERLAP=OL|SCALE=0|SECURITY_CLASSIFICATION=PUB|TYPE_OF_TRANSFORMATION=IX|aggregation=quarterly_mean,\N,"{""comparison_period"": ""2021-Q4"", ""formula"": ""100 * (quarterly_mean_cpi / same_quarter_prior_year_mean_cpi - 1)"", ""source_cpi_series_code"": ""IMF|ACCESS_SHARING_LEVEL=PUBLIC_OPEN|COICOP_1999=_T|COMMON_REFERENCE_PERIOD=2014A|FREQUENCY=M|IFS_FLAG=true|INDEX_TYPE=CPI|OVERLAP=OL|SCALE=0|SECURITY_CLASSIFICATION=PUB|TYPE_OF_TRANSFORMATION=IX|aggregation=quarterly_mean""}"
SUR,inflation_consumer_prices_yoy_pct_quarterly_imf,2022-Q1,quarterly,61.91533657182511,\N,derived,IMF_CPI,derived_yoy:IMF|ACCESS_SHARING_LEVEL=PUBLIC_OPEN|COICOP_1999=_T|COMMON_REFERENCE_PERIOD=APRIL 2016 - JUNE 2016=100|FREQUENCY=M|IFS_FLAG=true|INDEX_TYPE=CPI|OVERLAP=OL|SCALE=0|SECURITY_CLASSIFICATION=PUB|TYPE_OF_TRANSFORMATION=IX|aggregation=quarterly_mean,\N,"{""comparison_period"": ""2021-Q1"", ""formula"": ""100 * (quarterly_mean_cpi / same_quarter_prior_year_mean_cpi - 1)"", ""source_cpi_series_code"": ""IMF|ACCESS_SHARING_LEVEL=PUBLIC_OPEN|COICOP_1999=_T|COMMON_REFERENCE_PERIOD=APRIL 2016 - JUNE 2016=100|FREQUENCY=M|IFS_FLAG=true|INDEX_TYPE=CPI|OVERLAP=OL|SCALE=0|SECURITY_CLASSIFICATION=PUB|TYPE_OF_TRANSFORMATION=IX|aggregation=quarterly_mean""}"
SUR,inflation_consumer_prices_yoy_pct_quarterly_imf,2022-Q2,quarterly,57.33531083920405,\N,derived,IMF_CPI,derived_yoy:IMF|ACCESS_SHARING_LEVEL=PUBLIC_OPEN|COICOP_1999=_T|COMMON_REFERENCE_PERIOD=APRIL 2016 - JUNE 2016=100|FREQUENCY=M|IFS_FLAG=true|INDEX_TYPE=CPI|OVERLAP=OL|SCALE=0|SECURITY_CLASSIFICATION=PUB|TYPE_OF_TRANSFORMATION=IX|aggregation=quarterly_mean,\N,"{""comparison_period"": ""2021-Q2"", ""formula"": ""100 * (quarterly_mean_cpi / same_quarter_prior_year_mean_cpi - 1)"", ""source_cpi_series_code"": ""IMF|ACCESS_SHARING_LEVEL=PUBLIC_OPEN|COICOP_1999=_T|COMMON_REFERENCE_PERIOD=APRIL 2016 - JUNE 2016=100|FREQUENCY=M|IFS_FLAG=true|INDEX_TYPE=CPI|OVERLAP=OL|SCALE=0|SECURITY_CLASSIFICATION=PUB|TYPE_OF_TRANSFORMATION=IX|aggregation=quarterly_mean""}"
SUR,inflation_consumer_prices_yoy_pct_quarterly_imf,2022-Q3,quarterly,43.196328810853934,\N,derived,IMF_CPI,derived_yoy:IMF|ACCESS_SHARING_LEVEL=PUBLIC_OPEN|COICOP_1999=_T|COMMON_REFERENCE_PERIOD=APRIL 2016 - JUNE 2016=100|FREQUENCY=M|IFS_FLAG=true|INDEX_TYPE=CPI|OVERLAP=OL|SCALE=0|SECURITY_CLASSIFICATION=PUB|TYPE_OF_TRANSFORMATION=IX|aggregation=quarterly_mean,\N,"{""comparison_period"": ""2021-Q3"", ""formula"": ""100 * (quarterly_mean_cpi / same_quarter_prior_year_mean_cpi - 1)"", ""source_cpi_series_code"": ""IMF|ACCESS_SHARING_LEVEL=PUBLIC_OPEN|COICOP_1999=_T|COMMON_REFERENCE_PERIOD=APRIL 2016 - JUNE 2016=100|FREQUENCY=M|IFS_FLAG=true|INDEX_TYPE=CPI|OVERLAP=OL|SCALE=0|SECURITY_CLASSIFICATION=PUB|TYPE_OF_TRANSFORMATION=IX|aggregation=quarterly_mean""}"
SUR,inflation_consumer_prices_yoy_pct_quarterly_imf,2022-Q4,quarterly,51.06402494955058,\N,derived,IMF_CPI,derived_yoy:IMF|ACCESS_SHARING_LEVEL=PUBLIC_OPEN|COICOP_1999=_T|COMMON_REFERENCE_PERIOD=APRIL 2016 - JUNE 2016=100|FREQUENCY=M|IFS_FLAG=true|INDEX_TYPE=CPI|OVERLAP=OL|SCALE=0|SECURITY_CLASSIFICATION=PUB|TYPE_OF_TRANSFORMATION=IX|aggregation=quarterly_mean,\N,"{""comparison_period"": ""2021-Q4"", ""formula"": ""100 * (quarterly_mean_cpi / same_quarter_prior_year_mean_cpi - 1)"", ""source_cpi_series_code"": ""IMF|ACCESS_SHARING_LEVEL=PUBLIC_OPEN|COICOP_1999=_T|COMMON_REFERENCE_PERIOD=APRIL 2016 - JUNE 2016=100|FREQUENCY=M|IFS_FLAG=true|INDEX_TYPE=CPI|OVERLAP=OL|SCALE=0|SECURITY_CLASSIFICATION=PUB|TYPE_OF_TRANSFORMATION=IX|aggregation=quarterly_mean""}"
SVK,inflation_consumer_prices_yoy_pct_quarterly_imf,2022-Q1,quarterly,9.272217025257268,\N,derived,IMF_CPI,derived_yoy:IMF|ACCESS_SHARING_LEVEL=PUBLIC_OPEN|COICOP_1999=_T|COMMON_REFERENCE_PERIOD=2025A|FREQUENCY=M|IFS_FLAG=true|INDEX_TYPE=CPI|OVERLAP=OL|SCALE=0|SECURITY_CLASSIFICATION=PUB|TYPE_OF_TRANSFORMATION=IX|aggregation=quarterly_mean,\N,"{""comparison_period"": ""2021-Q1"", ""formula"": ""100 * (quarterly_mean_cpi / same_quarter_prior_year_mean_cpi - 1)"", ""source_cpi_series_code"": ""IMF|ACCESS_SHARING_LEVEL=PUBLIC_OPEN|COICOP_1999=_T|COMMON_REFERENCE_PERIOD=2025A|FREQUENCY=M|IFS_FLAG=true|INDEX_TYPE=CPI|OVERLAP=OL|SCALE=0|SECURITY_CLASSIFICATION=PUB|TYPE_OF_TRANSFORMATION=IX|aggregation=quarterly_mean""}"
SVK,inflation_consumer_prices_yoy_pct_quarterly_imf,2022-Q2,quarterly,12.511533493264459,\N,derived,IMF_CPI,derived_yoy:IMF|ACCESS_SHARING_LEVEL=PUBLIC_OPEN|COICOP_1999=_T|COMMON_REFERENCE_PERIOD=2025A|FREQUENCY=M|IFS_FLAG=true|INDEX_TYPE=CPI|OVERLAP=OL|SCALE=0|SECURITY_CLASSIFICATION=PUB|TYPE_OF_TRANSFORMATION=IX|aggregation=quarterly_mean,\N,"{""comparison_period"": ""2021-Q2"", ""formula"": ""100 * (quarterly_mean_cpi / same_quarter_prior_year_mean_cpi - 1)"", ""source_cpi_series_code"": ""IMF|ACCESS_SHARING_LEVEL=PUBLIC_OPEN|COICOP_1999=_T|COMMON_REFERENCE_PERIOD=2025A|FREQUENCY=M|IFS_FLAG=true|INDEX_TYPE=CPI|OVERLAP=OL|SCALE=0|SECURITY_CLASSIFICATION=PUB|TYPE_OF_TRANSFORMATION=IX|aggregation=quarterly_mean""}"
SVK,inflation_consumer_prices_yoy_pct_quarterly_imf,2022-Q3,quarterly,13.956442831215954,\N,derived,IMF_CPI,derived_yoy:IMF|ACCESS_SHARING_LEVEL=PUBLIC_OPEN|COICOP_1999=_T|COMMON_REFERENCE_PERIOD=2025A|FREQUENCY=M|IFS_FLAG=true|INDEX_TYPE=CPI|OVERLAP=OL|SCALE=0|SECURITY_CLASSIFICATION=PUB|TYPE_OF_TRANSFORMATION=IX|aggregation=quarterly_mean,\N,"{""comparison_period"": ""2021-Q3"", ""formula"": ""100 * (quarterly_mean_cpi / same_quarter_prior_year_mean_cpi - 1)"", ""source_cpi_series_code"": ""IMF|ACCESS_SHARING_LEVEL=PUBLIC_OPEN|COICOP_1999=_T|COMMON_REFERENCE_PERIOD=2025A|FREQUENCY=M|IFS_FLAG=true|INDEX_TYPE=CPI|OVERLAP=OL|SCALE=0|SECURITY_CLASSIFICATION=PUB|TYPE_OF_TRANSFORMATION=IX|aggregation=quarterly_mean""}"
SVK,inflation_consumer_prices_yoy_pct_quarterly_imf,2022-Q4,quarterly,15.206139568088496,\N,derived,IMF_CPI,derived_yoy:IMF|ACCESS_SHARING_LEVEL=PUBLIC_OPEN|COICOP_1999=_T|COMMON_REFERENCE_PERIOD=2025A|FREQUENCY=M|IFS_FLAG=true|INDEX_TYPE=CPI|OVERLAP=OL|SCALE=0|SECURITY_CLASSIFICATION=PUB|TYPE_OF_TRANSFORMATION=IX|aggregation=quarterly_mean,\N,"{""comparison_period"": ""2021-Q4"", ""formula"": ""100 * (quarterly_mean_cpi / same_quarter_prior_year_mean_cpi - 1)"", ""source_cpi_series_code"": ""IMF|ACCESS_SHARING_LEVEL=PUBLIC_OPEN|COICOP_1999=_T|COMMON_REFERENCE_PERIOD=2025A|FREQUENCY=M|IFS_FLAG=true|INDEX_TYPE=CPI|OVERLAP=OL|SCALE=0|SECURITY_CLASSIFICATION=PUB|TYPE_OF_TRANSFORMATION=IX|aggregation=quarterly_mean""}"
SVN,inflation_consumer_prices_yoy_pct_quarterly_imf,2022-Q1,quarterly,6.002421004299352,\N,derived,IMF_CPI,derived_yoy:IMF|ACCESS_SHARING_LEVEL=PUBLIC_OPEN|COICOP_1999=_T|COMMON_REFERENCE_PERIOD=2025A|FREQUENCY=M|IFS_FLAG=true|INDEX_TYPE=CPI|OVERLAP=OL|SCALE=0|SECURITY_CLASSIFICATION=PUB|TYPE_OF_TRANSFORMATION=IX|aggregation=quarterly_mean,\N,"{""comparison_period"": ""2021-Q1"", ""formula"": ""100 * (quarterly_mean_cpi / same_quarter_prior_year_mean_cpi - 1)"", ""source_cpi_series_code"": ""IMF|ACCESS_SHARING_LEVEL=PUBLIC_OPEN|COICOP_1999=_T|COMMON_REFERENCE_PERIOD=2025A|FREQUENCY=M|IFS_FLAG=true|INDEX_TYPE=CPI|OVERLAP=OL|SCALE=0|SECURITY_CLASSIFICATION=PUB|TYPE_OF_TRANSFORMATION=IX|aggregation=quarterly_mean""}"
SVN,inflation_consumer_prices_yoy_pct_quarterly_imf,2022-Q2,quarterly,8.507944287873205,\N,derived,IMF_CPI,derived_yoy:IMF|ACCESS_SHARING_LEVEL=PUBLIC_OPEN|COICOP_1999=_T|COMMON_REFERENCE_PERIOD=2025A|FREQUENCY=M|IFS_FLAG=true|INDEX_TYPE=CPI|OVERLAP=OL|SCALE=0|SECURITY_CLASSIFICATION=PUB|TYPE_OF_TRANSFORMATION=IX|aggregation=quarterly_mean,\N,"{""comparison_period"": ""2021-Q2"", ""formula"": ""100 * (quarterly_mean_cpi / same_quarter_prior_year_mean_cpi - 1)"", ""source_cpi_series_code"": ""IMF|ACCESS_SHARING_LEVEL=PUBLIC_OPEN|COICOP_1999=_T|COMMON_REFERENCE_PERIOD=2025A|FREQUENCY=M|IFS_FLAG=true|INDEX_TYPE=CPI|OVERLAP=OL|SCALE=0|SECURITY_CLASSIFICATION=PUB|TYPE_OF_TRANSFORMATION=IX|aggregation=quarterly_mean""}"
SVN,inflation_consumer_prices_yoy_pct_quarterly_imf,2022-Q3,quarterly,10.663813292417013,\N,derived,IMF_CPI,derived_yoy:IMF|ACCESS_SHARING_LEVEL=PUBLIC_OPEN|COICOP_1999=_T|COMMON_REFERENCE_PERIOD=2025A|FREQUENCY=M|IFS_FLAG=true|INDEX_TYPE=CPI|OVERLAP=OL|SCALE=0|SECURITY_CLASSIFICATION=PUB|TYPE_OF_TRANSFORMATION=IX|aggregation=quarterly_mean,\N,"{""comparison_period"": ""2021-Q3"", ""formula"": ""100 * (quarterly_mean_cpi / same_quarter_prior_year_mean_cpi - 1)"", ""source_cpi_series_code"": ""IMF|ACCESS_SHARING_LEVEL=PUBLIC_OPEN|COICOP_1999=_T|COMMON_REFERENCE_PERIOD=2025A|FREQUENCY=M|IFS_FLAG=true|INDEX_TYPE=CPI|OVERLAP=OL|SCALE=0|SECURITY_CLASSIFICATION=PUB|TYPE_OF_TRANSFORMATION=IX|aggregation=quarterly_mean""}"
SVN,inflation_consumer_prices_yoy_pct_quarterly_imf,2022-Q4,quarterly,10.047008206517404,\N,derived,IMF_CPI,derived_yoy:IMF|ACCESS_SHARING_LEVEL=PUBLIC_OPEN|COICOP_1999=_T|COMMON_REFERENCE_PERIOD=2025A|FREQUENCY=M|IFS_FLAG=true|INDEX_TYPE=CPI|OVERLAP=OL|SCALE=0|SECURITY_CLASSIFICATION=PUB|TYPE_OF_TRANSFORMATION=IX|aggregation=quarterly_mean,\N,"{""comparison_period"": ""2021-Q4"", ""formula"": ""100 * (quarterly_mean_cpi / same_quarter_prior_year_mean_cpi - 1)"", ""source_cpi_series_code"": ""IMF|ACCESS_SHARING_LEVEL=PUBLIC_OPEN|COICOP_1999=_T|COMMON_REFERENCE_PERIOD=2025A|FREQUENCY=M|IFS_FLAG=true|INDEX_TYPE=CPI|OVERLAP=OL|SCALE=0|SECURITY_CLASSIFICATION=PUB|TYPE_OF_TRANSFORMATION=IX|aggregation=quarterly_mean""}"
SWE,inflation_consumer_prices_yoy_pct_quarterly_imf,2022-Q1,quarterly,4.648934412687944,\N,derived,IMF_CPI,derived_yoy:IMF|ACCESS_SHARING_LEVEL=PUBLIC_OPEN|COICOP_1999=_T|COMMON_REFERENCE_PERIOD=2020A|FREQUENCY=M|IFS_FLAG=true|INDEX_TYPE=CPI|OVERLAP=OL|SCALE=0|SECURITY_CLASSIFICATION=PUB|TYPE_OF_TRANSFORMATION=IX|aggregation=quarterly_mean,\N,"{""comparison_period"": ""2021-Q1"", ""formula"": ""100 * (quarterly_mean_cpi / same_quarter_prior_year_mean_cpi - 1)"", ""source_cpi_series_code"": ""IMF|ACCESS_SHARING_LEVEL=PUBLIC_OPEN|COICOP_1999=_T|COMMON_REFERENCE_PERIOD=2020A|FREQUENCY=M|IFS_FLAG=true|INDEX_TYPE=CPI|OVERLAP=OL|SCALE=0|SECURITY_CLASSIFICATION=PUB|TYPE_OF_TRANSFORMATION=IX|aggregation=quarterly_mean""}"
SWE,inflation_consumer_prices_yoy_pct_quarterly_imf,2022-Q2,quarterly,7.43964526194778,\N,derived,IMF_CPI,derived_yoy:IMF|ACCESS_SHARING_LEVEL=PUBLIC_OPEN|COICOP_1999=_T|COMMON_REFERENCE_PERIOD=2020A|FREQUENCY=M|IFS_FLAG=true|INDEX_TYPE=CPI|OVERLAP=OL|SCALE=0|SECURITY_CLASSIFICATION=PUB|TYPE_OF_TRANSFORMATION=IX|aggregation=quarterly_mean,\N,"{""comparison_period"": ""2021-Q2"", ""formula"": ""100 * (quarterly_mean_cpi / same_quarter_prior_year_mean_cpi - 1)"", ""source_cpi_series_code"": ""IMF|ACCESS_SHARING_LEVEL=PUBLIC_OPEN|COICOP_1999=_T|COMMON_REFERENCE_PERIOD=2020A|FREQUENCY=M|IFS_FLAG=true|INDEX_TYPE=CPI|OVERLAP=OL|SCALE=0|SECURITY_CLASSIFICATION=PUB|TYPE_OF_TRANSFORMATION=IX|aggregation=quarterly_mean""}"
SWE,inflation_consumer_prices_yoy_pct_quarterly_imf,2022-Q3,quarterly,9.726562500000014,\N,derived,IMF_CPI,derived_yoy:IMF|ACCESS_SHARING_LEVEL=PUBLIC_OPEN|COICOP_1999=_T|COMMON_REFERENCE_PERIOD=2020A|FREQUENCY=M|IFS_FLAG=true|INDEX_TYPE=CPI|OVERLAP=OL|SCALE=0|SECURITY_CLASSIFICATION=PUB|TYPE_OF_TRANSFORMATION=IX|aggregation=quarterly_mean,\N,"{""comparison_period"": ""2021-Q3"", ""formula"": ""100 * (quarterly_mean_cpi / same_quarter_prior_year_mean_cpi - 1)"", ""source_cpi_series_code"": ""IMF|ACCESS_SHARING_LEVEL=PUBLIC_OPEN|COICOP_1999=_T|COMMON_REFERENCE_PERIOD=2020A|FREQUENCY=M|IFS_FLAG=true|INDEX_TYPE=CPI|OVERLAP=OL|SCALE=0|SECURITY_CLASSIFICATION=PUB|TYPE_OF_TRANSFORMATION=IX|aggregation=quarterly_mean""}"
SWE,inflation_consumer_prices_yoy_pct_quarterly_imf,2022-Q4,quarterly,11.550678602367892,\N,derived,IMF_CPI,derived_yoy:IMF|ACCESS_SHARING_LEVEL=PUBLIC_OPEN|COICOP_1999=_T|COMMON_REFERENCE_PERIOD=2020A|FREQUENCY=M|IFS_FLAG=true|INDEX_TYPE=CPI|OVERLAP=OL|SCALE=0|SECURITY_CLASSIFICATION=PUB|TYPE_OF_TRANSFORMATION=IX|aggregation=quarterly_mean,\N,"{""comparison_period"": ""2021-Q4"", ""formula"": ""100 * (quarterly_mean_cpi / same_quarter_prior_year_mean_cpi - 1)"", ""source_cpi_series_code"": ""IMF|ACCESS_SHARING_LEVEL=PUBLIC_OPEN|COICOP_1999=_T|COMMON_REFERENCE_PERIOD=2020A|FREQUENCY=M|IFS_FLAG=true|INDEX_TYPE=CPI|OVERLAP=OL|SCALE=0|SECURITY_CLASSIFICATION=PUB|TYPE_OF_TRANSFORMATION=IX|aggregation=quarterly_mean""}"
SYC,inflation_consumer_prices_yoy_pct_quarterly_imf,2022-Q1,quarterly,3.019300592394414,\N,derived,IMF_CPI,derived_yoy:IMF|ACCESS_SHARING_LEVEL=PUBLIC_OPEN|COICOP_1999=_T|COMMON_REFERENCE_PERIOD=2014A|FREQUENCY=M|IFS_FLAG=true|INDEX_TYPE=CPI|OVERLAP=OL|SCALE=0|SECURITY_CLASSIFICATION=PUB|TYPE_OF_TRANSFORMATION=IX|aggregation=quarterly_mean,\N,"{""comparison_period"": ""2021-Q1"", ""formula"": ""100 * (quarterly_mean_cpi / same_quarter_prior_year_mean_cpi - 1)"", ""source_cpi_series_code"": ""IMF|ACCESS_SHARING_LEVEL=PUBLIC_OPEN|COICOP_1999=_T|COMMON_REFERENCE_PERIOD=2014A|FREQUENCY=M|IFS_FLAG=true|INDEX_TYPE=CPI|OVERLAP=OL|SCALE=0|SECURITY_CLASSIFICATION=PUB|TYPE_OF_TRANSFORMATION=IX|aggregation=quarterly_mean""}"
SYC,inflation_consumer_prices_yoy_pct_quarterly_imf,2022-Q2,quarterly,2.1138473094050036,\N,derived,IMF_CPI,derived_yoy:IMF|ACCESS_SHARING_LEVEL=PUBLIC_OPEN|COICOP_1999=_T|COMMON_REFERENCE_PERIOD=2014A|FREQUENCY=M|IFS_FLAG=true|INDEX_TYPE=CPI|OVERLAP=OL|SCALE=0|SECURITY_CLASSIFICATION=PUB|TYPE_OF_TRANSFORMATION=IX|aggregation=quarterly_mean,\N,"{""comparison_period"": ""2021-Q2"", ""formula"": ""100 * (quarterly_mean_cpi / same_quarter_prior_year_mean_cpi - 1)"", ""source_cpi_series_code"": ""IMF|ACCESS_SHARING_LEVEL=PUBLIC_OPEN|COICOP_1999=_T|COMMON_REFERENCE_PERIOD=2014A|FREQUENCY=M|IFS_FLAG=true|INDEX_TYPE=CPI|OVERLAP=OL|SCALE=0|SECURITY_CLASSIFICATION=PUB|TYPE_OF_TRANSFORMATION=IX|aggregation=quarterly_mean""}"
SYC,inflation_consumer_prices_yoy_pct_quarterly_imf,2022-Q3,quarterly,2.690535176749509,\N,derived,IMF_CPI,derived_yoy:IMF|ACCESS_SHARING_LEVEL=PUBLIC_OPEN|COICOP_1999=_T|COMMON_REFERENCE_PERIOD=2014A|FREQUENCY=M|IFS_FLAG=true|INDEX_TYPE=CPI|OVERLAP=OL|SCALE=0|SECURITY_CLASSIFICATION=PUB|TYPE_OF_TRANSFORMATION=IX|aggregation=quarterly_mean,\N,"{""comparison_period"": ""2021-Q3"", ""formula"": ""100 * (quarterly_mean_cpi / same_quarter_prior_year_mean_cpi - 1)"", ""source_cpi_series_code"": ""IMF|ACCESS_SHARING_LEVEL=PUBLIC_OPEN|COICOP_1999=_T|COMMON_REFERENCE_PERIOD=2014A|FREQUENCY=M|IFS_FLAG=true|INDEX_TYPE=CPI|OVERLAP=OL|SCALE=0|SECURITY_CLASSIFICATION=PUB|TYPE_OF_TRANSFORMATION=IX|aggregation=quarterly_mean""}"
SYC,inflation_consumer_prices_yoy_pct_quarterly_imf,2022-Q4,quarterly,2.6862578382399915,\N,derived,IMF_CPI,derived_yoy:IMF|ACCESS_SHARING_LEVEL=PUBLIC_OPEN|COICOP_1999=_T|COMMON_REFERENCE_PERIOD=2014A|FREQUENCY=M|IFS_FLAG=true|INDEX_TYPE=CPI|OVERLAP=OL|SCALE=0|SECURITY_CLASSIFICATION=PUB|TYPE_OF_TRANSFORMATION=IX|aggregation=quarterly_mean,\N,"{""comparison_period"": ""2021-Q4"", ""formula"": ""100 * (quarterly_mean_cpi / same_quarter_prior_year_mean_cpi - 1)"", ""source_cpi_series_code"": ""IMF|ACCESS_SHARING_LEVEL=PUBLIC_OPEN|COICOP_1999=_T|COMMON_REFERENCE_PERIOD=2014A|FREQUENCY=M|IFS_FLAG=true|INDEX_TYPE=CPI|OVERLAP=OL|SCALE=0|SECURITY_CLASSIFICATION=PUB|TYPE_OF_TRANSFORMATION=IX|aggregation=quarterly_mean""}"
TCD,inflation_consumer_prices_yoy_pct_quarterly_imf,2022-Q1,quarterly,2.5124069478908106,\N,derived,IMF_CPI,derived_yoy:IMF|ACCESS_SHARING_LEVEL=PUBLIC_OPEN|COICOP_1999=_T|COMMON_REFERENCE_PERIOD=2022A|FREQUENCY=M|IFS_FLAG=true|INDEX_TYPE=CPI|OVERLAP=OL|SCALE=0|SECURITY_CLASSIFICATION=PUB|TYPE_OF_TRANSFORMATION=IX|aggregation=quarterly_mean,\N,"{""comparison_period"": ""2021-Q1"", ""formula"": ""100 * (quarterly_mean_cpi / same_quarter_prior_year_mean_cpi - 1)"", ""source_cpi_series_code"": ""IMF|ACCESS_SHARING_LEVEL=PUBLIC_OPEN|COICOP_1999=_T|COMMON_REFERENCE_PERIOD=2022A|FREQUENCY=M|IFS_FLAG=true|INDEX_TYPE=CPI|OVERLAP=OL|SCALE=0|SECURITY_CLASSIFICATION=PUB|TYPE_OF_TRANSFORMATION=IX|aggregation=quarterly_mean""}"
TCD,inflation_consumer_prices_yoy_pct_quarterly_imf,2022-Q2,quarterly,4.721291501675284,\N,derived,IMF_CPI,derived_yoy:IMF|ACCESS_SHARING_LEVEL=PUBLIC_OPEN|COICOP_1999=_T|COMMON_REFERENCE_PERIOD=2022A|FREQUENCY=M|IFS_FLAG=true|INDEX_TYPE=CPI|OVERLAP=OL|SCALE=0|SECURITY_CLASSIFICATION=PUB|TYPE_OF_TRANSFORMATION=IX|aggregation=quarterly_mean,\N,"{""comparison_period"": ""2021-Q2"", ""formula"": ""100 * (quarterly_mean_cpi / same_quarter_prior_year_mean_cpi - 1)"", ""source_cpi_series_code"": ""IMF|ACCESS_SHARING_LEVEL=PUBLIC_OPEN|COICOP_1999=_T|COMMON_REFERENCE_PERIOD=2022A|FREQUENCY=M|IFS_FLAG=true|INDEX_TYPE=CPI|OVERLAP=OL|SCALE=0|SECURITY_CLASSIFICATION=PUB|TYPE_OF_TRANSFORMATION=IX|aggregation=quarterly_mean""}"
TCD,inflation_consumer_prices_yoy_pct_quarterly_imf,2022-Q3,quarterly,6.99216395418929,\N,derived,IMF_CPI,derived_yoy:IMF|ACCESS_SHARING_LEVEL=PUBLIC_OPEN|COICOP_1999=_T|COMMON_REFERENCE_PERIOD=2022A|FREQUENCY=M|IFS_FLAG=true|INDEX_TYPE=CPI|OVERLAP=OL|SCALE=0|SECURITY_CLASSIFICATION=PUB|TYPE_OF_TRANSFORMATION=IX|aggregation=quarterly_mean,\N,"{""comparison_period"": ""2021-Q3"", ""formula"": ""100 * (quarterly_mean_cpi / same_quarter_prior_year_mean_cpi - 1)"", ""source_cpi_series_code"": ""IMF|ACCESS_SHARING_LEVEL=PUBLIC_OPEN|COICOP_1999=_T|COMMON_REFERENCE_PERIOD=2022A|FREQUENCY=M|IFS_FLAG=true|INDEX_TYPE=CPI|OVERLAP=OL|SCALE=0|SECURITY_CLASSIFICATION=PUB|TYPE_OF_TRANSFORMATION=IX|aggregation=quarterly_mean""}"
TCD,inflation_consumer_prices_yoy_pct_quarterly_imf,2022-Q4,quarterly,8.865790278202358,\N,derived,IMF_CPI,derived_yoy:IMF|ACCESS_SHARING_LEVEL=PUBLIC_OPEN|COICOP_1999=_T|COMMON_REFERENCE_PERIOD=2022A|FREQUENCY=M|IFS_FLAG=true|INDEX_TYPE=CPI|OVERLAP=OL|SCALE=0|SECURITY_CLASSIFICATION=PUB|TYPE_OF_TRANSFORMATION=IX|aggregation=quarterly_mean,\N,"{""comparison_period"": ""2021-Q4"", ""formula"": ""100 * (quarterly_mean_cpi / same_quarter_prior_year_mean_cpi - 1)"", ""source_cpi_series_code"": ""IMF|ACCESS_SHARING_LEVEL=PUBLIC_OPEN|COICOP_1999=_T|COMMON_REFERENCE_PERIOD=2022A|FREQUENCY=M|IFS_FLAG=true|INDEX_TYPE=CPI|OVERLAP=OL|SCALE=0|SECURITY_CLASSIFICATION=PUB|TYPE_OF_TRANSFORMATION=IX|aggregation=quarterly_mean""}"
TGO,inflation_consumer_prices_yoy_pct_quarterly_imf,2022-Q1,quarterly,7.334421595068408,\N,derived,IMF_CPI,derived_yoy:IMF|ACCESS_SHARING_LEVEL=PUBLIC_OPEN|COICOP_1999=_T|COMMON_REFERENCE_PERIOD=2023A|FREQUENCY=M|IFS_FLAG=true|INDEX_TYPE=CPI|OVERLAP=OL|SCALE=0|SECURITY_CLASSIFICATION=PUB|TYPE_OF_TRANSFORMATION=IX|aggregation=quarterly_mean,\N,"{""comparison_period"": ""2021-Q1"", ""formula"": ""100 * (quarterly_mean_cpi / same_quarter_prior_year_mean_cpi - 1)"", ""source_cpi_series_code"": ""IMF|ACCESS_SHARING_LEVEL=PUBLIC_OPEN|COICOP_1999=_T|COMMON_REFERENCE_PERIOD=2023A|FREQUENCY=M|IFS_FLAG=true|INDEX_TYPE=CPI|OVERLAP=OL|SCALE=0|SECURITY_CLASSIFICATION=PUB|TYPE_OF_TRANSFORMATION=IX|aggregation=quarterly_mean""}"
TGO,inflation_consumer_prices_yoy_pct_quarterly_imf,2022-Q2,quarterly,9.319640595907241,\N,derived,IMF_CPI,derived_yoy:IMF|ACCESS_SHARING_LEVEL=PUBLIC_OPEN|COICOP_1999=_T|COMMON_REFERENCE_PERIOD=2023A|FREQUENCY=M|IFS_FLAG=true|INDEX_TYPE=CPI|OVERLAP=OL|SCALE=0|SECURITY_CLASSIFICATION=PUB|TYPE_OF_TRANSFORMATION=IX|aggregation=quarterly_mean,\N,"{""comparison_period"": ""2021-Q2"", ""formula"": ""100 * (quarterly_mean_cpi / same_quarter_prior_year_mean_cpi - 1)"", ""source_cpi_series_code"": ""IMF|ACCESS_SHARING_LEVEL=PUBLIC_OPEN|COICOP_1999=_T|COMMON_REFERENCE_PERIOD=2023A|FREQUENCY=M|IFS_FLAG=true|INDEX_TYPE=CPI|OVERLAP=OL|SCALE=0|SECURITY_CLASSIFICATION=PUB|TYPE_OF_TRANSFORMATION=IX|aggregation=quarterly_mean""}"
TGO,inflation_consumer_prices_yoy_pct_quarterly_imf,2022-Q3,quarterly,6.686574418794011,\N,derived,IMF_CPI,derived_yoy:IMF|ACCESS_SHARING_LEVEL=PUBLIC_OPEN|COICOP_1999=_T|COMMON_REFERENCE_PERIOD=2023A|FREQUENCY=M|IFS_FLAG=true|INDEX_TYPE=CPI|OVERLAP=OL|SCALE=0|SECURITY_CLASSIFICATION=PUB|TYPE_OF_TRANSFORMATION=IX|aggregation=quarterly_mean,\N,"{""comparison_period"": ""2021-Q3"", ""formula"": ""100 * (quarterly_mean_cpi / same_quarter_prior_year_mean_cpi - 1)"", ""source_cpi_series_code"": ""IMF|ACCESS_SHARING_LEVEL=PUBLIC_OPEN|COICOP_1999=_T|COMMON_REFERENCE_PERIOD=2023A|FREQUENCY=M|IFS_FLAG=true|INDEX_TYPE=CPI|OVERLAP=OL|SCALE=0|SECURITY_CLASSIFICATION=PUB|TYPE_OF_TRANSFORMATION=IX|aggregation=quarterly_mean""}"
TGO,inflation_consumer_prices_yoy_pct_quarterly_imf,2022-Q4,quarterly,8.553493412038948,\N,derived,IMF_CPI,derived_yoy:IMF|ACCESS_SHARING_LEVEL=PUBLIC_OPEN|COICOP_1999=_T|COMMON_REFERENCE_PERIOD=2023A|FREQUENCY=M|IFS_FLAG=true|INDEX_TYPE=CPI|OVERLAP=OL|SCALE=0|SECURITY_CLASSIFICATION=PUB|TYPE_OF_TRANSFORMATION=IX|aggregation=quarterly_mean,\N,"{""comparison_period"": ""2021-Q4"", ""formula"": ""100 * (quarterly_mean_cpi / same_quarter_prior_year_mean_cpi - 1)"", ""source_cpi_series_code"": ""IMF|ACCESS_SHARING_LEVEL=PUBLIC_OPEN|COICOP_1999=_T|COMMON_REFERENCE_PERIOD=2023A|FREQUENCY=M|IFS_FLAG=true|INDEX_TYPE=CPI|OVERLAP=OL|SCALE=0|SECURITY_CLASSIFICATION=PUB|TYPE_OF_TRANSFORMATION=IX|aggregation=quarterly_mean""}"
THA,inflation_consumer_prices_yoy_pct_quarterly_imf,2022-Q1,quarterly,4.745186043144645,\N,derived,IMF_CPI,derived_yoy:IMF|ACCESS_SHARING_LEVEL=PUBLIC_OPEN|COICOP_1999=_T|COMMON_REFERENCE_PERIOD=2023A|FREQUENCY=M|IFS_FLAG=true|INDEX_TYPE=CPI|OVERLAP=OL|SCALE=0|SECURITY_CLASSIFICATION=PUB|TYPE_OF_TRANSFORMATION=IX|aggregation=quarterly_mean,\N,"{""comparison_period"": ""2021-Q1"", ""formula"": ""100 * (quarterly_mean_cpi / same_quarter_prior_year_mean_cpi - 1)"", ""source_cpi_series_code"": ""IMF|ACCESS_SHARING_LEVEL=PUBLIC_OPEN|COICOP_1999=_T|COMMON_REFERENCE_PERIOD=2023A|FREQUENCY=M|IFS_FLAG=true|INDEX_TYPE=CPI|OVERLAP=OL|SCALE=0|SECURITY_CLASSIFICATION=PUB|TYPE_OF_TRANSFORMATION=IX|aggregation=quarterly_mean""}"
THA,inflation_consumer_prices_yoy_pct_quarterly_imf,2022-Q2,quarterly,6.4604218317703355,\N,derived,IMF_CPI,derived_yoy:IMF|ACCESS_SHARING_LEVEL=PUBLIC_OPEN|COICOP_1999=_T|COMMON_REFERENCE_PERIOD=2023A|FREQUENCY=M|IFS_FLAG=true|INDEX_TYPE=CPI|OVERLAP=OL|SCALE=0|SECURITY_CLASSIFICATION=PUB|TYPE_OF_TRANSFORMATION=IX|aggregation=quarterly_mean,\N,"{""comparison_period"": ""2021-Q2"", ""formula"": ""100 * (quarterly_mean_cpi / same_quarter_prior_year_mean_cpi - 1)"", ""source_cpi_series_code"": ""IMF|ACCESS_SHARING_LEVEL=PUBLIC_OPEN|COICOP_1999=_T|COMMON_REFERENCE_PERIOD=2023A|FREQUENCY=M|IFS_FLAG=true|INDEX_TYPE=CPI|OVERLAP=OL|SCALE=0|SECURITY_CLASSIFICATION=PUB|TYPE_OF_TRANSFORMATION=IX|aggregation=quarterly_mean""}"
THA,inflation_consumer_prices_yoy_pct_quarterly_imf,2022-Q3,quarterly,7.2841984513908775,\N,derived,IMF_CPI,derived_yoy:IMF|ACCESS_SHARING_LEVEL=PUBLIC_OPEN|COICOP_1999=_T|COMMON_REFERENCE_PERIOD=2023A|FREQUENCY=M|IFS_FLAG=true|INDEX_TYPE=CPI|OVERLAP=OL|SCALE=0|SECURITY_CLASSIFICATION=PUB|TYPE_OF_TRANSFORMATION=IX|aggregation=quarterly_mean,\N,"{""comparison_period"": ""2021-Q3"", ""formula"": ""100 * (quarterly_mean_cpi / same_quarter_prior_year_mean_cpi - 1)"", ""source_cpi_series_code"": ""IMF|ACCESS_SHARING_LEVEL=PUBLIC_OPEN|COICOP_1999=_T|COMMON_REFERENCE_PERIOD=2023A|FREQUENCY=M|IFS_FLAG=true|INDEX_TYPE=CPI|OVERLAP=OL|SCALE=0|SECURITY_CLASSIFICATION=PUB|TYPE_OF_TRANSFORMATION=IX|aggregation=quarterly_mean""}"
THA,inflation_consumer_prices_yoy_pct_quarterly_imf,2022-Q4,quarterly,5.806746954010822,\N,derived,IMF_CPI,derived_yoy:IMF|ACCESS_SHARING_LEVEL=PUBLIC_OPEN|COICOP_1999=_T|COMMON_REFERENCE_PERIOD=2023A|FREQUENCY=M|IFS_FLAG=true|INDEX_TYPE=CPI|OVERLAP=OL|SCALE=0|SECURITY_CLASSIFICATION=PUB|TYPE_OF_TRANSFORMATION=IX|aggregation=quarterly_mean,\N,"{""comparison_period"": ""2021-Q4"", ""formula"": ""100 * (quarterly_mean_cpi / same_quarter_prior_year_mean_cpi - 1)"", ""source_cpi_series_code"": ""IMF|ACCESS_SHARING_LEVEL=PUBLIC_OPEN|COICOP_1999=_T|COMMON_REFERENCE_PERIOD=2023A|FREQUENCY=M|IFS_FLAG=true|INDEX_TYPE=CPI|OVERLAP=OL|SCALE=0|SECURITY_CLASSIFICATION=PUB|TYPE_OF_TRANSFORMATION=IX|aggregation=quarterly_mean""}"
TJK,inflation_consumer_prices_yoy_pct_quarterly_imf,2022-Q1,quarterly,7.404222654699,\N,derived,IMF_CPI,derived_yoy:IMF|ACCESS_SHARING_LEVEL=PUBLIC_OPEN|COICOP_1999=_T|COMMON_REFERENCE_PERIOD=2010A|FREQUENCY=M|IFS_FLAG=true|INDEX_TYPE=CPI|OVERLAP=OL|SCALE=0|SECURITY_CLASSIFICATION=PUB|TYPE_OF_TRANSFORMATION=IX|aggregation=quarterly_mean,\N,"{""comparison_period"": ""2021-Q1"", ""formula"": ""100 * (quarterly_mean_cpi / same_quarter_prior_year_mean_cpi - 1)"", ""source_cpi_series_code"": ""IMF|ACCESS_SHARING_LEVEL=PUBLIC_OPEN|COICOP_1999=_T|COMMON_REFERENCE_PERIOD=2010A|FREQUENCY=M|IFS_FLAG=true|INDEX_TYPE=CPI|OVERLAP=OL|SCALE=0|SECURITY_CLASSIFICATION=PUB|TYPE_OF_TRANSFORMATION=IX|aggregation=quarterly_mean""}"
TJK,inflation_consumer_prices_yoy_pct_quarterly_imf,2022-Q2,quarterly,7.737781242187536,\N,derived,IMF_CPI,derived_yoy:IMF|ACCESS_SHARING_LEVEL=PUBLIC_OPEN|COICOP_1999=_T|COMMON_REFERENCE_PERIOD=2010A|FREQUENCY=M|IFS_FLAG=true|INDEX_TYPE=CPI|OVERLAP=OL|SCALE=0|SECURITY_CLASSIFICATION=PUB|TYPE_OF_TRANSFORMATION=IX|aggregation=quarterly_mean,\N,"{""comparison_period"": ""2021-Q2"", ""formula"": ""100 * (quarterly_mean_cpi / same_quarter_prior_year_mean_cpi - 1)"", ""source_cpi_series_code"": ""IMF|ACCESS_SHARING_LEVEL=PUBLIC_OPEN|COICOP_1999=_T|COMMON_REFERENCE_PERIOD=2010A|FREQUENCY=M|IFS_FLAG=true|INDEX_TYPE=CPI|OVERLAP=OL|SCALE=0|SECURITY_CLASSIFICATION=PUB|TYPE_OF_TRANSFORMATION=IX|aggregation=quarterly_mean""}"
TJK,inflation_consumer_prices_yoy_pct_quarterly_imf,2022-Q3,quarterly,6.798382693649496,\N,derived,IMF_CPI,derived_yoy:IMF|ACCESS_SHARING_LEVEL=PUBLIC_OPEN|COICOP_1999=_T|COMMON_REFERENCE_PERIOD=2010A|FREQUENCY=M|IFS_FLAG=true|INDEX_TYPE=CPI|OVERLAP=OL|SCALE=0|SECURITY_CLASSIFICATION=PUB|TYPE_OF_TRANSFORMATION=IX|aggregation=quarterly_mean,\N,"{""comparison_period"": ""2021-Q3"", ""formula"": ""100 * (quarterly_mean_cpi / same_quarter_prior_year_mean_cpi - 1)"", ""source_cpi_series_code"": ""IMF|ACCESS_SHARING_LEVEL=PUBLIC_OPEN|COICOP_1999=_T|COMMON_REFERENCE_PERIOD=2010A|FREQUENCY=M|IFS_FLAG=true|INDEX_TYPE=CPI|OVERLAP=OL|SCALE=0|SECURITY_CLASSIFICATION=PUB|TYPE_OF_TRANSFORMATION=IX|aggregation=quarterly_mean""}"
TJK,inflation_consumer_prices_yoy_pct_quarterly_imf,2022-Q4,quarterly,4.561683089391377,\N,derived,IMF_CPI,derived_yoy:IMF|ACCESS_SHARING_LEVEL=PUBLIC_OPEN|COICOP_1999=_T|COMMON_REFERENCE_PERIOD=2010A|FREQUENCY=M|IFS_FLAG=true|INDEX_TYPE=CPI|OVERLAP=OL|SCALE=0|SECURITY_CLASSIFICATION=PUB|TYPE_OF_TRANSFORMATION=IX|aggregation=quarterly_mean,\N,"{""comparison_period"": ""2021-Q4"", ""formula"": ""100 * (quarterly_mean_cpi / same_quarter_prior_year_mean_cpi - 1)"", ""source_cpi_series_code"": ""IMF|ACCESS_SHARING_LEVEL=PUBLIC_OPEN|COICOP_1999=_T|COMMON_REFERENCE_PERIOD=2010A|FREQUENCY=M|IFS_FLAG=true|INDEX_TYPE=CPI|OVERLAP=OL|SCALE=0|SECURITY_CLASSIFICATION=PUB|TYPE_OF_TRANSFORMATION=IX|aggregation=quarterly_mean""}"
TLS,inflation_consumer_prices_yoy_pct_quarterly_imf,2022-Q1,quarterly,5.705996131528046,\N,derived,IMF_CPI,derived_yoy:IMF|ACCESS_SHARING_LEVEL=PUBLIC_OPEN|COICOP_1999=_T|COMMON_REFERENCE_PERIOD=2018M8|FREQUENCY=M|IFS_FLAG=true|INDEX_TYPE=CPI|OVERLAP=OL|SCALE=0|SECURITY_CLASSIFICATION=PUB|TYPE_OF_TRANSFORMATION=IX|aggregation=quarterly_mean,\N,"{""comparison_period"": ""2021-Q1"", ""formula"": ""100 * (quarterly_mean_cpi / same_quarter_prior_year_mean_cpi - 1)"", ""source_cpi_series_code"": ""IMF|ACCESS_SHARING_LEVEL=PUBLIC_OPEN|COICOP_1999=_T|COMMON_REFERENCE_PERIOD=2018M8|FREQUENCY=M|IFS_FLAG=true|INDEX_TYPE=CPI|OVERLAP=OL|SCALE=0|SECURITY_CLASSIFICATION=PUB|TYPE_OF_TRANSFORMATION=IX|aggregation=quarterly_mean""}"
TLS,inflation_consumer_prices_yoy_pct_quarterly_imf,2022-Q2,quarterly,7.335662114957153,\N,derived,IMF_CPI,derived_yoy:IMF|ACCESS_SHARING_LEVEL=PUBLIC_OPEN|COICOP_1999=_T|COMMON_REFERENCE_PERIOD=2018M8|FREQUENCY=M|IFS_FLAG=true|INDEX_TYPE=CPI|OVERLAP=OL|SCALE=0|SECURITY_CLASSIFICATION=PUB|TYPE_OF_TRANSFORMATION=IX|aggregation=quarterly_mean,\N,"{""comparison_period"": ""2021-Q2"", ""formula"": ""100 * (quarterly_mean_cpi / same_quarter_prior_year_mean_cpi - 1)"", ""source_cpi_series_code"": ""IMF|ACCESS_SHARING_LEVEL=PUBLIC_OPEN|COICOP_1999=_T|COMMON_REFERENCE_PERIOD=2018M8|FREQUENCY=M|IFS_FLAG=true|INDEX_TYPE=CPI|OVERLAP=OL|SCALE=0|SECURITY_CLASSIFICATION=PUB|TYPE_OF_TRANSFORMATION=IX|aggregation=quarterly_mean""}"
TLS,inflation_consumer_prices_yoy_pct_quarterly_imf,2022-Q3,quarterly,7.964601769911517,\N,derived,IMF_CPI,derived_yoy:IMF|ACCESS_SHARING_LEVEL=PUBLIC_OPEN|COICOP_1999=_T|COMMON_REFERENCE_PERIOD=2018M8|FREQUENCY=M|IFS_FLAG=true|INDEX_TYPE=CPI|OVERLAP=OL|SCALE=0|SECURITY_CLASSIFICATION=PUB|TYPE_OF_TRANSFORMATION=IX|aggregation=quarterly_mean,\N,"{""comparison_period"": ""2021-Q3"", ""formula"": ""100 * (quarterly_mean_cpi / same_quarter_prior_year_mean_cpi - 1)"", ""source_cpi_series_code"": ""IMF|ACCESS_SHARING_LEVEL=PUBLIC_OPEN|COICOP_1999=_T|COMMON_REFERENCE_PERIOD=2018M8|FREQUENCY=M|IFS_FLAG=true|INDEX_TYPE=CPI|OVERLAP=OL|SCALE=0|SECURITY_CLASSIFICATION=PUB|TYPE_OF_TRANSFORMATION=IX|aggregation=quarterly_mean""}"
TLS,inflation_consumer_prices_yoy_pct_quarterly_imf,2022-Q4,quarterly,6.991260923845188,\N,derived,IMF_CPI,derived_yoy:IMF|ACCESS_SHARING_LEVEL=PUBLIC_OPEN|COICOP_1999=_T|COMMON_REFERENCE_PERIOD=2018M8|FREQUENCY=M|IFS_FLAG=true|INDEX_TYPE=CPI|OVERLAP=OL|SCALE=0|SECURITY_CLASSIFICATION=PUB|TYPE_OF_TRANSFORMATION=IX|aggregation=quarterly_mean,\N,"{""comparison_period"": ""2021-Q4"", ""formula"": ""100 * (quarterly_mean_cpi / same_quarter_prior_year_mean_cpi - 1)"", ""source_cpi_series_code"": ""IMF|ACCESS_SHARING_LEVEL=PUBLIC_OPEN|COICOP_1999=_T|COMMON_REFERENCE_PERIOD=2018M8|FREQUENCY=M|IFS_FLAG=true|INDEX_TYPE=CPI|OVERLAP=OL|SCALE=0|SECURITY_CLASSIFICATION=PUB|TYPE_OF_TRANSFORMATION=IX|aggregation=quarterly_mean""}"
TON,inflation_consumer_prices_yoy_pct_quarterly_imf,2022-Q1,quarterly,8.363047001620739,\N,derived,IMF_CPI,derived_yoy:IMF|ACCESS_SHARING_LEVEL=PUBLIC_OPEN|COICOP_1999=_T|COMMON_REFERENCE_PERIOD=2021M9|FREQUENCY=M|IFS_FLAG=true|INDEX_TYPE=CPI|OVERLAP=OL|SCALE=0|SECURITY_CLASSIFICATION=PUB|TYPE_OF_TRANSFORMATION=IX|aggregation=quarterly_mean,\N,"{""comparison_period"": ""2021-Q1"", ""formula"": ""100 * (quarterly_mean_cpi / same_quarter_prior_year_mean_cpi - 1)"", ""source_cpi_series_code"": ""IMF|ACCESS_SHARING_LEVEL=PUBLIC_OPEN|COICOP_1999=_T|COMMON_REFERENCE_PERIOD=2021M9|FREQUENCY=M|IFS_FLAG=true|INDEX_TYPE=CPI|OVERLAP=OL|SCALE=0|SECURITY_CLASSIFICATION=PUB|TYPE_OF_TRANSFORMATION=IX|aggregation=quarterly_mean""}"
TON,inflation_consumer_prices_yoy_pct_quarterly_imf,2022-Q2,quarterly,10.636942675159222,\N,derived,IMF_CPI,derived_yoy:IMF|ACCESS_SHARING_LEVEL=PUBLIC_OPEN|COICOP_1999=_T|COMMON_REFERENCE_PERIOD=2021M9|FREQUENCY=M|IFS_FLAG=true|INDEX_TYPE=CPI|OVERLAP=OL|SCALE=0|SECURITY_CLASSIFICATION=PUB|TYPE_OF_TRANSFORMATION=IX|aggregation=quarterly_mean,\N,"{""comparison_period"": ""2021-Q2"", ""formula"": ""100 * (quarterly_mean_cpi / same_quarter_prior_year_mean_cpi - 1)"", ""source_cpi_series_code"": ""IMF|ACCESS_SHARING_LEVEL=PUBLIC_OPEN|COICOP_1999=_T|COMMON_REFERENCE_PERIOD=2021M9|FREQUENCY=M|IFS_FLAG=true|INDEX_TYPE=CPI|OVERLAP=OL|SCALE=0|SECURITY_CLASSIFICATION=PUB|TYPE_OF_TRANSFORMATION=IX|aggregation=quarterly_mean""}"
TON,inflation_consumer_prices_yoy_pct_quarterly_imf,2022-Q3,quarterly,13.646391427670945,\N,derived,IMF_CPI,derived_yoy:IMF|ACCESS_SHARING_LEVEL=PUBLIC_OPEN|COICOP_1999=_T|COMMON_REFERENCE_PERIOD=2021M9|FREQUENCY=M|IFS_FLAG=true|INDEX_TYPE=CPI|OVERLAP=OL|SCALE=0|SECURITY_CLASSIFICATION=PUB|TYPE_OF_TRANSFORMATION=IX|aggregation=quarterly_mean,\N,"{""comparison_period"": ""2021-Q3"", ""formula"": ""100 * (quarterly_mean_cpi / same_quarter_prior_year_mean_cpi - 1)"", ""source_cpi_series_code"": ""IMF|ACCESS_SHARING_LEVEL=PUBLIC_OPEN|COICOP_1999=_T|COMMON_REFERENCE_PERIOD=2021M9|FREQUENCY=M|IFS_FLAG=true|INDEX_TYPE=CPI|OVERLAP=OL|SCALE=0|SECURITY_CLASSIFICATION=PUB|TYPE_OF_TRANSFORMATION=IX|aggregation=quarterly_mean""}"
TON,inflation_consumer_prices_yoy_pct_quarterly_imf,2022-Q4,quarterly,11.159062885326708,\N,derived,IMF_CPI,derived_yoy:IMF|ACCESS_SHARING_LEVEL=PUBLIC_OPEN|COICOP_1999=_T|COMMON_REFERENCE_PERIOD=2021M9|FREQUENCY=M|IFS_FLAG=true|INDEX_TYPE=CPI|OVERLAP=OL|SCALE=0|SECURITY_CLASSIFICATION=PUB|TYPE_OF_TRANSFORMATION=IX|aggregation=quarterly_mean,\N,"{""comparison_period"": ""2021-Q4"", ""formula"": ""100 * (quarterly_mean_cpi / same_quarter_prior_year_mean_cpi - 1)"", ""source_cpi_series_code"": ""IMF|ACCESS_SHARING_LEVEL=PUBLIC_OPEN|COICOP_1999=_T|COMMON_REFERENCE_PERIOD=2021M9|FREQUENCY=M|IFS_FLAG=true|INDEX_TYPE=CPI|OVERLAP=OL|SCALE=0|SECURITY_CLASSIFICATION=PUB|TYPE_OF_TRANSFORMATION=IX|aggregation=quarterly_mean""}"
TTO,inflation_consumer_prices_yoy_pct_quarterly_imf,2022-Q1,quarterly,4.035194174757262,\N,derived,IMF_CPI,derived_yoy:IMF|ACCESS_SHARING_LEVEL=PUBLIC_OPEN|COICOP_1999=_T|COMMON_REFERENCE_PERIOD=2015M1|FREQUENCY=M|IFS_FLAG=true|INDEX_TYPE=CPI|OVERLAP=OL|SCALE=0|SECURITY_CLASSIFICATION=PUB|TYPE_OF_TRANSFORMATION=IX|aggregation=quarterly_mean,\N,"{""comparison_period"": ""2021-Q1"", ""formula"": ""100 * (quarterly_mean_cpi / same_quarter_prior_year_mean_cpi - 1)"", ""source_cpi_series_code"": ""IMF|ACCESS_SHARING_LEVEL=PUBLIC_OPEN|COICOP_1999=_T|COMMON_REFERENCE_PERIOD=2015M1|FREQUENCY=M|IFS_FLAG=true|INDEX_TYPE=CPI|OVERLAP=OL|SCALE=0|SECURITY_CLASSIFICATION=PUB|TYPE_OF_TRANSFORMATION=IX|aggregation=quarterly_mean""}"
TTO,inflation_consumer_prices_yoy_pct_quarterly_imf,2022-Q2,quarterly,4.945717732207466,\N,derived,IMF_CPI,derived_yoy:IMF|ACCESS_SHARING_LEVEL=PUBLIC_OPEN|COICOP_1999=_T|COMMON_REFERENCE_PERIOD=2015M1|FREQUENCY=M|IFS_FLAG=true|INDEX_TYPE=CPI|OVERLAP=OL|SCALE=0|SECURITY_CLASSIFICATION=PUB|TYPE_OF_TRANSFORMATION=IX|aggregation=quarterly_mean,\N,"{""comparison_period"": ""2021-Q2"", ""formula"": ""100 * (quarterly_mean_cpi / same_quarter_prior_year_mean_cpi - 1)"", ""source_cpi_series_code"": ""IMF|ACCESS_SHARING_LEVEL=PUBLIC_OPEN|COICOP_1999=_T|COMMON_REFERENCE_PERIOD=2015M1|FREQUENCY=M|IFS_FLAG=true|INDEX_TYPE=CPI|OVERLAP=OL|SCALE=0|SECURITY_CLASSIFICATION=PUB|TYPE_OF_TRANSFORMATION=IX|aggregation=quarterly_mean""}"
TTO,inflation_consumer_prices_yoy_pct_quarterly_imf,2022-Q3,quarterly,6.12521562683459,\N,derived,IMF_CPI,derived_yoy:IMF|ACCESS_SHARING_LEVEL=PUBLIC_OPEN|COICOP_1999=_T|COMMON_REFERENCE_PERIOD=2015M1|FREQUENCY=M|IFS_FLAG=true|INDEX_TYPE=CPI|OVERLAP=OL|SCALE=0|SECURITY_CLASSIFICATION=PUB|TYPE_OF_TRANSFORMATION=IX|aggregation=quarterly_mean,\N,"{""comparison_period"": ""2021-Q3"", ""formula"": ""100 * (quarterly_mean_cpi / same_quarter_prior_year_mean_cpi - 1)"", ""source_cpi_series_code"": ""IMF|ACCESS_SHARING_LEVEL=PUBLIC_OPEN|COICOP_1999=_T|COMMON_REFERENCE_PERIOD=2015M1|FREQUENCY=M|IFS_FLAG=true|INDEX_TYPE=CPI|OVERLAP=OL|SCALE=0|SECURITY_CLASSIFICATION=PUB|TYPE_OF_TRANSFORMATION=IX|aggregation=quarterly_mean""}"
TTO,inflation_consumer_prices_yoy_pct_quarterly_imf,2022-Q4,quarterly,8.130319929556794,\N,derived,IMF_CPI,derived_yoy:IMF|ACCESS_SHARING_LEVEL=PUBLIC_OPEN|COICOP_1999=_T|COMMON_REFERENCE_PERIOD=2015M1|FREQUENCY=M|IFS_FLAG=true|INDEX_TYPE=CPI|OVERLAP=OL|SCALE=0|SECURITY_CLASSIFICATION=PUB|TYPE_OF_TRANSFORMATION=IX|aggregation=quarterly_mean,\N,"{""comparison_period"": ""2021-Q4"", ""formula"": ""100 * (quarterly_mean_cpi / same_quarter_prior_year_mean_cpi - 1)"", ""source_cpi_series_code"": ""IMF|ACCESS_SHARING_LEVEL=PUBLIC_OPEN|COICOP_1999=_T|COMMON_REFERENCE_PERIOD=2015M1|FREQUENCY=M|IFS_FLAG=true|INDEX_TYPE=CPI|OVERLAP=OL|SCALE=0|SECURITY_CLASSIFICATION=PUB|TYPE_OF_TRANSFORMATION=IX|aggregation=quarterly_mean""}"
TUN,inflation_consumer_prices_yoy_pct_quarterly_imf,2022-Q1,quarterly,6.972747360667819,\N,derived,IMF_CPI,derived_yoy:IMF|ACCESS_SHARING_LEVEL=PUBLIC_OPEN|COICOP_1999=_T|COMMON_REFERENCE_PERIOD=2015A|FREQUENCY=M|IFS_FLAG=true|INDEX_TYPE=CPI|OVERLAP=OL|SCALE=0|SECURITY_CLASSIFICATION=PUB|TYPE_OF_TRANSFORMATION=IX|aggregation=quarterly_mean,\N,"{""comparison_period"": ""2021-Q1"", ""formula"": ""100 * (quarterly_mean_cpi / same_quarter_prior_year_mean_cpi - 1)"", ""source_cpi_series_code"": ""IMF|ACCESS_SHARING_LEVEL=PUBLIC_OPEN|COICOP_1999=_T|COMMON_REFERENCE_PERIOD=2015A|FREQUENCY=M|IFS_FLAG=true|INDEX_TYPE=CPI|OVERLAP=OL|SCALE=0|SECURITY_CLASSIFICATION=PUB|TYPE_OF_TRANSFORMATION=IX|aggregation=quarterly_mean""}"
TUN,inflation_consumer_prices_yoy_pct_quarterly_imf,2022-Q2,quarterly,7.792207792207795,\N,derived,IMF_CPI,derived_yoy:IMF|ACCESS_SHARING_LEVEL=PUBLIC_OPEN|COICOP_1999=_T|COMMON_REFERENCE_PERIOD=2015A|FREQUENCY=M|IFS_FLAG=true|INDEX_TYPE=CPI|OVERLAP=OL|SCALE=0|SECURITY_CLASSIFICATION=PUB|TYPE_OF_TRANSFORMATION=IX|aggregation=quarterly_mean,\N,"{""comparison_period"": ""2021-Q2"", ""formula"": ""100 * (quarterly_mean_cpi / same_quarter_prior_year_mean_cpi - 1)"", ""source_cpi_series_code"": ""IMF|ACCESS_SHARING_LEVEL=PUBLIC_OPEN|COICOP_1999=_T|COMMON_REFERENCE_PERIOD=2015A|FREQUENCY=M|IFS_FLAG=true|INDEX_TYPE=CPI|OVERLAP=OL|SCALE=0|SECURITY_CLASSIFICATION=PUB|TYPE_OF_TRANSFORMATION=IX|aggregation=quarterly_mean""}"
TUN,inflation_consumer_prices_yoy_pct_quarterly_imf,2022-Q3,quarterly,8.664772727272751,\N,derived,IMF_CPI,derived_yoy:IMF|ACCESS_SHARING_LEVEL=PUBLIC_OPEN|COICOP_1999=_T|COMMON_REFERENCE_PERIOD=2015A|FREQUENCY=M|IFS_FLAG=true|INDEX_TYPE=CPI|OVERLAP=OL|SCALE=0|SECURITY_CLASSIFICATION=PUB|TYPE_OF_TRANSFORMATION=IX|aggregation=quarterly_mean,\N,"{""comparison_period"": ""2021-Q3"", ""formula"": ""100 * (quarterly_mean_cpi / same_quarter_prior_year_mean_cpi - 1)"", ""source_cpi_series_code"": ""IMF|ACCESS_SHARING_LEVEL=PUBLIC_OPEN|COICOP_1999=_T|COMMON_REFERENCE_PERIOD=2015A|FREQUENCY=M|IFS_FLAG=true|INDEX_TYPE=CPI|OVERLAP=OL|SCALE=0|SECURITY_CLASSIFICATION=PUB|TYPE_OF_TRANSFORMATION=IX|aggregation=quarterly_mean""}"
TUN,inflation_consumer_prices_yoy_pct_quarterly_imf,2022-Q4,quarterly,9.718014448846436,\N,derived,IMF_CPI,derived_yoy:IMF|ACCESS_SHARING_LEVEL=PUBLIC_OPEN|COICOP_1999=_T|COMMON_REFERENCE_PERIOD=2015A|FREQUENCY=M|IFS_FLAG=true|INDEX_TYPE=CPI|OVERLAP=OL|SCALE=0|SECURITY_CLASSIFICATION=PUB|TYPE_OF_TRANSFORMATION=IX|aggregation=quarterly_mean,\N,"{""comparison_period"": ""2021-Q4"", ""formula"": ""100 * (quarterly_mean_cpi / same_quarter_prior_year_mean_cpi - 1)"", ""source_cpi_series_code"": ""IMF|ACCESS_SHARING_LEVEL=PUBLIC_OPEN|COICOP_1999=_T|COMMON_REFERENCE_PERIOD=2015A|FREQUENCY=M|IFS_FLAG=true|INDEX_TYPE=CPI|OVERLAP=OL|SCALE=0|SECURITY_CLASSIFICATION=PUB|TYPE_OF_TRANSFORMATION=IX|aggregation=quarterly_mean""}"
TUR,inflation_consumer_prices_yoy_pct_quarterly_imf,2022-Q1,quarterly,54.79901185795028,\N,derived,IMF_CPI,derived_yoy:IMF|ACCESS_SHARING_LEVEL=PUBLIC_OPEN|COICOP_1999=_T|COMMON_REFERENCE_PERIOD=2025A|FREQUENCY=M|IFS_FLAG=true|INDEX_TYPE=CPI|OVERLAP=OL|SCALE=0|SECURITY_CLASSIFICATION=PUB|TYPE_OF_TRANSFORMATION=IX|aggregation=quarterly_mean,\N,"{""comparison_period"": ""2021-Q1"", ""formula"": ""100 * (quarterly_mean_cpi / same_quarter_prior_year_mean_cpi - 1)"", ""source_cpi_series_code"": ""IMF|ACCESS_SHARING_LEVEL=PUBLIC_OPEN|COICOP_1999=_T|COMMON_REFERENCE_PERIOD=2025A|FREQUENCY=M|IFS_FLAG=true|INDEX_TYPE=CPI|OVERLAP=OL|SCALE=0|SECURITY_CLASSIFICATION=PUB|TYPE_OF_TRANSFORMATION=IX|aggregation=quarterly_mean""}"
TUR,inflation_consumer_prices_yoy_pct_quarterly_imf,2022-Q2,quarterly,74.06994618918132,\N,derived,IMF_CPI,derived_yoy:IMF|ACCESS_SHARING_LEVEL=PUBLIC_OPEN|COICOP_1999=_T|COMMON_REFERENCE_PERIOD=2025A|FREQUENCY=M|IFS_FLAG=true|INDEX_TYPE=CPI|OVERLAP=OL|SCALE=0|SECURITY_CLASSIFICATION=PUB|TYPE_OF_TRANSFORMATION=IX|aggregation=quarterly_mean,\N,"{""comparison_period"": ""2021-Q2"", ""formula"": ""100 * (quarterly_mean_cpi / same_quarter_prior_year_mean_cpi - 1)"", ""source_cpi_series_code"": ""IMF|ACCESS_SHARING_LEVEL=PUBLIC_OPEN|COICOP_1999=_T|COMMON_REFERENCE_PERIOD=2025A|FREQUENCY=M|IFS_FLAG=true|INDEX_TYPE=CPI|OVERLAP=OL|SCALE=0|SECURITY_CLASSIFICATION=PUB|TYPE_OF_TRANSFORMATION=IX|aggregation=quarterly_mean""}"
TUR,inflation_consumer_prices_yoy_pct_quarterly_imf,2022-Q3,quarterly,81.1027437434644,\N,derived,IMF_CPI,derived_yoy:IMF|ACCESS_SHARING_LEVEL=PUBLIC_OPEN|COICOP_1999=_T|COMMON_REFERENCE_PERIOD=2025A|FREQUENCY=M|IFS_FLAG=true|INDEX_TYPE=CPI|OVERLAP=OL|SCALE=0|SECURITY_CLASSIFICATION=PUB|TYPE_OF_TRANSFORMATION=IX|aggregation=quarterly_mean,\N,"{""comparison_period"": ""2021-Q3"", ""formula"": ""100 * (quarterly_mean_cpi / same_quarter_prior_year_mean_cpi - 1)"", ""source_cpi_series_code"": ""IMF|ACCESS_SHARING_LEVEL=PUBLIC_OPEN|COICOP_1999=_T|COMMON_REFERENCE_PERIOD=2025A|FREQUENCY=M|IFS_FLAG=true|INDEX_TYPE=CPI|OVERLAP=OL|SCALE=0|SECURITY_CLASSIFICATION=PUB|TYPE_OF_TRANSFORMATION=IX|aggregation=quarterly_mean""}"
TUR,inflation_consumer_prices_yoy_pct_quarterly_imf,2022-Q4,quarterly,77.37285984500141,\N,derived,IMF_CPI,derived_yoy:IMF|ACCESS_SHARING_LEVEL=PUBLIC_OPEN|COICOP_1999=_T|COMMON_REFERENCE_PERIOD=2025A|FREQUENCY=M|IFS_FLAG=true|INDEX_TYPE=CPI|OVERLAP=OL|SCALE=0|SECURITY_CLASSIFICATION=PUB|TYPE_OF_TRANSFORMATION=IX|aggregation=quarterly_mean,\N,"{""comparison_period"": ""2021-Q4"", ""formula"": ""100 * (quarterly_mean_cpi / same_quarter_prior_year_mean_cpi - 1)"", ""source_cpi_series_code"": ""IMF|ACCESS_SHARING_LEVEL=PUBLIC_OPEN|COICOP_1999=_T|COMMON_REFERENCE_PERIOD=2025A|FREQUENCY=M|IFS_FLAG=true|INDEX_TYPE=CPI|OVERLAP=OL|SCALE=0|SECURITY_CLASSIFICATION=PUB|TYPE_OF_TRANSFORMATION=IX|aggregation=quarterly_mean""}"
TZA,inflation_consumer_prices_yoy_pct_quarterly_imf,2022-Q1,quarterly,3.741297416878142,\N,derived,IMF_CPI,derived_yoy:IMF|ACCESS_SHARING_LEVEL=PUBLIC_OPEN|COICOP_1999=_T|COMMON_REFERENCE_PERIOD=2020A|FREQUENCY=M|IFS_FLAG=true|INDEX_TYPE=CPI|OVERLAP=OL|SCALE=0|SECURITY_CLASSIFICATION=PUB|TYPE_OF_TRANSFORMATION=IX|aggregation=quarterly_mean,\N,"{""comparison_period"": ""2021-Q1"", ""formula"": ""100 * (quarterly_mean_cpi / same_quarter_prior_year_mean_cpi - 1)"", ""source_cpi_series_code"": ""IMF|ACCESS_SHARING_LEVEL=PUBLIC_OPEN|COICOP_1999=_T|COMMON_REFERENCE_PERIOD=2020A|FREQUENCY=M|IFS_FLAG=true|INDEX_TYPE=CPI|OVERLAP=OL|SCALE=0|SECURITY_CLASSIFICATION=PUB|TYPE_OF_TRANSFORMATION=IX|aggregation=quarterly_mean""}"
TZA,inflation_consumer_prices_yoy_pct_quarterly_imf,2022-Q2,quarterly,4.0835920248343704,\N,derived,IMF_CPI,derived_yoy:IMF|ACCESS_SHARING_LEVEL=PUBLIC_OPEN|COICOP_1999=_T|COMMON_REFERENCE_PERIOD=2020A|FREQUENCY=M|IFS_FLAG=true|INDEX_TYPE=CPI|OVERLAP=OL|SCALE=0|SECURITY_CLASSIFICATION=PUB|TYPE_OF_TRANSFORMATION=IX|aggregation=quarterly_mean,\N,"{""comparison_period"": ""2021-Q2"", ""formula"": ""100 * (quarterly_mean_cpi / same_quarter_prior_year_mean_cpi - 1)"", ""source_cpi_series_code"": ""IMF|ACCESS_SHARING_LEVEL=PUBLIC_OPEN|COICOP_1999=_T|COMMON_REFERENCE_PERIOD=2020A|FREQUENCY=M|IFS_FLAG=true|INDEX_TYPE=CPI|OVERLAP=OL|SCALE=0|SECURITY_CLASSIFICATION=PUB|TYPE_OF_TRANSFORMATION=IX|aggregation=quarterly_mean""}"
TZA,inflation_consumer_prices_yoy_pct_quarterly_imf,2022-Q3,quarterly,4.675624539011647,\N,derived,IMF_CPI,derived_yoy:IMF|ACCESS_SHARING_LEVEL=PUBLIC_OPEN|COICOP_1999=_T|COMMON_REFERENCE_PERIOD=2020A|FREQUENCY=M|IFS_FLAG=true|INDEX_TYPE=CPI|OVERLAP=OL|SCALE=0|SECURITY_CLASSIFICATION=PUB|TYPE_OF_TRANSFORMATION=IX|aggregation=quarterly_mean,\N,"{""comparison_period"": ""2021-Q3"", ""formula"": ""100 * (quarterly_mean_cpi / same_quarter_prior_year_mean_cpi - 1)"", ""source_cpi_series_code"": ""IMF|ACCESS_SHARING_LEVEL=PUBLIC_OPEN|COICOP_1999=_T|COMMON_REFERENCE_PERIOD=2020A|FREQUENCY=M|IFS_FLAG=true|INDEX_TYPE=CPI|OVERLAP=OL|SCALE=0|SECURITY_CLASSIFICATION=PUB|TYPE_OF_TRANSFORMATION=IX|aggregation=quarterly_mean""}"
TZA,inflation_consumer_prices_yoy_pct_quarterly_imf,2022-Q4,quarterly,4.891078340424171,\N,derived,IMF_CPI,derived_yoy:IMF|ACCESS_SHARING_LEVEL=PUBLIC_OPEN|COICOP_1999=_T|COMMON_REFERENCE_PERIOD=2020A|FREQUENCY=M|IFS_FLAG=true|INDEX_TYPE=CPI|OVERLAP=OL|SCALE=0|SECURITY_CLASSIFICATION=PUB|TYPE_OF_TRANSFORMATION=IX|aggregation=quarterly_mean,\N,"{""comparison_period"": ""2021-Q4"", ""formula"": ""100 * (quarterly_mean_cpi / same_quarter_prior_year_mean_cpi - 1)"", ""source_cpi_series_code"": ""IMF|ACCESS_SHARING_LEVEL=PUBLIC_OPEN|COICOP_1999=_T|COMMON_REFERENCE_PERIOD=2020A|FREQUENCY=M|IFS_FLAG=true|INDEX_TYPE=CPI|OVERLAP=OL|SCALE=0|SECURITY_CLASSIFICATION=PUB|TYPE_OF_TRANSFORMATION=IX|aggregation=quarterly_mean""}"
UGA,inflation_consumer_prices_yoy_pct_quarterly_imf,2022-Q1,quarterly,3.211001974479566,\N,derived,IMF_CPI,derived_yoy:IMF|ACCESS_SHARING_LEVEL=PUBLIC_OPEN|COICOP_1999=_T|COMMON_REFERENCE_PERIOD=2016/2017|FREQUENCY=M|IFS_FLAG=true|INDEX_TYPE=CPI|OVERLAP=OL|SCALE=0|SECURITY_CLASSIFICATION=PUB|TYPE_OF_TRANSFORMATION=IX|aggregation=quarterly_mean,\N,"{""comparison_period"": ""2021-Q1"", ""formula"": ""100 * (quarterly_mean_cpi / same_quarter_prior_year_mean_cpi - 1)"", ""source_cpi_series_code"": ""IMF|ACCESS_SHARING_LEVEL=PUBLIC_OPEN|COICOP_1999=_T|COMMON_REFERENCE_PERIOD=2016/2017|FREQUENCY=M|IFS_FLAG=true|INDEX_TYPE=CPI|OVERLAP=OL|SCALE=0|SECURITY_CLASSIFICATION=PUB|TYPE_OF_TRANSFORMATION=IX|aggregation=quarterly_mean""}"
UGA,inflation_consumer_prices_yoy_pct_quarterly_imf,2022-Q2,quarterly,5.996974465058624,\N,derived,IMF_CPI,derived_yoy:IMF|ACCESS_SHARING_LEVEL=PUBLIC_OPEN|COICOP_1999=_T|COMMON_REFERENCE_PERIOD=2016/2017|FREQUENCY=M|IFS_FLAG=true|INDEX_TYPE=CPI|OVERLAP=OL|SCALE=0|SECURITY_CLASSIFICATION=PUB|TYPE_OF_TRANSFORMATION=IX|aggregation=quarterly_mean,\N,"{""comparison_period"": ""2021-Q2"", ""formula"": ""100 * (quarterly_mean_cpi / same_quarter_prior_year_mean_cpi - 1)"", ""source_cpi_series_code"": ""IMF|ACCESS_SHARING_LEVEL=PUBLIC_OPEN|COICOP_1999=_T|COMMON_REFERENCE_PERIOD=2016/2017|FREQUENCY=M|IFS_FLAG=true|INDEX_TYPE=CPI|OVERLAP=OL|SCALE=0|SECURITY_CLASSIFICATION=PUB|TYPE_OF_TRANSFORMATION=IX|aggregation=quarterly_mean""}"
UGA,inflation_consumer_prices_yoy_pct_quarterly_imf,2022-Q3,quarterly,8.980245812255339,\N,derived,IMF_CPI,derived_yoy:IMF|ACCESS_SHARING_LEVEL=PUBLIC_OPEN|COICOP_1999=_T|COMMON_REFERENCE_PERIOD=2016/2017|FREQUENCY=M|IFS_FLAG=true|INDEX_TYPE=CPI|OVERLAP=OL|SCALE=0|SECURITY_CLASSIFICATION=PUB|TYPE_OF_TRANSFORMATION=IX|aggregation=quarterly_mean,\N,"{""comparison_period"": ""2021-Q3"", ""formula"": ""100 * (quarterly_mean_cpi / same_quarter_prior_year_mean_cpi - 1)"", ""source_cpi_series_code"": ""IMF|ACCESS_SHARING_LEVEL=PUBLIC_OPEN|COICOP_1999=_T|COMMON_REFERENCE_PERIOD=2016/2017|FREQUENCY=M|IFS_FLAG=true|INDEX_TYPE=CPI|OVERLAP=OL|SCALE=0|SECURITY_CLASSIFICATION=PUB|TYPE_OF_TRANSFORMATION=IX|aggregation=quarterly_mean""}"
UGA,inflation_consumer_prices_yoy_pct_quarterly_imf,2022-Q4,quarterly,10.508471182178125,\N,derived,IMF_CPI,derived_yoy:IMF|ACCESS_SHARING_LEVEL=PUBLIC_OPEN|COICOP_1999=_T|COMMON_REFERENCE_PERIOD=2016/2017|FREQUENCY=M|IFS_FLAG=true|INDEX_TYPE=CPI|OVERLAP=OL|SCALE=0|SECURITY_CLASSIFICATION=PUB|TYPE_OF_TRANSFORMATION=IX|aggregation=quarterly_mean,\N,"{""comparison_period"": ""2021-Q4"", ""formula"": ""100 * (quarterly_mean_cpi / same_quarter_prior_year_mean_cpi - 1)"", ""source_cpi_series_code"": ""IMF|ACCESS_SHARING_LEVEL=PUBLIC_OPEN|COICOP_1999=_T|COMMON_REFERENCE_PERIOD=2016/2017|FREQUENCY=M|IFS_FLAG=true|INDEX_TYPE=CPI|OVERLAP=OL|SCALE=0|SECURITY_CLASSIFICATION=PUB|TYPE_OF_TRANSFORMATION=IX|aggregation=quarterly_mean""}"
UKR,inflation_consumer_prices_yoy_pct_quarterly_imf,2022-Q1,quarterly,11.488014473089091,\N,derived,IMF_CPI,derived_yoy:IMF|ACCESS_SHARING_LEVEL=PUBLIC_OPEN|COICOP_1999=_T|COMMON_REFERENCE_PERIOD=2010M12|FREQUENCY=M|IFS_FLAG=true|INDEX_TYPE=CPI|OVERLAP=OL|SCALE=0|SECURITY_CLASSIFICATION=PUB|TYPE_OF_TRANSFORMATION=IX|aggregation=quarterly_mean,\N,"{""comparison_period"": ""2021-Q1"", ""formula"": ""100 * (quarterly_mean_cpi / same_quarter_prior_year_mean_cpi - 1)"", ""source_cpi_series_code"": ""IMF|ACCESS_SHARING_LEVEL=PUBLIC_OPEN|COICOP_1999=_T|COMMON_REFERENCE_PERIOD=2010M12|FREQUENCY=M|IFS_FLAG=true|INDEX_TYPE=CPI|OVERLAP=OL|SCALE=0|SECURITY_CLASSIFICATION=PUB|TYPE_OF_TRANSFORMATION=IX|aggregation=quarterly_mean""}"
UKR,inflation_consumer_prices_yoy_pct_quarterly_imf,2022-Q2,quarterly,18.651315789473678,\N,derived,IMF_CPI,derived_yoy:IMF|ACCESS_SHARING_LEVEL=PUBLIC_OPEN|COICOP_1999=_T|COMMON_REFERENCE_PERIOD=2010M12|FREQUENCY=M|IFS_FLAG=true|INDEX_TYPE=CPI|OVERLAP=OL|SCALE=0|SECURITY_CLASSIFICATION=PUB|TYPE_OF_TRANSFORMATION=IX|aggregation=quarterly_mean,\N,"{""comparison_period"": ""2021-Q2"", ""formula"": ""100 * (quarterly_mean_cpi / same_quarter_prior_year_mean_cpi - 1)"", ""source_cpi_series_code"": ""IMF|ACCESS_SHARING_LEVEL=PUBLIC_OPEN|COICOP_1999=_T|COMMON_REFERENCE_PERIOD=2010M12|FREQUENCY=M|IFS_FLAG=true|INDEX_TYPE=CPI|OVERLAP=OL|SCALE=0|SECURITY_CLASSIFICATION=PUB|TYPE_OF_TRANSFORMATION=IX|aggregation=quarterly_mean""}"
UKR,inflation_consumer_prices_yoy_pct_quarterly_imf,2022-Q3,quarterly,23.530689842476903,\N,derived,IMF_CPI,derived_yoy:IMF|ACCESS_SHARING_LEVEL=PUBLIC_OPEN|COICOP_1999=_T|COMMON_REFERENCE_PERIOD=2010M12|FREQUENCY=M|IFS_FLAG=true|INDEX_TYPE=CPI|OVERLAP=OL|SCALE=0|SECURITY_CLASSIFICATION=PUB|TYPE_OF_TRANSFORMATION=IX|aggregation=quarterly_mean,\N,"{""comparison_period"": ""2021-Q3"", ""formula"": ""100 * (quarterly_mean_cpi / same_quarter_prior_year_mean_cpi - 1)"", ""source_cpi_series_code"": ""IMF|ACCESS_SHARING_LEVEL=PUBLIC_OPEN|COICOP_1999=_T|COMMON_REFERENCE_PERIOD=2010M12|FREQUENCY=M|IFS_FLAG=true|INDEX_TYPE=CPI|OVERLAP=OL|SCALE=0|SECURITY_CLASSIFICATION=PUB|TYPE_OF_TRANSFORMATION=IX|aggregation=quarterly_mean""}"
UKR,inflation_consumer_prices_yoy_pct_quarterly_imf,2022-Q4,quarterly,26.55702917771885,\N,derived,IMF_CPI,derived_yoy:IMF|ACCESS_SHARING_LEVEL=PUBLIC_OPEN|COICOP_1999=_T|COMMON_REFERENCE_PERIOD=2010M12|FREQUENCY=M|IFS_FLAG=true|INDEX_TYPE=CPI|OVERLAP=OL|SCALE=0|SECURITY_CLASSIFICATION=PUB|TYPE_OF_TRANSFORMATION=IX|aggregation=quarterly_mean,\N,"{""comparison_period"": ""2021-Q4"", ""formula"": ""100 * (quarterly_mean_cpi / same_quarter_prior_year_mean_cpi - 1)"", ""source_cpi_series_code"": ""IMF|ACCESS_SHARING_LEVEL=PUBLIC_OPEN|COICOP_1999=_T|COMMON_REFERENCE_PERIOD=2010M12|FREQUENCY=M|IFS_FLAG=true|INDEX_TYPE=CPI|OVERLAP=OL|SCALE=0|SECURITY_CLASSIFICATION=PUB|TYPE_OF_TRANSFORMATION=IX|aggregation=quarterly_mean""}"
URY,inflation_consumer_prices_yoy_pct_quarterly_imf,2022-Q1,quarterly,8.795203682258613,\N,derived,IMF_CPI,derived_yoy:IMF|ACCESS_SHARING_LEVEL=PUBLIC_OPEN|COICOP_1999=_T|COMMON_REFERENCE_PERIOD=2022M10|FREQUENCY=M|IFS_FLAG=true|INDEX_TYPE=CPI|OVERLAP=OL|SCALE=0|SECURITY_CLASSIFICATION=PUB|TYPE_OF_TRANSFORMATION=IX|aggregation=quarterly_mean,\N,"{""comparison_period"": ""2021-Q1"", ""formula"": ""100 * (quarterly_mean_cpi / same_quarter_prior_year_mean_cpi - 1)"", ""source_cpi_series_code"": ""IMF|ACCESS_SHARING_LEVEL=PUBLIC_OPEN|COICOP_1999=_T|COMMON_REFERENCE_PERIOD=2022M10|FREQUENCY=M|IFS_FLAG=true|INDEX_TYPE=CPI|OVERLAP=OL|SCALE=0|SECURITY_CLASSIFICATION=PUB|TYPE_OF_TRANSFORMATION=IX|aggregation=quarterly_mean""}"
URY,inflation_consumer_prices_yoy_pct_quarterly_imf,2022-Q2,quarterly,9.342306251260911,\N,derived,IMF_CPI,derived_yoy:IMF|ACCESS_SHARING_LEVEL=PUBLIC_OPEN|COICOP_1999=_T|COMMON_REFERENCE_PERIOD=2022M10|FREQUENCY=M|IFS_FLAG=true|INDEX_TYPE=CPI|OVERLAP=OL|SCALE=0|SECURITY_CLASSIFICATION=PUB|TYPE_OF_TRANSFORMATION=IX|aggregation=quarterly_mean,\N,"{""comparison_period"": ""2021-Q2"", ""formula"": ""100 * (quarterly_mean_cpi / same_quarter_prior_year_mean_cpi - 1)"", ""source_cpi_series_code"": ""IMF|ACCESS_SHARING_LEVEL=PUBLIC_OPEN|COICOP_1999=_T|COMMON_REFERENCE_PERIOD=2022M10|FREQUENCY=M|IFS_FLAG=true|INDEX_TYPE=CPI|OVERLAP=OL|SCALE=0|SECURITY_CLASSIFICATION=PUB|TYPE_OF_TRANSFORMATION=IX|aggregation=quarterly_mean""}"
URY,inflation_consumer_prices_yoy_pct_quarterly_imf,2022-Q3,quarterly,9.680659903504662,\N,derived,IMF_CPI,derived_yoy:IMF|ACCESS_SHARING_LEVEL=PUBLIC_OPEN|COICOP_1999=_T|COMMON_REFERENCE_PERIOD=2022M10|FREQUENCY=M|IFS_FLAG=true|INDEX_TYPE=CPI|OVERLAP=OL|SCALE=0|SECURITY_CLASSIFICATION=PUB|TYPE_OF_TRANSFORMATION=IX|aggregation=quarterly_mean,\N,"{""comparison_period"": ""2021-Q3"", ""formula"": ""100 * (quarterly_mean_cpi / same_quarter_prior_year_mean_cpi - 1)"", ""source_cpi_series_code"": ""IMF|ACCESS_SHARING_LEVEL=PUBLIC_OPEN|COICOP_1999=_T|COMMON_REFERENCE_PERIOD=2022M10|FREQUENCY=M|IFS_FLAG=true|INDEX_TYPE=CPI|OVERLAP=OL|SCALE=0|SECURITY_CLASSIFICATION=PUB|TYPE_OF_TRANSFORMATION=IX|aggregation=quarterly_mean""}"
URY,inflation_consumer_prices_yoy_pct_quarterly_imf,2022-Q4,quarterly,8.60182561064924,\N,derived,IMF_CPI,derived_yoy:IMF|ACCESS_SHARING_LEVEL=PUBLIC_OPEN|COICOP_1999=_T|COMMON_REFERENCE_PERIOD=2022M10|FREQUENCY=M|IFS_FLAG=true|INDEX_TYPE=CPI|OVERLAP=OL|SCALE=0|SECURITY_CLASSIFICATION=PUB|TYPE_OF_TRANSFORMATION=IX|aggregation=quarterly_mean,\N,"{""comparison_period"": ""2021-Q4"", ""formula"": ""100 * (quarterly_mean_cpi / same_quarter_prior_year_mean_cpi - 1)"", ""source_cpi_series_code"": ""IMF|ACCESS_SHARING_LEVEL=PUBLIC_OPEN|COICOP_1999=_T|COMMON_REFERENCE_PERIOD=2022M10|FREQUENCY=M|IFS_FLAG=true|INDEX_TYPE=CPI|OVERLAP=OL|SCALE=0|SECURITY_CLASSIFICATION=PUB|TYPE_OF_TRANSFORMATION=IX|aggregation=quarterly_mean""}"
USA,inflation_consumer_prices_yoy_pct_quarterly_imf,2022-Q1,quarterly,7.966706904479337,\N,derived,IMF_CPI,derived_yoy:IMF|ACCESS_SHARING_LEVEL=PUBLIC_OPEN|COICOP_1999=_T|COMMON_REFERENCE_PERIOD=2010A|FREQUENCY=M|IFS_FLAG=true|INDEX_TYPE=CPI|OVERLAP=OL|SCALE=0|SECURITY_CLASSIFICATION=PUB|TYPE_OF_TRANSFORMATION=IX|aggregation=quarterly_mean,\N,"{""comparison_period"": ""2021-Q1"", ""formula"": ""100 * (quarterly_mean_cpi / same_quarter_prior_year_mean_cpi - 1)"", ""source_cpi_series_code"": ""IMF|ACCESS_SHARING_LEVEL=PUBLIC_OPEN|COICOP_1999=_T|COMMON_REFERENCE_PERIOD=2010A|FREQUENCY=M|IFS_FLAG=true|INDEX_TYPE=CPI|OVERLAP=OL|SCALE=0|SECURITY_CLASSIFICATION=PUB|TYPE_OF_TRANSFORMATION=IX|aggregation=quarterly_mean""}"
USA,inflation_consumer_prices_yoy_pct_quarterly_imf,2022-Q2,quarterly,8.635612572637985,\N,derived,IMF_CPI,derived_yoy:IMF|ACCESS_SHARING_LEVEL=PUBLIC_OPEN|COICOP_1999=_T|COMMON_REFERENCE_PERIOD=2010A|FREQUENCY=M|IFS_FLAG=true|INDEX_TYPE=CPI|OVERLAP=OL|SCALE=0|SECURITY_CLASSIFICATION=PUB|TYPE_OF_TRANSFORMATION=IX|aggregation=quarterly_mean,\N,"{""comparison_period"": ""2021-Q2"", ""formula"": ""100 * (quarterly_mean_cpi / same_quarter_prior_year_mean_cpi - 1)"", ""source_cpi_series_code"": ""IMF|ACCESS_SHARING_LEVEL=PUBLIC_OPEN|COICOP_1999=_T|COMMON_REFERENCE_PERIOD=2010A|FREQUENCY=M|IFS_FLAG=true|INDEX_TYPE=CPI|OVERLAP=OL|SCALE=0|SECURITY_CLASSIFICATION=PUB|TYPE_OF_TRANSFORMATION=IX|aggregation=quarterly_mean""}"
USA,inflation_consumer_prices_yoy_pct_quarterly_imf,2022-Q3,quarterly,8.329475684631117,\N,derived,IMF_CPI,derived_yoy:IMF|ACCESS_SHARING_LEVEL=PUBLIC_OPEN|COICOP_1999=_T|COMMON_REFERENCE_PERIOD=2010A|FREQUENCY=M|IFS_FLAG=true|INDEX_TYPE=CPI|OVERLAP=OL|SCALE=0|SECURITY_CLASSIFICATION=PUB|TYPE_OF_TRANSFORMATION=IX|aggregation=quarterly_mean,\N,"{""comparison_period"": ""2021-Q3"", ""formula"": ""100 * (quarterly_mean_cpi / same_quarter_prior_year_mean_cpi - 1)"", ""source_cpi_series_code"": ""IMF|ACCESS_SHARING_LEVEL=PUBLIC_OPEN|COICOP_1999=_T|COMMON_REFERENCE_PERIOD=2010A|FREQUENCY=M|IFS_FLAG=true|INDEX_TYPE=CPI|OVERLAP=OL|SCALE=0|SECURITY_CLASSIFICATION=PUB|TYPE_OF_TRANSFORMATION=IX|aggregation=quarterly_mean""}"
USA,inflation_consumer_prices_yoy_pct_quarterly_imf,2022-Q4,quarterly,7.101671708632407,\N,derived,IMF_CPI,derived_yoy:IMF|ACCESS_SHARING_LEVEL=PUBLIC_OPEN|COICOP_1999=_T|COMMON_REFERENCE_PERIOD=2010A|FREQUENCY=M|IFS_FLAG=true|INDEX_TYPE=CPI|OVERLAP=OL|SCALE=0|SECURITY_CLASSIFICATION=PUB|TYPE_OF_TRANSFORMATION=IX|aggregation=quarterly_mean,\N,"{""comparison_period"": ""2021-Q4"", ""formula"": ""100 * (quarterly_mean_cpi / same_quarter_prior_year_mean_cpi - 1)"", ""source_cpi_series_code"": ""IMF|ACCESS_SHARING_LEVEL=PUBLIC_OPEN|COICOP_1999=_T|COMMON_REFERENCE_PERIOD=2010A|FREQUENCY=M|IFS_FLAG=true|INDEX_TYPE=CPI|OVERLAP=OL|SCALE=0|SECURITY_CLASSIFICATION=PUB|TYPE_OF_TRANSFORMATION=IX|aggregation=quarterly_mean""}"
UZB,inflation_consumer_prices_yoy_pct_quarterly_imf,2022-Q1,quarterly,9.998272170223043,\N,derived,IMF_CPI,derived_yoy:IMF|ACCESS_SHARING_LEVEL=PUBLIC_OPEN|COICOP_1999=_T|COMMON_REFERENCE_PERIOD=2020A|FREQUENCY=M|IFS_FLAG=true|INDEX_TYPE=CPI|OVERLAP=OL|SCALE=0|SECURITY_CLASSIFICATION=PUB|TYPE_OF_TRANSFORMATION=IX|aggregation=quarterly_mean,\N,"{""comparison_period"": ""2021-Q1"", ""formula"": ""100 * (quarterly_mean_cpi / same_quarter_prior_year_mean_cpi - 1)"", ""source_cpi_series_code"": ""IMF|ACCESS_SHARING_LEVEL=PUBLIC_OPEN|COICOP_1999=_T|COMMON_REFERENCE_PERIOD=2020A|FREQUENCY=M|IFS_FLAG=true|INDEX_TYPE=CPI|OVERLAP=OL|SCALE=0|SECURITY_CLASSIFICATION=PUB|TYPE_OF_TRANSFORMATION=IX|aggregation=quarterly_mean""}"
UZB,inflation_consumer_prices_yoy_pct_quarterly_imf,2022-Q2,quarterly,11.192062285401683,\N,derived,IMF_CPI,derived_yoy:IMF|ACCESS_SHARING_LEVEL=PUBLIC_OPEN|COICOP_1999=_T|COMMON_REFERENCE_PERIOD=2020A|FREQUENCY=M|IFS_FLAG=true|INDEX_TYPE=CPI|OVERLAP=OL|SCALE=0|SECURITY_CLASSIFICATION=PUB|TYPE_OF_TRANSFORMATION=IX|aggregation=quarterly_mean,\N,"{""comparison_period"": ""2021-Q2"", ""formula"": ""100 * (quarterly_mean_cpi / same_quarter_prior_year_mean_cpi - 1)"", ""source_cpi_series_code"": ""IMF|ACCESS_SHARING_LEVEL=PUBLIC_OPEN|COICOP_1999=_T|COMMON_REFERENCE_PERIOD=2020A|FREQUENCY=M|IFS_FLAG=true|INDEX_TYPE=CPI|OVERLAP=OL|SCALE=0|SECURITY_CLASSIFICATION=PUB|TYPE_OF_TRANSFORMATION=IX|aggregation=quarterly_mean""}"
UZB,inflation_consumer_prices_yoy_pct_quarterly_imf,2022-Q3,quarterly,12.286762373134042,\N,derived,IMF_CPI,derived_yoy:IMF|ACCESS_SHARING_LEVEL=PUBLIC_OPEN|COICOP_1999=_T|COMMON_REFERENCE_PERIOD=2020A|FREQUENCY=M|IFS_FLAG=true|INDEX_TYPE=CPI|OVERLAP=OL|SCALE=0|SECURITY_CLASSIFICATION=PUB|TYPE_OF_TRANSFORMATION=IX|aggregation=quarterly_mean,\N,"{""comparison_period"": ""2021-Q3"", ""formula"": ""100 * (quarterly_mean_cpi / same_quarter_prior_year_mean_cpi - 1)"", ""source_cpi_series_code"": ""IMF|ACCESS_SHARING_LEVEL=PUBLIC_OPEN|COICOP_1999=_T|COMMON_REFERENCE_PERIOD=2020A|FREQUENCY=M|IFS_FLAG=true|INDEX_TYPE=CPI|OVERLAP=OL|SCALE=0|SECURITY_CLASSIFICATION=PUB|TYPE_OF_TRANSFORMATION=IX|aggregation=quarterly_mean""}"
UZB,inflation_consumer_prices_yoy_pct_quarterly_imf,2022-Q4,quarterly,12.23554353821874,\N,derived,IMF_CPI,derived_yoy:IMF|ACCESS_SHARING_LEVEL=PUBLIC_OPEN|COICOP_1999=_T|COMMON_REFERENCE_PERIOD=2020A|FREQUENCY=M|IFS_FLAG=true|INDEX_TYPE=CPI|OVERLAP=OL|SCALE=0|SECURITY_CLASSIFICATION=PUB|TYPE_OF_TRANSFORMATION=IX|aggregation=quarterly_mean,\N,"{""comparison_period"": ""2021-Q4"", ""formula"": ""100 * (quarterly_mean_cpi / same_quarter_prior_year_mean_cpi - 1)"", ""source_cpi_series_code"": ""IMF|ACCESS_SHARING_LEVEL=PUBLIC_OPEN|COICOP_1999=_T|COMMON_REFERENCE_PERIOD=2020A|FREQUENCY=M|IFS_FLAG=true|INDEX_TYPE=CPI|OVERLAP=OL|SCALE=0|SECURITY_CLASSIFICATION=PUB|TYPE_OF_TRANSFORMATION=IX|aggregation=quarterly_mean""}"
VCT,inflation_consumer_prices_yoy_pct_quarterly_imf,2022-Q1,quarterly,3.666967237751706,\N,derived,IMF_CPI,derived_yoy:IMF|ACCESS_SHARING_LEVEL=PUBLIC_OPEN|COICOP_1999=_T|COMMON_REFERENCE_PERIOD=2010M1|FREQUENCY=M|IFS_FLAG=true|INDEX_TYPE=CPI|OVERLAP=OL|SCALE=0|SECURITY_CLASSIFICATION=PUB|TYPE_OF_TRANSFORMATION=IX|aggregation=quarterly_mean,\N,"{""comparison_period"": ""2021-Q1"", ""formula"": ""100 * (quarterly_mean_cpi / same_quarter_prior_year_mean_cpi - 1)"", ""source_cpi_series_code"": ""IMF|ACCESS_SHARING_LEVEL=PUBLIC_OPEN|COICOP_1999=_T|COMMON_REFERENCE_PERIOD=2010M1|FREQUENCY=M|IFS_FLAG=true|INDEX_TYPE=CPI|OVERLAP=OL|SCALE=0|SECURITY_CLASSIFICATION=PUB|TYPE_OF_TRANSFORMATION=IX|aggregation=quarterly_mean""}"
VCT,inflation_consumer_prices_yoy_pct_quarterly_imf,2022-Q2,quarterly,5.0193050193050315,\N,derived,IMF_CPI,derived_yoy:IMF|ACCESS_SHARING_LEVEL=PUBLIC_OPEN|COICOP_1999=_T|COMMON_REFERENCE_PERIOD=2010M1|FREQUENCY=M|IFS_FLAG=true|INDEX_TYPE=CPI|OVERLAP=OL|SCALE=0|SECURITY_CLASSIFICATION=PUB|TYPE_OF_TRANSFORMATION=IX|aggregation=quarterly_mean,\N,"{""comparison_period"": ""2021-Q2"", ""formula"": ""100 * (quarterly_mean_cpi / same_quarter_prior_year_mean_cpi - 1)"", ""source_cpi_series_code"": ""IMF|ACCESS_SHARING_LEVEL=PUBLIC_OPEN|COICOP_1999=_T|COMMON_REFERENCE_PERIOD=2010M1|FREQUENCY=M|IFS_FLAG=true|INDEX_TYPE=CPI|OVERLAP=OL|SCALE=0|SECURITY_CLASSIFICATION=PUB|TYPE_OF_TRANSFORMATION=IX|aggregation=quarterly_mean""}"
VCT,inflation_consumer_prices_yoy_pct_quarterly_imf,2022-Q3,quarterly,6.692216981132071,\N,derived,IMF_CPI,derived_yoy:IMF|ACCESS_SHARING_LEVEL=PUBLIC_OPEN|COICOP_1999=_T|COMMON_REFERENCE_PERIOD=2010M1|FREQUENCY=M|IFS_FLAG=true|INDEX_TYPE=CPI|OVERLAP=OL|SCALE=0|SECURITY_CLASSIFICATION=PUB|TYPE_OF_TRANSFORMATION=IX|aggregation=quarterly_mean,\N,"{""comparison_period"": ""2021-Q3"", ""formula"": ""100 * (quarterly_mean_cpi / same_quarter_prior_year_mean_cpi - 1)"", ""source_cpi_series_code"": ""IMF|ACCESS_SHARING_LEVEL=PUBLIC_OPEN|COICOP_1999=_T|COMMON_REFERENCE_PERIOD=2010M1|FREQUENCY=M|IFS_FLAG=true|INDEX_TYPE=CPI|OVERLAP=OL|SCALE=0|SECURITY_CLASSIFICATION=PUB|TYPE_OF_TRANSFORMATION=IX|aggregation=quarterly_mean""}"
VCT,inflation_consumer_prices_yoy_pct_quarterly_imf,2022-Q4,quarterly,7.209847596717456,\N,derived,IMF_CPI,derived_yoy:IMF|ACCESS_SHARING_LEVEL=PUBLIC_OPEN|COICOP_1999=_T|COMMON_REFERENCE_PERIOD=2010M1|FREQUENCY=M|IFS_FLAG=true|INDEX_TYPE=CPI|OVERLAP=OL|SCALE=0|SECURITY_CLASSIFICATION=PUB|TYPE_OF_TRANSFORMATION=IX|aggregation=quarterly_mean,\N,"{""comparison_period"": ""2021-Q4"", ""formula"": ""100 * (quarterly_mean_cpi / same_quarter_prior_year_mean_cpi - 1)"", ""source_cpi_series_code"": ""IMF|ACCESS_SHARING_LEVEL=PUBLIC_OPEN|COICOP_1999=_T|COMMON_REFERENCE_PERIOD=2010M1|FREQUENCY=M|IFS_FLAG=true|INDEX_TYPE=CPI|OVERLAP=OL|SCALE=0|SECURITY_CLASSIFICATION=PUB|TYPE_OF_TRANSFORMATION=IX|aggregation=quarterly_mean""}"
VNM,inflation_consumer_prices_yoy_pct_quarterly_imf,2022-Q1,quarterly,1.9246928096832594,\N,derived,IMF_CPI,derived_yoy:IMF|ACCESS_SHARING_LEVEL=PUBLIC_OPEN|COICOP_1999=_T|COMMON_REFERENCE_PERIOD=2024A|FREQUENCY=M|IFS_FLAG=true|INDEX_TYPE=CPI|OVERLAP=OL|SCALE=0|SECURITY_CLASSIFICATION=PUB|TYPE_OF_TRANSFORMATION=IX|aggregation=quarterly_mean,\N,"{""comparison_period"": ""2021-Q1"", ""formula"": ""100 * (quarterly_mean_cpi / same_quarter_prior_year_mean_cpi - 1)"", ""source_cpi_series_code"": ""IMF|ACCESS_SHARING_LEVEL=PUBLIC_OPEN|COICOP_1999=_T|COMMON_REFERENCE_PERIOD=2024A|FREQUENCY=M|IFS_FLAG=true|INDEX_TYPE=CPI|OVERLAP=OL|SCALE=0|SECURITY_CLASSIFICATION=PUB|TYPE_OF_TRANSFORMATION=IX|aggregation=quarterly_mean""}"
VNM,inflation_consumer_prices_yoy_pct_quarterly_imf,2022-Q2,quarterly,2.9587941670647933,\N,derived,IMF_CPI,derived_yoy:IMF|ACCESS_SHARING_LEVEL=PUBLIC_OPEN|COICOP_1999=_T|COMMON_REFERENCE_PERIOD=2024A|FREQUENCY=M|IFS_FLAG=true|INDEX_TYPE=CPI|OVERLAP=OL|SCALE=0|SECURITY_CLASSIFICATION=PUB|TYPE_OF_TRANSFORMATION=IX|aggregation=quarterly_mean,\N,"{""comparison_period"": ""2021-Q2"", ""formula"": ""100 * (quarterly_mean_cpi / same_quarter_prior_year_mean_cpi - 1)"", ""source_cpi_series_code"": ""IMF|ACCESS_SHARING_LEVEL=PUBLIC_OPEN|COICOP_1999=_T|COMMON_REFERENCE_PERIOD=2024A|FREQUENCY=M|IFS_FLAG=true|INDEX_TYPE=CPI|OVERLAP=OL|SCALE=0|SECURITY_CLASSIFICATION=PUB|TYPE_OF_TRANSFORMATION=IX|aggregation=quarterly_mean""}"
VNM,inflation_consumer_prices_yoy_pct_quarterly_imf,2022-Q3,quarterly,3.322963161159276,\N,derived,IMF_CPI,derived_yoy:IMF|ACCESS_SHARING_LEVEL=PUBLIC_OPEN|COICOP_1999=_T|COMMON_REFERENCE_PERIOD=2024A|FREQUENCY=M|IFS_FLAG=true|INDEX_TYPE=CPI|OVERLAP=OL|SCALE=0|SECURITY_CLASSIFICATION=PUB|TYPE_OF_TRANSFORMATION=IX|aggregation=quarterly_mean,\N,"{""comparison_period"": ""2021-Q3"", ""formula"": ""100 * (quarterly_mean_cpi / same_quarter_prior_year_mean_cpi - 1)"", ""source_cpi_series_code"": ""IMF|ACCESS_SHARING_LEVEL=PUBLIC_OPEN|COICOP_1999=_T|COMMON_REFERENCE_PERIOD=2024A|FREQUENCY=M|IFS_FLAG=true|INDEX_TYPE=CPI|OVERLAP=OL|SCALE=0|SECURITY_CLASSIFICATION=PUB|TYPE_OF_TRANSFORMATION=IX|aggregation=quarterly_mean""}"
VNM,inflation_consumer_prices_yoy_pct_quarterly_imf,2022-Q4,quarterly,4.40803132959553,\N,derived,IMF_CPI,derived_yoy:IMF|ACCESS_SHARING_LEVEL=PUBLIC_OPEN|COICOP_1999=_T|COMMON_REFERENCE_PERIOD=2024A|FREQUENCY=M|IFS_FLAG=true|INDEX_TYPE=CPI|OVERLAP=OL|SCALE=0|SECURITY_CLASSIFICATION=PUB|TYPE_OF_TRANSFORMATION=IX|aggregation=quarterly_mean,\N,"{""comparison_period"": ""2021-Q4"", ""formula"": ""100 * (quarterly_mean_cpi / same_quarter_prior_year_mean_cpi - 1)"", ""source_cpi_series_code"": ""IMF|ACCESS_SHARING_LEVEL=PUBLIC_OPEN|COICOP_1999=_T|COMMON_REFERENCE_PERIOD=2024A|FREQUENCY=M|IFS_FLAG=true|INDEX_TYPE=CPI|OVERLAP=OL|SCALE=0|SECURITY_CLASSIFICATION=PUB|TYPE_OF_TRANSFORMATION=IX|aggregation=quarterly_mean""}"
WSM,inflation_consumer_prices_yoy_pct_quarterly_imf,2022-Q1,quarterly,9.463108486563709,\N,derived,IMF_CPI,derived_yoy:IMF|ACCESS_SHARING_LEVEL=PUBLIC_OPEN|COICOP_1999=_T|COMMON_REFERENCE_PERIOD=2016M02|FREQUENCY=M|IFS_FLAG=true|INDEX_TYPE=CPI|OVERLAP=OL|SCALE=0|SECURITY_CLASSIFICATION=PUB|TYPE_OF_TRANSFORMATION=IX|aggregation=quarterly_mean,\N,"{""comparison_period"": ""2021-Q1"", ""formula"": ""100 * (quarterly_mean_cpi / same_quarter_prior_year_mean_cpi - 1)"", ""source_cpi_series_code"": ""IMF|ACCESS_SHARING_LEVEL=PUBLIC_OPEN|COICOP_1999=_T|COMMON_REFERENCE_PERIOD=2016M02|FREQUENCY=M|IFS_FLAG=true|INDEX_TYPE=CPI|OVERLAP=OL|SCALE=0|SECURITY_CLASSIFICATION=PUB|TYPE_OF_TRANSFORMATION=IX|aggregation=quarterly_mean""}"
WSM,inflation_consumer_prices_yoy_pct_quarterly_imf,2022-Q2,quarterly,9.755938574456868,\N,derived,IMF_CPI,derived_yoy:IMF|ACCESS_SHARING_LEVEL=PUBLIC_OPEN|COICOP_1999=_T|COMMON_REFERENCE_PERIOD=2016M02|FREQUENCY=M|IFS_FLAG=true|INDEX_TYPE=CPI|OVERLAP=OL|SCALE=0|SECURITY_CLASSIFICATION=PUB|TYPE_OF_TRANSFORMATION=IX|aggregation=quarterly_mean,\N,"{""comparison_period"": ""2021-Q2"", ""formula"": ""100 * (quarterly_mean_cpi / same_quarter_prior_year_mean_cpi - 1)"", ""source_cpi_series_code"": ""IMF|ACCESS_SHARING_LEVEL=PUBLIC_OPEN|COICOP_1999=_T|COMMON_REFERENCE_PERIOD=2016M02|FREQUENCY=M|IFS_FLAG=true|INDEX_TYPE=CPI|OVERLAP=OL|SCALE=0|SECURITY_CLASSIFICATION=PUB|TYPE_OF_TRANSFORMATION=IX|aggregation=quarterly_mean""}"
WSM,inflation_consumer_prices_yoy_pct_quarterly_imf,2022-Q3,quarterly,14.471778005374492,\N,derived,IMF_CPI,derived_yoy:IMF|ACCESS_SHARING_LEVEL=PUBLIC_OPEN|COICOP_1999=_T|COMMON_REFERENCE_PERIOD=2016M02|FREQUENCY=M|IFS_FLAG=true|INDEX_TYPE=CPI|OVERLAP=OL|SCALE=0|SECURITY_CLASSIFICATION=PUB|TYPE_OF_TRANSFORMATION=IX|aggregation=quarterly_mean,\N,"{""comparison_period"": ""2021-Q3"", ""formula"": ""100 * (quarterly_mean_cpi / same_quarter_prior_year_mean_cpi - 1)"", ""source_cpi_series_code"": ""IMF|ACCESS_SHARING_LEVEL=PUBLIC_OPEN|COICOP_1999=_T|COMMON_REFERENCE_PERIOD=2016M02|FREQUENCY=M|IFS_FLAG=true|INDEX_TYPE=CPI|OVERLAP=OL|SCALE=0|SECURITY_CLASSIFICATION=PUB|TYPE_OF_TRANSFORMATION=IX|aggregation=quarterly_mean""}"
WSM,inflation_consumer_prices_yoy_pct_quarterly_imf,2022-Q4,quarterly,10.036826399056832,\N,derived,IMF_CPI,derived_yoy:IMF|ACCESS_SHARING_LEVEL=PUBLIC_OPEN|COICOP_1999=_T|COMMON_REFERENCE_PERIOD=2016M02|FREQUENCY=M|IFS_FLAG=true|INDEX_TYPE=CPI|OVERLAP=OL|SCALE=0|SECURITY_CLASSIFICATION=PUB|TYPE_OF_TRANSFORMATION=IX|aggregation=quarterly_mean,\N,"{""comparison_period"": ""2021-Q4"", ""formula"": ""100 * (quarterly_mean_cpi / same_quarter_prior_year_mean_cpi - 1)"", ""source_cpi_series_code"": ""IMF|ACCESS_SHARING_LEVEL=PUBLIC_OPEN|COICOP_1999=_T|COMMON_REFERENCE_PERIOD=2016M02|FREQUENCY=M|IFS_FLAG=true|INDEX_TYPE=CPI|OVERLAP=OL|SCALE=0|SECURITY_CLASSIFICATION=PUB|TYPE_OF_TRANSFORMATION=IX|aggregation=quarterly_mean""}"
ZAF,inflation_consumer_prices_yoy_pct_quarterly_imf,2022-Q1,quarterly,5.815372102480687,\N,derived,IMF_CPI,derived_yoy:IMF|ACCESS_SHARING_LEVEL=PUBLIC_OPEN|COICOP_1999=_T|COMMON_REFERENCE_PERIOD=2024M12|FREQUENCY=M|IFS_FLAG=true|INDEX_TYPE=CPI|OVERLAP=OL|SCALE=0|SECURITY_CLASSIFICATION=PUB|TYPE_OF_TRANSFORMATION=IX|aggregation=quarterly_mean,\N,"{""comparison_period"": ""2021-Q1"", ""formula"": ""100 * (quarterly_mean_cpi / same_quarter_prior_year_mean_cpi - 1)"", ""source_cpi_series_code"": ""IMF|ACCESS_SHARING_LEVEL=PUBLIC_OPEN|COICOP_1999=_T|COMMON_REFERENCE_PERIOD=2024M12|FREQUENCY=M|IFS_FLAG=true|INDEX_TYPE=CPI|OVERLAP=OL|SCALE=0|SECURITY_CLASSIFICATION=PUB|TYPE_OF_TRANSFORMATION=IX|aggregation=quarterly_mean""}"
ZAF,inflation_consumer_prices_yoy_pct_quarterly_imf,2022-Q2,quarterly,6.6880256307569,\N,derived,IMF_CPI,derived_yoy:IMF|ACCESS_SHARING_LEVEL=PUBLIC_OPEN|COICOP_1999=_T|COMMON_REFERENCE_PERIOD=2024M12|FREQUENCY=M|IFS_FLAG=true|INDEX_TYPE=CPI|OVERLAP=OL|SCALE=0|SECURITY_CLASSIFICATION=PUB|TYPE_OF_TRANSFORMATION=IX|aggregation=quarterly_mean,\N,"{""comparison_period"": ""2021-Q2"", ""formula"": ""100 * (quarterly_mean_cpi / same_quarter_prior_year_mean_cpi - 1)"", ""source_cpi_series_code"": ""IMF|ACCESS_SHARING_LEVEL=PUBLIC_OPEN|COICOP_1999=_T|COMMON_REFERENCE_PERIOD=2024M12|FREQUENCY=M|IFS_FLAG=true|INDEX_TYPE=CPI|OVERLAP=OL|SCALE=0|SECURITY_CLASSIFICATION=PUB|TYPE_OF_TRANSFORMATION=IX|aggregation=quarterly_mean""}"
ZAF,inflation_consumer_prices_yoy_pct_quarterly_imf,2022-Q3,quarterly,7.922743397713816,\N,derived,IMF_CPI,derived_yoy:IMF|ACCESS_SHARING_LEVEL=PUBLIC_OPEN|COICOP_1999=_T|COMMON_REFERENCE_PERIOD=2024M12|FREQUENCY=M|IFS_FLAG=true|INDEX_TYPE=CPI|OVERLAP=OL|SCALE=0|SECURITY_CLASSIFICATION=PUB|TYPE_OF_TRANSFORMATION=IX|aggregation=quarterly_mean,\N,"{""comparison_period"": ""2021-Q3"", ""formula"": ""100 * (quarterly_mean_cpi / same_quarter_prior_year_mean_cpi - 1)"", ""source_cpi_series_code"": ""IMF|ACCESS_SHARING_LEVEL=PUBLIC_OPEN|COICOP_1999=_T|COMMON_REFERENCE_PERIOD=2024M12|FREQUENCY=M|IFS_FLAG=true|INDEX_TYPE=CPI|OVERLAP=OL|SCALE=0|SECURITY_CLASSIFICATION=PUB|TYPE_OF_TRANSFORMATION=IX|aggregation=quarterly_mean""}"
ZAF,inflation_consumer_prices_yoy_pct_quarterly_imf,2022-Q4,quarterly,7.683307332293321,\N,derived,IMF_CPI,derived_yoy:IMF|ACCESS_SHARING_LEVEL=PUBLIC_OPEN|COICOP_1999=_T|COMMON_REFERENCE_PERIOD=2024M12|FREQUENCY=M|IFS_FLAG=true|INDEX_TYPE=CPI|OVERLAP=OL|SCALE=0|SECURITY_CLASSIFICATION=PUB|TYPE_OF_TRANSFORMATION=IX|aggregation=quarterly_mean,\N,"{""comparison_period"": ""2021-Q4"", ""formula"": ""100 * (quarterly_mean_cpi / same_quarter_prior_year_mean_cpi - 1)"", ""source_cpi_series_code"": ""IMF|ACCESS_SHARING_LEVEL=PUBLIC_OPEN|COICOP_1999=_T|COMMON_REFERENCE_PERIOD=2024M12|FREQUENCY=M|IFS_FLAG=true|INDEX_TYPE=CPI|OVERLAP=OL|SCALE=0|SECURITY_CLASSIFICATION=PUB|TYPE_OF_TRANSFORMATION=IX|aggregation=quarterly_mean""}"
ZMB,inflation_consumer_prices_yoy_pct_quarterly_imf,2022-Q1,quarterly,14.09979015580658,\N,derived,IMF_CPI,derived_yoy:IMF|ACCESS_SHARING_LEVEL=PUBLIC_OPEN|COICOP_1999=_T|COMMON_REFERENCE_PERIOD=2009A|FREQUENCY=M|IFS_FLAG=true|INDEX_TYPE=CPI|OVERLAP=OL|SCALE=0|SECURITY_CLASSIFICATION=PUB|TYPE_OF_TRANSFORMATION=IX|aggregation=quarterly_mean,\N,"{""comparison_period"": ""2021-Q1"", ""formula"": ""100 * (quarterly_mean_cpi / same_quarter_prior_year_mean_cpi - 1)"", ""source_cpi_series_code"": ""IMF|ACCESS_SHARING_LEVEL=PUBLIC_OPEN|COICOP_1999=_T|COMMON_REFERENCE_PERIOD=2009A|FREQUENCY=M|IFS_FLAG=true|INDEX_TYPE=CPI|OVERLAP=OL|SCALE=0|SECURITY_CLASSIFICATION=PUB|TYPE_OF_TRANSFORMATION=IX|aggregation=quarterly_mean""}"
ZMB,inflation_consumer_prices_yoy_pct_quarterly_imf,2022-Q2,quarterly,10.45756994781466,\N,derived,IMF_CPI,derived_yoy:IMF|ACCESS_SHARING_LEVEL=PUBLIC_OPEN|COICOP_1999=_T|COMMON_REFERENCE_PERIOD=2009A|FREQUENCY=M|IFS_FLAG=true|INDEX_TYPE=CPI|OVERLAP=OL|SCALE=0|SECURITY_CLASSIFICATION=PUB|TYPE_OF_TRANSFORMATION=IX|aggregation=quarterly_mean,\N,"{""comparison_period"": ""2021-Q2"", ""formula"": ""100 * (quarterly_mean_cpi / same_quarter_prior_year_mean_cpi - 1)"", ""source_cpi_series_code"": ""IMF|ACCESS_SHARING_LEVEL=PUBLIC_OPEN|COICOP_1999=_T|COMMON_REFERENCE_PERIOD=2009A|FREQUENCY=M|IFS_FLAG=true|INDEX_TYPE=CPI|OVERLAP=OL|SCALE=0|SECURITY_CLASSIFICATION=PUB|TYPE_OF_TRANSFORMATION=IX|aggregation=quarterly_mean""}"
ZMB,inflation_consumer_prices_yoy_pct_quarterly_imf,2022-Q3,quarterly,9.87095541273144,\N,derived,IMF_CPI,derived_yoy:IMF|ACCESS_SHARING_LEVEL=PUBLIC_OPEN|COICOP_1999=_T|COMMON_REFERENCE_PERIOD=2009A|FREQUENCY=M|IFS_FLAG=true|INDEX_TYPE=CPI|OVERLAP=OL|SCALE=0|SECURITY_CLASSIFICATION=PUB|TYPE_OF_TRANSFORMATION=IX|aggregation=quarterly_mean,\N,"{""comparison_period"": ""2021-Q3"", ""formula"": ""100 * (quarterly_mean_cpi / same_quarter_prior_year_mean_cpi - 1)"", ""source_cpi_series_code"": ""IMF|ACCESS_SHARING_LEVEL=PUBLIC_OPEN|COICOP_1999=_T|COMMON_REFERENCE_PERIOD=2009A|FREQUENCY=M|IFS_FLAG=true|INDEX_TYPE=CPI|OVERLAP=OL|SCALE=0|SECURITY_CLASSIFICATION=PUB|TYPE_OF_TRANSFORMATION=IX|aggregation=quarterly_mean""}"
ZMB,inflation_consumer_prices_yoy_pct_quarterly_imf,2022-Q4,quarterly,9.777383255869632,\N,derived,IMF_CPI,derived_yoy:IMF|ACCESS_SHARING_LEVEL=PUBLIC_OPEN|COICOP_1999=_T|COMMON_REFERENCE_PERIOD=2009A|FREQUENCY=M|IFS_FLAG=true|INDEX_TYPE=CPI|OVERLAP=OL|SCALE=0|SECURITY_CLASSIFICATION=PUB|TYPE_OF_TRANSFORMATION=IX|aggregation=quarterly_mean,\N,"{""comparison_period"": ""2021-Q4"", ""formula"": ""100 * (quarterly_mean_cpi / same_quarter_prior_year_mean_cpi - 1)"", ""source_cpi_series_code"": ""IMF|ACCESS_SHARING_LEVEL=PUBLIC_OPEN|COICOP_1999=_T|COMMON_REFERENCE_PERIOD=2009A|FREQUENCY=M|IFS_FLAG=true|INDEX_TYPE=CPI|OVERLAP=OL|SCALE=0|SECURITY_CLASSIFICATION=PUB|TYPE_OF_TRANSFORMATION=IX|aggregation=quarterly_mean""}"
ZWE,inflation_consumer_prices_yoy_pct_quarterly_imf,2022-Q1,quarterly,60.43882746140052,\N,derived,IMF_CPI,derived_yoy:IMF|ACCESS_SHARING_LEVEL=PUBLIC_OPEN|COICOP_1999=_T|COMMON_REFERENCE_PERIOD=2020M7|FREQUENCY=M|IFS_FLAG=true|INDEX_TYPE=CPI|OVERLAP=OL|SCALE=0|SECURITY_CLASSIFICATION=PUB|TYPE_OF_TRANSFORMATION=IX|aggregation=quarterly_mean,\N,"{""comparison_period"": ""2021-Q1"", ""formula"": ""100 * (quarterly_mean_cpi / same_quarter_prior_year_mean_cpi - 1)"", ""source_cpi_series_code"": ""IMF|ACCESS_SHARING_LEVEL=PUBLIC_OPEN|COICOP_1999=_T|COMMON_REFERENCE_PERIOD=2020M7|FREQUENCY=M|IFS_FLAG=true|INDEX_TYPE=CPI|OVERLAP=OL|SCALE=0|SECURITY_CLASSIFICATION=PUB|TYPE_OF_TRANSFORMATION=IX|aggregation=quarterly_mean""}"
ZWE,inflation_consumer_prices_yoy_pct_quarterly_imf,2022-Q2,quarterly,89.03627634970015,\N,derived,IMF_CPI,derived_yoy:IMF|ACCESS_SHARING_LEVEL=PUBLIC_OPEN|COICOP_1999=_T|COMMON_REFERENCE_PERIOD=2020M7|FREQUENCY=M|IFS_FLAG=true|INDEX_TYPE=CPI|OVERLAP=OL|SCALE=0|SECURITY_CLASSIFICATION=PUB|TYPE_OF_TRANSFORMATION=IX|aggregation=quarterly_mean,\N,"{""comparison_period"": ""2021-Q2"", ""formula"": ""100 * (quarterly_mean_cpi / same_quarter_prior_year_mean_cpi - 1)"", ""source_cpi_series_code"": ""IMF|ACCESS_SHARING_LEVEL=PUBLIC_OPEN|COICOP_1999=_T|COMMON_REFERENCE_PERIOD=2020M7|FREQUENCY=M|IFS_FLAG=true|INDEX_TYPE=CPI|OVERLAP=OL|SCALE=0|SECURITY_CLASSIFICATION=PUB|TYPE_OF_TRANSFORMATION=IX|aggregation=quarterly_mean""}"
ZWE,inflation_consumer_prices_yoy_pct_quarterly_imf,2022-Q3,quarterly,138.3021201551654,\N,derived,IMF_CPI,derived_yoy:IMF|ACCESS_SHARING_LEVEL=PUBLIC_OPEN|COICOP_1999=_T|COMMON_REFERENCE_PERIOD=2020M7|FREQUENCY=M|IFS_FLAG=true|INDEX_TYPE=CPI|OVERLAP=OL|SCALE=0|SECURITY_CLASSIFICATION=PUB|TYPE_OF_TRANSFORMATION=IX|aggregation=quarterly_mean,\N,"{""comparison_period"": ""2021-Q3"", ""formula"": ""100 * (quarterly_mean_cpi / same_quarter_prior_year_mean_cpi - 1)"", ""source_cpi_series_code"": ""IMF|ACCESS_SHARING_LEVEL=PUBLIC_OPEN|COICOP_1999=_T|COMMON_REFERENCE_PERIOD=2020M7|FREQUENCY=M|IFS_FLAG=true|INDEX_TYPE=CPI|OVERLAP=OL|SCALE=0|SECURITY_CLASSIFICATION=PUB|TYPE_OF_TRANSFORMATION=IX|aggregation=quarterly_mean""}"
ZWE,inflation_consumer_prices_yoy_pct_quarterly_imf,2022-Q4,quarterly,119.8001186377593,\N,derived,IMF_CPI,derived_yoy:IMF|ACCESS_SHARING_LEVEL=PUBLIC_OPEN|COICOP_1999=_T|COMMON_REFERENCE_PERIOD=2020M7|FREQUENCY=M|IFS_FLAG=true|INDEX_TYPE=CPI|OVERLAP=OL|SCALE=0|SECURITY_CLASSIFICATION=PUB|TYPE_OF_TRANSFORMATION=IX|aggregation=quarterly_mean,\N,"{""comparison_period"": ""2021-Q4"", ""formula"": ""100 * (quarterly_mean_cpi / same_quarter_prior_year_mean_cpi - 1)"", ""source_cpi_series_code"": ""IMF|ACCESS_SHARING_LEVEL=PUBLIC_OPEN|COICOP_1999=_T|COMMON_REFERENCE_PERIOD=2020M7|FREQUENCY=M|IFS_FLAG=true|INDEX_TYPE=CPI|OVERLAP=OL|SCALE=0|SECURITY_CLASSIFICATION=PUB|TYPE_OF_TRANSFORMATION=IX|aggregation=quarterly_mean""}"
