country_code,indicator_code,period,frequency,value,raw_value,value_status,source_id,source_series_code,seasonal_adjustment,observation_metadata
AUT,producer_price_index_quarterly_imf,2025-Q1,quarterly,117.52353970502463,\N,derived,IMF_PPI,IMF|ACCESS_SHARING_LEVEL=PUBLIC_OPEN|FREQUENCY=M|IFS_FLAG=true|INDICATOR=PPI|METHODOLOGY=PPI|OVERLAP=OL|REFERENCE_PERIOD=2010=100|SCALE=0|SECURITY_CLASSIFICATION=PUB|TYPE_OF_TRANSFORMATION=IX|aggregation=quarterly_mean,\N,"{""aggregation_method"": ""quarterly_mean"", ""source_derivation_types"": [""O"", ""O"", ""O""], ""source_months"": [""2025-M01"", ""2025-M02"", ""2025-M03""], ""source_observation_count"": 3, ""source_series_dimensions"": {""ACCESS_SHARING_LEVEL"": ""PUBLIC_OPEN"", ""COUNTRY"": ""AUT"", ""FREQUENCY"": ""M"", ""IFS_FLAG"": ""true"", ""INDICATOR"": ""PPI"", ""METHODOLOGY"": ""PPI"", ""OVERLAP"": ""OL"", ""REFERENCE_PERIOD"": ""2010=100"", ""SCALE"": ""0"", ""SECURITY_CLASSIFICATION"": ""PUB"", ""TYPE_OF_TRANSFORMATION"": ""IX""}}"
AUT,producer_price_index_quarterly_imf,2025-Q2,quarterly,116.05699525039584,\N,derived,IMF_PPI,IMF|ACCESS_SHARING_LEVEL=PUBLIC_OPEN|FREQUENCY=M|IFS_FLAG=true|INDICATOR=PPI|METHODOLOGY=PPI|OVERLAP=OL|REFERENCE_PERIOD=2010=100|SCALE=0|SECURITY_CLASSIFICATION=PUB|TYPE_OF_TRANSFORMATION=IX|aggregation=quarterly_mean,\N,"{""aggregation_method"": ""quarterly_mean"", ""source_derivation_types"": [""O"", ""O"", ""O""], ""source_months"": [""2025-M04"", ""2025-M05"", ""2025-M06""], ""source_observation_count"": 3, ""source_series_dimensions"": {""ACCESS_SHARING_LEVEL"": ""PUBLIC_OPEN"", ""COUNTRY"": ""AUT"", ""FREQUENCY"": ""M"", ""IFS_FLAG"": ""true"", ""INDICATOR"": ""PPI"", ""METHODOLOGY"": ""PPI"", ""OVERLAP"": ""OL"", ""REFERENCE_PERIOD"": ""2010=100"", ""SCALE"": ""0"", ""SECURITY_CLASSIFICATION"": ""PUB"", ""TYPE_OF_TRANSFORMATION"": ""IX""}}"
AUT,producer_price_index_quarterly_imf,2025-Q3,quarterly,115.69035913673862,\N,derived,IMF_PPI,IMF|ACCESS_SHARING_LEVEL=PUBLIC_OPEN|FREQUENCY=M|IFS_FLAG=true|INDICATOR=PPI|METHODOLOGY=PPI|OVERLAP=OL|REFERENCE_PERIOD=2010=100|SCALE=0|SECURITY_CLASSIFICATION=PUB|TYPE_OF_TRANSFORMATION=IX|aggregation=quarterly_mean,\N,"{""aggregation_method"": ""quarterly_mean"", ""source_derivation_types"": [""O"", ""O"", ""O""], ""source_months"": [""2025-M07"", ""2025-M08"", ""2025-M09""], ""source_observation_count"": 3, ""source_series_dimensions"": {""ACCESS_SHARING_LEVEL"": ""PUBLIC_OPEN"", ""COUNTRY"": ""AUT"", ""FREQUENCY"": ""M"", ""IFS_FLAG"": ""true"", ""INDICATOR"": ""PPI"", ""METHODOLOGY"": ""PPI"", ""OVERLAP"": ""OL"", ""REFERENCE_PERIOD"": ""2010=100"", ""SCALE"": ""0"", ""SECURITY_CLASSIFICATION"": ""PUB"", ""TYPE_OF_TRANSFORMATION"": ""IX""}}"
AUT,producer_price_index_quarterly_imf,2025-Q4,quarterly,115.82368135988672,\N,derived,IMF_PPI,IMF|ACCESS_SHARING_LEVEL=PUBLIC_OPEN|FREQUENCY=M|IFS_FLAG=true|INDICATOR=PPI|METHODOLOGY=PPI|OVERLAP=OL|REFERENCE_PERIOD=2010=100|SCALE=0|SECURITY_CLASSIFICATION=PUB|TYPE_OF_TRANSFORMATION=IX|aggregation=quarterly_mean,\N,"{""aggregation_method"": ""quarterly_mean"", ""source_derivation_types"": [""O"", ""O"", ""O""], ""source_months"": [""2025-M10"", ""2025-M11"", ""2025-M12""], ""source_observation_count"": 3, ""source_series_dimensions"": {""ACCESS_SHARING_LEVEL"": ""PUBLIC_OPEN"", ""COUNTRY"": ""AUT"", ""FREQUENCY"": ""M"", ""IFS_FLAG"": ""true"", ""INDICATOR"": ""PPI"", ""METHODOLOGY"": ""PPI"", ""OVERLAP"": ""OL"", ""REFERENCE_PERIOD"": ""2010=100"", ""SCALE"": ""0"", ""SECURITY_CLASSIFICATION"": ""PUB"", ""TYPE_OF_TRANSFORMATION"": ""IX""}}"
AUT,producer_price_index_quarterly_imf,2026-Q1,quarterly,116.356970252479,\N,derived,IMF_PPI,IMF|ACCESS_SHARING_LEVEL=PUBLIC_OPEN|FREQUENCY=M|IFS_FLAG=true|INDICATOR=PPI|METHODOLOGY=PPI|OVERLAP=OL|REFERENCE_PERIOD=2010=100|SCALE=0|SECURITY_CLASSIFICATION=PUB|TYPE_OF_TRANSFORMATION=IX|aggregation=quarterly_mean,\N,"{""aggregation_method"": ""quarterly_mean"", ""source_derivation_types"": [""O"", ""O"", ""O""], ""source_months"": [""2026-M01"", ""2026-M02"", ""2026-M03""], ""source_observation_count"": 3, ""source_series_dimensions"": {""ACCESS_SHARING_LEVEL"": ""PUBLIC_OPEN"", ""COUNTRY"": ""AUT"", ""FREQUENCY"": ""M"", ""IFS_FLAG"": ""true"", ""INDICATOR"": ""PPI"", ""METHODOLOGY"": ""PPI"", ""OVERLAP"": ""OL"", ""REFERENCE_PERIOD"": ""2010=100"", ""SCALE"": ""0"", ""SECURITY_CLASSIFICATION"": ""PUB"", ""TYPE_OF_TRANSFORMATION"": ""IX""}}"
AUT,producer_price_index_quarterly_imf,2026-Q2,quarterly,119.12340638280148,\N,derived,IMF_PPI,IMF|ACCESS_SHARING_LEVEL=PUBLIC_OPEN|FREQUENCY=M|IFS_FLAG=true|INDICATOR=PPI|METHODOLOGY=PPI|OVERLAP=OL|REFERENCE_PERIOD=2010=100|SCALE=0|SECURITY_CLASSIFICATION=PUB|TYPE_OF_TRANSFORMATION=IX|aggregation=quarterly_mean,\N,"{""aggregation_method"": ""quarterly_mean"", ""source_derivation_types"": [""O"", ""O"", ""O""], ""source_months"": [""2026-M04"", ""2026-M05"", ""2026-M06""], ""source_observation_count"": 3, ""source_series_dimensions"": {""ACCESS_SHARING_LEVEL"": ""PUBLIC_OPEN"", ""COUNTRY"": ""AUT"", ""FREQUENCY"": ""M"", ""IFS_FLAG"": ""true"", ""INDICATOR"": ""PPI"", ""METHODOLOGY"": ""PPI"", ""OVERLAP"": ""OL"", ""REFERENCE_PERIOD"": ""2010=100"", ""SCALE"": ""0"", ""SECURITY_CLASSIFICATION"": ""PUB"", ""TYPE_OF_TRANSFORMATION"": ""IX""}}"
BEL,producer_price_index_quarterly_imf,2025-Q1,quarterly,159.76161571570472,\N,derived,IMF_PPI,IMF|ACCESS_SHARING_LEVEL=PUBLIC_OPEN|FREQUENCY=M|IFS_FLAG=true|INDICATOR=PPI|METHODOLOGY=PPI|OVERLAP=OL|REFERENCE_PERIOD=2010=100|SCALE=0|SECURITY_CLASSIFICATION=PUB|TYPE_OF_TRANSFORMATION=IX|aggregation=quarterly_mean,\N,"{""aggregation_method"": ""quarterly_mean"", ""source_derivation_types"": [""O"", ""O"", ""O""], ""source_months"": [""2025-M01"", ""2025-M02"", ""2025-M03""], ""source_observation_count"": 3, ""source_series_dimensions"": {""ACCESS_SHARING_LEVEL"": ""PUBLIC_OPEN"", ""COUNTRY"": ""BEL"", ""FREQUENCY"": ""M"", ""IFS_FLAG"": ""true"", ""INDICATOR"": ""PPI"", ""METHODOLOGY"": ""PPI"", ""OVERLAP"": ""OL"", ""REFERENCE_PERIOD"": ""2010=100"", ""SCALE"": ""0"", ""SECURITY_CLASSIFICATION"": ""PUB"", ""TYPE_OF_TRANSFORMATION"": ""IX""}}"
BEL,producer_price_index_quarterly_imf,2025-Q2,quarterly,155.56781812162015,\N,derived,IMF_PPI,IMF|ACCESS_SHARING_LEVEL=PUBLIC_OPEN|FREQUENCY=M|IFS_FLAG=true|INDICATOR=PPI|METHODOLOGY=PPI|OVERLAP=OL|REFERENCE_PERIOD=2010=100|SCALE=0|SECURITY_CLASSIFICATION=PUB|TYPE_OF_TRANSFORMATION=IX|aggregation=quarterly_mean,\N,"{""aggregation_method"": ""quarterly_mean"", ""source_derivation_types"": [""O"", ""O"", ""O""], ""source_months"": [""2025-M04"", ""2025-M05"", ""2025-M06""], ""source_observation_count"": 3, ""source_series_dimensions"": {""ACCESS_SHARING_LEVEL"": ""PUBLIC_OPEN"", ""COUNTRY"": ""BEL"", ""FREQUENCY"": ""M"", ""IFS_FLAG"": ""true"", ""INDICATOR"": ""PPI"", ""METHODOLOGY"": ""PPI"", ""OVERLAP"": ""OL"", ""REFERENCE_PERIOD"": ""2010=100"", ""SCALE"": ""0"", ""SECURITY_CLASSIFICATION"": ""PUB"", ""TYPE_OF_TRANSFORMATION"": ""IX""}}"
BEL,producer_price_index_quarterly_imf,2025-Q3,quarterly,155.78854431078253,\N,derived,IMF_PPI,IMF|ACCESS_SHARING_LEVEL=PUBLIC_OPEN|FREQUENCY=M|IFS_FLAG=true|INDICATOR=PPI|METHODOLOGY=PPI|OVERLAP=OL|REFERENCE_PERIOD=2010=100|SCALE=0|SECURITY_CLASSIFICATION=PUB|TYPE_OF_TRANSFORMATION=IX|aggregation=quarterly_mean,\N,"{""aggregation_method"": ""quarterly_mean"", ""source_derivation_types"": [""O"", ""O"", ""O""], ""source_months"": [""2025-M07"", ""2025-M08"", ""2025-M09""], ""source_observation_count"": 3, ""source_series_dimensions"": {""ACCESS_SHARING_LEVEL"": ""PUBLIC_OPEN"", ""COUNTRY"": ""BEL"", ""FREQUENCY"": ""M"", ""IFS_FLAG"": ""true"", ""INDICATOR"": ""PPI"", ""METHODOLOGY"": ""PPI"", ""OVERLAP"": ""OL"", ""REFERENCE_PERIOD"": ""2010=100"", ""SCALE"": ""0"", ""SECURITY_CLASSIFICATION"": ""PUB"", ""TYPE_OF_TRANSFORMATION"": ""IX""}}"
BEL,producer_price_index_quarterly_imf,2025-Q4,quarterly,156.2299966891072,\N,derived,IMF_PPI,IMF|ACCESS_SHARING_LEVEL=PUBLIC_OPEN|FREQUENCY=M|IFS_FLAG=true|INDICATOR=PPI|METHODOLOGY=PPI|OVERLAP=OL|REFERENCE_PERIOD=2010=100|SCALE=0|SECURITY_CLASSIFICATION=PUB|TYPE_OF_TRANSFORMATION=IX|aggregation=quarterly_mean,\N,"{""aggregation_method"": ""quarterly_mean"", ""source_derivation_types"": [""O"", ""O"", ""O""], ""source_months"": [""2025-M10"", ""2025-M11"", ""2025-M12""], ""source_observation_count"": 3, ""source_series_dimensions"": {""ACCESS_SHARING_LEVEL"": ""PUBLIC_OPEN"", ""COUNTRY"": ""BEL"", ""FREQUENCY"": ""M"", ""IFS_FLAG"": ""true"", ""INDICATOR"": ""PPI"", ""METHODOLOGY"": ""PPI"", ""OVERLAP"": ""OL"", ""REFERENCE_PERIOD"": ""2010=100"", ""SCALE"": ""0"", ""SECURITY_CLASSIFICATION"": ""PUB"", ""TYPE_OF_TRANSFORMATION"": ""IX""}}"
BEL,producer_price_index_quarterly_imf,2026-Q1,quarterly,161.08597285067876,\N,derived,IMF_PPI,IMF|ACCESS_SHARING_LEVEL=PUBLIC_OPEN|FREQUENCY=M|IFS_FLAG=true|INDICATOR=PPI|METHODOLOGY=PPI|OVERLAP=OL|REFERENCE_PERIOD=2010=100|SCALE=0|SECURITY_CLASSIFICATION=PUB|TYPE_OF_TRANSFORMATION=IX|aggregation=quarterly_mean,\N,"{""aggregation_method"": ""quarterly_mean"", ""source_derivation_types"": [""O"", ""O"", ""O""], ""source_months"": [""2026-M01"", ""2026-M02"", ""2026-M03""], ""source_observation_count"": 3, ""source_series_dimensions"": {""ACCESS_SHARING_LEVEL"": ""PUBLIC_OPEN"", ""COUNTRY"": ""BEL"", ""FREQUENCY"": ""M"", ""IFS_FLAG"": ""true"", ""INDICATOR"": ""PPI"", ""METHODOLOGY"": ""PPI"", ""OVERLAP"": ""OL"", ""REFERENCE_PERIOD"": ""2010=100"", ""SCALE"": ""0"", ""SECURITY_CLASSIFICATION"": ""PUB"", ""TYPE_OF_TRANSFORMATION"": ""IX""}}"
BGR,producer_price_index_quarterly_imf,2025-Q1,quarterly,183.29621380846325,\N,derived,IMF_PPI,IMF|ACCESS_SHARING_LEVEL=PUBLIC_OPEN|FREQUENCY=M|IFS_FLAG=true|INDICATOR=PPI|METHODOLOGY=PPI|OVERLAP=OL|REFERENCE_PERIOD=2010=100|SCALE=0|SECURITY_CLASSIFICATION=PUB|TYPE_OF_TRANSFORMATION=IX|aggregation=quarterly_mean,\N,"{""aggregation_method"": ""quarterly_mean"", ""source_derivation_types"": [""O"", ""O"", ""O""], ""source_months"": [""2025-M01"", ""2025-M02"", ""2025-M03""], ""source_observation_count"": 3, ""source_series_dimensions"": {""ACCESS_SHARING_LEVEL"": ""PUBLIC_OPEN"", ""COUNTRY"": ""BGR"", ""FREQUENCY"": ""M"", ""IFS_FLAG"": ""true"", ""INDICATOR"": ""PPI"", ""METHODOLOGY"": ""PPI"", ""OVERLAP"": ""OL"", ""REFERENCE_PERIOD"": ""2010=100"", ""SCALE"": ""0"", ""SECURITY_CLASSIFICATION"": ""PUB"", ""TYPE_OF_TRANSFORMATION"": ""IX""}}"
BGR,producer_price_index_quarterly_imf,2025-Q2,quarterly,173.63028953229403,\N,derived,IMF_PPI,IMF|ACCESS_SHARING_LEVEL=PUBLIC_OPEN|FREQUENCY=M|IFS_FLAG=true|INDICATOR=PPI|METHODOLOGY=PPI|OVERLAP=OL|REFERENCE_PERIOD=2010=100|SCALE=0|SECURITY_CLASSIFICATION=PUB|TYPE_OF_TRANSFORMATION=IX|aggregation=quarterly_mean,\N,"{""aggregation_method"": ""quarterly_mean"", ""source_derivation_types"": [""O"", ""O"", ""O""], ""source_months"": [""2025-M04"", ""2025-M05"", ""2025-M06""], ""source_observation_count"": 3, ""source_series_dimensions"": {""ACCESS_SHARING_LEVEL"": ""PUBLIC_OPEN"", ""COUNTRY"": ""BGR"", ""FREQUENCY"": ""M"", ""IFS_FLAG"": ""true"", ""INDICATOR"": ""PPI"", ""METHODOLOGY"": ""PPI"", ""OVERLAP"": ""OL"", ""REFERENCE_PERIOD"": ""2010=100"", ""SCALE"": ""0"", ""SECURITY_CLASSIFICATION"": ""PUB"", ""TYPE_OF_TRANSFORMATION"": ""IX""}}"
BGR,producer_price_index_quarterly_imf,2025-Q3,quarterly,177.6391982182628,\N,derived,IMF_PPI,IMF|ACCESS_SHARING_LEVEL=PUBLIC_OPEN|FREQUENCY=M|IFS_FLAG=true|INDICATOR=PPI|METHODOLOGY=PPI|OVERLAP=OL|REFERENCE_PERIOD=2010=100|SCALE=0|SECURITY_CLASSIFICATION=PUB|TYPE_OF_TRANSFORMATION=IX|aggregation=quarterly_mean,\N,"{""aggregation_method"": ""quarterly_mean"", ""source_derivation_types"": [""O"", ""O"", ""O""], ""source_months"": [""2025-M07"", ""2025-M08"", ""2025-M09""], ""source_observation_count"": 3, ""source_series_dimensions"": {""ACCESS_SHARING_LEVEL"": ""PUBLIC_OPEN"", ""COUNTRY"": ""BGR"", ""FREQUENCY"": ""M"", ""IFS_FLAG"": ""true"", ""INDICATOR"": ""PPI"", ""METHODOLOGY"": ""PPI"", ""OVERLAP"": ""OL"", ""REFERENCE_PERIOD"": ""2010=100"", ""SCALE"": ""0"", ""SECURITY_CLASSIFICATION"": ""PUB"", ""TYPE_OF_TRANSFORMATION"": ""IX""}}"
BGR,producer_price_index_quarterly_imf,2025-Q4,quarterly,185.61247216035636,\N,derived,IMF_PPI,IMF|ACCESS_SHARING_LEVEL=PUBLIC_OPEN|FREQUENCY=M|IFS_FLAG=true|INDICATOR=PPI|METHODOLOGY=PPI|OVERLAP=OL|REFERENCE_PERIOD=2010=100|SCALE=0|SECURITY_CLASSIFICATION=PUB|TYPE_OF_TRANSFORMATION=IX|aggregation=quarterly_mean,\N,"{""aggregation_method"": ""quarterly_mean"", ""source_derivation_types"": [""O"", ""O"", ""O""], ""source_months"": [""2025-M10"", ""2025-M11"", ""2025-M12""], ""source_observation_count"": 3, ""source_series_dimensions"": {""ACCESS_SHARING_LEVEL"": ""PUBLIC_OPEN"", ""COUNTRY"": ""BGR"", ""FREQUENCY"": ""M"", ""IFS_FLAG"": ""true"", ""INDICATOR"": ""PPI"", ""METHODOLOGY"": ""PPI"", ""OVERLAP"": ""OL"", ""REFERENCE_PERIOD"": ""2010=100"", ""SCALE"": ""0"", ""SECURITY_CLASSIFICATION"": ""PUB"", ""TYPE_OF_TRANSFORMATION"": ""IX""}}"
BGR,producer_price_index_quarterly_imf,2026-Q1,quarterly,200.31180400890875,\N,derived,IMF_PPI,IMF|ACCESS_SHARING_LEVEL=PUBLIC_OPEN|FREQUENCY=M|IFS_FLAG=true|INDICATOR=PPI|METHODOLOGY=PPI|OVERLAP=OL|REFERENCE_PERIOD=2010=100|SCALE=0|SECURITY_CLASSIFICATION=PUB|TYPE_OF_TRANSFORMATION=IX|aggregation=quarterly_mean,\N,"{""aggregation_method"": ""quarterly_mean"", ""source_derivation_types"": [""O"", ""O"", ""O""], ""source_months"": [""2026-M01"", ""2026-M02"", ""2026-M03""], ""source_observation_count"": 3, ""source_series_dimensions"": {""ACCESS_SHARING_LEVEL"": ""PUBLIC_OPEN"", ""COUNTRY"": ""BGR"", ""FREQUENCY"": ""M"", ""IFS_FLAG"": ""true"", ""INDICATOR"": ""PPI"", ""METHODOLOGY"": ""PPI"", ""OVERLAP"": ""OL"", ""REFERENCE_PERIOD"": ""2010=100"", ""SCALE"": ""0"", ""SECURITY_CLASSIFICATION"": ""PUB"", ""TYPE_OF_TRANSFORMATION"": ""IX""}}"
BGR,producer_price_index_quarterly_imf,2026-Q2,quarterly,202.49443207126947,\N,derived,IMF_PPI,IMF|ACCESS_SHARING_LEVEL=PUBLIC_OPEN|FREQUENCY=M|IFS_FLAG=true|INDICATOR=PPI|METHODOLOGY=PPI|OVERLAP=OL|REFERENCE_PERIOD=2010=100|SCALE=0|SECURITY_CLASSIFICATION=PUB|TYPE_OF_TRANSFORMATION=IX|aggregation=quarterly_mean,\N,"{""aggregation_method"": ""quarterly_mean"", ""source_derivation_types"": [""O"", ""O"", ""O""], ""source_months"": [""2026-M04"", ""2026-M05"", ""2026-M06""], ""source_observation_count"": 3, ""source_series_dimensions"": {""ACCESS_SHARING_LEVEL"": ""PUBLIC_OPEN"", ""COUNTRY"": ""BGR"", ""FREQUENCY"": ""M"", ""IFS_FLAG"": ""true"", ""INDICATOR"": ""PPI"", ""METHODOLOGY"": ""PPI"", ""OVERLAP"": ""OL"", ""REFERENCE_PERIOD"": ""2010=100"", ""SCALE"": ""0"", ""SECURITY_CLASSIFICATION"": ""PUB"", ""TYPE_OF_TRANSFORMATION"": ""IX""}}"
BIH,producer_price_index_quarterly_imf,2025-Q1,quarterly,144.51368585664486,\N,derived,IMF_PPI,IMF|ACCESS_SHARING_LEVEL=PUBLIC_OPEN|FREQUENCY=M|IFS_FLAG=true|INDICATOR=PPI|METHODOLOGY=PPI|OVERLAP=OL|REFERENCE_PERIOD=2010=100|SCALE=0|SECURITY_CLASSIFICATION=PUB|TYPE_OF_TRANSFORMATION=IX|aggregation=quarterly_mean,\N,"{""aggregation_method"": ""quarterly_mean"", ""source_derivation_types"": [""O"", ""O"", ""O""], ""source_months"": [""2025-M01"", ""2025-M02"", ""2025-M03""], ""source_observation_count"": 3, ""source_series_dimensions"": {""ACCESS_SHARING_LEVEL"": ""PUBLIC_OPEN"", ""COUNTRY"": ""BIH"", ""FREQUENCY"": ""M"", ""IFS_FLAG"": ""true"", ""INDICATOR"": ""PPI"", ""METHODOLOGY"": ""PPI"", ""OVERLAP"": ""OL"", ""REFERENCE_PERIOD"": ""2010=100"", ""SCALE"": ""0"", ""SECURITY_CLASSIFICATION"": ""PUB"", ""TYPE_OF_TRANSFORMATION"": ""IX""}}"
BIH,producer_price_index_quarterly_imf,2025-Q2,quarterly,145.04262483755807,\N,derived,IMF_PPI,IMF|ACCESS_SHARING_LEVEL=PUBLIC_OPEN|FREQUENCY=M|IFS_FLAG=true|INDICATOR=PPI|METHODOLOGY=PPI|OVERLAP=OL|REFERENCE_PERIOD=2010=100|SCALE=0|SECURITY_CLASSIFICATION=PUB|TYPE_OF_TRANSFORMATION=IX|aggregation=quarterly_mean,\N,"{""aggregation_method"": ""quarterly_mean"", ""source_derivation_types"": [""O"", ""O"", ""O""], ""source_months"": [""2025-M04"", ""2025-M05"", ""2025-M06""], ""source_observation_count"": 3, ""source_series_dimensions"": {""ACCESS_SHARING_LEVEL"": ""PUBLIC_OPEN"", ""COUNTRY"": ""BIH"", ""FREQUENCY"": ""M"", ""IFS_FLAG"": ""true"", ""INDICATOR"": ""PPI"", ""METHODOLOGY"": ""PPI"", ""OVERLAP"": ""OL"", ""REFERENCE_PERIOD"": ""2010=100"", ""SCALE"": ""0"", ""SECURITY_CLASSIFICATION"": ""PUB"", ""TYPE_OF_TRANSFORMATION"": ""IX""}}"
BIH,producer_price_index_quarterly_imf,2025-Q3,quarterly,145.34487568379419,\N,derived,IMF_PPI,IMF|ACCESS_SHARING_LEVEL=PUBLIC_OPEN|FREQUENCY=M|IFS_FLAG=true|INDICATOR=PPI|METHODOLOGY=PPI|OVERLAP=OL|REFERENCE_PERIOD=2010=100|SCALE=0|SECURITY_CLASSIFICATION=PUB|TYPE_OF_TRANSFORMATION=IX|aggregation=quarterly_mean,\N,"{""aggregation_method"": ""quarterly_mean"", ""source_derivation_types"": [""O"", ""O"", ""O""], ""source_months"": [""2025-M07"", ""2025-M08"", ""2025-M09""], ""source_observation_count"": 3, ""source_series_dimensions"": {""ACCESS_SHARING_LEVEL"": ""PUBLIC_OPEN"", ""COUNTRY"": ""BIH"", ""FREQUENCY"": ""M"", ""IFS_FLAG"": ""true"", ""INDICATOR"": ""PPI"", ""METHODOLOGY"": ""PPI"", ""OVERLAP"": ""OL"", ""REFERENCE_PERIOD"": ""2010=100"", ""SCALE"": ""0"", ""SECURITY_CLASSIFICATION"": ""PUB"", ""TYPE_OF_TRANSFORMATION"": ""IX""}}"
BIH,producer_price_index_quarterly_imf,2025-Q4,quarterly,145.79825195314837,\N,derived,IMF_PPI,IMF|ACCESS_SHARING_LEVEL=PUBLIC_OPEN|FREQUENCY=M|IFS_FLAG=true|INDICATOR=PPI|METHODOLOGY=PPI|OVERLAP=OL|REFERENCE_PERIOD=2010=100|SCALE=0|SECURITY_CLASSIFICATION=PUB|TYPE_OF_TRANSFORMATION=IX|aggregation=quarterly_mean,\N,"{""aggregation_method"": ""quarterly_mean"", ""source_derivation_types"": [""O"", ""O"", ""O""], ""source_months"": [""2025-M10"", ""2025-M11"", ""2025-M12""], ""source_observation_count"": 3, ""source_series_dimensions"": {""ACCESS_SHARING_LEVEL"": ""PUBLIC_OPEN"", ""COUNTRY"": ""BIH"", ""FREQUENCY"": ""M"", ""IFS_FLAG"": ""true"", ""INDICATOR"": ""PPI"", ""METHODOLOGY"": ""PPI"", ""OVERLAP"": ""OL"", ""REFERENCE_PERIOD"": ""2010=100"", ""SCALE"": ""0"", ""SECURITY_CLASSIFICATION"": ""PUB"", ""TYPE_OF_TRANSFORMATION"": ""IX""}}"
BIH,producer_price_index_quarterly_imf,2026-Q1,quarterly,147.8762265210217,\N,derived,IMF_PPI,IMF|ACCESS_SHARING_LEVEL=PUBLIC_OPEN|FREQUENCY=M|IFS_FLAG=true|INDICATOR=PPI|METHODOLOGY=PPI|OVERLAP=OL|REFERENCE_PERIOD=2010=100|SCALE=0|SECURITY_CLASSIFICATION=PUB|TYPE_OF_TRANSFORMATION=IX|aggregation=quarterly_mean,\N,"{""aggregation_method"": ""quarterly_mean"", ""source_derivation_types"": [""O"", ""O"", ""O""], ""source_months"": [""2026-M01"", ""2026-M02"", ""2026-M03""], ""source_observation_count"": 3, ""source_series_dimensions"": {""ACCESS_SHARING_LEVEL"": ""PUBLIC_OPEN"", ""COUNTRY"": ""BIH"", ""FREQUENCY"": ""M"", ""IFS_FLAG"": ""true"", ""INDICATOR"": ""PPI"", ""METHODOLOGY"": ""PPI"", ""OVERLAP"": ""OL"", ""REFERENCE_PERIOD"": ""2010=100"", ""SCALE"": ""0"", ""SECURITY_CLASSIFICATION"": ""PUB"", ""TYPE_OF_TRANSFORMATION"": ""IX""}}"
BIH,producer_price_index_quarterly_imf,2026-Q2,quarterly,150.36979600246966,\N,derived,IMF_PPI,IMF|ACCESS_SHARING_LEVEL=PUBLIC_OPEN|FREQUENCY=M|IFS_FLAG=true|INDICATOR=PPI|METHODOLOGY=PPI|OVERLAP=OL|REFERENCE_PERIOD=2010=100|SCALE=0|SECURITY_CLASSIFICATION=PUB|TYPE_OF_TRANSFORMATION=IX|aggregation=quarterly_mean,\N,"{""aggregation_method"": ""quarterly_mean"", ""source_derivation_types"": [""O"", ""O"", ""O""], ""source_months"": [""2026-M04"", ""2026-M05"", ""2026-M06""], ""source_observation_count"": 3, ""source_series_dimensions"": {""ACCESS_SHARING_LEVEL"": ""PUBLIC_OPEN"", ""COUNTRY"": ""BIH"", ""FREQUENCY"": ""M"", ""IFS_FLAG"": ""true"", ""INDICATOR"": ""PPI"", ""METHODOLOGY"": ""PPI"", ""OVERLAP"": ""OL"", ""REFERENCE_PERIOD"": ""2010=100"", ""SCALE"": ""0"", ""SECURITY_CLASSIFICATION"": ""PUB"", ""TYPE_OF_TRANSFORMATION"": ""IX""}}"
BLR,producer_price_index_quarterly_imf,2025-Q1,quarterly,245.97353497164463,\N,derived,IMF_PPI,IMF|ACCESS_SHARING_LEVEL=PUBLIC_OPEN|FREQUENCY=M|IFS_FLAG=true|INDICATOR=PPI|METHODOLOGY=PPI|OVERLAP=OL|REFERENCE_PERIOD=2010=100|SCALE=0|SECURITY_CLASSIFICATION=PUB|TYPE_OF_TRANSFORMATION=IX|aggregation=quarterly_mean,\N,"{""aggregation_method"": ""quarterly_mean"", ""source_derivation_types"": [""O"", ""O"", ""O""], ""source_months"": [""2025-M01"", ""2025-M02"", ""2025-M03""], ""source_observation_count"": 3, ""source_series_dimensions"": {""ACCESS_SHARING_LEVEL"": ""PUBLIC_OPEN"", ""COUNTRY"": ""BLR"", ""FREQUENCY"": ""M"", ""IFS_FLAG"": ""true"", ""INDICATOR"": ""PPI"", ""METHODOLOGY"": ""PPI"", ""OVERLAP"": ""OL"", ""REFERENCE_PERIOD"": ""2010=100"", ""SCALE"": ""0"", ""SECURITY_CLASSIFICATION"": ""PUB"", ""TYPE_OF_TRANSFORMATION"": ""IX""}}"
BLR,producer_price_index_quarterly_imf,2025-Q2,quarterly,252.38700807698913,\N,derived,IMF_PPI,IMF|ACCESS_SHARING_LEVEL=PUBLIC_OPEN|FREQUENCY=M|IFS_FLAG=true|INDICATOR=PPI|METHODOLOGY=PPI|OVERLAP=OL|REFERENCE_PERIOD=2010=100|SCALE=0|SECURITY_CLASSIFICATION=PUB|TYPE_OF_TRANSFORMATION=IX|aggregation=quarterly_mean,\N,"{""aggregation_method"": ""quarterly_mean"", ""source_derivation_types"": [""O"", ""O"", ""O""], ""source_months"": [""2025-M04"", ""2025-M05"", ""2025-M06""], ""source_observation_count"": 3, ""source_series_dimensions"": {""ACCESS_SHARING_LEVEL"": ""PUBLIC_OPEN"", ""COUNTRY"": ""BLR"", ""FREQUENCY"": ""M"", ""IFS_FLAG"": ""true"", ""INDICATOR"": ""PPI"", ""METHODOLOGY"": ""PPI"", ""OVERLAP"": ""OL"", ""REFERENCE_PERIOD"": ""2010=100"", ""SCALE"": ""0"", ""SECURITY_CLASSIFICATION"": ""PUB"", ""TYPE_OF_TRANSFORMATION"": ""IX""}}"
BLR,producer_price_index_quarterly_imf,2025-Q3,quarterly,254.43890702869905,\N,derived,IMF_PPI,IMF|ACCESS_SHARING_LEVEL=PUBLIC_OPEN|FREQUENCY=M|IFS_FLAG=true|INDICATOR=PPI|METHODOLOGY=PPI|OVERLAP=OL|REFERENCE_PERIOD=2010=100|SCALE=0|SECURITY_CLASSIFICATION=PUB|TYPE_OF_TRANSFORMATION=IX|aggregation=quarterly_mean,\N,"{""aggregation_method"": ""quarterly_mean"", ""source_derivation_types"": [""O"", ""O"", ""O""], ""source_months"": [""2025-M07"", ""2025-M08"", ""2025-M09""], ""source_observation_count"": 3, ""source_series_dimensions"": {""ACCESS_SHARING_LEVEL"": ""PUBLIC_OPEN"", ""COUNTRY"": ""BLR"", ""FREQUENCY"": ""M"", ""IFS_FLAG"": ""true"", ""INDICATOR"": ""PPI"", ""METHODOLOGY"": ""PPI"", ""OVERLAP"": ""OL"", ""REFERENCE_PERIOD"": ""2010=100"", ""SCALE"": ""0"", ""SECURITY_CLASSIFICATION"": ""PUB"", ""TYPE_OF_TRANSFORMATION"": ""IX""}}"
BLR,producer_price_index_quarterly_imf,2025-Q4,quarterly,254.8493803266657,\N,derived,IMF_PPI,IMF|ACCESS_SHARING_LEVEL=PUBLIC_OPEN|FREQUENCY=M|IFS_FLAG=true|INDICATOR=PPI|METHODOLOGY=PPI|OVERLAP=OL|REFERENCE_PERIOD=2010=100|SCALE=0|SECURITY_CLASSIFICATION=PUB|TYPE_OF_TRANSFORMATION=IX|aggregation=quarterly_mean,\N,"{""aggregation_method"": ""quarterly_mean"", ""source_derivation_types"": [""O"", ""O"", ""O""], ""source_months"": [""2025-M10"", ""2025-M11"", ""2025-M12""], ""source_observation_count"": 3, ""source_series_dimensions"": {""ACCESS_SHARING_LEVEL"": ""PUBLIC_OPEN"", ""COUNTRY"": ""BLR"", ""FREQUENCY"": ""M"", ""IFS_FLAG"": ""true"", ""INDICATOR"": ""PPI"", ""METHODOLOGY"": ""PPI"", ""OVERLAP"": ""OL"", ""REFERENCE_PERIOD"": ""2010=100"", ""SCALE"": ""0"", ""SECURITY_CLASSIFICATION"": ""PUB"", ""TYPE_OF_TRANSFORMATION"": ""IX""}}"
BLR,producer_price_index_quarterly_imf,2026-Q1,quarterly,257.715824830842,\N,derived,IMF_PPI,IMF|ACCESS_SHARING_LEVEL=PUBLIC_OPEN|FREQUENCY=M|IFS_FLAG=true|INDICATOR=PPI|METHODOLOGY=PPI|OVERLAP=OL|REFERENCE_PERIOD=2010=100|SCALE=0|SECURITY_CLASSIFICATION=PUB|TYPE_OF_TRANSFORMATION=IX|aggregation=quarterly_mean,\N,"{""aggregation_method"": ""quarterly_mean"", ""source_derivation_types"": [""O"", ""O"", ""O""], ""source_months"": [""2026-M01"", ""2026-M02"", ""2026-M03""], ""source_observation_count"": 3, ""source_series_dimensions"": {""ACCESS_SHARING_LEVEL"": ""PUBLIC_OPEN"", ""COUNTRY"": ""BLR"", ""FREQUENCY"": ""M"", ""IFS_FLAG"": ""true"", ""INDICATOR"": ""PPI"", ""METHODOLOGY"": ""PPI"", ""OVERLAP"": ""OL"", ""REFERENCE_PERIOD"": ""2010=100"", ""SCALE"": ""0"", ""SECURITY_CLASSIFICATION"": ""PUB"", ""TYPE_OF_TRANSFORMATION"": ""IX""}}"
BLR,producer_price_index_quarterly_imf,2026-Q2,quarterly,264.98711118748923,\N,derived,IMF_PPI,IMF|ACCESS_SHARING_LEVEL=PUBLIC_OPEN|FREQUENCY=M|IFS_FLAG=true|INDICATOR=PPI|METHODOLOGY=PPI|OVERLAP=OL|REFERENCE_PERIOD=2010=100|SCALE=0|SECURITY_CLASSIFICATION=PUB|TYPE_OF_TRANSFORMATION=IX|aggregation=quarterly_mean,\N,"{""aggregation_method"": ""quarterly_mean"", ""source_derivation_types"": [""O"", ""O"", ""O""], ""source_months"": [""2026-M04"", ""2026-M05"", ""2026-M06""], ""source_observation_count"": 3, ""source_series_dimensions"": {""ACCESS_SHARING_LEVEL"": ""PUBLIC_OPEN"", ""COUNTRY"": ""BLR"", ""FREQUENCY"": ""M"", ""IFS_FLAG"": ""true"", ""INDICATOR"": ""PPI"", ""METHODOLOGY"": ""PPI"", ""OVERLAP"": ""OL"", ""REFERENCE_PERIOD"": ""2010=100"", ""SCALE"": ""0"", ""SECURITY_CLASSIFICATION"": ""PUB"", ""TYPE_OF_TRANSFORMATION"": ""IX""}}"
BRA,producer_price_index_quarterly_imf,2025-Q1,quarterly,371.5114400693131,\N,derived,IMF_PPI,IMF|ACCESS_SHARING_LEVEL=PUBLIC_OPEN|FREQUENCY=M|IFS_FLAG=true|INDICATOR=PPI|METHODOLOGY=PPI|OVERLAP=OL|REFERENCE_PERIOD=2010=100|SCALE=0|SECURITY_CLASSIFICATION=PUB|TYPE_OF_TRANSFORMATION=IX|aggregation=quarterly_mean,\N,"{""aggregation_method"": ""quarterly_mean"", ""source_derivation_types"": [""O"", ""O"", ""O""], ""source_months"": [""2025-M01"", ""2025-M02"", ""2025-M03""], ""source_observation_count"": 3, ""source_series_dimensions"": {""ACCESS_SHARING_LEVEL"": ""PUBLIC_OPEN"", ""COUNTRY"": ""BRA"", ""FREQUENCY"": ""M"", ""IFS_FLAG"": ""true"", ""INDICATOR"": ""PPI"", ""METHODOLOGY"": ""PPI"", ""OVERLAP"": ""OL"", ""REFERENCE_PERIOD"": ""2010=100"", ""SCALE"": ""0"", ""SECURITY_CLASSIFICATION"": ""PUB"", ""TYPE_OF_TRANSFORMATION"": ""IX""}}"
CHE,producer_price_index_quarterly_imf,2025-Q1,quarterly,98.00667028620178,\N,derived,IMF_PPI,IMF|ACCESS_SHARING_LEVEL=PUBLIC_OPEN|FREQUENCY=M|IFS_FLAG=true|INDICATOR=PPI|METHODOLOGY=PPI|OVERLAP=OL|REFERENCE_PERIOD=2010=100|SCALE=0|SECURITY_CLASSIFICATION=PUB|TYPE_OF_TRANSFORMATION=IX|aggregation=quarterly_mean,\N,"{""aggregation_method"": ""quarterly_mean"", ""source_derivation_types"": [""O"", ""O"", ""O""], ""source_months"": [""2025-M01"", ""2025-M02"", ""2025-M03""], ""source_observation_count"": 3, ""source_series_dimensions"": {""ACCESS_SHARING_LEVEL"": ""PUBLIC_OPEN"", ""COUNTRY"": ""CHE"", ""FREQUENCY"": ""M"", ""IFS_FLAG"": ""true"", ""INDICATOR"": ""PPI"", ""METHODOLOGY"": ""PPI"", ""OVERLAP"": ""OL"", ""REFERENCE_PERIOD"": ""2010=100"", ""SCALE"": ""0"", ""SECURITY_CLASSIFICATION"": ""PUB"", ""TYPE_OF_TRANSFORMATION"": ""IX""}}"
CHE,producer_price_index_quarterly_imf,2025-Q2,quarterly,98.25486698208329,\N,derived,IMF_PPI,IMF|ACCESS_SHARING_LEVEL=PUBLIC_OPEN|FREQUENCY=M|IFS_FLAG=true|INDICATOR=PPI|METHODOLOGY=PPI|OVERLAP=OL|REFERENCE_PERIOD=2010=100|SCALE=0|SECURITY_CLASSIFICATION=PUB|TYPE_OF_TRANSFORMATION=IX|aggregation=quarterly_mean,\N,"{""aggregation_method"": ""quarterly_mean"", ""source_derivation_types"": [""O"", ""O"", ""O""], ""source_months"": [""2025-M04"", ""2025-M05"", ""2025-M06""], ""source_observation_count"": 3, ""source_series_dimensions"": {""ACCESS_SHARING_LEVEL"": ""PUBLIC_OPEN"", ""COUNTRY"": ""CHE"", ""FREQUENCY"": ""M"", ""IFS_FLAG"": ""true"", ""INDICATOR"": ""PPI"", ""METHODOLOGY"": ""PPI"", ""OVERLAP"": ""OL"", ""REFERENCE_PERIOD"": ""2010=100"", ""SCALE"": ""0"", ""SECURITY_CLASSIFICATION"": ""PUB"", ""TYPE_OF_TRANSFORMATION"": ""IX""}}"
CHE,producer_price_index_quarterly_imf,2025-Q3,quarterly,97.35515395951286,\N,derived,IMF_PPI,IMF|ACCESS_SHARING_LEVEL=PUBLIC_OPEN|FREQUENCY=M|IFS_FLAG=true|INDICATOR=PPI|METHODOLOGY=PPI|OVERLAP=OL|REFERENCE_PERIOD=2010=100|SCALE=0|SECURITY_CLASSIFICATION=PUB|TYPE_OF_TRANSFORMATION=IX|aggregation=quarterly_mean,\N,"{""aggregation_method"": ""quarterly_mean"", ""source_derivation_types"": [""O"", ""O"", ""O""], ""source_months"": [""2025-M07"", ""2025-M08"", ""2025-M09""], ""source_observation_count"": 3, ""source_series_dimensions"": {""ACCESS_SHARING_LEVEL"": ""PUBLIC_OPEN"", ""COUNTRY"": ""CHE"", ""FREQUENCY"": ""M"", ""IFS_FLAG"": ""true"", ""INDICATOR"": ""PPI"", ""METHODOLOGY"": ""PPI"", ""OVERLAP"": ""OL"", ""REFERENCE_PERIOD"": ""2010=100"", ""SCALE"": ""0"", ""SECURITY_CLASSIFICATION"": ""PUB"", ""TYPE_OF_TRANSFORMATION"": ""IX""}}"
CHE,producer_price_index_quarterly_imf,2025-Q4,quarterly,96.57953928488324,\N,derived,IMF_PPI,IMF|ACCESS_SHARING_LEVEL=PUBLIC_OPEN|FREQUENCY=M|IFS_FLAG=true|INDICATOR=PPI|METHODOLOGY=PPI|OVERLAP=OL|REFERENCE_PERIOD=2010=100|SCALE=0|SECURITY_CLASSIFICATION=PUB|TYPE_OF_TRANSFORMATION=IX|aggregation=quarterly_mean,\N,"{""aggregation_method"": ""quarterly_mean"", ""source_derivation_types"": [""O"", ""O"", ""O""], ""source_months"": [""2025-M10"", ""2025-M11"", ""2025-M12""], ""source_observation_count"": 3, ""source_series_dimensions"": {""ACCESS_SHARING_LEVEL"": ""PUBLIC_OPEN"", ""COUNTRY"": ""CHE"", ""FREQUENCY"": ""M"", ""IFS_FLAG"": ""true"", ""INDICATOR"": ""PPI"", ""METHODOLOGY"": ""PPI"", ""OVERLAP"": ""OL"", ""REFERENCE_PERIOD"": ""2010=100"", ""SCALE"": ""0"", ""SECURITY_CLASSIFICATION"": ""PUB"", ""TYPE_OF_TRANSFORMATION"": ""IX""}}"
CHE,producer_price_index_quarterly_imf,2026-Q1,quarterly,95.95904754517953,\N,derived,IMF_PPI,IMF|ACCESS_SHARING_LEVEL=PUBLIC_OPEN|FREQUENCY=M|IFS_FLAG=true|INDICATOR=PPI|METHODOLOGY=PPI|OVERLAP=OL|REFERENCE_PERIOD=2010=100|SCALE=0|SECURITY_CLASSIFICATION=PUB|TYPE_OF_TRANSFORMATION=IX|aggregation=quarterly_mean,\N,"{""aggregation_method"": ""quarterly_mean"", ""source_derivation_types"": [""O"", ""O"", ""O""], ""source_months"": [""2026-M01"", ""2026-M02"", ""2026-M03""], ""source_observation_count"": 3, ""source_series_dimensions"": {""ACCESS_SHARING_LEVEL"": ""PUBLIC_OPEN"", ""COUNTRY"": ""CHE"", ""FREQUENCY"": ""M"", ""IFS_FLAG"": ""true"", ""INDICATOR"": ""PPI"", ""METHODOLOGY"": ""PPI"", ""OVERLAP"": ""OL"", ""REFERENCE_PERIOD"": ""2010=100"", ""SCALE"": ""0"", ""SECURITY_CLASSIFICATION"": ""PUB"", ""TYPE_OF_TRANSFORMATION"": ""IX""}}"
CRI,producer_price_index_quarterly_imf,2025-Q1,quarterly,162.8274438125411,\N,derived,IMF_PPI,IMF|ACCESS_SHARING_LEVEL=PUBLIC_OPEN|FREQUENCY=M|IFS_FLAG=true|INDICATOR=PPI|METHODOLOGY=PPI|OVERLAP=OL|REFERENCE_PERIOD=2010=100|SCALE=0|SECURITY_CLASSIFICATION=PUB|TYPE_OF_TRANSFORMATION=IX|aggregation=quarterly_mean,\N,"{""aggregation_method"": ""quarterly_mean"", ""source_derivation_types"": [""O"", ""O"", ""O""], ""source_months"": [""2025-M01"", ""2025-M02"", ""2025-M03""], ""source_observation_count"": 3, ""source_series_dimensions"": {""ACCESS_SHARING_LEVEL"": ""PUBLIC_OPEN"", ""COUNTRY"": ""CRI"", ""FREQUENCY"": ""M"", ""IFS_FLAG"": ""true"", ""INDICATOR"": ""PPI"", ""METHODOLOGY"": ""PPI"", ""OVERLAP"": ""OL"", ""REFERENCE_PERIOD"": ""2010=100"", ""SCALE"": ""0"", ""SECURITY_CLASSIFICATION"": ""PUB"", ""TYPE_OF_TRANSFORMATION"": ""IX""}}"
CRI,producer_price_index_quarterly_imf,2025-Q2,quarterly,163.50640236635988,\N,derived,IMF_PPI,IMF|ACCESS_SHARING_LEVEL=PUBLIC_OPEN|FREQUENCY=M|IFS_FLAG=true|INDICATOR=PPI|METHODOLOGY=PPI|OVERLAP=OL|REFERENCE_PERIOD=2010=100|SCALE=0|SECURITY_CLASSIFICATION=PUB|TYPE_OF_TRANSFORMATION=IX|aggregation=quarterly_mean,\N,"{""aggregation_method"": ""quarterly_mean"", ""source_derivation_types"": [""O"", ""O"", ""O""], ""source_months"": [""2025-M04"", ""2025-M05"", ""2025-M06""], ""source_observation_count"": 3, ""source_series_dimensions"": {""ACCESS_SHARING_LEVEL"": ""PUBLIC_OPEN"", ""COUNTRY"": ""CRI"", ""FREQUENCY"": ""M"", ""IFS_FLAG"": ""true"", ""INDICATOR"": ""PPI"", ""METHODOLOGY"": ""PPI"", ""OVERLAP"": ""OL"", ""REFERENCE_PERIOD"": ""2010=100"", ""SCALE"": ""0"", ""SECURITY_CLASSIFICATION"": ""PUB"", ""TYPE_OF_TRANSFORMATION"": ""IX""}}"
CRI,producer_price_index_quarterly_imf,2025-Q3,quarterly,163.5831071621454,\N,derived,IMF_PPI,IMF|ACCESS_SHARING_LEVEL=PUBLIC_OPEN|FREQUENCY=M|IFS_FLAG=true|INDICATOR=PPI|METHODOLOGY=PPI|OVERLAP=OL|REFERENCE_PERIOD=2010=100|SCALE=0|SECURITY_CLASSIFICATION=PUB|TYPE_OF_TRANSFORMATION=IX|aggregation=quarterly_mean,\N,"{""aggregation_method"": ""quarterly_mean"", ""source_derivation_types"": [""O"", ""O"", ""O""], ""source_months"": [""2025-M07"", ""2025-M08"", ""2025-M09""], ""source_observation_count"": 3, ""source_series_dimensions"": {""ACCESS_SHARING_LEVEL"": ""PUBLIC_OPEN"", ""COUNTRY"": ""CRI"", ""FREQUENCY"": ""M"", ""IFS_FLAG"": ""true"", ""INDICATOR"": ""PPI"", ""METHODOLOGY"": ""PPI"", ""OVERLAP"": ""OL"", ""REFERENCE_PERIOD"": ""2010=100"", ""SCALE"": ""0"", ""SECURITY_CLASSIFICATION"": ""PUB"", ""TYPE_OF_TRANSFORMATION"": ""IX""}}"
CRI,producer_price_index_quarterly_imf,2025-Q4,quarterly,164.32946154024896,\N,derived,IMF_PPI,IMF|ACCESS_SHARING_LEVEL=PUBLIC_OPEN|FREQUENCY=M|IFS_FLAG=true|INDICATOR=PPI|METHODOLOGY=PPI|OVERLAP=OL|REFERENCE_PERIOD=2010=100|SCALE=0|SECURITY_CLASSIFICATION=PUB|TYPE_OF_TRANSFORMATION=IX|aggregation=quarterly_mean,\N,"{""aggregation_method"": ""quarterly_mean"", ""source_derivation_types"": [""O"", ""O"", ""O""], ""source_months"": [""2025-M10"", ""2025-M11"", ""2025-M12""], ""source_observation_count"": 3, ""source_series_dimensions"": {""ACCESS_SHARING_LEVEL"": ""PUBLIC_OPEN"", ""COUNTRY"": ""CRI"", ""FREQUENCY"": ""M"", ""IFS_FLAG"": ""true"", ""INDICATOR"": ""PPI"", ""METHODOLOGY"": ""PPI"", ""OVERLAP"": ""OL"", ""REFERENCE_PERIOD"": ""2010=100"", ""SCALE"": ""0"", ""SECURITY_CLASSIFICATION"": ""PUB"", ""TYPE_OF_TRANSFORMATION"": ""IX""}}"
CRI,producer_price_index_quarterly_imf,2026-Q1,quarterly,168.73244338036054,\N,derived,IMF_PPI,IMF|ACCESS_SHARING_LEVEL=PUBLIC_OPEN|FREQUENCY=M|IFS_FLAG=true|INDICATOR=PPI|METHODOLOGY=PPI|OVERLAP=OL|REFERENCE_PERIOD=2010=100|SCALE=0|SECURITY_CLASSIFICATION=PUB|TYPE_OF_TRANSFORMATION=IX|aggregation=quarterly_mean,\N,"{""aggregation_method"": ""quarterly_mean"", ""source_derivation_types"": [""O"", ""O"", ""O""], ""source_months"": [""2026-M01"", ""2026-M02"", ""2026-M03""], ""source_observation_count"": 3, ""source_series_dimensions"": {""ACCESS_SHARING_LEVEL"": ""PUBLIC_OPEN"", ""COUNTRY"": ""CRI"", ""FREQUENCY"": ""M"", ""IFS_FLAG"": ""true"", ""INDICATOR"": ""PPI"", ""METHODOLOGY"": ""PPI"", ""OVERLAP"": ""OL"", ""REFERENCE_PERIOD"": ""2010=100"", ""SCALE"": ""0"", ""SECURITY_CLASSIFICATION"": ""PUB"", ""TYPE_OF_TRANSFORMATION"": ""IX""}}"
CRI,producer_price_index_quarterly_imf,2026-Q2,quarterly,177.92167096176937,\N,derived,IMF_PPI,IMF|ACCESS_SHARING_LEVEL=PUBLIC_OPEN|FREQUENCY=M|IFS_FLAG=true|INDICATOR=PPI|METHODOLOGY=PPI|OVERLAP=OL|REFERENCE_PERIOD=2010=100|SCALE=0|SECURITY_CLASSIFICATION=PUB|TYPE_OF_TRANSFORMATION=IX|aggregation=quarterly_mean,\N,"{""aggregation_method"": ""quarterly_mean"", ""source_derivation_types"": [""O"", ""O"", ""O""], ""source_months"": [""2026-M04"", ""2026-M05"", ""2026-M06""], ""source_observation_count"": 3, ""source_series_dimensions"": {""ACCESS_SHARING_LEVEL"": ""PUBLIC_OPEN"", ""COUNTRY"": ""CRI"", ""FREQUENCY"": ""M"", ""IFS_FLAG"": ""true"", ""INDICATOR"": ""PPI"", ""METHODOLOGY"": ""PPI"", ""OVERLAP"": ""OL"", ""REFERENCE_PERIOD"": ""2010=100"", ""SCALE"": ""0"", ""SECURITY_CLASSIFICATION"": ""PUB"", ""TYPE_OF_TRANSFORMATION"": ""IX""}}"
CYP,producer_price_index_quarterly_imf,2025-Q1,quarterly,131.63420981782278,\N,derived,IMF_PPI,IMF|ACCESS_SHARING_LEVEL=PUBLIC_OPEN|FREQUENCY=M|IFS_FLAG=true|INDICATOR=PPI|METHODOLOGY=PPI|OVERLAP=OL|REFERENCE_PERIOD=2010=100|SCALE=0|SECURITY_CLASSIFICATION=PUB|TYPE_OF_TRANSFORMATION=IX|aggregation=quarterly_mean,\N,"{""aggregation_method"": ""quarterly_mean"", ""source_derivation_types"": [""O"", ""O"", ""O""], ""source_months"": [""2025-M01"", ""2025-M02"", ""2025-M03""], ""source_observation_count"": 3, ""source_series_dimensions"": {""ACCESS_SHARING_LEVEL"": ""PUBLIC_OPEN"", ""COUNTRY"": ""CYP"", ""FREQUENCY"": ""M"", ""IFS_FLAG"": ""true"", ""INDICATOR"": ""PPI"", ""METHODOLOGY"": ""PPI"", ""OVERLAP"": ""OL"", ""REFERENCE_PERIOD"": ""2010=100"", ""SCALE"": ""0"", ""SECURITY_CLASSIFICATION"": ""PUB"", ""TYPE_OF_TRANSFORMATION"": ""IX""}}"
CYP,producer_price_index_quarterly_imf,2025-Q2,quarterly,132.675222112537,\N,derived,IMF_PPI,IMF|ACCESS_SHARING_LEVEL=PUBLIC_OPEN|FREQUENCY=M|IFS_FLAG=true|INDICATOR=PPI|METHODOLOGY=PPI|OVERLAP=OL|REFERENCE_PERIOD=2010=100|SCALE=0|SECURITY_CLASSIFICATION=PUB|TYPE_OF_TRANSFORMATION=IX|aggregation=quarterly_mean,\N,"{""aggregation_method"": ""quarterly_mean"", ""source_derivation_types"": [""O"", ""O"", ""O""], ""source_months"": [""2025-M04"", ""2025-M05"", ""2025-M06""], ""source_observation_count"": 3, ""source_series_dimensions"": {""ACCESS_SHARING_LEVEL"": ""PUBLIC_OPEN"", ""COUNTRY"": ""CYP"", ""FREQUENCY"": ""M"", ""IFS_FLAG"": ""true"", ""INDICATOR"": ""PPI"", ""METHODOLOGY"": ""PPI"", ""OVERLAP"": ""OL"", ""REFERENCE_PERIOD"": ""2010=100"", ""SCALE"": ""0"", ""SECURITY_CLASSIFICATION"": ""PUB"", ""TYPE_OF_TRANSFORMATION"": ""IX""}}"
CYP,producer_price_index_quarterly_imf,2025-Q3,quarterly,132.99829489365518,\N,derived,IMF_PPI,IMF|ACCESS_SHARING_LEVEL=PUBLIC_OPEN|FREQUENCY=M|IFS_FLAG=true|INDICATOR=PPI|METHODOLOGY=PPI|OVERLAP=OL|REFERENCE_PERIOD=2010=100|SCALE=0|SECURITY_CLASSIFICATION=PUB|TYPE_OF_TRANSFORMATION=IX|aggregation=quarterly_mean,\N,"{""aggregation_method"": ""quarterly_mean"", ""source_derivation_types"": [""O"", ""O"", ""O""], ""source_months"": [""2025-M07"", ""2025-M08"", ""2025-M09""], ""source_observation_count"": 3, ""source_series_dimensions"": {""ACCESS_SHARING_LEVEL"": ""PUBLIC_OPEN"", ""COUNTRY"": ""CYP"", ""FREQUENCY"": ""M"", ""IFS_FLAG"": ""true"", ""INDICATOR"": ""PPI"", ""METHODOLOGY"": ""PPI"", ""OVERLAP"": ""OL"", ""REFERENCE_PERIOD"": ""2010=100"", ""SCALE"": ""0"", ""SECURITY_CLASSIFICATION"": ""PUB"", ""TYPE_OF_TRANSFORMATION"": ""IX""}}"
CYP,producer_price_index_quarterly_imf,2025-Q4,quarterly,132.6034281611774,\N,derived,IMF_PPI,IMF|ACCESS_SHARING_LEVEL=PUBLIC_OPEN|FREQUENCY=M|IFS_FLAG=true|INDICATOR=PPI|METHODOLOGY=PPI|OVERLAP=OL|REFERENCE_PERIOD=2010=100|SCALE=0|SECURITY_CLASSIFICATION=PUB|TYPE_OF_TRANSFORMATION=IX|aggregation=quarterly_mean,\N,"{""aggregation_method"": ""quarterly_mean"", ""source_derivation_types"": [""O"", ""O"", ""O""], ""source_months"": [""2025-M10"", ""2025-M11"", ""2025-M12""], ""source_observation_count"": 3, ""source_series_dimensions"": {""ACCESS_SHARING_LEVEL"": ""PUBLIC_OPEN"", ""COUNTRY"": ""CYP"", ""FREQUENCY"": ""M"", ""IFS_FLAG"": ""true"", ""INDICATOR"": ""PPI"", ""METHODOLOGY"": ""PPI"", ""OVERLAP"": ""OL"", ""REFERENCE_PERIOD"": ""2010=100"", ""SCALE"": ""0"", ""SECURITY_CLASSIFICATION"": ""PUB"", ""TYPE_OF_TRANSFORMATION"": ""IX""}}"
CYP,producer_price_index_quarterly_imf,2026-Q1,quarterly,131.59831284214297,\N,derived,IMF_PPI,IMF|ACCESS_SHARING_LEVEL=PUBLIC_OPEN|FREQUENCY=M|IFS_FLAG=true|INDICATOR=PPI|METHODOLOGY=PPI|OVERLAP=OL|REFERENCE_PERIOD=2010=100|SCALE=0|SECURITY_CLASSIFICATION=PUB|TYPE_OF_TRANSFORMATION=IX|aggregation=quarterly_mean,\N,"{""aggregation_method"": ""quarterly_mean"", ""source_derivation_types"": [""O"", ""O"", ""O""], ""source_months"": [""2026-M01"", ""2026-M02"", ""2026-M03""], ""source_observation_count"": 3, ""source_series_dimensions"": {""ACCESS_SHARING_LEVEL"": ""PUBLIC_OPEN"", ""COUNTRY"": ""CYP"", ""FREQUENCY"": ""M"", ""IFS_FLAG"": ""true"", ""INDICATOR"": ""PPI"", ""METHODOLOGY"": ""PPI"", ""OVERLAP"": ""OL"", ""REFERENCE_PERIOD"": ""2010=100"", ""SCALE"": ""0"", ""SECURITY_CLASSIFICATION"": ""PUB"", ""TYPE_OF_TRANSFORMATION"": ""IX""}}"
CZE,producer_price_index_quarterly_imf,2025-Q1,quarterly,152.71904637605496,\N,derived,IMF_PPI,IMF|ACCESS_SHARING_LEVEL=PUBLIC_OPEN|FREQUENCY=M|IFS_FLAG=true|INDICATOR=PPI|METHODOLOGY=PPI|OVERLAP=OL|REFERENCE_PERIOD=2010=100|SCALE=0|SECURITY_CLASSIFICATION=PUB|TYPE_OF_TRANSFORMATION=IX|aggregation=quarterly_mean,\N,"{""aggregation_method"": ""quarterly_mean"", ""source_derivation_types"": [""O"", ""O"", ""O""], ""source_months"": [""2025-M01"", ""2025-M02"", ""2025-M03""], ""source_observation_count"": 3, ""source_series_dimensions"": {""ACCESS_SHARING_LEVEL"": ""PUBLIC_OPEN"", ""COUNTRY"": ""CZE"", ""FREQUENCY"": ""M"", ""IFS_FLAG"": ""true"", ""INDICATOR"": ""PPI"", ""METHODOLOGY"": ""PPI"", ""OVERLAP"": ""OL"", ""REFERENCE_PERIOD"": ""2010=100"", ""SCALE"": ""0"", ""SECURITY_CLASSIFICATION"": ""PUB"", ""TYPE_OF_TRANSFORMATION"": ""IX""}}"
CZE,producer_price_index_quarterly_imf,2025-Q2,quarterly,150.45679979117725,\N,derived,IMF_PPI,IMF|ACCESS_SHARING_LEVEL=PUBLIC_OPEN|FREQUENCY=M|IFS_FLAG=true|INDICATOR=PPI|METHODOLOGY=PPI|OVERLAP=OL|REFERENCE_PERIOD=2010=100|SCALE=0|SECURITY_CLASSIFICATION=PUB|TYPE_OF_TRANSFORMATION=IX|aggregation=quarterly_mean,\N,"{""aggregation_method"": ""quarterly_mean"", ""source_derivation_types"": [""O"", ""O"", ""O""], ""source_months"": [""2025-M04"", ""2025-M05"", ""2025-M06""], ""source_observation_count"": 3, ""source_series_dimensions"": {""ACCESS_SHARING_LEVEL"": ""PUBLIC_OPEN"", ""COUNTRY"": ""CZE"", ""FREQUENCY"": ""M"", ""IFS_FLAG"": ""true"", ""INDICATOR"": ""PPI"", ""METHODOLOGY"": ""PPI"", ""OVERLAP"": ""OL"", ""REFERENCE_PERIOD"": ""2010=100"", ""SCALE"": ""0"", ""SECURITY_CLASSIFICATION"": ""PUB"", ""TYPE_OF_TRANSFORMATION"": ""IX""}}"
CZE,producer_price_index_quarterly_imf,2025-Q3,quarterly,149.83033150613417,\N,derived,IMF_PPI,IMF|ACCESS_SHARING_LEVEL=PUBLIC_OPEN|FREQUENCY=M|IFS_FLAG=true|INDICATOR=PPI|METHODOLOGY=PPI|OVERLAP=OL|REFERENCE_PERIOD=2010=100|SCALE=0|SECURITY_CLASSIFICATION=PUB|TYPE_OF_TRANSFORMATION=IX|aggregation=quarterly_mean,\N,"{""aggregation_method"": ""quarterly_mean"", ""source_derivation_types"": [""O"", ""O"", ""O""], ""source_months"": [""2025-M07"", ""2025-M08"", ""2025-M09""], ""source_observation_count"": 3, ""source_series_dimensions"": {""ACCESS_SHARING_LEVEL"": ""PUBLIC_OPEN"", ""COUNTRY"": ""CZE"", ""FREQUENCY"": ""M"", ""IFS_FLAG"": ""true"", ""INDICATOR"": ""PPI"", ""METHODOLOGY"": ""PPI"", ""OVERLAP"": ""OL"", ""REFERENCE_PERIOD"": ""2010=100"", ""SCALE"": ""0"", ""SECURITY_CLASSIFICATION"": ""PUB"", ""TYPE_OF_TRANSFORMATION"": ""IX""}}"
CZE,producer_price_index_quarterly_imf,2025-Q4,quarterly,149.48229356999911,\N,derived,IMF_PPI,IMF|ACCESS_SHARING_LEVEL=PUBLIC_OPEN|FREQUENCY=M|IFS_FLAG=true|INDICATOR=PPI|METHODOLOGY=PPI|OVERLAP=OL|REFERENCE_PERIOD=2010=100|SCALE=0|SECURITY_CLASSIFICATION=PUB|TYPE_OF_TRANSFORMATION=IX|aggregation=quarterly_mean,\N,"{""aggregation_method"": ""quarterly_mean"", ""source_derivation_types"": [""O"", ""O"", ""O""], ""source_months"": [""2025-M10"", ""2025-M11"", ""2025-M12""], ""source_observation_count"": 3, ""source_series_dimensions"": {""ACCESS_SHARING_LEVEL"": ""PUBLIC_OPEN"", ""COUNTRY"": ""CZE"", ""FREQUENCY"": ""M"", ""IFS_FLAG"": ""true"", ""INDICATOR"": ""PPI"", ""METHODOLOGY"": ""PPI"", ""OVERLAP"": ""OL"", ""REFERENCE_PERIOD"": ""2010=100"", ""SCALE"": ""0"", ""SECURITY_CLASSIFICATION"": ""PUB"", ""TYPE_OF_TRANSFORMATION"": ""IX""}}"
CZE,producer_price_index_quarterly_imf,2026-Q1,quarterly,149.16905942747755,\N,derived,IMF_PPI,IMF|ACCESS_SHARING_LEVEL=PUBLIC_OPEN|FREQUENCY=M|IFS_FLAG=true|INDICATOR=PPI|METHODOLOGY=PPI|OVERLAP=OL|REFERENCE_PERIOD=2010=100|SCALE=0|SECURITY_CLASSIFICATION=PUB|TYPE_OF_TRANSFORMATION=IX|aggregation=quarterly_mean,\N,"{""aggregation_method"": ""quarterly_mean"", ""source_derivation_types"": [""O"", ""O"", ""O""], ""source_months"": [""2026-M01"", ""2026-M02"", ""2026-M03""], ""source_observation_count"": 3, ""source_series_dimensions"": {""ACCESS_SHARING_LEVEL"": ""PUBLIC_OPEN"", ""COUNTRY"": ""CZE"", ""FREQUENCY"": ""M"", ""IFS_FLAG"": ""true"", ""INDICATOR"": ""PPI"", ""METHODOLOGY"": ""PPI"", ""OVERLAP"": ""OL"", ""REFERENCE_PERIOD"": ""2010=100"", ""SCALE"": ""0"", ""SECURITY_CLASSIFICATION"": ""PUB"", ""TYPE_OF_TRANSFORMATION"": ""IX""}}"
CZE,producer_price_index_quarterly_imf,2026-Q2,quarterly,152.40581223353342,\N,derived,IMF_PPI,IMF|ACCESS_SHARING_LEVEL=PUBLIC_OPEN|FREQUENCY=M|IFS_FLAG=true|INDICATOR=PPI|METHODOLOGY=PPI|OVERLAP=OL|REFERENCE_PERIOD=2010=100|SCALE=0|SECURITY_CLASSIFICATION=PUB|TYPE_OF_TRANSFORMATION=IX|aggregation=quarterly_mean,\N,"{""aggregation_method"": ""quarterly_mean"", ""source_derivation_types"": [""O"", ""O"", ""O""], ""source_months"": [""2026-M04"", ""2026-M05"", ""2026-M06""], ""source_observation_count"": 3, ""source_series_dimensions"": {""ACCESS_SHARING_LEVEL"": ""PUBLIC_OPEN"", ""COUNTRY"": ""CZE"", ""FREQUENCY"": ""M"", ""IFS_FLAG"": ""true"", ""INDICATOR"": ""PPI"", ""METHODOLOGY"": ""PPI"", ""OVERLAP"": ""OL"", ""REFERENCE_PERIOD"": ""2010=100"", ""SCALE"": ""0"", ""SECURITY_CLASSIFICATION"": ""PUB"", ""TYPE_OF_TRANSFORMATION"": ""IX""}}"
DEU,producer_price_index_quarterly_imf,2025-Q1,quarterly,143.2531280076997,\N,derived,IMF_PPI,IMF|ACCESS_SHARING_LEVEL=PUBLIC_OPEN|FREQUENCY=M|IFS_FLAG=true|INDICATOR=PPI|METHODOLOGY=PPI|OVERLAP=OL|REFERENCE_PERIOD=2010=100|SCALE=0|SECURITY_CLASSIFICATION=PUB|TYPE_OF_TRANSFORMATION=IX|aggregation=quarterly_mean,\N,"{""aggregation_method"": ""quarterly_mean"", ""source_derivation_types"": [""O"", ""O"", ""O""], ""source_months"": [""2025-M01"", ""2025-M02"", ""2025-M03""], ""source_observation_count"": 3, ""source_series_dimensions"": {""ACCESS_SHARING_LEVEL"": ""PUBLIC_OPEN"", ""COUNTRY"": ""DEU"", ""FREQUENCY"": ""M"", ""IFS_FLAG"": ""true"", ""INDICATOR"": ""PPI"", ""METHODOLOGY"": ""PPI"", ""OVERLAP"": ""OL"", ""REFERENCE_PERIOD"": ""2010=100"", ""SCALE"": ""0"", ""SECURITY_CLASSIFICATION"": ""PUB"", ""TYPE_OF_TRANSFORMATION"": ""IX""}}"
DEU,producer_price_index_quarterly_imf,2025-Q2,quarterly,141.75168431183832,\N,derived,IMF_PPI,IMF|ACCESS_SHARING_LEVEL=PUBLIC_OPEN|FREQUENCY=M|IFS_FLAG=true|INDICATOR=PPI|METHODOLOGY=PPI|OVERLAP=OL|REFERENCE_PERIOD=2010=100|SCALE=0|SECURITY_CLASSIFICATION=PUB|TYPE_OF_TRANSFORMATION=IX|aggregation=quarterly_mean,\N,"{""aggregation_method"": ""quarterly_mean"", ""source_derivation_types"": [""O"", ""O"", ""O""], ""source_months"": [""2025-M04"", ""2025-M05"", ""2025-M06""], ""source_observation_count"": 3, ""source_series_dimensions"": {""ACCESS_SHARING_LEVEL"": ""PUBLIC_OPEN"", ""COUNTRY"": ""DEU"", ""FREQUENCY"": ""M"", ""IFS_FLAG"": ""true"", ""INDICATOR"": ""PPI"", ""METHODOLOGY"": ""PPI"", ""OVERLAP"": ""OL"", ""REFERENCE_PERIOD"": ""2010=100"", ""SCALE"": ""0"", ""SECURITY_CLASSIFICATION"": ""PUB"", ""TYPE_OF_TRANSFORMATION"": ""IX""}}"
DEU,producer_price_index_quarterly_imf,2025-Q3,quarterly,141.3282001924928,\N,derived,IMF_PPI,IMF|ACCESS_SHARING_LEVEL=PUBLIC_OPEN|FREQUENCY=M|IFS_FLAG=true|INDICATOR=PPI|METHODOLOGY=PPI|OVERLAP=OL|REFERENCE_PERIOD=2010=100|SCALE=0|SECURITY_CLASSIFICATION=PUB|TYPE_OF_TRANSFORMATION=IX|aggregation=quarterly_mean,\N,"{""aggregation_method"": ""quarterly_mean"", ""source_derivation_types"": [""O"", ""O"", ""O""], ""source_months"": [""2025-M07"", ""2025-M08"", ""2025-M09""], ""source_observation_count"": 3, ""source_series_dimensions"": {""ACCESS_SHARING_LEVEL"": ""PUBLIC_OPEN"", ""COUNTRY"": ""DEU"", ""FREQUENCY"": ""M"", ""IFS_FLAG"": ""true"", ""INDICATOR"": ""PPI"", ""METHODOLOGY"": ""PPI"", ""OVERLAP"": ""OL"", ""REFERENCE_PERIOD"": ""2010=100"", ""SCALE"": ""0"", ""SECURITY_CLASSIFICATION"": ""PUB"", ""TYPE_OF_TRANSFORMATION"": ""IX""}}"
DEU,producer_price_index_quarterly_imf,2025-Q4,quarterly,141.3282001924928,\N,derived,IMF_PPI,IMF|ACCESS_SHARING_LEVEL=PUBLIC_OPEN|FREQUENCY=M|IFS_FLAG=true|INDICATOR=PPI|METHODOLOGY=PPI|OVERLAP=OL|REFERENCE_PERIOD=2010=100|SCALE=0|SECURITY_CLASSIFICATION=PUB|TYPE_OF_TRANSFORMATION=IX|aggregation=quarterly_mean,\N,"{""aggregation_method"": ""quarterly_mean"", ""source_derivation_types"": [""O"", ""O"", ""O""], ""source_months"": [""2025-M10"", ""2025-M11"", ""2025-M12""], ""source_observation_count"": 3, ""source_series_dimensions"": {""ACCESS_SHARING_LEVEL"": ""PUBLIC_OPEN"", ""COUNTRY"": ""DEU"", ""FREQUENCY"": ""M"", ""IFS_FLAG"": ""true"", ""INDICATOR"": ""PPI"", ""METHODOLOGY"": ""PPI"", ""OVERLAP"": ""OL"", ""REFERENCE_PERIOD"": ""2010=100"", ""SCALE"": ""0"", ""SECURITY_CLASSIFICATION"": ""PUB"", ""TYPE_OF_TRANSFORMATION"": ""IX""}}"
DEU,producer_price_index_quarterly_imf,2026-Q1,quarterly,141.63618864292587,\N,derived,IMF_PPI,IMF|ACCESS_SHARING_LEVEL=PUBLIC_OPEN|FREQUENCY=M|IFS_FLAG=true|INDICATOR=PPI|METHODOLOGY=PPI|OVERLAP=OL|REFERENCE_PERIOD=2010=100|SCALE=0|SECURITY_CLASSIFICATION=PUB|TYPE_OF_TRANSFORMATION=IX|aggregation=quarterly_mean,\N,"{""aggregation_method"": ""quarterly_mean"", ""source_derivation_types"": [""O"", ""O"", ""O""], ""source_months"": [""2026-M01"", ""2026-M02"", ""2026-M03""], ""source_observation_count"": 3, ""source_series_dimensions"": {""ACCESS_SHARING_LEVEL"": ""PUBLIC_OPEN"", ""COUNTRY"": ""DEU"", ""FREQUENCY"": ""M"", ""IFS_FLAG"": ""true"", ""INDICATOR"": ""PPI"", ""METHODOLOGY"": ""PPI"", ""OVERLAP"": ""OL"", ""REFERENCE_PERIOD"": ""2010=100"", ""SCALE"": ""0"", ""SECURITY_CLASSIFICATION"": ""PUB"", ""TYPE_OF_TRANSFORMATION"": ""IX""}}"
DNK,producer_price_index_quarterly_imf,2025-Q1,quarterly,180.4923652228108,\N,derived,IMF_PPI,IMF|ACCESS_SHARING_LEVEL=PUBLIC_OPEN|FREQUENCY=M|IFS_FLAG=true|INDICATOR=PPI|METHODOLOGY=PPI|OVERLAP=OL|REFERENCE_PERIOD=2010=100|SCALE=0|SECURITY_CLASSIFICATION=PUB|TYPE_OF_TRANSFORMATION=IX|aggregation=quarterly_mean,\N,"{""aggregation_method"": ""quarterly_mean"", ""source_derivation_types"": [""O"", ""O"", ""O""], ""source_months"": [""2025-M01"", ""2025-M02"", ""2025-M03""], ""source_observation_count"": 3, ""source_series_dimensions"": {""ACCESS_SHARING_LEVEL"": ""PUBLIC_OPEN"", ""COUNTRY"": ""DNK"", ""FREQUENCY"": ""M"", ""IFS_FLAG"": ""true"", ""INDICATOR"": ""PPI"", ""METHODOLOGY"": ""PPI"", ""OVERLAP"": ""OL"", ""REFERENCE_PERIOD"": ""2010=100"", ""SCALE"": ""0"", ""SECURITY_CLASSIFICATION"": ""PUB"", ""TYPE_OF_TRANSFORMATION"": ""IX""}}"
DNK,producer_price_index_quarterly_imf,2025-Q2,quarterly,173.5950971226758,\N,derived,IMF_PPI,IMF|ACCESS_SHARING_LEVEL=PUBLIC_OPEN|FREQUENCY=M|IFS_FLAG=true|INDICATOR=PPI|METHODOLOGY=PPI|OVERLAP=OL|REFERENCE_PERIOD=2010=100|SCALE=0|SECURITY_CLASSIFICATION=PUB|TYPE_OF_TRANSFORMATION=IX|aggregation=quarterly_mean,\N,"{""aggregation_method"": ""quarterly_mean"", ""source_derivation_types"": [""O"", ""O"", ""O""], ""source_months"": [""2025-M04"", ""2025-M05"", ""2025-M06""], ""source_observation_count"": 3, ""source_series_dimensions"": {""ACCESS_SHARING_LEVEL"": ""PUBLIC_OPEN"", ""COUNTRY"": ""DNK"", ""FREQUENCY"": ""M"", ""IFS_FLAG"": ""true"", ""INDICATOR"": ""PPI"", ""METHODOLOGY"": ""PPI"", ""OVERLAP"": ""OL"", ""REFERENCE_PERIOD"": ""2010=100"", ""SCALE"": ""0"", ""SECURITY_CLASSIFICATION"": ""PUB"", ""TYPE_OF_TRANSFORMATION"": ""IX""}}"
DNK,producer_price_index_quarterly_imf,2025-Q3,quarterly,174.05214500882929,\N,derived,IMF_PPI,IMF|ACCESS_SHARING_LEVEL=PUBLIC_OPEN|FREQUENCY=M|IFS_FLAG=true|INDICATOR=PPI|METHODOLOGY=PPI|OVERLAP=OL|REFERENCE_PERIOD=2010=100|SCALE=0|SECURITY_CLASSIFICATION=PUB|TYPE_OF_TRANSFORMATION=IX|aggregation=quarterly_mean,\N,"{""aggregation_method"": ""quarterly_mean"", ""source_derivation_types"": [""O"", ""O"", ""O""], ""source_months"": [""2025-M07"", ""2025-M08"", ""2025-M09""], ""source_observation_count"": 3, ""source_series_dimensions"": {""ACCESS_SHARING_LEVEL"": ""PUBLIC_OPEN"", ""COUNTRY"": ""DNK"", ""FREQUENCY"": ""M"", ""IFS_FLAG"": ""true"", ""INDICATOR"": ""PPI"", ""METHODOLOGY"": ""PPI"", ""OVERLAP"": ""OL"", ""REFERENCE_PERIOD"": ""2010=100"", ""SCALE"": ""0"", ""SECURITY_CLASSIFICATION"": ""PUB"", ""TYPE_OF_TRANSFORMATION"": ""IX""}}"
DNK,producer_price_index_quarterly_imf,2025-Q4,quarterly,176.21273501610054,\N,derived,IMF_PPI,IMF|ACCESS_SHARING_LEVEL=PUBLIC_OPEN|FREQUENCY=M|IFS_FLAG=true|INDICATOR=PPI|METHODOLOGY=PPI|OVERLAP=OL|REFERENCE_PERIOD=2010=100|SCALE=0|SECURITY_CLASSIFICATION=PUB|TYPE_OF_TRANSFORMATION=IX|aggregation=quarterly_mean,\N,"{""aggregation_method"": ""quarterly_mean"", ""source_derivation_types"": [""O"", ""O"", ""O""], ""source_months"": [""2025-M10"", ""2025-M11"", ""2025-M12""], ""source_observation_count"": 3, ""source_series_dimensions"": {""ACCESS_SHARING_LEVEL"": ""PUBLIC_OPEN"", ""COUNTRY"": ""DNK"", ""FREQUENCY"": ""M"", ""IFS_FLAG"": ""true"", ""INDICATOR"": ""PPI"", ""METHODOLOGY"": ""PPI"", ""OVERLAP"": ""OL"", ""REFERENCE_PERIOD"": ""2010=100"", ""SCALE"": ""0"", ""SECURITY_CLASSIFICATION"": ""PUB"", ""TYPE_OF_TRANSFORMATION"": ""IX""}}"
DNK,producer_price_index_quarterly_imf,2026-Q1,quarterly,178.456424639036,\N,derived,IMF_PPI,IMF|ACCESS_SHARING_LEVEL=PUBLIC_OPEN|FREQUENCY=M|IFS_FLAG=true|INDICATOR=PPI|METHODOLOGY=PPI|OVERLAP=OL|REFERENCE_PERIOD=2010=100|SCALE=0|SECURITY_CLASSIFICATION=PUB|TYPE_OF_TRANSFORMATION=IX|aggregation=quarterly_mean,\N,"{""aggregation_method"": ""quarterly_mean"", ""source_derivation_types"": [""O"", ""O"", ""O""], ""source_months"": [""2026-M01"", ""2026-M02"", ""2026-M03""], ""source_observation_count"": 3, ""source_series_dimensions"": {""ACCESS_SHARING_LEVEL"": ""PUBLIC_OPEN"", ""COUNTRY"": ""DNK"", ""FREQUENCY"": ""M"", ""IFS_FLAG"": ""true"", ""INDICATOR"": ""PPI"", ""METHODOLOGY"": ""PPI"", ""OVERLAP"": ""OL"", ""REFERENCE_PERIOD"": ""2010=100"", ""SCALE"": ""0"", ""SECURITY_CLASSIFICATION"": ""PUB"", ""TYPE_OF_TRANSFORMATION"": ""IX""}}"
ESP,producer_price_index_quarterly_imf,2025-Q1,quarterly,154.48613376835235,\N,derived,IMF_PPI,IMF|ACCESS_SHARING_LEVEL=PUBLIC_OPEN|FREQUENCY=M|IFS_FLAG=true|INDICATOR=PPI|METHODOLOGY=PPI|OVERLAP=OL|REFERENCE_PERIOD=2010=100|SCALE=0|SECURITY_CLASSIFICATION=PUB|TYPE_OF_TRANSFORMATION=IX|aggregation=quarterly_mean,\N,"{""aggregation_method"": ""quarterly_mean"", ""source_derivation_types"": [""O"", ""O"", ""O""], ""source_months"": [""2025-M01"", ""2025-M02"", ""2025-M03""], ""source_observation_count"": 3, ""source_series_dimensions"": {""ACCESS_SHARING_LEVEL"": ""PUBLIC_OPEN"", ""COUNTRY"": ""ESP"", ""FREQUENCY"": ""M"", ""IFS_FLAG"": ""true"", ""INDICATOR"": ""PPI"", ""METHODOLOGY"": ""PPI"", ""OVERLAP"": ""OL"", ""REFERENCE_PERIOD"": ""2010=100"", ""SCALE"": ""0"", ""SECURITY_CLASSIFICATION"": ""PUB"", ""TYPE_OF_TRANSFORMATION"": ""IX""}}"
ESP,producer_price_index_quarterly_imf,2025-Q2,quarterly,148.40946166394772,\N,derived,IMF_PPI,IMF|ACCESS_SHARING_LEVEL=PUBLIC_OPEN|FREQUENCY=M|IFS_FLAG=true|INDICATOR=PPI|METHODOLOGY=PPI|OVERLAP=OL|REFERENCE_PERIOD=2010=100|SCALE=0|SECURITY_CLASSIFICATION=PUB|TYPE_OF_TRANSFORMATION=IX|aggregation=quarterly_mean,\N,"{""aggregation_method"": ""quarterly_mean"", ""source_derivation_types"": [""O"", ""O"", ""O""], ""source_months"": [""2025-M04"", ""2025-M05"", ""2025-M06""], ""source_observation_count"": 3, ""source_series_dimensions"": {""ACCESS_SHARING_LEVEL"": ""PUBLIC_OPEN"", ""COUNTRY"": ""ESP"", ""FREQUENCY"": ""M"", ""IFS_FLAG"": ""true"", ""INDICATOR"": ""PPI"", ""METHODOLOGY"": ""PPI"", ""OVERLAP"": ""OL"", ""REFERENCE_PERIOD"": ""2010=100"", ""SCALE"": ""0"", ""SECURITY_CLASSIFICATION"": ""PUB"", ""TYPE_OF_TRANSFORMATION"": ""IX""}}"
ESP,producer_price_index_quarterly_imf,2025-Q3,quarterly,150.7748776508972,\N,derived,IMF_PPI,IMF|ACCESS_SHARING_LEVEL=PUBLIC_OPEN|FREQUENCY=M|IFS_FLAG=true|INDICATOR=PPI|METHODOLOGY=PPI|OVERLAP=OL|REFERENCE_PERIOD=2010=100|SCALE=0|SECURITY_CLASSIFICATION=PUB|TYPE_OF_TRANSFORMATION=IX|aggregation=quarterly_mean,\N,"{""aggregation_method"": ""quarterly_mean"", ""source_derivation_types"": [""O"", ""O"", ""O""], ""source_months"": [""2025-M07"", ""2025-M08"", ""2025-M09""], ""source_observation_count"": 3, ""source_series_dimensions"": {""ACCESS_SHARING_LEVEL"": ""PUBLIC_OPEN"", ""COUNTRY"": ""ESP"", ""FREQUENCY"": ""M"", ""IFS_FLAG"": ""true"", ""INDICATOR"": ""PPI"", ""METHODOLOGY"": ""PPI"", ""OVERLAP"": ""OL"", ""REFERENCE_PERIOD"": ""2010=100"", ""SCALE"": ""0"", ""SECURITY_CLASSIFICATION"": ""PUB"", ""TYPE_OF_TRANSFORMATION"": ""IX""}}"
ESP,producer_price_index_quarterly_imf,2025-Q4,quarterly,150.48939641109294,\N,derived,IMF_PPI,IMF|ACCESS_SHARING_LEVEL=PUBLIC_OPEN|FREQUENCY=M|IFS_FLAG=true|INDICATOR=PPI|METHODOLOGY=PPI|OVERLAP=OL|REFERENCE_PERIOD=2010=100|SCALE=0|SECURITY_CLASSIFICATION=PUB|TYPE_OF_TRANSFORMATION=IX|aggregation=quarterly_mean,\N,"{""aggregation_method"": ""quarterly_mean"", ""source_derivation_types"": [""O"", ""O"", ""O""], ""source_months"": [""2025-M10"", ""2025-M11"", ""2025-M12""], ""source_observation_count"": 3, ""source_series_dimensions"": {""ACCESS_SHARING_LEVEL"": ""PUBLIC_OPEN"", ""COUNTRY"": ""ESP"", ""FREQUENCY"": ""M"", ""IFS_FLAG"": ""true"", ""INDICATOR"": ""PPI"", ""METHODOLOGY"": ""PPI"", ""OVERLAP"": ""OL"", ""REFERENCE_PERIOD"": ""2010=100"", ""SCALE"": ""0"", ""SECURITY_CLASSIFICATION"": ""PUB"", ""TYPE_OF_TRANSFORMATION"": ""IX""}}"
ESP,producer_price_index_quarterly_imf,2026-Q1,quarterly,151.67210440456768,\N,derived,IMF_PPI,IMF|ACCESS_SHARING_LEVEL=PUBLIC_OPEN|FREQUENCY=M|IFS_FLAG=true|INDICATOR=PPI|METHODOLOGY=PPI|OVERLAP=OL|REFERENCE_PERIOD=2010=100|SCALE=0|SECURITY_CLASSIFICATION=PUB|TYPE_OF_TRANSFORMATION=IX|aggregation=quarterly_mean,\N,"{""aggregation_method"": ""quarterly_mean"", ""source_derivation_types"": [""O"", ""O"", ""O""], ""source_months"": [""2026-M01"", ""2026-M02"", ""2026-M03""], ""source_observation_count"": 3, ""source_series_dimensions"": {""ACCESS_SHARING_LEVEL"": ""PUBLIC_OPEN"", ""COUNTRY"": ""ESP"", ""FREQUENCY"": ""M"", ""IFS_FLAG"": ""true"", ""INDICATOR"": ""PPI"", ""METHODOLOGY"": ""PPI"", ""OVERLAP"": ""OL"", ""REFERENCE_PERIOD"": ""2010=100"", ""SCALE"": ""0"", ""SECURITY_CLASSIFICATION"": ""PUB"", ""TYPE_OF_TRANSFORMATION"": ""IX""}}"
EST,producer_price_index_quarterly_imf,2025-Q1,quarterly,160.90909090909085,\N,derived,IMF_PPI,IMF|ACCESS_SHARING_LEVEL=PUBLIC_OPEN|FREQUENCY=M|IFS_FLAG=true|INDICATOR=PPI|METHODOLOGY=PPI|OVERLAP=OL|REFERENCE_PERIOD=2010=100|SCALE=0|SECURITY_CLASSIFICATION=PUB|TYPE_OF_TRANSFORMATION=IX|aggregation=quarterly_mean,\N,"{""aggregation_method"": ""quarterly_mean"", ""source_derivation_types"": [""O"", ""O"", ""O""], ""source_months"": [""2025-M01"", ""2025-M02"", ""2025-M03""], ""source_observation_count"": 3, ""source_series_dimensions"": {""ACCESS_SHARING_LEVEL"": ""PUBLIC_OPEN"", ""COUNTRY"": ""EST"", ""FREQUENCY"": ""M"", ""IFS_FLAG"": ""true"", ""INDICATOR"": ""PPI"", ""METHODOLOGY"": ""PPI"", ""OVERLAP"": ""OL"", ""REFERENCE_PERIOD"": ""2010=100"", ""SCALE"": ""0"", ""SECURITY_CLASSIFICATION"": ""PUB"", ""TYPE_OF_TRANSFORMATION"": ""IX""}}"
EST,producer_price_index_quarterly_imf,2025-Q2,quarterly,156.61157024793386,\N,derived,IMF_PPI,IMF|ACCESS_SHARING_LEVEL=PUBLIC_OPEN|FREQUENCY=M|IFS_FLAG=true|INDICATOR=PPI|METHODOLOGY=PPI|OVERLAP=OL|REFERENCE_PERIOD=2010=100|SCALE=0|SECURITY_CLASSIFICATION=PUB|TYPE_OF_TRANSFORMATION=IX|aggregation=quarterly_mean,\N,"{""aggregation_method"": ""quarterly_mean"", ""source_derivation_types"": [""O"", ""O"", ""O""], ""source_months"": [""2025-M04"", ""2025-M05"", ""2025-M06""], ""source_observation_count"": 3, ""source_series_dimensions"": {""ACCESS_SHARING_LEVEL"": ""PUBLIC_OPEN"", ""COUNTRY"": ""EST"", ""FREQUENCY"": ""M"", ""IFS_FLAG"": ""true"", ""INDICATOR"": ""PPI"", ""METHODOLOGY"": ""PPI"", ""OVERLAP"": ""OL"", ""REFERENCE_PERIOD"": ""2010=100"", ""SCALE"": ""0"", ""SECURITY_CLASSIFICATION"": ""PUB"", ""TYPE_OF_TRANSFORMATION"": ""IX""}}"
EST,producer_price_index_quarterly_imf,2025-Q3,quarterly,156.69421487603304,\N,derived,IMF_PPI,IMF|ACCESS_SHARING_LEVEL=PUBLIC_OPEN|FREQUENCY=M|IFS_FLAG=true|INDICATOR=PPI|METHODOLOGY=PPI|OVERLAP=OL|REFERENCE_PERIOD=2010=100|SCALE=0|SECURITY_CLASSIFICATION=PUB|TYPE_OF_TRANSFORMATION=IX|aggregation=quarterly_mean,\N,"{""aggregation_method"": ""quarterly_mean"", ""source_derivation_types"": [""O"", ""O"", ""O""], ""source_months"": [""2025-M07"", ""2025-M08"", ""2025-M09""], ""source_observation_count"": 3, ""source_series_dimensions"": {""ACCESS_SHARING_LEVEL"": ""PUBLIC_OPEN"", ""COUNTRY"": ""EST"", ""FREQUENCY"": ""M"", ""IFS_FLAG"": ""true"", ""INDICATOR"": ""PPI"", ""METHODOLOGY"": ""PPI"", ""OVERLAP"": ""OL"", ""REFERENCE_PERIOD"": ""2010=100"", ""SCALE"": ""0"", ""SECURITY_CLASSIFICATION"": ""PUB"", ""TYPE_OF_TRANSFORMATION"": ""IX""}}"
EST,producer_price_index_quarterly_imf,2025-Q4,quarterly,158.18181818181813,\N,derived,IMF_PPI,IMF|ACCESS_SHARING_LEVEL=PUBLIC_OPEN|FREQUENCY=M|IFS_FLAG=true|INDICATOR=PPI|METHODOLOGY=PPI|OVERLAP=OL|REFERENCE_PERIOD=2010=100|SCALE=0|SECURITY_CLASSIFICATION=PUB|TYPE_OF_TRANSFORMATION=IX|aggregation=quarterly_mean,\N,"{""aggregation_method"": ""quarterly_mean"", ""source_derivation_types"": [""O"", ""O"", ""O""], ""source_months"": [""2025-M10"", ""2025-M11"", ""2025-M12""], ""source_observation_count"": 3, ""source_series_dimensions"": {""ACCESS_SHARING_LEVEL"": ""PUBLIC_OPEN"", ""COUNTRY"": ""EST"", ""FREQUENCY"": ""M"", ""IFS_FLAG"": ""true"", ""INDICATOR"": ""PPI"", ""METHODOLOGY"": ""PPI"", ""OVERLAP"": ""OL"", ""REFERENCE_PERIOD"": ""2010=100"", ""SCALE"": ""0"", ""SECURITY_CLASSIFICATION"": ""PUB"", ""TYPE_OF_TRANSFORMATION"": ""IX""}}"
EST,producer_price_index_quarterly_imf,2026-Q1,quarterly,163.9669421487603,\N,derived,IMF_PPI,IMF|ACCESS_SHARING_LEVEL=PUBLIC_OPEN|FREQUENCY=M|IFS_FLAG=true|INDICATOR=PPI|METHODOLOGY=PPI|OVERLAP=OL|REFERENCE_PERIOD=2010=100|SCALE=0|SECURITY_CLASSIFICATION=PUB|TYPE_OF_TRANSFORMATION=IX|aggregation=quarterly_mean,\N,"{""aggregation_method"": ""quarterly_mean"", ""source_derivation_types"": [""O"", ""O"", ""O""], ""source_months"": [""2026-M01"", ""2026-M02"", ""2026-M03""], ""source_observation_count"": 3, ""source_series_dimensions"": {""ACCESS_SHARING_LEVEL"": ""PUBLIC_OPEN"", ""COUNTRY"": ""EST"", ""FREQUENCY"": ""M"", ""IFS_FLAG"": ""true"", ""INDICATOR"": ""PPI"", ""METHODOLOGY"": ""PPI"", ""OVERLAP"": ""OL"", ""REFERENCE_PERIOD"": ""2010=100"", ""SCALE"": ""0"", ""SECURITY_CLASSIFICATION"": ""PUB"", ""TYPE_OF_TRANSFORMATION"": ""IX""}}"
GEO,producer_price_index_quarterly_imf,2025-Q1,quarterly,242.83331309722396,\N,derived,IMF_PPI,IMF|ACCESS_SHARING_LEVEL=PUBLIC_OPEN|FREQUENCY=M|IFS_FLAG=true|INDICATOR=PPI|METHODOLOGY=PPI|OVERLAP=OL|REFERENCE_PERIOD=2010=100|SCALE=0|SECURITY_CLASSIFICATION=PUB|TYPE_OF_TRANSFORMATION=IX|aggregation=quarterly_mean,\N,"{""aggregation_method"": ""quarterly_mean"", ""source_derivation_types"": [""O"", ""O"", ""O""], ""source_months"": [""2025-M01"", ""2025-M02"", ""2025-M03""], ""source_observation_count"": 3, ""source_series_dimensions"": {""ACCESS_SHARING_LEVEL"": ""PUBLIC_OPEN"", ""COUNTRY"": ""GEO"", ""FREQUENCY"": ""M"", ""IFS_FLAG"": ""true"", ""INDICATOR"": ""PPI"", ""METHODOLOGY"": ""PPI"", ""OVERLAP"": ""OL"", ""REFERENCE_PERIOD"": ""2010=100"", ""SCALE"": ""0"", ""SECURITY_CLASSIFICATION"": ""PUB"", ""TYPE_OF_TRANSFORMATION"": ""IX""}}"
GEO,producer_price_index_quarterly_imf,2025-Q2,quarterly,244.76664626944617,\N,derived,IMF_PPI,IMF|ACCESS_SHARING_LEVEL=PUBLIC_OPEN|FREQUENCY=M|IFS_FLAG=true|INDICATOR=PPI|METHODOLOGY=PPI|OVERLAP=OL|REFERENCE_PERIOD=2010=100|SCALE=0|SECURITY_CLASSIFICATION=PUB|TYPE_OF_TRANSFORMATION=IX|aggregation=quarterly_mean,\N,"{""aggregation_method"": ""quarterly_mean"", ""source_derivation_types"": [""O"", ""O"", ""O""], ""source_months"": [""2025-M04"", ""2025-M05"", ""2025-M06""], ""source_observation_count"": 3, ""source_series_dimensions"": {""ACCESS_SHARING_LEVEL"": ""PUBLIC_OPEN"", ""COUNTRY"": ""GEO"", ""FREQUENCY"": ""M"", ""IFS_FLAG"": ""true"", ""INDICATOR"": ""PPI"", ""METHODOLOGY"": ""PPI"", ""OVERLAP"": ""OL"", ""REFERENCE_PERIOD"": ""2010=100"", ""SCALE"": ""0"", ""SECURITY_CLASSIFICATION"": ""PUB"", ""TYPE_OF_TRANSFORMATION"": ""IX""}}"
GEO,producer_price_index_quarterly_imf,2025-Q3,quarterly,246.19997948333514,\N,derived,IMF_PPI,IMF|ACCESS_SHARING_LEVEL=PUBLIC_OPEN|FREQUENCY=M|IFS_FLAG=true|INDICATOR=PPI|METHODOLOGY=PPI|OVERLAP=OL|REFERENCE_PERIOD=2010=100|SCALE=0|SECURITY_CLASSIFICATION=PUB|TYPE_OF_TRANSFORMATION=IX|aggregation=quarterly_mean,\N,"{""aggregation_method"": ""quarterly_mean"", ""source_derivation_types"": [""O"", ""O"", ""O""], ""source_months"": [""2025-M07"", ""2025-M08"", ""2025-M09""], ""source_observation_count"": 3, ""source_series_dimensions"": {""ACCESS_SHARING_LEVEL"": ""PUBLIC_OPEN"", ""COUNTRY"": ""GEO"", ""FREQUENCY"": ""M"", ""IFS_FLAG"": ""true"", ""INDICATOR"": ""PPI"", ""METHODOLOGY"": ""PPI"", ""OVERLAP"": ""OL"", ""REFERENCE_PERIOD"": ""2010=100"", ""SCALE"": ""0"", ""SECURITY_CLASSIFICATION"": ""PUB"", ""TYPE_OF_TRANSFORMATION"": ""IX""}}"
GEO,producer_price_index_quarterly_imf,2025-Q4,quarterly,252.63331228055736,\N,derived,IMF_PPI,IMF|ACCESS_SHARING_LEVEL=PUBLIC_OPEN|FREQUENCY=M|IFS_FLAG=true|INDICATOR=PPI|METHODOLOGY=PPI|OVERLAP=OL|REFERENCE_PERIOD=2010=100|SCALE=0|SECURITY_CLASSIFICATION=PUB|TYPE_OF_TRANSFORMATION=IX|aggregation=quarterly_mean,\N,"{""aggregation_method"": ""quarterly_mean"", ""source_derivation_types"": [""O"", ""O"", ""O""], ""source_months"": [""2025-M10"", ""2025-M11"", ""2025-M12""], ""source_observation_count"": 3, ""source_series_dimensions"": {""ACCESS_SHARING_LEVEL"": ""PUBLIC_OPEN"", ""COUNTRY"": ""GEO"", ""FREQUENCY"": ""M"", ""IFS_FLAG"": ""true"", ""INDICATOR"": ""PPI"", ""METHODOLOGY"": ""PPI"", ""OVERLAP"": ""OL"", ""REFERENCE_PERIOD"": ""2010=100"", ""SCALE"": ""0"", ""SECURITY_CLASSIFICATION"": ""PUB"", ""TYPE_OF_TRANSFORMATION"": ""IX""}}"
GEO,producer_price_index_quarterly_imf,2026-Q1,quarterly,257.9666451694463,\N,derived,IMF_PPI,IMF|ACCESS_SHARING_LEVEL=PUBLIC_OPEN|FREQUENCY=M|IFS_FLAG=true|INDICATOR=PPI|METHODOLOGY=PPI|OVERLAP=OL|REFERENCE_PERIOD=2010=100|SCALE=0|SECURITY_CLASSIFICATION=PUB|TYPE_OF_TRANSFORMATION=IX|aggregation=quarterly_mean,\N,"{""aggregation_method"": ""quarterly_mean"", ""source_derivation_types"": [""O"", ""O"", ""O""], ""source_months"": [""2026-M01"", ""2026-M02"", ""2026-M03""], ""source_observation_count"": 3, ""source_series_dimensions"": {""ACCESS_SHARING_LEVEL"": ""PUBLIC_OPEN"", ""COUNTRY"": ""GEO"", ""FREQUENCY"": ""M"", ""IFS_FLAG"": ""true"", ""INDICATOR"": ""PPI"", ""METHODOLOGY"": ""PPI"", ""OVERLAP"": ""OL"", ""REFERENCE_PERIOD"": ""2010=100"", ""SCALE"": ""0"", ""SECURITY_CLASSIFICATION"": ""PUB"", ""TYPE_OF_TRANSFORMATION"": ""IX""}}"
GEO,producer_price_index_quarterly_imf,2026-Q2,quarterly,260.86664492777965,\N,derived,IMF_PPI,IMF|ACCESS_SHARING_LEVEL=PUBLIC_OPEN|FREQUENCY=M|IFS_FLAG=true|INDICATOR=PPI|METHODOLOGY=PPI|OVERLAP=OL|REFERENCE_PERIOD=2010=100|SCALE=0|SECURITY_CLASSIFICATION=PUB|TYPE_OF_TRANSFORMATION=IX|aggregation=quarterly_mean,\N,"{""aggregation_method"": ""quarterly_mean"", ""source_derivation_types"": [""O"", ""O"", ""O""], ""source_months"": [""2026-M04"", ""2026-M05"", ""2026-M06""], ""source_observation_count"": 3, ""source_series_dimensions"": {""ACCESS_SHARING_LEVEL"": ""PUBLIC_OPEN"", ""COUNTRY"": ""GEO"", ""FREQUENCY"": ""M"", ""IFS_FLAG"": ""true"", ""INDICATOR"": ""PPI"", ""METHODOLOGY"": ""PPI"", ""OVERLAP"": ""OL"", ""REFERENCE_PERIOD"": ""2010=100"", ""SCALE"": ""0"", ""SECURITY_CLASSIFICATION"": ""PUB"", ""TYPE_OF_TRANSFORMATION"": ""IX""}}"
GRC,producer_price_index_quarterly_imf,2025-Q1,quarterly,141.5597790469057,\N,derived,IMF_PPI,IMF|ACCESS_SHARING_LEVEL=PUBLIC_OPEN|FREQUENCY=M|IFS_FLAG=true|INDICATOR=PPI|METHODOLOGY=PPI|OVERLAP=OL|REFERENCE_PERIOD=2010=100|SCALE=0|SECURITY_CLASSIFICATION=PUB|TYPE_OF_TRANSFORMATION=IX|aggregation=quarterly_mean,\N,"{""aggregation_method"": ""quarterly_mean"", ""source_derivation_types"": [""O"", ""O"", ""O""], ""source_months"": [""2025-M01"", ""2025-M02"", ""2025-M03""], ""source_observation_count"": 3, ""source_series_dimensions"": {""ACCESS_SHARING_LEVEL"": ""PUBLIC_OPEN"", ""COUNTRY"": ""GRC"", ""FREQUENCY"": ""M"", ""IFS_FLAG"": ""true"", ""INDICATOR"": ""PPI"", ""METHODOLOGY"": ""PPI"", ""OVERLAP"": ""OL"", ""REFERENCE_PERIOD"": ""2010=100"", ""SCALE"": ""0"", ""SECURITY_CLASSIFICATION"": ""PUB"", ""TYPE_OF_TRANSFORMATION"": ""IX""}}"
GRC,producer_price_index_quarterly_imf,2025-Q2,quarterly,136.46662297537685,\N,derived,IMF_PPI,IMF|ACCESS_SHARING_LEVEL=PUBLIC_OPEN|FREQUENCY=M|IFS_FLAG=true|INDICATOR=PPI|METHODOLOGY=PPI|OVERLAP=OL|REFERENCE_PERIOD=2010=100|SCALE=0|SECURITY_CLASSIFICATION=PUB|TYPE_OF_TRANSFORMATION=IX|aggregation=quarterly_mean,\N,"{""aggregation_method"": ""quarterly_mean"", ""source_derivation_types"": [""O"", ""O"", ""O""], ""source_months"": [""2025-M04"", ""2025-M05"", ""2025-M06""], ""source_observation_count"": 3, ""source_series_dimensions"": {""ACCESS_SHARING_LEVEL"": ""PUBLIC_OPEN"", ""COUNTRY"": ""GRC"", ""FREQUENCY"": ""M"", ""IFS_FLAG"": ""true"", ""INDICATOR"": ""PPI"", ""METHODOLOGY"": ""PPI"", ""OVERLAP"": ""OL"", ""REFERENCE_PERIOD"": ""2010=100"", ""SCALE"": ""0"", ""SECURITY_CLASSIFICATION"": ""PUB"", ""TYPE_OF_TRANSFORMATION"": ""IX""}}"
GRC,producer_price_index_quarterly_imf,2025-Q3,quarterly,136.57897200636643,\N,derived,IMF_PPI,IMF|ACCESS_SHARING_LEVEL=PUBLIC_OPEN|FREQUENCY=M|IFS_FLAG=true|INDICATOR=PPI|METHODOLOGY=PPI|OVERLAP=OL|REFERENCE_PERIOD=2010=100|SCALE=0|SECURITY_CLASSIFICATION=PUB|TYPE_OF_TRANSFORMATION=IX|aggregation=quarterly_mean,\N,"{""aggregation_method"": ""quarterly_mean"", ""source_derivation_types"": [""O"", ""O"", ""O""], ""source_months"": [""2025-M07"", ""2025-M08"", ""2025-M09""], ""source_observation_count"": 3, ""source_series_dimensions"": {""ACCESS_SHARING_LEVEL"": ""PUBLIC_OPEN"", ""COUNTRY"": ""GRC"", ""FREQUENCY"": ""M"", ""IFS_FLAG"": ""true"", ""INDICATOR"": ""PPI"", ""METHODOLOGY"": ""PPI"", ""OVERLAP"": ""OL"", ""REFERENCE_PERIOD"": ""2010=100"", ""SCALE"": ""0"", ""SECURITY_CLASSIFICATION"": ""PUB"", ""TYPE_OF_TRANSFORMATION"": ""IX""}}"
GRC,producer_price_index_quarterly_imf,2025-Q4,quarterly,136.95346877633176,\N,derived,IMF_PPI,IMF|ACCESS_SHARING_LEVEL=PUBLIC_OPEN|FREQUENCY=M|IFS_FLAG=true|INDICATOR=PPI|METHODOLOGY=PPI|OVERLAP=OL|REFERENCE_PERIOD=2010=100|SCALE=0|SECURITY_CLASSIFICATION=PUB|TYPE_OF_TRANSFORMATION=IX|aggregation=quarterly_mean,\N,"{""aggregation_method"": ""quarterly_mean"", ""source_derivation_types"": [""O"", ""O"", ""O""], ""source_months"": [""2025-M10"", ""2025-M11"", ""2025-M12""], ""source_observation_count"": 3, ""source_series_dimensions"": {""ACCESS_SHARING_LEVEL"": ""PUBLIC_OPEN"", ""COUNTRY"": ""GRC"", ""FREQUENCY"": ""M"", ""IFS_FLAG"": ""true"", ""INDICATOR"": ""PPI"", ""METHODOLOGY"": ""PPI"", ""OVERLAP"": ""OL"", ""REFERENCE_PERIOD"": ""2010=100"", ""SCALE"": ""0"", ""SECURITY_CLASSIFICATION"": ""PUB"", ""TYPE_OF_TRANSFORMATION"": ""IX""}}"
GRC,producer_price_index_quarterly_imf,2026-Q1,quarterly,142.907967418781,\N,derived,IMF_PPI,IMF|ACCESS_SHARING_LEVEL=PUBLIC_OPEN|FREQUENCY=M|IFS_FLAG=true|INDICATOR=PPI|METHODOLOGY=PPI|OVERLAP=OL|REFERENCE_PERIOD=2010=100|SCALE=0|SECURITY_CLASSIFICATION=PUB|TYPE_OF_TRANSFORMATION=IX|aggregation=quarterly_mean,\N,"{""aggregation_method"": ""quarterly_mean"", ""source_derivation_types"": [""O"", ""O"", ""O""], ""source_months"": [""2026-M01"", ""2026-M02"", ""2026-M03""], ""source_observation_count"": 3, ""source_series_dimensions"": {""ACCESS_SHARING_LEVEL"": ""PUBLIC_OPEN"", ""COUNTRY"": ""GRC"", ""FREQUENCY"": ""M"", ""IFS_FLAG"": ""true"", ""INDICATOR"": ""PPI"", ""METHODOLOGY"": ""PPI"", ""OVERLAP"": ""OL"", ""REFERENCE_PERIOD"": ""2010=100"", ""SCALE"": ""0"", ""SECURITY_CLASSIFICATION"": ""PUB"", ""TYPE_OF_TRANSFORMATION"": ""IX""}}"
HRV,producer_price_index_quarterly_imf,2025-Q1,quarterly,137.27525486561635,\N,derived,IMF_PPI,IMF|ACCESS_SHARING_LEVEL=PUBLIC_OPEN|FREQUENCY=M|IFS_FLAG=true|INDICATOR=PPI|METHODOLOGY=PPI|OVERLAP=OL|REFERENCE_PERIOD=2010=100|SCALE=0|SECURITY_CLASSIFICATION=PUB|TYPE_OF_TRANSFORMATION=IX|aggregation=quarterly_mean,\N,"{""aggregation_method"": ""quarterly_mean"", ""source_derivation_types"": [""O"", ""O"", ""O""], ""source_months"": [""2025-M01"", ""2025-M02"", ""2025-M03""], ""source_observation_count"": 3, ""source_series_dimensions"": {""ACCESS_SHARING_LEVEL"": ""PUBLIC_OPEN"", ""COUNTRY"": ""HRV"", ""FREQUENCY"": ""M"", ""IFS_FLAG"": ""true"", ""INDICATOR"": ""PPI"", ""METHODOLOGY"": ""PPI"", ""OVERLAP"": ""OL"", ""REFERENCE_PERIOD"": ""2010=100"", ""SCALE"": ""0"", ""SECURITY_CLASSIFICATION"": ""PUB"", ""TYPE_OF_TRANSFORMATION"": ""IX""}}"
HRV,producer_price_index_quarterly_imf,2025-Q2,quarterly,134.27247451343837,\N,derived,IMF_PPI,IMF|ACCESS_SHARING_LEVEL=PUBLIC_OPEN|FREQUENCY=M|IFS_FLAG=true|INDICATOR=PPI|METHODOLOGY=PPI|OVERLAP=OL|REFERENCE_PERIOD=2010=100|SCALE=0|SECURITY_CLASSIFICATION=PUB|TYPE_OF_TRANSFORMATION=IX|aggregation=quarterly_mean,\N,"{""aggregation_method"": ""quarterly_mean"", ""source_derivation_types"": [""O"", ""O"", ""O""], ""source_months"": [""2025-M04"", ""2025-M05"", ""2025-M06""], ""source_observation_count"": 3, ""source_series_dimensions"": {""ACCESS_SHARING_LEVEL"": ""PUBLIC_OPEN"", ""COUNTRY"": ""HRV"", ""FREQUENCY"": ""M"", ""IFS_FLAG"": ""true"", ""INDICATOR"": ""PPI"", ""METHODOLOGY"": ""PPI"", ""OVERLAP"": ""OL"", ""REFERENCE_PERIOD"": ""2010=100"", ""SCALE"": ""0"", ""SECURITY_CLASSIFICATION"": ""PUB"", ""TYPE_OF_TRANSFORMATION"": ""IX""}}"
HRV,producer_price_index_quarterly_imf,2025-Q3,quarterly,135.3846153846154,\N,derived,IMF_PPI,IMF|ACCESS_SHARING_LEVEL=PUBLIC_OPEN|FREQUENCY=M|IFS_FLAG=true|INDICATOR=PPI|METHODOLOGY=PPI|OVERLAP=OL|REFERENCE_PERIOD=2010=100|SCALE=0|SECURITY_CLASSIFICATION=PUB|TYPE_OF_TRANSFORMATION=IX|aggregation=quarterly_mean,\N,"{""aggregation_method"": ""quarterly_mean"", ""source_derivation_types"": [""O"", ""O"", ""O""], ""source_months"": [""2025-M07"", ""2025-M08"", ""2025-M09""], ""source_observation_count"": 3, ""source_series_dimensions"": {""ACCESS_SHARING_LEVEL"": ""PUBLIC_OPEN"", ""COUNTRY"": ""HRV"", ""FREQUENCY"": ""M"", ""IFS_FLAG"": ""true"", ""INDICATOR"": ""PPI"", ""METHODOLOGY"": ""PPI"", ""OVERLAP"": ""OL"", ""REFERENCE_PERIOD"": ""2010=100"", ""SCALE"": ""0"", ""SECURITY_CLASSIFICATION"": ""PUB"", ""TYPE_OF_TRANSFORMATION"": ""IX""}}"
HRV,producer_price_index_quarterly_imf,2025-Q4,quarterly,135.8665430954588,\N,derived,IMF_PPI,IMF|ACCESS_SHARING_LEVEL=PUBLIC_OPEN|FREQUENCY=M|IFS_FLAG=true|INDICATOR=PPI|METHODOLOGY=PPI|OVERLAP=OL|REFERENCE_PERIOD=2010=100|SCALE=0|SECURITY_CLASSIFICATION=PUB|TYPE_OF_TRANSFORMATION=IX|aggregation=quarterly_mean,\N,"{""aggregation_method"": ""quarterly_mean"", ""source_derivation_types"": [""O"", ""O"", ""O""], ""source_months"": [""2025-M10"", ""2025-M11"", ""2025-M12""], ""source_observation_count"": 3, ""source_series_dimensions"": {""ACCESS_SHARING_LEVEL"": ""PUBLIC_OPEN"", ""COUNTRY"": ""HRV"", ""FREQUENCY"": ""M"", ""IFS_FLAG"": ""true"", ""INDICATOR"": ""PPI"", ""METHODOLOGY"": ""PPI"", ""OVERLAP"": ""OL"", ""REFERENCE_PERIOD"": ""2010=100"", ""SCALE"": ""0"", ""SECURITY_CLASSIFICATION"": ""PUB"", ""TYPE_OF_TRANSFORMATION"": ""IX""}}"
HRV,producer_price_index_quarterly_imf,2026-Q1,quarterly,138.53568118628363,\N,derived,IMF_PPI,IMF|ACCESS_SHARING_LEVEL=PUBLIC_OPEN|FREQUENCY=M|IFS_FLAG=true|INDICATOR=PPI|METHODOLOGY=PPI|OVERLAP=OL|REFERENCE_PERIOD=2010=100|SCALE=0|SECURITY_CLASSIFICATION=PUB|TYPE_OF_TRANSFORMATION=IX|aggregation=quarterly_mean,\N,"{""aggregation_method"": ""quarterly_mean"", ""source_derivation_types"": [""O"", ""O"", ""O""], ""source_months"": [""2026-M01"", ""2026-M02"", ""2026-M03""], ""source_observation_count"": 3, ""source_series_dimensions"": {""ACCESS_SHARING_LEVEL"": ""PUBLIC_OPEN"", ""COUNTRY"": ""HRV"", ""FREQUENCY"": ""M"", ""IFS_FLAG"": ""true"", ""INDICATOR"": ""PPI"", ""METHODOLOGY"": ""PPI"", ""OVERLAP"": ""OL"", ""REFERENCE_PERIOD"": ""2010=100"", ""SCALE"": ""0"", ""SECURITY_CLASSIFICATION"": ""PUB"", ""TYPE_OF_TRANSFORMATION"": ""IX""}}"
HUN,producer_price_index_quarterly_imf,2025-Q1,quarterly,210.29394678749858,\N,derived,IMF_PPI,IMF|ACCESS_SHARING_LEVEL=PUBLIC_OPEN|FREQUENCY=M|IFS_FLAG=true|INDICATOR=PPI|METHODOLOGY=PPI|OVERLAP=OL|REFERENCE_PERIOD=2010=100|SCALE=0|SECURITY_CLASSIFICATION=PUB|TYPE_OF_TRANSFORMATION=IX|aggregation=quarterly_mean,\N,"{""aggregation_method"": ""quarterly_mean"", ""source_derivation_types"": [""O"", ""O"", ""O""], ""source_months"": [""2025-M01"", ""2025-M02"", ""2025-M03""], ""source_observation_count"": 3, ""source_series_dimensions"": {""ACCESS_SHARING_LEVEL"": ""PUBLIC_OPEN"", ""COUNTRY"": ""HUN"", ""FREQUENCY"": ""M"", ""IFS_FLAG"": ""true"", ""INDICATOR"": ""PPI"", ""METHODOLOGY"": ""PPI"", ""OVERLAP"": ""OL"", ""REFERENCE_PERIOD"": ""2010=100"", ""SCALE"": ""0"", ""SECURITY_CLASSIFICATION"": ""PUB"", ""TYPE_OF_TRANSFORMATION"": ""IX""}}"
HUN,producer_price_index_quarterly_imf,2025-Q2,quarterly,207.04078075984663,\N,derived,IMF_PPI,IMF|ACCESS_SHARING_LEVEL=PUBLIC_OPEN|FREQUENCY=M|IFS_FLAG=true|INDICATOR=PPI|METHODOLOGY=PPI|OVERLAP=OL|REFERENCE_PERIOD=2010=100|SCALE=0|SECURITY_CLASSIFICATION=PUB|TYPE_OF_TRANSFORMATION=IX|aggregation=quarterly_mean,\N,"{""aggregation_method"": ""quarterly_mean"", ""source_derivation_types"": [""O"", ""O"", ""O""], ""source_months"": [""2025-M04"", ""2025-M05"", ""2025-M06""], ""source_observation_count"": 3, ""source_series_dimensions"": {""ACCESS_SHARING_LEVEL"": ""PUBLIC_OPEN"", ""COUNTRY"": ""HUN"", ""FREQUENCY"": ""M"", ""IFS_FLAG"": ""true"", ""INDICATOR"": ""PPI"", ""METHODOLOGY"": ""PPI"", ""OVERLAP"": ""OL"", ""REFERENCE_PERIOD"": ""2010=100"", ""SCALE"": ""0"", ""SECURITY_CLASSIFICATION"": ""PUB"", ""TYPE_OF_TRANSFORMATION"": ""IX""}}"
HUN,producer_price_index_quarterly_imf,2025-Q3,quarterly,204.9494597420704,\N,derived,IMF_PPI,IMF|ACCESS_SHARING_LEVEL=PUBLIC_OPEN|FREQUENCY=M|IFS_FLAG=true|INDICATOR=PPI|METHODOLOGY=PPI|OVERLAP=OL|REFERENCE_PERIOD=2010=100|SCALE=0|SECURITY_CLASSIFICATION=PUB|TYPE_OF_TRANSFORMATION=IX|aggregation=quarterly_mean,\N,"{""aggregation_method"": ""quarterly_mean"", ""source_derivation_types"": [""O"", ""O"", ""O""], ""source_months"": [""2025-M07"", ""2025-M08"", ""2025-M09""], ""source_observation_count"": 3, ""source_series_dimensions"": {""ACCESS_SHARING_LEVEL"": ""PUBLIC_OPEN"", ""COUNTRY"": ""HUN"", ""FREQUENCY"": ""M"", ""IFS_FLAG"": ""true"", ""INDICATOR"": ""PPI"", ""METHODOLOGY"": ""PPI"", ""OVERLAP"": ""OL"", ""REFERENCE_PERIOD"": ""2010=100"", ""SCALE"": ""0"", ""SECURITY_CLASSIFICATION"": ""PUB"", ""TYPE_OF_TRANSFORMATION"": ""IX""}}"
HUN,producer_price_index_quarterly_imf,2025-Q4,quarterly,204.15940513535494,\N,derived,IMF_PPI,IMF|ACCESS_SHARING_LEVEL=PUBLIC_OPEN|FREQUENCY=M|IFS_FLAG=true|INDICATOR=PPI|METHODOLOGY=PPI|OVERLAP=OL|REFERENCE_PERIOD=2010=100|SCALE=0|SECURITY_CLASSIFICATION=PUB|TYPE_OF_TRANSFORMATION=IX|aggregation=quarterly_mean,\N,"{""aggregation_method"": ""quarterly_mean"", ""source_derivation_types"": [""O"", ""O"", ""O""], ""source_months"": [""2025-M10"", ""2025-M11"", ""2025-M12""], ""source_observation_count"": 3, ""source_series_dimensions"": {""ACCESS_SHARING_LEVEL"": ""PUBLIC_OPEN"", ""COUNTRY"": ""HUN"", ""FREQUENCY"": ""M"", ""IFS_FLAG"": ""true"", ""INDICATOR"": ""PPI"", ""METHODOLOGY"": ""PPI"", ""OVERLAP"": ""OL"", ""REFERENCE_PERIOD"": ""2010=100"", ""SCALE"": ""0"", ""SECURITY_CLASSIFICATION"": ""PUB"", ""TYPE_OF_TRANSFORMATION"": ""IX""}}"
HUN,producer_price_index_quarterly_imf,2026-Q1,quarterly,206.90135935866155,\N,derived,IMF_PPI,IMF|ACCESS_SHARING_LEVEL=PUBLIC_OPEN|FREQUENCY=M|IFS_FLAG=true|INDICATOR=PPI|METHODOLOGY=PPI|OVERLAP=OL|REFERENCE_PERIOD=2010=100|SCALE=0|SECURITY_CLASSIFICATION=PUB|TYPE_OF_TRANSFORMATION=IX|aggregation=quarterly_mean,\N,"{""aggregation_method"": ""quarterly_mean"", ""source_derivation_types"": [""O"", ""O"", ""O""], ""source_months"": [""2026-M01"", ""2026-M02"", ""2026-M03""], ""source_observation_count"": 3, ""source_series_dimensions"": {""ACCESS_SHARING_LEVEL"": ""PUBLIC_OPEN"", ""COUNTRY"": ""HUN"", ""FREQUENCY"": ""M"", ""IFS_FLAG"": ""true"", ""INDICATOR"": ""PPI"", ""METHODOLOGY"": ""PPI"", ""OVERLAP"": ""OL"", ""REFERENCE_PERIOD"": ""2010=100"", ""SCALE"": ""0"", ""SECURITY_CLASSIFICATION"": ""PUB"", ""TYPE_OF_TRANSFORMATION"": ""IX""}}"
IRL,producer_price_index_quarterly_imf,2025-Q1,quarterly,99.44414832863777,\N,derived,IMF_PPI,IMF|ACCESS_SHARING_LEVEL=PUBLIC_OPEN|FREQUENCY=M|IFS_FLAG=true|INDICATOR=PPI|METHODOLOGY=PPI|OVERLAP=OL|REFERENCE_PERIOD=2010=100|SCALE=0|SECURITY_CLASSIFICATION=PUB|TYPE_OF_TRANSFORMATION=IX|aggregation=quarterly_mean,\N,"{""aggregation_method"": ""quarterly_mean"", ""source_derivation_types"": [""O"", ""O"", ""O""], ""source_months"": [""2025-M01"", ""2025-M02"", ""2025-M03""], ""source_observation_count"": 3, ""source_series_dimensions"": {""ACCESS_SHARING_LEVEL"": ""PUBLIC_OPEN"", ""COUNTRY"": ""IRL"", ""FREQUENCY"": ""M"", ""IFS_FLAG"": ""true"", ""INDICATOR"": ""PPI"", ""METHODOLOGY"": ""PPI"", ""OVERLAP"": ""OL"", ""REFERENCE_PERIOD"": ""2010=100"", ""SCALE"": ""0"", ""SECURITY_CLASSIFICATION"": ""PUB"", ""TYPE_OF_TRANSFORMATION"": ""IX""}}"
IRL,producer_price_index_quarterly_imf,2025-Q2,quarterly,94.47955531866289,\N,derived,IMF_PPI,IMF|ACCESS_SHARING_LEVEL=PUBLIC_OPEN|FREQUENCY=M|IFS_FLAG=true|INDICATOR=PPI|METHODOLOGY=PPI|OVERLAP=OL|REFERENCE_PERIOD=2010=100|SCALE=0|SECURITY_CLASSIFICATION=PUB|TYPE_OF_TRANSFORMATION=IX|aggregation=quarterly_mean,\N,"{""aggregation_method"": ""quarterly_mean"", ""source_derivation_types"": [""O"", ""O"", ""O""], ""source_months"": [""2025-M04"", ""2025-M05"", ""2025-M06""], ""source_observation_count"": 3, ""source_series_dimensions"": {""ACCESS_SHARING_LEVEL"": ""PUBLIC_OPEN"", ""COUNTRY"": ""IRL"", ""FREQUENCY"": ""M"", ""IFS_FLAG"": ""true"", ""INDICATOR"": ""PPI"", ""METHODOLOGY"": ""PPI"", ""OVERLAP"": ""OL"", ""REFERENCE_PERIOD"": ""2010=100"", ""SCALE"": ""0"", ""SECURITY_CLASSIFICATION"": ""PUB"", ""TYPE_OF_TRANSFORMATION"": ""IX""}}"
IRL,producer_price_index_quarterly_imf,2025-Q3,quarterly,92.65209776897888,\N,derived,IMF_PPI,IMF|ACCESS_SHARING_LEVEL=PUBLIC_OPEN|FREQUENCY=M|IFS_FLAG=true|INDICATOR=PPI|METHODOLOGY=PPI|OVERLAP=OL|REFERENCE_PERIOD=2010=100|SCALE=0|SECURITY_CLASSIFICATION=PUB|TYPE_OF_TRANSFORMATION=IX|aggregation=quarterly_mean,\N,"{""aggregation_method"": ""quarterly_mean"", ""source_derivation_types"": [""O"", ""O"", ""O""], ""source_months"": [""2025-M07"", ""2025-M08"", ""2025-M09""], ""source_observation_count"": 3, ""source_series_dimensions"": {""ACCESS_SHARING_LEVEL"": ""PUBLIC_OPEN"", ""COUNTRY"": ""IRL"", ""FREQUENCY"": ""M"", ""IFS_FLAG"": ""true"", ""INDICATOR"": ""PPI"", ""METHODOLOGY"": ""PPI"", ""OVERLAP"": ""OL"", ""REFERENCE_PERIOD"": ""2010=100"", ""SCALE"": ""0"", ""SECURITY_CLASSIFICATION"": ""PUB"", ""TYPE_OF_TRANSFORMATION"": ""IX""}}"
IRL,producer_price_index_quarterly_imf,2025-Q4,quarterly,93.3830807888525,\N,derived,IMF_PPI,IMF|ACCESS_SHARING_LEVEL=PUBLIC_OPEN|FREQUENCY=M|IFS_FLAG=true|INDICATOR=PPI|METHODOLOGY=PPI|OVERLAP=OL|REFERENCE_PERIOD=2010=100|SCALE=0|SECURITY_CLASSIFICATION=PUB|TYPE_OF_TRANSFORMATION=IX|aggregation=quarterly_mean,\N,"{""aggregation_method"": ""quarterly_mean"", ""source_derivation_types"": [""O"", ""O"", ""O""], ""source_months"": [""2025-M10"", ""2025-M11"", ""2025-M12""], ""source_observation_count"": 3, ""source_series_dimensions"": {""ACCESS_SHARING_LEVEL"": ""PUBLIC_OPEN"", ""COUNTRY"": ""IRL"", ""FREQUENCY"": ""M"", ""IFS_FLAG"": ""true"", ""INDICATOR"": ""PPI"", ""METHODOLOGY"": ""PPI"", ""OVERLAP"": ""OL"", ""REFERENCE_PERIOD"": ""2010=100"", ""SCALE"": ""0"", ""SECURITY_CLASSIFICATION"": ""PUB"", ""TYPE_OF_TRANSFORMATION"": ""IX""}}"
IRL,producer_price_index_quarterly_imf,2026-Q1,quarterly,94.93641970608388,\N,derived,IMF_PPI,IMF|ACCESS_SHARING_LEVEL=PUBLIC_OPEN|FREQUENCY=M|IFS_FLAG=true|INDICATOR=PPI|METHODOLOGY=PPI|OVERLAP=OL|REFERENCE_PERIOD=2010=100|SCALE=0|SECURITY_CLASSIFICATION=PUB|TYPE_OF_TRANSFORMATION=IX|aggregation=quarterly_mean,\N,"{""aggregation_method"": ""quarterly_mean"", ""source_derivation_types"": [""O"", ""O"", ""O""], ""source_months"": [""2026-M01"", ""2026-M02"", ""2026-M03""], ""source_observation_count"": 3, ""source_series_dimensions"": {""ACCESS_SHARING_LEVEL"": ""PUBLIC_OPEN"", ""COUNTRY"": ""IRL"", ""FREQUENCY"": ""M"", ""IFS_FLAG"": ""true"", ""INDICATOR"": ""PPI"", ""METHODOLOGY"": ""PPI"", ""OVERLAP"": ""OL"", ""REFERENCE_PERIOD"": ""2010=100"", ""SCALE"": ""0"", ""SECURITY_CLASSIFICATION"": ""PUB"", ""TYPE_OF_TRANSFORMATION"": ""IX""}}"
ITA,producer_price_index_quarterly_imf,2025-Q1,quarterly,144.7401049117787,\N,derived,IMF_PPI,IMF|ACCESS_SHARING_LEVEL=PUBLIC_OPEN|FREQUENCY=M|IFS_FLAG=true|INDICATOR=PPI|METHODOLOGY=PPI|OVERLAP=OL|REFERENCE_PERIOD=2010=100|SCALE=0|SECURITY_CLASSIFICATION=PUB|TYPE_OF_TRANSFORMATION=IX|aggregation=quarterly_mean,\N,"{""aggregation_method"": ""quarterly_mean"", ""source_derivation_types"": [""O"", ""O"", ""O""], ""source_months"": [""2025-M01"", ""2025-M02"", ""2025-M03""], ""source_observation_count"": 3, ""source_series_dimensions"": {""ACCESS_SHARING_LEVEL"": ""PUBLIC_OPEN"", ""COUNTRY"": ""ITA"", ""FREQUENCY"": ""M"", ""IFS_FLAG"": ""true"", ""INDICATOR"": ""PPI"", ""METHODOLOGY"": ""PPI"", ""OVERLAP"": ""OL"", ""REFERENCE_PERIOD"": ""2010=100"", ""SCALE"": ""0"", ""SECURITY_CLASSIFICATION"": ""PUB"", ""TYPE_OF_TRANSFORMATION"": ""IX""}}"
ITA,producer_price_index_quarterly_imf,2025-Q2,quarterly,139.66618979494513,\N,derived,IMF_PPI,IMF|ACCESS_SHARING_LEVEL=PUBLIC_OPEN|FREQUENCY=M|IFS_FLAG=true|INDICATOR=PPI|METHODOLOGY=PPI|OVERLAP=OL|REFERENCE_PERIOD=2010=100|SCALE=0|SECURITY_CLASSIFICATION=PUB|TYPE_OF_TRANSFORMATION=IX|aggregation=quarterly_mean,\N,"{""aggregation_method"": ""quarterly_mean"", ""source_derivation_types"": [""O"", ""O"", ""O""], ""source_months"": [""2025-M04"", ""2025-M05"", ""2025-M06""], ""source_observation_count"": 3, ""source_series_dimensions"": {""ACCESS_SHARING_LEVEL"": ""PUBLIC_OPEN"", ""COUNTRY"": ""ITA"", ""FREQUENCY"": ""M"", ""IFS_FLAG"": ""true"", ""INDICATOR"": ""PPI"", ""METHODOLOGY"": ""PPI"", ""OVERLAP"": ""OL"", ""REFERENCE_PERIOD"": ""2010=100"", ""SCALE"": ""0"", ""SECURITY_CLASSIFICATION"": ""PUB"", ""TYPE_OF_TRANSFORMATION"": ""IX""}}"
ITA,producer_price_index_quarterly_imf,2025-Q3,quarterly,140.9251311397234,\N,derived,IMF_PPI,IMF|ACCESS_SHARING_LEVEL=PUBLIC_OPEN|FREQUENCY=M|IFS_FLAG=true|INDICATOR=PPI|METHODOLOGY=PPI|OVERLAP=OL|REFERENCE_PERIOD=2010=100|SCALE=0|SECURITY_CLASSIFICATION=PUB|TYPE_OF_TRANSFORMATION=IX|aggregation=quarterly_mean,\N,"{""aggregation_method"": ""quarterly_mean"", ""source_derivation_types"": [""O"", ""O"", ""O""], ""source_months"": [""2025-M07"", ""2025-M08"", ""2025-M09""], ""source_observation_count"": 3, ""source_series_dimensions"": {""ACCESS_SHARING_LEVEL"": ""PUBLIC_OPEN"", ""COUNTRY"": ""ITA"", ""FREQUENCY"": ""M"", ""IFS_FLAG"": ""true"", ""INDICATOR"": ""PPI"", ""METHODOLOGY"": ""PPI"", ""OVERLAP"": ""OL"", ""REFERENCE_PERIOD"": ""2010=100"", ""SCALE"": ""0"", ""SECURITY_CLASSIFICATION"": ""PUB"", ""TYPE_OF_TRANSFORMATION"": ""IX""}}"
ITA,producer_price_index_quarterly_imf,2025-Q4,quarterly,141.11587982832617,\N,derived,IMF_PPI,IMF|ACCESS_SHARING_LEVEL=PUBLIC_OPEN|FREQUENCY=M|IFS_FLAG=true|INDICATOR=PPI|METHODOLOGY=PPI|OVERLAP=OL|REFERENCE_PERIOD=2010=100|SCALE=0|SECURITY_CLASSIFICATION=PUB|TYPE_OF_TRANSFORMATION=IX|aggregation=quarterly_mean,\N,"{""aggregation_method"": ""quarterly_mean"", ""source_derivation_types"": [""O"", ""O"", ""O""], ""source_months"": [""2025-M10"", ""2025-M11"", ""2025-M12""], ""source_observation_count"": 3, ""source_series_dimensions"": {""ACCESS_SHARING_LEVEL"": ""PUBLIC_OPEN"", ""COUNTRY"": ""ITA"", ""FREQUENCY"": ""M"", ""IFS_FLAG"": ""true"", ""INDICATOR"": ""PPI"", ""METHODOLOGY"": ""PPI"", ""OVERLAP"": ""OL"", ""REFERENCE_PERIOD"": ""2010=100"", ""SCALE"": ""0"", ""SECURITY_CLASSIFICATION"": ""PUB"", ""TYPE_OF_TRANSFORMATION"": ""IX""}}"
ITA,producer_price_index_quarterly_imf,2026-Q1,quarterly,144.66380543633758,\N,derived,IMF_PPI,IMF|ACCESS_SHARING_LEVEL=PUBLIC_OPEN|FREQUENCY=M|IFS_FLAG=true|INDICATOR=PPI|METHODOLOGY=PPI|OVERLAP=OL|REFERENCE_PERIOD=2010=100|SCALE=0|SECURITY_CLASSIFICATION=PUB|TYPE_OF_TRANSFORMATION=IX|aggregation=quarterly_mean,\N,"{""aggregation_method"": ""quarterly_mean"", ""source_derivation_types"": [""O"", ""O"", ""O""], ""source_months"": [""2026-M01"", ""2026-M02"", ""2026-M03""], ""source_observation_count"": 3, ""source_series_dimensions"": {""ACCESS_SHARING_LEVEL"": ""PUBLIC_OPEN"", ""COUNTRY"": ""ITA"", ""FREQUENCY"": ""M"", ""IFS_FLAG"": ""true"", ""INDICATOR"": ""PPI"", ""METHODOLOGY"": ""PPI"", ""OVERLAP"": ""OL"", ""REFERENCE_PERIOD"": ""2010=100"", ""SCALE"": ""0"", ""SECURITY_CLASSIFICATION"": ""PUB"", ""TYPE_OF_TRANSFORMATION"": ""IX""}}"
LTU,producer_price_index_quarterly_imf,2025-Q1,quarterly,128.18833525090713,\N,derived,IMF_PPI,IMF|ACCESS_SHARING_LEVEL=PUBLIC_OPEN|FREQUENCY=M|IFS_FLAG=true|INDICATOR=PPI|METHODOLOGY=PPI|OVERLAP=OL|REFERENCE_PERIOD=2010=100|SCALE=0|SECURITY_CLASSIFICATION=PUB|TYPE_OF_TRANSFORMATION=IX|aggregation=quarterly_mean,\N,"{""aggregation_method"": ""quarterly_mean"", ""source_derivation_types"": [""O"", ""O"", ""O""], ""source_months"": [""2025-M01"", ""2025-M02"", ""2025-M03""], ""source_observation_count"": 3, ""source_series_dimensions"": {""ACCESS_SHARING_LEVEL"": ""PUBLIC_OPEN"", ""COUNTRY"": ""LTU"", ""FREQUENCY"": ""M"", ""IFS_FLAG"": ""true"", ""INDICATOR"": ""PPI"", ""METHODOLOGY"": ""PPI"", ""OVERLAP"": ""OL"", ""REFERENCE_PERIOD"": ""2010=100"", ""SCALE"": ""0"", ""SECURITY_CLASSIFICATION"": ""PUB"", ""TYPE_OF_TRANSFORMATION"": ""IX""}}"
LTU,producer_price_index_quarterly_imf,2025-Q2,quarterly,124.18798123727764,\N,derived,IMF_PPI,IMF|ACCESS_SHARING_LEVEL=PUBLIC_OPEN|FREQUENCY=M|IFS_FLAG=true|INDICATOR=PPI|METHODOLOGY=PPI|OVERLAP=OL|REFERENCE_PERIOD=2010=100|SCALE=0|SECURITY_CLASSIFICATION=PUB|TYPE_OF_TRANSFORMATION=IX|aggregation=quarterly_mean,\N,"{""aggregation_method"": ""quarterly_mean"", ""source_derivation_types"": [""O"", ""O"", ""O""], ""source_months"": [""2025-M04"", ""2025-M05"", ""2025-M06""], ""source_observation_count"": 3, ""source_series_dimensions"": {""ACCESS_SHARING_LEVEL"": ""PUBLIC_OPEN"", ""COUNTRY"": ""LTU"", ""FREQUENCY"": ""M"", ""IFS_FLAG"": ""true"", ""INDICATOR"": ""PPI"", ""METHODOLOGY"": ""PPI"", ""OVERLAP"": ""OL"", ""REFERENCE_PERIOD"": ""2010=100"", ""SCALE"": ""0"", ""SECURITY_CLASSIFICATION"": ""PUB"", ""TYPE_OF_TRANSFORMATION"": ""IX""}}"
LTU,producer_price_index_quarterly_imf,2025-Q3,quarterly,124.54199486680237,\N,derived,IMF_PPI,IMF|ACCESS_SHARING_LEVEL=PUBLIC_OPEN|FREQUENCY=M|IFS_FLAG=true|INDICATOR=PPI|METHODOLOGY=PPI|OVERLAP=OL|REFERENCE_PERIOD=2010=100|SCALE=0|SECURITY_CLASSIFICATION=PUB|TYPE_OF_TRANSFORMATION=IX|aggregation=quarterly_mean,\N,"{""aggregation_method"": ""quarterly_mean"", ""source_derivation_types"": [""O"", ""O"", ""O""], ""source_months"": [""2025-M07"", ""2025-M08"", ""2025-M09""], ""source_observation_count"": 3, ""source_series_dimensions"": {""ACCESS_SHARING_LEVEL"": ""PUBLIC_OPEN"", ""COUNTRY"": ""LTU"", ""FREQUENCY"": ""M"", ""IFS_FLAG"": ""true"", ""INDICATOR"": ""PPI"", ""METHODOLOGY"": ""PPI"", ""OVERLAP"": ""OL"", ""REFERENCE_PERIOD"": ""2010=100"", ""SCALE"": ""0"", ""SECURITY_CLASSIFICATION"": ""PUB"", ""TYPE_OF_TRANSFORMATION"": ""IX""}}"
LTU,producer_price_index_quarterly_imf,2025-Q4,quarterly,124.18798123727764,\N,derived,IMF_PPI,IMF|ACCESS_SHARING_LEVEL=PUBLIC_OPEN|FREQUENCY=M|IFS_FLAG=true|INDICATOR=PPI|METHODOLOGY=PPI|OVERLAP=OL|REFERENCE_PERIOD=2010=100|SCALE=0|SECURITY_CLASSIFICATION=PUB|TYPE_OF_TRANSFORMATION=IX|aggregation=quarterly_mean,\N,"{""aggregation_method"": ""quarterly_mean"", ""source_derivation_types"": [""O"", ""O"", ""O""], ""source_months"": [""2025-M10"", ""2025-M11"", ""2025-M12""], ""source_observation_count"": 3, ""source_series_dimensions"": {""ACCESS_SHARING_LEVEL"": ""PUBLIC_OPEN"", ""COUNTRY"": ""LTU"", ""FREQUENCY"": ""M"", ""IFS_FLAG"": ""true"", ""INDICATOR"": ""PPI"", ""METHODOLOGY"": ""PPI"", ""OVERLAP"": ""OL"", ""REFERENCE_PERIOD"": ""2010=100"", ""SCALE"": ""0"", ""SECURITY_CLASSIFICATION"": ""PUB"", ""TYPE_OF_TRANSFORMATION"": ""IX""}}"
LTU,producer_price_index_quarterly_imf,2026-Q1,quarterly,128.75475705814677,\N,derived,IMF_PPI,IMF|ACCESS_SHARING_LEVEL=PUBLIC_OPEN|FREQUENCY=M|IFS_FLAG=true|INDICATOR=PPI|METHODOLOGY=PPI|OVERLAP=OL|REFERENCE_PERIOD=2010=100|SCALE=0|SECURITY_CLASSIFICATION=PUB|TYPE_OF_TRANSFORMATION=IX|aggregation=quarterly_mean,\N,"{""aggregation_method"": ""quarterly_mean"", ""source_derivation_types"": [""O"", ""O"", ""O""], ""source_months"": [""2026-M01"", ""2026-M02"", ""2026-M03""], ""source_observation_count"": 3, ""source_series_dimensions"": {""ACCESS_SHARING_LEVEL"": ""PUBLIC_OPEN"", ""COUNTRY"": ""LTU"", ""FREQUENCY"": ""M"", ""IFS_FLAG"": ""true"", ""INDICATOR"": ""PPI"", ""METHODOLOGY"": ""PPI"", ""OVERLAP"": ""OL"", ""REFERENCE_PERIOD"": ""2010=100"", ""SCALE"": ""0"", ""SECURITY_CLASSIFICATION"": ""PUB"", ""TYPE_OF_TRANSFORMATION"": ""IX""}}"
LVA,producer_price_index_quarterly_imf,2025-Q1,quarterly,170.2052135330005,\N,derived,IMF_PPI,IMF|ACCESS_SHARING_LEVEL=PUBLIC_OPEN|FREQUENCY=M|IFS_FLAG=true|INDICATOR=PPI|METHODOLOGY=PPI|OVERLAP=OL|REFERENCE_PERIOD=2010=100|SCALE=0|SECURITY_CLASSIFICATION=PUB|TYPE_OF_TRANSFORMATION=IX|aggregation=quarterly_mean,\N,"{""aggregation_method"": ""quarterly_mean"", ""source_derivation_types"": [""O"", ""O"", ""O""], ""source_months"": [""2025-M01"", ""2025-M02"", ""2025-M03""], ""source_observation_count"": 3, ""source_series_dimensions"": {""ACCESS_SHARING_LEVEL"": ""PUBLIC_OPEN"", ""COUNTRY"": ""LVA"", ""FREQUENCY"": ""M"", ""IFS_FLAG"": ""true"", ""INDICATOR"": ""PPI"", ""METHODOLOGY"": ""PPI"", ""OVERLAP"": ""OL"", ""REFERENCE_PERIOD"": ""2010=100"", ""SCALE"": ""0"", ""SECURITY_CLASSIFICATION"": ""PUB"", ""TYPE_OF_TRANSFORMATION"": ""IX""}}"
LVA,producer_price_index_quarterly_imf,2025-Q2,quarterly,167.54298391569603,\N,derived,IMF_PPI,IMF|ACCESS_SHARING_LEVEL=PUBLIC_OPEN|FREQUENCY=M|IFS_FLAG=true|INDICATOR=PPI|METHODOLOGY=PPI|OVERLAP=OL|REFERENCE_PERIOD=2010=100|SCALE=0|SECURITY_CLASSIFICATION=PUB|TYPE_OF_TRANSFORMATION=IX|aggregation=quarterly_mean,\N,"{""aggregation_method"": ""quarterly_mean"", ""source_derivation_types"": [""O"", ""O"", ""O""], ""source_months"": [""2025-M04"", ""2025-M05"", ""2025-M06""], ""source_observation_count"": 3, ""source_series_dimensions"": {""ACCESS_SHARING_LEVEL"": ""PUBLIC_OPEN"", ""COUNTRY"": ""LVA"", ""FREQUENCY"": ""M"", ""IFS_FLAG"": ""true"", ""INDICATOR"": ""PPI"", ""METHODOLOGY"": ""PPI"", ""OVERLAP"": ""OL"", ""REFERENCE_PERIOD"": ""2010=100"", ""SCALE"": ""0"", ""SECURITY_CLASSIFICATION"": ""PUB"", ""TYPE_OF_TRANSFORMATION"": ""IX""}}"
LVA,producer_price_index_quarterly_imf,2025-Q3,quarterly,167.76483638380475,\N,derived,IMF_PPI,IMF|ACCESS_SHARING_LEVEL=PUBLIC_OPEN|FREQUENCY=M|IFS_FLAG=true|INDICATOR=PPI|METHODOLOGY=PPI|OVERLAP=OL|REFERENCE_PERIOD=2010=100|SCALE=0|SECURITY_CLASSIFICATION=PUB|TYPE_OF_TRANSFORMATION=IX|aggregation=quarterly_mean,\N,"{""aggregation_method"": ""quarterly_mean"", ""source_derivation_types"": [""O"", ""O"", ""O""], ""source_months"": [""2025-M07"", ""2025-M08"", ""2025-M09""], ""source_observation_count"": 3, ""source_series_dimensions"": {""ACCESS_SHARING_LEVEL"": ""PUBLIC_OPEN"", ""COUNTRY"": ""LVA"", ""FREQUENCY"": ""M"", ""IFS_FLAG"": ""true"", ""INDICATOR"": ""PPI"", ""METHODOLOGY"": ""PPI"", ""OVERLAP"": ""OL"", ""REFERENCE_PERIOD"": ""2010=100"", ""SCALE"": ""0"", ""SECURITY_CLASSIFICATION"": ""PUB"", ""TYPE_OF_TRANSFORMATION"": ""IX""}}"
LVA,producer_price_index_quarterly_imf,2025-Q4,quarterly,170.24958402662227,\N,derived,IMF_PPI,IMF|ACCESS_SHARING_LEVEL=PUBLIC_OPEN|FREQUENCY=M|IFS_FLAG=true|INDICATOR=PPI|METHODOLOGY=PPI|OVERLAP=OL|REFERENCE_PERIOD=2010=100|SCALE=0|SECURITY_CLASSIFICATION=PUB|TYPE_OF_TRANSFORMATION=IX|aggregation=quarterly_mean,\N,"{""aggregation_method"": ""quarterly_mean"", ""source_derivation_types"": [""O"", ""O"", ""O""], ""source_months"": [""2025-M10"", ""2025-M11"", ""2025-M12""], ""source_observation_count"": 3, ""source_series_dimensions"": {""ACCESS_SHARING_LEVEL"": ""PUBLIC_OPEN"", ""COUNTRY"": ""LVA"", ""FREQUENCY"": ""M"", ""IFS_FLAG"": ""true"", ""INDICATOR"": ""PPI"", ""METHODOLOGY"": ""PPI"", ""OVERLAP"": ""OL"", ""REFERENCE_PERIOD"": ""2010=100"", ""SCALE"": ""0"", ""SECURITY_CLASSIFICATION"": ""PUB"", ""TYPE_OF_TRANSFORMATION"": ""IX""}}"
LVA,producer_price_index_quarterly_imf,2026-Q1,quarterly,170.56017748197448,\N,derived,IMF_PPI,IMF|ACCESS_SHARING_LEVEL=PUBLIC_OPEN|FREQUENCY=M|IFS_FLAG=true|INDICATOR=PPI|METHODOLOGY=PPI|OVERLAP=OL|REFERENCE_PERIOD=2010=100|SCALE=0|SECURITY_CLASSIFICATION=PUB|TYPE_OF_TRANSFORMATION=IX|aggregation=quarterly_mean,\N,"{""aggregation_method"": ""quarterly_mean"", ""source_derivation_types"": [""O"", ""O"", ""O""], ""source_months"": [""2026-M01"", ""2026-M02"", ""2026-M03""], ""source_observation_count"": 3, ""source_series_dimensions"": {""ACCESS_SHARING_LEVEL"": ""PUBLIC_OPEN"", ""COUNTRY"": ""LVA"", ""FREQUENCY"": ""M"", ""IFS_FLAG"": ""true"", ""INDICATOR"": ""PPI"", ""METHODOLOGY"": ""PPI"", ""OVERLAP"": ""OL"", ""REFERENCE_PERIOD"": ""2010=100"", ""SCALE"": ""0"", ""SECURITY_CLASSIFICATION"": ""PUB"", ""TYPE_OF_TRANSFORMATION"": ""IX""}}"
MKD,producer_price_index_quarterly_imf,2025-Q1,quarterly,149.93323061119668,\N,derived,IMF_PPI,IMF|ACCESS_SHARING_LEVEL=PUBLIC_OPEN|FREQUENCY=M|IFS_FLAG=true|INDICATOR=PPI|METHODOLOGY=PPI|OVERLAP=OL|REFERENCE_PERIOD=2010=100|SCALE=0|SECURITY_CLASSIFICATION=PUB|TYPE_OF_TRANSFORMATION=IX|aggregation=quarterly_mean,\N,"{""aggregation_method"": ""quarterly_mean"", ""source_derivation_types"": [""O"", ""O"", ""O""], ""source_months"": [""2025-M01"", ""2025-M02"", ""2025-M03""], ""source_observation_count"": 3, ""source_series_dimensions"": {""ACCESS_SHARING_LEVEL"": ""PUBLIC_OPEN"", ""COUNTRY"": ""MKD"", ""FREQUENCY"": ""M"", ""IFS_FLAG"": ""true"", ""INDICATOR"": ""PPI"", ""METHODOLOGY"": ""PPI"", ""OVERLAP"": ""OL"", ""REFERENCE_PERIOD"": ""2010=100"", ""SCALE"": ""0"", ""SECURITY_CLASSIFICATION"": ""PUB"", ""TYPE_OF_TRANSFORMATION"": ""IX""}}"
MKD,producer_price_index_quarterly_imf,2025-Q2,quarterly,150.8782742681047,\N,derived,IMF_PPI,IMF|ACCESS_SHARING_LEVEL=PUBLIC_OPEN|FREQUENCY=M|IFS_FLAG=true|INDICATOR=PPI|METHODOLOGY=PPI|OVERLAP=OL|REFERENCE_PERIOD=2010=100|SCALE=0|SECURITY_CLASSIFICATION=PUB|TYPE_OF_TRANSFORMATION=IX|aggregation=quarterly_mean,\N,"{""aggregation_method"": ""quarterly_mean"", ""source_derivation_types"": [""O"", ""O"", ""O""], ""source_months"": [""2025-M04"", ""2025-M05"", ""2025-M06""], ""source_observation_count"": 3, ""source_series_dimensions"": {""ACCESS_SHARING_LEVEL"": ""PUBLIC_OPEN"", ""COUNTRY"": ""MKD"", ""FREQUENCY"": ""M"", ""IFS_FLAG"": ""true"", ""INDICATOR"": ""PPI"", ""METHODOLOGY"": ""PPI"", ""OVERLAP"": ""OL"", ""REFERENCE_PERIOD"": ""2010=100"", ""SCALE"": ""0"", ""SECURITY_CLASSIFICATION"": ""PUB"", ""TYPE_OF_TRANSFORMATION"": ""IX""}}"
MKD,producer_price_index_quarterly_imf,2025-Q3,quarterly,150.96045197740105,\N,derived,IMF_PPI,IMF|ACCESS_SHARING_LEVEL=PUBLIC_OPEN|FREQUENCY=M|IFS_FLAG=true|INDICATOR=PPI|METHODOLOGY=PPI|OVERLAP=OL|REFERENCE_PERIOD=2010=100|SCALE=0|SECURITY_CLASSIFICATION=PUB|TYPE_OF_TRANSFORMATION=IX|aggregation=quarterly_mean,\N,"{""aggregation_method"": ""quarterly_mean"", ""source_derivation_types"": [""O"", ""O"", ""O""], ""source_months"": [""2025-M07"", ""2025-M08"", ""2025-M09""], ""source_observation_count"": 3, ""source_series_dimensions"": {""ACCESS_SHARING_LEVEL"": ""PUBLIC_OPEN"", ""COUNTRY"": ""MKD"", ""FREQUENCY"": ""M"", ""IFS_FLAG"": ""true"", ""INDICATOR"": ""PPI"", ""METHODOLOGY"": ""PPI"", ""OVERLAP"": ""OL"", ""REFERENCE_PERIOD"": ""2010=100"", ""SCALE"": ""0"", ""SECURITY_CLASSIFICATION"": ""PUB"", ""TYPE_OF_TRANSFORMATION"": ""IX""}}"
MKD,producer_price_index_quarterly_imf,2025-Q4,quarterly,152.5218284540318,\N,derived,IMF_PPI,IMF|ACCESS_SHARING_LEVEL=PUBLIC_OPEN|FREQUENCY=M|IFS_FLAG=true|INDICATOR=PPI|METHODOLOGY=PPI|OVERLAP=OL|REFERENCE_PERIOD=2010=100|SCALE=0|SECURITY_CLASSIFICATION=PUB|TYPE_OF_TRANSFORMATION=IX|aggregation=quarterly_mean,\N,"{""aggregation_method"": ""quarterly_mean"", ""source_derivation_types"": [""O"", ""O"", ""O""], ""source_months"": [""2025-M10"", ""2025-M11"", ""2025-M12""], ""source_observation_count"": 3, ""source_series_dimensions"": {""ACCESS_SHARING_LEVEL"": ""PUBLIC_OPEN"", ""COUNTRY"": ""MKD"", ""FREQUENCY"": ""M"", ""IFS_FLAG"": ""true"", ""INDICATOR"": ""PPI"", ""METHODOLOGY"": ""PPI"", ""OVERLAP"": ""OL"", ""REFERENCE_PERIOD"": ""2010=100"", ""SCALE"": ""0"", ""SECURITY_CLASSIFICATION"": ""PUB"", ""TYPE_OF_TRANSFORMATION"": ""IX""}}"
MKD,producer_price_index_quarterly_imf,2026-Q1,quarterly,156.09655880842317,\N,derived,IMF_PPI,IMF|ACCESS_SHARING_LEVEL=PUBLIC_OPEN|FREQUENCY=M|IFS_FLAG=true|INDICATOR=PPI|METHODOLOGY=PPI|OVERLAP=OL|REFERENCE_PERIOD=2010=100|SCALE=0|SECURITY_CLASSIFICATION=PUB|TYPE_OF_TRANSFORMATION=IX|aggregation=quarterly_mean,\N,"{""aggregation_method"": ""quarterly_mean"", ""source_derivation_types"": [""O"", ""O"", ""O""], ""source_months"": [""2026-M01"", ""2026-M02"", ""2026-M03""], ""source_observation_count"": 3, ""source_series_dimensions"": {""ACCESS_SHARING_LEVEL"": ""PUBLIC_OPEN"", ""COUNTRY"": ""MKD"", ""FREQUENCY"": ""M"", ""IFS_FLAG"": ""true"", ""INDICATOR"": ""PPI"", ""METHODOLOGY"": ""PPI"", ""OVERLAP"": ""OL"", ""REFERENCE_PERIOD"": ""2010=100"", ""SCALE"": ""0"", ""SECURITY_CLASSIFICATION"": ""PUB"", ""TYPE_OF_TRANSFORMATION"": ""IX""}}"
MLT,producer_price_index_quarterly_imf,2025-Q1,quarterly,115.02297631671968,\N,derived,IMF_PPI,IMF|ACCESS_SHARING_LEVEL=PUBLIC_OPEN|FREQUENCY=M|IFS_FLAG=true|INDICATOR=PPI|METHODOLOGY=PPI|OVERLAP=OL|REFERENCE_PERIOD=2010=100|SCALE=0|SECURITY_CLASSIFICATION=PUB|TYPE_OF_TRANSFORMATION=IX|aggregation=quarterly_mean,\N,"{""aggregation_method"": ""quarterly_mean"", ""source_derivation_types"": [""O"", ""O"", ""O""], ""source_months"": [""2025-M01"", ""2025-M02"", ""2025-M03""], ""source_observation_count"": 3, ""source_series_dimensions"": {""ACCESS_SHARING_LEVEL"": ""PUBLIC_OPEN"", ""COUNTRY"": ""MLT"", ""FREQUENCY"": ""M"", ""IFS_FLAG"": ""true"", ""INDICATOR"": ""PPI"", ""METHODOLOGY"": ""PPI"", ""OVERLAP"": ""OL"", ""REFERENCE_PERIOD"": ""2010=100"", ""SCALE"": ""0"", ""SECURITY_CLASSIFICATION"": ""PUB"", ""TYPE_OF_TRANSFORMATION"": ""IX""}}"
MLT,producer_price_index_quarterly_imf,2025-Q2,quarterly,114.77553905973842,\N,derived,IMF_PPI,IMF|ACCESS_SHARING_LEVEL=PUBLIC_OPEN|FREQUENCY=M|IFS_FLAG=true|INDICATOR=PPI|METHODOLOGY=PPI|OVERLAP=OL|REFERENCE_PERIOD=2010=100|SCALE=0|SECURITY_CLASSIFICATION=PUB|TYPE_OF_TRANSFORMATION=IX|aggregation=quarterly_mean,\N,"{""aggregation_method"": ""quarterly_mean"", ""source_derivation_types"": [""O"", ""O"", ""O""], ""source_months"": [""2025-M04"", ""2025-M05"", ""2025-M06""], ""source_observation_count"": 3, ""source_series_dimensions"": {""ACCESS_SHARING_LEVEL"": ""PUBLIC_OPEN"", ""COUNTRY"": ""MLT"", ""FREQUENCY"": ""M"", ""IFS_FLAG"": ""true"", ""INDICATOR"": ""PPI"", ""METHODOLOGY"": ""PPI"", ""OVERLAP"": ""OL"", ""REFERENCE_PERIOD"": ""2010=100"", ""SCALE"": ""0"", ""SECURITY_CLASSIFICATION"": ""PUB"", ""TYPE_OF_TRANSFORMATION"": ""IX""}}"
MLT,producer_price_index_quarterly_imf,2025-Q3,quarterly,114.81088723930718,\N,derived,IMF_PPI,IMF|ACCESS_SHARING_LEVEL=PUBLIC_OPEN|FREQUENCY=M|IFS_FLAG=true|INDICATOR=PPI|METHODOLOGY=PPI|OVERLAP=OL|REFERENCE_PERIOD=2010=100|SCALE=0|SECURITY_CLASSIFICATION=PUB|TYPE_OF_TRANSFORMATION=IX|aggregation=quarterly_mean,\N,"{""aggregation_method"": ""quarterly_mean"", ""source_derivation_types"": [""O"", ""O"", ""O""], ""source_months"": [""2025-M07"", ""2025-M08"", ""2025-M09""], ""source_observation_count"": 3, ""source_series_dimensions"": {""ACCESS_SHARING_LEVEL"": ""PUBLIC_OPEN"", ""COUNTRY"": ""MLT"", ""FREQUENCY"": ""M"", ""IFS_FLAG"": ""true"", ""INDICATOR"": ""PPI"", ""METHODOLOGY"": ""PPI"", ""OVERLAP"": ""OL"", ""REFERENCE_PERIOD"": ""2010=100"", ""SCALE"": ""0"", ""SECURITY_CLASSIFICATION"": ""PUB"", ""TYPE_OF_TRANSFORMATION"": ""IX""}}"
MLT,producer_price_index_quarterly_imf,2025-Q4,quarterly,115.37645811240718,\N,derived,IMF_PPI,IMF|ACCESS_SHARING_LEVEL=PUBLIC_OPEN|FREQUENCY=M|IFS_FLAG=true|INDICATOR=PPI|METHODOLOGY=PPI|OVERLAP=OL|REFERENCE_PERIOD=2010=100|SCALE=0|SECURITY_CLASSIFICATION=PUB|TYPE_OF_TRANSFORMATION=IX|aggregation=quarterly_mean,\N,"{""aggregation_method"": ""quarterly_mean"", ""source_derivation_types"": [""O"", ""O"", ""O""], ""source_months"": [""2025-M10"", ""2025-M11"", ""2025-M12""], ""source_observation_count"": 3, ""source_series_dimensions"": {""ACCESS_SHARING_LEVEL"": ""PUBLIC_OPEN"", ""COUNTRY"": ""MLT"", ""FREQUENCY"": ""M"", ""IFS_FLAG"": ""true"", ""INDICATOR"": ""PPI"", ""METHODOLOGY"": ""PPI"", ""OVERLAP"": ""OL"", ""REFERENCE_PERIOD"": ""2010=100"", ""SCALE"": ""0"", ""SECURITY_CLASSIFICATION"": ""PUB"", ""TYPE_OF_TRANSFORMATION"": ""IX""}}"
MLT,producer_price_index_quarterly_imf,2026-Q1,quarterly,115.90668080593848,\N,derived,IMF_PPI,IMF|ACCESS_SHARING_LEVEL=PUBLIC_OPEN|FREQUENCY=M|IFS_FLAG=true|INDICATOR=PPI|METHODOLOGY=PPI|OVERLAP=OL|REFERENCE_PERIOD=2010=100|SCALE=0|SECURITY_CLASSIFICATION=PUB|TYPE_OF_TRANSFORMATION=IX|aggregation=quarterly_mean,\N,"{""aggregation_method"": ""quarterly_mean"", ""source_derivation_types"": [""O"", ""O"", ""O""], ""source_months"": [""2026-M01"", ""2026-M02"", ""2026-M03""], ""source_observation_count"": 3, ""source_series_dimensions"": {""ACCESS_SHARING_LEVEL"": ""PUBLIC_OPEN"", ""COUNTRY"": ""MLT"", ""FREQUENCY"": ""M"", ""IFS_FLAG"": ""true"", ""INDICATOR"": ""PPI"", ""METHODOLOGY"": ""PPI"", ""OVERLAP"": ""OL"", ""REFERENCE_PERIOD"": ""2010=100"", ""SCALE"": ""0"", ""SECURITY_CLASSIFICATION"": ""PUB"", ""TYPE_OF_TRANSFORMATION"": ""IX""}}"
NLD,producer_price_index_quarterly_imf,2025-Q1,quarterly,140.09677004821802,\N,derived,IMF_PPI,IMF|ACCESS_SHARING_LEVEL=PUBLIC_OPEN|FREQUENCY=M|IFS_FLAG=true|INDICATOR=PPI|METHODOLOGY=PPI|OVERLAP=OL|REFERENCE_PERIOD=2010=100|SCALE=0|SECURITY_CLASSIFICATION=PUB|TYPE_OF_TRANSFORMATION=IX|aggregation=quarterly_mean,\N,"{""aggregation_method"": ""quarterly_mean"", ""source_derivation_types"": [""O"", ""O"", ""O""], ""source_months"": [""2025-M01"", ""2025-M02"", ""2025-M03""], ""source_observation_count"": 3, ""source_series_dimensions"": {""ACCESS_SHARING_LEVEL"": ""PUBLIC_OPEN"", ""COUNTRY"": ""NLD"", ""FREQUENCY"": ""M"", ""IFS_FLAG"": ""true"", ""INDICATOR"": ""PPI"", ""METHODOLOGY"": ""PPI"", ""OVERLAP"": ""OL"", ""REFERENCE_PERIOD"": ""2010=100"", ""SCALE"": ""0"", ""SECURITY_CLASSIFICATION"": ""PUB"", ""TYPE_OF_TRANSFORMATION"": ""IX""}}"
NLD,producer_price_index_quarterly_imf,2025-Q2,quarterly,138.4358488703649,\N,derived,IMF_PPI,IMF|ACCESS_SHARING_LEVEL=PUBLIC_OPEN|FREQUENCY=M|IFS_FLAG=true|INDICATOR=PPI|METHODOLOGY=PPI|OVERLAP=OL|REFERENCE_PERIOD=2010=100|SCALE=0|SECURITY_CLASSIFICATION=PUB|TYPE_OF_TRANSFORMATION=IX|aggregation=quarterly_mean,\N,"{""aggregation_method"": ""quarterly_mean"", ""source_derivation_types"": [""O"", ""O"", ""O""], ""source_months"": [""2025-M04"", ""2025-M05"", ""2025-M06""], ""source_observation_count"": 3, ""source_series_dimensions"": {""ACCESS_SHARING_LEVEL"": ""PUBLIC_OPEN"", ""COUNTRY"": ""NLD"", ""FREQUENCY"": ""M"", ""IFS_FLAG"": ""true"", ""INDICATOR"": ""PPI"", ""METHODOLOGY"": ""PPI"", ""OVERLAP"": ""OL"", ""REFERENCE_PERIOD"": ""2010=100"", ""SCALE"": ""0"", ""SECURITY_CLASSIFICATION"": ""PUB"", ""TYPE_OF_TRANSFORMATION"": ""IX""}}"
NLD,producer_price_index_quarterly_imf,2025-Q3,quarterly,138.08821420523284,\N,derived,IMF_PPI,IMF|ACCESS_SHARING_LEVEL=PUBLIC_OPEN|FREQUENCY=M|IFS_FLAG=true|INDICATOR=PPI|METHODOLOGY=PPI|OVERLAP=OL|REFERENCE_PERIOD=2010=100|SCALE=0|SECURITY_CLASSIFICATION=PUB|TYPE_OF_TRANSFORMATION=IX|aggregation=quarterly_mean,\N,"{""aggregation_method"": ""quarterly_mean"", ""source_derivation_types"": [""O"", ""O"", ""O""], ""source_months"": [""2025-M07"", ""2025-M08"", ""2025-M09""], ""source_observation_count"": 3, ""source_series_dimensions"": {""ACCESS_SHARING_LEVEL"": ""PUBLIC_OPEN"", ""COUNTRY"": ""NLD"", ""FREQUENCY"": ""M"", ""IFS_FLAG"": ""true"", ""INDICATOR"": ""PPI"", ""METHODOLOGY"": ""PPI"", ""OVERLAP"": ""OL"", ""REFERENCE_PERIOD"": ""2010=100"", ""SCALE"": ""0"", ""SECURITY_CLASSIFICATION"": ""PUB"", ""TYPE_OF_TRANSFORMATION"": ""IX""}}"
NLD,producer_price_index_quarterly_imf,2025-Q4,quarterly,136.929431988126,\N,derived,IMF_PPI,IMF|ACCESS_SHARING_LEVEL=PUBLIC_OPEN|FREQUENCY=M|IFS_FLAG=true|INDICATOR=PPI|METHODOLOGY=PPI|OVERLAP=OL|REFERENCE_PERIOD=2010=100|SCALE=0|SECURITY_CLASSIFICATION=PUB|TYPE_OF_TRANSFORMATION=IX|aggregation=quarterly_mean,\N,"{""aggregation_method"": ""quarterly_mean"", ""source_derivation_types"": [""O"", ""O"", ""O""], ""source_months"": [""2025-M10"", ""2025-M11"", ""2025-M12""], ""source_observation_count"": 3, ""source_series_dimensions"": {""ACCESS_SHARING_LEVEL"": ""PUBLIC_OPEN"", ""COUNTRY"": ""NLD"", ""FREQUENCY"": ""M"", ""IFS_FLAG"": ""true"", ""INDICATOR"": ""PPI"", ""METHODOLOGY"": ""PPI"", ""OVERLAP"": ""OL"", ""REFERENCE_PERIOD"": ""2010=100"", ""SCALE"": ""0"", ""SECURITY_CLASSIFICATION"": ""PUB"", ""TYPE_OF_TRANSFORMATION"": ""IX""}}"
NLD,producer_price_index_quarterly_imf,2026-Q1,quarterly,138.47447494426842,\N,derived,IMF_PPI,IMF|ACCESS_SHARING_LEVEL=PUBLIC_OPEN|FREQUENCY=M|IFS_FLAG=true|INDICATOR=PPI|METHODOLOGY=PPI|OVERLAP=OL|REFERENCE_PERIOD=2010=100|SCALE=0|SECURITY_CLASSIFICATION=PUB|TYPE_OF_TRANSFORMATION=IX|aggregation=quarterly_mean,\N,"{""aggregation_method"": ""quarterly_mean"", ""source_derivation_types"": [""O"", ""O"", ""O""], ""source_months"": [""2026-M01"", ""2026-M02"", ""2026-M03""], ""source_observation_count"": 3, ""source_series_dimensions"": {""ACCESS_SHARING_LEVEL"": ""PUBLIC_OPEN"", ""COUNTRY"": ""NLD"", ""FREQUENCY"": ""M"", ""IFS_FLAG"": ""true"", ""INDICATOR"": ""PPI"", ""METHODOLOGY"": ""PPI"", ""OVERLAP"": ""OL"", ""REFERENCE_PERIOD"": ""2010=100"", ""SCALE"": ""0"", ""SECURITY_CLASSIFICATION"": ""PUB"", ""TYPE_OF_TRANSFORMATION"": ""IX""}}"
NLD,producer_price_index_quarterly_imf,2026-Q2,quarterly,145.3112900251989,\N,derived,IMF_PPI,IMF|ACCESS_SHARING_LEVEL=PUBLIC_OPEN|FREQUENCY=M|IFS_FLAG=true|INDICATOR=PPI|METHODOLOGY=PPI|OVERLAP=OL|REFERENCE_PERIOD=2010=100|SCALE=0|SECURITY_CLASSIFICATION=PUB|TYPE_OF_TRANSFORMATION=IX|aggregation=quarterly_mean,\N,"{""aggregation_method"": ""quarterly_mean"", ""source_derivation_types"": [""O"", ""O"", ""O""], ""source_months"": [""2026-M04"", ""2026-M05"", ""2026-M06""], ""source_observation_count"": 3, ""source_series_dimensions"": {""ACCESS_SHARING_LEVEL"": ""PUBLIC_OPEN"", ""COUNTRY"": ""NLD"", ""FREQUENCY"": ""M"", ""IFS_FLAG"": ""true"", ""INDICATOR"": ""PPI"", ""METHODOLOGY"": ""PPI"", ""OVERLAP"": ""OL"", ""REFERENCE_PERIOD"": ""2010=100"", ""SCALE"": ""0"", ""SECURITY_CLASSIFICATION"": ""PUB"", ""TYPE_OF_TRANSFORMATION"": ""IX""}}"
NOR,producer_price_index_quarterly_imf,2025-Q1,quarterly,194.29857464366088,\N,derived,IMF_PPI,IMF|ACCESS_SHARING_LEVEL=PUBLIC_OPEN|FREQUENCY=M|IFS_FLAG=true|INDICATOR=PPI|METHODOLOGY=PPI|OVERLAP=OL|REFERENCE_PERIOD=2010=100|SCALE=0|SECURITY_CLASSIFICATION=PUB|TYPE_OF_TRANSFORMATION=IX|aggregation=quarterly_mean,\N,"{""aggregation_method"": ""quarterly_mean"", ""source_derivation_types"": [""O"", ""O"", ""O""], ""source_months"": [""2025-M01"", ""2025-M02"", ""2025-M03""], ""source_observation_count"": 3, ""source_series_dimensions"": {""ACCESS_SHARING_LEVEL"": ""PUBLIC_OPEN"", ""COUNTRY"": ""NOR"", ""FREQUENCY"": ""M"", ""IFS_FLAG"": ""true"", ""INDICATOR"": ""PPI"", ""METHODOLOGY"": ""PPI"", ""OVERLAP"": ""OL"", ""REFERENCE_PERIOD"": ""2010=100"", ""SCALE"": ""0"", ""SECURITY_CLASSIFICATION"": ""PUB"", ""TYPE_OF_TRANSFORMATION"": ""IX""}}"
NOR,producer_price_index_quarterly_imf,2025-Q2,quarterly,171.29282320580137,\N,derived,IMF_PPI,IMF|ACCESS_SHARING_LEVEL=PUBLIC_OPEN|FREQUENCY=M|IFS_FLAG=true|INDICATOR=PPI|METHODOLOGY=PPI|OVERLAP=OL|REFERENCE_PERIOD=2010=100|SCALE=0|SECURITY_CLASSIFICATION=PUB|TYPE_OF_TRANSFORMATION=IX|aggregation=quarterly_mean,\N,"{""aggregation_method"": ""quarterly_mean"", ""source_derivation_types"": [""O"", ""O"", ""O""], ""source_months"": [""2025-M04"", ""2025-M05"", ""2025-M06""], ""source_observation_count"": 3, ""source_series_dimensions"": {""ACCESS_SHARING_LEVEL"": ""PUBLIC_OPEN"", ""COUNTRY"": ""NOR"", ""FREQUENCY"": ""M"", ""IFS_FLAG"": ""true"", ""INDICATOR"": ""PPI"", ""METHODOLOGY"": ""PPI"", ""OVERLAP"": ""OL"", ""REFERENCE_PERIOD"": ""2010=100"", ""SCALE"": ""0"", ""SECURITY_CLASSIFICATION"": ""PUB"", ""TYPE_OF_TRANSFORMATION"": ""IX""}}"
NOR,producer_price_index_quarterly_imf,2025-Q3,quarterly,170.4926231557889,\N,derived,IMF_PPI,IMF|ACCESS_SHARING_LEVEL=PUBLIC_OPEN|FREQUENCY=M|IFS_FLAG=true|INDICATOR=PPI|METHODOLOGY=PPI|OVERLAP=OL|REFERENCE_PERIOD=2010=100|SCALE=0|SECURITY_CLASSIFICATION=PUB|TYPE_OF_TRANSFORMATION=IX|aggregation=quarterly_mean,\N,"{""aggregation_method"": ""quarterly_mean"", ""source_derivation_types"": [""O"", ""O"", ""O""], ""source_months"": [""2025-M07"", ""2025-M08"", ""2025-M09""], ""source_observation_count"": 3, ""source_series_dimensions"": {""ACCESS_SHARING_LEVEL"": ""PUBLIC_OPEN"", ""COUNTRY"": ""NOR"", ""FREQUENCY"": ""M"", ""IFS_FLAG"": ""true"", ""INDICATOR"": ""PPI"", ""METHODOLOGY"": ""PPI"", ""OVERLAP"": ""OL"", ""REFERENCE_PERIOD"": ""2010=100"", ""SCALE"": ""0"", ""SECURITY_CLASSIFICATION"": ""PUB"", ""TYPE_OF_TRANSFORMATION"": ""IX""}}"
NOR,producer_price_index_quarterly_imf,2025-Q4,quarterly,168.69217304326074,\N,derived,IMF_PPI,IMF|ACCESS_SHARING_LEVEL=PUBLIC_OPEN|FREQUENCY=M|IFS_FLAG=true|INDICATOR=PPI|METHODOLOGY=PPI|OVERLAP=OL|REFERENCE_PERIOD=2010=100|SCALE=0|SECURITY_CLASSIFICATION=PUB|TYPE_OF_TRANSFORMATION=IX|aggregation=quarterly_mean,\N,"{""aggregation_method"": ""quarterly_mean"", ""source_derivation_types"": [""O"", ""O"", ""O""], ""source_months"": [""2025-M10"", ""2025-M11"", ""2025-M12""], ""source_observation_count"": 3, ""source_series_dimensions"": {""ACCESS_SHARING_LEVEL"": ""PUBLIC_OPEN"", ""COUNTRY"": ""NOR"", ""FREQUENCY"": ""M"", ""IFS_FLAG"": ""true"", ""INDICATOR"": ""PPI"", ""METHODOLOGY"": ""PPI"", ""OVERLAP"": ""OL"", ""REFERENCE_PERIOD"": ""2010=100"", ""SCALE"": ""0"", ""SECURITY_CLASSIFICATION"": ""PUB"", ""TYPE_OF_TRANSFORMATION"": ""IX""}}"
NOR,producer_price_index_quarterly_imf,2026-Q1,quarterly,193.24831207801944,\N,derived,IMF_PPI,IMF|ACCESS_SHARING_LEVEL=PUBLIC_OPEN|FREQUENCY=M|IFS_FLAG=true|INDICATOR=PPI|METHODOLOGY=PPI|OVERLAP=OL|REFERENCE_PERIOD=2010=100|SCALE=0|SECURITY_CLASSIFICATION=PUB|TYPE_OF_TRANSFORMATION=IX|aggregation=quarterly_mean,\N,"{""aggregation_method"": ""quarterly_mean"", ""source_derivation_types"": [""O"", ""O"", ""O""], ""source_months"": [""2026-M01"", ""2026-M02"", ""2026-M03""], ""source_observation_count"": 3, ""source_series_dimensions"": {""ACCESS_SHARING_LEVEL"": ""PUBLIC_OPEN"", ""COUNTRY"": ""NOR"", ""FREQUENCY"": ""M"", ""IFS_FLAG"": ""true"", ""INDICATOR"": ""PPI"", ""METHODOLOGY"": ""PPI"", ""OVERLAP"": ""OL"", ""REFERENCE_PERIOD"": ""2010=100"", ""SCALE"": ""0"", ""SECURITY_CLASSIFICATION"": ""PUB"", ""TYPE_OF_TRANSFORMATION"": ""IX""}}"
POL,producer_price_index_quarterly_imf,2025-Q1,quarterly,139.5383518616228,\N,derived,IMF_PPI,IMF|ACCESS_SHARING_LEVEL=PUBLIC_OPEN|FREQUENCY=M|IFS_FLAG=true|INDICATOR=PPI|METHODOLOGY=PPI|OVERLAP=OL|REFERENCE_PERIOD=2010=100|SCALE=0|SECURITY_CLASSIFICATION=PUB|TYPE_OF_TRANSFORMATION=IX|aggregation=quarterly_mean,\N,"{""aggregation_method"": ""quarterly_mean"", ""source_derivation_types"": [""O"", ""O"", ""O""], ""source_months"": [""2025-M01"", ""2025-M02"", ""2025-M03""], ""source_observation_count"": 3, ""source_series_dimensions"": {""ACCESS_SHARING_LEVEL"": ""PUBLIC_OPEN"", ""COUNTRY"": ""POL"", ""FREQUENCY"": ""M"", ""IFS_FLAG"": ""true"", ""INDICATOR"": ""PPI"", ""METHODOLOGY"": ""PPI"", ""OVERLAP"": ""OL"", ""REFERENCE_PERIOD"": ""2010=100"", ""SCALE"": ""0"", ""SECURITY_CLASSIFICATION"": ""PUB"", ""TYPE_OF_TRANSFORMATION"": ""IX""}}"
POL,producer_price_index_quarterly_imf,2025-Q2,quarterly,138.9379286608413,\N,derived,IMF_PPI,IMF|ACCESS_SHARING_LEVEL=PUBLIC_OPEN|FREQUENCY=M|IFS_FLAG=true|INDICATOR=PPI|METHODOLOGY=PPI|OVERLAP=OL|REFERENCE_PERIOD=2010=100|SCALE=0|SECURITY_CLASSIFICATION=PUB|TYPE_OF_TRANSFORMATION=IX|aggregation=quarterly_mean,\N,"{""aggregation_method"": ""quarterly_mean"", ""source_derivation_types"": [""O"", ""O"", ""O""], ""source_months"": [""2025-M04"", ""2025-M05"", ""2025-M06""], ""source_observation_count"": 3, ""source_series_dimensions"": {""ACCESS_SHARING_LEVEL"": ""PUBLIC_OPEN"", ""COUNTRY"": ""POL"", ""FREQUENCY"": ""M"", ""IFS_FLAG"": ""true"", ""INDICATOR"": ""PPI"", ""METHODOLOGY"": ""PPI"", ""OVERLAP"": ""OL"", ""REFERENCE_PERIOD"": ""2010=100"", ""SCALE"": ""0"", ""SECURITY_CLASSIFICATION"": ""PUB"", ""TYPE_OF_TRANSFORMATION"": ""IX""}}"
POL,producer_price_index_quarterly_imf,2025-Q3,quarterly,138.3375054600598,\N,derived,IMF_PPI,IMF|ACCESS_SHARING_LEVEL=PUBLIC_OPEN|FREQUENCY=M|IFS_FLAG=true|INDICATOR=PPI|METHODOLOGY=PPI|OVERLAP=OL|REFERENCE_PERIOD=2010=100|SCALE=0|SECURITY_CLASSIFICATION=PUB|TYPE_OF_TRANSFORMATION=IX|aggregation=quarterly_mean,\N,"{""aggregation_method"": ""quarterly_mean"", ""source_derivation_types"": [""O"", ""O"", ""O""], ""source_months"": [""2025-M07"", ""2025-M08"", ""2025-M09""], ""source_observation_count"": 3, ""source_series_dimensions"": {""ACCESS_SHARING_LEVEL"": ""PUBLIC_OPEN"", ""COUNTRY"": ""POL"", ""FREQUENCY"": ""M"", ""IFS_FLAG"": ""true"", ""INDICATOR"": ""PPI"", ""METHODOLOGY"": ""PPI"", ""OVERLAP"": ""OL"", ""REFERENCE_PERIOD"": ""2010=100"", ""SCALE"": ""0"", ""SECURITY_CLASSIFICATION"": ""PUB"", ""TYPE_OF_TRANSFORMATION"": ""IX""}}"
PRT,producer_price_index_quarterly_imf,2025-Q1,quarterly,134.27158615443128,\N,derived,IMF_PPI,IMF|ACCESS_SHARING_LEVEL=PUBLIC_OPEN|FREQUENCY=M|IFS_FLAG=true|INDICATOR=PPI|METHODOLOGY=PPI|OVERLAP=OL|REFERENCE_PERIOD=2010=100|SCALE=0|SECURITY_CLASSIFICATION=PUB|TYPE_OF_TRANSFORMATION=IX|aggregation=quarterly_mean,\N,"{""aggregation_method"": ""quarterly_mean"", ""source_derivation_types"": [""O"", ""O"", ""O""], ""source_months"": [""2025-M01"", ""2025-M02"", ""2025-M03""], ""source_observation_count"": 3, ""source_series_dimensions"": {""ACCESS_SHARING_LEVEL"": ""PUBLIC_OPEN"", ""COUNTRY"": ""PRT"", ""FREQUENCY"": ""M"", ""IFS_FLAG"": ""true"", ""INDICATOR"": ""PPI"", ""METHODOLOGY"": ""PPI"", ""OVERLAP"": ""OL"", ""REFERENCE_PERIOD"": ""2010=100"", ""SCALE"": ""0"", ""SECURITY_CLASSIFICATION"": ""PUB"", ""TYPE_OF_TRANSFORMATION"": ""IX""}}"
PRT,producer_price_index_quarterly_imf,2025-Q2,quarterly,131.6470140737923,\N,derived,IMF_PPI,IMF|ACCESS_SHARING_LEVEL=PUBLIC_OPEN|FREQUENCY=M|IFS_FLAG=true|INDICATOR=PPI|METHODOLOGY=PPI|OVERLAP=OL|REFERENCE_PERIOD=2010=100|SCALE=0|SECURITY_CLASSIFICATION=PUB|TYPE_OF_TRANSFORMATION=IX|aggregation=quarterly_mean,\N,"{""aggregation_method"": ""quarterly_mean"", ""source_derivation_types"": [""O"", ""O"", ""O""], ""source_months"": [""2025-M04"", ""2025-M05"", ""2025-M06""], ""source_observation_count"": 3, ""source_series_dimensions"": {""ACCESS_SHARING_LEVEL"": ""PUBLIC_OPEN"", ""COUNTRY"": ""PRT"", ""FREQUENCY"": ""M"", ""IFS_FLAG"": ""true"", ""INDICATOR"": ""PPI"", ""METHODOLOGY"": ""PPI"", ""OVERLAP"": ""OL"", ""REFERENCE_PERIOD"": ""2010=100"", ""SCALE"": ""0"", ""SECURITY_CLASSIFICATION"": ""PUB"", ""TYPE_OF_TRANSFORMATION"": ""IX""}}"
PRT,producer_price_index_quarterly_imf,2025-Q3,quarterly,131.9132750095093,\N,derived,IMF_PPI,IMF|ACCESS_SHARING_LEVEL=PUBLIC_OPEN|FREQUENCY=M|IFS_FLAG=true|INDICATOR=PPI|METHODOLOGY=PPI|OVERLAP=OL|REFERENCE_PERIOD=2010=100|SCALE=0|SECURITY_CLASSIFICATION=PUB|TYPE_OF_TRANSFORMATION=IX|aggregation=quarterly_mean,\N,"{""aggregation_method"": ""quarterly_mean"", ""source_derivation_types"": [""O"", ""O"", ""O""], ""source_months"": [""2025-M07"", ""2025-M08"", ""2025-M09""], ""source_observation_count"": 3, ""source_series_dimensions"": {""ACCESS_SHARING_LEVEL"": ""PUBLIC_OPEN"", ""COUNTRY"": ""PRT"", ""FREQUENCY"": ""M"", ""IFS_FLAG"": ""true"", ""INDICATOR"": ""PPI"", ""METHODOLOGY"": ""PPI"", ""OVERLAP"": ""OL"", ""REFERENCE_PERIOD"": ""2010=100"", ""SCALE"": ""0"", ""SECURITY_CLASSIFICATION"": ""PUB"", ""TYPE_OF_TRANSFORMATION"": ""IX""}}"
PRT,producer_price_index_quarterly_imf,2025-Q4,quarterly,131.6089767972613,\N,derived,IMF_PPI,IMF|ACCESS_SHARING_LEVEL=PUBLIC_OPEN|FREQUENCY=M|IFS_FLAG=true|INDICATOR=PPI|METHODOLOGY=PPI|OVERLAP=OL|REFERENCE_PERIOD=2010=100|SCALE=0|SECURITY_CLASSIFICATION=PUB|TYPE_OF_TRANSFORMATION=IX|aggregation=quarterly_mean,\N,"{""aggregation_method"": ""quarterly_mean"", ""source_derivation_types"": [""O"", ""O"", ""O""], ""source_months"": [""2025-M10"", ""2025-M11"", ""2025-M12""], ""source_observation_count"": 3, ""source_series_dimensions"": {""ACCESS_SHARING_LEVEL"": ""PUBLIC_OPEN"", ""COUNTRY"": ""PRT"", ""FREQUENCY"": ""M"", ""IFS_FLAG"": ""true"", ""INDICATOR"": ""PPI"", ""METHODOLOGY"": ""PPI"", ""OVERLAP"": ""OL"", ""REFERENCE_PERIOD"": ""2010=100"", ""SCALE"": ""0"", ""SECURITY_CLASSIFICATION"": ""PUB"", ""TYPE_OF_TRANSFORMATION"": ""IX""}}"
PRT,producer_price_index_quarterly_imf,2026-Q1,quarterly,131.7230886268543,\N,derived,IMF_PPI,IMF|ACCESS_SHARING_LEVEL=PUBLIC_OPEN|FREQUENCY=M|IFS_FLAG=true|INDICATOR=PPI|METHODOLOGY=PPI|OVERLAP=OL|REFERENCE_PERIOD=2010=100|SCALE=0|SECURITY_CLASSIFICATION=PUB|TYPE_OF_TRANSFORMATION=IX|aggregation=quarterly_mean,\N,"{""aggregation_method"": ""quarterly_mean"", ""source_derivation_types"": [""O"", ""O"", ""O""], ""source_months"": [""2026-M01"", ""2026-M02"", ""2026-M03""], ""source_observation_count"": 3, ""source_series_dimensions"": {""ACCESS_SHARING_LEVEL"": ""PUBLIC_OPEN"", ""COUNTRY"": ""PRT"", ""FREQUENCY"": ""M"", ""IFS_FLAG"": ""true"", ""INDICATOR"": ""PPI"", ""METHODOLOGY"": ""PPI"", ""OVERLAP"": ""OL"", ""REFERENCE_PERIOD"": ""2010=100"", ""SCALE"": ""0"", ""SECURITY_CLASSIFICATION"": ""PUB"", ""TYPE_OF_TRANSFORMATION"": ""IX""}}"
ROU,producer_price_index_quarterly_imf,2025-Q1,quarterly,215.56485355648536,\N,derived,IMF_PPI,IMF|ACCESS_SHARING_LEVEL=PUBLIC_OPEN|FREQUENCY=M|IFS_FLAG=true|INDICATOR=PPI|METHODOLOGY=PPI|OVERLAP=OL|REFERENCE_PERIOD=2010=100|SCALE=0|SECURITY_CLASSIFICATION=PUB|TYPE_OF_TRANSFORMATION=IX|aggregation=quarterly_mean,\N,"{""aggregation_method"": ""quarterly_mean"", ""source_derivation_types"": [""O"", ""O"", ""O""], ""source_months"": [""2025-M01"", ""2025-M02"", ""2025-M03""], ""source_observation_count"": 3, ""source_series_dimensions"": {""ACCESS_SHARING_LEVEL"": ""PUBLIC_OPEN"", ""COUNTRY"": ""ROU"", ""FREQUENCY"": ""M"", ""IFS_FLAG"": ""true"", ""INDICATOR"": ""PPI"", ""METHODOLOGY"": ""PPI"", ""OVERLAP"": ""OL"", ""REFERENCE_PERIOD"": ""2010=100"", ""SCALE"": ""0"", ""SECURITY_CLASSIFICATION"": ""PUB"", ""TYPE_OF_TRANSFORMATION"": ""IX""}}"
ROU,producer_price_index_quarterly_imf,2025-Q2,quarterly,210.97429766885838,\N,derived,IMF_PPI,IMF|ACCESS_SHARING_LEVEL=PUBLIC_OPEN|FREQUENCY=M|IFS_FLAG=true|INDICATOR=PPI|METHODOLOGY=PPI|OVERLAP=OL|REFERENCE_PERIOD=2010=100|SCALE=0|SECURITY_CLASSIFICATION=PUB|TYPE_OF_TRANSFORMATION=IX|aggregation=quarterly_mean,\N,"{""aggregation_method"": ""quarterly_mean"", ""source_derivation_types"": [""O"", ""O"", ""O""], ""source_months"": [""2025-M04"", ""2025-M05"", ""2025-M06""], ""source_observation_count"": 3, ""source_series_dimensions"": {""ACCESS_SHARING_LEVEL"": ""PUBLIC_OPEN"", ""COUNTRY"": ""ROU"", ""FREQUENCY"": ""M"", ""IFS_FLAG"": ""true"", ""INDICATOR"": ""PPI"", ""METHODOLOGY"": ""PPI"", ""OVERLAP"": ""OL"", ""REFERENCE_PERIOD"": ""2010=100"", ""SCALE"": ""0"", ""SECURITY_CLASSIFICATION"": ""PUB"", ""TYPE_OF_TRANSFORMATION"": ""IX""}}"
ROU,producer_price_index_quarterly_imf,2025-Q3,quarterly,220.72922893006577,\N,derived,IMF_PPI,IMF|ACCESS_SHARING_LEVEL=PUBLIC_OPEN|FREQUENCY=M|IFS_FLAG=true|INDICATOR=PPI|METHODOLOGY=PPI|OVERLAP=OL|REFERENCE_PERIOD=2010=100|SCALE=0|SECURITY_CLASSIFICATION=PUB|TYPE_OF_TRANSFORMATION=IX|aggregation=quarterly_mean,\N,"{""aggregation_method"": ""quarterly_mean"", ""source_derivation_types"": [""O"", ""O"", ""O""], ""source_months"": [""2025-M07"", ""2025-M08"", ""2025-M09""], ""source_observation_count"": 3, ""source_series_dimensions"": {""ACCESS_SHARING_LEVEL"": ""PUBLIC_OPEN"", ""COUNTRY"": ""ROU"", ""FREQUENCY"": ""M"", ""IFS_FLAG"": ""true"", ""INDICATOR"": ""PPI"", ""METHODOLOGY"": ""PPI"", ""OVERLAP"": ""OL"", ""REFERENCE_PERIOD"": ""2010=100"", ""SCALE"": ""0"", ""SECURITY_CLASSIFICATION"": ""PUB"", ""TYPE_OF_TRANSFORMATION"": ""IX""}}"
ROU,producer_price_index_quarterly_imf,2025-Q4,quarterly,223.88523610280936,\N,derived,IMF_PPI,IMF|ACCESS_SHARING_LEVEL=PUBLIC_OPEN|FREQUENCY=M|IFS_FLAG=true|INDICATOR=PPI|METHODOLOGY=PPI|OVERLAP=OL|REFERENCE_PERIOD=2010=100|SCALE=0|SECURITY_CLASSIFICATION=PUB|TYPE_OF_TRANSFORMATION=IX|aggregation=quarterly_mean,\N,"{""aggregation_method"": ""quarterly_mean"", ""source_derivation_types"": [""O"", ""O"", ""O""], ""source_months"": [""2025-M10"", ""2025-M11"", ""2025-M12""], ""source_observation_count"": 3, ""source_series_dimensions"": {""ACCESS_SHARING_LEVEL"": ""PUBLIC_OPEN"", ""COUNTRY"": ""ROU"", ""FREQUENCY"": ""M"", ""IFS_FLAG"": ""true"", ""INDICATOR"": ""PPI"", ""METHODOLOGY"": ""PPI"", ""OVERLAP"": ""OL"", ""REFERENCE_PERIOD"": ""2010=100"", ""SCALE"": ""0"", ""SECURITY_CLASSIFICATION"": ""PUB"", ""TYPE_OF_TRANSFORMATION"": ""IX""}}"
ROU,producer_price_index_quarterly_imf,2026-Q1,quarterly,228.09324566646742,\N,derived,IMF_PPI,IMF|ACCESS_SHARING_LEVEL=PUBLIC_OPEN|FREQUENCY=M|IFS_FLAG=true|INDICATOR=PPI|METHODOLOGY=PPI|OVERLAP=OL|REFERENCE_PERIOD=2010=100|SCALE=0|SECURITY_CLASSIFICATION=PUB|TYPE_OF_TRANSFORMATION=IX|aggregation=quarterly_mean,\N,"{""aggregation_method"": ""quarterly_mean"", ""source_derivation_types"": [""O"", ""O"", ""O""], ""source_months"": [""2026-M01"", ""2026-M02"", ""2026-M03""], ""source_observation_count"": 3, ""source_series_dimensions"": {""ACCESS_SHARING_LEVEL"": ""PUBLIC_OPEN"", ""COUNTRY"": ""ROU"", ""FREQUENCY"": ""M"", ""IFS_FLAG"": ""true"", ""INDICATOR"": ""PPI"", ""METHODOLOGY"": ""PPI"", ""OVERLAP"": ""OL"", ""REFERENCE_PERIOD"": ""2010=100"", ""SCALE"": ""0"", ""SECURITY_CLASSIFICATION"": ""PUB"", ""TYPE_OF_TRANSFORMATION"": ""IX""}}"
RUS,producer_price_index_quarterly_imf,2025-Q1,quarterly,325.90765926145053,\N,derived,IMF_PPI,IMF|ACCESS_SHARING_LEVEL=PUBLIC_OPEN|FREQUENCY=M|IFS_FLAG=true|INDICATOR=PPI|METHODOLOGY=PPI|OVERLAP=OL|REFERENCE_PERIOD=2010=100|SCALE=0|SECURITY_CLASSIFICATION=PUB|TYPE_OF_TRANSFORMATION=IX|aggregation=quarterly_mean,\N,"{""aggregation_method"": ""quarterly_mean"", ""source_derivation_types"": [""O"", ""O"", ""O""], ""source_months"": [""2025-M01"", ""2025-M02"", ""2025-M03""], ""source_observation_count"": 3, ""source_series_dimensions"": {""ACCESS_SHARING_LEVEL"": ""PUBLIC_OPEN"", ""COUNTRY"": ""RUS"", ""FREQUENCY"": ""M"", ""IFS_FLAG"": ""true"", ""INDICATOR"": ""PPI"", ""METHODOLOGY"": ""PPI"", ""OVERLAP"": ""OL"", ""REFERENCE_PERIOD"": ""2010=100"", ""SCALE"": ""0"", ""SECURITY_CLASSIFICATION"": ""PUB"", ""TYPE_OF_TRANSFORMATION"": ""IX""}}"
RUS,producer_price_index_quarterly_imf,2025-Q2,quarterly,315.06766282241955,\N,derived,IMF_PPI,IMF|ACCESS_SHARING_LEVEL=PUBLIC_OPEN|FREQUENCY=M|IFS_FLAG=true|INDICATOR=PPI|METHODOLOGY=PPI|OVERLAP=OL|REFERENCE_PERIOD=2010=100|SCALE=0|SECURITY_CLASSIFICATION=PUB|TYPE_OF_TRANSFORMATION=IX|aggregation=quarterly_mean,\N,"{""aggregation_method"": ""quarterly_mean"", ""source_derivation_types"": [""O"", ""O"", ""O""], ""source_months"": [""2025-M04"", ""2025-M05"", ""2025-M06""], ""source_observation_count"": 3, ""source_series_dimensions"": {""ACCESS_SHARING_LEVEL"": ""PUBLIC_OPEN"", ""COUNTRY"": ""RUS"", ""FREQUENCY"": ""M"", ""IFS_FLAG"": ""true"", ""INDICATOR"": ""PPI"", ""METHODOLOGY"": ""PPI"", ""OVERLAP"": ""OL"", ""REFERENCE_PERIOD"": ""2010=100"", ""SCALE"": ""0"", ""SECURITY_CLASSIFICATION"": ""PUB"", ""TYPE_OF_TRANSFORMATION"": ""IX""}}"
RUS,producer_price_index_quarterly_imf,2025-Q3,quarterly,316.53737805345344,\N,derived,IMF_PPI,IMF|ACCESS_SHARING_LEVEL=PUBLIC_OPEN|FREQUENCY=M|IFS_FLAG=true|INDICATOR=PPI|METHODOLOGY=PPI|OVERLAP=OL|REFERENCE_PERIOD=2010=100|SCALE=0|SECURITY_CLASSIFICATION=PUB|TYPE_OF_TRANSFORMATION=IX|aggregation=quarterly_mean,\N,"{""aggregation_method"": ""quarterly_mean"", ""source_derivation_types"": [""O"", ""O"", ""O""], ""source_months"": [""2025-M07"", ""2025-M08"", ""2025-M09""], ""source_observation_count"": 3, ""source_series_dimensions"": {""ACCESS_SHARING_LEVEL"": ""PUBLIC_OPEN"", ""COUNTRY"": ""RUS"", ""FREQUENCY"": ""M"", ""IFS_FLAG"": ""true"", ""INDICATOR"": ""PPI"", ""METHODOLOGY"": ""PPI"", ""OVERLAP"": ""OL"", ""REFERENCE_PERIOD"": ""2010=100"", ""SCALE"": ""0"", ""SECURITY_CLASSIFICATION"": ""PUB"", ""TYPE_OF_TRANSFORMATION"": ""IX""}}"
SRB,producer_price_index_quarterly_imf,2025-Q1,quarterly,174.15610564965058,\N,derived,IMF_PPI,IMF|ACCESS_SHARING_LEVEL=PUBLIC_OPEN|FREQUENCY=M|IFS_FLAG=true|INDICATOR=PPI|METHODOLOGY=PPI|OVERLAP=OL|REFERENCE_PERIOD=2010=100|SCALE=0|SECURITY_CLASSIFICATION=PUB|TYPE_OF_TRANSFORMATION=IX|aggregation=quarterly_mean,\N,"{""aggregation_method"": ""quarterly_mean"", ""source_derivation_types"": [""O"", ""O"", ""O""], ""source_months"": [""2025-M01"", ""2025-M02"", ""2025-M03""], ""source_observation_count"": 3, ""source_series_dimensions"": {""ACCESS_SHARING_LEVEL"": ""PUBLIC_OPEN"", ""COUNTRY"": ""SRB"", ""FREQUENCY"": ""M"", ""IFS_FLAG"": ""true"", ""INDICATOR"": ""PPI"", ""METHODOLOGY"": ""PPI"", ""OVERLAP"": ""OL"", ""REFERENCE_PERIOD"": ""2010=100"", ""SCALE"": ""0"", ""SECURITY_CLASSIFICATION"": ""PUB"", ""TYPE_OF_TRANSFORMATION"": ""IX""}}"
SRB,producer_price_index_quarterly_imf,2025-Q2,quarterly,173.58758735046777,\N,derived,IMF_PPI,IMF|ACCESS_SHARING_LEVEL=PUBLIC_OPEN|FREQUENCY=M|IFS_FLAG=true|INDICATOR=PPI|METHODOLOGY=PPI|OVERLAP=OL|REFERENCE_PERIOD=2010=100|SCALE=0|SECURITY_CLASSIFICATION=PUB|TYPE_OF_TRANSFORMATION=IX|aggregation=quarterly_mean,\N,"{""aggregation_method"": ""quarterly_mean"", ""source_derivation_types"": [""O"", ""O"", ""O""], ""source_months"": [""2025-M04"", ""2025-M05"", ""2025-M06""], ""source_observation_count"": 3, ""source_series_dimensions"": {""ACCESS_SHARING_LEVEL"": ""PUBLIC_OPEN"", ""COUNTRY"": ""SRB"", ""FREQUENCY"": ""M"", ""IFS_FLAG"": ""true"", ""INDICATOR"": ""PPI"", ""METHODOLOGY"": ""PPI"", ""OVERLAP"": ""OL"", ""REFERENCE_PERIOD"": ""2010=100"", ""SCALE"": ""0"", ""SECURITY_CLASSIFICATION"": ""PUB"", ""TYPE_OF_TRANSFORMATION"": ""IX""}}"
SRB,producer_price_index_quarterly_imf,2025-Q3,quarterly,173.68234040033158,\N,derived,IMF_PPI,IMF|ACCESS_SHARING_LEVEL=PUBLIC_OPEN|FREQUENCY=M|IFS_FLAG=true|INDICATOR=PPI|METHODOLOGY=PPI|OVERLAP=OL|REFERENCE_PERIOD=2010=100|SCALE=0|SECURITY_CLASSIFICATION=PUB|TYPE_OF_TRANSFORMATION=IX|aggregation=quarterly_mean,\N,"{""aggregation_method"": ""quarterly_mean"", ""source_derivation_types"": [""O"", ""O"", ""O""], ""source_months"": [""2025-M07"", ""2025-M08"", ""2025-M09""], ""source_observation_count"": 3, ""source_series_dimensions"": {""ACCESS_SHARING_LEVEL"": ""PUBLIC_OPEN"", ""COUNTRY"": ""SRB"", ""FREQUENCY"": ""M"", ""IFS_FLAG"": ""true"", ""INDICATOR"": ""PPI"", ""METHODOLOGY"": ""PPI"", ""OVERLAP"": ""OL"", ""REFERENCE_PERIOD"": ""2010=100"", ""SCALE"": ""0"", ""SECURITY_CLASSIFICATION"": ""PUB"", ""TYPE_OF_TRANSFORMATION"": ""IX""}}"
SRB,producer_price_index_quarterly_imf,2025-Q4,quarterly,174.77200047376525,\N,derived,IMF_PPI,IMF|ACCESS_SHARING_LEVEL=PUBLIC_OPEN|FREQUENCY=M|IFS_FLAG=true|INDICATOR=PPI|METHODOLOGY=PPI|OVERLAP=OL|REFERENCE_PERIOD=2010=100|SCALE=0|SECURITY_CLASSIFICATION=PUB|TYPE_OF_TRANSFORMATION=IX|aggregation=quarterly_mean,\N,"{""aggregation_method"": ""quarterly_mean"", ""source_derivation_types"": [""O"", ""O"", ""O""], ""source_months"": [""2025-M10"", ""2025-M11"", ""2025-M12""], ""source_observation_count"": 3, ""source_series_dimensions"": {""ACCESS_SHARING_LEVEL"": ""PUBLIC_OPEN"", ""COUNTRY"": ""SRB"", ""FREQUENCY"": ""M"", ""IFS_FLAG"": ""true"", ""INDICATOR"": ""PPI"", ""METHODOLOGY"": ""PPI"", ""OVERLAP"": ""OL"", ""REFERENCE_PERIOD"": ""2010=100"", ""SCALE"": ""0"", ""SECURITY_CLASSIFICATION"": ""PUB"", ""TYPE_OF_TRANSFORMATION"": ""IX""}}"
SRB,producer_price_index_quarterly_imf,2026-Q1,quarterly,177.75672154447466,\N,derived,IMF_PPI,IMF|ACCESS_SHARING_LEVEL=PUBLIC_OPEN|FREQUENCY=M|IFS_FLAG=true|INDICATOR=PPI|METHODOLOGY=PPI|OVERLAP=OL|REFERENCE_PERIOD=2010=100|SCALE=0|SECURITY_CLASSIFICATION=PUB|TYPE_OF_TRANSFORMATION=IX|aggregation=quarterly_mean,\N,"{""aggregation_method"": ""quarterly_mean"", ""source_derivation_types"": [""O"", ""O"", ""O""], ""source_months"": [""2026-M01"", ""2026-M02"", ""2026-M03""], ""source_observation_count"": 3, ""source_series_dimensions"": {""ACCESS_SHARING_LEVEL"": ""PUBLIC_OPEN"", ""COUNTRY"": ""SRB"", ""FREQUENCY"": ""M"", ""IFS_FLAG"": ""true"", ""INDICATOR"": ""PPI"", ""METHODOLOGY"": ""PPI"", ""OVERLAP"": ""OL"", ""REFERENCE_PERIOD"": ""2010=100"", ""SCALE"": ""0"", ""SECURITY_CLASSIFICATION"": ""PUB"", ""TYPE_OF_TRANSFORMATION"": ""IX""}}"
SVK,producer_price_index_quarterly_imf,2025-Q1,quarterly,134.23326133909288,\N,derived,IMF_PPI,IMF|ACCESS_SHARING_LEVEL=PUBLIC_OPEN|FREQUENCY=M|IFS_FLAG=true|INDICATOR=PPI|METHODOLOGY=PPI|OVERLAP=OL|REFERENCE_PERIOD=2010=100|SCALE=0|SECURITY_CLASSIFICATION=PUB|TYPE_OF_TRANSFORMATION=IX|aggregation=quarterly_mean,\N,"{""aggregation_method"": ""quarterly_mean"", ""source_derivation_types"": [""O"", ""O"", ""O""], ""source_months"": [""2025-M01"", ""2025-M02"", ""2025-M03""], ""source_observation_count"": 3, ""source_series_dimensions"": {""ACCESS_SHARING_LEVEL"": ""PUBLIC_OPEN"", ""COUNTRY"": ""SVK"", ""FREQUENCY"": ""M"", ""IFS_FLAG"": ""true"", ""INDICATOR"": ""PPI"", ""METHODOLOGY"": ""PPI"", ""OVERLAP"": ""OL"", ""REFERENCE_PERIOD"": ""2010=100"", ""SCALE"": ""0"", ""SECURITY_CLASSIFICATION"": ""PUB"", ""TYPE_OF_TRANSFORMATION"": ""IX""}}"
SVK,producer_price_index_quarterly_imf,2025-Q2,quarterly,133.18934485241175,\N,derived,IMF_PPI,IMF|ACCESS_SHARING_LEVEL=PUBLIC_OPEN|FREQUENCY=M|IFS_FLAG=true|INDICATOR=PPI|METHODOLOGY=PPI|OVERLAP=OL|REFERENCE_PERIOD=2010=100|SCALE=0|SECURITY_CLASSIFICATION=PUB|TYPE_OF_TRANSFORMATION=IX|aggregation=quarterly_mean,\N,"{""aggregation_method"": ""quarterly_mean"", ""source_derivation_types"": [""O"", ""O"", ""O""], ""source_months"": [""2025-M04"", ""2025-M05"", ""2025-M06""], ""source_observation_count"": 3, ""source_series_dimensions"": {""ACCESS_SHARING_LEVEL"": ""PUBLIC_OPEN"", ""COUNTRY"": ""SVK"", ""FREQUENCY"": ""M"", ""IFS_FLAG"": ""true"", ""INDICATOR"": ""PPI"", ""METHODOLOGY"": ""PPI"", ""OVERLAP"": ""OL"", ""REFERENCE_PERIOD"": ""2010=100"", ""SCALE"": ""0"", ""SECURITY_CLASSIFICATION"": ""PUB"", ""TYPE_OF_TRANSFORMATION"": ""IX""}}"
SVK,producer_price_index_quarterly_imf,2025-Q3,quarterly,135.6731461483081,\N,derived,IMF_PPI,IMF|ACCESS_SHARING_LEVEL=PUBLIC_OPEN|FREQUENCY=M|IFS_FLAG=true|INDICATOR=PPI|METHODOLOGY=PPI|OVERLAP=OL|REFERENCE_PERIOD=2010=100|SCALE=0|SECURITY_CLASSIFICATION=PUB|TYPE_OF_TRANSFORMATION=IX|aggregation=quarterly_mean,\N,"{""aggregation_method"": ""quarterly_mean"", ""source_derivation_types"": [""O"", ""O"", ""O""], ""source_months"": [""2025-M07"", ""2025-M08"", ""2025-M09""], ""source_observation_count"": 3, ""source_series_dimensions"": {""ACCESS_SHARING_LEVEL"": ""PUBLIC_OPEN"", ""COUNTRY"": ""SVK"", ""FREQUENCY"": ""M"", ""IFS_FLAG"": ""true"", ""INDICATOR"": ""PPI"", ""METHODOLOGY"": ""PPI"", ""OVERLAP"": ""OL"", ""REFERENCE_PERIOD"": ""2010=100"", ""SCALE"": ""0"", ""SECURITY_CLASSIFICATION"": ""PUB"", ""TYPE_OF_TRANSFORMATION"": ""IX""}}"
SVK,producer_price_index_quarterly_imf,2025-Q4,quarterly,134.77321814254856,\N,derived,IMF_PPI,IMF|ACCESS_SHARING_LEVEL=PUBLIC_OPEN|FREQUENCY=M|IFS_FLAG=true|INDICATOR=PPI|METHODOLOGY=PPI|OVERLAP=OL|REFERENCE_PERIOD=2010=100|SCALE=0|SECURITY_CLASSIFICATION=PUB|TYPE_OF_TRANSFORMATION=IX|aggregation=quarterly_mean,\N,"{""aggregation_method"": ""quarterly_mean"", ""source_derivation_types"": [""O"", ""O"", ""O""], ""source_months"": [""2025-M10"", ""2025-M11"", ""2025-M12""], ""source_observation_count"": 3, ""source_series_dimensions"": {""ACCESS_SHARING_LEVEL"": ""PUBLIC_OPEN"", ""COUNTRY"": ""SVK"", ""FREQUENCY"": ""M"", ""IFS_FLAG"": ""true"", ""INDICATOR"": ""PPI"", ""METHODOLOGY"": ""PPI"", ""OVERLAP"": ""OL"", ""REFERENCE_PERIOD"": ""2010=100"", ""SCALE"": ""0"", ""SECURITY_CLASSIFICATION"": ""PUB"", ""TYPE_OF_TRANSFORMATION"": ""IX""}}"
SVK,producer_price_index_quarterly_imf,2026-Q1,quarterly,134.44924406047517,\N,derived,IMF_PPI,IMF|ACCESS_SHARING_LEVEL=PUBLIC_OPEN|FREQUENCY=M|IFS_FLAG=true|INDICATOR=PPI|METHODOLOGY=PPI|OVERLAP=OL|REFERENCE_PERIOD=2010=100|SCALE=0|SECURITY_CLASSIFICATION=PUB|TYPE_OF_TRANSFORMATION=IX|aggregation=quarterly_mean,\N,"{""aggregation_method"": ""quarterly_mean"", ""source_derivation_types"": [""O"", ""O"", ""O""], ""source_months"": [""2026-M01"", ""2026-M02"", ""2026-M03""], ""source_observation_count"": 3, ""source_series_dimensions"": {""ACCESS_SHARING_LEVEL"": ""PUBLIC_OPEN"", ""COUNTRY"": ""SVK"", ""FREQUENCY"": ""M"", ""IFS_FLAG"": ""true"", ""INDICATOR"": ""PPI"", ""METHODOLOGY"": ""PPI"", ""OVERLAP"": ""OL"", ""REFERENCE_PERIOD"": ""2010=100"", ""SCALE"": ""0"", ""SECURITY_CLASSIFICATION"": ""PUB"", ""TYPE_OF_TRANSFORMATION"": ""IX""}}"
SVN,producer_price_index_quarterly_imf,2025-Q1,quarterly,142.5802774083223,\N,derived,IMF_PPI,IMF|ACCESS_SHARING_LEVEL=PUBLIC_OPEN|FREQUENCY=M|IFS_FLAG=true|INDICATOR=PPI|METHODOLOGY=PPI|OVERLAP=OL|REFERENCE_PERIOD=2010=100|SCALE=0|SECURITY_CLASSIFICATION=PUB|TYPE_OF_TRANSFORMATION=IX|aggregation=quarterly_mean,\N,"{""aggregation_method"": ""quarterly_mean"", ""source_derivation_types"": [""O"", ""O"", ""O""], ""source_months"": [""2025-M01"", ""2025-M02"", ""2025-M03""], ""source_observation_count"": 3, ""source_series_dimensions"": {""ACCESS_SHARING_LEVEL"": ""PUBLIC_OPEN"", ""COUNTRY"": ""SVN"", ""FREQUENCY"": ""M"", ""IFS_FLAG"": ""true"", ""INDICATOR"": ""PPI"", ""METHODOLOGY"": ""PPI"", ""OVERLAP"": ""OL"", ""REFERENCE_PERIOD"": ""2010=100"", ""SCALE"": ""0"", ""SECURITY_CLASSIFICATION"": ""PUB"", ""TYPE_OF_TRANSFORMATION"": ""IX""}}"
SVN,producer_price_index_quarterly_imf,2025-Q2,quarterly,143.4923047691431,\N,derived,IMF_PPI,IMF|ACCESS_SHARING_LEVEL=PUBLIC_OPEN|FREQUENCY=M|IFS_FLAG=true|INDICATOR=PPI|METHODOLOGY=PPI|OVERLAP=OL|REFERENCE_PERIOD=2010=100|SCALE=0|SECURITY_CLASSIFICATION=PUB|TYPE_OF_TRANSFORMATION=IX|aggregation=quarterly_mean,\N,"{""aggregation_method"": ""quarterly_mean"", ""source_derivation_types"": [""O"", ""O"", ""O""], ""source_months"": [""2025-M04"", ""2025-M05"", ""2025-M06""], ""source_observation_count"": 3, ""source_series_dimensions"": {""ACCESS_SHARING_LEVEL"": ""PUBLIC_OPEN"", ""COUNTRY"": ""SVN"", ""FREQUENCY"": ""M"", ""IFS_FLAG"": ""true"", ""INDICATOR"": ""PPI"", ""METHODOLOGY"": ""PPI"", ""OVERLAP"": ""OL"", ""REFERENCE_PERIOD"": ""2010=100"", ""SCALE"": ""0"", ""SECURITY_CLASSIFICATION"": ""PUB"", ""TYPE_OF_TRANSFORMATION"": ""IX""}}"
SVN,producer_price_index_quarterly_imf,2025-Q3,quarterly,143.4543036291089,\N,derived,IMF_PPI,IMF|ACCESS_SHARING_LEVEL=PUBLIC_OPEN|FREQUENCY=M|IFS_FLAG=true|INDICATOR=PPI|METHODOLOGY=PPI|OVERLAP=OL|REFERENCE_PERIOD=2010=100|SCALE=0|SECURITY_CLASSIFICATION=PUB|TYPE_OF_TRANSFORMATION=IX|aggregation=quarterly_mean,\N,"{""aggregation_method"": ""quarterly_mean"", ""source_derivation_types"": [""O"", ""O"", ""O""], ""source_months"": [""2025-M07"", ""2025-M08"", ""2025-M09""], ""source_observation_count"": 3, ""source_series_dimensions"": {""ACCESS_SHARING_LEVEL"": ""PUBLIC_OPEN"", ""COUNTRY"": ""SVN"", ""FREQUENCY"": ""M"", ""IFS_FLAG"": ""true"", ""INDICATOR"": ""PPI"", ""METHODOLOGY"": ""PPI"", ""OVERLAP"": ""OL"", ""REFERENCE_PERIOD"": ""2010=100"", ""SCALE"": ""0"", ""SECURITY_CLASSIFICATION"": ""PUB"", ""TYPE_OF_TRANSFORMATION"": ""IX""}}"
SVN,producer_price_index_quarterly_imf,2025-Q4,quarterly,143.7583127493825,\N,derived,IMF_PPI,IMF|ACCESS_SHARING_LEVEL=PUBLIC_OPEN|FREQUENCY=M|IFS_FLAG=true|INDICATOR=PPI|METHODOLOGY=PPI|OVERLAP=OL|REFERENCE_PERIOD=2010=100|SCALE=0|SECURITY_CLASSIFICATION=PUB|TYPE_OF_TRANSFORMATION=IX|aggregation=quarterly_mean,\N,"{""aggregation_method"": ""quarterly_mean"", ""source_derivation_types"": [""O"", ""O"", ""O""], ""source_months"": [""2025-M10"", ""2025-M11"", ""2025-M12""], ""source_observation_count"": 3, ""source_series_dimensions"": {""ACCESS_SHARING_LEVEL"": ""PUBLIC_OPEN"", ""COUNTRY"": ""SVN"", ""FREQUENCY"": ""M"", ""IFS_FLAG"": ""true"", ""INDICATOR"": ""PPI"", ""METHODOLOGY"": ""PPI"", ""OVERLAP"": ""OL"", ""REFERENCE_PERIOD"": ""2010=100"", ""SCALE"": ""0"", ""SECURITY_CLASSIFICATION"": ""PUB"", ""TYPE_OF_TRANSFORMATION"": ""IX""}}"
SVN,producer_price_index_quarterly_imf,2026-Q1,quarterly,144.63233897016912,\N,derived,IMF_PPI,IMF|ACCESS_SHARING_LEVEL=PUBLIC_OPEN|FREQUENCY=M|IFS_FLAG=true|INDICATOR=PPI|METHODOLOGY=PPI|OVERLAP=OL|REFERENCE_PERIOD=2010=100|SCALE=0|SECURITY_CLASSIFICATION=PUB|TYPE_OF_TRANSFORMATION=IX|aggregation=quarterly_mean,\N,"{""aggregation_method"": ""quarterly_mean"", ""source_derivation_types"": [""O"", ""O"", ""O""], ""source_months"": [""2026-M01"", ""2026-M02"", ""2026-M03""], ""source_observation_count"": 3, ""source_series_dimensions"": {""ACCESS_SHARING_LEVEL"": ""PUBLIC_OPEN"", ""COUNTRY"": ""SVN"", ""FREQUENCY"": ""M"", ""IFS_FLAG"": ""true"", ""INDICATOR"": ""PPI"", ""METHODOLOGY"": ""PPI"", ""OVERLAP"": ""OL"", ""REFERENCE_PERIOD"": ""2010=100"", ""SCALE"": ""0"", ""SECURITY_CLASSIFICATION"": ""PUB"", ""TYPE_OF_TRANSFORMATION"": ""IX""}}"
SWE,producer_price_index_quarterly_imf,2025-Q1,quarterly,146.6693179558561,\N,derived,IMF_PPI,IMF|ACCESS_SHARING_LEVEL=PUBLIC_OPEN|FREQUENCY=M|IFS_FLAG=true|INDICATOR=PPI|METHODOLOGY=PPI|OVERLAP=OL|REFERENCE_PERIOD=2010=100|SCALE=0|SECURITY_CLASSIFICATION=PUB|TYPE_OF_TRANSFORMATION=IX|aggregation=quarterly_mean,\N,"{""aggregation_method"": ""quarterly_mean"", ""source_derivation_types"": [""O"", ""O"", ""O""], ""source_months"": [""2025-M01"", ""2025-M02"", ""2025-M03""], ""source_observation_count"": 3, ""source_series_dimensions"": {""ACCESS_SHARING_LEVEL"": ""PUBLIC_OPEN"", ""COUNTRY"": ""SWE"", ""FREQUENCY"": ""M"", ""IFS_FLAG"": ""true"", ""INDICATOR"": ""PPI"", ""METHODOLOGY"": ""PPI"", ""OVERLAP"": ""OL"", ""REFERENCE_PERIOD"": ""2010=100"", ""SCALE"": ""0"", ""SECURITY_CLASSIFICATION"": ""PUB"", ""TYPE_OF_TRANSFORMATION"": ""IX""}}"
SWE,producer_price_index_quarterly_imf,2025-Q2,quarterly,140.66414794193682,\N,derived,IMF_PPI,IMF|ACCESS_SHARING_LEVEL=PUBLIC_OPEN|FREQUENCY=M|IFS_FLAG=true|INDICATOR=PPI|METHODOLOGY=PPI|OVERLAP=OL|REFERENCE_PERIOD=2010=100|SCALE=0|SECURITY_CLASSIFICATION=PUB|TYPE_OF_TRANSFORMATION=IX|aggregation=quarterly_mean,\N,"{""aggregation_method"": ""quarterly_mean"", ""source_derivation_types"": [""O"", ""O"", ""O""], ""source_months"": [""2025-M04"", ""2025-M05"", ""2025-M06""], ""source_observation_count"": 3, ""source_series_dimensions"": {""ACCESS_SHARING_LEVEL"": ""PUBLIC_OPEN"", ""COUNTRY"": ""SWE"", ""FREQUENCY"": ""M"", ""IFS_FLAG"": ""true"", ""INDICATOR"": ""PPI"", ""METHODOLOGY"": ""PPI"", ""OVERLAP"": ""OL"", ""REFERENCE_PERIOD"": ""2010=100"", ""SCALE"": ""0"", ""SECURITY_CLASSIFICATION"": ""PUB"", ""TYPE_OF_TRANSFORMATION"": ""IX""}}"
SWE,producer_price_index_quarterly_imf,2025-Q3,quarterly,141.65838138794996,\N,derived,IMF_PPI,IMF|ACCESS_SHARING_LEVEL=PUBLIC_OPEN|FREQUENCY=M|IFS_FLAG=true|INDICATOR=PPI|METHODOLOGY=PPI|OVERLAP=OL|REFERENCE_PERIOD=2010=100|SCALE=0|SECURITY_CLASSIFICATION=PUB|TYPE_OF_TRANSFORMATION=IX|aggregation=quarterly_mean,\N,"{""aggregation_method"": ""quarterly_mean"", ""source_derivation_types"": [""O"", ""O"", ""O""], ""source_months"": [""2025-M07"", ""2025-M08"", ""2025-M09""], ""source_observation_count"": 3, ""source_series_dimensions"": {""ACCESS_SHARING_LEVEL"": ""PUBLIC_OPEN"", ""COUNTRY"": ""SWE"", ""FREQUENCY"": ""M"", ""IFS_FLAG"": ""true"", ""INDICATOR"": ""PPI"", ""METHODOLOGY"": ""PPI"", ""OVERLAP"": ""OL"", ""REFERENCE_PERIOD"": ""2010=100"", ""SCALE"": ""0"", ""SECURITY_CLASSIFICATION"": ""PUB"", ""TYPE_OF_TRANSFORMATION"": ""IX""}}"
SWE,producer_price_index_quarterly_imf,2025-Q4,quarterly,142.4537681447605,\N,derived,IMF_PPI,IMF|ACCESS_SHARING_LEVEL=PUBLIC_OPEN|FREQUENCY=M|IFS_FLAG=true|INDICATOR=PPI|METHODOLOGY=PPI|OVERLAP=OL|REFERENCE_PERIOD=2010=100|SCALE=0|SECURITY_CLASSIFICATION=PUB|TYPE_OF_TRANSFORMATION=IX|aggregation=quarterly_mean,\N,"{""aggregation_method"": ""quarterly_mean"", ""source_derivation_types"": [""O"", ""O"", ""O""], ""source_months"": [""2025-M10"", ""2025-M11"", ""2025-M12""], ""source_observation_count"": 3, ""source_series_dimensions"": {""ACCESS_SHARING_LEVEL"": ""PUBLIC_OPEN"", ""COUNTRY"": ""SWE"", ""FREQUENCY"": ""M"", ""IFS_FLAG"": ""true"", ""INDICATOR"": ""PPI"", ""METHODOLOGY"": ""PPI"", ""OVERLAP"": ""OL"", ""REFERENCE_PERIOD"": ""2010=100"", ""SCALE"": ""0"", ""SECURITY_CLASSIFICATION"": ""PUB"", ""TYPE_OF_TRANSFORMATION"": ""IX""}}"
SWE,producer_price_index_quarterly_imf,2026-Q1,quarterly,145.95346987472666,\N,derived,IMF_PPI,IMF|ACCESS_SHARING_LEVEL=PUBLIC_OPEN|FREQUENCY=M|IFS_FLAG=true|INDICATOR=PPI|METHODOLOGY=PPI|OVERLAP=OL|REFERENCE_PERIOD=2010=100|SCALE=0|SECURITY_CLASSIFICATION=PUB|TYPE_OF_TRANSFORMATION=IX|aggregation=quarterly_mean,\N,"{""aggregation_method"": ""quarterly_mean"", ""source_derivation_types"": [""O"", ""O"", ""O""], ""source_months"": [""2026-M01"", ""2026-M02"", ""2026-M03""], ""source_observation_count"": 3, ""source_series_dimensions"": {""ACCESS_SHARING_LEVEL"": ""PUBLIC_OPEN"", ""COUNTRY"": ""SWE"", ""FREQUENCY"": ""M"", ""IFS_FLAG"": ""true"", ""INDICATOR"": ""PPI"", ""METHODOLOGY"": ""PPI"", ""OVERLAP"": ""OL"", ""REFERENCE_PERIOD"": ""2010=100"", ""SCALE"": ""0"", ""SECURITY_CLASSIFICATION"": ""PUB"", ""TYPE_OF_TRANSFORMATION"": ""IX""}}"
THA,producer_price_index_quarterly_imf,2025-Q1,quarterly,110.98225443639099,\N,derived,IMF_PPI,IMF|ACCESS_SHARING_LEVEL=PUBLIC_OPEN|FREQUENCY=M|IFS_FLAG=true|INDICATOR=PPI|METHODOLOGY=PPI|OVERLAP=OL|REFERENCE_PERIOD=2010=100|SCALE=0|SECURITY_CLASSIFICATION=PUB|TYPE_OF_TRANSFORMATION=IX|aggregation=quarterly_mean,\N,"{""aggregation_method"": ""quarterly_mean"", ""source_derivation_types"": [""O"", ""O"", ""O""], ""source_months"": [""2025-M01"", ""2025-M02"", ""2025-M03""], ""source_observation_count"": 3, ""source_series_dimensions"": {""ACCESS_SHARING_LEVEL"": ""PUBLIC_OPEN"", ""COUNTRY"": ""THA"", ""FREQUENCY"": ""M"", ""IFS_FLAG"": ""true"", ""INDICATOR"": ""PPI"", ""METHODOLOGY"": ""PPI"", ""OVERLAP"": ""OL"", ""REFERENCE_PERIOD"": ""2010=100"", ""SCALE"": ""0"", ""SECURITY_CLASSIFICATION"": ""PUB"", ""TYPE_OF_TRANSFORMATION"": ""IX""}}"
THA,producer_price_index_quarterly_imf,2025-Q2,quarterly,109.53928184620524,\N,derived,IMF_PPI,IMF|ACCESS_SHARING_LEVEL=PUBLIC_OPEN|FREQUENCY=M|IFS_FLAG=true|INDICATOR=PPI|METHODOLOGY=PPI|OVERLAP=OL|REFERENCE_PERIOD=2010=100|SCALE=0|SECURITY_CLASSIFICATION=PUB|TYPE_OF_TRANSFORMATION=IX|aggregation=quarterly_mean,\N,"{""aggregation_method"": ""quarterly_mean"", ""source_derivation_types"": [""O"", ""O"", ""O""], ""source_months"": [""2025-M04"", ""2025-M05"", ""2025-M06""], ""source_observation_count"": 3, ""source_series_dimensions"": {""ACCESS_SHARING_LEVEL"": ""PUBLIC_OPEN"", ""COUNTRY"": ""THA"", ""FREQUENCY"": ""M"", ""IFS_FLAG"": ""true"", ""INDICATOR"": ""PPI"", ""METHODOLOGY"": ""PPI"", ""OVERLAP"": ""OL"", ""REFERENCE_PERIOD"": ""2010=100"", ""SCALE"": ""0"", ""SECURITY_CLASSIFICATION"": ""PUB"", ""TYPE_OF_TRANSFORMATION"": ""IX""}}"
THA,producer_price_index_quarterly_imf,2025-Q3,quarterly,108.30625676914111,\N,derived,IMF_PPI,IMF|ACCESS_SHARING_LEVEL=PUBLIC_OPEN|FREQUENCY=M|IFS_FLAG=true|INDICATOR=PPI|METHODOLOGY=PPI|OVERLAP=OL|REFERENCE_PERIOD=2010=100|SCALE=0|SECURITY_CLASSIFICATION=PUB|TYPE_OF_TRANSFORMATION=IX|aggregation=quarterly_mean,\N,"{""aggregation_method"": ""quarterly_mean"", ""source_derivation_types"": [""O"", ""O"", ""O""], ""source_months"": [""2025-M07"", ""2025-M08"", ""2025-M09""], ""source_observation_count"": 3, ""source_series_dimensions"": {""ACCESS_SHARING_LEVEL"": ""PUBLIC_OPEN"", ""COUNTRY"": ""THA"", ""FREQUENCY"": ""M"", ""IFS_FLAG"": ""true"", ""INDICATOR"": ""PPI"", ""METHODOLOGY"": ""PPI"", ""OVERLAP"": ""OL"", ""REFERENCE_PERIOD"": ""2010=100"", ""SCALE"": ""0"", ""SECURITY_CLASSIFICATION"": ""PUB"", ""TYPE_OF_TRANSFORMATION"": ""IX""}}"
THA,producer_price_index_quarterly_imf,2025-Q4,quarterly,109.20603182537711,\N,derived,IMF_PPI,IMF|ACCESS_SHARING_LEVEL=PUBLIC_OPEN|FREQUENCY=M|IFS_FLAG=true|INDICATOR=PPI|METHODOLOGY=PPI|OVERLAP=OL|REFERENCE_PERIOD=2010=100|SCALE=0|SECURITY_CLASSIFICATION=PUB|TYPE_OF_TRANSFORMATION=IX|aggregation=quarterly_mean,\N,"{""aggregation_method"": ""quarterly_mean"", ""source_derivation_types"": [""O"", ""O"", ""O""], ""source_months"": [""2025-M10"", ""2025-M11"", ""2025-M12""], ""source_observation_count"": 3, ""source_series_dimensions"": {""ACCESS_SHARING_LEVEL"": ""PUBLIC_OPEN"", ""COUNTRY"": ""THA"", ""FREQUENCY"": ""M"", ""IFS_FLAG"": ""true"", ""INDICATOR"": ""PPI"", ""METHODOLOGY"": ""PPI"", ""OVERLAP"": ""OL"", ""REFERENCE_PERIOD"": ""2010=100"", ""SCALE"": ""0"", ""SECURITY_CLASSIFICATION"": ""PUB"", ""TYPE_OF_TRANSFORMATION"": ""IX""}}"
THA,producer_price_index_quarterly_imf,2026-Q1,quarterly,109.87253186703333,\N,derived,IMF_PPI,IMF|ACCESS_SHARING_LEVEL=PUBLIC_OPEN|FREQUENCY=M|IFS_FLAG=true|INDICATOR=PPI|METHODOLOGY=PPI|OVERLAP=OL|REFERENCE_PERIOD=2010=100|SCALE=0|SECURITY_CLASSIFICATION=PUB|TYPE_OF_TRANSFORMATION=IX|aggregation=quarterly_mean,\N,"{""aggregation_method"": ""quarterly_mean"", ""source_derivation_types"": [""O"", ""O"", ""O""], ""source_months"": [""2026-M01"", ""2026-M02"", ""2026-M03""], ""source_observation_count"": 3, ""source_series_dimensions"": {""ACCESS_SHARING_LEVEL"": ""PUBLIC_OPEN"", ""COUNTRY"": ""THA"", ""FREQUENCY"": ""M"", ""IFS_FLAG"": ""true"", ""INDICATOR"": ""PPI"", ""METHODOLOGY"": ""PPI"", ""OVERLAP"": ""OL"", ""REFERENCE_PERIOD"": ""2010=100"", ""SCALE"": ""0"", ""SECURITY_CLASSIFICATION"": ""PUB"", ""TYPE_OF_TRANSFORMATION"": ""IX""}}"
THA,producer_price_index_quarterly_imf,2026-Q2,quarterly,115.90435724402244,\N,derived,IMF_PPI,IMF|ACCESS_SHARING_LEVEL=PUBLIC_OPEN|FREQUENCY=M|IFS_FLAG=true|INDICATOR=PPI|METHODOLOGY=PPI|OVERLAP=OL|REFERENCE_PERIOD=2010=100|SCALE=0|SECURITY_CLASSIFICATION=PUB|TYPE_OF_TRANSFORMATION=IX|aggregation=quarterly_mean,\N,"{""aggregation_method"": ""quarterly_mean"", ""source_derivation_types"": [""O"", ""O"", ""O""], ""source_months"": [""2026-M04"", ""2026-M05"", ""2026-M06""], ""source_observation_count"": 3, ""source_series_dimensions"": {""ACCESS_SHARING_LEVEL"": ""PUBLIC_OPEN"", ""COUNTRY"": ""THA"", ""FREQUENCY"": ""M"", ""IFS_FLAG"": ""true"", ""INDICATOR"": ""PPI"", ""METHODOLOGY"": ""PPI"", ""OVERLAP"": ""OL"", ""REFERENCE_PERIOD"": ""2010=100"", ""SCALE"": ""0"", ""SECURITY_CLASSIFICATION"": ""PUB"", ""TYPE_OF_TRANSFORMATION"": ""IX""}}"
USA,producer_price_index_quarterly_imf,2025-Q1,quarterly,149.337062432336,\N,derived,IMF_PPI,IMF|ACCESS_SHARING_LEVEL=PUBLIC_OPEN|FREQUENCY=M|IFS_FLAG=true|INDICATOR=PPI|METHODOLOGY=PPI|OVERLAP=OL|REFERENCE_PERIOD=2010=100|SCALE=0|SECURITY_CLASSIFICATION=PUB|TYPE_OF_TRANSFORMATION=IX|aggregation=quarterly_mean,\N,"{""aggregation_method"": ""quarterly_mean"", ""source_derivation_types"": [""O"", ""O"", ""O""], ""source_months"": [""2025-M01"", ""2025-M02"", ""2025-M03""], ""source_observation_count"": 3, ""source_series_dimensions"": {""ACCESS_SHARING_LEVEL"": ""PUBLIC_OPEN"", ""COUNTRY"": ""USA"", ""FREQUENCY"": ""M"", ""IFS_FLAG"": ""true"", ""INDICATOR"": ""PPI"", ""METHODOLOGY"": ""PPI"", ""OVERLAP"": ""OL"", ""REFERENCE_PERIOD"": ""2010=100"", ""SCALE"": ""0"", ""SECURITY_CLASSIFICATION"": ""PUB"", ""TYPE_OF_TRANSFORMATION"": ""IX""}}"
USA,producer_price_index_quarterly_imf,2025-Q2,quarterly,149.73453954922854,\N,derived,IMF_PPI,IMF|ACCESS_SHARING_LEVEL=PUBLIC_OPEN|FREQUENCY=M|IFS_FLAG=true|INDICATOR=PPI|METHODOLOGY=PPI|OVERLAP=OL|REFERENCE_PERIOD=2010=100|SCALE=0|SECURITY_CLASSIFICATION=PUB|TYPE_OF_TRANSFORMATION=IX|aggregation=quarterly_mean,\N,"{""aggregation_method"": ""quarterly_mean"", ""source_derivation_types"": [""O"", ""O"", ""O""], ""source_months"": [""2025-M04"", ""2025-M05"", ""2025-M06""], ""source_observation_count"": 3, ""source_series_dimensions"": {""ACCESS_SHARING_LEVEL"": ""PUBLIC_OPEN"", ""COUNTRY"": ""USA"", ""FREQUENCY"": ""M"", ""IFS_FLAG"": ""true"", ""INDICATOR"": ""PPI"", ""METHODOLOGY"": ""PPI"", ""OVERLAP"": ""OL"", ""REFERENCE_PERIOD"": ""2010=100"", ""SCALE"": ""0"", ""SECURITY_CLASSIFICATION"": ""PUB"", ""TYPE_OF_TRANSFORMATION"": ""IX""}}"
USA,producer_price_index_quarterly_imf,2025-Q3,quarterly,151.14353203635167,\N,derived,IMF_PPI,IMF|ACCESS_SHARING_LEVEL=PUBLIC_OPEN|FREQUENCY=M|IFS_FLAG=true|INDICATOR=PPI|METHODOLOGY=PPI|OVERLAP=OL|REFERENCE_PERIOD=2010=100|SCALE=0|SECURITY_CLASSIFICATION=PUB|TYPE_OF_TRANSFORMATION=IX|aggregation=quarterly_mean,\N,"{""aggregation_method"": ""quarterly_mean"", ""source_derivation_types"": [""O"", ""O"", ""O""], ""source_months"": [""2025-M07"", ""2025-M08"", ""2025-M09""], ""source_observation_count"": 3, ""source_series_dimensions"": {""ACCESS_SHARING_LEVEL"": ""PUBLIC_OPEN"", ""COUNTRY"": ""USA"", ""FREQUENCY"": ""M"", ""IFS_FLAG"": ""true"", ""INDICATOR"": ""PPI"", ""METHODOLOGY"": ""PPI"", ""OVERLAP"": ""OL"", ""REFERENCE_PERIOD"": ""2010=100"", ""SCALE"": ""0"", ""SECURITY_CLASSIFICATION"": ""PUB"", ""TYPE_OF_TRANSFORMATION"": ""IX""}}"
USA,producer_price_index_quarterly_imf,2025-Q4,quarterly,151.9263803680993,\N,derived,IMF_PPI,IMF|ACCESS_SHARING_LEVEL=PUBLIC_OPEN|FREQUENCY=M|IFS_FLAG=true|INDICATOR=PPI|METHODOLOGY=PPI|OVERLAP=OL|REFERENCE_PERIOD=2010=100|SCALE=0|SECURITY_CLASSIFICATION=PUB|TYPE_OF_TRANSFORMATION=IX|aggregation=quarterly_mean,\N,"{""aggregation_method"": ""quarterly_mean"", ""source_derivation_types"": [""O"", ""O"", ""O""], ""source_months"": [""2025-M10"", ""2025-M11"", ""2025-M12""], ""source_observation_count"": 3, ""source_series_dimensions"": {""ACCESS_SHARING_LEVEL"": ""PUBLIC_OPEN"", ""COUNTRY"": ""USA"", ""FREQUENCY"": ""M"", ""IFS_FLAG"": ""true"", ""INDICATOR"": ""PPI"", ""METHODOLOGY"": ""PPI"", ""OVERLAP"": ""OL"", ""REFERENCE_PERIOD"": ""2010=100"", ""SCALE"": ""0"", ""SECURITY_CLASSIFICATION"": ""PUB"", ""TYPE_OF_TRANSFORMATION"": ""IX""}}"
USA,producer_price_index_quarterly_imf,2026-Q1,quarterly,154.67845543125347,\N,derived,IMF_PPI,IMF|ACCESS_SHARING_LEVEL=PUBLIC_OPEN|FREQUENCY=M|IFS_FLAG=true|INDICATOR=PPI|METHODOLOGY=PPI|OVERLAP=OL|REFERENCE_PERIOD=2010=100|SCALE=0|SECURITY_CLASSIFICATION=PUB|TYPE_OF_TRANSFORMATION=IX|aggregation=quarterly_mean,\N,"{""aggregation_method"": ""quarterly_mean"", ""source_derivation_types"": [""O"", ""O"", ""O""], ""source_months"": [""2026-M01"", ""2026-M02"", ""2026-M03""], ""source_observation_count"": 3, ""source_series_dimensions"": {""ACCESS_SHARING_LEVEL"": ""PUBLIC_OPEN"", ""COUNTRY"": ""USA"", ""FREQUENCY"": ""M"", ""IFS_FLAG"": ""true"", ""INDICATOR"": ""PPI"", ""METHODOLOGY"": ""PPI"", ""OVERLAP"": ""OL"", ""REFERENCE_PERIOD"": ""2010=100"", ""SCALE"": ""0"", ""SECURITY_CLASSIFICATION"": ""PUB"", ""TYPE_OF_TRANSFORMATION"": ""IX""}}"
USA,producer_price_index_quarterly_imf,2026-Q2,quarterly,158.27424461139847,\N,derived,IMF_PPI,IMF|ACCESS_SHARING_LEVEL=PUBLIC_OPEN|FREQUENCY=M|IFS_FLAG=true|INDICATOR=PPI|METHODOLOGY=PPI|OVERLAP=OL|REFERENCE_PERIOD=2010=100|SCALE=0|SECURITY_CLASSIFICATION=PUB|TYPE_OF_TRANSFORMATION=IX|aggregation=quarterly_mean,\N,"{""aggregation_method"": ""quarterly_mean"", ""source_derivation_types"": [""O"", ""O"", ""O""], ""source_months"": [""2026-M04"", ""2026-M05"", ""2026-M06""], ""source_observation_count"": 3, ""source_series_dimensions"": {""ACCESS_SHARING_LEVEL"": ""PUBLIC_OPEN"", ""COUNTRY"": ""USA"", ""FREQUENCY"": ""M"", ""IFS_FLAG"": ""true"", ""INDICATOR"": ""PPI"", ""METHODOLOGY"": ""PPI"", ""OVERLAP"": ""OL"", ""REFERENCE_PERIOD"": ""2010=100"", ""SCALE"": ""0"", ""SECURITY_CLASSIFICATION"": ""PUB"", ""TYPE_OF_TRANSFORMATION"": ""IX""}}"
UZB,producer_price_index_quarterly_imf,2025-Q1,quarterly,1036.0122325259076,\N,derived,IMF_PPI,IMF|ACCESS_SHARING_LEVEL=PUBLIC_OPEN|FREQUENCY=M|IFS_FLAG=true|INDICATOR=PPI|METHODOLOGY=PPI|OVERLAP=OL|REFERENCE_PERIOD=2010=100|SCALE=0|SECURITY_CLASSIFICATION=PUB|TYPE_OF_TRANSFORMATION=IX|aggregation=quarterly_mean,\N,"{""aggregation_method"": ""quarterly_mean"", ""source_derivation_types"": [""O"", ""O"", ""O""], ""source_months"": [""2025-M01"", ""2025-M02"", ""2025-M03""], ""source_observation_count"": 3, ""source_series_dimensions"": {""ACCESS_SHARING_LEVEL"": ""PUBLIC_OPEN"", ""COUNTRY"": ""UZB"", ""FREQUENCY"": ""M"", ""IFS_FLAG"": ""true"", ""INDICATOR"": ""PPI"", ""METHODOLOGY"": ""PPI"", ""OVERLAP"": ""OL"", ""REFERENCE_PERIOD"": ""2010=100"", ""SCALE"": ""0"", ""SECURITY_CLASSIFICATION"": ""PUB"", ""TYPE_OF_TRANSFORMATION"": ""IX""}}"
UZB,producer_price_index_quarterly_imf,2025-Q2,quarterly,1100.8119125338078,\N,derived,IMF_PPI,IMF|ACCESS_SHARING_LEVEL=PUBLIC_OPEN|FREQUENCY=M|IFS_FLAG=true|INDICATOR=PPI|METHODOLOGY=PPI|OVERLAP=OL|REFERENCE_PERIOD=2010=100|SCALE=0|SECURITY_CLASSIFICATION=PUB|TYPE_OF_TRANSFORMATION=IX|aggregation=quarterly_mean,\N,"{""aggregation_method"": ""quarterly_mean"", ""source_derivation_types"": [""O"", ""O"", ""O""], ""source_months"": [""2025-M04"", ""2025-M05"", ""2025-M06""], ""source_observation_count"": 3, ""source_series_dimensions"": {""ACCESS_SHARING_LEVEL"": ""PUBLIC_OPEN"", ""COUNTRY"": ""UZB"", ""FREQUENCY"": ""M"", ""IFS_FLAG"": ""true"", ""INDICATOR"": ""PPI"", ""METHODOLOGY"": ""PPI"", ""OVERLAP"": ""OL"", ""REFERENCE_PERIOD"": ""2010=100"", ""SCALE"": ""0"", ""SECURITY_CLASSIFICATION"": ""PUB"", ""TYPE_OF_TRANSFORMATION"": ""IX""}}"
UZB,producer_price_index_quarterly_imf,2025-Q3,quarterly,1124.1360967697644,\N,derived,IMF_PPI,IMF|ACCESS_SHARING_LEVEL=PUBLIC_OPEN|FREQUENCY=M|IFS_FLAG=true|INDICATOR=PPI|METHODOLOGY=PPI|OVERLAP=OL|REFERENCE_PERIOD=2010=100|SCALE=0|SECURITY_CLASSIFICATION=PUB|TYPE_OF_TRANSFORMATION=IX|aggregation=quarterly_mean,\N,"{""aggregation_method"": ""quarterly_mean"", ""source_derivation_types"": [""O"", ""O"", ""O""], ""source_months"": [""2025-M07"", ""2025-M08"", ""2025-M09""], ""source_observation_count"": 3, ""source_series_dimensions"": {""ACCESS_SHARING_LEVEL"": ""PUBLIC_OPEN"", ""COUNTRY"": ""UZB"", ""FREQUENCY"": ""M"", ""IFS_FLAG"": ""true"", ""INDICATOR"": ""PPI"", ""METHODOLOGY"": ""PPI"", ""OVERLAP"": ""OL"", ""REFERENCE_PERIOD"": ""2010=100"", ""SCALE"": ""0"", ""SECURITY_CLASSIFICATION"": ""PUB"", ""TYPE_OF_TRANSFORMATION"": ""IX""}}"
UZB,producer_price_index_quarterly_imf,2025-Q4,quarterly,1129.4749889318175,\N,derived,IMF_PPI,IMF|ACCESS_SHARING_LEVEL=PUBLIC_OPEN|FREQUENCY=M|IFS_FLAG=true|INDICATOR=PPI|METHODOLOGY=PPI|OVERLAP=OL|REFERENCE_PERIOD=2010=100|SCALE=0|SECURITY_CLASSIFICATION=PUB|TYPE_OF_TRANSFORMATION=IX|aggregation=quarterly_mean,\N,"{""aggregation_method"": ""quarterly_mean"", ""source_derivation_types"": [""O"", ""O"", ""O""], ""source_months"": [""2025-M10"", ""2025-M11"", ""2025-M12""], ""source_observation_count"": 3, ""source_series_dimensions"": {""ACCESS_SHARING_LEVEL"": ""PUBLIC_OPEN"", ""COUNTRY"": ""UZB"", ""FREQUENCY"": ""M"", ""IFS_FLAG"": ""true"", ""INDICATOR"": ""PPI"", ""METHODOLOGY"": ""PPI"", ""OVERLAP"": ""OL"", ""REFERENCE_PERIOD"": ""2010=100"", ""SCALE"": ""0"", ""SECURITY_CLASSIFICATION"": ""PUB"", ""TYPE_OF_TRANSFORMATION"": ""IX""}}"
UZB,producer_price_index_quarterly_imf,2026-Q1,quarterly,1171.0956433297877,\N,derived,IMF_PPI,IMF|ACCESS_SHARING_LEVEL=PUBLIC_OPEN|FREQUENCY=M|IFS_FLAG=true|INDICATOR=PPI|METHODOLOGY=PPI|OVERLAP=OL|REFERENCE_PERIOD=2010=100|SCALE=0|SECURITY_CLASSIFICATION=PUB|TYPE_OF_TRANSFORMATION=IX|aggregation=quarterly_mean,\N,"{""aggregation_method"": ""quarterly_mean"", ""source_derivation_types"": [""O"", ""O"", ""O""], ""source_months"": [""2026-M01"", ""2026-M02"", ""2026-M03""], ""source_observation_count"": 3, ""source_series_dimensions"": {""ACCESS_SHARING_LEVEL"": ""PUBLIC_OPEN"", ""COUNTRY"": ""UZB"", ""FREQUENCY"": ""M"", ""IFS_FLAG"": ""true"", ""INDICATOR"": ""PPI"", ""METHODOLOGY"": ""PPI"", ""OVERLAP"": ""OL"", ""REFERENCE_PERIOD"": ""2010=100"", ""SCALE"": ""0"", ""SECURITY_CLASSIFICATION"": ""PUB"", ""TYPE_OF_TRANSFORMATION"": ""IX""}}"
UZB,producer_price_index_quarterly_imf,2026-Q2,quarterly,1199.9355519413275,\N,derived,IMF_PPI,IMF|ACCESS_SHARING_LEVEL=PUBLIC_OPEN|FREQUENCY=M|IFS_FLAG=true|INDICATOR=PPI|METHODOLOGY=PPI|OVERLAP=OL|REFERENCE_PERIOD=2010=100|SCALE=0|SECURITY_CLASSIFICATION=PUB|TYPE_OF_TRANSFORMATION=IX|aggregation=quarterly_mean,\N,"{""aggregation_method"": ""quarterly_mean"", ""source_derivation_types"": [""O"", ""O"", ""O""], ""source_months"": [""2026-M04"", ""2026-M05"", ""2026-M06""], ""source_observation_count"": 3, ""source_series_dimensions"": {""ACCESS_SHARING_LEVEL"": ""PUBLIC_OPEN"", ""COUNTRY"": ""UZB"", ""FREQUENCY"": ""M"", ""IFS_FLAG"": ""true"", ""INDICATOR"": ""PPI"", ""METHODOLOGY"": ""PPI"", ""OVERLAP"": ""OL"", ""REFERENCE_PERIOD"": ""2010=100"", ""SCALE"": ""0"", ""SECURITY_CLASSIFICATION"": ""PUB"", ""TYPE_OF_TRANSFORMATION"": ""IX""}}"
