country_code,indicator_code,period,frequency,value,raw_value,value_status,source_id,source_series_code,seasonal_adjustment,observation_metadata
AUS,producer_price_index_quarterly_imf,2020-Q1,quarterly,115.86183192988483,\N,derived,IMF_PPI,IMF|ACCESS_SHARING_LEVEL=PUBLIC_OPEN|FREQUENCY=M|IFS_FLAG=true|INDICATOR=PPI|METHODOLOGY=PPI|OVERLAP=OL|REFERENCE_PERIOD=2010=100|SCALE=0|SECURITY_CLASSIFICATION=PUB|TYPE_OF_TRANSFORMATION=IX|aggregation=quarterly_mean,\N,"{""aggregation_method"": ""quarterly_mean"", ""source_derivation_types"": [""O"", ""O"", ""O""], ""source_months"": [""2020-M01"", ""2020-M02"", ""2020-M03""], ""source_observation_count"": 3, ""source_series_dimensions"": {""ACCESS_SHARING_LEVEL"": ""PUBLIC_OPEN"", ""COUNTRY"": ""AUS"", ""FREQUENCY"": ""M"", ""IFS_FLAG"": ""true"", ""INDICATOR"": ""PPI"", ""METHODOLOGY"": ""PPI"", ""OVERLAP"": ""OL"", ""REFERENCE_PERIOD"": ""2010=100"", ""SCALE"": ""0"", ""SECURITY_CLASSIFICATION"": ""PUB"", ""TYPE_OF_TRANSFORMATION"": ""IX""}}"
AUS,producer_price_index_quarterly_imf,2020-Q2,quarterly,109.1252792576044,\N,derived,IMF_PPI,IMF|ACCESS_SHARING_LEVEL=PUBLIC_OPEN|FREQUENCY=M|IFS_FLAG=true|INDICATOR=PPI|METHODOLOGY=PPI|OVERLAP=OL|REFERENCE_PERIOD=2010=100|SCALE=0|SECURITY_CLASSIFICATION=PUB|TYPE_OF_TRANSFORMATION=IX|aggregation=quarterly_mean,\N,"{""aggregation_method"": ""quarterly_mean"", ""source_derivation_types"": [""O"", ""O"", ""O""], ""source_months"": [""2020-M04"", ""2020-M05"", ""2020-M06""], ""source_observation_count"": 3, ""source_series_dimensions"": {""ACCESS_SHARING_LEVEL"": ""PUBLIC_OPEN"", ""COUNTRY"": ""AUS"", ""FREQUENCY"": ""M"", ""IFS_FLAG"": ""true"", ""INDICATOR"": ""PPI"", ""METHODOLOGY"": ""PPI"", ""OVERLAP"": ""OL"", ""REFERENCE_PERIOD"": ""2010=100"", ""SCALE"": ""0"", ""SECURITY_CLASSIFICATION"": ""PUB"", ""TYPE_OF_TRANSFORMATION"": ""IX""}}"
AUS,producer_price_index_quarterly_imf,2020-Q3,quarterly,111.5999312596666,\N,derived,IMF_PPI,IMF|ACCESS_SHARING_LEVEL=PUBLIC_OPEN|FREQUENCY=M|IFS_FLAG=true|INDICATOR=PPI|METHODOLOGY=PPI|OVERLAP=OL|REFERENCE_PERIOD=2010=100|SCALE=0|SECURITY_CLASSIFICATION=PUB|TYPE_OF_TRANSFORMATION=IX|aggregation=quarterly_mean,\N,"{""aggregation_method"": ""quarterly_mean"", ""source_derivation_types"": [""O"", ""O"", ""O""], ""source_months"": [""2020-M07"", ""2020-M08"", ""2020-M09""], ""source_observation_count"": 3, ""source_series_dimensions"": {""ACCESS_SHARING_LEVEL"": ""PUBLIC_OPEN"", ""COUNTRY"": ""AUS"", ""FREQUENCY"": ""M"", ""IFS_FLAG"": ""true"", ""INDICATOR"": ""PPI"", ""METHODOLOGY"": ""PPI"", ""OVERLAP"": ""OL"", ""REFERENCE_PERIOD"": ""2010=100"", ""SCALE"": ""0"", ""SECURITY_CLASSIFICATION"": ""PUB"", ""TYPE_OF_TRANSFORMATION"": ""IX""}}"
AUS,producer_price_index_quarterly_imf,2020-Q4,quarterly,114.8994672624162,\N,derived,IMF_PPI,IMF|ACCESS_SHARING_LEVEL=PUBLIC_OPEN|FREQUENCY=M|IFS_FLAG=true|INDICATOR=PPI|METHODOLOGY=PPI|OVERLAP=OL|REFERENCE_PERIOD=2010=100|SCALE=0|SECURITY_CLASSIFICATION=PUB|TYPE_OF_TRANSFORMATION=IX|aggregation=quarterly_mean,\N,"{""aggregation_method"": ""quarterly_mean"", ""source_derivation_types"": [""O"", ""O"", ""O""], ""source_months"": [""2020-M10"", ""2020-M11"", ""2020-M12""], ""source_observation_count"": 3, ""source_series_dimensions"": {""ACCESS_SHARING_LEVEL"": ""PUBLIC_OPEN"", ""COUNTRY"": ""AUS"", ""FREQUENCY"": ""M"", ""IFS_FLAG"": ""true"", ""INDICATOR"": ""PPI"", ""METHODOLOGY"": ""PPI"", ""OVERLAP"": ""OL"", ""REFERENCE_PERIOD"": ""2010=100"", ""SCALE"": ""0"", ""SECURITY_CLASSIFICATION"": ""PUB"", ""TYPE_OF_TRANSFORMATION"": ""IX""}}"
AUT,producer_price_index_quarterly_imf,2020-Q1,quarterly,102.0248312640614,\N,derived,IMF_PPI,IMF|ACCESS_SHARING_LEVEL=PUBLIC_OPEN|FREQUENCY=M|IFS_FLAG=true|INDICATOR=PPI|METHODOLOGY=PPI|OVERLAP=OL|REFERENCE_PERIOD=2010=100|SCALE=0|SECURITY_CLASSIFICATION=PUB|TYPE_OF_TRANSFORMATION=IX|aggregation=quarterly_mean,\N,"{""aggregation_method"": ""quarterly_mean"", ""source_derivation_types"": [""O"", ""O"", ""O""], ""source_months"": [""2020-M01"", ""2020-M02"", ""2020-M03""], ""source_observation_count"": 3, ""source_series_dimensions"": {""ACCESS_SHARING_LEVEL"": ""PUBLIC_OPEN"", ""COUNTRY"": ""AUT"", ""FREQUENCY"": ""M"", ""IFS_FLAG"": ""true"", ""INDICATOR"": ""PPI"", ""METHODOLOGY"": ""PPI"", ""OVERLAP"": ""OL"", ""REFERENCE_PERIOD"": ""2010=100"", ""SCALE"": ""0"", ""SECURITY_CLASSIFICATION"": ""PUB"", ""TYPE_OF_TRANSFORMATION"": ""IX""}}"
AUT,producer_price_index_quarterly_imf,2020-Q2,quarterly,100.2916423631364,\N,derived,IMF_PPI,IMF|ACCESS_SHARING_LEVEL=PUBLIC_OPEN|FREQUENCY=M|IFS_FLAG=true|INDICATOR=PPI|METHODOLOGY=PPI|OVERLAP=OL|REFERENCE_PERIOD=2010=100|SCALE=0|SECURITY_CLASSIFICATION=PUB|TYPE_OF_TRANSFORMATION=IX|aggregation=quarterly_mean,\N,"{""aggregation_method"": ""quarterly_mean"", ""source_derivation_types"": [""O"", ""O"", ""O""], ""source_months"": [""2020-M04"", ""2020-M05"", ""2020-M06""], ""source_observation_count"": 3, ""source_series_dimensions"": {""ACCESS_SHARING_LEVEL"": ""PUBLIC_OPEN"", ""COUNTRY"": ""AUT"", ""FREQUENCY"": ""M"", ""IFS_FLAG"": ""true"", ""INDICATOR"": ""PPI"", ""METHODOLOGY"": ""PPI"", ""OVERLAP"": ""OL"", ""REFERENCE_PERIOD"": ""2010=100"", ""SCALE"": ""0"", ""SECURITY_CLASSIFICATION"": ""PUB"", ""TYPE_OF_TRANSFORMATION"": ""IX""}}"
AUT,producer_price_index_quarterly_imf,2020-Q3,quarterly,100.4249645862845,\N,derived,IMF_PPI,IMF|ACCESS_SHARING_LEVEL=PUBLIC_OPEN|FREQUENCY=M|IFS_FLAG=true|INDICATOR=PPI|METHODOLOGY=PPI|OVERLAP=OL|REFERENCE_PERIOD=2010=100|SCALE=0|SECURITY_CLASSIFICATION=PUB|TYPE_OF_TRANSFORMATION=IX|aggregation=quarterly_mean,\N,"{""aggregation_method"": ""quarterly_mean"", ""source_derivation_types"": [""O"", ""O"", ""O""], ""source_months"": [""2020-M07"", ""2020-M08"", ""2020-M09""], ""source_observation_count"": 3, ""source_series_dimensions"": {""ACCESS_SHARING_LEVEL"": ""PUBLIC_OPEN"", ""COUNTRY"": ""AUT"", ""FREQUENCY"": ""M"", ""IFS_FLAG"": ""true"", ""INDICATOR"": ""PPI"", ""METHODOLOGY"": ""PPI"", ""OVERLAP"": ""OL"", ""REFERENCE_PERIOD"": ""2010=100"", ""SCALE"": ""0"", ""SECURITY_CLASSIFICATION"": ""PUB"", ""TYPE_OF_TRANSFORMATION"": ""IX""}}"
AUT,producer_price_index_quarterly_imf,2020-Q4,quarterly,101.02491459045082,\N,derived,IMF_PPI,IMF|ACCESS_SHARING_LEVEL=PUBLIC_OPEN|FREQUENCY=M|IFS_FLAG=true|INDICATOR=PPI|METHODOLOGY=PPI|OVERLAP=OL|REFERENCE_PERIOD=2010=100|SCALE=0|SECURITY_CLASSIFICATION=PUB|TYPE_OF_TRANSFORMATION=IX|aggregation=quarterly_mean,\N,"{""aggregation_method"": ""quarterly_mean"", ""source_derivation_types"": [""O"", ""O"", ""O""], ""source_months"": [""2020-M10"", ""2020-M11"", ""2020-M12""], ""source_observation_count"": 3, ""source_series_dimensions"": {""ACCESS_SHARING_LEVEL"": ""PUBLIC_OPEN"", ""COUNTRY"": ""AUT"", ""FREQUENCY"": ""M"", ""IFS_FLAG"": ""true"", ""INDICATOR"": ""PPI"", ""METHODOLOGY"": ""PPI"", ""OVERLAP"": ""OL"", ""REFERENCE_PERIOD"": ""2010=100"", ""SCALE"": ""0"", ""SECURITY_CLASSIFICATION"": ""PUB"", ""TYPE_OF_TRANSFORMATION"": ""IX""}}"
AUT,producer_price_index_quarterly_imf,2021-Q1,quarterly,103.15807016081997,\N,derived,IMF_PPI,IMF|ACCESS_SHARING_LEVEL=PUBLIC_OPEN|FREQUENCY=M|IFS_FLAG=true|INDICATOR=PPI|METHODOLOGY=PPI|OVERLAP=OL|REFERENCE_PERIOD=2010=100|SCALE=0|SECURITY_CLASSIFICATION=PUB|TYPE_OF_TRANSFORMATION=IX|aggregation=quarterly_mean,\N,"{""aggregation_method"": ""quarterly_mean"", ""source_derivation_types"": [""O"", ""O"", ""O""], ""source_months"": [""2021-M01"", ""2021-M02"", ""2021-M03""], ""source_observation_count"": 3, ""source_series_dimensions"": {""ACCESS_SHARING_LEVEL"": ""PUBLIC_OPEN"", ""COUNTRY"": ""AUT"", ""FREQUENCY"": ""M"", ""IFS_FLAG"": ""true"", ""INDICATOR"": ""PPI"", ""METHODOLOGY"": ""PPI"", ""OVERLAP"": ""OL"", ""REFERENCE_PERIOD"": ""2010=100"", ""SCALE"": ""0"", ""SECURITY_CLASSIFICATION"": ""PUB"", ""TYPE_OF_TRANSFORMATION"": ""IX""}}"
AUT,producer_price_index_quarterly_imf,2021-Q2,quarterly,106.15782018165157,\N,derived,IMF_PPI,IMF|ACCESS_SHARING_LEVEL=PUBLIC_OPEN|FREQUENCY=M|IFS_FLAG=true|INDICATOR=PPI|METHODOLOGY=PPI|OVERLAP=OL|REFERENCE_PERIOD=2010=100|SCALE=0|SECURITY_CLASSIFICATION=PUB|TYPE_OF_TRANSFORMATION=IX|aggregation=quarterly_mean,\N,"{""aggregation_method"": ""quarterly_mean"", ""source_derivation_types"": [""O"", ""O"", ""O""], ""source_months"": [""2021-M04"", ""2021-M05"", ""2021-M06""], ""source_observation_count"": 3, ""source_series_dimensions"": {""ACCESS_SHARING_LEVEL"": ""PUBLIC_OPEN"", ""COUNTRY"": ""AUT"", ""FREQUENCY"": ""M"", ""IFS_FLAG"": ""true"", ""INDICATOR"": ""PPI"", ""METHODOLOGY"": ""PPI"", ""OVERLAP"": ""OL"", ""REFERENCE_PERIOD"": ""2010=100"", ""SCALE"": ""0"", ""SECURITY_CLASSIFICATION"": ""PUB"", ""TYPE_OF_TRANSFORMATION"": ""IX""}}"
AUT,producer_price_index_quarterly_imf,2021-Q3,quarterly,110.02416465294563,\N,derived,IMF_PPI,IMF|ACCESS_SHARING_LEVEL=PUBLIC_OPEN|FREQUENCY=M|IFS_FLAG=true|INDICATOR=PPI|METHODOLOGY=PPI|OVERLAP=OL|REFERENCE_PERIOD=2010=100|SCALE=0|SECURITY_CLASSIFICATION=PUB|TYPE_OF_TRANSFORMATION=IX|aggregation=quarterly_mean,\N,"{""aggregation_method"": ""quarterly_mean"", ""source_derivation_types"": [""O"", ""O"", ""O""], ""source_months"": [""2021-M07"", ""2021-M08"", ""2021-M09""], ""source_observation_count"": 3, ""source_series_dimensions"": {""ACCESS_SHARING_LEVEL"": ""PUBLIC_OPEN"", ""COUNTRY"": ""AUT"", ""FREQUENCY"": ""M"", ""IFS_FLAG"": ""true"", ""INDICATOR"": ""PPI"", ""METHODOLOGY"": ""PPI"", ""OVERLAP"": ""OL"", ""REFERENCE_PERIOD"": ""2010=100"", ""SCALE"": ""0"", ""SECURITY_CLASSIFICATION"": ""PUB"", ""TYPE_OF_TRANSFORMATION"": ""IX""}}"
AUT,producer_price_index_quarterly_imf,2021-Q4,quarterly,116.5236230314141,\N,derived,IMF_PPI,IMF|ACCESS_SHARING_LEVEL=PUBLIC_OPEN|FREQUENCY=M|IFS_FLAG=true|INDICATOR=PPI|METHODOLOGY=PPI|OVERLAP=OL|REFERENCE_PERIOD=2010=100|SCALE=0|SECURITY_CLASSIFICATION=PUB|TYPE_OF_TRANSFORMATION=IX|aggregation=quarterly_mean,\N,"{""aggregation_method"": ""quarterly_mean"", ""source_derivation_types"": [""O"", ""O"", ""O""], ""source_months"": [""2021-M10"", ""2021-M11"", ""2021-M12""], ""source_observation_count"": 3, ""source_series_dimensions"": {""ACCESS_SHARING_LEVEL"": ""PUBLIC_OPEN"", ""COUNTRY"": ""AUT"", ""FREQUENCY"": ""M"", ""IFS_FLAG"": ""true"", ""INDICATOR"": ""PPI"", ""METHODOLOGY"": ""PPI"", ""OVERLAP"": ""OL"", ""REFERENCE_PERIOD"": ""2010=100"", ""SCALE"": ""0"", ""SECURITY_CLASSIFICATION"": ""PUB"", ""TYPE_OF_TRANSFORMATION"": ""IX""}}"
AUT,producer_price_index_quarterly_imf,2022-Q1,quarterly,113.12390634113824,\N,derived,IMF_PPI,IMF|ACCESS_SHARING_LEVEL=PUBLIC_OPEN|FREQUENCY=M|IFS_FLAG=true|INDICATOR=PPI|METHODOLOGY=PPI|OVERLAP=OL|REFERENCE_PERIOD=2010=100|SCALE=0|SECURITY_CLASSIFICATION=PUB|TYPE_OF_TRANSFORMATION=IX|aggregation=quarterly_mean,\N,"{""aggregation_method"": ""quarterly_mean"", ""source_derivation_types"": [""O"", ""O"", ""O""], ""source_months"": [""2022-M01"", ""2022-M02"", ""2022-M03""], ""source_observation_count"": 3, ""source_series_dimensions"": {""ACCESS_SHARING_LEVEL"": ""PUBLIC_OPEN"", ""COUNTRY"": ""AUT"", ""FREQUENCY"": ""M"", ""IFS_FLAG"": ""true"", ""INDICATOR"": ""PPI"", ""METHODOLOGY"": ""PPI"", ""OVERLAP"": ""OL"", ""REFERENCE_PERIOD"": ""2010=100"", ""SCALE"": ""0"", ""SECURITY_CLASSIFICATION"": ""PUB"", ""TYPE_OF_TRANSFORMATION"": ""IX""}}"
AUT,producer_price_index_quarterly_imf,2022-Q2,quarterly,117.99016748604286,\N,derived,IMF_PPI,IMF|ACCESS_SHARING_LEVEL=PUBLIC_OPEN|FREQUENCY=M|IFS_FLAG=true|INDICATOR=PPI|METHODOLOGY=PPI|OVERLAP=OL|REFERENCE_PERIOD=2010=100|SCALE=0|SECURITY_CLASSIFICATION=PUB|TYPE_OF_TRANSFORMATION=IX|aggregation=quarterly_mean,\N,"{""aggregation_method"": ""quarterly_mean"", ""source_derivation_types"": [""O"", ""O"", ""O""], ""source_months"": [""2022-M04"", ""2022-M05"", ""2022-M06""], ""source_observation_count"": 3, ""source_series_dimensions"": {""ACCESS_SHARING_LEVEL"": ""PUBLIC_OPEN"", ""COUNTRY"": ""AUT"", ""FREQUENCY"": ""M"", ""IFS_FLAG"": ""true"", ""INDICATOR"": ""PPI"", ""METHODOLOGY"": ""PPI"", ""OVERLAP"": ""OL"", ""REFERENCE_PERIOD"": ""2010=100"", ""SCALE"": ""0"", ""SECURITY_CLASSIFICATION"": ""PUB"", ""TYPE_OF_TRANSFORMATION"": ""IX""}}"
AUT,producer_price_index_quarterly_imf,2022-Q3,quarterly,122.58978418465131,\N,derived,IMF_PPI,IMF|ACCESS_SHARING_LEVEL=PUBLIC_OPEN|FREQUENCY=M|IFS_FLAG=true|INDICATOR=PPI|METHODOLOGY=PPI|OVERLAP=OL|REFERENCE_PERIOD=2010=100|SCALE=0|SECURITY_CLASSIFICATION=PUB|TYPE_OF_TRANSFORMATION=IX|aggregation=quarterly_mean,\N,"{""aggregation_method"": ""quarterly_mean"", ""source_derivation_types"": [""O"", ""O"", ""O""], ""source_months"": [""2022-M07"", ""2022-M08"", ""2022-M09""], ""source_observation_count"": 3, ""source_series_dimensions"": {""ACCESS_SHARING_LEVEL"": ""PUBLIC_OPEN"", ""COUNTRY"": ""AUT"", ""FREQUENCY"": ""M"", ""IFS_FLAG"": ""true"", ""INDICATOR"": ""PPI"", ""METHODOLOGY"": ""PPI"", ""OVERLAP"": ""OL"", ""REFERENCE_PERIOD"": ""2010=100"", ""SCALE"": ""0"", ""SECURITY_CLASSIFICATION"": ""PUB"", ""TYPE_OF_TRANSFORMATION"": ""IX""}}"
AUT,producer_price_index_quarterly_imf,2022-Q4,quarterly,123.6896925256229,\N,derived,IMF_PPI,IMF|ACCESS_SHARING_LEVEL=PUBLIC_OPEN|FREQUENCY=M|IFS_FLAG=true|INDICATOR=PPI|METHODOLOGY=PPI|OVERLAP=OL|REFERENCE_PERIOD=2010=100|SCALE=0|SECURITY_CLASSIFICATION=PUB|TYPE_OF_TRANSFORMATION=IX|aggregation=quarterly_mean,\N,"{""aggregation_method"": ""quarterly_mean"", ""source_derivation_types"": [""O"", ""O"", ""O""], ""source_months"": [""2022-M10"", ""2022-M11"", ""2022-M12""], ""source_observation_count"": 3, ""source_series_dimensions"": {""ACCESS_SHARING_LEVEL"": ""PUBLIC_OPEN"", ""COUNTRY"": ""AUT"", ""FREQUENCY"": ""M"", ""IFS_FLAG"": ""true"", ""INDICATOR"": ""PPI"", ""METHODOLOGY"": ""PPI"", ""OVERLAP"": ""OL"", ""REFERENCE_PERIOD"": ""2010=100"", ""SCALE"": ""0"", ""SECURITY_CLASSIFICATION"": ""PUB"", ""TYPE_OF_TRANSFORMATION"": ""IX""}}"
AUT,producer_price_index_quarterly_imf,2023-Q1,quarterly,125.78951754020504,\N,derived,IMF_PPI,IMF|ACCESS_SHARING_LEVEL=PUBLIC_OPEN|FREQUENCY=M|IFS_FLAG=true|INDICATOR=PPI|METHODOLOGY=PPI|OVERLAP=OL|REFERENCE_PERIOD=2010=100|SCALE=0|SECURITY_CLASSIFICATION=PUB|TYPE_OF_TRANSFORMATION=IX|aggregation=quarterly_mean,\N,"{""aggregation_method"": ""quarterly_mean"", ""source_derivation_types"": [""O"", ""O"", ""O""], ""source_months"": [""2023-M01"", ""2023-M02"", ""2023-M03""], ""source_observation_count"": 3, ""source_series_dimensions"": {""ACCESS_SHARING_LEVEL"": ""PUBLIC_OPEN"", ""COUNTRY"": ""AUT"", ""FREQUENCY"": ""M"", ""IFS_FLAG"": ""true"", ""INDICATOR"": ""PPI"", ""METHODOLOGY"": ""PPI"", ""OVERLAP"": ""OL"", ""REFERENCE_PERIOD"": ""2010=100"", ""SCALE"": ""0"", ""SECURITY_CLASSIFICATION"": ""PUB"", ""TYPE_OF_TRANSFORMATION"": ""IX""}}"
AUT,producer_price_index_quarterly_imf,2023-Q2,quarterly,121.08990917423553,\N,derived,IMF_PPI,IMF|ACCESS_SHARING_LEVEL=PUBLIC_OPEN|FREQUENCY=M|IFS_FLAG=true|INDICATOR=PPI|METHODOLOGY=PPI|OVERLAP=OL|REFERENCE_PERIOD=2010=100|SCALE=0|SECURITY_CLASSIFICATION=PUB|TYPE_OF_TRANSFORMATION=IX|aggregation=quarterly_mean,\N,"{""aggregation_method"": ""quarterly_mean"", ""source_derivation_types"": [""O"", ""O"", ""O""], ""source_months"": [""2023-M04"", ""2023-M05"", ""2023-M06""], ""source_observation_count"": 3, ""source_series_dimensions"": {""ACCESS_SHARING_LEVEL"": ""PUBLIC_OPEN"", ""COUNTRY"": ""AUT"", ""FREQUENCY"": ""M"", ""IFS_FLAG"": ""true"", ""INDICATOR"": ""PPI"", ""METHODOLOGY"": ""PPI"", ""OVERLAP"": ""OL"", ""REFERENCE_PERIOD"": ""2010=100"", ""SCALE"": ""0"", ""SECURITY_CLASSIFICATION"": ""PUB"", ""TYPE_OF_TRANSFORMATION"": ""IX""}}"
AUT,producer_price_index_quarterly_imf,2023-Q3,quarterly,119.52337305224569,\N,derived,IMF_PPI,IMF|ACCESS_SHARING_LEVEL=PUBLIC_OPEN|FREQUENCY=M|IFS_FLAG=true|INDICATOR=PPI|METHODOLOGY=PPI|OVERLAP=OL|REFERENCE_PERIOD=2010=100|SCALE=0|SECURITY_CLASSIFICATION=PUB|TYPE_OF_TRANSFORMATION=IX|aggregation=quarterly_mean,\N,"{""aggregation_method"": ""quarterly_mean"", ""source_derivation_types"": [""O"", ""O"", ""O""], ""source_months"": [""2023-M07"", ""2023-M08"", ""2023-M09""], ""source_observation_count"": 3, ""source_series_dimensions"": {""ACCESS_SHARING_LEVEL"": ""PUBLIC_OPEN"", ""COUNTRY"": ""AUT"", ""FREQUENCY"": ""M"", ""IFS_FLAG"": ""true"", ""INDICATOR"": ""PPI"", ""METHODOLOGY"": ""PPI"", ""OVERLAP"": ""OL"", ""REFERENCE_PERIOD"": ""2010=100"", ""SCALE"": ""0"", ""SECURITY_CLASSIFICATION"": ""PUB"", ""TYPE_OF_TRANSFORMATION"": ""IX""}}"
AUT,producer_price_index_quarterly_imf,2023-Q4,quarterly,119.69002583118078,\N,derived,IMF_PPI,IMF|ACCESS_SHARING_LEVEL=PUBLIC_OPEN|FREQUENCY=M|IFS_FLAG=true|INDICATOR=PPI|METHODOLOGY=PPI|OVERLAP=OL|REFERENCE_PERIOD=2010=100|SCALE=0|SECURITY_CLASSIFICATION=PUB|TYPE_OF_TRANSFORMATION=IX|aggregation=quarterly_mean,\N,"{""aggregation_method"": ""quarterly_mean"", ""source_derivation_types"": [""O"", ""O"", ""O""], ""source_months"": [""2023-M10"", ""2023-M11"", ""2023-M12""], ""source_observation_count"": 3, ""source_series_dimensions"": {""ACCESS_SHARING_LEVEL"": ""PUBLIC_OPEN"", ""COUNTRY"": ""AUT"", ""FREQUENCY"": ""M"", ""IFS_FLAG"": ""true"", ""INDICATOR"": ""PPI"", ""METHODOLOGY"": ""PPI"", ""OVERLAP"": ""OL"", ""REFERENCE_PERIOD"": ""2010=100"", ""SCALE"": ""0"", ""SECURITY_CLASSIFICATION"": ""PUB"", ""TYPE_OF_TRANSFORMATION"": ""IX""}}"
AUT,producer_price_index_quarterly_imf,2024-Q1,quarterly,117.4235480376636,\N,derived,IMF_PPI,IMF|ACCESS_SHARING_LEVEL=PUBLIC_OPEN|FREQUENCY=M|IFS_FLAG=true|INDICATOR=PPI|METHODOLOGY=PPI|OVERLAP=OL|REFERENCE_PERIOD=2010=100|SCALE=0|SECURITY_CLASSIFICATION=PUB|TYPE_OF_TRANSFORMATION=IX|aggregation=quarterly_mean,\N,"{""aggregation_method"": ""quarterly_mean"", ""source_derivation_types"": [""O"", ""O"", ""O""], ""source_months"": [""2024-M01"", ""2024-M02"", ""2024-M03""], ""source_observation_count"": 3, ""source_series_dimensions"": {""ACCESS_SHARING_LEVEL"": ""PUBLIC_OPEN"", ""COUNTRY"": ""AUT"", ""FREQUENCY"": ""M"", ""IFS_FLAG"": ""true"", ""INDICATOR"": ""PPI"", ""METHODOLOGY"": ""PPI"", ""OVERLAP"": ""OL"", ""REFERENCE_PERIOD"": ""2010=100"", ""SCALE"": ""0"", ""SECURITY_CLASSIFICATION"": ""PUB"", ""TYPE_OF_TRANSFORMATION"": ""IX""}}"
AUT,producer_price_index_quarterly_imf,2024-Q2,quarterly,116.72360636613621,\N,derived,IMF_PPI,IMF|ACCESS_SHARING_LEVEL=PUBLIC_OPEN|FREQUENCY=M|IFS_FLAG=true|INDICATOR=PPI|METHODOLOGY=PPI|OVERLAP=OL|REFERENCE_PERIOD=2010=100|SCALE=0|SECURITY_CLASSIFICATION=PUB|TYPE_OF_TRANSFORMATION=IX|aggregation=quarterly_mean,\N,"{""aggregation_method"": ""quarterly_mean"", ""source_derivation_types"": [""O"", ""O"", ""O""], ""source_months"": [""2024-M04"", ""2024-M05"", ""2024-M06""], ""source_observation_count"": 3, ""source_series_dimensions"": {""ACCESS_SHARING_LEVEL"": ""PUBLIC_OPEN"", ""COUNTRY"": ""AUT"", ""FREQUENCY"": ""M"", ""IFS_FLAG"": ""true"", ""INDICATOR"": ""PPI"", ""METHODOLOGY"": ""PPI"", ""OVERLAP"": ""OL"", ""REFERENCE_PERIOD"": ""2010=100"", ""SCALE"": ""0"", ""SECURITY_CLASSIFICATION"": ""PUB"", ""TYPE_OF_TRANSFORMATION"": ""IX""}}"
AUT,producer_price_index_quarterly_imf,2024-Q3,quarterly,116.9235897008583,\N,derived,IMF_PPI,IMF|ACCESS_SHARING_LEVEL=PUBLIC_OPEN|FREQUENCY=M|IFS_FLAG=true|INDICATOR=PPI|METHODOLOGY=PPI|OVERLAP=OL|REFERENCE_PERIOD=2010=100|SCALE=0|SECURITY_CLASSIFICATION=PUB|TYPE_OF_TRANSFORMATION=IX|aggregation=quarterly_mean,\N,"{""aggregation_method"": ""quarterly_mean"", ""source_derivation_types"": [""O"", ""O"", ""O""], ""source_months"": [""2024-M07"", ""2024-M08"", ""2024-M09""], ""source_observation_count"": 3, ""source_series_dimensions"": {""ACCESS_SHARING_LEVEL"": ""PUBLIC_OPEN"", ""COUNTRY"": ""AUT"", ""FREQUENCY"": ""M"", ""IFS_FLAG"": ""true"", ""INDICATOR"": ""PPI"", ""METHODOLOGY"": ""PPI"", ""OVERLAP"": ""OL"", ""REFERENCE_PERIOD"": ""2010=100"", ""SCALE"": ""0"", ""SECURITY_CLASSIFICATION"": ""PUB"", ""TYPE_OF_TRANSFORMATION"": ""IX""}}"
AUT,producer_price_index_quarterly_imf,2024-Q4,quarterly,117.52353970502463,\N,derived,IMF_PPI,IMF|ACCESS_SHARING_LEVEL=PUBLIC_OPEN|FREQUENCY=M|IFS_FLAG=true|INDICATOR=PPI|METHODOLOGY=PPI|OVERLAP=OL|REFERENCE_PERIOD=2010=100|SCALE=0|SECURITY_CLASSIFICATION=PUB|TYPE_OF_TRANSFORMATION=IX|aggregation=quarterly_mean,\N,"{""aggregation_method"": ""quarterly_mean"", ""source_derivation_types"": [""O"", ""O"", ""O""], ""source_months"": [""2024-M10"", ""2024-M11"", ""2024-M12""], ""source_observation_count"": 3, ""source_series_dimensions"": {""ACCESS_SHARING_LEVEL"": ""PUBLIC_OPEN"", ""COUNTRY"": ""AUT"", ""FREQUENCY"": ""M"", ""IFS_FLAG"": ""true"", ""INDICATOR"": ""PPI"", ""METHODOLOGY"": ""PPI"", ""OVERLAP"": ""OL"", ""REFERENCE_PERIOD"": ""2010=100"", ""SCALE"": ""0"", ""SECURITY_CLASSIFICATION"": ""PUB"", ""TYPE_OF_TRANSFORMATION"": ""IX""}}"
AZE,producer_price_index_quarterly_imf,2020-Q1,quarterly,169.4539625016257,\N,derived,IMF_PPI,IMF|ACCESS_SHARING_LEVEL=PUBLIC_OPEN|FREQUENCY=M|IFS_FLAG=true|INDICATOR=PPI|METHODOLOGY=PPI|OVERLAP=OL|REFERENCE_PERIOD=2010=100|SCALE=0|SECURITY_CLASSIFICATION=PUB|TYPE_OF_TRANSFORMATION=IX|aggregation=quarterly_mean,\N,"{""aggregation_method"": ""quarterly_mean"", ""source_derivation_types"": [""O"", ""O"", ""O""], ""source_months"": [""2020-M01"", ""2020-M02"", ""2020-M03""], ""source_observation_count"": 3, ""source_series_dimensions"": {""ACCESS_SHARING_LEVEL"": ""PUBLIC_OPEN"", ""COUNTRY"": ""AZE"", ""FREQUENCY"": ""M"", ""IFS_FLAG"": ""true"", ""INDICATOR"": ""PPI"", ""METHODOLOGY"": ""PPI"", ""OVERLAP"": ""OL"", ""REFERENCE_PERIOD"": ""2010=100"", ""SCALE"": ""0"", ""SECURITY_CLASSIFICATION"": ""PUB"", ""TYPE_OF_TRANSFORMATION"": ""IX""}}"
AZE,producer_price_index_quarterly_imf,2020-Q2,quarterly,113.55510084566198,\N,derived,IMF_PPI,IMF|ACCESS_SHARING_LEVEL=PUBLIC_OPEN|FREQUENCY=M|IFS_FLAG=true|INDICATOR=PPI|METHODOLOGY=PPI|OVERLAP=OL|REFERENCE_PERIOD=2010=100|SCALE=0|SECURITY_CLASSIFICATION=PUB|TYPE_OF_TRANSFORMATION=IX|aggregation=quarterly_mean,\N,"{""aggregation_method"": ""quarterly_mean"", ""source_derivation_types"": [""O"", ""O"", ""O""], ""source_months"": [""2020-M04"", ""2020-M05"", ""2020-M06""], ""source_observation_count"": 3, ""source_series_dimensions"": {""ACCESS_SHARING_LEVEL"": ""PUBLIC_OPEN"", ""COUNTRY"": ""AZE"", ""FREQUENCY"": ""M"", ""IFS_FLAG"": ""true"", ""INDICATOR"": ""PPI"", ""METHODOLOGY"": ""PPI"", ""OVERLAP"": ""OL"", ""REFERENCE_PERIOD"": ""2010=100"", ""SCALE"": ""0"", ""SECURITY_CLASSIFICATION"": ""PUB"", ""TYPE_OF_TRANSFORMATION"": ""IX""}}"
AZE,producer_price_index_quarterly_imf,2020-Q3,quarterly,160.57479652610607,\N,derived,IMF_PPI,IMF|ACCESS_SHARING_LEVEL=PUBLIC_OPEN|FREQUENCY=M|IFS_FLAG=true|INDICATOR=PPI|METHODOLOGY=PPI|OVERLAP=OL|REFERENCE_PERIOD=2010=100|SCALE=0|SECURITY_CLASSIFICATION=PUB|TYPE_OF_TRANSFORMATION=IX|aggregation=quarterly_mean,\N,"{""aggregation_method"": ""quarterly_mean"", ""source_derivation_types"": [""O"", ""O"", ""O""], ""source_months"": [""2020-M07"", ""2020-M08"", ""2020-M09""], ""source_observation_count"": 3, ""source_series_dimensions"": {""ACCESS_SHARING_LEVEL"": ""PUBLIC_OPEN"", ""COUNTRY"": ""AZE"", ""FREQUENCY"": ""M"", ""IFS_FLAG"": ""true"", ""INDICATOR"": ""PPI"", ""METHODOLOGY"": ""PPI"", ""OVERLAP"": ""OL"", ""REFERENCE_PERIOD"": ""2010=100"", ""SCALE"": ""0"", ""SECURITY_CLASSIFICATION"": ""PUB"", ""TYPE_OF_TRANSFORMATION"": ""IX""}}"
AZE,producer_price_index_quarterly_imf,2020-Q4,quarterly,161.2009935503045,\N,derived,IMF_PPI,IMF|ACCESS_SHARING_LEVEL=PUBLIC_OPEN|FREQUENCY=M|IFS_FLAG=true|INDICATOR=PPI|METHODOLOGY=PPI|OVERLAP=OL|REFERENCE_PERIOD=2010=100|SCALE=0|SECURITY_CLASSIFICATION=PUB|TYPE_OF_TRANSFORMATION=IX|aggregation=quarterly_mean,\N,"{""aggregation_method"": ""quarterly_mean"", ""source_derivation_types"": [""O"", ""O"", ""O""], ""source_months"": [""2020-M10"", ""2020-M11"", ""2020-M12""], ""source_observation_count"": 3, ""source_series_dimensions"": {""ACCESS_SHARING_LEVEL"": ""PUBLIC_OPEN"", ""COUNTRY"": ""AZE"", ""FREQUENCY"": ""M"", ""IFS_FLAG"": ""true"", ""INDICATOR"": ""PPI"", ""METHODOLOGY"": ""PPI"", ""OVERLAP"": ""OL"", ""REFERENCE_PERIOD"": ""2010=100"", ""SCALE"": ""0"", ""SECURITY_CLASSIFICATION"": ""PUB"", ""TYPE_OF_TRANSFORMATION"": ""IX""}}"
AZE,producer_price_index_quarterly_imf,2021-Q1,quarterly,206.3954440845998,\N,derived,IMF_PPI,IMF|ACCESS_SHARING_LEVEL=PUBLIC_OPEN|FREQUENCY=M|IFS_FLAG=true|INDICATOR=PPI|METHODOLOGY=PPI|OVERLAP=OL|REFERENCE_PERIOD=2010=100|SCALE=0|SECURITY_CLASSIFICATION=PUB|TYPE_OF_TRANSFORMATION=IX|aggregation=quarterly_mean,\N,"{""aggregation_method"": ""quarterly_mean"", ""source_derivation_types"": [""O"", ""O"", ""O""], ""source_months"": [""2021-M01"", ""2021-M02"", ""2021-M03""], ""source_observation_count"": 3, ""source_series_dimensions"": {""ACCESS_SHARING_LEVEL"": ""PUBLIC_OPEN"", ""COUNTRY"": ""AZE"", ""FREQUENCY"": ""M"", ""IFS_FLAG"": ""true"", ""INDICATOR"": ""PPI"", ""METHODOLOGY"": ""PPI"", ""OVERLAP"": ""OL"", ""REFERENCE_PERIOD"": ""2010=100"", ""SCALE"": ""0"", ""SECURITY_CLASSIFICATION"": ""PUB"", ""TYPE_OF_TRANSFORMATION"": ""IX""}}"
AZE,producer_price_index_quarterly_imf,2021-Q2,quarterly,228.77017963111902,\N,derived,IMF_PPI,IMF|ACCESS_SHARING_LEVEL=PUBLIC_OPEN|FREQUENCY=M|IFS_FLAG=true|INDICATOR=PPI|METHODOLOGY=PPI|OVERLAP=OL|REFERENCE_PERIOD=2010=100|SCALE=0|SECURITY_CLASSIFICATION=PUB|TYPE_OF_TRANSFORMATION=IX|aggregation=quarterly_mean,\N,"{""aggregation_method"": ""quarterly_mean"", ""source_derivation_types"": [""O"", ""O"", ""O""], ""source_months"": [""2021-M04"", ""2021-M05"", ""2021-M06""], ""source_observation_count"": 3, ""source_series_dimensions"": {""ACCESS_SHARING_LEVEL"": ""PUBLIC_OPEN"", ""COUNTRY"": ""AZE"", ""FREQUENCY"": ""M"", ""IFS_FLAG"": ""true"", ""INDICATOR"": ""PPI"", ""METHODOLOGY"": ""PPI"", ""OVERLAP"": ""OL"", ""REFERENCE_PERIOD"": ""2010=100"", ""SCALE"": ""0"", ""SECURITY_CLASSIFICATION"": ""PUB"", ""TYPE_OF_TRANSFORMATION"": ""IX""}}"
AZE,producer_price_index_quarterly_imf,2021-Q3,quarterly,245.88979311670678,\N,derived,IMF_PPI,IMF|ACCESS_SHARING_LEVEL=PUBLIC_OPEN|FREQUENCY=M|IFS_FLAG=true|INDICATOR=PPI|METHODOLOGY=PPI|OVERLAP=OL|REFERENCE_PERIOD=2010=100|SCALE=0|SECURITY_CLASSIFICATION=PUB|TYPE_OF_TRANSFORMATION=IX|aggregation=quarterly_mean,\N,"{""aggregation_method"": ""quarterly_mean"", ""source_derivation_types"": [""O"", ""O"", ""O""], ""source_months"": [""2021-M07"", ""2021-M08"", ""2021-M09""], ""source_observation_count"": 3, ""source_series_dimensions"": {""ACCESS_SHARING_LEVEL"": ""PUBLIC_OPEN"", ""COUNTRY"": ""AZE"", ""FREQUENCY"": ""M"", ""IFS_FLAG"": ""true"", ""INDICATOR"": ""PPI"", ""METHODOLOGY"": ""PPI"", ""OVERLAP"": ""OL"", ""REFERENCE_PERIOD"": ""2010=100"", ""SCALE"": ""0"", ""SECURITY_CLASSIFICATION"": ""PUB"", ""TYPE_OF_TRANSFORMATION"": ""IX""}}"
AZE,producer_price_index_quarterly_imf,2021-Q4,quarterly,344.65346730674884,\N,derived,IMF_PPI,IMF|ACCESS_SHARING_LEVEL=PUBLIC_OPEN|FREQUENCY=M|IFS_FLAG=true|INDICATOR=PPI|METHODOLOGY=PPI|OVERLAP=OL|REFERENCE_PERIOD=2010=100|SCALE=0|SECURITY_CLASSIFICATION=PUB|TYPE_OF_TRANSFORMATION=IX|aggregation=quarterly_mean,\N,"{""aggregation_method"": ""quarterly_mean"", ""source_derivation_types"": [""O"", ""O"", ""O""], ""source_months"": [""2021-M10"", ""2021-M11"", ""2021-M12""], ""source_observation_count"": 3, ""source_series_dimensions"": {""ACCESS_SHARING_LEVEL"": ""PUBLIC_OPEN"", ""COUNTRY"": ""AZE"", ""FREQUENCY"": ""M"", ""IFS_FLAG"": ""true"", ""INDICATOR"": ""PPI"", ""METHODOLOGY"": ""PPI"", ""OVERLAP"": ""OL"", ""REFERENCE_PERIOD"": ""2010=100"", ""SCALE"": ""0"", ""SECURITY_CLASSIFICATION"": ""PUB"", ""TYPE_OF_TRANSFORMATION"": ""IX""}}"
AZE,producer_price_index_quarterly_imf,2022-Q1,quarterly,455.16508891988207,\N,derived,IMF_PPI,IMF|ACCESS_SHARING_LEVEL=PUBLIC_OPEN|FREQUENCY=M|IFS_FLAG=true|INDICATOR=PPI|METHODOLOGY=PPI|OVERLAP=OL|REFERENCE_PERIOD=2010=100|SCALE=0|SECURITY_CLASSIFICATION=PUB|TYPE_OF_TRANSFORMATION=IX|aggregation=quarterly_mean,\N,"{""aggregation_method"": ""quarterly_mean"", ""source_derivation_types"": [""O"", ""O"", ""O""], ""source_months"": [""2022-M01"", ""2022-M02"", ""2022-M03""], ""source_observation_count"": 3, ""source_series_dimensions"": {""ACCESS_SHARING_LEVEL"": ""PUBLIC_OPEN"", ""COUNTRY"": ""AZE"", ""FREQUENCY"": ""M"", ""IFS_FLAG"": ""true"", ""INDICATOR"": ""PPI"", ""METHODOLOGY"": ""PPI"", ""OVERLAP"": ""OL"", ""REFERENCE_PERIOD"": ""2010=100"", ""SCALE"": ""0"", ""SECURITY_CLASSIFICATION"": ""PUB"", ""TYPE_OF_TRANSFORMATION"": ""IX""}}"
AZE,producer_price_index_quarterly_imf,2022-Q2,quarterly,508.02244287165496,\N,derived,IMF_PPI,IMF|ACCESS_SHARING_LEVEL=PUBLIC_OPEN|FREQUENCY=M|IFS_FLAG=true|INDICATOR=PPI|METHODOLOGY=PPI|OVERLAP=OL|REFERENCE_PERIOD=2010=100|SCALE=0|SECURITY_CLASSIFICATION=PUB|TYPE_OF_TRANSFORMATION=IX|aggregation=quarterly_mean,\N,"{""aggregation_method"": ""quarterly_mean"", ""source_derivation_types"": [""O"", ""O"", ""O""], ""source_months"": [""2022-M04"", ""2022-M05"", ""2022-M06""], ""source_observation_count"": 3, ""source_series_dimensions"": {""ACCESS_SHARING_LEVEL"": ""PUBLIC_OPEN"", ""COUNTRY"": ""AZE"", ""FREQUENCY"": ""M"", ""IFS_FLAG"": ""true"", ""INDICATOR"": ""PPI"", ""METHODOLOGY"": ""PPI"", ""OVERLAP"": ""OL"", ""REFERENCE_PERIOD"": ""2010=100"", ""SCALE"": ""0"", ""SECURITY_CLASSIFICATION"": ""PUB"", ""TYPE_OF_TRANSFORMATION"": ""IX""}}"
AZE,producer_price_index_quarterly_imf,2022-Q3,quarterly,481.08910176443396,\N,derived,IMF_PPI,IMF|ACCESS_SHARING_LEVEL=PUBLIC_OPEN|FREQUENCY=M|IFS_FLAG=true|INDICATOR=PPI|METHODOLOGY=PPI|OVERLAP=OL|REFERENCE_PERIOD=2010=100|SCALE=0|SECURITY_CLASSIFICATION=PUB|TYPE_OF_TRANSFORMATION=IX|aggregation=quarterly_mean,\N,"{""aggregation_method"": ""quarterly_mean"", ""source_derivation_types"": [""O"", ""O"", ""O""], ""source_months"": [""2022-M07"", ""2022-M08"", ""2022-M09""], ""source_observation_count"": 3, ""source_series_dimensions"": {""ACCESS_SHARING_LEVEL"": ""PUBLIC_OPEN"", ""COUNTRY"": ""AZE"", ""FREQUENCY"": ""M"", ""IFS_FLAG"": ""true"", ""INDICATOR"": ""PPI"", ""METHODOLOGY"": ""PPI"", ""OVERLAP"": ""OL"", ""REFERENCE_PERIOD"": ""2010=100"", ""SCALE"": ""0"", ""SECURITY_CLASSIFICATION"": ""PUB"", ""TYPE_OF_TRANSFORMATION"": ""IX""}}"
AZE,producer_price_index_quarterly_imf,2022-Q4,quarterly,446.1648629879496,\N,derived,IMF_PPI,IMF|ACCESS_SHARING_LEVEL=PUBLIC_OPEN|FREQUENCY=M|IFS_FLAG=true|INDICATOR=PPI|METHODOLOGY=PPI|OVERLAP=OL|REFERENCE_PERIOD=2010=100|SCALE=0|SECURITY_CLASSIFICATION=PUB|TYPE_OF_TRANSFORMATION=IX|aggregation=quarterly_mean,\N,"{""aggregation_method"": ""quarterly_mean"", ""source_derivation_types"": [""O"", ""O"", ""O""], ""source_months"": [""2022-M10"", ""2022-M11"", ""2022-M12""], ""source_observation_count"": 3, ""source_series_dimensions"": {""ACCESS_SHARING_LEVEL"": ""PUBLIC_OPEN"", ""COUNTRY"": ""AZE"", ""FREQUENCY"": ""M"", ""IFS_FLAG"": ""true"", ""INDICATOR"": ""PPI"", ""METHODOLOGY"": ""PPI"", ""OVERLAP"": ""OL"", ""REFERENCE_PERIOD"": ""2010=100"", ""SCALE"": ""0"", ""SECURITY_CLASSIFICATION"": ""PUB"", ""TYPE_OF_TRANSFORMATION"": ""IX""}}"
AZE,producer_price_index_quarterly_imf,2023-Q1,quarterly,414.936601150579,\N,derived,IMF_PPI,IMF|ACCESS_SHARING_LEVEL=PUBLIC_OPEN|FREQUENCY=M|IFS_FLAG=true|INDICATOR=PPI|METHODOLOGY=PPI|OVERLAP=OL|REFERENCE_PERIOD=2010=100|SCALE=0|SECURITY_CLASSIFICATION=PUB|TYPE_OF_TRANSFORMATION=IX|aggregation=quarterly_mean,\N,"{""aggregation_method"": ""quarterly_mean"", ""source_derivation_types"": [""O"", ""O"", ""O""], ""source_months"": [""2023-M01"", ""2023-M02"", ""2023-M03""], ""source_observation_count"": 3, ""source_series_dimensions"": {""ACCESS_SHARING_LEVEL"": ""PUBLIC_OPEN"", ""COUNTRY"": ""AZE"", ""FREQUENCY"": ""M"", ""IFS_FLAG"": ""true"", ""INDICATOR"": ""PPI"", ""METHODOLOGY"": ""PPI"", ""OVERLAP"": ""OL"", ""REFERENCE_PERIOD"": ""2010=100"", ""SCALE"": ""0"", ""SECURITY_CLASSIFICATION"": ""PUB"", ""TYPE_OF_TRANSFORMATION"": ""IX""}}"
AZE,producer_price_index_quarterly_imf,2023-Q2,quarterly,405.93073021941973,\N,derived,IMF_PPI,IMF|ACCESS_SHARING_LEVEL=PUBLIC_OPEN|FREQUENCY=M|IFS_FLAG=true|INDICATOR=PPI|METHODOLOGY=PPI|OVERLAP=OL|REFERENCE_PERIOD=2010=100|SCALE=0|SECURITY_CLASSIFICATION=PUB|TYPE_OF_TRANSFORMATION=IX|aggregation=quarterly_mean,\N,"{""aggregation_method"": ""quarterly_mean"", ""source_derivation_types"": [""O"", ""O"", ""O""], ""source_months"": [""2023-M04"", ""2023-M05"", ""2023-M06""], ""source_observation_count"": 3, ""source_series_dimensions"": {""ACCESS_SHARING_LEVEL"": ""PUBLIC_OPEN"", ""COUNTRY"": ""AZE"", ""FREQUENCY"": ""M"", ""IFS_FLAG"": ""true"", ""INDICATOR"": ""PPI"", ""METHODOLOGY"": ""PPI"", ""OVERLAP"": ""OL"", ""REFERENCE_PERIOD"": ""2010=100"", ""SCALE"": ""0"", ""SECURITY_CLASSIFICATION"": ""PUB"", ""TYPE_OF_TRANSFORMATION"": ""IX""}}"
AZE,producer_price_index_quarterly_imf,2023-Q3,quarterly,431.1100418468813,\N,derived,IMF_PPI,IMF|ACCESS_SHARING_LEVEL=PUBLIC_OPEN|FREQUENCY=M|IFS_FLAG=true|INDICATOR=PPI|METHODOLOGY=PPI|OVERLAP=OL|REFERENCE_PERIOD=2010=100|SCALE=0|SECURITY_CLASSIFICATION=PUB|TYPE_OF_TRANSFORMATION=IX|aggregation=quarterly_mean,\N,"{""aggregation_method"": ""quarterly_mean"", ""source_derivation_types"": [""O"", ""O"", ""O""], ""source_months"": [""2023-M07"", ""2023-M08"", ""2023-M09""], ""source_observation_count"": 3, ""source_series_dimensions"": {""ACCESS_SHARING_LEVEL"": ""PUBLIC_OPEN"", ""COUNTRY"": ""AZE"", ""FREQUENCY"": ""M"", ""IFS_FLAG"": ""true"", ""INDICATOR"": ""PPI"", ""METHODOLOGY"": ""PPI"", ""OVERLAP"": ""OL"", ""REFERENCE_PERIOD"": ""2010=100"", ""SCALE"": ""0"", ""SECURITY_CLASSIFICATION"": ""PUB"", ""TYPE_OF_TRANSFORMATION"": ""IX""}}"
AZE,producer_price_index_quarterly_imf,2023-Q4,quarterly,431.26497677416774,\N,derived,IMF_PPI,IMF|ACCESS_SHARING_LEVEL=PUBLIC_OPEN|FREQUENCY=M|IFS_FLAG=true|INDICATOR=PPI|METHODOLOGY=PPI|OVERLAP=OL|REFERENCE_PERIOD=2010=100|SCALE=0|SECURITY_CLASSIFICATION=PUB|TYPE_OF_TRANSFORMATION=IX|aggregation=quarterly_mean,\N,"{""aggregation_method"": ""quarterly_mean"", ""source_derivation_types"": [""O"", ""O"", ""O""], ""source_months"": [""2023-M10"", ""2023-M11"", ""2023-M12""], ""source_observation_count"": 3, ""source_series_dimensions"": {""ACCESS_SHARING_LEVEL"": ""PUBLIC_OPEN"", ""COUNTRY"": ""AZE"", ""FREQUENCY"": ""M"", ""IFS_FLAG"": ""true"", ""INDICATOR"": ""PPI"", ""METHODOLOGY"": ""PPI"", ""OVERLAP"": ""OL"", ""REFERENCE_PERIOD"": ""2010=100"", ""SCALE"": ""0"", ""SECURITY_CLASSIFICATION"": ""PUB"", ""TYPE_OF_TRANSFORMATION"": ""IX""}}"
AZE,producer_price_index_quarterly_imf,2024-Q1,quarterly,417.84716753056335,\N,derived,IMF_PPI,IMF|ACCESS_SHARING_LEVEL=PUBLIC_OPEN|FREQUENCY=M|IFS_FLAG=true|INDICATOR=PPI|METHODOLOGY=PPI|OVERLAP=OL|REFERENCE_PERIOD=2010=100|SCALE=0|SECURITY_CLASSIFICATION=PUB|TYPE_OF_TRANSFORMATION=IX|aggregation=quarterly_mean,\N,"{""aggregation_method"": ""quarterly_mean"", ""source_derivation_types"": [""O"", ""O"", ""O""], ""source_months"": [""2024-M01"", ""2024-M02"", ""2024-M03""], ""source_observation_count"": 3, ""source_series_dimensions"": {""ACCESS_SHARING_LEVEL"": ""PUBLIC_OPEN"", ""COUNTRY"": ""AZE"", ""FREQUENCY"": ""M"", ""IFS_FLAG"": ""true"", ""INDICATOR"": ""PPI"", ""METHODOLOGY"": ""PPI"", ""OVERLAP"": ""OL"", ""REFERENCE_PERIOD"": ""2010=100"", ""SCALE"": ""0"", ""SECURITY_CLASSIFICATION"": ""PUB"", ""TYPE_OF_TRANSFORMATION"": ""IX""}}"
AZE,producer_price_index_quarterly_imf,2024-Q2,quarterly,440.3625712237046,\N,derived,IMF_PPI,IMF|ACCESS_SHARING_LEVEL=PUBLIC_OPEN|FREQUENCY=M|IFS_FLAG=true|INDICATOR=PPI|METHODOLOGY=PPI|OVERLAP=OL|REFERENCE_PERIOD=2010=100|SCALE=0|SECURITY_CLASSIFICATION=PUB|TYPE_OF_TRANSFORMATION=IX|aggregation=quarterly_mean,\N,"{""aggregation_method"": ""quarterly_mean"", ""source_derivation_types"": [""O"", ""O"", ""O""], ""source_months"": [""2024-M04"", ""2024-M05"", ""2024-M06""], ""source_observation_count"": 3, ""source_series_dimensions"": {""ACCESS_SHARING_LEVEL"": ""PUBLIC_OPEN"", ""COUNTRY"": ""AZE"", ""FREQUENCY"": ""M"", ""IFS_FLAG"": ""true"", ""INDICATOR"": ""PPI"", ""METHODOLOGY"": ""PPI"", ""OVERLAP"": ""OL"", ""REFERENCE_PERIOD"": ""2010=100"", ""SCALE"": ""0"", ""SECURITY_CLASSIFICATION"": ""PUB"", ""TYPE_OF_TRANSFORMATION"": ""IX""}}"
BEL,producer_price_index_quarterly_imf,2020-Q1,quarterly,115.83710407239823,\N,derived,IMF_PPI,IMF|ACCESS_SHARING_LEVEL=PUBLIC_OPEN|FREQUENCY=M|IFS_FLAG=true|INDICATOR=PPI|METHODOLOGY=PPI|OVERLAP=OL|REFERENCE_PERIOD=2010=100|SCALE=0|SECURITY_CLASSIFICATION=PUB|TYPE_OF_TRANSFORMATION=IX|aggregation=quarterly_mean,\N,"{""aggregation_method"": ""quarterly_mean"", ""source_derivation_types"": [""O"", ""O"", ""O""], ""source_months"": [""2020-M01"", ""2020-M02"", ""2020-M03""], ""source_observation_count"": 3, ""source_series_dimensions"": {""ACCESS_SHARING_LEVEL"": ""PUBLIC_OPEN"", ""COUNTRY"": ""BEL"", ""FREQUENCY"": ""M"", ""IFS_FLAG"": ""true"", ""INDICATOR"": ""PPI"", ""METHODOLOGY"": ""PPI"", ""OVERLAP"": ""OL"", ""REFERENCE_PERIOD"": ""2010=100"", ""SCALE"": ""0"", ""SECURITY_CLASSIFICATION"": ""PUB"", ""TYPE_OF_TRANSFORMATION"": ""IX""}}"
BEL,producer_price_index_quarterly_imf,2020-Q2,quarterly,109.12702792186298,\N,derived,IMF_PPI,IMF|ACCESS_SHARING_LEVEL=PUBLIC_OPEN|FREQUENCY=M|IFS_FLAG=true|INDICATOR=PPI|METHODOLOGY=PPI|OVERLAP=OL|REFERENCE_PERIOD=2010=100|SCALE=0|SECURITY_CLASSIFICATION=PUB|TYPE_OF_TRANSFORMATION=IX|aggregation=quarterly_mean,\N,"{""aggregation_method"": ""quarterly_mean"", ""source_derivation_types"": [""O"", ""O"", ""O""], ""source_months"": [""2020-M04"", ""2020-M05"", ""2020-M06""], ""source_observation_count"": 3, ""source_series_dimensions"": {""ACCESS_SHARING_LEVEL"": ""PUBLIC_OPEN"", ""COUNTRY"": ""BEL"", ""FREQUENCY"": ""M"", ""IFS_FLAG"": ""true"", ""INDICATOR"": ""PPI"", ""METHODOLOGY"": ""PPI"", ""OVERLAP"": ""OL"", ""REFERENCE_PERIOD"": ""2010=100"", ""SCALE"": ""0"", ""SECURITY_CLASSIFICATION"": ""PUB"", ""TYPE_OF_TRANSFORMATION"": ""IX""}}"
BEL,producer_price_index_quarterly_imf,2020-Q3,quarterly,111.59916124048124,\N,derived,IMF_PPI,IMF|ACCESS_SHARING_LEVEL=PUBLIC_OPEN|FREQUENCY=M|IFS_FLAG=true|INDICATOR=PPI|METHODOLOGY=PPI|OVERLAP=OL|REFERENCE_PERIOD=2010=100|SCALE=0|SECURITY_CLASSIFICATION=PUB|TYPE_OF_TRANSFORMATION=IX|aggregation=quarterly_mean,\N,"{""aggregation_method"": ""quarterly_mean"", ""source_derivation_types"": [""O"", ""O"", ""O""], ""source_months"": [""2020-M07"", ""2020-M08"", ""2020-M09""], ""source_observation_count"": 3, ""source_series_dimensions"": {""ACCESS_SHARING_LEVEL"": ""PUBLIC_OPEN"", ""COUNTRY"": ""BEL"", ""FREQUENCY"": ""M"", ""IFS_FLAG"": ""true"", ""INDICATOR"": ""PPI"", ""METHODOLOGY"": ""PPI"", ""OVERLAP"": ""OL"", ""REFERENCE_PERIOD"": ""2010=100"", ""SCALE"": ""0"", ""SECURITY_CLASSIFICATION"": ""PUB"", ""TYPE_OF_TRANSFORMATION"": ""IX""}}"
BEL,producer_price_index_quarterly_imf,2020-Q4,quarterly,114.91005407791636,\N,derived,IMF_PPI,IMF|ACCESS_SHARING_LEVEL=PUBLIC_OPEN|FREQUENCY=M|IFS_FLAG=true|INDICATOR=PPI|METHODOLOGY=PPI|OVERLAP=OL|REFERENCE_PERIOD=2010=100|SCALE=0|SECURITY_CLASSIFICATION=PUB|TYPE_OF_TRANSFORMATION=IX|aggregation=quarterly_mean,\N,"{""aggregation_method"": ""quarterly_mean"", ""source_derivation_types"": [""O"", ""O"", ""O""], ""source_months"": [""2020-M10"", ""2020-M11"", ""2020-M12""], ""source_observation_count"": 3, ""source_series_dimensions"": {""ACCESS_SHARING_LEVEL"": ""PUBLIC_OPEN"", ""COUNTRY"": ""BEL"", ""FREQUENCY"": ""M"", ""IFS_FLAG"": ""true"", ""INDICATOR"": ""PPI"", ""METHODOLOGY"": ""PPI"", ""OVERLAP"": ""OL"", ""REFERENCE_PERIOD"": ""2010=100"", ""SCALE"": ""0"", ""SECURITY_CLASSIFICATION"": ""PUB"", ""TYPE_OF_TRANSFORMATION"": ""IX""}}"
BEL,producer_price_index_quarterly_imf,2021-Q1,quarterly,121.66427546628414,\N,derived,IMF_PPI,IMF|ACCESS_SHARING_LEVEL=PUBLIC_OPEN|FREQUENCY=M|IFS_FLAG=true|INDICATOR=PPI|METHODOLOGY=PPI|OVERLAP=OL|REFERENCE_PERIOD=2010=100|SCALE=0|SECURITY_CLASSIFICATION=PUB|TYPE_OF_TRANSFORMATION=IX|aggregation=quarterly_mean,\N,"{""aggregation_method"": ""quarterly_mean"", ""source_derivation_types"": [""O"", ""O"", ""O""], ""source_months"": [""2021-M01"", ""2021-M02"", ""2021-M03""], ""source_observation_count"": 3, ""source_series_dimensions"": {""ACCESS_SHARING_LEVEL"": ""PUBLIC_OPEN"", ""COUNTRY"": ""BEL"", ""FREQUENCY"": ""M"", ""IFS_FLAG"": ""true"", ""INDICATOR"": ""PPI"", ""METHODOLOGY"": ""PPI"", ""OVERLAP"": ""OL"", ""REFERENCE_PERIOD"": ""2010=100"", ""SCALE"": ""0"", ""SECURITY_CLASSIFICATION"": ""PUB"", ""TYPE_OF_TRANSFORMATION"": ""IX""}}"
BEL,producer_price_index_quarterly_imf,2021-Q2,quarterly,127.71217304933232,\N,derived,IMF_PPI,IMF|ACCESS_SHARING_LEVEL=PUBLIC_OPEN|FREQUENCY=M|IFS_FLAG=true|INDICATOR=PPI|METHODOLOGY=PPI|OVERLAP=OL|REFERENCE_PERIOD=2010=100|SCALE=0|SECURITY_CLASSIFICATION=PUB|TYPE_OF_TRANSFORMATION=IX|aggregation=quarterly_mean,\N,"{""aggregation_method"": ""quarterly_mean"", ""source_derivation_types"": [""O"", ""O"", ""O""], ""source_months"": [""2021-M04"", ""2021-M05"", ""2021-M06""], ""source_observation_count"": 3, ""source_series_dimensions"": {""ACCESS_SHARING_LEVEL"": ""PUBLIC_OPEN"", ""COUNTRY"": ""BEL"", ""FREQUENCY"": ""M"", ""IFS_FLAG"": ""true"", ""INDICATOR"": ""PPI"", ""METHODOLOGY"": ""PPI"", ""OVERLAP"": ""OL"", ""REFERENCE_PERIOD"": ""2010=100"", ""SCALE"": ""0"", ""SECURITY_CLASSIFICATION"": ""PUB"", ""TYPE_OF_TRANSFORMATION"": ""IX""}}"
BEL,producer_price_index_quarterly_imf,2021-Q3,quarterly,134.15737777287276,\N,derived,IMF_PPI,IMF|ACCESS_SHARING_LEVEL=PUBLIC_OPEN|FREQUENCY=M|IFS_FLAG=true|INDICATOR=PPI|METHODOLOGY=PPI|OVERLAP=OL|REFERENCE_PERIOD=2010=100|SCALE=0|SECURITY_CLASSIFICATION=PUB|TYPE_OF_TRANSFORMATION=IX|aggregation=quarterly_mean,\N,"{""aggregation_method"": ""quarterly_mean"", ""source_derivation_types"": [""O"", ""O"", ""O""], ""source_months"": [""2021-M07"", ""2021-M08"", ""2021-M09""], ""source_observation_count"": 3, ""source_series_dimensions"": {""ACCESS_SHARING_LEVEL"": ""PUBLIC_OPEN"", ""COUNTRY"": ""BEL"", ""FREQUENCY"": ""M"", ""IFS_FLAG"": ""true"", ""INDICATOR"": ""PPI"", ""METHODOLOGY"": ""PPI"", ""OVERLAP"": ""OL"", ""REFERENCE_PERIOD"": ""2010=100"", ""SCALE"": ""0"", ""SECURITY_CLASSIFICATION"": ""PUB"", ""TYPE_OF_TRANSFORMATION"": ""IX""}}"
BEL,producer_price_index_quarterly_imf,2021-Q4,quarterly,146.20902770113676,\N,derived,IMF_PPI,IMF|ACCESS_SHARING_LEVEL=PUBLIC_OPEN|FREQUENCY=M|IFS_FLAG=true|INDICATOR=PPI|METHODOLOGY=PPI|OVERLAP=OL|REFERENCE_PERIOD=2010=100|SCALE=0|SECURITY_CLASSIFICATION=PUB|TYPE_OF_TRANSFORMATION=IX|aggregation=quarterly_mean,\N,"{""aggregation_method"": ""quarterly_mean"", ""source_derivation_types"": [""O"", ""O"", ""O""], ""source_months"": [""2021-M10"", ""2021-M11"", ""2021-M12""], ""source_observation_count"": 3, ""source_series_dimensions"": {""ACCESS_SHARING_LEVEL"": ""PUBLIC_OPEN"", ""COUNTRY"": ""BEL"", ""FREQUENCY"": ""M"", ""IFS_FLAG"": ""true"", ""INDICATOR"": ""PPI"", ""METHODOLOGY"": ""PPI"", ""OVERLAP"": ""OL"", ""REFERENCE_PERIOD"": ""2010=100"", ""SCALE"": ""0"", ""SECURITY_CLASSIFICATION"": ""PUB"", ""TYPE_OF_TRANSFORMATION"": ""IX""}}"
BEL,producer_price_index_quarterly_imf,2022-Q1,quarterly,160.73281094801902,\N,derived,IMF_PPI,IMF|ACCESS_SHARING_LEVEL=PUBLIC_OPEN|FREQUENCY=M|IFS_FLAG=true|INDICATOR=PPI|METHODOLOGY=PPI|OVERLAP=OL|REFERENCE_PERIOD=2010=100|SCALE=0|SECURITY_CLASSIFICATION=PUB|TYPE_OF_TRANSFORMATION=IX|aggregation=quarterly_mean,\N,"{""aggregation_method"": ""quarterly_mean"", ""source_derivation_types"": [""O"", ""O"", ""O""], ""source_months"": [""2022-M01"", ""2022-M02"", ""2022-M03""], ""source_observation_count"": 3, ""source_series_dimensions"": {""ACCESS_SHARING_LEVEL"": ""PUBLIC_OPEN"", ""COUNTRY"": ""BEL"", ""FREQUENCY"": ""M"", ""IFS_FLAG"": ""true"", ""INDICATOR"": ""PPI"", ""METHODOLOGY"": ""PPI"", ""OVERLAP"": ""OL"", ""REFERENCE_PERIOD"": ""2010=100"", ""SCALE"": ""0"", ""SECURITY_CLASSIFICATION"": ""PUB"", ""TYPE_OF_TRANSFORMATION"": ""IX""}}"
BEL,producer_price_index_quarterly_imf,2022-Q2,quarterly,171.72497516830376,\N,derived,IMF_PPI,IMF|ACCESS_SHARING_LEVEL=PUBLIC_OPEN|FREQUENCY=M|IFS_FLAG=true|INDICATOR=PPI|METHODOLOGY=PPI|OVERLAP=OL|REFERENCE_PERIOD=2010=100|SCALE=0|SECURITY_CLASSIFICATION=PUB|TYPE_OF_TRANSFORMATION=IX|aggregation=quarterly_mean,\N,"{""aggregation_method"": ""quarterly_mean"", ""source_derivation_types"": [""O"", ""O"", ""O""], ""source_months"": [""2022-M04"", ""2022-M05"", ""2022-M06""], ""source_observation_count"": 3, ""source_series_dimensions"": {""ACCESS_SHARING_LEVEL"": ""PUBLIC_OPEN"", ""COUNTRY"": ""BEL"", ""FREQUENCY"": ""M"", ""IFS_FLAG"": ""true"", ""INDICATOR"": ""PPI"", ""METHODOLOGY"": ""PPI"", ""OVERLAP"": ""OL"", ""REFERENCE_PERIOD"": ""2010=100"", ""SCALE"": ""0"", ""SECURITY_CLASSIFICATION"": ""PUB"", ""TYPE_OF_TRANSFORMATION"": ""IX""}}"
BEL,producer_price_index_quarterly_imf,2022-Q3,quarterly,176.93411323253508,\N,derived,IMF_PPI,IMF|ACCESS_SHARING_LEVEL=PUBLIC_OPEN|FREQUENCY=M|IFS_FLAG=true|INDICATOR=PPI|METHODOLOGY=PPI|OVERLAP=OL|REFERENCE_PERIOD=2010=100|SCALE=0|SECURITY_CLASSIFICATION=PUB|TYPE_OF_TRANSFORMATION=IX|aggregation=quarterly_mean,\N,"{""aggregation_method"": ""quarterly_mean"", ""source_derivation_types"": [""O"", ""O"", ""O""], ""source_months"": [""2022-M07"", ""2022-M08"", ""2022-M09""], ""source_observation_count"": 3, ""source_series_dimensions"": {""ACCESS_SHARING_LEVEL"": ""PUBLIC_OPEN"", ""COUNTRY"": ""BEL"", ""FREQUENCY"": ""M"", ""IFS_FLAG"": ""true"", ""INDICATOR"": ""PPI"", ""METHODOLOGY"": ""PPI"", ""OVERLAP"": ""OL"", ""REFERENCE_PERIOD"": ""2010=100"", ""SCALE"": ""0"", ""SECURITY_CLASSIFICATION"": ""PUB"", ""TYPE_OF_TRANSFORMATION"": ""IX""}}"
BEL,producer_price_index_quarterly_imf,2022-Q4,quarterly,179.7152632159806,\N,derived,IMF_PPI,IMF|ACCESS_SHARING_LEVEL=PUBLIC_OPEN|FREQUENCY=M|IFS_FLAG=true|INDICATOR=PPI|METHODOLOGY=PPI|OVERLAP=OL|REFERENCE_PERIOD=2010=100|SCALE=0|SECURITY_CLASSIFICATION=PUB|TYPE_OF_TRANSFORMATION=IX|aggregation=quarterly_mean,\N,"{""aggregation_method"": ""quarterly_mean"", ""source_derivation_types"": [""O"", ""O"", ""O""], ""source_months"": [""2022-M10"", ""2022-M11"", ""2022-M12""], ""source_observation_count"": 3, ""source_series_dimensions"": {""ACCESS_SHARING_LEVEL"": ""PUBLIC_OPEN"", ""COUNTRY"": ""BEL"", ""FREQUENCY"": ""M"", ""IFS_FLAG"": ""true"", ""INDICATOR"": ""PPI"", ""METHODOLOGY"": ""PPI"", ""OVERLAP"": ""OL"", ""REFERENCE_PERIOD"": ""2010=100"", ""SCALE"": ""0"", ""SECURITY_CLASSIFICATION"": ""PUB"", ""TYPE_OF_TRANSFORMATION"": ""IX""}}"
BEL,producer_price_index_quarterly_imf,2023-Q1,quarterly,172.3871537357908,\N,derived,IMF_PPI,IMF|ACCESS_SHARING_LEVEL=PUBLIC_OPEN|FREQUENCY=M|IFS_FLAG=true|INDICATOR=PPI|METHODOLOGY=PPI|OVERLAP=OL|REFERENCE_PERIOD=2010=100|SCALE=0|SECURITY_CLASSIFICATION=PUB|TYPE_OF_TRANSFORMATION=IX|aggregation=quarterly_mean,\N,"{""aggregation_method"": ""quarterly_mean"", ""source_derivation_types"": [""O"", ""O"", ""O""], ""source_months"": [""2023-M01"", ""2023-M02"", ""2023-M03""], ""source_observation_count"": 3, ""source_series_dimensions"": {""ACCESS_SHARING_LEVEL"": ""PUBLIC_OPEN"", ""COUNTRY"": ""BEL"", ""FREQUENCY"": ""M"", ""IFS_FLAG"": ""true"", ""INDICATOR"": ""PPI"", ""METHODOLOGY"": ""PPI"", ""OVERLAP"": ""OL"", ""REFERENCE_PERIOD"": ""2010=100"", ""SCALE"": ""0"", ""SECURITY_CLASSIFICATION"": ""PUB"", ""TYPE_OF_TRANSFORMATION"": ""IX""}}"
BEL,producer_price_index_quarterly_imf,2023-Q2,quarterly,159.27601809954754,\N,derived,IMF_PPI,IMF|ACCESS_SHARING_LEVEL=PUBLIC_OPEN|FREQUENCY=M|IFS_FLAG=true|INDICATOR=PPI|METHODOLOGY=PPI|OVERLAP=OL|REFERENCE_PERIOD=2010=100|SCALE=0|SECURITY_CLASSIFICATION=PUB|TYPE_OF_TRANSFORMATION=IX|aggregation=quarterly_mean,\N,"{""aggregation_method"": ""quarterly_mean"", ""source_derivation_types"": [""O"", ""O"", ""O""], ""source_months"": [""2023-M04"", ""2023-M05"", ""2023-M06""], ""source_observation_count"": 3, ""source_series_dimensions"": {""ACCESS_SHARING_LEVEL"": ""PUBLIC_OPEN"", ""COUNTRY"": ""BEL"", ""FREQUENCY"": ""M"", ""IFS_FLAG"": ""true"", ""INDICATOR"": ""PPI"", ""METHODOLOGY"": ""PPI"", ""OVERLAP"": ""OL"", ""REFERENCE_PERIOD"": ""2010=100"", ""SCALE"": ""0"", ""SECURITY_CLASSIFICATION"": ""PUB"", ""TYPE_OF_TRANSFORMATION"": ""IX""}}"
BEL,producer_price_index_quarterly_imf,2023-Q3,quarterly,157.9516609645735,\N,derived,IMF_PPI,IMF|ACCESS_SHARING_LEVEL=PUBLIC_OPEN|FREQUENCY=M|IFS_FLAG=true|INDICATOR=PPI|METHODOLOGY=PPI|OVERLAP=OL|REFERENCE_PERIOD=2010=100|SCALE=0|SECURITY_CLASSIFICATION=PUB|TYPE_OF_TRANSFORMATION=IX|aggregation=quarterly_mean,\N,"{""aggregation_method"": ""quarterly_mean"", ""source_derivation_types"": [""O"", ""O"", ""O""], ""source_months"": [""2023-M07"", ""2023-M08"", ""2023-M09""], ""source_observation_count"": 3, ""source_series_dimensions"": {""ACCESS_SHARING_LEVEL"": ""PUBLIC_OPEN"", ""COUNTRY"": ""BEL"", ""FREQUENCY"": ""M"", ""IFS_FLAG"": ""true"", ""INDICATOR"": ""PPI"", ""METHODOLOGY"": ""PPI"", ""OVERLAP"": ""OL"", ""REFERENCE_PERIOD"": ""2010=100"", ""SCALE"": ""0"", ""SECURITY_CLASSIFICATION"": ""PUB"", ""TYPE_OF_TRANSFORMATION"": ""IX""}}"
BEL,producer_price_index_quarterly_imf,2023-Q4,quarterly,157.68678953757865,\N,derived,IMF_PPI,IMF|ACCESS_SHARING_LEVEL=PUBLIC_OPEN|FREQUENCY=M|IFS_FLAG=true|INDICATOR=PPI|METHODOLOGY=PPI|OVERLAP=OL|REFERENCE_PERIOD=2010=100|SCALE=0|SECURITY_CLASSIFICATION=PUB|TYPE_OF_TRANSFORMATION=IX|aggregation=quarterly_mean,\N,"{""aggregation_method"": ""quarterly_mean"", ""source_derivation_types"": [""O"", ""O"", ""O""], ""source_months"": [""2023-M10"", ""2023-M11"", ""2023-M12""], ""source_observation_count"": 3, ""source_series_dimensions"": {""ACCESS_SHARING_LEVEL"": ""PUBLIC_OPEN"", ""COUNTRY"": ""BEL"", ""FREQUENCY"": ""M"", ""IFS_FLAG"": ""true"", ""INDICATOR"": ""PPI"", ""METHODOLOGY"": ""PPI"", ""OVERLAP"": ""OL"", ""REFERENCE_PERIOD"": ""2010=100"", ""SCALE"": ""0"", ""SECURITY_CLASSIFICATION"": ""PUB"", ""TYPE_OF_TRANSFORMATION"": ""IX""}}"
BEL,producer_price_index_quarterly_imf,2024-Q1,quarterly,154.68491336497075,\N,derived,IMF_PPI,IMF|ACCESS_SHARING_LEVEL=PUBLIC_OPEN|FREQUENCY=M|IFS_FLAG=true|INDICATOR=PPI|METHODOLOGY=PPI|OVERLAP=OL|REFERENCE_PERIOD=2010=100|SCALE=0|SECURITY_CLASSIFICATION=PUB|TYPE_OF_TRANSFORMATION=IX|aggregation=quarterly_mean,\N,"{""aggregation_method"": ""quarterly_mean"", ""source_derivation_types"": [""O"", ""O"", ""O""], ""source_months"": [""2024-M01"", ""2024-M02"", ""2024-M03""], ""source_observation_count"": 3, ""source_series_dimensions"": {""ACCESS_SHARING_LEVEL"": ""PUBLIC_OPEN"", ""COUNTRY"": ""BEL"", ""FREQUENCY"": ""M"", ""IFS_FLAG"": ""true"", ""INDICATOR"": ""PPI"", ""METHODOLOGY"": ""PPI"", ""OVERLAP"": ""OL"", ""REFERENCE_PERIOD"": ""2010=100"", ""SCALE"": ""0"", ""SECURITY_CLASSIFICATION"": ""PUB"", ""TYPE_OF_TRANSFORMATION"": ""IX""}}"
BEL,producer_price_index_quarterly_imf,2024-Q2,quarterly,155.96512526211242,\N,derived,IMF_PPI,IMF|ACCESS_SHARING_LEVEL=PUBLIC_OPEN|FREQUENCY=M|IFS_FLAG=true|INDICATOR=PPI|METHODOLOGY=PPI|OVERLAP=OL|REFERENCE_PERIOD=2010=100|SCALE=0|SECURITY_CLASSIFICATION=PUB|TYPE_OF_TRANSFORMATION=IX|aggregation=quarterly_mean,\N,"{""aggregation_method"": ""quarterly_mean"", ""source_derivation_types"": [""O"", ""O"", ""O""], ""source_months"": [""2024-M04"", ""2024-M05"", ""2024-M06""], ""source_observation_count"": 3, ""source_series_dimensions"": {""ACCESS_SHARING_LEVEL"": ""PUBLIC_OPEN"", ""COUNTRY"": ""BEL"", ""FREQUENCY"": ""M"", ""IFS_FLAG"": ""true"", ""INDICATOR"": ""PPI"", ""METHODOLOGY"": ""PPI"", ""OVERLAP"": ""OL"", ""REFERENCE_PERIOD"": ""2010=100"", ""SCALE"": ""0"", ""SECURITY_CLASSIFICATION"": ""PUB"", ""TYPE_OF_TRANSFORMATION"": ""IX""}}"
BEL,producer_price_index_quarterly_imf,2024-Q3,quarterly,155.87683478644746,\N,derived,IMF_PPI,IMF|ACCESS_SHARING_LEVEL=PUBLIC_OPEN|FREQUENCY=M|IFS_FLAG=true|INDICATOR=PPI|METHODOLOGY=PPI|OVERLAP=OL|REFERENCE_PERIOD=2010=100|SCALE=0|SECURITY_CLASSIFICATION=PUB|TYPE_OF_TRANSFORMATION=IX|aggregation=quarterly_mean,\N,"{""aggregation_method"": ""quarterly_mean"", ""source_derivation_types"": [""O"", ""O"", ""O""], ""source_months"": [""2024-M07"", ""2024-M08"", ""2024-M09""], ""source_observation_count"": 3, ""source_series_dimensions"": {""ACCESS_SHARING_LEVEL"": ""PUBLIC_OPEN"", ""COUNTRY"": ""BEL"", ""FREQUENCY"": ""M"", ""IFS_FLAG"": ""true"", ""INDICATOR"": ""PPI"", ""METHODOLOGY"": ""PPI"", ""OVERLAP"": ""OL"", ""REFERENCE_PERIOD"": ""2010=100"", ""SCALE"": ""0"", ""SECURITY_CLASSIFICATION"": ""PUB"", ""TYPE_OF_TRANSFORMATION"": ""IX""}}"
BEL,producer_price_index_quarterly_imf,2024-Q4,quarterly,157.995806202406,\N,derived,IMF_PPI,IMF|ACCESS_SHARING_LEVEL=PUBLIC_OPEN|FREQUENCY=M|IFS_FLAG=true|INDICATOR=PPI|METHODOLOGY=PPI|OVERLAP=OL|REFERENCE_PERIOD=2010=100|SCALE=0|SECURITY_CLASSIFICATION=PUB|TYPE_OF_TRANSFORMATION=IX|aggregation=quarterly_mean,\N,"{""aggregation_method"": ""quarterly_mean"", ""source_derivation_types"": [""O"", ""O"", ""O""], ""source_months"": [""2024-M10"", ""2024-M11"", ""2024-M12""], ""source_observation_count"": 3, ""source_series_dimensions"": {""ACCESS_SHARING_LEVEL"": ""PUBLIC_OPEN"", ""COUNTRY"": ""BEL"", ""FREQUENCY"": ""M"", ""IFS_FLAG"": ""true"", ""INDICATOR"": ""PPI"", ""METHODOLOGY"": ""PPI"", ""OVERLAP"": ""OL"", ""REFERENCE_PERIOD"": ""2010=100"", ""SCALE"": ""0"", ""SECURITY_CLASSIFICATION"": ""PUB"", ""TYPE_OF_TRANSFORMATION"": ""IX""}}"
BGR,producer_price_index_quarterly_imf,2020-Q1,quarterly,118.12917594654789,\N,derived,IMF_PPI,IMF|ACCESS_SHARING_LEVEL=PUBLIC_OPEN|FREQUENCY=M|IFS_FLAG=true|INDICATOR=PPI|METHODOLOGY=PPI|OVERLAP=OL|REFERENCE_PERIOD=2010=100|SCALE=0|SECURITY_CLASSIFICATION=PUB|TYPE_OF_TRANSFORMATION=IX|aggregation=quarterly_mean,\N,"{""aggregation_method"": ""quarterly_mean"", ""source_derivation_types"": [""O"", ""O"", ""O""], ""source_months"": [""2020-M01"", ""2020-M02"", ""2020-M03""], ""source_observation_count"": 3, ""source_series_dimensions"": {""ACCESS_SHARING_LEVEL"": ""PUBLIC_OPEN"", ""COUNTRY"": ""BGR"", ""FREQUENCY"": ""M"", ""IFS_FLAG"": ""true"", ""INDICATOR"": ""PPI"", ""METHODOLOGY"": ""PPI"", ""OVERLAP"": ""OL"", ""REFERENCE_PERIOD"": ""2010=100"", ""SCALE"": ""0"", ""SECURITY_CLASSIFICATION"": ""PUB"", ""TYPE_OF_TRANSFORMATION"": ""IX""}}"
BGR,producer_price_index_quarterly_imf,2020-Q2,quarterly,112.65033407572382,\N,derived,IMF_PPI,IMF|ACCESS_SHARING_LEVEL=PUBLIC_OPEN|FREQUENCY=M|IFS_FLAG=true|INDICATOR=PPI|METHODOLOGY=PPI|OVERLAP=OL|REFERENCE_PERIOD=2010=100|SCALE=0|SECURITY_CLASSIFICATION=PUB|TYPE_OF_TRANSFORMATION=IX|aggregation=quarterly_mean,\N,"{""aggregation_method"": ""quarterly_mean"", ""source_derivation_types"": [""O"", ""O"", ""O""], ""source_months"": [""2020-M04"", ""2020-M05"", ""2020-M06""], ""source_observation_count"": 3, ""source_series_dimensions"": {""ACCESS_SHARING_LEVEL"": ""PUBLIC_OPEN"", ""COUNTRY"": ""BGR"", ""FREQUENCY"": ""M"", ""IFS_FLAG"": ""true"", ""INDICATOR"": ""PPI"", ""METHODOLOGY"": ""PPI"", ""OVERLAP"": ""OL"", ""REFERENCE_PERIOD"": ""2010=100"", ""SCALE"": ""0"", ""SECURITY_CLASSIFICATION"": ""PUB"", ""TYPE_OF_TRANSFORMATION"": ""IX""}}"
BGR,producer_price_index_quarterly_imf,2020-Q3,quarterly,115.54565701559021,\N,derived,IMF_PPI,IMF|ACCESS_SHARING_LEVEL=PUBLIC_OPEN|FREQUENCY=M|IFS_FLAG=true|INDICATOR=PPI|METHODOLOGY=PPI|OVERLAP=OL|REFERENCE_PERIOD=2010=100|SCALE=0|SECURITY_CLASSIFICATION=PUB|TYPE_OF_TRANSFORMATION=IX|aggregation=quarterly_mean,\N,"{""aggregation_method"": ""quarterly_mean"", ""source_derivation_types"": [""O"", ""O"", ""O""], ""source_months"": [""2020-M07"", ""2020-M08"", ""2020-M09""], ""source_observation_count"": 3, ""source_series_dimensions"": {""ACCESS_SHARING_LEVEL"": ""PUBLIC_OPEN"", ""COUNTRY"": ""BGR"", ""FREQUENCY"": ""M"", ""IFS_FLAG"": ""true"", ""INDICATOR"": ""PPI"", ""METHODOLOGY"": ""PPI"", ""OVERLAP"": ""OL"", ""REFERENCE_PERIOD"": ""2010=100"", ""SCALE"": ""0"", ""SECURITY_CLASSIFICATION"": ""PUB"", ""TYPE_OF_TRANSFORMATION"": ""IX""}}"
BGR,producer_price_index_quarterly_imf,2020-Q4,quarterly,117.06013363028957,\N,derived,IMF_PPI,IMF|ACCESS_SHARING_LEVEL=PUBLIC_OPEN|FREQUENCY=M|IFS_FLAG=true|INDICATOR=PPI|METHODOLOGY=PPI|OVERLAP=OL|REFERENCE_PERIOD=2010=100|SCALE=0|SECURITY_CLASSIFICATION=PUB|TYPE_OF_TRANSFORMATION=IX|aggregation=quarterly_mean,\N,"{""aggregation_method"": ""quarterly_mean"", ""source_derivation_types"": [""O"", ""O"", ""O""], ""source_months"": [""2020-M10"", ""2020-M11"", ""2020-M12""], ""source_observation_count"": 3, ""source_series_dimensions"": {""ACCESS_SHARING_LEVEL"": ""PUBLIC_OPEN"", ""COUNTRY"": ""BGR"", ""FREQUENCY"": ""M"", ""IFS_FLAG"": ""true"", ""INDICATOR"": ""PPI"", ""METHODOLOGY"": ""PPI"", ""OVERLAP"": ""OL"", ""REFERENCE_PERIOD"": ""2010=100"", ""SCALE"": ""0"", ""SECURITY_CLASSIFICATION"": ""PUB"", ""TYPE_OF_TRANSFORMATION"": ""IX""}}"
BGR,producer_price_index_quarterly_imf,2021-Q1,quarterly,122.36080178173721,\N,derived,IMF_PPI,IMF|ACCESS_SHARING_LEVEL=PUBLIC_OPEN|FREQUENCY=M|IFS_FLAG=true|INDICATOR=PPI|METHODOLOGY=PPI|OVERLAP=OL|REFERENCE_PERIOD=2010=100|SCALE=0|SECURITY_CLASSIFICATION=PUB|TYPE_OF_TRANSFORMATION=IX|aggregation=quarterly_mean,\N,"{""aggregation_method"": ""quarterly_mean"", ""source_derivation_types"": [""O"", ""O"", ""O""], ""source_months"": [""2021-M01"", ""2021-M02"", ""2021-M03""], ""source_observation_count"": 3, ""source_series_dimensions"": {""ACCESS_SHARING_LEVEL"": ""PUBLIC_OPEN"", ""COUNTRY"": ""BGR"", ""FREQUENCY"": ""M"", ""IFS_FLAG"": ""true"", ""INDICATOR"": ""PPI"", ""METHODOLOGY"": ""PPI"", ""OVERLAP"": ""OL"", ""REFERENCE_PERIOD"": ""2010=100"", ""SCALE"": ""0"", ""SECURITY_CLASSIFICATION"": ""PUB"", ""TYPE_OF_TRANSFORMATION"": ""IX""}}"
BGR,producer_price_index_quarterly_imf,2021-Q2,quarterly,126.32516703786193,\N,derived,IMF_PPI,IMF|ACCESS_SHARING_LEVEL=PUBLIC_OPEN|FREQUENCY=M|IFS_FLAG=true|INDICATOR=PPI|METHODOLOGY=PPI|OVERLAP=OL|REFERENCE_PERIOD=2010=100|SCALE=0|SECURITY_CLASSIFICATION=PUB|TYPE_OF_TRANSFORMATION=IX|aggregation=quarterly_mean,\N,"{""aggregation_method"": ""quarterly_mean"", ""source_derivation_types"": [""O"", ""O"", ""O""], ""source_months"": [""2021-M04"", ""2021-M05"", ""2021-M06""], ""source_observation_count"": 3, ""source_series_dimensions"": {""ACCESS_SHARING_LEVEL"": ""PUBLIC_OPEN"", ""COUNTRY"": ""BGR"", ""FREQUENCY"": ""M"", ""IFS_FLAG"": ""true"", ""INDICATOR"": ""PPI"", ""METHODOLOGY"": ""PPI"", ""OVERLAP"": ""OL"", ""REFERENCE_PERIOD"": ""2010=100"", ""SCALE"": ""0"", ""SECURITY_CLASSIFICATION"": ""PUB"", ""TYPE_OF_TRANSFORMATION"": ""IX""}}"
BGR,producer_price_index_quarterly_imf,2021-Q3,quarterly,135.45657015590203,\N,derived,IMF_PPI,IMF|ACCESS_SHARING_LEVEL=PUBLIC_OPEN|FREQUENCY=M|IFS_FLAG=true|INDICATOR=PPI|METHODOLOGY=PPI|OVERLAP=OL|REFERENCE_PERIOD=2010=100|SCALE=0|SECURITY_CLASSIFICATION=PUB|TYPE_OF_TRANSFORMATION=IX|aggregation=quarterly_mean,\N,"{""aggregation_method"": ""quarterly_mean"", ""source_derivation_types"": [""O"", ""O"", ""O""], ""source_months"": [""2021-M07"", ""2021-M08"", ""2021-M09""], ""source_observation_count"": 3, ""source_series_dimensions"": {""ACCESS_SHARING_LEVEL"": ""PUBLIC_OPEN"", ""COUNTRY"": ""BGR"", ""FREQUENCY"": ""M"", ""IFS_FLAG"": ""true"", ""INDICATOR"": ""PPI"", ""METHODOLOGY"": ""PPI"", ""OVERLAP"": ""OL"", ""REFERENCE_PERIOD"": ""2010=100"", ""SCALE"": ""0"", ""SECURITY_CLASSIFICATION"": ""PUB"", ""TYPE_OF_TRANSFORMATION"": ""IX""}}"
BGR,producer_price_index_quarterly_imf,2021-Q4,quarterly,150.33407572383075,\N,derived,IMF_PPI,IMF|ACCESS_SHARING_LEVEL=PUBLIC_OPEN|FREQUENCY=M|IFS_FLAG=true|INDICATOR=PPI|METHODOLOGY=PPI|OVERLAP=OL|REFERENCE_PERIOD=2010=100|SCALE=0|SECURITY_CLASSIFICATION=PUB|TYPE_OF_TRANSFORMATION=IX|aggregation=quarterly_mean,\N,"{""aggregation_method"": ""quarterly_mean"", ""source_derivation_types"": [""O"", ""O"", ""O""], ""source_months"": [""2021-M10"", ""2021-M11"", ""2021-M12""], ""source_observation_count"": 3, ""source_series_dimensions"": {""ACCESS_SHARING_LEVEL"": ""PUBLIC_OPEN"", ""COUNTRY"": ""BGR"", ""FREQUENCY"": ""M"", ""IFS_FLAG"": ""true"", ""INDICATOR"": ""PPI"", ""METHODOLOGY"": ""PPI"", ""OVERLAP"": ""OL"", ""REFERENCE_PERIOD"": ""2010=100"", ""SCALE"": ""0"", ""SECURITY_CLASSIFICATION"": ""PUB"", ""TYPE_OF_TRANSFORMATION"": ""IX""}}"
BGR,producer_price_index_quarterly_imf,2022-Q1,quarterly,163.02895322939867,\N,derived,IMF_PPI,IMF|ACCESS_SHARING_LEVEL=PUBLIC_OPEN|FREQUENCY=M|IFS_FLAG=true|INDICATOR=PPI|METHODOLOGY=PPI|OVERLAP=OL|REFERENCE_PERIOD=2010=100|SCALE=0|SECURITY_CLASSIFICATION=PUB|TYPE_OF_TRANSFORMATION=IX|aggregation=quarterly_mean,\N,"{""aggregation_method"": ""quarterly_mean"", ""source_derivation_types"": [""O"", ""O"", ""O""], ""source_months"": [""2022-M01"", ""2022-M02"", ""2022-M03""], ""source_observation_count"": 3, ""source_series_dimensions"": {""ACCESS_SHARING_LEVEL"": ""PUBLIC_OPEN"", ""COUNTRY"": ""BGR"", ""FREQUENCY"": ""M"", ""IFS_FLAG"": ""true"", ""INDICATOR"": ""PPI"", ""METHODOLOGY"": ""PPI"", ""OVERLAP"": ""OL"", ""REFERENCE_PERIOD"": ""2010=100"", ""SCALE"": ""0"", ""SECURITY_CLASSIFICATION"": ""PUB"", ""TYPE_OF_TRANSFORMATION"": ""IX""}}"
BGR,producer_price_index_quarterly_imf,2022-Q2,quarterly,176.2583518930958,\N,derived,IMF_PPI,IMF|ACCESS_SHARING_LEVEL=PUBLIC_OPEN|FREQUENCY=M|IFS_FLAG=true|INDICATOR=PPI|METHODOLOGY=PPI|OVERLAP=OL|REFERENCE_PERIOD=2010=100|SCALE=0|SECURITY_CLASSIFICATION=PUB|TYPE_OF_TRANSFORMATION=IX|aggregation=quarterly_mean,\N,"{""aggregation_method"": ""quarterly_mean"", ""source_derivation_types"": [""O"", ""O"", ""O""], ""source_months"": [""2022-M04"", ""2022-M05"", ""2022-M06""], ""source_observation_count"": 3, ""source_series_dimensions"": {""ACCESS_SHARING_LEVEL"": ""PUBLIC_OPEN"", ""COUNTRY"": ""BGR"", ""FREQUENCY"": ""M"", ""IFS_FLAG"": ""true"", ""INDICATOR"": ""PPI"", ""METHODOLOGY"": ""PPI"", ""OVERLAP"": ""OL"", ""REFERENCE_PERIOD"": ""2010=100"", ""SCALE"": ""0"", ""SECURITY_CLASSIFICATION"": ""PUB"", ""TYPE_OF_TRANSFORMATION"": ""IX""}}"
BGR,producer_price_index_quarterly_imf,2022-Q3,quarterly,201.95991091314033,\N,derived,IMF_PPI,IMF|ACCESS_SHARING_LEVEL=PUBLIC_OPEN|FREQUENCY=M|IFS_FLAG=true|INDICATOR=PPI|METHODOLOGY=PPI|OVERLAP=OL|REFERENCE_PERIOD=2010=100|SCALE=0|SECURITY_CLASSIFICATION=PUB|TYPE_OF_TRANSFORMATION=IX|aggregation=quarterly_mean,\N,"{""aggregation_method"": ""quarterly_mean"", ""source_derivation_types"": [""O"", ""O"", ""O""], ""source_months"": [""2022-M07"", ""2022-M08"", ""2022-M09""], ""source_observation_count"": 3, ""source_series_dimensions"": {""ACCESS_SHARING_LEVEL"": ""PUBLIC_OPEN"", ""COUNTRY"": ""BGR"", ""FREQUENCY"": ""M"", ""IFS_FLAG"": ""true"", ""INDICATOR"": ""PPI"", ""METHODOLOGY"": ""PPI"", ""OVERLAP"": ""OL"", ""REFERENCE_PERIOD"": ""2010=100"", ""SCALE"": ""0"", ""SECURITY_CLASSIFICATION"": ""PUB"", ""TYPE_OF_TRANSFORMATION"": ""IX""}}"
BGR,producer_price_index_quarterly_imf,2022-Q4,quarterly,192.60579064587975,\N,derived,IMF_PPI,IMF|ACCESS_SHARING_LEVEL=PUBLIC_OPEN|FREQUENCY=M|IFS_FLAG=true|INDICATOR=PPI|METHODOLOGY=PPI|OVERLAP=OL|REFERENCE_PERIOD=2010=100|SCALE=0|SECURITY_CLASSIFICATION=PUB|TYPE_OF_TRANSFORMATION=IX|aggregation=quarterly_mean,\N,"{""aggregation_method"": ""quarterly_mean"", ""source_derivation_types"": [""O"", ""O"", ""O""], ""source_months"": [""2022-M10"", ""2022-M11"", ""2022-M12""], ""source_observation_count"": 3, ""source_series_dimensions"": {""ACCESS_SHARING_LEVEL"": ""PUBLIC_OPEN"", ""COUNTRY"": ""BGR"", ""FREQUENCY"": ""M"", ""IFS_FLAG"": ""true"", ""INDICATOR"": ""PPI"", ""METHODOLOGY"": ""PPI"", ""OVERLAP"": ""OL"", ""REFERENCE_PERIOD"": ""2010=100"", ""SCALE"": ""0"", ""SECURITY_CLASSIFICATION"": ""PUB"", ""TYPE_OF_TRANSFORMATION"": ""IX""}}"
BGR,producer_price_index_quarterly_imf,2023-Q1,quarterly,177.728285077951,\N,derived,IMF_PPI,IMF|ACCESS_SHARING_LEVEL=PUBLIC_OPEN|FREQUENCY=M|IFS_FLAG=true|INDICATOR=PPI|METHODOLOGY=PPI|OVERLAP=OL|REFERENCE_PERIOD=2010=100|SCALE=0|SECURITY_CLASSIFICATION=PUB|TYPE_OF_TRANSFORMATION=IX|aggregation=quarterly_mean,\N,"{""aggregation_method"": ""quarterly_mean"", ""source_derivation_types"": [""O"", ""O"", ""O""], ""source_months"": [""2023-M01"", ""2023-M02"", ""2023-M03""], ""source_observation_count"": 3, ""source_series_dimensions"": {""ACCESS_SHARING_LEVEL"": ""PUBLIC_OPEN"", ""COUNTRY"": ""BGR"", ""FREQUENCY"": ""M"", ""IFS_FLAG"": ""true"", ""INDICATOR"": ""PPI"", ""METHODOLOGY"": ""PPI"", ""OVERLAP"": ""OL"", ""REFERENCE_PERIOD"": ""2010=100"", ""SCALE"": ""0"", ""SECURITY_CLASSIFICATION"": ""PUB"", ""TYPE_OF_TRANSFORMATION"": ""IX""}}"
BGR,producer_price_index_quarterly_imf,2023-Q2,quarterly,163.74164810690425,\N,derived,IMF_PPI,IMF|ACCESS_SHARING_LEVEL=PUBLIC_OPEN|FREQUENCY=M|IFS_FLAG=true|INDICATOR=PPI|METHODOLOGY=PPI|OVERLAP=OL|REFERENCE_PERIOD=2010=100|SCALE=0|SECURITY_CLASSIFICATION=PUB|TYPE_OF_TRANSFORMATION=IX|aggregation=quarterly_mean,\N,"{""aggregation_method"": ""quarterly_mean"", ""source_derivation_types"": [""O"", ""O"", ""O""], ""source_months"": [""2023-M04"", ""2023-M05"", ""2023-M06""], ""source_observation_count"": 3, ""source_series_dimensions"": {""ACCESS_SHARING_LEVEL"": ""PUBLIC_OPEN"", ""COUNTRY"": ""BGR"", ""FREQUENCY"": ""M"", ""IFS_FLAG"": ""true"", ""INDICATOR"": ""PPI"", ""METHODOLOGY"": ""PPI"", ""OVERLAP"": ""OL"", ""REFERENCE_PERIOD"": ""2010=100"", ""SCALE"": ""0"", ""SECURITY_CLASSIFICATION"": ""PUB"", ""TYPE_OF_TRANSFORMATION"": ""IX""}}"
BGR,producer_price_index_quarterly_imf,2023-Q3,quarterly,162.8062360801782,\N,derived,IMF_PPI,IMF|ACCESS_SHARING_LEVEL=PUBLIC_OPEN|FREQUENCY=M|IFS_FLAG=true|INDICATOR=PPI|METHODOLOGY=PPI|OVERLAP=OL|REFERENCE_PERIOD=2010=100|SCALE=0|SECURITY_CLASSIFICATION=PUB|TYPE_OF_TRANSFORMATION=IX|aggregation=quarterly_mean,\N,"{""aggregation_method"": ""quarterly_mean"", ""source_derivation_types"": [""O"", ""O"", ""O""], ""source_months"": [""2023-M07"", ""2023-M08"", ""2023-M09""], ""source_observation_count"": 3, ""source_series_dimensions"": {""ACCESS_SHARING_LEVEL"": ""PUBLIC_OPEN"", ""COUNTRY"": ""BGR"", ""FREQUENCY"": ""M"", ""IFS_FLAG"": ""true"", ""INDICATOR"": ""PPI"", ""METHODOLOGY"": ""PPI"", ""OVERLAP"": ""OL"", ""REFERENCE_PERIOD"": ""2010=100"", ""SCALE"": ""0"", ""SECURITY_CLASSIFICATION"": ""PUB"", ""TYPE_OF_TRANSFORMATION"": ""IX""}}"
BGR,producer_price_index_quarterly_imf,2023-Q4,quarterly,163.38530066815144,\N,derived,IMF_PPI,IMF|ACCESS_SHARING_LEVEL=PUBLIC_OPEN|FREQUENCY=M|IFS_FLAG=true|INDICATOR=PPI|METHODOLOGY=PPI|OVERLAP=OL|REFERENCE_PERIOD=2010=100|SCALE=0|SECURITY_CLASSIFICATION=PUB|TYPE_OF_TRANSFORMATION=IX|aggregation=quarterly_mean,\N,"{""aggregation_method"": ""quarterly_mean"", ""source_derivation_types"": [""O"", ""O"", ""O""], ""source_months"": [""2023-M10"", ""2023-M11"", ""2023-M12""], ""source_observation_count"": 3, ""source_series_dimensions"": {""ACCESS_SHARING_LEVEL"": ""PUBLIC_OPEN"", ""COUNTRY"": ""BGR"", ""FREQUENCY"": ""M"", ""IFS_FLAG"": ""true"", ""INDICATOR"": ""PPI"", ""METHODOLOGY"": ""PPI"", ""OVERLAP"": ""OL"", ""REFERENCE_PERIOD"": ""2010=100"", ""SCALE"": ""0"", ""SECURITY_CLASSIFICATION"": ""PUB"", ""TYPE_OF_TRANSFORMATION"": ""IX""}}"
BGR,producer_price_index_quarterly_imf,2024-Q1,quarterly,158.88641425389753,\N,derived,IMF_PPI,IMF|ACCESS_SHARING_LEVEL=PUBLIC_OPEN|FREQUENCY=M|IFS_FLAG=true|INDICATOR=PPI|METHODOLOGY=PPI|OVERLAP=OL|REFERENCE_PERIOD=2010=100|SCALE=0|SECURITY_CLASSIFICATION=PUB|TYPE_OF_TRANSFORMATION=IX|aggregation=quarterly_mean,\N,"{""aggregation_method"": ""quarterly_mean"", ""source_derivation_types"": [""O"", ""O"", ""O""], ""source_months"": [""2024-M01"", ""2024-M02"", ""2024-M03""], ""source_observation_count"": 3, ""source_series_dimensions"": {""ACCESS_SHARING_LEVEL"": ""PUBLIC_OPEN"", ""COUNTRY"": ""BGR"", ""FREQUENCY"": ""M"", ""IFS_FLAG"": ""true"", ""INDICATOR"": ""PPI"", ""METHODOLOGY"": ""PPI"", ""OVERLAP"": ""OL"", ""REFERENCE_PERIOD"": ""2010=100"", ""SCALE"": ""0"", ""SECURITY_CLASSIFICATION"": ""PUB"", ""TYPE_OF_TRANSFORMATION"": ""IX""}}"
BGR,producer_price_index_quarterly_imf,2024-Q2,quarterly,159.46547884187086,\N,derived,IMF_PPI,IMF|ACCESS_SHARING_LEVEL=PUBLIC_OPEN|FREQUENCY=M|IFS_FLAG=true|INDICATOR=PPI|METHODOLOGY=PPI|OVERLAP=OL|REFERENCE_PERIOD=2010=100|SCALE=0|SECURITY_CLASSIFICATION=PUB|TYPE_OF_TRANSFORMATION=IX|aggregation=quarterly_mean,\N,"{""aggregation_method"": ""quarterly_mean"", ""source_derivation_types"": [""O"", ""O"", ""O""], ""source_months"": [""2024-M04"", ""2024-M05"", ""2024-M06""], ""source_observation_count"": 3, ""source_series_dimensions"": {""ACCESS_SHARING_LEVEL"": ""PUBLIC_OPEN"", ""COUNTRY"": ""BGR"", ""FREQUENCY"": ""M"", ""IFS_FLAG"": ""true"", ""INDICATOR"": ""PPI"", ""METHODOLOGY"": ""PPI"", ""OVERLAP"": ""OL"", ""REFERENCE_PERIOD"": ""2010=100"", ""SCALE"": ""0"", ""SECURITY_CLASSIFICATION"": ""PUB"", ""TYPE_OF_TRANSFORMATION"": ""IX""}}"
BGR,producer_price_index_quarterly_imf,2024-Q3,quarterly,163.91982182628064,\N,derived,IMF_PPI,IMF|ACCESS_SHARING_LEVEL=PUBLIC_OPEN|FREQUENCY=M|IFS_FLAG=true|INDICATOR=PPI|METHODOLOGY=PPI|OVERLAP=OL|REFERENCE_PERIOD=2010=100|SCALE=0|SECURITY_CLASSIFICATION=PUB|TYPE_OF_TRANSFORMATION=IX|aggregation=quarterly_mean,\N,"{""aggregation_method"": ""quarterly_mean"", ""source_derivation_types"": [""O"", ""O"", ""O""], ""source_months"": [""2024-M07"", ""2024-M08"", ""2024-M09""], ""source_observation_count"": 3, ""source_series_dimensions"": {""ACCESS_SHARING_LEVEL"": ""PUBLIC_OPEN"", ""COUNTRY"": ""BGR"", ""FREQUENCY"": ""M"", ""IFS_FLAG"": ""true"", ""INDICATOR"": ""PPI"", ""METHODOLOGY"": ""PPI"", ""OVERLAP"": ""OL"", ""REFERENCE_PERIOD"": ""2010=100"", ""SCALE"": ""0"", ""SECURITY_CLASSIFICATION"": ""PUB"", ""TYPE_OF_TRANSFORMATION"": ""IX""}}"
BGR,producer_price_index_quarterly_imf,2024-Q4,quarterly,166.14699331848556,\N,derived,IMF_PPI,IMF|ACCESS_SHARING_LEVEL=PUBLIC_OPEN|FREQUENCY=M|IFS_FLAG=true|INDICATOR=PPI|METHODOLOGY=PPI|OVERLAP=OL|REFERENCE_PERIOD=2010=100|SCALE=0|SECURITY_CLASSIFICATION=PUB|TYPE_OF_TRANSFORMATION=IX|aggregation=quarterly_mean,\N,"{""aggregation_method"": ""quarterly_mean"", ""source_derivation_types"": [""O"", ""O"", ""O""], ""source_months"": [""2024-M10"", ""2024-M11"", ""2024-M12""], ""source_observation_count"": 3, ""source_series_dimensions"": {""ACCESS_SHARING_LEVEL"": ""PUBLIC_OPEN"", ""COUNTRY"": ""BGR"", ""FREQUENCY"": ""M"", ""IFS_FLAG"": ""true"", ""INDICATOR"": ""PPI"", ""METHODOLOGY"": ""PPI"", ""OVERLAP"": ""OL"", ""REFERENCE_PERIOD"": ""2010=100"", ""SCALE"": ""0"", ""SECURITY_CLASSIFICATION"": ""PUB"", ""TYPE_OF_TRANSFORMATION"": ""IX""}}"
BIH,producer_price_index_quarterly_imf,2020-Q1,quarterly,107.64689944806857,\N,derived,IMF_PPI,IMF|ACCESS_SHARING_LEVEL=PUBLIC_OPEN|FREQUENCY=M|IFS_FLAG=true|INDICATOR=PPI|METHODOLOGY=PPI|OVERLAP=OL|REFERENCE_PERIOD=2010=100|SCALE=0|SECURITY_CLASSIFICATION=PUB|TYPE_OF_TRANSFORMATION=IX|aggregation=quarterly_mean,\N,"{""aggregation_method"": ""quarterly_mean"", ""source_derivation_types"": [""O"", ""O"", ""O""], ""source_months"": [""2020-M01"", ""2020-M02"", ""2020-M03""], ""source_observation_count"": 3, ""source_series_dimensions"": {""ACCESS_SHARING_LEVEL"": ""PUBLIC_OPEN"", ""COUNTRY"": ""BIH"", ""FREQUENCY"": ""M"", ""IFS_FLAG"": ""true"", ""INDICATOR"": ""PPI"", ""METHODOLOGY"": ""PPI"", ""OVERLAP"": ""OL"", ""REFERENCE_PERIOD"": ""2010=100"", ""SCALE"": ""0"", ""SECURITY_CLASSIFICATION"": ""PUB"", ""TYPE_OF_TRANSFORMATION"": ""IX""}}"
BIH,producer_price_index_quarterly_imf,2020-Q2,quarterly,106.64569351991138,\N,derived,IMF_PPI,IMF|ACCESS_SHARING_LEVEL=PUBLIC_OPEN|FREQUENCY=M|IFS_FLAG=true|INDICATOR=PPI|METHODOLOGY=PPI|OVERLAP=OL|REFERENCE_PERIOD=2010=100|SCALE=0|SECURITY_CLASSIFICATION=PUB|TYPE_OF_TRANSFORMATION=IX|aggregation=quarterly_mean,\N,"{""aggregation_method"": ""quarterly_mean"", ""source_derivation_types"": [""O"", ""O"", ""O""], ""source_months"": [""2020-M04"", ""2020-M05"", ""2020-M06""], ""source_observation_count"": 3, ""source_series_dimensions"": {""ACCESS_SHARING_LEVEL"": ""PUBLIC_OPEN"", ""COUNTRY"": ""BIH"", ""FREQUENCY"": ""M"", ""IFS_FLAG"": ""true"", ""INDICATOR"": ""PPI"", ""METHODOLOGY"": ""PPI"", ""OVERLAP"": ""OL"", ""REFERENCE_PERIOD"": ""2010=100"", ""SCALE"": ""0"", ""SECURITY_CLASSIFICATION"": ""PUB"", ""TYPE_OF_TRANSFORMATION"": ""IX""}}"
BIH,producer_price_index_quarterly_imf,2020-Q3,quarterly,106.50759615051037,\N,derived,IMF_PPI,IMF|ACCESS_SHARING_LEVEL=PUBLIC_OPEN|FREQUENCY=M|IFS_FLAG=true|INDICATOR=PPI|METHODOLOGY=PPI|OVERLAP=OL|REFERENCE_PERIOD=2010=100|SCALE=0|SECURITY_CLASSIFICATION=PUB|TYPE_OF_TRANSFORMATION=IX|aggregation=quarterly_mean,\N,"{""aggregation_method"": ""quarterly_mean"", ""source_derivation_types"": [""O"", ""O"", ""O""], ""source_months"": [""2020-M07"", ""2020-M08"", ""2020-M09""], ""source_observation_count"": 3, ""source_series_dimensions"": {""ACCESS_SHARING_LEVEL"": ""PUBLIC_OPEN"", ""COUNTRY"": ""BIH"", ""FREQUENCY"": ""M"", ""IFS_FLAG"": ""true"", ""INDICATOR"": ""PPI"", ""METHODOLOGY"": ""PPI"", ""OVERLAP"": ""OL"", ""REFERENCE_PERIOD"": ""2010=100"", ""SCALE"": ""0"", ""SECURITY_CLASSIFICATION"": ""PUB"", ""TYPE_OF_TRANSFORMATION"": ""IX""}}"
BIH,producer_price_index_quarterly_imf,2020-Q4,quarterly,107.05998562811426,\N,derived,IMF_PPI,IMF|ACCESS_SHARING_LEVEL=PUBLIC_OPEN|FREQUENCY=M|IFS_FLAG=true|INDICATOR=PPI|METHODOLOGY=PPI|OVERLAP=OL|REFERENCE_PERIOD=2010=100|SCALE=0|SECURITY_CLASSIFICATION=PUB|TYPE_OF_TRANSFORMATION=IX|aggregation=quarterly_mean,\N,"{""aggregation_method"": ""quarterly_mean"", ""source_derivation_types"": [""O"", ""O"", ""O""], ""source_months"": [""2020-M10"", ""2020-M11"", ""2020-M12""], ""source_observation_count"": 3, ""source_series_dimensions"": {""ACCESS_SHARING_LEVEL"": ""PUBLIC_OPEN"", ""COUNTRY"": ""BIH"", ""FREQUENCY"": ""M"", ""IFS_FLAG"": ""true"", ""INDICATOR"": ""PPI"", ""METHODOLOGY"": ""PPI"", ""OVERLAP"": ""OL"", ""REFERENCE_PERIOD"": ""2010=100"", ""SCALE"": ""0"", ""SECURITY_CLASSIFICATION"": ""PUB"", ""TYPE_OF_TRANSFORMATION"": ""IX""}}"
BIH,producer_price_index_quarterly_imf,2021-Q1,quarterly,109.45258769325493,\N,derived,IMF_PPI,IMF|ACCESS_SHARING_LEVEL=PUBLIC_OPEN|FREQUENCY=M|IFS_FLAG=true|INDICATOR=PPI|METHODOLOGY=PPI|OVERLAP=OL|REFERENCE_PERIOD=2010=100|SCALE=0|SECURITY_CLASSIFICATION=PUB|TYPE_OF_TRANSFORMATION=IX|aggregation=quarterly_mean,\N,"{""aggregation_method"": ""quarterly_mean"", ""source_derivation_types"": [""O"", ""O"", ""O""], ""source_months"": [""2021-M01"", ""2021-M02"", ""2021-M03""], ""source_observation_count"": 3, ""source_series_dimensions"": {""ACCESS_SHARING_LEVEL"": ""PUBLIC_OPEN"", ""COUNTRY"": ""BIH"", ""FREQUENCY"": ""M"", ""IFS_FLAG"": ""true"", ""INDICATOR"": ""PPI"", ""METHODOLOGY"": ""PPI"", ""OVERLAP"": ""OL"", ""REFERENCE_PERIOD"": ""2010=100"", ""SCALE"": ""0"", ""SECURITY_CLASSIFICATION"": ""PUB"", ""TYPE_OF_TRANSFORMATION"": ""IX""}}"
BIH,producer_price_index_quarterly_imf,2021-Q2,quarterly,111.3416554822307,\N,derived,IMF_PPI,IMF|ACCESS_SHARING_LEVEL=PUBLIC_OPEN|FREQUENCY=M|IFS_FLAG=true|INDICATOR=PPI|METHODOLOGY=PPI|OVERLAP=OL|REFERENCE_PERIOD=2010=100|SCALE=0|SECURITY_CLASSIFICATION=PUB|TYPE_OF_TRANSFORMATION=IX|aggregation=quarterly_mean,\N,"{""aggregation_method"": ""quarterly_mean"", ""source_derivation_types"": [""O"", ""O"", ""O""], ""source_months"": [""2021-M04"", ""2021-M05"", ""2021-M06""], ""source_observation_count"": 3, ""source_series_dimensions"": {""ACCESS_SHARING_LEVEL"": ""PUBLIC_OPEN"", ""COUNTRY"": ""BIH"", ""FREQUENCY"": ""M"", ""IFS_FLAG"": ""true"", ""INDICATOR"": ""PPI"", ""METHODOLOGY"": ""PPI"", ""OVERLAP"": ""OL"", ""REFERENCE_PERIOD"": ""2010=100"", ""SCALE"": ""0"", ""SECURITY_CLASSIFICATION"": ""PUB"", ""TYPE_OF_TRANSFORMATION"": ""IX""}}"
BIH,producer_price_index_quarterly_imf,2021-Q3,quarterly,114.81754021394612,\N,derived,IMF_PPI,IMF|ACCESS_SHARING_LEVEL=PUBLIC_OPEN|FREQUENCY=M|IFS_FLAG=true|INDICATOR=PPI|METHODOLOGY=PPI|OVERLAP=OL|REFERENCE_PERIOD=2010=100|SCALE=0|SECURITY_CLASSIFICATION=PUB|TYPE_OF_TRANSFORMATION=IX|aggregation=quarterly_mean,\N,"{""aggregation_method"": ""quarterly_mean"", ""source_derivation_types"": [""O"", ""O"", ""O""], ""source_months"": [""2021-M07"", ""2021-M08"", ""2021-M09""], ""source_observation_count"": 3, ""source_series_dimensions"": {""ACCESS_SHARING_LEVEL"": ""PUBLIC_OPEN"", ""COUNTRY"": ""BIH"", ""FREQUENCY"": ""M"", ""IFS_FLAG"": ""true"", ""INDICATOR"": ""PPI"", ""METHODOLOGY"": ""PPI"", ""OVERLAP"": ""OL"", ""REFERENCE_PERIOD"": ""2010=100"", ""SCALE"": ""0"", ""SECURITY_CLASSIFICATION"": ""PUB"", ""TYPE_OF_TRANSFORMATION"": ""IX""}}"
BIH,producer_price_index_quarterly_imf,2021-Q4,quarterly,117.76448596474829,\N,derived,IMF_PPI,IMF|ACCESS_SHARING_LEVEL=PUBLIC_OPEN|FREQUENCY=M|IFS_FLAG=true|INDICATOR=PPI|METHODOLOGY=PPI|OVERLAP=OL|REFERENCE_PERIOD=2010=100|SCALE=0|SECURITY_CLASSIFICATION=PUB|TYPE_OF_TRANSFORMATION=IX|aggregation=quarterly_mean,\N,"{""aggregation_method"": ""quarterly_mean"", ""source_derivation_types"": [""O"", ""O"", ""O""], ""source_months"": [""2021-M10"", ""2021-M11"", ""2021-M12""], ""source_observation_count"": 3, ""source_series_dimensions"": {""ACCESS_SHARING_LEVEL"": ""PUBLIC_OPEN"", ""COUNTRY"": ""BIH"", ""FREQUENCY"": ""M"", ""IFS_FLAG"": ""true"", ""INDICATOR"": ""PPI"", ""METHODOLOGY"": ""PPI"", ""OVERLAP"": ""OL"", ""REFERENCE_PERIOD"": ""2010=100"", ""SCALE"": ""0"", ""SECURITY_CLASSIFICATION"": ""PUB"", ""TYPE_OF_TRANSFORMATION"": ""IX""}}"
BIH,producer_price_index_quarterly_imf,2022-Q1,quarterly,124.60291136084045,\N,derived,IMF_PPI,IMF|ACCESS_SHARING_LEVEL=PUBLIC_OPEN|FREQUENCY=M|IFS_FLAG=true|INDICATOR=PPI|METHODOLOGY=PPI|OVERLAP=OL|REFERENCE_PERIOD=2010=100|SCALE=0|SECURITY_CLASSIFICATION=PUB|TYPE_OF_TRANSFORMATION=IX|aggregation=quarterly_mean,\N,"{""aggregation_method"": ""quarterly_mean"", ""source_derivation_types"": [""O"", ""O"", ""O""], ""source_months"": [""2022-M01"", ""2022-M02"", ""2022-M03""], ""source_observation_count"": 3, ""source_series_dimensions"": {""ACCESS_SHARING_LEVEL"": ""PUBLIC_OPEN"", ""COUNTRY"": ""BIH"", ""FREQUENCY"": ""M"", ""IFS_FLAG"": ""true"", ""INDICATOR"": ""PPI"", ""METHODOLOGY"": ""PPI"", ""OVERLAP"": ""OL"", ""REFERENCE_PERIOD"": ""2010=100"", ""SCALE"": ""0"", ""SECURITY_CLASSIFICATION"": ""PUB"", ""TYPE_OF_TRANSFORMATION"": ""IX""}}"
BIH,producer_price_index_quarterly_imf,2022-Q2,quarterly,136.76850792184428,\N,derived,IMF_PPI,IMF|ACCESS_SHARING_LEVEL=PUBLIC_OPEN|FREQUENCY=M|IFS_FLAG=true|INDICATOR=PPI|METHODOLOGY=PPI|OVERLAP=OL|REFERENCE_PERIOD=2010=100|SCALE=0|SECURITY_CLASSIFICATION=PUB|TYPE_OF_TRANSFORMATION=IX|aggregation=quarterly_mean,\N,"{""aggregation_method"": ""quarterly_mean"", ""source_derivation_types"": [""O"", ""O"", ""O""], ""source_months"": [""2022-M04"", ""2022-M05"", ""2022-M06""], ""source_observation_count"": 3, ""source_series_dimensions"": {""ACCESS_SHARING_LEVEL"": ""PUBLIC_OPEN"", ""COUNTRY"": ""BIH"", ""FREQUENCY"": ""M"", ""IFS_FLAG"": ""true"", ""INDICATOR"": ""PPI"", ""METHODOLOGY"": ""PPI"", ""OVERLAP"": ""OL"", ""REFERENCE_PERIOD"": ""2010=100"", ""SCALE"": ""0"", ""SECURITY_CLASSIFICATION"": ""PUB"", ""TYPE_OF_TRANSFORMATION"": ""IX""}}"
BIH,producer_price_index_quarterly_imf,2022-Q3,quarterly,139.18651469173327,\N,derived,IMF_PPI,IMF|ACCESS_SHARING_LEVEL=PUBLIC_OPEN|FREQUENCY=M|IFS_FLAG=true|INDICATOR=PPI|METHODOLOGY=PPI|OVERLAP=OL|REFERENCE_PERIOD=2010=100|SCALE=0|SECURITY_CLASSIFICATION=PUB|TYPE_OF_TRANSFORMATION=IX|aggregation=quarterly_mean,\N,"{""aggregation_method"": ""quarterly_mean"", ""source_derivation_types"": [""O"", ""O"", ""O""], ""source_months"": [""2022-M07"", ""2022-M08"", ""2022-M09""], ""source_observation_count"": 3, ""source_series_dimensions"": {""ACCESS_SHARING_LEVEL"": ""PUBLIC_OPEN"", ""COUNTRY"": ""BIH"", ""FREQUENCY"": ""M"", ""IFS_FLAG"": ""true"", ""INDICATOR"": ""PPI"", ""METHODOLOGY"": ""PPI"", ""OVERLAP"": ""OL"", ""REFERENCE_PERIOD"": ""2010=100"", ""SCALE"": ""0"", ""SECURITY_CLASSIFICATION"": ""PUB"", ""TYPE_OF_TRANSFORMATION"": ""IX""}}"
BIH,producer_price_index_quarterly_imf,2022-Q4,quarterly,140.43329943245726,\N,derived,IMF_PPI,IMF|ACCESS_SHARING_LEVEL=PUBLIC_OPEN|FREQUENCY=M|IFS_FLAG=true|INDICATOR=PPI|METHODOLOGY=PPI|OVERLAP=OL|REFERENCE_PERIOD=2010=100|SCALE=0|SECURITY_CLASSIFICATION=PUB|TYPE_OF_TRANSFORMATION=IX|aggregation=quarterly_mean,\N,"{""aggregation_method"": ""quarterly_mean"", ""source_derivation_types"": [""O"", ""O"", ""O""], ""source_months"": [""2022-M10"", ""2022-M11"", ""2022-M12""], ""source_observation_count"": 3, ""source_series_dimensions"": {""ACCESS_SHARING_LEVEL"": ""PUBLIC_OPEN"", ""COUNTRY"": ""BIH"", ""FREQUENCY"": ""M"", ""IFS_FLAG"": ""true"", ""INDICATOR"": ""PPI"", ""METHODOLOGY"": ""PPI"", ""OVERLAP"": ""OL"", ""REFERENCE_PERIOD"": ""2010=100"", ""SCALE"": ""0"", ""SECURITY_CLASSIFICATION"": ""PUB"", ""TYPE_OF_TRANSFORMATION"": ""IX""}}"
BIH,producer_price_index_quarterly_imf,2023-Q1,quarterly,142.9646502696847,\N,derived,IMF_PPI,IMF|ACCESS_SHARING_LEVEL=PUBLIC_OPEN|FREQUENCY=M|IFS_FLAG=true|INDICATOR=PPI|METHODOLOGY=PPI|OVERLAP=OL|REFERENCE_PERIOD=2010=100|SCALE=0|SECURITY_CLASSIFICATION=PUB|TYPE_OF_TRANSFORMATION=IX|aggregation=quarterly_mean,\N,"{""aggregation_method"": ""quarterly_mean"", ""source_derivation_types"": [""O"", ""O"", ""O""], ""source_months"": [""2023-M01"", ""2023-M02"", ""2023-M03""], ""source_observation_count"": 3, ""source_series_dimensions"": {""ACCESS_SHARING_LEVEL"": ""PUBLIC_OPEN"", ""COUNTRY"": ""BIH"", ""FREQUENCY"": ""M"", ""IFS_FLAG"": ""true"", ""INDICATOR"": ""PPI"", ""METHODOLOGY"": ""PPI"", ""OVERLAP"": ""OL"", ""REFERENCE_PERIOD"": ""2010=100"", ""SCALE"": ""0"", ""SECURITY_CLASSIFICATION"": ""PUB"", ""TYPE_OF_TRANSFORMATION"": ""IX""}}"
BIH,producer_price_index_quarterly_imf,2023-Q2,quarterly,141.5289587500632,\N,derived,IMF_PPI,IMF|ACCESS_SHARING_LEVEL=PUBLIC_OPEN|FREQUENCY=M|IFS_FLAG=true|INDICATOR=PPI|METHODOLOGY=PPI|OVERLAP=OL|REFERENCE_PERIOD=2010=100|SCALE=0|SECURITY_CLASSIFICATION=PUB|TYPE_OF_TRANSFORMATION=IX|aggregation=quarterly_mean,\N,"{""aggregation_method"": ""quarterly_mean"", ""source_derivation_types"": [""O"", ""O"", ""O""], ""source_months"": [""2023-M04"", ""2023-M05"", ""2023-M06""], ""source_observation_count"": 3, ""source_series_dimensions"": {""ACCESS_SHARING_LEVEL"": ""PUBLIC_OPEN"", ""COUNTRY"": ""BIH"", ""FREQUENCY"": ""M"", ""IFS_FLAG"": ""true"", ""INDICATOR"": ""PPI"", ""METHODOLOGY"": ""PPI"", ""OVERLAP"": ""OL"", ""REFERENCE_PERIOD"": ""2010=100"", ""SCALE"": ""0"", ""SECURITY_CLASSIFICATION"": ""PUB"", ""TYPE_OF_TRANSFORMATION"": ""IX""}}"
BIH,producer_price_index_quarterly_imf,2023-Q3,quarterly,139.22429604751275,\N,derived,IMF_PPI,IMF|ACCESS_SHARING_LEVEL=PUBLIC_OPEN|FREQUENCY=M|IFS_FLAG=true|INDICATOR=PPI|METHODOLOGY=PPI|OVERLAP=OL|REFERENCE_PERIOD=2010=100|SCALE=0|SECURITY_CLASSIFICATION=PUB|TYPE_OF_TRANSFORMATION=IX|aggregation=quarterly_mean,\N,"{""aggregation_method"": ""quarterly_mean"", ""source_derivation_types"": [""O"", ""O"", ""O""], ""source_months"": [""2023-M07"", ""2023-M08"", ""2023-M09""], ""source_observation_count"": 3, ""source_series_dimensions"": {""ACCESS_SHARING_LEVEL"": ""PUBLIC_OPEN"", ""COUNTRY"": ""BIH"", ""FREQUENCY"": ""M"", ""IFS_FLAG"": ""true"", ""INDICATOR"": ""PPI"", ""METHODOLOGY"": ""PPI"", ""OVERLAP"": ""OL"", ""REFERENCE_PERIOD"": ""2010=100"", ""SCALE"": ""0"", ""SECURITY_CLASSIFICATION"": ""PUB"", ""TYPE_OF_TRANSFORMATION"": ""IX""}}"
BIH,producer_price_index_quarterly_imf,2023-Q4,quarterly,139.14873333595378,\N,derived,IMF_PPI,IMF|ACCESS_SHARING_LEVEL=PUBLIC_OPEN|FREQUENCY=M|IFS_FLAG=true|INDICATOR=PPI|METHODOLOGY=PPI|OVERLAP=OL|REFERENCE_PERIOD=2010=100|SCALE=0|SECURITY_CLASSIFICATION=PUB|TYPE_OF_TRANSFORMATION=IX|aggregation=quarterly_mean,\N,"{""aggregation_method"": ""quarterly_mean"", ""source_derivation_types"": [""O"", ""O"", ""O""], ""source_months"": [""2023-M10"", ""2023-M11"", ""2023-M12""], ""source_observation_count"": 3, ""source_series_dimensions"": {""ACCESS_SHARING_LEVEL"": ""PUBLIC_OPEN"", ""COUNTRY"": ""BIH"", ""FREQUENCY"": ""M"", ""IFS_FLAG"": ""true"", ""INDICATOR"": ""PPI"", ""METHODOLOGY"": ""PPI"", ""OVERLAP"": ""OL"", ""REFERENCE_PERIOD"": ""2010=100"", ""SCALE"": ""0"", ""SECURITY_CLASSIFICATION"": ""PUB"", ""TYPE_OF_TRANSFORMATION"": ""IX""}}"
BIH,producer_price_index_quarterly_imf,2024-Q1,quarterly,139.67767231686696,\N,derived,IMF_PPI,IMF|ACCESS_SHARING_LEVEL=PUBLIC_OPEN|FREQUENCY=M|IFS_FLAG=true|INDICATOR=PPI|METHODOLOGY=PPI|OVERLAP=OL|REFERENCE_PERIOD=2010=100|SCALE=0|SECURITY_CLASSIFICATION=PUB|TYPE_OF_TRANSFORMATION=IX|aggregation=quarterly_mean,\N,"{""aggregation_method"": ""quarterly_mean"", ""source_derivation_types"": [""O"", ""O"", ""O""], ""source_months"": [""2024-M01"", ""2024-M02"", ""2024-M03""], ""source_observation_count"": 3, ""source_series_dimensions"": {""ACCESS_SHARING_LEVEL"": ""PUBLIC_OPEN"", ""COUNTRY"": ""BIH"", ""FREQUENCY"": ""M"", ""IFS_FLAG"": ""true"", ""INDICATOR"": ""PPI"", ""METHODOLOGY"": ""PPI"", ""OVERLAP"": ""OL"", ""REFERENCE_PERIOD"": ""2010=100"", ""SCALE"": ""0"", ""SECURITY_CLASSIFICATION"": ""PUB"", ""TYPE_OF_TRANSFORMATION"": ""IX""}}"
BIH,producer_price_index_quarterly_imf,2024-Q2,quarterly,141.4911773942837,\N,derived,IMF_PPI,IMF|ACCESS_SHARING_LEVEL=PUBLIC_OPEN|FREQUENCY=M|IFS_FLAG=true|INDICATOR=PPI|METHODOLOGY=PPI|OVERLAP=OL|REFERENCE_PERIOD=2010=100|SCALE=0|SECURITY_CLASSIFICATION=PUB|TYPE_OF_TRANSFORMATION=IX|aggregation=quarterly_mean,\N,"{""aggregation_method"": ""quarterly_mean"", ""source_derivation_types"": [""O"", ""O"", ""O""], ""source_months"": [""2024-M04"", ""2024-M05"", ""2024-M06""], ""source_observation_count"": 3, ""source_series_dimensions"": {""ACCESS_SHARING_LEVEL"": ""PUBLIC_OPEN"", ""COUNTRY"": ""BIH"", ""FREQUENCY"": ""M"", ""IFS_FLAG"": ""true"", ""INDICATOR"": ""PPI"", ""METHODOLOGY"": ""PPI"", ""OVERLAP"": ""OL"", ""REFERENCE_PERIOD"": ""2010=100"", ""SCALE"": ""0"", ""SECURITY_CLASSIFICATION"": ""PUB"", ""TYPE_OF_TRANSFORMATION"": ""IX""}}"
BIH,producer_price_index_quarterly_imf,2024-Q3,quarterly,143.00243162546425,\N,derived,IMF_PPI,IMF|ACCESS_SHARING_LEVEL=PUBLIC_OPEN|FREQUENCY=M|IFS_FLAG=true|INDICATOR=PPI|METHODOLOGY=PPI|OVERLAP=OL|REFERENCE_PERIOD=2010=100|SCALE=0|SECURITY_CLASSIFICATION=PUB|TYPE_OF_TRANSFORMATION=IX|aggregation=quarterly_mean,\N,"{""aggregation_method"": ""quarterly_mean"", ""source_derivation_types"": [""O"", ""O"", ""O""], ""source_months"": [""2024-M07"", ""2024-M08"", ""2024-M09""], ""source_observation_count"": 3, ""source_series_dimensions"": {""ACCESS_SHARING_LEVEL"": ""PUBLIC_OPEN"", ""COUNTRY"": ""BIH"", ""FREQUENCY"": ""M"", ""IFS_FLAG"": ""true"", ""INDICATOR"": ""PPI"", ""METHODOLOGY"": ""PPI"", ""OVERLAP"": ""OL"", ""REFERENCE_PERIOD"": ""2010=100"", ""SCALE"": ""0"", ""SECURITY_CLASSIFICATION"": ""PUB"", ""TYPE_OF_TRANSFORMATION"": ""IX""}}"
BIH,producer_price_index_quarterly_imf,2024-Q4,quarterly,142.8513062023462,\N,derived,IMF_PPI,IMF|ACCESS_SHARING_LEVEL=PUBLIC_OPEN|FREQUENCY=M|IFS_FLAG=true|INDICATOR=PPI|METHODOLOGY=PPI|OVERLAP=OL|REFERENCE_PERIOD=2010=100|SCALE=0|SECURITY_CLASSIFICATION=PUB|TYPE_OF_TRANSFORMATION=IX|aggregation=quarterly_mean,\N,"{""aggregation_method"": ""quarterly_mean"", ""source_derivation_types"": [""O"", ""O"", ""O""], ""source_months"": [""2024-M10"", ""2024-M11"", ""2024-M12""], ""source_observation_count"": 3, ""source_series_dimensions"": {""ACCESS_SHARING_LEVEL"": ""PUBLIC_OPEN"", ""COUNTRY"": ""BIH"", ""FREQUENCY"": ""M"", ""IFS_FLAG"": ""true"", ""INDICATOR"": ""PPI"", ""METHODOLOGY"": ""PPI"", ""OVERLAP"": ""OL"", ""REFERENCE_PERIOD"": ""2010=100"", ""SCALE"": ""0"", ""SECURITY_CLASSIFICATION"": ""PUB"", ""TYPE_OF_TRANSFORMATION"": ""IX""}}"
BLR,producer_price_index_quarterly_imf,2020-Q1,quarterly,157.1678982643066,\N,derived,IMF_PPI,IMF|ACCESS_SHARING_LEVEL=PUBLIC_OPEN|FREQUENCY=M|IFS_FLAG=true|INDICATOR=PPI|METHODOLOGY=PPI|OVERLAP=OL|REFERENCE_PERIOD=2010=100|SCALE=0|SECURITY_CLASSIFICATION=PUB|TYPE_OF_TRANSFORMATION=IX|aggregation=quarterly_mean,\N,"{""aggregation_method"": ""quarterly_mean"", ""source_derivation_types"": [""O"", ""O"", ""O""], ""source_months"": [""2020-M01"", ""2020-M02"", ""2020-M03""], ""source_observation_count"": 3, ""source_series_dimensions"": {""ACCESS_SHARING_LEVEL"": ""PUBLIC_OPEN"", ""COUNTRY"": ""BLR"", ""FREQUENCY"": ""M"", ""IFS_FLAG"": ""true"", ""INDICATOR"": ""PPI"", ""METHODOLOGY"": ""PPI"", ""OVERLAP"": ""OL"", ""REFERENCE_PERIOD"": ""2010=100"", ""SCALE"": ""0"", ""SECURITY_CLASSIFICATION"": ""PUB"", ""TYPE_OF_TRANSFORMATION"": ""IX""}}"
BLR,producer_price_index_quarterly_imf,2020-Q2,quarterly,160.59804090049832,\N,derived,IMF_PPI,IMF|ACCESS_SHARING_LEVEL=PUBLIC_OPEN|FREQUENCY=M|IFS_FLAG=true|INDICATOR=PPI|METHODOLOGY=PPI|OVERLAP=OL|REFERENCE_PERIOD=2010=100|SCALE=0|SECURITY_CLASSIFICATION=PUB|TYPE_OF_TRANSFORMATION=IX|aggregation=quarterly_mean,\N,"{""aggregation_method"": ""quarterly_mean"", ""source_derivation_types"": [""O"", ""O"", ""O""], ""source_months"": [""2020-M04"", ""2020-M05"", ""2020-M06""], ""source_observation_count"": 3, ""source_series_dimensions"": {""ACCESS_SHARING_LEVEL"": ""PUBLIC_OPEN"", ""COUNTRY"": ""BLR"", ""FREQUENCY"": ""M"", ""IFS_FLAG"": ""true"", ""INDICATOR"": ""PPI"", ""METHODOLOGY"": ""PPI"", ""OVERLAP"": ""OL"", ""REFERENCE_PERIOD"": ""2010=100"", ""SCALE"": ""0"", ""SECURITY_CLASSIFICATION"": ""PUB"", ""TYPE_OF_TRANSFORMATION"": ""IX""}}"
BLR,producer_price_index_quarterly_imf,2020-Q3,quarterly,162.97645643581367,\N,derived,IMF_PPI,IMF|ACCESS_SHARING_LEVEL=PUBLIC_OPEN|FREQUENCY=M|IFS_FLAG=true|INDICATOR=PPI|METHODOLOGY=PPI|OVERLAP=OL|REFERENCE_PERIOD=2010=100|SCALE=0|SECURITY_CLASSIFICATION=PUB|TYPE_OF_TRANSFORMATION=IX|aggregation=quarterly_mean,\N,"{""aggregation_method"": ""quarterly_mean"", ""source_derivation_types"": [""O"", ""O"", ""O""], ""source_months"": [""2020-M07"", ""2020-M08"", ""2020-M09""], ""source_observation_count"": 3, ""source_series_dimensions"": {""ACCESS_SHARING_LEVEL"": ""PUBLIC_OPEN"", ""COUNTRY"": ""BLR"", ""FREQUENCY"": ""M"", ""IFS_FLAG"": ""true"", ""INDICATOR"": ""PPI"", ""METHODOLOGY"": ""PPI"", ""OVERLAP"": ""OL"", ""REFERENCE_PERIOD"": ""2010=100"", ""SCALE"": ""0"", ""SECURITY_CLASSIFICATION"": ""PUB"", ""TYPE_OF_TRANSFORMATION"": ""IX""}}"
BLR,producer_price_index_quarterly_imf,2020-Q4,quarterly,166.16257088846876,\N,derived,IMF_PPI,IMF|ACCESS_SHARING_LEVEL=PUBLIC_OPEN|FREQUENCY=M|IFS_FLAG=true|INDICATOR=PPI|METHODOLOGY=PPI|OVERLAP=OL|REFERENCE_PERIOD=2010=100|SCALE=0|SECURITY_CLASSIFICATION=PUB|TYPE_OF_TRANSFORMATION=IX|aggregation=quarterly_mean,\N,"{""aggregation_method"": ""quarterly_mean"", ""source_derivation_types"": [""O"", ""O"", ""O""], ""source_months"": [""2020-M10"", ""2020-M11"", ""2020-M12""], ""source_observation_count"": 3, ""source_series_dimensions"": {""ACCESS_SHARING_LEVEL"": ""PUBLIC_OPEN"", ""COUNTRY"": ""BLR"", ""FREQUENCY"": ""M"", ""IFS_FLAG"": ""true"", ""INDICATOR"": ""PPI"", ""METHODOLOGY"": ""PPI"", ""OVERLAP"": ""OL"", ""REFERENCE_PERIOD"": ""2010=100"", ""SCALE"": ""0"", ""SECURITY_CLASSIFICATION"": ""PUB"", ""TYPE_OF_TRANSFORMATION"": ""IX""}}"
BLR,producer_price_index_quarterly_imf,2021-Q1,quarterly,171.64117545970097,\N,derived,IMF_PPI,IMF|ACCESS_SHARING_LEVEL=PUBLIC_OPEN|FREQUENCY=M|IFS_FLAG=true|INDICATOR=PPI|METHODOLOGY=PPI|OVERLAP=OL|REFERENCE_PERIOD=2010=100|SCALE=0|SECURITY_CLASSIFICATION=PUB|TYPE_OF_TRANSFORMATION=IX|aggregation=quarterly_mean,\N,"{""aggregation_method"": ""quarterly_mean"", ""source_derivation_types"": [""O"", ""O"", ""O""], ""source_months"": [""2021-M01"", ""2021-M02"", ""2021-M03""], ""source_observation_count"": 3, ""source_series_dimensions"": {""ACCESS_SHARING_LEVEL"": ""PUBLIC_OPEN"", ""COUNTRY"": ""BLR"", ""FREQUENCY"": ""M"", ""IFS_FLAG"": ""true"", ""INDICATOR"": ""PPI"", ""METHODOLOGY"": ""PPI"", ""OVERLAP"": ""OL"", ""REFERENCE_PERIOD"": ""2010=100"", ""SCALE"": ""0"", ""SECURITY_CLASSIFICATION"": ""PUB"", ""TYPE_OF_TRANSFORMATION"": ""IX""}}"
BLR,producer_price_index_quarterly_imf,2021-Q2,quarterly,179.7044165664203,\N,derived,IMF_PPI,IMF|ACCESS_SHARING_LEVEL=PUBLIC_OPEN|FREQUENCY=M|IFS_FLAG=true|INDICATOR=PPI|METHODOLOGY=PPI|OVERLAP=OL|REFERENCE_PERIOD=2010=100|SCALE=0|SECURITY_CLASSIFICATION=PUB|TYPE_OF_TRANSFORMATION=IX|aggregation=quarterly_mean,\N,"{""aggregation_method"": ""quarterly_mean"", ""source_derivation_types"": [""O"", ""O"", ""O""], ""source_months"": [""2021-M04"", ""2021-M05"", ""2021-M06""], ""source_observation_count"": 3, ""source_series_dimensions"": {""ACCESS_SHARING_LEVEL"": ""PUBLIC_OPEN"", ""COUNTRY"": ""BLR"", ""FREQUENCY"": ""M"", ""IFS_FLAG"": ""true"", ""INDICATOR"": ""PPI"", ""METHODOLOGY"": ""PPI"", ""OVERLAP"": ""OL"", ""REFERENCE_PERIOD"": ""2010=100"", ""SCALE"": ""0"", ""SECURITY_CLASSIFICATION"": ""PUB"", ""TYPE_OF_TRANSFORMATION"": ""IX""}}"
BLR,producer_price_index_quarterly_imf,2021-Q3,quarterly,185.50610070458842,\N,derived,IMF_PPI,IMF|ACCESS_SHARING_LEVEL=PUBLIC_OPEN|FREQUENCY=M|IFS_FLAG=true|INDICATOR=PPI|METHODOLOGY=PPI|OVERLAP=OL|REFERENCE_PERIOD=2010=100|SCALE=0|SECURITY_CLASSIFICATION=PUB|TYPE_OF_TRANSFORMATION=IX|aggregation=quarterly_mean,\N,"{""aggregation_method"": ""quarterly_mean"", ""source_derivation_types"": [""O"", ""O"", ""O""], ""source_months"": [""2021-M07"", ""2021-M08"", ""2021-M09""], ""source_observation_count"": 3, ""source_series_dimensions"": {""ACCESS_SHARING_LEVEL"": ""PUBLIC_OPEN"", ""COUNTRY"": ""BLR"", ""FREQUENCY"": ""M"", ""IFS_FLAG"": ""true"", ""INDICATOR"": ""PPI"", ""METHODOLOGY"": ""PPI"", ""OVERLAP"": ""OL"", ""REFERENCE_PERIOD"": ""2010=100"", ""SCALE"": ""0"", ""SECURITY_CLASSIFICATION"": ""PUB"", ""TYPE_OF_TRANSFORMATION"": ""IX""}}"
BLR,producer_price_index_quarterly_imf,2021-Q4,quarterly,189.2490118577075,\N,derived,IMF_PPI,IMF|ACCESS_SHARING_LEVEL=PUBLIC_OPEN|FREQUENCY=M|IFS_FLAG=true|INDICATOR=PPI|METHODOLOGY=PPI|OVERLAP=OL|REFERENCE_PERIOD=2010=100|SCALE=0|SECURITY_CLASSIFICATION=PUB|TYPE_OF_TRANSFORMATION=IX|aggregation=quarterly_mean,\N,"{""aggregation_method"": ""quarterly_mean"", ""source_derivation_types"": [""O"", ""O"", ""O""], ""source_months"": [""2021-M10"", ""2021-M11"", ""2021-M12""], ""source_observation_count"": 3, ""source_series_dimensions"": {""ACCESS_SHARING_LEVEL"": ""PUBLIC_OPEN"", ""COUNTRY"": ""BLR"", ""FREQUENCY"": ""M"", ""IFS_FLAG"": ""true"", ""INDICATOR"": ""PPI"", ""METHODOLOGY"": ""PPI"", ""OVERLAP"": ""OL"", ""REFERENCE_PERIOD"": ""2010=100"", ""SCALE"": ""0"", ""SECURITY_CLASSIFICATION"": ""PUB"", ""TYPE_OF_TRANSFORMATION"": ""IX""}}"
BLR,producer_price_index_quarterly_imf,2022-Q1,quarterly,197.16102423096746,\N,derived,IMF_PPI,IMF|ACCESS_SHARING_LEVEL=PUBLIC_OPEN|FREQUENCY=M|IFS_FLAG=true|INDICATOR=PPI|METHODOLOGY=PPI|OVERLAP=OL|REFERENCE_PERIOD=2010=100|SCALE=0|SECURITY_CLASSIFICATION=PUB|TYPE_OF_TRANSFORMATION=IX|aggregation=quarterly_mean,\N,"{""aggregation_method"": ""quarterly_mean"", ""source_derivation_types"": [""O"", ""O"", ""O""], ""source_months"": [""2022-M01"", ""2022-M02"", ""2022-M03""], ""source_observation_count"": 3, ""source_series_dimensions"": {""ACCESS_SHARING_LEVEL"": ""PUBLIC_OPEN"", ""COUNTRY"": ""BLR"", ""FREQUENCY"": ""M"", ""IFS_FLAG"": ""true"", ""INDICATOR"": ""PPI"", ""METHODOLOGY"": ""PPI"", ""OVERLAP"": ""OL"", ""REFERENCE_PERIOD"": ""2010=100"", ""SCALE"": ""0"", ""SECURITY_CLASSIFICATION"": ""PUB"", ""TYPE_OF_TRANSFORMATION"": ""IX""}}"
BLR,producer_price_index_quarterly_imf,2022-Q2,quarterly,209.50335109125277,\N,derived,IMF_PPI,IMF|ACCESS_SHARING_LEVEL=PUBLIC_OPEN|FREQUENCY=M|IFS_FLAG=true|INDICATOR=PPI|METHODOLOGY=PPI|OVERLAP=OL|REFERENCE_PERIOD=2010=100|SCALE=0|SECURITY_CLASSIFICATION=PUB|TYPE_OF_TRANSFORMATION=IX|aggregation=quarterly_mean,\N,"{""aggregation_method"": ""quarterly_mean"", ""source_derivation_types"": [""O"", ""O"", ""O""], ""source_months"": [""2022-M04"", ""2022-M05"", ""2022-M06""], ""source_observation_count"": 3, ""source_series_dimensions"": {""ACCESS_SHARING_LEVEL"": ""PUBLIC_OPEN"", ""COUNTRY"": ""BLR"", ""FREQUENCY"": ""M"", ""IFS_FLAG"": ""true"", ""INDICATOR"": ""PPI"", ""METHODOLOGY"": ""PPI"", ""OVERLAP"": ""OL"", ""REFERENCE_PERIOD"": ""2010=100"", ""SCALE"": ""0"", ""SECURITY_CLASSIFICATION"": ""PUB"", ""TYPE_OF_TRANSFORMATION"": ""IX""}}"
BLR,producer_price_index_quarterly_imf,2022-Q3,quarterly,214.26361917855297,\N,derived,IMF_PPI,IMF|ACCESS_SHARING_LEVEL=PUBLIC_OPEN|FREQUENCY=M|IFS_FLAG=true|INDICATOR=PPI|METHODOLOGY=PPI|OVERLAP=OL|REFERENCE_PERIOD=2010=100|SCALE=0|SECURITY_CLASSIFICATION=PUB|TYPE_OF_TRANSFORMATION=IX|aggregation=quarterly_mean,\N,"{""aggregation_method"": ""quarterly_mean"", ""source_derivation_types"": [""O"", ""O"", ""O""], ""source_months"": [""2022-M07"", ""2022-M08"", ""2022-M09""], ""source_observation_count"": 3, ""source_series_dimensions"": {""ACCESS_SHARING_LEVEL"": ""PUBLIC_OPEN"", ""COUNTRY"": ""BLR"", ""FREQUENCY"": ""M"", ""IFS_FLAG"": ""true"", ""INDICATOR"": ""PPI"", ""METHODOLOGY"": ""PPI"", ""OVERLAP"": ""OL"", ""REFERENCE_PERIOD"": ""2010=100"", ""SCALE"": ""0"", ""SECURITY_CLASSIFICATION"": ""PUB"", ""TYPE_OF_TRANSFORMATION"": ""IX""}}"
BLR,producer_price_index_quarterly_imf,2022-Q4,quarterly,215.56281147963568,\N,derived,IMF_PPI,IMF|ACCESS_SHARING_LEVEL=PUBLIC_OPEN|FREQUENCY=M|IFS_FLAG=true|INDICATOR=PPI|METHODOLOGY=PPI|OVERLAP=OL|REFERENCE_PERIOD=2010=100|SCALE=0|SECURITY_CLASSIFICATION=PUB|TYPE_OF_TRANSFORMATION=IX|aggregation=quarterly_mean,\N,"{""aggregation_method"": ""quarterly_mean"", ""source_derivation_types"": [""O"", ""O"", ""O""], ""source_months"": [""2022-M10"", ""2022-M11"", ""2022-M12""], ""source_observation_count"": 3, ""source_series_dimensions"": {""ACCESS_SHARING_LEVEL"": ""PUBLIC_OPEN"", ""COUNTRY"": ""BLR"", ""FREQUENCY"": ""M"", ""IFS_FLAG"": ""true"", ""INDICATOR"": ""PPI"", ""METHODOLOGY"": ""PPI"", ""OVERLAP"": ""OL"", ""REFERENCE_PERIOD"": ""2010=100"", ""SCALE"": ""0"", ""SECURITY_CLASSIFICATION"": ""PUB"", ""TYPE_OF_TRANSFORMATION"": ""IX""}}"
BLR,producer_price_index_quarterly_imf,2023-Q1,quarterly,218.2024402818353,\N,derived,IMF_PPI,IMF|ACCESS_SHARING_LEVEL=PUBLIC_OPEN|FREQUENCY=M|IFS_FLAG=true|INDICATOR=PPI|METHODOLOGY=PPI|OVERLAP=OL|REFERENCE_PERIOD=2010=100|SCALE=0|SECURITY_CLASSIFICATION=PUB|TYPE_OF_TRANSFORMATION=IX|aggregation=quarterly_mean,\N,"{""aggregation_method"": ""quarterly_mean"", ""source_derivation_types"": [""O"", ""O"", ""O""], ""source_months"": [""2023-M01"", ""2023-M02"", ""2023-M03""], ""source_observation_count"": 3, ""source_series_dimensions"": {""ACCESS_SHARING_LEVEL"": ""PUBLIC_OPEN"", ""COUNTRY"": ""BLR"", ""FREQUENCY"": ""M"", ""IFS_FLAG"": ""true"", ""INDICATOR"": ""PPI"", ""METHODOLOGY"": ""PPI"", ""OVERLAP"": ""OL"", ""REFERENCE_PERIOD"": ""2010=100"", ""SCALE"": ""0"", ""SECURITY_CLASSIFICATION"": ""PUB"", ""TYPE_OF_TRANSFORMATION"": ""IX""}}"
BLR,producer_price_index_quarterly_imf,2023-Q2,quarterly,220.09967348341635,\N,derived,IMF_PPI,IMF|ACCESS_SHARING_LEVEL=PUBLIC_OPEN|FREQUENCY=M|IFS_FLAG=true|INDICATOR=PPI|METHODOLOGY=PPI|OVERLAP=OL|REFERENCE_PERIOD=2010=100|SCALE=0|SECURITY_CLASSIFICATION=PUB|TYPE_OF_TRANSFORMATION=IX|aggregation=quarterly_mean,\N,"{""aggregation_method"": ""quarterly_mean"", ""source_derivation_types"": [""O"", ""O"", ""O""], ""source_months"": [""2023-M04"", ""2023-M05"", ""2023-M06""], ""source_observation_count"": 3, ""source_series_dimensions"": {""ACCESS_SHARING_LEVEL"": ""PUBLIC_OPEN"", ""COUNTRY"": ""BLR"", ""FREQUENCY"": ""M"", ""IFS_FLAG"": ""true"", ""INDICATOR"": ""PPI"", ""METHODOLOGY"": ""PPI"", ""OVERLAP"": ""OL"", ""REFERENCE_PERIOD"": ""2010=100"", ""SCALE"": ""0"", ""SECURITY_CLASSIFICATION"": ""PUB"", ""TYPE_OF_TRANSFORMATION"": ""IX""}}"
BLR,producer_price_index_quarterly_imf,2023-Q3,quarterly,221.34731053445603,\N,derived,IMF_PPI,IMF|ACCESS_SHARING_LEVEL=PUBLIC_OPEN|FREQUENCY=M|IFS_FLAG=true|INDICATOR=PPI|METHODOLOGY=PPI|OVERLAP=OL|REFERENCE_PERIOD=2010=100|SCALE=0|SECURITY_CLASSIFICATION=PUB|TYPE_OF_TRANSFORMATION=IX|aggregation=quarterly_mean,\N,"{""aggregation_method"": ""quarterly_mean"", ""source_derivation_types"": [""O"", ""O"", ""O""], ""source_months"": [""2023-M07"", ""2023-M08"", ""2023-M09""], ""source_observation_count"": 3, ""source_series_dimensions"": {""ACCESS_SHARING_LEVEL"": ""PUBLIC_OPEN"", ""COUNTRY"": ""BLR"", ""FREQUENCY"": ""M"", ""IFS_FLAG"": ""true"", ""INDICATOR"": ""PPI"", ""METHODOLOGY"": ""PPI"", ""OVERLAP"": ""OL"", ""REFERENCE_PERIOD"": ""2010=100"", ""SCALE"": ""0"", ""SECURITY_CLASSIFICATION"": ""PUB"", ""TYPE_OF_TRANSFORMATION"": ""IX""}}"
BLR,producer_price_index_quarterly_imf,2023-Q4,quarterly,225.3205018044337,\N,derived,IMF_PPI,IMF|ACCESS_SHARING_LEVEL=PUBLIC_OPEN|FREQUENCY=M|IFS_FLAG=true|INDICATOR=PPI|METHODOLOGY=PPI|OVERLAP=OL|REFERENCE_PERIOD=2010=100|SCALE=0|SECURITY_CLASSIFICATION=PUB|TYPE_OF_TRANSFORMATION=IX|aggregation=quarterly_mean,\N,"{""aggregation_method"": ""quarterly_mean"", ""source_derivation_types"": [""O"", ""O"", ""O""], ""source_months"": [""2023-M10"", ""2023-M11"", ""2023-M12""], ""source_observation_count"": 3, ""source_series_dimensions"": {""ACCESS_SHARING_LEVEL"": ""PUBLIC_OPEN"", ""COUNTRY"": ""BLR"", ""FREQUENCY"": ""M"", ""IFS_FLAG"": ""true"", ""INDICATOR"": ""PPI"", ""METHODOLOGY"": ""PPI"", ""OVERLAP"": ""OL"", ""REFERENCE_PERIOD"": ""2010=100"", ""SCALE"": ""0"", ""SECURITY_CLASSIFICATION"": ""PUB"", ""TYPE_OF_TRANSFORMATION"": ""IX""}}"
BLR,producer_price_index_quarterly_imf,2024-Q1,quarterly,231.7924041931603,\N,derived,IMF_PPI,IMF|ACCESS_SHARING_LEVEL=PUBLIC_OPEN|FREQUENCY=M|IFS_FLAG=true|INDICATOR=PPI|METHODOLOGY=PPI|OVERLAP=OL|REFERENCE_PERIOD=2010=100|SCALE=0|SECURITY_CLASSIFICATION=PUB|TYPE_OF_TRANSFORMATION=IX|aggregation=quarterly_mean,\N,"{""aggregation_method"": ""quarterly_mean"", ""source_derivation_types"": [""O"", ""O"", ""O""], ""source_months"": [""2024-M01"", ""2024-M02"", ""2024-M03""], ""source_observation_count"": 3, ""source_series_dimensions"": {""ACCESS_SHARING_LEVEL"": ""PUBLIC_OPEN"", ""COUNTRY"": ""BLR"", ""FREQUENCY"": ""M"", ""IFS_FLAG"": ""true"", ""INDICATOR"": ""PPI"", ""METHODOLOGY"": ""PPI"", ""OVERLAP"": ""OL"", ""REFERENCE_PERIOD"": ""2010=100"", ""SCALE"": ""0"", ""SECURITY_CLASSIFICATION"": ""PUB"", ""TYPE_OF_TRANSFORMATION"": ""IX""}}"
BLR,producer_price_index_quarterly_imf,2024-Q2,quarterly,235.17786561264816,\N,derived,IMF_PPI,IMF|ACCESS_SHARING_LEVEL=PUBLIC_OPEN|FREQUENCY=M|IFS_FLAG=true|INDICATOR=PPI|METHODOLOGY=PPI|OVERLAP=OL|REFERENCE_PERIOD=2010=100|SCALE=0|SECURITY_CLASSIFICATION=PUB|TYPE_OF_TRANSFORMATION=IX|aggregation=quarterly_mean,\N,"{""aggregation_method"": ""quarterly_mean"", ""source_derivation_types"": [""O"", ""O"", ""O""], ""source_months"": [""2024-M04"", ""2024-M05"", ""2024-M06""], ""source_observation_count"": 3, ""source_series_dimensions"": {""ACCESS_SHARING_LEVEL"": ""PUBLIC_OPEN"", ""COUNTRY"": ""BLR"", ""FREQUENCY"": ""M"", ""IFS_FLAG"": ""true"", ""INDICATOR"": ""PPI"", ""METHODOLOGY"": ""PPI"", ""OVERLAP"": ""OL"", ""REFERENCE_PERIOD"": ""2010=100"", ""SCALE"": ""0"", ""SECURITY_CLASSIFICATION"": ""PUB"", ""TYPE_OF_TRANSFORMATION"": ""IX""}}"
BLR,producer_price_index_quarterly_imf,2024-Q3,quarterly,238.62863034885717,\N,derived,IMF_PPI,IMF|ACCESS_SHARING_LEVEL=PUBLIC_OPEN|FREQUENCY=M|IFS_FLAG=true|INDICATOR=PPI|METHODOLOGY=PPI|OVERLAP=OL|REFERENCE_PERIOD=2010=100|SCALE=0|SECURITY_CLASSIFICATION=PUB|TYPE_OF_TRANSFORMATION=IX|aggregation=quarterly_mean,\N,"{""aggregation_method"": ""quarterly_mean"", ""source_derivation_types"": [""O"", ""O"", ""O""], ""source_months"": [""2024-M07"", ""2024-M08"", ""2024-M09""], ""source_observation_count"": 3, ""source_series_dimensions"": {""ACCESS_SHARING_LEVEL"": ""PUBLIC_OPEN"", ""COUNTRY"": ""BLR"", ""FREQUENCY"": ""M"", ""IFS_FLAG"": ""true"", ""INDICATOR"": ""PPI"", ""METHODOLOGY"": ""PPI"", ""OVERLAP"": ""OL"", ""REFERENCE_PERIOD"": ""2010=100"", ""SCALE"": ""0"", ""SECURITY_CLASSIFICATION"": ""PUB"", ""TYPE_OF_TRANSFORMATION"": ""IX""}}"
BLR,producer_price_index_quarterly_imf,2024-Q4,quarterly,239.10637566592195,\N,derived,IMF_PPI,IMF|ACCESS_SHARING_LEVEL=PUBLIC_OPEN|FREQUENCY=M|IFS_FLAG=true|INDICATOR=PPI|METHODOLOGY=PPI|OVERLAP=OL|REFERENCE_PERIOD=2010=100|SCALE=0|SECURITY_CLASSIFICATION=PUB|TYPE_OF_TRANSFORMATION=IX|aggregation=quarterly_mean,\N,"{""aggregation_method"": ""quarterly_mean"", ""source_derivation_types"": [""O"", ""O"", ""O""], ""source_months"": [""2024-M10"", ""2024-M11"", ""2024-M12""], ""source_observation_count"": 3, ""source_series_dimensions"": {""ACCESS_SHARING_LEVEL"": ""PUBLIC_OPEN"", ""COUNTRY"": ""BLR"", ""FREQUENCY"": ""M"", ""IFS_FLAG"": ""true"", ""INDICATOR"": ""PPI"", ""METHODOLOGY"": ""PPI"", ""OVERLAP"": ""OL"", ""REFERENCE_PERIOD"": ""2010=100"", ""SCALE"": ""0"", ""SECURITY_CLASSIFICATION"": ""PUB"", ""TYPE_OF_TRANSFORMATION"": ""IX""}}"
BRA,producer_price_index_quarterly_imf,2020-Q1,quarterly,219.81710939561665,\N,derived,IMF_PPI,IMF|ACCESS_SHARING_LEVEL=PUBLIC_OPEN|FREQUENCY=M|IFS_FLAG=true|INDICATOR=PPI|METHODOLOGY=PPI|OVERLAP=OL|REFERENCE_PERIOD=2010=100|SCALE=0|SECURITY_CLASSIFICATION=PUB|TYPE_OF_TRANSFORMATION=IX|aggregation=quarterly_mean,\N,"{""aggregation_method"": ""quarterly_mean"", ""source_derivation_types"": [""O"", ""O"", ""O""], ""source_months"": [""2020-M01"", ""2020-M02"", ""2020-M03""], ""source_observation_count"": 3, ""source_series_dimensions"": {""ACCESS_SHARING_LEVEL"": ""PUBLIC_OPEN"", ""COUNTRY"": ""BRA"", ""FREQUENCY"": ""M"", ""IFS_FLAG"": ""true"", ""INDICATOR"": ""PPI"", ""METHODOLOGY"": ""PPI"", ""OVERLAP"": ""OL"", ""REFERENCE_PERIOD"": ""2010=100"", ""SCALE"": ""0"", ""SECURITY_CLASSIFICATION"": ""PUB"", ""TYPE_OF_TRANSFORMATION"": ""IX""}}"
BRA,producer_price_index_quarterly_imf,2020-Q2,quarterly,227.7527847385552,\N,derived,IMF_PPI,IMF|ACCESS_SHARING_LEVEL=PUBLIC_OPEN|FREQUENCY=M|IFS_FLAG=true|INDICATOR=PPI|METHODOLOGY=PPI|OVERLAP=OL|REFERENCE_PERIOD=2010=100|SCALE=0|SECURITY_CLASSIFICATION=PUB|TYPE_OF_TRANSFORMATION=IX|aggregation=quarterly_mean,\N,"{""aggregation_method"": ""quarterly_mean"", ""source_derivation_types"": [""O"", ""O"", ""O""], ""source_months"": [""2020-M04"", ""2020-M05"", ""2020-M06""], ""source_observation_count"": 3, ""source_series_dimensions"": {""ACCESS_SHARING_LEVEL"": ""PUBLIC_OPEN"", ""COUNTRY"": ""BRA"", ""FREQUENCY"": ""M"", ""IFS_FLAG"": ""true"", ""INDICATOR"": ""PPI"", ""METHODOLOGY"": ""PPI"", ""OVERLAP"": ""OL"", ""REFERENCE_PERIOD"": ""2010=100"", ""SCALE"": ""0"", ""SECURITY_CLASSIFICATION"": ""PUB"", ""TYPE_OF_TRANSFORMATION"": ""IX""}}"
BRA,producer_price_index_quarterly_imf,2020-Q3,quarterly,252.11410067721658,\N,derived,IMF_PPI,IMF|ACCESS_SHARING_LEVEL=PUBLIC_OPEN|FREQUENCY=M|IFS_FLAG=true|INDICATOR=PPI|METHODOLOGY=PPI|OVERLAP=OL|REFERENCE_PERIOD=2010=100|SCALE=0|SECURITY_CLASSIFICATION=PUB|TYPE_OF_TRANSFORMATION=IX|aggregation=quarterly_mean,\N,"{""aggregation_method"": ""quarterly_mean"", ""source_derivation_types"": [""O"", ""O"", ""O""], ""source_months"": [""2020-M07"", ""2020-M08"", ""2020-M09""], ""source_observation_count"": 3, ""source_series_dimensions"": {""ACCESS_SHARING_LEVEL"": ""PUBLIC_OPEN"", ""COUNTRY"": ""BRA"", ""FREQUENCY"": ""M"", ""IFS_FLAG"": ""true"", ""INDICATOR"": ""PPI"", ""METHODOLOGY"": ""PPI"", ""OVERLAP"": ""OL"", ""REFERENCE_PERIOD"": ""2010=100"", ""SCALE"": ""0"", ""SECURITY_CLASSIFICATION"": ""PUB"", ""TYPE_OF_TRANSFORMATION"": ""IX""}}"
BRA,producer_price_index_quarterly_imf,2020-Q4,quarterly,283.42324855513124,\N,derived,IMF_PPI,IMF|ACCESS_SHARING_LEVEL=PUBLIC_OPEN|FREQUENCY=M|IFS_FLAG=true|INDICATOR=PPI|METHODOLOGY=PPI|OVERLAP=OL|REFERENCE_PERIOD=2010=100|SCALE=0|SECURITY_CLASSIFICATION=PUB|TYPE_OF_TRANSFORMATION=IX|aggregation=quarterly_mean,\N,"{""aggregation_method"": ""quarterly_mean"", ""source_derivation_types"": [""O"", ""O"", ""O""], ""source_months"": [""2020-M10"", ""2020-M11"", ""2020-M12""], ""source_observation_count"": 3, ""source_series_dimensions"": {""ACCESS_SHARING_LEVEL"": ""PUBLIC_OPEN"", ""COUNTRY"": ""BRA"", ""FREQUENCY"": ""M"", ""IFS_FLAG"": ""true"", ""INDICATOR"": ""PPI"", ""METHODOLOGY"": ""PPI"", ""OVERLAP"": ""OL"", ""REFERENCE_PERIOD"": ""2010=100"", ""SCALE"": ""0"", ""SECURITY_CLASSIFICATION"": ""PUB"", ""TYPE_OF_TRANSFORMATION"": ""IX""}}"
BRA,producer_price_index_quarterly_imf,2021-Q1,quarterly,308.50349497091906,\N,derived,IMF_PPI,IMF|ACCESS_SHARING_LEVEL=PUBLIC_OPEN|FREQUENCY=M|IFS_FLAG=true|INDICATOR=PPI|METHODOLOGY=PPI|OVERLAP=OL|REFERENCE_PERIOD=2010=100|SCALE=0|SECURITY_CLASSIFICATION=PUB|TYPE_OF_TRANSFORMATION=IX|aggregation=quarterly_mean,\N,"{""aggregation_method"": ""quarterly_mean"", ""source_derivation_types"": [""O"", ""O"", ""O""], ""source_months"": [""2021-M01"", ""2021-M02"", ""2021-M03""], ""source_observation_count"": 3, ""source_series_dimensions"": {""ACCESS_SHARING_LEVEL"": ""PUBLIC_OPEN"", ""COUNTRY"": ""BRA"", ""FREQUENCY"": ""M"", ""IFS_FLAG"": ""true"", ""INDICATOR"": ""PPI"", ""METHODOLOGY"": ""PPI"", ""OVERLAP"": ""OL"", ""REFERENCE_PERIOD"": ""2010=100"", ""SCALE"": ""0"", ""SECURITY_CLASSIFICATION"": ""PUB"", ""TYPE_OF_TRANSFORMATION"": ""IX""}}"
BRA,producer_price_index_quarterly_imf,2021-Q2,quarterly,335.2795392297001,\N,derived,IMF_PPI,IMF|ACCESS_SHARING_LEVEL=PUBLIC_OPEN|FREQUENCY=M|IFS_FLAG=true|INDICATOR=PPI|METHODOLOGY=PPI|OVERLAP=OL|REFERENCE_PERIOD=2010=100|SCALE=0|SECURITY_CLASSIFICATION=PUB|TYPE_OF_TRANSFORMATION=IX|aggregation=quarterly_mean,\N,"{""aggregation_method"": ""quarterly_mean"", ""source_derivation_types"": [""O"", ""O"", ""O""], ""source_months"": [""2021-M04"", ""2021-M05"", ""2021-M06""], ""source_observation_count"": 3, ""source_series_dimensions"": {""ACCESS_SHARING_LEVEL"": ""PUBLIC_OPEN"", ""COUNTRY"": ""BRA"", ""FREQUENCY"": ""M"", ""IFS_FLAG"": ""true"", ""INDICATOR"": ""PPI"", ""METHODOLOGY"": ""PPI"", ""OVERLAP"": ""OL"", ""REFERENCE_PERIOD"": ""2010=100"", ""SCALE"": ""0"", ""SECURITY_CLASSIFICATION"": ""PUB"", ""TYPE_OF_TRANSFORMATION"": ""IX""}}"
BRA,producer_price_index_quarterly_imf,2021-Q3,quarterly,342.5511642846058,\N,derived,IMF_PPI,IMF|ACCESS_SHARING_LEVEL=PUBLIC_OPEN|FREQUENCY=M|IFS_FLAG=true|INDICATOR=PPI|METHODOLOGY=PPI|OVERLAP=OL|REFERENCE_PERIOD=2010=100|SCALE=0|SECURITY_CLASSIFICATION=PUB|TYPE_OF_TRANSFORMATION=IX|aggregation=quarterly_mean,\N,"{""aggregation_method"": ""quarterly_mean"", ""source_derivation_types"": [""O"", ""O"", ""O""], ""source_months"": [""2021-M07"", ""2021-M08"", ""2021-M09""], ""source_observation_count"": 3, ""source_series_dimensions"": {""ACCESS_SHARING_LEVEL"": ""PUBLIC_OPEN"", ""COUNTRY"": ""BRA"", ""FREQUENCY"": ""M"", ""IFS_FLAG"": ""true"", ""INDICATOR"": ""PPI"", ""METHODOLOGY"": ""PPI"", ""OVERLAP"": ""OL"", ""REFERENCE_PERIOD"": ""2010=100"", ""SCALE"": ""0"", ""SECURITY_CLASSIFICATION"": ""PUB"", ""TYPE_OF_TRANSFORMATION"": ""IX""}}"
BRA,producer_price_index_quarterly_imf,2021-Q4,quarterly,344.9219884534505,\N,derived,IMF_PPI,IMF|ACCESS_SHARING_LEVEL=PUBLIC_OPEN|FREQUENCY=M|IFS_FLAG=true|INDICATOR=PPI|METHODOLOGY=PPI|OVERLAP=OL|REFERENCE_PERIOD=2010=100|SCALE=0|SECURITY_CLASSIFICATION=PUB|TYPE_OF_TRANSFORMATION=IX|aggregation=quarterly_mean,\N,"{""aggregation_method"": ""quarterly_mean"", ""source_derivation_types"": [""O"", ""O"", ""O""], ""source_months"": [""2021-M10"", ""2021-M11"", ""2021-M12""], ""source_observation_count"": 3, ""source_series_dimensions"": {""ACCESS_SHARING_LEVEL"": ""PUBLIC_OPEN"", ""COUNTRY"": ""BRA"", ""FREQUENCY"": ""M"", ""IFS_FLAG"": ""true"", ""INDICATOR"": ""PPI"", ""METHODOLOGY"": ""PPI"", ""OVERLAP"": ""OL"", ""REFERENCE_PERIOD"": ""2010=100"", ""SCALE"": ""0"", ""SECURITY_CLASSIFICATION"": ""PUB"", ""TYPE_OF_TRANSFORMATION"": ""IX""}}"
BRA,producer_price_index_quarterly_imf,2022-Q1,quarterly,364.0148062391236,\N,derived,IMF_PPI,IMF|ACCESS_SHARING_LEVEL=PUBLIC_OPEN|FREQUENCY=M|IFS_FLAG=true|INDICATOR=PPI|METHODOLOGY=PPI|OVERLAP=OL|REFERENCE_PERIOD=2010=100|SCALE=0|SECURITY_CLASSIFICATION=PUB|TYPE_OF_TRANSFORMATION=IX|aggregation=quarterly_mean,\N,"{""aggregation_method"": ""quarterly_mean"", ""source_derivation_types"": [""O"", ""O"", ""O""], ""source_months"": [""2022-M01"", ""2022-M02"", ""2022-M03""], ""source_observation_count"": 3, ""source_series_dimensions"": {""ACCESS_SHARING_LEVEL"": ""PUBLIC_OPEN"", ""COUNTRY"": ""BRA"", ""FREQUENCY"": ""M"", ""IFS_FLAG"": ""true"", ""INDICATOR"": ""PPI"", ""METHODOLOGY"": ""PPI"", ""OVERLAP"": ""OL"", ""REFERENCE_PERIOD"": ""2010=100"", ""SCALE"": ""0"", ""SECURITY_CLASSIFICATION"": ""PUB"", ""TYPE_OF_TRANSFORMATION"": ""IX""}}"
BRA,producer_price_index_quarterly_imf,2022-Q2,quarterly,375.67135840261017,\N,derived,IMF_PPI,IMF|ACCESS_SHARING_LEVEL=PUBLIC_OPEN|FREQUENCY=M|IFS_FLAG=true|INDICATOR=PPI|METHODOLOGY=PPI|OVERLAP=OL|REFERENCE_PERIOD=2010=100|SCALE=0|SECURITY_CLASSIFICATION=PUB|TYPE_OF_TRANSFORMATION=IX|aggregation=quarterly_mean,\N,"{""aggregation_method"": ""quarterly_mean"", ""source_derivation_types"": [""O"", ""O"", ""O""], ""source_months"": [""2022-M04"", ""2022-M05"", ""2022-M06""], ""source_observation_count"": 3, ""source_series_dimensions"": {""ACCESS_SHARING_LEVEL"": ""PUBLIC_OPEN"", ""COUNTRY"": ""BRA"", ""FREQUENCY"": ""M"", ""IFS_FLAG"": ""true"", ""INDICATOR"": ""PPI"", ""METHODOLOGY"": ""PPI"", ""OVERLAP"": ""OL"", ""REFERENCE_PERIOD"": ""2010=100"", ""SCALE"": ""0"", ""SECURITY_CLASSIFICATION"": ""PUB"", ""TYPE_OF_TRANSFORMATION"": ""IX""}}"
BRA,producer_price_index_quarterly_imf,2022-Q3,quarterly,372.52123554863584,\N,derived,IMF_PPI,IMF|ACCESS_SHARING_LEVEL=PUBLIC_OPEN|FREQUENCY=M|IFS_FLAG=true|INDICATOR=PPI|METHODOLOGY=PPI|OVERLAP=OL|REFERENCE_PERIOD=2010=100|SCALE=0|SECURITY_CLASSIFICATION=PUB|TYPE_OF_TRANSFORMATION=IX|aggregation=quarterly_mean,\N,"{""aggregation_method"": ""quarterly_mean"", ""source_derivation_types"": [""O"", ""O"", ""O""], ""source_months"": [""2022-M07"", ""2022-M08"", ""2022-M09""], ""source_observation_count"": 3, ""source_series_dimensions"": {""ACCESS_SHARING_LEVEL"": ""PUBLIC_OPEN"", ""COUNTRY"": ""BRA"", ""FREQUENCY"": ""M"", ""IFS_FLAG"": ""true"", ""INDICATOR"": ""PPI"", ""METHODOLOGY"": ""PPI"", ""OVERLAP"": ""OL"", ""REFERENCE_PERIOD"": ""2010=100"", ""SCALE"": ""0"", ""SECURITY_CLASSIFICATION"": ""PUB"", ""TYPE_OF_TRANSFORMATION"": ""IX""}}"
BRA,producer_price_index_quarterly_imf,2022-Q4,quarterly,363.0159867976195,\N,derived,IMF_PPI,IMF|ACCESS_SHARING_LEVEL=PUBLIC_OPEN|FREQUENCY=M|IFS_FLAG=true|INDICATOR=PPI|METHODOLOGY=PPI|OVERLAP=OL|REFERENCE_PERIOD=2010=100|SCALE=0|SECURITY_CLASSIFICATION=PUB|TYPE_OF_TRANSFORMATION=IX|aggregation=quarterly_mean,\N,"{""aggregation_method"": ""quarterly_mean"", ""source_derivation_types"": [""O"", ""O"", ""O""], ""source_months"": [""2022-M10"", ""2022-M11"", ""2022-M12""], ""source_observation_count"": 3, ""source_series_dimensions"": {""ACCESS_SHARING_LEVEL"": ""PUBLIC_OPEN"", ""COUNTRY"": ""BRA"", ""FREQUENCY"": ""M"", ""IFS_FLAG"": ""true"", ""INDICATOR"": ""PPI"", ""METHODOLOGY"": ""PPI"", ""OVERLAP"": ""OL"", ""REFERENCE_PERIOD"": ""2010=100"", ""SCALE"": ""0"", ""SECURITY_CLASSIFICATION"": ""PUB"", ""TYPE_OF_TRANSFORMATION"": ""IX""}}"
BRA,producer_price_index_quarterly_imf,2023-Q1,quarterly,361.6165419757321,\N,derived,IMF_PPI,IMF|ACCESS_SHARING_LEVEL=PUBLIC_OPEN|FREQUENCY=M|IFS_FLAG=true|INDICATOR=PPI|METHODOLOGY=PPI|OVERLAP=OL|REFERENCE_PERIOD=2010=100|SCALE=0|SECURITY_CLASSIFICATION=PUB|TYPE_OF_TRANSFORMATION=IX|aggregation=quarterly_mean,\N,"{""aggregation_method"": ""quarterly_mean"", ""source_derivation_types"": [""O"", ""O"", ""O""], ""source_months"": [""2023-M01"", ""2023-M02"", ""2023-M03""], ""source_observation_count"": 3, ""source_series_dimensions"": {""ACCESS_SHARING_LEVEL"": ""PUBLIC_OPEN"", ""COUNTRY"": ""BRA"", ""FREQUENCY"": ""M"", ""IFS_FLAG"": ""true"", ""INDICATOR"": ""PPI"", ""METHODOLOGY"": ""PPI"", ""OVERLAP"": ""OL"", ""REFERENCE_PERIOD"": ""2010=100"", ""SCALE"": ""0"", ""SECURITY_CLASSIFICATION"": ""PUB"", ""TYPE_OF_TRANSFORMATION"": ""IX""}}"
BRA,producer_price_index_quarterly_imf,2023-Q2,quarterly,343.85182476612476,\N,derived,IMF_PPI,IMF|ACCESS_SHARING_LEVEL=PUBLIC_OPEN|FREQUENCY=M|IFS_FLAG=true|INDICATOR=PPI|METHODOLOGY=PPI|OVERLAP=OL|REFERENCE_PERIOD=2010=100|SCALE=0|SECURITY_CLASSIFICATION=PUB|TYPE_OF_TRANSFORMATION=IX|aggregation=quarterly_mean,\N,"{""aggregation_method"": ""quarterly_mean"", ""source_derivation_types"": [""O"", ""O"", ""O""], ""source_months"": [""2023-M04"", ""2023-M05"", ""2023-M06""], ""source_observation_count"": 3, ""source_series_dimensions"": {""ACCESS_SHARING_LEVEL"": ""PUBLIC_OPEN"", ""COUNTRY"": ""BRA"", ""FREQUENCY"": ""M"", ""IFS_FLAG"": ""true"", ""INDICATOR"": ""PPI"", ""METHODOLOGY"": ""PPI"", ""OVERLAP"": ""OL"", ""REFERENCE_PERIOD"": ""2010=100"", ""SCALE"": ""0"", ""SECURITY_CLASSIFICATION"": ""PUB"", ""TYPE_OF_TRANSFORMATION"": ""IX""}}"
BRA,producer_price_index_quarterly_imf,2023-Q3,quarterly,334.324623939471,\N,derived,IMF_PPI,IMF|ACCESS_SHARING_LEVEL=PUBLIC_OPEN|FREQUENCY=M|IFS_FLAG=true|INDICATOR=PPI|METHODOLOGY=PPI|OVERLAP=OL|REFERENCE_PERIOD=2010=100|SCALE=0|SECURITY_CLASSIFICATION=PUB|TYPE_OF_TRANSFORMATION=IX|aggregation=quarterly_mean,\N,"{""aggregation_method"": ""quarterly_mean"", ""source_derivation_types"": [""O"", ""O"", ""O""], ""source_months"": [""2023-M07"", ""2023-M08"", ""2023-M09""], ""source_observation_count"": 3, ""source_series_dimensions"": {""ACCESS_SHARING_LEVEL"": ""PUBLIC_OPEN"", ""COUNTRY"": ""BRA"", ""FREQUENCY"": ""M"", ""IFS_FLAG"": ""true"", ""INDICATOR"": ""PPI"", ""METHODOLOGY"": ""PPI"", ""OVERLAP"": ""OL"", ""REFERENCE_PERIOD"": ""2010=100"", ""SCALE"": ""0"", ""SECURITY_CLASSIFICATION"": ""PUB"", ""TYPE_OF_TRANSFORMATION"": ""IX""}}"
BRA,producer_price_index_quarterly_imf,2023-Q4,quarterly,340.9486627630719,\N,derived,IMF_PPI,IMF|ACCESS_SHARING_LEVEL=PUBLIC_OPEN|FREQUENCY=M|IFS_FLAG=true|INDICATOR=PPI|METHODOLOGY=PPI|OVERLAP=OL|REFERENCE_PERIOD=2010=100|SCALE=0|SECURITY_CLASSIFICATION=PUB|TYPE_OF_TRANSFORMATION=IX|aggregation=quarterly_mean,\N,"{""aggregation_method"": ""quarterly_mean"", ""source_derivation_types"": [""O"", ""O"", ""O""], ""source_months"": [""2023-M10"", ""2023-M11"", ""2023-M12""], ""source_observation_count"": 3, ""source_series_dimensions"": {""ACCESS_SHARING_LEVEL"": ""PUBLIC_OPEN"", ""COUNTRY"": ""BRA"", ""FREQUENCY"": ""M"", ""IFS_FLAG"": ""true"", ""INDICATOR"": ""PPI"", ""METHODOLOGY"": ""PPI"", ""OVERLAP"": ""OL"", ""REFERENCE_PERIOD"": ""2010=100"", ""SCALE"": ""0"", ""SECURITY_CLASSIFICATION"": ""PUB"", ""TYPE_OF_TRANSFORMATION"": ""IX""}}"
BRA,producer_price_index_quarterly_imf,2024-Q1,quarterly,339.1321285040728,\N,derived,IMF_PPI,IMF|ACCESS_SHARING_LEVEL=PUBLIC_OPEN|FREQUENCY=M|IFS_FLAG=true|INDICATOR=PPI|METHODOLOGY=PPI|OVERLAP=OL|REFERENCE_PERIOD=2010=100|SCALE=0|SECURITY_CLASSIFICATION=PUB|TYPE_OF_TRANSFORMATION=IX|aggregation=quarterly_mean,\N,"{""aggregation_method"": ""quarterly_mean"", ""source_derivation_types"": [""O"", ""O"", ""O""], ""source_months"": [""2024-M01"", ""2024-M02"", ""2024-M03""], ""source_observation_count"": 3, ""source_series_dimensions"": {""ACCESS_SHARING_LEVEL"": ""PUBLIC_OPEN"", ""COUNTRY"": ""BRA"", ""FREQUENCY"": ""M"", ""IFS_FLAG"": ""true"", ""INDICATOR"": ""PPI"", ""METHODOLOGY"": ""PPI"", ""OVERLAP"": ""OL"", ""REFERENCE_PERIOD"": ""2010=100"", ""SCALE"": ""0"", ""SECURITY_CLASSIFICATION"": ""PUB"", ""TYPE_OF_TRANSFORMATION"": ""IX""}}"
BRA,producer_price_index_quarterly_imf,2024-Q2,quarterly,342.79263711661775,\N,derived,IMF_PPI,IMF|ACCESS_SHARING_LEVEL=PUBLIC_OPEN|FREQUENCY=M|IFS_FLAG=true|INDICATOR=PPI|METHODOLOGY=PPI|OVERLAP=OL|REFERENCE_PERIOD=2010=100|SCALE=0|SECURITY_CLASSIFICATION=PUB|TYPE_OF_TRANSFORMATION=IX|aggregation=quarterly_mean,\N,"{""aggregation_method"": ""quarterly_mean"", ""source_derivation_types"": [""O"", ""O"", ""O""], ""source_months"": [""2024-M04"", ""2024-M05"", ""2024-M06""], ""source_observation_count"": 3, ""source_series_dimensions"": {""ACCESS_SHARING_LEVEL"": ""PUBLIC_OPEN"", ""COUNTRY"": ""BRA"", ""FREQUENCY"": ""M"", ""IFS_FLAG"": ""true"", ""INDICATOR"": ""PPI"", ""METHODOLOGY"": ""PPI"", ""OVERLAP"": ""OL"", ""REFERENCE_PERIOD"": ""2010=100"", ""SCALE"": ""0"", ""SECURITY_CLASSIFICATION"": ""PUB"", ""TYPE_OF_TRANSFORMATION"": ""IX""}}"
BRA,producer_price_index_quarterly_imf,2024-Q3,quarterly,350.00938198242983,\N,derived,IMF_PPI,IMF|ACCESS_SHARING_LEVEL=PUBLIC_OPEN|FREQUENCY=M|IFS_FLAG=true|INDICATOR=PPI|METHODOLOGY=PPI|OVERLAP=OL|REFERENCE_PERIOD=2010=100|SCALE=0|SECURITY_CLASSIFICATION=PUB|TYPE_OF_TRANSFORMATION=IX|aggregation=quarterly_mean,\N,"{""aggregation_method"": ""quarterly_mean"", ""source_derivation_types"": [""O"", ""O"", ""O""], ""source_months"": [""2024-M07"", ""2024-M08"", ""2024-M09""], ""source_observation_count"": 3, ""source_series_dimensions"": {""ACCESS_SHARING_LEVEL"": ""PUBLIC_OPEN"", ""COUNTRY"": ""BRA"", ""FREQUENCY"": ""M"", ""IFS_FLAG"": ""true"", ""INDICATOR"": ""PPI"", ""METHODOLOGY"": ""PPI"", ""OVERLAP"": ""OL"", ""REFERENCE_PERIOD"": ""2010=100"", ""SCALE"": ""0"", ""SECURITY_CLASSIFICATION"": ""PUB"", ""TYPE_OF_TRANSFORMATION"": ""IX""}}"
BRA,producer_price_index_quarterly_imf,2024-Q4,quarterly,365.320954739552,\N,derived,IMF_PPI,IMF|ACCESS_SHARING_LEVEL=PUBLIC_OPEN|FREQUENCY=M|IFS_FLAG=true|INDICATOR=PPI|METHODOLOGY=PPI|OVERLAP=OL|REFERENCE_PERIOD=2010=100|SCALE=0|SECURITY_CLASSIFICATION=PUB|TYPE_OF_TRANSFORMATION=IX|aggregation=quarterly_mean,\N,"{""aggregation_method"": ""quarterly_mean"", ""source_derivation_types"": [""O"", ""O"", ""O""], ""source_months"": [""2024-M10"", ""2024-M11"", ""2024-M12""], ""source_observation_count"": 3, ""source_series_dimensions"": {""ACCESS_SHARING_LEVEL"": ""PUBLIC_OPEN"", ""COUNTRY"": ""BRA"", ""FREQUENCY"": ""M"", ""IFS_FLAG"": ""true"", ""INDICATOR"": ""PPI"", ""METHODOLOGY"": ""PPI"", ""OVERLAP"": ""OL"", ""REFERENCE_PERIOD"": ""2010=100"", ""SCALE"": ""0"", ""SECURITY_CLASSIFICATION"": ""PUB"", ""TYPE_OF_TRANSFORMATION"": ""IX""}}"
CHE,producer_price_index_quarterly_imf,2020-Q1,quarterly,92.67044132474985,\N,derived,IMF_PPI,IMF|ACCESS_SHARING_LEVEL=PUBLIC_OPEN|FREQUENCY=M|IFS_FLAG=true|INDICATOR=PPI|METHODOLOGY=PPI|OVERLAP=OL|REFERENCE_PERIOD=2010=100|SCALE=0|SECURITY_CLASSIFICATION=PUB|TYPE_OF_TRANSFORMATION=IX|aggregation=quarterly_mean,\N,"{""aggregation_method"": ""quarterly_mean"", ""source_derivation_types"": [""O"", ""O"", ""O""], ""source_months"": [""2020-M01"", ""2020-M02"", ""2020-M03""], ""source_observation_count"": 3, ""source_series_dimensions"": {""ACCESS_SHARING_LEVEL"": ""PUBLIC_OPEN"", ""COUNTRY"": ""CHE"", ""FREQUENCY"": ""M"", ""IFS_FLAG"": ""true"", ""INDICATOR"": ""PPI"", ""METHODOLOGY"": ""PPI"", ""OVERLAP"": ""OL"", ""REFERENCE_PERIOD"": ""2010=100"", ""SCALE"": ""0"", ""SECURITY_CLASSIFICATION"": ""PUB"", ""TYPE_OF_TRANSFORMATION"": ""IX""}}"
CHE,producer_price_index_quarterly_imf,2020-Q2,quarterly,91.83277747614983,\N,derived,IMF_PPI,IMF|ACCESS_SHARING_LEVEL=PUBLIC_OPEN|FREQUENCY=M|IFS_FLAG=true|INDICATOR=PPI|METHODOLOGY=PPI|OVERLAP=OL|REFERENCE_PERIOD=2010=100|SCALE=0|SECURITY_CLASSIFICATION=PUB|TYPE_OF_TRANSFORMATION=IX|aggregation=quarterly_mean,\N,"{""aggregation_method"": ""quarterly_mean"", ""source_derivation_types"": [""O"", ""O"", ""O""], ""source_months"": [""2020-M04"", ""2020-M05"", ""2020-M06""], ""source_observation_count"": 3, ""source_series_dimensions"": {""ACCESS_SHARING_LEVEL"": ""PUBLIC_OPEN"", ""COUNTRY"": ""CHE"", ""FREQUENCY"": ""M"", ""IFS_FLAG"": ""true"", ""INDICATOR"": ""PPI"", ""METHODOLOGY"": ""PPI"", ""OVERLAP"": ""OL"", ""REFERENCE_PERIOD"": ""2010=100"", ""SCALE"": ""0"", ""SECURITY_CLASSIFICATION"": ""PUB"", ""TYPE_OF_TRANSFORMATION"": ""IX""}}"
CHE,producer_price_index_quarterly_imf,2020-Q3,quarterly,91.67765454122389,\N,derived,IMF_PPI,IMF|ACCESS_SHARING_LEVEL=PUBLIC_OPEN|FREQUENCY=M|IFS_FLAG=true|INDICATOR=PPI|METHODOLOGY=PPI|OVERLAP=OL|REFERENCE_PERIOD=2010=100|SCALE=0|SECURITY_CLASSIFICATION=PUB|TYPE_OF_TRANSFORMATION=IX|aggregation=quarterly_mean,\N,"{""aggregation_method"": ""quarterly_mean"", ""source_derivation_types"": [""O"", ""O"", ""O""], ""source_months"": [""2020-M07"", ""2020-M08"", ""2020-M09""], ""source_observation_count"": 3, ""source_series_dimensions"": {""ACCESS_SHARING_LEVEL"": ""PUBLIC_OPEN"", ""COUNTRY"": ""CHE"", ""FREQUENCY"": ""M"", ""IFS_FLAG"": ""true"", ""INDICATOR"": ""PPI"", ""METHODOLOGY"": ""PPI"", ""OVERLAP"": ""OL"", ""REFERENCE_PERIOD"": ""2010=100"", ""SCALE"": ""0"", ""SECURITY_CLASSIFICATION"": ""PUB"", ""TYPE_OF_TRANSFORMATION"": ""IX""}}"
CHE,producer_price_index_quarterly_imf,2020-Q4,quarterly,91.64662995423869,\N,derived,IMF_PPI,IMF|ACCESS_SHARING_LEVEL=PUBLIC_OPEN|FREQUENCY=M|IFS_FLAG=true|INDICATOR=PPI|METHODOLOGY=PPI|OVERLAP=OL|REFERENCE_PERIOD=2010=100|SCALE=0|SECURITY_CLASSIFICATION=PUB|TYPE_OF_TRANSFORMATION=IX|aggregation=quarterly_mean,\N,"{""aggregation_method"": ""quarterly_mean"", ""source_derivation_types"": [""O"", ""O"", ""O""], ""source_months"": [""2020-M10"", ""2020-M11"", ""2020-M12""], ""source_observation_count"": 3, ""source_series_dimensions"": {""ACCESS_SHARING_LEVEL"": ""PUBLIC_OPEN"", ""COUNTRY"": ""CHE"", ""FREQUENCY"": ""M"", ""IFS_FLAG"": ""true"", ""INDICATOR"": ""PPI"", ""METHODOLOGY"": ""PPI"", ""OVERLAP"": ""OL"", ""REFERENCE_PERIOD"": ""2010=100"", ""SCALE"": ""0"", ""SECURITY_CLASSIFICATION"": ""PUB"", ""TYPE_OF_TRANSFORMATION"": ""IX""}}"
CHE,producer_price_index_quarterly_imf,2021-Q1,quarterly,91.67765454122389,\N,derived,IMF_PPI,IMF|ACCESS_SHARING_LEVEL=PUBLIC_OPEN|FREQUENCY=M|IFS_FLAG=true|INDICATOR=PPI|METHODOLOGY=PPI|OVERLAP=OL|REFERENCE_PERIOD=2010=100|SCALE=0|SECURITY_CLASSIFICATION=PUB|TYPE_OF_TRANSFORMATION=IX|aggregation=quarterly_mean,\N,"{""aggregation_method"": ""quarterly_mean"", ""source_derivation_types"": [""O"", ""O"", ""O""], ""source_months"": [""2021-M01"", ""2021-M02"", ""2021-M03""], ""source_observation_count"": 3, ""source_series_dimensions"": {""ACCESS_SHARING_LEVEL"": ""PUBLIC_OPEN"", ""COUNTRY"": ""CHE"", ""FREQUENCY"": ""M"", ""IFS_FLAG"": ""true"", ""INDICATOR"": ""PPI"", ""METHODOLOGY"": ""PPI"", ""OVERLAP"": ""OL"", ""REFERENCE_PERIOD"": ""2010=100"", ""SCALE"": ""0"", ""SECURITY_CLASSIFICATION"": ""PUB"", ""TYPE_OF_TRANSFORMATION"": ""IX""}}"
CHE,producer_price_index_quarterly_imf,2021-Q2,quarterly,92.67044132474985,\N,derived,IMF_PPI,IMF|ACCESS_SHARING_LEVEL=PUBLIC_OPEN|FREQUENCY=M|IFS_FLAG=true|INDICATOR=PPI|METHODOLOGY=PPI|OVERLAP=OL|REFERENCE_PERIOD=2010=100|SCALE=0|SECURITY_CLASSIFICATION=PUB|TYPE_OF_TRANSFORMATION=IX|aggregation=quarterly_mean,\N,"{""aggregation_method"": ""quarterly_mean"", ""source_derivation_types"": [""O"", ""O"", ""O""], ""source_months"": [""2021-M04"", ""2021-M05"", ""2021-M06""], ""source_observation_count"": 3, ""source_series_dimensions"": {""ACCESS_SHARING_LEVEL"": ""PUBLIC_OPEN"", ""COUNTRY"": ""CHE"", ""FREQUENCY"": ""M"", ""IFS_FLAG"": ""true"", ""INDICATOR"": ""PPI"", ""METHODOLOGY"": ""PPI"", ""OVERLAP"": ""OL"", ""REFERENCE_PERIOD"": ""2010=100"", ""SCALE"": ""0"", ""SECURITY_CLASSIFICATION"": ""PUB"", ""TYPE_OF_TRANSFORMATION"": ""IX""}}"
CHE,producer_price_index_quarterly_imf,2021-Q3,quarterly,93.57015434732023,\N,derived,IMF_PPI,IMF|ACCESS_SHARING_LEVEL=PUBLIC_OPEN|FREQUENCY=M|IFS_FLAG=true|INDICATOR=PPI|METHODOLOGY=PPI|OVERLAP=OL|REFERENCE_PERIOD=2010=100|SCALE=0|SECURITY_CLASSIFICATION=PUB|TYPE_OF_TRANSFORMATION=IX|aggregation=quarterly_mean,\N,"{""aggregation_method"": ""quarterly_mean"", ""source_derivation_types"": [""O"", ""O"", ""O""], ""source_months"": [""2021-M07"", ""2021-M08"", ""2021-M09""], ""source_observation_count"": 3, ""source_series_dimensions"": {""ACCESS_SHARING_LEVEL"": ""PUBLIC_OPEN"", ""COUNTRY"": ""CHE"", ""FREQUENCY"": ""M"", ""IFS_FLAG"": ""true"", ""INDICATOR"": ""PPI"", ""METHODOLOGY"": ""PPI"", ""OVERLAP"": ""OL"", ""REFERENCE_PERIOD"": ""2010=100"", ""SCALE"": ""0"", ""SECURITY_CLASSIFICATION"": ""PUB"", ""TYPE_OF_TRANSFORMATION"": ""IX""}}"
CHE,producer_price_index_quarterly_imf,2021-Q4,quarterly,94.43884278290541,\N,derived,IMF_PPI,IMF|ACCESS_SHARING_LEVEL=PUBLIC_OPEN|FREQUENCY=M|IFS_FLAG=true|INDICATOR=PPI|METHODOLOGY=PPI|OVERLAP=OL|REFERENCE_PERIOD=2010=100|SCALE=0|SECURITY_CLASSIFICATION=PUB|TYPE_OF_TRANSFORMATION=IX|aggregation=quarterly_mean,\N,"{""aggregation_method"": ""quarterly_mean"", ""source_derivation_types"": [""O"", ""O"", ""O""], ""source_months"": [""2021-M10"", ""2021-M11"", ""2021-M12""], ""source_observation_count"": 3, ""source_series_dimensions"": {""ACCESS_SHARING_LEVEL"": ""PUBLIC_OPEN"", ""COUNTRY"": ""CHE"", ""FREQUENCY"": ""M"", ""IFS_FLAG"": ""true"", ""INDICATOR"": ""PPI"", ""METHODOLOGY"": ""PPI"", ""OVERLAP"": ""OL"", ""REFERENCE_PERIOD"": ""2010=100"", ""SCALE"": ""0"", ""SECURITY_CLASSIFICATION"": ""PUB"", ""TYPE_OF_TRANSFORMATION"": ""IX""}}"
CHE,producer_price_index_quarterly_imf,2022-Q1,quarterly,95.12138369657951,\N,derived,IMF_PPI,IMF|ACCESS_SHARING_LEVEL=PUBLIC_OPEN|FREQUENCY=M|IFS_FLAG=true|INDICATOR=PPI|METHODOLOGY=PPI|OVERLAP=OL|REFERENCE_PERIOD=2010=100|SCALE=0|SECURITY_CLASSIFICATION=PUB|TYPE_OF_TRANSFORMATION=IX|aggregation=quarterly_mean,\N,"{""aggregation_method"": ""quarterly_mean"", ""source_derivation_types"": [""O"", ""O"", ""O""], ""source_months"": [""2022-M01"", ""2022-M02"", ""2022-M03""], ""source_observation_count"": 3, ""source_series_dimensions"": {""ACCESS_SHARING_LEVEL"": ""PUBLIC_OPEN"", ""COUNTRY"": ""CHE"", ""FREQUENCY"": ""M"", ""IFS_FLAG"": ""true"", ""INDICATOR"": ""PPI"", ""METHODOLOGY"": ""PPI"", ""OVERLAP"": ""OL"", ""REFERENCE_PERIOD"": ""2010=100"", ""SCALE"": ""0"", ""SECURITY_CLASSIFICATION"": ""PUB"", ""TYPE_OF_TRANSFORMATION"": ""IX""}}"
CHE,producer_price_index_quarterly_imf,2022-Q2,quarterly,96.79671139377955,\N,derived,IMF_PPI,IMF|ACCESS_SHARING_LEVEL=PUBLIC_OPEN|FREQUENCY=M|IFS_FLAG=true|INDICATOR=PPI|METHODOLOGY=PPI|OVERLAP=OL|REFERENCE_PERIOD=2010=100|SCALE=0|SECURITY_CLASSIFICATION=PUB|TYPE_OF_TRANSFORMATION=IX|aggregation=quarterly_mean,\N,"{""aggregation_method"": ""quarterly_mean"", ""source_derivation_types"": [""O"", ""O"", ""O""], ""source_months"": [""2022-M04"", ""2022-M05"", ""2022-M06""], ""source_observation_count"": 3, ""source_series_dimensions"": {""ACCESS_SHARING_LEVEL"": ""PUBLIC_OPEN"", ""COUNTRY"": ""CHE"", ""FREQUENCY"": ""M"", ""IFS_FLAG"": ""true"", ""INDICATOR"": ""PPI"", ""METHODOLOGY"": ""PPI"", ""OVERLAP"": ""OL"", ""REFERENCE_PERIOD"": ""2010=100"", ""SCALE"": ""0"", ""SECURITY_CLASSIFICATION"": ""PUB"", ""TYPE_OF_TRANSFORMATION"": ""IX""}}"
CHE,producer_price_index_quarterly_imf,2022-Q3,quarterly,97.541301481424,\N,derived,IMF_PPI,IMF|ACCESS_SHARING_LEVEL=PUBLIC_OPEN|FREQUENCY=M|IFS_FLAG=true|INDICATOR=PPI|METHODOLOGY=PPI|OVERLAP=OL|REFERENCE_PERIOD=2010=100|SCALE=0|SECURITY_CLASSIFICATION=PUB|TYPE_OF_TRANSFORMATION=IX|aggregation=quarterly_mean,\N,"{""aggregation_method"": ""quarterly_mean"", ""source_derivation_types"": [""O"", ""O"", ""O""], ""source_months"": [""2022-M07"", ""2022-M08"", ""2022-M09""], ""source_observation_count"": 3, ""source_series_dimensions"": {""ACCESS_SHARING_LEVEL"": ""PUBLIC_OPEN"", ""COUNTRY"": ""CHE"", ""FREQUENCY"": ""M"", ""IFS_FLAG"": ""true"", ""INDICATOR"": ""PPI"", ""METHODOLOGY"": ""PPI"", ""OVERLAP"": ""OL"", ""REFERENCE_PERIOD"": ""2010=100"", ""SCALE"": ""0"", ""SECURITY_CLASSIFICATION"": ""PUB"", ""TYPE_OF_TRANSFORMATION"": ""IX""}}"
CHE,producer_price_index_quarterly_imf,2022-Q4,quarterly,97.41720313348326,\N,derived,IMF_PPI,IMF|ACCESS_SHARING_LEVEL=PUBLIC_OPEN|FREQUENCY=M|IFS_FLAG=true|INDICATOR=PPI|METHODOLOGY=PPI|OVERLAP=OL|REFERENCE_PERIOD=2010=100|SCALE=0|SECURITY_CLASSIFICATION=PUB|TYPE_OF_TRANSFORMATION=IX|aggregation=quarterly_mean,\N,"{""aggregation_method"": ""quarterly_mean"", ""source_derivation_types"": [""O"", ""O"", ""O""], ""source_months"": [""2022-M10"", ""2022-M11"", ""2022-M12""], ""source_observation_count"": 3, ""source_series_dimensions"": {""ACCESS_SHARING_LEVEL"": ""PUBLIC_OPEN"", ""COUNTRY"": ""CHE"", ""FREQUENCY"": ""M"", ""IFS_FLAG"": ""true"", ""INDICATOR"": ""PPI"", ""METHODOLOGY"": ""PPI"", ""OVERLAP"": ""OL"", ""REFERENCE_PERIOD"": ""2010=100"", ""SCALE"": ""0"", ""SECURITY_CLASSIFICATION"": ""PUB"", ""TYPE_OF_TRANSFORMATION"": ""IX""}}"
CHE,producer_price_index_quarterly_imf,2023-Q1,quarterly,98.06871946017215,\N,derived,IMF_PPI,IMF|ACCESS_SHARING_LEVEL=PUBLIC_OPEN|FREQUENCY=M|IFS_FLAG=true|INDICATOR=PPI|METHODOLOGY=PPI|OVERLAP=OL|REFERENCE_PERIOD=2010=100|SCALE=0|SECURITY_CLASSIFICATION=PUB|TYPE_OF_TRANSFORMATION=IX|aggregation=quarterly_mean,\N,"{""aggregation_method"": ""quarterly_mean"", ""source_derivation_types"": [""O"", ""O"", ""O""], ""source_months"": [""2023-M01"", ""2023-M02"", ""2023-M03""], ""source_observation_count"": 3, ""source_series_dimensions"": {""ACCESS_SHARING_LEVEL"": ""PUBLIC_OPEN"", ""COUNTRY"": ""CHE"", ""FREQUENCY"": ""M"", ""IFS_FLAG"": ""true"", ""INDICATOR"": ""PPI"", ""METHODOLOGY"": ""PPI"", ""OVERLAP"": ""OL"", ""REFERENCE_PERIOD"": ""2010=100"", ""SCALE"": ""0"", ""SECURITY_CLASSIFICATION"": ""PUB"", ""TYPE_OF_TRANSFORMATION"": ""IX""}}"
CHE,producer_price_index_quarterly_imf,2023-Q2,quarterly,98.93740789575736,\N,derived,IMF_PPI,IMF|ACCESS_SHARING_LEVEL=PUBLIC_OPEN|FREQUENCY=M|IFS_FLAG=true|INDICATOR=PPI|METHODOLOGY=PPI|OVERLAP=OL|REFERENCE_PERIOD=2010=100|SCALE=0|SECURITY_CLASSIFICATION=PUB|TYPE_OF_TRANSFORMATION=IX|aggregation=quarterly_mean,\N,"{""aggregation_method"": ""quarterly_mean"", ""source_derivation_types"": [""O"", ""O"", ""O""], ""source_months"": [""2023-M04"", ""2023-M05"", ""2023-M06""], ""source_observation_count"": 3, ""source_series_dimensions"": {""ACCESS_SHARING_LEVEL"": ""PUBLIC_OPEN"", ""COUNTRY"": ""CHE"", ""FREQUENCY"": ""M"", ""IFS_FLAG"": ""true"", ""INDICATOR"": ""PPI"", ""METHODOLOGY"": ""PPI"", ""OVERLAP"": ""OL"", ""REFERENCE_PERIOD"": ""2010=100"", ""SCALE"": ""0"", ""SECURITY_CLASSIFICATION"": ""PUB"", ""TYPE_OF_TRANSFORMATION"": ""IX""}}"
CHE,producer_price_index_quarterly_imf,2023-Q3,quarterly,98.8443341348018,\N,derived,IMF_PPI,IMF|ACCESS_SHARING_LEVEL=PUBLIC_OPEN|FREQUENCY=M|IFS_FLAG=true|INDICATOR=PPI|METHODOLOGY=PPI|OVERLAP=OL|REFERENCE_PERIOD=2010=100|SCALE=0|SECURITY_CLASSIFICATION=PUB|TYPE_OF_TRANSFORMATION=IX|aggregation=quarterly_mean,\N,"{""aggregation_method"": ""quarterly_mean"", ""source_derivation_types"": [""O"", ""O"", ""O""], ""source_months"": [""2023-M07"", ""2023-M08"", ""2023-M09""], ""source_observation_count"": 3, ""source_series_dimensions"": {""ACCESS_SHARING_LEVEL"": ""PUBLIC_OPEN"", ""COUNTRY"": ""CHE"", ""FREQUENCY"": ""M"", ""IFS_FLAG"": ""true"", ""INDICATOR"": ""PPI"", ""METHODOLOGY"": ""PPI"", ""OVERLAP"": ""OL"", ""REFERENCE_PERIOD"": ""2010=100"", ""SCALE"": ""0"", ""SECURITY_CLASSIFICATION"": ""PUB"", ""TYPE_OF_TRANSFORMATION"": ""IX""}}"
CHE,producer_price_index_quarterly_imf,2023-Q4,quarterly,98.16179322112771,\N,derived,IMF_PPI,IMF|ACCESS_SHARING_LEVEL=PUBLIC_OPEN|FREQUENCY=M|IFS_FLAG=true|INDICATOR=PPI|METHODOLOGY=PPI|OVERLAP=OL|REFERENCE_PERIOD=2010=100|SCALE=0|SECURITY_CLASSIFICATION=PUB|TYPE_OF_TRANSFORMATION=IX|aggregation=quarterly_mean,\N,"{""aggregation_method"": ""quarterly_mean"", ""source_derivation_types"": [""O"", ""O"", ""O""], ""source_months"": [""2023-M10"", ""2023-M11"", ""2023-M12""], ""source_observation_count"": 3, ""source_series_dimensions"": {""ACCESS_SHARING_LEVEL"": ""PUBLIC_OPEN"", ""COUNTRY"": ""CHE"", ""FREQUENCY"": ""M"", ""IFS_FLAG"": ""true"", ""INDICATOR"": ""PPI"", ""METHODOLOGY"": ""PPI"", ""OVERLAP"": ""OL"", ""REFERENCE_PERIOD"": ""2010=100"", ""SCALE"": ""0"", ""SECURITY_CLASSIFICATION"": ""PUB"", ""TYPE_OF_TRANSFORMATION"": ""IX""}}"
CHE,producer_price_index_quarterly_imf,2024-Q1,quarterly,97.82052276429067,\N,derived,IMF_PPI,IMF|ACCESS_SHARING_LEVEL=PUBLIC_OPEN|FREQUENCY=M|IFS_FLAG=true|INDICATOR=PPI|METHODOLOGY=PPI|OVERLAP=OL|REFERENCE_PERIOD=2010=100|SCALE=0|SECURITY_CLASSIFICATION=PUB|TYPE_OF_TRANSFORMATION=IX|aggregation=quarterly_mean,\N,"{""aggregation_method"": ""quarterly_mean"", ""source_derivation_types"": [""O"", ""O"", ""O""], ""source_months"": [""2024-M01"", ""2024-M02"", ""2024-M03""], ""source_observation_count"": 3, ""source_series_dimensions"": {""ACCESS_SHARING_LEVEL"": ""PUBLIC_OPEN"", ""COUNTRY"": ""CHE"", ""FREQUENCY"": ""M"", ""IFS_FLAG"": ""true"", ""INDICATOR"": ""PPI"", ""METHODOLOGY"": ""PPI"", ""OVERLAP"": ""OL"", ""REFERENCE_PERIOD"": ""2010=100"", ""SCALE"": ""0"", ""SECURITY_CLASSIFICATION"": ""PUB"", ""TYPE_OF_TRANSFORMATION"": ""IX""}}"
CHE,producer_price_index_quarterly_imf,2024-Q2,quarterly,98.03769487318698,\N,derived,IMF_PPI,IMF|ACCESS_SHARING_LEVEL=PUBLIC_OPEN|FREQUENCY=M|IFS_FLAG=true|INDICATOR=PPI|METHODOLOGY=PPI|OVERLAP=OL|REFERENCE_PERIOD=2010=100|SCALE=0|SECURITY_CLASSIFICATION=PUB|TYPE_OF_TRANSFORMATION=IX|aggregation=quarterly_mean,\N,"{""aggregation_method"": ""quarterly_mean"", ""source_derivation_types"": [""O"", ""O"", ""O""], ""source_months"": [""2024-M04"", ""2024-M05"", ""2024-M06""], ""source_observation_count"": 3, ""source_series_dimensions"": {""ACCESS_SHARING_LEVEL"": ""PUBLIC_OPEN"", ""COUNTRY"": ""CHE"", ""FREQUENCY"": ""M"", ""IFS_FLAG"": ""true"", ""INDICATOR"": ""PPI"", ""METHODOLOGY"": ""PPI"", ""OVERLAP"": ""OL"", ""REFERENCE_PERIOD"": ""2010=100"", ""SCALE"": ""0"", ""SECURITY_CLASSIFICATION"": ""PUB"", ""TYPE_OF_TRANSFORMATION"": ""IX""}}"
CHE,producer_price_index_quarterly_imf,2024-Q3,quarterly,98.28589156906844,\N,derived,IMF_PPI,IMF|ACCESS_SHARING_LEVEL=PUBLIC_OPEN|FREQUENCY=M|IFS_FLAG=true|INDICATOR=PPI|METHODOLOGY=PPI|OVERLAP=OL|REFERENCE_PERIOD=2010=100|SCALE=0|SECURITY_CLASSIFICATION=PUB|TYPE_OF_TRANSFORMATION=IX|aggregation=quarterly_mean,\N,"{""aggregation_method"": ""quarterly_mean"", ""source_derivation_types"": [""O"", ""O"", ""O""], ""source_months"": [""2024-M07"", ""2024-M08"", ""2024-M09""], ""source_observation_count"": 3, ""source_series_dimensions"": {""ACCESS_SHARING_LEVEL"": ""PUBLIC_OPEN"", ""COUNTRY"": ""CHE"", ""FREQUENCY"": ""M"", ""IFS_FLAG"": ""true"", ""INDICATOR"": ""PPI"", ""METHODOLOGY"": ""PPI"", ""OVERLAP"": ""OL"", ""REFERENCE_PERIOD"": ""2010=100"", ""SCALE"": ""0"", ""SECURITY_CLASSIFICATION"": ""PUB"", ""TYPE_OF_TRANSFORMATION"": ""IX""}}"
CHE,producer_price_index_quarterly_imf,2024-Q4,quarterly,97.85154735127587,\N,derived,IMF_PPI,IMF|ACCESS_SHARING_LEVEL=PUBLIC_OPEN|FREQUENCY=M|IFS_FLAG=true|INDICATOR=PPI|METHODOLOGY=PPI|OVERLAP=OL|REFERENCE_PERIOD=2010=100|SCALE=0|SECURITY_CLASSIFICATION=PUB|TYPE_OF_TRANSFORMATION=IX|aggregation=quarterly_mean,\N,"{""aggregation_method"": ""quarterly_mean"", ""source_derivation_types"": [""O"", ""O"", ""O""], ""source_months"": [""2024-M10"", ""2024-M11"", ""2024-M12""], ""source_observation_count"": 3, ""source_series_dimensions"": {""ACCESS_SHARING_LEVEL"": ""PUBLIC_OPEN"", ""COUNTRY"": ""CHE"", ""FREQUENCY"": ""M"", ""IFS_FLAG"": ""true"", ""INDICATOR"": ""PPI"", ""METHODOLOGY"": ""PPI"", ""OVERLAP"": ""OL"", ""REFERENCE_PERIOD"": ""2010=100"", ""SCALE"": ""0"", ""SECURITY_CLASSIFICATION"": ""PUB"", ""TYPE_OF_TRANSFORMATION"": ""IX""}}"
CHN,producer_price_index_quarterly_imf,2020-Q1,quarterly,107.90897501530797,\N,derived,IMF_PPI,IMF|ACCESS_SHARING_LEVEL=PUBLIC_OPEN|FREQUENCY=M|IFS_FLAG=true|INDICATOR=PPI|METHODOLOGY=PPI|OVERLAP=OL|REFERENCE_PERIOD=2010=100|SCALE=0|SECURITY_CLASSIFICATION=PUB|TYPE_OF_TRANSFORMATION=IX|aggregation=quarterly_mean,\N,"{""aggregation_method"": ""quarterly_mean"", ""source_derivation_types"": [""O"", ""O"", ""O""], ""source_months"": [""2020-M01"", ""2020-M02"", ""2020-M03""], ""source_observation_count"": 3, ""source_series_dimensions"": {""ACCESS_SHARING_LEVEL"": ""PUBLIC_OPEN"", ""COUNTRY"": ""CHN"", ""FREQUENCY"": ""M"", ""IFS_FLAG"": ""true"", ""INDICATOR"": ""PPI"", ""METHODOLOGY"": ""PPI"", ""OVERLAP"": ""OL"", ""REFERENCE_PERIOD"": ""2010=100"", ""SCALE"": ""0"", ""SECURITY_CLASSIFICATION"": ""PUB"", ""TYPE_OF_TRANSFORMATION"": ""IX""}}"
CHN,producer_price_index_quarterly_imf,2020-Q2,quarterly,105.4663842630235,\N,derived,IMF_PPI,IMF|ACCESS_SHARING_LEVEL=PUBLIC_OPEN|FREQUENCY=M|IFS_FLAG=true|INDICATOR=PPI|METHODOLOGY=PPI|OVERLAP=OL|REFERENCE_PERIOD=2010=100|SCALE=0|SECURITY_CLASSIFICATION=PUB|TYPE_OF_TRANSFORMATION=IX|aggregation=quarterly_mean,\N,"{""aggregation_method"": ""quarterly_mean"", ""source_derivation_types"": [""O"", ""O"", ""O""], ""source_months"": [""2020-M04"", ""2020-M05"", ""2020-M06""], ""source_observation_count"": 3, ""source_series_dimensions"": {""ACCESS_SHARING_LEVEL"": ""PUBLIC_OPEN"", ""COUNTRY"": ""CHN"", ""FREQUENCY"": ""M"", ""IFS_FLAG"": ""true"", ""INDICATOR"": ""PPI"", ""METHODOLOGY"": ""PPI"", ""OVERLAP"": ""OL"", ""REFERENCE_PERIOD"": ""2010=100"", ""SCALE"": ""0"", ""SECURITY_CLASSIFICATION"": ""PUB"", ""TYPE_OF_TRANSFORMATION"": ""IX""}}"
CHN,producer_price_index_quarterly_imf,2020-Q3,quarterly,106.23596765072956,\N,derived,IMF_PPI,IMF|ACCESS_SHARING_LEVEL=PUBLIC_OPEN|FREQUENCY=M|IFS_FLAG=true|INDICATOR=PPI|METHODOLOGY=PPI|OVERLAP=OL|REFERENCE_PERIOD=2010=100|SCALE=0|SECURITY_CLASSIFICATION=PUB|TYPE_OF_TRANSFORMATION=IX|aggregation=quarterly_mean,\N,"{""aggregation_method"": ""quarterly_mean"", ""source_derivation_types"": [""O"", ""O"", ""O""], ""source_months"": [""2020-M07"", ""2020-M08"", ""2020-M09""], ""source_observation_count"": 3, ""source_series_dimensions"": {""ACCESS_SHARING_LEVEL"": ""PUBLIC_OPEN"", ""COUNTRY"": ""CHN"", ""FREQUENCY"": ""M"", ""IFS_FLAG"": ""true"", ""INDICATOR"": ""PPI"", ""METHODOLOGY"": ""PPI"", ""OVERLAP"": ""OL"", ""REFERENCE_PERIOD"": ""2010=100"", ""SCALE"": ""0"", ""SECURITY_CLASSIFICATION"": ""PUB"", ""TYPE_OF_TRANSFORMATION"": ""IX""}}"
CHN,producer_price_index_quarterly_imf,2020-Q4,quarterly,107.20631192218502,\N,derived,IMF_PPI,IMF|ACCESS_SHARING_LEVEL=PUBLIC_OPEN|FREQUENCY=M|IFS_FLAG=true|INDICATOR=PPI|METHODOLOGY=PPI|OVERLAP=OL|REFERENCE_PERIOD=2010=100|SCALE=0|SECURITY_CLASSIFICATION=PUB|TYPE_OF_TRANSFORMATION=IX|aggregation=quarterly_mean,\N,"{""aggregation_method"": ""quarterly_mean"", ""source_derivation_types"": [""O"", ""O"", ""O""], ""source_months"": [""2020-M10"", ""2020-M11"", ""2020-M12""], ""source_observation_count"": 3, ""source_series_dimensions"": {""ACCESS_SHARING_LEVEL"": ""PUBLIC_OPEN"", ""COUNTRY"": ""CHN"", ""FREQUENCY"": ""M"", ""IFS_FLAG"": ""true"", ""INDICATOR"": ""PPI"", ""METHODOLOGY"": ""PPI"", ""OVERLAP"": ""OL"", ""REFERENCE_PERIOD"": ""2010=100"", ""SCALE"": ""0"", ""SECURITY_CLASSIFICATION"": ""PUB"", ""TYPE_OF_TRANSFORMATION"": ""IX""}}"
CHN,producer_price_index_quarterly_imf,2021-Q1,quarterly,103.75991675115351,\N,derived,IMF_PPI,IMF|ACCESS_SHARING_LEVEL=PUBLIC_OPEN|FREQUENCY=M|IFS_FLAG=true|INDICATOR=PPI|METHODOLOGY=PPI|OVERLAP=OL|REFERENCE_PERIOD=2010=100|SCALE=0|SECURITY_CLASSIFICATION=PUB|TYPE_OF_TRANSFORMATION=IX|aggregation=quarterly_mean,\N,"{""aggregation_method"": ""quarterly_mean"", ""source_derivation_types"": [""O"", ""O"", ""O""], ""source_months"": [""2021-M01"", ""2021-M02"", ""2021-M03""], ""source_observation_count"": 3, ""source_series_dimensions"": {""ACCESS_SHARING_LEVEL"": ""PUBLIC_OPEN"", ""COUNTRY"": ""CHN"", ""FREQUENCY"": ""M"", ""IFS_FLAG"": ""true"", ""INDICATOR"": ""PPI"", ""METHODOLOGY"": ""PPI"", ""OVERLAP"": ""OL"", ""REFERENCE_PERIOD"": ""2010=100"", ""SCALE"": ""0"", ""SECURITY_CLASSIFICATION"": ""PUB"", ""TYPE_OF_TRANSFORMATION"": ""IX""}}"
CHN,producer_price_index_quarterly_imf,2021-Q2,quarterly,107.34015251135133,\N,derived,IMF_PPI,IMF|ACCESS_SHARING_LEVEL=PUBLIC_OPEN|FREQUENCY=M|IFS_FLAG=true|INDICATOR=PPI|METHODOLOGY=PPI|OVERLAP=OL|REFERENCE_PERIOD=2010=100|SCALE=0|SECURITY_CLASSIFICATION=PUB|TYPE_OF_TRANSFORMATION=IX|aggregation=quarterly_mean,\N,"{""aggregation_method"": ""quarterly_mean"", ""source_derivation_types"": [""O"", ""O"", ""O""], ""source_months"": [""2021-M04"", ""2021-M05"", ""2021-M06""], ""source_observation_count"": 3, ""source_series_dimensions"": {""ACCESS_SHARING_LEVEL"": ""PUBLIC_OPEN"", ""COUNTRY"": ""CHN"", ""FREQUENCY"": ""M"", ""IFS_FLAG"": ""true"", ""INDICATOR"": ""PPI"", ""METHODOLOGY"": ""PPI"", ""OVERLAP"": ""OL"", ""REFERENCE_PERIOD"": ""2010=100"", ""SCALE"": ""0"", ""SECURITY_CLASSIFICATION"": ""PUB"", ""TYPE_OF_TRANSFORMATION"": ""IX""}}"
CHN,producer_price_index_quarterly_imf,2021-Q3,quarterly,109.64890267446954,\N,derived,IMF_PPI,IMF|ACCESS_SHARING_LEVEL=PUBLIC_OPEN|FREQUENCY=M|IFS_FLAG=true|INDICATOR=PPI|METHODOLOGY=PPI|OVERLAP=OL|REFERENCE_PERIOD=2010=100|SCALE=0|SECURITY_CLASSIFICATION=PUB|TYPE_OF_TRANSFORMATION=IX|aggregation=quarterly_mean,\N,"{""aggregation_method"": ""quarterly_mean"", ""source_derivation_types"": [""O"", ""O"", ""O""], ""source_months"": [""2021-M07"", ""2021-M08"", ""2021-M09""], ""source_observation_count"": 3, ""source_series_dimensions"": {""ACCESS_SHARING_LEVEL"": ""PUBLIC_OPEN"", ""COUNTRY"": ""CHN"", ""FREQUENCY"": ""M"", ""IFS_FLAG"": ""true"", ""INDICATOR"": ""PPI"", ""METHODOLOGY"": ""PPI"", ""OVERLAP"": ""OL"", ""REFERENCE_PERIOD"": ""2010=100"", ""SCALE"": ""0"", ""SECURITY_CLASSIFICATION"": ""PUB"", ""TYPE_OF_TRANSFORMATION"": ""IX""}}"
CHN,producer_price_index_quarterly_imf,2021-Q4,quarterly,113.0952978455011,\N,derived,IMF_PPI,IMF|ACCESS_SHARING_LEVEL=PUBLIC_OPEN|FREQUENCY=M|IFS_FLAG=true|INDICATOR=PPI|METHODOLOGY=PPI|OVERLAP=OL|REFERENCE_PERIOD=2010=100|SCALE=0|SECURITY_CLASSIFICATION=PUB|TYPE_OF_TRANSFORMATION=IX|aggregation=quarterly_mean,\N,"{""aggregation_method"": ""quarterly_mean"", ""source_derivation_types"": [""O"", ""O"", ""O""], ""source_months"": [""2021-M10"", ""2021-M11"", ""2021-M12""], ""source_observation_count"": 3, ""source_series_dimensions"": {""ACCESS_SHARING_LEVEL"": ""PUBLIC_OPEN"", ""COUNTRY"": ""CHN"", ""FREQUENCY"": ""M"", ""IFS_FLAG"": ""true"", ""INDICATOR"": ""PPI"", ""METHODOLOGY"": ""PPI"", ""OVERLAP"": ""OL"", ""REFERENCE_PERIOD"": ""2010=100"", ""SCALE"": ""0"", ""SECURITY_CLASSIFICATION"": ""PUB"", ""TYPE_OF_TRANSFORMATION"": ""IX""}}"
CHN,producer_price_index_quarterly_imf,2022-Q1,quarterly,112.82761666716853,\N,derived,IMF_PPI,IMF|ACCESS_SHARING_LEVEL=PUBLIC_OPEN|FREQUENCY=M|IFS_FLAG=true|INDICATOR=PPI|METHODOLOGY=PPI|OVERLAP=OL|REFERENCE_PERIOD=2010=100|SCALE=0|SECURITY_CLASSIFICATION=PUB|TYPE_OF_TRANSFORMATION=IX|aggregation=quarterly_mean,\N,"{""aggregation_method"": ""quarterly_mean"", ""source_derivation_types"": [""O"", ""O"", ""O""], ""source_months"": [""2022-M01"", ""2022-M02"", ""2022-M03""], ""source_observation_count"": 3, ""source_series_dimensions"": {""ACCESS_SHARING_LEVEL"": ""PUBLIC_OPEN"", ""COUNTRY"": ""CHN"", ""FREQUENCY"": ""M"", ""IFS_FLAG"": ""true"", ""INDICATOR"": ""PPI"", ""METHODOLOGY"": ""PPI"", ""OVERLAP"": ""OL"", ""REFERENCE_PERIOD"": ""2010=100"", ""SCALE"": ""0"", ""SECURITY_CLASSIFICATION"": ""PUB"", ""TYPE_OF_TRANSFORMATION"": ""IX""}}"
CHN,producer_price_index_quarterly_imf,2022-Q2,quarterly,114.56754432633007,\N,derived,IMF_PPI,IMF|ACCESS_SHARING_LEVEL=PUBLIC_OPEN|FREQUENCY=M|IFS_FLAG=true|INDICATOR=PPI|METHODOLOGY=PPI|OVERLAP=OL|REFERENCE_PERIOD=2010=100|SCALE=0|SECURITY_CLASSIFICATION=PUB|TYPE_OF_TRANSFORMATION=IX|aggregation=quarterly_mean,\N,"{""aggregation_method"": ""quarterly_mean"", ""source_derivation_types"": [""O"", ""O"", ""O""], ""source_months"": [""2022-M04"", ""2022-M05"", ""2022-M06""], ""source_observation_count"": 3, ""source_series_dimensions"": {""ACCESS_SHARING_LEVEL"": ""PUBLIC_OPEN"", ""COUNTRY"": ""CHN"", ""FREQUENCY"": ""M"", ""IFS_FLAG"": ""true"", ""INDICATOR"": ""PPI"", ""METHODOLOGY"": ""PPI"", ""OVERLAP"": ""OL"", ""REFERENCE_PERIOD"": ""2010=100"", ""SCALE"": ""0"", ""SECURITY_CLASSIFICATION"": ""PUB"", ""TYPE_OF_TRANSFORMATION"": ""IX""}}"
CHN,producer_price_index_quarterly_imf,2022-Q3,quarterly,112.17848980971213,\N,derived,IMF_PPI,IMF|ACCESS_SHARING_LEVEL=PUBLIC_OPEN|FREQUENCY=M|IFS_FLAG=true|INDICATOR=PPI|METHODOLOGY=PPI|OVERLAP=OL|REFERENCE_PERIOD=2010=100|SCALE=0|SECURITY_CLASSIFICATION=PUB|TYPE_OF_TRANSFORMATION=IX|aggregation=quarterly_mean,\N,"{""aggregation_method"": ""quarterly_mean"", ""source_derivation_types"": [""O"", ""O"", ""O""], ""source_months"": [""2022-M07"", ""2022-M08"", ""2022-M09""], ""source_observation_count"": 3, ""source_series_dimensions"": {""ACCESS_SHARING_LEVEL"": ""PUBLIC_OPEN"", ""COUNTRY"": ""CHN"", ""FREQUENCY"": ""M"", ""IFS_FLAG"": ""true"", ""INDICATOR"": ""PPI"", ""METHODOLOGY"": ""PPI"", ""OVERLAP"": ""OL"", ""REFERENCE_PERIOD"": ""2010=100"", ""SCALE"": ""0"", ""SECURITY_CLASSIFICATION"": ""PUB"", ""TYPE_OF_TRANSFORMATION"": ""IX""}}"
CHN,producer_price_index_quarterly_imf,2022-Q4,quarterly,111.7602379685675,\N,derived,IMF_PPI,IMF|ACCESS_SHARING_LEVEL=PUBLIC_OPEN|FREQUENCY=M|IFS_FLAG=true|INDICATOR=PPI|METHODOLOGY=PPI|OVERLAP=OL|REFERENCE_PERIOD=2010=100|SCALE=0|SECURITY_CLASSIFICATION=PUB|TYPE_OF_TRANSFORMATION=IX|aggregation=quarterly_mean,\N,"{""aggregation_method"": ""quarterly_mean"", ""source_derivation_types"": [""O"", ""O"", ""O""], ""source_months"": [""2022-M10"", ""2022-M11"", ""2022-M12""], ""source_observation_count"": 3, ""source_series_dimensions"": {""ACCESS_SHARING_LEVEL"": ""PUBLIC_OPEN"", ""COUNTRY"": ""CHN"", ""FREQUENCY"": ""M"", ""IFS_FLAG"": ""true"", ""INDICATOR"": ""PPI"", ""METHODOLOGY"": ""PPI"", ""OVERLAP"": ""OL"", ""REFERENCE_PERIOD"": ""2010=100"", ""SCALE"": ""0"", ""SECURITY_CLASSIFICATION"": ""PUB"", ""TYPE_OF_TRANSFORMATION"": ""IX""}}"
COL,producer_price_index_quarterly_imf,2020-Q1,quarterly,133.6032312428799,\N,derived,IMF_PPI,IMF|ACCESS_SHARING_LEVEL=PUBLIC_OPEN|FREQUENCY=M|IFS_FLAG=true|INDICATOR=PPI|METHODOLOGY=PPI|OVERLAP=OL|REFERENCE_PERIOD=2010=100|SCALE=0|SECURITY_CLASSIFICATION=PUB|TYPE_OF_TRANSFORMATION=IX|aggregation=quarterly_mean,\N,"{""aggregation_method"": ""quarterly_mean"", ""source_derivation_types"": [""O"", ""O"", ""O""], ""source_months"": [""2020-M01"", ""2020-M02"", ""2020-M03""], ""source_observation_count"": 3, ""source_series_dimensions"": {""ACCESS_SHARING_LEVEL"": ""PUBLIC_OPEN"", ""COUNTRY"": ""COL"", ""FREQUENCY"": ""M"", ""IFS_FLAG"": ""true"", ""INDICATOR"": ""PPI"", ""METHODOLOGY"": ""PPI"", ""OVERLAP"": ""OL"", ""REFERENCE_PERIOD"": ""2010=100"", ""SCALE"": ""0"", ""SECURITY_CLASSIFICATION"": ""PUB"", ""TYPE_OF_TRANSFORMATION"": ""IX""}}"
COL,producer_price_index_quarterly_imf,2020-Q2,quarterly,128.7187067496446,\N,derived,IMF_PPI,IMF|ACCESS_SHARING_LEVEL=PUBLIC_OPEN|FREQUENCY=M|IFS_FLAG=true|INDICATOR=PPI|METHODOLOGY=PPI|OVERLAP=OL|REFERENCE_PERIOD=2010=100|SCALE=0|SECURITY_CLASSIFICATION=PUB|TYPE_OF_TRANSFORMATION=IX|aggregation=quarterly_mean,\N,"{""aggregation_method"": ""quarterly_mean"", ""source_derivation_types"": [""O"", ""O"", ""O""], ""source_months"": [""2020-M04"", ""2020-M05"", ""2020-M06""], ""source_observation_count"": 3, ""source_series_dimensions"": {""ACCESS_SHARING_LEVEL"": ""PUBLIC_OPEN"", ""COUNTRY"": ""COL"", ""FREQUENCY"": ""M"", ""IFS_FLAG"": ""true"", ""INDICATOR"": ""PPI"", ""METHODOLOGY"": ""PPI"", ""OVERLAP"": ""OL"", ""REFERENCE_PERIOD"": ""2010=100"", ""SCALE"": ""0"", ""SECURITY_CLASSIFICATION"": ""PUB"", ""TYPE_OF_TRANSFORMATION"": ""IX""}}"
COL,producer_price_index_quarterly_imf,2020-Q3,quarterly,133.91204466496575,\N,derived,IMF_PPI,IMF|ACCESS_SHARING_LEVEL=PUBLIC_OPEN|FREQUENCY=M|IFS_FLAG=true|INDICATOR=PPI|METHODOLOGY=PPI|OVERLAP=OL|REFERENCE_PERIOD=2010=100|SCALE=0|SECURITY_CLASSIFICATION=PUB|TYPE_OF_TRANSFORMATION=IX|aggregation=quarterly_mean,\N,"{""aggregation_method"": ""quarterly_mean"", ""source_derivation_types"": [""O"", ""O"", ""O""], ""source_months"": [""2020-M07"", ""2020-M08"", ""2020-M09""], ""source_observation_count"": 3, ""source_series_dimensions"": {""ACCESS_SHARING_LEVEL"": ""PUBLIC_OPEN"", ""COUNTRY"": ""COL"", ""FREQUENCY"": ""M"", ""IFS_FLAG"": ""true"", ""INDICATOR"": ""PPI"", ""METHODOLOGY"": ""PPI"", ""OVERLAP"": ""OL"", ""REFERENCE_PERIOD"": ""2010=100"", ""SCALE"": ""0"", ""SECURITY_CLASSIFICATION"": ""PUB"", ""TYPE_OF_TRANSFORMATION"": ""IX""}}"
COL,producer_price_index_quarterly_imf,2020-Q4,quarterly,135.1247022492539,\N,derived,IMF_PPI,IMF|ACCESS_SHARING_LEVEL=PUBLIC_OPEN|FREQUENCY=M|IFS_FLAG=true|INDICATOR=PPI|METHODOLOGY=PPI|OVERLAP=OL|REFERENCE_PERIOD=2010=100|SCALE=0|SECURITY_CLASSIFICATION=PUB|TYPE_OF_TRANSFORMATION=IX|aggregation=quarterly_mean,\N,"{""aggregation_method"": ""quarterly_mean"", ""source_derivation_types"": [""O"", ""O"", ""O""], ""source_months"": [""2020-M10"", ""2020-M11"", ""2020-M12""], ""source_observation_count"": 3, ""source_series_dimensions"": {""ACCESS_SHARING_LEVEL"": ""PUBLIC_OPEN"", ""COUNTRY"": ""COL"", ""FREQUENCY"": ""M"", ""IFS_FLAG"": ""true"", ""INDICATOR"": ""PPI"", ""METHODOLOGY"": ""PPI"", ""OVERLAP"": ""OL"", ""REFERENCE_PERIOD"": ""2010=100"", ""SCALE"": ""0"", ""SECURITY_CLASSIFICATION"": ""PUB"", ""TYPE_OF_TRANSFORMATION"": ""IX""}}"
COL,producer_price_index_quarterly_imf,2021-Q1,quarterly,142.52492632728578,\N,derived,IMF_PPI,IMF|ACCESS_SHARING_LEVEL=PUBLIC_OPEN|FREQUENCY=M|IFS_FLAG=true|INDICATOR=PPI|METHODOLOGY=PPI|OVERLAP=OL|REFERENCE_PERIOD=2010=100|SCALE=0|SECURITY_CLASSIFICATION=PUB|TYPE_OF_TRANSFORMATION=IX|aggregation=quarterly_mean,\N,"{""aggregation_method"": ""quarterly_mean"", ""source_derivation_types"": [""O"", ""O"", ""O""], ""source_months"": [""2021-M01"", ""2021-M02"", ""2021-M03""], ""source_observation_count"": 3, ""source_series_dimensions"": {""ACCESS_SHARING_LEVEL"": ""PUBLIC_OPEN"", ""COUNTRY"": ""COL"", ""FREQUENCY"": ""M"", ""IFS_FLAG"": ""true"", ""INDICATOR"": ""PPI"", ""METHODOLOGY"": ""PPI"", ""OVERLAP"": ""OL"", ""REFERENCE_PERIOD"": ""2010=100"", ""SCALE"": ""0"", ""SECURITY_CLASSIFICATION"": ""PUB"", ""TYPE_OF_TRANSFORMATION"": ""IX""}}"
COL,producer_price_index_quarterly_imf,2021-Q2,quarterly,151.63868829615964,\N,derived,IMF_PPI,IMF|ACCESS_SHARING_LEVEL=PUBLIC_OPEN|FREQUENCY=M|IFS_FLAG=true|INDICATOR=PPI|METHODOLOGY=PPI|OVERLAP=OL|REFERENCE_PERIOD=2010=100|SCALE=0|SECURITY_CLASSIFICATION=PUB|TYPE_OF_TRANSFORMATION=IX|aggregation=quarterly_mean,\N,"{""aggregation_method"": ""quarterly_mean"", ""source_derivation_types"": [""O"", ""O"", ""O""], ""source_months"": [""2021-M04"", ""2021-M05"", ""2021-M06""], ""source_observation_count"": 3, ""source_series_dimensions"": {""ACCESS_SHARING_LEVEL"": ""PUBLIC_OPEN"", ""COUNTRY"": ""COL"", ""FREQUENCY"": ""M"", ""IFS_FLAG"": ""true"", ""INDICATOR"": ""PPI"", ""METHODOLOGY"": ""PPI"", ""OVERLAP"": ""OL"", ""REFERENCE_PERIOD"": ""2010=100"", ""SCALE"": ""0"", ""SECURITY_CLASSIFICATION"": ""PUB"", ""TYPE_OF_TRANSFORMATION"": ""IX""}}"
COL,producer_price_index_quarterly_imf,2021-Q3,quarterly,158.73386496944823,\N,derived,IMF_PPI,IMF|ACCESS_SHARING_LEVEL=PUBLIC_OPEN|FREQUENCY=M|IFS_FLAG=true|INDICATOR=PPI|METHODOLOGY=PPI|OVERLAP=OL|REFERENCE_PERIOD=2010=100|SCALE=0|SECURITY_CLASSIFICATION=PUB|TYPE_OF_TRANSFORMATION=IX|aggregation=quarterly_mean,\N,"{""aggregation_method"": ""quarterly_mean"", ""source_derivation_types"": [""O"", ""O"", ""O""], ""source_months"": [""2021-M07"", ""2021-M08"", ""2021-M09""], ""source_observation_count"": 3, ""source_series_dimensions"": {""ACCESS_SHARING_LEVEL"": ""PUBLIC_OPEN"", ""COUNTRY"": ""COL"", ""FREQUENCY"": ""M"", ""IFS_FLAG"": ""true"", ""INDICATOR"": ""PPI"", ""METHODOLOGY"": ""PPI"", ""OVERLAP"": ""OL"", ""REFERENCE_PERIOD"": ""2010=100"", ""SCALE"": ""0"", ""SECURITY_CLASSIFICATION"": ""PUB"", ""TYPE_OF_TRANSFORMATION"": ""IX""}}"
COL,producer_price_index_quarterly_imf,2021-Q4,quarterly,168.75147110052447,\N,derived,IMF_PPI,IMF|ACCESS_SHARING_LEVEL=PUBLIC_OPEN|FREQUENCY=M|IFS_FLAG=true|INDICATOR=PPI|METHODOLOGY=PPI|OVERLAP=OL|REFERENCE_PERIOD=2010=100|SCALE=0|SECURITY_CLASSIFICATION=PUB|TYPE_OF_TRANSFORMATION=IX|aggregation=quarterly_mean,\N,"{""aggregation_method"": ""quarterly_mean"", ""source_derivation_types"": [""O"", ""O"", ""O""], ""source_months"": [""2021-M10"", ""2021-M11"", ""2021-M12""], ""source_observation_count"": 3, ""source_series_dimensions"": {""ACCESS_SHARING_LEVEL"": ""PUBLIC_OPEN"", ""COUNTRY"": ""COL"", ""FREQUENCY"": ""M"", ""IFS_FLAG"": ""true"", ""INDICATOR"": ""PPI"", ""METHODOLOGY"": ""PPI"", ""OVERLAP"": ""OL"", ""REFERENCE_PERIOD"": ""2010=100"", ""SCALE"": ""0"", ""SECURITY_CLASSIFICATION"": ""PUB"", ""TYPE_OF_TRANSFORMATION"": ""IX""}}"
COL,producer_price_index_quarterly_imf,2022-Q1,quarterly,187.3631288072082,\N,derived,IMF_PPI,IMF|ACCESS_SHARING_LEVEL=PUBLIC_OPEN|FREQUENCY=M|IFS_FLAG=true|INDICATOR=PPI|METHODOLOGY=PPI|OVERLAP=OL|REFERENCE_PERIOD=2010=100|SCALE=0|SECURITY_CLASSIFICATION=PUB|TYPE_OF_TRANSFORMATION=IX|aggregation=quarterly_mean,\N,"{""aggregation_method"": ""quarterly_mean"", ""source_derivation_types"": [""O"", ""O"", ""O""], ""source_months"": [""2022-M01"", ""2022-M02"", ""2022-M03""], ""source_observation_count"": 3, ""source_series_dimensions"": {""ACCESS_SHARING_LEVEL"": ""PUBLIC_OPEN"", ""COUNTRY"": ""COL"", ""FREQUENCY"": ""M"", ""IFS_FLAG"": ""true"", ""INDICATOR"": ""PPI"", ""METHODOLOGY"": ""PPI"", ""OVERLAP"": ""OL"", ""REFERENCE_PERIOD"": ""2010=100"", ""SCALE"": ""0"", ""SECURITY_CLASSIFICATION"": ""PUB"", ""TYPE_OF_TRANSFORMATION"": ""IX""}}"
COL,producer_price_index_quarterly_imf,2022-Q2,quarterly,202.44979428130273,\N,derived,IMF_PPI,IMF|ACCESS_SHARING_LEVEL=PUBLIC_OPEN|FREQUENCY=M|IFS_FLAG=true|INDICATOR=PPI|METHODOLOGY=PPI|OVERLAP=OL|REFERENCE_PERIOD=2010=100|SCALE=0|SECURITY_CLASSIFICATION=PUB|TYPE_OF_TRANSFORMATION=IX|aggregation=quarterly_mean,\N,"{""aggregation_method"": ""quarterly_mean"", ""source_derivation_types"": [""O"", ""O"", ""O""], ""source_months"": [""2022-M04"", ""2022-M05"", ""2022-M06""], ""source_observation_count"": 3, ""source_series_dimensions"": {""ACCESS_SHARING_LEVEL"": ""PUBLIC_OPEN"", ""COUNTRY"": ""COL"", ""FREQUENCY"": ""M"", ""IFS_FLAG"": ""true"", ""INDICATOR"": ""PPI"", ""METHODOLOGY"": ""PPI"", ""OVERLAP"": ""OL"", ""REFERENCE_PERIOD"": ""2010=100"", ""SCALE"": ""0"", ""SECURITY_CLASSIFICATION"": ""PUB"", ""TYPE_OF_TRANSFORMATION"": ""IX""}}"
COL,producer_price_index_quarterly_imf,2022-Q3,quarterly,205.99738261794698,\N,derived,IMF_PPI,IMF|ACCESS_SHARING_LEVEL=PUBLIC_OPEN|FREQUENCY=M|IFS_FLAG=true|INDICATOR=PPI|METHODOLOGY=PPI|OVERLAP=OL|REFERENCE_PERIOD=2010=100|SCALE=0|SECURITY_CLASSIFICATION=PUB|TYPE_OF_TRANSFORMATION=IX|aggregation=quarterly_mean,\N,"{""aggregation_method"": ""quarterly_mean"", ""source_derivation_types"": [""O"", ""O"", ""O""], ""source_months"": [""2022-M07"", ""2022-M08"", ""2022-M09""], ""source_observation_count"": 3, ""source_series_dimensions"": {""ACCESS_SHARING_LEVEL"": ""PUBLIC_OPEN"", ""COUNTRY"": ""COL"", ""FREQUENCY"": ""M"", ""IFS_FLAG"": ""true"", ""INDICATOR"": ""PPI"", ""METHODOLOGY"": ""PPI"", ""OVERLAP"": ""OL"", ""REFERENCE_PERIOD"": ""2010=100"", ""SCALE"": ""0"", ""SECURITY_CLASSIFICATION"": ""PUB"", ""TYPE_OF_TRANSFORMATION"": ""IX""}}"
COL,producer_price_index_quarterly_imf,2022-Q4,quarterly,209.5863971453589,\N,derived,IMF_PPI,IMF|ACCESS_SHARING_LEVEL=PUBLIC_OPEN|FREQUENCY=M|IFS_FLAG=true|INDICATOR=PPI|METHODOLOGY=PPI|OVERLAP=OL|REFERENCE_PERIOD=2010=100|SCALE=0|SECURITY_CLASSIFICATION=PUB|TYPE_OF_TRANSFORMATION=IX|aggregation=quarterly_mean,\N,"{""aggregation_method"": ""quarterly_mean"", ""source_derivation_types"": [""O"", ""O"", ""O""], ""source_months"": [""2022-M10"", ""2022-M11"", ""2022-M12""], ""source_observation_count"": 3, ""source_series_dimensions"": {""ACCESS_SHARING_LEVEL"": ""PUBLIC_OPEN"", ""COUNTRY"": ""COL"", ""FREQUENCY"": ""M"", ""IFS_FLAG"": ""true"", ""INDICATOR"": ""PPI"", ""METHODOLOGY"": ""PPI"", ""OVERLAP"": ""OL"", ""REFERENCE_PERIOD"": ""2010=100"", ""SCALE"": ""0"", ""SECURITY_CLASSIFICATION"": ""PUB"", ""TYPE_OF_TRANSFORMATION"": ""IX""}}"
COL,producer_price_index_quarterly_imf,2023-Q1,quarterly,209.88391251541717,\N,derived,IMF_PPI,IMF|ACCESS_SHARING_LEVEL=PUBLIC_OPEN|FREQUENCY=M|IFS_FLAG=true|INDICATOR=PPI|METHODOLOGY=PPI|OVERLAP=OL|REFERENCE_PERIOD=2010=100|SCALE=0|SECURITY_CLASSIFICATION=PUB|TYPE_OF_TRANSFORMATION=IX|aggregation=quarterly_mean,\N,"{""aggregation_method"": ""quarterly_mean"", ""source_derivation_types"": [""O"", ""O"", ""O""], ""source_months"": [""2023-M01"", ""2023-M02"", ""2023-M03""], ""source_observation_count"": 3, ""source_series_dimensions"": {""ACCESS_SHARING_LEVEL"": ""PUBLIC_OPEN"", ""COUNTRY"": ""COL"", ""FREQUENCY"": ""M"", ""IFS_FLAG"": ""true"", ""INDICATOR"": ""PPI"", ""METHODOLOGY"": ""PPI"", ""OVERLAP"": ""OL"", ""REFERENCE_PERIOD"": ""2010=100"", ""SCALE"": ""0"", ""SECURITY_CLASSIFICATION"": ""PUB"", ""TYPE_OF_TRANSFORMATION"": ""IX""}}"
COL,producer_price_index_quarterly_imf,2023-Q2,quarterly,201.1090921073692,\N,derived,IMF_PPI,IMF|ACCESS_SHARING_LEVEL=PUBLIC_OPEN|FREQUENCY=M|IFS_FLAG=true|INDICATOR=PPI|METHODOLOGY=PPI|OVERLAP=OL|REFERENCE_PERIOD=2010=100|SCALE=0|SECURITY_CLASSIFICATION=PUB|TYPE_OF_TRANSFORMATION=IX|aggregation=quarterly_mean,\N,"{""aggregation_method"": ""quarterly_mean"", ""source_derivation_types"": [""O"", ""O"", ""O""], ""source_months"": [""2023-M04"", ""2023-M05"", ""2023-M06""], ""source_observation_count"": 3, ""source_series_dimensions"": {""ACCESS_SHARING_LEVEL"": ""PUBLIC_OPEN"", ""COUNTRY"": ""COL"", ""FREQUENCY"": ""M"", ""IFS_FLAG"": ""true"", ""INDICATOR"": ""PPI"", ""METHODOLOGY"": ""PPI"", ""OVERLAP"": ""OL"", ""REFERENCE_PERIOD"": ""2010=100"", ""SCALE"": ""0"", ""SECURITY_CLASSIFICATION"": ""PUB"", ""TYPE_OF_TRANSFORMATION"": ""IX""}}"
CRI,producer_price_index_quarterly_imf,2020-Q1,quarterly,121.4411312804901,\N,derived,IMF_PPI,IMF|ACCESS_SHARING_LEVEL=PUBLIC_OPEN|FREQUENCY=M|IFS_FLAG=true|INDICATOR=PPI|METHODOLOGY=PPI|OVERLAP=OL|REFERENCE_PERIOD=2010=100|SCALE=0|SECURITY_CLASSIFICATION=PUB|TYPE_OF_TRANSFORMATION=IX|aggregation=quarterly_mean,\N,"{""aggregation_method"": ""quarterly_mean"", ""source_derivation_types"": [""O"", ""O"", ""O""], ""source_months"": [""2020-M01"", ""2020-M02"", ""2020-M03""], ""source_observation_count"": 3, ""source_series_dimensions"": {""ACCESS_SHARING_LEVEL"": ""PUBLIC_OPEN"", ""COUNTRY"": ""CRI"", ""FREQUENCY"": ""M"", ""IFS_FLAG"": ""true"", ""INDICATOR"": ""PPI"", ""METHODOLOGY"": ""PPI"", ""OVERLAP"": ""OL"", ""REFERENCE_PERIOD"": ""2010=100"", ""SCALE"": ""0"", ""SECURITY_CLASSIFICATION"": ""PUB"", ""TYPE_OF_TRANSFORMATION"": ""IX""}}"
CRI,producer_price_index_quarterly_imf,2020-Q2,quarterly,121.17075097717067,\N,derived,IMF_PPI,IMF|ACCESS_SHARING_LEVEL=PUBLIC_OPEN|FREQUENCY=M|IFS_FLAG=true|INDICATOR=PPI|METHODOLOGY=PPI|OVERLAP=OL|REFERENCE_PERIOD=2010=100|SCALE=0|SECURITY_CLASSIFICATION=PUB|TYPE_OF_TRANSFORMATION=IX|aggregation=quarterly_mean,\N,"{""aggregation_method"": ""quarterly_mean"", ""source_derivation_types"": [""O"", ""O"", ""O""], ""source_months"": [""2020-M04"", ""2020-M05"", ""2020-M06""], ""source_observation_count"": 3, ""source_series_dimensions"": {""ACCESS_SHARING_LEVEL"": ""PUBLIC_OPEN"", ""COUNTRY"": ""CRI"", ""FREQUENCY"": ""M"", ""IFS_FLAG"": ""true"", ""INDICATOR"": ""PPI"", ""METHODOLOGY"": ""PPI"", ""OVERLAP"": ""OL"", ""REFERENCE_PERIOD"": ""2010=100"", ""SCALE"": ""0"", ""SECURITY_CLASSIFICATION"": ""PUB"", ""TYPE_OF_TRANSFORMATION"": ""IX""}}"
CRI,producer_price_index_quarterly_imf,2020-Q3,quarterly,118.17961842437457,\N,derived,IMF_PPI,IMF|ACCESS_SHARING_LEVEL=PUBLIC_OPEN|FREQUENCY=M|IFS_FLAG=true|INDICATOR=PPI|METHODOLOGY=PPI|OVERLAP=OL|REFERENCE_PERIOD=2010=100|SCALE=0|SECURITY_CLASSIFICATION=PUB|TYPE_OF_TRANSFORMATION=IX|aggregation=quarterly_mean,\N,"{""aggregation_method"": ""quarterly_mean"", ""source_derivation_types"": [""O"", ""O"", ""O""], ""source_months"": [""2020-M07"", ""2020-M08"", ""2020-M09""], ""source_observation_count"": 3, ""source_series_dimensions"": {""ACCESS_SHARING_LEVEL"": ""PUBLIC_OPEN"", ""COUNTRY"": ""CRI"", ""FREQUENCY"": ""M"", ""IFS_FLAG"": ""true"", ""INDICATOR"": ""PPI"", ""METHODOLOGY"": ""PPI"", ""OVERLAP"": ""OL"", ""REFERENCE_PERIOD"": ""2010=100"", ""SCALE"": ""0"", ""SECURITY_CLASSIFICATION"": ""PUB"", ""TYPE_OF_TRANSFORMATION"": ""IX""}}"
CRI,producer_price_index_quarterly_imf,2020-Q4,quarterly,116.61953524336614,\N,derived,IMF_PPI,IMF|ACCESS_SHARING_LEVEL=PUBLIC_OPEN|FREQUENCY=M|IFS_FLAG=true|INDICATOR=PPI|METHODOLOGY=PPI|OVERLAP=OL|REFERENCE_PERIOD=2010=100|SCALE=0|SECURITY_CLASSIFICATION=PUB|TYPE_OF_TRANSFORMATION=IX|aggregation=quarterly_mean,\N,"{""aggregation_method"": ""quarterly_mean"", ""source_derivation_types"": [""O"", ""O"", ""O""], ""source_months"": [""2020-M10"", ""2020-M11"", ""2020-M12""], ""source_observation_count"": 3, ""source_series_dimensions"": {""ACCESS_SHARING_LEVEL"": ""PUBLIC_OPEN"", ""COUNTRY"": ""CRI"", ""FREQUENCY"": ""M"", ""IFS_FLAG"": ""true"", ""INDICATOR"": ""PPI"", ""METHODOLOGY"": ""PPI"", ""OVERLAP"": ""OL"", ""REFERENCE_PERIOD"": ""2010=100"", ""SCALE"": ""0"", ""SECURITY_CLASSIFICATION"": ""PUB"", ""TYPE_OF_TRANSFORMATION"": ""IX""}}"
CRI,producer_price_index_quarterly_imf,2021-Q1,quarterly,118.45241601848313,\N,derived,IMF_PPI,IMF|ACCESS_SHARING_LEVEL=PUBLIC_OPEN|FREQUENCY=M|IFS_FLAG=true|INDICATOR=PPI|METHODOLOGY=PPI|OVERLAP=OL|REFERENCE_PERIOD=2010=100|SCALE=0|SECURITY_CLASSIFICATION=PUB|TYPE_OF_TRANSFORMATION=IX|aggregation=quarterly_mean,\N,"{""aggregation_method"": ""quarterly_mean"", ""source_derivation_types"": [""O"", ""O"", ""O""], ""source_months"": [""2021-M01"", ""2021-M02"", ""2021-M03""], ""source_observation_count"": 3, ""source_series_dimensions"": {""ACCESS_SHARING_LEVEL"": ""PUBLIC_OPEN"", ""COUNTRY"": ""CRI"", ""FREQUENCY"": ""M"", ""IFS_FLAG"": ""true"", ""INDICATOR"": ""PPI"", ""METHODOLOGY"": ""PPI"", ""OVERLAP"": ""OL"", ""REFERENCE_PERIOD"": ""2010=100"", ""SCALE"": ""0"", ""SECURITY_CLASSIFICATION"": ""PUB"", ""TYPE_OF_TRANSFORMATION"": ""IX""}}"
CRI,producer_price_index_quarterly_imf,2021-Q2,quarterly,121.80367621429276,\N,derived,IMF_PPI,IMF|ACCESS_SHARING_LEVEL=PUBLIC_OPEN|FREQUENCY=M|IFS_FLAG=true|INDICATOR=PPI|METHODOLOGY=PPI|OVERLAP=OL|REFERENCE_PERIOD=2010=100|SCALE=0|SECURITY_CLASSIFICATION=PUB|TYPE_OF_TRANSFORMATION=IX|aggregation=quarterly_mean,\N,"{""aggregation_method"": ""quarterly_mean"", ""source_derivation_types"": [""O"", ""O"", ""O""], ""source_months"": [""2021-M04"", ""2021-M05"", ""2021-M06""], ""source_observation_count"": 3, ""source_series_dimensions"": {""ACCESS_SHARING_LEVEL"": ""PUBLIC_OPEN"", ""COUNTRY"": ""CRI"", ""FREQUENCY"": ""M"", ""IFS_FLAG"": ""true"", ""INDICATOR"": ""PPI"", ""METHODOLOGY"": ""PPI"", ""OVERLAP"": ""OL"", ""REFERENCE_PERIOD"": ""2010=100"", ""SCALE"": ""0"", ""SECURITY_CLASSIFICATION"": ""PUB"", ""TYPE_OF_TRANSFORMATION"": ""IX""}}"
CRI,producer_price_index_quarterly_imf,2021-Q3,quarterly,124.1264891674266,\N,derived,IMF_PPI,IMF|ACCESS_SHARING_LEVEL=PUBLIC_OPEN|FREQUENCY=M|IFS_FLAG=true|INDICATOR=PPI|METHODOLOGY=PPI|OVERLAP=OL|REFERENCE_PERIOD=2010=100|SCALE=0|SECURITY_CLASSIFICATION=PUB|TYPE_OF_TRANSFORMATION=IX|aggregation=quarterly_mean,\N,"{""aggregation_method"": ""quarterly_mean"", ""source_derivation_types"": [""O"", ""O"", ""O""], ""source_months"": [""2021-M07"", ""2021-M08"", ""2021-M09""], ""source_observation_count"": 3, ""source_series_dimensions"": {""ACCESS_SHARING_LEVEL"": ""PUBLIC_OPEN"", ""COUNTRY"": ""CRI"", ""FREQUENCY"": ""M"", ""IFS_FLAG"": ""true"", ""INDICATOR"": ""PPI"", ""METHODOLOGY"": ""PPI"", ""OVERLAP"": ""OL"", ""REFERENCE_PERIOD"": ""2010=100"", ""SCALE"": ""0"", ""SECURITY_CLASSIFICATION"": ""PUB"", ""TYPE_OF_TRANSFORMATION"": ""IX""}}"
CRI,producer_price_index_quarterly_imf,2021-Q4,quarterly,126.09620977240051,\N,derived,IMF_PPI,IMF|ACCESS_SHARING_LEVEL=PUBLIC_OPEN|FREQUENCY=M|IFS_FLAG=true|INDICATOR=PPI|METHODOLOGY=PPI|OVERLAP=OL|REFERENCE_PERIOD=2010=100|SCALE=0|SECURITY_CLASSIFICATION=PUB|TYPE_OF_TRANSFORMATION=IX|aggregation=quarterly_mean,\N,"{""aggregation_method"": ""quarterly_mean"", ""source_derivation_types"": [""O"", ""O"", ""O""], ""source_months"": [""2021-M10"", ""2021-M11"", ""2021-M12""], ""source_observation_count"": 3, ""source_series_dimensions"": {""ACCESS_SHARING_LEVEL"": ""PUBLIC_OPEN"", ""COUNTRY"": ""CRI"", ""FREQUENCY"": ""M"", ""IFS_FLAG"": ""true"", ""INDICATOR"": ""PPI"", ""METHODOLOGY"": ""PPI"", ""OVERLAP"": ""OL"", ""REFERENCE_PERIOD"": ""2010=100"", ""SCALE"": ""0"", ""SECURITY_CLASSIFICATION"": ""PUB"", ""TYPE_OF_TRANSFORMATION"": ""IX""}}"
CRI,producer_price_index_quarterly_imf,2022-Q1,quarterly,129.02400445657887,\N,derived,IMF_PPI,IMF|ACCESS_SHARING_LEVEL=PUBLIC_OPEN|FREQUENCY=M|IFS_FLAG=true|INDICATOR=PPI|METHODOLOGY=PPI|OVERLAP=OL|REFERENCE_PERIOD=2010=100|SCALE=0|SECURITY_CLASSIFICATION=PUB|TYPE_OF_TRANSFORMATION=IX|aggregation=quarterly_mean,\N,"{""aggregation_method"": ""quarterly_mean"", ""source_derivation_types"": [""O"", ""O"", ""O""], ""source_months"": [""2022-M01"", ""2022-M02"", ""2022-M03""], ""source_observation_count"": 3, ""source_series_dimensions"": {""ACCESS_SHARING_LEVEL"": ""PUBLIC_OPEN"", ""COUNTRY"": ""CRI"", ""FREQUENCY"": ""M"", ""IFS_FLAG"": ""true"", ""INDICATOR"": ""PPI"", ""METHODOLOGY"": ""PPI"", ""OVERLAP"": ""OL"", ""REFERENCE_PERIOD"": ""2010=100"", ""SCALE"": ""0"", ""SECURITY_CLASSIFICATION"": ""PUB"", ""TYPE_OF_TRANSFORMATION"": ""IX""}}"
CRI,producer_price_index_quarterly_imf,2022-Q2,quarterly,129.78412860103285,\N,derived,IMF_PPI,IMF|ACCESS_SHARING_LEVEL=PUBLIC_OPEN|FREQUENCY=M|IFS_FLAG=true|INDICATOR=PPI|METHODOLOGY=PPI|OVERLAP=OL|REFERENCE_PERIOD=2010=100|SCALE=0|SECURITY_CLASSIFICATION=PUB|TYPE_OF_TRANSFORMATION=IX|aggregation=quarterly_mean,\N,"{""aggregation_method"": ""quarterly_mean"", ""source_derivation_types"": [""O"", ""O"", ""O""], ""source_months"": [""2022-M04"", ""2022-M05"", ""2022-M06""], ""source_observation_count"": 3, ""source_series_dimensions"": {""ACCESS_SHARING_LEVEL"": ""PUBLIC_OPEN"", ""COUNTRY"": ""CRI"", ""FREQUENCY"": ""M"", ""IFS_FLAG"": ""true"", ""INDICATOR"": ""PPI"", ""METHODOLOGY"": ""PPI"", ""OVERLAP"": ""OL"", ""REFERENCE_PERIOD"": ""2010=100"", ""SCALE"": ""0"", ""SECURITY_CLASSIFICATION"": ""PUB"", ""TYPE_OF_TRANSFORMATION"": ""IX""}}"
CRI,producer_price_index_quarterly_imf,2022-Q3,quarterly,135.1325333402608,\N,derived,IMF_PPI,IMF|ACCESS_SHARING_LEVEL=PUBLIC_OPEN|FREQUENCY=M|IFS_FLAG=true|INDICATOR=PPI|METHODOLOGY=PPI|OVERLAP=OL|REFERENCE_PERIOD=2010=100|SCALE=0|SECURITY_CLASSIFICATION=PUB|TYPE_OF_TRANSFORMATION=IX|aggregation=quarterly_mean,\N,"{""aggregation_method"": ""quarterly_mean"", ""source_derivation_types"": [""O"", ""O"", ""O""], ""source_months"": [""2022-M07"", ""2022-M08"", ""2022-M09""], ""source_observation_count"": 3, ""source_series_dimensions"": {""ACCESS_SHARING_LEVEL"": ""PUBLIC_OPEN"", ""COUNTRY"": ""CRI"", ""FREQUENCY"": ""M"", ""IFS_FLAG"": ""true"", ""INDICATOR"": ""PPI"", ""METHODOLOGY"": ""PPI"", ""OVERLAP"": ""OL"", ""REFERENCE_PERIOD"": ""2010=100"", ""SCALE"": ""0"", ""SECURITY_CLASSIFICATION"": ""PUB"", ""TYPE_OF_TRANSFORMATION"": ""IX""}}"
CRI,producer_price_index_quarterly_imf,2022-Q4,quarterly,144.14577374500803,\N,derived,IMF_PPI,IMF|ACCESS_SHARING_LEVEL=PUBLIC_OPEN|FREQUENCY=M|IFS_FLAG=true|INDICATOR=PPI|METHODOLOGY=PPI|OVERLAP=OL|REFERENCE_PERIOD=2010=100|SCALE=0|SECURITY_CLASSIFICATION=PUB|TYPE_OF_TRANSFORMATION=IX|aggregation=quarterly_mean,\N,"{""aggregation_method"": ""quarterly_mean"", ""source_derivation_types"": [""O"", ""O"", ""O""], ""source_months"": [""2022-M10"", ""2022-M11"", ""2022-M12""], ""source_observation_count"": 3, ""source_series_dimensions"": {""ACCESS_SHARING_LEVEL"": ""PUBLIC_OPEN"", ""COUNTRY"": ""CRI"", ""FREQUENCY"": ""M"", ""IFS_FLAG"": ""true"", ""INDICATOR"": ""PPI"", ""METHODOLOGY"": ""PPI"", ""OVERLAP"": ""OL"", ""REFERENCE_PERIOD"": ""2010=100"", ""SCALE"": ""0"", ""SECURITY_CLASSIFICATION"": ""PUB"", ""TYPE_OF_TRANSFORMATION"": ""IX""}}"
CRI,producer_price_index_quarterly_imf,2023-Q1,quarterly,153.5605148819673,\N,derived,IMF_PPI,IMF|ACCESS_SHARING_LEVEL=PUBLIC_OPEN|FREQUENCY=M|IFS_FLAG=true|INDICATOR=PPI|METHODOLOGY=PPI|OVERLAP=OL|REFERENCE_PERIOD=2010=100|SCALE=0|SECURITY_CLASSIFICATION=PUB|TYPE_OF_TRANSFORMATION=IX|aggregation=quarterly_mean,\N,"{""aggregation_method"": ""quarterly_mean"", ""source_derivation_types"": [""O"", ""O"", ""O""], ""source_months"": [""2023-M01"", ""2023-M02"", ""2023-M03""], ""source_observation_count"": 3, ""source_series_dimensions"": {""ACCESS_SHARING_LEVEL"": ""PUBLIC_OPEN"", ""COUNTRY"": ""CRI"", ""FREQUENCY"": ""M"", ""IFS_FLAG"": ""true"", ""INDICATOR"": ""PPI"", ""METHODOLOGY"": ""PPI"", ""OVERLAP"": ""OL"", ""REFERENCE_PERIOD"": ""2010=100"", ""SCALE"": ""0"", ""SECURITY_CLASSIFICATION"": ""PUB"", ""TYPE_OF_TRANSFORMATION"": ""IX""}}"
CRI,producer_price_index_quarterly_imf,2023-Q2,quarterly,156.92854970296344,\N,derived,IMF_PPI,IMF|ACCESS_SHARING_LEVEL=PUBLIC_OPEN|FREQUENCY=M|IFS_FLAG=true|INDICATOR=PPI|METHODOLOGY=PPI|OVERLAP=OL|REFERENCE_PERIOD=2010=100|SCALE=0|SECURITY_CLASSIFICATION=PUB|TYPE_OF_TRANSFORMATION=IX|aggregation=quarterly_mean,\N,"{""aggregation_method"": ""quarterly_mean"", ""source_derivation_types"": [""O"", ""O"", ""O""], ""source_months"": [""2023-M04"", ""2023-M05"", ""2023-M06""], ""source_observation_count"": 3, ""source_series_dimensions"": {""ACCESS_SHARING_LEVEL"": ""PUBLIC_OPEN"", ""COUNTRY"": ""CRI"", ""FREQUENCY"": ""M"", ""IFS_FLAG"": ""true"", ""INDICATOR"": ""PPI"", ""METHODOLOGY"": ""PPI"", ""OVERLAP"": ""OL"", ""REFERENCE_PERIOD"": ""2010=100"", ""SCALE"": ""0"", ""SECURITY_CLASSIFICATION"": ""PUB"", ""TYPE_OF_TRANSFORMATION"": ""IX""}}"
CRI,producer_price_index_quarterly_imf,2023-Q3,quarterly,156.87686943295657,\N,derived,IMF_PPI,IMF|ACCESS_SHARING_LEVEL=PUBLIC_OPEN|FREQUENCY=M|IFS_FLAG=true|INDICATOR=PPI|METHODOLOGY=PPI|OVERLAP=OL|REFERENCE_PERIOD=2010=100|SCALE=0|SECURITY_CLASSIFICATION=PUB|TYPE_OF_TRANSFORMATION=IX|aggregation=quarterly_mean,\N,"{""aggregation_method"": ""quarterly_mean"", ""source_derivation_types"": [""O"", ""O"", ""O""], ""source_months"": [""2023-M07"", ""2023-M08"", ""2023-M09""], ""source_observation_count"": 3, ""source_series_dimensions"": {""ACCESS_SHARING_LEVEL"": ""PUBLIC_OPEN"", ""COUNTRY"": ""CRI"", ""FREQUENCY"": ""M"", ""IFS_FLAG"": ""true"", ""INDICATOR"": ""PPI"", ""METHODOLOGY"": ""PPI"", ""OVERLAP"": ""OL"", ""REFERENCE_PERIOD"": ""2010=100"", ""SCALE"": ""0"", ""SECURITY_CLASSIFICATION"": ""PUB"", ""TYPE_OF_TRANSFORMATION"": ""IX""}}"
CRI,producer_price_index_quarterly_imf,2023-Q4,quarterly,156.6084598167747,\N,derived,IMF_PPI,IMF|ACCESS_SHARING_LEVEL=PUBLIC_OPEN|FREQUENCY=M|IFS_FLAG=true|INDICATOR=PPI|METHODOLOGY=PPI|OVERLAP=OL|REFERENCE_PERIOD=2010=100|SCALE=0|SECURITY_CLASSIFICATION=PUB|TYPE_OF_TRANSFORMATION=IX|aggregation=quarterly_mean,\N,"{""aggregation_method"": ""quarterly_mean"", ""source_derivation_types"": [""O"", ""O"", ""O""], ""source_months"": [""2023-M10"", ""2023-M11"", ""2023-M12""], ""source_observation_count"": 3, ""source_series_dimensions"": {""ACCESS_SHARING_LEVEL"": ""PUBLIC_OPEN"", ""COUNTRY"": ""CRI"", ""FREQUENCY"": ""M"", ""IFS_FLAG"": ""true"", ""INDICATOR"": ""PPI"", ""METHODOLOGY"": ""PPI"", ""OVERLAP"": ""OL"", ""REFERENCE_PERIOD"": ""2010=100"", ""SCALE"": ""0"", ""SECURITY_CLASSIFICATION"": ""PUB"", ""TYPE_OF_TRANSFORMATION"": ""IX""}}"
CRI,producer_price_index_quarterly_imf,2024-Q1,quarterly,160.22748709234574,\N,derived,IMF_PPI,IMF|ACCESS_SHARING_LEVEL=PUBLIC_OPEN|FREQUENCY=M|IFS_FLAG=true|INDICATOR=PPI|METHODOLOGY=PPI|OVERLAP=OL|REFERENCE_PERIOD=2010=100|SCALE=0|SECURITY_CLASSIFICATION=PUB|TYPE_OF_TRANSFORMATION=IX|aggregation=quarterly_mean,\N,"{""aggregation_method"": ""quarterly_mean"", ""source_derivation_types"": [""O"", ""O"", ""O""], ""source_months"": [""2024-M01"", ""2024-M02"", ""2024-M03""], ""source_observation_count"": 3, ""source_series_dimensions"": {""ACCESS_SHARING_LEVEL"": ""PUBLIC_OPEN"", ""COUNTRY"": ""CRI"", ""FREQUENCY"": ""M"", ""IFS_FLAG"": ""true"", ""INDICATOR"": ""PPI"", ""METHODOLOGY"": ""PPI"", ""OVERLAP"": ""OL"", ""REFERENCE_PERIOD"": ""2010=100"", ""SCALE"": ""0"", ""SECURITY_CLASSIFICATION"": ""PUB"", ""TYPE_OF_TRANSFORMATION"": ""IX""}}"
CRI,producer_price_index_quarterly_imf,2024-Q2,quarterly,159.8422177161697,\N,derived,IMF_PPI,IMF|ACCESS_SHARING_LEVEL=PUBLIC_OPEN|FREQUENCY=M|IFS_FLAG=true|INDICATOR=PPI|METHODOLOGY=PPI|OVERLAP=OL|REFERENCE_PERIOD=2010=100|SCALE=0|SECURITY_CLASSIFICATION=PUB|TYPE_OF_TRANSFORMATION=IX|aggregation=quarterly_mean,\N,"{""aggregation_method"": ""quarterly_mean"", ""source_derivation_types"": [""O"", ""O"", ""O""], ""source_months"": [""2024-M04"", ""2024-M05"", ""2024-M06""], ""source_observation_count"": 3, ""source_series_dimensions"": {""ACCESS_SHARING_LEVEL"": ""PUBLIC_OPEN"", ""COUNTRY"": ""CRI"", ""FREQUENCY"": ""M"", ""IFS_FLAG"": ""true"", ""INDICATOR"": ""PPI"", ""METHODOLOGY"": ""PPI"", ""OVERLAP"": ""OL"", ""REFERENCE_PERIOD"": ""2010=100"", ""SCALE"": ""0"", ""SECURITY_CLASSIFICATION"": ""PUB"", ""TYPE_OF_TRANSFORMATION"": ""IX""}}"
CRI,producer_price_index_quarterly_imf,2024-Q3,quarterly,157.49469270349235,\N,derived,IMF_PPI,IMF|ACCESS_SHARING_LEVEL=PUBLIC_OPEN|FREQUENCY=M|IFS_FLAG=true|INDICATOR=PPI|METHODOLOGY=PPI|OVERLAP=OL|REFERENCE_PERIOD=2010=100|SCALE=0|SECURITY_CLASSIFICATION=PUB|TYPE_OF_TRANSFORMATION=IX|aggregation=quarterly_mean,\N,"{""aggregation_method"": ""quarterly_mean"", ""source_derivation_types"": [""O"", ""O"", ""O""], ""source_months"": [""2024-M07"", ""2024-M08"", ""2024-M09""], ""source_observation_count"": 3, ""source_series_dimensions"": {""ACCESS_SHARING_LEVEL"": ""PUBLIC_OPEN"", ""COUNTRY"": ""CRI"", ""FREQUENCY"": ""M"", ""IFS_FLAG"": ""true"", ""INDICATOR"": ""PPI"", ""METHODOLOGY"": ""PPI"", ""OVERLAP"": ""OL"", ""REFERENCE_PERIOD"": ""2010=100"", ""SCALE"": ""0"", ""SECURITY_CLASSIFICATION"": ""PUB"", ""TYPE_OF_TRANSFORMATION"": ""IX""}}"
CRI,producer_price_index_quarterly_imf,2024-Q4,quarterly,160.01317579096482,\N,derived,IMF_PPI,IMF|ACCESS_SHARING_LEVEL=PUBLIC_OPEN|FREQUENCY=M|IFS_FLAG=true|INDICATOR=PPI|METHODOLOGY=PPI|OVERLAP=OL|REFERENCE_PERIOD=2010=100|SCALE=0|SECURITY_CLASSIFICATION=PUB|TYPE_OF_TRANSFORMATION=IX|aggregation=quarterly_mean,\N,"{""aggregation_method"": ""quarterly_mean"", ""source_derivation_types"": [""O"", ""O"", ""O""], ""source_months"": [""2024-M10"", ""2024-M11"", ""2024-M12""], ""source_observation_count"": 3, ""source_series_dimensions"": {""ACCESS_SHARING_LEVEL"": ""PUBLIC_OPEN"", ""COUNTRY"": ""CRI"", ""FREQUENCY"": ""M"", ""IFS_FLAG"": ""true"", ""INDICATOR"": ""PPI"", ""METHODOLOGY"": ""PPI"", ""OVERLAP"": ""OL"", ""REFERENCE_PERIOD"": ""2010=100"", ""SCALE"": ""0"", ""SECURITY_CLASSIFICATION"": ""PUB"", ""TYPE_OF_TRANSFORMATION"": ""IX""}}"
CYP,producer_price_index_quarterly_imf,2020-Q1,quarterly,105.60890244996854,\N,derived,IMF_PPI,IMF|ACCESS_SHARING_LEVEL=PUBLIC_OPEN|FREQUENCY=M|IFS_FLAG=true|INDICATOR=PPI|METHODOLOGY=PPI|OVERLAP=OL|REFERENCE_PERIOD=2010=100|SCALE=0|SECURITY_CLASSIFICATION=PUB|TYPE_OF_TRANSFORMATION=IX|aggregation=quarterly_mean,\N,"{""aggregation_method"": ""quarterly_mean"", ""source_derivation_types"": [""O"", ""O"", ""O""], ""source_months"": [""2020-M01"", ""2020-M02"", ""2020-M03""], ""source_observation_count"": 3, ""source_series_dimensions"": {""ACCESS_SHARING_LEVEL"": ""PUBLIC_OPEN"", ""COUNTRY"": ""CYP"", ""FREQUENCY"": ""M"", ""IFS_FLAG"": ""true"", ""INDICATOR"": ""PPI"", ""METHODOLOGY"": ""PPI"", ""OVERLAP"": ""OL"", ""REFERENCE_PERIOD"": ""2010=100"", ""SCALE"": ""0"", ""SECURITY_CLASSIFICATION"": ""PUB"", ""TYPE_OF_TRANSFORMATION"": ""IX""}}"
CYP,producer_price_index_quarterly_imf,2020-Q2,quarterly,102.84483532262406,\N,derived,IMF_PPI,IMF|ACCESS_SHARING_LEVEL=PUBLIC_OPEN|FREQUENCY=M|IFS_FLAG=true|INDICATOR=PPI|METHODOLOGY=PPI|OVERLAP=OL|REFERENCE_PERIOD=2010=100|SCALE=0|SECURITY_CLASSIFICATION=PUB|TYPE_OF_TRANSFORMATION=IX|aggregation=quarterly_mean,\N,"{""aggregation_method"": ""quarterly_mean"", ""source_derivation_types"": [""O"", ""O"", ""O""], ""source_months"": [""2020-M04"", ""2020-M05"", ""2020-M06""], ""source_observation_count"": 3, ""source_series_dimensions"": {""ACCESS_SHARING_LEVEL"": ""PUBLIC_OPEN"", ""COUNTRY"": ""CYP"", ""FREQUENCY"": ""M"", ""IFS_FLAG"": ""true"", ""INDICATOR"": ""PPI"", ""METHODOLOGY"": ""PPI"", ""OVERLAP"": ""OL"", ""REFERENCE_PERIOD"": ""2010=100"", ""SCALE"": ""0"", ""SECURITY_CLASSIFICATION"": ""PUB"", ""TYPE_OF_TRANSFORMATION"": ""IX""}}"
CYP,producer_price_index_quarterly_imf,2020-Q3,quarterly,100.43973795207751,\N,derived,IMF_PPI,IMF|ACCESS_SHARING_LEVEL=PUBLIC_OPEN|FREQUENCY=M|IFS_FLAG=true|INDICATOR=PPI|METHODOLOGY=PPI|OVERLAP=OL|REFERENCE_PERIOD=2010=100|SCALE=0|SECURITY_CLASSIFICATION=PUB|TYPE_OF_TRANSFORMATION=IX|aggregation=quarterly_mean,\N,"{""aggregation_method"": ""quarterly_mean"", ""source_derivation_types"": [""O"", ""O"", ""O""], ""source_months"": [""2020-M07"", ""2020-M08"", ""2020-M09""], ""source_observation_count"": 3, ""source_series_dimensions"": {""ACCESS_SHARING_LEVEL"": ""PUBLIC_OPEN"", ""COUNTRY"": ""CYP"", ""FREQUENCY"": ""M"", ""IFS_FLAG"": ""true"", ""INDICATOR"": ""PPI"", ""METHODOLOGY"": ""PPI"", ""OVERLAP"": ""OL"", ""REFERENCE_PERIOD"": ""2010=100"", ""SCALE"": ""0"", ""SECURITY_CLASSIFICATION"": ""PUB"", ""TYPE_OF_TRANSFORMATION"": ""IX""}}"
CYP,producer_price_index_quarterly_imf,2020-Q4,quarterly,100.65511980615629,\N,derived,IMF_PPI,IMF|ACCESS_SHARING_LEVEL=PUBLIC_OPEN|FREQUENCY=M|IFS_FLAG=true|INDICATOR=PPI|METHODOLOGY=PPI|OVERLAP=OL|REFERENCE_PERIOD=2010=100|SCALE=0|SECURITY_CLASSIFICATION=PUB|TYPE_OF_TRANSFORMATION=IX|aggregation=quarterly_mean,\N,"{""aggregation_method"": ""quarterly_mean"", ""source_derivation_types"": [""O"", ""O"", ""O""], ""source_months"": [""2020-M10"", ""2020-M11"", ""2020-M12""], ""source_observation_count"": 3, ""source_series_dimensions"": {""ACCESS_SHARING_LEVEL"": ""PUBLIC_OPEN"", ""COUNTRY"": ""CYP"", ""FREQUENCY"": ""M"", ""IFS_FLAG"": ""true"", ""INDICATOR"": ""PPI"", ""METHODOLOGY"": ""PPI"", ""OVERLAP"": ""OL"", ""REFERENCE_PERIOD"": ""2010=100"", ""SCALE"": ""0"", ""SECURITY_CLASSIFICATION"": ""PUB"", ""TYPE_OF_TRANSFORMATION"": ""IX""}}"
CYP,producer_price_index_quarterly_imf,2021-Q1,quarterly,102.44996859014627,\N,derived,IMF_PPI,IMF|ACCESS_SHARING_LEVEL=PUBLIC_OPEN|FREQUENCY=M|IFS_FLAG=true|INDICATOR=PPI|METHODOLOGY=PPI|OVERLAP=OL|REFERENCE_PERIOD=2010=100|SCALE=0|SECURITY_CLASSIFICATION=PUB|TYPE_OF_TRANSFORMATION=IX|aggregation=quarterly_mean,\N,"{""aggregation_method"": ""quarterly_mean"", ""source_derivation_types"": [""O"", ""O"", ""O""], ""source_months"": [""2021-M01"", ""2021-M02"", ""2021-M03""], ""source_observation_count"": 3, ""source_series_dimensions"": {""ACCESS_SHARING_LEVEL"": ""PUBLIC_OPEN"", ""COUNTRY"": ""CYP"", ""FREQUENCY"": ""M"", ""IFS_FLAG"": ""true"", ""INDICATOR"": ""PPI"", ""METHODOLOGY"": ""PPI"", ""OVERLAP"": ""OL"", ""REFERENCE_PERIOD"": ""2010=100"", ""SCALE"": ""0"", ""SECURITY_CLASSIFICATION"": ""PUB"", ""TYPE_OF_TRANSFORMATION"": ""IX""}}"
CYP,producer_price_index_quarterly_imf,2021-Q2,quarterly,105.93197523108672,\N,derived,IMF_PPI,IMF|ACCESS_SHARING_LEVEL=PUBLIC_OPEN|FREQUENCY=M|IFS_FLAG=true|INDICATOR=PPI|METHODOLOGY=PPI|OVERLAP=OL|REFERENCE_PERIOD=2010=100|SCALE=0|SECURITY_CLASSIFICATION=PUB|TYPE_OF_TRANSFORMATION=IX|aggregation=quarterly_mean,\N,"{""aggregation_method"": ""quarterly_mean"", ""source_derivation_types"": [""O"", ""O"", ""O""], ""source_months"": [""2021-M04"", ""2021-M05"", ""2021-M06""], ""source_observation_count"": 3, ""source_series_dimensions"": {""ACCESS_SHARING_LEVEL"": ""PUBLIC_OPEN"", ""COUNTRY"": ""CYP"", ""FREQUENCY"": ""M"", ""IFS_FLAG"": ""true"", ""INDICATOR"": ""PPI"", ""METHODOLOGY"": ""PPI"", ""OVERLAP"": ""OL"", ""REFERENCE_PERIOD"": ""2010=100"", ""SCALE"": ""0"", ""SECURITY_CLASSIFICATION"": ""PUB"", ""TYPE_OF_TRANSFORMATION"": ""IX""}}"
CYP,producer_price_index_quarterly_imf,2021-Q3,quarterly,109.19860001794846,\N,derived,IMF_PPI,IMF|ACCESS_SHARING_LEVEL=PUBLIC_OPEN|FREQUENCY=M|IFS_FLAG=true|INDICATOR=PPI|METHODOLOGY=PPI|OVERLAP=OL|REFERENCE_PERIOD=2010=100|SCALE=0|SECURITY_CLASSIFICATION=PUB|TYPE_OF_TRANSFORMATION=IX|aggregation=quarterly_mean,\N,"{""aggregation_method"": ""quarterly_mean"", ""source_derivation_types"": [""O"", ""O"", ""O""], ""source_months"": [""2021-M07"", ""2021-M08"", ""2021-M09""], ""source_observation_count"": 3, ""source_series_dimensions"": {""ACCESS_SHARING_LEVEL"": ""PUBLIC_OPEN"", ""COUNTRY"": ""CYP"", ""FREQUENCY"": ""M"", ""IFS_FLAG"": ""true"", ""INDICATOR"": ""PPI"", ""METHODOLOGY"": ""PPI"", ""OVERLAP"": ""OL"", ""REFERENCE_PERIOD"": ""2010=100"", ""SCALE"": ""0"", ""SECURITY_CLASSIFICATION"": ""PUB"", ""TYPE_OF_TRANSFORMATION"": ""IX""}}"
CYP,producer_price_index_quarterly_imf,2021-Q4,quarterly,113.21906129408593,\N,derived,IMF_PPI,IMF|ACCESS_SHARING_LEVEL=PUBLIC_OPEN|FREQUENCY=M|IFS_FLAG=true|INDICATOR=PPI|METHODOLOGY=PPI|OVERLAP=OL|REFERENCE_PERIOD=2010=100|SCALE=0|SECURITY_CLASSIFICATION=PUB|TYPE_OF_TRANSFORMATION=IX|aggregation=quarterly_mean,\N,"{""aggregation_method"": ""quarterly_mean"", ""source_derivation_types"": [""O"", ""O"", ""O""], ""source_months"": [""2021-M10"", ""2021-M11"", ""2021-M12""], ""source_observation_count"": 3, ""source_series_dimensions"": {""ACCESS_SHARING_LEVEL"": ""PUBLIC_OPEN"", ""COUNTRY"": ""CYP"", ""FREQUENCY"": ""M"", ""IFS_FLAG"": ""true"", ""INDICATOR"": ""PPI"", ""METHODOLOGY"": ""PPI"", ""OVERLAP"": ""OL"", ""REFERENCE_PERIOD"": ""2010=100"", ""SCALE"": ""0"", ""SECURITY_CLASSIFICATION"": ""PUB"", ""TYPE_OF_TRANSFORMATION"": ""IX""}}"
CYP,producer_price_index_quarterly_imf,2022-Q1,quarterly,116.84465583774563,\N,derived,IMF_PPI,IMF|ACCESS_SHARING_LEVEL=PUBLIC_OPEN|FREQUENCY=M|IFS_FLAG=true|INDICATOR=PPI|METHODOLOGY=PPI|OVERLAP=OL|REFERENCE_PERIOD=2010=100|SCALE=0|SECURITY_CLASSIFICATION=PUB|TYPE_OF_TRANSFORMATION=IX|aggregation=quarterly_mean,\N,"{""aggregation_method"": ""quarterly_mean"", ""source_derivation_types"": [""O"", ""O"", ""O""], ""source_months"": [""2022-M01"", ""2022-M02"", ""2022-M03""], ""source_observation_count"": 3, ""source_series_dimensions"": {""ACCESS_SHARING_LEVEL"": ""PUBLIC_OPEN"", ""COUNTRY"": ""CYP"", ""FREQUENCY"": ""M"", ""IFS_FLAG"": ""true"", ""INDICATOR"": ""PPI"", ""METHODOLOGY"": ""PPI"", ""OVERLAP"": ""OL"", ""REFERENCE_PERIOD"": ""2010=100"", ""SCALE"": ""0"", ""SECURITY_CLASSIFICATION"": ""PUB"", ""TYPE_OF_TRANSFORMATION"": ""IX""}}"
CYP,producer_price_index_quarterly_imf,2022-Q2,quarterly,127.11119088216815,\N,derived,IMF_PPI,IMF|ACCESS_SHARING_LEVEL=PUBLIC_OPEN|FREQUENCY=M|IFS_FLAG=true|INDICATOR=PPI|METHODOLOGY=PPI|OVERLAP=OL|REFERENCE_PERIOD=2010=100|SCALE=0|SECURITY_CLASSIFICATION=PUB|TYPE_OF_TRANSFORMATION=IX|aggregation=quarterly_mean,\N,"{""aggregation_method"": ""quarterly_mean"", ""source_derivation_types"": [""O"", ""O"", ""O""], ""source_months"": [""2022-M04"", ""2022-M05"", ""2022-M06""], ""source_observation_count"": 3, ""source_series_dimensions"": {""ACCESS_SHARING_LEVEL"": ""PUBLIC_OPEN"", ""COUNTRY"": ""CYP"", ""FREQUENCY"": ""M"", ""IFS_FLAG"": ""true"", ""INDICATOR"": ""PPI"", ""METHODOLOGY"": ""PPI"", ""OVERLAP"": ""OL"", ""REFERENCE_PERIOD"": ""2010=100"", ""SCALE"": ""0"", ""SECURITY_CLASSIFICATION"": ""PUB"", ""TYPE_OF_TRANSFORMATION"": ""IX""}}"
CYP,producer_price_index_quarterly_imf,2022-Q3,quarterly,136.12133177779768,\N,derived,IMF_PPI,IMF|ACCESS_SHARING_LEVEL=PUBLIC_OPEN|FREQUENCY=M|IFS_FLAG=true|INDICATOR=PPI|METHODOLOGY=PPI|OVERLAP=OL|REFERENCE_PERIOD=2010=100|SCALE=0|SECURITY_CLASSIFICATION=PUB|TYPE_OF_TRANSFORMATION=IX|aggregation=quarterly_mean,\N,"{""aggregation_method"": ""quarterly_mean"", ""source_derivation_types"": [""O"", ""O"", ""O""], ""source_months"": [""2022-M07"", ""2022-M08"", ""2022-M09""], ""source_observation_count"": 3, ""source_series_dimensions"": {""ACCESS_SHARING_LEVEL"": ""PUBLIC_OPEN"", ""COUNTRY"": ""CYP"", ""FREQUENCY"": ""M"", ""IFS_FLAG"": ""true"", ""INDICATOR"": ""PPI"", ""METHODOLOGY"": ""PPI"", ""OVERLAP"": ""OL"", ""REFERENCE_PERIOD"": ""2010=100"", ""SCALE"": ""0"", ""SECURITY_CLASSIFICATION"": ""PUB"", ""TYPE_OF_TRANSFORMATION"": ""IX""}}"
CYP,producer_price_index_quarterly_imf,2022-Q4,quarterly,135.7264650453199,\N,derived,IMF_PPI,IMF|ACCESS_SHARING_LEVEL=PUBLIC_OPEN|FREQUENCY=M|IFS_FLAG=true|INDICATOR=PPI|METHODOLOGY=PPI|OVERLAP=OL|REFERENCE_PERIOD=2010=100|SCALE=0|SECURITY_CLASSIFICATION=PUB|TYPE_OF_TRANSFORMATION=IX|aggregation=quarterly_mean,\N,"{""aggregation_method"": ""quarterly_mean"", ""source_derivation_types"": [""O"", ""O"", ""O""], ""source_months"": [""2022-M10"", ""2022-M11"", ""2022-M12""], ""source_observation_count"": 3, ""source_series_dimensions"": {""ACCESS_SHARING_LEVEL"": ""PUBLIC_OPEN"", ""COUNTRY"": ""CYP"", ""FREQUENCY"": ""M"", ""IFS_FLAG"": ""true"", ""INDICATOR"": ""PPI"", ""METHODOLOGY"": ""PPI"", ""OVERLAP"": ""OL"", ""REFERENCE_PERIOD"": ""2010=100"", ""SCALE"": ""0"", ""SECURITY_CLASSIFICATION"": ""PUB"", ""TYPE_OF_TRANSFORMATION"": ""IX""}}"
CYP,producer_price_index_quarterly_imf,2023-Q1,quarterly,136.58799246163508,\N,derived,IMF_PPI,IMF|ACCESS_SHARING_LEVEL=PUBLIC_OPEN|FREQUENCY=M|IFS_FLAG=true|INDICATOR=PPI|METHODOLOGY=PPI|OVERLAP=OL|REFERENCE_PERIOD=2010=100|SCALE=0|SECURITY_CLASSIFICATION=PUB|TYPE_OF_TRANSFORMATION=IX|aggregation=quarterly_mean,\N,"{""aggregation_method"": ""quarterly_mean"", ""source_derivation_types"": [""O"", ""O"", ""O""], ""source_months"": [""2023-M01"", ""2023-M02"", ""2023-M03""], ""source_observation_count"": 3, ""source_series_dimensions"": {""ACCESS_SHARING_LEVEL"": ""PUBLIC_OPEN"", ""COUNTRY"": ""CYP"", ""FREQUENCY"": ""M"", ""IFS_FLAG"": ""true"", ""INDICATOR"": ""PPI"", ""METHODOLOGY"": ""PPI"", ""OVERLAP"": ""OL"", ""REFERENCE_PERIOD"": ""2010=100"", ""SCALE"": ""0"", ""SECURITY_CLASSIFICATION"": ""PUB"", ""TYPE_OF_TRANSFORMATION"": ""IX""}}"
CYP,producer_price_index_quarterly_imf,2023-Q2,quarterly,136.1213317777977,\N,derived,IMF_PPI,IMF|ACCESS_SHARING_LEVEL=PUBLIC_OPEN|FREQUENCY=M|IFS_FLAG=true|INDICATOR=PPI|METHODOLOGY=PPI|OVERLAP=OL|REFERENCE_PERIOD=2010=100|SCALE=0|SECURITY_CLASSIFICATION=PUB|TYPE_OF_TRANSFORMATION=IX|aggregation=quarterly_mean,\N,"{""aggregation_method"": ""quarterly_mean"", ""source_derivation_types"": [""O"", ""O"", ""O""], ""source_months"": [""2023-M04"", ""2023-M05"", ""2023-M06""], ""source_observation_count"": 3, ""source_series_dimensions"": {""ACCESS_SHARING_LEVEL"": ""PUBLIC_OPEN"", ""COUNTRY"": ""CYP"", ""FREQUENCY"": ""M"", ""IFS_FLAG"": ""true"", ""INDICATOR"": ""PPI"", ""METHODOLOGY"": ""PPI"", ""OVERLAP"": ""OL"", ""REFERENCE_PERIOD"": ""2010=100"", ""SCALE"": ""0"", ""SECURITY_CLASSIFICATION"": ""PUB"", ""TYPE_OF_TRANSFORMATION"": ""IX""}}"
CYP,producer_price_index_quarterly_imf,2023-Q3,quarterly,134.9008346046845,\N,derived,IMF_PPI,IMF|ACCESS_SHARING_LEVEL=PUBLIC_OPEN|FREQUENCY=M|IFS_FLAG=true|INDICATOR=PPI|METHODOLOGY=PPI|OVERLAP=OL|REFERENCE_PERIOD=2010=100|SCALE=0|SECURITY_CLASSIFICATION=PUB|TYPE_OF_TRANSFORMATION=IX|aggregation=quarterly_mean,\N,"{""aggregation_method"": ""quarterly_mean"", ""source_derivation_types"": [""O"", ""O"", ""O""], ""source_months"": [""2023-M07"", ""2023-M08"", ""2023-M09""], ""source_observation_count"": 3, ""source_series_dimensions"": {""ACCESS_SHARING_LEVEL"": ""PUBLIC_OPEN"", ""COUNTRY"": ""CYP"", ""FREQUENCY"": ""M"", ""IFS_FLAG"": ""true"", ""INDICATOR"": ""PPI"", ""METHODOLOGY"": ""PPI"", ""OVERLAP"": ""OL"", ""REFERENCE_PERIOD"": ""2010=100"", ""SCALE"": ""0"", ""SECURITY_CLASSIFICATION"": ""PUB"", ""TYPE_OF_TRANSFORMATION"": ""IX""}}"
CYP,producer_price_index_quarterly_imf,2023-Q4,quarterly,134.43417392084712,\N,derived,IMF_PPI,IMF|ACCESS_SHARING_LEVEL=PUBLIC_OPEN|FREQUENCY=M|IFS_FLAG=true|INDICATOR=PPI|METHODOLOGY=PPI|OVERLAP=OL|REFERENCE_PERIOD=2010=100|SCALE=0|SECURITY_CLASSIFICATION=PUB|TYPE_OF_TRANSFORMATION=IX|aggregation=quarterly_mean,\N,"{""aggregation_method"": ""quarterly_mean"", ""source_derivation_types"": [""O"", ""O"", ""O""], ""source_months"": [""2023-M10"", ""2023-M11"", ""2023-M12""], ""source_observation_count"": 3, ""source_series_dimensions"": {""ACCESS_SHARING_LEVEL"": ""PUBLIC_OPEN"", ""COUNTRY"": ""CYP"", ""FREQUENCY"": ""M"", ""IFS_FLAG"": ""true"", ""INDICATOR"": ""PPI"", ""METHODOLOGY"": ""PPI"", ""OVERLAP"": ""OL"", ""REFERENCE_PERIOD"": ""2010=100"", ""SCALE"": ""0"", ""SECURITY_CLASSIFICATION"": ""PUB"", ""TYPE_OF_TRANSFORMATION"": ""IX""}}"
CYP,producer_price_index_quarterly_imf,2024-Q1,quarterly,132.13676747734,\N,derived,IMF_PPI,IMF|ACCESS_SHARING_LEVEL=PUBLIC_OPEN|FREQUENCY=M|IFS_FLAG=true|INDICATOR=PPI|METHODOLOGY=PPI|OVERLAP=OL|REFERENCE_PERIOD=2010=100|SCALE=0|SECURITY_CLASSIFICATION=PUB|TYPE_OF_TRANSFORMATION=IX|aggregation=quarterly_mean,\N,"{""aggregation_method"": ""quarterly_mean"", ""source_derivation_types"": [""O"", ""O"", ""O""], ""source_months"": [""2024-M01"", ""2024-M02"", ""2024-M03""], ""source_observation_count"": 3, ""source_series_dimensions"": {""ACCESS_SHARING_LEVEL"": ""PUBLIC_OPEN"", ""COUNTRY"": ""CYP"", ""FREQUENCY"": ""M"", ""IFS_FLAG"": ""true"", ""INDICATOR"": ""PPI"", ""METHODOLOGY"": ""PPI"", ""OVERLAP"": ""OL"", ""REFERENCE_PERIOD"": ""2010=100"", ""SCALE"": ""0"", ""SECURITY_CLASSIFICATION"": ""PUB"", ""TYPE_OF_TRANSFORMATION"": ""IX""}}"
CYP,producer_price_index_quarterly_imf,2024-Q2,quarterly,132.675222112537,\N,derived,IMF_PPI,IMF|ACCESS_SHARING_LEVEL=PUBLIC_OPEN|FREQUENCY=M|IFS_FLAG=true|INDICATOR=PPI|METHODOLOGY=PPI|OVERLAP=OL|REFERENCE_PERIOD=2010=100|SCALE=0|SECURITY_CLASSIFICATION=PUB|TYPE_OF_TRANSFORMATION=IX|aggregation=quarterly_mean,\N,"{""aggregation_method"": ""quarterly_mean"", ""source_derivation_types"": [""O"", ""O"", ""O""], ""source_months"": [""2024-M04"", ""2024-M05"", ""2024-M06""], ""source_observation_count"": 3, ""source_series_dimensions"": {""ACCESS_SHARING_LEVEL"": ""PUBLIC_OPEN"", ""COUNTRY"": ""CYP"", ""FREQUENCY"": ""M"", ""IFS_FLAG"": ""true"", ""INDICATOR"": ""PPI"", ""METHODOLOGY"": ""PPI"", ""OVERLAP"": ""OL"", ""REFERENCE_PERIOD"": ""2010=100"", ""SCALE"": ""0"", ""SECURITY_CLASSIFICATION"": ""PUB"", ""TYPE_OF_TRANSFORMATION"": ""IX""}}"
CYP,producer_price_index_quarterly_imf,2024-Q3,quarterly,133.7521313829309,\N,derived,IMF_PPI,IMF|ACCESS_SHARING_LEVEL=PUBLIC_OPEN|FREQUENCY=M|IFS_FLAG=true|INDICATOR=PPI|METHODOLOGY=PPI|OVERLAP=OL|REFERENCE_PERIOD=2010=100|SCALE=0|SECURITY_CLASSIFICATION=PUB|TYPE_OF_TRANSFORMATION=IX|aggregation=quarterly_mean,\N,"{""aggregation_method"": ""quarterly_mean"", ""source_derivation_types"": [""O"", ""O"", ""O""], ""source_months"": [""2024-M07"", ""2024-M08"", ""2024-M09""], ""source_observation_count"": 3, ""source_series_dimensions"": {""ACCESS_SHARING_LEVEL"": ""PUBLIC_OPEN"", ""COUNTRY"": ""CYP"", ""FREQUENCY"": ""M"", ""IFS_FLAG"": ""true"", ""INDICATOR"": ""PPI"", ""METHODOLOGY"": ""PPI"", ""OVERLAP"": ""OL"", ""REFERENCE_PERIOD"": ""2010=100"", ""SCALE"": ""0"", ""SECURITY_CLASSIFICATION"": ""PUB"", ""TYPE_OF_TRANSFORMATION"": ""IX""}}"
CYP,producer_price_index_quarterly_imf,2024-Q4,quarterly,132.495737234138,\N,derived,IMF_PPI,IMF|ACCESS_SHARING_LEVEL=PUBLIC_OPEN|FREQUENCY=M|IFS_FLAG=true|INDICATOR=PPI|METHODOLOGY=PPI|OVERLAP=OL|REFERENCE_PERIOD=2010=100|SCALE=0|SECURITY_CLASSIFICATION=PUB|TYPE_OF_TRANSFORMATION=IX|aggregation=quarterly_mean,\N,"{""aggregation_method"": ""quarterly_mean"", ""source_derivation_types"": [""O"", ""O"", ""O""], ""source_months"": [""2024-M10"", ""2024-M11"", ""2024-M12""], ""source_observation_count"": 3, ""source_series_dimensions"": {""ACCESS_SHARING_LEVEL"": ""PUBLIC_OPEN"", ""COUNTRY"": ""CYP"", ""FREQUENCY"": ""M"", ""IFS_FLAG"": ""true"", ""INDICATOR"": ""PPI"", ""METHODOLOGY"": ""PPI"", ""OVERLAP"": ""OL"", ""REFERENCE_PERIOD"": ""2010=100"", ""SCALE"": ""0"", ""SECURITY_CLASSIFICATION"": ""PUB"", ""TYPE_OF_TRANSFORMATION"": ""IX""}}"
CZE,producer_price_index_quarterly_imf,2020-Q1,quarterly,108.34420951883754,\N,derived,IMF_PPI,IMF|ACCESS_SHARING_LEVEL=PUBLIC_OPEN|FREQUENCY=M|IFS_FLAG=true|INDICATOR=PPI|METHODOLOGY=PPI|OVERLAP=OL|REFERENCE_PERIOD=2010=100|SCALE=0|SECURITY_CLASSIFICATION=PUB|TYPE_OF_TRANSFORMATION=IX|aggregation=quarterly_mean,\N,"{""aggregation_method"": ""quarterly_mean"", ""source_derivation_types"": [""O"", ""O"", ""O""], ""source_months"": [""2020-M01"", ""2020-M02"", ""2020-M03""], ""source_observation_count"": 3, ""source_series_dimensions"": {""ACCESS_SHARING_LEVEL"": ""PUBLIC_OPEN"", ""COUNTRY"": ""CZE"", ""FREQUENCY"": ""M"", ""IFS_FLAG"": ""true"", ""INDICATOR"": ""PPI"", ""METHODOLOGY"": ""PPI"", ""OVERLAP"": ""OL"", ""REFERENCE_PERIOD"": ""2010=100"", ""SCALE"": ""0"", ""SECURITY_CLASSIFICATION"": ""PUB"", ""TYPE_OF_TRANSFORMATION"": ""IX""}}"
CZE,producer_price_index_quarterly_imf,2020-Q2,quarterly,107.47411467849993,\N,derived,IMF_PPI,IMF|ACCESS_SHARING_LEVEL=PUBLIC_OPEN|FREQUENCY=M|IFS_FLAG=true|INDICATOR=PPI|METHODOLOGY=PPI|OVERLAP=OL|REFERENCE_PERIOD=2010=100|SCALE=0|SECURITY_CLASSIFICATION=PUB|TYPE_OF_TRANSFORMATION=IX|aggregation=quarterly_mean,\N,"{""aggregation_method"": ""quarterly_mean"", ""source_derivation_types"": [""O"", ""O"", ""O""], ""source_months"": [""2020-M04"", ""2020-M05"", ""2020-M06""], ""source_observation_count"": 3, ""source_series_dimensions"": {""ACCESS_SHARING_LEVEL"": ""PUBLIC_OPEN"", ""COUNTRY"": ""CZE"", ""FREQUENCY"": ""M"", ""IFS_FLAG"": ""true"", ""INDICATOR"": ""PPI"", ""METHODOLOGY"": ""PPI"", ""OVERLAP"": ""OL"", ""REFERENCE_PERIOD"": ""2010=100"", ""SCALE"": ""0"", ""SECURITY_CLASSIFICATION"": ""PUB"", ""TYPE_OF_TRANSFORMATION"": ""IX""}}"
CZE,producer_price_index_quarterly_imf,2020-Q3,quarterly,107.50891847211342,\N,derived,IMF_PPI,IMF|ACCESS_SHARING_LEVEL=PUBLIC_OPEN|FREQUENCY=M|IFS_FLAG=true|INDICATOR=PPI|METHODOLOGY=PPI|OVERLAP=OL|REFERENCE_PERIOD=2010=100|SCALE=0|SECURITY_CLASSIFICATION=PUB|TYPE_OF_TRANSFORMATION=IX|aggregation=quarterly_mean,\N,"{""aggregation_method"": ""quarterly_mean"", ""source_derivation_types"": [""O"", ""O"", ""O""], ""source_months"": [""2020-M07"", ""2020-M08"", ""2020-M09""], ""source_observation_count"": 3, ""source_series_dimensions"": {""ACCESS_SHARING_LEVEL"": ""PUBLIC_OPEN"", ""COUNTRY"": ""CZE"", ""FREQUENCY"": ""M"", ""IFS_FLAG"": ""true"", ""INDICATOR"": ""PPI"", ""METHODOLOGY"": ""PPI"", ""OVERLAP"": ""OL"", ""REFERENCE_PERIOD"": ""2010=100"", ""SCALE"": ""0"", ""SECURITY_CLASSIFICATION"": ""PUB"", ""TYPE_OF_TRANSFORMATION"": ""IX""}}"
CZE,producer_price_index_quarterly_imf,2020-Q4,quarterly,107.68293744018096,\N,derived,IMF_PPI,IMF|ACCESS_SHARING_LEVEL=PUBLIC_OPEN|FREQUENCY=M|IFS_FLAG=true|INDICATOR=PPI|METHODOLOGY=PPI|OVERLAP=OL|REFERENCE_PERIOD=2010=100|SCALE=0|SECURITY_CLASSIFICATION=PUB|TYPE_OF_TRANSFORMATION=IX|aggregation=quarterly_mean,\N,"{""aggregation_method"": ""quarterly_mean"", ""source_derivation_types"": [""O"", ""O"", ""O""], ""source_months"": [""2020-M10"", ""2020-M11"", ""2020-M12""], ""source_observation_count"": 3, ""source_series_dimensions"": {""ACCESS_SHARING_LEVEL"": ""PUBLIC_OPEN"", ""COUNTRY"": ""CZE"", ""FREQUENCY"": ""M"", ""IFS_FLAG"": ""true"", ""INDICATOR"": ""PPI"", ""METHODOLOGY"": ""PPI"", ""OVERLAP"": ""OL"", ""REFERENCE_PERIOD"": ""2010=100"", ""SCALE"": ""0"", ""SECURITY_CLASSIFICATION"": ""PUB"", ""TYPE_OF_TRANSFORMATION"": ""IX""}}"
CZE,producer_price_index_quarterly_imf,2021-Q1,quarterly,110.01479161228572,\N,derived,IMF_PPI,IMF|ACCESS_SHARING_LEVEL=PUBLIC_OPEN|FREQUENCY=M|IFS_FLAG=true|INDICATOR=PPI|METHODOLOGY=PPI|OVERLAP=OL|REFERENCE_PERIOD=2010=100|SCALE=0|SECURITY_CLASSIFICATION=PUB|TYPE_OF_TRANSFORMATION=IX|aggregation=quarterly_mean,\N,"{""aggregation_method"": ""quarterly_mean"", ""source_derivation_types"": [""O"", ""O"", ""O""], ""source_months"": [""2021-M01"", ""2021-M02"", ""2021-M03""], ""source_observation_count"": 3, ""source_series_dimensions"": {""ACCESS_SHARING_LEVEL"": ""PUBLIC_OPEN"", ""COUNTRY"": ""CZE"", ""FREQUENCY"": ""M"", ""IFS_FLAG"": ""true"", ""INDICATOR"": ""PPI"", ""METHODOLOGY"": ""PPI"", ""OVERLAP"": ""OL"", ""REFERENCE_PERIOD"": ""2010=100"", ""SCALE"": ""0"", ""SECURITY_CLASSIFICATION"": ""PUB"", ""TYPE_OF_TRANSFORMATION"": ""IX""}}"
CZE,producer_price_index_quarterly_imf,2021-Q2,quarterly,113.14713303750109,\N,derived,IMF_PPI,IMF|ACCESS_SHARING_LEVEL=PUBLIC_OPEN|FREQUENCY=M|IFS_FLAG=true|INDICATOR=PPI|METHODOLOGY=PPI|OVERLAP=OL|REFERENCE_PERIOD=2010=100|SCALE=0|SECURITY_CLASSIFICATION=PUB|TYPE_OF_TRANSFORMATION=IX|aggregation=quarterly_mean,\N,"{""aggregation_method"": ""quarterly_mean"", ""source_derivation_types"": [""O"", ""O"", ""O""], ""source_months"": [""2021-M04"", ""2021-M05"", ""2021-M06""], ""source_observation_count"": 3, ""source_series_dimensions"": {""ACCESS_SHARING_LEVEL"": ""PUBLIC_OPEN"", ""COUNTRY"": ""CZE"", ""FREQUENCY"": ""M"", ""IFS_FLAG"": ""true"", ""INDICATOR"": ""PPI"", ""METHODOLOGY"": ""PPI"", ""OVERLAP"": ""OL"", ""REFERENCE_PERIOD"": ""2010=100"", ""SCALE"": ""0"", ""SECURITY_CLASSIFICATION"": ""PUB"", ""TYPE_OF_TRANSFORMATION"": ""IX""}}"
CZE,producer_price_index_quarterly_imf,2021-Q3,quarterly,117.1843730966675,\N,derived,IMF_PPI,IMF|ACCESS_SHARING_LEVEL=PUBLIC_OPEN|FREQUENCY=M|IFS_FLAG=true|INDICATOR=PPI|METHODOLOGY=PPI|OVERLAP=OL|REFERENCE_PERIOD=2010=100|SCALE=0|SECURITY_CLASSIFICATION=PUB|TYPE_OF_TRANSFORMATION=IX|aggregation=quarterly_mean,\N,"{""aggregation_method"": ""quarterly_mean"", ""source_derivation_types"": [""O"", ""O"", ""O""], ""source_months"": [""2021-M07"", ""2021-M08"", ""2021-M09""], ""source_observation_count"": 3, ""source_series_dimensions"": {""ACCESS_SHARING_LEVEL"": ""PUBLIC_OPEN"", ""COUNTRY"": ""CZE"", ""FREQUENCY"": ""M"", ""IFS_FLAG"": ""true"", ""INDICATOR"": ""PPI"", ""METHODOLOGY"": ""PPI"", ""OVERLAP"": ""OL"", ""REFERENCE_PERIOD"": ""2010=100"", ""SCALE"": ""0"", ""SECURITY_CLASSIFICATION"": ""PUB"", ""TYPE_OF_TRANSFORMATION"": ""IX""}}"
CZE,producer_price_index_quarterly_imf,2021-Q4,quarterly,121.43043591751496,\N,derived,IMF_PPI,IMF|ACCESS_SHARING_LEVEL=PUBLIC_OPEN|FREQUENCY=M|IFS_FLAG=true|INDICATOR=PPI|METHODOLOGY=PPI|OVERLAP=OL|REFERENCE_PERIOD=2010=100|SCALE=0|SECURITY_CLASSIFICATION=PUB|TYPE_OF_TRANSFORMATION=IX|aggregation=quarterly_mean,\N,"{""aggregation_method"": ""quarterly_mean"", ""source_derivation_types"": [""O"", ""O"", ""O""], ""source_months"": [""2021-M10"", ""2021-M11"", ""2021-M12""], ""source_observation_count"": 3, ""source_series_dimensions"": {""ACCESS_SHARING_LEVEL"": ""PUBLIC_OPEN"", ""COUNTRY"": ""CZE"", ""FREQUENCY"": ""M"", ""IFS_FLAG"": ""true"", ""INDICATOR"": ""PPI"", ""METHODOLOGY"": ""PPI"", ""OVERLAP"": ""OL"", ""REFERENCE_PERIOD"": ""2010=100"", ""SCALE"": ""0"", ""SECURITY_CLASSIFICATION"": ""PUB"", ""TYPE_OF_TRANSFORMATION"": ""IX""}}"
CZE,producer_price_index_quarterly_imf,2022-Q1,quarterly,134.0294092056034,\N,derived,IMF_PPI,IMF|ACCESS_SHARING_LEVEL=PUBLIC_OPEN|FREQUENCY=M|IFS_FLAG=true|INDICATOR=PPI|METHODOLOGY=PPI|OVERLAP=OL|REFERENCE_PERIOD=2010=100|SCALE=0|SECURITY_CLASSIFICATION=PUB|TYPE_OF_TRANSFORMATION=IX|aggregation=quarterly_mean,\N,"{""aggregation_method"": ""quarterly_mean"", ""source_derivation_types"": [""O"", ""O"", ""O""], ""source_months"": [""2022-M01"", ""2022-M02"", ""2022-M03""], ""source_observation_count"": 3, ""source_series_dimensions"": {""ACCESS_SHARING_LEVEL"": ""PUBLIC_OPEN"", ""COUNTRY"": ""CZE"", ""FREQUENCY"": ""M"", ""IFS_FLAG"": ""true"", ""INDICATOR"": ""PPI"", ""METHODOLOGY"": ""PPI"", ""OVERLAP"": ""OL"", ""REFERENCE_PERIOD"": ""2010=100"", ""SCALE"": ""0"", ""SECURITY_CLASSIFICATION"": ""PUB"", ""TYPE_OF_TRANSFORMATION"": ""IX""}}"
CZE,producer_price_index_quarterly_imf,2022-Q2,quarterly,144.47054728965455,\N,derived,IMF_PPI,IMF|ACCESS_SHARING_LEVEL=PUBLIC_OPEN|FREQUENCY=M|IFS_FLAG=true|INDICATOR=PPI|METHODOLOGY=PPI|OVERLAP=OL|REFERENCE_PERIOD=2010=100|SCALE=0|SECURITY_CLASSIFICATION=PUB|TYPE_OF_TRANSFORMATION=IX|aggregation=quarterly_mean,\N,"{""aggregation_method"": ""quarterly_mean"", ""source_derivation_types"": [""O"", ""O"", ""O""], ""source_months"": [""2022-M04"", ""2022-M05"", ""2022-M06""], ""source_observation_count"": 3, ""source_series_dimensions"": {""ACCESS_SHARING_LEVEL"": ""PUBLIC_OPEN"", ""COUNTRY"": ""CZE"", ""FREQUENCY"": ""M"", ""IFS_FLAG"": ""true"", ""INDICATOR"": ""PPI"", ""METHODOLOGY"": ""PPI"", ""OVERLAP"": ""OL"", ""REFERENCE_PERIOD"": ""2010=100"", ""SCALE"": ""0"", ""SECURITY_CLASSIFICATION"": ""PUB"", ""TYPE_OF_TRANSFORMATION"": ""IX""}}"
CZE,producer_price_index_quarterly_imf,2022-Q3,quarterly,147.56808492125637,\N,derived,IMF_PPI,IMF|ACCESS_SHARING_LEVEL=PUBLIC_OPEN|FREQUENCY=M|IFS_FLAG=true|INDICATOR=PPI|METHODOLOGY=PPI|OVERLAP=OL|REFERENCE_PERIOD=2010=100|SCALE=0|SECURITY_CLASSIFICATION=PUB|TYPE_OF_TRANSFORMATION=IX|aggregation=quarterly_mean,\N,"{""aggregation_method"": ""quarterly_mean"", ""source_derivation_types"": [""O"", ""O"", ""O""], ""source_months"": [""2022-M07"", ""2022-M08"", ""2022-M09""], ""source_observation_count"": 3, ""source_series_dimensions"": {""ACCESS_SHARING_LEVEL"": ""PUBLIC_OPEN"", ""COUNTRY"": ""CZE"", ""FREQUENCY"": ""M"", ""IFS_FLAG"": ""true"", ""INDICATOR"": ""PPI"", ""METHODOLOGY"": ""PPI"", ""OVERLAP"": ""OL"", ""REFERENCE_PERIOD"": ""2010=100"", ""SCALE"": ""0"", ""SECURITY_CLASSIFICATION"": ""PUB"", ""TYPE_OF_TRANSFORMATION"": ""IX""}}"
CZE,producer_price_index_quarterly_imf,2022-Q4,quarterly,147.95092665100495,\N,derived,IMF_PPI,IMF|ACCESS_SHARING_LEVEL=PUBLIC_OPEN|FREQUENCY=M|IFS_FLAG=true|INDICATOR=PPI|METHODOLOGY=PPI|OVERLAP=OL|REFERENCE_PERIOD=2010=100|SCALE=0|SECURITY_CLASSIFICATION=PUB|TYPE_OF_TRANSFORMATION=IX|aggregation=quarterly_mean,\N,"{""aggregation_method"": ""quarterly_mean"", ""source_derivation_types"": [""O"", ""O"", ""O""], ""source_months"": [""2022-M10"", ""2022-M11"", ""2022-M12""], ""source_observation_count"": 3, ""source_series_dimensions"": {""ACCESS_SHARING_LEVEL"": ""PUBLIC_OPEN"", ""COUNTRY"": ""CZE"", ""FREQUENCY"": ""M"", ""IFS_FLAG"": ""true"", ""INDICATOR"": ""PPI"", ""METHODOLOGY"": ""PPI"", ""OVERLAP"": ""OL"", ""REFERENCE_PERIOD"": ""2010=100"", ""SCALE"": ""0"", ""SECURITY_CLASSIFICATION"": ""PUB"", ""TYPE_OF_TRANSFORMATION"": ""IX""}}"
CZE,producer_price_index_quarterly_imf,2023-Q1,quarterly,154.07639432698167,\N,derived,IMF_PPI,IMF|ACCESS_SHARING_LEVEL=PUBLIC_OPEN|FREQUENCY=M|IFS_FLAG=true|INDICATOR=PPI|METHODOLOGY=PPI|OVERLAP=OL|REFERENCE_PERIOD=2010=100|SCALE=0|SECURITY_CLASSIFICATION=PUB|TYPE_OF_TRANSFORMATION=IX|aggregation=quarterly_mean,\N,"{""aggregation_method"": ""quarterly_mean"", ""source_derivation_types"": [""O"", ""O"", ""O""], ""source_months"": [""2023-M01"", ""2023-M02"", ""2023-M03""], ""source_observation_count"": 3, ""source_series_dimensions"": {""ACCESS_SHARING_LEVEL"": ""PUBLIC_OPEN"", ""COUNTRY"": ""CZE"", ""FREQUENCY"": ""M"", ""IFS_FLAG"": ""true"", ""INDICATOR"": ""PPI"", ""METHODOLOGY"": ""PPI"", ""OVERLAP"": ""OL"", ""REFERENCE_PERIOD"": ""2010=100"", ""SCALE"": ""0"", ""SECURITY_CLASSIFICATION"": ""PUB"", ""TYPE_OF_TRANSFORMATION"": ""IX""}}"
CZE,producer_price_index_quarterly_imf,2023-Q2,quarterly,150.1435656486557,\N,derived,IMF_PPI,IMF|ACCESS_SHARING_LEVEL=PUBLIC_OPEN|FREQUENCY=M|IFS_FLAG=true|INDICATOR=PPI|METHODOLOGY=PPI|OVERLAP=OL|REFERENCE_PERIOD=2010=100|SCALE=0|SECURITY_CLASSIFICATION=PUB|TYPE_OF_TRANSFORMATION=IX|aggregation=quarterly_mean,\N,"{""aggregation_method"": ""quarterly_mean"", ""source_derivation_types"": [""O"", ""O"", ""O""], ""source_months"": [""2023-M04"", ""2023-M05"", ""2023-M06""], ""source_observation_count"": 3, ""source_series_dimensions"": {""ACCESS_SHARING_LEVEL"": ""PUBLIC_OPEN"", ""COUNTRY"": ""CZE"", ""FREQUENCY"": ""M"", ""IFS_FLAG"": ""true"", ""INDICATOR"": ""PPI"", ""METHODOLOGY"": ""PPI"", ""OVERLAP"": ""OL"", ""REFERENCE_PERIOD"": ""2010=100"", ""SCALE"": ""0"", ""SECURITY_CLASSIFICATION"": ""PUB"", ""TYPE_OF_TRANSFORMATION"": ""IX""}}"
CZE,producer_price_index_quarterly_imf,2023-Q3,quarterly,149.55190115722613,\N,derived,IMF_PPI,IMF|ACCESS_SHARING_LEVEL=PUBLIC_OPEN|FREQUENCY=M|IFS_FLAG=true|INDICATOR=PPI|METHODOLOGY=PPI|OVERLAP=OL|REFERENCE_PERIOD=2010=100|SCALE=0|SECURITY_CLASSIFICATION=PUB|TYPE_OF_TRANSFORMATION=IX|aggregation=quarterly_mean,\N,"{""aggregation_method"": ""quarterly_mean"", ""source_derivation_types"": [""O"", ""O"", ""O""], ""source_months"": [""2023-M07"", ""2023-M08"", ""2023-M09""], ""source_observation_count"": 3, ""source_series_dimensions"": {""ACCESS_SHARING_LEVEL"": ""PUBLIC_OPEN"", ""COUNTRY"": ""CZE"", ""FREQUENCY"": ""M"", ""IFS_FLAG"": ""true"", ""INDICATOR"": ""PPI"", ""METHODOLOGY"": ""PPI"", ""OVERLAP"": ""OL"", ""REFERENCE_PERIOD"": ""2010=100"", ""SCALE"": ""0"", ""SECURITY_CLASSIFICATION"": ""PUB"", ""TYPE_OF_TRANSFORMATION"": ""IX""}}"
CZE,producer_price_index_quarterly_imf,2023-Q4,quarterly,149.16905942747758,\N,derived,IMF_PPI,IMF|ACCESS_SHARING_LEVEL=PUBLIC_OPEN|FREQUENCY=M|IFS_FLAG=true|INDICATOR=PPI|METHODOLOGY=PPI|OVERLAP=OL|REFERENCE_PERIOD=2010=100|SCALE=0|SECURITY_CLASSIFICATION=PUB|TYPE_OF_TRANSFORMATION=IX|aggregation=quarterly_mean,\N,"{""aggregation_method"": ""quarterly_mean"", ""source_derivation_types"": [""O"", ""O"", ""O""], ""source_months"": [""2023-M10"", ""2023-M11"", ""2023-M12""], ""source_observation_count"": 3, ""source_series_dimensions"": {""ACCESS_SHARING_LEVEL"": ""PUBLIC_OPEN"", ""COUNTRY"": ""CZE"", ""FREQUENCY"": ""M"", ""IFS_FLAG"": ""true"", ""INDICATOR"": ""PPI"", ""METHODOLOGY"": ""PPI"", ""OVERLAP"": ""OL"", ""REFERENCE_PERIOD"": ""2010=100"", ""SCALE"": ""0"", ""SECURITY_CLASSIFICATION"": ""PUB"", ""TYPE_OF_TRANSFORMATION"": ""IX""}}"
CZE,producer_price_index_quarterly_imf,2024-Q1,quarterly,152.64943878882798,\N,derived,IMF_PPI,IMF|ACCESS_SHARING_LEVEL=PUBLIC_OPEN|FREQUENCY=M|IFS_FLAG=true|INDICATOR=PPI|METHODOLOGY=PPI|OVERLAP=OL|REFERENCE_PERIOD=2010=100|SCALE=0|SECURITY_CLASSIFICATION=PUB|TYPE_OF_TRANSFORMATION=IX|aggregation=quarterly_mean,\N,"{""aggregation_method"": ""quarterly_mean"", ""source_derivation_types"": [""O"", ""O"", ""O""], ""source_months"": [""2024-M01"", ""2024-M02"", ""2024-M03""], ""source_observation_count"": 3, ""source_series_dimensions"": {""ACCESS_SHARING_LEVEL"": ""PUBLIC_OPEN"", ""COUNTRY"": ""CZE"", ""FREQUENCY"": ""M"", ""IFS_FLAG"": ""true"", ""INDICATOR"": ""PPI"", ""METHODOLOGY"": ""PPI"", ""OVERLAP"": ""OL"", ""REFERENCE_PERIOD"": ""2010=100"", ""SCALE"": ""0"", ""SECURITY_CLASSIFICATION"": ""PUB"", ""TYPE_OF_TRANSFORMATION"": ""IX""}}"
CZE,producer_price_index_quarterly_imf,2024-Q2,quarterly,151.84895153571736,\N,derived,IMF_PPI,IMF|ACCESS_SHARING_LEVEL=PUBLIC_OPEN|FREQUENCY=M|IFS_FLAG=true|INDICATOR=PPI|METHODOLOGY=PPI|OVERLAP=OL|REFERENCE_PERIOD=2010=100|SCALE=0|SECURITY_CLASSIFICATION=PUB|TYPE_OF_TRANSFORMATION=IX|aggregation=quarterly_mean,\N,"{""aggregation_method"": ""quarterly_mean"", ""source_derivation_types"": [""O"", ""O"", ""O""], ""source_months"": [""2024-M04"", ""2024-M05"", ""2024-M06""], ""source_observation_count"": 3, ""source_series_dimensions"": {""ACCESS_SHARING_LEVEL"": ""PUBLIC_OPEN"", ""COUNTRY"": ""CZE"", ""FREQUENCY"": ""M"", ""IFS_FLAG"": ""true"", ""INDICATOR"": ""PPI"", ""METHODOLOGY"": ""PPI"", ""OVERLAP"": ""OL"", ""REFERENCE_PERIOD"": ""2010=100"", ""SCALE"": ""0"", ""SECURITY_CLASSIFICATION"": ""PUB"", ""TYPE_OF_TRANSFORMATION"": ""IX""}}"
CZE,producer_price_index_quarterly_imf,2024-Q3,quarterly,151.29209083790133,\N,derived,IMF_PPI,IMF|ACCESS_SHARING_LEVEL=PUBLIC_OPEN|FREQUENCY=M|IFS_FLAG=true|INDICATOR=PPI|METHODOLOGY=PPI|OVERLAP=OL|REFERENCE_PERIOD=2010=100|SCALE=0|SECURITY_CLASSIFICATION=PUB|TYPE_OF_TRANSFORMATION=IX|aggregation=quarterly_mean,\N,"{""aggregation_method"": ""quarterly_mean"", ""source_derivation_types"": [""O"", ""O"", ""O""], ""source_months"": [""2024-M07"", ""2024-M08"", ""2024-M09""], ""source_observation_count"": 3, ""source_series_dimensions"": {""ACCESS_SHARING_LEVEL"": ""PUBLIC_OPEN"", ""COUNTRY"": ""CZE"", ""FREQUENCY"": ""M"", ""IFS_FLAG"": ""true"", ""INDICATOR"": ""PPI"", ""METHODOLOGY"": ""PPI"", ""OVERLAP"": ""OL"", ""REFERENCE_PERIOD"": ""2010=100"", ""SCALE"": ""0"", ""SECURITY_CLASSIFICATION"": ""PUB"", ""TYPE_OF_TRANSFORMATION"": ""IX""}}"
CZE,producer_price_index_quarterly_imf,2024-Q4,quarterly,151.81414774210387,\N,derived,IMF_PPI,IMF|ACCESS_SHARING_LEVEL=PUBLIC_OPEN|FREQUENCY=M|IFS_FLAG=true|INDICATOR=PPI|METHODOLOGY=PPI|OVERLAP=OL|REFERENCE_PERIOD=2010=100|SCALE=0|SECURITY_CLASSIFICATION=PUB|TYPE_OF_TRANSFORMATION=IX|aggregation=quarterly_mean,\N,"{""aggregation_method"": ""quarterly_mean"", ""source_derivation_types"": [""O"", ""O"", ""O""], ""source_months"": [""2024-M10"", ""2024-M11"", ""2024-M12""], ""source_observation_count"": 3, ""source_series_dimensions"": {""ACCESS_SHARING_LEVEL"": ""PUBLIC_OPEN"", ""COUNTRY"": ""CZE"", ""FREQUENCY"": ""M"", ""IFS_FLAG"": ""true"", ""INDICATOR"": ""PPI"", ""METHODOLOGY"": ""PPI"", ""OVERLAP"": ""OL"", ""REFERENCE_PERIOD"": ""2010=100"", ""SCALE"": ""0"", ""SECURITY_CLASSIFICATION"": ""PUB"", ""TYPE_OF_TRANSFORMATION"": ""IX""}}"
DEU,producer_price_index_quarterly_imf,2020-Q1,quarterly,108.29643888354185,\N,derived,IMF_PPI,IMF|ACCESS_SHARING_LEVEL=PUBLIC_OPEN|FREQUENCY=M|IFS_FLAG=true|INDICATOR=PPI|METHODOLOGY=PPI|OVERLAP=OL|REFERENCE_PERIOD=2010=100|SCALE=0|SECURITY_CLASSIFICATION=PUB|TYPE_OF_TRANSFORMATION=IX|aggregation=quarterly_mean,\N,"{""aggregation_method"": ""quarterly_mean"", ""source_derivation_types"": [""O"", ""O"", ""O""], ""source_months"": [""2020-M01"", ""2020-M02"", ""2020-M03""], ""source_observation_count"": 3, ""source_series_dimensions"": {""ACCESS_SHARING_LEVEL"": ""PUBLIC_OPEN"", ""COUNTRY"": ""DEU"", ""FREQUENCY"": ""M"", ""IFS_FLAG"": ""true"", ""INDICATOR"": ""PPI"", ""METHODOLOGY"": ""PPI"", ""OVERLAP"": ""OL"", ""REFERENCE_PERIOD"": ""2010=100"", ""SCALE"": ""0"", ""SECURITY_CLASSIFICATION"": ""PUB"", ""TYPE_OF_TRANSFORMATION"": ""IX""}}"
DEU,producer_price_index_quarterly_imf,2020-Q2,quarterly,106.94898941289703,\N,derived,IMF_PPI,IMF|ACCESS_SHARING_LEVEL=PUBLIC_OPEN|FREQUENCY=M|IFS_FLAG=true|INDICATOR=PPI|METHODOLOGY=PPI|OVERLAP=OL|REFERENCE_PERIOD=2010=100|SCALE=0|SECURITY_CLASSIFICATION=PUB|TYPE_OF_TRANSFORMATION=IX|aggregation=quarterly_mean,\N,"{""aggregation_method"": ""quarterly_mean"", ""source_derivation_types"": [""O"", ""O"", ""O""], ""source_months"": [""2020-M04"", ""2020-M05"", ""2020-M06""], ""source_observation_count"": 3, ""source_series_dimensions"": {""ACCESS_SHARING_LEVEL"": ""PUBLIC_OPEN"", ""COUNTRY"": ""DEU"", ""FREQUENCY"": ""M"", ""IFS_FLAG"": ""true"", ""INDICATOR"": ""PPI"", ""METHODOLOGY"": ""PPI"", ""OVERLAP"": ""OL"", ""REFERENCE_PERIOD"": ""2010=100"", ""SCALE"": ""0"", ""SECURITY_CLASSIFICATION"": ""PUB"", ""TYPE_OF_TRANSFORMATION"": ""IX""}}"
DEU,producer_price_index_quarterly_imf,2020-Q3,quarterly,107.0259865255053,\N,derived,IMF_PPI,IMF|ACCESS_SHARING_LEVEL=PUBLIC_OPEN|FREQUENCY=M|IFS_FLAG=true|INDICATOR=PPI|METHODOLOGY=PPI|OVERLAP=OL|REFERENCE_PERIOD=2010=100|SCALE=0|SECURITY_CLASSIFICATION=PUB|TYPE_OF_TRANSFORMATION=IX|aggregation=quarterly_mean,\N,"{""aggregation_method"": ""quarterly_mean"", ""source_derivation_types"": [""O"", ""O"", ""O""], ""source_months"": [""2020-M07"", ""2020-M08"", ""2020-M09""], ""source_observation_count"": 3, ""source_series_dimensions"": {""ACCESS_SHARING_LEVEL"": ""PUBLIC_OPEN"", ""COUNTRY"": ""DEU"", ""FREQUENCY"": ""M"", ""IFS_FLAG"": ""true"", ""INDICATOR"": ""PPI"", ""METHODOLOGY"": ""PPI"", ""OVERLAP"": ""OL"", ""REFERENCE_PERIOD"": ""2010=100"", ""SCALE"": ""0"", ""SECURITY_CLASSIFICATION"": ""PUB"", ""TYPE_OF_TRANSFORMATION"": ""IX""}}"
DEU,producer_price_index_quarterly_imf,2020-Q4,quarterly,107.52646775745912,\N,derived,IMF_PPI,IMF|ACCESS_SHARING_LEVEL=PUBLIC_OPEN|FREQUENCY=M|IFS_FLAG=true|INDICATOR=PPI|METHODOLOGY=PPI|OVERLAP=OL|REFERENCE_PERIOD=2010=100|SCALE=0|SECURITY_CLASSIFICATION=PUB|TYPE_OF_TRANSFORMATION=IX|aggregation=quarterly_mean,\N,"{""aggregation_method"": ""quarterly_mean"", ""source_derivation_types"": [""O"", ""O"", ""O""], ""source_months"": [""2020-M10"", ""2020-M11"", ""2020-M12""], ""source_observation_count"": 3, ""source_series_dimensions"": {""ACCESS_SHARING_LEVEL"": ""PUBLIC_OPEN"", ""COUNTRY"": ""DEU"", ""FREQUENCY"": ""M"", ""IFS_FLAG"": ""true"", ""INDICATOR"": ""PPI"", ""METHODOLOGY"": ""PPI"", ""OVERLAP"": ""OL"", ""REFERENCE_PERIOD"": ""2010=100"", ""SCALE"": ""0"", ""SECURITY_CLASSIFICATION"": ""PUB"", ""TYPE_OF_TRANSFORMATION"": ""IX""}}"
DEU,producer_price_index_quarterly_imf,2021-Q1,quarterly,110.1828681424447,\N,derived,IMF_PPI,IMF|ACCESS_SHARING_LEVEL=PUBLIC_OPEN|FREQUENCY=M|IFS_FLAG=true|INDICATOR=PPI|METHODOLOGY=PPI|OVERLAP=OL|REFERENCE_PERIOD=2010=100|SCALE=0|SECURITY_CLASSIFICATION=PUB|TYPE_OF_TRANSFORMATION=IX|aggregation=quarterly_mean,\N,"{""aggregation_method"": ""quarterly_mean"", ""source_derivation_types"": [""O"", ""O"", ""O""], ""source_months"": [""2021-M01"", ""2021-M02"", ""2021-M03""], ""source_observation_count"": 3, ""source_series_dimensions"": {""ACCESS_SHARING_LEVEL"": ""PUBLIC_OPEN"", ""COUNTRY"": ""DEU"", ""FREQUENCY"": ""M"", ""IFS_FLAG"": ""true"", ""INDICATOR"": ""PPI"", ""METHODOLOGY"": ""PPI"", ""OVERLAP"": ""OL"", ""REFERENCE_PERIOD"": ""2010=100"", ""SCALE"": ""0"", ""SECURITY_CLASSIFICATION"": ""PUB"", ""TYPE_OF_TRANSFORMATION"": ""IX""}}"
DEU,producer_price_index_quarterly_imf,2021-Q2,quarterly,112.76227141482197,\N,derived,IMF_PPI,IMF|ACCESS_SHARING_LEVEL=PUBLIC_OPEN|FREQUENCY=M|IFS_FLAG=true|INDICATOR=PPI|METHODOLOGY=PPI|OVERLAP=OL|REFERENCE_PERIOD=2010=100|SCALE=0|SECURITY_CLASSIFICATION=PUB|TYPE_OF_TRANSFORMATION=IX|aggregation=quarterly_mean,\N,"{""aggregation_method"": ""quarterly_mean"", ""source_derivation_types"": [""O"", ""O"", ""O""], ""source_months"": [""2021-M04"", ""2021-M05"", ""2021-M06""], ""source_observation_count"": 3, ""source_series_dimensions"": {""ACCESS_SHARING_LEVEL"": ""PUBLIC_OPEN"", ""COUNTRY"": ""DEU"", ""FREQUENCY"": ""M"", ""IFS_FLAG"": ""true"", ""INDICATOR"": ""PPI"", ""METHODOLOGY"": ""PPI"", ""OVERLAP"": ""OL"", ""REFERENCE_PERIOD"": ""2010=100"", ""SCALE"": ""0"", ""SECURITY_CLASSIFICATION"": ""PUB"", ""TYPE_OF_TRANSFORMATION"": ""IX""}}"
DEU,producer_price_index_quarterly_imf,2021-Q3,quarterly,116.65062560153994,\N,derived,IMF_PPI,IMF|ACCESS_SHARING_LEVEL=PUBLIC_OPEN|FREQUENCY=M|IFS_FLAG=true|INDICATOR=PPI|METHODOLOGY=PPI|OVERLAP=OL|REFERENCE_PERIOD=2010=100|SCALE=0|SECURITY_CLASSIFICATION=PUB|TYPE_OF_TRANSFORMATION=IX|aggregation=quarterly_mean,\N,"{""aggregation_method"": ""quarterly_mean"", ""source_derivation_types"": [""O"", ""O"", ""O""], ""source_months"": [""2021-M07"", ""2021-M08"", ""2021-M09""], ""source_observation_count"": 3, ""source_series_dimensions"": {""ACCESS_SHARING_LEVEL"": ""PUBLIC_OPEN"", ""COUNTRY"": ""DEU"", ""FREQUENCY"": ""M"", ""IFS_FLAG"": ""true"", ""INDICATOR"": ""PPI"", ""METHODOLOGY"": ""PPI"", ""OVERLAP"": ""OL"", ""REFERENCE_PERIOD"": ""2010=100"", ""SCALE"": ""0"", ""SECURITY_CLASSIFICATION"": ""PUB"", ""TYPE_OF_TRANSFORMATION"": ""IX""}}"
DEU,producer_price_index_quarterly_imf,2021-Q4,quarterly,122.42540904716077,\N,derived,IMF_PPI,IMF|ACCESS_SHARING_LEVEL=PUBLIC_OPEN|FREQUENCY=M|IFS_FLAG=true|INDICATOR=PPI|METHODOLOGY=PPI|OVERLAP=OL|REFERENCE_PERIOD=2010=100|SCALE=0|SECURITY_CLASSIFICATION=PUB|TYPE_OF_TRANSFORMATION=IX|aggregation=quarterly_mean,\N,"{""aggregation_method"": ""quarterly_mean"", ""source_derivation_types"": [""O"", ""O"", ""O""], ""source_months"": [""2021-M10"", ""2021-M11"", ""2021-M12""], ""source_observation_count"": 3, ""source_series_dimensions"": {""ACCESS_SHARING_LEVEL"": ""PUBLIC_OPEN"", ""COUNTRY"": ""DEU"", ""FREQUENCY"": ""M"", ""IFS_FLAG"": ""true"", ""INDICATOR"": ""PPI"", ""METHODOLOGY"": ""PPI"", ""OVERLAP"": ""OL"", ""REFERENCE_PERIOD"": ""2010=100"", ""SCALE"": ""0"", ""SECURITY_CLASSIFICATION"": ""PUB"", ""TYPE_OF_TRANSFORMATION"": ""IX""}}"
DEU,producer_price_index_quarterly_imf,2022-Q1,quarterly,131.12608277189608,\N,derived,IMF_PPI,IMF|ACCESS_SHARING_LEVEL=PUBLIC_OPEN|FREQUENCY=M|IFS_FLAG=true|INDICATOR=PPI|METHODOLOGY=PPI|OVERLAP=OL|REFERENCE_PERIOD=2010=100|SCALE=0|SECURITY_CLASSIFICATION=PUB|TYPE_OF_TRANSFORMATION=IX|aggregation=quarterly_mean,\N,"{""aggregation_method"": ""quarterly_mean"", ""source_derivation_types"": [""O"", ""O"", ""O""], ""source_months"": [""2022-M01"", ""2022-M02"", ""2022-M03""], ""source_observation_count"": 3, ""source_series_dimensions"": {""ACCESS_SHARING_LEVEL"": ""PUBLIC_OPEN"", ""COUNTRY"": ""DEU"", ""FREQUENCY"": ""M"", ""IFS_FLAG"": ""true"", ""INDICATOR"": ""PPI"", ""METHODOLOGY"": ""PPI"", ""OVERLAP"": ""OL"", ""REFERENCE_PERIOD"": ""2010=100"", ""SCALE"": ""0"", ""SECURITY_CLASSIFICATION"": ""PUB"", ""TYPE_OF_TRANSFORMATION"": ""IX""}}"
DEU,producer_price_index_quarterly_imf,2022-Q2,quarterly,139.55726660250244,\N,derived,IMF_PPI,IMF|ACCESS_SHARING_LEVEL=PUBLIC_OPEN|FREQUENCY=M|IFS_FLAG=true|INDICATOR=PPI|METHODOLOGY=PPI|OVERLAP=OL|REFERENCE_PERIOD=2010=100|SCALE=0|SECURITY_CLASSIFICATION=PUB|TYPE_OF_TRANSFORMATION=IX|aggregation=quarterly_mean,\N,"{""aggregation_method"": ""quarterly_mean"", ""source_derivation_types"": [""O"", ""O"", ""O""], ""source_months"": [""2022-M04"", ""2022-M05"", ""2022-M06""], ""source_observation_count"": 3, ""source_series_dimensions"": {""ACCESS_SHARING_LEVEL"": ""PUBLIC_OPEN"", ""COUNTRY"": ""DEU"", ""FREQUENCY"": ""M"", ""IFS_FLAG"": ""true"", ""INDICATOR"": ""PPI"", ""METHODOLOGY"": ""PPI"", ""OVERLAP"": ""OL"", ""REFERENCE_PERIOD"": ""2010=100"", ""SCALE"": ""0"", ""SECURITY_CLASSIFICATION"": ""PUB"", ""TYPE_OF_TRANSFORMATION"": ""IX""}}"
DEU,producer_price_index_quarterly_imf,2022-Q3,quarterly,149.56689124157853,\N,derived,IMF_PPI,IMF|ACCESS_SHARING_LEVEL=PUBLIC_OPEN|FREQUENCY=M|IFS_FLAG=true|INDICATOR=PPI|METHODOLOGY=PPI|OVERLAP=OL|REFERENCE_PERIOD=2010=100|SCALE=0|SECURITY_CLASSIFICATION=PUB|TYPE_OF_TRANSFORMATION=IX|aggregation=quarterly_mean,\N,"{""aggregation_method"": ""quarterly_mean"", ""source_derivation_types"": [""O"", ""O"", ""O""], ""source_months"": [""2022-M07"", ""2022-M08"", ""2022-M09""], ""source_observation_count"": 3, ""source_series_dimensions"": {""ACCESS_SHARING_LEVEL"": ""PUBLIC_OPEN"", ""COUNTRY"": ""DEU"", ""FREQUENCY"": ""M"", ""IFS_FLAG"": ""true"", ""INDICATOR"": ""PPI"", ""METHODOLOGY"": ""PPI"", ""OVERLAP"": ""OL"", ""REFERENCE_PERIOD"": ""2010=100"", ""SCALE"": ""0"", ""SECURITY_CLASSIFICATION"": ""PUB"", ""TYPE_OF_TRANSFORMATION"": ""IX""}}"
DEU,producer_price_index_quarterly_imf,2022-Q4,quarterly,147.87295476419635,\N,derived,IMF_PPI,IMF|ACCESS_SHARING_LEVEL=PUBLIC_OPEN|FREQUENCY=M|IFS_FLAG=true|INDICATOR=PPI|METHODOLOGY=PPI|OVERLAP=OL|REFERENCE_PERIOD=2010=100|SCALE=0|SECURITY_CLASSIFICATION=PUB|TYPE_OF_TRANSFORMATION=IX|aggregation=quarterly_mean,\N,"{""aggregation_method"": ""quarterly_mean"", ""source_derivation_types"": [""O"", ""O"", ""O""], ""source_months"": [""2022-M10"", ""2022-M11"", ""2022-M12""], ""source_observation_count"": 3, ""source_series_dimensions"": {""ACCESS_SHARING_LEVEL"": ""PUBLIC_OPEN"", ""COUNTRY"": ""DEU"", ""FREQUENCY"": ""M"", ""IFS_FLAG"": ""true"", ""INDICATOR"": ""PPI"", ""METHODOLOGY"": ""PPI"", ""OVERLAP"": ""OL"", ""REFERENCE_PERIOD"": ""2010=100"", ""SCALE"": ""0"", ""SECURITY_CLASSIFICATION"": ""PUB"", ""TYPE_OF_TRANSFORMATION"": ""IX""}}"
DEU,producer_price_index_quarterly_imf,2023-Q1,quarterly,145.37054860442737,\N,derived,IMF_PPI,IMF|ACCESS_SHARING_LEVEL=PUBLIC_OPEN|FREQUENCY=M|IFS_FLAG=true|INDICATOR=PPI|METHODOLOGY=PPI|OVERLAP=OL|REFERENCE_PERIOD=2010=100|SCALE=0|SECURITY_CLASSIFICATION=PUB|TYPE_OF_TRANSFORMATION=IX|aggregation=quarterly_mean,\N,"{""aggregation_method"": ""quarterly_mean"", ""source_derivation_types"": [""O"", ""O"", ""O""], ""source_months"": [""2023-M01"", ""2023-M02"", ""2023-M03""], ""source_observation_count"": 3, ""source_series_dimensions"": {""ACCESS_SHARING_LEVEL"": ""PUBLIC_OPEN"", ""COUNTRY"": ""DEU"", ""FREQUENCY"": ""M"", ""IFS_FLAG"": ""true"", ""INDICATOR"": ""PPI"", ""METHODOLOGY"": ""PPI"", ""OVERLAP"": ""OL"", ""REFERENCE_PERIOD"": ""2010=100"", ""SCALE"": ""0"", ""SECURITY_CLASSIFICATION"": ""PUB"", ""TYPE_OF_TRANSFORMATION"": ""IX""}}"
DEU,producer_price_index_quarterly_imf,2023-Q2,quarterly,143.86910490856596,\N,derived,IMF_PPI,IMF|ACCESS_SHARING_LEVEL=PUBLIC_OPEN|FREQUENCY=M|IFS_FLAG=true|INDICATOR=PPI|METHODOLOGY=PPI|OVERLAP=OL|REFERENCE_PERIOD=2010=100|SCALE=0|SECURITY_CLASSIFICATION=PUB|TYPE_OF_TRANSFORMATION=IX|aggregation=quarterly_mean,\N,"{""aggregation_method"": ""quarterly_mean"", ""source_derivation_types"": [""O"", ""O"", ""O""], ""source_months"": [""2023-M04"", ""2023-M05"", ""2023-M06""], ""source_observation_count"": 3, ""source_series_dimensions"": {""ACCESS_SHARING_LEVEL"": ""PUBLIC_OPEN"", ""COUNTRY"": ""DEU"", ""FREQUENCY"": ""M"", ""IFS_FLAG"": ""true"", ""INDICATOR"": ""PPI"", ""METHODOLOGY"": ""PPI"", ""OVERLAP"": ""OL"", ""REFERENCE_PERIOD"": ""2010=100"", ""SCALE"": ""0"", ""SECURITY_CLASSIFICATION"": ""PUB"", ""TYPE_OF_TRANSFORMATION"": ""IX""}}"
DEU,producer_price_index_quarterly_imf,2023-Q3,quarterly,142.86814244465833,\N,derived,IMF_PPI,IMF|ACCESS_SHARING_LEVEL=PUBLIC_OPEN|FREQUENCY=M|IFS_FLAG=true|INDICATOR=PPI|METHODOLOGY=PPI|OVERLAP=OL|REFERENCE_PERIOD=2010=100|SCALE=0|SECURITY_CLASSIFICATION=PUB|TYPE_OF_TRANSFORMATION=IX|aggregation=quarterly_mean,\N,"{""aggregation_method"": ""quarterly_mean"", ""source_derivation_types"": [""O"", ""O"", ""O""], ""source_months"": [""2023-M07"", ""2023-M08"", ""2023-M09""], ""source_observation_count"": 3, ""source_series_dimensions"": {""ACCESS_SHARING_LEVEL"": ""PUBLIC_OPEN"", ""COUNTRY"": ""DEU"", ""FREQUENCY"": ""M"", ""IFS_FLAG"": ""true"", ""INDICATOR"": ""PPI"", ""METHODOLOGY"": ""PPI"", ""OVERLAP"": ""OL"", ""REFERENCE_PERIOD"": ""2010=100"", ""SCALE"": ""0"", ""SECURITY_CLASSIFICATION"": ""PUB"", ""TYPE_OF_TRANSFORMATION"": ""IX""}}"
DEU,producer_price_index_quarterly_imf,2023-Q4,quarterly,142.09817131857554,\N,derived,IMF_PPI,IMF|ACCESS_SHARING_LEVEL=PUBLIC_OPEN|FREQUENCY=M|IFS_FLAG=true|INDICATOR=PPI|METHODOLOGY=PPI|OVERLAP=OL|REFERENCE_PERIOD=2010=100|SCALE=0|SECURITY_CLASSIFICATION=PUB|TYPE_OF_TRANSFORMATION=IX|aggregation=quarterly_mean,\N,"{""aggregation_method"": ""quarterly_mean"", ""source_derivation_types"": [""O"", ""O"", ""O""], ""source_months"": [""2023-M10"", ""2023-M11"", ""2023-M12""], ""source_observation_count"": 3, ""source_series_dimensions"": {""ACCESS_SHARING_LEVEL"": ""PUBLIC_OPEN"", ""COUNTRY"": ""DEU"", ""FREQUENCY"": ""M"", ""IFS_FLAG"": ""true"", ""INDICATOR"": ""PPI"", ""METHODOLOGY"": ""PPI"", ""OVERLAP"": ""OL"", ""REFERENCE_PERIOD"": ""2010=100"", ""SCALE"": ""0"", ""SECURITY_CLASSIFICATION"": ""PUB"", ""TYPE_OF_TRANSFORMATION"": ""IX""}}"
DEU,producer_price_index_quarterly_imf,2024-Q1,quarterly,141.67468719923005,\N,derived,IMF_PPI,IMF|ACCESS_SHARING_LEVEL=PUBLIC_OPEN|FREQUENCY=M|IFS_FLAG=true|INDICATOR=PPI|METHODOLOGY=PPI|OVERLAP=OL|REFERENCE_PERIOD=2010=100|SCALE=0|SECURITY_CLASSIFICATION=PUB|TYPE_OF_TRANSFORMATION=IX|aggregation=quarterly_mean,\N,"{""aggregation_method"": ""quarterly_mean"", ""source_derivation_types"": [""O"", ""O"", ""O""], ""source_months"": [""2024-M01"", ""2024-M02"", ""2024-M03""], ""source_observation_count"": 3, ""source_series_dimensions"": {""ACCESS_SHARING_LEVEL"": ""PUBLIC_OPEN"", ""COUNTRY"": ""DEU"", ""FREQUENCY"": ""M"", ""IFS_FLAG"": ""true"", ""INDICATOR"": ""PPI"", ""METHODOLOGY"": ""PPI"", ""OVERLAP"": ""OL"", ""REFERENCE_PERIOD"": ""2010=100"", ""SCALE"": ""0"", ""SECURITY_CLASSIFICATION"": ""PUB"", ""TYPE_OF_TRANSFORMATION"": ""IX""}}"
DEU,producer_price_index_quarterly_imf,2024-Q2,quarterly,142.09817131857554,\N,derived,IMF_PPI,IMF|ACCESS_SHARING_LEVEL=PUBLIC_OPEN|FREQUENCY=M|IFS_FLAG=true|INDICATOR=PPI|METHODOLOGY=PPI|OVERLAP=OL|REFERENCE_PERIOD=2010=100|SCALE=0|SECURITY_CLASSIFICATION=PUB|TYPE_OF_TRANSFORMATION=IX|aggregation=quarterly_mean,\N,"{""aggregation_method"": ""quarterly_mean"", ""source_derivation_types"": [""O"", ""O"", ""O""], ""source_months"": [""2024-M04"", ""2024-M05"", ""2024-M06""], ""source_observation_count"": 3, ""source_series_dimensions"": {""ACCESS_SHARING_LEVEL"": ""PUBLIC_OPEN"", ""COUNTRY"": ""DEU"", ""FREQUENCY"": ""M"", ""IFS_FLAG"": ""true"", ""INDICATOR"": ""PPI"", ""METHODOLOGY"": ""PPI"", ""OVERLAP"": ""OL"", ""REFERENCE_PERIOD"": ""2010=100"", ""SCALE"": ""0"", ""SECURITY_CLASSIFICATION"": ""PUB"", ""TYPE_OF_TRANSFORMATION"": ""IX""}}"
DEU,producer_price_index_quarterly_imf,2024-Q3,quarterly,142.36766121270455,\N,derived,IMF_PPI,IMF|ACCESS_SHARING_LEVEL=PUBLIC_OPEN|FREQUENCY=M|IFS_FLAG=true|INDICATOR=PPI|METHODOLOGY=PPI|OVERLAP=OL|REFERENCE_PERIOD=2010=100|SCALE=0|SECURITY_CLASSIFICATION=PUB|TYPE_OF_TRANSFORMATION=IX|aggregation=quarterly_mean,\N,"{""aggregation_method"": ""quarterly_mean"", ""source_derivation_types"": [""O"", ""O"", ""O""], ""source_months"": [""2024-M07"", ""2024-M08"", ""2024-M09""], ""source_observation_count"": 3, ""source_series_dimensions"": {""ACCESS_SHARING_LEVEL"": ""PUBLIC_OPEN"", ""COUNTRY"": ""DEU"", ""FREQUENCY"": ""M"", ""IFS_FLAG"": ""true"", ""INDICATOR"": ""PPI"", ""METHODOLOGY"": ""PPI"", ""OVERLAP"": ""OL"", ""REFERENCE_PERIOD"": ""2010=100"", ""SCALE"": ""0"", ""SECURITY_CLASSIFICATION"": ""PUB"", ""TYPE_OF_TRANSFORMATION"": ""IX""}}"
DEU,producer_price_index_quarterly_imf,2024-Q4,quarterly,142.94513955726663,\N,derived,IMF_PPI,IMF|ACCESS_SHARING_LEVEL=PUBLIC_OPEN|FREQUENCY=M|IFS_FLAG=true|INDICATOR=PPI|METHODOLOGY=PPI|OVERLAP=OL|REFERENCE_PERIOD=2010=100|SCALE=0|SECURITY_CLASSIFICATION=PUB|TYPE_OF_TRANSFORMATION=IX|aggregation=quarterly_mean,\N,"{""aggregation_method"": ""quarterly_mean"", ""source_derivation_types"": [""O"", ""O"", ""O""], ""source_months"": [""2024-M10"", ""2024-M11"", ""2024-M12""], ""source_observation_count"": 3, ""source_series_dimensions"": {""ACCESS_SHARING_LEVEL"": ""PUBLIC_OPEN"", ""COUNTRY"": ""DEU"", ""FREQUENCY"": ""M"", ""IFS_FLAG"": ""true"", ""INDICATOR"": ""PPI"", ""METHODOLOGY"": ""PPI"", ""OVERLAP"": ""OL"", ""REFERENCE_PERIOD"": ""2010=100"", ""SCALE"": ""0"", ""SECURITY_CLASSIFICATION"": ""PUB"", ""TYPE_OF_TRANSFORMATION"": ""IX""}}"
DNK,producer_price_index_quarterly_imf,2020-Q1,quarterly,110.35628960216057,\N,derived,IMF_PPI,IMF|ACCESS_SHARING_LEVEL=PUBLIC_OPEN|FREQUENCY=M|IFS_FLAG=true|INDICATOR=PPI|METHODOLOGY=PPI|OVERLAP=OL|REFERENCE_PERIOD=2010=100|SCALE=0|SECURITY_CLASSIFICATION=PUB|TYPE_OF_TRANSFORMATION=IX|aggregation=quarterly_mean,\N,"{""aggregation_method"": ""quarterly_mean"", ""source_derivation_types"": [""O"", ""O"", ""O""], ""source_months"": [""2020-M01"", ""2020-M02"", ""2020-M03""], ""source_observation_count"": 3, ""source_series_dimensions"": {""ACCESS_SHARING_LEVEL"": ""PUBLIC_OPEN"", ""COUNTRY"": ""DNK"", ""FREQUENCY"": ""M"", ""IFS_FLAG"": ""true"", ""INDICATOR"": ""PPI"", ""METHODOLOGY"": ""PPI"", ""OVERLAP"": ""OL"", ""REFERENCE_PERIOD"": ""2010=100"", ""SCALE"": ""0"", ""SECURITY_CLASSIFICATION"": ""PUB"", ""TYPE_OF_TRANSFORMATION"": ""IX""}}"
DNK,producer_price_index_quarterly_imf,2020-Q2,quarterly,107.8217513244001,\N,derived,IMF_PPI,IMF|ACCESS_SHARING_LEVEL=PUBLIC_OPEN|FREQUENCY=M|IFS_FLAG=true|INDICATOR=PPI|METHODOLOGY=PPI|OVERLAP=OL|REFERENCE_PERIOD=2010=100|SCALE=0|SECURITY_CLASSIFICATION=PUB|TYPE_OF_TRANSFORMATION=IX|aggregation=quarterly_mean,\N,"{""aggregation_method"": ""quarterly_mean"", ""source_derivation_types"": [""O"", ""O"", ""O""], ""source_months"": [""2020-M04"", ""2020-M05"", ""2020-M06""], ""source_observation_count"": 3, ""source_series_dimensions"": {""ACCESS_SHARING_LEVEL"": ""PUBLIC_OPEN"", ""COUNTRY"": ""DNK"", ""FREQUENCY"": ""M"", ""IFS_FLAG"": ""true"", ""INDICATOR"": ""PPI"", ""METHODOLOGY"": ""PPI"", ""OVERLAP"": ""OL"", ""REFERENCE_PERIOD"": ""2010=100"", ""SCALE"": ""0"", ""SECURITY_CLASSIFICATION"": ""PUB"", ""TYPE_OF_TRANSFORMATION"": ""IX""}}"
DNK,producer_price_index_quarterly_imf,2020-Q3,quarterly,110.56403864132126,\N,derived,IMF_PPI,IMF|ACCESS_SHARING_LEVEL=PUBLIC_OPEN|FREQUENCY=M|IFS_FLAG=true|INDICATOR=PPI|METHODOLOGY=PPI|OVERLAP=OL|REFERENCE_PERIOD=2010=100|SCALE=0|SECURITY_CLASSIFICATION=PUB|TYPE_OF_TRANSFORMATION=IX|aggregation=quarterly_mean,\N,"{""aggregation_method"": ""quarterly_mean"", ""source_derivation_types"": [""O"", ""O"", ""O""], ""source_months"": [""2020-M07"", ""2020-M08"", ""2020-M09""], ""source_observation_count"": 3, ""source_series_dimensions"": {""ACCESS_SHARING_LEVEL"": ""PUBLIC_OPEN"", ""COUNTRY"": ""DNK"", ""FREQUENCY"": ""M"", ""IFS_FLAG"": ""true"", ""INDICATOR"": ""PPI"", ""METHODOLOGY"": ""PPI"", ""OVERLAP"": ""OL"", ""REFERENCE_PERIOD"": ""2010=100"", ""SCALE"": ""0"", ""SECURITY_CLASSIFICATION"": ""PUB"", ""TYPE_OF_TRANSFORMATION"": ""IX""}}"
DNK,producer_price_index_quarterly_imf,2020-Q4,quarterly,110.0654409473356,\N,derived,IMF_PPI,IMF|ACCESS_SHARING_LEVEL=PUBLIC_OPEN|FREQUENCY=M|IFS_FLAG=true|INDICATOR=PPI|METHODOLOGY=PPI|OVERLAP=OL|REFERENCE_PERIOD=2010=100|SCALE=0|SECURITY_CLASSIFICATION=PUB|TYPE_OF_TRANSFORMATION=IX|aggregation=quarterly_mean,\N,"{""aggregation_method"": ""quarterly_mean"", ""source_derivation_types"": [""O"", ""O"", ""O""], ""source_months"": [""2020-M10"", ""2020-M11"", ""2020-M12""], ""source_observation_count"": 3, ""source_series_dimensions"": {""ACCESS_SHARING_LEVEL"": ""PUBLIC_OPEN"", ""COUNTRY"": ""DNK"", ""FREQUENCY"": ""M"", ""IFS_FLAG"": ""true"", ""INDICATOR"": ""PPI"", ""METHODOLOGY"": ""PPI"", ""OVERLAP"": ""OL"", ""REFERENCE_PERIOD"": ""2010=100"", ""SCALE"": ""0"", ""SECURITY_CLASSIFICATION"": ""PUB"", ""TYPE_OF_TRANSFORMATION"": ""IX""}}"
DNK,producer_price_index_quarterly_imf,2021-Q1,quarterly,113.14012672691383,\N,derived,IMF_PPI,IMF|ACCESS_SHARING_LEVEL=PUBLIC_OPEN|FREQUENCY=M|IFS_FLAG=true|INDICATOR=PPI|METHODOLOGY=PPI|OVERLAP=OL|REFERENCE_PERIOD=2010=100|SCALE=0|SECURITY_CLASSIFICATION=PUB|TYPE_OF_TRANSFORMATION=IX|aggregation=quarterly_mean,\N,"{""aggregation_method"": ""quarterly_mean"", ""source_derivation_types"": [""O"", ""O"", ""O""], ""source_months"": [""2021-M01"", ""2021-M02"", ""2021-M03""], ""source_observation_count"": 3, ""source_series_dimensions"": {""ACCESS_SHARING_LEVEL"": ""PUBLIC_OPEN"", ""COUNTRY"": ""DNK"", ""FREQUENCY"": ""M"", ""IFS_FLAG"": ""true"", ""INDICATOR"": ""PPI"", ""METHODOLOGY"": ""PPI"", ""OVERLAP"": ""OL"", ""REFERENCE_PERIOD"": ""2010=100"", ""SCALE"": ""0"", ""SECURITY_CLASSIFICATION"": ""PUB"", ""TYPE_OF_TRANSFORMATION"": ""IX""}}"
DNK,producer_price_index_quarterly_imf,2021-Q2,quarterly,117.71060558844908,\N,derived,IMF_PPI,IMF|ACCESS_SHARING_LEVEL=PUBLIC_OPEN|FREQUENCY=M|IFS_FLAG=true|INDICATOR=PPI|METHODOLOGY=PPI|OVERLAP=OL|REFERENCE_PERIOD=2010=100|SCALE=0|SECURITY_CLASSIFICATION=PUB|TYPE_OF_TRANSFORMATION=IX|aggregation=quarterly_mean,\N,"{""aggregation_method"": ""quarterly_mean"", ""source_derivation_types"": [""O"", ""O"", ""O""], ""source_months"": [""2021-M04"", ""2021-M05"", ""2021-M06""], ""source_observation_count"": 3, ""source_series_dimensions"": {""ACCESS_SHARING_LEVEL"": ""PUBLIC_OPEN"", ""COUNTRY"": ""DNK"", ""FREQUENCY"": ""M"", ""IFS_FLAG"": ""true"", ""INDICATOR"": ""PPI"", ""METHODOLOGY"": ""PPI"", ""OVERLAP"": ""OL"", ""REFERENCE_PERIOD"": ""2010=100"", ""SCALE"": ""0"", ""SECURITY_CLASSIFICATION"": ""PUB"", ""TYPE_OF_TRANSFORMATION"": ""IX""}}"
DNK,producer_price_index_quarterly_imf,2021-Q3,quarterly,126.64381427235897,\N,derived,IMF_PPI,IMF|ACCESS_SHARING_LEVEL=PUBLIC_OPEN|FREQUENCY=M|IFS_FLAG=true|INDICATOR=PPI|METHODOLOGY=PPI|OVERLAP=OL|REFERENCE_PERIOD=2010=100|SCALE=0|SECURITY_CLASSIFICATION=PUB|TYPE_OF_TRANSFORMATION=IX|aggregation=quarterly_mean,\N,"{""aggregation_method"": ""quarterly_mean"", ""source_derivation_types"": [""O"", ""O"", ""O""], ""source_months"": [""2021-M07"", ""2021-M08"", ""2021-M09""], ""source_observation_count"": 3, ""source_series_dimensions"": {""ACCESS_SHARING_LEVEL"": ""PUBLIC_OPEN"", ""COUNTRY"": ""DNK"", ""FREQUENCY"": ""M"", ""IFS_FLAG"": ""true"", ""INDICATOR"": ""PPI"", ""METHODOLOGY"": ""PPI"", ""OVERLAP"": ""OL"", ""REFERENCE_PERIOD"": ""2010=100"", ""SCALE"": ""0"", ""SECURITY_CLASSIFICATION"": ""PUB"", ""TYPE_OF_TRANSFORMATION"": ""IX""}}"
DNK,producer_price_index_quarterly_imf,2021-Q4,quarterly,141.02004778227897,\N,derived,IMF_PPI,IMF|ACCESS_SHARING_LEVEL=PUBLIC_OPEN|FREQUENCY=M|IFS_FLAG=true|INDICATOR=PPI|METHODOLOGY=PPI|OVERLAP=OL|REFERENCE_PERIOD=2010=100|SCALE=0|SECURITY_CLASSIFICATION=PUB|TYPE_OF_TRANSFORMATION=IX|aggregation=quarterly_mean,\N,"{""aggregation_method"": ""quarterly_mean"", ""source_derivation_types"": [""O"", ""O"", ""O""], ""source_months"": [""2021-M10"", ""2021-M11"", ""2021-M12""], ""source_observation_count"": 3, ""source_series_dimensions"": {""ACCESS_SHARING_LEVEL"": ""PUBLIC_OPEN"", ""COUNTRY"": ""DNK"", ""FREQUENCY"": ""M"", ""IFS_FLAG"": ""true"", ""INDICATOR"": ""PPI"", ""METHODOLOGY"": ""PPI"", ""OVERLAP"": ""OL"", ""REFERENCE_PERIOD"": ""2010=100"", ""SCALE"": ""0"", ""SECURITY_CLASSIFICATION"": ""PUB"", ""TYPE_OF_TRANSFORMATION"": ""IX""}}"
DNK,producer_price_index_quarterly_imf,2022-Q1,quarterly,149.70395761919596,\N,derived,IMF_PPI,IMF|ACCESS_SHARING_LEVEL=PUBLIC_OPEN|FREQUENCY=M|IFS_FLAG=true|INDICATOR=PPI|METHODOLOGY=PPI|OVERLAP=OL|REFERENCE_PERIOD=2010=100|SCALE=0|SECURITY_CLASSIFICATION=PUB|TYPE_OF_TRANSFORMATION=IX|aggregation=quarterly_mean,\N,"{""aggregation_method"": ""quarterly_mean"", ""source_derivation_types"": [""O"", ""O"", ""O""], ""source_months"": [""2022-M01"", ""2022-M02"", ""2022-M03""], ""source_observation_count"": 3, ""source_series_dimensions"": {""ACCESS_SHARING_LEVEL"": ""PUBLIC_OPEN"", ""COUNTRY"": ""DNK"", ""FREQUENCY"": ""M"", ""IFS_FLAG"": ""true"", ""INDICATOR"": ""PPI"", ""METHODOLOGY"": ""PPI"", ""OVERLAP"": ""OL"", ""REFERENCE_PERIOD"": ""2010=100"", ""SCALE"": ""0"", ""SECURITY_CLASSIFICATION"": ""PUB"", ""TYPE_OF_TRANSFORMATION"": ""IX""}}"
DNK,producer_price_index_quarterly_imf,2022-Q2,quarterly,160.83930611820918,\N,derived,IMF_PPI,IMF|ACCESS_SHARING_LEVEL=PUBLIC_OPEN|FREQUENCY=M|IFS_FLAG=true|INDICATOR=PPI|METHODOLOGY=PPI|OVERLAP=OL|REFERENCE_PERIOD=2010=100|SCALE=0|SECURITY_CLASSIFICATION=PUB|TYPE_OF_TRANSFORMATION=IX|aggregation=quarterly_mean,\N,"{""aggregation_method"": ""quarterly_mean"", ""source_derivation_types"": [""O"", ""O"", ""O""], ""source_months"": [""2022-M04"", ""2022-M05"", ""2022-M06""], ""source_observation_count"": 3, ""source_series_dimensions"": {""ACCESS_SHARING_LEVEL"": ""PUBLIC_OPEN"", ""COUNTRY"": ""DNK"", ""FREQUENCY"": ""M"", ""IFS_FLAG"": ""true"", ""INDICATOR"": ""PPI"", ""METHODOLOGY"": ""PPI"", ""OVERLAP"": ""OL"", ""REFERENCE_PERIOD"": ""2010=100"", ""SCALE"": ""0"", ""SECURITY_CLASSIFICATION"": ""PUB"", ""TYPE_OF_TRANSFORMATION"": ""IX""}}"
DNK,producer_price_index_quarterly_imf,2022-Q3,quarterly,169.1492676846369,\N,derived,IMF_PPI,IMF|ACCESS_SHARING_LEVEL=PUBLIC_OPEN|FREQUENCY=M|IFS_FLAG=true|INDICATOR=PPI|METHODOLOGY=PPI|OVERLAP=OL|REFERENCE_PERIOD=2010=100|SCALE=0|SECURITY_CLASSIFICATION=PUB|TYPE_OF_TRANSFORMATION=IX|aggregation=quarterly_mean,\N,"{""aggregation_method"": ""quarterly_mean"", ""source_derivation_types"": [""O"", ""O"", ""O""], ""source_months"": [""2022-M07"", ""2022-M08"", ""2022-M09""], ""source_observation_count"": 3, ""source_series_dimensions"": {""ACCESS_SHARING_LEVEL"": ""PUBLIC_OPEN"", ""COUNTRY"": ""DNK"", ""FREQUENCY"": ""M"", ""IFS_FLAG"": ""true"", ""INDICATOR"": ""PPI"", ""METHODOLOGY"": ""PPI"", ""OVERLAP"": ""OL"", ""REFERENCE_PERIOD"": ""2010=100"", ""SCALE"": ""0"", ""SECURITY_CLASSIFICATION"": ""PUB"", ""TYPE_OF_TRANSFORMATION"": ""IX""}}"
DNK,producer_price_index_quarterly_imf,2022-Q4,quarterly,162.9167965098161,\N,derived,IMF_PPI,IMF|ACCESS_SHARING_LEVEL=PUBLIC_OPEN|FREQUENCY=M|IFS_FLAG=true|INDICATOR=PPI|METHODOLOGY=PPI|OVERLAP=OL|REFERENCE_PERIOD=2010=100|SCALE=0|SECURITY_CLASSIFICATION=PUB|TYPE_OF_TRANSFORMATION=IX|aggregation=quarterly_mean,\N,"{""aggregation_method"": ""quarterly_mean"", ""source_derivation_types"": [""O"", ""O"", ""O""], ""source_months"": [""2022-M10"", ""2022-M11"", ""2022-M12""], ""source_observation_count"": 3, ""source_series_dimensions"": {""ACCESS_SHARING_LEVEL"": ""PUBLIC_OPEN"", ""COUNTRY"": ""DNK"", ""FREQUENCY"": ""M"", ""IFS_FLAG"": ""true"", ""INDICATOR"": ""PPI"", ""METHODOLOGY"": ""PPI"", ""OVERLAP"": ""OL"", ""REFERENCE_PERIOD"": ""2010=100"", ""SCALE"": ""0"", ""SECURITY_CLASSIFICATION"": ""PUB"", ""TYPE_OF_TRANSFORMATION"": ""IX""}}"
DNK,producer_price_index_quarterly_imf,2023-Q1,quarterly,160.92240573387343,\N,derived,IMF_PPI,IMF|ACCESS_SHARING_LEVEL=PUBLIC_OPEN|FREQUENCY=M|IFS_FLAG=true|INDICATOR=PPI|METHODOLOGY=PPI|OVERLAP=OL|REFERENCE_PERIOD=2010=100|SCALE=0|SECURITY_CLASSIFICATION=PUB|TYPE_OF_TRANSFORMATION=IX|aggregation=quarterly_mean,\N,"{""aggregation_method"": ""quarterly_mean"", ""source_derivation_types"": [""O"", ""O"", ""O""], ""source_months"": [""2023-M01"", ""2023-M02"", ""2023-M03""], ""source_observation_count"": 3, ""source_series_dimensions"": {""ACCESS_SHARING_LEVEL"": ""PUBLIC_OPEN"", ""COUNTRY"": ""DNK"", ""FREQUENCY"": ""M"", ""IFS_FLAG"": ""true"", ""INDICATOR"": ""PPI"", ""METHODOLOGY"": ""PPI"", ""OVERLAP"": ""OL"", ""REFERENCE_PERIOD"": ""2010=100"", ""SCALE"": ""0"", ""SECURITY_CLASSIFICATION"": ""PUB"", ""TYPE_OF_TRANSFORMATION"": ""IX""}}"
DNK,producer_price_index_quarterly_imf,2023-Q2,quarterly,160.17450919289493,\N,derived,IMF_PPI,IMF|ACCESS_SHARING_LEVEL=PUBLIC_OPEN|FREQUENCY=M|IFS_FLAG=true|INDICATOR=PPI|METHODOLOGY=PPI|OVERLAP=OL|REFERENCE_PERIOD=2010=100|SCALE=0|SECURITY_CLASSIFICATION=PUB|TYPE_OF_TRANSFORMATION=IX|aggregation=quarterly_mean,\N,"{""aggregation_method"": ""quarterly_mean"", ""source_derivation_types"": [""O"", ""O"", ""O""], ""source_months"": [""2023-M04"", ""2023-M05"", ""2023-M06""], ""source_observation_count"": 3, ""source_series_dimensions"": {""ACCESS_SHARING_LEVEL"": ""PUBLIC_OPEN"", ""COUNTRY"": ""DNK"", ""FREQUENCY"": ""M"", ""IFS_FLAG"": ""true"", ""INDICATOR"": ""PPI"", ""METHODOLOGY"": ""PPI"", ""OVERLAP"": ""OL"", ""REFERENCE_PERIOD"": ""2010=100"", ""SCALE"": ""0"", ""SECURITY_CLASSIFICATION"": ""PUB"", ""TYPE_OF_TRANSFORMATION"": ""IX""}}"
DNK,producer_price_index_quarterly_imf,2023-Q3,quarterly,160.17450919289493,\N,derived,IMF_PPI,IMF|ACCESS_SHARING_LEVEL=PUBLIC_OPEN|FREQUENCY=M|IFS_FLAG=true|INDICATOR=PPI|METHODOLOGY=PPI|OVERLAP=OL|REFERENCE_PERIOD=2010=100|SCALE=0|SECURITY_CLASSIFICATION=PUB|TYPE_OF_TRANSFORMATION=IX|aggregation=quarterly_mean,\N,"{""aggregation_method"": ""quarterly_mean"", ""source_derivation_types"": [""O"", ""O"", ""O""], ""source_months"": [""2023-M07"", ""2023-M08"", ""2023-M09""], ""source_observation_count"": 3, ""source_series_dimensions"": {""ACCESS_SHARING_LEVEL"": ""PUBLIC_OPEN"", ""COUNTRY"": ""DNK"", ""FREQUENCY"": ""M"", ""IFS_FLAG"": ""true"", ""INDICATOR"": ""PPI"", ""METHODOLOGY"": ""PPI"", ""OVERLAP"": ""OL"", ""REFERENCE_PERIOD"": ""2010=100"", ""SCALE"": ""0"", ""SECURITY_CLASSIFICATION"": ""PUB"", ""TYPE_OF_TRANSFORMATION"": ""IX""}}"
DNK,producer_price_index_quarterly_imf,2023-Q4,quarterly,159.42661265191643,\N,derived,IMF_PPI,IMF|ACCESS_SHARING_LEVEL=PUBLIC_OPEN|FREQUENCY=M|IFS_FLAG=true|INDICATOR=PPI|METHODOLOGY=PPI|OVERLAP=OL|REFERENCE_PERIOD=2010=100|SCALE=0|SECURITY_CLASSIFICATION=PUB|TYPE_OF_TRANSFORMATION=IX|aggregation=quarterly_mean,\N,"{""aggregation_method"": ""quarterly_mean"", ""source_derivation_types"": [""O"", ""O"", ""O""], ""source_months"": [""2023-M10"", ""2023-M11"", ""2023-M12""], ""source_observation_count"": 3, ""source_series_dimensions"": {""ACCESS_SHARING_LEVEL"": ""PUBLIC_OPEN"", ""COUNTRY"": ""DNK"", ""FREQUENCY"": ""M"", ""IFS_FLAG"": ""true"", ""INDICATOR"": ""PPI"", ""METHODOLOGY"": ""PPI"", ""OVERLAP"": ""OL"", ""REFERENCE_PERIOD"": ""2010=100"", ""SCALE"": ""0"", ""SECURITY_CLASSIFICATION"": ""PUB"", ""TYPE_OF_TRANSFORMATION"": ""IX""}}"
DNK,producer_price_index_quarterly_imf,2024-Q1,quarterly,159.42661265191643,\N,derived,IMF_PPI,IMF|ACCESS_SHARING_LEVEL=PUBLIC_OPEN|FREQUENCY=M|IFS_FLAG=true|INDICATOR=PPI|METHODOLOGY=PPI|OVERLAP=OL|REFERENCE_PERIOD=2010=100|SCALE=0|SECURITY_CLASSIFICATION=PUB|TYPE_OF_TRANSFORMATION=IX|aggregation=quarterly_mean,\N,"{""aggregation_method"": ""quarterly_mean"", ""source_derivation_types"": [""O"", ""O"", ""O""], ""source_months"": [""2024-M01"", ""2024-M02"", ""2024-M03""], ""source_observation_count"": 3, ""source_series_dimensions"": {""ACCESS_SHARING_LEVEL"": ""PUBLIC_OPEN"", ""COUNTRY"": ""DNK"", ""FREQUENCY"": ""M"", ""IFS_FLAG"": ""true"", ""INDICATOR"": ""PPI"", ""METHODOLOGY"": ""PPI"", ""OVERLAP"": ""OL"", ""REFERENCE_PERIOD"": ""2010=100"", ""SCALE"": ""0"", ""SECURITY_CLASSIFICATION"": ""PUB"", ""TYPE_OF_TRANSFORMATION"": ""IX""}}"
DNK,producer_price_index_quarterly_imf,2024-Q2,quarterly,158.84491534226652,\N,derived,IMF_PPI,IMF|ACCESS_SHARING_LEVEL=PUBLIC_OPEN|FREQUENCY=M|IFS_FLAG=true|INDICATOR=PPI|METHODOLOGY=PPI|OVERLAP=OL|REFERENCE_PERIOD=2010=100|SCALE=0|SECURITY_CLASSIFICATION=PUB|TYPE_OF_TRANSFORMATION=IX|aggregation=quarterly_mean,\N,"{""aggregation_method"": ""quarterly_mean"", ""source_derivation_types"": [""O"", ""O"", ""O""], ""source_months"": [""2024-M04"", ""2024-M05"", ""2024-M06""], ""source_observation_count"": 3, ""source_series_dimensions"": {""ACCESS_SHARING_LEVEL"": ""PUBLIC_OPEN"", ""COUNTRY"": ""DNK"", ""FREQUENCY"": ""M"", ""IFS_FLAG"": ""true"", ""INDICATOR"": ""PPI"", ""METHODOLOGY"": ""PPI"", ""OVERLAP"": ""OL"", ""REFERENCE_PERIOD"": ""2010=100"", ""SCALE"": ""0"", ""SECURITY_CLASSIFICATION"": ""PUB"", ""TYPE_OF_TRANSFORMATION"": ""IX""}}"
DNK,producer_price_index_quarterly_imf,2024-Q3,quarterly,166.69782902254076,\N,derived,IMF_PPI,IMF|ACCESS_SHARING_LEVEL=PUBLIC_OPEN|FREQUENCY=M|IFS_FLAG=true|INDICATOR=PPI|METHODOLOGY=PPI|OVERLAP=OL|REFERENCE_PERIOD=2010=100|SCALE=0|SECURITY_CLASSIFICATION=PUB|TYPE_OF_TRANSFORMATION=IX|aggregation=quarterly_mean,\N,"{""aggregation_method"": ""quarterly_mean"", ""source_derivation_types"": [""O"", ""O"", ""O""], ""source_months"": [""2024-M07"", ""2024-M08"", ""2024-M09""], ""source_observation_count"": 3, ""source_series_dimensions"": {""ACCESS_SHARING_LEVEL"": ""PUBLIC_OPEN"", ""COUNTRY"": ""DNK"", ""FREQUENCY"": ""M"", ""IFS_FLAG"": ""true"", ""INDICATOR"": ""PPI"", ""METHODOLOGY"": ""PPI"", ""OVERLAP"": ""OL"", ""REFERENCE_PERIOD"": ""2010=100"", ""SCALE"": ""0"", ""SECURITY_CLASSIFICATION"": ""PUB"", ""TYPE_OF_TRANSFORMATION"": ""IX""}}"
DNK,producer_price_index_quarterly_imf,2024-Q4,quarterly,177.25148021190398,\N,derived,IMF_PPI,IMF|ACCESS_SHARING_LEVEL=PUBLIC_OPEN|FREQUENCY=M|IFS_FLAG=true|INDICATOR=PPI|METHODOLOGY=PPI|OVERLAP=OL|REFERENCE_PERIOD=2010=100|SCALE=0|SECURITY_CLASSIFICATION=PUB|TYPE_OF_TRANSFORMATION=IX|aggregation=quarterly_mean,\N,"{""aggregation_method"": ""quarterly_mean"", ""source_derivation_types"": [""O"", ""O"", ""O""], ""source_months"": [""2024-M10"", ""2024-M11"", ""2024-M12""], ""source_observation_count"": 3, ""source_series_dimensions"": {""ACCESS_SHARING_LEVEL"": ""PUBLIC_OPEN"", ""COUNTRY"": ""DNK"", ""FREQUENCY"": ""M"", ""IFS_FLAG"": ""true"", ""INDICATOR"": ""PPI"", ""METHODOLOGY"": ""PPI"", ""OVERLAP"": ""OL"", ""REFERENCE_PERIOD"": ""2010=100"", ""SCALE"": ""0"", ""SECURITY_CLASSIFICATION"": ""PUB"", ""TYPE_OF_TRANSFORMATION"": ""IX""}}"
ECU,producer_price_index_quarterly_imf,2020-Q1,quarterly,115.86183192988483,\N,derived,IMF_PPI,IMF|ACCESS_SHARING_LEVEL=PUBLIC_OPEN|FREQUENCY=M|IFS_FLAG=true|INDICATOR=PPI|METHODOLOGY=PPI|OVERLAP=OL|REFERENCE_PERIOD=2010=100|SCALE=0|SECURITY_CLASSIFICATION=PUB|TYPE_OF_TRANSFORMATION=IX|aggregation=quarterly_mean,\N,"{""aggregation_method"": ""quarterly_mean"", ""source_derivation_types"": [""O"", ""O"", ""O""], ""source_months"": [""2020-M01"", ""2020-M02"", ""2020-M03""], ""source_observation_count"": 3, ""source_series_dimensions"": {""ACCESS_SHARING_LEVEL"": ""PUBLIC_OPEN"", ""COUNTRY"": ""ECU"", ""FREQUENCY"": ""M"", ""IFS_FLAG"": ""true"", ""INDICATOR"": ""PPI"", ""METHODOLOGY"": ""PPI"", ""OVERLAP"": ""OL"", ""REFERENCE_PERIOD"": ""2010=100"", ""SCALE"": ""0"", ""SECURITY_CLASSIFICATION"": ""PUB"", ""TYPE_OF_TRANSFORMATION"": ""IX""}}"
ESP,producer_price_index_quarterly_imf,2020-Q1,quarterly,108.48287112561172,\N,derived,IMF_PPI,IMF|ACCESS_SHARING_LEVEL=PUBLIC_OPEN|FREQUENCY=M|IFS_FLAG=true|INDICATOR=PPI|METHODOLOGY=PPI|OVERLAP=OL|REFERENCE_PERIOD=2010=100|SCALE=0|SECURITY_CLASSIFICATION=PUB|TYPE_OF_TRANSFORMATION=IX|aggregation=quarterly_mean,\N,"{""aggregation_method"": ""quarterly_mean"", ""source_derivation_types"": [""O"", ""O"", ""O""], ""source_months"": [""2020-M01"", ""2020-M02"", ""2020-M03""], ""source_observation_count"": 3, ""source_series_dimensions"": {""ACCESS_SHARING_LEVEL"": ""PUBLIC_OPEN"", ""COUNTRY"": ""ESP"", ""FREQUENCY"": ""M"", ""IFS_FLAG"": ""true"", ""INDICATOR"": ""PPI"", ""METHODOLOGY"": ""PPI"", ""OVERLAP"": ""OL"", ""REFERENCE_PERIOD"": ""2010=100"", ""SCALE"": ""0"", ""SECURITY_CLASSIFICATION"": ""PUB"", ""TYPE_OF_TRANSFORMATION"": ""IX""}}"
ESP,producer_price_index_quarterly_imf,2020-Q2,quarterly,103.87438825448613,\N,derived,IMF_PPI,IMF|ACCESS_SHARING_LEVEL=PUBLIC_OPEN|FREQUENCY=M|IFS_FLAG=true|INDICATOR=PPI|METHODOLOGY=PPI|OVERLAP=OL|REFERENCE_PERIOD=2010=100|SCALE=0|SECURITY_CLASSIFICATION=PUB|TYPE_OF_TRANSFORMATION=IX|aggregation=quarterly_mean,\N,"{""aggregation_method"": ""quarterly_mean"", ""source_derivation_types"": [""O"", ""O"", ""O""], ""source_months"": [""2020-M04"", ""2020-M05"", ""2020-M06""], ""source_observation_count"": 3, ""source_series_dimensions"": {""ACCESS_SHARING_LEVEL"": ""PUBLIC_OPEN"", ""COUNTRY"": ""ESP"", ""FREQUENCY"": ""M"", ""IFS_FLAG"": ""true"", ""INDICATOR"": ""PPI"", ""METHODOLOGY"": ""PPI"", ""OVERLAP"": ""OL"", ""REFERENCE_PERIOD"": ""2010=100"", ""SCALE"": ""0"", ""SECURITY_CLASSIFICATION"": ""PUB"", ""TYPE_OF_TRANSFORMATION"": ""IX""}}"
ESP,producer_price_index_quarterly_imf,2020-Q3,quarterly,106.484502446982,\N,derived,IMF_PPI,IMF|ACCESS_SHARING_LEVEL=PUBLIC_OPEN|FREQUENCY=M|IFS_FLAG=true|INDICATOR=PPI|METHODOLOGY=PPI|OVERLAP=OL|REFERENCE_PERIOD=2010=100|SCALE=0|SECURITY_CLASSIFICATION=PUB|TYPE_OF_TRANSFORMATION=IX|aggregation=quarterly_mean,\N,"{""aggregation_method"": ""quarterly_mean"", ""source_derivation_types"": [""O"", ""O"", ""O""], ""source_months"": [""2020-M07"", ""2020-M08"", ""2020-M09""], ""source_observation_count"": 3, ""source_series_dimensions"": {""ACCESS_SHARING_LEVEL"": ""PUBLIC_OPEN"", ""COUNTRY"": ""ESP"", ""FREQUENCY"": ""M"", ""IFS_FLAG"": ""true"", ""INDICATOR"": ""PPI"", ""METHODOLOGY"": ""PPI"", ""OVERLAP"": ""OL"", ""REFERENCE_PERIOD"": ""2010=100"", ""SCALE"": ""0"", ""SECURITY_CLASSIFICATION"": ""PUB"", ""TYPE_OF_TRANSFORMATION"": ""IX""}}"
ESP,producer_price_index_quarterly_imf,2020-Q4,quarterly,107.21859706362153,\N,derived,IMF_PPI,IMF|ACCESS_SHARING_LEVEL=PUBLIC_OPEN|FREQUENCY=M|IFS_FLAG=true|INDICATOR=PPI|METHODOLOGY=PPI|OVERLAP=OL|REFERENCE_PERIOD=2010=100|SCALE=0|SECURITY_CLASSIFICATION=PUB|TYPE_OF_TRANSFORMATION=IX|aggregation=quarterly_mean,\N,"{""aggregation_method"": ""quarterly_mean"", ""source_derivation_types"": [""O"", ""O"", ""O""], ""source_months"": [""2020-M10"", ""2020-M11"", ""2020-M12""], ""source_observation_count"": 3, ""source_series_dimensions"": {""ACCESS_SHARING_LEVEL"": ""PUBLIC_OPEN"", ""COUNTRY"": ""ESP"", ""FREQUENCY"": ""M"", ""IFS_FLAG"": ""true"", ""INDICATOR"": ""PPI"", ""METHODOLOGY"": ""PPI"", ""OVERLAP"": ""OL"", ""REFERENCE_PERIOD"": ""2010=100"", ""SCALE"": ""0"", ""SECURITY_CLASSIFICATION"": ""PUB"", ""TYPE_OF_TRANSFORMATION"": ""IX""}}"
ESP,producer_price_index_quarterly_imf,2021-Q1,quarterly,111.21533442088086,\N,derived,IMF_PPI,IMF|ACCESS_SHARING_LEVEL=PUBLIC_OPEN|FREQUENCY=M|IFS_FLAG=true|INDICATOR=PPI|METHODOLOGY=PPI|OVERLAP=OL|REFERENCE_PERIOD=2010=100|SCALE=0|SECURITY_CLASSIFICATION=PUB|TYPE_OF_TRANSFORMATION=IX|aggregation=quarterly_mean,\N,"{""aggregation_method"": ""quarterly_mean"", ""source_derivation_types"": [""O"", ""O"", ""O""], ""source_months"": [""2021-M01"", ""2021-M02"", ""2021-M03""], ""source_observation_count"": 3, ""source_series_dimensions"": {""ACCESS_SHARING_LEVEL"": ""PUBLIC_OPEN"", ""COUNTRY"": ""ESP"", ""FREQUENCY"": ""M"", ""IFS_FLAG"": ""true"", ""INDICATOR"": ""PPI"", ""METHODOLOGY"": ""PPI"", ""OVERLAP"": ""OL"", ""REFERENCE_PERIOD"": ""2010=100"", ""SCALE"": ""0"", ""SECURITY_CLASSIFICATION"": ""PUB"", ""TYPE_OF_TRANSFORMATION"": ""IX""}}"
ESP,producer_price_index_quarterly_imf,2021-Q2,quarterly,116.92495921696575,\N,derived,IMF_PPI,IMF|ACCESS_SHARING_LEVEL=PUBLIC_OPEN|FREQUENCY=M|IFS_FLAG=true|INDICATOR=PPI|METHODOLOGY=PPI|OVERLAP=OL|REFERENCE_PERIOD=2010=100|SCALE=0|SECURITY_CLASSIFICATION=PUB|TYPE_OF_TRANSFORMATION=IX|aggregation=quarterly_mean,\N,"{""aggregation_method"": ""quarterly_mean"", ""source_derivation_types"": [""O"", ""O"", ""O""], ""source_months"": [""2021-M04"", ""2021-M05"", ""2021-M06""], ""source_observation_count"": 3, ""source_series_dimensions"": {""ACCESS_SHARING_LEVEL"": ""PUBLIC_OPEN"", ""COUNTRY"": ""ESP"", ""FREQUENCY"": ""M"", ""IFS_FLAG"": ""true"", ""INDICATOR"": ""PPI"", ""METHODOLOGY"": ""PPI"", ""OVERLAP"": ""OL"", ""REFERENCE_PERIOD"": ""2010=100"", ""SCALE"": ""0"", ""SECURITY_CLASSIFICATION"": ""PUB"", ""TYPE_OF_TRANSFORMATION"": ""IX""}}"
ESP,producer_price_index_quarterly_imf,2021-Q3,quarterly,124.14355628058723,\N,derived,IMF_PPI,IMF|ACCESS_SHARING_LEVEL=PUBLIC_OPEN|FREQUENCY=M|IFS_FLAG=true|INDICATOR=PPI|METHODOLOGY=PPI|OVERLAP=OL|REFERENCE_PERIOD=2010=100|SCALE=0|SECURITY_CLASSIFICATION=PUB|TYPE_OF_TRANSFORMATION=IX|aggregation=quarterly_mean,\N,"{""aggregation_method"": ""quarterly_mean"", ""source_derivation_types"": [""O"", ""O"", ""O""], ""source_months"": [""2021-M07"", ""2021-M08"", ""2021-M09""], ""source_observation_count"": 3, ""source_series_dimensions"": {""ACCESS_SHARING_LEVEL"": ""PUBLIC_OPEN"", ""COUNTRY"": ""ESP"", ""FREQUENCY"": ""M"", ""IFS_FLAG"": ""true"", ""INDICATOR"": ""PPI"", ""METHODOLOGY"": ""PPI"", ""OVERLAP"": ""OL"", ""REFERENCE_PERIOD"": ""2010=100"", ""SCALE"": ""0"", ""SECURITY_CLASSIFICATION"": ""PUB"", ""TYPE_OF_TRANSFORMATION"": ""IX""}}"
ESP,producer_price_index_quarterly_imf,2021-Q4,quarterly,137.0717781402936,\N,derived,IMF_PPI,IMF|ACCESS_SHARING_LEVEL=PUBLIC_OPEN|FREQUENCY=M|IFS_FLAG=true|INDICATOR=PPI|METHODOLOGY=PPI|OVERLAP=OL|REFERENCE_PERIOD=2010=100|SCALE=0|SECURITY_CLASSIFICATION=PUB|TYPE_OF_TRANSFORMATION=IX|aggregation=quarterly_mean,\N,"{""aggregation_method"": ""quarterly_mean"", ""source_derivation_types"": [""O"", ""O"", ""O""], ""source_months"": [""2021-M10"", ""2021-M11"", ""2021-M12""], ""source_observation_count"": 3, ""source_series_dimensions"": {""ACCESS_SHARING_LEVEL"": ""PUBLIC_OPEN"", ""COUNTRY"": ""ESP"", ""FREQUENCY"": ""M"", ""IFS_FLAG"": ""true"", ""INDICATOR"": ""PPI"", ""METHODOLOGY"": ""PPI"", ""OVERLAP"": ""OL"", ""REFERENCE_PERIOD"": ""2010=100"", ""SCALE"": ""0"", ""SECURITY_CLASSIFICATION"": ""PUB"", ""TYPE_OF_TRANSFORMATION"": ""IX""}}"
ESP,producer_price_index_quarterly_imf,2022-Q1,quarterly,149.34747145187598,\N,derived,IMF_PPI,IMF|ACCESS_SHARING_LEVEL=PUBLIC_OPEN|FREQUENCY=M|IFS_FLAG=true|INDICATOR=PPI|METHODOLOGY=PPI|OVERLAP=OL|REFERENCE_PERIOD=2010=100|SCALE=0|SECURITY_CLASSIFICATION=PUB|TYPE_OF_TRANSFORMATION=IX|aggregation=quarterly_mean,\N,"{""aggregation_method"": ""quarterly_mean"", ""source_derivation_types"": [""O"", ""O"", ""O""], ""source_months"": [""2022-M01"", ""2022-M02"", ""2022-M03""], ""source_observation_count"": 3, ""source_series_dimensions"": {""ACCESS_SHARING_LEVEL"": ""PUBLIC_OPEN"", ""COUNTRY"": ""ESP"", ""FREQUENCY"": ""M"", ""IFS_FLAG"": ""true"", ""INDICATOR"": ""PPI"", ""METHODOLOGY"": ""PPI"", ""OVERLAP"": ""OL"", ""REFERENCE_PERIOD"": ""2010=100"", ""SCALE"": ""0"", ""SECURITY_CLASSIFICATION"": ""PUB"", ""TYPE_OF_TRANSFORMATION"": ""IX""}}"
ESP,producer_price_index_quarterly_imf,2022-Q2,quarterly,159.86949429037512,\N,derived,IMF_PPI,IMF|ACCESS_SHARING_LEVEL=PUBLIC_OPEN|FREQUENCY=M|IFS_FLAG=true|INDICATOR=PPI|METHODOLOGY=PPI|OVERLAP=OL|REFERENCE_PERIOD=2010=100|SCALE=0|SECURITY_CLASSIFICATION=PUB|TYPE_OF_TRANSFORMATION=IX|aggregation=quarterly_mean,\N,"{""aggregation_method"": ""quarterly_mean"", ""source_derivation_types"": [""O"", ""O"", ""O""], ""source_months"": [""2022-M04"", ""2022-M05"", ""2022-M06""], ""source_observation_count"": 3, ""source_series_dimensions"": {""ACCESS_SHARING_LEVEL"": ""PUBLIC_OPEN"", ""COUNTRY"": ""ESP"", ""FREQUENCY"": ""M"", ""IFS_FLAG"": ""true"", ""INDICATOR"": ""PPI"", ""METHODOLOGY"": ""PPI"", ""OVERLAP"": ""OL"", ""REFERENCE_PERIOD"": ""2010=100"", ""SCALE"": ""0"", ""SECURITY_CLASSIFICATION"": ""PUB"", ""TYPE_OF_TRANSFORMATION"": ""IX""}}"
ESP,producer_price_index_quarterly_imf,2022-Q3,quarterly,164.96737357259374,\N,derived,IMF_PPI,IMF|ACCESS_SHARING_LEVEL=PUBLIC_OPEN|FREQUENCY=M|IFS_FLAG=true|INDICATOR=PPI|METHODOLOGY=PPI|OVERLAP=OL|REFERENCE_PERIOD=2010=100|SCALE=0|SECURITY_CLASSIFICATION=PUB|TYPE_OF_TRANSFORMATION=IX|aggregation=quarterly_mean,\N,"{""aggregation_method"": ""quarterly_mean"", ""source_derivation_types"": [""O"", ""O"", ""O""], ""source_months"": [""2022-M07"", ""2022-M08"", ""2022-M09""], ""source_observation_count"": 3, ""source_series_dimensions"": {""ACCESS_SHARING_LEVEL"": ""PUBLIC_OPEN"", ""COUNTRY"": ""ESP"", ""FREQUENCY"": ""M"", ""IFS_FLAG"": ""true"", ""INDICATOR"": ""PPI"", ""METHODOLOGY"": ""PPI"", ""OVERLAP"": ""OL"", ""REFERENCE_PERIOD"": ""2010=100"", ""SCALE"": ""0"", ""SECURITY_CLASSIFICATION"": ""PUB"", ""TYPE_OF_TRANSFORMATION"": ""IX""}}"
ESP,producer_price_index_quarterly_imf,2022-Q4,quarterly,160.31810766721043,\N,derived,IMF_PPI,IMF|ACCESS_SHARING_LEVEL=PUBLIC_OPEN|FREQUENCY=M|IFS_FLAG=true|INDICATOR=PPI|METHODOLOGY=PPI|OVERLAP=OL|REFERENCE_PERIOD=2010=100|SCALE=0|SECURITY_CLASSIFICATION=PUB|TYPE_OF_TRANSFORMATION=IX|aggregation=quarterly_mean,\N,"{""aggregation_method"": ""quarterly_mean"", ""source_derivation_types"": [""O"", ""O"", ""O""], ""source_months"": [""2022-M10"", ""2022-M11"", ""2022-M12""], ""source_observation_count"": 3, ""source_series_dimensions"": {""ACCESS_SHARING_LEVEL"": ""PUBLIC_OPEN"", ""COUNTRY"": ""ESP"", ""FREQUENCY"": ""M"", ""IFS_FLAG"": ""true"", ""INDICATOR"": ""PPI"", ""METHODOLOGY"": ""PPI"", ""OVERLAP"": ""OL"", ""REFERENCE_PERIOD"": ""2010=100"", ""SCALE"": ""0"", ""SECURITY_CLASSIFICATION"": ""PUB"", ""TYPE_OF_TRANSFORMATION"": ""IX""}}"
ESP,producer_price_index_quarterly_imf,2023-Q1,quarterly,156.3621533442088,\N,derived,IMF_PPI,IMF|ACCESS_SHARING_LEVEL=PUBLIC_OPEN|FREQUENCY=M|IFS_FLAG=true|INDICATOR=PPI|METHODOLOGY=PPI|OVERLAP=OL|REFERENCE_PERIOD=2010=100|SCALE=0|SECURITY_CLASSIFICATION=PUB|TYPE_OF_TRANSFORMATION=IX|aggregation=quarterly_mean,\N,"{""aggregation_method"": ""quarterly_mean"", ""source_derivation_types"": [""O"", ""O"", ""O""], ""source_months"": [""2023-M01"", ""2023-M02"", ""2023-M03""], ""source_observation_count"": 3, ""source_series_dimensions"": {""ACCESS_SHARING_LEVEL"": ""PUBLIC_OPEN"", ""COUNTRY"": ""ESP"", ""FREQUENCY"": ""M"", ""IFS_FLAG"": ""true"", ""INDICATOR"": ""PPI"", ""METHODOLOGY"": ""PPI"", ""OVERLAP"": ""OL"", ""REFERENCE_PERIOD"": ""2010=100"", ""SCALE"": ""0"", ""SECURITY_CLASSIFICATION"": ""PUB"", ""TYPE_OF_TRANSFORMATION"": ""IX""}}"
ESP,producer_price_index_quarterly_imf,2023-Q2,quarterly,152.4469820554649,\N,derived,IMF_PPI,IMF|ACCESS_SHARING_LEVEL=PUBLIC_OPEN|FREQUENCY=M|IFS_FLAG=true|INDICATOR=PPI|METHODOLOGY=PPI|OVERLAP=OL|REFERENCE_PERIOD=2010=100|SCALE=0|SECURITY_CLASSIFICATION=PUB|TYPE_OF_TRANSFORMATION=IX|aggregation=quarterly_mean,\N,"{""aggregation_method"": ""quarterly_mean"", ""source_derivation_types"": [""O"", ""O"", ""O""], ""source_months"": [""2023-M04"", ""2023-M05"", ""2023-M06""], ""source_observation_count"": 3, ""source_series_dimensions"": {""ACCESS_SHARING_LEVEL"": ""PUBLIC_OPEN"", ""COUNTRY"": ""ESP"", ""FREQUENCY"": ""M"", ""IFS_FLAG"": ""true"", ""INDICATOR"": ""PPI"", ""METHODOLOGY"": ""PPI"", ""OVERLAP"": ""OL"", ""REFERENCE_PERIOD"": ""2010=100"", ""SCALE"": ""0"", ""SECURITY_CLASSIFICATION"": ""PUB"", ""TYPE_OF_TRANSFORMATION"": ""IX""}}"
ESP,producer_price_index_quarterly_imf,2023-Q3,quarterly,153.62969004893964,\N,derived,IMF_PPI,IMF|ACCESS_SHARING_LEVEL=PUBLIC_OPEN|FREQUENCY=M|IFS_FLAG=true|INDICATOR=PPI|METHODOLOGY=PPI|OVERLAP=OL|REFERENCE_PERIOD=2010=100|SCALE=0|SECURITY_CLASSIFICATION=PUB|TYPE_OF_TRANSFORMATION=IX|aggregation=quarterly_mean,\N,"{""aggregation_method"": ""quarterly_mean"", ""source_derivation_types"": [""O"", ""O"", ""O""], ""source_months"": [""2023-M07"", ""2023-M08"", ""2023-M09""], ""source_observation_count"": 3, ""source_series_dimensions"": {""ACCESS_SHARING_LEVEL"": ""PUBLIC_OPEN"", ""COUNTRY"": ""ESP"", ""FREQUENCY"": ""M"", ""IFS_FLAG"": ""true"", ""INDICATOR"": ""PPI"", ""METHODOLOGY"": ""PPI"", ""OVERLAP"": ""OL"", ""REFERENCE_PERIOD"": ""2010=100"", ""SCALE"": ""0"", ""SECURITY_CLASSIFICATION"": ""PUB"", ""TYPE_OF_TRANSFORMATION"": ""IX""}}"
ESP,producer_price_index_quarterly_imf,2023-Q4,quarterly,152.07993474714513,\N,derived,IMF_PPI,IMF|ACCESS_SHARING_LEVEL=PUBLIC_OPEN|FREQUENCY=M|IFS_FLAG=true|INDICATOR=PPI|METHODOLOGY=PPI|OVERLAP=OL|REFERENCE_PERIOD=2010=100|SCALE=0|SECURITY_CLASSIFICATION=PUB|TYPE_OF_TRANSFORMATION=IX|aggregation=quarterly_mean,\N,"{""aggregation_method"": ""quarterly_mean"", ""source_derivation_types"": [""O"", ""O"", ""O""], ""source_months"": [""2023-M10"", ""2023-M11"", ""2023-M12""], ""source_observation_count"": 3, ""source_series_dimensions"": {""ACCESS_SHARING_LEVEL"": ""PUBLIC_OPEN"", ""COUNTRY"": ""ESP"", ""FREQUENCY"": ""M"", ""IFS_FLAG"": ""true"", ""INDICATOR"": ""PPI"", ""METHODOLOGY"": ""PPI"", ""OVERLAP"": ""OL"", ""REFERENCE_PERIOD"": ""2010=100"", ""SCALE"": ""0"", ""SECURITY_CLASSIFICATION"": ""PUB"", ""TYPE_OF_TRANSFORMATION"": ""IX""}}"
ESP,producer_price_index_quarterly_imf,2024-Q1,quarterly,148.40946166394778,\N,derived,IMF_PPI,IMF|ACCESS_SHARING_LEVEL=PUBLIC_OPEN|FREQUENCY=M|IFS_FLAG=true|INDICATOR=PPI|METHODOLOGY=PPI|OVERLAP=OL|REFERENCE_PERIOD=2010=100|SCALE=0|SECURITY_CLASSIFICATION=PUB|TYPE_OF_TRANSFORMATION=IX|aggregation=quarterly_mean,\N,"{""aggregation_method"": ""quarterly_mean"", ""source_derivation_types"": [""O"", ""O"", ""O""], ""source_months"": [""2024-M01"", ""2024-M02"", ""2024-M03""], ""source_observation_count"": 3, ""source_series_dimensions"": {""ACCESS_SHARING_LEVEL"": ""PUBLIC_OPEN"", ""COUNTRY"": ""ESP"", ""FREQUENCY"": ""M"", ""IFS_FLAG"": ""true"", ""INDICATOR"": ""PPI"", ""METHODOLOGY"": ""PPI"", ""OVERLAP"": ""OL"", ""REFERENCE_PERIOD"": ""2010=100"", ""SCALE"": ""0"", ""SECURITY_CLASSIFICATION"": ""PUB"", ""TYPE_OF_TRANSFORMATION"": ""IX""}}"
ESP,producer_price_index_quarterly_imf,2024-Q2,quarterly,147.1859706362153,\N,derived,IMF_PPI,IMF|ACCESS_SHARING_LEVEL=PUBLIC_OPEN|FREQUENCY=M|IFS_FLAG=true|INDICATOR=PPI|METHODOLOGY=PPI|OVERLAP=OL|REFERENCE_PERIOD=2010=100|SCALE=0|SECURITY_CLASSIFICATION=PUB|TYPE_OF_TRANSFORMATION=IX|aggregation=quarterly_mean,\N,"{""aggregation_method"": ""quarterly_mean"", ""source_derivation_types"": [""O"", ""O"", ""O""], ""source_months"": [""2024-M04"", ""2024-M05"", ""2024-M06""], ""source_observation_count"": 3, ""source_series_dimensions"": {""ACCESS_SHARING_LEVEL"": ""PUBLIC_OPEN"", ""COUNTRY"": ""ESP"", ""FREQUENCY"": ""M"", ""IFS_FLAG"": ""true"", ""INDICATOR"": ""PPI"", ""METHODOLOGY"": ""PPI"", ""OVERLAP"": ""OL"", ""REFERENCE_PERIOD"": ""2010=100"", ""SCALE"": ""0"", ""SECURITY_CLASSIFICATION"": ""PUB"", ""TYPE_OF_TRANSFORMATION"": ""IX""}}"
ESP,producer_price_index_quarterly_imf,2024-Q3,quarterly,151.1419249592169,\N,derived,IMF_PPI,IMF|ACCESS_SHARING_LEVEL=PUBLIC_OPEN|FREQUENCY=M|IFS_FLAG=true|INDICATOR=PPI|METHODOLOGY=PPI|OVERLAP=OL|REFERENCE_PERIOD=2010=100|SCALE=0|SECURITY_CLASSIFICATION=PUB|TYPE_OF_TRANSFORMATION=IX|aggregation=quarterly_mean,\N,"{""aggregation_method"": ""quarterly_mean"", ""source_derivation_types"": [""O"", ""O"", ""O""], ""source_months"": [""2024-M07"", ""2024-M08"", ""2024-M09""], ""source_observation_count"": 3, ""source_series_dimensions"": {""ACCESS_SHARING_LEVEL"": ""PUBLIC_OPEN"", ""COUNTRY"": ""ESP"", ""FREQUENCY"": ""M"", ""IFS_FLAG"": ""true"", ""INDICATOR"": ""PPI"", ""METHODOLOGY"": ""PPI"", ""OVERLAP"": ""OL"", ""REFERENCE_PERIOD"": ""2010=100"", ""SCALE"": ""0"", ""SECURITY_CLASSIFICATION"": ""PUB"", ""TYPE_OF_TRANSFORMATION"": ""IX""}}"
ESP,producer_price_index_quarterly_imf,2024-Q4,quarterly,152.6101141924959,\N,derived,IMF_PPI,IMF|ACCESS_SHARING_LEVEL=PUBLIC_OPEN|FREQUENCY=M|IFS_FLAG=true|INDICATOR=PPI|METHODOLOGY=PPI|OVERLAP=OL|REFERENCE_PERIOD=2010=100|SCALE=0|SECURITY_CLASSIFICATION=PUB|TYPE_OF_TRANSFORMATION=IX|aggregation=quarterly_mean,\N,"{""aggregation_method"": ""quarterly_mean"", ""source_derivation_types"": [""O"", ""O"", ""O""], ""source_months"": [""2024-M10"", ""2024-M11"", ""2024-M12""], ""source_observation_count"": 3, ""source_series_dimensions"": {""ACCESS_SHARING_LEVEL"": ""PUBLIC_OPEN"", ""COUNTRY"": ""ESP"", ""FREQUENCY"": ""M"", ""IFS_FLAG"": ""true"", ""INDICATOR"": ""PPI"", ""METHODOLOGY"": ""PPI"", ""OVERLAP"": ""OL"", ""REFERENCE_PERIOD"": ""2010=100"", ""SCALE"": ""0"", ""SECURITY_CLASSIFICATION"": ""PUB"", ""TYPE_OF_TRANSFORMATION"": ""IX""}}"
EST,producer_price_index_quarterly_imf,2020-Q1,quarterly,109.8760330578512,\N,derived,IMF_PPI,IMF|ACCESS_SHARING_LEVEL=PUBLIC_OPEN|FREQUENCY=M|IFS_FLAG=true|INDICATOR=PPI|METHODOLOGY=PPI|OVERLAP=OL|REFERENCE_PERIOD=2010=100|SCALE=0|SECURITY_CLASSIFICATION=PUB|TYPE_OF_TRANSFORMATION=IX|aggregation=quarterly_mean,\N,"{""aggregation_method"": ""quarterly_mean"", ""source_derivation_types"": [""O"", ""O"", ""O""], ""source_months"": [""2020-M01"", ""2020-M02"", ""2020-M03""], ""source_observation_count"": 3, ""source_series_dimensions"": {""ACCESS_SHARING_LEVEL"": ""PUBLIC_OPEN"", ""COUNTRY"": ""EST"", ""FREQUENCY"": ""M"", ""IFS_FLAG"": ""true"", ""INDICATOR"": ""PPI"", ""METHODOLOGY"": ""PPI"", ""OVERLAP"": ""OL"", ""REFERENCE_PERIOD"": ""2010=100"", ""SCALE"": ""0"", ""SECURITY_CLASSIFICATION"": ""PUB"", ""TYPE_OF_TRANSFORMATION"": ""IX""}}"
EST,producer_price_index_quarterly_imf,2020-Q2,quarterly,109.42148760330575,\N,derived,IMF_PPI,IMF|ACCESS_SHARING_LEVEL=PUBLIC_OPEN|FREQUENCY=M|IFS_FLAG=true|INDICATOR=PPI|METHODOLOGY=PPI|OVERLAP=OL|REFERENCE_PERIOD=2010=100|SCALE=0|SECURITY_CLASSIFICATION=PUB|TYPE_OF_TRANSFORMATION=IX|aggregation=quarterly_mean,\N,"{""aggregation_method"": ""quarterly_mean"", ""source_derivation_types"": [""O"", ""O"", ""O""], ""source_months"": [""2020-M04"", ""2020-M05"", ""2020-M06""], ""source_observation_count"": 3, ""source_series_dimensions"": {""ACCESS_SHARING_LEVEL"": ""PUBLIC_OPEN"", ""COUNTRY"": ""EST"", ""FREQUENCY"": ""M"", ""IFS_FLAG"": ""true"", ""INDICATOR"": ""PPI"", ""METHODOLOGY"": ""PPI"", ""OVERLAP"": ""OL"", ""REFERENCE_PERIOD"": ""2010=100"", ""SCALE"": ""0"", ""SECURITY_CLASSIFICATION"": ""PUB"", ""TYPE_OF_TRANSFORMATION"": ""IX""}}"
EST,producer_price_index_quarterly_imf,2020-Q3,quarterly,110.2479338842975,\N,derived,IMF_PPI,IMF|ACCESS_SHARING_LEVEL=PUBLIC_OPEN|FREQUENCY=M|IFS_FLAG=true|INDICATOR=PPI|METHODOLOGY=PPI|OVERLAP=OL|REFERENCE_PERIOD=2010=100|SCALE=0|SECURITY_CLASSIFICATION=PUB|TYPE_OF_TRANSFORMATION=IX|aggregation=quarterly_mean,\N,"{""aggregation_method"": ""quarterly_mean"", ""source_derivation_types"": [""O"", ""O"", ""O""], ""source_months"": [""2020-M07"", ""2020-M08"", ""2020-M09""], ""source_observation_count"": 3, ""source_series_dimensions"": {""ACCESS_SHARING_LEVEL"": ""PUBLIC_OPEN"", ""COUNTRY"": ""EST"", ""FREQUENCY"": ""M"", ""IFS_FLAG"": ""true"", ""INDICATOR"": ""PPI"", ""METHODOLOGY"": ""PPI"", ""OVERLAP"": ""OL"", ""REFERENCE_PERIOD"": ""2010=100"", ""SCALE"": ""0"", ""SECURITY_CLASSIFICATION"": ""PUB"", ""TYPE_OF_TRANSFORMATION"": ""IX""}}"
EST,producer_price_index_quarterly_imf,2020-Q4,quarterly,111.40495867768594,\N,derived,IMF_PPI,IMF|ACCESS_SHARING_LEVEL=PUBLIC_OPEN|FREQUENCY=M|IFS_FLAG=true|INDICATOR=PPI|METHODOLOGY=PPI|OVERLAP=OL|REFERENCE_PERIOD=2010=100|SCALE=0|SECURITY_CLASSIFICATION=PUB|TYPE_OF_TRANSFORMATION=IX|aggregation=quarterly_mean,\N,"{""aggregation_method"": ""quarterly_mean"", ""source_derivation_types"": [""O"", ""O"", ""O""], ""source_months"": [""2020-M10"", ""2020-M11"", ""2020-M12""], ""source_observation_count"": 3, ""source_series_dimensions"": {""ACCESS_SHARING_LEVEL"": ""PUBLIC_OPEN"", ""COUNTRY"": ""EST"", ""FREQUENCY"": ""M"", ""IFS_FLAG"": ""true"", ""INDICATOR"": ""PPI"", ""METHODOLOGY"": ""PPI"", ""OVERLAP"": ""OL"", ""REFERENCE_PERIOD"": ""2010=100"", ""SCALE"": ""0"", ""SECURITY_CLASSIFICATION"": ""PUB"", ""TYPE_OF_TRANSFORMATION"": ""IX""}}"
EST,producer_price_index_quarterly_imf,2021-Q1,quarterly,114.00826446280989,\N,derived,IMF_PPI,IMF|ACCESS_SHARING_LEVEL=PUBLIC_OPEN|FREQUENCY=M|IFS_FLAG=true|INDICATOR=PPI|METHODOLOGY=PPI|OVERLAP=OL|REFERENCE_PERIOD=2010=100|SCALE=0|SECURITY_CLASSIFICATION=PUB|TYPE_OF_TRANSFORMATION=IX|aggregation=quarterly_mean,\N,"{""aggregation_method"": ""quarterly_mean"", ""source_derivation_types"": [""O"", ""O"", ""O""], ""source_months"": [""2021-M01"", ""2021-M02"", ""2021-M03""], ""source_observation_count"": 3, ""source_series_dimensions"": {""ACCESS_SHARING_LEVEL"": ""PUBLIC_OPEN"", ""COUNTRY"": ""EST"", ""FREQUENCY"": ""M"", ""IFS_FLAG"": ""true"", ""INDICATOR"": ""PPI"", ""METHODOLOGY"": ""PPI"", ""OVERLAP"": ""OL"", ""REFERENCE_PERIOD"": ""2010=100"", ""SCALE"": ""0"", ""SECURITY_CLASSIFICATION"": ""PUB"", ""TYPE_OF_TRANSFORMATION"": ""IX""}}"
EST,producer_price_index_quarterly_imf,2021-Q2,quarterly,118.42975206611567,\N,derived,IMF_PPI,IMF|ACCESS_SHARING_LEVEL=PUBLIC_OPEN|FREQUENCY=M|IFS_FLAG=true|INDICATOR=PPI|METHODOLOGY=PPI|OVERLAP=OL|REFERENCE_PERIOD=2010=100|SCALE=0|SECURITY_CLASSIFICATION=PUB|TYPE_OF_TRANSFORMATION=IX|aggregation=quarterly_mean,\N,"{""aggregation_method"": ""quarterly_mean"", ""source_derivation_types"": [""O"", ""O"", ""O""], ""source_months"": [""2021-M04"", ""2021-M05"", ""2021-M06""], ""source_observation_count"": 3, ""source_series_dimensions"": {""ACCESS_SHARING_LEVEL"": ""PUBLIC_OPEN"", ""COUNTRY"": ""EST"", ""FREQUENCY"": ""M"", ""IFS_FLAG"": ""true"", ""INDICATOR"": ""PPI"", ""METHODOLOGY"": ""PPI"", ""OVERLAP"": ""OL"", ""REFERENCE_PERIOD"": ""2010=100"", ""SCALE"": ""0"", ""SECURITY_CLASSIFICATION"": ""PUB"", ""TYPE_OF_TRANSFORMATION"": ""IX""}}"
EST,producer_price_index_quarterly_imf,2021-Q3,quarterly,128.55371900826444,\N,derived,IMF_PPI,IMF|ACCESS_SHARING_LEVEL=PUBLIC_OPEN|FREQUENCY=M|IFS_FLAG=true|INDICATOR=PPI|METHODOLOGY=PPI|OVERLAP=OL|REFERENCE_PERIOD=2010=100|SCALE=0|SECURITY_CLASSIFICATION=PUB|TYPE_OF_TRANSFORMATION=IX|aggregation=quarterly_mean,\N,"{""aggregation_method"": ""quarterly_mean"", ""source_derivation_types"": [""O"", ""O"", ""O""], ""source_months"": [""2021-M07"", ""2021-M08"", ""2021-M09""], ""source_observation_count"": 3, ""source_series_dimensions"": {""ACCESS_SHARING_LEVEL"": ""PUBLIC_OPEN"", ""COUNTRY"": ""EST"", ""FREQUENCY"": ""M"", ""IFS_FLAG"": ""true"", ""INDICATOR"": ""PPI"", ""METHODOLOGY"": ""PPI"", ""OVERLAP"": ""OL"", ""REFERENCE_PERIOD"": ""2010=100"", ""SCALE"": ""0"", ""SECURITY_CLASSIFICATION"": ""PUB"", ""TYPE_OF_TRANSFORMATION"": ""IX""}}"
EST,producer_price_index_quarterly_imf,2021-Q4,quarterly,134.8760330578512,\N,derived,IMF_PPI,IMF|ACCESS_SHARING_LEVEL=PUBLIC_OPEN|FREQUENCY=M|IFS_FLAG=true|INDICATOR=PPI|METHODOLOGY=PPI|OVERLAP=OL|REFERENCE_PERIOD=2010=100|SCALE=0|SECURITY_CLASSIFICATION=PUB|TYPE_OF_TRANSFORMATION=IX|aggregation=quarterly_mean,\N,"{""aggregation_method"": ""quarterly_mean"", ""source_derivation_types"": [""O"", ""O"", ""O""], ""source_months"": [""2021-M10"", ""2021-M11"", ""2021-M12""], ""source_observation_count"": 3, ""source_series_dimensions"": {""ACCESS_SHARING_LEVEL"": ""PUBLIC_OPEN"", ""COUNTRY"": ""EST"", ""FREQUENCY"": ""M"", ""IFS_FLAG"": ""true"", ""INDICATOR"": ""PPI"", ""METHODOLOGY"": ""PPI"", ""OVERLAP"": ""OL"", ""REFERENCE_PERIOD"": ""2010=100"", ""SCALE"": ""0"", ""SECURITY_CLASSIFICATION"": ""PUB"", ""TYPE_OF_TRANSFORMATION"": ""IX""}}"
EST,producer_price_index_quarterly_imf,2022-Q1,quarterly,145.7851239669421,\N,derived,IMF_PPI,IMF|ACCESS_SHARING_LEVEL=PUBLIC_OPEN|FREQUENCY=M|IFS_FLAG=true|INDICATOR=PPI|METHODOLOGY=PPI|OVERLAP=OL|REFERENCE_PERIOD=2010=100|SCALE=0|SECURITY_CLASSIFICATION=PUB|TYPE_OF_TRANSFORMATION=IX|aggregation=quarterly_mean,\N,"{""aggregation_method"": ""quarterly_mean"", ""source_derivation_types"": [""O"", ""O"", ""O""], ""source_months"": [""2022-M01"", ""2022-M02"", ""2022-M03""], ""source_observation_count"": 3, ""source_series_dimensions"": {""ACCESS_SHARING_LEVEL"": ""PUBLIC_OPEN"", ""COUNTRY"": ""EST"", ""FREQUENCY"": ""M"", ""IFS_FLAG"": ""true"", ""INDICATOR"": ""PPI"", ""METHODOLOGY"": ""PPI"", ""OVERLAP"": ""OL"", ""REFERENCE_PERIOD"": ""2010=100"", ""SCALE"": ""0"", ""SECURITY_CLASSIFICATION"": ""PUB"", ""TYPE_OF_TRANSFORMATION"": ""IX""}}"
EST,producer_price_index_quarterly_imf,2022-Q2,quarterly,157.72727272727272,\N,derived,IMF_PPI,IMF|ACCESS_SHARING_LEVEL=PUBLIC_OPEN|FREQUENCY=M|IFS_FLAG=true|INDICATOR=PPI|METHODOLOGY=PPI|OVERLAP=OL|REFERENCE_PERIOD=2010=100|SCALE=0|SECURITY_CLASSIFICATION=PUB|TYPE_OF_TRANSFORMATION=IX|aggregation=quarterly_mean,\N,"{""aggregation_method"": ""quarterly_mean"", ""source_derivation_types"": [""O"", ""O"", ""O""], ""source_months"": [""2022-M04"", ""2022-M05"", ""2022-M06""], ""source_observation_count"": 3, ""source_series_dimensions"": {""ACCESS_SHARING_LEVEL"": ""PUBLIC_OPEN"", ""COUNTRY"": ""EST"", ""FREQUENCY"": ""M"", ""IFS_FLAG"": ""true"", ""INDICATOR"": ""PPI"", ""METHODOLOGY"": ""PPI"", ""OVERLAP"": ""OL"", ""REFERENCE_PERIOD"": ""2010=100"", ""SCALE"": ""0"", ""SECURITY_CLASSIFICATION"": ""PUB"", ""TYPE_OF_TRANSFORMATION"": ""IX""}}"
EST,producer_price_index_quarterly_imf,2022-Q3,quarterly,163.09917355371897,\N,derived,IMF_PPI,IMF|ACCESS_SHARING_LEVEL=PUBLIC_OPEN|FREQUENCY=M|IFS_FLAG=true|INDICATOR=PPI|METHODOLOGY=PPI|OVERLAP=OL|REFERENCE_PERIOD=2010=100|SCALE=0|SECURITY_CLASSIFICATION=PUB|TYPE_OF_TRANSFORMATION=IX|aggregation=quarterly_mean,\N,"{""aggregation_method"": ""quarterly_mean"", ""source_derivation_types"": [""O"", ""O"", ""O""], ""source_months"": [""2022-M07"", ""2022-M08"", ""2022-M09""], ""source_observation_count"": 3, ""source_series_dimensions"": {""ACCESS_SHARING_LEVEL"": ""PUBLIC_OPEN"", ""COUNTRY"": ""EST"", ""FREQUENCY"": ""M"", ""IFS_FLAG"": ""true"", ""INDICATOR"": ""PPI"", ""METHODOLOGY"": ""PPI"", ""OVERLAP"": ""OL"", ""REFERENCE_PERIOD"": ""2010=100"", ""SCALE"": ""0"", ""SECURITY_CLASSIFICATION"": ""PUB"", ""TYPE_OF_TRANSFORMATION"": ""IX""}}"
EST,producer_price_index_quarterly_imf,2022-Q4,quarterly,162.89256198347104,\N,derived,IMF_PPI,IMF|ACCESS_SHARING_LEVEL=PUBLIC_OPEN|FREQUENCY=M|IFS_FLAG=true|INDICATOR=PPI|METHODOLOGY=PPI|OVERLAP=OL|REFERENCE_PERIOD=2010=100|SCALE=0|SECURITY_CLASSIFICATION=PUB|TYPE_OF_TRANSFORMATION=IX|aggregation=quarterly_mean,\N,"{""aggregation_method"": ""quarterly_mean"", ""source_derivation_types"": [""O"", ""O"", ""O""], ""source_months"": [""2022-M10"", ""2022-M11"", ""2022-M12""], ""source_observation_count"": 3, ""source_series_dimensions"": {""ACCESS_SHARING_LEVEL"": ""PUBLIC_OPEN"", ""COUNTRY"": ""EST"", ""FREQUENCY"": ""M"", ""IFS_FLAG"": ""true"", ""INDICATOR"": ""PPI"", ""METHODOLOGY"": ""PPI"", ""OVERLAP"": ""OL"", ""REFERENCE_PERIOD"": ""2010=100"", ""SCALE"": ""0"", ""SECURITY_CLASSIFICATION"": ""PUB"", ""TYPE_OF_TRANSFORMATION"": ""IX""}}"
EST,producer_price_index_quarterly_imf,2023-Q1,quarterly,161.32231404958677,\N,derived,IMF_PPI,IMF|ACCESS_SHARING_LEVEL=PUBLIC_OPEN|FREQUENCY=M|IFS_FLAG=true|INDICATOR=PPI|METHODOLOGY=PPI|OVERLAP=OL|REFERENCE_PERIOD=2010=100|SCALE=0|SECURITY_CLASSIFICATION=PUB|TYPE_OF_TRANSFORMATION=IX|aggregation=quarterly_mean,\N,"{""aggregation_method"": ""quarterly_mean"", ""source_derivation_types"": [""O"", ""O"", ""O""], ""source_months"": [""2023-M01"", ""2023-M02"", ""2023-M03""], ""source_observation_count"": 3, ""source_series_dimensions"": {""ACCESS_SHARING_LEVEL"": ""PUBLIC_OPEN"", ""COUNTRY"": ""EST"", ""FREQUENCY"": ""M"", ""IFS_FLAG"": ""true"", ""INDICATOR"": ""PPI"", ""METHODOLOGY"": ""PPI"", ""OVERLAP"": ""OL"", ""REFERENCE_PERIOD"": ""2010=100"", ""SCALE"": ""0"", ""SECURITY_CLASSIFICATION"": ""PUB"", ""TYPE_OF_TRANSFORMATION"": ""IX""}}"
EST,producer_price_index_quarterly_imf,2023-Q2,quarterly,159.13223140495865,\N,derived,IMF_PPI,IMF|ACCESS_SHARING_LEVEL=PUBLIC_OPEN|FREQUENCY=M|IFS_FLAG=true|INDICATOR=PPI|METHODOLOGY=PPI|OVERLAP=OL|REFERENCE_PERIOD=2010=100|SCALE=0|SECURITY_CLASSIFICATION=PUB|TYPE_OF_TRANSFORMATION=IX|aggregation=quarterly_mean,\N,"{""aggregation_method"": ""quarterly_mean"", ""source_derivation_types"": [""O"", ""O"", ""O""], ""source_months"": [""2023-M04"", ""2023-M05"", ""2023-M06""], ""source_observation_count"": 3, ""source_series_dimensions"": {""ACCESS_SHARING_LEVEL"": ""PUBLIC_OPEN"", ""COUNTRY"": ""EST"", ""FREQUENCY"": ""M"", ""IFS_FLAG"": ""true"", ""INDICATOR"": ""PPI"", ""METHODOLOGY"": ""PPI"", ""OVERLAP"": ""OL"", ""REFERENCE_PERIOD"": ""2010=100"", ""SCALE"": ""0"", ""SECURITY_CLASSIFICATION"": ""PUB"", ""TYPE_OF_TRANSFORMATION"": ""IX""}}"
EST,producer_price_index_quarterly_imf,2023-Q3,quarterly,157.43801652892557,\N,derived,IMF_PPI,IMF|ACCESS_SHARING_LEVEL=PUBLIC_OPEN|FREQUENCY=M|IFS_FLAG=true|INDICATOR=PPI|METHODOLOGY=PPI|OVERLAP=OL|REFERENCE_PERIOD=2010=100|SCALE=0|SECURITY_CLASSIFICATION=PUB|TYPE_OF_TRANSFORMATION=IX|aggregation=quarterly_mean,\N,"{""aggregation_method"": ""quarterly_mean"", ""source_derivation_types"": [""O"", ""O"", ""O""], ""source_months"": [""2023-M07"", ""2023-M08"", ""2023-M09""], ""source_observation_count"": 3, ""source_series_dimensions"": {""ACCESS_SHARING_LEVEL"": ""PUBLIC_OPEN"", ""COUNTRY"": ""EST"", ""FREQUENCY"": ""M"", ""IFS_FLAG"": ""true"", ""INDICATOR"": ""PPI"", ""METHODOLOGY"": ""PPI"", ""OVERLAP"": ""OL"", ""REFERENCE_PERIOD"": ""2010=100"", ""SCALE"": ""0"", ""SECURITY_CLASSIFICATION"": ""PUB"", ""TYPE_OF_TRANSFORMATION"": ""IX""}}"
EST,producer_price_index_quarterly_imf,2023-Q4,quarterly,157.0661157024793,\N,derived,IMF_PPI,IMF|ACCESS_SHARING_LEVEL=PUBLIC_OPEN|FREQUENCY=M|IFS_FLAG=true|INDICATOR=PPI|METHODOLOGY=PPI|OVERLAP=OL|REFERENCE_PERIOD=2010=100|SCALE=0|SECURITY_CLASSIFICATION=PUB|TYPE_OF_TRANSFORMATION=IX|aggregation=quarterly_mean,\N,"{""aggregation_method"": ""quarterly_mean"", ""source_derivation_types"": [""O"", ""O"", ""O""], ""source_months"": [""2023-M10"", ""2023-M11"", ""2023-M12""], ""source_observation_count"": 3, ""source_series_dimensions"": {""ACCESS_SHARING_LEVEL"": ""PUBLIC_OPEN"", ""COUNTRY"": ""EST"", ""FREQUENCY"": ""M"", ""IFS_FLAG"": ""true"", ""INDICATOR"": ""PPI"", ""METHODOLOGY"": ""PPI"", ""OVERLAP"": ""OL"", ""REFERENCE_PERIOD"": ""2010=100"", ""SCALE"": ""0"", ""SECURITY_CLASSIFICATION"": ""PUB"", ""TYPE_OF_TRANSFORMATION"": ""IX""}}"
EST,producer_price_index_quarterly_imf,2024-Q1,quarterly,156.36363636363635,\N,derived,IMF_PPI,IMF|ACCESS_SHARING_LEVEL=PUBLIC_OPEN|FREQUENCY=M|IFS_FLAG=true|INDICATOR=PPI|METHODOLOGY=PPI|OVERLAP=OL|REFERENCE_PERIOD=2010=100|SCALE=0|SECURITY_CLASSIFICATION=PUB|TYPE_OF_TRANSFORMATION=IX|aggregation=quarterly_mean,\N,"{""aggregation_method"": ""quarterly_mean"", ""source_derivation_types"": [""O"", ""O"", ""O""], ""source_months"": [""2024-M01"", ""2024-M02"", ""2024-M03""], ""source_observation_count"": 3, ""source_series_dimensions"": {""ACCESS_SHARING_LEVEL"": ""PUBLIC_OPEN"", ""COUNTRY"": ""EST"", ""FREQUENCY"": ""M"", ""IFS_FLAG"": ""true"", ""INDICATOR"": ""PPI"", ""METHODOLOGY"": ""PPI"", ""OVERLAP"": ""OL"", ""REFERENCE_PERIOD"": ""2010=100"", ""SCALE"": ""0"", ""SECURITY_CLASSIFICATION"": ""PUB"", ""TYPE_OF_TRANSFORMATION"": ""IX""}}"
EST,producer_price_index_quarterly_imf,2024-Q2,quarterly,156.40495867768593,\N,derived,IMF_PPI,IMF|ACCESS_SHARING_LEVEL=PUBLIC_OPEN|FREQUENCY=M|IFS_FLAG=true|INDICATOR=PPI|METHODOLOGY=PPI|OVERLAP=OL|REFERENCE_PERIOD=2010=100|SCALE=0|SECURITY_CLASSIFICATION=PUB|TYPE_OF_TRANSFORMATION=IX|aggregation=quarterly_mean,\N,"{""aggregation_method"": ""quarterly_mean"", ""source_derivation_types"": [""O"", ""O"", ""O""], ""source_months"": [""2024-M04"", ""2024-M05"", ""2024-M06""], ""source_observation_count"": 3, ""source_series_dimensions"": {""ACCESS_SHARING_LEVEL"": ""PUBLIC_OPEN"", ""COUNTRY"": ""EST"", ""FREQUENCY"": ""M"", ""IFS_FLAG"": ""true"", ""INDICATOR"": ""PPI"", ""METHODOLOGY"": ""PPI"", ""OVERLAP"": ""OL"", ""REFERENCE_PERIOD"": ""2010=100"", ""SCALE"": ""0"", ""SECURITY_CLASSIFICATION"": ""PUB"", ""TYPE_OF_TRANSFORMATION"": ""IX""}}"
EST,producer_price_index_quarterly_imf,2024-Q3,quarterly,158.47107438016522,\N,derived,IMF_PPI,IMF|ACCESS_SHARING_LEVEL=PUBLIC_OPEN|FREQUENCY=M|IFS_FLAG=true|INDICATOR=PPI|METHODOLOGY=PPI|OVERLAP=OL|REFERENCE_PERIOD=2010=100|SCALE=0|SECURITY_CLASSIFICATION=PUB|TYPE_OF_TRANSFORMATION=IX|aggregation=quarterly_mean,\N,"{""aggregation_method"": ""quarterly_mean"", ""source_derivation_types"": [""O"", ""O"", ""O""], ""source_months"": [""2024-M07"", ""2024-M08"", ""2024-M09""], ""source_observation_count"": 3, ""source_series_dimensions"": {""ACCESS_SHARING_LEVEL"": ""PUBLIC_OPEN"", ""COUNTRY"": ""EST"", ""FREQUENCY"": ""M"", ""IFS_FLAG"": ""true"", ""INDICATOR"": ""PPI"", ""METHODOLOGY"": ""PPI"", ""OVERLAP"": ""OL"", ""REFERENCE_PERIOD"": ""2010=100"", ""SCALE"": ""0"", ""SECURITY_CLASSIFICATION"": ""PUB"", ""TYPE_OF_TRANSFORMATION"": ""IX""}}"
EST,producer_price_index_quarterly_imf,2024-Q4,quarterly,157.64462809917353,\N,derived,IMF_PPI,IMF|ACCESS_SHARING_LEVEL=PUBLIC_OPEN|FREQUENCY=M|IFS_FLAG=true|INDICATOR=PPI|METHODOLOGY=PPI|OVERLAP=OL|REFERENCE_PERIOD=2010=100|SCALE=0|SECURITY_CLASSIFICATION=PUB|TYPE_OF_TRANSFORMATION=IX|aggregation=quarterly_mean,\N,"{""aggregation_method"": ""quarterly_mean"", ""source_derivation_types"": [""O"", ""O"", ""O""], ""source_months"": [""2024-M10"", ""2024-M11"", ""2024-M12""], ""source_observation_count"": 3, ""source_series_dimensions"": {""ACCESS_SHARING_LEVEL"": ""PUBLIC_OPEN"", ""COUNTRY"": ""EST"", ""FREQUENCY"": ""M"", ""IFS_FLAG"": ""true"", ""INDICATOR"": ""PPI"", ""METHODOLOGY"": ""PPI"", ""OVERLAP"": ""OL"", ""REFERENCE_PERIOD"": ""2010=100"", ""SCALE"": ""0"", ""SECURITY_CLASSIFICATION"": ""PUB"", ""TYPE_OF_TRANSFORMATION"": ""IX""}}"
FRA,producer_price_index_quarterly_imf,2020-Q1,quarterly,106.60899653979236,\N,derived,IMF_PPI,IMF|ACCESS_SHARING_LEVEL=PUBLIC_OPEN|FREQUENCY=M|IFS_FLAG=true|INDICATOR=PPI|METHODOLOGY=PPI|OVERLAP=OL|REFERENCE_PERIOD=2010=100|SCALE=0|SECURITY_CLASSIFICATION=PUB|TYPE_OF_TRANSFORMATION=IX|aggregation=quarterly_mean,\N,"{""aggregation_method"": ""quarterly_mean"", ""source_derivation_types"": [""O"", ""O"", ""O""], ""source_months"": [""2020-M01"", ""2020-M02"", ""2020-M03""], ""source_observation_count"": 3, ""source_series_dimensions"": {""ACCESS_SHARING_LEVEL"": ""PUBLIC_OPEN"", ""COUNTRY"": ""FRA"", ""FREQUENCY"": ""M"", ""IFS_FLAG"": ""true"", ""INDICATOR"": ""PPI"", ""METHODOLOGY"": ""PPI"", ""OVERLAP"": ""OL"", ""REFERENCE_PERIOD"": ""2010=100"", ""SCALE"": ""0"", ""SECURITY_CLASSIFICATION"": ""PUB"", ""TYPE_OF_TRANSFORMATION"": ""IX""}}"
FRA,producer_price_index_quarterly_imf,2020-Q2,quarterly,103.21799307958476,\N,derived,IMF_PPI,IMF|ACCESS_SHARING_LEVEL=PUBLIC_OPEN|FREQUENCY=M|IFS_FLAG=true|INDICATOR=PPI|METHODOLOGY=PPI|OVERLAP=OL|REFERENCE_PERIOD=2010=100|SCALE=0|SECURITY_CLASSIFICATION=PUB|TYPE_OF_TRANSFORMATION=IX|aggregation=quarterly_mean,\N,"{""aggregation_method"": ""quarterly_mean"", ""source_derivation_types"": [""O"", ""O"", ""O""], ""source_months"": [""2020-M04"", ""2020-M05"", ""2020-M06""], ""source_observation_count"": 3, ""source_series_dimensions"": {""ACCESS_SHARING_LEVEL"": ""PUBLIC_OPEN"", ""COUNTRY"": ""FRA"", ""FREQUENCY"": ""M"", ""IFS_FLAG"": ""true"", ""INDICATOR"": ""PPI"", ""METHODOLOGY"": ""PPI"", ""OVERLAP"": ""OL"", ""REFERENCE_PERIOD"": ""2010=100"", ""SCALE"": ""0"", ""SECURITY_CLASSIFICATION"": ""PUB"", ""TYPE_OF_TRANSFORMATION"": ""IX""}}"
FRA,producer_price_index_quarterly_imf,2020-Q3,quarterly,104.08304498269894,\N,derived,IMF_PPI,IMF|ACCESS_SHARING_LEVEL=PUBLIC_OPEN|FREQUENCY=M|IFS_FLAG=true|INDICATOR=PPI|METHODOLOGY=PPI|OVERLAP=OL|REFERENCE_PERIOD=2010=100|SCALE=0|SECURITY_CLASSIFICATION=PUB|TYPE_OF_TRANSFORMATION=IX|aggregation=quarterly_mean,\N,"{""aggregation_method"": ""quarterly_mean"", ""source_derivation_types"": [""O"", ""O"", ""O""], ""source_months"": [""2020-M07"", ""2020-M08"", ""2020-M09""], ""source_observation_count"": 3, ""source_series_dimensions"": {""ACCESS_SHARING_LEVEL"": ""PUBLIC_OPEN"", ""COUNTRY"": ""FRA"", ""FREQUENCY"": ""M"", ""IFS_FLAG"": ""true"", ""INDICATOR"": ""PPI"", ""METHODOLOGY"": ""PPI"", ""OVERLAP"": ""OL"", ""REFERENCE_PERIOD"": ""2010=100"", ""SCALE"": ""0"", ""SECURITY_CLASSIFICATION"": ""PUB"", ""TYPE_OF_TRANSFORMATION"": ""IX""}}"
FRA,producer_price_index_quarterly_imf,2020-Q4,quarterly,105.39792387543251,\N,derived,IMF_PPI,IMF|ACCESS_SHARING_LEVEL=PUBLIC_OPEN|FREQUENCY=M|IFS_FLAG=true|INDICATOR=PPI|METHODOLOGY=PPI|OVERLAP=OL|REFERENCE_PERIOD=2010=100|SCALE=0|SECURITY_CLASSIFICATION=PUB|TYPE_OF_TRANSFORMATION=IX|aggregation=quarterly_mean,\N,"{""aggregation_method"": ""quarterly_mean"", ""source_derivation_types"": [""O"", ""O"", ""O""], ""source_months"": [""2020-M10"", ""2020-M11"", ""2020-M12""], ""source_observation_count"": 3, ""source_series_dimensions"": {""ACCESS_SHARING_LEVEL"": ""PUBLIC_OPEN"", ""COUNTRY"": ""FRA"", ""FREQUENCY"": ""M"", ""IFS_FLAG"": ""true"", ""INDICATOR"": ""PPI"", ""METHODOLOGY"": ""PPI"", ""OVERLAP"": ""OL"", ""REFERENCE_PERIOD"": ""2010=100"", ""SCALE"": ""0"", ""SECURITY_CLASSIFICATION"": ""PUB"", ""TYPE_OF_TRANSFORMATION"": ""IX""}}"
FRA,producer_price_index_quarterly_imf,2021-Q1,quarterly,108.75432525951554,\N,derived,IMF_PPI,IMF|ACCESS_SHARING_LEVEL=PUBLIC_OPEN|FREQUENCY=M|IFS_FLAG=true|INDICATOR=PPI|METHODOLOGY=PPI|OVERLAP=OL|REFERENCE_PERIOD=2010=100|SCALE=0|SECURITY_CLASSIFICATION=PUB|TYPE_OF_TRANSFORMATION=IX|aggregation=quarterly_mean,\N,"{""aggregation_method"": ""quarterly_mean"", ""source_derivation_types"": [""O"", ""O"", ""O""], ""source_months"": [""2021-M01"", ""2021-M02"", ""2021-M03""], ""source_observation_count"": 3, ""source_series_dimensions"": {""ACCESS_SHARING_LEVEL"": ""PUBLIC_OPEN"", ""COUNTRY"": ""FRA"", ""FREQUENCY"": ""M"", ""IFS_FLAG"": ""true"", ""INDICATOR"": ""PPI"", ""METHODOLOGY"": ""PPI"", ""OVERLAP"": ""OL"", ""REFERENCE_PERIOD"": ""2010=100"", ""SCALE"": ""0"", ""SECURITY_CLASSIFICATION"": ""PUB"", ""TYPE_OF_TRANSFORMATION"": ""IX""}}"
FRA,producer_price_index_quarterly_imf,2021-Q2,quarterly,110.17301038062281,\N,derived,IMF_PPI,IMF|ACCESS_SHARING_LEVEL=PUBLIC_OPEN|FREQUENCY=M|IFS_FLAG=true|INDICATOR=PPI|METHODOLOGY=PPI|OVERLAP=OL|REFERENCE_PERIOD=2010=100|SCALE=0|SECURITY_CLASSIFICATION=PUB|TYPE_OF_TRANSFORMATION=IX|aggregation=quarterly_mean,\N,"{""aggregation_method"": ""quarterly_mean"", ""source_derivation_types"": [""O"", ""O"", ""O""], ""source_months"": [""2021-M04"", ""2021-M05"", ""2021-M06""], ""source_observation_count"": 3, ""source_series_dimensions"": {""ACCESS_SHARING_LEVEL"": ""PUBLIC_OPEN"", ""COUNTRY"": ""FRA"", ""FREQUENCY"": ""M"", ""IFS_FLAG"": ""true"", ""INDICATOR"": ""PPI"", ""METHODOLOGY"": ""PPI"", ""OVERLAP"": ""OL"", ""REFERENCE_PERIOD"": ""2010=100"", ""SCALE"": ""0"", ""SECURITY_CLASSIFICATION"": ""PUB"", ""TYPE_OF_TRANSFORMATION"": ""IX""}}"
FRA,producer_price_index_quarterly_imf,2021-Q3,quarterly,114.3252595155709,\N,derived,IMF_PPI,IMF|ACCESS_SHARING_LEVEL=PUBLIC_OPEN|FREQUENCY=M|IFS_FLAG=true|INDICATOR=PPI|METHODOLOGY=PPI|OVERLAP=OL|REFERENCE_PERIOD=2010=100|SCALE=0|SECURITY_CLASSIFICATION=PUB|TYPE_OF_TRANSFORMATION=IX|aggregation=quarterly_mean,\N,"{""aggregation_method"": ""quarterly_mean"", ""source_derivation_types"": [""O"", ""O"", ""O""], ""source_months"": [""2021-M07"", ""2021-M08"", ""2021-M09""], ""source_observation_count"": 3, ""source_series_dimensions"": {""ACCESS_SHARING_LEVEL"": ""PUBLIC_OPEN"", ""COUNTRY"": ""FRA"", ""FREQUENCY"": ""M"", ""IFS_FLAG"": ""true"", ""INDICATOR"": ""PPI"", ""METHODOLOGY"": ""PPI"", ""OVERLAP"": ""OL"", ""REFERENCE_PERIOD"": ""2010=100"", ""SCALE"": ""0"", ""SECURITY_CLASSIFICATION"": ""PUB"", ""TYPE_OF_TRANSFORMATION"": ""IX""}}"
FRA,producer_price_index_quarterly_imf,2021-Q4,quarterly,122.4221453287197,\N,derived,IMF_PPI,IMF|ACCESS_SHARING_LEVEL=PUBLIC_OPEN|FREQUENCY=M|IFS_FLAG=true|INDICATOR=PPI|METHODOLOGY=PPI|OVERLAP=OL|REFERENCE_PERIOD=2010=100|SCALE=0|SECURITY_CLASSIFICATION=PUB|TYPE_OF_TRANSFORMATION=IX|aggregation=quarterly_mean,\N,"{""aggregation_method"": ""quarterly_mean"", ""source_derivation_types"": [""O"", ""O"", ""O""], ""source_months"": [""2021-M10"", ""2021-M11"", ""2021-M12""], ""source_observation_count"": 3, ""source_series_dimensions"": {""ACCESS_SHARING_LEVEL"": ""PUBLIC_OPEN"", ""COUNTRY"": ""FRA"", ""FREQUENCY"": ""M"", ""IFS_FLAG"": ""true"", ""INDICATOR"": ""PPI"", ""METHODOLOGY"": ""PPI"", ""OVERLAP"": ""OL"", ""REFERENCE_PERIOD"": ""2010=100"", ""SCALE"": ""0"", ""SECURITY_CLASSIFICATION"": ""PUB"", ""TYPE_OF_TRANSFORMATION"": ""IX""}}"
FRA,producer_price_index_quarterly_imf,2022-Q1,quarterly,132.5259515570934,\N,derived,IMF_PPI,IMF|ACCESS_SHARING_LEVEL=PUBLIC_OPEN|FREQUENCY=M|IFS_FLAG=true|INDICATOR=PPI|METHODOLOGY=PPI|OVERLAP=OL|REFERENCE_PERIOD=2010=100|SCALE=0|SECURITY_CLASSIFICATION=PUB|TYPE_OF_TRANSFORMATION=IX|aggregation=quarterly_mean,\N,"{""aggregation_method"": ""quarterly_mean"", ""source_derivation_types"": [""O"", ""O"", ""O""], ""source_months"": [""2022-M01"", ""2022-M02"", ""2022-M03""], ""source_observation_count"": 3, ""source_series_dimensions"": {""ACCESS_SHARING_LEVEL"": ""PUBLIC_OPEN"", ""COUNTRY"": ""FRA"", ""FREQUENCY"": ""M"", ""IFS_FLAG"": ""true"", ""INDICATOR"": ""PPI"", ""METHODOLOGY"": ""PPI"", ""OVERLAP"": ""OL"", ""REFERENCE_PERIOD"": ""2010=100"", ""SCALE"": ""0"", ""SECURITY_CLASSIFICATION"": ""PUB"", ""TYPE_OF_TRANSFORMATION"": ""IX""}}"
FRA,producer_price_index_quarterly_imf,2022-Q2,quarterly,137.8892733564014,\N,derived,IMF_PPI,IMF|ACCESS_SHARING_LEVEL=PUBLIC_OPEN|FREQUENCY=M|IFS_FLAG=true|INDICATOR=PPI|METHODOLOGY=PPI|OVERLAP=OL|REFERENCE_PERIOD=2010=100|SCALE=0|SECURITY_CLASSIFICATION=PUB|TYPE_OF_TRANSFORMATION=IX|aggregation=quarterly_mean,\N,"{""aggregation_method"": ""quarterly_mean"", ""source_derivation_types"": [""O"", ""O"", ""O""], ""source_months"": [""2022-M04"", ""2022-M05"", ""2022-M06""], ""source_observation_count"": 3, ""source_series_dimensions"": {""ACCESS_SHARING_LEVEL"": ""PUBLIC_OPEN"", ""COUNTRY"": ""FRA"", ""FREQUENCY"": ""M"", ""IFS_FLAG"": ""true"", ""INDICATOR"": ""PPI"", ""METHODOLOGY"": ""PPI"", ""OVERLAP"": ""OL"", ""REFERENCE_PERIOD"": ""2010=100"", ""SCALE"": ""0"", ""SECURITY_CLASSIFICATION"": ""PUB"", ""TYPE_OF_TRANSFORMATION"": ""IX""}}"
FRA,producer_price_index_quarterly_imf,2022-Q3,quarterly,144.91349480968856,\N,derived,IMF_PPI,IMF|ACCESS_SHARING_LEVEL=PUBLIC_OPEN|FREQUENCY=M|IFS_FLAG=true|INDICATOR=PPI|METHODOLOGY=PPI|OVERLAP=OL|REFERENCE_PERIOD=2010=100|SCALE=0|SECURITY_CLASSIFICATION=PUB|TYPE_OF_TRANSFORMATION=IX|aggregation=quarterly_mean,\N,"{""aggregation_method"": ""quarterly_mean"", ""source_derivation_types"": [""O"", ""O"", ""O""], ""source_months"": [""2022-M07"", ""2022-M08"", ""2022-M09""], ""source_observation_count"": 3, ""source_series_dimensions"": {""ACCESS_SHARING_LEVEL"": ""PUBLIC_OPEN"", ""COUNTRY"": ""FRA"", ""FREQUENCY"": ""M"", ""IFS_FLAG"": ""true"", ""INDICATOR"": ""PPI"", ""METHODOLOGY"": ""PPI"", ""OVERLAP"": ""OL"", ""REFERENCE_PERIOD"": ""2010=100"", ""SCALE"": ""0"", ""SECURITY_CLASSIFICATION"": ""PUB"", ""TYPE_OF_TRANSFORMATION"": ""IX""}}"
FRA,producer_price_index_quarterly_imf,2022-Q4,quarterly,145.6055363321799,\N,derived,IMF_PPI,IMF|ACCESS_SHARING_LEVEL=PUBLIC_OPEN|FREQUENCY=M|IFS_FLAG=true|INDICATOR=PPI|METHODOLOGY=PPI|OVERLAP=OL|REFERENCE_PERIOD=2010=100|SCALE=0|SECURITY_CLASSIFICATION=PUB|TYPE_OF_TRANSFORMATION=IX|aggregation=quarterly_mean,\N,"{""aggregation_method"": ""quarterly_mean"", ""source_derivation_types"": [""O"", ""O"", ""O""], ""source_months"": [""2022-M10"", ""2022-M11"", ""2022-M12""], ""source_observation_count"": 3, ""source_series_dimensions"": {""ACCESS_SHARING_LEVEL"": ""PUBLIC_OPEN"", ""COUNTRY"": ""FRA"", ""FREQUENCY"": ""M"", ""IFS_FLAG"": ""true"", ""INDICATOR"": ""PPI"", ""METHODOLOGY"": ""PPI"", ""OVERLAP"": ""OL"", ""REFERENCE_PERIOD"": ""2010=100"", ""SCALE"": ""0"", ""SECURITY_CLASSIFICATION"": ""PUB"", ""TYPE_OF_TRANSFORMATION"": ""IX""}}"
FRA,producer_price_index_quarterly_imf,2023-Q1,quarterly,149.13494809688578,\N,derived,IMF_PPI,IMF|ACCESS_SHARING_LEVEL=PUBLIC_OPEN|FREQUENCY=M|IFS_FLAG=true|INDICATOR=PPI|METHODOLOGY=PPI|OVERLAP=OL|REFERENCE_PERIOD=2010=100|SCALE=0|SECURITY_CLASSIFICATION=PUB|TYPE_OF_TRANSFORMATION=IX|aggregation=quarterly_mean,\N,"{""aggregation_method"": ""quarterly_mean"", ""source_derivation_types"": [""O"", ""O"", ""O""], ""source_months"": [""2023-M01"", ""2023-M02"", ""2023-M03""], ""source_observation_count"": 3, ""source_series_dimensions"": {""ACCESS_SHARING_LEVEL"": ""PUBLIC_OPEN"", ""COUNTRY"": ""FRA"", ""FREQUENCY"": ""M"", ""IFS_FLAG"": ""true"", ""INDICATOR"": ""PPI"", ""METHODOLOGY"": ""PPI"", ""OVERLAP"": ""OL"", ""REFERENCE_PERIOD"": ""2010=100"", ""SCALE"": ""0"", ""SECURITY_CLASSIFICATION"": ""PUB"", ""TYPE_OF_TRANSFORMATION"": ""IX""}}"
FRA,producer_price_index_quarterly_imf,2023-Q2,quarterly,142.17993079584772,\N,derived,IMF_PPI,IMF|ACCESS_SHARING_LEVEL=PUBLIC_OPEN|FREQUENCY=M|IFS_FLAG=true|INDICATOR=PPI|METHODOLOGY=PPI|OVERLAP=OL|REFERENCE_PERIOD=2010=100|SCALE=0|SECURITY_CLASSIFICATION=PUB|TYPE_OF_TRANSFORMATION=IX|aggregation=quarterly_mean,\N,"{""aggregation_method"": ""quarterly_mean"", ""source_derivation_types"": [""O"", ""O"", ""O""], ""source_months"": [""2023-M04"", ""2023-M05"", ""2023-M06""], ""source_observation_count"": 3, ""source_series_dimensions"": {""ACCESS_SHARING_LEVEL"": ""PUBLIC_OPEN"", ""COUNTRY"": ""FRA"", ""FREQUENCY"": ""M"", ""IFS_FLAG"": ""true"", ""INDICATOR"": ""PPI"", ""METHODOLOGY"": ""PPI"", ""OVERLAP"": ""OL"", ""REFERENCE_PERIOD"": ""2010=100"", ""SCALE"": ""0"", ""SECURITY_CLASSIFICATION"": ""PUB"", ""TYPE_OF_TRANSFORMATION"": ""IX""}}"
FRA,producer_price_index_quarterly_imf,2023-Q3,quarterly,141.48788927335636,\N,derived,IMF_PPI,IMF|ACCESS_SHARING_LEVEL=PUBLIC_OPEN|FREQUENCY=M|IFS_FLAG=true|INDICATOR=PPI|METHODOLOGY=PPI|OVERLAP=OL|REFERENCE_PERIOD=2010=100|SCALE=0|SECURITY_CLASSIFICATION=PUB|TYPE_OF_TRANSFORMATION=IX|aggregation=quarterly_mean,\N,"{""aggregation_method"": ""quarterly_mean"", ""source_derivation_types"": [""O"", ""O"", ""O""], ""source_months"": [""2023-M07"", ""2023-M08"", ""2023-M09""], ""source_observation_count"": 3, ""source_series_dimensions"": {""ACCESS_SHARING_LEVEL"": ""PUBLIC_OPEN"", ""COUNTRY"": ""FRA"", ""FREQUENCY"": ""M"", ""IFS_FLAG"": ""true"", ""INDICATOR"": ""PPI"", ""METHODOLOGY"": ""PPI"", ""OVERLAP"": ""OL"", ""REFERENCE_PERIOD"": ""2010=100"", ""SCALE"": ""0"", ""SECURITY_CLASSIFICATION"": ""PUB"", ""TYPE_OF_TRANSFORMATION"": ""IX""}}"
FRA,producer_price_index_quarterly_imf,2023-Q4,quarterly,143.7716262975778,\N,derived,IMF_PPI,IMF|ACCESS_SHARING_LEVEL=PUBLIC_OPEN|FREQUENCY=M|IFS_FLAG=true|INDICATOR=PPI|METHODOLOGY=PPI|OVERLAP=OL|REFERENCE_PERIOD=2010=100|SCALE=0|SECURITY_CLASSIFICATION=PUB|TYPE_OF_TRANSFORMATION=IX|aggregation=quarterly_mean,\N,"{""aggregation_method"": ""quarterly_mean"", ""source_derivation_types"": [""O"", ""O"", ""O""], ""source_months"": [""2023-M10"", ""2023-M11"", ""2023-M12""], ""source_observation_count"": 3, ""source_series_dimensions"": {""ACCESS_SHARING_LEVEL"": ""PUBLIC_OPEN"", ""COUNTRY"": ""FRA"", ""FREQUENCY"": ""M"", ""IFS_FLAG"": ""true"", ""INDICATOR"": ""PPI"", ""METHODOLOGY"": ""PPI"", ""OVERLAP"": ""OL"", ""REFERENCE_PERIOD"": ""2010=100"", ""SCALE"": ""0"", ""SECURITY_CLASSIFICATION"": ""PUB"", ""TYPE_OF_TRANSFORMATION"": ""IX""}}"
GBR,producer_price_index_quarterly_imf,2020-Q1,quarterly,111.16952194624021,\N,derived,IMF_PPI,IMF|ACCESS_SHARING_LEVEL=PUBLIC_OPEN|FREQUENCY=M|IFS_FLAG=true|INDICATOR=PPI|METHODOLOGY=PPI|OVERLAP=OL|REFERENCE_PERIOD=2010=100|SCALE=0|SECURITY_CLASSIFICATION=PUB|TYPE_OF_TRANSFORMATION=IX|aggregation=quarterly_mean,\N,"{""aggregation_method"": ""quarterly_mean"", ""source_derivation_types"": [""O"", ""O"", ""O""], ""source_months"": [""2020-M01"", ""2020-M02"", ""2020-M03""], ""source_observation_count"": 3, ""source_series_dimensions"": {""ACCESS_SHARING_LEVEL"": ""PUBLIC_OPEN"", ""COUNTRY"": ""GBR"", ""FREQUENCY"": ""M"", ""IFS_FLAG"": ""true"", ""INDICATOR"": ""PPI"", ""METHODOLOGY"": ""PPI"", ""OVERLAP"": ""OL"", ""REFERENCE_PERIOD"": ""2010=100"", ""SCALE"": ""0"", ""SECURITY_CLASSIFICATION"": ""PUB"", ""TYPE_OF_TRANSFORMATION"": ""IX""}}"
GBR,producer_price_index_quarterly_imf,2020-Q2,quarterly,109.6382613133719,\N,derived,IMF_PPI,IMF|ACCESS_SHARING_LEVEL=PUBLIC_OPEN|FREQUENCY=M|IFS_FLAG=true|INDICATOR=PPI|METHODOLOGY=PPI|OVERLAP=OL|REFERENCE_PERIOD=2010=100|SCALE=0|SECURITY_CLASSIFICATION=PUB|TYPE_OF_TRANSFORMATION=IX|aggregation=quarterly_mean,\N,"{""aggregation_method"": ""quarterly_mean"", ""source_derivation_types"": [""O"", ""O"", ""O""], ""source_months"": [""2020-M04"", ""2020-M05"", ""2020-M06""], ""source_observation_count"": 3, ""source_series_dimensions"": {""ACCESS_SHARING_LEVEL"": ""PUBLIC_OPEN"", ""COUNTRY"": ""GBR"", ""FREQUENCY"": ""M"", ""IFS_FLAG"": ""true"", ""INDICATOR"": ""PPI"", ""METHODOLOGY"": ""PPI"", ""OVERLAP"": ""OL"", ""REFERENCE_PERIOD"": ""2010=100"", ""SCALE"": ""0"", ""SECURITY_CLASSIFICATION"": ""PUB"", ""TYPE_OF_TRANSFORMATION"": ""IX""}}"
GBR,producer_price_index_quarterly_imf,2020-Q3,quarterly,110.14868152432801,\N,derived,IMF_PPI,IMF|ACCESS_SHARING_LEVEL=PUBLIC_OPEN|FREQUENCY=M|IFS_FLAG=true|INDICATOR=PPI|METHODOLOGY=PPI|OVERLAP=OL|REFERENCE_PERIOD=2010=100|SCALE=0|SECURITY_CLASSIFICATION=PUB|TYPE_OF_TRANSFORMATION=IX|aggregation=quarterly_mean,\N,"{""aggregation_method"": ""quarterly_mean"", ""source_derivation_types"": [""O"", ""O"", ""O""], ""source_months"": [""2020-M07"", ""2020-M08"", ""2020-M09""], ""source_observation_count"": 3, ""source_series_dimensions"": {""ACCESS_SHARING_LEVEL"": ""PUBLIC_OPEN"", ""COUNTRY"": ""GBR"", ""FREQUENCY"": ""M"", ""IFS_FLAG"": ""true"", ""INDICATOR"": ""PPI"", ""METHODOLOGY"": ""PPI"", ""OVERLAP"": ""OL"", ""REFERENCE_PERIOD"": ""2010=100"", ""SCALE"": ""0"", ""SECURITY_CLASSIFICATION"": ""PUB"", ""TYPE_OF_TRANSFORMATION"": ""IX""}}"
GBR,producer_price_index_quarterly_imf,2020-Q4,quarterly,110.5570176930929,\N,derived,IMF_PPI,IMF|ACCESS_SHARING_LEVEL=PUBLIC_OPEN|FREQUENCY=M|IFS_FLAG=true|INDICATOR=PPI|METHODOLOGY=PPI|OVERLAP=OL|REFERENCE_PERIOD=2010=100|SCALE=0|SECURITY_CLASSIFICATION=PUB|TYPE_OF_TRANSFORMATION=IX|aggregation=quarterly_mean,\N,"{""aggregation_method"": ""quarterly_mean"", ""source_derivation_types"": [""O"", ""O"", ""O""], ""source_months"": [""2020-M10"", ""2020-M11"", ""2020-M12""], ""source_observation_count"": 3, ""source_series_dimensions"": {""ACCESS_SHARING_LEVEL"": ""PUBLIC_OPEN"", ""COUNTRY"": ""GBR"", ""FREQUENCY"": ""M"", ""IFS_FLAG"": ""true"", ""INDICATOR"": ""PPI"", ""METHODOLOGY"": ""PPI"", ""OVERLAP"": ""OL"", ""REFERENCE_PERIOD"": ""2010=100"", ""SCALE"": ""0"", ""SECURITY_CLASSIFICATION"": ""PUB"", ""TYPE_OF_TRANSFORMATION"": ""IX""}}"
GBR,producer_price_index_quarterly_imf,2021-Q1,quarterly,112.39453045253487,\N,derived,IMF_PPI,IMF|ACCESS_SHARING_LEVEL=PUBLIC_OPEN|FREQUENCY=M|IFS_FLAG=true|INDICATOR=PPI|METHODOLOGY=PPI|OVERLAP=OL|REFERENCE_PERIOD=2010=100|SCALE=0|SECURITY_CLASSIFICATION=PUB|TYPE_OF_TRANSFORMATION=IX|aggregation=quarterly_mean,\N,"{""aggregation_method"": ""quarterly_mean"", ""source_derivation_types"": [""O"", ""O"", ""O""], ""source_months"": [""2021-M01"", ""2021-M02"", ""2021-M03""], ""source_observation_count"": 3, ""source_series_dimensions"": {""ACCESS_SHARING_LEVEL"": ""PUBLIC_OPEN"", ""COUNTRY"": ""GBR"", ""FREQUENCY"": ""M"", ""IFS_FLAG"": ""true"", ""INDICATOR"": ""PPI"", ""METHODOLOGY"": ""PPI"", ""OVERLAP"": ""OL"", ""REFERENCE_PERIOD"": ""2010=100"", ""SCALE"": ""0"", ""SECURITY_CLASSIFICATION"": ""PUB"", ""TYPE_OF_TRANSFORMATION"": ""IX""}}"
GBR,producer_price_index_quarterly_imf,2021-Q2,quarterly,114.23204321197687,\N,derived,IMF_PPI,IMF|ACCESS_SHARING_LEVEL=PUBLIC_OPEN|FREQUENCY=M|IFS_FLAG=true|INDICATOR=PPI|METHODOLOGY=PPI|OVERLAP=OL|REFERENCE_PERIOD=2010=100|SCALE=0|SECURITY_CLASSIFICATION=PUB|TYPE_OF_TRANSFORMATION=IX|aggregation=quarterly_mean,\N,"{""aggregation_method"": ""quarterly_mean"", ""source_derivation_types"": [""O"", ""O"", ""O""], ""source_months"": [""2021-M04"", ""2021-M05"", ""2021-M06""], ""source_observation_count"": 3, ""source_series_dimensions"": {""ACCESS_SHARING_LEVEL"": ""PUBLIC_OPEN"", ""COUNTRY"": ""GBR"", ""FREQUENCY"": ""M"", ""IFS_FLAG"": ""true"", ""INDICATOR"": ""PPI"", ""METHODOLOGY"": ""PPI"", ""OVERLAP"": ""OL"", ""REFERENCE_PERIOD"": ""2010=100"", ""SCALE"": ""0"", ""SECURITY_CLASSIFICATION"": ""PUB"", ""TYPE_OF_TRANSFORMATION"": ""IX""}}"
GBR,producer_price_index_quarterly_imf,2021-Q3,quarterly,116.98831235113983,\N,derived,IMF_PPI,IMF|ACCESS_SHARING_LEVEL=PUBLIC_OPEN|FREQUENCY=M|IFS_FLAG=true|INDICATOR=PPI|METHODOLOGY=PPI|OVERLAP=OL|REFERENCE_PERIOD=2010=100|SCALE=0|SECURITY_CLASSIFICATION=PUB|TYPE_OF_TRANSFORMATION=IX|aggregation=quarterly_mean,\N,"{""aggregation_method"": ""quarterly_mean"", ""source_derivation_types"": [""O"", ""O"", ""O""], ""source_months"": [""2021-M07"", ""2021-M08"", ""2021-M09""], ""source_observation_count"": 3, ""source_series_dimensions"": {""ACCESS_SHARING_LEVEL"": ""PUBLIC_OPEN"", ""COUNTRY"": ""GBR"", ""FREQUENCY"": ""M"", ""IFS_FLAG"": ""true"", ""INDICATOR"": ""PPI"", ""METHODOLOGY"": ""PPI"", ""OVERLAP"": ""OL"", ""REFERENCE_PERIOD"": ""2010=100"", ""SCALE"": ""0"", ""SECURITY_CLASSIFICATION"": ""PUB"", ""TYPE_OF_TRANSFORMATION"": ""IX""}}"
GBR,producer_price_index_quarterly_imf,2021-Q4,quarterly,120.69736588408757,\N,derived,IMF_PPI,IMF|ACCESS_SHARING_LEVEL=PUBLIC_OPEN|FREQUENCY=M|IFS_FLAG=true|INDICATOR=PPI|METHODOLOGY=PPI|OVERLAP=OL|REFERENCE_PERIOD=2010=100|SCALE=0|SECURITY_CLASSIFICATION=PUB|TYPE_OF_TRANSFORMATION=IX|aggregation=quarterly_mean,\N,"{""aggregation_method"": ""quarterly_mean"", ""source_derivation_types"": [""O"", ""O"", ""O""], ""source_months"": [""2021-M10"", ""2021-M11"", ""2021-M12""], ""source_observation_count"": 3, ""source_series_dimensions"": {""ACCESS_SHARING_LEVEL"": ""PUBLIC_OPEN"", ""COUNTRY"": ""GBR"", ""FREQUENCY"": ""M"", ""IFS_FLAG"": ""true"", ""INDICATOR"": ""PPI"", ""METHODOLOGY"": ""PPI"", ""OVERLAP"": ""OL"", ""REFERENCE_PERIOD"": ""2010=100"", ""SCALE"": ""0"", ""SECURITY_CLASSIFICATION"": ""PUB"", ""TYPE_OF_TRANSFORMATION"": ""IX""}}"
GBR,producer_price_index_quarterly_imf,2022-Q1,quarterly,125.32517579675626,\N,derived,IMF_PPI,IMF|ACCESS_SHARING_LEVEL=PUBLIC_OPEN|FREQUENCY=M|IFS_FLAG=true|INDICATOR=PPI|METHODOLOGY=PPI|OVERLAP=OL|REFERENCE_PERIOD=2010=100|SCALE=0|SECURITY_CLASSIFICATION=PUB|TYPE_OF_TRANSFORMATION=IX|aggregation=quarterly_mean,\N,"{""aggregation_method"": ""quarterly_mean"", ""source_derivation_types"": [""O"", ""O"", ""O""], ""source_months"": [""2022-M01"", ""2022-M02"", ""2022-M03""], ""source_observation_count"": 3, ""source_series_dimensions"": {""ACCESS_SHARING_LEVEL"": ""PUBLIC_OPEN"", ""COUNTRY"": ""GBR"", ""FREQUENCY"": ""M"", ""IFS_FLAG"": ""true"", ""INDICATOR"": ""PPI"", ""METHODOLOGY"": ""PPI"", ""OVERLAP"": ""OL"", ""REFERENCE_PERIOD"": ""2010=100"", ""SCALE"": ""0"", ""SECURITY_CLASSIFICATION"": ""PUB"", ""TYPE_OF_TRANSFORMATION"": ""IX""}}"
GBR,producer_price_index_quarterly_imf,2022-Q2,quarterly,134.58079562209366,\N,derived,IMF_PPI,IMF|ACCESS_SHARING_LEVEL=PUBLIC_OPEN|FREQUENCY=M|IFS_FLAG=true|INDICATOR=PPI|METHODOLOGY=PPI|OVERLAP=OL|REFERENCE_PERIOD=2010=100|SCALE=0|SECURITY_CLASSIFICATION=PUB|TYPE_OF_TRANSFORMATION=IX|aggregation=quarterly_mean,\N,"{""aggregation_method"": ""quarterly_mean"", ""source_derivation_types"": [""O"", ""O"", ""O""], ""source_months"": [""2022-M04"", ""2022-M05"", ""2022-M06""], ""source_observation_count"": 3, ""source_series_dimensions"": {""ACCESS_SHARING_LEVEL"": ""PUBLIC_OPEN"", ""COUNTRY"": ""GBR"", ""FREQUENCY"": ""M"", ""IFS_FLAG"": ""true"", ""INDICATOR"": ""PPI"", ""METHODOLOGY"": ""PPI"", ""OVERLAP"": ""OL"", ""REFERENCE_PERIOD"": ""2010=100"", ""SCALE"": ""0"", ""SECURITY_CLASSIFICATION"": ""PUB"", ""TYPE_OF_TRANSFORMATION"": ""IX""}}"
GBR,producer_price_index_quarterly_imf,2022-Q3,quarterly,139.07249347850743,\N,derived,IMF_PPI,IMF|ACCESS_SHARING_LEVEL=PUBLIC_OPEN|FREQUENCY=M|IFS_FLAG=true|INDICATOR=PPI|METHODOLOGY=PPI|OVERLAP=OL|REFERENCE_PERIOD=2010=100|SCALE=0|SECURITY_CLASSIFICATION=PUB|TYPE_OF_TRANSFORMATION=IX|aggregation=quarterly_mean,\N,"{""aggregation_method"": ""quarterly_mean"", ""source_derivation_types"": [""O"", ""O"", ""O""], ""source_months"": [""2022-M07"", ""2022-M08"", ""2022-M09""], ""source_observation_count"": 3, ""source_series_dimensions"": {""ACCESS_SHARING_LEVEL"": ""PUBLIC_OPEN"", ""COUNTRY"": ""GBR"", ""FREQUENCY"": ""M"", ""IFS_FLAG"": ""true"", ""INDICATOR"": ""PPI"", ""METHODOLOGY"": ""PPI"", ""OVERLAP"": ""OL"", ""REFERENCE_PERIOD"": ""2010=100"", ""SCALE"": ""0"", ""SECURITY_CLASSIFICATION"": ""PUB"", ""TYPE_OF_TRANSFORMATION"": ""IX""}}"
GBR,producer_price_index_quarterly_imf,2022-Q4,quarterly,139.78708177384598,\N,derived,IMF_PPI,IMF|ACCESS_SHARING_LEVEL=PUBLIC_OPEN|FREQUENCY=M|IFS_FLAG=true|INDICATOR=PPI|METHODOLOGY=PPI|OVERLAP=OL|REFERENCE_PERIOD=2010=100|SCALE=0|SECURITY_CLASSIFICATION=PUB|TYPE_OF_TRANSFORMATION=IX|aggregation=quarterly_mean,\N,"{""aggregation_method"": ""quarterly_mean"", ""source_derivation_types"": [""O"", ""O"", ""O""], ""source_months"": [""2022-M10"", ""2022-M11"", ""2022-M12""], ""source_observation_count"": 3, ""source_series_dimensions"": {""ACCESS_SHARING_LEVEL"": ""PUBLIC_OPEN"", ""COUNTRY"": ""GBR"", ""FREQUENCY"": ""M"", ""IFS_FLAG"": ""true"", ""INDICATOR"": ""PPI"", ""METHODOLOGY"": ""PPI"", ""OVERLAP"": ""OL"", ""REFERENCE_PERIOD"": ""2010=100"", ""SCALE"": ""0"", ""SECURITY_CLASSIFICATION"": ""PUB"", ""TYPE_OF_TRANSFORMATION"": ""IX""}}"
GBR,producer_price_index_quarterly_imf,2023-Q1,quarterly,139.3106895769536,\N,derived,IMF_PPI,IMF|ACCESS_SHARING_LEVEL=PUBLIC_OPEN|FREQUENCY=M|IFS_FLAG=true|INDICATOR=PPI|METHODOLOGY=PPI|OVERLAP=OL|REFERENCE_PERIOD=2010=100|SCALE=0|SECURITY_CLASSIFICATION=PUB|TYPE_OF_TRANSFORMATION=IX|aggregation=quarterly_mean,\N,"{""aggregation_method"": ""quarterly_mean"", ""source_derivation_types"": [""O"", ""O"", ""O""], ""source_months"": [""2023-M01"", ""2023-M02"", ""2023-M03""], ""source_observation_count"": 3, ""source_series_dimensions"": {""ACCESS_SHARING_LEVEL"": ""PUBLIC_OPEN"", ""COUNTRY"": ""GBR"", ""FREQUENCY"": ""M"", ""IFS_FLAG"": ""true"", ""INDICATOR"": ""PPI"", ""METHODOLOGY"": ""PPI"", ""OVERLAP"": ""OL"", ""REFERENCE_PERIOD"": ""2010=100"", ""SCALE"": ""0"", ""SECURITY_CLASSIFICATION"": ""PUB"", ""TYPE_OF_TRANSFORMATION"": ""IX""}}"
GBR,producer_price_index_quarterly_imf,2023-Q2,quarterly,138.25582114097767,\N,derived,IMF_PPI,IMF|ACCESS_SHARING_LEVEL=PUBLIC_OPEN|FREQUENCY=M|IFS_FLAG=true|INDICATOR=PPI|METHODOLOGY=PPI|OVERLAP=OL|REFERENCE_PERIOD=2010=100|SCALE=0|SECURITY_CLASSIFICATION=PUB|TYPE_OF_TRANSFORMATION=IX|aggregation=quarterly_mean,\N,"{""aggregation_method"": ""quarterly_mean"", ""source_derivation_types"": [""O"", ""O"", ""O""], ""source_months"": [""2023-M04"", ""2023-M05"", ""2023-M06""], ""source_observation_count"": 3, ""source_series_dimensions"": {""ACCESS_SHARING_LEVEL"": ""PUBLIC_OPEN"", ""COUNTRY"": ""GBR"", ""FREQUENCY"": ""M"", ""IFS_FLAG"": ""true"", ""INDICATOR"": ""PPI"", ""METHODOLOGY"": ""PPI"", ""OVERLAP"": ""OL"", ""REFERENCE_PERIOD"": ""2010=100"", ""SCALE"": ""0"", ""SECURITY_CLASSIFICATION"": ""PUB"", ""TYPE_OF_TRANSFORMATION"": ""IX""}}"
GEO,producer_price_index_quarterly_imf,2020-Q1,quarterly,167.26081939493176,\N,derived,IMF_PPI,IMF|ACCESS_SHARING_LEVEL=PUBLIC_OPEN|FREQUENCY=M|IFS_FLAG=true|INDICATOR=PPI|METHODOLOGY=PPI|OVERLAP=OL|REFERENCE_PERIOD=2010=100|SCALE=0|SECURITY_CLASSIFICATION=PUB|TYPE_OF_TRANSFORMATION=IX|aggregation=quarterly_mean,\N,"{""aggregation_method"": ""quarterly_mean"", ""source_derivation_types"": [""O"", ""O"", ""O""], ""source_months"": [""2020-M01"", ""2020-M02"", ""2020-M03""], ""source_observation_count"": 3, ""source_series_dimensions"": {""ACCESS_SHARING_LEVEL"": ""PUBLIC_OPEN"", ""COUNTRY"": ""GEO"", ""FREQUENCY"": ""M"", ""IFS_FLAG"": ""true"", ""INDICATOR"": ""PPI"", ""METHODOLOGY"": ""PPI"", ""OVERLAP"": ""OL"", ""REFERENCE_PERIOD"": ""2010=100"", ""SCALE"": ""0"", ""SECURITY_CLASSIFICATION"": ""PUB"", ""TYPE_OF_TRANSFORMATION"": ""IX""}}"
GEO,producer_price_index_quarterly_imf,2020-Q2,quarterly,173.9227855064346,\N,derived,IMF_PPI,IMF|ACCESS_SHARING_LEVEL=PUBLIC_OPEN|FREQUENCY=M|IFS_FLAG=true|INDICATOR=PPI|METHODOLOGY=PPI|OVERLAP=OL|REFERENCE_PERIOD=2010=100|SCALE=0|SECURITY_CLASSIFICATION=PUB|TYPE_OF_TRANSFORMATION=IX|aggregation=quarterly_mean,\N,"{""aggregation_method"": ""quarterly_mean"", ""source_derivation_types"": [""O"", ""O"", ""O""], ""source_months"": [""2020-M04"", ""2020-M05"", ""2020-M06""], ""source_observation_count"": 3, ""source_series_dimensions"": {""ACCESS_SHARING_LEVEL"": ""PUBLIC_OPEN"", ""COUNTRY"": ""GEO"", ""FREQUENCY"": ""M"", ""IFS_FLAG"": ""true"", ""INDICATOR"": ""PPI"", ""METHODOLOGY"": ""PPI"", ""OVERLAP"": ""OL"", ""REFERENCE_PERIOD"": ""2010=100"", ""SCALE"": ""0"", ""SECURITY_CLASSIFICATION"": ""PUB"", ""TYPE_OF_TRANSFORMATION"": ""IX""}}"
GEO,producer_price_index_quarterly_imf,2020-Q3,quarterly,174.9673854193846,\N,derived,IMF_PPI,IMF|ACCESS_SHARING_LEVEL=PUBLIC_OPEN|FREQUENCY=M|IFS_FLAG=true|INDICATOR=PPI|METHODOLOGY=PPI|OVERLAP=OL|REFERENCE_PERIOD=2010=100|SCALE=0|SECURITY_CLASSIFICATION=PUB|TYPE_OF_TRANSFORMATION=IX|aggregation=quarterly_mean,\N,"{""aggregation_method"": ""quarterly_mean"", ""source_derivation_types"": [""O"", ""O"", ""O""], ""source_months"": [""2020-M07"", ""2020-M08"", ""2020-M09""], ""source_observation_count"": 3, ""source_series_dimensions"": {""ACCESS_SHARING_LEVEL"": ""PUBLIC_OPEN"", ""COUNTRY"": ""GEO"", ""FREQUENCY"": ""M"", ""IFS_FLAG"": ""true"", ""INDICATOR"": ""PPI"", ""METHODOLOGY"": ""PPI"", ""OVERLAP"": ""OL"", ""REFERENCE_PERIOD"": ""2010=100"", ""SCALE"": ""0"", ""SECURITY_CLASSIFICATION"": ""PUB"", ""TYPE_OF_TRANSFORMATION"": ""IX""}}"
GEO,producer_price_index_quarterly_imf,2020-Q4,quarterly,183.84078467993467,\N,derived,IMF_PPI,IMF|ACCESS_SHARING_LEVEL=PUBLIC_OPEN|FREQUENCY=M|IFS_FLAG=true|INDICATOR=PPI|METHODOLOGY=PPI|OVERLAP=OL|REFERENCE_PERIOD=2010=100|SCALE=0|SECURITY_CLASSIFICATION=PUB|TYPE_OF_TRANSFORMATION=IX|aggregation=quarterly_mean,\N,"{""aggregation_method"": ""quarterly_mean"", ""source_derivation_types"": [""O"", ""O"", ""O""], ""source_months"": [""2020-M10"", ""2020-M11"", ""2020-M12""], ""source_observation_count"": 3, ""source_series_dimensions"": {""ACCESS_SHARING_LEVEL"": ""PUBLIC_OPEN"", ""COUNTRY"": ""GEO"", ""FREQUENCY"": ""M"", ""IFS_FLAG"": ""true"", ""INDICATOR"": ""PPI"", ""METHODOLOGY"": ""PPI"", ""OVERLAP"": ""OL"", ""REFERENCE_PERIOD"": ""2010=100"", ""SCALE"": ""0"", ""SECURITY_CLASSIFICATION"": ""PUB"", ""TYPE_OF_TRANSFORMATION"": ""IX""}}"
GEO,producer_price_index_quarterly_imf,2021-Q1,quarterly,194.01288383225972,\N,derived,IMF_PPI,IMF|ACCESS_SHARING_LEVEL=PUBLIC_OPEN|FREQUENCY=M|IFS_FLAG=true|INDICATOR=PPI|METHODOLOGY=PPI|OVERLAP=OL|REFERENCE_PERIOD=2010=100|SCALE=0|SECURITY_CLASSIFICATION=PUB|TYPE_OF_TRANSFORMATION=IX|aggregation=quarterly_mean,\N,"{""aggregation_method"": ""quarterly_mean"", ""source_derivation_types"": [""O"", ""O"", ""O""], ""source_months"": [""2021-M01"", ""2021-M02"", ""2021-M03""], ""source_observation_count"": 3, ""source_series_dimensions"": {""ACCESS_SHARING_LEVEL"": ""PUBLIC_OPEN"", ""COUNTRY"": ""GEO"", ""FREQUENCY"": ""M"", ""IFS_FLAG"": ""true"", ""INDICATOR"": ""PPI"", ""METHODOLOGY"": ""PPI"", ""OVERLAP"": ""OL"", ""REFERENCE_PERIOD"": ""2010=100"", ""SCALE"": ""0"", ""SECURITY_CLASSIFICATION"": ""PUB"", ""TYPE_OF_TRANSFORMATION"": ""IX""}}"
GEO,producer_price_index_quarterly_imf,2021-Q2,quarterly,202.1333498222209,\N,derived,IMF_PPI,IMF|ACCESS_SHARING_LEVEL=PUBLIC_OPEN|FREQUENCY=M|IFS_FLAG=true|INDICATOR=PPI|METHODOLOGY=PPI|OVERLAP=OL|REFERENCE_PERIOD=2010=100|SCALE=0|SECURITY_CLASSIFICATION=PUB|TYPE_OF_TRANSFORMATION=IX|aggregation=quarterly_mean,\N,"{""aggregation_method"": ""quarterly_mean"", ""source_derivation_types"": [""O"", ""O"", ""O""], ""source_months"": [""2021-M04"", ""2021-M05"", ""2021-M06""], ""source_observation_count"": 3, ""source_series_dimensions"": {""ACCESS_SHARING_LEVEL"": ""PUBLIC_OPEN"", ""COUNTRY"": ""GEO"", ""FREQUENCY"": ""M"", ""IFS_FLAG"": ""true"", ""INDICATOR"": ""PPI"", ""METHODOLOGY"": ""PPI"", ""OVERLAP"": ""OL"", ""REFERENCE_PERIOD"": ""2010=100"", ""SCALE"": ""0"", ""SECURITY_CLASSIFICATION"": ""PUB"", ""TYPE_OF_TRANSFORMATION"": ""IX""}}"
GEO,producer_price_index_quarterly_imf,2021-Q3,quarterly,203.13314973890428,\N,derived,IMF_PPI,IMF|ACCESS_SHARING_LEVEL=PUBLIC_OPEN|FREQUENCY=M|IFS_FLAG=true|INDICATOR=PPI|METHODOLOGY=PPI|OVERLAP=OL|REFERENCE_PERIOD=2010=100|SCALE=0|SECURITY_CLASSIFICATION=PUB|TYPE_OF_TRANSFORMATION=IX|aggregation=quarterly_mean,\N,"{""aggregation_method"": ""quarterly_mean"", ""source_derivation_types"": [""O"", ""O"", ""O""], ""source_months"": [""2021-M07"", ""2021-M08"", ""2021-M09""], ""source_observation_count"": 3, ""source_series_dimensions"": {""ACCESS_SHARING_LEVEL"": ""PUBLIC_OPEN"", ""COUNTRY"": ""GEO"", ""FREQUENCY"": ""M"", ""IFS_FLAG"": ""true"", ""INDICATOR"": ""PPI"", ""METHODOLOGY"": ""PPI"", ""OVERLAP"": ""OL"", ""REFERENCE_PERIOD"": ""2010=100"", ""SCALE"": ""0"", ""SECURITY_CLASSIFICATION"": ""PUB"", ""TYPE_OF_TRANSFORMATION"": ""IX""}}"
GEO,producer_price_index_quarterly_imf,2021-Q4,quarterly,217.73831518847382,\N,derived,IMF_PPI,IMF|ACCESS_SHARING_LEVEL=PUBLIC_OPEN|FREQUENCY=M|IFS_FLAG=true|INDICATOR=PPI|METHODOLOGY=PPI|OVERLAP=OL|REFERENCE_PERIOD=2010=100|SCALE=0|SECURITY_CLASSIFICATION=PUB|TYPE_OF_TRANSFORMATION=IX|aggregation=quarterly_mean,\N,"{""aggregation_method"": ""quarterly_mean"", ""source_derivation_types"": [""O"", ""O"", ""O""], ""source_months"": [""2021-M10"", ""2021-M11"", ""2021-M12""], ""source_observation_count"": 3, ""source_series_dimensions"": {""ACCESS_SHARING_LEVEL"": ""PUBLIC_OPEN"", ""COUNTRY"": ""GEO"", ""FREQUENCY"": ""M"", ""IFS_FLAG"": ""true"", ""INDICATOR"": ""PPI"", ""METHODOLOGY"": ""PPI"", ""OVERLAP"": ""OL"", ""REFERENCE_PERIOD"": ""2010=100"", ""SCALE"": ""0"", ""SECURITY_CLASSIFICATION"": ""PUB"", ""TYPE_OF_TRANSFORMATION"": ""IX""}}"
GEO,producer_price_index_quarterly_imf,2022-Q1,quarterly,228.0333809972183,\N,derived,IMF_PPI,IMF|ACCESS_SHARING_LEVEL=PUBLIC_OPEN|FREQUENCY=M|IFS_FLAG=true|INDICATOR=PPI|METHODOLOGY=PPI|OVERLAP=OL|REFERENCE_PERIOD=2010=100|SCALE=0|SECURITY_CLASSIFICATION=PUB|TYPE_OF_TRANSFORMATION=IX|aggregation=quarterly_mean,\N,"{""aggregation_method"": ""quarterly_mean"", ""source_derivation_types"": [""O"", ""O"", ""O""], ""source_months"": [""2022-M01"", ""2022-M02"", ""2022-M03""], ""source_observation_count"": 3, ""source_series_dimensions"": {""ACCESS_SHARING_LEVEL"": ""PUBLIC_OPEN"", ""COUNTRY"": ""GEO"", ""FREQUENCY"": ""M"", ""IFS_FLAG"": ""true"", ""INDICATOR"": ""PPI"", ""METHODOLOGY"": ""PPI"", ""OVERLAP"": ""OL"", ""REFERENCE_PERIOD"": ""2010=100"", ""SCALE"": ""0"", ""SECURITY_CLASSIFICATION"": ""PUB"", ""TYPE_OF_TRANSFORMATION"": ""IX""}}"
GEO,producer_price_index_quarterly_imf,2022-Q2,quarterly,232.46771396102395,\N,derived,IMF_PPI,IMF|ACCESS_SHARING_LEVEL=PUBLIC_OPEN|FREQUENCY=M|IFS_FLAG=true|INDICATOR=PPI|METHODOLOGY=PPI|OVERLAP=OL|REFERENCE_PERIOD=2010=100|SCALE=0|SECURITY_CLASSIFICATION=PUB|TYPE_OF_TRANSFORMATION=IX|aggregation=quarterly_mean,\N,"{""aggregation_method"": ""quarterly_mean"", ""source_derivation_types"": [""O"", ""O"", ""O""], ""source_months"": [""2022-M04"", ""2022-M05"", ""2022-M06""], ""source_observation_count"": 3, ""source_series_dimensions"": {""ACCESS_SHARING_LEVEL"": ""PUBLIC_OPEN"", ""COUNTRY"": ""GEO"", ""FREQUENCY"": ""M"", ""IFS_FLAG"": ""true"", ""INDICATOR"": ""PPI"", ""METHODOLOGY"": ""PPI"", ""OVERLAP"": ""OL"", ""REFERENCE_PERIOD"": ""2010=100"", ""SCALE"": ""0"", ""SECURITY_CLASSIFICATION"": ""PUB"", ""TYPE_OF_TRANSFORMATION"": ""IX""}}"
GEO,producer_price_index_quarterly_imf,2022-Q3,quarterly,225.16028123664333,\N,derived,IMF_PPI,IMF|ACCESS_SHARING_LEVEL=PUBLIC_OPEN|FREQUENCY=M|IFS_FLAG=true|INDICATOR=PPI|METHODOLOGY=PPI|OVERLAP=OL|REFERENCE_PERIOD=2010=100|SCALE=0|SECURITY_CLASSIFICATION=PUB|TYPE_OF_TRANSFORMATION=IX|aggregation=quarterly_mean,\N,"{""aggregation_method"": ""quarterly_mean"", ""source_derivation_types"": [""O"", ""O"", ""O""], ""source_months"": [""2022-M07"", ""2022-M08"", ""2022-M09""], ""source_observation_count"": 3, ""source_series_dimensions"": {""ACCESS_SHARING_LEVEL"": ""PUBLIC_OPEN"", ""COUNTRY"": ""GEO"", ""FREQUENCY"": ""M"", ""IFS_FLAG"": ""true"", ""INDICATOR"": ""PPI"", ""METHODOLOGY"": ""PPI"", ""OVERLAP"": ""OL"", ""REFERENCE_PERIOD"": ""2010=100"", ""SCALE"": ""0"", ""SECURITY_CLASSIFICATION"": ""PUB"", ""TYPE_OF_TRANSFORMATION"": ""IX""}}"
GEO,producer_price_index_quarterly_imf,2022-Q4,quarterly,224.3601146366572,\N,derived,IMF_PPI,IMF|ACCESS_SHARING_LEVEL=PUBLIC_OPEN|FREQUENCY=M|IFS_FLAG=true|INDICATOR=PPI|METHODOLOGY=PPI|OVERLAP=OL|REFERENCE_PERIOD=2010=100|SCALE=0|SECURITY_CLASSIFICATION=PUB|TYPE_OF_TRANSFORMATION=IX|aggregation=quarterly_mean,\N,"{""aggregation_method"": ""quarterly_mean"", ""source_derivation_types"": [""O"", ""O"", ""O""], ""source_months"": [""2022-M10"", ""2022-M11"", ""2022-M12""], ""source_observation_count"": 3, ""source_series_dimensions"": {""ACCESS_SHARING_LEVEL"": ""PUBLIC_OPEN"", ""COUNTRY"": ""GEO"", ""FREQUENCY"": ""M"", ""IFS_FLAG"": ""true"", ""INDICATOR"": ""PPI"", ""METHODOLOGY"": ""PPI"", ""OVERLAP"": ""OL"", ""REFERENCE_PERIOD"": ""2010=100"", ""SCALE"": ""0"", ""SECURITY_CLASSIFICATION"": ""PUB"", ""TYPE_OF_TRANSFORMATION"": ""IX""}}"
GEO,producer_price_index_quarterly_imf,2023-Q1,quarterly,224.5109812907516,\N,derived,IMF_PPI,IMF|ACCESS_SHARING_LEVEL=PUBLIC_OPEN|FREQUENCY=M|IFS_FLAG=true|INDICATOR=PPI|METHODOLOGY=PPI|OVERLAP=OL|REFERENCE_PERIOD=2010=100|SCALE=0|SECURITY_CLASSIFICATION=PUB|TYPE_OF_TRANSFORMATION=IX|aggregation=quarterly_mean,\N,"{""aggregation_method"": ""quarterly_mean"", ""source_derivation_types"": [""O"", ""O"", ""O""], ""source_months"": [""2023-M01"", ""2023-M02"", ""2023-M03""], ""source_observation_count"": 3, ""source_series_dimensions"": {""ACCESS_SHARING_LEVEL"": ""PUBLIC_OPEN"", ""COUNTRY"": ""GEO"", ""FREQUENCY"": ""M"", ""IFS_FLAG"": ""true"", ""INDICATOR"": ""PPI"", ""METHODOLOGY"": ""PPI"", ""OVERLAP"": ""OL"", ""REFERENCE_PERIOD"": ""2010=100"", ""SCALE"": ""0"", ""SECURITY_CLASSIFICATION"": ""PUB"", ""TYPE_OF_TRANSFORMATION"": ""IX""}}"
GEO,producer_price_index_quarterly_imf,2023-Q2,quarterly,218.66744844437937,\N,derived,IMF_PPI,IMF|ACCESS_SHARING_LEVEL=PUBLIC_OPEN|FREQUENCY=M|IFS_FLAG=true|INDICATOR=PPI|METHODOLOGY=PPI|OVERLAP=OL|REFERENCE_PERIOD=2010=100|SCALE=0|SECURITY_CLASSIFICATION=PUB|TYPE_OF_TRANSFORMATION=IX|aggregation=quarterly_mean,\N,"{""aggregation_method"": ""quarterly_mean"", ""source_derivation_types"": [""O"", ""O"", ""O""], ""source_months"": [""2023-M04"", ""2023-M05"", ""2023-M06""], ""source_observation_count"": 3, ""source_series_dimensions"": {""ACCESS_SHARING_LEVEL"": ""PUBLIC_OPEN"", ""COUNTRY"": ""GEO"", ""FREQUENCY"": ""M"", ""IFS_FLAG"": ""true"", ""INDICATOR"": ""PPI"", ""METHODOLOGY"": ""PPI"", ""OVERLAP"": ""OL"", ""REFERENCE_PERIOD"": ""2010=100"", ""SCALE"": ""0"", ""SECURITY_CLASSIFICATION"": ""PUB"", ""TYPE_OF_TRANSFORMATION"": ""IX""}}"
GEO,producer_price_index_quarterly_imf,2023-Q3,quarterly,218.12671515610714,\N,derived,IMF_PPI,IMF|ACCESS_SHARING_LEVEL=PUBLIC_OPEN|FREQUENCY=M|IFS_FLAG=true|INDICATOR=PPI|METHODOLOGY=PPI|OVERLAP=OL|REFERENCE_PERIOD=2010=100|SCALE=0|SECURITY_CLASSIFICATION=PUB|TYPE_OF_TRANSFORMATION=IX|aggregation=quarterly_mean,\N,"{""aggregation_method"": ""quarterly_mean"", ""source_derivation_types"": [""O"", ""O"", ""O""], ""source_months"": [""2023-M07"", ""2023-M08"", ""2023-M09""], ""source_observation_count"": 3, ""source_series_dimensions"": {""ACCESS_SHARING_LEVEL"": ""PUBLIC_OPEN"", ""COUNTRY"": ""GEO"", ""FREQUENCY"": ""M"", ""IFS_FLAG"": ""true"", ""INDICATOR"": ""PPI"", ""METHODOLOGY"": ""PPI"", ""OVERLAP"": ""OL"", ""REFERENCE_PERIOD"": ""2010=100"", ""SCALE"": ""0"", ""SECURITY_CLASSIFICATION"": ""PUB"", ""TYPE_OF_TRANSFORMATION"": ""IX""}}"
GEO,producer_price_index_quarterly_imf,2023-Q4,quarterly,222.63621478031556,\N,derived,IMF_PPI,IMF|ACCESS_SHARING_LEVEL=PUBLIC_OPEN|FREQUENCY=M|IFS_FLAG=true|INDICATOR=PPI|METHODOLOGY=PPI|OVERLAP=OL|REFERENCE_PERIOD=2010=100|SCALE=0|SECURITY_CLASSIFICATION=PUB|TYPE_OF_TRANSFORMATION=IX|aggregation=quarterly_mean,\N,"{""aggregation_method"": ""quarterly_mean"", ""source_derivation_types"": [""O"", ""O"", ""O""], ""source_months"": [""2023-M10"", ""2023-M11"", ""2023-M12""], ""source_observation_count"": 3, ""source_series_dimensions"": {""ACCESS_SHARING_LEVEL"": ""PUBLIC_OPEN"", ""COUNTRY"": ""GEO"", ""FREQUENCY"": ""M"", ""IFS_FLAG"": ""true"", ""INDICATOR"": ""PPI"", ""METHODOLOGY"": ""PPI"", ""OVERLAP"": ""OL"", ""REFERENCE_PERIOD"": ""2010=100"", ""SCALE"": ""0"", ""SECURITY_CLASSIFICATION"": ""PUB"", ""TYPE_OF_TRANSFORMATION"": ""IX""}}"
GEO,producer_price_index_quarterly_imf,2024-Q1,quarterly,228.52274762310444,\N,derived,IMF_PPI,IMF|ACCESS_SHARING_LEVEL=PUBLIC_OPEN|FREQUENCY=M|IFS_FLAG=true|INDICATOR=PPI|METHODOLOGY=PPI|OVERLAP=OL|REFERENCE_PERIOD=2010=100|SCALE=0|SECURITY_CLASSIFICATION=PUB|TYPE_OF_TRANSFORMATION=IX|aggregation=quarterly_mean,\N,"{""aggregation_method"": ""quarterly_mean"", ""source_derivation_types"": [""O"", ""O"", ""O""], ""source_months"": [""2024-M01"", ""2024-M02"", ""2024-M03""], ""source_observation_count"": 3, ""source_series_dimensions"": {""ACCESS_SHARING_LEVEL"": ""PUBLIC_OPEN"", ""COUNTRY"": ""GEO"", ""FREQUENCY"": ""M"", ""IFS_FLAG"": ""true"", ""INDICATOR"": ""PPI"", ""METHODOLOGY"": ""PPI"", ""OVERLAP"": ""OL"", ""REFERENCE_PERIOD"": ""2010=100"", ""SCALE"": ""0"", ""SECURITY_CLASSIFICATION"": ""PUB"", ""TYPE_OF_TRANSFORMATION"": ""IX""}}"
GEO,producer_price_index_quarterly_imf,2024-Q2,quarterly,234.63988044667676,\N,derived,IMF_PPI,IMF|ACCESS_SHARING_LEVEL=PUBLIC_OPEN|FREQUENCY=M|IFS_FLAG=true|INDICATOR=PPI|METHODOLOGY=PPI|OVERLAP=OL|REFERENCE_PERIOD=2010=100|SCALE=0|SECURITY_CLASSIFICATION=PUB|TYPE_OF_TRANSFORMATION=IX|aggregation=quarterly_mean,\N,"{""aggregation_method"": ""quarterly_mean"", ""source_derivation_types"": [""O"", ""O"", ""O""], ""source_months"": [""2024-M04"", ""2024-M05"", ""2024-M06""], ""source_observation_count"": 3, ""source_series_dimensions"": {""ACCESS_SHARING_LEVEL"": ""PUBLIC_OPEN"", ""COUNTRY"": ""GEO"", ""FREQUENCY"": ""M"", ""IFS_FLAG"": ""true"", ""INDICATOR"": ""PPI"", ""METHODOLOGY"": ""PPI"", ""OVERLAP"": ""OL"", ""REFERENCE_PERIOD"": ""2010=100"", ""SCALE"": ""0"", ""SECURITY_CLASSIFICATION"": ""PUB"", ""TYPE_OF_TRANSFORMATION"": ""IX""}}"
GEO,producer_price_index_quarterly_imf,2024-Q3,quarterly,236.90741359104894,\N,derived,IMF_PPI,IMF|ACCESS_SHARING_LEVEL=PUBLIC_OPEN|FREQUENCY=M|IFS_FLAG=true|INDICATOR=PPI|METHODOLOGY=PPI|OVERLAP=OL|REFERENCE_PERIOD=2010=100|SCALE=0|SECURITY_CLASSIFICATION=PUB|TYPE_OF_TRANSFORMATION=IX|aggregation=quarterly_mean,\N,"{""aggregation_method"": ""quarterly_mean"", ""source_derivation_types"": [""O"", ""O"", ""O""], ""source_months"": [""2024-M07"", ""2024-M08"", ""2024-M09""], ""source_observation_count"": 3, ""source_series_dimensions"": {""ACCESS_SHARING_LEVEL"": ""PUBLIC_OPEN"", ""COUNTRY"": ""GEO"", ""FREQUENCY"": ""M"", ""IFS_FLAG"": ""true"", ""INDICATOR"": ""PPI"", ""METHODOLOGY"": ""PPI"", ""OVERLAP"": ""OL"", ""REFERENCE_PERIOD"": ""2010=100"", ""SCALE"": ""0"", ""SECURITY_CLASSIFICATION"": ""PUB"", ""TYPE_OF_TRANSFORMATION"": ""IX""}}"
GEO,producer_price_index_quarterly_imf,2024-Q4,quarterly,238.4666467944462,\N,derived,IMF_PPI,IMF|ACCESS_SHARING_LEVEL=PUBLIC_OPEN|FREQUENCY=M|IFS_FLAG=true|INDICATOR=PPI|METHODOLOGY=PPI|OVERLAP=OL|REFERENCE_PERIOD=2010=100|SCALE=0|SECURITY_CLASSIFICATION=PUB|TYPE_OF_TRANSFORMATION=IX|aggregation=quarterly_mean,\N,"{""aggregation_method"": ""quarterly_mean"", ""source_derivation_types"": [""O"", ""O"", ""O""], ""source_months"": [""2024-M10"", ""2024-M11"", ""2024-M12""], ""source_observation_count"": 3, ""source_series_dimensions"": {""ACCESS_SHARING_LEVEL"": ""PUBLIC_OPEN"", ""COUNTRY"": ""GEO"", ""FREQUENCY"": ""M"", ""IFS_FLAG"": ""true"", ""INDICATOR"": ""PPI"", ""METHODOLOGY"": ""PPI"", ""OVERLAP"": ""OL"", ""REFERENCE_PERIOD"": ""2010=100"", ""SCALE"": ""0"", ""SECURITY_CLASSIFICATION"": ""PUB"", ""TYPE_OF_TRANSFORMATION"": ""IX""}}"
GRC,producer_price_index_quarterly_imf,2020-Q1,quarterly,103.43600786443217,\N,derived,IMF_PPI,IMF|ACCESS_SHARING_LEVEL=PUBLIC_OPEN|FREQUENCY=M|IFS_FLAG=true|INDICATOR=PPI|METHODOLOGY=PPI|OVERLAP=OL|REFERENCE_PERIOD=2010=100|SCALE=0|SECURITY_CLASSIFICATION=PUB|TYPE_OF_TRANSFORMATION=IX|aggregation=quarterly_mean,\N,"{""aggregation_method"": ""quarterly_mean"", ""source_derivation_types"": [""O"", ""O"", ""O""], ""source_months"": [""2020-M01"", ""2020-M02"", ""2020-M03""], ""source_observation_count"": 3, ""source_series_dimensions"": {""ACCESS_SHARING_LEVEL"": ""PUBLIC_OPEN"", ""COUNTRY"": ""GRC"", ""FREQUENCY"": ""M"", ""IFS_FLAG"": ""true"", ""INDICATOR"": ""PPI"", ""METHODOLOGY"": ""PPI"", ""OVERLAP"": ""OL"", ""REFERENCE_PERIOD"": ""2010=100"", ""SCALE"": ""0"", ""SECURITY_CLASSIFICATION"": ""PUB"", ""TYPE_OF_TRANSFORMATION"": ""IX""}}"
GRC,producer_price_index_quarterly_imf,2020-Q2,quarterly,95.3468776331804,\N,derived,IMF_PPI,IMF|ACCESS_SHARING_LEVEL=PUBLIC_OPEN|FREQUENCY=M|IFS_FLAG=true|INDICATOR=PPI|METHODOLOGY=PPI|OVERLAP=OL|REFERENCE_PERIOD=2010=100|SCALE=0|SECURITY_CLASSIFICATION=PUB|TYPE_OF_TRANSFORMATION=IX|aggregation=quarterly_mean,\N,"{""aggregation_method"": ""quarterly_mean"", ""source_derivation_types"": [""O"", ""O"", ""O""], ""source_months"": [""2020-M04"", ""2020-M05"", ""2020-M06""], ""source_observation_count"": 3, ""source_series_dimensions"": {""ACCESS_SHARING_LEVEL"": ""PUBLIC_OPEN"", ""COUNTRY"": ""GRC"", ""FREQUENCY"": ""M"", ""IFS_FLAG"": ""true"", ""INDICATOR"": ""PPI"", ""METHODOLOGY"": ""PPI"", ""OVERLAP"": ""OL"", ""REFERENCE_PERIOD"": ""2010=100"", ""SCALE"": ""0"", ""SECURITY_CLASSIFICATION"": ""PUB"", ""TYPE_OF_TRANSFORMATION"": ""IX""}}"
GRC,producer_price_index_quarterly_imf,2020-Q3,quarterly,97.89345566894484,\N,derived,IMF_PPI,IMF|ACCESS_SHARING_LEVEL=PUBLIC_OPEN|FREQUENCY=M|IFS_FLAG=true|INDICATOR=PPI|METHODOLOGY=PPI|OVERLAP=OL|REFERENCE_PERIOD=2010=100|SCALE=0|SECURITY_CLASSIFICATION=PUB|TYPE_OF_TRANSFORMATION=IX|aggregation=quarterly_mean,\N,"{""aggregation_method"": ""quarterly_mean"", ""source_derivation_types"": [""O"", ""O"", ""O""], ""source_months"": [""2020-M07"", ""2020-M08"", ""2020-M09""], ""source_observation_count"": 3, ""source_series_dimensions"": {""ACCESS_SHARING_LEVEL"": ""PUBLIC_OPEN"", ""COUNTRY"": ""GRC"", ""FREQUENCY"": ""M"", ""IFS_FLAG"": ""true"", ""INDICATOR"": ""PPI"", ""METHODOLOGY"": ""PPI"", ""OVERLAP"": ""OL"", ""REFERENCE_PERIOD"": ""2010=100"", ""SCALE"": ""0"", ""SECURITY_CLASSIFICATION"": ""PUB"", ""TYPE_OF_TRANSFORMATION"": ""IX""}}"
GRC,producer_price_index_quarterly_imf,2020-Q4,quarterly,98.34285179290328,\N,derived,IMF_PPI,IMF|ACCESS_SHARING_LEVEL=PUBLIC_OPEN|FREQUENCY=M|IFS_FLAG=true|INDICATOR=PPI|METHODOLOGY=PPI|OVERLAP=OL|REFERENCE_PERIOD=2010=100|SCALE=0|SECURITY_CLASSIFICATION=PUB|TYPE_OF_TRANSFORMATION=IX|aggregation=quarterly_mean,\N,"{""aggregation_method"": ""quarterly_mean"", ""source_derivation_types"": [""O"", ""O"", ""O""], ""source_months"": [""2020-M10"", ""2020-M11"", ""2020-M12""], ""source_observation_count"": 3, ""source_series_dimensions"": {""ACCESS_SHARING_LEVEL"": ""PUBLIC_OPEN"", ""COUNTRY"": ""GRC"", ""FREQUENCY"": ""M"", ""IFS_FLAG"": ""true"", ""INDICATOR"": ""PPI"", ""METHODOLOGY"": ""PPI"", ""OVERLAP"": ""OL"", ""REFERENCE_PERIOD"": ""2010=100"", ""SCALE"": ""0"", ""SECURITY_CLASSIFICATION"": ""PUB"", ""TYPE_OF_TRANSFORMATION"": ""IX""}}"
GRC,producer_price_index_quarterly_imf,2021-Q1,quarterly,104.40969946634209,\N,derived,IMF_PPI,IMF|ACCESS_SHARING_LEVEL=PUBLIC_OPEN|FREQUENCY=M|IFS_FLAG=true|INDICATOR=PPI|METHODOLOGY=PPI|OVERLAP=OL|REFERENCE_PERIOD=2010=100|SCALE=0|SECURITY_CLASSIFICATION=PUB|TYPE_OF_TRANSFORMATION=IX|aggregation=quarterly_mean,\N,"{""aggregation_method"": ""quarterly_mean"", ""source_derivation_types"": [""O"", ""O"", ""O""], ""source_months"": [""2021-M01"", ""2021-M02"", ""2021-M03""], ""source_observation_count"": 3, ""source_series_dimensions"": {""ACCESS_SHARING_LEVEL"": ""PUBLIC_OPEN"", ""COUNTRY"": ""GRC"", ""FREQUENCY"": ""M"", ""IFS_FLAG"": ""true"", ""INDICATOR"": ""PPI"", ""METHODOLOGY"": ""PPI"", ""OVERLAP"": ""OL"", ""REFERENCE_PERIOD"": ""2010=100"", ""SCALE"": ""0"", ""SECURITY_CLASSIFICATION"": ""PUB"", ""TYPE_OF_TRANSFORMATION"": ""IX""}}"
GRC,producer_price_index_quarterly_imf,2021-Q2,quarterly,108.34191555097834,\N,derived,IMF_PPI,IMF|ACCESS_SHARING_LEVEL=PUBLIC_OPEN|FREQUENCY=M|IFS_FLAG=true|INDICATOR=PPI|METHODOLOGY=PPI|OVERLAP=OL|REFERENCE_PERIOD=2010=100|SCALE=0|SECURITY_CLASSIFICATION=PUB|TYPE_OF_TRANSFORMATION=IX|aggregation=quarterly_mean,\N,"{""aggregation_method"": ""quarterly_mean"", ""source_derivation_types"": [""O"", ""O"", ""O""], ""source_months"": [""2021-M04"", ""2021-M05"", ""2021-M06""], ""source_observation_count"": 3, ""source_series_dimensions"": {""ACCESS_SHARING_LEVEL"": ""PUBLIC_OPEN"", ""COUNTRY"": ""GRC"", ""FREQUENCY"": ""M"", ""IFS_FLAG"": ""true"", ""INDICATOR"": ""PPI"", ""METHODOLOGY"": ""PPI"", ""OVERLAP"": ""OL"", ""REFERENCE_PERIOD"": ""2010=100"", ""SCALE"": ""0"", ""SECURITY_CLASSIFICATION"": ""PUB"", ""TYPE_OF_TRANSFORMATION"": ""IX""}}"
GRC,producer_price_index_quarterly_imf,2021-Q3,quarterly,112.8733264675592,\N,derived,IMF_PPI,IMF|ACCESS_SHARING_LEVEL=PUBLIC_OPEN|FREQUENCY=M|IFS_FLAG=true|INDICATOR=PPI|METHODOLOGY=PPI|OVERLAP=OL|REFERENCE_PERIOD=2010=100|SCALE=0|SECURITY_CLASSIFICATION=PUB|TYPE_OF_TRANSFORMATION=IX|aggregation=quarterly_mean,\N,"{""aggregation_method"": ""quarterly_mean"", ""source_derivation_types"": [""O"", ""O"", ""O""], ""source_months"": [""2021-M07"", ""2021-M08"", ""2021-M09""], ""source_observation_count"": 3, ""source_series_dimensions"": {""ACCESS_SHARING_LEVEL"": ""PUBLIC_OPEN"", ""COUNTRY"": ""GRC"", ""FREQUENCY"": ""M"", ""IFS_FLAG"": ""true"", ""INDICATOR"": ""PPI"", ""METHODOLOGY"": ""PPI"", ""OVERLAP"": ""OL"", ""REFERENCE_PERIOD"": ""2010=100"", ""SCALE"": ""0"", ""SECURITY_CLASSIFICATION"": ""PUB"", ""TYPE_OF_TRANSFORMATION"": ""IX""}}"
GRC,producer_price_index_quarterly_imf,2021-Q4,quarterly,123.77118247355116,\N,derived,IMF_PPI,IMF|ACCESS_SHARING_LEVEL=PUBLIC_OPEN|FREQUENCY=M|IFS_FLAG=true|INDICATOR=PPI|METHODOLOGY=PPI|OVERLAP=OL|REFERENCE_PERIOD=2010=100|SCALE=0|SECURITY_CLASSIFICATION=PUB|TYPE_OF_TRANSFORMATION=IX|aggregation=quarterly_mean,\N,"{""aggregation_method"": ""quarterly_mean"", ""source_derivation_types"": [""O"", ""O"", ""O""], ""source_months"": [""2021-M10"", ""2021-M11"", ""2021-M12""], ""source_observation_count"": 3, ""source_series_dimensions"": {""ACCESS_SHARING_LEVEL"": ""PUBLIC_OPEN"", ""COUNTRY"": ""GRC"", ""FREQUENCY"": ""M"", ""IFS_FLAG"": ""true"", ""INDICATOR"": ""PPI"", ""METHODOLOGY"": ""PPI"", ""OVERLAP"": ""OL"", ""REFERENCE_PERIOD"": ""2010=100"", ""SCALE"": ""0"", ""SECURITY_CLASSIFICATION"": ""PUB"", ""TYPE_OF_TRANSFORMATION"": ""IX""}}"
GRC,producer_price_index_quarterly_imf,2022-Q1,quarterly,143.31991386574285,\N,derived,IMF_PPI,IMF|ACCESS_SHARING_LEVEL=PUBLIC_OPEN|FREQUENCY=M|IFS_FLAG=true|INDICATOR=PPI|METHODOLOGY=PPI|OVERLAP=OL|REFERENCE_PERIOD=2010=100|SCALE=0|SECURITY_CLASSIFICATION=PUB|TYPE_OF_TRANSFORMATION=IX|aggregation=quarterly_mean,\N,"{""aggregation_method"": ""quarterly_mean"", ""source_derivation_types"": [""O"", ""O"", ""O""], ""source_months"": [""2022-M01"", ""2022-M02"", ""2022-M03""], ""source_observation_count"": 3, ""source_series_dimensions"": {""ACCESS_SHARING_LEVEL"": ""PUBLIC_OPEN"", ""COUNTRY"": ""GRC"", ""FREQUENCY"": ""M"", ""IFS_FLAG"": ""true"", ""INDICATOR"": ""PPI"", ""METHODOLOGY"": ""PPI"", ""OVERLAP"": ""OL"", ""REFERENCE_PERIOD"": ""2010=100"", ""SCALE"": ""0"", ""SECURITY_CLASSIFICATION"": ""PUB"", ""TYPE_OF_TRANSFORMATION"": ""IX""}}"
GRC,producer_price_index_quarterly_imf,2022-Q2,quarterly,155.86555565958238,\N,derived,IMF_PPI,IMF|ACCESS_SHARING_LEVEL=PUBLIC_OPEN|FREQUENCY=M|IFS_FLAG=true|INDICATOR=PPI|METHODOLOGY=PPI|OVERLAP=OL|REFERENCE_PERIOD=2010=100|SCALE=0|SECURITY_CLASSIFICATION=PUB|TYPE_OF_TRANSFORMATION=IX|aggregation=quarterly_mean,\N,"{""aggregation_method"": ""quarterly_mean"", ""source_derivation_types"": [""O"", ""O"", ""O""], ""source_months"": [""2022-M04"", ""2022-M05"", ""2022-M06""], ""source_observation_count"": 3, ""source_series_dimensions"": {""ACCESS_SHARING_LEVEL"": ""PUBLIC_OPEN"", ""COUNTRY"": ""GRC"", ""FREQUENCY"": ""M"", ""IFS_FLAG"": ""true"", ""INDICATOR"": ""PPI"", ""METHODOLOGY"": ""PPI"", ""OVERLAP"": ""OL"", ""REFERENCE_PERIOD"": ""2010=100"", ""SCALE"": ""0"", ""SECURITY_CLASSIFICATION"": ""PUB"", ""TYPE_OF_TRANSFORMATION"": ""IX""}}"
GRC,producer_price_index_quarterly_imf,2022-Q3,quarterly,152.08313828293228,\N,derived,IMF_PPI,IMF|ACCESS_SHARING_LEVEL=PUBLIC_OPEN|FREQUENCY=M|IFS_FLAG=true|INDICATOR=PPI|METHODOLOGY=PPI|OVERLAP=OL|REFERENCE_PERIOD=2010=100|SCALE=0|SECURITY_CLASSIFICATION=PUB|TYPE_OF_TRANSFORMATION=IX|aggregation=quarterly_mean,\N,"{""aggregation_method"": ""quarterly_mean"", ""source_derivation_types"": [""O"", ""O"", ""O""], ""source_months"": [""2022-M07"", ""2022-M08"", ""2022-M09""], ""source_observation_count"": 3, ""source_series_dimensions"": {""ACCESS_SHARING_LEVEL"": ""PUBLIC_OPEN"", ""COUNTRY"": ""GRC"", ""FREQUENCY"": ""M"", ""IFS_FLAG"": ""true"", ""INDICATOR"": ""PPI"", ""METHODOLOGY"": ""PPI"", ""OVERLAP"": ""OL"", ""REFERENCE_PERIOD"": ""2010=100"", ""SCALE"": ""0"", ""SECURITY_CLASSIFICATION"": ""PUB"", ""TYPE_OF_TRANSFORMATION"": ""IX""}}"
GRC,producer_price_index_quarterly_imf,2022-Q4,quarterly,155.71575695159626,\N,derived,IMF_PPI,IMF|ACCESS_SHARING_LEVEL=PUBLIC_OPEN|FREQUENCY=M|IFS_FLAG=true|INDICATOR=PPI|METHODOLOGY=PPI|OVERLAP=OL|REFERENCE_PERIOD=2010=100|SCALE=0|SECURITY_CLASSIFICATION=PUB|TYPE_OF_TRANSFORMATION=IX|aggregation=quarterly_mean,\N,"{""aggregation_method"": ""quarterly_mean"", ""source_derivation_types"": [""O"", ""O"", ""O""], ""source_months"": [""2022-M10"", ""2022-M11"", ""2022-M12""], ""source_observation_count"": 3, ""source_series_dimensions"": {""ACCESS_SHARING_LEVEL"": ""PUBLIC_OPEN"", ""COUNTRY"": ""GRC"", ""FREQUENCY"": ""M"", ""IFS_FLAG"": ""true"", ""INDICATOR"": ""PPI"", ""METHODOLOGY"": ""PPI"", ""OVERLAP"": ""OL"", ""REFERENCE_PERIOD"": ""2010=100"", ""SCALE"": ""0"", ""SECURITY_CLASSIFICATION"": ""PUB"", ""TYPE_OF_TRANSFORMATION"": ""IX""}}"
GRC,producer_price_index_quarterly_imf,2023-Q1,quarterly,145.90394157850386,\N,derived,IMF_PPI,IMF|ACCESS_SHARING_LEVEL=PUBLIC_OPEN|FREQUENCY=M|IFS_FLAG=true|INDICATOR=PPI|METHODOLOGY=PPI|OVERLAP=OL|REFERENCE_PERIOD=2010=100|SCALE=0|SECURITY_CLASSIFICATION=PUB|TYPE_OF_TRANSFORMATION=IX|aggregation=quarterly_mean,\N,"{""aggregation_method"": ""quarterly_mean"", ""source_derivation_types"": [""O"", ""O"", ""O""], ""source_months"": [""2023-M01"", ""2023-M02"", ""2023-M03""], ""source_observation_count"": 3, ""source_series_dimensions"": {""ACCESS_SHARING_LEVEL"": ""PUBLIC_OPEN"", ""COUNTRY"": ""GRC"", ""FREQUENCY"": ""M"", ""IFS_FLAG"": ""true"", ""INDICATOR"": ""PPI"", ""METHODOLOGY"": ""PPI"", ""OVERLAP"": ""OL"", ""REFERENCE_PERIOD"": ""2010=100"", ""SCALE"": ""0"", ""SECURITY_CLASSIFICATION"": ""PUB"", ""TYPE_OF_TRANSFORMATION"": ""IX""}}"
GRC,producer_price_index_quarterly_imf,2023-Q2,quarterly,136.16702555940452,\N,derived,IMF_PPI,IMF|ACCESS_SHARING_LEVEL=PUBLIC_OPEN|FREQUENCY=M|IFS_FLAG=true|INDICATOR=PPI|METHODOLOGY=PPI|OVERLAP=OL|REFERENCE_PERIOD=2010=100|SCALE=0|SECURITY_CLASSIFICATION=PUB|TYPE_OF_TRANSFORMATION=IX|aggregation=quarterly_mean,\N,"{""aggregation_method"": ""quarterly_mean"", ""source_derivation_types"": [""O"", ""O"", ""O""], ""source_months"": [""2023-M04"", ""2023-M05"", ""2023-M06""], ""source_observation_count"": 3, ""source_series_dimensions"": {""ACCESS_SHARING_LEVEL"": ""PUBLIC_OPEN"", ""COUNTRY"": ""GRC"", ""FREQUENCY"": ""M"", ""IFS_FLAG"": ""true"", ""INDICATOR"": ""PPI"", ""METHODOLOGY"": ""PPI"", ""OVERLAP"": ""OL"", ""REFERENCE_PERIOD"": ""2010=100"", ""SCALE"": ""0"", ""SECURITY_CLASSIFICATION"": ""PUB"", ""TYPE_OF_TRANSFORMATION"": ""IX""}}"
GRC,producer_price_index_quarterly_imf,2023-Q3,quarterly,141.33508098492646,\N,derived,IMF_PPI,IMF|ACCESS_SHARING_LEVEL=PUBLIC_OPEN|FREQUENCY=M|IFS_FLAG=true|INDICATOR=PPI|METHODOLOGY=PPI|OVERLAP=OL|REFERENCE_PERIOD=2010=100|SCALE=0|SECURITY_CLASSIFICATION=PUB|TYPE_OF_TRANSFORMATION=IX|aggregation=quarterly_mean,\N,"{""aggregation_method"": ""quarterly_mean"", ""source_derivation_types"": [""O"", ""O"", ""O""], ""source_months"": [""2023-M07"", ""2023-M08"", ""2023-M09""], ""source_observation_count"": 3, ""source_series_dimensions"": {""ACCESS_SHARING_LEVEL"": ""PUBLIC_OPEN"", ""COUNTRY"": ""GRC"", ""FREQUENCY"": ""M"", ""IFS_FLAG"": ""true"", ""INDICATOR"": ""PPI"", ""METHODOLOGY"": ""PPI"", ""OVERLAP"": ""OL"", ""REFERENCE_PERIOD"": ""2010=100"", ""SCALE"": ""0"", ""SECURITY_CLASSIFICATION"": ""PUB"", ""TYPE_OF_TRANSFORMATION"": ""IX""}}"
GRC,producer_price_index_quarterly_imf,2023-Q4,quarterly,140.54863776799922,\N,derived,IMF_PPI,IMF|ACCESS_SHARING_LEVEL=PUBLIC_OPEN|FREQUENCY=M|IFS_FLAG=true|INDICATOR=PPI|METHODOLOGY=PPI|OVERLAP=OL|REFERENCE_PERIOD=2010=100|SCALE=0|SECURITY_CLASSIFICATION=PUB|TYPE_OF_TRANSFORMATION=IX|aggregation=quarterly_mean,\N,"{""aggregation_method"": ""quarterly_mean"", ""source_derivation_types"": [""O"", ""O"", ""O""], ""source_months"": [""2023-M10"", ""2023-M11"", ""2023-M12""], ""source_observation_count"": 3, ""source_series_dimensions"": {""ACCESS_SHARING_LEVEL"": ""PUBLIC_OPEN"", ""COUNTRY"": ""GRC"", ""FREQUENCY"": ""M"", ""IFS_FLAG"": ""true"", ""INDICATOR"": ""PPI"", ""METHODOLOGY"": ""PPI"", ""OVERLAP"": ""OL"", ""REFERENCE_PERIOD"": ""2010=100"", ""SCALE"": ""0"", ""SECURITY_CLASSIFICATION"": ""PUB"", ""TYPE_OF_TRANSFORMATION"": ""IX""}}"
GRC,producer_price_index_quarterly_imf,2024-Q1,quarterly,140.17414099803386,\N,derived,IMF_PPI,IMF|ACCESS_SHARING_LEVEL=PUBLIC_OPEN|FREQUENCY=M|IFS_FLAG=true|INDICATOR=PPI|METHODOLOGY=PPI|OVERLAP=OL|REFERENCE_PERIOD=2010=100|SCALE=0|SECURITY_CLASSIFICATION=PUB|TYPE_OF_TRANSFORMATION=IX|aggregation=quarterly_mean,\N,"{""aggregation_method"": ""quarterly_mean"", ""source_derivation_types"": [""O"", ""O"", ""O""], ""source_months"": [""2024-M01"", ""2024-M02"", ""2024-M03""], ""source_observation_count"": 3, ""source_series_dimensions"": {""ACCESS_SHARING_LEVEL"": ""PUBLIC_OPEN"", ""COUNTRY"": ""GRC"", ""FREQUENCY"": ""M"", ""IFS_FLAG"": ""true"", ""INDICATOR"": ""PPI"", ""METHODOLOGY"": ""PPI"", ""OVERLAP"": ""OL"", ""REFERENCE_PERIOD"": ""2010=100"", ""SCALE"": ""0"", ""SECURITY_CLASSIFICATION"": ""PUB"", ""TYPE_OF_TRANSFORMATION"": ""IX""}}"
GRC,producer_price_index_quarterly_imf,2024-Q2,quarterly,134.70648815653962,\N,derived,IMF_PPI,IMF|ACCESS_SHARING_LEVEL=PUBLIC_OPEN|FREQUENCY=M|IFS_FLAG=true|INDICATOR=PPI|METHODOLOGY=PPI|OVERLAP=OL|REFERENCE_PERIOD=2010=100|SCALE=0|SECURITY_CLASSIFICATION=PUB|TYPE_OF_TRANSFORMATION=IX|aggregation=quarterly_mean,\N,"{""aggregation_method"": ""quarterly_mean"", ""source_derivation_types"": [""O"", ""O"", ""O""], ""source_months"": [""2024-M04"", ""2024-M05"", ""2024-M06""], ""source_observation_count"": 3, ""source_series_dimensions"": {""ACCESS_SHARING_LEVEL"": ""PUBLIC_OPEN"", ""COUNTRY"": ""GRC"", ""FREQUENCY"": ""M"", ""IFS_FLAG"": ""true"", ""INDICATOR"": ""PPI"", ""METHODOLOGY"": ""PPI"", ""OVERLAP"": ""OL"", ""REFERENCE_PERIOD"": ""2010=100"", ""SCALE"": ""0"", ""SECURITY_CLASSIFICATION"": ""PUB"", ""TYPE_OF_TRANSFORMATION"": ""IX""}}"
GRC,producer_price_index_quarterly_imf,2024-Q3,quarterly,138.07695908622784,\N,derived,IMF_PPI,IMF|ACCESS_SHARING_LEVEL=PUBLIC_OPEN|FREQUENCY=M|IFS_FLAG=true|INDICATOR=PPI|METHODOLOGY=PPI|OVERLAP=OL|REFERENCE_PERIOD=2010=100|SCALE=0|SECURITY_CLASSIFICATION=PUB|TYPE_OF_TRANSFORMATION=IX|aggregation=quarterly_mean,\N,"{""aggregation_method"": ""quarterly_mean"", ""source_derivation_types"": [""O"", ""O"", ""O""], ""source_months"": [""2024-M07"", ""2024-M08"", ""2024-M09""], ""source_observation_count"": 3, ""source_series_dimensions"": {""ACCESS_SHARING_LEVEL"": ""PUBLIC_OPEN"", ""COUNTRY"": ""GRC"", ""FREQUENCY"": ""M"", ""IFS_FLAG"": ""true"", ""INDICATOR"": ""PPI"", ""METHODOLOGY"": ""PPI"", ""OVERLAP"": ""OL"", ""REFERENCE_PERIOD"": ""2010=100"", ""SCALE"": ""0"", ""SECURITY_CLASSIFICATION"": ""PUB"", ""TYPE_OF_TRANSFORMATION"": ""IX""}}"
GRC,producer_price_index_quarterly_imf,2024-Q4,quarterly,138.52635521018632,\N,derived,IMF_PPI,IMF|ACCESS_SHARING_LEVEL=PUBLIC_OPEN|FREQUENCY=M|IFS_FLAG=true|INDICATOR=PPI|METHODOLOGY=PPI|OVERLAP=OL|REFERENCE_PERIOD=2010=100|SCALE=0|SECURITY_CLASSIFICATION=PUB|TYPE_OF_TRANSFORMATION=IX|aggregation=quarterly_mean,\N,"{""aggregation_method"": ""quarterly_mean"", ""source_derivation_types"": [""O"", ""O"", ""O""], ""source_months"": [""2024-M10"", ""2024-M11"", ""2024-M12""], ""source_observation_count"": 3, ""source_series_dimensions"": {""ACCESS_SHARING_LEVEL"": ""PUBLIC_OPEN"", ""COUNTRY"": ""GRC"", ""FREQUENCY"": ""M"", ""IFS_FLAG"": ""true"", ""INDICATOR"": ""PPI"", ""METHODOLOGY"": ""PPI"", ""OVERLAP"": ""OL"", ""REFERENCE_PERIOD"": ""2010=100"", ""SCALE"": ""0"", ""SECURITY_CLASSIFICATION"": ""PUB"", ""TYPE_OF_TRANSFORMATION"": ""IX""}}"
HRV,producer_price_index_quarterly_imf,2020-Q1,quarterly,105.94995366079702,\N,derived,IMF_PPI,IMF|ACCESS_SHARING_LEVEL=PUBLIC_OPEN|FREQUENCY=M|IFS_FLAG=true|INDICATOR=PPI|METHODOLOGY=PPI|OVERLAP=OL|REFERENCE_PERIOD=2010=100|SCALE=0|SECURITY_CLASSIFICATION=PUB|TYPE_OF_TRANSFORMATION=IX|aggregation=quarterly_mean,\N,"{""aggregation_method"": ""quarterly_mean"", ""source_derivation_types"": [""O"", ""O"", ""O""], ""source_months"": [""2020-M01"", ""2020-M02"", ""2020-M03""], ""source_observation_count"": 3, ""source_series_dimensions"": {""ACCESS_SHARING_LEVEL"": ""PUBLIC_OPEN"", ""COUNTRY"": ""HRV"", ""FREQUENCY"": ""M"", ""IFS_FLAG"": ""true"", ""INDICATOR"": ""PPI"", ""METHODOLOGY"": ""PPI"", ""OVERLAP"": ""OL"", ""REFERENCE_PERIOD"": ""2010=100"", ""SCALE"": ""0"", ""SECURITY_CLASSIFICATION"": ""PUB"", ""TYPE_OF_TRANSFORMATION"": ""IX""}}"
HRV,producer_price_index_quarterly_imf,2020-Q2,quarterly,101.1677479147359,\N,derived,IMF_PPI,IMF|ACCESS_SHARING_LEVEL=PUBLIC_OPEN|FREQUENCY=M|IFS_FLAG=true|INDICATOR=PPI|METHODOLOGY=PPI|OVERLAP=OL|REFERENCE_PERIOD=2010=100|SCALE=0|SECURITY_CLASSIFICATION=PUB|TYPE_OF_TRANSFORMATION=IX|aggregation=quarterly_mean,\N,"{""aggregation_method"": ""quarterly_mean"", ""source_derivation_types"": [""O"", ""O"", ""O""], ""source_months"": [""2020-M04"", ""2020-M05"", ""2020-M06""], ""source_observation_count"": 3, ""source_series_dimensions"": {""ACCESS_SHARING_LEVEL"": ""PUBLIC_OPEN"", ""COUNTRY"": ""HRV"", ""FREQUENCY"": ""M"", ""IFS_FLAG"": ""true"", ""INDICATOR"": ""PPI"", ""METHODOLOGY"": ""PPI"", ""OVERLAP"": ""OL"", ""REFERENCE_PERIOD"": ""2010=100"", ""SCALE"": ""0"", ""SECURITY_CLASSIFICATION"": ""PUB"", ""TYPE_OF_TRANSFORMATION"": ""IX""}}"
HRV,producer_price_index_quarterly_imf,2020-Q3,quarterly,101.79796107506957,\N,derived,IMF_PPI,IMF|ACCESS_SHARING_LEVEL=PUBLIC_OPEN|FREQUENCY=M|IFS_FLAG=true|INDICATOR=PPI|METHODOLOGY=PPI|OVERLAP=OL|REFERENCE_PERIOD=2010=100|SCALE=0|SECURITY_CLASSIFICATION=PUB|TYPE_OF_TRANSFORMATION=IX|aggregation=quarterly_mean,\N,"{""aggregation_method"": ""quarterly_mean"", ""source_derivation_types"": [""O"", ""O"", ""O""], ""source_months"": [""2020-M07"", ""2020-M08"", ""2020-M09""], ""source_observation_count"": 3, ""source_series_dimensions"": {""ACCESS_SHARING_LEVEL"": ""PUBLIC_OPEN"", ""COUNTRY"": ""HRV"", ""FREQUENCY"": ""M"", ""IFS_FLAG"": ""true"", ""INDICATOR"": ""PPI"", ""METHODOLOGY"": ""PPI"", ""OVERLAP"": ""OL"", ""REFERENCE_PERIOD"": ""2010=100"", ""SCALE"": ""0"", ""SECURITY_CLASSIFICATION"": ""PUB"", ""TYPE_OF_TRANSFORMATION"": ""IX""}}"
HRV,producer_price_index_quarterly_imf,2020-Q4,quarterly,102.83595922150143,\N,derived,IMF_PPI,IMF|ACCESS_SHARING_LEVEL=PUBLIC_OPEN|FREQUENCY=M|IFS_FLAG=true|INDICATOR=PPI|METHODOLOGY=PPI|OVERLAP=OL|REFERENCE_PERIOD=2010=100|SCALE=0|SECURITY_CLASSIFICATION=PUB|TYPE_OF_TRANSFORMATION=IX|aggregation=quarterly_mean,\N,"{""aggregation_method"": ""quarterly_mean"", ""source_derivation_types"": [""O"", ""O"", ""O""], ""source_months"": [""2020-M10"", ""2020-M11"", ""2020-M12""], ""source_observation_count"": 3, ""source_series_dimensions"": {""ACCESS_SHARING_LEVEL"": ""PUBLIC_OPEN"", ""COUNTRY"": ""HRV"", ""FREQUENCY"": ""M"", ""IFS_FLAG"": ""true"", ""INDICATOR"": ""PPI"", ""METHODOLOGY"": ""PPI"", ""OVERLAP"": ""OL"", ""REFERENCE_PERIOD"": ""2010=100"", ""SCALE"": ""0"", ""SECURITY_CLASSIFICATION"": ""PUB"", ""TYPE_OF_TRANSFORMATION"": ""IX""}}"
HRV,producer_price_index_quarterly_imf,2021-Q1,quarterly,105.8758109360519,\N,derived,IMF_PPI,IMF|ACCESS_SHARING_LEVEL=PUBLIC_OPEN|FREQUENCY=M|IFS_FLAG=true|INDICATOR=PPI|METHODOLOGY=PPI|OVERLAP=OL|REFERENCE_PERIOD=2010=100|SCALE=0|SECURITY_CLASSIFICATION=PUB|TYPE_OF_TRANSFORMATION=IX|aggregation=quarterly_mean,\N,"{""aggregation_method"": ""quarterly_mean"", ""source_derivation_types"": [""O"", ""O"", ""O""], ""source_months"": [""2021-M01"", ""2021-M02"", ""2021-M03""], ""source_observation_count"": 3, ""source_series_dimensions"": {""ACCESS_SHARING_LEVEL"": ""PUBLIC_OPEN"", ""COUNTRY"": ""HRV"", ""FREQUENCY"": ""M"", ""IFS_FLAG"": ""true"", ""INDICATOR"": ""PPI"", ""METHODOLOGY"": ""PPI"", ""OVERLAP"": ""OL"", ""REFERENCE_PERIOD"": ""2010=100"", ""SCALE"": ""0"", ""SECURITY_CLASSIFICATION"": ""PUB"", ""TYPE_OF_TRANSFORMATION"": ""IX""}}"
HRV,producer_price_index_quarterly_imf,2021-Q2,quarterly,107.9518072289157,\N,derived,IMF_PPI,IMF|ACCESS_SHARING_LEVEL=PUBLIC_OPEN|FREQUENCY=M|IFS_FLAG=true|INDICATOR=PPI|METHODOLOGY=PPI|OVERLAP=OL|REFERENCE_PERIOD=2010=100|SCALE=0|SECURITY_CLASSIFICATION=PUB|TYPE_OF_TRANSFORMATION=IX|aggregation=quarterly_mean,\N,"{""aggregation_method"": ""quarterly_mean"", ""source_derivation_types"": [""O"", ""O"", ""O""], ""source_months"": [""2021-M04"", ""2021-M05"", ""2021-M06""], ""source_observation_count"": 3, ""source_series_dimensions"": {""ACCESS_SHARING_LEVEL"": ""PUBLIC_OPEN"", ""COUNTRY"": ""HRV"", ""FREQUENCY"": ""M"", ""IFS_FLAG"": ""true"", ""INDICATOR"": ""PPI"", ""METHODOLOGY"": ""PPI"", ""OVERLAP"": ""OL"", ""REFERENCE_PERIOD"": ""2010=100"", ""SCALE"": ""0"", ""SECURITY_CLASSIFICATION"": ""PUB"", ""TYPE_OF_TRANSFORMATION"": ""IX""}}"
HRV,producer_price_index_quarterly_imf,2021-Q3,quarterly,111.62187210379983,\N,derived,IMF_PPI,IMF|ACCESS_SHARING_LEVEL=PUBLIC_OPEN|FREQUENCY=M|IFS_FLAG=true|INDICATOR=PPI|METHODOLOGY=PPI|OVERLAP=OL|REFERENCE_PERIOD=2010=100|SCALE=0|SECURITY_CLASSIFICATION=PUB|TYPE_OF_TRANSFORMATION=IX|aggregation=quarterly_mean,\N,"{""aggregation_method"": ""quarterly_mean"", ""source_derivation_types"": [""O"", ""O"", ""O""], ""source_months"": [""2021-M07"", ""2021-M08"", ""2021-M09""], ""source_observation_count"": 3, ""source_series_dimensions"": {""ACCESS_SHARING_LEVEL"": ""PUBLIC_OPEN"", ""COUNTRY"": ""HRV"", ""FREQUENCY"": ""M"", ""IFS_FLAG"": ""true"", ""INDICATOR"": ""PPI"", ""METHODOLOGY"": ""PPI"", ""OVERLAP"": ""OL"", ""REFERENCE_PERIOD"": ""2010=100"", ""SCALE"": ""0"", ""SECURITY_CLASSIFICATION"": ""PUB"", ""TYPE_OF_TRANSFORMATION"": ""IX""}}"
HRV,producer_price_index_quarterly_imf,2021-Q4,quarterly,119.4439295644115,\N,derived,IMF_PPI,IMF|ACCESS_SHARING_LEVEL=PUBLIC_OPEN|FREQUENCY=M|IFS_FLAG=true|INDICATOR=PPI|METHODOLOGY=PPI|OVERLAP=OL|REFERENCE_PERIOD=2010=100|SCALE=0|SECURITY_CLASSIFICATION=PUB|TYPE_OF_TRANSFORMATION=IX|aggregation=quarterly_mean,\N,"{""aggregation_method"": ""quarterly_mean"", ""source_derivation_types"": [""O"", ""O"", ""O""], ""source_months"": [""2021-M10"", ""2021-M11"", ""2021-M12""], ""source_observation_count"": 3, ""source_series_dimensions"": {""ACCESS_SHARING_LEVEL"": ""PUBLIC_OPEN"", ""COUNTRY"": ""HRV"", ""FREQUENCY"": ""M"", ""IFS_FLAG"": ""true"", ""INDICATOR"": ""PPI"", ""METHODOLOGY"": ""PPI"", ""OVERLAP"": ""OL"", ""REFERENCE_PERIOD"": ""2010=100"", ""SCALE"": ""0"", ""SECURITY_CLASSIFICATION"": ""PUB"", ""TYPE_OF_TRANSFORMATION"": ""IX""}}"
HRV,producer_price_index_quarterly_imf,2022-Q1,quarterly,124.70806302131608,\N,derived,IMF_PPI,IMF|ACCESS_SHARING_LEVEL=PUBLIC_OPEN|FREQUENCY=M|IFS_FLAG=true|INDICATOR=PPI|METHODOLOGY=PPI|OVERLAP=OL|REFERENCE_PERIOD=2010=100|SCALE=0|SECURITY_CLASSIFICATION=PUB|TYPE_OF_TRANSFORMATION=IX|aggregation=quarterly_mean,\N,"{""aggregation_method"": ""quarterly_mean"", ""source_derivation_types"": [""O"", ""O"", ""O""], ""source_months"": [""2022-M01"", ""2022-M02"", ""2022-M03""], ""source_observation_count"": 3, ""source_series_dimensions"": {""ACCESS_SHARING_LEVEL"": ""PUBLIC_OPEN"", ""COUNTRY"": ""HRV"", ""FREQUENCY"": ""M"", ""IFS_FLAG"": ""true"", ""INDICATOR"": ""PPI"", ""METHODOLOGY"": ""PPI"", ""OVERLAP"": ""OL"", ""REFERENCE_PERIOD"": ""2010=100"", ""SCALE"": ""0"", ""SECURITY_CLASSIFICATION"": ""PUB"", ""TYPE_OF_TRANSFORMATION"": ""IX""}}"
HRV,producer_price_index_quarterly_imf,2022-Q2,quarterly,132.78962001853571,\N,derived,IMF_PPI,IMF|ACCESS_SHARING_LEVEL=PUBLIC_OPEN|FREQUENCY=M|IFS_FLAG=true|INDICATOR=PPI|METHODOLOGY=PPI|OVERLAP=OL|REFERENCE_PERIOD=2010=100|SCALE=0|SECURITY_CLASSIFICATION=PUB|TYPE_OF_TRANSFORMATION=IX|aggregation=quarterly_mean,\N,"{""aggregation_method"": ""quarterly_mean"", ""source_derivation_types"": [""O"", ""O"", ""O""], ""source_months"": [""2022-M04"", ""2022-M05"", ""2022-M06""], ""source_observation_count"": 3, ""source_series_dimensions"": {""ACCESS_SHARING_LEVEL"": ""PUBLIC_OPEN"", ""COUNTRY"": ""HRV"", ""FREQUENCY"": ""M"", ""IFS_FLAG"": ""true"", ""INDICATOR"": ""PPI"", ""METHODOLOGY"": ""PPI"", ""OVERLAP"": ""OL"", ""REFERENCE_PERIOD"": ""2010=100"", ""SCALE"": ""0"", ""SECURITY_CLASSIFICATION"": ""PUB"", ""TYPE_OF_TRANSFORMATION"": ""IX""}}"
HRV,producer_price_index_quarterly_imf,2022-Q3,quarterly,136.83039851714557,\N,derived,IMF_PPI,IMF|ACCESS_SHARING_LEVEL=PUBLIC_OPEN|FREQUENCY=M|IFS_FLAG=true|INDICATOR=PPI|METHODOLOGY=PPI|OVERLAP=OL|REFERENCE_PERIOD=2010=100|SCALE=0|SECURITY_CLASSIFICATION=PUB|TYPE_OF_TRANSFORMATION=IX|aggregation=quarterly_mean,\N,"{""aggregation_method"": ""quarterly_mean"", ""source_derivation_types"": [""O"", ""O"", ""O""], ""source_months"": [""2022-M07"", ""2022-M08"", ""2022-M09""], ""source_observation_count"": 3, ""source_series_dimensions"": {""ACCESS_SHARING_LEVEL"": ""PUBLIC_OPEN"", ""COUNTRY"": ""HRV"", ""FREQUENCY"": ""M"", ""IFS_FLAG"": ""true"", ""INDICATOR"": ""PPI"", ""METHODOLOGY"": ""PPI"", ""OVERLAP"": ""OL"", ""REFERENCE_PERIOD"": ""2010=100"", ""SCALE"": ""0"", ""SECURITY_CLASSIFICATION"": ""PUB"", ""TYPE_OF_TRANSFORMATION"": ""IX""}}"
HRV,producer_price_index_quarterly_imf,2022-Q4,quarterly,139.38832252085265,\N,derived,IMF_PPI,IMF|ACCESS_SHARING_LEVEL=PUBLIC_OPEN|FREQUENCY=M|IFS_FLAG=true|INDICATOR=PPI|METHODOLOGY=PPI|OVERLAP=OL|REFERENCE_PERIOD=2010=100|SCALE=0|SECURITY_CLASSIFICATION=PUB|TYPE_OF_TRANSFORMATION=IX|aggregation=quarterly_mean,\N,"{""aggregation_method"": ""quarterly_mean"", ""source_derivation_types"": [""O"", ""O"", ""O""], ""source_months"": [""2022-M10"", ""2022-M11"", ""2022-M12""], ""source_observation_count"": 3, ""source_series_dimensions"": {""ACCESS_SHARING_LEVEL"": ""PUBLIC_OPEN"", ""COUNTRY"": ""HRV"", ""FREQUENCY"": ""M"", ""IFS_FLAG"": ""true"", ""INDICATOR"": ""PPI"", ""METHODOLOGY"": ""PPI"", ""OVERLAP"": ""OL"", ""REFERENCE_PERIOD"": ""2010=100"", ""SCALE"": ""0"", ""SECURITY_CLASSIFICATION"": ""PUB"", ""TYPE_OF_TRANSFORMATION"": ""IX""}}"
HRV,producer_price_index_quarterly_imf,2023-Q1,quarterly,139.4253938832252,\N,derived,IMF_PPI,IMF|ACCESS_SHARING_LEVEL=PUBLIC_OPEN|FREQUENCY=M|IFS_FLAG=true|INDICATOR=PPI|METHODOLOGY=PPI|OVERLAP=OL|REFERENCE_PERIOD=2010=100|SCALE=0|SECURITY_CLASSIFICATION=PUB|TYPE_OF_TRANSFORMATION=IX|aggregation=quarterly_mean,\N,"{""aggregation_method"": ""quarterly_mean"", ""source_derivation_types"": [""O"", ""O"", ""O""], ""source_months"": [""2023-M01"", ""2023-M02"", ""2023-M03""], ""source_observation_count"": 3, ""source_series_dimensions"": {""ACCESS_SHARING_LEVEL"": ""PUBLIC_OPEN"", ""COUNTRY"": ""HRV"", ""FREQUENCY"": ""M"", ""IFS_FLAG"": ""true"", ""INDICATOR"": ""PPI"", ""METHODOLOGY"": ""PPI"", ""OVERLAP"": ""OL"", ""REFERENCE_PERIOD"": ""2010=100"", ""SCALE"": ""0"", ""SECURITY_CLASSIFICATION"": ""PUB"", ""TYPE_OF_TRANSFORMATION"": ""IX""}}"
HRV,producer_price_index_quarterly_imf,2023-Q2,quarterly,137.60889712696948,\N,derived,IMF_PPI,IMF|ACCESS_SHARING_LEVEL=PUBLIC_OPEN|FREQUENCY=M|IFS_FLAG=true|INDICATOR=PPI|METHODOLOGY=PPI|OVERLAP=OL|REFERENCE_PERIOD=2010=100|SCALE=0|SECURITY_CLASSIFICATION=PUB|TYPE_OF_TRANSFORMATION=IX|aggregation=quarterly_mean,\N,"{""aggregation_method"": ""quarterly_mean"", ""source_derivation_types"": [""O"", ""O"", ""O""], ""source_months"": [""2023-M04"", ""2023-M05"", ""2023-M06""], ""source_observation_count"": 3, ""source_series_dimensions"": {""ACCESS_SHARING_LEVEL"": ""PUBLIC_OPEN"", ""COUNTRY"": ""HRV"", ""FREQUENCY"": ""M"", ""IFS_FLAG"": ""true"", ""INDICATOR"": ""PPI"", ""METHODOLOGY"": ""PPI"", ""OVERLAP"": ""OL"", ""REFERENCE_PERIOD"": ""2010=100"", ""SCALE"": ""0"", ""SECURITY_CLASSIFICATION"": ""PUB"", ""TYPE_OF_TRANSFORMATION"": ""IX""}}"
HRV,producer_price_index_quarterly_imf,2023-Q3,quarterly,139.31417979610754,\N,derived,IMF_PPI,IMF|ACCESS_SHARING_LEVEL=PUBLIC_OPEN|FREQUENCY=M|IFS_FLAG=true|INDICATOR=PPI|METHODOLOGY=PPI|OVERLAP=OL|REFERENCE_PERIOD=2010=100|SCALE=0|SECURITY_CLASSIFICATION=PUB|TYPE_OF_TRANSFORMATION=IX|aggregation=quarterly_mean,\N,"{""aggregation_method"": ""quarterly_mean"", ""source_derivation_types"": [""O"", ""O"", ""O""], ""source_months"": [""2023-M07"", ""2023-M08"", ""2023-M09""], ""source_observation_count"": 3, ""source_series_dimensions"": {""ACCESS_SHARING_LEVEL"": ""PUBLIC_OPEN"", ""COUNTRY"": ""HRV"", ""FREQUENCY"": ""M"", ""IFS_FLAG"": ""true"", ""INDICATOR"": ""PPI"", ""METHODOLOGY"": ""PPI"", ""OVERLAP"": ""OL"", ""REFERENCE_PERIOD"": ""2010=100"", ""SCALE"": ""0"", ""SECURITY_CLASSIFICATION"": ""PUB"", ""TYPE_OF_TRANSFORMATION"": ""IX""}}"
HRV,producer_price_index_quarterly_imf,2023-Q4,quarterly,138.38739573679337,\N,derived,IMF_PPI,IMF|ACCESS_SHARING_LEVEL=PUBLIC_OPEN|FREQUENCY=M|IFS_FLAG=true|INDICATOR=PPI|METHODOLOGY=PPI|OVERLAP=OL|REFERENCE_PERIOD=2010=100|SCALE=0|SECURITY_CLASSIFICATION=PUB|TYPE_OF_TRANSFORMATION=IX|aggregation=quarterly_mean,\N,"{""aggregation_method"": ""quarterly_mean"", ""source_derivation_types"": [""O"", ""O"", ""O""], ""source_months"": [""2023-M10"", ""2023-M11"", ""2023-M12""], ""source_observation_count"": 3, ""source_series_dimensions"": {""ACCESS_SHARING_LEVEL"": ""PUBLIC_OPEN"", ""COUNTRY"": ""HRV"", ""FREQUENCY"": ""M"", ""IFS_FLAG"": ""true"", ""INDICATOR"": ""PPI"", ""METHODOLOGY"": ""PPI"", ""OVERLAP"": ""OL"", ""REFERENCE_PERIOD"": ""2010=100"", ""SCALE"": ""0"", ""SECURITY_CLASSIFICATION"": ""PUB"", ""TYPE_OF_TRANSFORMATION"": ""IX""}}"
HRV,producer_price_index_quarterly_imf,2024-Q1,quarterly,136.94161260426327,\N,derived,IMF_PPI,IMF|ACCESS_SHARING_LEVEL=PUBLIC_OPEN|FREQUENCY=M|IFS_FLAG=true|INDICATOR=PPI|METHODOLOGY=PPI|OVERLAP=OL|REFERENCE_PERIOD=2010=100|SCALE=0|SECURITY_CLASSIFICATION=PUB|TYPE_OF_TRANSFORMATION=IX|aggregation=quarterly_mean,\N,"{""aggregation_method"": ""quarterly_mean"", ""source_derivation_types"": [""O"", ""O"", ""O""], ""source_months"": [""2024-M01"", ""2024-M02"", ""2024-M03""], ""source_observation_count"": 3, ""source_series_dimensions"": {""ACCESS_SHARING_LEVEL"": ""PUBLIC_OPEN"", ""COUNTRY"": ""HRV"", ""FREQUENCY"": ""M"", ""IFS_FLAG"": ""true"", ""INDICATOR"": ""PPI"", ""METHODOLOGY"": ""PPI"", ""OVERLAP"": ""OL"", ""REFERENCE_PERIOD"": ""2010=100"", ""SCALE"": ""0"", ""SECURITY_CLASSIFICATION"": ""PUB"", ""TYPE_OF_TRANSFORMATION"": ""IX""}}"
HRV,producer_price_index_quarterly_imf,2024-Q2,quarterly,133.41983317886937,\N,derived,IMF_PPI,IMF|ACCESS_SHARING_LEVEL=PUBLIC_OPEN|FREQUENCY=M|IFS_FLAG=true|INDICATOR=PPI|METHODOLOGY=PPI|OVERLAP=OL|REFERENCE_PERIOD=2010=100|SCALE=0|SECURITY_CLASSIFICATION=PUB|TYPE_OF_TRANSFORMATION=IX|aggregation=quarterly_mean,\N,"{""aggregation_method"": ""quarterly_mean"", ""source_derivation_types"": [""O"", ""O"", ""O""], ""source_months"": [""2024-M04"", ""2024-M05"", ""2024-M06""], ""source_observation_count"": 3, ""source_series_dimensions"": {""ACCESS_SHARING_LEVEL"": ""PUBLIC_OPEN"", ""COUNTRY"": ""HRV"", ""FREQUENCY"": ""M"", ""IFS_FLAG"": ""true"", ""INDICATOR"": ""PPI"", ""METHODOLOGY"": ""PPI"", ""OVERLAP"": ""OL"", ""REFERENCE_PERIOD"": ""2010=100"", ""SCALE"": ""0"", ""SECURITY_CLASSIFICATION"": ""PUB"", ""TYPE_OF_TRANSFORMATION"": ""IX""}}"
HRV,producer_price_index_quarterly_imf,2024-Q3,quarterly,133.75347544022245,\N,derived,IMF_PPI,IMF|ACCESS_SHARING_LEVEL=PUBLIC_OPEN|FREQUENCY=M|IFS_FLAG=true|INDICATOR=PPI|METHODOLOGY=PPI|OVERLAP=OL|REFERENCE_PERIOD=2010=100|SCALE=0|SECURITY_CLASSIFICATION=PUB|TYPE_OF_TRANSFORMATION=IX|aggregation=quarterly_mean,\N,"{""aggregation_method"": ""quarterly_mean"", ""source_derivation_types"": [""O"", ""O"", ""O""], ""source_months"": [""2024-M07"", ""2024-M08"", ""2024-M09""], ""source_observation_count"": 3, ""source_series_dimensions"": {""ACCESS_SHARING_LEVEL"": ""PUBLIC_OPEN"", ""COUNTRY"": ""HRV"", ""FREQUENCY"": ""M"", ""IFS_FLAG"": ""true"", ""INDICATOR"": ""PPI"", ""METHODOLOGY"": ""PPI"", ""OVERLAP"": ""OL"", ""REFERENCE_PERIOD"": ""2010=100"", ""SCALE"": ""0"", ""SECURITY_CLASSIFICATION"": ""PUB"", ""TYPE_OF_TRANSFORMATION"": ""IX""}}"
HRV,producer_price_index_quarterly_imf,2024-Q4,quarterly,134.45783132530124,\N,derived,IMF_PPI,IMF|ACCESS_SHARING_LEVEL=PUBLIC_OPEN|FREQUENCY=M|IFS_FLAG=true|INDICATOR=PPI|METHODOLOGY=PPI|OVERLAP=OL|REFERENCE_PERIOD=2010=100|SCALE=0|SECURITY_CLASSIFICATION=PUB|TYPE_OF_TRANSFORMATION=IX|aggregation=quarterly_mean,\N,"{""aggregation_method"": ""quarterly_mean"", ""source_derivation_types"": [""O"", ""O"", ""O""], ""source_months"": [""2024-M10"", ""2024-M11"", ""2024-M12""], ""source_observation_count"": 3, ""source_series_dimensions"": {""ACCESS_SHARING_LEVEL"": ""PUBLIC_OPEN"", ""COUNTRY"": ""HRV"", ""FREQUENCY"": ""M"", ""IFS_FLAG"": ""true"", ""INDICATOR"": ""PPI"", ""METHODOLOGY"": ""PPI"", ""OVERLAP"": ""OL"", ""REFERENCE_PERIOD"": ""2010=100"", ""SCALE"": ""0"", ""SECURITY_CLASSIFICATION"": ""PUB"", ""TYPE_OF_TRANSFORMATION"": ""IX""}}"
HUN,producer_price_index_quarterly_imf,2020-Q1,quarterly,120.87835482746601,\N,derived,IMF_PPI,IMF|ACCESS_SHARING_LEVEL=PUBLIC_OPEN|FREQUENCY=M|IFS_FLAG=true|INDICATOR=PPI|METHODOLOGY=PPI|OVERLAP=OL|REFERENCE_PERIOD=2010=100|SCALE=0|SECURITY_CLASSIFICATION=PUB|TYPE_OF_TRANSFORMATION=IX|aggregation=quarterly_mean,\N,"{""aggregation_method"": ""quarterly_mean"", ""source_derivation_types"": [""O"", ""O"", ""O""], ""source_months"": [""2020-M01"", ""2020-M02"", ""2020-M03""], ""source_observation_count"": 3, ""source_series_dimensions"": {""ACCESS_SHARING_LEVEL"": ""PUBLIC_OPEN"", ""COUNTRY"": ""HUN"", ""FREQUENCY"": ""M"", ""IFS_FLAG"": ""true"", ""INDICATOR"": ""PPI"", ""METHODOLOGY"": ""PPI"", ""OVERLAP"": ""OL"", ""REFERENCE_PERIOD"": ""2010=100"", ""SCALE"": ""0"", ""SECURITY_CLASSIFICATION"": ""PUB"", ""TYPE_OF_TRANSFORMATION"": ""IX""}}"
HUN,producer_price_index_quarterly_imf,2020-Q2,quarterly,120.64598582549087,\N,derived,IMF_PPI,IMF|ACCESS_SHARING_LEVEL=PUBLIC_OPEN|FREQUENCY=M|IFS_FLAG=true|INDICATOR=PPI|METHODOLOGY=PPI|OVERLAP=OL|REFERENCE_PERIOD=2010=100|SCALE=0|SECURITY_CLASSIFICATION=PUB|TYPE_OF_TRANSFORMATION=IX|aggregation=quarterly_mean,\N,"{""aggregation_method"": ""quarterly_mean"", ""source_derivation_types"": [""O"", ""O"", ""O""], ""source_months"": [""2020-M04"", ""2020-M05"", ""2020-M06""], ""source_observation_count"": 3, ""source_series_dimensions"": {""ACCESS_SHARING_LEVEL"": ""PUBLIC_OPEN"", ""COUNTRY"": ""HUN"", ""FREQUENCY"": ""M"", ""IFS_FLAG"": ""true"", ""INDICATOR"": ""PPI"", ""METHODOLOGY"": ""PPI"", ""OVERLAP"": ""OL"", ""REFERENCE_PERIOD"": ""2010=100"", ""SCALE"": ""0"", ""SECURITY_CLASSIFICATION"": ""PUB"", ""TYPE_OF_TRANSFORMATION"": ""IX""}}"
HUN,producer_price_index_quarterly_imf,2020-Q3,quarterly,123.20204484721738,\N,derived,IMF_PPI,IMF|ACCESS_SHARING_LEVEL=PUBLIC_OPEN|FREQUENCY=M|IFS_FLAG=true|INDICATOR=PPI|METHODOLOGY=PPI|OVERLAP=OL|REFERENCE_PERIOD=2010=100|SCALE=0|SECURITY_CLASSIFICATION=PUB|TYPE_OF_TRANSFORMATION=IX|aggregation=quarterly_mean,\N,"{""aggregation_method"": ""quarterly_mean"", ""source_derivation_types"": [""O"", ""O"", ""O""], ""source_months"": [""2020-M07"", ""2020-M08"", ""2020-M09""], ""source_observation_count"": 3, ""source_series_dimensions"": {""ACCESS_SHARING_LEVEL"": ""PUBLIC_OPEN"", ""COUNTRY"": ""HUN"", ""FREQUENCY"": ""M"", ""IFS_FLAG"": ""true"", ""INDICATOR"": ""PPI"", ""METHODOLOGY"": ""PPI"", ""OVERLAP"": ""OL"", ""REFERENCE_PERIOD"": ""2010=100"", ""SCALE"": ""0"", ""SECURITY_CLASSIFICATION"": ""PUB"", ""TYPE_OF_TRANSFORMATION"": ""IX""}}"
HUN,producer_price_index_quarterly_imf,2020-Q4,quarterly,127.01289647960964,\N,derived,IMF_PPI,IMF|ACCESS_SHARING_LEVEL=PUBLIC_OPEN|FREQUENCY=M|IFS_FLAG=true|INDICATOR=PPI|METHODOLOGY=PPI|OVERLAP=OL|REFERENCE_PERIOD=2010=100|SCALE=0|SECURITY_CLASSIFICATION=PUB|TYPE_OF_TRANSFORMATION=IX|aggregation=quarterly_mean,\N,"{""aggregation_method"": ""quarterly_mean"", ""source_derivation_types"": [""O"", ""O"", ""O""], ""source_months"": [""2020-M10"", ""2020-M11"", ""2020-M12""], ""source_observation_count"": 3, ""source_series_dimensions"": {""ACCESS_SHARING_LEVEL"": ""PUBLIC_OPEN"", ""COUNTRY"": ""HUN"", ""FREQUENCY"": ""M"", ""IFS_FLAG"": ""true"", ""INDICATOR"": ""PPI"", ""METHODOLOGY"": ""PPI"", ""OVERLAP"": ""OL"", ""REFERENCE_PERIOD"": ""2010=100"", ""SCALE"": ""0"", ""SECURITY_CLASSIFICATION"": ""PUB"", ""TYPE_OF_TRANSFORMATION"": ""IX""}}"
HUN,producer_price_index_quarterly_imf,2021-Q1,quarterly,130.45195770884163,\N,derived,IMF_PPI,IMF|ACCESS_SHARING_LEVEL=PUBLIC_OPEN|FREQUENCY=M|IFS_FLAG=true|INDICATOR=PPI|METHODOLOGY=PPI|OVERLAP=OL|REFERENCE_PERIOD=2010=100|SCALE=0|SECURITY_CLASSIFICATION=PUB|TYPE_OF_TRANSFORMATION=IX|aggregation=quarterly_mean,\N,"{""aggregation_method"": ""quarterly_mean"", ""source_derivation_types"": [""O"", ""O"", ""O""], ""source_months"": [""2021-M01"", ""2021-M02"", ""2021-M03""], ""source_observation_count"": 3, ""source_series_dimensions"": {""ACCESS_SHARING_LEVEL"": ""PUBLIC_OPEN"", ""COUNTRY"": ""HUN"", ""FREQUENCY"": ""M"", ""IFS_FLAG"": ""true"", ""INDICATOR"": ""PPI"", ""METHODOLOGY"": ""PPI"", ""OVERLAP"": ""OL"", ""REFERENCE_PERIOD"": ""2010=100"", ""SCALE"": ""0"", ""SECURITY_CLASSIFICATION"": ""PUB"", ""TYPE_OF_TRANSFORMATION"": ""IX""}}"
HUN,producer_price_index_quarterly_imf,2021-Q2,quarterly,133.70512373649353,\N,derived,IMF_PPI,IMF|ACCESS_SHARING_LEVEL=PUBLIC_OPEN|FREQUENCY=M|IFS_FLAG=true|INDICATOR=PPI|METHODOLOGY=PPI|OVERLAP=OL|REFERENCE_PERIOD=2010=100|SCALE=0|SECURITY_CLASSIFICATION=PUB|TYPE_OF_TRANSFORMATION=IX|aggregation=quarterly_mean,\N,"{""aggregation_method"": ""quarterly_mean"", ""source_derivation_types"": [""O"", ""O"", ""O""], ""source_months"": [""2021-M04"", ""2021-M05"", ""2021-M06""], ""source_observation_count"": 3, ""source_series_dimensions"": {""ACCESS_SHARING_LEVEL"": ""PUBLIC_OPEN"", ""COUNTRY"": ""HUN"", ""FREQUENCY"": ""M"", ""IFS_FLAG"": ""true"", ""INDICATOR"": ""PPI"", ""METHODOLOGY"": ""PPI"", ""OVERLAP"": ""OL"", ""REFERENCE_PERIOD"": ""2010=100"", ""SCALE"": ""0"", ""SECURITY_CLASSIFICATION"": ""PUB"", ""TYPE_OF_TRANSFORMATION"": ""IX""}}"
HUN,producer_price_index_quarterly_imf,2021-Q3,quarterly,140.76914139653766,\N,derived,IMF_PPI,IMF|ACCESS_SHARING_LEVEL=PUBLIC_OPEN|FREQUENCY=M|IFS_FLAG=true|INDICATOR=PPI|METHODOLOGY=PPI|OVERLAP=OL|REFERENCE_PERIOD=2010=100|SCALE=0|SECURITY_CLASSIFICATION=PUB|TYPE_OF_TRANSFORMATION=IX|aggregation=quarterly_mean,\N,"{""aggregation_method"": ""quarterly_mean"", ""source_derivation_types"": [""O"", ""O"", ""O""], ""source_months"": [""2021-M07"", ""2021-M08"", ""2021-M09""], ""source_observation_count"": 3, ""source_series_dimensions"": {""ACCESS_SHARING_LEVEL"": ""PUBLIC_OPEN"", ""COUNTRY"": ""HUN"", ""FREQUENCY"": ""M"", ""IFS_FLAG"": ""true"", ""INDICATOR"": ""PPI"", ""METHODOLOGY"": ""PPI"", ""OVERLAP"": ""OL"", ""REFERENCE_PERIOD"": ""2010=100"", ""SCALE"": ""0"", ""SECURITY_CLASSIFICATION"": ""PUB"", ""TYPE_OF_TRANSFORMATION"": ""IX""}}"
HUN,producer_price_index_quarterly_imf,2021-Q4,quarterly,153.13117230161498,\N,derived,IMF_PPI,IMF|ACCESS_SHARING_LEVEL=PUBLIC_OPEN|FREQUENCY=M|IFS_FLAG=true|INDICATOR=PPI|METHODOLOGY=PPI|OVERLAP=OL|REFERENCE_PERIOD=2010=100|SCALE=0|SECURITY_CLASSIFICATION=PUB|TYPE_OF_TRANSFORMATION=IX|aggregation=quarterly_mean,\N,"{""aggregation_method"": ""quarterly_mean"", ""source_derivation_types"": [""O"", ""O"", ""O""], ""source_months"": [""2021-M10"", ""2021-M11"", ""2021-M12""], ""source_observation_count"": 3, ""source_series_dimensions"": {""ACCESS_SHARING_LEVEL"": ""PUBLIC_OPEN"", ""COUNTRY"": ""HUN"", ""FREQUENCY"": ""M"", ""IFS_FLAG"": ""true"", ""INDICATOR"": ""PPI"", ""METHODOLOGY"": ""PPI"", ""OVERLAP"": ""OL"", ""REFERENCE_PERIOD"": ""2010=100"", ""SCALE"": ""0"", ""SECURITY_CLASSIFICATION"": ""PUB"", ""TYPE_OF_TRANSFORMATION"": ""IX""}}"
HUN,producer_price_index_quarterly_imf,2022-Q1,quarterly,160.84582316718948,\N,derived,IMF_PPI,IMF|ACCESS_SHARING_LEVEL=PUBLIC_OPEN|FREQUENCY=M|IFS_FLAG=true|INDICATOR=PPI|METHODOLOGY=PPI|OVERLAP=OL|REFERENCE_PERIOD=2010=100|SCALE=0|SECURITY_CLASSIFICATION=PUB|TYPE_OF_TRANSFORMATION=IX|aggregation=quarterly_mean,\N,"{""aggregation_method"": ""quarterly_mean"", ""source_derivation_types"": [""O"", ""O"", ""O""], ""source_months"": [""2022-M01"", ""2022-M02"", ""2022-M03""], ""source_observation_count"": 3, ""source_series_dimensions"": {""ACCESS_SHARING_LEVEL"": ""PUBLIC_OPEN"", ""COUNTRY"": ""HUN"", ""FREQUENCY"": ""M"", ""IFS_FLAG"": ""true"", ""INDICATOR"": ""PPI"", ""METHODOLOGY"": ""PPI"", ""OVERLAP"": ""OL"", ""REFERENCE_PERIOD"": ""2010=100"", ""SCALE"": ""0"", ""SECURITY_CLASSIFICATION"": ""PUB"", ""TYPE_OF_TRANSFORMATION"": ""IX""}}"
HUN,producer_price_index_quarterly_imf,2022-Q2,quarterly,176.32159869873354,\N,derived,IMF_PPI,IMF|ACCESS_SHARING_LEVEL=PUBLIC_OPEN|FREQUENCY=M|IFS_FLAG=true|INDICATOR=PPI|METHODOLOGY=PPI|OVERLAP=OL|REFERENCE_PERIOD=2010=100|SCALE=0|SECURITY_CLASSIFICATION=PUB|TYPE_OF_TRANSFORMATION=IX|aggregation=quarterly_mean,\N,"{""aggregation_method"": ""quarterly_mean"", ""source_derivation_types"": [""O"", ""O"", ""O""], ""source_months"": [""2022-M04"", ""2022-M05"", ""2022-M06""], ""source_observation_count"": 3, ""source_series_dimensions"": {""ACCESS_SHARING_LEVEL"": ""PUBLIC_OPEN"", ""COUNTRY"": ""HUN"", ""FREQUENCY"": ""M"", ""IFS_FLAG"": ""true"", ""INDICATOR"": ""PPI"", ""METHODOLOGY"": ""PPI"", ""OVERLAP"": ""OL"", ""REFERENCE_PERIOD"": ""2010=100"", ""SCALE"": ""0"", ""SECURITY_CLASSIFICATION"": ""PUB"", ""TYPE_OF_TRANSFORMATION"": ""IX""}}"
HUN,producer_price_index_quarterly_imf,2022-Q3,quarterly,198.4431276867666,\N,derived,IMF_PPI,IMF|ACCESS_SHARING_LEVEL=PUBLIC_OPEN|FREQUENCY=M|IFS_FLAG=true|INDICATOR=PPI|METHODOLOGY=PPI|OVERLAP=OL|REFERENCE_PERIOD=2010=100|SCALE=0|SECURITY_CLASSIFICATION=PUB|TYPE_OF_TRANSFORMATION=IX|aggregation=quarterly_mean,\N,"{""aggregation_method"": ""quarterly_mean"", ""source_derivation_types"": [""O"", ""O"", ""O""], ""source_months"": [""2022-M07"", ""2022-M08"", ""2022-M09""], ""source_observation_count"": 3, ""source_series_dimensions"": {""ACCESS_SHARING_LEVEL"": ""PUBLIC_OPEN"", ""COUNTRY"": ""HUN"", ""FREQUENCY"": ""M"", ""IFS_FLAG"": ""true"", ""INDICATOR"": ""PPI"", ""METHODOLOGY"": ""PPI"", ""OVERLAP"": ""OL"", ""REFERENCE_PERIOD"": ""2010=100"", ""SCALE"": ""0"", ""SECURITY_CLASSIFICATION"": ""PUB"", ""TYPE_OF_TRANSFORMATION"": ""IX""}}"
HUN,producer_price_index_quarterly_imf,2022-Q4,quarterly,209.2715231788079,\N,derived,IMF_PPI,IMF|ACCESS_SHARING_LEVEL=PUBLIC_OPEN|FREQUENCY=M|IFS_FLAG=true|INDICATOR=PPI|METHODOLOGY=PPI|OVERLAP=OL|REFERENCE_PERIOD=2010=100|SCALE=0|SECURITY_CLASSIFICATION=PUB|TYPE_OF_TRANSFORMATION=IX|aggregation=quarterly_mean,\N,"{""aggregation_method"": ""quarterly_mean"", ""source_derivation_types"": [""O"", ""O"", ""O""], ""source_months"": [""2022-M10"", ""2022-M11"", ""2022-M12""], ""source_observation_count"": 3, ""source_series_dimensions"": {""ACCESS_SHARING_LEVEL"": ""PUBLIC_OPEN"", ""COUNTRY"": ""HUN"", ""FREQUENCY"": ""M"", ""IFS_FLAG"": ""true"", ""INDICATOR"": ""PPI"", ""METHODOLOGY"": ""PPI"", ""OVERLAP"": ""OL"", ""REFERENCE_PERIOD"": ""2010=100"", ""SCALE"": ""0"", ""SECURITY_CLASSIFICATION"": ""PUB"", ""TYPE_OF_TRANSFORMATION"": ""IX""}}"
HUN,producer_price_index_quarterly_imf,2023-Q1,quarterly,204.20587893574998,\N,derived,IMF_PPI,IMF|ACCESS_SHARING_LEVEL=PUBLIC_OPEN|FREQUENCY=M|IFS_FLAG=true|INDICATOR=PPI|METHODOLOGY=PPI|OVERLAP=OL|REFERENCE_PERIOD=2010=100|SCALE=0|SECURITY_CLASSIFICATION=PUB|TYPE_OF_TRANSFORMATION=IX|aggregation=quarterly_mean,\N,"{""aggregation_method"": ""quarterly_mean"", ""source_derivation_types"": [""O"", ""O"", ""O""], ""source_months"": [""2023-M01"", ""2023-M02"", ""2023-M03""], ""source_observation_count"": 3, ""source_series_dimensions"": {""ACCESS_SHARING_LEVEL"": ""PUBLIC_OPEN"", ""COUNTRY"": ""HUN"", ""FREQUENCY"": ""M"", ""IFS_FLAG"": ""true"", ""INDICATOR"": ""PPI"", ""METHODOLOGY"": ""PPI"", ""OVERLAP"": ""OL"", ""REFERENCE_PERIOD"": ""2010=100"", ""SCALE"": ""0"", ""SECURITY_CLASSIFICATION"": ""PUB"", ""TYPE_OF_TRANSFORMATION"": ""IX""}}"
HUN,producer_price_index_quarterly_imf,2023-Q2,quarterly,193.9816428488439,\N,derived,IMF_PPI,IMF|ACCESS_SHARING_LEVEL=PUBLIC_OPEN|FREQUENCY=M|IFS_FLAG=true|INDICATOR=PPI|METHODOLOGY=PPI|OVERLAP=OL|REFERENCE_PERIOD=2010=100|SCALE=0|SECURITY_CLASSIFICATION=PUB|TYPE_OF_TRANSFORMATION=IX|aggregation=quarterly_mean,\N,"{""aggregation_method"": ""quarterly_mean"", ""source_derivation_types"": [""O"", ""O"", ""O""], ""source_months"": [""2023-M04"", ""2023-M05"", ""2023-M06""], ""source_observation_count"": 3, ""source_series_dimensions"": {""ACCESS_SHARING_LEVEL"": ""PUBLIC_OPEN"", ""COUNTRY"": ""HUN"", ""FREQUENCY"": ""M"", ""IFS_FLAG"": ""true"", ""INDICATOR"": ""PPI"", ""METHODOLOGY"": ""PPI"", ""OVERLAP"": ""OL"", ""REFERENCE_PERIOD"": ""2010=100"", ""SCALE"": ""0"", ""SECURITY_CLASSIFICATION"": ""PUB"", ""TYPE_OF_TRANSFORMATION"": ""IX""}}"
HUN,producer_price_index_quarterly_imf,2023-Q3,quarterly,195.00406645753455,\N,derived,IMF_PPI,IMF|ACCESS_SHARING_LEVEL=PUBLIC_OPEN|FREQUENCY=M|IFS_FLAG=true|INDICATOR=PPI|METHODOLOGY=PPI|OVERLAP=OL|REFERENCE_PERIOD=2010=100|SCALE=0|SECURITY_CLASSIFICATION=PUB|TYPE_OF_TRANSFORMATION=IX|aggregation=quarterly_mean,\N,"{""aggregation_method"": ""quarterly_mean"", ""source_derivation_types"": [""O"", ""O"", ""O""], ""source_months"": [""2023-M07"", ""2023-M08"", ""2023-M09""], ""source_observation_count"": 3, ""source_series_dimensions"": {""ACCESS_SHARING_LEVEL"": ""PUBLIC_OPEN"", ""COUNTRY"": ""HUN"", ""FREQUENCY"": ""M"", ""IFS_FLAG"": ""true"", ""INDICATOR"": ""PPI"", ""METHODOLOGY"": ""PPI"", ""OVERLAP"": ""OL"", ""REFERENCE_PERIOD"": ""2010=100"", ""SCALE"": ""0"", ""SECURITY_CLASSIFICATION"": ""PUB"", ""TYPE_OF_TRANSFORMATION"": ""IX""}}"
HUN,producer_price_index_quarterly_imf,2023-Q4,quarterly,194.81817125595444,\N,derived,IMF_PPI,IMF|ACCESS_SHARING_LEVEL=PUBLIC_OPEN|FREQUENCY=M|IFS_FLAG=true|INDICATOR=PPI|METHODOLOGY=PPI|OVERLAP=OL|REFERENCE_PERIOD=2010=100|SCALE=0|SECURITY_CLASSIFICATION=PUB|TYPE_OF_TRANSFORMATION=IX|aggregation=quarterly_mean,\N,"{""aggregation_method"": ""quarterly_mean"", ""source_derivation_types"": [""O"", ""O"", ""O""], ""source_months"": [""2023-M10"", ""2023-M11"", ""2023-M12""], ""source_observation_count"": 3, ""source_series_dimensions"": {""ACCESS_SHARING_LEVEL"": ""PUBLIC_OPEN"", ""COUNTRY"": ""HUN"", ""FREQUENCY"": ""M"", ""IFS_FLAG"": ""true"", ""INDICATOR"": ""PPI"", ""METHODOLOGY"": ""PPI"", ""OVERLAP"": ""OL"", ""REFERENCE_PERIOD"": ""2010=100"", ""SCALE"": ""0"", ""SECURITY_CLASSIFICATION"": ""PUB"", ""TYPE_OF_TRANSFORMATION"": ""IX""}}"
HUN,producer_price_index_quarterly_imf,2024-Q1,quarterly,194.39990705239916,\N,derived,IMF_PPI,IMF|ACCESS_SHARING_LEVEL=PUBLIC_OPEN|FREQUENCY=M|IFS_FLAG=true|INDICATOR=PPI|METHODOLOGY=PPI|OVERLAP=OL|REFERENCE_PERIOD=2010=100|SCALE=0|SECURITY_CLASSIFICATION=PUB|TYPE_OF_TRANSFORMATION=IX|aggregation=quarterly_mean,\N,"{""aggregation_method"": ""quarterly_mean"", ""source_derivation_types"": [""O"", ""O"", ""O""], ""source_months"": [""2024-M01"", ""2024-M02"", ""2024-M03""], ""source_observation_count"": 3, ""source_series_dimensions"": {""ACCESS_SHARING_LEVEL"": ""PUBLIC_OPEN"", ""COUNTRY"": ""HUN"", ""FREQUENCY"": ""M"", ""IFS_FLAG"": ""true"", ""INDICATOR"": ""PPI"", ""METHODOLOGY"": ""PPI"", ""OVERLAP"": ""OL"", ""REFERENCE_PERIOD"": ""2010=100"", ""SCALE"": ""0"", ""SECURITY_CLASSIFICATION"": ""PUB"", ""TYPE_OF_TRANSFORMATION"": ""IX""}}"
HUN,producer_price_index_quarterly_imf,2024-Q2,quarterly,194.21401185081905,\N,derived,IMF_PPI,IMF|ACCESS_SHARING_LEVEL=PUBLIC_OPEN|FREQUENCY=M|IFS_FLAG=true|INDICATOR=PPI|METHODOLOGY=PPI|OVERLAP=OL|REFERENCE_PERIOD=2010=100|SCALE=0|SECURITY_CLASSIFICATION=PUB|TYPE_OF_TRANSFORMATION=IX|aggregation=quarterly_mean,\N,"{""aggregation_method"": ""quarterly_mean"", ""source_derivation_types"": [""O"", ""O"", ""O""], ""source_months"": [""2024-M04"", ""2024-M05"", ""2024-M06""], ""source_observation_count"": 3, ""source_series_dimensions"": {""ACCESS_SHARING_LEVEL"": ""PUBLIC_OPEN"", ""COUNTRY"": ""HUN"", ""FREQUENCY"": ""M"", ""IFS_FLAG"": ""true"", ""INDICATOR"": ""PPI"", ""METHODOLOGY"": ""PPI"", ""OVERLAP"": ""OL"", ""REFERENCE_PERIOD"": ""2010=100"", ""SCALE"": ""0"", ""SECURITY_CLASSIFICATION"": ""PUB"", ""TYPE_OF_TRANSFORMATION"": ""IX""}}"
HUN,producer_price_index_quarterly_imf,2024-Q3,quarterly,198.95433949111188,\N,derived,IMF_PPI,IMF|ACCESS_SHARING_LEVEL=PUBLIC_OPEN|FREQUENCY=M|IFS_FLAG=true|INDICATOR=PPI|METHODOLOGY=PPI|OVERLAP=OL|REFERENCE_PERIOD=2010=100|SCALE=0|SECURITY_CLASSIFICATION=PUB|TYPE_OF_TRANSFORMATION=IX|aggregation=quarterly_mean,\N,"{""aggregation_method"": ""quarterly_mean"", ""source_derivation_types"": [""O"", ""O"", ""O""], ""source_months"": [""2024-M07"", ""2024-M08"", ""2024-M09""], ""source_observation_count"": 3, ""source_series_dimensions"": {""ACCESS_SHARING_LEVEL"": ""PUBLIC_OPEN"", ""COUNTRY"": ""HUN"", ""FREQUENCY"": ""M"", ""IFS_FLAG"": ""true"", ""INDICATOR"": ""PPI"", ""METHODOLOGY"": ""PPI"", ""OVERLAP"": ""OL"", ""REFERENCE_PERIOD"": ""2010=100"", ""SCALE"": ""0"", ""SECURITY_CLASSIFICATION"": ""PUB"", ""TYPE_OF_TRANSFORMATION"": ""IX""}}"
HUN,producer_price_index_quarterly_imf,2024-Q4,quarterly,207.22667596142674,\N,derived,IMF_PPI,IMF|ACCESS_SHARING_LEVEL=PUBLIC_OPEN|FREQUENCY=M|IFS_FLAG=true|INDICATOR=PPI|METHODOLOGY=PPI|OVERLAP=OL|REFERENCE_PERIOD=2010=100|SCALE=0|SECURITY_CLASSIFICATION=PUB|TYPE_OF_TRANSFORMATION=IX|aggregation=quarterly_mean,\N,"{""aggregation_method"": ""quarterly_mean"", ""source_derivation_types"": [""O"", ""O"", ""O""], ""source_months"": [""2024-M10"", ""2024-M11"", ""2024-M12""], ""source_observation_count"": 3, ""source_series_dimensions"": {""ACCESS_SHARING_LEVEL"": ""PUBLIC_OPEN"", ""COUNTRY"": ""HUN"", ""FREQUENCY"": ""M"", ""IFS_FLAG"": ""true"", ""INDICATOR"": ""PPI"", ""METHODOLOGY"": ""PPI"", ""OVERLAP"": ""OL"", ""REFERENCE_PERIOD"": ""2010=100"", ""SCALE"": ""0"", ""SECURITY_CLASSIFICATION"": ""PUB"", ""TYPE_OF_TRANSFORMATION"": ""IX""}}"
IND,producer_price_index_quarterly_imf,2020-Q1,quarterly,115.86183192988483,\N,derived,IMF_PPI,IMF|ACCESS_SHARING_LEVEL=PUBLIC_OPEN|FREQUENCY=M|IFS_FLAG=true|INDICATOR=PPI|METHODOLOGY=PPI|OVERLAP=OL|REFERENCE_PERIOD=2010=100|SCALE=0|SECURITY_CLASSIFICATION=PUB|TYPE_OF_TRANSFORMATION=IX|aggregation=quarterly_mean,\N,"{""aggregation_method"": ""quarterly_mean"", ""source_derivation_types"": [""O"", ""O"", ""O""], ""source_months"": [""2020-M01"", ""2020-M02"", ""2020-M03""], ""source_observation_count"": 3, ""source_series_dimensions"": {""ACCESS_SHARING_LEVEL"": ""PUBLIC_OPEN"", ""COUNTRY"": ""IND"", ""FREQUENCY"": ""M"", ""IFS_FLAG"": ""true"", ""INDICATOR"": ""PPI"", ""METHODOLOGY"": ""PPI"", ""OVERLAP"": ""OL"", ""REFERENCE_PERIOD"": ""2010=100"", ""SCALE"": ""0"", ""SECURITY_CLASSIFICATION"": ""PUB"", ""TYPE_OF_TRANSFORMATION"": ""IX""}}"
IRL,producer_price_index_quarterly_imf,2020-Q1,quarterly,98.13447041803089,\N,derived,IMF_PPI,IMF|ACCESS_SHARING_LEVEL=PUBLIC_OPEN|FREQUENCY=M|IFS_FLAG=true|INDICATOR=PPI|METHODOLOGY=PPI|OVERLAP=OL|REFERENCE_PERIOD=2010=100|SCALE=0|SECURITY_CLASSIFICATION=PUB|TYPE_OF_TRANSFORMATION=IX|aggregation=quarterly_mean,\N,"{""aggregation_method"": ""quarterly_mean"", ""source_derivation_types"": [""O"", ""O"", ""O""], ""source_months"": [""2020-M01"", ""2020-M02"", ""2020-M03""], ""source_observation_count"": 3, ""source_series_dimensions"": {""ACCESS_SHARING_LEVEL"": ""PUBLIC_OPEN"", ""COUNTRY"": ""IRL"", ""FREQUENCY"": ""M"", ""IFS_FLAG"": ""true"", ""INDICATOR"": ""PPI"", ""METHODOLOGY"": ""PPI"", ""OVERLAP"": ""OL"", ""REFERENCE_PERIOD"": ""2010=100"", ""SCALE"": ""0"", ""SECURITY_CLASSIFICATION"": ""PUB"", ""TYPE_OF_TRANSFORMATION"": ""IX""}}"
IRL,producer_price_index_quarterly_imf,2020-Q2,quarterly,92.3475215106982,\N,derived,IMF_PPI,IMF|ACCESS_SHARING_LEVEL=PUBLIC_OPEN|FREQUENCY=M|IFS_FLAG=true|INDICATOR=PPI|METHODOLOGY=PPI|OVERLAP=OL|REFERENCE_PERIOD=2010=100|SCALE=0|SECURITY_CLASSIFICATION=PUB|TYPE_OF_TRANSFORMATION=IX|aggregation=quarterly_mean,\N,"{""aggregation_method"": ""quarterly_mean"", ""source_derivation_types"": [""O"", ""O"", ""O""], ""source_months"": [""2020-M04"", ""2020-M05"", ""2020-M06""], ""source_observation_count"": 3, ""source_series_dimensions"": {""ACCESS_SHARING_LEVEL"": ""PUBLIC_OPEN"", ""COUNTRY"": ""IRL"", ""FREQUENCY"": ""M"", ""IFS_FLAG"": ""true"", ""INDICATOR"": ""PPI"", ""METHODOLOGY"": ""PPI"", ""OVERLAP"": ""OL"", ""REFERENCE_PERIOD"": ""2010=100"", ""SCALE"": ""0"", ""SECURITY_CLASSIFICATION"": ""PUB"", ""TYPE_OF_TRANSFORMATION"": ""IX""}}"
IRL,producer_price_index_quarterly_imf,2020-Q3,quarterly,90.03274194776515,\N,derived,IMF_PPI,IMF|ACCESS_SHARING_LEVEL=PUBLIC_OPEN|FREQUENCY=M|IFS_FLAG=true|INDICATOR=PPI|METHODOLOGY=PPI|OVERLAP=OL|REFERENCE_PERIOD=2010=100|SCALE=0|SECURITY_CLASSIFICATION=PUB|TYPE_OF_TRANSFORMATION=IX|aggregation=quarterly_mean,\N,"{""aggregation_method"": ""quarterly_mean"", ""source_derivation_types"": [""O"", ""O"", ""O""], ""source_months"": [""2020-M07"", ""2020-M08"", ""2020-M09""], ""source_observation_count"": 3, ""source_series_dimensions"": {""ACCESS_SHARING_LEVEL"": ""PUBLIC_OPEN"", ""COUNTRY"": ""IRL"", ""FREQUENCY"": ""M"", ""IFS_FLAG"": ""true"", ""INDICATOR"": ""PPI"", ""METHODOLOGY"": ""PPI"", ""OVERLAP"": ""OL"", ""REFERENCE_PERIOD"": ""2010=100"", ""SCALE"": ""0"", ""SECURITY_CLASSIFICATION"": ""PUB"", ""TYPE_OF_TRANSFORMATION"": ""IX""}}"
IRL,producer_price_index_quarterly_imf,2020-Q4,quarterly,88.4184877788776,\N,derived,IMF_PPI,IMF|ACCESS_SHARING_LEVEL=PUBLIC_OPEN|FREQUENCY=M|IFS_FLAG=true|INDICATOR=PPI|METHODOLOGY=PPI|OVERLAP=OL|REFERENCE_PERIOD=2010=100|SCALE=0|SECURITY_CLASSIFICATION=PUB|TYPE_OF_TRANSFORMATION=IX|aggregation=quarterly_mean,\N,"{""aggregation_method"": ""quarterly_mean"", ""source_derivation_types"": [""O"", ""O"", ""O""], ""source_months"": [""2020-M10"", ""2020-M11"", ""2020-M12""], ""source_observation_count"": 3, ""source_series_dimensions"": {""ACCESS_SHARING_LEVEL"": ""PUBLIC_OPEN"", ""COUNTRY"": ""IRL"", ""FREQUENCY"": ""M"", ""IFS_FLAG"": ""true"", ""INDICATOR"": ""PPI"", ""METHODOLOGY"": ""PPI"", ""OVERLAP"": ""OL"", ""REFERENCE_PERIOD"": ""2010=100"", ""SCALE"": ""0"", ""SECURITY_CLASSIFICATION"": ""PUB"", ""TYPE_OF_TRANSFORMATION"": ""IX""}}"
IRL,producer_price_index_quarterly_imf,2021-Q1,quarterly,87.4438437523795,\N,derived,IMF_PPI,IMF|ACCESS_SHARING_LEVEL=PUBLIC_OPEN|FREQUENCY=M|IFS_FLAG=true|INDICATOR=PPI|METHODOLOGY=PPI|OVERLAP=OL|REFERENCE_PERIOD=2010=100|SCALE=0|SECURITY_CLASSIFICATION=PUB|TYPE_OF_TRANSFORMATION=IX|aggregation=quarterly_mean,\N,"{""aggregation_method"": ""quarterly_mean"", ""source_derivation_types"": [""O"", ""O"", ""O""], ""source_months"": [""2021-M01"", ""2021-M02"", ""2021-M03""], ""source_observation_count"": 3, ""source_series_dimensions"": {""ACCESS_SHARING_LEVEL"": ""PUBLIC_OPEN"", ""COUNTRY"": ""IRL"", ""FREQUENCY"": ""M"", ""IFS_FLAG"": ""true"", ""INDICATOR"": ""PPI"", ""METHODOLOGY"": ""PPI"", ""OVERLAP"": ""OL"", ""REFERENCE_PERIOD"": ""2010=100"", ""SCALE"": ""0"", ""SECURITY_CLASSIFICATION"": ""PUB"", ""TYPE_OF_TRANSFORMATION"": ""IX""}}"
IRL,producer_price_index_quarterly_imf,2021-Q2,quarterly,88.17482677225308,\N,derived,IMF_PPI,IMF|ACCESS_SHARING_LEVEL=PUBLIC_OPEN|FREQUENCY=M|IFS_FLAG=true|INDICATOR=PPI|METHODOLOGY=PPI|OVERLAP=OL|REFERENCE_PERIOD=2010=100|SCALE=0|SECURITY_CLASSIFICATION=PUB|TYPE_OF_TRANSFORMATION=IX|aggregation=quarterly_mean,\N,"{""aggregation_method"": ""quarterly_mean"", ""source_derivation_types"": [""O"", ""O"", ""O""], ""source_months"": [""2021-M04"", ""2021-M05"", ""2021-M06""], ""source_observation_count"": 3, ""source_series_dimensions"": {""ACCESS_SHARING_LEVEL"": ""PUBLIC_OPEN"", ""COUNTRY"": ""IRL"", ""FREQUENCY"": ""M"", ""IFS_FLAG"": ""true"", ""INDICATOR"": ""PPI"", ""METHODOLOGY"": ""PPI"", ""OVERLAP"": ""OL"", ""REFERENCE_PERIOD"": ""2010=100"", ""SCALE"": ""0"", ""SECURITY_CLASSIFICATION"": ""PUB"", ""TYPE_OF_TRANSFORMATION"": ""IX""}}"
IRL,producer_price_index_quarterly_imf,2021-Q3,quarterly,92.49980963983855,\N,derived,IMF_PPI,IMF|ACCESS_SHARING_LEVEL=PUBLIC_OPEN|FREQUENCY=M|IFS_FLAG=true|INDICATOR=PPI|METHODOLOGY=PPI|OVERLAP=OL|REFERENCE_PERIOD=2010=100|SCALE=0|SECURITY_CLASSIFICATION=PUB|TYPE_OF_TRANSFORMATION=IX|aggregation=quarterly_mean,\N,"{""aggregation_method"": ""quarterly_mean"", ""source_derivation_types"": [""O"", ""O"", ""O""], ""source_months"": [""2021-M07"", ""2021-M08"", ""2021-M09""], ""source_observation_count"": 3, ""source_series_dimensions"": {""ACCESS_SHARING_LEVEL"": ""PUBLIC_OPEN"", ""COUNTRY"": ""IRL"", ""FREQUENCY"": ""M"", ""IFS_FLAG"": ""true"", ""INDICATOR"": ""PPI"", ""METHODOLOGY"": ""PPI"", ""OVERLAP"": ""OL"", ""REFERENCE_PERIOD"": ""2010=100"", ""SCALE"": ""0"", ""SECURITY_CLASSIFICATION"": ""PUB"", ""TYPE_OF_TRANSFORMATION"": ""IX""}}"
IRL,producer_price_index_quarterly_imf,2021-Q4,quarterly,97.40348739815728,\N,derived,IMF_PPI,IMF|ACCESS_SHARING_LEVEL=PUBLIC_OPEN|FREQUENCY=M|IFS_FLAG=true|INDICATOR=PPI|METHODOLOGY=PPI|OVERLAP=OL|REFERENCE_PERIOD=2010=100|SCALE=0|SECURITY_CLASSIFICATION=PUB|TYPE_OF_TRANSFORMATION=IX|aggregation=quarterly_mean,\N,"{""aggregation_method"": ""quarterly_mean"", ""source_derivation_types"": [""O"", ""O"", ""O""], ""source_months"": [""2021-M10"", ""2021-M11"", ""2021-M12""], ""source_observation_count"": 3, ""source_series_dimensions"": {""ACCESS_SHARING_LEVEL"": ""PUBLIC_OPEN"", ""COUNTRY"": ""IRL"", ""FREQUENCY"": ""M"", ""IFS_FLAG"": ""true"", ""INDICATOR"": ""PPI"", ""METHODOLOGY"": ""PPI"", ""OVERLAP"": ""OL"", ""REFERENCE_PERIOD"": ""2010=100"", ""SCALE"": ""0"", ""SECURITY_CLASSIFICATION"": ""PUB"", ""TYPE_OF_TRANSFORMATION"": ""IX""}}"
IRL,producer_price_index_quarterly_imf,2022-Q1,quarterly,98.40858905048349,\N,derived,IMF_PPI,IMF|ACCESS_SHARING_LEVEL=PUBLIC_OPEN|FREQUENCY=M|IFS_FLAG=true|INDICATOR=PPI|METHODOLOGY=PPI|OVERLAP=OL|REFERENCE_PERIOD=2010=100|SCALE=0|SECURITY_CLASSIFICATION=PUB|TYPE_OF_TRANSFORMATION=IX|aggregation=quarterly_mean,\N,"{""aggregation_method"": ""quarterly_mean"", ""source_derivation_types"": [""O"", ""O"", ""O""], ""source_months"": [""2022-M01"", ""2022-M02"", ""2022-M03""], ""source_observation_count"": 3, ""source_series_dimensions"": {""ACCESS_SHARING_LEVEL"": ""PUBLIC_OPEN"", ""COUNTRY"": ""IRL"", ""FREQUENCY"": ""M"", ""IFS_FLAG"": ""true"", ""INDICATOR"": ""PPI"", ""METHODOLOGY"": ""PPI"", ""OVERLAP"": ""OL"", ""REFERENCE_PERIOD"": ""2010=100"", ""SCALE"": ""0"", ""SECURITY_CLASSIFICATION"": ""PUB"", ""TYPE_OF_TRANSFORMATION"": ""IX""}}"
IRL,producer_price_index_quarterly_imf,2022-Q2,quarterly,100.90611436838496,\N,derived,IMF_PPI,IMF|ACCESS_SHARING_LEVEL=PUBLIC_OPEN|FREQUENCY=M|IFS_FLAG=true|INDICATOR=PPI|METHODOLOGY=PPI|OVERLAP=OL|REFERENCE_PERIOD=2010=100|SCALE=0|SECURITY_CLASSIFICATION=PUB|TYPE_OF_TRANSFORMATION=IX|aggregation=quarterly_mean,\N,"{""aggregation_method"": ""quarterly_mean"", ""source_derivation_types"": [""O"", ""O"", ""O""], ""source_months"": [""2022-M04"", ""2022-M05"", ""2022-M06""], ""source_observation_count"": 3, ""source_series_dimensions"": {""ACCESS_SHARING_LEVEL"": ""PUBLIC_OPEN"", ""COUNTRY"": ""IRL"", ""FREQUENCY"": ""M"", ""IFS_FLAG"": ""true"", ""INDICATOR"": ""PPI"", ""METHODOLOGY"": ""PPI"", ""OVERLAP"": ""OL"", ""REFERENCE_PERIOD"": ""2010=100"", ""SCALE"": ""0"", ""SECURITY_CLASSIFICATION"": ""PUB"", ""TYPE_OF_TRANSFORMATION"": ""IX""}}"
IRL,producer_price_index_quarterly_imf,2022-Q3,quarterly,109.3733343485875,\N,derived,IMF_PPI,IMF|ACCESS_SHARING_LEVEL=PUBLIC_OPEN|FREQUENCY=M|IFS_FLAG=true|INDICATOR=PPI|METHODOLOGY=PPI|OVERLAP=OL|REFERENCE_PERIOD=2010=100|SCALE=0|SECURITY_CLASSIFICATION=PUB|TYPE_OF_TRANSFORMATION=IX|aggregation=quarterly_mean,\N,"{""aggregation_method"": ""quarterly_mean"", ""source_derivation_types"": [""O"", ""O"", ""O""], ""source_months"": [""2022-M07"", ""2022-M08"", ""2022-M09""], ""source_observation_count"": 3, ""source_series_dimensions"": {""ACCESS_SHARING_LEVEL"": ""PUBLIC_OPEN"", ""COUNTRY"": ""IRL"", ""FREQUENCY"": ""M"", ""IFS_FLAG"": ""true"", ""INDICATOR"": ""PPI"", ""METHODOLOGY"": ""PPI"", ""OVERLAP"": ""OL"", ""REFERENCE_PERIOD"": ""2010=100"", ""SCALE"": ""0"", ""SECURITY_CLASSIFICATION"": ""PUB"", ""TYPE_OF_TRANSFORMATION"": ""IX""}}"
IRL,producer_price_index_quarterly_imf,2022-Q4,quarterly,102.97723292469351,\N,derived,IMF_PPI,IMF|ACCESS_SHARING_LEVEL=PUBLIC_OPEN|FREQUENCY=M|IFS_FLAG=true|INDICATOR=PPI|METHODOLOGY=PPI|OVERLAP=OL|REFERENCE_PERIOD=2010=100|SCALE=0|SECURITY_CLASSIFICATION=PUB|TYPE_OF_TRANSFORMATION=IX|aggregation=quarterly_mean,\N,"{""aggregation_method"": ""quarterly_mean"", ""source_derivation_types"": [""O"", ""O"", ""O""], ""source_months"": [""2022-M10"", ""2022-M11"", ""2022-M12""], ""source_observation_count"": 3, ""source_series_dimensions"": {""ACCESS_SHARING_LEVEL"": ""PUBLIC_OPEN"", ""COUNTRY"": ""IRL"", ""FREQUENCY"": ""M"", ""IFS_FLAG"": ""true"", ""INDICATOR"": ""PPI"", ""METHODOLOGY"": ""PPI"", ""OVERLAP"": ""OL"", ""REFERENCE_PERIOD"": ""2010=100"", ""SCALE"": ""0"", ""SECURITY_CLASSIFICATION"": ""PUB"", ""TYPE_OF_TRANSFORMATION"": ""IX""}}"
IRL,producer_price_index_quarterly_imf,2023-Q1,quarterly,99.47460595446582,\N,derived,IMF_PPI,IMF|ACCESS_SHARING_LEVEL=PUBLIC_OPEN|FREQUENCY=M|IFS_FLAG=true|INDICATOR=PPI|METHODOLOGY=PPI|OVERLAP=OL|REFERENCE_PERIOD=2010=100|SCALE=0|SECURITY_CLASSIFICATION=PUB|TYPE_OF_TRANSFORMATION=IX|aggregation=quarterly_mean,\N,"{""aggregation_method"": ""quarterly_mean"", ""source_derivation_types"": [""O"", ""O"", ""O""], ""source_months"": [""2023-M01"", ""2023-M02"", ""2023-M03""], ""source_observation_count"": 3, ""source_series_dimensions"": {""ACCESS_SHARING_LEVEL"": ""PUBLIC_OPEN"", ""COUNTRY"": ""IRL"", ""FREQUENCY"": ""M"", ""IFS_FLAG"": ""true"", ""INDICATOR"": ""PPI"", ""METHODOLOGY"": ""PPI"", ""OVERLAP"": ""OL"", ""REFERENCE_PERIOD"": ""2010=100"", ""SCALE"": ""0"", ""SECURITY_CLASSIFICATION"": ""PUB"", ""TYPE_OF_TRANSFORMATION"": ""IX""}}"
IRL,producer_price_index_quarterly_imf,2023-Q2,quarterly,96.27655524251882,\N,derived,IMF_PPI,IMF|ACCESS_SHARING_LEVEL=PUBLIC_OPEN|FREQUENCY=M|IFS_FLAG=true|INDICATOR=PPI|METHODOLOGY=PPI|OVERLAP=OL|REFERENCE_PERIOD=2010=100|SCALE=0|SECURITY_CLASSIFICATION=PUB|TYPE_OF_TRANSFORMATION=IX|aggregation=quarterly_mean,\N,"{""aggregation_method"": ""quarterly_mean"", ""source_derivation_types"": [""O"", ""O"", ""O""], ""source_months"": [""2023-M04"", ""2023-M05"", ""2023-M06""], ""source_observation_count"": 3, ""source_series_dimensions"": {""ACCESS_SHARING_LEVEL"": ""PUBLIC_OPEN"", ""COUNTRY"": ""IRL"", ""FREQUENCY"": ""M"", ""IFS_FLAG"": ""true"", ""INDICATOR"": ""PPI"", ""METHODOLOGY"": ""PPI"", ""OVERLAP"": ""OL"", ""REFERENCE_PERIOD"": ""2010=100"", ""SCALE"": ""0"", ""SECURITY_CLASSIFICATION"": ""PUB"", ""TYPE_OF_TRANSFORMATION"": ""IX""}}"
IRL,producer_price_index_quarterly_imf,2023-Q3,quarterly,95.78923322926975,\N,derived,IMF_PPI,IMF|ACCESS_SHARING_LEVEL=PUBLIC_OPEN|FREQUENCY=M|IFS_FLAG=true|INDICATOR=PPI|METHODOLOGY=PPI|OVERLAP=OL|REFERENCE_PERIOD=2010=100|SCALE=0|SECURITY_CLASSIFICATION=PUB|TYPE_OF_TRANSFORMATION=IX|aggregation=quarterly_mean,\N,"{""aggregation_method"": ""quarterly_mean"", ""source_derivation_types"": [""O"", ""O"", ""O""], ""source_months"": [""2023-M07"", ""2023-M08"", ""2023-M09""], ""source_observation_count"": 3, ""source_series_dimensions"": {""ACCESS_SHARING_LEVEL"": ""PUBLIC_OPEN"", ""COUNTRY"": ""IRL"", ""FREQUENCY"": ""M"", ""IFS_FLAG"": ""true"", ""INDICATOR"": ""PPI"", ""METHODOLOGY"": ""PPI"", ""OVERLAP"": ""OL"", ""REFERENCE_PERIOD"": ""2010=100"", ""SCALE"": ""0"", ""SECURITY_CLASSIFICATION"": ""PUB"", ""TYPE_OF_TRANSFORMATION"": ""IX""}}"
IRL,producer_price_index_quarterly_imf,2023-Q4,quarterly,97.06845351404854,\N,derived,IMF_PPI,IMF|ACCESS_SHARING_LEVEL=PUBLIC_OPEN|FREQUENCY=M|IFS_FLAG=true|INDICATOR=PPI|METHODOLOGY=PPI|OVERLAP=OL|REFERENCE_PERIOD=2010=100|SCALE=0|SECURITY_CLASSIFICATION=PUB|TYPE_OF_TRANSFORMATION=IX|aggregation=quarterly_mean,\N,"{""aggregation_method"": ""quarterly_mean"", ""source_derivation_types"": [""O"", ""O"", ""O""], ""source_months"": [""2023-M10"", ""2023-M11"", ""2023-M12""], ""source_observation_count"": 3, ""source_series_dimensions"": {""ACCESS_SHARING_LEVEL"": ""PUBLIC_OPEN"", ""COUNTRY"": ""IRL"", ""FREQUENCY"": ""M"", ""IFS_FLAG"": ""true"", ""INDICATOR"": ""PPI"", ""METHODOLOGY"": ""PPI"", ""OVERLAP"": ""OL"", ""REFERENCE_PERIOD"": ""2010=100"", ""SCALE"": ""0"", ""SECURITY_CLASSIFICATION"": ""PUB"", ""TYPE_OF_TRANSFORMATION"": ""IX""}}"
IRL,producer_price_index_quarterly_imf,2024-Q1,quarterly,97.06845351404854,\N,derived,IMF_PPI,IMF|ACCESS_SHARING_LEVEL=PUBLIC_OPEN|FREQUENCY=M|IFS_FLAG=true|INDICATOR=PPI|METHODOLOGY=PPI|OVERLAP=OL|REFERENCE_PERIOD=2010=100|SCALE=0|SECURITY_CLASSIFICATION=PUB|TYPE_OF_TRANSFORMATION=IX|aggregation=quarterly_mean,\N,"{""aggregation_method"": ""quarterly_mean"", ""source_derivation_types"": [""O"", ""O"", ""O""], ""source_months"": [""2024-M01"", ""2024-M02"", ""2024-M03""], ""source_observation_count"": 3, ""source_series_dimensions"": {""ACCESS_SHARING_LEVEL"": ""PUBLIC_OPEN"", ""COUNTRY"": ""IRL"", ""FREQUENCY"": ""M"", ""IFS_FLAG"": ""true"", ""INDICATOR"": ""PPI"", ""METHODOLOGY"": ""PPI"", ""OVERLAP"": ""OL"", ""REFERENCE_PERIOD"": ""2010=100"", ""SCALE"": ""0"", ""SECURITY_CLASSIFICATION"": ""PUB"", ""TYPE_OF_TRANSFORMATION"": ""IX""}}"
IRL,producer_price_index_quarterly_imf,2024-Q2,quarterly,97.40348739815728,\N,derived,IMF_PPI,IMF|ACCESS_SHARING_LEVEL=PUBLIC_OPEN|FREQUENCY=M|IFS_FLAG=true|INDICATOR=PPI|METHODOLOGY=PPI|OVERLAP=OL|REFERENCE_PERIOD=2010=100|SCALE=0|SECURITY_CLASSIFICATION=PUB|TYPE_OF_TRANSFORMATION=IX|aggregation=quarterly_mean,\N,"{""aggregation_method"": ""quarterly_mean"", ""source_derivation_types"": [""O"", ""O"", ""O""], ""source_months"": [""2024-M04"", ""2024-M05"", ""2024-M06""], ""source_observation_count"": 3, ""source_series_dimensions"": {""ACCESS_SHARING_LEVEL"": ""PUBLIC_OPEN"", ""COUNTRY"": ""IRL"", ""FREQUENCY"": ""M"", ""IFS_FLAG"": ""true"", ""INDICATOR"": ""PPI"", ""METHODOLOGY"": ""PPI"", ""OVERLAP"": ""OL"", ""REFERENCE_PERIOD"": ""2010=100"", ""SCALE"": ""0"", ""SECURITY_CLASSIFICATION"": ""PUB"", ""TYPE_OF_TRANSFORMATION"": ""IX""}}"
IRL,producer_price_index_quarterly_imf,2024-Q3,quarterly,95.88060610675394,\N,derived,IMF_PPI,IMF|ACCESS_SHARING_LEVEL=PUBLIC_OPEN|FREQUENCY=M|IFS_FLAG=true|INDICATOR=PPI|METHODOLOGY=PPI|OVERLAP=OL|REFERENCE_PERIOD=2010=100|SCALE=0|SECURITY_CLASSIFICATION=PUB|TYPE_OF_TRANSFORMATION=IX|aggregation=quarterly_mean,\N,"{""aggregation_method"": ""quarterly_mean"", ""source_derivation_types"": [""O"", ""O"", ""O""], ""source_months"": [""2024-M07"", ""2024-M08"", ""2024-M09""], ""source_observation_count"": 3, ""source_series_dimensions"": {""ACCESS_SHARING_LEVEL"": ""PUBLIC_OPEN"", ""COUNTRY"": ""IRL"", ""FREQUENCY"": ""M"", ""IFS_FLAG"": ""true"", ""INDICATOR"": ""PPI"", ""METHODOLOGY"": ""PPI"", ""OVERLAP"": ""OL"", ""REFERENCE_PERIOD"": ""2010=100"", ""SCALE"": ""0"", ""SECURITY_CLASSIFICATION"": ""PUB"", ""TYPE_OF_TRANSFORMATION"": ""IX""}}"
IRL,producer_price_index_quarterly_imf,2024-Q4,quarterly,99.20048732201322,\N,derived,IMF_PPI,IMF|ACCESS_SHARING_LEVEL=PUBLIC_OPEN|FREQUENCY=M|IFS_FLAG=true|INDICATOR=PPI|METHODOLOGY=PPI|OVERLAP=OL|REFERENCE_PERIOD=2010=100|SCALE=0|SECURITY_CLASSIFICATION=PUB|TYPE_OF_TRANSFORMATION=IX|aggregation=quarterly_mean,\N,"{""aggregation_method"": ""quarterly_mean"", ""source_derivation_types"": [""O"", ""O"", ""O""], ""source_months"": [""2024-M10"", ""2024-M11"", ""2024-M12""], ""source_observation_count"": 3, ""source_series_dimensions"": {""ACCESS_SHARING_LEVEL"": ""PUBLIC_OPEN"", ""COUNTRY"": ""IRL"", ""FREQUENCY"": ""M"", ""IFS_FLAG"": ""true"", ""INDICATOR"": ""PPI"", ""METHODOLOGY"": ""PPI"", ""OVERLAP"": ""OL"", ""REFERENCE_PERIOD"": ""2010=100"", ""SCALE"": ""0"", ""SECURITY_CLASSIFICATION"": ""PUB"", ""TYPE_OF_TRANSFORMATION"": ""IX""}}"
ISR,producer_price_index_quarterly_imf,2020-Q1,quarterly,103.05626963724164,\N,derived,IMF_PPI,IMF|ACCESS_SHARING_LEVEL=PUBLIC_OPEN|FREQUENCY=M|IFS_FLAG=true|INDICATOR=PPI|METHODOLOGY=PPI|OVERLAP=OL|REFERENCE_PERIOD=2010=100|SCALE=0|SECURITY_CLASSIFICATION=PUB|TYPE_OF_TRANSFORMATION=IX|aggregation=quarterly_mean,\N,"{""aggregation_method"": ""quarterly_mean"", ""source_derivation_types"": [""O"", ""O"", ""O""], ""source_months"": [""2020-M01"", ""2020-M02"", ""2020-M03""], ""source_observation_count"": 3, ""source_series_dimensions"": {""ACCESS_SHARING_LEVEL"": ""PUBLIC_OPEN"", ""COUNTRY"": ""ISR"", ""FREQUENCY"": ""M"", ""IFS_FLAG"": ""true"", ""INDICATOR"": ""PPI"", ""METHODOLOGY"": ""PPI"", ""OVERLAP"": ""OL"", ""REFERENCE_PERIOD"": ""2010=100"", ""SCALE"": ""0"", ""SECURITY_CLASSIFICATION"": ""PUB"", ""TYPE_OF_TRANSFORMATION"": ""IX""}}"
ISR,producer_price_index_quarterly_imf,2020-Q2,quarterly,97.17269351613363,\N,derived,IMF_PPI,IMF|ACCESS_SHARING_LEVEL=PUBLIC_OPEN|FREQUENCY=M|IFS_FLAG=true|INDICATOR=PPI|METHODOLOGY=PPI|OVERLAP=OL|REFERENCE_PERIOD=2010=100|SCALE=0|SECURITY_CLASSIFICATION=PUB|TYPE_OF_TRANSFORMATION=IX|aggregation=quarterly_mean,\N,"{""aggregation_method"": ""quarterly_mean"", ""source_derivation_types"": [""O"", ""O"", ""O""], ""source_months"": [""2020-M04"", ""2020-M05"", ""2020-M06""], ""source_observation_count"": 3, ""source_series_dimensions"": {""ACCESS_SHARING_LEVEL"": ""PUBLIC_OPEN"", ""COUNTRY"": ""ISR"", ""FREQUENCY"": ""M"", ""IFS_FLAG"": ""true"", ""INDICATOR"": ""PPI"", ""METHODOLOGY"": ""PPI"", ""OVERLAP"": ""OL"", ""REFERENCE_PERIOD"": ""2010=100"", ""SCALE"": ""0"", ""SECURITY_CLASSIFICATION"": ""PUB"", ""TYPE_OF_TRANSFORMATION"": ""IX""}}"
ISR,producer_price_index_quarterly_imf,2020-Q3,quarterly,98.93401885175194,\N,derived,IMF_PPI,IMF|ACCESS_SHARING_LEVEL=PUBLIC_OPEN|FREQUENCY=M|IFS_FLAG=true|INDICATOR=PPI|METHODOLOGY=PPI|OVERLAP=OL|REFERENCE_PERIOD=2010=100|SCALE=0|SECURITY_CLASSIFICATION=PUB|TYPE_OF_TRANSFORMATION=IX|aggregation=quarterly_mean,\N,"{""aggregation_method"": ""quarterly_mean"", ""source_derivation_types"": [""O"", ""O"", ""O""], ""source_months"": [""2020-M07"", ""2020-M08"", ""2020-M09""], ""source_observation_count"": 3, ""source_series_dimensions"": {""ACCESS_SHARING_LEVEL"": ""PUBLIC_OPEN"", ""COUNTRY"": ""ISR"", ""FREQUENCY"": ""M"", ""IFS_FLAG"": ""true"", ""INDICATOR"": ""PPI"", ""METHODOLOGY"": ""PPI"", ""OVERLAP"": ""OL"", ""REFERENCE_PERIOD"": ""2010=100"", ""SCALE"": ""0"", ""SECURITY_CLASSIFICATION"": ""PUB"", ""TYPE_OF_TRANSFORMATION"": ""IX""}}"
ISR,producer_price_index_quarterly_imf,2020-Q4,quarterly,98.82159383032952,\N,derived,IMF_PPI,IMF|ACCESS_SHARING_LEVEL=PUBLIC_OPEN|FREQUENCY=M|IFS_FLAG=true|INDICATOR=PPI|METHODOLOGY=PPI|OVERLAP=OL|REFERENCE_PERIOD=2010=100|SCALE=0|SECURITY_CLASSIFICATION=PUB|TYPE_OF_TRANSFORMATION=IX|aggregation=quarterly_mean,\N,"{""aggregation_method"": ""quarterly_mean"", ""source_derivation_types"": [""O"", ""O"", ""O""], ""source_months"": [""2020-M10"", ""2020-M11"", ""2020-M12""], ""source_observation_count"": 3, ""source_series_dimensions"": {""ACCESS_SHARING_LEVEL"": ""PUBLIC_OPEN"", ""COUNTRY"": ""ISR"", ""FREQUENCY"": ""M"", ""IFS_FLAG"": ""true"", ""INDICATOR"": ""PPI"", ""METHODOLOGY"": ""PPI"", ""OVERLAP"": ""OL"", ""REFERENCE_PERIOD"": ""2010=100"", ""SCALE"": ""0"", ""SECURITY_CLASSIFICATION"": ""PUB"", ""TYPE_OF_TRANSFORMATION"": ""IX""}}"
ISR,producer_price_index_quarterly_imf,2021-Q1,quarterly,110.88854612967198,\N,derived,IMF_PPI,IMF|ACCESS_SHARING_LEVEL=PUBLIC_OPEN|FREQUENCY=M|IFS_FLAG=true|INDICATOR=PPI|METHODOLOGY=PPI|OVERLAP=OL|REFERENCE_PERIOD=2010=100|SCALE=0|SECURITY_CLASSIFICATION=PUB|TYPE_OF_TRANSFORMATION=IX|aggregation=quarterly_mean,\N,"{""aggregation_method"": ""quarterly_mean"", ""source_derivation_types"": [""O"", ""O"", ""O""], ""source_months"": [""2021-M01"", ""2021-M02"", ""2021-M03""], ""source_observation_count"": 3, ""source_series_dimensions"": {""ACCESS_SHARING_LEVEL"": ""PUBLIC_OPEN"", ""COUNTRY"": ""ISR"", ""FREQUENCY"": ""M"", ""IFS_FLAG"": ""true"", ""INDICATOR"": ""PPI"", ""METHODOLOGY"": ""PPI"", ""OVERLAP"": ""OL"", ""REFERENCE_PERIOD"": ""2010=100"", ""SCALE"": ""0"", ""SECURITY_CLASSIFICATION"": ""PUB"", ""TYPE_OF_TRANSFORMATION"": ""IX""}}"
ISR,producer_price_index_quarterly_imf,2021-Q2,quarterly,120.0699228791717,\N,derived,IMF_PPI,IMF|ACCESS_SHARING_LEVEL=PUBLIC_OPEN|FREQUENCY=M|IFS_FLAG=true|INDICATOR=PPI|METHODOLOGY=PPI|OVERLAP=OL|REFERENCE_PERIOD=2010=100|SCALE=0|SECURITY_CLASSIFICATION=PUB|TYPE_OF_TRANSFORMATION=IX|aggregation=quarterly_mean,\N,"{""aggregation_method"": ""quarterly_mean"", ""source_derivation_types"": [""O"", ""O"", ""O""], ""source_months"": [""2021-M04"", ""2021-M05"", ""2021-M06""], ""source_observation_count"": 3, ""source_series_dimensions"": {""ACCESS_SHARING_LEVEL"": ""PUBLIC_OPEN"", ""COUNTRY"": ""ISR"", ""FREQUENCY"": ""M"", ""IFS_FLAG"": ""true"", ""INDICATOR"": ""PPI"", ""METHODOLOGY"": ""PPI"", ""OVERLAP"": ""OL"", ""REFERENCE_PERIOD"": ""2010=100"", ""SCALE"": ""0"", ""SECURITY_CLASSIFICATION"": ""PUB"", ""TYPE_OF_TRANSFORMATION"": ""IX""}}"
ITA,producer_price_index_quarterly_imf,2020-Q1,quarterly,105.17882689556507,\N,derived,IMF_PPI,IMF|ACCESS_SHARING_LEVEL=PUBLIC_OPEN|FREQUENCY=M|IFS_FLAG=true|INDICATOR=PPI|METHODOLOGY=PPI|OVERLAP=OL|REFERENCE_PERIOD=2010=100|SCALE=0|SECURITY_CLASSIFICATION=PUB|TYPE_OF_TRANSFORMATION=IX|aggregation=quarterly_mean,\N,"{""aggregation_method"": ""quarterly_mean"", ""source_derivation_types"": [""O"", ""O"", ""O""], ""source_months"": [""2020-M01"", ""2020-M02"", ""2020-M03""], ""source_observation_count"": 3, ""source_series_dimensions"": {""ACCESS_SHARING_LEVEL"": ""PUBLIC_OPEN"", ""COUNTRY"": ""ITA"", ""FREQUENCY"": ""M"", ""IFS_FLAG"": ""true"", ""INDICATOR"": ""PPI"", ""METHODOLOGY"": ""PPI"", ""OVERLAP"": ""OL"", ""REFERENCE_PERIOD"": ""2010=100"", ""SCALE"": ""0"", ""SECURITY_CLASSIFICATION"": ""PUB"", ""TYPE_OF_TRANSFORMATION"": ""IX""}}"
ITA,producer_price_index_quarterly_imf,2020-Q2,quarterly,101.63090128755364,\N,derived,IMF_PPI,IMF|ACCESS_SHARING_LEVEL=PUBLIC_OPEN|FREQUENCY=M|IFS_FLAG=true|INDICATOR=PPI|METHODOLOGY=PPI|OVERLAP=OL|REFERENCE_PERIOD=2010=100|SCALE=0|SECURITY_CLASSIFICATION=PUB|TYPE_OF_TRANSFORMATION=IX|aggregation=quarterly_mean,\N,"{""aggregation_method"": ""quarterly_mean"", ""source_derivation_types"": [""O"", ""O"", ""O""], ""source_months"": [""2020-M04"", ""2020-M05"", ""2020-M06""], ""source_observation_count"": 3, ""source_series_dimensions"": {""ACCESS_SHARING_LEVEL"": ""PUBLIC_OPEN"", ""COUNTRY"": ""ITA"", ""FREQUENCY"": ""M"", ""IFS_FLAG"": ""true"", ""INDICATOR"": ""PPI"", ""METHODOLOGY"": ""PPI"", ""OVERLAP"": ""OL"", ""REFERENCE_PERIOD"": ""2010=100"", ""SCALE"": ""0"", ""SECURITY_CLASSIFICATION"": ""PUB"", ""TYPE_OF_TRANSFORMATION"": ""IX""}}"
ITA,producer_price_index_quarterly_imf,2020-Q3,quarterly,103.00429184549357,\N,derived,IMF_PPI,IMF|ACCESS_SHARING_LEVEL=PUBLIC_OPEN|FREQUENCY=M|IFS_FLAG=true|INDICATOR=PPI|METHODOLOGY=PPI|OVERLAP=OL|REFERENCE_PERIOD=2010=100|SCALE=0|SECURITY_CLASSIFICATION=PUB|TYPE_OF_TRANSFORMATION=IX|aggregation=quarterly_mean,\N,"{""aggregation_method"": ""quarterly_mean"", ""source_derivation_types"": [""O"", ""O"", ""O""], ""source_months"": [""2020-M07"", ""2020-M08"", ""2020-M09""], ""source_observation_count"": 3, ""source_series_dimensions"": {""ACCESS_SHARING_LEVEL"": ""PUBLIC_OPEN"", ""COUNTRY"": ""ITA"", ""FREQUENCY"": ""M"", ""IFS_FLAG"": ""true"", ""INDICATOR"": ""PPI"", ""METHODOLOGY"": ""PPI"", ""OVERLAP"": ""OL"", ""REFERENCE_PERIOD"": ""2010=100"", ""SCALE"": ""0"", ""SECURITY_CLASSIFICATION"": ""PUB"", ""TYPE_OF_TRANSFORMATION"": ""IX""}}"
ITA,producer_price_index_quarterly_imf,2020-Q4,quarterly,103.8435860753457,\N,derived,IMF_PPI,IMF|ACCESS_SHARING_LEVEL=PUBLIC_OPEN|FREQUENCY=M|IFS_FLAG=true|INDICATOR=PPI|METHODOLOGY=PPI|OVERLAP=OL|REFERENCE_PERIOD=2010=100|SCALE=0|SECURITY_CLASSIFICATION=PUB|TYPE_OF_TRANSFORMATION=IX|aggregation=quarterly_mean,\N,"{""aggregation_method"": ""quarterly_mean"", ""source_derivation_types"": [""O"", ""O"", ""O""], ""source_months"": [""2020-M10"", ""2020-M11"", ""2020-M12""], ""source_observation_count"": 3, ""source_series_dimensions"": {""ACCESS_SHARING_LEVEL"": ""PUBLIC_OPEN"", ""COUNTRY"": ""ITA"", ""FREQUENCY"": ""M"", ""IFS_FLAG"": ""true"", ""INDICATOR"": ""PPI"", ""METHODOLOGY"": ""PPI"", ""OVERLAP"": ""OL"", ""REFERENCE_PERIOD"": ""2010=100"", ""SCALE"": ""0"", ""SECURITY_CLASSIFICATION"": ""PUB"", ""TYPE_OF_TRANSFORMATION"": ""IX""}}"
ITA,producer_price_index_quarterly_imf,2021-Q1,quarterly,106.20886981402003,\N,derived,IMF_PPI,IMF|ACCESS_SHARING_LEVEL=PUBLIC_OPEN|FREQUENCY=M|IFS_FLAG=true|INDICATOR=PPI|METHODOLOGY=PPI|OVERLAP=OL|REFERENCE_PERIOD=2010=100|SCALE=0|SECURITY_CLASSIFICATION=PUB|TYPE_OF_TRANSFORMATION=IX|aggregation=quarterly_mean,\N,"{""aggregation_method"": ""quarterly_mean"", ""source_derivation_types"": [""O"", ""O"", ""O""], ""source_months"": [""2021-M01"", ""2021-M02"", ""2021-M03""], ""source_observation_count"": 3, ""source_series_dimensions"": {""ACCESS_SHARING_LEVEL"": ""PUBLIC_OPEN"", ""COUNTRY"": ""ITA"", ""FREQUENCY"": ""M"", ""IFS_FLAG"": ""true"", ""INDICATOR"": ""PPI"", ""METHODOLOGY"": ""PPI"", ""OVERLAP"": ""OL"", ""REFERENCE_PERIOD"": ""2010=100"", ""SCALE"": ""0"", ""SECURITY_CLASSIFICATION"": ""PUB"", ""TYPE_OF_TRANSFORMATION"": ""IX""}}"
ITA,producer_price_index_quarterly_imf,2021-Q2,quarterly,109.75679542203143,\N,derived,IMF_PPI,IMF|ACCESS_SHARING_LEVEL=PUBLIC_OPEN|FREQUENCY=M|IFS_FLAG=true|INDICATOR=PPI|METHODOLOGY=PPI|OVERLAP=OL|REFERENCE_PERIOD=2010=100|SCALE=0|SECURITY_CLASSIFICATION=PUB|TYPE_OF_TRANSFORMATION=IX|aggregation=quarterly_mean,\N,"{""aggregation_method"": ""quarterly_mean"", ""source_derivation_types"": [""O"", ""O"", ""O""], ""source_months"": [""2021-M04"", ""2021-M05"", ""2021-M06""], ""source_observation_count"": 3, ""source_series_dimensions"": {""ACCESS_SHARING_LEVEL"": ""PUBLIC_OPEN"", ""COUNTRY"": ""ITA"", ""FREQUENCY"": ""M"", ""IFS_FLAG"": ""true"", ""INDICATOR"": ""PPI"", ""METHODOLOGY"": ""PPI"", ""OVERLAP"": ""OL"", ""REFERENCE_PERIOD"": ""2010=100"", ""SCALE"": ""0"", ""SECURITY_CLASSIFICATION"": ""PUB"", ""TYPE_OF_TRANSFORMATION"": ""IX""}}"
ITA,producer_price_index_quarterly_imf,2021-Q3,quarterly,115.36480686695278,\N,derived,IMF_PPI,IMF|ACCESS_SHARING_LEVEL=PUBLIC_OPEN|FREQUENCY=M|IFS_FLAG=true|INDICATOR=PPI|METHODOLOGY=PPI|OVERLAP=OL|REFERENCE_PERIOD=2010=100|SCALE=0|SECURITY_CLASSIFICATION=PUB|TYPE_OF_TRANSFORMATION=IX|aggregation=quarterly_mean,\N,"{""aggregation_method"": ""quarterly_mean"", ""source_derivation_types"": [""O"", ""O"", ""O""], ""source_months"": [""2021-M07"", ""2021-M08"", ""2021-M09""], ""source_observation_count"": 3, ""source_series_dimensions"": {""ACCESS_SHARING_LEVEL"": ""PUBLIC_OPEN"", ""COUNTRY"": ""ITA"", ""FREQUENCY"": ""M"", ""IFS_FLAG"": ""true"", ""INDICATOR"": ""PPI"", ""METHODOLOGY"": ""PPI"", ""OVERLAP"": ""OL"", ""REFERENCE_PERIOD"": ""2010=100"", ""SCALE"": ""0"", ""SECURITY_CLASSIFICATION"": ""PUB"", ""TYPE_OF_TRANSFORMATION"": ""IX""}}"
ITA,producer_price_index_quarterly_imf,2021-Q4,quarterly,126.50453028135429,\N,derived,IMF_PPI,IMF|ACCESS_SHARING_LEVEL=PUBLIC_OPEN|FREQUENCY=M|IFS_FLAG=true|INDICATOR=PPI|METHODOLOGY=PPI|OVERLAP=OL|REFERENCE_PERIOD=2010=100|SCALE=0|SECURITY_CLASSIFICATION=PUB|TYPE_OF_TRANSFORMATION=IX|aggregation=quarterly_mean,\N,"{""aggregation_method"": ""quarterly_mean"", ""source_derivation_types"": [""O"", ""O"", ""O""], ""source_months"": [""2021-M10"", ""2021-M11"", ""2021-M12""], ""source_observation_count"": 3, ""source_series_dimensions"": {""ACCESS_SHARING_LEVEL"": ""PUBLIC_OPEN"", ""COUNTRY"": ""ITA"", ""FREQUENCY"": ""M"", ""IFS_FLAG"": ""true"", ""INDICATOR"": ""PPI"", ""METHODOLOGY"": ""PPI"", ""OVERLAP"": ""OL"", ""REFERENCE_PERIOD"": ""2010=100"", ""SCALE"": ""0"", ""SECURITY_CLASSIFICATION"": ""PUB"", ""TYPE_OF_TRANSFORMATION"": ""IX""}}"
ITA,producer_price_index_quarterly_imf,2022-Q1,quarterly,142.52742012398664,\N,derived,IMF_PPI,IMF|ACCESS_SHARING_LEVEL=PUBLIC_OPEN|FREQUENCY=M|IFS_FLAG=true|INDICATOR=PPI|METHODOLOGY=PPI|OVERLAP=OL|REFERENCE_PERIOD=2010=100|SCALE=0|SECURITY_CLASSIFICATION=PUB|TYPE_OF_TRANSFORMATION=IX|aggregation=quarterly_mean,\N,"{""aggregation_method"": ""quarterly_mean"", ""source_derivation_types"": [""O"", ""O"", ""O""], ""source_months"": [""2022-M01"", ""2022-M02"", ""2022-M03""], ""source_observation_count"": 3, ""source_series_dimensions"": {""ACCESS_SHARING_LEVEL"": ""PUBLIC_OPEN"", ""COUNTRY"": ""ITA"", ""FREQUENCY"": ""M"", ""IFS_FLAG"": ""true"", ""INDICATOR"": ""PPI"", ""METHODOLOGY"": ""PPI"", ""OVERLAP"": ""OL"", ""REFERENCE_PERIOD"": ""2010=100"", ""SCALE"": ""0"", ""SECURITY_CLASSIFICATION"": ""PUB"", ""TYPE_OF_TRANSFORMATION"": ""IX""}}"
ITA,producer_price_index_quarterly_imf,2022-Q2,quarterly,147.79208392942294,\N,derived,IMF_PPI,IMF|ACCESS_SHARING_LEVEL=PUBLIC_OPEN|FREQUENCY=M|IFS_FLAG=true|INDICATOR=PPI|METHODOLOGY=PPI|OVERLAP=OL|REFERENCE_PERIOD=2010=100|SCALE=0|SECURITY_CLASSIFICATION=PUB|TYPE_OF_TRANSFORMATION=IX|aggregation=quarterly_mean,\N,"{""aggregation_method"": ""quarterly_mean"", ""source_derivation_types"": [""O"", ""O"", ""O""], ""source_months"": [""2022-M04"", ""2022-M05"", ""2022-M06""], ""source_observation_count"": 3, ""source_series_dimensions"": {""ACCESS_SHARING_LEVEL"": ""PUBLIC_OPEN"", ""COUNTRY"": ""ITA"", ""FREQUENCY"": ""M"", ""IFS_FLAG"": ""true"", ""INDICATOR"": ""PPI"", ""METHODOLOGY"": ""PPI"", ""OVERLAP"": ""OL"", ""REFERENCE_PERIOD"": ""2010=100"", ""SCALE"": ""0"", ""SECURITY_CLASSIFICATION"": ""PUB"", ""TYPE_OF_TRANSFORMATION"": ""IX""}}"
ITA,producer_price_index_quarterly_imf,2022-Q3,quarterly,161.0300429184549,\N,derived,IMF_PPI,IMF|ACCESS_SHARING_LEVEL=PUBLIC_OPEN|FREQUENCY=M|IFS_FLAG=true|INDICATOR=PPI|METHODOLOGY=PPI|OVERLAP=OL|REFERENCE_PERIOD=2010=100|SCALE=0|SECURITY_CLASSIFICATION=PUB|TYPE_OF_TRANSFORMATION=IX|aggregation=quarterly_mean,\N,"{""aggregation_method"": ""quarterly_mean"", ""source_derivation_types"": [""O"", ""O"", ""O""], ""source_months"": [""2022-M07"", ""2022-M08"", ""2022-M09""], ""source_observation_count"": 3, ""source_series_dimensions"": {""ACCESS_SHARING_LEVEL"": ""PUBLIC_OPEN"", ""COUNTRY"": ""ITA"", ""FREQUENCY"": ""M"", ""IFS_FLAG"": ""true"", ""INDICATOR"": ""PPI"", ""METHODOLOGY"": ""PPI"", ""OVERLAP"": ""OL"", ""REFERENCE_PERIOD"": ""2010=100"", ""SCALE"": ""0"", ""SECURITY_CLASSIFICATION"": ""PUB"", ""TYPE_OF_TRANSFORMATION"": ""IX""}}"
ITA,producer_price_index_quarterly_imf,2022-Q4,quarterly,163.92942298521692,\N,derived,IMF_PPI,IMF|ACCESS_SHARING_LEVEL=PUBLIC_OPEN|FREQUENCY=M|IFS_FLAG=true|INDICATOR=PPI|METHODOLOGY=PPI|OVERLAP=OL|REFERENCE_PERIOD=2010=100|SCALE=0|SECURITY_CLASSIFICATION=PUB|TYPE_OF_TRANSFORMATION=IX|aggregation=quarterly_mean,\N,"{""aggregation_method"": ""quarterly_mean"", ""source_derivation_types"": [""O"", ""O"", ""O""], ""source_months"": [""2022-M10"", ""2022-M11"", ""2022-M12""], ""source_observation_count"": 3, ""source_series_dimensions"": {""ACCESS_SHARING_LEVEL"": ""PUBLIC_OPEN"", ""COUNTRY"": ""ITA"", ""FREQUENCY"": ""M"", ""IFS_FLAG"": ""true"", ""INDICATOR"": ""PPI"", ""METHODOLOGY"": ""PPI"", ""OVERLAP"": ""OL"", ""REFERENCE_PERIOD"": ""2010=100"", ""SCALE"": ""0"", ""SECURITY_CLASSIFICATION"": ""PUB"", ""TYPE_OF_TRANSFORMATION"": ""IX""}}"
ITA,producer_price_index_quarterly_imf,2023-Q1,quarterly,154.01049117787315,\N,derived,IMF_PPI,IMF|ACCESS_SHARING_LEVEL=PUBLIC_OPEN|FREQUENCY=M|IFS_FLAG=true|INDICATOR=PPI|METHODOLOGY=PPI|OVERLAP=OL|REFERENCE_PERIOD=2010=100|SCALE=0|SECURITY_CLASSIFICATION=PUB|TYPE_OF_TRANSFORMATION=IX|aggregation=quarterly_mean,\N,"{""aggregation_method"": ""quarterly_mean"", ""source_derivation_types"": [""O"", ""O"", ""O""], ""source_months"": [""2023-M01"", ""2023-M02"", ""2023-M03""], ""source_observation_count"": 3, ""source_series_dimensions"": {""ACCESS_SHARING_LEVEL"": ""PUBLIC_OPEN"", ""COUNTRY"": ""ITA"", ""FREQUENCY"": ""M"", ""IFS_FLAG"": ""true"", ""INDICATOR"": ""PPI"", ""METHODOLOGY"": ""PPI"", ""OVERLAP"": ""OL"", ""REFERENCE_PERIOD"": ""2010=100"", ""SCALE"": ""0"", ""SECURITY_CLASSIFICATION"": ""PUB"", ""TYPE_OF_TRANSFORMATION"": ""IX""}}"
ITA,producer_price_index_quarterly_imf,2023-Q2,quarterly,142.26037195994272,\N,derived,IMF_PPI,IMF|ACCESS_SHARING_LEVEL=PUBLIC_OPEN|FREQUENCY=M|IFS_FLAG=true|INDICATOR=PPI|METHODOLOGY=PPI|OVERLAP=OL|REFERENCE_PERIOD=2010=100|SCALE=0|SECURITY_CLASSIFICATION=PUB|TYPE_OF_TRANSFORMATION=IX|aggregation=quarterly_mean,\N,"{""aggregation_method"": ""quarterly_mean"", ""source_derivation_types"": [""O"", ""O"", ""O""], ""source_months"": [""2023-M04"", ""2023-M05"", ""2023-M06""], ""source_observation_count"": 3, ""source_series_dimensions"": {""ACCESS_SHARING_LEVEL"": ""PUBLIC_OPEN"", ""COUNTRY"": ""ITA"", ""FREQUENCY"": ""M"", ""IFS_FLAG"": ""true"", ""INDICATOR"": ""PPI"", ""METHODOLOGY"": ""PPI"", ""OVERLAP"": ""OL"", ""REFERENCE_PERIOD"": ""2010=100"", ""SCALE"": ""0"", ""SECURITY_CLASSIFICATION"": ""PUB"", ""TYPE_OF_TRANSFORMATION"": ""IX""}}"
ITA,producer_price_index_quarterly_imf,2023-Q3,quarterly,141.42107773009062,\N,derived,IMF_PPI,IMF|ACCESS_SHARING_LEVEL=PUBLIC_OPEN|FREQUENCY=M|IFS_FLAG=true|INDICATOR=PPI|METHODOLOGY=PPI|OVERLAP=OL|REFERENCE_PERIOD=2010=100|SCALE=0|SECURITY_CLASSIFICATION=PUB|TYPE_OF_TRANSFORMATION=IX|aggregation=quarterly_mean,\N,"{""aggregation_method"": ""quarterly_mean"", ""source_derivation_types"": [""O"", ""O"", ""O""], ""source_months"": [""2023-M07"", ""2023-M08"", ""2023-M09""], ""source_observation_count"": 3, ""source_series_dimensions"": {""ACCESS_SHARING_LEVEL"": ""PUBLIC_OPEN"", ""COUNTRY"": ""ITA"", ""FREQUENCY"": ""M"", ""IFS_FLAG"": ""true"", ""INDICATOR"": ""PPI"", ""METHODOLOGY"": ""PPI"", ""OVERLAP"": ""OL"", ""REFERENCE_PERIOD"": ""2010=100"", ""SCALE"": ""0"", ""SECURITY_CLASSIFICATION"": ""PUB"", ""TYPE_OF_TRANSFORMATION"": ""IX""}}"
ITA,producer_price_index_quarterly_imf,2023-Q4,quarterly,142.90891750119218,\N,derived,IMF_PPI,IMF|ACCESS_SHARING_LEVEL=PUBLIC_OPEN|FREQUENCY=M|IFS_FLAG=true|INDICATOR=PPI|METHODOLOGY=PPI|OVERLAP=OL|REFERENCE_PERIOD=2010=100|SCALE=0|SECURITY_CLASSIFICATION=PUB|TYPE_OF_TRANSFORMATION=IX|aggregation=quarterly_mean,\N,"{""aggregation_method"": ""quarterly_mean"", ""source_derivation_types"": [""O"", ""O"", ""O""], ""source_months"": [""2023-M10"", ""2023-M11"", ""2023-M12""], ""source_observation_count"": 3, ""source_series_dimensions"": {""ACCESS_SHARING_LEVEL"": ""PUBLIC_OPEN"", ""COUNTRY"": ""ITA"", ""FREQUENCY"": ""M"", ""IFS_FLAG"": ""true"", ""INDICATOR"": ""PPI"", ""METHODOLOGY"": ""PPI"", ""OVERLAP"": ""OL"", ""REFERENCE_PERIOD"": ""2010=100"", ""SCALE"": ""0"", ""SECURITY_CLASSIFICATION"": ""PUB"", ""TYPE_OF_TRANSFORMATION"": ""IX""}}"
ITA,producer_price_index_quarterly_imf,2024-Q1,quarterly,138.02575107296136,\N,derived,IMF_PPI,IMF|ACCESS_SHARING_LEVEL=PUBLIC_OPEN|FREQUENCY=M|IFS_FLAG=true|INDICATOR=PPI|METHODOLOGY=PPI|OVERLAP=OL|REFERENCE_PERIOD=2010=100|SCALE=0|SECURITY_CLASSIFICATION=PUB|TYPE_OF_TRANSFORMATION=IX|aggregation=quarterly_mean,\N,"{""aggregation_method"": ""quarterly_mean"", ""source_derivation_types"": [""O"", ""O"", ""O""], ""source_months"": [""2024-M01"", ""2024-M02"", ""2024-M03""], ""source_observation_count"": 3, ""source_series_dimensions"": {""ACCESS_SHARING_LEVEL"": ""PUBLIC_OPEN"", ""COUNTRY"": ""ITA"", ""FREQUENCY"": ""M"", ""IFS_FLAG"": ""true"", ""INDICATOR"": ""PPI"", ""METHODOLOGY"": ""PPI"", ""OVERLAP"": ""OL"", ""REFERENCE_PERIOD"": ""2010=100"", ""SCALE"": ""0"", ""SECURITY_CLASSIFICATION"": ""PUB"", ""TYPE_OF_TRANSFORMATION"": ""IX""}}"
ITA,producer_price_index_quarterly_imf,2024-Q2,quarterly,136.61421077730088,\N,derived,IMF_PPI,IMF|ACCESS_SHARING_LEVEL=PUBLIC_OPEN|FREQUENCY=M|IFS_FLAG=true|INDICATOR=PPI|METHODOLOGY=PPI|OVERLAP=OL|REFERENCE_PERIOD=2010=100|SCALE=0|SECURITY_CLASSIFICATION=PUB|TYPE_OF_TRANSFORMATION=IX|aggregation=quarterly_mean,\N,"{""aggregation_method"": ""quarterly_mean"", ""source_derivation_types"": [""O"", ""O"", ""O""], ""source_months"": [""2024-M04"", ""2024-M05"", ""2024-M06""], ""source_observation_count"": 3, ""source_series_dimensions"": {""ACCESS_SHARING_LEVEL"": ""PUBLIC_OPEN"", ""COUNTRY"": ""ITA"", ""FREQUENCY"": ""M"", ""IFS_FLAG"": ""true"", ""INDICATOR"": ""PPI"", ""METHODOLOGY"": ""PPI"", ""OVERLAP"": ""OL"", ""REFERENCE_PERIOD"": ""2010=100"", ""SCALE"": ""0"", ""SECURITY_CLASSIFICATION"": ""PUB"", ""TYPE_OF_TRANSFORMATION"": ""IX""}}"
ITA,producer_price_index_quarterly_imf,2024-Q3,quarterly,139.58989031950406,\N,derived,IMF_PPI,IMF|ACCESS_SHARING_LEVEL=PUBLIC_OPEN|FREQUENCY=M|IFS_FLAG=true|INDICATOR=PPI|METHODOLOGY=PPI|OVERLAP=OL|REFERENCE_PERIOD=2010=100|SCALE=0|SECURITY_CLASSIFICATION=PUB|TYPE_OF_TRANSFORMATION=IX|aggregation=quarterly_mean,\N,"{""aggregation_method"": ""quarterly_mean"", ""source_derivation_types"": [""O"", ""O"", ""O""], ""source_months"": [""2024-M07"", ""2024-M08"", ""2024-M09""], ""source_observation_count"": 3, ""source_series_dimensions"": {""ACCESS_SHARING_LEVEL"": ""PUBLIC_OPEN"", ""COUNTRY"": ""ITA"", ""FREQUENCY"": ""M"", ""IFS_FLAG"": ""true"", ""INDICATOR"": ""PPI"", ""METHODOLOGY"": ""PPI"", ""OVERLAP"": ""OL"", ""REFERENCE_PERIOD"": ""2010=100"", ""SCALE"": ""0"", ""SECURITY_CLASSIFICATION"": ""PUB"", ""TYPE_OF_TRANSFORMATION"": ""IX""}}"
ITA,producer_price_index_quarterly_imf,2024-Q4,quarterly,141.84072484501667,\N,derived,IMF_PPI,IMF|ACCESS_SHARING_LEVEL=PUBLIC_OPEN|FREQUENCY=M|IFS_FLAG=true|INDICATOR=PPI|METHODOLOGY=PPI|OVERLAP=OL|REFERENCE_PERIOD=2010=100|SCALE=0|SECURITY_CLASSIFICATION=PUB|TYPE_OF_TRANSFORMATION=IX|aggregation=quarterly_mean,\N,"{""aggregation_method"": ""quarterly_mean"", ""source_derivation_types"": [""O"", ""O"", ""O""], ""source_months"": [""2024-M10"", ""2024-M11"", ""2024-M12""], ""source_observation_count"": 3, ""source_series_dimensions"": {""ACCESS_SHARING_LEVEL"": ""PUBLIC_OPEN"", ""COUNTRY"": ""ITA"", ""FREQUENCY"": ""M"", ""IFS_FLAG"": ""true"", ""INDICATOR"": ""PPI"", ""METHODOLOGY"": ""PPI"", ""OVERLAP"": ""OL"", ""REFERENCE_PERIOD"": ""2010=100"", ""SCALE"": ""0"", ""SECURITY_CLASSIFICATION"": ""PUB"", ""TYPE_OF_TRANSFORMATION"": ""IX""}}"
JAM,producer_price_index_quarterly_imf,2020-Q1,quarterly,166.3291139240507,\N,derived,IMF_PPI,IMF|ACCESS_SHARING_LEVEL=PUBLIC_OPEN|FREQUENCY=M|IFS_FLAG=true|INDICATOR=PPI|METHODOLOGY=PPI|OVERLAP=OL|REFERENCE_PERIOD=2010=100|SCALE=0|SECURITY_CLASSIFICATION=PUB|TYPE_OF_TRANSFORMATION=IX|aggregation=quarterly_mean,\N,"{""aggregation_method"": ""quarterly_mean"", ""source_derivation_types"": [""O"", ""O"", ""O""], ""source_months"": [""2020-M01"", ""2020-M02"", ""2020-M03""], ""source_observation_count"": 3, ""source_series_dimensions"": {""ACCESS_SHARING_LEVEL"": ""PUBLIC_OPEN"", ""COUNTRY"": ""JAM"", ""FREQUENCY"": ""M"", ""IFS_FLAG"": ""true"", ""INDICATOR"": ""PPI"", ""METHODOLOGY"": ""PPI"", ""OVERLAP"": ""OL"", ""REFERENCE_PERIOD"": ""2010=100"", ""SCALE"": ""0"", ""SECURITY_CLASSIFICATION"": ""PUB"", ""TYPE_OF_TRANSFORMATION"": ""IX""}}"
JAM,producer_price_index_quarterly_imf,2020-Q2,quarterly,163.03797468354426,\N,derived,IMF_PPI,IMF|ACCESS_SHARING_LEVEL=PUBLIC_OPEN|FREQUENCY=M|IFS_FLAG=true|INDICATOR=PPI|METHODOLOGY=PPI|OVERLAP=OL|REFERENCE_PERIOD=2010=100|SCALE=0|SECURITY_CLASSIFICATION=PUB|TYPE_OF_TRANSFORMATION=IX|aggregation=quarterly_mean,\N,"{""aggregation_method"": ""quarterly_mean"", ""source_derivation_types"": [""O"", ""O"", ""O""], ""source_months"": [""2020-M04"", ""2020-M05"", ""2020-M06""], ""source_observation_count"": 3, ""source_series_dimensions"": {""ACCESS_SHARING_LEVEL"": ""PUBLIC_OPEN"", ""COUNTRY"": ""JAM"", ""FREQUENCY"": ""M"", ""IFS_FLAG"": ""true"", ""INDICATOR"": ""PPI"", ""METHODOLOGY"": ""PPI"", ""OVERLAP"": ""OL"", ""REFERENCE_PERIOD"": ""2010=100"", ""SCALE"": ""0"", ""SECURITY_CLASSIFICATION"": ""PUB"", ""TYPE_OF_TRANSFORMATION"": ""IX""}}"
JAM,producer_price_index_quarterly_imf,2020-Q3,quarterly,166.61040787623068,\N,derived,IMF_PPI,IMF|ACCESS_SHARING_LEVEL=PUBLIC_OPEN|FREQUENCY=M|IFS_FLAG=true|INDICATOR=PPI|METHODOLOGY=PPI|OVERLAP=OL|REFERENCE_PERIOD=2010=100|SCALE=0|SECURITY_CLASSIFICATION=PUB|TYPE_OF_TRANSFORMATION=IX|aggregation=quarterly_mean,\N,"{""aggregation_method"": ""quarterly_mean"", ""source_derivation_types"": [""O"", ""O"", ""O""], ""source_months"": [""2020-M07"", ""2020-M08"", ""2020-M09""], ""source_observation_count"": 3, ""source_series_dimensions"": {""ACCESS_SHARING_LEVEL"": ""PUBLIC_OPEN"", ""COUNTRY"": ""JAM"", ""FREQUENCY"": ""M"", ""IFS_FLAG"": ""true"", ""INDICATOR"": ""PPI"", ""METHODOLOGY"": ""PPI"", ""OVERLAP"": ""OL"", ""REFERENCE_PERIOD"": ""2010=100"", ""SCALE"": ""0"", ""SECURITY_CLASSIFICATION"": ""PUB"", ""TYPE_OF_TRANSFORMATION"": ""IX""}}"
JAM,producer_price_index_quarterly_imf,2020-Q4,quarterly,166.63853727144866,\N,derived,IMF_PPI,IMF|ACCESS_SHARING_LEVEL=PUBLIC_OPEN|FREQUENCY=M|IFS_FLAG=true|INDICATOR=PPI|METHODOLOGY=PPI|OVERLAP=OL|REFERENCE_PERIOD=2010=100|SCALE=0|SECURITY_CLASSIFICATION=PUB|TYPE_OF_TRANSFORMATION=IX|aggregation=quarterly_mean,\N,"{""aggregation_method"": ""quarterly_mean"", ""source_derivation_types"": [""O"", ""O"", ""O""], ""source_months"": [""2020-M10"", ""2020-M11"", ""2020-M12""], ""source_observation_count"": 3, ""source_series_dimensions"": {""ACCESS_SHARING_LEVEL"": ""PUBLIC_OPEN"", ""COUNTRY"": ""JAM"", ""FREQUENCY"": ""M"", ""IFS_FLAG"": ""true"", ""INDICATOR"": ""PPI"", ""METHODOLOGY"": ""PPI"", ""OVERLAP"": ""OL"", ""REFERENCE_PERIOD"": ""2010=100"", ""SCALE"": ""0"", ""SECURITY_CLASSIFICATION"": ""PUB"", ""TYPE_OF_TRANSFORMATION"": ""IX""}}"
JAM,producer_price_index_quarterly_imf,2021-Q1,quarterly,172.96765119549934,\N,derived,IMF_PPI,IMF|ACCESS_SHARING_LEVEL=PUBLIC_OPEN|FREQUENCY=M|IFS_FLAG=true|INDICATOR=PPI|METHODOLOGY=PPI|OVERLAP=OL|REFERENCE_PERIOD=2010=100|SCALE=0|SECURITY_CLASSIFICATION=PUB|TYPE_OF_TRANSFORMATION=IX|aggregation=quarterly_mean,\N,"{""aggregation_method"": ""quarterly_mean"", ""source_derivation_types"": [""O"", ""O"", ""O""], ""source_months"": [""2021-M01"", ""2021-M02"", ""2021-M03""], ""source_observation_count"": 3, ""source_series_dimensions"": {""ACCESS_SHARING_LEVEL"": ""PUBLIC_OPEN"", ""COUNTRY"": ""JAM"", ""FREQUENCY"": ""M"", ""IFS_FLAG"": ""true"", ""INDICATOR"": ""PPI"", ""METHODOLOGY"": ""PPI"", ""OVERLAP"": ""OL"", ""REFERENCE_PERIOD"": ""2010=100"", ""SCALE"": ""0"", ""SECURITY_CLASSIFICATION"": ""PUB"", ""TYPE_OF_TRANSFORMATION"": ""IX""}}"
JAM,producer_price_index_quarterly_imf,2021-Q2,quarterly,183.29113924050634,\N,derived,IMF_PPI,IMF|ACCESS_SHARING_LEVEL=PUBLIC_OPEN|FREQUENCY=M|IFS_FLAG=true|INDICATOR=PPI|METHODOLOGY=PPI|OVERLAP=OL|REFERENCE_PERIOD=2010=100|SCALE=0|SECURITY_CLASSIFICATION=PUB|TYPE_OF_TRANSFORMATION=IX|aggregation=quarterly_mean,\N,"{""aggregation_method"": ""quarterly_mean"", ""source_derivation_types"": [""O"", ""O"", ""O""], ""source_months"": [""2021-M04"", ""2021-M05"", ""2021-M06""], ""source_observation_count"": 3, ""source_series_dimensions"": {""ACCESS_SHARING_LEVEL"": ""PUBLIC_OPEN"", ""COUNTRY"": ""JAM"", ""FREQUENCY"": ""M"", ""IFS_FLAG"": ""true"", ""INDICATOR"": ""PPI"", ""METHODOLOGY"": ""PPI"", ""OVERLAP"": ""OL"", ""REFERENCE_PERIOD"": ""2010=100"", ""SCALE"": ""0"", ""SECURITY_CLASSIFICATION"": ""PUB"", ""TYPE_OF_TRANSFORMATION"": ""IX""}}"
JAM,producer_price_index_quarterly_imf,2021-Q3,quarterly,191.92686357243318,\N,derived,IMF_PPI,IMF|ACCESS_SHARING_LEVEL=PUBLIC_OPEN|FREQUENCY=M|IFS_FLAG=true|INDICATOR=PPI|METHODOLOGY=PPI|OVERLAP=OL|REFERENCE_PERIOD=2010=100|SCALE=0|SECURITY_CLASSIFICATION=PUB|TYPE_OF_TRANSFORMATION=IX|aggregation=quarterly_mean,\N,"{""aggregation_method"": ""quarterly_mean"", ""source_derivation_types"": [""O"", ""O"", ""O""], ""source_months"": [""2021-M07"", ""2021-M08"", ""2021-M09""], ""source_observation_count"": 3, ""source_series_dimensions"": {""ACCESS_SHARING_LEVEL"": ""PUBLIC_OPEN"", ""COUNTRY"": ""JAM"", ""FREQUENCY"": ""M"", ""IFS_FLAG"": ""true"", ""INDICATOR"": ""PPI"", ""METHODOLOGY"": ""PPI"", ""OVERLAP"": ""OL"", ""REFERENCE_PERIOD"": ""2010=100"", ""SCALE"": ""0"", ""SECURITY_CLASSIFICATION"": ""PUB"", ""TYPE_OF_TRANSFORMATION"": ""IX""}}"
JAM,producer_price_index_quarterly_imf,2021-Q4,quarterly,200.168776371308,\N,derived,IMF_PPI,IMF|ACCESS_SHARING_LEVEL=PUBLIC_OPEN|FREQUENCY=M|IFS_FLAG=true|INDICATOR=PPI|METHODOLOGY=PPI|OVERLAP=OL|REFERENCE_PERIOD=2010=100|SCALE=0|SECURITY_CLASSIFICATION=PUB|TYPE_OF_TRANSFORMATION=IX|aggregation=quarterly_mean,\N,"{""aggregation_method"": ""quarterly_mean"", ""source_derivation_types"": [""O"", ""O"", ""O""], ""source_months"": [""2021-M10"", ""2021-M11"", ""2021-M12""], ""source_observation_count"": 3, ""source_series_dimensions"": {""ACCESS_SHARING_LEVEL"": ""PUBLIC_OPEN"", ""COUNTRY"": ""JAM"", ""FREQUENCY"": ""M"", ""IFS_FLAG"": ""true"", ""INDICATOR"": ""PPI"", ""METHODOLOGY"": ""PPI"", ""OVERLAP"": ""OL"", ""REFERENCE_PERIOD"": ""2010=100"", ""SCALE"": ""0"", ""SECURITY_CLASSIFICATION"": ""PUB"", ""TYPE_OF_TRANSFORMATION"": ""IX""}}"
JAM,producer_price_index_quarterly_imf,2022-Q1,quarterly,212.20815752461317,\N,derived,IMF_PPI,IMF|ACCESS_SHARING_LEVEL=PUBLIC_OPEN|FREQUENCY=M|IFS_FLAG=true|INDICATOR=PPI|METHODOLOGY=PPI|OVERLAP=OL|REFERENCE_PERIOD=2010=100|SCALE=0|SECURITY_CLASSIFICATION=PUB|TYPE_OF_TRANSFORMATION=IX|aggregation=quarterly_mean,\N,"{""aggregation_method"": ""quarterly_mean"", ""source_derivation_types"": [""O"", ""O"", ""O""], ""source_months"": [""2022-M01"", ""2022-M02"", ""2022-M03""], ""source_observation_count"": 3, ""source_series_dimensions"": {""ACCESS_SHARING_LEVEL"": ""PUBLIC_OPEN"", ""COUNTRY"": ""JAM"", ""FREQUENCY"": ""M"", ""IFS_FLAG"": ""true"", ""INDICATOR"": ""PPI"", ""METHODOLOGY"": ""PPI"", ""OVERLAP"": ""OL"", ""REFERENCE_PERIOD"": ""2010=100"", ""SCALE"": ""0"", ""SECURITY_CLASSIFICATION"": ""PUB"", ""TYPE_OF_TRANSFORMATION"": ""IX""}}"
JAM,producer_price_index_quarterly_imf,2022-Q2,quarterly,228.04500703234882,\N,derived,IMF_PPI,IMF|ACCESS_SHARING_LEVEL=PUBLIC_OPEN|FREQUENCY=M|IFS_FLAG=true|INDICATOR=PPI|METHODOLOGY=PPI|OVERLAP=OL|REFERENCE_PERIOD=2010=100|SCALE=0|SECURITY_CLASSIFICATION=PUB|TYPE_OF_TRANSFORMATION=IX|aggregation=quarterly_mean,\N,"{""aggregation_method"": ""quarterly_mean"", ""source_derivation_types"": [""O"", ""O"", ""O""], ""source_months"": [""2022-M04"", ""2022-M05"", ""2022-M06""], ""source_observation_count"": 3, ""source_series_dimensions"": {""ACCESS_SHARING_LEVEL"": ""PUBLIC_OPEN"", ""COUNTRY"": ""JAM"", ""FREQUENCY"": ""M"", ""IFS_FLAG"": ""true"", ""INDICATOR"": ""PPI"", ""METHODOLOGY"": ""PPI"", ""OVERLAP"": ""OL"", ""REFERENCE_PERIOD"": ""2010=100"", ""SCALE"": ""0"", ""SECURITY_CLASSIFICATION"": ""PUB"", ""TYPE_OF_TRANSFORMATION"": ""IX""}}"
JAM,producer_price_index_quarterly_imf,2022-Q3,quarterly,231.72995780590722,\N,derived,IMF_PPI,IMF|ACCESS_SHARING_LEVEL=PUBLIC_OPEN|FREQUENCY=M|IFS_FLAG=true|INDICATOR=PPI|METHODOLOGY=PPI|OVERLAP=OL|REFERENCE_PERIOD=2010=100|SCALE=0|SECURITY_CLASSIFICATION=PUB|TYPE_OF_TRANSFORMATION=IX|aggregation=quarterly_mean,\N,"{""aggregation_method"": ""quarterly_mean"", ""source_derivation_types"": [""O"", ""O"", ""O""], ""source_months"": [""2022-M07"", ""2022-M08"", ""2022-M09""], ""source_observation_count"": 3, ""source_series_dimensions"": {""ACCESS_SHARING_LEVEL"": ""PUBLIC_OPEN"", ""COUNTRY"": ""JAM"", ""FREQUENCY"": ""M"", ""IFS_FLAG"": ""true"", ""INDICATOR"": ""PPI"", ""METHODOLOGY"": ""PPI"", ""OVERLAP"": ""OL"", ""REFERENCE_PERIOD"": ""2010=100"", ""SCALE"": ""0"", ""SECURITY_CLASSIFICATION"": ""PUB"", ""TYPE_OF_TRANSFORMATION"": ""IX""}}"
JAM,producer_price_index_quarterly_imf,2022-Q4,quarterly,226.97609001406468,\N,derived,IMF_PPI,IMF|ACCESS_SHARING_LEVEL=PUBLIC_OPEN|FREQUENCY=M|IFS_FLAG=true|INDICATOR=PPI|METHODOLOGY=PPI|OVERLAP=OL|REFERENCE_PERIOD=2010=100|SCALE=0|SECURITY_CLASSIFICATION=PUB|TYPE_OF_TRANSFORMATION=IX|aggregation=quarterly_mean,\N,"{""aggregation_method"": ""quarterly_mean"", ""source_derivation_types"": [""O"", ""O"", ""O""], ""source_months"": [""2022-M10"", ""2022-M11"", ""2022-M12""], ""source_observation_count"": 3, ""source_series_dimensions"": {""ACCESS_SHARING_LEVEL"": ""PUBLIC_OPEN"", ""COUNTRY"": ""JAM"", ""FREQUENCY"": ""M"", ""IFS_FLAG"": ""true"", ""INDICATOR"": ""PPI"", ""METHODOLOGY"": ""PPI"", ""OVERLAP"": ""OL"", ""REFERENCE_PERIOD"": ""2010=100"", ""SCALE"": ""0"", ""SECURITY_CLASSIFICATION"": ""PUB"", ""TYPE_OF_TRANSFORMATION"": ""IX""}}"
JAM,producer_price_index_quarterly_imf,2023-Q1,quarterly,227.20112517580876,\N,derived,IMF_PPI,IMF|ACCESS_SHARING_LEVEL=PUBLIC_OPEN|FREQUENCY=M|IFS_FLAG=true|INDICATOR=PPI|METHODOLOGY=PPI|OVERLAP=OL|REFERENCE_PERIOD=2010=100|SCALE=0|SECURITY_CLASSIFICATION=PUB|TYPE_OF_TRANSFORMATION=IX|aggregation=quarterly_mean,\N,"{""aggregation_method"": ""quarterly_mean"", ""source_derivation_types"": [""O"", ""O"", ""O""], ""source_months"": [""2023-M01"", ""2023-M02"", ""2023-M03""], ""source_observation_count"": 3, ""source_series_dimensions"": {""ACCESS_SHARING_LEVEL"": ""PUBLIC_OPEN"", ""COUNTRY"": ""JAM"", ""FREQUENCY"": ""M"", ""IFS_FLAG"": ""true"", ""INDICATOR"": ""PPI"", ""METHODOLOGY"": ""PPI"", ""OVERLAP"": ""OL"", ""REFERENCE_PERIOD"": ""2010=100"", ""SCALE"": ""0"", ""SECURITY_CLASSIFICATION"": ""PUB"", ""TYPE_OF_TRANSFORMATION"": ""IX""}}"
KOR,producer_price_index_quarterly_imf,2020-Q1,quarterly,104.53012088734846,\N,derived,IMF_PPI,IMF|ACCESS_SHARING_LEVEL=PUBLIC_OPEN|FREQUENCY=M|IFS_FLAG=true|INDICATOR=PPI|METHODOLOGY=PPI|OVERLAP=OL|REFERENCE_PERIOD=2010=100|SCALE=0|SECURITY_CLASSIFICATION=PUB|TYPE_OF_TRANSFORMATION=IX|aggregation=quarterly_mean,\N,"{""aggregation_method"": ""quarterly_mean"", ""source_derivation_types"": [""O"", ""O"", ""O""], ""source_months"": [""2020-M01"", ""2020-M02"", ""2020-M03""], ""source_observation_count"": 3, ""source_series_dimensions"": {""ACCESS_SHARING_LEVEL"": ""PUBLIC_OPEN"", ""COUNTRY"": ""KOR"", ""FREQUENCY"": ""M"", ""IFS_FLAG"": ""true"", ""INDICATOR"": ""PPI"", ""METHODOLOGY"": ""PPI"", ""OVERLAP"": ""OL"", ""REFERENCE_PERIOD"": ""2010=100"", ""SCALE"": ""0"", ""SECURITY_CLASSIFICATION"": ""PUB"", ""TYPE_OF_TRANSFORMATION"": ""IX""}}"
KOR,producer_price_index_quarterly_imf,2020-Q2,quarterly,103.09326917414673,\N,derived,IMF_PPI,IMF|ACCESS_SHARING_LEVEL=PUBLIC_OPEN|FREQUENCY=M|IFS_FLAG=true|INDICATOR=PPI|METHODOLOGY=PPI|OVERLAP=OL|REFERENCE_PERIOD=2010=100|SCALE=0|SECURITY_CLASSIFICATION=PUB|TYPE_OF_TRANSFORMATION=IX|aggregation=quarterly_mean,\N,"{""aggregation_method"": ""quarterly_mean"", ""source_derivation_types"": [""O"", ""O"", ""O""], ""source_months"": [""2020-M04"", ""2020-M05"", ""2020-M06""], ""source_observation_count"": 3, ""source_series_dimensions"": {""ACCESS_SHARING_LEVEL"": ""PUBLIC_OPEN"", ""COUNTRY"": ""KOR"", ""FREQUENCY"": ""M"", ""IFS_FLAG"": ""true"", ""INDICATOR"": ""PPI"", ""METHODOLOGY"": ""PPI"", ""OVERLAP"": ""OL"", ""REFERENCE_PERIOD"": ""2010=100"", ""SCALE"": ""0"", ""SECURITY_CLASSIFICATION"": ""PUB"", ""TYPE_OF_TRANSFORMATION"": ""IX""}}"
KOR,producer_price_index_quarterly_imf,2020-Q3,quarterly,104.0960368803156,\N,derived,IMF_PPI,IMF|ACCESS_SHARING_LEVEL=PUBLIC_OPEN|FREQUENCY=M|IFS_FLAG=true|INDICATOR=PPI|METHODOLOGY=PPI|OVERLAP=OL|REFERENCE_PERIOD=2010=100|SCALE=0|SECURITY_CLASSIFICATION=PUB|TYPE_OF_TRANSFORMATION=IX|aggregation=quarterly_mean,\N,"{""aggregation_method"": ""quarterly_mean"", ""source_derivation_types"": [""O"", ""O"", ""O""], ""source_months"": [""2020-M07"", ""2020-M08"", ""2020-M09""], ""source_observation_count"": 3, ""source_series_dimensions"": {""ACCESS_SHARING_LEVEL"": ""PUBLIC_OPEN"", ""COUNTRY"": ""KOR"", ""FREQUENCY"": ""M"", ""IFS_FLAG"": ""true"", ""INDICATOR"": ""PPI"", ""METHODOLOGY"": ""PPI"", ""OVERLAP"": ""OL"", ""REFERENCE_PERIOD"": ""2010=100"", ""SCALE"": ""0"", ""SECURITY_CLASSIFICATION"": ""PUB"", ""TYPE_OF_TRANSFORMATION"": ""IX""}}"
KOR,producer_price_index_quarterly_imf,2020-Q4,quarterly,104.3147613799833,\N,derived,IMF_PPI,IMF|ACCESS_SHARING_LEVEL=PUBLIC_OPEN|FREQUENCY=M|IFS_FLAG=true|INDICATOR=PPI|METHODOLOGY=PPI|OVERLAP=OL|REFERENCE_PERIOD=2010=100|SCALE=0|SECURITY_CLASSIFICATION=PUB|TYPE_OF_TRANSFORMATION=IX|aggregation=quarterly_mean,\N,"{""aggregation_method"": ""quarterly_mean"", ""source_derivation_types"": [""O"", ""O"", ""O""], ""source_months"": [""2020-M10"", ""2020-M11"", ""2020-M12""], ""source_observation_count"": 3, ""source_series_dimensions"": {""ACCESS_SHARING_LEVEL"": ""PUBLIC_OPEN"", ""COUNTRY"": ""KOR"", ""FREQUENCY"": ""M"", ""IFS_FLAG"": ""true"", ""INDICATOR"": ""PPI"", ""METHODOLOGY"": ""PPI"", ""OVERLAP"": ""OL"", ""REFERENCE_PERIOD"": ""2010=100"", ""SCALE"": ""0"", ""SECURITY_CLASSIFICATION"": ""PUB"", ""TYPE_OF_TRANSFORMATION"": ""IX""}}"
KOR,producer_price_index_quarterly_imf,2021-Q1,quarterly,107.0067552220474,\N,derived,IMF_PPI,IMF|ACCESS_SHARING_LEVEL=PUBLIC_OPEN|FREQUENCY=M|IFS_FLAG=true|INDICATOR=PPI|METHODOLOGY=PPI|OVERLAP=OL|REFERENCE_PERIOD=2010=100|SCALE=0|SECURITY_CLASSIFICATION=PUB|TYPE_OF_TRANSFORMATION=IX|aggregation=quarterly_mean,\N,"{""aggregation_method"": ""quarterly_mean"", ""source_derivation_types"": [""O"", ""O"", ""O""], ""source_months"": [""2021-M01"", ""2021-M02"", ""2021-M03""], ""source_observation_count"": 3, ""source_series_dimensions"": {""ACCESS_SHARING_LEVEL"": ""PUBLIC_OPEN"", ""COUNTRY"": ""KOR"", ""FREQUENCY"": ""M"", ""IFS_FLAG"": ""true"", ""INDICATOR"": ""PPI"", ""METHODOLOGY"": ""PPI"", ""OVERLAP"": ""OL"", ""REFERENCE_PERIOD"": ""2010=100"", ""SCALE"": ""0"", ""SECURITY_CLASSIFICATION"": ""PUB"", ""TYPE_OF_TRANSFORMATION"": ""IX""}}"
KOR,producer_price_index_quarterly_imf,2021-Q2,quarterly,109.67519411799344,\N,derived,IMF_PPI,IMF|ACCESS_SHARING_LEVEL=PUBLIC_OPEN|FREQUENCY=M|IFS_FLAG=true|INDICATOR=PPI|METHODOLOGY=PPI|OVERLAP=OL|REFERENCE_PERIOD=2010=100|SCALE=0|SECURITY_CLASSIFICATION=PUB|TYPE_OF_TRANSFORMATION=IX|aggregation=quarterly_mean,\N,"{""aggregation_method"": ""quarterly_mean"", ""source_derivation_types"": [""O"", ""O"", ""O""], ""source_months"": [""2021-M04"", ""2021-M05"", ""2021-M06""], ""source_observation_count"": 3, ""source_series_dimensions"": {""ACCESS_SHARING_LEVEL"": ""PUBLIC_OPEN"", ""COUNTRY"": ""KOR"", ""FREQUENCY"": ""M"", ""IFS_FLAG"": ""true"", ""INDICATOR"": ""PPI"", ""METHODOLOGY"": ""PPI"", ""OVERLAP"": ""OL"", ""REFERENCE_PERIOD"": ""2010=100"", ""SCALE"": ""0"", ""SECURITY_CLASSIFICATION"": ""PUB"", ""TYPE_OF_TRANSFORMATION"": ""IX""}}"
KOR,producer_price_index_quarterly_imf,2021-Q3,quarterly,111.85570913006529,\N,derived,IMF_PPI,IMF|ACCESS_SHARING_LEVEL=PUBLIC_OPEN|FREQUENCY=M|IFS_FLAG=true|INDICATOR=PPI|METHODOLOGY=PPI|OVERLAP=OL|REFERENCE_PERIOD=2010=100|SCALE=0|SECURITY_CLASSIFICATION=PUB|TYPE_OF_TRANSFORMATION=IX|aggregation=quarterly_mean,\N,"{""aggregation_method"": ""quarterly_mean"", ""source_derivation_types"": [""O"", ""O"", ""O""], ""source_months"": [""2021-M07"", ""2021-M08"", ""2021-M09""], ""source_observation_count"": 3, ""source_series_dimensions"": {""ACCESS_SHARING_LEVEL"": ""PUBLIC_OPEN"", ""COUNTRY"": ""KOR"", ""FREQUENCY"": ""M"", ""IFS_FLAG"": ""true"", ""INDICATOR"": ""PPI"", ""METHODOLOGY"": ""PPI"", ""OVERLAP"": ""OL"", ""REFERENCE_PERIOD"": ""2010=100"", ""SCALE"": ""0"", ""SECURITY_CLASSIFICATION"": ""PUB"", ""TYPE_OF_TRANSFORMATION"": ""IX""}}"
KOR,producer_price_index_quarterly_imf,2021-Q4,quarterly,114.02949415753206,\N,derived,IMF_PPI,IMF|ACCESS_SHARING_LEVEL=PUBLIC_OPEN|FREQUENCY=M|IFS_FLAG=true|INDICATOR=PPI|METHODOLOGY=PPI|OVERLAP=OL|REFERENCE_PERIOD=2010=100|SCALE=0|SECURITY_CLASSIFICATION=PUB|TYPE_OF_TRANSFORMATION=IX|aggregation=quarterly_mean,\N,"{""aggregation_method"": ""quarterly_mean"", ""source_derivation_types"": [""O"", ""O"", ""O""], ""source_months"": [""2021-M10"", ""2021-M11"", ""2021-M12""], ""source_observation_count"": 3, ""source_series_dimensions"": {""ACCESS_SHARING_LEVEL"": ""PUBLIC_OPEN"", ""COUNTRY"": ""KOR"", ""FREQUENCY"": ""M"", ""IFS_FLAG"": ""true"", ""INDICATOR"": ""PPI"", ""METHODOLOGY"": ""PPI"", ""OVERLAP"": ""OL"", ""REFERENCE_PERIOD"": ""2010=100"", ""SCALE"": ""0"", ""SECURITY_CLASSIFICATION"": ""PUB"", ""TYPE_OF_TRANSFORMATION"": ""IX""}}"
KOR,producer_price_index_quarterly_imf,2022-Q1,quarterly,116.4455586307846,\N,derived,IMF_PPI,IMF|ACCESS_SHARING_LEVEL=PUBLIC_OPEN|FREQUENCY=M|IFS_FLAG=true|INDICATOR=PPI|METHODOLOGY=PPI|OVERLAP=OL|REFERENCE_PERIOD=2010=100|SCALE=0|SECURITY_CLASSIFICATION=PUB|TYPE_OF_TRANSFORMATION=IX|aggregation=quarterly_mean,\N,"{""aggregation_method"": ""quarterly_mean"", ""source_derivation_types"": [""O"", ""O"", ""O""], ""source_months"": [""2022-M01"", ""2022-M02"", ""2022-M03""], ""source_observation_count"": 3, ""source_series_dimensions"": {""ACCESS_SHARING_LEVEL"": ""PUBLIC_OPEN"", ""COUNTRY"": ""KOR"", ""FREQUENCY"": ""M"", ""IFS_FLAG"": ""true"", ""INDICATOR"": ""PPI"", ""METHODOLOGY"": ""PPI"", ""OVERLAP"": ""OL"", ""REFERENCE_PERIOD"": ""2010=100"", ""SCALE"": ""0"", ""SECURITY_CLASSIFICATION"": ""PUB"", ""TYPE_OF_TRANSFORMATION"": ""IX""}}"
LTU,producer_price_index_quarterly_imf,2020-Q1,quarterly,102.38074165855386,\N,derived,IMF_PPI,IMF|ACCESS_SHARING_LEVEL=PUBLIC_OPEN|FREQUENCY=M|IFS_FLAG=true|INDICATOR=PPI|METHODOLOGY=PPI|OVERLAP=OL|REFERENCE_PERIOD=2010=100|SCALE=0|SECURITY_CLASSIFICATION=PUB|TYPE_OF_TRANSFORMATION=IX|aggregation=quarterly_mean,\N,"{""aggregation_method"": ""quarterly_mean"", ""source_derivation_types"": [""O"", ""O"", ""O""], ""source_months"": [""2020-M01"", ""2020-M02"", ""2020-M03""], ""source_observation_count"": 3, ""source_series_dimensions"": {""ACCESS_SHARING_LEVEL"": ""PUBLIC_OPEN"", ""COUNTRY"": ""LTU"", ""FREQUENCY"": ""M"", ""IFS_FLAG"": ""true"", ""INDICATOR"": ""PPI"", ""METHODOLOGY"": ""PPI"", ""OVERLAP"": ""OL"", ""REFERENCE_PERIOD"": ""2010=100"", ""SCALE"": ""0"", ""SECURITY_CLASSIFICATION"": ""PUB"", ""TYPE_OF_TRANSFORMATION"": ""IX""}}"
LTU,producer_price_index_quarterly_imf,2020-Q2,quarterly,92.68076820957606,\N,derived,IMF_PPI,IMF|ACCESS_SHARING_LEVEL=PUBLIC_OPEN|FREQUENCY=M|IFS_FLAG=true|INDICATOR=PPI|METHODOLOGY=PPI|OVERLAP=OL|REFERENCE_PERIOD=2010=100|SCALE=0|SECURITY_CLASSIFICATION=PUB|TYPE_OF_TRANSFORMATION=IX|aggregation=quarterly_mean,\N,"{""aggregation_method"": ""quarterly_mean"", ""source_derivation_types"": [""O"", ""O"", ""O""], ""source_months"": [""2020-M04"", ""2020-M05"", ""2020-M06""], ""source_observation_count"": 3, ""source_series_dimensions"": {""ACCESS_SHARING_LEVEL"": ""PUBLIC_OPEN"", ""COUNTRY"": ""LTU"", ""FREQUENCY"": ""M"", ""IFS_FLAG"": ""true"", ""INDICATOR"": ""PPI"", ""METHODOLOGY"": ""PPI"", ""OVERLAP"": ""OL"", ""REFERENCE_PERIOD"": ""2010=100"", ""SCALE"": ""0"", ""SECURITY_CLASSIFICATION"": ""PUB"", ""TYPE_OF_TRANSFORMATION"": ""IX""}}"
LTU,producer_price_index_quarterly_imf,2020-Q3,quarterly,96.00849632710857,\N,derived,IMF_PPI,IMF|ACCESS_SHARING_LEVEL=PUBLIC_OPEN|FREQUENCY=M|IFS_FLAG=true|INDICATOR=PPI|METHODOLOGY=PPI|OVERLAP=OL|REFERENCE_PERIOD=2010=100|SCALE=0|SECURITY_CLASSIFICATION=PUB|TYPE_OF_TRANSFORMATION=IX|aggregation=quarterly_mean,\N,"{""aggregation_method"": ""quarterly_mean"", ""source_derivation_types"": [""O"", ""O"", ""O""], ""source_months"": [""2020-M07"", ""2020-M08"", ""2020-M09""], ""source_observation_count"": 3, ""source_series_dimensions"": {""ACCESS_SHARING_LEVEL"": ""PUBLIC_OPEN"", ""COUNTRY"": ""LTU"", ""FREQUENCY"": ""M"", ""IFS_FLAG"": ""true"", ""INDICATOR"": ""PPI"", ""METHODOLOGY"": ""PPI"", ""OVERLAP"": ""OL"", ""REFERENCE_PERIOD"": ""2010=100"", ""SCALE"": ""0"", ""SECURITY_CLASSIFICATION"": ""PUB"", ""TYPE_OF_TRANSFORMATION"": ""IX""}}"
LTU,producer_price_index_quarterly_imf,2020-Q4,quarterly,96.46871404549074,\N,derived,IMF_PPI,IMF|ACCESS_SHARING_LEVEL=PUBLIC_OPEN|FREQUENCY=M|IFS_FLAG=true|INDICATOR=PPI|METHODOLOGY=PPI|OVERLAP=OL|REFERENCE_PERIOD=2010=100|SCALE=0|SECURITY_CLASSIFICATION=PUB|TYPE_OF_TRANSFORMATION=IX|aggregation=quarterly_mean,\N,"{""aggregation_method"": ""quarterly_mean"", ""source_derivation_types"": [""O"", ""O"", ""O""], ""source_months"": [""2020-M10"", ""2020-M11"", ""2020-M12""], ""source_observation_count"": 3, ""source_series_dimensions"": {""ACCESS_SHARING_LEVEL"": ""PUBLIC_OPEN"", ""COUNTRY"": ""LTU"", ""FREQUENCY"": ""M"", ""IFS_FLAG"": ""true"", ""INDICATOR"": ""PPI"", ""METHODOLOGY"": ""PPI"", ""OVERLAP"": ""OL"", ""REFERENCE_PERIOD"": ""2010=100"", ""SCALE"": ""0"", ""SECURITY_CLASSIFICATION"": ""PUB"", ""TYPE_OF_TRANSFORMATION"": ""IX""}}"
LTU,producer_price_index_quarterly_imf,2021-Q1,quarterly,100.25665988140543,\N,derived,IMF_PPI,IMF|ACCESS_SHARING_LEVEL=PUBLIC_OPEN|FREQUENCY=M|IFS_FLAG=true|INDICATOR=PPI|METHODOLOGY=PPI|OVERLAP=OL|REFERENCE_PERIOD=2010=100|SCALE=0|SECURITY_CLASSIFICATION=PUB|TYPE_OF_TRANSFORMATION=IX|aggregation=quarterly_mean,\N,"{""aggregation_method"": ""quarterly_mean"", ""source_derivation_types"": [""O"", ""O"", ""O""], ""source_months"": [""2021-M01"", ""2021-M02"", ""2021-M03""], ""source_observation_count"": 3, ""source_series_dimensions"": {""ACCESS_SHARING_LEVEL"": ""PUBLIC_OPEN"", ""COUNTRY"": ""LTU"", ""FREQUENCY"": ""M"", ""IFS_FLAG"": ""true"", ""INDICATOR"": ""PPI"", ""METHODOLOGY"": ""PPI"", ""OVERLAP"": ""OL"", ""REFERENCE_PERIOD"": ""2010=100"", ""SCALE"": ""0"", ""SECURITY_CLASSIFICATION"": ""PUB"", ""TYPE_OF_TRANSFORMATION"": ""IX""}}"
LTU,producer_price_index_quarterly_imf,2021-Q2,quarterly,103.2303743694132,\N,derived,IMF_PPI,IMF|ACCESS_SHARING_LEVEL=PUBLIC_OPEN|FREQUENCY=M|IFS_FLAG=true|INDICATOR=PPI|METHODOLOGY=PPI|OVERLAP=OL|REFERENCE_PERIOD=2010=100|SCALE=0|SECURITY_CLASSIFICATION=PUB|TYPE_OF_TRANSFORMATION=IX|aggregation=quarterly_mean,\N,"{""aggregation_method"": ""quarterly_mean"", ""source_derivation_types"": [""O"", ""O"", ""O""], ""source_months"": [""2021-M04"", ""2021-M05"", ""2021-M06""], ""source_observation_count"": 3, ""source_series_dimensions"": {""ACCESS_SHARING_LEVEL"": ""PUBLIC_OPEN"", ""COUNTRY"": ""LTU"", ""FREQUENCY"": ""M"", ""IFS_FLAG"": ""true"", ""INDICATOR"": ""PPI"", ""METHODOLOGY"": ""PPI"", ""OVERLAP"": ""OL"", ""REFERENCE_PERIOD"": ""2010=100"", ""SCALE"": ""0"", ""SECURITY_CLASSIFICATION"": ""PUB"", ""TYPE_OF_TRANSFORMATION"": ""IX""}}"
LTU,producer_price_index_quarterly_imf,2021-Q3,quarterly,108.50517744933177,\N,derived,IMF_PPI,IMF|ACCESS_SHARING_LEVEL=PUBLIC_OPEN|FREQUENCY=M|IFS_FLAG=true|INDICATOR=PPI|METHODOLOGY=PPI|OVERLAP=OL|REFERENCE_PERIOD=2010=100|SCALE=0|SECURITY_CLASSIFICATION=PUB|TYPE_OF_TRANSFORMATION=IX|aggregation=quarterly_mean,\N,"{""aggregation_method"": ""quarterly_mean"", ""source_derivation_types"": [""O"", ""O"", ""O""], ""source_months"": [""2021-M07"", ""2021-M08"", ""2021-M09""], ""source_observation_count"": 3, ""source_series_dimensions"": {""ACCESS_SHARING_LEVEL"": ""PUBLIC_OPEN"", ""COUNTRY"": ""LTU"", ""FREQUENCY"": ""M"", ""IFS_FLAG"": ""true"", ""INDICATOR"": ""PPI"", ""METHODOLOGY"": ""PPI"", ""OVERLAP"": ""OL"", ""REFERENCE_PERIOD"": ""2010=100"", ""SCALE"": ""0"", ""SECURITY_CLASSIFICATION"": ""PUB"", ""TYPE_OF_TRANSFORMATION"": ""IX""}}"
LTU,producer_price_index_quarterly_imf,2021-Q4,quarterly,112.7887423665811,\N,derived,IMF_PPI,IMF|ACCESS_SHARING_LEVEL=PUBLIC_OPEN|FREQUENCY=M|IFS_FLAG=true|INDICATOR=PPI|METHODOLOGY=PPI|OVERLAP=OL|REFERENCE_PERIOD=2010=100|SCALE=0|SECURITY_CLASSIFICATION=PUB|TYPE_OF_TRANSFORMATION=IX|aggregation=quarterly_mean,\N,"{""aggregation_method"": ""quarterly_mean"", ""source_derivation_types"": [""O"", ""O"", ""O""], ""source_months"": [""2021-M10"", ""2021-M11"", ""2021-M12""], ""source_observation_count"": 3, ""source_series_dimensions"": {""ACCESS_SHARING_LEVEL"": ""PUBLIC_OPEN"", ""COUNTRY"": ""LTU"", ""FREQUENCY"": ""M"", ""IFS_FLAG"": ""true"", ""INDICATOR"": ""PPI"", ""METHODOLOGY"": ""PPI"", ""OVERLAP"": ""OL"", ""REFERENCE_PERIOD"": ""2010=100"", ""SCALE"": ""0"", ""SECURITY_CLASSIFICATION"": ""PUB"", ""TYPE_OF_TRANSFORMATION"": ""IX""}}"
LTU,producer_price_index_quarterly_imf,2022-Q1,quarterly,120.08142313479067,\N,derived,IMF_PPI,IMF|ACCESS_SHARING_LEVEL=PUBLIC_OPEN|FREQUENCY=M|IFS_FLAG=true|INDICATOR=PPI|METHODOLOGY=PPI|OVERLAP=OL|REFERENCE_PERIOD=2010=100|SCALE=0|SECURITY_CLASSIFICATION=PUB|TYPE_OF_TRANSFORMATION=IX|aggregation=quarterly_mean,\N,"{""aggregation_method"": ""quarterly_mean"", ""source_derivation_types"": [""O"", ""O"", ""O""], ""source_months"": [""2022-M01"", ""2022-M02"", ""2022-M03""], ""source_observation_count"": 3, ""source_series_dimensions"": {""ACCESS_SHARING_LEVEL"": ""PUBLIC_OPEN"", ""COUNTRY"": ""LTU"", ""FREQUENCY"": ""M"", ""IFS_FLAG"": ""true"", ""INDICATOR"": ""PPI"", ""METHODOLOGY"": ""PPI"", ""OVERLAP"": ""OL"", ""REFERENCE_PERIOD"": ""2010=100"", ""SCALE"": ""0"", ""SECURITY_CLASSIFICATION"": ""PUB"", ""TYPE_OF_TRANSFORMATION"": ""IX""}}"
LTU,producer_price_index_quarterly_imf,2022-Q2,quarterly,135.26860784140186,\N,derived,IMF_PPI,IMF|ACCESS_SHARING_LEVEL=PUBLIC_OPEN|FREQUENCY=M|IFS_FLAG=true|INDICATOR=PPI|METHODOLOGY=PPI|OVERLAP=OL|REFERENCE_PERIOD=2010=100|SCALE=0|SECURITY_CLASSIFICATION=PUB|TYPE_OF_TRANSFORMATION=IX|aggregation=quarterly_mean,\N,"{""aggregation_method"": ""quarterly_mean"", ""source_derivation_types"": [""O"", ""O"", ""O""], ""source_months"": [""2022-M04"", ""2022-M05"", ""2022-M06""], ""source_observation_count"": 3, ""source_series_dimensions"": {""ACCESS_SHARING_LEVEL"": ""PUBLIC_OPEN"", ""COUNTRY"": ""LTU"", ""FREQUENCY"": ""M"", ""IFS_FLAG"": ""true"", ""INDICATOR"": ""PPI"", ""METHODOLOGY"": ""PPI"", ""OVERLAP"": ""OL"", ""REFERENCE_PERIOD"": ""2010=100"", ""SCALE"": ""0"", ""SECURITY_CLASSIFICATION"": ""PUB"", ""TYPE_OF_TRANSFORMATION"": ""IX""}}"
LTU,producer_price_index_quarterly_imf,2022-Q3,quarterly,139.7645809363661,\N,derived,IMF_PPI,IMF|ACCESS_SHARING_LEVEL=PUBLIC_OPEN|FREQUENCY=M|IFS_FLAG=true|INDICATOR=PPI|METHODOLOGY=PPI|OVERLAP=OL|REFERENCE_PERIOD=2010=100|SCALE=0|SECURITY_CLASSIFICATION=PUB|TYPE_OF_TRANSFORMATION=IX|aggregation=quarterly_mean,\N,"{""aggregation_method"": ""quarterly_mean"", ""source_derivation_types"": [""O"", ""O"", ""O""], ""source_months"": [""2022-M07"", ""2022-M08"", ""2022-M09""], ""source_observation_count"": 3, ""source_series_dimensions"": {""ACCESS_SHARING_LEVEL"": ""PUBLIC_OPEN"", ""COUNTRY"": ""LTU"", ""FREQUENCY"": ""M"", ""IFS_FLAG"": ""true"", ""INDICATOR"": ""PPI"", ""METHODOLOGY"": ""PPI"", ""OVERLAP"": ""OL"", ""REFERENCE_PERIOD"": ""2010=100"", ""SCALE"": ""0"", ""SECURITY_CLASSIFICATION"": ""PUB"", ""TYPE_OF_TRANSFORMATION"": ""IX""}}"
LTU,producer_price_index_quarterly_imf,2022-Q4,quarterly,140.2247986547482,\N,derived,IMF_PPI,IMF|ACCESS_SHARING_LEVEL=PUBLIC_OPEN|FREQUENCY=M|IFS_FLAG=true|INDICATOR=PPI|METHODOLOGY=PPI|OVERLAP=OL|REFERENCE_PERIOD=2010=100|SCALE=0|SECURITY_CLASSIFICATION=PUB|TYPE_OF_TRANSFORMATION=IX|aggregation=quarterly_mean,\N,"{""aggregation_method"": ""quarterly_mean"", ""source_derivation_types"": [""O"", ""O"", ""O""], ""source_months"": [""2022-M10"", ""2022-M11"", ""2022-M12""], ""source_observation_count"": 3, ""source_series_dimensions"": {""ACCESS_SHARING_LEVEL"": ""PUBLIC_OPEN"", ""COUNTRY"": ""LTU"", ""FREQUENCY"": ""M"", ""IFS_FLAG"": ""true"", ""INDICATOR"": ""PPI"", ""METHODOLOGY"": ""PPI"", ""OVERLAP"": ""OL"", ""REFERENCE_PERIOD"": ""2010=100"", ""SCALE"": ""0"", ""SECURITY_CLASSIFICATION"": ""PUB"", ""TYPE_OF_TRANSFORMATION"": ""IX""}}"
LTU,producer_price_index_quarterly_imf,2023-Q1,quarterly,136.0474378263563,\N,derived,IMF_PPI,IMF|ACCESS_SHARING_LEVEL=PUBLIC_OPEN|FREQUENCY=M|IFS_FLAG=true|INDICATOR=PPI|METHODOLOGY=PPI|OVERLAP=OL|REFERENCE_PERIOD=2010=100|SCALE=0|SECURITY_CLASSIFICATION=PUB|TYPE_OF_TRANSFORMATION=IX|aggregation=quarterly_mean,\N,"{""aggregation_method"": ""quarterly_mean"", ""source_derivation_types"": [""O"", ""O"", ""O""], ""source_months"": [""2023-M01"", ""2023-M02"", ""2023-M03""], ""source_observation_count"": 3, ""source_series_dimensions"": {""ACCESS_SHARING_LEVEL"": ""PUBLIC_OPEN"", ""COUNTRY"": ""LTU"", ""FREQUENCY"": ""M"", ""IFS_FLAG"": ""true"", ""INDICATOR"": ""PPI"", ""METHODOLOGY"": ""PPI"", ""OVERLAP"": ""OL"", ""REFERENCE_PERIOD"": ""2010=100"", ""SCALE"": ""0"", ""SECURITY_CLASSIFICATION"": ""PUB"", ""TYPE_OF_TRANSFORMATION"": ""IX""}}"
LTU,producer_price_index_quarterly_imf,2023-Q2,quarterly,128.22373661385964,\N,derived,IMF_PPI,IMF|ACCESS_SHARING_LEVEL=PUBLIC_OPEN|FREQUENCY=M|IFS_FLAG=true|INDICATOR=PPI|METHODOLOGY=PPI|OVERLAP=OL|REFERENCE_PERIOD=2010=100|SCALE=0|SECURITY_CLASSIFICATION=PUB|TYPE_OF_TRANSFORMATION=IX|aggregation=quarterly_mean,\N,"{""aggregation_method"": ""quarterly_mean"", ""source_derivation_types"": [""O"", ""O"", ""O""], ""source_months"": [""2023-M04"", ""2023-M05"", ""2023-M06""], ""source_observation_count"": 3, ""source_series_dimensions"": {""ACCESS_SHARING_LEVEL"": ""PUBLIC_OPEN"", ""COUNTRY"": ""LTU"", ""FREQUENCY"": ""M"", ""IFS_FLAG"": ""true"", ""INDICATOR"": ""PPI"", ""METHODOLOGY"": ""PPI"", ""OVERLAP"": ""OL"", ""REFERENCE_PERIOD"": ""2010=100"", ""SCALE"": ""0"", ""SECURITY_CLASSIFICATION"": ""PUB"", ""TYPE_OF_TRANSFORMATION"": ""IX""}}"
LTU,producer_price_index_quarterly_imf,2023-Q3,quarterly,130.27701566510305,\N,derived,IMF_PPI,IMF|ACCESS_SHARING_LEVEL=PUBLIC_OPEN|FREQUENCY=M|IFS_FLAG=true|INDICATOR=PPI|METHODOLOGY=PPI|OVERLAP=OL|REFERENCE_PERIOD=2010=100|SCALE=0|SECURITY_CLASSIFICATION=PUB|TYPE_OF_TRANSFORMATION=IX|aggregation=quarterly_mean,\N,"{""aggregation_method"": ""quarterly_mean"", ""source_derivation_types"": [""O"", ""O"", ""O""], ""source_months"": [""2023-M07"", ""2023-M08"", ""2023-M09""], ""source_observation_count"": 3, ""source_series_dimensions"": {""ACCESS_SHARING_LEVEL"": ""PUBLIC_OPEN"", ""COUNTRY"": ""LTU"", ""FREQUENCY"": ""M"", ""IFS_FLAG"": ""true"", ""INDICATOR"": ""PPI"", ""METHODOLOGY"": ""PPI"", ""OVERLAP"": ""OL"", ""REFERENCE_PERIOD"": ""2010=100"", ""SCALE"": ""0"", ""SECURITY_CLASSIFICATION"": ""PUB"", ""TYPE_OF_TRANSFORMATION"": ""IX""}}"
LTU,producer_price_index_quarterly_imf,2023-Q4,quarterly,128.57775024338437,\N,derived,IMF_PPI,IMF|ACCESS_SHARING_LEVEL=PUBLIC_OPEN|FREQUENCY=M|IFS_FLAG=true|INDICATOR=PPI|METHODOLOGY=PPI|OVERLAP=OL|REFERENCE_PERIOD=2010=100|SCALE=0|SECURITY_CLASSIFICATION=PUB|TYPE_OF_TRANSFORMATION=IX|aggregation=quarterly_mean,\N,"{""aggregation_method"": ""quarterly_mean"", ""source_derivation_types"": [""O"", ""O"", ""O""], ""source_months"": [""2023-M10"", ""2023-M11"", ""2023-M12""], ""source_observation_count"": 3, ""source_series_dimensions"": {""ACCESS_SHARING_LEVEL"": ""PUBLIC_OPEN"", ""COUNTRY"": ""LTU"", ""FREQUENCY"": ""M"", ""IFS_FLAG"": ""true"", ""INDICATOR"": ""PPI"", ""METHODOLOGY"": ""PPI"", ""OVERLAP"": ""OL"", ""REFERENCE_PERIOD"": ""2010=100"", ""SCALE"": ""0"", ""SECURITY_CLASSIFICATION"": ""PUB"", ""TYPE_OF_TRANSFORMATION"": ""IX""}}"
LTU,producer_price_index_quarterly_imf,2024-Q1,quarterly,129.7105938578635,\N,derived,IMF_PPI,IMF|ACCESS_SHARING_LEVEL=PUBLIC_OPEN|FREQUENCY=M|IFS_FLAG=true|INDICATOR=PPI|METHODOLOGY=PPI|OVERLAP=OL|REFERENCE_PERIOD=2010=100|SCALE=0|SECURITY_CLASSIFICATION=PUB|TYPE_OF_TRANSFORMATION=IX|aggregation=quarterly_mean,\N,"{""aggregation_method"": ""quarterly_mean"", ""source_derivation_types"": [""O"", ""O"", ""O""], ""source_months"": [""2024-M01"", ""2024-M02"", ""2024-M03""], ""source_observation_count"": 3, ""source_series_dimensions"": {""ACCESS_SHARING_LEVEL"": ""PUBLIC_OPEN"", ""COUNTRY"": ""LTU"", ""FREQUENCY"": ""M"", ""IFS_FLAG"": ""true"", ""INDICATOR"": ""PPI"", ""METHODOLOGY"": ""PPI"", ""OVERLAP"": ""OL"", ""REFERENCE_PERIOD"": ""2010=100"", ""SCALE"": ""0"", ""SECURITY_CLASSIFICATION"": ""PUB"", ""TYPE_OF_TRANSFORMATION"": ""IX""}}"
LTU,producer_price_index_quarterly_imf,2024-Q2,quarterly,128.1529338879547,\N,derived,IMF_PPI,IMF|ACCESS_SHARING_LEVEL=PUBLIC_OPEN|FREQUENCY=M|IFS_FLAG=true|INDICATOR=PPI|METHODOLOGY=PPI|OVERLAP=OL|REFERENCE_PERIOD=2010=100|SCALE=0|SECURITY_CLASSIFICATION=PUB|TYPE_OF_TRANSFORMATION=IX|aggregation=quarterly_mean,\N,"{""aggregation_method"": ""quarterly_mean"", ""source_derivation_types"": [""O"", ""O"", ""O""], ""source_months"": [""2024-M04"", ""2024-M05"", ""2024-M06""], ""source_observation_count"": 3, ""source_series_dimensions"": {""ACCESS_SHARING_LEVEL"": ""PUBLIC_OPEN"", ""COUNTRY"": ""LTU"", ""FREQUENCY"": ""M"", ""IFS_FLAG"": ""true"", ""INDICATOR"": ""PPI"", ""METHODOLOGY"": ""PPI"", ""OVERLAP"": ""OL"", ""REFERENCE_PERIOD"": ""2010=100"", ""SCALE"": ""0"", ""SECURITY_CLASSIFICATION"": ""PUB"", ""TYPE_OF_TRANSFORMATION"": ""IX""}}"
LTU,producer_price_index_quarterly_imf,2024-Q3,quarterly,126.77228073280821,\N,derived,IMF_PPI,IMF|ACCESS_SHARING_LEVEL=PUBLIC_OPEN|FREQUENCY=M|IFS_FLAG=true|INDICATOR=PPI|METHODOLOGY=PPI|OVERLAP=OL|REFERENCE_PERIOD=2010=100|SCALE=0|SECURITY_CLASSIFICATION=PUB|TYPE_OF_TRANSFORMATION=IX|aggregation=quarterly_mean,\N,"{""aggregation_method"": ""quarterly_mean"", ""source_derivation_types"": [""O"", ""O"", ""O""], ""source_months"": [""2024-M07"", ""2024-M08"", ""2024-M09""], ""source_observation_count"": 3, ""source_series_dimensions"": {""ACCESS_SHARING_LEVEL"": ""PUBLIC_OPEN"", ""COUNTRY"": ""LTU"", ""FREQUENCY"": ""M"", ""IFS_FLAG"": ""true"", ""INDICATOR"": ""PPI"", ""METHODOLOGY"": ""PPI"", ""OVERLAP"": ""OL"", ""REFERENCE_PERIOD"": ""2010=100"", ""SCALE"": ""0"", ""SECURITY_CLASSIFICATION"": ""PUB"", ""TYPE_OF_TRANSFORMATION"": ""IX""}}"
LTU,producer_price_index_quarterly_imf,2024-Q4,quarterly,126.17045756261614,\N,derived,IMF_PPI,IMF|ACCESS_SHARING_LEVEL=PUBLIC_OPEN|FREQUENCY=M|IFS_FLAG=true|INDICATOR=PPI|METHODOLOGY=PPI|OVERLAP=OL|REFERENCE_PERIOD=2010=100|SCALE=0|SECURITY_CLASSIFICATION=PUB|TYPE_OF_TRANSFORMATION=IX|aggregation=quarterly_mean,\N,"{""aggregation_method"": ""quarterly_mean"", ""source_derivation_types"": [""O"", ""O"", ""O""], ""source_months"": [""2024-M10"", ""2024-M11"", ""2024-M12""], ""source_observation_count"": 3, ""source_series_dimensions"": {""ACCESS_SHARING_LEVEL"": ""PUBLIC_OPEN"", ""COUNTRY"": ""LTU"", ""FREQUENCY"": ""M"", ""IFS_FLAG"": ""true"", ""INDICATOR"": ""PPI"", ""METHODOLOGY"": ""PPI"", ""OVERLAP"": ""OL"", ""REFERENCE_PERIOD"": ""2010=100"", ""SCALE"": ""0"", ""SECURITY_CLASSIFICATION"": ""PUB"", ""TYPE_OF_TRANSFORMATION"": ""IX""}}"
LVA,producer_price_index_quarterly_imf,2020-Q1,quarterly,118.29173599556292,\N,derived,IMF_PPI,IMF|ACCESS_SHARING_LEVEL=PUBLIC_OPEN|FREQUENCY=M|IFS_FLAG=true|INDICATOR=PPI|METHODOLOGY=PPI|OVERLAP=OL|REFERENCE_PERIOD=2010=100|SCALE=0|SECURITY_CLASSIFICATION=PUB|TYPE_OF_TRANSFORMATION=IX|aggregation=quarterly_mean,\N,"{""aggregation_method"": ""quarterly_mean"", ""source_derivation_types"": [""O"", ""O"", ""O""], ""source_months"": [""2020-M01"", ""2020-M02"", ""2020-M03""], ""source_observation_count"": 3, ""source_series_dimensions"": {""ACCESS_SHARING_LEVEL"": ""PUBLIC_OPEN"", ""COUNTRY"": ""LVA"", ""FREQUENCY"": ""M"", ""IFS_FLAG"": ""true"", ""INDICATOR"": ""PPI"", ""METHODOLOGY"": ""PPI"", ""OVERLAP"": ""OL"", ""REFERENCE_PERIOD"": ""2010=100"", ""SCALE"": ""0"", ""SECURITY_CLASSIFICATION"": ""PUB"", ""TYPE_OF_TRANSFORMATION"": ""IX""}}"
LVA,producer_price_index_quarterly_imf,2020-Q2,quarterly,117.58180809761507,\N,derived,IMF_PPI,IMF|ACCESS_SHARING_LEVEL=PUBLIC_OPEN|FREQUENCY=M|IFS_FLAG=true|INDICATOR=PPI|METHODOLOGY=PPI|OVERLAP=OL|REFERENCE_PERIOD=2010=100|SCALE=0|SECURITY_CLASSIFICATION=PUB|TYPE_OF_TRANSFORMATION=IX|aggregation=quarterly_mean,\N,"{""aggregation_method"": ""quarterly_mean"", ""source_derivation_types"": [""O"", ""O"", ""O""], ""source_months"": [""2020-M04"", ""2020-M05"", ""2020-M06""], ""source_observation_count"": 3, ""source_series_dimensions"": {""ACCESS_SHARING_LEVEL"": ""PUBLIC_OPEN"", ""COUNTRY"": ""LVA"", ""FREQUENCY"": ""M"", ""IFS_FLAG"": ""true"", ""INDICATOR"": ""PPI"", ""METHODOLOGY"": ""PPI"", ""OVERLAP"": ""OL"", ""REFERENCE_PERIOD"": ""2010=100"", ""SCALE"": ""0"", ""SECURITY_CLASSIFICATION"": ""PUB"", ""TYPE_OF_TRANSFORMATION"": ""IX""}}"
LVA,producer_price_index_quarterly_imf,2020-Q3,quarterly,117.04936217415417,\N,derived,IMF_PPI,IMF|ACCESS_SHARING_LEVEL=PUBLIC_OPEN|FREQUENCY=M|IFS_FLAG=true|INDICATOR=PPI|METHODOLOGY=PPI|OVERLAP=OL|REFERENCE_PERIOD=2010=100|SCALE=0|SECURITY_CLASSIFICATION=PUB|TYPE_OF_TRANSFORMATION=IX|aggregation=quarterly_mean,\N,"{""aggregation_method"": ""quarterly_mean"", ""source_derivation_types"": [""O"", ""O"", ""O""], ""source_months"": [""2020-M07"", ""2020-M08"", ""2020-M09""], ""source_observation_count"": 3, ""source_series_dimensions"": {""ACCESS_SHARING_LEVEL"": ""PUBLIC_OPEN"", ""COUNTRY"": ""LVA"", ""FREQUENCY"": ""M"", ""IFS_FLAG"": ""true"", ""INDICATOR"": ""PPI"", ""METHODOLOGY"": ""PPI"", ""OVERLAP"": ""OL"", ""REFERENCE_PERIOD"": ""2010=100"", ""SCALE"": ""0"", ""SECURITY_CLASSIFICATION"": ""PUB"", ""TYPE_OF_TRANSFORMATION"": ""IX""}}"
LVA,producer_price_index_quarterly_imf,2020-Q4,quarterly,117.89240155296723,\N,derived,IMF_PPI,IMF|ACCESS_SHARING_LEVEL=PUBLIC_OPEN|FREQUENCY=M|IFS_FLAG=true|INDICATOR=PPI|METHODOLOGY=PPI|OVERLAP=OL|REFERENCE_PERIOD=2010=100|SCALE=0|SECURITY_CLASSIFICATION=PUB|TYPE_OF_TRANSFORMATION=IX|aggregation=quarterly_mean,\N,"{""aggregation_method"": ""quarterly_mean"", ""source_derivation_types"": [""O"", ""O"", ""O""], ""source_months"": [""2020-M10"", ""2020-M11"", ""2020-M12""], ""source_observation_count"": 3, ""source_series_dimensions"": {""ACCESS_SHARING_LEVEL"": ""PUBLIC_OPEN"", ""COUNTRY"": ""LVA"", ""FREQUENCY"": ""M"", ""IFS_FLAG"": ""true"", ""INDICATOR"": ""PPI"", ""METHODOLOGY"": ""PPI"", ""OVERLAP"": ""OL"", ""REFERENCE_PERIOD"": ""2010=100"", ""SCALE"": ""0"", ""SECURITY_CLASSIFICATION"": ""PUB"", ""TYPE_OF_TRANSFORMATION"": ""IX""}}"
LVA,producer_price_index_quarterly_imf,2021-Q1,quarterly,120.55463117027178,\N,derived,IMF_PPI,IMF|ACCESS_SHARING_LEVEL=PUBLIC_OPEN|FREQUENCY=M|IFS_FLAG=true|INDICATOR=PPI|METHODOLOGY=PPI|OVERLAP=OL|REFERENCE_PERIOD=2010=100|SCALE=0|SECURITY_CLASSIFICATION=PUB|TYPE_OF_TRANSFORMATION=IX|aggregation=quarterly_mean,\N,"{""aggregation_method"": ""quarterly_mean"", ""source_derivation_types"": [""O"", ""O"", ""O""], ""source_months"": [""2021-M01"", ""2021-M02"", ""2021-M03""], ""source_observation_count"": 3, ""source_series_dimensions"": {""ACCESS_SHARING_LEVEL"": ""PUBLIC_OPEN"", ""COUNTRY"": ""LVA"", ""FREQUENCY"": ""M"", ""IFS_FLAG"": ""true"", ""INDICATOR"": ""PPI"", ""METHODOLOGY"": ""PPI"", ""OVERLAP"": ""OL"", ""REFERENCE_PERIOD"": ""2010=100"", ""SCALE"": ""0"", ""SECURITY_CLASSIFICATION"": ""PUB"", ""TYPE_OF_TRANSFORMATION"": ""IX""}}"
LVA,producer_price_index_quarterly_imf,2021-Q2,quarterly,127.38768718801994,\N,derived,IMF_PPI,IMF|ACCESS_SHARING_LEVEL=PUBLIC_OPEN|FREQUENCY=M|IFS_FLAG=true|INDICATOR=PPI|METHODOLOGY=PPI|OVERLAP=OL|REFERENCE_PERIOD=2010=100|SCALE=0|SECURITY_CLASSIFICATION=PUB|TYPE_OF_TRANSFORMATION=IX|aggregation=quarterly_mean,\N,"{""aggregation_method"": ""quarterly_mean"", ""source_derivation_types"": [""O"", ""O"", ""O""], ""source_months"": [""2021-M04"", ""2021-M05"", ""2021-M06""], ""source_observation_count"": 3, ""source_series_dimensions"": {""ACCESS_SHARING_LEVEL"": ""PUBLIC_OPEN"", ""COUNTRY"": ""LVA"", ""FREQUENCY"": ""M"", ""IFS_FLAG"": ""true"", ""INDICATOR"": ""PPI"", ""METHODOLOGY"": ""PPI"", ""OVERLAP"": ""OL"", ""REFERENCE_PERIOD"": ""2010=100"", ""SCALE"": ""0"", ""SECURITY_CLASSIFICATION"": ""PUB"", ""TYPE_OF_TRANSFORMATION"": ""IX""}}"
LVA,producer_price_index_quarterly_imf,2021-Q3,quarterly,138.6134220743206,\N,derived,IMF_PPI,IMF|ACCESS_SHARING_LEVEL=PUBLIC_OPEN|FREQUENCY=M|IFS_FLAG=true|INDICATOR=PPI|METHODOLOGY=PPI|OVERLAP=OL|REFERENCE_PERIOD=2010=100|SCALE=0|SECURITY_CLASSIFICATION=PUB|TYPE_OF_TRANSFORMATION=IX|aggregation=quarterly_mean,\N,"{""aggregation_method"": ""quarterly_mean"", ""source_derivation_types"": [""O"", ""O"", ""O""], ""source_months"": [""2021-M07"", ""2021-M08"", ""2021-M09""], ""source_observation_count"": 3, ""source_series_dimensions"": {""ACCESS_SHARING_LEVEL"": ""PUBLIC_OPEN"", ""COUNTRY"": ""LVA"", ""FREQUENCY"": ""M"", ""IFS_FLAG"": ""true"", ""INDICATOR"": ""PPI"", ""METHODOLOGY"": ""PPI"", ""OVERLAP"": ""OL"", ""REFERENCE_PERIOD"": ""2010=100"", ""SCALE"": ""0"", ""SECURITY_CLASSIFICATION"": ""PUB"", ""TYPE_OF_TRANSFORMATION"": ""IX""}}"
LVA,producer_price_index_quarterly_imf,2021-Q4,quarterly,145.9345535219079,\N,derived,IMF_PPI,IMF|ACCESS_SHARING_LEVEL=PUBLIC_OPEN|FREQUENCY=M|IFS_FLAG=true|INDICATOR=PPI|METHODOLOGY=PPI|OVERLAP=OL|REFERENCE_PERIOD=2010=100|SCALE=0|SECURITY_CLASSIFICATION=PUB|TYPE_OF_TRANSFORMATION=IX|aggregation=quarterly_mean,\N,"{""aggregation_method"": ""quarterly_mean"", ""source_derivation_types"": [""O"", ""O"", ""O""], ""source_months"": [""2021-M10"", ""2021-M11"", ""2021-M12""], ""source_observation_count"": 3, ""source_series_dimensions"": {""ACCESS_SHARING_LEVEL"": ""PUBLIC_OPEN"", ""COUNTRY"": ""LVA"", ""FREQUENCY"": ""M"", ""IFS_FLAG"": ""true"", ""INDICATOR"": ""PPI"", ""METHODOLOGY"": ""PPI"", ""OVERLAP"": ""OL"", ""REFERENCE_PERIOD"": ""2010=100"", ""SCALE"": ""0"", ""SECURITY_CLASSIFICATION"": ""PUB"", ""TYPE_OF_TRANSFORMATION"": ""IX""}}"
LVA,producer_price_index_quarterly_imf,2022-Q1,quarterly,152.5457570715474,\N,derived,IMF_PPI,IMF|ACCESS_SHARING_LEVEL=PUBLIC_OPEN|FREQUENCY=M|IFS_FLAG=true|INDICATOR=PPI|METHODOLOGY=PPI|OVERLAP=OL|REFERENCE_PERIOD=2010=100|SCALE=0|SECURITY_CLASSIFICATION=PUB|TYPE_OF_TRANSFORMATION=IX|aggregation=quarterly_mean,\N,"{""aggregation_method"": ""quarterly_mean"", ""source_derivation_types"": [""O"", ""O"", ""O""], ""source_months"": [""2022-M01"", ""2022-M02"", ""2022-M03""], ""source_observation_count"": 3, ""source_series_dimensions"": {""ACCESS_SHARING_LEVEL"": ""PUBLIC_OPEN"", ""COUNTRY"": ""LVA"", ""FREQUENCY"": ""M"", ""IFS_FLAG"": ""true"", ""INDICATOR"": ""PPI"", ""METHODOLOGY"": ""PPI"", ""OVERLAP"": ""OL"", ""REFERENCE_PERIOD"": ""2010=100"", ""SCALE"": ""0"", ""SECURITY_CLASSIFICATION"": ""PUB"", ""TYPE_OF_TRANSFORMATION"": ""IX""}}"
LVA,producer_price_index_quarterly_imf,2022-Q2,quarterly,166.78868552412644,\N,derived,IMF_PPI,IMF|ACCESS_SHARING_LEVEL=PUBLIC_OPEN|FREQUENCY=M|IFS_FLAG=true|INDICATOR=PPI|METHODOLOGY=PPI|OVERLAP=OL|REFERENCE_PERIOD=2010=100|SCALE=0|SECURITY_CLASSIFICATION=PUB|TYPE_OF_TRANSFORMATION=IX|aggregation=quarterly_mean,\N,"{""aggregation_method"": ""quarterly_mean"", ""source_derivation_types"": [""O"", ""O"", ""O""], ""source_months"": [""2022-M04"", ""2022-M05"", ""2022-M06""], ""source_observation_count"": 3, ""source_series_dimensions"": {""ACCESS_SHARING_LEVEL"": ""PUBLIC_OPEN"", ""COUNTRY"": ""LVA"", ""FREQUENCY"": ""M"", ""IFS_FLAG"": ""true"", ""INDICATOR"": ""PPI"", ""METHODOLOGY"": ""PPI"", ""OVERLAP"": ""OL"", ""REFERENCE_PERIOD"": ""2010=100"", ""SCALE"": ""0"", ""SECURITY_CLASSIFICATION"": ""PUB"", ""TYPE_OF_TRANSFORMATION"": ""IX""}}"
LVA,producer_price_index_quarterly_imf,2022-Q3,quarterly,186.84414864115357,\N,derived,IMF_PPI,IMF|ACCESS_SHARING_LEVEL=PUBLIC_OPEN|FREQUENCY=M|IFS_FLAG=true|INDICATOR=PPI|METHODOLOGY=PPI|OVERLAP=OL|REFERENCE_PERIOD=2010=100|SCALE=0|SECURITY_CLASSIFICATION=PUB|TYPE_OF_TRANSFORMATION=IX|aggregation=quarterly_mean,\N,"{""aggregation_method"": ""quarterly_mean"", ""source_derivation_types"": [""O"", ""O"", ""O""], ""source_months"": [""2022-M07"", ""2022-M08"", ""2022-M09""], ""source_observation_count"": 3, ""source_series_dimensions"": {""ACCESS_SHARING_LEVEL"": ""PUBLIC_OPEN"", ""COUNTRY"": ""LVA"", ""FREQUENCY"": ""M"", ""IFS_FLAG"": ""true"", ""INDICATOR"": ""PPI"", ""METHODOLOGY"": ""PPI"", ""OVERLAP"": ""OL"", ""REFERENCE_PERIOD"": ""2010=100"", ""SCALE"": ""0"", ""SECURITY_CLASSIFICATION"": ""PUB"", ""TYPE_OF_TRANSFORMATION"": ""IX""}}"
LVA,producer_price_index_quarterly_imf,2022-Q4,quarterly,190.26067665002768,\N,derived,IMF_PPI,IMF|ACCESS_SHARING_LEVEL=PUBLIC_OPEN|FREQUENCY=M|IFS_FLAG=true|INDICATOR=PPI|METHODOLOGY=PPI|OVERLAP=OL|REFERENCE_PERIOD=2010=100|SCALE=0|SECURITY_CLASSIFICATION=PUB|TYPE_OF_TRANSFORMATION=IX|aggregation=quarterly_mean,\N,"{""aggregation_method"": ""quarterly_mean"", ""source_derivation_types"": [""O"", ""O"", ""O""], ""source_months"": [""2022-M10"", ""2022-M11"", ""2022-M12""], ""source_observation_count"": 3, ""source_series_dimensions"": {""ACCESS_SHARING_LEVEL"": ""PUBLIC_OPEN"", ""COUNTRY"": ""LVA"", ""FREQUENCY"": ""M"", ""IFS_FLAG"": ""true"", ""INDICATOR"": ""PPI"", ""METHODOLOGY"": ""PPI"", ""OVERLAP"": ""OL"", ""REFERENCE_PERIOD"": ""2010=100"", ""SCALE"": ""0"", ""SECURITY_CLASSIFICATION"": ""PUB"", ""TYPE_OF_TRANSFORMATION"": ""IX""}}"
LVA,producer_price_index_quarterly_imf,2023-Q1,quarterly,183.3832501386578,\N,derived,IMF_PPI,IMF|ACCESS_SHARING_LEVEL=PUBLIC_OPEN|FREQUENCY=M|IFS_FLAG=true|INDICATOR=PPI|METHODOLOGY=PPI|OVERLAP=OL|REFERENCE_PERIOD=2010=100|SCALE=0|SECURITY_CLASSIFICATION=PUB|TYPE_OF_TRANSFORMATION=IX|aggregation=quarterly_mean,\N,"{""aggregation_method"": ""quarterly_mean"", ""source_derivation_types"": [""O"", ""O"", ""O""], ""source_months"": [""2023-M01"", ""2023-M02"", ""2023-M03""], ""source_observation_count"": 3, ""source_series_dimensions"": {""ACCESS_SHARING_LEVEL"": ""PUBLIC_OPEN"", ""COUNTRY"": ""LVA"", ""FREQUENCY"": ""M"", ""IFS_FLAG"": ""true"", ""INDICATOR"": ""PPI"", ""METHODOLOGY"": ""PPI"", ""OVERLAP"": ""OL"", ""REFERENCE_PERIOD"": ""2010=100"", ""SCALE"": ""0"", ""SECURITY_CLASSIFICATION"": ""PUB"", ""TYPE_OF_TRANSFORMATION"": ""IX""}}"
LVA,producer_price_index_quarterly_imf,2023-Q2,quarterly,174.68663338879642,\N,derived,IMF_PPI,IMF|ACCESS_SHARING_LEVEL=PUBLIC_OPEN|FREQUENCY=M|IFS_FLAG=true|INDICATOR=PPI|METHODOLOGY=PPI|OVERLAP=OL|REFERENCE_PERIOD=2010=100|SCALE=0|SECURITY_CLASSIFICATION=PUB|TYPE_OF_TRANSFORMATION=IX|aggregation=quarterly_mean,\N,"{""aggregation_method"": ""quarterly_mean"", ""source_derivation_types"": [""O"", ""O"", ""O""], ""source_months"": [""2023-M04"", ""2023-M05"", ""2023-M06""], ""source_observation_count"": 3, ""source_series_dimensions"": {""ACCESS_SHARING_LEVEL"": ""PUBLIC_OPEN"", ""COUNTRY"": ""LVA"", ""FREQUENCY"": ""M"", ""IFS_FLAG"": ""true"", ""INDICATOR"": ""PPI"", ""METHODOLOGY"": ""PPI"", ""OVERLAP"": ""OL"", ""REFERENCE_PERIOD"": ""2010=100"", ""SCALE"": ""0"", ""SECURITY_CLASSIFICATION"": ""PUB"", ""TYPE_OF_TRANSFORMATION"": ""IX""}}"
LVA,producer_price_index_quarterly_imf,2023-Q3,quarterly,173.71048252911814,\N,derived,IMF_PPI,IMF|ACCESS_SHARING_LEVEL=PUBLIC_OPEN|FREQUENCY=M|IFS_FLAG=true|INDICATOR=PPI|METHODOLOGY=PPI|OVERLAP=OL|REFERENCE_PERIOD=2010=100|SCALE=0|SECURITY_CLASSIFICATION=PUB|TYPE_OF_TRANSFORMATION=IX|aggregation=quarterly_mean,\N,"{""aggregation_method"": ""quarterly_mean"", ""source_derivation_types"": [""O"", ""O"", ""O""], ""source_months"": [""2023-M07"", ""2023-M08"", ""2023-M09""], ""source_observation_count"": 3, ""source_series_dimensions"": {""ACCESS_SHARING_LEVEL"": ""PUBLIC_OPEN"", ""COUNTRY"": ""LVA"", ""FREQUENCY"": ""M"", ""IFS_FLAG"": ""true"", ""INDICATOR"": ""PPI"", ""METHODOLOGY"": ""PPI"", ""OVERLAP"": ""OL"", ""REFERENCE_PERIOD"": ""2010=100"", ""SCALE"": ""0"", ""SECURITY_CLASSIFICATION"": ""PUB"", ""TYPE_OF_TRANSFORMATION"": ""IX""}}"
LVA,producer_price_index_quarterly_imf,2023-Q4,quarterly,170.0721020521353,\N,derived,IMF_PPI,IMF|ACCESS_SHARING_LEVEL=PUBLIC_OPEN|FREQUENCY=M|IFS_FLAG=true|INDICATOR=PPI|METHODOLOGY=PPI|OVERLAP=OL|REFERENCE_PERIOD=2010=100|SCALE=0|SECURITY_CLASSIFICATION=PUB|TYPE_OF_TRANSFORMATION=IX|aggregation=quarterly_mean,\N,"{""aggregation_method"": ""quarterly_mean"", ""source_derivation_types"": [""O"", ""O"", ""O""], ""source_months"": [""2023-M10"", ""2023-M11"", ""2023-M12""], ""source_observation_count"": 3, ""source_series_dimensions"": {""ACCESS_SHARING_LEVEL"": ""PUBLIC_OPEN"", ""COUNTRY"": ""LVA"", ""FREQUENCY"": ""M"", ""IFS_FLAG"": ""true"", ""INDICATOR"": ""PPI"", ""METHODOLOGY"": ""PPI"", ""OVERLAP"": ""OL"", ""REFERENCE_PERIOD"": ""2010=100"", ""SCALE"": ""0"", ""SECURITY_CLASSIFICATION"": ""PUB"", ""TYPE_OF_TRANSFORMATION"": ""IX""}}"
LVA,producer_price_index_quarterly_imf,2024-Q1,quarterly,168.29728230726565,\N,derived,IMF_PPI,IMF|ACCESS_SHARING_LEVEL=PUBLIC_OPEN|FREQUENCY=M|IFS_FLAG=true|INDICATOR=PPI|METHODOLOGY=PPI|OVERLAP=OL|REFERENCE_PERIOD=2010=100|SCALE=0|SECURITY_CLASSIFICATION=PUB|TYPE_OF_TRANSFORMATION=IX|aggregation=quarterly_mean,\N,"{""aggregation_method"": ""quarterly_mean"", ""source_derivation_types"": [""O"", ""O"", ""O""], ""source_months"": [""2024-M01"", ""2024-M02"", ""2024-M03""], ""source_observation_count"": 3, ""source_series_dimensions"": {""ACCESS_SHARING_LEVEL"": ""PUBLIC_OPEN"", ""COUNTRY"": ""LVA"", ""FREQUENCY"": ""M"", ""IFS_FLAG"": ""true"", ""INDICATOR"": ""PPI"", ""METHODOLOGY"": ""PPI"", ""OVERLAP"": ""OL"", ""REFERENCE_PERIOD"": ""2010=100"", ""SCALE"": ""0"", ""SECURITY_CLASSIFICATION"": ""PUB"", ""TYPE_OF_TRANSFORMATION"": ""IX""}}"
LVA,producer_price_index_quarterly_imf,2024-Q2,quarterly,168.25291181364392,\N,derived,IMF_PPI,IMF|ACCESS_SHARING_LEVEL=PUBLIC_OPEN|FREQUENCY=M|IFS_FLAG=true|INDICATOR=PPI|METHODOLOGY=PPI|OVERLAP=OL|REFERENCE_PERIOD=2010=100|SCALE=0|SECURITY_CLASSIFICATION=PUB|TYPE_OF_TRANSFORMATION=IX|aggregation=quarterly_mean,\N,"{""aggregation_method"": ""quarterly_mean"", ""source_derivation_types"": [""O"", ""O"", ""O""], ""source_months"": [""2024-M04"", ""2024-M05"", ""2024-M06""], ""source_observation_count"": 3, ""source_series_dimensions"": {""ACCESS_SHARING_LEVEL"": ""PUBLIC_OPEN"", ""COUNTRY"": ""LVA"", ""FREQUENCY"": ""M"", ""IFS_FLAG"": ""true"", ""INDICATOR"": ""PPI"", ""METHODOLOGY"": ""PPI"", ""OVERLAP"": ""OL"", ""REFERENCE_PERIOD"": ""2010=100"", ""SCALE"": ""0"", ""SECURITY_CLASSIFICATION"": ""PUB"", ""TYPE_OF_TRANSFORMATION"": ""IX""}}"
LVA,producer_price_index_quarterly_imf,2024-Q3,quarterly,167.58735440931778,\N,derived,IMF_PPI,IMF|ACCESS_SHARING_LEVEL=PUBLIC_OPEN|FREQUENCY=M|IFS_FLAG=true|INDICATOR=PPI|METHODOLOGY=PPI|OVERLAP=OL|REFERENCE_PERIOD=2010=100|SCALE=0|SECURITY_CLASSIFICATION=PUB|TYPE_OF_TRANSFORMATION=IX|aggregation=quarterly_mean,\N,"{""aggregation_method"": ""quarterly_mean"", ""source_derivation_types"": [""O"", ""O"", ""O""], ""source_months"": [""2024-M07"", ""2024-M08"", ""2024-M09""], ""source_observation_count"": 3, ""source_series_dimensions"": {""ACCESS_SHARING_LEVEL"": ""PUBLIC_OPEN"", ""COUNTRY"": ""LVA"", ""FREQUENCY"": ""M"", ""IFS_FLAG"": ""true"", ""INDICATOR"": ""PPI"", ""METHODOLOGY"": ""PPI"", ""OVERLAP"": ""OL"", ""REFERENCE_PERIOD"": ""2010=100"", ""SCALE"": ""0"", ""SECURITY_CLASSIFICATION"": ""PUB"", ""TYPE_OF_TRANSFORMATION"": ""IX""}}"
LVA,producer_price_index_quarterly_imf,2024-Q4,quarterly,167.72046589018302,\N,derived,IMF_PPI,IMF|ACCESS_SHARING_LEVEL=PUBLIC_OPEN|FREQUENCY=M|IFS_FLAG=true|INDICATOR=PPI|METHODOLOGY=PPI|OVERLAP=OL|REFERENCE_PERIOD=2010=100|SCALE=0|SECURITY_CLASSIFICATION=PUB|TYPE_OF_TRANSFORMATION=IX|aggregation=quarterly_mean,\N,"{""aggregation_method"": ""quarterly_mean"", ""source_derivation_types"": [""O"", ""O"", ""O""], ""source_months"": [""2024-M10"", ""2024-M11"", ""2024-M12""], ""source_observation_count"": 3, ""source_series_dimensions"": {""ACCESS_SHARING_LEVEL"": ""PUBLIC_OPEN"", ""COUNTRY"": ""LVA"", ""FREQUENCY"": ""M"", ""IFS_FLAG"": ""true"", ""INDICATOR"": ""PPI"", ""METHODOLOGY"": ""PPI"", ""OVERLAP"": ""OL"", ""REFERENCE_PERIOD"": ""2010=100"", ""SCALE"": ""0"", ""SECURITY_CLASSIFICATION"": ""PUB"", ""TYPE_OF_TRANSFORMATION"": ""IX""}}"
MEX,producer_price_index_quarterly_imf,2020-Q1,quarterly,145.80035924323627,\N,derived,IMF_PPI,IMF|ACCESS_SHARING_LEVEL=PUBLIC_OPEN|FREQUENCY=M|IFS_FLAG=true|INDICATOR=PPI|METHODOLOGY=PPI|OVERLAP=OL|REFERENCE_PERIOD=2010=100|SCALE=0|SECURITY_CLASSIFICATION=PUB|TYPE_OF_TRANSFORMATION=IX|aggregation=quarterly_mean,\N,"{""aggregation_method"": ""quarterly_mean"", ""source_derivation_types"": [""O"", ""O"", ""O""], ""source_months"": [""2020-M01"", ""2020-M02"", ""2020-M03""], ""source_observation_count"": 3, ""source_series_dimensions"": {""ACCESS_SHARING_LEVEL"": ""PUBLIC_OPEN"", ""COUNTRY"": ""MEX"", ""FREQUENCY"": ""M"", ""IFS_FLAG"": ""true"", ""INDICATOR"": ""PPI"", ""METHODOLOGY"": ""PPI"", ""OVERLAP"": ""OL"", ""REFERENCE_PERIOD"": ""2010=100"", ""SCALE"": ""0"", ""SECURITY_CLASSIFICATION"": ""PUB"", ""TYPE_OF_TRANSFORMATION"": ""IX""}}"
MEX,producer_price_index_quarterly_imf,2020-Q2,quarterly,149.52377833649277,\N,derived,IMF_PPI,IMF|ACCESS_SHARING_LEVEL=PUBLIC_OPEN|FREQUENCY=M|IFS_FLAG=true|INDICATOR=PPI|METHODOLOGY=PPI|OVERLAP=OL|REFERENCE_PERIOD=2010=100|SCALE=0|SECURITY_CLASSIFICATION=PUB|TYPE_OF_TRANSFORMATION=IX|aggregation=quarterly_mean,\N,"{""aggregation_method"": ""quarterly_mean"", ""source_derivation_types"": [""O"", ""O"", ""O""], ""source_months"": [""2020-M04"", ""2020-M05"", ""2020-M06""], ""source_observation_count"": 3, ""source_series_dimensions"": {""ACCESS_SHARING_LEVEL"": ""PUBLIC_OPEN"", ""COUNTRY"": ""MEX"", ""FREQUENCY"": ""M"", ""IFS_FLAG"": ""true"", ""INDICATOR"": ""PPI"", ""METHODOLOGY"": ""PPI"", ""OVERLAP"": ""OL"", ""REFERENCE_PERIOD"": ""2010=100"", ""SCALE"": ""0"", ""SECURITY_CLASSIFICATION"": ""PUB"", ""TYPE_OF_TRANSFORMATION"": ""IX""}}"
MEX,producer_price_index_quarterly_imf,2020-Q3,quarterly,151.1824584511304,\N,derived,IMF_PPI,IMF|ACCESS_SHARING_LEVEL=PUBLIC_OPEN|FREQUENCY=M|IFS_FLAG=true|INDICATOR=PPI|METHODOLOGY=PPI|OVERLAP=OL|REFERENCE_PERIOD=2010=100|SCALE=0|SECURITY_CLASSIFICATION=PUB|TYPE_OF_TRANSFORMATION=IX|aggregation=quarterly_mean,\N,"{""aggregation_method"": ""quarterly_mean"", ""source_derivation_types"": [""O"", ""O"", ""O""], ""source_months"": [""2020-M07"", ""2020-M08"", ""2020-M09""], ""source_observation_count"": 3, ""source_series_dimensions"": {""ACCESS_SHARING_LEVEL"": ""PUBLIC_OPEN"", ""COUNTRY"": ""MEX"", ""FREQUENCY"": ""M"", ""IFS_FLAG"": ""true"", ""INDICATOR"": ""PPI"", ""METHODOLOGY"": ""PPI"", ""OVERLAP"": ""OL"", ""REFERENCE_PERIOD"": ""2010=100"", ""SCALE"": ""0"", ""SECURITY_CLASSIFICATION"": ""PUB"", ""TYPE_OF_TRANSFORMATION"": ""IX""}}"
MEX,producer_price_index_quarterly_imf,2020-Q4,quarterly,150.8743970668675,\N,derived,IMF_PPI,IMF|ACCESS_SHARING_LEVEL=PUBLIC_OPEN|FREQUENCY=M|IFS_FLAG=true|INDICATOR=PPI|METHODOLOGY=PPI|OVERLAP=OL|REFERENCE_PERIOD=2010=100|SCALE=0|SECURITY_CLASSIFICATION=PUB|TYPE_OF_TRANSFORMATION=IX|aggregation=quarterly_mean,\N,"{""aggregation_method"": ""quarterly_mean"", ""source_derivation_types"": [""O"", ""O"", ""O""], ""source_months"": [""2020-M10"", ""2020-M11"", ""2020-M12""], ""source_observation_count"": 3, ""source_series_dimensions"": {""ACCESS_SHARING_LEVEL"": ""PUBLIC_OPEN"", ""COUNTRY"": ""MEX"", ""FREQUENCY"": ""M"", ""IFS_FLAG"": ""true"", ""INDICATOR"": ""PPI"", ""METHODOLOGY"": ""PPI"", ""OVERLAP"": ""OL"", ""REFERENCE_PERIOD"": ""2010=100"", ""SCALE"": ""0"", ""SECURITY_CLASSIFICATION"": ""PUB"", ""TYPE_OF_TRANSFORMATION"": ""IX""}}"
MEX,producer_price_index_quarterly_imf,2021-Q1,quarterly,154.67883387850492,\N,derived,IMF_PPI,IMF|ACCESS_SHARING_LEVEL=PUBLIC_OPEN|FREQUENCY=M|IFS_FLAG=true|INDICATOR=PPI|METHODOLOGY=PPI|OVERLAP=OL|REFERENCE_PERIOD=2010=100|SCALE=0|SECURITY_CLASSIFICATION=PUB|TYPE_OF_TRANSFORMATION=IX|aggregation=quarterly_mean,\N,"{""aggregation_method"": ""quarterly_mean"", ""source_derivation_types"": [""O"", ""O"", ""O""], ""source_months"": [""2021-M01"", ""2021-M02"", ""2021-M03""], ""source_observation_count"": 3, ""source_series_dimensions"": {""ACCESS_SHARING_LEVEL"": ""PUBLIC_OPEN"", ""COUNTRY"": ""MEX"", ""FREQUENCY"": ""M"", ""IFS_FLAG"": ""true"", ""INDICATOR"": ""PPI"", ""METHODOLOGY"": ""PPI"", ""OVERLAP"": ""OL"", ""REFERENCE_PERIOD"": ""2010=100"", ""SCALE"": ""0"", ""SECURITY_CLASSIFICATION"": ""PUB"", ""TYPE_OF_TRANSFORMATION"": ""IX""}}"
MEX,producer_price_index_quarterly_imf,2021-Q2,quarterly,158.60746551592402,\N,derived,IMF_PPI,IMF|ACCESS_SHARING_LEVEL=PUBLIC_OPEN|FREQUENCY=M|IFS_FLAG=true|INDICATOR=PPI|METHODOLOGY=PPI|OVERLAP=OL|REFERENCE_PERIOD=2010=100|SCALE=0|SECURITY_CLASSIFICATION=PUB|TYPE_OF_TRANSFORMATION=IX|aggregation=quarterly_mean,\N,"{""aggregation_method"": ""quarterly_mean"", ""source_derivation_types"": [""O"", ""O"", ""O""], ""source_months"": [""2021-M04"", ""2021-M05"", ""2021-M06""], ""source_observation_count"": 3, ""source_series_dimensions"": {""ACCESS_SHARING_LEVEL"": ""PUBLIC_OPEN"", ""COUNTRY"": ""MEX"", ""FREQUENCY"": ""M"", ""IFS_FLAG"": ""true"", ""INDICATOR"": ""PPI"", ""METHODOLOGY"": ""PPI"", ""OVERLAP"": ""OL"", ""REFERENCE_PERIOD"": ""2010=100"", ""SCALE"": ""0"", ""SECURITY_CLASSIFICATION"": ""PUB"", ""TYPE_OF_TRANSFORMATION"": ""IX""}}"
MEX,producer_price_index_quarterly_imf,2021-Q3,quarterly,161.20633927261125,\N,derived,IMF_PPI,IMF|ACCESS_SHARING_LEVEL=PUBLIC_OPEN|FREQUENCY=M|IFS_FLAG=true|INDICATOR=PPI|METHODOLOGY=PPI|OVERLAP=OL|REFERENCE_PERIOD=2010=100|SCALE=0|SECURITY_CLASSIFICATION=PUB|TYPE_OF_TRANSFORMATION=IX|aggregation=quarterly_mean,\N,"{""aggregation_method"": ""quarterly_mean"", ""source_derivation_types"": [""O"", ""O"", ""O""], ""source_months"": [""2021-M07"", ""2021-M08"", ""2021-M09""], ""source_observation_count"": 3, ""source_series_dimensions"": {""ACCESS_SHARING_LEVEL"": ""PUBLIC_OPEN"", ""COUNTRY"": ""MEX"", ""FREQUENCY"": ""M"", ""IFS_FLAG"": ""true"", ""INDICATOR"": ""PPI"", ""METHODOLOGY"": ""PPI"", ""OVERLAP"": ""OL"", ""REFERENCE_PERIOD"": ""2010=100"", ""SCALE"": ""0"", ""SECURITY_CLASSIFICATION"": ""PUB"", ""TYPE_OF_TRANSFORMATION"": ""IX""}}"
MEX,producer_price_index_quarterly_imf,2021-Q4,quarterly,165.24752247089486,\N,derived,IMF_PPI,IMF|ACCESS_SHARING_LEVEL=PUBLIC_OPEN|FREQUENCY=M|IFS_FLAG=true|INDICATOR=PPI|METHODOLOGY=PPI|OVERLAP=OL|REFERENCE_PERIOD=2010=100|SCALE=0|SECURITY_CLASSIFICATION=PUB|TYPE_OF_TRANSFORMATION=IX|aggregation=quarterly_mean,\N,"{""aggregation_method"": ""quarterly_mean"", ""source_derivation_types"": [""O"", ""O"", ""O""], ""source_months"": [""2021-M10"", ""2021-M11"", ""2021-M12""], ""source_observation_count"": 3, ""source_series_dimensions"": {""ACCESS_SHARING_LEVEL"": ""PUBLIC_OPEN"", ""COUNTRY"": ""MEX"", ""FREQUENCY"": ""M"", ""IFS_FLAG"": ""true"", ""INDICATOR"": ""PPI"", ""METHODOLOGY"": ""PPI"", ""OVERLAP"": ""OL"", ""REFERENCE_PERIOD"": ""2010=100"", ""SCALE"": ""0"", ""SECURITY_CLASSIFICATION"": ""PUB"", ""TYPE_OF_TRANSFORMATION"": ""IX""}}"
MEX,producer_price_index_quarterly_imf,2022-Q1,quarterly,170.08966526826205,\N,derived,IMF_PPI,IMF|ACCESS_SHARING_LEVEL=PUBLIC_OPEN|FREQUENCY=M|IFS_FLAG=true|INDICATOR=PPI|METHODOLOGY=PPI|OVERLAP=OL|REFERENCE_PERIOD=2010=100|SCALE=0|SECURITY_CLASSIFICATION=PUB|TYPE_OF_TRANSFORMATION=IX|aggregation=quarterly_mean,\N,"{""aggregation_method"": ""quarterly_mean"", ""source_derivation_types"": [""O"", ""O"", ""O""], ""source_months"": [""2022-M01"", ""2022-M02"", ""2022-M03""], ""source_observation_count"": 3, ""source_series_dimensions"": {""ACCESS_SHARING_LEVEL"": ""PUBLIC_OPEN"", ""COUNTRY"": ""MEX"", ""FREQUENCY"": ""M"", ""IFS_FLAG"": ""true"", ""INDICATOR"": ""PPI"", ""METHODOLOGY"": ""PPI"", ""OVERLAP"": ""OL"", ""REFERENCE_PERIOD"": ""2010=100"", ""SCALE"": ""0"", ""SECURITY_CLASSIFICATION"": ""PUB"", ""TYPE_OF_TRANSFORMATION"": ""IX""}}"
MEX,producer_price_index_quarterly_imf,2022-Q2,quarterly,175.16176254774044,\N,derived,IMF_PPI,IMF|ACCESS_SHARING_LEVEL=PUBLIC_OPEN|FREQUENCY=M|IFS_FLAG=true|INDICATOR=PPI|METHODOLOGY=PPI|OVERLAP=OL|REFERENCE_PERIOD=2010=100|SCALE=0|SECURITY_CLASSIFICATION=PUB|TYPE_OF_TRANSFORMATION=IX|aggregation=quarterly_mean,\N,"{""aggregation_method"": ""quarterly_mean"", ""source_derivation_types"": [""O"", ""O"", ""O""], ""source_months"": [""2022-M04"", ""2022-M05"", ""2022-M06""], ""source_observation_count"": 3, ""source_series_dimensions"": {""ACCESS_SHARING_LEVEL"": ""PUBLIC_OPEN"", ""COUNTRY"": ""MEX"", ""FREQUENCY"": ""M"", ""IFS_FLAG"": ""true"", ""INDICATOR"": ""PPI"", ""METHODOLOGY"": ""PPI"", ""OVERLAP"": ""OL"", ""REFERENCE_PERIOD"": ""2010=100"", ""SCALE"": ""0"", ""SECURITY_CLASSIFICATION"": ""PUB"", ""TYPE_OF_TRANSFORMATION"": ""IX""}}"
MEX,producer_price_index_quarterly_imf,2022-Q3,quarterly,176.27757543562186,\N,derived,IMF_PPI,IMF|ACCESS_SHARING_LEVEL=PUBLIC_OPEN|FREQUENCY=M|IFS_FLAG=true|INDICATOR=PPI|METHODOLOGY=PPI|OVERLAP=OL|REFERENCE_PERIOD=2010=100|SCALE=0|SECURITY_CLASSIFICATION=PUB|TYPE_OF_TRANSFORMATION=IX|aggregation=quarterly_mean,\N,"{""aggregation_method"": ""quarterly_mean"", ""source_derivation_types"": [""O"", ""O"", ""O""], ""source_months"": [""2022-M07"", ""2022-M08"", ""2022-M09""], ""source_observation_count"": 3, ""source_series_dimensions"": {""ACCESS_SHARING_LEVEL"": ""PUBLIC_OPEN"", ""COUNTRY"": ""MEX"", ""FREQUENCY"": ""M"", ""IFS_FLAG"": ""true"", ""INDICATOR"": ""PPI"", ""METHODOLOGY"": ""PPI"", ""OVERLAP"": ""OL"", ""REFERENCE_PERIOD"": ""2010=100"", ""SCALE"": ""0"", ""SECURITY_CLASSIFICATION"": ""PUB"", ""TYPE_OF_TRANSFORMATION"": ""IX""}}"
MEX,producer_price_index_quarterly_imf,2022-Q4,quarterly,175.04824071479945,\N,derived,IMF_PPI,IMF|ACCESS_SHARING_LEVEL=PUBLIC_OPEN|FREQUENCY=M|IFS_FLAG=true|INDICATOR=PPI|METHODOLOGY=PPI|OVERLAP=OL|REFERENCE_PERIOD=2010=100|SCALE=0|SECURITY_CLASSIFICATION=PUB|TYPE_OF_TRANSFORMATION=IX|aggregation=quarterly_mean,\N,"{""aggregation_method"": ""quarterly_mean"", ""source_derivation_types"": [""O"", ""O"", ""O""], ""source_months"": [""2022-M10"", ""2022-M11"", ""2022-M12""], ""source_observation_count"": 3, ""source_series_dimensions"": {""ACCESS_SHARING_LEVEL"": ""PUBLIC_OPEN"", ""COUNTRY"": ""MEX"", ""FREQUENCY"": ""M"", ""IFS_FLAG"": ""true"", ""INDICATOR"": ""PPI"", ""METHODOLOGY"": ""PPI"", ""OVERLAP"": ""OL"", ""REFERENCE_PERIOD"": ""2010=100"", ""SCALE"": ""0"", ""SECURITY_CLASSIFICATION"": ""PUB"", ""TYPE_OF_TRANSFORMATION"": ""IX""}}"
MEX,producer_price_index_quarterly_imf,2023-Q1,quarterly,175.71869871960465,\N,derived,IMF_PPI,IMF|ACCESS_SHARING_LEVEL=PUBLIC_OPEN|FREQUENCY=M|IFS_FLAG=true|INDICATOR=PPI|METHODOLOGY=PPI|OVERLAP=OL|REFERENCE_PERIOD=2010=100|SCALE=0|SECURITY_CLASSIFICATION=PUB|TYPE_OF_TRANSFORMATION=IX|aggregation=quarterly_mean,\N,"{""aggregation_method"": ""quarterly_mean"", ""source_derivation_types"": [""O"", ""O"", ""O""], ""source_months"": [""2023-M01"", ""2023-M02"", ""2023-M03""], ""source_observation_count"": 3, ""source_series_dimensions"": {""ACCESS_SHARING_LEVEL"": ""PUBLIC_OPEN"", ""COUNTRY"": ""MEX"", ""FREQUENCY"": ""M"", ""IFS_FLAG"": ""true"", ""INDICATOR"": ""PPI"", ""METHODOLOGY"": ""PPI"", ""OVERLAP"": ""OL"", ""REFERENCE_PERIOD"": ""2010=100"", ""SCALE"": ""0"", ""SECURITY_CLASSIFICATION"": ""PUB"", ""TYPE_OF_TRANSFORMATION"": ""IX""}}"
MEX,producer_price_index_quarterly_imf,2023-Q2,quarterly,175.4901996456081,\N,derived,IMF_PPI,IMF|ACCESS_SHARING_LEVEL=PUBLIC_OPEN|FREQUENCY=M|IFS_FLAG=true|INDICATOR=PPI|METHODOLOGY=PPI|OVERLAP=OL|REFERENCE_PERIOD=2010=100|SCALE=0|SECURITY_CLASSIFICATION=PUB|TYPE_OF_TRANSFORMATION=IX|aggregation=quarterly_mean,\N,"{""aggregation_method"": ""quarterly_mean"", ""source_derivation_types"": [""O"", ""O"", ""O""], ""source_months"": [""2023-M04"", ""2023-M05"", ""2023-M06""], ""source_observation_count"": 3, ""source_series_dimensions"": {""ACCESS_SHARING_LEVEL"": ""PUBLIC_OPEN"", ""COUNTRY"": ""MEX"", ""FREQUENCY"": ""M"", ""IFS_FLAG"": ""true"", ""INDICATOR"": ""PPI"", ""METHODOLOGY"": ""PPI"", ""OVERLAP"": ""OL"", ""REFERENCE_PERIOD"": ""2010=100"", ""SCALE"": ""0"", ""SECURITY_CLASSIFICATION"": ""PUB"", ""TYPE_OF_TRANSFORMATION"": ""IX""}}"
MKD,producer_price_index_quarterly_imf,2020-Q1,quarterly,111.10426296866969,\N,derived,IMF_PPI,IMF|ACCESS_SHARING_LEVEL=PUBLIC_OPEN|FREQUENCY=M|IFS_FLAG=true|INDICATOR=PPI|METHODOLOGY=PPI|OVERLAP=OL|REFERENCE_PERIOD=2010=100|SCALE=0|SECURITY_CLASSIFICATION=PUB|TYPE_OF_TRANSFORMATION=IX|aggregation=quarterly_mean,\N,"{""aggregation_method"": ""quarterly_mean"", ""source_derivation_types"": [""O"", ""O"", ""O""], ""source_months"": [""2020-M01"", ""2020-M02"", ""2020-M03""], ""source_observation_count"": 3, ""source_series_dimensions"": {""ACCESS_SHARING_LEVEL"": ""PUBLIC_OPEN"", ""COUNTRY"": ""MKD"", ""FREQUENCY"": ""M"", ""IFS_FLAG"": ""true"", ""INDICATOR"": ""PPI"", ""METHODOLOGY"": ""PPI"", ""OVERLAP"": ""OL"", ""REFERENCE_PERIOD"": ""2010=100"", ""SCALE"": ""0"", ""SECURITY_CLASSIFICATION"": ""PUB"", ""TYPE_OF_TRANSFORMATION"": ""IX""}}"
MKD,producer_price_index_quarterly_imf,2020-Q2,quarterly,110.03595274781713,\N,derived,IMF_PPI,IMF|ACCESS_SHARING_LEVEL=PUBLIC_OPEN|FREQUENCY=M|IFS_FLAG=true|INDICATOR=PPI|METHODOLOGY=PPI|OVERLAP=OL|REFERENCE_PERIOD=2010=100|SCALE=0|SECURITY_CLASSIFICATION=PUB|TYPE_OF_TRANSFORMATION=IX|aggregation=quarterly_mean,\N,"{""aggregation_method"": ""quarterly_mean"", ""source_derivation_types"": [""O"", ""O"", ""O""], ""source_months"": [""2020-M04"", ""2020-M05"", ""2020-M06""], ""source_observation_count"": 3, ""source_series_dimensions"": {""ACCESS_SHARING_LEVEL"": ""PUBLIC_OPEN"", ""COUNTRY"": ""MKD"", ""FREQUENCY"": ""M"", ""IFS_FLAG"": ""true"", ""INDICATOR"": ""PPI"", ""METHODOLOGY"": ""PPI"", ""OVERLAP"": ""OL"", ""REFERENCE_PERIOD"": ""2010=100"", ""SCALE"": ""0"", ""SECURITY_CLASSIFICATION"": ""PUB"", ""TYPE_OF_TRANSFORMATION"": ""IX""}}"
MKD,producer_price_index_quarterly_imf,2020-Q3,quarterly,110.98099640472515,\N,derived,IMF_PPI,IMF|ACCESS_SHARING_LEVEL=PUBLIC_OPEN|FREQUENCY=M|IFS_FLAG=true|INDICATOR=PPI|METHODOLOGY=PPI|OVERLAP=OL|REFERENCE_PERIOD=2010=100|SCALE=0|SECURITY_CLASSIFICATION=PUB|TYPE_OF_TRANSFORMATION=IX|aggregation=quarterly_mean,\N,"{""aggregation_method"": ""quarterly_mean"", ""source_derivation_types"": [""O"", ""O"", ""O""], ""source_months"": [""2020-M07"", ""2020-M08"", ""2020-M09""], ""source_observation_count"": 3, ""source_series_dimensions"": {""ACCESS_SHARING_LEVEL"": ""PUBLIC_OPEN"", ""COUNTRY"": ""MKD"", ""FREQUENCY"": ""M"", ""IFS_FLAG"": ""true"", ""INDICATOR"": ""PPI"", ""METHODOLOGY"": ""PPI"", ""OVERLAP"": ""OL"", ""REFERENCE_PERIOD"": ""2010=100"", ""SCALE"": ""0"", ""SECURITY_CLASSIFICATION"": ""PUB"", ""TYPE_OF_TRANSFORMATION"": ""IX""}}"
MKD,producer_price_index_quarterly_imf,2020-Q4,quarterly,111.63841807909598,\N,derived,IMF_PPI,IMF|ACCESS_SHARING_LEVEL=PUBLIC_OPEN|FREQUENCY=M|IFS_FLAG=true|INDICATOR=PPI|METHODOLOGY=PPI|OVERLAP=OL|REFERENCE_PERIOD=2010=100|SCALE=0|SECURITY_CLASSIFICATION=PUB|TYPE_OF_TRANSFORMATION=IX|aggregation=quarterly_mean,\N,"{""aggregation_method"": ""quarterly_mean"", ""source_derivation_types"": [""O"", ""O"", ""O""], ""source_months"": [""2020-M10"", ""2020-M11"", ""2020-M12""], ""source_observation_count"": 3, ""source_series_dimensions"": {""ACCESS_SHARING_LEVEL"": ""PUBLIC_OPEN"", ""COUNTRY"": ""MKD"", ""FREQUENCY"": ""M"", ""IFS_FLAG"": ""true"", ""INDICATOR"": ""PPI"", ""METHODOLOGY"": ""PPI"", ""OVERLAP"": ""OL"", ""REFERENCE_PERIOD"": ""2010=100"", ""SCALE"": ""0"", ""SECURITY_CLASSIFICATION"": ""PUB"", ""TYPE_OF_TRANSFORMATION"": ""IX""}}"
MKD,producer_price_index_quarterly_imf,2021-Q1,quarterly,117.51412429378524,\N,derived,IMF_PPI,IMF|ACCESS_SHARING_LEVEL=PUBLIC_OPEN|FREQUENCY=M|IFS_FLAG=true|INDICATOR=PPI|METHODOLOGY=PPI|OVERLAP=OL|REFERENCE_PERIOD=2010=100|SCALE=0|SECURITY_CLASSIFICATION=PUB|TYPE_OF_TRANSFORMATION=IX|aggregation=quarterly_mean,\N,"{""aggregation_method"": ""quarterly_mean"", ""source_derivation_types"": [""O"", ""O"", ""O""], ""source_months"": [""2021-M01"", ""2021-M02"", ""2021-M03""], ""source_observation_count"": 3, ""source_series_dimensions"": {""ACCESS_SHARING_LEVEL"": ""PUBLIC_OPEN"", ""COUNTRY"": ""MKD"", ""FREQUENCY"": ""M"", ""IFS_FLAG"": ""true"", ""INDICATOR"": ""PPI"", ""METHODOLOGY"": ""PPI"", ""OVERLAP"": ""OL"", ""REFERENCE_PERIOD"": ""2010=100"", ""SCALE"": ""0"", ""SECURITY_CLASSIFICATION"": ""PUB"", ""TYPE_OF_TRANSFORMATION"": ""IX""}}"
MKD,producer_price_index_quarterly_imf,2021-Q2,quarterly,120.71905495634303,\N,derived,IMF_PPI,IMF|ACCESS_SHARING_LEVEL=PUBLIC_OPEN|FREQUENCY=M|IFS_FLAG=true|INDICATOR=PPI|METHODOLOGY=PPI|OVERLAP=OL|REFERENCE_PERIOD=2010=100|SCALE=0|SECURITY_CLASSIFICATION=PUB|TYPE_OF_TRANSFORMATION=IX|aggregation=quarterly_mean,\N,"{""aggregation_method"": ""quarterly_mean"", ""source_derivation_types"": [""O"", ""O"", ""O""], ""source_months"": [""2021-M04"", ""2021-M05"", ""2021-M06""], ""source_observation_count"": 3, ""source_series_dimensions"": {""ACCESS_SHARING_LEVEL"": ""PUBLIC_OPEN"", ""COUNTRY"": ""MKD"", ""FREQUENCY"": ""M"", ""IFS_FLAG"": ""true"", ""INDICATOR"": ""PPI"", ""METHODOLOGY"": ""PPI"", ""OVERLAP"": ""OL"", ""REFERENCE_PERIOD"": ""2010=100"", ""SCALE"": ""0"", ""SECURITY_CLASSIFICATION"": ""PUB"", ""TYPE_OF_TRANSFORMATION"": ""IX""}}"
MKD,producer_price_index_quarterly_imf,2021-Q3,quarterly,125.77298407806877,\N,derived,IMF_PPI,IMF|ACCESS_SHARING_LEVEL=PUBLIC_OPEN|FREQUENCY=M|IFS_FLAG=true|INDICATOR=PPI|METHODOLOGY=PPI|OVERLAP=OL|REFERENCE_PERIOD=2010=100|SCALE=0|SECURITY_CLASSIFICATION=PUB|TYPE_OF_TRANSFORMATION=IX|aggregation=quarterly_mean,\N,"{""aggregation_method"": ""quarterly_mean"", ""source_derivation_types"": [""O"", ""O"", ""O""], ""source_months"": [""2021-M07"", ""2021-M08"", ""2021-M09""], ""source_observation_count"": 3, ""source_series_dimensions"": {""ACCESS_SHARING_LEVEL"": ""PUBLIC_OPEN"", ""COUNTRY"": ""MKD"", ""FREQUENCY"": ""M"", ""IFS_FLAG"": ""true"", ""INDICATOR"": ""PPI"", ""METHODOLOGY"": ""PPI"", ""OVERLAP"": ""OL"", ""REFERENCE_PERIOD"": ""2010=100"", ""SCALE"": ""0"", ""SECURITY_CLASSIFICATION"": ""PUB"", ""TYPE_OF_TRANSFORMATION"": ""IX""}}"
MKD,producer_price_index_quarterly_imf,2021-Q4,quarterly,129.06009244992293,\N,derived,IMF_PPI,IMF|ACCESS_SHARING_LEVEL=PUBLIC_OPEN|FREQUENCY=M|IFS_FLAG=true|INDICATOR=PPI|METHODOLOGY=PPI|OVERLAP=OL|REFERENCE_PERIOD=2010=100|SCALE=0|SECURITY_CLASSIFICATION=PUB|TYPE_OF_TRANSFORMATION=IX|aggregation=quarterly_mean,\N,"{""aggregation_method"": ""quarterly_mean"", ""source_derivation_types"": [""O"", ""O"", ""O""], ""source_months"": [""2021-M10"", ""2021-M11"", ""2021-M12""], ""source_observation_count"": 3, ""source_series_dimensions"": {""ACCESS_SHARING_LEVEL"": ""PUBLIC_OPEN"", ""COUNTRY"": ""MKD"", ""FREQUENCY"": ""M"", ""IFS_FLAG"": ""true"", ""INDICATOR"": ""PPI"", ""METHODOLOGY"": ""PPI"", ""OVERLAP"": ""OL"", ""REFERENCE_PERIOD"": ""2010=100"", ""SCALE"": ""0"", ""SECURITY_CLASSIFICATION"": ""PUB"", ""TYPE_OF_TRANSFORMATION"": ""IX""}}"
MKD,producer_price_index_quarterly_imf,2022-Q1,quarterly,134.48382126348224,\N,derived,IMF_PPI,IMF|ACCESS_SHARING_LEVEL=PUBLIC_OPEN|FREQUENCY=M|IFS_FLAG=true|INDICATOR=PPI|METHODOLOGY=PPI|OVERLAP=OL|REFERENCE_PERIOD=2010=100|SCALE=0|SECURITY_CLASSIFICATION=PUB|TYPE_OF_TRANSFORMATION=IX|aggregation=quarterly_mean,\N,"{""aggregation_method"": ""quarterly_mean"", ""source_derivation_types"": [""O"", ""O"", ""O""], ""source_months"": [""2022-M01"", ""2022-M02"", ""2022-M03""], ""source_observation_count"": 3, ""source_series_dimensions"": {""ACCESS_SHARING_LEVEL"": ""PUBLIC_OPEN"", ""COUNTRY"": ""MKD"", ""FREQUENCY"": ""M"", ""IFS_FLAG"": ""true"", ""INDICATOR"": ""PPI"", ""METHODOLOGY"": ""PPI"", ""OVERLAP"": ""OL"", ""REFERENCE_PERIOD"": ""2010=100"", ""SCALE"": ""0"", ""SECURITY_CLASSIFICATION"": ""PUB"", ""TYPE_OF_TRANSFORMATION"": ""IX""}}"
MKD,producer_price_index_quarterly_imf,2022-Q2,quarterly,142.82485875706212,\N,derived,IMF_PPI,IMF|ACCESS_SHARING_LEVEL=PUBLIC_OPEN|FREQUENCY=M|IFS_FLAG=true|INDICATOR=PPI|METHODOLOGY=PPI|OVERLAP=OL|REFERENCE_PERIOD=2010=100|SCALE=0|SECURITY_CLASSIFICATION=PUB|TYPE_OF_TRANSFORMATION=IX|aggregation=quarterly_mean,\N,"{""aggregation_method"": ""quarterly_mean"", ""source_derivation_types"": [""O"", ""O"", ""O""], ""source_months"": [""2022-M04"", ""2022-M05"", ""2022-M06""], ""source_observation_count"": 3, ""source_series_dimensions"": {""ACCESS_SHARING_LEVEL"": ""PUBLIC_OPEN"", ""COUNTRY"": ""MKD"", ""FREQUENCY"": ""M"", ""IFS_FLAG"": ""true"", ""INDICATOR"": ""PPI"", ""METHODOLOGY"": ""PPI"", ""OVERLAP"": ""OL"", ""REFERENCE_PERIOD"": ""2010=100"", ""SCALE"": ""0"", ""SECURITY_CLASSIFICATION"": ""PUB"", ""TYPE_OF_TRANSFORMATION"": ""IX""}}"
MKD,producer_price_index_quarterly_imf,2022-Q3,quarterly,143.1946584488957,\N,derived,IMF_PPI,IMF|ACCESS_SHARING_LEVEL=PUBLIC_OPEN|FREQUENCY=M|IFS_FLAG=true|INDICATOR=PPI|METHODOLOGY=PPI|OVERLAP=OL|REFERENCE_PERIOD=2010=100|SCALE=0|SECURITY_CLASSIFICATION=PUB|TYPE_OF_TRANSFORMATION=IX|aggregation=quarterly_mean,\N,"{""aggregation_method"": ""quarterly_mean"", ""source_derivation_types"": [""O"", ""O"", ""O""], ""source_months"": [""2022-M07"", ""2022-M08"", ""2022-M09""], ""source_observation_count"": 3, ""source_series_dimensions"": {""ACCESS_SHARING_LEVEL"": ""PUBLIC_OPEN"", ""COUNTRY"": ""MKD"", ""FREQUENCY"": ""M"", ""IFS_FLAG"": ""true"", ""INDICATOR"": ""PPI"", ""METHODOLOGY"": ""PPI"", ""OVERLAP"": ""OL"", ""REFERENCE_PERIOD"": ""2010=100"", ""SCALE"": ""0"", ""SECURITY_CLASSIFICATION"": ""PUB"", ""TYPE_OF_TRANSFORMATION"": ""IX""}}"
MKD,producer_price_index_quarterly_imf,2022-Q4,quarterly,142.90703646635845,\N,derived,IMF_PPI,IMF|ACCESS_SHARING_LEVEL=PUBLIC_OPEN|FREQUENCY=M|IFS_FLAG=true|INDICATOR=PPI|METHODOLOGY=PPI|OVERLAP=OL|REFERENCE_PERIOD=2010=100|SCALE=0|SECURITY_CLASSIFICATION=PUB|TYPE_OF_TRANSFORMATION=IX|aggregation=quarterly_mean,\N,"{""aggregation_method"": ""quarterly_mean"", ""source_derivation_types"": [""O"", ""O"", ""O""], ""source_months"": [""2022-M10"", ""2022-M11"", ""2022-M12""], ""source_observation_count"": 3, ""source_series_dimensions"": {""ACCESS_SHARING_LEVEL"": ""PUBLIC_OPEN"", ""COUNTRY"": ""MKD"", ""FREQUENCY"": ""M"", ""IFS_FLAG"": ""true"", ""INDICATOR"": ""PPI"", ""METHODOLOGY"": ""PPI"", ""OVERLAP"": ""OL"", ""REFERENCE_PERIOD"": ""2010=100"", ""SCALE"": ""0"", ""SECURITY_CLASSIFICATION"": ""PUB"", ""TYPE_OF_TRANSFORMATION"": ""IX""}}"
MKD,producer_price_index_quarterly_imf,2023-Q1,quarterly,143.2357473035439,\N,derived,IMF_PPI,IMF|ACCESS_SHARING_LEVEL=PUBLIC_OPEN|FREQUENCY=M|IFS_FLAG=true|INDICATOR=PPI|METHODOLOGY=PPI|OVERLAP=OL|REFERENCE_PERIOD=2010=100|SCALE=0|SECURITY_CLASSIFICATION=PUB|TYPE_OF_TRANSFORMATION=IX|aggregation=quarterly_mean,\N,"{""aggregation_method"": ""quarterly_mean"", ""source_derivation_types"": [""O"", ""O"", ""O""], ""source_months"": [""2023-M01"", ""2023-M02"", ""2023-M03""], ""source_observation_count"": 3, ""source_series_dimensions"": {""ACCESS_SHARING_LEVEL"": ""PUBLIC_OPEN"", ""COUNTRY"": ""MKD"", ""FREQUENCY"": ""M"", ""IFS_FLAG"": ""true"", ""INDICATOR"": ""PPI"", ""METHODOLOGY"": ""PPI"", ""OVERLAP"": ""OL"", ""REFERENCE_PERIOD"": ""2010=100"", ""SCALE"": ""0"", ""SECURITY_CLASSIFICATION"": ""PUB"", ""TYPE_OF_TRANSFORMATION"": ""IX""}}"
MKD,producer_price_index_quarterly_imf,2023-Q2,quarterly,142.53723677452487,\N,derived,IMF_PPI,IMF|ACCESS_SHARING_LEVEL=PUBLIC_OPEN|FREQUENCY=M|IFS_FLAG=true|INDICATOR=PPI|METHODOLOGY=PPI|OVERLAP=OL|REFERENCE_PERIOD=2010=100|SCALE=0|SECURITY_CLASSIFICATION=PUB|TYPE_OF_TRANSFORMATION=IX|aggregation=quarterly_mean,\N,"{""aggregation_method"": ""quarterly_mean"", ""source_derivation_types"": [""O"", ""O"", ""O""], ""source_months"": [""2023-M04"", ""2023-M05"", ""2023-M06""], ""source_observation_count"": 3, ""source_series_dimensions"": {""ACCESS_SHARING_LEVEL"": ""PUBLIC_OPEN"", ""COUNTRY"": ""MKD"", ""FREQUENCY"": ""M"", ""IFS_FLAG"": ""true"", ""INDICATOR"": ""PPI"", ""METHODOLOGY"": ""PPI"", ""OVERLAP"": ""OL"", ""REFERENCE_PERIOD"": ""2010=100"", ""SCALE"": ""0"", ""SECURITY_CLASSIFICATION"": ""PUB"", ""TYPE_OF_TRANSFORMATION"": ""IX""}}"
MKD,producer_price_index_quarterly_imf,2023-Q3,quarterly,140.40061633281968,\N,derived,IMF_PPI,IMF|ACCESS_SHARING_LEVEL=PUBLIC_OPEN|FREQUENCY=M|IFS_FLAG=true|INDICATOR=PPI|METHODOLOGY=PPI|OVERLAP=OL|REFERENCE_PERIOD=2010=100|SCALE=0|SECURITY_CLASSIFICATION=PUB|TYPE_OF_TRANSFORMATION=IX|aggregation=quarterly_mean,\N,"{""aggregation_method"": ""quarterly_mean"", ""source_derivation_types"": [""O"", ""O"", ""O""], ""source_months"": [""2023-M07"", ""2023-M08"", ""2023-M09""], ""source_observation_count"": 3, ""source_series_dimensions"": {""ACCESS_SHARING_LEVEL"": ""PUBLIC_OPEN"", ""COUNTRY"": ""MKD"", ""FREQUENCY"": ""M"", ""IFS_FLAG"": ""true"", ""INDICATOR"": ""PPI"", ""METHODOLOGY"": ""PPI"", ""OVERLAP"": ""OL"", ""REFERENCE_PERIOD"": ""2010=100"", ""SCALE"": ""0"", ""SECURITY_CLASSIFICATION"": ""PUB"", ""TYPE_OF_TRANSFORMATION"": ""IX""}}"
MKD,producer_price_index_quarterly_imf,2023-Q4,quarterly,138.83923985618893,\N,derived,IMF_PPI,IMF|ACCESS_SHARING_LEVEL=PUBLIC_OPEN|FREQUENCY=M|IFS_FLAG=true|INDICATOR=PPI|METHODOLOGY=PPI|OVERLAP=OL|REFERENCE_PERIOD=2010=100|SCALE=0|SECURITY_CLASSIFICATION=PUB|TYPE_OF_TRANSFORMATION=IX|aggregation=quarterly_mean,\N,"{""aggregation_method"": ""quarterly_mean"", ""source_derivation_types"": [""O"", ""O"", ""O""], ""source_months"": [""2023-M10"", ""2023-M11"", ""2023-M12""], ""source_observation_count"": 3, ""source_series_dimensions"": {""ACCESS_SHARING_LEVEL"": ""PUBLIC_OPEN"", ""COUNTRY"": ""MKD"", ""FREQUENCY"": ""M"", ""IFS_FLAG"": ""true"", ""INDICATOR"": ""PPI"", ""METHODOLOGY"": ""PPI"", ""OVERLAP"": ""OL"", ""REFERENCE_PERIOD"": ""2010=100"", ""SCALE"": ""0"", ""SECURITY_CLASSIFICATION"": ""PUB"", ""TYPE_OF_TRANSFORMATION"": ""IX""}}"
MKD,producer_price_index_quarterly_imf,2024-Q1,quarterly,140.11299435028246,\N,derived,IMF_PPI,IMF|ACCESS_SHARING_LEVEL=PUBLIC_OPEN|FREQUENCY=M|IFS_FLAG=true|INDICATOR=PPI|METHODOLOGY=PPI|OVERLAP=OL|REFERENCE_PERIOD=2010=100|SCALE=0|SECURITY_CLASSIFICATION=PUB|TYPE_OF_TRANSFORMATION=IX|aggregation=quarterly_mean,\N,"{""aggregation_method"": ""quarterly_mean"", ""source_derivation_types"": [""O"", ""O"", ""O""], ""source_months"": [""2024-M01"", ""2024-M02"", ""2024-M03""], ""source_observation_count"": 3, ""source_series_dimensions"": {""ACCESS_SHARING_LEVEL"": ""PUBLIC_OPEN"", ""COUNTRY"": ""MKD"", ""FREQUENCY"": ""M"", ""IFS_FLAG"": ""true"", ""INDICATOR"": ""PPI"", ""METHODOLOGY"": ""PPI"", ""OVERLAP"": ""OL"", ""REFERENCE_PERIOD"": ""2010=100"", ""SCALE"": ""0"", ""SECURITY_CLASSIFICATION"": ""PUB"", ""TYPE_OF_TRANSFORMATION"": ""IX""}}"
MKD,producer_price_index_quarterly_imf,2024-Q2,quarterly,142.70159219311756,\N,derived,IMF_PPI,IMF|ACCESS_SHARING_LEVEL=PUBLIC_OPEN|FREQUENCY=M|IFS_FLAG=true|INDICATOR=PPI|METHODOLOGY=PPI|OVERLAP=OL|REFERENCE_PERIOD=2010=100|SCALE=0|SECURITY_CLASSIFICATION=PUB|TYPE_OF_TRANSFORMATION=IX|aggregation=quarterly_mean,\N,"{""aggregation_method"": ""quarterly_mean"", ""source_derivation_types"": [""O"", ""O"", ""O""], ""source_months"": [""2024-M04"", ""2024-M05"", ""2024-M06""], ""source_observation_count"": 3, ""source_series_dimensions"": {""ACCESS_SHARING_LEVEL"": ""PUBLIC_OPEN"", ""COUNTRY"": ""MKD"", ""FREQUENCY"": ""M"", ""IFS_FLAG"": ""true"", ""INDICATOR"": ""PPI"", ""METHODOLOGY"": ""PPI"", ""OVERLAP"": ""OL"", ""REFERENCE_PERIOD"": ""2010=100"", ""SCALE"": ""0"", ""SECURITY_CLASSIFICATION"": ""PUB"", ""TYPE_OF_TRANSFORMATION"": ""IX""}}"
MKD,producer_price_index_quarterly_imf,2024-Q3,quarterly,144.38623523369282,\N,derived,IMF_PPI,IMF|ACCESS_SHARING_LEVEL=PUBLIC_OPEN|FREQUENCY=M|IFS_FLAG=true|INDICATOR=PPI|METHODOLOGY=PPI|OVERLAP=OL|REFERENCE_PERIOD=2010=100|SCALE=0|SECURITY_CLASSIFICATION=PUB|TYPE_OF_TRANSFORMATION=IX|aggregation=quarterly_mean,\N,"{""aggregation_method"": ""quarterly_mean"", ""source_derivation_types"": [""O"", ""O"", ""O""], ""source_months"": [""2024-M07"", ""2024-M08"", ""2024-M09""], ""source_observation_count"": 3, ""source_series_dimensions"": {""ACCESS_SHARING_LEVEL"": ""PUBLIC_OPEN"", ""COUNTRY"": ""MKD"", ""FREQUENCY"": ""M"", ""IFS_FLAG"": ""true"", ""INDICATOR"": ""PPI"", ""METHODOLOGY"": ""PPI"", ""OVERLAP"": ""OL"", ""REFERENCE_PERIOD"": ""2010=100"", ""SCALE"": ""0"", ""SECURITY_CLASSIFICATION"": ""PUB"", ""TYPE_OF_TRANSFORMATION"": ""IX""}}"
MKD,producer_price_index_quarterly_imf,2024-Q4,quarterly,146.60503338469434,\N,derived,IMF_PPI,IMF|ACCESS_SHARING_LEVEL=PUBLIC_OPEN|FREQUENCY=M|IFS_FLAG=true|INDICATOR=PPI|METHODOLOGY=PPI|OVERLAP=OL|REFERENCE_PERIOD=2010=100|SCALE=0|SECURITY_CLASSIFICATION=PUB|TYPE_OF_TRANSFORMATION=IX|aggregation=quarterly_mean,\N,"{""aggregation_method"": ""quarterly_mean"", ""source_derivation_types"": [""O"", ""O"", ""O""], ""source_months"": [""2024-M10"", ""2024-M11"", ""2024-M12""], ""source_observation_count"": 3, ""source_series_dimensions"": {""ACCESS_SHARING_LEVEL"": ""PUBLIC_OPEN"", ""COUNTRY"": ""MKD"", ""FREQUENCY"": ""M"", ""IFS_FLAG"": ""true"", ""INDICATOR"": ""PPI"", ""METHODOLOGY"": ""PPI"", ""OVERLAP"": ""OL"", ""REFERENCE_PERIOD"": ""2010=100"", ""SCALE"": ""0"", ""SECURITY_CLASSIFICATION"": ""PUB"", ""TYPE_OF_TRANSFORMATION"": ""IX""}}"
MLT,producer_price_index_quarterly_imf,2020-Q1,quarterly,102.9338989042064,\N,derived,IMF_PPI,IMF|ACCESS_SHARING_LEVEL=PUBLIC_OPEN|FREQUENCY=M|IFS_FLAG=true|INDICATOR=PPI|METHODOLOGY=PPI|OVERLAP=OL|REFERENCE_PERIOD=2010=100|SCALE=0|SECURITY_CLASSIFICATION=PUB|TYPE_OF_TRANSFORMATION=IX|aggregation=quarterly_mean,\N,"{""aggregation_method"": ""quarterly_mean"", ""source_derivation_types"": [""O"", ""O"", ""O""], ""source_months"": [""2020-M01"", ""2020-M02"", ""2020-M03""], ""source_observation_count"": 3, ""source_series_dimensions"": {""ACCESS_SHARING_LEVEL"": ""PUBLIC_OPEN"", ""COUNTRY"": ""MLT"", ""FREQUENCY"": ""M"", ""IFS_FLAG"": ""true"", ""INDICATOR"": ""PPI"", ""METHODOLOGY"": ""PPI"", ""OVERLAP"": ""OL"", ""REFERENCE_PERIOD"": ""2010=100"", ""SCALE"": ""0"", ""SECURITY_CLASSIFICATION"": ""PUB"", ""TYPE_OF_TRANSFORMATION"": ""IX""}}"
MLT,producer_price_index_quarterly_imf,2020-Q2,quarterly,102.9692470837752,\N,derived,IMF_PPI,IMF|ACCESS_SHARING_LEVEL=PUBLIC_OPEN|FREQUENCY=M|IFS_FLAG=true|INDICATOR=PPI|METHODOLOGY=PPI|OVERLAP=OL|REFERENCE_PERIOD=2010=100|SCALE=0|SECURITY_CLASSIFICATION=PUB|TYPE_OF_TRANSFORMATION=IX|aggregation=quarterly_mean,\N,"{""aggregation_method"": ""quarterly_mean"", ""source_derivation_types"": [""O"", ""O"", ""O""], ""source_months"": [""2020-M04"", ""2020-M05"", ""2020-M06""], ""source_observation_count"": 3, ""source_series_dimensions"": {""ACCESS_SHARING_LEVEL"": ""PUBLIC_OPEN"", ""COUNTRY"": ""MLT"", ""FREQUENCY"": ""M"", ""IFS_FLAG"": ""true"", ""INDICATOR"": ""PPI"", ""METHODOLOGY"": ""PPI"", ""OVERLAP"": ""OL"", ""REFERENCE_PERIOD"": ""2010=100"", ""SCALE"": ""0"", ""SECURITY_CLASSIFICATION"": ""PUB"", ""TYPE_OF_TRANSFORMATION"": ""IX""}}"
MLT,producer_price_index_quarterly_imf,2020-Q3,quarterly,103.0045952633439,\N,derived,IMF_PPI,IMF|ACCESS_SHARING_LEVEL=PUBLIC_OPEN|FREQUENCY=M|IFS_FLAG=true|INDICATOR=PPI|METHODOLOGY=PPI|OVERLAP=OL|REFERENCE_PERIOD=2010=100|SCALE=0|SECURITY_CLASSIFICATION=PUB|TYPE_OF_TRANSFORMATION=IX|aggregation=quarterly_mean,\N,"{""aggregation_method"": ""quarterly_mean"", ""source_derivation_types"": [""O"", ""O"", ""O""], ""source_months"": [""2020-M07"", ""2020-M08"", ""2020-M09""], ""source_observation_count"": 3, ""source_series_dimensions"": {""ACCESS_SHARING_LEVEL"": ""PUBLIC_OPEN"", ""COUNTRY"": ""MLT"", ""FREQUENCY"": ""M"", ""IFS_FLAG"": ""true"", ""INDICATOR"": ""PPI"", ""METHODOLOGY"": ""PPI"", ""OVERLAP"": ""OL"", ""REFERENCE_PERIOD"": ""2010=100"", ""SCALE"": ""0"", ""SECURITY_CLASSIFICATION"": ""PUB"", ""TYPE_OF_TRANSFORMATION"": ""IX""}}"
MLT,producer_price_index_quarterly_imf,2020-Q4,quarterly,102.29763167196886,\N,derived,IMF_PPI,IMF|ACCESS_SHARING_LEVEL=PUBLIC_OPEN|FREQUENCY=M|IFS_FLAG=true|INDICATOR=PPI|METHODOLOGY=PPI|OVERLAP=OL|REFERENCE_PERIOD=2010=100|SCALE=0|SECURITY_CLASSIFICATION=PUB|TYPE_OF_TRANSFORMATION=IX|aggregation=quarterly_mean,\N,"{""aggregation_method"": ""quarterly_mean"", ""source_derivation_types"": [""O"", ""O"", ""O""], ""source_months"": [""2020-M10"", ""2020-M11"", ""2020-M12""], ""source_observation_count"": 3, ""source_series_dimensions"": {""ACCESS_SHARING_LEVEL"": ""PUBLIC_OPEN"", ""COUNTRY"": ""MLT"", ""FREQUENCY"": ""M"", ""IFS_FLAG"": ""true"", ""INDICATOR"": ""PPI"", ""METHODOLOGY"": ""PPI"", ""OVERLAP"": ""OL"", ""REFERENCE_PERIOD"": ""2010=100"", ""SCALE"": ""0"", ""SECURITY_CLASSIFICATION"": ""PUB"", ""TYPE_OF_TRANSFORMATION"": ""IX""}}"
MLT,producer_price_index_quarterly_imf,2021-Q1,quarterly,104.31247790738776,\N,derived,IMF_PPI,IMF|ACCESS_SHARING_LEVEL=PUBLIC_OPEN|FREQUENCY=M|IFS_FLAG=true|INDICATOR=PPI|METHODOLOGY=PPI|OVERLAP=OL|REFERENCE_PERIOD=2010=100|SCALE=0|SECURITY_CLASSIFICATION=PUB|TYPE_OF_TRANSFORMATION=IX|aggregation=quarterly_mean,\N,"{""aggregation_method"": ""quarterly_mean"", ""source_derivation_types"": [""O"", ""O"", ""O""], ""source_months"": [""2021-M01"", ""2021-M02"", ""2021-M03""], ""source_observation_count"": 3, ""source_series_dimensions"": {""ACCESS_SHARING_LEVEL"": ""PUBLIC_OPEN"", ""COUNTRY"": ""MLT"", ""FREQUENCY"": ""M"", ""IFS_FLAG"": ""true"", ""INDICATOR"": ""PPI"", ""METHODOLOGY"": ""PPI"", ""OVERLAP"": ""OL"", ""REFERENCE_PERIOD"": ""2010=100"", ""SCALE"": ""0"", ""SECURITY_CLASSIFICATION"": ""PUB"", ""TYPE_OF_TRANSFORMATION"": ""IX""}}"
MLT,producer_price_index_quarterly_imf,2021-Q2,quarterly,105.0901378579003,\N,derived,IMF_PPI,IMF|ACCESS_SHARING_LEVEL=PUBLIC_OPEN|FREQUENCY=M|IFS_FLAG=true|INDICATOR=PPI|METHODOLOGY=PPI|OVERLAP=OL|REFERENCE_PERIOD=2010=100|SCALE=0|SECURITY_CLASSIFICATION=PUB|TYPE_OF_TRANSFORMATION=IX|aggregation=quarterly_mean,\N,"{""aggregation_method"": ""quarterly_mean"", ""source_derivation_types"": [""O"", ""O"", ""O""], ""source_months"": [""2021-M04"", ""2021-M05"", ""2021-M06""], ""source_observation_count"": 3, ""source_series_dimensions"": {""ACCESS_SHARING_LEVEL"": ""PUBLIC_OPEN"", ""COUNTRY"": ""MLT"", ""FREQUENCY"": ""M"", ""IFS_FLAG"": ""true"", ""INDICATOR"": ""PPI"", ""METHODOLOGY"": ""PPI"", ""OVERLAP"": ""OL"", ""REFERENCE_PERIOD"": ""2010=100"", ""SCALE"": ""0"", ""SECURITY_CLASSIFICATION"": ""PUB"", ""TYPE_OF_TRANSFORMATION"": ""IX""}}"
MLT,producer_price_index_quarterly_imf,2021-Q3,quarterly,106.53941322021915,\N,derived,IMF_PPI,IMF|ACCESS_SHARING_LEVEL=PUBLIC_OPEN|FREQUENCY=M|IFS_FLAG=true|INDICATOR=PPI|METHODOLOGY=PPI|OVERLAP=OL|REFERENCE_PERIOD=2010=100|SCALE=0|SECURITY_CLASSIFICATION=PUB|TYPE_OF_TRANSFORMATION=IX|aggregation=quarterly_mean,\N,"{""aggregation_method"": ""quarterly_mean"", ""source_derivation_types"": [""O"", ""O"", ""O""], ""source_months"": [""2021-M07"", ""2021-M08"", ""2021-M09""], ""source_observation_count"": 3, ""source_series_dimensions"": {""ACCESS_SHARING_LEVEL"": ""PUBLIC_OPEN"", ""COUNTRY"": ""MLT"", ""FREQUENCY"": ""M"", ""IFS_FLAG"": ""true"", ""INDICATOR"": ""PPI"", ""METHODOLOGY"": ""PPI"", ""OVERLAP"": ""OL"", ""REFERENCE_PERIOD"": ""2010=100"", ""SCALE"": ""0"", ""SECURITY_CLASSIFICATION"": ""PUB"", ""TYPE_OF_TRANSFORMATION"": ""IX""}}"
MLT,producer_price_index_quarterly_imf,2021-Q4,quarterly,108.27147401908802,\N,derived,IMF_PPI,IMF|ACCESS_SHARING_LEVEL=PUBLIC_OPEN|FREQUENCY=M|IFS_FLAG=true|INDICATOR=PPI|METHODOLOGY=PPI|OVERLAP=OL|REFERENCE_PERIOD=2010=100|SCALE=0|SECURITY_CLASSIFICATION=PUB|TYPE_OF_TRANSFORMATION=IX|aggregation=quarterly_mean,\N,"{""aggregation_method"": ""quarterly_mean"", ""source_derivation_types"": [""O"", ""O"", ""O""], ""source_months"": [""2021-M10"", ""2021-M11"", ""2021-M12""], ""source_observation_count"": 3, ""source_series_dimensions"": {""ACCESS_SHARING_LEVEL"": ""PUBLIC_OPEN"", ""COUNTRY"": ""MLT"", ""FREQUENCY"": ""M"", ""IFS_FLAG"": ""true"", ""INDICATOR"": ""PPI"", ""METHODOLOGY"": ""PPI"", ""OVERLAP"": ""OL"", ""REFERENCE_PERIOD"": ""2010=100"", ""SCALE"": ""0"", ""SECURITY_CLASSIFICATION"": ""PUB"", ""TYPE_OF_TRANSFORMATION"": ""IX""}}"
MLT,producer_price_index_quarterly_imf,2022-Q1,quarterly,110.07423117709436,\N,derived,IMF_PPI,IMF|ACCESS_SHARING_LEVEL=PUBLIC_OPEN|FREQUENCY=M|IFS_FLAG=true|INDICATOR=PPI|METHODOLOGY=PPI|OVERLAP=OL|REFERENCE_PERIOD=2010=100|SCALE=0|SECURITY_CLASSIFICATION=PUB|TYPE_OF_TRANSFORMATION=IX|aggregation=quarterly_mean,\N,"{""aggregation_method"": ""quarterly_mean"", ""source_derivation_types"": [""O"", ""O"", ""O""], ""source_months"": [""2022-M01"", ""2022-M02"", ""2022-M03""], ""source_observation_count"": 3, ""source_series_dimensions"": {""ACCESS_SHARING_LEVEL"": ""PUBLIC_OPEN"", ""COUNTRY"": ""MLT"", ""FREQUENCY"": ""M"", ""IFS_FLAG"": ""true"", ""INDICATOR"": ""PPI"", ""METHODOLOGY"": ""PPI"", ""OVERLAP"": ""OL"", ""REFERENCE_PERIOD"": ""2010=100"", ""SCALE"": ""0"", ""SECURITY_CLASSIFICATION"": ""PUB"", ""TYPE_OF_TRANSFORMATION"": ""IX""}}"
MLT,producer_price_index_quarterly_imf,2022-Q2,quarterly,109.93283845881933,\N,derived,IMF_PPI,IMF|ACCESS_SHARING_LEVEL=PUBLIC_OPEN|FREQUENCY=M|IFS_FLAG=true|INDICATOR=PPI|METHODOLOGY=PPI|OVERLAP=OL|REFERENCE_PERIOD=2010=100|SCALE=0|SECURITY_CLASSIFICATION=PUB|TYPE_OF_TRANSFORMATION=IX|aggregation=quarterly_mean,\N,"{""aggregation_method"": ""quarterly_mean"", ""source_derivation_types"": [""O"", ""O"", ""O""], ""source_months"": [""2022-M04"", ""2022-M05"", ""2022-M06""], ""source_observation_count"": 3, ""source_series_dimensions"": {""ACCESS_SHARING_LEVEL"": ""PUBLIC_OPEN"", ""COUNTRY"": ""MLT"", ""FREQUENCY"": ""M"", ""IFS_FLAG"": ""true"", ""INDICATOR"": ""PPI"", ""METHODOLOGY"": ""PPI"", ""OVERLAP"": ""OL"", ""REFERENCE_PERIOD"": ""2010=100"", ""SCALE"": ""0"", ""SECURITY_CLASSIFICATION"": ""PUB"", ""TYPE_OF_TRANSFORMATION"": ""IX""}}"
MLT,producer_price_index_quarterly_imf,2022-Q3,quarterly,111.38211382113816,\N,derived,IMF_PPI,IMF|ACCESS_SHARING_LEVEL=PUBLIC_OPEN|FREQUENCY=M|IFS_FLAG=true|INDICATOR=PPI|METHODOLOGY=PPI|OVERLAP=OL|REFERENCE_PERIOD=2010=100|SCALE=0|SECURITY_CLASSIFICATION=PUB|TYPE_OF_TRANSFORMATION=IX|aggregation=quarterly_mean,\N,"{""aggregation_method"": ""quarterly_mean"", ""source_derivation_types"": [""O"", ""O"", ""O""], ""source_months"": [""2022-M07"", ""2022-M08"", ""2022-M09""], ""source_observation_count"": 3, ""source_series_dimensions"": {""ACCESS_SHARING_LEVEL"": ""PUBLIC_OPEN"", ""COUNTRY"": ""MLT"", ""FREQUENCY"": ""M"", ""IFS_FLAG"": ""true"", ""INDICATOR"": ""PPI"", ""METHODOLOGY"": ""PPI"", ""OVERLAP"": ""OL"", ""REFERENCE_PERIOD"": ""2010=100"", ""SCALE"": ""0"", ""SECURITY_CLASSIFICATION"": ""PUB"", ""TYPE_OF_TRANSFORMATION"": ""IX""}}"
MLT,producer_price_index_quarterly_imf,2022-Q4,quarterly,113.60904913396958,\N,derived,IMF_PPI,IMF|ACCESS_SHARING_LEVEL=PUBLIC_OPEN|FREQUENCY=M|IFS_FLAG=true|INDICATOR=PPI|METHODOLOGY=PPI|OVERLAP=OL|REFERENCE_PERIOD=2010=100|SCALE=0|SECURITY_CLASSIFICATION=PUB|TYPE_OF_TRANSFORMATION=IX|aggregation=quarterly_mean,\N,"{""aggregation_method"": ""quarterly_mean"", ""source_derivation_types"": [""O"", ""O"", ""O""], ""source_months"": [""2022-M10"", ""2022-M11"", ""2022-M12""], ""source_observation_count"": 3, ""source_series_dimensions"": {""ACCESS_SHARING_LEVEL"": ""PUBLIC_OPEN"", ""COUNTRY"": ""MLT"", ""FREQUENCY"": ""M"", ""IFS_FLAG"": ""true"", ""INDICATOR"": ""PPI"", ""METHODOLOGY"": ""PPI"", ""OVERLAP"": ""OL"", ""REFERENCE_PERIOD"": ""2010=100"", ""SCALE"": ""0"", ""SECURITY_CLASSIFICATION"": ""PUB"", ""TYPE_OF_TRANSFORMATION"": ""IX""}}"
MLT,producer_price_index_quarterly_imf,2023-Q1,quarterly,114.88158359844466,\N,derived,IMF_PPI,IMF|ACCESS_SHARING_LEVEL=PUBLIC_OPEN|FREQUENCY=M|IFS_FLAG=true|INDICATOR=PPI|METHODOLOGY=PPI|OVERLAP=OL|REFERENCE_PERIOD=2010=100|SCALE=0|SECURITY_CLASSIFICATION=PUB|TYPE_OF_TRANSFORMATION=IX|aggregation=quarterly_mean,\N,"{""aggregation_method"": ""quarterly_mean"", ""source_derivation_types"": [""O"", ""O"", ""O""], ""source_months"": [""2023-M01"", ""2023-M02"", ""2023-M03""], ""source_observation_count"": 3, ""source_series_dimensions"": {""ACCESS_SHARING_LEVEL"": ""PUBLIC_OPEN"", ""COUNTRY"": ""MLT"", ""FREQUENCY"": ""M"", ""IFS_FLAG"": ""true"", ""INDICATOR"": ""PPI"", ""METHODOLOGY"": ""PPI"", ""OVERLAP"": ""OL"", ""REFERENCE_PERIOD"": ""2010=100"", ""SCALE"": ""0"", ""SECURITY_CLASSIFICATION"": ""PUB"", ""TYPE_OF_TRANSFORMATION"": ""IX""}}"
MLT,producer_price_index_quarterly_imf,2023-Q2,quarterly,114.74019088016964,\N,derived,IMF_PPI,IMF|ACCESS_SHARING_LEVEL=PUBLIC_OPEN|FREQUENCY=M|IFS_FLAG=true|INDICATOR=PPI|METHODOLOGY=PPI|OVERLAP=OL|REFERENCE_PERIOD=2010=100|SCALE=0|SECURITY_CLASSIFICATION=PUB|TYPE_OF_TRANSFORMATION=IX|aggregation=quarterly_mean,\N,"{""aggregation_method"": ""quarterly_mean"", ""source_derivation_types"": [""O"", ""O"", ""O""], ""source_months"": [""2023-M04"", ""2023-M05"", ""2023-M06""], ""source_observation_count"": 3, ""source_series_dimensions"": {""ACCESS_SHARING_LEVEL"": ""PUBLIC_OPEN"", ""COUNTRY"": ""MLT"", ""FREQUENCY"": ""M"", ""IFS_FLAG"": ""true"", ""INDICATOR"": ""PPI"", ""METHODOLOGY"": ""PPI"", ""OVERLAP"": ""OL"", ""REFERENCE_PERIOD"": ""2010=100"", ""SCALE"": ""0"", ""SECURITY_CLASSIFICATION"": ""PUB"", ""TYPE_OF_TRANSFORMATION"": ""IX""}}"
MLT,producer_price_index_quarterly_imf,2023-Q3,quarterly,115.3764581124072,\N,derived,IMF_PPI,IMF|ACCESS_SHARING_LEVEL=PUBLIC_OPEN|FREQUENCY=M|IFS_FLAG=true|INDICATOR=PPI|METHODOLOGY=PPI|OVERLAP=OL|REFERENCE_PERIOD=2010=100|SCALE=0|SECURITY_CLASSIFICATION=PUB|TYPE_OF_TRANSFORMATION=IX|aggregation=quarterly_mean,\N,"{""aggregation_method"": ""quarterly_mean"", ""source_derivation_types"": [""O"", ""O"", ""O""], ""source_months"": [""2023-M07"", ""2023-M08"", ""2023-M09""], ""source_observation_count"": 3, ""source_series_dimensions"": {""ACCESS_SHARING_LEVEL"": ""PUBLIC_OPEN"", ""COUNTRY"": ""MLT"", ""FREQUENCY"": ""M"", ""IFS_FLAG"": ""true"", ""INDICATOR"": ""PPI"", ""METHODOLOGY"": ""PPI"", ""OVERLAP"": ""OL"", ""REFERENCE_PERIOD"": ""2010=100"", ""SCALE"": ""0"", ""SECURITY_CLASSIFICATION"": ""PUB"", ""TYPE_OF_TRANSFORMATION"": ""IX""}}"
MLT,producer_price_index_quarterly_imf,2023-Q4,quarterly,115.2350653941322,\N,derived,IMF_PPI,IMF|ACCESS_SHARING_LEVEL=PUBLIC_OPEN|FREQUENCY=M|IFS_FLAG=true|INDICATOR=PPI|METHODOLOGY=PPI|OVERLAP=OL|REFERENCE_PERIOD=2010=100|SCALE=0|SECURITY_CLASSIFICATION=PUB|TYPE_OF_TRANSFORMATION=IX|aggregation=quarterly_mean,\N,"{""aggregation_method"": ""quarterly_mean"", ""source_derivation_types"": [""O"", ""O"", ""O""], ""source_months"": [""2023-M10"", ""2023-M11"", ""2023-M12""], ""source_observation_count"": 3, ""source_series_dimensions"": {""ACCESS_SHARING_LEVEL"": ""PUBLIC_OPEN"", ""COUNTRY"": ""MLT"", ""FREQUENCY"": ""M"", ""IFS_FLAG"": ""true"", ""INDICATOR"": ""PPI"", ""METHODOLOGY"": ""PPI"", ""OVERLAP"": ""OL"", ""REFERENCE_PERIOD"": ""2010=100"", ""SCALE"": ""0"", ""SECURITY_CLASSIFICATION"": ""PUB"", ""TYPE_OF_TRANSFORMATION"": ""IX""}}"
MLT,producer_price_index_quarterly_imf,2024-Q1,quarterly,115.5178508306822,\N,derived,IMF_PPI,IMF|ACCESS_SHARING_LEVEL=PUBLIC_OPEN|FREQUENCY=M|IFS_FLAG=true|INDICATOR=PPI|METHODOLOGY=PPI|OVERLAP=OL|REFERENCE_PERIOD=2010=100|SCALE=0|SECURITY_CLASSIFICATION=PUB|TYPE_OF_TRANSFORMATION=IX|aggregation=quarterly_mean,\N,"{""aggregation_method"": ""quarterly_mean"", ""source_derivation_types"": [""O"", ""O"", ""O""], ""source_months"": [""2024-M01"", ""2024-M02"", ""2024-M03""], ""source_observation_count"": 3, ""source_series_dimensions"": {""ACCESS_SHARING_LEVEL"": ""PUBLIC_OPEN"", ""COUNTRY"": ""MLT"", ""FREQUENCY"": ""M"", ""IFS_FLAG"": ""true"", ""INDICATOR"": ""PPI"", ""METHODOLOGY"": ""PPI"", ""OVERLAP"": ""OL"", ""REFERENCE_PERIOD"": ""2010=100"", ""SCALE"": ""0"", ""SECURITY_CLASSIFICATION"": ""PUB"", ""TYPE_OF_TRANSFORMATION"": ""IX""}}"
MLT,producer_price_index_quarterly_imf,2024-Q2,quarterly,115.02297631671968,\N,derived,IMF_PPI,IMF|ACCESS_SHARING_LEVEL=PUBLIC_OPEN|FREQUENCY=M|IFS_FLAG=true|INDICATOR=PPI|METHODOLOGY=PPI|OVERLAP=OL|REFERENCE_PERIOD=2010=100|SCALE=0|SECURITY_CLASSIFICATION=PUB|TYPE_OF_TRANSFORMATION=IX|aggregation=quarterly_mean,\N,"{""aggregation_method"": ""quarterly_mean"", ""source_derivation_types"": [""O"", ""O"", ""O""], ""source_months"": [""2024-M04"", ""2024-M05"", ""2024-M06""], ""source_observation_count"": 3, ""source_series_dimensions"": {""ACCESS_SHARING_LEVEL"": ""PUBLIC_OPEN"", ""COUNTRY"": ""MLT"", ""FREQUENCY"": ""M"", ""IFS_FLAG"": ""true"", ""INDICATOR"": ""PPI"", ""METHODOLOGY"": ""PPI"", ""OVERLAP"": ""OL"", ""REFERENCE_PERIOD"": ""2010=100"", ""SCALE"": ""0"", ""SECURITY_CLASSIFICATION"": ""PUB"", ""TYPE_OF_TRANSFORMATION"": ""IX""}}"
MLT,producer_price_index_quarterly_imf,2024-Q3,quarterly,114.35136090491336,\N,derived,IMF_PPI,IMF|ACCESS_SHARING_LEVEL=PUBLIC_OPEN|FREQUENCY=M|IFS_FLAG=true|INDICATOR=PPI|METHODOLOGY=PPI|OVERLAP=OL|REFERENCE_PERIOD=2010=100|SCALE=0|SECURITY_CLASSIFICATION=PUB|TYPE_OF_TRANSFORMATION=IX|aggregation=quarterly_mean,\N,"{""aggregation_method"": ""quarterly_mean"", ""source_derivation_types"": [""O"", ""O"", ""O""], ""source_months"": [""2024-M07"", ""2024-M08"", ""2024-M09""], ""source_observation_count"": 3, ""source_series_dimensions"": {""ACCESS_SHARING_LEVEL"": ""PUBLIC_OPEN"", ""COUNTRY"": ""MLT"", ""FREQUENCY"": ""M"", ""IFS_FLAG"": ""true"", ""INDICATOR"": ""PPI"", ""METHODOLOGY"": ""PPI"", ""OVERLAP"": ""OL"", ""REFERENCE_PERIOD"": ""2010=100"", ""SCALE"": ""0"", ""SECURITY_CLASSIFICATION"": ""PUB"", ""TYPE_OF_TRANSFORMATION"": ""IX""}}"
MLT,producer_price_index_quarterly_imf,2024-Q4,quarterly,114.74019088016968,\N,derived,IMF_PPI,IMF|ACCESS_SHARING_LEVEL=PUBLIC_OPEN|FREQUENCY=M|IFS_FLAG=true|INDICATOR=PPI|METHODOLOGY=PPI|OVERLAP=OL|REFERENCE_PERIOD=2010=100|SCALE=0|SECURITY_CLASSIFICATION=PUB|TYPE_OF_TRANSFORMATION=IX|aggregation=quarterly_mean,\N,"{""aggregation_method"": ""quarterly_mean"", ""source_derivation_types"": [""O"", ""O"", ""O""], ""source_months"": [""2024-M10"", ""2024-M11"", ""2024-M12""], ""source_observation_count"": 3, ""source_series_dimensions"": {""ACCESS_SHARING_LEVEL"": ""PUBLIC_OPEN"", ""COUNTRY"": ""MLT"", ""FREQUENCY"": ""M"", ""IFS_FLAG"": ""true"", ""INDICATOR"": ""PPI"", ""METHODOLOGY"": ""PPI"", ""OVERLAP"": ""OL"", ""REFERENCE_PERIOD"": ""2010=100"", ""SCALE"": ""0"", ""SECURITY_CLASSIFICATION"": ""PUB"", ""TYPE_OF_TRANSFORMATION"": ""IX""}}"
NIC,producer_price_index_quarterly_imf,2020-Q1,quarterly,175.52982302818432,\N,derived,IMF_PPI,IMF|ACCESS_SHARING_LEVEL=PUBLIC_OPEN|FREQUENCY=M|IFS_FLAG=true|INDICATOR=PPI|METHODOLOGY=PPI|OVERLAP=OL|REFERENCE_PERIOD=2010=100|SCALE=0|SECURITY_CLASSIFICATION=PUB|TYPE_OF_TRANSFORMATION=IX|aggregation=quarterly_mean,\N,"{""aggregation_method"": ""quarterly_mean"", ""source_derivation_types"": [""O"", ""O"", ""O""], ""source_months"": [""2020-M01"", ""2020-M02"", ""2020-M03""], ""source_observation_count"": 3, ""source_series_dimensions"": {""ACCESS_SHARING_LEVEL"": ""PUBLIC_OPEN"", ""COUNTRY"": ""NIC"", ""FREQUENCY"": ""M"", ""IFS_FLAG"": ""true"", ""INDICATOR"": ""PPI"", ""METHODOLOGY"": ""PPI"", ""OVERLAP"": ""OL"", ""REFERENCE_PERIOD"": ""2010=100"", ""SCALE"": ""0"", ""SECURITY_CLASSIFICATION"": ""PUB"", ""TYPE_OF_TRANSFORMATION"": ""IX""}}"
NIC,producer_price_index_quarterly_imf,2020-Q2,quarterly,172.5147476512999,\N,derived,IMF_PPI,IMF|ACCESS_SHARING_LEVEL=PUBLIC_OPEN|FREQUENCY=M|IFS_FLAG=true|INDICATOR=PPI|METHODOLOGY=PPI|OVERLAP=OL|REFERENCE_PERIOD=2010=100|SCALE=0|SECURITY_CLASSIFICATION=PUB|TYPE_OF_TRANSFORMATION=IX|aggregation=quarterly_mean,\N,"{""aggregation_method"": ""quarterly_mean"", ""source_derivation_types"": [""O"", ""O"", ""O""], ""source_months"": [""2020-M04"", ""2020-M05"", ""2020-M06""], ""source_observation_count"": 3, ""source_series_dimensions"": {""ACCESS_SHARING_LEVEL"": ""PUBLIC_OPEN"", ""COUNTRY"": ""NIC"", ""FREQUENCY"": ""M"", ""IFS_FLAG"": ""true"", ""INDICATOR"": ""PPI"", ""METHODOLOGY"": ""PPI"", ""OVERLAP"": ""OL"", ""REFERENCE_PERIOD"": ""2010=100"", ""SCALE"": ""0"", ""SECURITY_CLASSIFICATION"": ""PUB"", ""TYPE_OF_TRANSFORMATION"": ""IX""}}"
NIC,producer_price_index_quarterly_imf,2020-Q3,quarterly,175.24579418833295,\N,derived,IMF_PPI,IMF|ACCESS_SHARING_LEVEL=PUBLIC_OPEN|FREQUENCY=M|IFS_FLAG=true|INDICATOR=PPI|METHODOLOGY=PPI|OVERLAP=OL|REFERENCE_PERIOD=2010=100|SCALE=0|SECURITY_CLASSIFICATION=PUB|TYPE_OF_TRANSFORMATION=IX|aggregation=quarterly_mean,\N,"{""aggregation_method"": ""quarterly_mean"", ""source_derivation_types"": [""O"", ""O"", ""O""], ""source_months"": [""2020-M07"", ""2020-M08"", ""2020-M09""], ""source_observation_count"": 3, ""source_series_dimensions"": {""ACCESS_SHARING_LEVEL"": ""PUBLIC_OPEN"", ""COUNTRY"": ""NIC"", ""FREQUENCY"": ""M"", ""IFS_FLAG"": ""true"", ""INDICATOR"": ""PPI"", ""METHODOLOGY"": ""PPI"", ""OVERLAP"": ""OL"", ""REFERENCE_PERIOD"": ""2010=100"", ""SCALE"": ""0"", ""SECURITY_CLASSIFICATION"": ""PUB"", ""TYPE_OF_TRANSFORMATION"": ""IX""}}"
NIC,producer_price_index_quarterly_imf,2020-Q4,quarterly,178.3482630544024,\N,derived,IMF_PPI,IMF|ACCESS_SHARING_LEVEL=PUBLIC_OPEN|FREQUENCY=M|IFS_FLAG=true|INDICATOR=PPI|METHODOLOGY=PPI|OVERLAP=OL|REFERENCE_PERIOD=2010=100|SCALE=0|SECURITY_CLASSIFICATION=PUB|TYPE_OF_TRANSFORMATION=IX|aggregation=quarterly_mean,\N,"{""aggregation_method"": ""quarterly_mean"", ""source_derivation_types"": [""O"", ""O"", ""O""], ""source_months"": [""2020-M10"", ""2020-M11"", ""2020-M12""], ""source_observation_count"": 3, ""source_series_dimensions"": {""ACCESS_SHARING_LEVEL"": ""PUBLIC_OPEN"", ""COUNTRY"": ""NIC"", ""FREQUENCY"": ""M"", ""IFS_FLAG"": ""true"", ""INDICATOR"": ""PPI"", ""METHODOLOGY"": ""PPI"", ""OVERLAP"": ""OL"", ""REFERENCE_PERIOD"": ""2010=100"", ""SCALE"": ""0"", ""SECURITY_CLASSIFICATION"": ""PUB"", ""TYPE_OF_TRANSFORMATION"": ""IX""}}"
NIC,producer_price_index_quarterly_imf,2021-Q1,quarterly,185.1212584662442,\N,derived,IMF_PPI,IMF|ACCESS_SHARING_LEVEL=PUBLIC_OPEN|FREQUENCY=M|IFS_FLAG=true|INDICATOR=PPI|METHODOLOGY=PPI|OVERLAP=OL|REFERENCE_PERIOD=2010=100|SCALE=0|SECURITY_CLASSIFICATION=PUB|TYPE_OF_TRANSFORMATION=IX|aggregation=quarterly_mean,\N,"{""aggregation_method"": ""quarterly_mean"", ""source_derivation_types"": [""O"", ""O"", ""O""], ""source_months"": [""2021-M01"", ""2021-M02"", ""2021-M03""], ""source_observation_count"": 3, ""source_series_dimensions"": {""ACCESS_SHARING_LEVEL"": ""PUBLIC_OPEN"", ""COUNTRY"": ""NIC"", ""FREQUENCY"": ""M"", ""IFS_FLAG"": ""true"", ""INDICATOR"": ""PPI"", ""METHODOLOGY"": ""PPI"", ""OVERLAP"": ""OL"", ""REFERENCE_PERIOD"": ""2010=100"", ""SCALE"": ""0"", ""SECURITY_CLASSIFICATION"": ""PUB"", ""TYPE_OF_TRANSFORMATION"": ""IX""}}"
NIC,producer_price_index_quarterly_imf,2021-Q2,quarterly,187.08761197290798,\N,derived,IMF_PPI,IMF|ACCESS_SHARING_LEVEL=PUBLIC_OPEN|FREQUENCY=M|IFS_FLAG=true|INDICATOR=PPI|METHODOLOGY=PPI|OVERLAP=OL|REFERENCE_PERIOD=2010=100|SCALE=0|SECURITY_CLASSIFICATION=PUB|TYPE_OF_TRANSFORMATION=IX|aggregation=quarterly_mean,\N,"{""aggregation_method"": ""quarterly_mean"", ""source_derivation_types"": [""O"", ""O"", ""O""], ""source_months"": [""2021-M04"", ""2021-M05"", ""2021-M06""], ""source_observation_count"": 3, ""source_series_dimensions"": {""ACCESS_SHARING_LEVEL"": ""PUBLIC_OPEN"", ""COUNTRY"": ""NIC"", ""FREQUENCY"": ""M"", ""IFS_FLAG"": ""true"", ""INDICATOR"": ""PPI"", ""METHODOLOGY"": ""PPI"", ""OVERLAP"": ""OL"", ""REFERENCE_PERIOD"": ""2010=100"", ""SCALE"": ""0"", ""SECURITY_CLASSIFICATION"": ""PUB"", ""TYPE_OF_TRANSFORMATION"": ""IX""}}"
NIC,producer_price_index_quarterly_imf,2021-Q3,quarterly,190.03714223290365,\N,derived,IMF_PPI,IMF|ACCESS_SHARING_LEVEL=PUBLIC_OPEN|FREQUENCY=M|IFS_FLAG=true|INDICATOR=PPI|METHODOLOGY=PPI|OVERLAP=OL|REFERENCE_PERIOD=2010=100|SCALE=0|SECURITY_CLASSIFICATION=PUB|TYPE_OF_TRANSFORMATION=IX|aggregation=quarterly_mean,\N,"{""aggregation_method"": ""quarterly_mean"", ""source_derivation_types"": [""O"", ""O"", ""O""], ""source_months"": [""2021-M07"", ""2021-M08"", ""2021-M09""], ""source_observation_count"": 3, ""source_series_dimensions"": {""ACCESS_SHARING_LEVEL"": ""PUBLIC_OPEN"", ""COUNTRY"": ""NIC"", ""FREQUENCY"": ""M"", ""IFS_FLAG"": ""true"", ""INDICATOR"": ""PPI"", ""METHODOLOGY"": ""PPI"", ""OVERLAP"": ""OL"", ""REFERENCE_PERIOD"": ""2010=100"", ""SCALE"": ""0"", ""SECURITY_CLASSIFICATION"": ""PUB"", ""TYPE_OF_TRANSFORMATION"": ""IX""}}"
NIC,producer_price_index_quarterly_imf,2021-Q4,quarterly,202.92768188769926,\N,derived,IMF_PPI,IMF|ACCESS_SHARING_LEVEL=PUBLIC_OPEN|FREQUENCY=M|IFS_FLAG=true|INDICATOR=PPI|METHODOLOGY=PPI|OVERLAP=OL|REFERENCE_PERIOD=2010=100|SCALE=0|SECURITY_CLASSIFICATION=PUB|TYPE_OF_TRANSFORMATION=IX|aggregation=quarterly_mean,\N,"{""aggregation_method"": ""quarterly_mean"", ""source_derivation_types"": [""O"", ""O"", ""O""], ""source_months"": [""2021-M10"", ""2021-M11"", ""2021-M12""], ""source_observation_count"": 3, ""source_series_dimensions"": {""ACCESS_SHARING_LEVEL"": ""PUBLIC_OPEN"", ""COUNTRY"": ""NIC"", ""FREQUENCY"": ""M"", ""IFS_FLAG"": ""true"", ""INDICATOR"": ""PPI"", ""METHODOLOGY"": ""PPI"", ""OVERLAP"": ""OL"", ""REFERENCE_PERIOD"": ""2010=100"", ""SCALE"": ""0"", ""SECURITY_CLASSIFICATION"": ""PUB"", ""TYPE_OF_TRANSFORMATION"": ""IX""}}"
NIC,producer_price_index_quarterly_imf,2022-Q1,quarterly,217.69718155997376,\N,derived,IMF_PPI,IMF|ACCESS_SHARING_LEVEL=PUBLIC_OPEN|FREQUENCY=M|IFS_FLAG=true|INDICATOR=PPI|METHODOLOGY=PPI|OVERLAP=OL|REFERENCE_PERIOD=2010=100|SCALE=0|SECURITY_CLASSIFICATION=PUB|TYPE_OF_TRANSFORMATION=IX|aggregation=quarterly_mean,\N,"{""aggregation_method"": ""quarterly_mean"", ""source_derivation_types"": [""O"", ""O"", ""O""], ""source_months"": [""2022-M01"", ""2022-M02"", ""2022-M03""], ""source_observation_count"": 3, ""source_series_dimensions"": {""ACCESS_SHARING_LEVEL"": ""PUBLIC_OPEN"", ""COUNTRY"": ""NIC"", ""FREQUENCY"": ""M"", ""IFS_FLAG"": ""true"", ""INDICATOR"": ""PPI"", ""METHODOLOGY"": ""PPI"", ""OVERLAP"": ""OL"", ""REFERENCE_PERIOD"": ""2010=100"", ""SCALE"": ""0"", ""SECURITY_CLASSIFICATION"": ""PUB"", ""TYPE_OF_TRANSFORMATION"": ""IX""}}"
NIC,producer_price_index_quarterly_imf,2022-Q2,quarterly,230.8717500546209,\N,derived,IMF_PPI,IMF|ACCESS_SHARING_LEVEL=PUBLIC_OPEN|FREQUENCY=M|IFS_FLAG=true|INDICATOR=PPI|METHODOLOGY=PPI|OVERLAP=OL|REFERENCE_PERIOD=2010=100|SCALE=0|SECURITY_CLASSIFICATION=PUB|TYPE_OF_TRANSFORMATION=IX|aggregation=quarterly_mean,\N,"{""aggregation_method"": ""quarterly_mean"", ""source_derivation_types"": [""O"", ""O"", ""O""], ""source_months"": [""2022-M04"", ""2022-M05"", ""2022-M06""], ""source_observation_count"": 3, ""source_series_dimensions"": {""ACCESS_SHARING_LEVEL"": ""PUBLIC_OPEN"", ""COUNTRY"": ""NIC"", ""FREQUENCY"": ""M"", ""IFS_FLAG"": ""true"", ""INDICATOR"": ""PPI"", ""METHODOLOGY"": ""PPI"", ""OVERLAP"": ""OL"", ""REFERENCE_PERIOD"": ""2010=100"", ""SCALE"": ""0"", ""SECURITY_CLASSIFICATION"": ""PUB"", ""TYPE_OF_TRANSFORMATION"": ""IX""}}"
NIC,producer_price_index_quarterly_imf,2022-Q3,quarterly,231.54904959580506,\N,derived,IMF_PPI,IMF|ACCESS_SHARING_LEVEL=PUBLIC_OPEN|FREQUENCY=M|IFS_FLAG=true|INDICATOR=PPI|METHODOLOGY=PPI|OVERLAP=OL|REFERENCE_PERIOD=2010=100|SCALE=0|SECURITY_CLASSIFICATION=PUB|TYPE_OF_TRANSFORMATION=IX|aggregation=quarterly_mean,\N,"{""aggregation_method"": ""quarterly_mean"", ""source_derivation_types"": [""O"", ""O"", ""O""], ""source_months"": [""2022-M07"", ""2022-M08"", ""2022-M09""], ""source_observation_count"": 3, ""source_series_dimensions"": {""ACCESS_SHARING_LEVEL"": ""PUBLIC_OPEN"", ""COUNTRY"": ""NIC"", ""FREQUENCY"": ""M"", ""IFS_FLAG"": ""true"", ""INDICATOR"": ""PPI"", ""METHODOLOGY"": ""PPI"", ""OVERLAP"": ""OL"", ""REFERENCE_PERIOD"": ""2010=100"", ""SCALE"": ""0"", ""SECURITY_CLASSIFICATION"": ""PUB"", ""TYPE_OF_TRANSFORMATION"": ""IX""}}"
NIC,producer_price_index_quarterly_imf,2022-Q4,quarterly,233.07843565654352,\N,derived,IMF_PPI,IMF|ACCESS_SHARING_LEVEL=PUBLIC_OPEN|FREQUENCY=M|IFS_FLAG=true|INDICATOR=PPI|METHODOLOGY=PPI|OVERLAP=OL|REFERENCE_PERIOD=2010=100|SCALE=0|SECURITY_CLASSIFICATION=PUB|TYPE_OF_TRANSFORMATION=IX|aggregation=quarterly_mean,\N,"{""aggregation_method"": ""quarterly_mean"", ""source_derivation_types"": [""O"", ""O"", ""O""], ""source_months"": [""2022-M10"", ""2022-M11"", ""2022-M12""], ""source_observation_count"": 3, ""source_series_dimensions"": {""ACCESS_SHARING_LEVEL"": ""PUBLIC_OPEN"", ""COUNTRY"": ""NIC"", ""FREQUENCY"": ""M"", ""IFS_FLAG"": ""true"", ""INDICATOR"": ""PPI"", ""METHODOLOGY"": ""PPI"", ""OVERLAP"": ""OL"", ""REFERENCE_PERIOD"": ""2010=100"", ""SCALE"": ""0"", ""SECURITY_CLASSIFICATION"": ""PUB"", ""TYPE_OF_TRANSFORMATION"": ""IX""}}"
NIC,producer_price_index_quarterly_imf,2023-Q1,quarterly,234.84815381254091,\N,derived,IMF_PPI,IMF|ACCESS_SHARING_LEVEL=PUBLIC_OPEN|FREQUENCY=M|IFS_FLAG=true|INDICATOR=PPI|METHODOLOGY=PPI|OVERLAP=OL|REFERENCE_PERIOD=2010=100|SCALE=0|SECURITY_CLASSIFICATION=PUB|TYPE_OF_TRANSFORMATION=IX|aggregation=quarterly_mean,\N,"{""aggregation_method"": ""quarterly_mean"", ""source_derivation_types"": [""O"", ""O"", ""O""], ""source_months"": [""2023-M01"", ""2023-M02"", ""2023-M03""], ""source_observation_count"": 3, ""source_series_dimensions"": {""ACCESS_SHARING_LEVEL"": ""PUBLIC_OPEN"", ""COUNTRY"": ""NIC"", ""FREQUENCY"": ""M"", ""IFS_FLAG"": ""true"", ""INDICATOR"": ""PPI"", ""METHODOLOGY"": ""PPI"", ""OVERLAP"": ""OL"", ""REFERENCE_PERIOD"": ""2010=100"", ""SCALE"": ""0"", ""SECURITY_CLASSIFICATION"": ""PUB"", ""TYPE_OF_TRANSFORMATION"": ""IX""}}"
NLD,producer_price_index_quarterly_imf,2020-Q1,quarterly,108.07575478216545,\N,derived,IMF_PPI,IMF|ACCESS_SHARING_LEVEL=PUBLIC_OPEN|FREQUENCY=M|IFS_FLAG=true|INDICATOR=PPI|METHODOLOGY=PPI|OVERLAP=OL|REFERENCE_PERIOD=2010=100|SCALE=0|SECURITY_CLASSIFICATION=PUB|TYPE_OF_TRANSFORMATION=IX|aggregation=quarterly_mean,\N,"{""aggregation_method"": ""quarterly_mean"", ""source_derivation_types"": [""O"", ""O"", ""O""], ""source_months"": [""2020-M01"", ""2020-M02"", ""2020-M03""], ""source_observation_count"": 3, ""source_series_dimensions"": {""ACCESS_SHARING_LEVEL"": ""PUBLIC_OPEN"", ""COUNTRY"": ""NLD"", ""FREQUENCY"": ""M"", ""IFS_FLAG"": ""true"", ""INDICATOR"": ""PPI"", ""METHODOLOGY"": ""PPI"", ""OVERLAP"": ""OL"", ""REFERENCE_PERIOD"": ""2010=100"", ""SCALE"": ""0"", ""SECURITY_CLASSIFICATION"": ""PUB"", ""TYPE_OF_TRANSFORMATION"": ""IX""}}"
NLD,producer_price_index_quarterly_imf,2020-Q2,quarterly,103.86551272667724,\N,derived,IMF_PPI,IMF|ACCESS_SHARING_LEVEL=PUBLIC_OPEN|FREQUENCY=M|IFS_FLAG=true|INDICATOR=PPI|METHODOLOGY=PPI|OVERLAP=OL|REFERENCE_PERIOD=2010=100|SCALE=0|SECURITY_CLASSIFICATION=PUB|TYPE_OF_TRANSFORMATION=IX|aggregation=quarterly_mean,\N,"{""aggregation_method"": ""quarterly_mean"", ""source_derivation_types"": [""O"", ""O"", ""O""], ""source_months"": [""2020-M04"", ""2020-M05"", ""2020-M06""], ""source_observation_count"": 3, ""source_series_dimensions"": {""ACCESS_SHARING_LEVEL"": ""PUBLIC_OPEN"", ""COUNTRY"": ""NLD"", ""FREQUENCY"": ""M"", ""IFS_FLAG"": ""true"", ""INDICATOR"": ""PPI"", ""METHODOLOGY"": ""PPI"", ""OVERLAP"": ""OL"", ""REFERENCE_PERIOD"": ""2010=100"", ""SCALE"": ""0"", ""SECURITY_CLASSIFICATION"": ""PUB"", ""TYPE_OF_TRANSFORMATION"": ""IX""}}"
NLD,producer_price_index_quarterly_imf,2020-Q3,quarterly,104.5994081308449,\N,derived,IMF_PPI,IMF|ACCESS_SHARING_LEVEL=PUBLIC_OPEN|FREQUENCY=M|IFS_FLAG=true|INDICATOR=PPI|METHODOLOGY=PPI|OVERLAP=OL|REFERENCE_PERIOD=2010=100|SCALE=0|SECURITY_CLASSIFICATION=PUB|TYPE_OF_TRANSFORMATION=IX|aggregation=quarterly_mean,\N,"{""aggregation_method"": ""quarterly_mean"", ""source_derivation_types"": [""O"", ""O"", ""O""], ""source_months"": [""2020-M07"", ""2020-M08"", ""2020-M09""], ""source_observation_count"": 3, ""source_series_dimensions"": {""ACCESS_SHARING_LEVEL"": ""PUBLIC_OPEN"", ""COUNTRY"": ""NLD"", ""FREQUENCY"": ""M"", ""IFS_FLAG"": ""true"", ""INDICATOR"": ""PPI"", ""METHODOLOGY"": ""PPI"", ""OVERLAP"": ""OL"", ""REFERENCE_PERIOD"": ""2010=100"", ""SCALE"": ""0"", ""SECURITY_CLASSIFICATION"": ""PUB"", ""TYPE_OF_TRANSFORMATION"": ""IX""}}"
NLD,producer_price_index_quarterly_imf,2020-Q4,quarterly,105.02429494378407,\N,derived,IMF_PPI,IMF|ACCESS_SHARING_LEVEL=PUBLIC_OPEN|FREQUENCY=M|IFS_FLAG=true|INDICATOR=PPI|METHODOLOGY=PPI|OVERLAP=OL|REFERENCE_PERIOD=2010=100|SCALE=0|SECURITY_CLASSIFICATION=PUB|TYPE_OF_TRANSFORMATION=IX|aggregation=quarterly_mean,\N,"{""aggregation_method"": ""quarterly_mean"", ""source_derivation_types"": [""O"", ""O"", ""O""], ""source_months"": [""2020-M10"", ""2020-M11"", ""2020-M12""], ""source_observation_count"": 3, ""source_series_dimensions"": {""ACCESS_SHARING_LEVEL"": ""PUBLIC_OPEN"", ""COUNTRY"": ""NLD"", ""FREQUENCY"": ""M"", ""IFS_FLAG"": ""true"", ""INDICATOR"": ""PPI"", ""METHODOLOGY"": ""PPI"", ""OVERLAP"": ""OL"", ""REFERENCE_PERIOD"": ""2010=100"", ""SCALE"": ""0"", ""SECURITY_CLASSIFICATION"": ""PUB"", ""TYPE_OF_TRANSFORMATION"": ""IX""}}"
NLD,producer_price_index_quarterly_imf,2021-Q1,quarterly,109.58217166440433,\N,derived,IMF_PPI,IMF|ACCESS_SHARING_LEVEL=PUBLIC_OPEN|FREQUENCY=M|IFS_FLAG=true|INDICATOR=PPI|METHODOLOGY=PPI|OVERLAP=OL|REFERENCE_PERIOD=2010=100|SCALE=0|SECURITY_CLASSIFICATION=PUB|TYPE_OF_TRANSFORMATION=IX|aggregation=quarterly_mean,\N,"{""aggregation_method"": ""quarterly_mean"", ""source_derivation_types"": [""O"", ""O"", ""O""], ""source_months"": [""2021-M01"", ""2021-M02"", ""2021-M03""], ""source_observation_count"": 3, ""source_series_dimensions"": {""ACCESS_SHARING_LEVEL"": ""PUBLIC_OPEN"", ""COUNTRY"": ""NLD"", ""FREQUENCY"": ""M"", ""IFS_FLAG"": ""true"", ""INDICATOR"": ""PPI"", ""METHODOLOGY"": ""PPI"", ""OVERLAP"": ""OL"", ""REFERENCE_PERIOD"": ""2010=100"", ""SCALE"": ""0"", ""SECURITY_CLASSIFICATION"": ""PUB"", ""TYPE_OF_TRANSFORMATION"": ""IX""}}"
NLD,producer_price_index_quarterly_imf,2021-Q2,quarterly,113.94691801550682,\N,derived,IMF_PPI,IMF|ACCESS_SHARING_LEVEL=PUBLIC_OPEN|FREQUENCY=M|IFS_FLAG=true|INDICATOR=PPI|METHODOLOGY=PPI|OVERLAP=OL|REFERENCE_PERIOD=2010=100|SCALE=0|SECURITY_CLASSIFICATION=PUB|TYPE_OF_TRANSFORMATION=IX|aggregation=quarterly_mean,\N,"{""aggregation_method"": ""quarterly_mean"", ""source_derivation_types"": [""O"", ""O"", ""O""], ""source_months"": [""2021-M04"", ""2021-M05"", ""2021-M06""], ""source_observation_count"": 3, ""source_series_dimensions"": {""ACCESS_SHARING_LEVEL"": ""PUBLIC_OPEN"", ""COUNTRY"": ""NLD"", ""FREQUENCY"": ""M"", ""IFS_FLAG"": ""true"", ""INDICATOR"": ""PPI"", ""METHODOLOGY"": ""PPI"", ""OVERLAP"": ""OL"", ""REFERENCE_PERIOD"": ""2010=100"", ""SCALE"": ""0"", ""SECURITY_CLASSIFICATION"": ""PUB"", ""TYPE_OF_TRANSFORMATION"": ""IX""}}"
NLD,producer_price_index_quarterly_imf,2021-Q3,quarterly,117.77089933195943,\N,derived,IMF_PPI,IMF|ACCESS_SHARING_LEVEL=PUBLIC_OPEN|FREQUENCY=M|IFS_FLAG=true|INDICATOR=PPI|METHODOLOGY=PPI|OVERLAP=OL|REFERENCE_PERIOD=2010=100|SCALE=0|SECURITY_CLASSIFICATION=PUB|TYPE_OF_TRANSFORMATION=IX|aggregation=quarterly_mean,\N,"{""aggregation_method"": ""quarterly_mean"", ""source_derivation_types"": [""O"", ""O"", ""O""], ""source_months"": [""2021-M07"", ""2021-M08"", ""2021-M09""], ""source_observation_count"": 3, ""source_series_dimensions"": {""ACCESS_SHARING_LEVEL"": ""PUBLIC_OPEN"", ""COUNTRY"": ""NLD"", ""FREQUENCY"": ""M"", ""IFS_FLAG"": ""true"", ""INDICATOR"": ""PPI"", ""METHODOLOGY"": ""PPI"", ""OVERLAP"": ""OL"", ""REFERENCE_PERIOD"": ""2010=100"", ""SCALE"": ""0"", ""SECURITY_CLASSIFICATION"": ""PUB"", ""TYPE_OF_TRANSFORMATION"": ""IX""}}"
NLD,producer_price_index_quarterly_imf,2021-Q4,quarterly,122.1356456830619,\N,derived,IMF_PPI,IMF|ACCESS_SHARING_LEVEL=PUBLIC_OPEN|FREQUENCY=M|IFS_FLAG=true|INDICATOR=PPI|METHODOLOGY=PPI|OVERLAP=OL|REFERENCE_PERIOD=2010=100|SCALE=0|SECURITY_CLASSIFICATION=PUB|TYPE_OF_TRANSFORMATION=IX|aggregation=quarterly_mean,\N,"{""aggregation_method"": ""quarterly_mean"", ""source_derivation_types"": [""O"", ""O"", ""O""], ""source_months"": [""2021-M10"", ""2021-M11"", ""2021-M12""], ""source_observation_count"": 3, ""source_series_dimensions"": {""ACCESS_SHARING_LEVEL"": ""PUBLIC_OPEN"", ""COUNTRY"": ""NLD"", ""FREQUENCY"": ""M"", ""IFS_FLAG"": ""true"", ""INDICATOR"": ""PPI"", ""METHODOLOGY"": ""PPI"", ""OVERLAP"": ""OL"", ""REFERENCE_PERIOD"": ""2010=100"", ""SCALE"": ""0"", ""SECURITY_CLASSIFICATION"": ""PUB"", ""TYPE_OF_TRANSFORMATION"": ""IX""}}"
NLD,producer_price_index_quarterly_imf,2022-Q1,quarterly,130.4788776462312,\N,derived,IMF_PPI,IMF|ACCESS_SHARING_LEVEL=PUBLIC_OPEN|FREQUENCY=M|IFS_FLAG=true|INDICATOR=PPI|METHODOLOGY=PPI|OVERLAP=OL|REFERENCE_PERIOD=2010=100|SCALE=0|SECURITY_CLASSIFICATION=PUB|TYPE_OF_TRANSFORMATION=IX|aggregation=quarterly_mean,\N,"{""aggregation_method"": ""quarterly_mean"", ""source_derivation_types"": [""O"", ""O"", ""O""], ""source_months"": [""2022-M01"", ""2022-M02"", ""2022-M03""], ""source_observation_count"": 3, ""source_series_dimensions"": {""ACCESS_SHARING_LEVEL"": ""PUBLIC_OPEN"", ""COUNTRY"": ""NLD"", ""FREQUENCY"": ""M"", ""IFS_FLAG"": ""true"", ""INDICATOR"": ""PPI"", ""METHODOLOGY"": ""PPI"", ""OVERLAP"": ""OL"", ""REFERENCE_PERIOD"": ""2010=100"", ""SCALE"": ""0"", ""SECURITY_CLASSIFICATION"": ""PUB"", ""TYPE_OF_TRANSFORMATION"": ""IX""}}"
NLD,producer_price_index_quarterly_imf,2022-Q2,quarterly,141.4486826348427,\N,derived,IMF_PPI,IMF|ACCESS_SHARING_LEVEL=PUBLIC_OPEN|FREQUENCY=M|IFS_FLAG=true|INDICATOR=PPI|METHODOLOGY=PPI|OVERLAP=OL|REFERENCE_PERIOD=2010=100|SCALE=0|SECURITY_CLASSIFICATION=PUB|TYPE_OF_TRANSFORMATION=IX|aggregation=quarterly_mean,\N,"{""aggregation_method"": ""quarterly_mean"", ""source_derivation_types"": [""O"", ""O"", ""O""], ""source_months"": [""2022-M04"", ""2022-M05"", ""2022-M06""], ""source_observation_count"": 3, ""source_series_dimensions"": {""ACCESS_SHARING_LEVEL"": ""PUBLIC_OPEN"", ""COUNTRY"": ""NLD"", ""FREQUENCY"": ""M"", ""IFS_FLAG"": ""true"", ""INDICATOR"": ""PPI"", ""METHODOLOGY"": ""PPI"", ""OVERLAP"": ""OL"", ""REFERENCE_PERIOD"": ""2010=100"", ""SCALE"": ""0"", ""SECURITY_CLASSIFICATION"": ""PUB"", ""TYPE_OF_TRANSFORMATION"": ""IX""}}"
NLD,producer_price_index_quarterly_imf,2022-Q3,quarterly,143.4572384778279,\N,derived,IMF_PPI,IMF|ACCESS_SHARING_LEVEL=PUBLIC_OPEN|FREQUENCY=M|IFS_FLAG=true|INDICATOR=PPI|METHODOLOGY=PPI|OVERLAP=OL|REFERENCE_PERIOD=2010=100|SCALE=0|SECURITY_CLASSIFICATION=PUB|TYPE_OF_TRANSFORMATION=IX|aggregation=quarterly_mean,\N,"{""aggregation_method"": ""quarterly_mean"", ""source_derivation_types"": [""O"", ""O"", ""O""], ""source_months"": [""2022-M07"", ""2022-M08"", ""2022-M09""], ""source_observation_count"": 3, ""source_series_dimensions"": {""ACCESS_SHARING_LEVEL"": ""PUBLIC_OPEN"", ""COUNTRY"": ""NLD"", ""FREQUENCY"": ""M"", ""IFS_FLAG"": ""true"", ""INDICATOR"": ""PPI"", ""METHODOLOGY"": ""PPI"", ""OVERLAP"": ""OL"", ""REFERENCE_PERIOD"": ""2010=100"", ""SCALE"": ""0"", ""SECURITY_CLASSIFICATION"": ""PUB"", ""TYPE_OF_TRANSFORMATION"": ""IX""}}"
NLD,producer_price_index_quarterly_imf,2022-Q4,quarterly,141.2555522653249,\N,derived,IMF_PPI,IMF|ACCESS_SHARING_LEVEL=PUBLIC_OPEN|FREQUENCY=M|IFS_FLAG=true|INDICATOR=PPI|METHODOLOGY=PPI|OVERLAP=OL|REFERENCE_PERIOD=2010=100|SCALE=0|SECURITY_CLASSIFICATION=PUB|TYPE_OF_TRANSFORMATION=IX|aggregation=quarterly_mean,\N,"{""aggregation_method"": ""quarterly_mean"", ""source_derivation_types"": [""O"", ""O"", ""O""], ""source_months"": [""2022-M10"", ""2022-M11"", ""2022-M12""], ""source_observation_count"": 3, ""source_series_dimensions"": {""ACCESS_SHARING_LEVEL"": ""PUBLIC_OPEN"", ""COUNTRY"": ""NLD"", ""FREQUENCY"": ""M"", ""IFS_FLAG"": ""true"", ""INDICATOR"": ""PPI"", ""METHODOLOGY"": ""PPI"", ""OVERLAP"": ""OL"", ""REFERENCE_PERIOD"": ""2010=100"", ""SCALE"": ""0"", ""SECURITY_CLASSIFICATION"": ""PUB"", ""TYPE_OF_TRANSFORMATION"": ""IX""}}"
NLD,producer_price_index_quarterly_imf,2023-Q1,quarterly,140.79203937848214,\N,derived,IMF_PPI,IMF|ACCESS_SHARING_LEVEL=PUBLIC_OPEN|FREQUENCY=M|IFS_FLAG=true|INDICATOR=PPI|METHODOLOGY=PPI|OVERLAP=OL|REFERENCE_PERIOD=2010=100|SCALE=0|SECURITY_CLASSIFICATION=PUB|TYPE_OF_TRANSFORMATION=IX|aggregation=quarterly_mean,\N,"{""aggregation_method"": ""quarterly_mean"", ""source_derivation_types"": [""O"", ""O"", ""O""], ""source_months"": [""2023-M01"", ""2023-M02"", ""2023-M03""], ""source_observation_count"": 3, ""source_series_dimensions"": {""ACCESS_SHARING_LEVEL"": ""PUBLIC_OPEN"", ""COUNTRY"": ""NLD"", ""FREQUENCY"": ""M"", ""IFS_FLAG"": ""true"", ""INDICATOR"": ""PPI"", ""METHODOLOGY"": ""PPI"", ""OVERLAP"": ""OL"", ""REFERENCE_PERIOD"": ""2010=100"", ""SCALE"": ""0"", ""SECURITY_CLASSIFICATION"": ""PUB"", ""TYPE_OF_TRANSFORMATION"": ""IX""}}"
NLD,producer_price_index_quarterly_imf,2023-Q2,quarterly,138.93798783111114,\N,derived,IMF_PPI,IMF|ACCESS_SHARING_LEVEL=PUBLIC_OPEN|FREQUENCY=M|IFS_FLAG=true|INDICATOR=PPI|METHODOLOGY=PPI|OVERLAP=OL|REFERENCE_PERIOD=2010=100|SCALE=0|SECURITY_CLASSIFICATION=PUB|TYPE_OF_TRANSFORMATION=IX|aggregation=quarterly_mean,\N,"{""aggregation_method"": ""quarterly_mean"", ""source_derivation_types"": [""O"", ""O"", ""O""], ""source_months"": [""2023-M04"", ""2023-M05"", ""2023-M06""], ""source_observation_count"": 3, ""source_series_dimensions"": {""ACCESS_SHARING_LEVEL"": ""PUBLIC_OPEN"", ""COUNTRY"": ""NLD"", ""FREQUENCY"": ""M"", ""IFS_FLAG"": ""true"", ""INDICATOR"": ""PPI"", ""METHODOLOGY"": ""PPI"", ""OVERLAP"": ""OL"", ""REFERENCE_PERIOD"": ""2010=100"", ""SCALE"": ""0"", ""SECURITY_CLASSIFICATION"": ""PUB"", ""TYPE_OF_TRANSFORMATION"": ""IX""}}"
NLD,producer_price_index_quarterly_imf,2023-Q3,quarterly,138.70623138768983,\N,derived,IMF_PPI,IMF|ACCESS_SHARING_LEVEL=PUBLIC_OPEN|FREQUENCY=M|IFS_FLAG=true|INDICATOR=PPI|METHODOLOGY=PPI|OVERLAP=OL|REFERENCE_PERIOD=2010=100|SCALE=0|SECURITY_CLASSIFICATION=PUB|TYPE_OF_TRANSFORMATION=IX|aggregation=quarterly_mean,\N,"{""aggregation_method"": ""quarterly_mean"", ""source_derivation_types"": [""O"", ""O"", ""O""], ""source_months"": [""2023-M07"", ""2023-M08"", ""2023-M09""], ""source_observation_count"": 3, ""source_series_dimensions"": {""ACCESS_SHARING_LEVEL"": ""PUBLIC_OPEN"", ""COUNTRY"": ""NLD"", ""FREQUENCY"": ""M"", ""IFS_FLAG"": ""true"", ""INDICATOR"": ""PPI"", ""METHODOLOGY"": ""PPI"", ""OVERLAP"": ""OL"", ""REFERENCE_PERIOD"": ""2010=100"", ""SCALE"": ""0"", ""SECURITY_CLASSIFICATION"": ""PUB"", ""TYPE_OF_TRANSFORMATION"": ""IX""}}"
NLD,producer_price_index_quarterly_imf,2023-Q4,quarterly,137.6247013183901,\N,derived,IMF_PPI,IMF|ACCESS_SHARING_LEVEL=PUBLIC_OPEN|FREQUENCY=M|IFS_FLAG=true|INDICATOR=PPI|METHODOLOGY=PPI|OVERLAP=OL|REFERENCE_PERIOD=2010=100|SCALE=0|SECURITY_CLASSIFICATION=PUB|TYPE_OF_TRANSFORMATION=IX|aggregation=quarterly_mean,\N,"{""aggregation_method"": ""quarterly_mean"", ""source_derivation_types"": [""O"", ""O"", ""O""], ""source_months"": [""2023-M10"", ""2023-M11"", ""2023-M12""], ""source_observation_count"": 3, ""source_series_dimensions"": {""ACCESS_SHARING_LEVEL"": ""PUBLIC_OPEN"", ""COUNTRY"": ""NLD"", ""FREQUENCY"": ""M"", ""IFS_FLAG"": ""true"", ""INDICATOR"": ""PPI"", ""METHODOLOGY"": ""PPI"", ""OVERLAP"": ""OL"", ""REFERENCE_PERIOD"": ""2010=100"", ""SCALE"": ""0"", ""SECURITY_CLASSIFICATION"": ""PUB"", ""TYPE_OF_TRANSFORMATION"": ""IX""}}"
NLD,producer_price_index_quarterly_imf,2024-Q1,quarterly,138.2427185008471,\N,derived,IMF_PPI,IMF|ACCESS_SHARING_LEVEL=PUBLIC_OPEN|FREQUENCY=M|IFS_FLAG=true|INDICATOR=PPI|METHODOLOGY=PPI|OVERLAP=OL|REFERENCE_PERIOD=2010=100|SCALE=0|SECURITY_CLASSIFICATION=PUB|TYPE_OF_TRANSFORMATION=IX|aggregation=quarterly_mean,\N,"{""aggregation_method"": ""quarterly_mean"", ""source_derivation_types"": [""O"", ""O"", ""O""], ""source_months"": [""2024-M01"", ""2024-M02"", ""2024-M03""], ""source_observation_count"": 3, ""source_series_dimensions"": {""ACCESS_SHARING_LEVEL"": ""PUBLIC_OPEN"", ""COUNTRY"": ""NLD"", ""FREQUENCY"": ""M"", ""IFS_FLAG"": ""true"", ""INDICATOR"": ""PPI"", ""METHODOLOGY"": ""PPI"", ""OVERLAP"": ""OL"", ""REFERENCE_PERIOD"": ""2010=100"", ""SCALE"": ""0"", ""SECURITY_CLASSIFICATION"": ""PUB"", ""TYPE_OF_TRANSFORMATION"": ""IX""}}"
NLD,producer_price_index_quarterly_imf,2024-Q2,quarterly,139.28562249624326,\N,derived,IMF_PPI,IMF|ACCESS_SHARING_LEVEL=PUBLIC_OPEN|FREQUENCY=M|IFS_FLAG=true|INDICATOR=PPI|METHODOLOGY=PPI|OVERLAP=OL|REFERENCE_PERIOD=2010=100|SCALE=0|SECURITY_CLASSIFICATION=PUB|TYPE_OF_TRANSFORMATION=IX|aggregation=quarterly_mean,\N,"{""aggregation_method"": ""quarterly_mean"", ""source_derivation_types"": [""O"", ""O"", ""O""], ""source_months"": [""2024-M04"", ""2024-M05"", ""2024-M06""], ""source_observation_count"": 3, ""source_series_dimensions"": {""ACCESS_SHARING_LEVEL"": ""PUBLIC_OPEN"", ""COUNTRY"": ""NLD"", ""FREQUENCY"": ""M"", ""IFS_FLAG"": ""true"", ""INDICATOR"": ""PPI"", ""METHODOLOGY"": ""PPI"", ""OVERLAP"": ""OL"", ""REFERENCE_PERIOD"": ""2010=100"", ""SCALE"": ""0"", ""SECURITY_CLASSIFICATION"": ""PUB"", ""TYPE_OF_TRANSFORMATION"": ""IX""}}"
NLD,producer_price_index_quarterly_imf,2024-Q3,quarterly,137.93370990961856,\N,derived,IMF_PPI,IMF|ACCESS_SHARING_LEVEL=PUBLIC_OPEN|FREQUENCY=M|IFS_FLAG=true|INDICATOR=PPI|METHODOLOGY=PPI|OVERLAP=OL|REFERENCE_PERIOD=2010=100|SCALE=0|SECURITY_CLASSIFICATION=PUB|TYPE_OF_TRANSFORMATION=IX|aggregation=quarterly_mean,\N,"{""aggregation_method"": ""quarterly_mean"", ""source_derivation_types"": [""O"", ""O"", ""O""], ""source_months"": [""2024-M07"", ""2024-M08"", ""2024-M09""], ""source_observation_count"": 3, ""source_series_dimensions"": {""ACCESS_SHARING_LEVEL"": ""PUBLIC_OPEN"", ""COUNTRY"": ""NLD"", ""FREQUENCY"": ""M"", ""IFS_FLAG"": ""true"", ""INDICATOR"": ""PPI"", ""METHODOLOGY"": ""PPI"", ""OVERLAP"": ""OL"", ""REFERENCE_PERIOD"": ""2010=100"", ""SCALE"": ""0"", ""SECURITY_CLASSIFICATION"": ""PUB"", ""TYPE_OF_TRANSFORMATION"": ""IX""}}"
NLD,producer_price_index_quarterly_imf,2024-Q4,quarterly,137.77920561400433,\N,derived,IMF_PPI,IMF|ACCESS_SHARING_LEVEL=PUBLIC_OPEN|FREQUENCY=M|IFS_FLAG=true|INDICATOR=PPI|METHODOLOGY=PPI|OVERLAP=OL|REFERENCE_PERIOD=2010=100|SCALE=0|SECURITY_CLASSIFICATION=PUB|TYPE_OF_TRANSFORMATION=IX|aggregation=quarterly_mean,\N,"{""aggregation_method"": ""quarterly_mean"", ""source_derivation_types"": [""O"", ""O"", ""O""], ""source_months"": [""2024-M10"", ""2024-M11"", ""2024-M12""], ""source_observation_count"": 3, ""source_series_dimensions"": {""ACCESS_SHARING_LEVEL"": ""PUBLIC_OPEN"", ""COUNTRY"": ""NLD"", ""FREQUENCY"": ""M"", ""IFS_FLAG"": ""true"", ""INDICATOR"": ""PPI"", ""METHODOLOGY"": ""PPI"", ""OVERLAP"": ""OL"", ""REFERENCE_PERIOD"": ""2010=100"", ""SCALE"": ""0"", ""SECURITY_CLASSIFICATION"": ""PUB"", ""TYPE_OF_TRANSFORMATION"": ""IX""}}"
NOR,producer_price_index_quarterly_imf,2020-Q1,quarterly,116.1790447611903,\N,derived,IMF_PPI,IMF|ACCESS_SHARING_LEVEL=PUBLIC_OPEN|FREQUENCY=M|IFS_FLAG=true|INDICATOR=PPI|METHODOLOGY=PPI|OVERLAP=OL|REFERENCE_PERIOD=2010=100|SCALE=0|SECURITY_CLASSIFICATION=PUB|TYPE_OF_TRANSFORMATION=IX|aggregation=quarterly_mean,\N,"{""aggregation_method"": ""quarterly_mean"", ""source_derivation_types"": [""O"", ""O"", ""O""], ""source_months"": [""2020-M01"", ""2020-M02"", ""2020-M03""], ""source_observation_count"": 3, ""source_series_dimensions"": {""ACCESS_SHARING_LEVEL"": ""PUBLIC_OPEN"", ""COUNTRY"": ""NOR"", ""FREQUENCY"": ""M"", ""IFS_FLAG"": ""true"", ""INDICATOR"": ""PPI"", ""METHODOLOGY"": ""PPI"", ""OVERLAP"": ""OL"", ""REFERENCE_PERIOD"": ""2010=100"", ""SCALE"": ""0"", ""SECURITY_CLASSIFICATION"": ""PUB"", ""TYPE_OF_TRANSFORMATION"": ""IX""}}"
NOR,producer_price_index_quarterly_imf,2020-Q2,quarterly,102.975743935984,\N,derived,IMF_PPI,IMF|ACCESS_SHARING_LEVEL=PUBLIC_OPEN|FREQUENCY=M|IFS_FLAG=true|INDICATOR=PPI|METHODOLOGY=PPI|OVERLAP=OL|REFERENCE_PERIOD=2010=100|SCALE=0|SECURITY_CLASSIFICATION=PUB|TYPE_OF_TRANSFORMATION=IX|aggregation=quarterly_mean,\N,"{""aggregation_method"": ""quarterly_mean"", ""source_derivation_types"": [""O"", ""O"", ""O""], ""source_months"": [""2020-M04"", ""2020-M05"", ""2020-M06""], ""source_observation_count"": 3, ""source_series_dimensions"": {""ACCESS_SHARING_LEVEL"": ""PUBLIC_OPEN"", ""COUNTRY"": ""NOR"", ""FREQUENCY"": ""M"", ""IFS_FLAG"": ""true"", ""INDICATOR"": ""PPI"", ""METHODOLOGY"": ""PPI"", ""OVERLAP"": ""OL"", ""REFERENCE_PERIOD"": ""2010=100"", ""SCALE"": ""0"", ""SECURITY_CLASSIFICATION"": ""PUB"", ""TYPE_OF_TRANSFORMATION"": ""IX""}}"
NOR,producer_price_index_quarterly_imf,2020-Q3,quarterly,102.92573143285824,\N,derived,IMF_PPI,IMF|ACCESS_SHARING_LEVEL=PUBLIC_OPEN|FREQUENCY=M|IFS_FLAG=true|INDICATOR=PPI|METHODOLOGY=PPI|OVERLAP=OL|REFERENCE_PERIOD=2010=100|SCALE=0|SECURITY_CLASSIFICATION=PUB|TYPE_OF_TRANSFORMATION=IX|aggregation=quarterly_mean,\N,"{""aggregation_method"": ""quarterly_mean"", ""source_derivation_types"": [""O"", ""O"", ""O""], ""source_months"": [""2020-M07"", ""2020-M08"", ""2020-M09""], ""source_observation_count"": 3, ""source_series_dimensions"": {""ACCESS_SHARING_LEVEL"": ""PUBLIC_OPEN"", ""COUNTRY"": ""NOR"", ""FREQUENCY"": ""M"", ""IFS_FLAG"": ""true"", ""INDICATOR"": ""PPI"", ""METHODOLOGY"": ""PPI"", ""OVERLAP"": ""OL"", ""REFERENCE_PERIOD"": ""2010=100"", ""SCALE"": ""0"", ""SECURITY_CLASSIFICATION"": ""PUB"", ""TYPE_OF_TRANSFORMATION"": ""IX""}}"
NOR,producer_price_index_quarterly_imf,2020-Q4,quarterly,113.52838209552384,\N,derived,IMF_PPI,IMF|ACCESS_SHARING_LEVEL=PUBLIC_OPEN|FREQUENCY=M|IFS_FLAG=true|INDICATOR=PPI|METHODOLOGY=PPI|OVERLAP=OL|REFERENCE_PERIOD=2010=100|SCALE=0|SECURITY_CLASSIFICATION=PUB|TYPE_OF_TRANSFORMATION=IX|aggregation=quarterly_mean,\N,"{""aggregation_method"": ""quarterly_mean"", ""source_derivation_types"": [""O"", ""O"", ""O""], ""source_months"": [""2020-M10"", ""2020-M11"", ""2020-M12""], ""source_observation_count"": 3, ""source_series_dimensions"": {""ACCESS_SHARING_LEVEL"": ""PUBLIC_OPEN"", ""COUNTRY"": ""NOR"", ""FREQUENCY"": ""M"", ""IFS_FLAG"": ""true"", ""INDICATOR"": ""PPI"", ""METHODOLOGY"": ""PPI"", ""OVERLAP"": ""OL"", ""REFERENCE_PERIOD"": ""2010=100"", ""SCALE"": ""0"", ""SECURITY_CLASSIFICATION"": ""PUB"", ""TYPE_OF_TRANSFORMATION"": ""IX""}}"
NOR,producer_price_index_quarterly_imf,2021-Q1,quarterly,126.93173293323328,\N,derived,IMF_PPI,IMF|ACCESS_SHARING_LEVEL=PUBLIC_OPEN|FREQUENCY=M|IFS_FLAG=true|INDICATOR=PPI|METHODOLOGY=PPI|OVERLAP=OL|REFERENCE_PERIOD=2010=100|SCALE=0|SECURITY_CLASSIFICATION=PUB|TYPE_OF_TRANSFORMATION=IX|aggregation=quarterly_mean,\N,"{""aggregation_method"": ""quarterly_mean"", ""source_derivation_types"": [""O"", ""O"", ""O""], ""source_months"": [""2021-M01"", ""2021-M02"", ""2021-M03""], ""source_observation_count"": 3, ""source_series_dimensions"": {""ACCESS_SHARING_LEVEL"": ""PUBLIC_OPEN"", ""COUNTRY"": ""NOR"", ""FREQUENCY"": ""M"", ""IFS_FLAG"": ""true"", ""INDICATOR"": ""PPI"", ""METHODOLOGY"": ""PPI"", ""OVERLAP"": ""OL"", ""REFERENCE_PERIOD"": ""2010=100"", ""SCALE"": ""0"", ""SECURITY_CLASSIFICATION"": ""PUB"", ""TYPE_OF_TRANSFORMATION"": ""IX""}}"
NOR,producer_price_index_quarterly_imf,2021-Q2,quarterly,133.53338334583643,\N,derived,IMF_PPI,IMF|ACCESS_SHARING_LEVEL=PUBLIC_OPEN|FREQUENCY=M|IFS_FLAG=true|INDICATOR=PPI|METHODOLOGY=PPI|OVERLAP=OL|REFERENCE_PERIOD=2010=100|SCALE=0|SECURITY_CLASSIFICATION=PUB|TYPE_OF_TRANSFORMATION=IX|aggregation=quarterly_mean,\N,"{""aggregation_method"": ""quarterly_mean"", ""source_derivation_types"": [""O"", ""O"", ""O""], ""source_months"": [""2021-M04"", ""2021-M05"", ""2021-M06""], ""source_observation_count"": 3, ""source_series_dimensions"": {""ACCESS_SHARING_LEVEL"": ""PUBLIC_OPEN"", ""COUNTRY"": ""NOR"", ""FREQUENCY"": ""M"", ""IFS_FLAG"": ""true"", ""INDICATOR"": ""PPI"", ""METHODOLOGY"": ""PPI"", ""OVERLAP"": ""OL"", ""REFERENCE_PERIOD"": ""2010=100"", ""SCALE"": ""0"", ""SECURITY_CLASSIFICATION"": ""PUB"", ""TYPE_OF_TRANSFORMATION"": ""IX""}}"
NOR,producer_price_index_quarterly_imf,2021-Q3,quarterly,154.93873468367087,\N,derived,IMF_PPI,IMF|ACCESS_SHARING_LEVEL=PUBLIC_OPEN|FREQUENCY=M|IFS_FLAG=true|INDICATOR=PPI|METHODOLOGY=PPI|OVERLAP=OL|REFERENCE_PERIOD=2010=100|SCALE=0|SECURITY_CLASSIFICATION=PUB|TYPE_OF_TRANSFORMATION=IX|aggregation=quarterly_mean,\N,"{""aggregation_method"": ""quarterly_mean"", ""source_derivation_types"": [""O"", ""O"", ""O""], ""source_months"": [""2021-M07"", ""2021-M08"", ""2021-M09""], ""source_observation_count"": 3, ""source_series_dimensions"": {""ACCESS_SHARING_LEVEL"": ""PUBLIC_OPEN"", ""COUNTRY"": ""NOR"", ""FREQUENCY"": ""M"", ""IFS_FLAG"": ""true"", ""INDICATOR"": ""PPI"", ""METHODOLOGY"": ""PPI"", ""OVERLAP"": ""OL"", ""REFERENCE_PERIOD"": ""2010=100"", ""SCALE"": ""0"", ""SECURITY_CLASSIFICATION"": ""PUB"", ""TYPE_OF_TRANSFORMATION"": ""IX""}}"
NOR,producer_price_index_quarterly_imf,2021-Q4,quarterly,184.7461865466366,\N,derived,IMF_PPI,IMF|ACCESS_SHARING_LEVEL=PUBLIC_OPEN|FREQUENCY=M|IFS_FLAG=true|INDICATOR=PPI|METHODOLOGY=PPI|OVERLAP=OL|REFERENCE_PERIOD=2010=100|SCALE=0|SECURITY_CLASSIFICATION=PUB|TYPE_OF_TRANSFORMATION=IX|aggregation=quarterly_mean,\N,"{""aggregation_method"": ""quarterly_mean"", ""source_derivation_types"": [""O"", ""O"", ""O""], ""source_months"": [""2021-M10"", ""2021-M11"", ""2021-M12""], ""source_observation_count"": 3, ""source_series_dimensions"": {""ACCESS_SHARING_LEVEL"": ""PUBLIC_OPEN"", ""COUNTRY"": ""NOR"", ""FREQUENCY"": ""M"", ""IFS_FLAG"": ""true"", ""INDICATOR"": ""PPI"", ""METHODOLOGY"": ""PPI"", ""OVERLAP"": ""OL"", ""REFERENCE_PERIOD"": ""2010=100"", ""SCALE"": ""0"", ""SECURITY_CLASSIFICATION"": ""PUB"", ""TYPE_OF_TRANSFORMATION"": ""IX""}}"
NOR,producer_price_index_quarterly_imf,2022-Q1,quarterly,207.75193798449607,\N,derived,IMF_PPI,IMF|ACCESS_SHARING_LEVEL=PUBLIC_OPEN|FREQUENCY=M|IFS_FLAG=true|INDICATOR=PPI|METHODOLOGY=PPI|OVERLAP=OL|REFERENCE_PERIOD=2010=100|SCALE=0|SECURITY_CLASSIFICATION=PUB|TYPE_OF_TRANSFORMATION=IX|aggregation=quarterly_mean,\N,"{""aggregation_method"": ""quarterly_mean"", ""source_derivation_types"": [""O"", ""O"", ""O""], ""source_months"": [""2022-M01"", ""2022-M02"", ""2022-M03""], ""source_observation_count"": 3, ""source_series_dimensions"": {""ACCESS_SHARING_LEVEL"": ""PUBLIC_OPEN"", ""COUNTRY"": ""NOR"", ""FREQUENCY"": ""M"", ""IFS_FLAG"": ""true"", ""INDICATOR"": ""PPI"", ""METHODOLOGY"": ""PPI"", ""OVERLAP"": ""OL"", ""REFERENCE_PERIOD"": ""2010=100"", ""SCALE"": ""0"", ""SECURITY_CLASSIFICATION"": ""PUB"", ""TYPE_OF_TRANSFORMATION"": ""IX""}}"
NOR,producer_price_index_quarterly_imf,2022-Q2,quarterly,222.50562640660158,\N,derived,IMF_PPI,IMF|ACCESS_SHARING_LEVEL=PUBLIC_OPEN|FREQUENCY=M|IFS_FLAG=true|INDICATOR=PPI|METHODOLOGY=PPI|OVERLAP=OL|REFERENCE_PERIOD=2010=100|SCALE=0|SECURITY_CLASSIFICATION=PUB|TYPE_OF_TRANSFORMATION=IX|aggregation=quarterly_mean,\N,"{""aggregation_method"": ""quarterly_mean"", ""source_derivation_types"": [""O"", ""O"", ""O""], ""source_months"": [""2022-M04"", ""2022-M05"", ""2022-M06""], ""source_observation_count"": 3, ""source_series_dimensions"": {""ACCESS_SHARING_LEVEL"": ""PUBLIC_OPEN"", ""COUNTRY"": ""NOR"", ""FREQUENCY"": ""M"", ""IFS_FLAG"": ""true"", ""INDICATOR"": ""PPI"", ""METHODOLOGY"": ""PPI"", ""OVERLAP"": ""OL"", ""REFERENCE_PERIOD"": ""2010=100"", ""SCALE"": ""0"", ""SECURITY_CLASSIFICATION"": ""PUB"", ""TYPE_OF_TRANSFORMATION"": ""IX""}}"
NOR,producer_price_index_quarterly_imf,2022-Q3,quarterly,259.1147786946736,\N,derived,IMF_PPI,IMF|ACCESS_SHARING_LEVEL=PUBLIC_OPEN|FREQUENCY=M|IFS_FLAG=true|INDICATOR=PPI|METHODOLOGY=PPI|OVERLAP=OL|REFERENCE_PERIOD=2010=100|SCALE=0|SECURITY_CLASSIFICATION=PUB|TYPE_OF_TRANSFORMATION=IX|aggregation=quarterly_mean,\N,"{""aggregation_method"": ""quarterly_mean"", ""source_derivation_types"": [""O"", ""O"", ""O""], ""source_months"": [""2022-M07"", ""2022-M08"", ""2022-M09""], ""source_observation_count"": 3, ""source_series_dimensions"": {""ACCESS_SHARING_LEVEL"": ""PUBLIC_OPEN"", ""COUNTRY"": ""NOR"", ""FREQUENCY"": ""M"", ""IFS_FLAG"": ""true"", ""INDICATOR"": ""PPI"", ""METHODOLOGY"": ""PPI"", ""OVERLAP"": ""OL"", ""REFERENCE_PERIOD"": ""2010=100"", ""SCALE"": ""0"", ""SECURITY_CLASSIFICATION"": ""PUB"", ""TYPE_OF_TRANSFORMATION"": ""IX""}}"
NOR,producer_price_index_quarterly_imf,2022-Q4,quarterly,222.15553888472115,\N,derived,IMF_PPI,IMF|ACCESS_SHARING_LEVEL=PUBLIC_OPEN|FREQUENCY=M|IFS_FLAG=true|INDICATOR=PPI|METHODOLOGY=PPI|OVERLAP=OL|REFERENCE_PERIOD=2010=100|SCALE=0|SECURITY_CLASSIFICATION=PUB|TYPE_OF_TRANSFORMATION=IX|aggregation=quarterly_mean,\N,"{""aggregation_method"": ""quarterly_mean"", ""source_derivation_types"": [""O"", ""O"", ""O""], ""source_months"": [""2022-M10"", ""2022-M11"", ""2022-M12""], ""source_observation_count"": 3, ""source_series_dimensions"": {""ACCESS_SHARING_LEVEL"": ""PUBLIC_OPEN"", ""COUNTRY"": ""NOR"", ""FREQUENCY"": ""M"", ""IFS_FLAG"": ""true"", ""INDICATOR"": ""PPI"", ""METHODOLOGY"": ""PPI"", ""OVERLAP"": ""OL"", ""REFERENCE_PERIOD"": ""2010=100"", ""SCALE"": ""0"", ""SECURITY_CLASSIFICATION"": ""PUB"", ""TYPE_OF_TRANSFORMATION"": ""IX""}}"
NOR,producer_price_index_quarterly_imf,2023-Q1,quarterly,186.8967241810452,\N,derived,IMF_PPI,IMF|ACCESS_SHARING_LEVEL=PUBLIC_OPEN|FREQUENCY=M|IFS_FLAG=true|INDICATOR=PPI|METHODOLOGY=PPI|OVERLAP=OL|REFERENCE_PERIOD=2010=100|SCALE=0|SECURITY_CLASSIFICATION=PUB|TYPE_OF_TRANSFORMATION=IX|aggregation=quarterly_mean,\N,"{""aggregation_method"": ""quarterly_mean"", ""source_derivation_types"": [""O"", ""O"", ""O""], ""source_months"": [""2023-M01"", ""2023-M02"", ""2023-M03""], ""source_observation_count"": 3, ""source_series_dimensions"": {""ACCESS_SHARING_LEVEL"": ""PUBLIC_OPEN"", ""COUNTRY"": ""NOR"", ""FREQUENCY"": ""M"", ""IFS_FLAG"": ""true"", ""INDICATOR"": ""PPI"", ""METHODOLOGY"": ""PPI"", ""OVERLAP"": ""OL"", ""REFERENCE_PERIOD"": ""2010=100"", ""SCALE"": ""0"", ""SECURITY_CLASSIFICATION"": ""PUB"", ""TYPE_OF_TRANSFORMATION"": ""IX""}}"
NOR,producer_price_index_quarterly_imf,2023-Q2,quarterly,172.19304826206545,\N,derived,IMF_PPI,IMF|ACCESS_SHARING_LEVEL=PUBLIC_OPEN|FREQUENCY=M|IFS_FLAG=true|INDICATOR=PPI|METHODOLOGY=PPI|OVERLAP=OL|REFERENCE_PERIOD=2010=100|SCALE=0|SECURITY_CLASSIFICATION=PUB|TYPE_OF_TRANSFORMATION=IX|aggregation=quarterly_mean,\N,"{""aggregation_method"": ""quarterly_mean"", ""source_derivation_types"": [""O"", ""O"", ""O""], ""source_months"": [""2023-M04"", ""2023-M05"", ""2023-M06""], ""source_observation_count"": 3, ""source_series_dimensions"": {""ACCESS_SHARING_LEVEL"": ""PUBLIC_OPEN"", ""COUNTRY"": ""NOR"", ""FREQUENCY"": ""M"", ""IFS_FLAG"": ""true"", ""INDICATOR"": ""PPI"", ""METHODOLOGY"": ""PPI"", ""OVERLAP"": ""OL"", ""REFERENCE_PERIOD"": ""2010=100"", ""SCALE"": ""0"", ""SECURITY_CLASSIFICATION"": ""PUB"", ""TYPE_OF_TRANSFORMATION"": ""IX""}}"
NOR,producer_price_index_quarterly_imf,2023-Q3,quarterly,170.69267316829203,\N,derived,IMF_PPI,IMF|ACCESS_SHARING_LEVEL=PUBLIC_OPEN|FREQUENCY=M|IFS_FLAG=true|INDICATOR=PPI|METHODOLOGY=PPI|OVERLAP=OL|REFERENCE_PERIOD=2010=100|SCALE=0|SECURITY_CLASSIFICATION=PUB|TYPE_OF_TRANSFORMATION=IX|aggregation=quarterly_mean,\N,"{""aggregation_method"": ""quarterly_mean"", ""source_derivation_types"": [""O"", ""O"", ""O""], ""source_months"": [""2023-M07"", ""2023-M08"", ""2023-M09""], ""source_observation_count"": 3, ""source_series_dimensions"": {""ACCESS_SHARING_LEVEL"": ""PUBLIC_OPEN"", ""COUNTRY"": ""NOR"", ""FREQUENCY"": ""M"", ""IFS_FLAG"": ""true"", ""INDICATOR"": ""PPI"", ""METHODOLOGY"": ""PPI"", ""OVERLAP"": ""OL"", ""REFERENCE_PERIOD"": ""2010=100"", ""SCALE"": ""0"", ""SECURITY_CLASSIFICATION"": ""PUB"", ""TYPE_OF_TRANSFORMATION"": ""IX""}}"
NOR,producer_price_index_quarterly_imf,2023-Q4,quarterly,182.99574893723425,\N,derived,IMF_PPI,IMF|ACCESS_SHARING_LEVEL=PUBLIC_OPEN|FREQUENCY=M|IFS_FLAG=true|INDICATOR=PPI|METHODOLOGY=PPI|OVERLAP=OL|REFERENCE_PERIOD=2010=100|SCALE=0|SECURITY_CLASSIFICATION=PUB|TYPE_OF_TRANSFORMATION=IX|aggregation=quarterly_mean,\N,"{""aggregation_method"": ""quarterly_mean"", ""source_derivation_types"": [""O"", ""O"", ""O""], ""source_months"": [""2023-M10"", ""2023-M11"", ""2023-M12""], ""source_observation_count"": 3, ""source_series_dimensions"": {""ACCESS_SHARING_LEVEL"": ""PUBLIC_OPEN"", ""COUNTRY"": ""NOR"", ""FREQUENCY"": ""M"", ""IFS_FLAG"": ""true"", ""INDICATOR"": ""PPI"", ""METHODOLOGY"": ""PPI"", ""OVERLAP"": ""OL"", ""REFERENCE_PERIOD"": ""2010=100"", ""SCALE"": ""0"", ""SECURITY_CLASSIFICATION"": ""PUB"", ""TYPE_OF_TRANSFORMATION"": ""IX""}}"
NOR,producer_price_index_quarterly_imf,2024-Q1,quarterly,166.59164791197796,\N,derived,IMF_PPI,IMF|ACCESS_SHARING_LEVEL=PUBLIC_OPEN|FREQUENCY=M|IFS_FLAG=true|INDICATOR=PPI|METHODOLOGY=PPI|OVERLAP=OL|REFERENCE_PERIOD=2010=100|SCALE=0|SECURITY_CLASSIFICATION=PUB|TYPE_OF_TRANSFORMATION=IX|aggregation=quarterly_mean,\N,"{""aggregation_method"": ""quarterly_mean"", ""source_derivation_types"": [""O"", ""O"", ""O""], ""source_months"": [""2024-M01"", ""2024-M02"", ""2024-M03""], ""source_observation_count"": 3, ""source_series_dimensions"": {""ACCESS_SHARING_LEVEL"": ""PUBLIC_OPEN"", ""COUNTRY"": ""NOR"", ""FREQUENCY"": ""M"", ""IFS_FLAG"": ""true"", ""INDICATOR"": ""PPI"", ""METHODOLOGY"": ""PPI"", ""OVERLAP"": ""OL"", ""REFERENCE_PERIOD"": ""2010=100"", ""SCALE"": ""0"", ""SECURITY_CLASSIFICATION"": ""PUB"", ""TYPE_OF_TRANSFORMATION"": ""IX""}}"
NOR,producer_price_index_quarterly_imf,2024-Q2,quarterly,173.1932983245811,\N,derived,IMF_PPI,IMF|ACCESS_SHARING_LEVEL=PUBLIC_OPEN|FREQUENCY=M|IFS_FLAG=true|INDICATOR=PPI|METHODOLOGY=PPI|OVERLAP=OL|REFERENCE_PERIOD=2010=100|SCALE=0|SECURITY_CLASSIFICATION=PUB|TYPE_OF_TRANSFORMATION=IX|aggregation=quarterly_mean,\N,"{""aggregation_method"": ""quarterly_mean"", ""source_derivation_types"": [""O"", ""O"", ""O""], ""source_months"": [""2024-M04"", ""2024-M05"", ""2024-M06""], ""source_observation_count"": 3, ""source_series_dimensions"": {""ACCESS_SHARING_LEVEL"": ""PUBLIC_OPEN"", ""COUNTRY"": ""NOR"", ""FREQUENCY"": ""M"", ""IFS_FLAG"": ""true"", ""INDICATOR"": ""PPI"", ""METHODOLOGY"": ""PPI"", ""OVERLAP"": ""OL"", ""REFERENCE_PERIOD"": ""2010=100"", ""SCALE"": ""0"", ""SECURITY_CLASSIFICATION"": ""PUB"", ""TYPE_OF_TRANSFORMATION"": ""IX""}}"
NOR,producer_price_index_quarterly_imf,2024-Q3,quarterly,174.5436359089772,\N,derived,IMF_PPI,IMF|ACCESS_SHARING_LEVEL=PUBLIC_OPEN|FREQUENCY=M|IFS_FLAG=true|INDICATOR=PPI|METHODOLOGY=PPI|OVERLAP=OL|REFERENCE_PERIOD=2010=100|SCALE=0|SECURITY_CLASSIFICATION=PUB|TYPE_OF_TRANSFORMATION=IX|aggregation=quarterly_mean,\N,"{""aggregation_method"": ""quarterly_mean"", ""source_derivation_types"": [""O"", ""O"", ""O""], ""source_months"": [""2024-M07"", ""2024-M08"", ""2024-M09""], ""source_observation_count"": 3, ""source_series_dimensions"": {""ACCESS_SHARING_LEVEL"": ""PUBLIC_OPEN"", ""COUNTRY"": ""NOR"", ""FREQUENCY"": ""M"", ""IFS_FLAG"": ""true"", ""INDICATOR"": ""PPI"", ""METHODOLOGY"": ""PPI"", ""OVERLAP"": ""OL"", ""REFERENCE_PERIOD"": ""2010=100"", ""SCALE"": ""0"", ""SECURITY_CLASSIFICATION"": ""PUB"", ""TYPE_OF_TRANSFORMATION"": ""IX""}}"
NOR,producer_price_index_quarterly_imf,2024-Q4,quarterly,186.09652413103274,\N,derived,IMF_PPI,IMF|ACCESS_SHARING_LEVEL=PUBLIC_OPEN|FREQUENCY=M|IFS_FLAG=true|INDICATOR=PPI|METHODOLOGY=PPI|OVERLAP=OL|REFERENCE_PERIOD=2010=100|SCALE=0|SECURITY_CLASSIFICATION=PUB|TYPE_OF_TRANSFORMATION=IX|aggregation=quarterly_mean,\N,"{""aggregation_method"": ""quarterly_mean"", ""source_derivation_types"": [""O"", ""O"", ""O""], ""source_months"": [""2024-M10"", ""2024-M11"", ""2024-M12""], ""source_observation_count"": 3, ""source_series_dimensions"": {""ACCESS_SHARING_LEVEL"": ""PUBLIC_OPEN"", ""COUNTRY"": ""NOR"", ""FREQUENCY"": ""M"", ""IFS_FLAG"": ""true"", ""INDICATOR"": ""PPI"", ""METHODOLOGY"": ""PPI"", ""OVERLAP"": ""OL"", ""REFERENCE_PERIOD"": ""2010=100"", ""SCALE"": ""0"", ""SECURITY_CLASSIFICATION"": ""PUB"", ""TYPE_OF_TRANSFORMATION"": ""IX""}}"
PHL,producer_price_index_quarterly_imf,2020-Q1,quarterly,58.03245436105478,\N,derived,IMF_PPI,IMF|ACCESS_SHARING_LEVEL=PUBLIC_OPEN|FREQUENCY=M|IFS_FLAG=true|INDICATOR=PPI|METHODOLOGY=PPI|OVERLAP=OL|REFERENCE_PERIOD=2010=100|SCALE=0|SECURITY_CLASSIFICATION=PUB|TYPE_OF_TRANSFORMATION=IX|aggregation=quarterly_mean,\N,"{""aggregation_method"": ""quarterly_mean"", ""source_derivation_types"": [""O"", ""O"", ""O""], ""source_months"": [""2020-M01"", ""2020-M02"", ""2020-M03""], ""source_observation_count"": 3, ""source_series_dimensions"": {""ACCESS_SHARING_LEVEL"": ""PUBLIC_OPEN"", ""COUNTRY"": ""PHL"", ""FREQUENCY"": ""M"", ""IFS_FLAG"": ""true"", ""INDICATOR"": ""PPI"", ""METHODOLOGY"": ""PPI"", ""OVERLAP"": ""OL"", ""REFERENCE_PERIOD"": ""2010=100"", ""SCALE"": ""0"", ""SECURITY_CLASSIFICATION"": ""PUB"", ""TYPE_OF_TRANSFORMATION"": ""IX""}}"
PHL,producer_price_index_quarterly_imf,2020-Q2,quarterly,56.49087221095336,\N,derived,IMF_PPI,IMF|ACCESS_SHARING_LEVEL=PUBLIC_OPEN|FREQUENCY=M|IFS_FLAG=true|INDICATOR=PPI|METHODOLOGY=PPI|OVERLAP=OL|REFERENCE_PERIOD=2010=100|SCALE=0|SECURITY_CLASSIFICATION=PUB|TYPE_OF_TRANSFORMATION=IX|aggregation=quarterly_mean,\N,"{""aggregation_method"": ""quarterly_mean"", ""source_derivation_types"": [""O"", ""O"", ""O""], ""source_months"": [""2020-M04"", ""2020-M05"", ""2020-M06""], ""source_observation_count"": 3, ""source_series_dimensions"": {""ACCESS_SHARING_LEVEL"": ""PUBLIC_OPEN"", ""COUNTRY"": ""PHL"", ""FREQUENCY"": ""M"", ""IFS_FLAG"": ""true"", ""INDICATOR"": ""PPI"", ""METHODOLOGY"": ""PPI"", ""OVERLAP"": ""OL"", ""REFERENCE_PERIOD"": ""2010=100"", ""SCALE"": ""0"", ""SECURITY_CLASSIFICATION"": ""PUB"", ""TYPE_OF_TRANSFORMATION"": ""IX""}}"
PHL,producer_price_index_quarterly_imf,2020-Q3,quarterly,56.04462474645032,\N,derived,IMF_PPI,IMF|ACCESS_SHARING_LEVEL=PUBLIC_OPEN|FREQUENCY=M|IFS_FLAG=true|INDICATOR=PPI|METHODOLOGY=PPI|OVERLAP=OL|REFERENCE_PERIOD=2010=100|SCALE=0|SECURITY_CLASSIFICATION=PUB|TYPE_OF_TRANSFORMATION=IX|aggregation=quarterly_mean,\N,"{""aggregation_method"": ""quarterly_mean"", ""source_derivation_types"": [""O"", ""O"", ""O""], ""source_months"": [""2020-M07"", ""2020-M08"", ""2020-M09""], ""source_observation_count"": 3, ""source_series_dimensions"": {""ACCESS_SHARING_LEVEL"": ""PUBLIC_OPEN"", ""COUNTRY"": ""PHL"", ""FREQUENCY"": ""M"", ""IFS_FLAG"": ""true"", ""INDICATOR"": ""PPI"", ""METHODOLOGY"": ""PPI"", ""OVERLAP"": ""OL"", ""REFERENCE_PERIOD"": ""2010=100"", ""SCALE"": ""0"", ""SECURITY_CLASSIFICATION"": ""PUB"", ""TYPE_OF_TRANSFORMATION"": ""IX""}}"
PHL,producer_price_index_quarterly_imf,2020-Q4,quarterly,56.105476673428,\N,derived,IMF_PPI,IMF|ACCESS_SHARING_LEVEL=PUBLIC_OPEN|FREQUENCY=M|IFS_FLAG=true|INDICATOR=PPI|METHODOLOGY=PPI|OVERLAP=OL|REFERENCE_PERIOD=2010=100|SCALE=0|SECURITY_CLASSIFICATION=PUB|TYPE_OF_TRANSFORMATION=IX|aggregation=quarterly_mean,\N,"{""aggregation_method"": ""quarterly_mean"", ""source_derivation_types"": [""O"", ""O"", ""O""], ""source_months"": [""2020-M10"", ""2020-M11"", ""2020-M12""], ""source_observation_count"": 3, ""source_series_dimensions"": {""ACCESS_SHARING_LEVEL"": ""PUBLIC_OPEN"", ""COUNTRY"": ""PHL"", ""FREQUENCY"": ""M"", ""IFS_FLAG"": ""true"", ""INDICATOR"": ""PPI"", ""METHODOLOGY"": ""PPI"", ""OVERLAP"": ""OL"", ""REFERENCE_PERIOD"": ""2010=100"", ""SCALE"": ""0"", ""SECURITY_CLASSIFICATION"": ""PUB"", ""TYPE_OF_TRANSFORMATION"": ""IX""}}"
PHL,producer_price_index_quarterly_imf,2021-Q1,quarterly,55.19269776876269,\N,derived,IMF_PPI,IMF|ACCESS_SHARING_LEVEL=PUBLIC_OPEN|FREQUENCY=M|IFS_FLAG=true|INDICATOR=PPI|METHODOLOGY=PPI|OVERLAP=OL|REFERENCE_PERIOD=2010=100|SCALE=0|SECURITY_CLASSIFICATION=PUB|TYPE_OF_TRANSFORMATION=IX|aggregation=quarterly_mean,\N,"{""aggregation_method"": ""quarterly_mean"", ""source_derivation_types"": [""O"", ""O"", ""O""], ""source_months"": [""2021-M01"", ""2021-M02"", ""2021-M03""], ""source_observation_count"": 3, ""source_series_dimensions"": {""ACCESS_SHARING_LEVEL"": ""PUBLIC_OPEN"", ""COUNTRY"": ""PHL"", ""FREQUENCY"": ""M"", ""IFS_FLAG"": ""true"", ""INDICATOR"": ""PPI"", ""METHODOLOGY"": ""PPI"", ""OVERLAP"": ""OL"", ""REFERENCE_PERIOD"": ""2010=100"", ""SCALE"": ""0"", ""SECURITY_CLASSIFICATION"": ""PUB"", ""TYPE_OF_TRANSFORMATION"": ""IX""}}"
PHL,producer_price_index_quarterly_imf,2021-Q2,quarterly,55.09127789046655,\N,derived,IMF_PPI,IMF|ACCESS_SHARING_LEVEL=PUBLIC_OPEN|FREQUENCY=M|IFS_FLAG=true|INDICATOR=PPI|METHODOLOGY=PPI|OVERLAP=OL|REFERENCE_PERIOD=2010=100|SCALE=0|SECURITY_CLASSIFICATION=PUB|TYPE_OF_TRANSFORMATION=IX|aggregation=quarterly_mean,\N,"{""aggregation_method"": ""quarterly_mean"", ""source_derivation_types"": [""O"", ""O"", ""O""], ""source_months"": [""2021-M04"", ""2021-M05"", ""2021-M06""], ""source_observation_count"": 3, ""source_series_dimensions"": {""ACCESS_SHARING_LEVEL"": ""PUBLIC_OPEN"", ""COUNTRY"": ""PHL"", ""FREQUENCY"": ""M"", ""IFS_FLAG"": ""true"", ""INDICATOR"": ""PPI"", ""METHODOLOGY"": ""PPI"", ""OVERLAP"": ""OL"", ""REFERENCE_PERIOD"": ""2010=100"", ""SCALE"": ""0"", ""SECURITY_CLASSIFICATION"": ""PUB"", ""TYPE_OF_TRANSFORMATION"": ""IX""}}"
PHL,producer_price_index_quarterly_imf,2021-Q3,quarterly,55.862068965517246,\N,derived,IMF_PPI,IMF|ACCESS_SHARING_LEVEL=PUBLIC_OPEN|FREQUENCY=M|IFS_FLAG=true|INDICATOR=PPI|METHODOLOGY=PPI|OVERLAP=OL|REFERENCE_PERIOD=2010=100|SCALE=0|SECURITY_CLASSIFICATION=PUB|TYPE_OF_TRANSFORMATION=IX|aggregation=quarterly_mean,\N,"{""aggregation_method"": ""quarterly_mean"", ""source_derivation_types"": [""O"", ""O"", ""O""], ""source_months"": [""2021-M07"", ""2021-M08"", ""2021-M09""], ""source_observation_count"": 3, ""source_series_dimensions"": {""ACCESS_SHARING_LEVEL"": ""PUBLIC_OPEN"", ""COUNTRY"": ""PHL"", ""FREQUENCY"": ""M"", ""IFS_FLAG"": ""true"", ""INDICATOR"": ""PPI"", ""METHODOLOGY"": ""PPI"", ""OVERLAP"": ""OL"", ""REFERENCE_PERIOD"": ""2010=100"", ""SCALE"": ""0"", ""SECURITY_CLASSIFICATION"": ""PUB"", ""TYPE_OF_TRANSFORMATION"": ""IX""}}"
PHL,producer_price_index_quarterly_imf,2021-Q4,quarterly,56.49087221095336,\N,derived,IMF_PPI,IMF|ACCESS_SHARING_LEVEL=PUBLIC_OPEN|FREQUENCY=M|IFS_FLAG=true|INDICATOR=PPI|METHODOLOGY=PPI|OVERLAP=OL|REFERENCE_PERIOD=2010=100|SCALE=0|SECURITY_CLASSIFICATION=PUB|TYPE_OF_TRANSFORMATION=IX|aggregation=quarterly_mean,\N,"{""aggregation_method"": ""quarterly_mean"", ""source_derivation_types"": [""O"", ""O"", ""O""], ""source_months"": [""2021-M10"", ""2021-M11"", ""2021-M12""], ""source_observation_count"": 3, ""source_series_dimensions"": {""ACCESS_SHARING_LEVEL"": ""PUBLIC_OPEN"", ""COUNTRY"": ""PHL"", ""FREQUENCY"": ""M"", ""IFS_FLAG"": ""true"", ""INDICATOR"": ""PPI"", ""METHODOLOGY"": ""PPI"", ""OVERLAP"": ""OL"", ""REFERENCE_PERIOD"": ""2010=100"", ""SCALE"": ""0"", ""SECURITY_CLASSIFICATION"": ""PUB"", ""TYPE_OF_TRANSFORMATION"": ""IX""}}"
PHL,producer_price_index_quarterly_imf,2022-Q1,quarterly,57.68762677484788,\N,derived,IMF_PPI,IMF|ACCESS_SHARING_LEVEL=PUBLIC_OPEN|FREQUENCY=M|IFS_FLAG=true|INDICATOR=PPI|METHODOLOGY=PPI|OVERLAP=OL|REFERENCE_PERIOD=2010=100|SCALE=0|SECURITY_CLASSIFICATION=PUB|TYPE_OF_TRANSFORMATION=IX|aggregation=quarterly_mean,\N,"{""aggregation_method"": ""quarterly_mean"", ""source_derivation_types"": [""O"", ""O"", ""O""], ""source_months"": [""2022-M01"", ""2022-M02"", ""2022-M03""], ""source_observation_count"": 3, ""source_series_dimensions"": {""ACCESS_SHARING_LEVEL"": ""PUBLIC_OPEN"", ""COUNTRY"": ""PHL"", ""FREQUENCY"": ""M"", ""IFS_FLAG"": ""true"", ""INDICATOR"": ""PPI"", ""METHODOLOGY"": ""PPI"", ""OVERLAP"": ""OL"", ""REFERENCE_PERIOD"": ""2010=100"", ""SCALE"": ""0"", ""SECURITY_CLASSIFICATION"": ""PUB"", ""TYPE_OF_TRANSFORMATION"": ""IX""}}"
PHL,producer_price_index_quarterly_imf,2022-Q2,quarterly,59.00608519269778,\N,derived,IMF_PPI,IMF|ACCESS_SHARING_LEVEL=PUBLIC_OPEN|FREQUENCY=M|IFS_FLAG=true|INDICATOR=PPI|METHODOLOGY=PPI|OVERLAP=OL|REFERENCE_PERIOD=2010=100|SCALE=0|SECURITY_CLASSIFICATION=PUB|TYPE_OF_TRANSFORMATION=IX|aggregation=quarterly_mean,\N,"{""aggregation_method"": ""quarterly_mean"", ""source_derivation_types"": [""O"", ""O"", ""O""], ""source_months"": [""2022-M04"", ""2022-M05"", ""2022-M06""], ""source_observation_count"": 3, ""source_series_dimensions"": {""ACCESS_SHARING_LEVEL"": ""PUBLIC_OPEN"", ""COUNTRY"": ""PHL"", ""FREQUENCY"": ""M"", ""IFS_FLAG"": ""true"", ""INDICATOR"": ""PPI"", ""METHODOLOGY"": ""PPI"", ""OVERLAP"": ""OL"", ""REFERENCE_PERIOD"": ""2010=100"", ""SCALE"": ""0"", ""SECURITY_CLASSIFICATION"": ""PUB"", ""TYPE_OF_TRANSFORMATION"": ""IX""}}"
PHL,producer_price_index_quarterly_imf,2022-Q3,quarterly,60.18255578093308,\N,derived,IMF_PPI,IMF|ACCESS_SHARING_LEVEL=PUBLIC_OPEN|FREQUENCY=M|IFS_FLAG=true|INDICATOR=PPI|METHODOLOGY=PPI|OVERLAP=OL|REFERENCE_PERIOD=2010=100|SCALE=0|SECURITY_CLASSIFICATION=PUB|TYPE_OF_TRANSFORMATION=IX|aggregation=quarterly_mean,\N,"{""aggregation_method"": ""quarterly_mean"", ""source_derivation_types"": [""O"", ""O"", ""O""], ""source_months"": [""2022-M07"", ""2022-M08"", ""2022-M09""], ""source_observation_count"": 3, ""source_series_dimensions"": {""ACCESS_SHARING_LEVEL"": ""PUBLIC_OPEN"", ""COUNTRY"": ""PHL"", ""FREQUENCY"": ""M"", ""IFS_FLAG"": ""true"", ""INDICATOR"": ""PPI"", ""METHODOLOGY"": ""PPI"", ""OVERLAP"": ""OL"", ""REFERENCE_PERIOD"": ""2010=100"", ""SCALE"": ""0"", ""SECURITY_CLASSIFICATION"": ""PUB"", ""TYPE_OF_TRANSFORMATION"": ""IX""}}"
PHL,producer_price_index_quarterly_imf,2022-Q4,quarterly,59.97971602434078,\N,derived,IMF_PPI,IMF|ACCESS_SHARING_LEVEL=PUBLIC_OPEN|FREQUENCY=M|IFS_FLAG=true|INDICATOR=PPI|METHODOLOGY=PPI|OVERLAP=OL|REFERENCE_PERIOD=2010=100|SCALE=0|SECURITY_CLASSIFICATION=PUB|TYPE_OF_TRANSFORMATION=IX|aggregation=quarterly_mean,\N,"{""aggregation_method"": ""quarterly_mean"", ""source_derivation_types"": [""O"", ""O"", ""O""], ""source_months"": [""2022-M10"", ""2022-M11"", ""2022-M12""], ""source_observation_count"": 3, ""source_series_dimensions"": {""ACCESS_SHARING_LEVEL"": ""PUBLIC_OPEN"", ""COUNTRY"": ""PHL"", ""FREQUENCY"": ""M"", ""IFS_FLAG"": ""true"", ""INDICATOR"": ""PPI"", ""METHODOLOGY"": ""PPI"", ""OVERLAP"": ""OL"", ""REFERENCE_PERIOD"": ""2010=100"", ""SCALE"": ""0"", ""SECURITY_CLASSIFICATION"": ""PUB"", ""TYPE_OF_TRANSFORMATION"": ""IX""}}"
POL,producer_price_index_quarterly_imf,2020-Q1,quarterly,111.64254823686026,\N,derived,IMF_PPI,IMF|ACCESS_SHARING_LEVEL=PUBLIC_OPEN|FREQUENCY=M|IFS_FLAG=true|INDICATOR=PPI|METHODOLOGY=PPI|OVERLAP=OL|REFERENCE_PERIOD=2010=100|SCALE=0|SECURITY_CLASSIFICATION=PUB|TYPE_OF_TRANSFORMATION=IX|aggregation=quarterly_mean,\N,"{""aggregation_method"": ""quarterly_mean"", ""source_derivation_types"": [""O"", ""O"", ""O""], ""source_months"": [""2020-M01"", ""2020-M02"", ""2020-M03""], ""source_observation_count"": 3, ""source_series_dimensions"": {""ACCESS_SHARING_LEVEL"": ""PUBLIC_OPEN"", ""COUNTRY"": ""POL"", ""FREQUENCY"": ""M"", ""IFS_FLAG"": ""true"", ""INDICATOR"": ""PPI"", ""METHODOLOGY"": ""PPI"", ""OVERLAP"": ""OL"", ""REFERENCE_PERIOD"": ""2010=100"", ""SCALE"": ""0"", ""SECURITY_CLASSIFICATION"": ""PUB"", ""TYPE_OF_TRANSFORMATION"": ""IX""}}"
POL,producer_price_index_quarterly_imf,2020-Q2,quarterly,110.65798403193673,\N,derived,IMF_PPI,IMF|ACCESS_SHARING_LEVEL=PUBLIC_OPEN|FREQUENCY=M|IFS_FLAG=true|INDICATOR=PPI|METHODOLOGY=PPI|OVERLAP=OL|REFERENCE_PERIOD=2010=100|SCALE=0|SECURITY_CLASSIFICATION=PUB|TYPE_OF_TRANSFORMATION=IX|aggregation=quarterly_mean,\N,"{""aggregation_method"": ""quarterly_mean"", ""source_derivation_types"": [""O"", ""O"", ""O""], ""source_months"": [""2020-M04"", ""2020-M05"", ""2020-M06""], ""source_observation_count"": 3, ""source_series_dimensions"": {""ACCESS_SHARING_LEVEL"": ""PUBLIC_OPEN"", ""COUNTRY"": ""POL"", ""FREQUENCY"": ""M"", ""IFS_FLAG"": ""true"", ""INDICATOR"": ""PPI"", ""METHODOLOGY"": ""PPI"", ""OVERLAP"": ""OL"", ""REFERENCE_PERIOD"": ""2010=100"", ""SCALE"": ""0"", ""SECURITY_CLASSIFICATION"": ""PUB"", ""TYPE_OF_TRANSFORMATION"": ""IX""}}"
POL,producer_price_index_quarterly_imf,2020-Q3,quarterly,111.00961410512366,\N,derived,IMF_PPI,IMF|ACCESS_SHARING_LEVEL=PUBLIC_OPEN|FREQUENCY=M|IFS_FLAG=true|INDICATOR=PPI|METHODOLOGY=PPI|OVERLAP=OL|REFERENCE_PERIOD=2010=100|SCALE=0|SECURITY_CLASSIFICATION=PUB|TYPE_OF_TRANSFORMATION=IX|aggregation=quarterly_mean,\N,"{""aggregation_method"": ""quarterly_mean"", ""source_derivation_types"": [""O"", ""O"", ""O""], ""source_months"": [""2020-M07"", ""2020-M08"", ""2020-M09""], ""source_observation_count"": 3, ""source_series_dimensions"": {""ACCESS_SHARING_LEVEL"": ""PUBLIC_OPEN"", ""COUNTRY"": ""POL"", ""FREQUENCY"": ""M"", ""IFS_FLAG"": ""true"", ""INDICATOR"": ""PPI"", ""METHODOLOGY"": ""PPI"", ""OVERLAP"": ""OL"", ""REFERENCE_PERIOD"": ""2010=100"", ""SCALE"": ""0"", ""SECURITY_CLASSIFICATION"": ""PUB"", ""TYPE_OF_TRANSFORMATION"": ""IX""}}"
POL,producer_price_index_quarterly_imf,2020-Q4,quarterly,111.71287425149757,\N,derived,IMF_PPI,IMF|ACCESS_SHARING_LEVEL=PUBLIC_OPEN|FREQUENCY=M|IFS_FLAG=true|INDICATOR=PPI|METHODOLOGY=PPI|OVERLAP=OL|REFERENCE_PERIOD=2010=100|SCALE=0|SECURITY_CLASSIFICATION=PUB|TYPE_OF_TRANSFORMATION=IX|aggregation=quarterly_mean,\N,"{""aggregation_method"": ""quarterly_mean"", ""source_derivation_types"": [""O"", ""O"", ""O""], ""source_months"": [""2020-M10"", ""2020-M11"", ""2020-M12""], ""source_observation_count"": 3, ""source_series_dimensions"": {""ACCESS_SHARING_LEVEL"": ""PUBLIC_OPEN"", ""COUNTRY"": ""POL"", ""FREQUENCY"": ""M"", ""IFS_FLAG"": ""true"", ""INDICATOR"": ""PPI"", ""METHODOLOGY"": ""PPI"", ""OVERLAP"": ""OL"", ""REFERENCE_PERIOD"": ""2010=100"", ""SCALE"": ""0"", ""SECURITY_CLASSIFICATION"": ""PUB"", ""TYPE_OF_TRANSFORMATION"": ""IX""}}"
POL,producer_price_index_quarterly_imf,2021-Q1,quarterly,114.45558882235586,\N,derived,IMF_PPI,IMF|ACCESS_SHARING_LEVEL=PUBLIC_OPEN|FREQUENCY=M|IFS_FLAG=true|INDICATOR=PPI|METHODOLOGY=PPI|OVERLAP=OL|REFERENCE_PERIOD=2010=100|SCALE=0|SECURITY_CLASSIFICATION=PUB|TYPE_OF_TRANSFORMATION=IX|aggregation=quarterly_mean,\N,"{""aggregation_method"": ""quarterly_mean"", ""source_derivation_types"": [""O"", ""O"", ""O""], ""source_months"": [""2021-M01"", ""2021-M02"", ""2021-M03""], ""source_observation_count"": 3, ""source_series_dimensions"": {""ACCESS_SHARING_LEVEL"": ""PUBLIC_OPEN"", ""COUNTRY"": ""POL"", ""FREQUENCY"": ""M"", ""IFS_FLAG"": ""true"", ""INDICATOR"": ""PPI"", ""METHODOLOGY"": ""PPI"", ""OVERLAP"": ""OL"", ""REFERENCE_PERIOD"": ""2010=100"", ""SCALE"": ""0"", ""SECURITY_CLASSIFICATION"": ""PUB"", ""TYPE_OF_TRANSFORMATION"": ""IX""}}"
POL,producer_price_index_quarterly_imf,2021-Q2,quarterly,117.9367265469068,\N,derived,IMF_PPI,IMF|ACCESS_SHARING_LEVEL=PUBLIC_OPEN|FREQUENCY=M|IFS_FLAG=true|INDICATOR=PPI|METHODOLOGY=PPI|OVERLAP=OL|REFERENCE_PERIOD=2010=100|SCALE=0|SECURITY_CLASSIFICATION=PUB|TYPE_OF_TRANSFORMATION=IX|aggregation=quarterly_mean,\N,"{""aggregation_method"": ""quarterly_mean"", ""source_derivation_types"": [""O"", ""O"", ""O""], ""source_months"": [""2021-M04"", ""2021-M05"", ""2021-M06""], ""source_observation_count"": 3, ""source_series_dimensions"": {""ACCESS_SHARING_LEVEL"": ""PUBLIC_OPEN"", ""COUNTRY"": ""POL"", ""FREQUENCY"": ""M"", ""IFS_FLAG"": ""true"", ""INDICATOR"": ""PPI"", ""METHODOLOGY"": ""PPI"", ""OVERLAP"": ""OL"", ""REFERENCE_PERIOD"": ""2010=100"", ""SCALE"": ""0"", ""SECURITY_CLASSIFICATION"": ""PUB"", ""TYPE_OF_TRANSFORMATION"": ""IX""}}"
POL,producer_price_index_quarterly_imf,2021-Q3,quarterly,121.6991683300073,\N,derived,IMF_PPI,IMF|ACCESS_SHARING_LEVEL=PUBLIC_OPEN|FREQUENCY=M|IFS_FLAG=true|INDICATOR=PPI|METHODOLOGY=PPI|OVERLAP=OL|REFERENCE_PERIOD=2010=100|SCALE=0|SECURITY_CLASSIFICATION=PUB|TYPE_OF_TRANSFORMATION=IX|aggregation=quarterly_mean,\N,"{""aggregation_method"": ""quarterly_mean"", ""source_derivation_types"": [""O"", ""O"", ""O""], ""source_months"": [""2021-M07"", ""2021-M08"", ""2021-M09""], ""source_observation_count"": 3, ""source_series_dimensions"": {""ACCESS_SHARING_LEVEL"": ""PUBLIC_OPEN"", ""COUNTRY"": ""POL"", ""FREQUENCY"": ""M"", ""IFS_FLAG"": ""true"", ""INDICATOR"": ""PPI"", ""METHODOLOGY"": ""PPI"", ""OVERLAP"": ""OL"", ""REFERENCE_PERIOD"": ""2010=100"", ""SCALE"": ""0"", ""SECURITY_CLASSIFICATION"": ""PUB"", ""TYPE_OF_TRANSFORMATION"": ""IX""}}"
POL,producer_price_index_quarterly_imf,2021-Q4,quarterly,126.72747837658085,\N,derived,IMF_PPI,IMF|ACCESS_SHARING_LEVEL=PUBLIC_OPEN|FREQUENCY=M|IFS_FLAG=true|INDICATOR=PPI|METHODOLOGY=PPI|OVERLAP=OL|REFERENCE_PERIOD=2010=100|SCALE=0|SECURITY_CLASSIFICATION=PUB|TYPE_OF_TRANSFORMATION=IX|aggregation=quarterly_mean,\N,"{""aggregation_method"": ""quarterly_mean"", ""source_derivation_types"": [""O"", ""O"", ""O""], ""source_months"": [""2021-M10"", ""2021-M11"", ""2021-M12""], ""source_observation_count"": 3, ""source_series_dimensions"": {""ACCESS_SHARING_LEVEL"": ""PUBLIC_OPEN"", ""COUNTRY"": ""POL"", ""FREQUENCY"": ""M"", ""IFS_FLAG"": ""true"", ""INDICATOR"": ""PPI"", ""METHODOLOGY"": ""PPI"", ""OVERLAP"": ""OL"", ""REFERENCE_PERIOD"": ""2010=100"", ""SCALE"": ""0"", ""SECURITY_CLASSIFICATION"": ""PUB"", ""TYPE_OF_TRANSFORMATION"": ""IX""}}"
POL,producer_price_index_quarterly_imf,2022-Q1,quarterly,135.13143712574924,\N,derived,IMF_PPI,IMF|ACCESS_SHARING_LEVEL=PUBLIC_OPEN|FREQUENCY=M|IFS_FLAG=true|INDICATOR=PPI|METHODOLOGY=PPI|OVERLAP=OL|REFERENCE_PERIOD=2010=100|SCALE=0|SECURITY_CLASSIFICATION=PUB|TYPE_OF_TRANSFORMATION=IX|aggregation=quarterly_mean,\N,"{""aggregation_method"": ""quarterly_mean"", ""source_derivation_types"": [""O"", ""O"", ""O""], ""source_months"": [""2022-M01"", ""2022-M02"", ""2022-M03""], ""source_observation_count"": 3, ""source_series_dimensions"": {""ACCESS_SHARING_LEVEL"": ""PUBLIC_OPEN"", ""COUNTRY"": ""POL"", ""FREQUENCY"": ""M"", ""IFS_FLAG"": ""true"", ""INDICATOR"": ""PPI"", ""METHODOLOGY"": ""PPI"", ""OVERLAP"": ""OL"", ""REFERENCE_PERIOD"": ""2010=100"", ""SCALE"": ""0"", ""SECURITY_CLASSIFICATION"": ""PUB"", ""TYPE_OF_TRANSFORMATION"": ""IX""}}"
POL,producer_price_index_quarterly_imf,2022-Q2,quarterly,147.15718562874335,\N,derived,IMF_PPI,IMF|ACCESS_SHARING_LEVEL=PUBLIC_OPEN|FREQUENCY=M|IFS_FLAG=true|INDICATOR=PPI|METHODOLOGY=PPI|OVERLAP=OL|REFERENCE_PERIOD=2010=100|SCALE=0|SECURITY_CLASSIFICATION=PUB|TYPE_OF_TRANSFORMATION=IX|aggregation=quarterly_mean,\N,"{""aggregation_method"": ""quarterly_mean"", ""source_derivation_types"": [""O"", ""O"", ""O""], ""source_months"": [""2022-M04"", ""2022-M05"", ""2022-M06""], ""source_observation_count"": 3, ""source_series_dimensions"": {""ACCESS_SHARING_LEVEL"": ""PUBLIC_OPEN"", ""COUNTRY"": ""POL"", ""FREQUENCY"": ""M"", ""IFS_FLAG"": ""true"", ""INDICATOR"": ""PPI"", ""METHODOLOGY"": ""PPI"", ""OVERLAP"": ""OL"", ""REFERENCE_PERIOD"": ""2010=100"", ""SCALE"": ""0"", ""SECURITY_CLASSIFICATION"": ""PUB"", ""TYPE_OF_TRANSFORMATION"": ""IX""}}"
POL,producer_price_index_quarterly_imf,2022-Q3,quarterly,152.15033266799827,\N,derived,IMF_PPI,IMF|ACCESS_SHARING_LEVEL=PUBLIC_OPEN|FREQUENCY=M|IFS_FLAG=true|INDICATOR=PPI|METHODOLOGY=PPI|OVERLAP=OL|REFERENCE_PERIOD=2010=100|SCALE=0|SECURITY_CLASSIFICATION=PUB|TYPE_OF_TRANSFORMATION=IX|aggregation=quarterly_mean,\N,"{""aggregation_method"": ""quarterly_mean"", ""source_derivation_types"": [""O"", ""O"", ""O""], ""source_months"": [""2022-M07"", ""2022-M08"", ""2022-M09""], ""source_observation_count"": 3, ""source_series_dimensions"": {""ACCESS_SHARING_LEVEL"": ""PUBLIC_OPEN"", ""COUNTRY"": ""POL"", ""FREQUENCY"": ""M"", ""IFS_FLAG"": ""true"", ""INDICATOR"": ""PPI"", ""METHODOLOGY"": ""PPI"", ""OVERLAP"": ""OL"", ""REFERENCE_PERIOD"": ""2010=100"", ""SCALE"": ""0"", ""SECURITY_CLASSIFICATION"": ""PUB"", ""TYPE_OF_TRANSFORMATION"": ""IX""}}"
POL,producer_price_index_quarterly_imf,2022-Q4,quarterly,154.15462408516393,\N,derived,IMF_PPI,IMF|ACCESS_SHARING_LEVEL=PUBLIC_OPEN|FREQUENCY=M|IFS_FLAG=true|INDICATOR=PPI|METHODOLOGY=PPI|OVERLAP=OL|REFERENCE_PERIOD=2010=100|SCALE=0|SECURITY_CLASSIFICATION=PUB|TYPE_OF_TRANSFORMATION=IX|aggregation=quarterly_mean,\N,"{""aggregation_method"": ""quarterly_mean"", ""source_derivation_types"": [""O"", ""O"", ""O""], ""source_months"": [""2022-M10"", ""2022-M11"", ""2022-M12""], ""source_observation_count"": 3, ""source_series_dimensions"": {""ACCESS_SHARING_LEVEL"": ""PUBLIC_OPEN"", ""COUNTRY"": ""POL"", ""FREQUENCY"": ""M"", ""IFS_FLAG"": ""true"", ""INDICATOR"": ""PPI"", ""METHODOLOGY"": ""PPI"", ""OVERLAP"": ""OL"", ""REFERENCE_PERIOD"": ""2010=100"", ""SCALE"": ""0"", ""SECURITY_CLASSIFICATION"": ""PUB"", ""TYPE_OF_TRANSFORMATION"": ""IX""}}"
POL,producer_price_index_quarterly_imf,2023-Q1,quarterly,157.0326024653,\N,derived,IMF_PPI,IMF|ACCESS_SHARING_LEVEL=PUBLIC_OPEN|FREQUENCY=M|IFS_FLAG=true|INDICATOR=PPI|METHODOLOGY=PPI|OVERLAP=OL|REFERENCE_PERIOD=2010=100|SCALE=0|SECURITY_CLASSIFICATION=PUB|TYPE_OF_TRANSFORMATION=IX|aggregation=quarterly_mean,\N,"{""aggregation_method"": ""quarterly_mean"", ""source_derivation_types"": [""O"", ""O"", ""O""], ""source_months"": [""2023-M01"", ""2023-M02"", ""2023-M03""], ""source_observation_count"": 3, ""source_series_dimensions"": {""ACCESS_SHARING_LEVEL"": ""PUBLIC_OPEN"", ""COUNTRY"": ""POL"", ""FREQUENCY"": ""M"", ""IFS_FLAG"": ""true"", ""INDICATOR"": ""PPI"", ""METHODOLOGY"": ""PPI"", ""OVERLAP"": ""OL"", ""REFERENCE_PERIOD"": ""2010=100"", ""SCALE"": ""0"", ""SECURITY_CLASSIFICATION"": ""PUB"", ""TYPE_OF_TRANSFORMATION"": ""IX""}}"
POL,producer_price_index_quarterly_imf,2023-Q2,quarterly,151.74695694418017,\N,derived,IMF_PPI,IMF|ACCESS_SHARING_LEVEL=PUBLIC_OPEN|FREQUENCY=M|IFS_FLAG=true|INDICATOR=PPI|METHODOLOGY=PPI|OVERLAP=OL|REFERENCE_PERIOD=2010=100|SCALE=0|SECURITY_CLASSIFICATION=PUB|TYPE_OF_TRANSFORMATION=IX|aggregation=quarterly_mean,\N,"{""aggregation_method"": ""quarterly_mean"", ""source_derivation_types"": [""O"", ""O"", ""O""], ""source_months"": [""2023-M04"", ""2023-M05"", ""2023-M06""], ""source_observation_count"": 3, ""source_series_dimensions"": {""ACCESS_SHARING_LEVEL"": ""PUBLIC_OPEN"", ""COUNTRY"": ""POL"", ""FREQUENCY"": ""M"", ""IFS_FLAG"": ""true"", ""INDICATOR"": ""PPI"", ""METHODOLOGY"": ""PPI"", ""OVERLAP"": ""OL"", ""REFERENCE_PERIOD"": ""2010=100"", ""SCALE"": ""0"", ""SECURITY_CLASSIFICATION"": ""PUB"", ""TYPE_OF_TRANSFORMATION"": ""IX""}}"
POL,producer_price_index_quarterly_imf,2023-Q3,quarterly,148.3845870198037,\N,derived,IMF_PPI,IMF|ACCESS_SHARING_LEVEL=PUBLIC_OPEN|FREQUENCY=M|IFS_FLAG=true|INDICATOR=PPI|METHODOLOGY=PPI|OVERLAP=OL|REFERENCE_PERIOD=2010=100|SCALE=0|SECURITY_CLASSIFICATION=PUB|TYPE_OF_TRANSFORMATION=IX|aggregation=quarterly_mean,\N,"{""aggregation_method"": ""quarterly_mean"", ""source_derivation_types"": [""O"", ""O"", ""O""], ""source_months"": [""2023-M07"", ""2023-M08"", ""2023-M09""], ""source_observation_count"": 3, ""source_series_dimensions"": {""ACCESS_SHARING_LEVEL"": ""PUBLIC_OPEN"", ""COUNTRY"": ""POL"", ""FREQUENCY"": ""M"", ""IFS_FLAG"": ""true"", ""INDICATOR"": ""PPI"", ""METHODOLOGY"": ""PPI"", ""OVERLAP"": ""OL"", ""REFERENCE_PERIOD"": ""2010=100"", ""SCALE"": ""0"", ""SECURITY_CLASSIFICATION"": ""PUB"", ""TYPE_OF_TRANSFORMATION"": ""IX""}}"
POL,producer_price_index_quarterly_imf,2023-Q4,quarterly,145.94190532617097,\N,derived,IMF_PPI,IMF|ACCESS_SHARING_LEVEL=PUBLIC_OPEN|FREQUENCY=M|IFS_FLAG=true|INDICATOR=PPI|METHODOLOGY=PPI|OVERLAP=OL|REFERENCE_PERIOD=2010=100|SCALE=0|SECURITY_CLASSIFICATION=PUB|TYPE_OF_TRANSFORMATION=IX|aggregation=quarterly_mean,\N,"{""aggregation_method"": ""quarterly_mean"", ""source_derivation_types"": [""O"", ""O"", ""O""], ""source_months"": [""2023-M10"", ""2023-M11"", ""2023-M12""], ""source_observation_count"": 3, ""source_series_dimensions"": {""ACCESS_SHARING_LEVEL"": ""PUBLIC_OPEN"", ""COUNTRY"": ""POL"", ""FREQUENCY"": ""M"", ""IFS_FLAG"": ""true"", ""INDICATOR"": ""PPI"", ""METHODOLOGY"": ""PPI"", ""OVERLAP"": ""OL"", ""REFERENCE_PERIOD"": ""2010=100"", ""SCALE"": ""0"", ""SECURITY_CLASSIFICATION"": ""PUB"", ""TYPE_OF_TRANSFORMATION"": ""IX""}}"
POL,producer_price_index_quarterly_imf,2024-Q1,quarterly,141.05942397026925,\N,derived,IMF_PPI,IMF|ACCESS_SHARING_LEVEL=PUBLIC_OPEN|FREQUENCY=M|IFS_FLAG=true|INDICATOR=PPI|METHODOLOGY=PPI|OVERLAP=OL|REFERENCE_PERIOD=2010=100|SCALE=0|SECURITY_CLASSIFICATION=PUB|TYPE_OF_TRANSFORMATION=IX|aggregation=quarterly_mean,\N,"{""aggregation_method"": ""quarterly_mean"", ""source_derivation_types"": [""O"", ""O"", ""O""], ""source_months"": [""2024-M01"", ""2024-M02"", ""2024-M03""], ""source_observation_count"": 3, ""source_series_dimensions"": {""ACCESS_SHARING_LEVEL"": ""PUBLIC_OPEN"", ""COUNTRY"": ""POL"", ""FREQUENCY"": ""M"", ""IFS_FLAG"": ""true"", ""INDICATOR"": ""PPI"", ""METHODOLOGY"": ""PPI"", ""OVERLAP"": ""OL"", ""REFERENCE_PERIOD"": ""2010=100"", ""SCALE"": ""0"", ""SECURITY_CLASSIFICATION"": ""PUB"", ""TYPE_OF_TRANSFORMATION"": ""IX""}}"
POL,producer_price_index_quarterly_imf,2024-Q2,quarterly,140.9793675434984,\N,derived,IMF_PPI,IMF|ACCESS_SHARING_LEVEL=PUBLIC_OPEN|FREQUENCY=M|IFS_FLAG=true|INDICATOR=PPI|METHODOLOGY=PPI|OVERLAP=OL|REFERENCE_PERIOD=2010=100|SCALE=0|SECURITY_CLASSIFICATION=PUB|TYPE_OF_TRANSFORMATION=IX|aggregation=quarterly_mean,\N,"{""aggregation_method"": ""quarterly_mean"", ""source_derivation_types"": [""O"", ""O"", ""O""], ""source_months"": [""2024-M04"", ""2024-M05"", ""2024-M06""], ""source_observation_count"": 3, ""source_series_dimensions"": {""ACCESS_SHARING_LEVEL"": ""PUBLIC_OPEN"", ""COUNTRY"": ""POL"", ""FREQUENCY"": ""M"", ""IFS_FLAG"": ""true"", ""INDICATOR"": ""PPI"", ""METHODOLOGY"": ""PPI"", ""OVERLAP"": ""OL"", ""REFERENCE_PERIOD"": ""2010=100"", ""SCALE"": ""0"", ""SECURITY_CLASSIFICATION"": ""PUB"", ""TYPE_OF_TRANSFORMATION"": ""IX""}}"
POL,producer_price_index_quarterly_imf,2024-Q3,quarterly,140.018690422248,\N,derived,IMF_PPI,IMF|ACCESS_SHARING_LEVEL=PUBLIC_OPEN|FREQUENCY=M|IFS_FLAG=true|INDICATOR=PPI|METHODOLOGY=PPI|OVERLAP=OL|REFERENCE_PERIOD=2010=100|SCALE=0|SECURITY_CLASSIFICATION=PUB|TYPE_OF_TRANSFORMATION=IX|aggregation=quarterly_mean,\N,"{""aggregation_method"": ""quarterly_mean"", ""source_derivation_types"": [""O"", ""O"", ""O""], ""source_months"": [""2024-M07"", ""2024-M08"", ""2024-M09""], ""source_observation_count"": 3, ""source_series_dimensions"": {""ACCESS_SHARING_LEVEL"": ""PUBLIC_OPEN"", ""COUNTRY"": ""POL"", ""FREQUENCY"": ""M"", ""IFS_FLAG"": ""true"", ""INDICATOR"": ""PPI"", ""METHODOLOGY"": ""PPI"", ""OVERLAP"": ""OL"", ""REFERENCE_PERIOD"": ""2010=100"", ""SCALE"": ""0"", ""SECURITY_CLASSIFICATION"": ""PUB"", ""TYPE_OF_TRANSFORMATION"": ""IX""}}"
POL,producer_price_index_quarterly_imf,2024-Q4,quarterly,140.2588597025606,\N,derived,IMF_PPI,IMF|ACCESS_SHARING_LEVEL=PUBLIC_OPEN|FREQUENCY=M|IFS_FLAG=true|INDICATOR=PPI|METHODOLOGY=PPI|OVERLAP=OL|REFERENCE_PERIOD=2010=100|SCALE=0|SECURITY_CLASSIFICATION=PUB|TYPE_OF_TRANSFORMATION=IX|aggregation=quarterly_mean,\N,"{""aggregation_method"": ""quarterly_mean"", ""source_derivation_types"": [""O"", ""O"", ""O""], ""source_months"": [""2024-M10"", ""2024-M11"", ""2024-M12""], ""source_observation_count"": 3, ""source_series_dimensions"": {""ACCESS_SHARING_LEVEL"": ""PUBLIC_OPEN"", ""COUNTRY"": ""POL"", ""FREQUENCY"": ""M"", ""IFS_FLAG"": ""true"", ""INDICATOR"": ""PPI"", ""METHODOLOGY"": ""PPI"", ""OVERLAP"": ""OL"", ""REFERENCE_PERIOD"": ""2010=100"", ""SCALE"": ""0"", ""SECURITY_CLASSIFICATION"": ""PUB"", ""TYPE_OF_TRANSFORMATION"": ""IX""}}"
PRT,producer_price_index_quarterly_imf,2020-Q1,quarterly,107.83567896538598,\N,derived,IMF_PPI,IMF|ACCESS_SHARING_LEVEL=PUBLIC_OPEN|FREQUENCY=M|IFS_FLAG=true|INDICATOR=PPI|METHODOLOGY=PPI|OVERLAP=OL|REFERENCE_PERIOD=2010=100|SCALE=0|SECURITY_CLASSIFICATION=PUB|TYPE_OF_TRANSFORMATION=IX|aggregation=quarterly_mean,\N,"{""aggregation_method"": ""quarterly_mean"", ""source_derivation_types"": [""O"", ""O"", ""O""], ""source_months"": [""2020-M01"", ""2020-M02"", ""2020-M03""], ""source_observation_count"": 3, ""source_series_dimensions"": {""ACCESS_SHARING_LEVEL"": ""PUBLIC_OPEN"", ""COUNTRY"": ""PRT"", ""FREQUENCY"": ""M"", ""IFS_FLAG"": ""true"", ""INDICATOR"": ""PPI"", ""METHODOLOGY"": ""PPI"", ""OVERLAP"": ""OL"", ""REFERENCE_PERIOD"": ""2010=100"", ""SCALE"": ""0"", ""SECURITY_CLASSIFICATION"": ""PUB"", ""TYPE_OF_TRANSFORMATION"": ""IX""}}"
PRT,producer_price_index_quarterly_imf,2020-Q2,quarterly,104.716622289844,\N,derived,IMF_PPI,IMF|ACCESS_SHARING_LEVEL=PUBLIC_OPEN|FREQUENCY=M|IFS_FLAG=true|INDICATOR=PPI|METHODOLOGY=PPI|OVERLAP=OL|REFERENCE_PERIOD=2010=100|SCALE=0|SECURITY_CLASSIFICATION=PUB|TYPE_OF_TRANSFORMATION=IX|aggregation=quarterly_mean,\N,"{""aggregation_method"": ""quarterly_mean"", ""source_derivation_types"": [""O"", ""O"", ""O""], ""source_months"": [""2020-M04"", ""2020-M05"", ""2020-M06""], ""source_observation_count"": 3, ""source_series_dimensions"": {""ACCESS_SHARING_LEVEL"": ""PUBLIC_OPEN"", ""COUNTRY"": ""PRT"", ""FREQUENCY"": ""M"", ""IFS_FLAG"": ""true"", ""INDICATOR"": ""PPI"", ""METHODOLOGY"": ""PPI"", ""OVERLAP"": ""OL"", ""REFERENCE_PERIOD"": ""2010=100"", ""SCALE"": ""0"", ""SECURITY_CLASSIFICATION"": ""PUB"", ""TYPE_OF_TRANSFORMATION"": ""IX""}}"
PRT,producer_price_index_quarterly_imf,2020-Q3,quarterly,105.40129326740198,\N,derived,IMF_PPI,IMF|ACCESS_SHARING_LEVEL=PUBLIC_OPEN|FREQUENCY=M|IFS_FLAG=true|INDICATOR=PPI|METHODOLOGY=PPI|OVERLAP=OL|REFERENCE_PERIOD=2010=100|SCALE=0|SECURITY_CLASSIFICATION=PUB|TYPE_OF_TRANSFORMATION=IX|aggregation=quarterly_mean,\N,"{""aggregation_method"": ""quarterly_mean"", ""source_derivation_types"": [""O"", ""O"", ""O""], ""source_months"": [""2020-M07"", ""2020-M08"", ""2020-M09""], ""source_observation_count"": 3, ""source_series_dimensions"": {""ACCESS_SHARING_LEVEL"": ""PUBLIC_OPEN"", ""COUNTRY"": ""PRT"", ""FREQUENCY"": ""M"", ""IFS_FLAG"": ""true"", ""INDICATOR"": ""PPI"", ""METHODOLOGY"": ""PPI"", ""OVERLAP"": ""OL"", ""REFERENCE_PERIOD"": ""2010=100"", ""SCALE"": ""0"", ""SECURITY_CLASSIFICATION"": ""PUB"", ""TYPE_OF_TRANSFORMATION"": ""IX""}}"
PRT,producer_price_index_quarterly_imf,2020-Q4,quarterly,105.32521871434,\N,derived,IMF_PPI,IMF|ACCESS_SHARING_LEVEL=PUBLIC_OPEN|FREQUENCY=M|IFS_FLAG=true|INDICATOR=PPI|METHODOLOGY=PPI|OVERLAP=OL|REFERENCE_PERIOD=2010=100|SCALE=0|SECURITY_CLASSIFICATION=PUB|TYPE_OF_TRANSFORMATION=IX|aggregation=quarterly_mean,\N,"{""aggregation_method"": ""quarterly_mean"", ""source_derivation_types"": [""O"", ""O"", ""O""], ""source_months"": [""2020-M10"", ""2020-M11"", ""2020-M12""], ""source_observation_count"": 3, ""source_series_dimensions"": {""ACCESS_SHARING_LEVEL"": ""PUBLIC_OPEN"", ""COUNTRY"": ""PRT"", ""FREQUENCY"": ""M"", ""IFS_FLAG"": ""true"", ""INDICATOR"": ""PPI"", ""METHODOLOGY"": ""PPI"", ""OVERLAP"": ""OL"", ""REFERENCE_PERIOD"": ""2010=100"", ""SCALE"": ""0"", ""SECURITY_CLASSIFICATION"": ""PUB"", ""TYPE_OF_TRANSFORMATION"": ""IX""}}"
PRT,producer_price_index_quarterly_imf,2021-Q1,quarterly,108.40623811335104,\N,derived,IMF_PPI,IMF|ACCESS_SHARING_LEVEL=PUBLIC_OPEN|FREQUENCY=M|IFS_FLAG=true|INDICATOR=PPI|METHODOLOGY=PPI|OVERLAP=OL|REFERENCE_PERIOD=2010=100|SCALE=0|SECURITY_CLASSIFICATION=PUB|TYPE_OF_TRANSFORMATION=IX|aggregation=quarterly_mean,\N,"{""aggregation_method"": ""quarterly_mean"", ""source_derivation_types"": [""O"", ""O"", ""O""], ""source_months"": [""2021-M01"", ""2021-M02"", ""2021-M03""], ""source_observation_count"": 3, ""source_series_dimensions"": {""ACCESS_SHARING_LEVEL"": ""PUBLIC_OPEN"", ""COUNTRY"": ""PRT"", ""FREQUENCY"": ""M"", ""IFS_FLAG"": ""true"", ""INDICATOR"": ""PPI"", ""METHODOLOGY"": ""PPI"", ""OVERLAP"": ""OL"", ""REFERENCE_PERIOD"": ""2010=100"", ""SCALE"": ""0"", ""SECURITY_CLASSIFICATION"": ""PUB"", ""TYPE_OF_TRANSFORMATION"": ""IX""}}"
PRT,producer_price_index_quarterly_imf,2021-Q2,quarterly,112.5142639786991,\N,derived,IMF_PPI,IMF|ACCESS_SHARING_LEVEL=PUBLIC_OPEN|FREQUENCY=M|IFS_FLAG=true|INDICATOR=PPI|METHODOLOGY=PPI|OVERLAP=OL|REFERENCE_PERIOD=2010=100|SCALE=0|SECURITY_CLASSIFICATION=PUB|TYPE_OF_TRANSFORMATION=IX|aggregation=quarterly_mean,\N,"{""aggregation_method"": ""quarterly_mean"", ""source_derivation_types"": [""O"", ""O"", ""O""], ""source_months"": [""2021-M04"", ""2021-M05"", ""2021-M06""], ""source_observation_count"": 3, ""source_series_dimensions"": {""ACCESS_SHARING_LEVEL"": ""PUBLIC_OPEN"", ""COUNTRY"": ""PRT"", ""FREQUENCY"": ""M"", ""IFS_FLAG"": ""true"", ""INDICATOR"": ""PPI"", ""METHODOLOGY"": ""PPI"", ""OVERLAP"": ""OL"", ""REFERENCE_PERIOD"": ""2010=100"", ""SCALE"": ""0"", ""SECURITY_CLASSIFICATION"": ""PUB"", ""TYPE_OF_TRANSFORMATION"": ""IX""}}"
PRT,producer_price_index_quarterly_imf,2021-Q3,quarterly,115.6333206542411,\N,derived,IMF_PPI,IMF|ACCESS_SHARING_LEVEL=PUBLIC_OPEN|FREQUENCY=M|IFS_FLAG=true|INDICATOR=PPI|METHODOLOGY=PPI|OVERLAP=OL|REFERENCE_PERIOD=2010=100|SCALE=0|SECURITY_CLASSIFICATION=PUB|TYPE_OF_TRANSFORMATION=IX|aggregation=quarterly_mean,\N,"{""aggregation_method"": ""quarterly_mean"", ""source_derivation_types"": [""O"", ""O"", ""O""], ""source_months"": [""2021-M07"", ""2021-M08"", ""2021-M09""], ""source_observation_count"": 3, ""source_series_dimensions"": {""ACCESS_SHARING_LEVEL"": ""PUBLIC_OPEN"", ""COUNTRY"": ""PRT"", ""FREQUENCY"": ""M"", ""IFS_FLAG"": ""true"", ""INDICATOR"": ""PPI"", ""METHODOLOGY"": ""PPI"", ""OVERLAP"": ""OL"", ""REFERENCE_PERIOD"": ""2010=100"", ""SCALE"": ""0"", ""SECURITY_CLASSIFICATION"": ""PUB"", ""TYPE_OF_TRANSFORMATION"": ""IX""}}"
PRT,producer_price_index_quarterly_imf,2021-Q4,quarterly,119.85545834918217,\N,derived,IMF_PPI,IMF|ACCESS_SHARING_LEVEL=PUBLIC_OPEN|FREQUENCY=M|IFS_FLAG=true|INDICATOR=PPI|METHODOLOGY=PPI|OVERLAP=OL|REFERENCE_PERIOD=2010=100|SCALE=0|SECURITY_CLASSIFICATION=PUB|TYPE_OF_TRANSFORMATION=IX|aggregation=quarterly_mean,\N,"{""aggregation_method"": ""quarterly_mean"", ""source_derivation_types"": [""O"", ""O"", ""O""], ""source_months"": [""2021-M10"", ""2021-M11"", ""2021-M12""], ""source_observation_count"": 3, ""source_series_dimensions"": {""ACCESS_SHARING_LEVEL"": ""PUBLIC_OPEN"", ""COUNTRY"": ""PRT"", ""FREQUENCY"": ""M"", ""IFS_FLAG"": ""true"", ""INDICATOR"": ""PPI"", ""METHODOLOGY"": ""PPI"", ""OVERLAP"": ""OL"", ""REFERENCE_PERIOD"": ""2010=100"", ""SCALE"": ""0"", ""SECURITY_CLASSIFICATION"": ""PUB"", ""TYPE_OF_TRANSFORMATION"": ""IX""}}"
PRT,producer_price_index_quarterly_imf,2022-Q1,quarterly,126.58805629516922,\N,derived,IMF_PPI,IMF|ACCESS_SHARING_LEVEL=PUBLIC_OPEN|FREQUENCY=M|IFS_FLAG=true|INDICATOR=PPI|METHODOLOGY=PPI|OVERLAP=OL|REFERENCE_PERIOD=2010=100|SCALE=0|SECURITY_CLASSIFICATION=PUB|TYPE_OF_TRANSFORMATION=IX|aggregation=quarterly_mean,\N,"{""aggregation_method"": ""quarterly_mean"", ""source_derivation_types"": [""O"", ""O"", ""O""], ""source_months"": [""2022-M01"", ""2022-M02"", ""2022-M03""], ""source_observation_count"": 3, ""source_series_dimensions"": {""ACCESS_SHARING_LEVEL"": ""PUBLIC_OPEN"", ""COUNTRY"": ""PRT"", ""FREQUENCY"": ""M"", ""IFS_FLAG"": ""true"", ""INDICATOR"": ""PPI"", ""METHODOLOGY"": ""PPI"", ""OVERLAP"": ""OL"", ""REFERENCE_PERIOD"": ""2010=100"", ""SCALE"": ""0"", ""SECURITY_CLASSIFICATION"": ""PUB"", ""TYPE_OF_TRANSFORMATION"": ""IX""}}"
PRT,producer_price_index_quarterly_imf,2022-Q2,quarterly,136.40167364016727,\N,derived,IMF_PPI,IMF|ACCESS_SHARING_LEVEL=PUBLIC_OPEN|FREQUENCY=M|IFS_FLAG=true|INDICATOR=PPI|METHODOLOGY=PPI|OVERLAP=OL|REFERENCE_PERIOD=2010=100|SCALE=0|SECURITY_CLASSIFICATION=PUB|TYPE_OF_TRANSFORMATION=IX|aggregation=quarterly_mean,\N,"{""aggregation_method"": ""quarterly_mean"", ""source_derivation_types"": [""O"", ""O"", ""O""], ""source_months"": [""2022-M04"", ""2022-M05"", ""2022-M06""], ""source_observation_count"": 3, ""source_series_dimensions"": {""ACCESS_SHARING_LEVEL"": ""PUBLIC_OPEN"", ""COUNTRY"": ""PRT"", ""FREQUENCY"": ""M"", ""IFS_FLAG"": ""true"", ""INDICATOR"": ""PPI"", ""METHODOLOGY"": ""PPI"", ""OVERLAP"": ""OL"", ""REFERENCE_PERIOD"": ""2010=100"", ""SCALE"": ""0"", ""SECURITY_CLASSIFICATION"": ""PUB"", ""TYPE_OF_TRANSFORMATION"": ""IX""}}"
PRT,producer_price_index_quarterly_imf,2022-Q3,quarterly,139.93914035755034,\N,derived,IMF_PPI,IMF|ACCESS_SHARING_LEVEL=PUBLIC_OPEN|FREQUENCY=M|IFS_FLAG=true|INDICATOR=PPI|METHODOLOGY=PPI|OVERLAP=OL|REFERENCE_PERIOD=2010=100|SCALE=0|SECURITY_CLASSIFICATION=PUB|TYPE_OF_TRANSFORMATION=IX|aggregation=quarterly_mean,\N,"{""aggregation_method"": ""quarterly_mean"", ""source_derivation_types"": [""O"", ""O"", ""O""], ""source_months"": [""2022-M07"", ""2022-M08"", ""2022-M09""], ""source_observation_count"": 3, ""source_series_dimensions"": {""ACCESS_SHARING_LEVEL"": ""PUBLIC_OPEN"", ""COUNTRY"": ""PRT"", ""FREQUENCY"": ""M"", ""IFS_FLAG"": ""true"", ""INDICATOR"": ""PPI"", ""METHODOLOGY"": ""PPI"", ""OVERLAP"": ""OL"", ""REFERENCE_PERIOD"": ""2010=100"", ""SCALE"": ""0"", ""SECURITY_CLASSIFICATION"": ""PUB"", ""TYPE_OF_TRANSFORMATION"": ""IX""}}"
PRT,producer_price_index_quarterly_imf,2022-Q4,quarterly,139.71091669836434,\N,derived,IMF_PPI,IMF|ACCESS_SHARING_LEVEL=PUBLIC_OPEN|FREQUENCY=M|IFS_FLAG=true|INDICATOR=PPI|METHODOLOGY=PPI|OVERLAP=OL|REFERENCE_PERIOD=2010=100|SCALE=0|SECURITY_CLASSIFICATION=PUB|TYPE_OF_TRANSFORMATION=IX|aggregation=quarterly_mean,\N,"{""aggregation_method"": ""quarterly_mean"", ""source_derivation_types"": [""O"", ""O"", ""O""], ""source_months"": [""2022-M10"", ""2022-M11"", ""2022-M12""], ""source_observation_count"": 3, ""source_series_dimensions"": {""ACCESS_SHARING_LEVEL"": ""PUBLIC_OPEN"", ""COUNTRY"": ""PRT"", ""FREQUENCY"": ""M"", ""IFS_FLAG"": ""true"", ""INDICATOR"": ""PPI"", ""METHODOLOGY"": ""PPI"", ""OVERLAP"": ""OL"", ""REFERENCE_PERIOD"": ""2010=100"", ""SCALE"": ""0"", ""SECURITY_CLASSIFICATION"": ""PUB"", ""TYPE_OF_TRANSFORMATION"": ""IX""}}"
PRT,producer_price_index_quarterly_imf,2023-Q1,quarterly,137.8851274248763,\N,derived,IMF_PPI,IMF|ACCESS_SHARING_LEVEL=PUBLIC_OPEN|FREQUENCY=M|IFS_FLAG=true|INDICATOR=PPI|METHODOLOGY=PPI|OVERLAP=OL|REFERENCE_PERIOD=2010=100|SCALE=0|SECURITY_CLASSIFICATION=PUB|TYPE_OF_TRANSFORMATION=IX|aggregation=quarterly_mean,\N,"{""aggregation_method"": ""quarterly_mean"", ""source_derivation_types"": [""O"", ""O"", ""O""], ""source_months"": [""2023-M01"", ""2023-M02"", ""2023-M03""], ""source_observation_count"": 3, ""source_series_dimensions"": {""ACCESS_SHARING_LEVEL"": ""PUBLIC_OPEN"", ""COUNTRY"": ""PRT"", ""FREQUENCY"": ""M"", ""IFS_FLAG"": ""true"", ""INDICATOR"": ""PPI"", ""METHODOLOGY"": ""PPI"", ""OVERLAP"": ""OL"", ""REFERENCE_PERIOD"": ""2010=100"", ""SCALE"": ""0"", ""SECURITY_CLASSIFICATION"": ""PUB"", ""TYPE_OF_TRANSFORMATION"": ""IX""}}"
PRT,producer_price_index_quarterly_imf,2023-Q2,quarterly,134.91821985545832,\N,derived,IMF_PPI,IMF|ACCESS_SHARING_LEVEL=PUBLIC_OPEN|FREQUENCY=M|IFS_FLAG=true|INDICATOR=PPI|METHODOLOGY=PPI|OVERLAP=OL|REFERENCE_PERIOD=2010=100|SCALE=0|SECURITY_CLASSIFICATION=PUB|TYPE_OF_TRANSFORMATION=IX|aggregation=quarterly_mean,\N,"{""aggregation_method"": ""quarterly_mean"", ""source_derivation_types"": [""O"", ""O"", ""O""], ""source_months"": [""2023-M04"", ""2023-M05"", ""2023-M06""], ""source_observation_count"": 3, ""source_series_dimensions"": {""ACCESS_SHARING_LEVEL"": ""PUBLIC_OPEN"", ""COUNTRY"": ""PRT"", ""FREQUENCY"": ""M"", ""IFS_FLAG"": ""true"", ""INDICATOR"": ""PPI"", ""METHODOLOGY"": ""PPI"", ""OVERLAP"": ""OL"", ""REFERENCE_PERIOD"": ""2010=100"", ""SCALE"": ""0"", ""SECURITY_CLASSIFICATION"": ""PUB"", ""TYPE_OF_TRANSFORMATION"": ""IX""}}"
PRT,producer_price_index_quarterly_imf,2023-Q3,quarterly,135.1844807911753,\N,derived,IMF_PPI,IMF|ACCESS_SHARING_LEVEL=PUBLIC_OPEN|FREQUENCY=M|IFS_FLAG=true|INDICATOR=PPI|METHODOLOGY=PPI|OVERLAP=OL|REFERENCE_PERIOD=2010=100|SCALE=0|SECURITY_CLASSIFICATION=PUB|TYPE_OF_TRANSFORMATION=IX|aggregation=quarterly_mean,\N,"{""aggregation_method"": ""quarterly_mean"", ""source_derivation_types"": [""O"", ""O"", ""O""], ""source_months"": [""2023-M07"", ""2023-M08"", ""2023-M09""], ""source_observation_count"": 3, ""source_series_dimensions"": {""ACCESS_SHARING_LEVEL"": ""PUBLIC_OPEN"", ""COUNTRY"": ""PRT"", ""FREQUENCY"": ""M"", ""IFS_FLAG"": ""true"", ""INDICATOR"": ""PPI"", ""METHODOLOGY"": ""PPI"", ""OVERLAP"": ""OL"", ""REFERENCE_PERIOD"": ""2010=100"", ""SCALE"": ""0"", ""SECURITY_CLASSIFICATION"": ""PUB"", ""TYPE_OF_TRANSFORMATION"": ""IX""}}"
PRT,producer_price_index_quarterly_imf,2023-Q4,quarterly,134.6899961962723,\N,derived,IMF_PPI,IMF|ACCESS_SHARING_LEVEL=PUBLIC_OPEN|FREQUENCY=M|IFS_FLAG=true|INDICATOR=PPI|METHODOLOGY=PPI|OVERLAP=OL|REFERENCE_PERIOD=2010=100|SCALE=0|SECURITY_CLASSIFICATION=PUB|TYPE_OF_TRANSFORMATION=IX|aggregation=quarterly_mean,\N,"{""aggregation_method"": ""quarterly_mean"", ""source_derivation_types"": [""O"", ""O"", ""O""], ""source_months"": [""2023-M10"", ""2023-M11"", ""2023-M12""], ""source_observation_count"": 3, ""source_series_dimensions"": {""ACCESS_SHARING_LEVEL"": ""PUBLIC_OPEN"", ""COUNTRY"": ""PRT"", ""FREQUENCY"": ""M"", ""IFS_FLAG"": ""true"", ""INDICATOR"": ""PPI"", ""METHODOLOGY"": ""PPI"", ""OVERLAP"": ""OL"", ""REFERENCE_PERIOD"": ""2010=100"", ""SCALE"": ""0"", ""SECURITY_CLASSIFICATION"": ""PUB"", ""TYPE_OF_TRANSFORMATION"": ""IX""}}"
PRT,producer_price_index_quarterly_imf,2024-Q1,quarterly,135.0703689615823,\N,derived,IMF_PPI,IMF|ACCESS_SHARING_LEVEL=PUBLIC_OPEN|FREQUENCY=M|IFS_FLAG=true|INDICATOR=PPI|METHODOLOGY=PPI|OVERLAP=OL|REFERENCE_PERIOD=2010=100|SCALE=0|SECURITY_CLASSIFICATION=PUB|TYPE_OF_TRANSFORMATION=IX|aggregation=quarterly_mean,\N,"{""aggregation_method"": ""quarterly_mean"", ""source_derivation_types"": [""O"", ""O"", ""O""], ""source_months"": [""2024-M01"", ""2024-M02"", ""2024-M03""], ""source_observation_count"": 3, ""source_series_dimensions"": {""ACCESS_SHARING_LEVEL"": ""PUBLIC_OPEN"", ""COUNTRY"": ""PRT"", ""FREQUENCY"": ""M"", ""IFS_FLAG"": ""true"", ""INDICATOR"": ""PPI"", ""METHODOLOGY"": ""PPI"", ""OVERLAP"": ""OL"", ""REFERENCE_PERIOD"": ""2010=100"", ""SCALE"": ""0"", ""SECURITY_CLASSIFICATION"": ""PUB"", ""TYPE_OF_TRANSFORMATION"": ""IX""}}"
PRT,producer_price_index_quarterly_imf,2024-Q2,quarterly,135.6789653860783,\N,derived,IMF_PPI,IMF|ACCESS_SHARING_LEVEL=PUBLIC_OPEN|FREQUENCY=M|IFS_FLAG=true|INDICATOR=PPI|METHODOLOGY=PPI|OVERLAP=OL|REFERENCE_PERIOD=2010=100|SCALE=0|SECURITY_CLASSIFICATION=PUB|TYPE_OF_TRANSFORMATION=IX|aggregation=quarterly_mean,\N,"{""aggregation_method"": ""quarterly_mean"", ""source_derivation_types"": [""O"", ""O"", ""O""], ""source_months"": [""2024-M04"", ""2024-M05"", ""2024-M06""], ""source_observation_count"": 3, ""source_series_dimensions"": {""ACCESS_SHARING_LEVEL"": ""PUBLIC_OPEN"", ""COUNTRY"": ""PRT"", ""FREQUENCY"": ""M"", ""IFS_FLAG"": ""true"", ""INDICATOR"": ""PPI"", ""METHODOLOGY"": ""PPI"", ""OVERLAP"": ""OL"", ""REFERENCE_PERIOD"": ""2010=100"", ""SCALE"": ""0"", ""SECURITY_CLASSIFICATION"": ""PUB"", ""TYPE_OF_TRANSFORMATION"": ""IX""}}"
PRT,producer_price_index_quarterly_imf,2024-Q3,quarterly,137.35260555344232,\N,derived,IMF_PPI,IMF|ACCESS_SHARING_LEVEL=PUBLIC_OPEN|FREQUENCY=M|IFS_FLAG=true|INDICATOR=PPI|METHODOLOGY=PPI|OVERLAP=OL|REFERENCE_PERIOD=2010=100|SCALE=0|SECURITY_CLASSIFICATION=PUB|TYPE_OF_TRANSFORMATION=IX|aggregation=quarterly_mean,\N,"{""aggregation_method"": ""quarterly_mean"", ""source_derivation_types"": [""O"", ""O"", ""O""], ""source_months"": [""2024-M07"", ""2024-M08"", ""2024-M09""], ""source_observation_count"": 3, ""source_series_dimensions"": {""ACCESS_SHARING_LEVEL"": ""PUBLIC_OPEN"", ""COUNTRY"": ""PRT"", ""FREQUENCY"": ""M"", ""IFS_FLAG"": ""true"", ""INDICATOR"": ""PPI"", ""METHODOLOGY"": ""PPI"", ""OVERLAP"": ""OL"", ""REFERENCE_PERIOD"": ""2010=100"", ""SCALE"": ""0"", ""SECURITY_CLASSIFICATION"": ""PUB"", ""TYPE_OF_TRANSFORMATION"": ""IX""}}"
PRT,producer_price_index_quarterly_imf,2024-Q4,quarterly,135.9832635983263,\N,derived,IMF_PPI,IMF|ACCESS_SHARING_LEVEL=PUBLIC_OPEN|FREQUENCY=M|IFS_FLAG=true|INDICATOR=PPI|METHODOLOGY=PPI|OVERLAP=OL|REFERENCE_PERIOD=2010=100|SCALE=0|SECURITY_CLASSIFICATION=PUB|TYPE_OF_TRANSFORMATION=IX|aggregation=quarterly_mean,\N,"{""aggregation_method"": ""quarterly_mean"", ""source_derivation_types"": [""O"", ""O"", ""O""], ""source_months"": [""2024-M10"", ""2024-M11"", ""2024-M12""], ""source_observation_count"": 3, ""source_series_dimensions"": {""ACCESS_SHARING_LEVEL"": ""PUBLIC_OPEN"", ""COUNTRY"": ""PRT"", ""FREQUENCY"": ""M"", ""IFS_FLAG"": ""true"", ""INDICATOR"": ""PPI"", ""METHODOLOGY"": ""PPI"", ""OVERLAP"": ""OL"", ""REFERENCE_PERIOD"": ""2010=100"", ""SCALE"": ""0"", ""SECURITY_CLASSIFICATION"": ""PUB"", ""TYPE_OF_TRANSFORMATION"": ""IX""}}"
PRY,producer_price_index_quarterly_imf,2020-Q1,quarterly,140.3986859787965,\N,derived,IMF_PPI,IMF|ACCESS_SHARING_LEVEL=PUBLIC_OPEN|FREQUENCY=M|IFS_FLAG=true|INDICATOR=PPI|METHODOLOGY=PPI|OVERLAP=OL|REFERENCE_PERIOD=2010=100|SCALE=0|SECURITY_CLASSIFICATION=PUB|TYPE_OF_TRANSFORMATION=IX|aggregation=quarterly_mean,\N,"{""aggregation_method"": ""quarterly_mean"", ""source_derivation_types"": [""O"", ""O"", ""O""], ""source_months"": [""2020-M01"", ""2020-M02"", ""2020-M03""], ""source_observation_count"": 3, ""source_series_dimensions"": {""ACCESS_SHARING_LEVEL"": ""PUBLIC_OPEN"", ""COUNTRY"": ""PRY"", ""FREQUENCY"": ""M"", ""IFS_FLAG"": ""true"", ""INDICATOR"": ""PPI"", ""METHODOLOGY"": ""PPI"", ""OVERLAP"": ""OL"", ""REFERENCE_PERIOD"": ""2010=100"", ""SCALE"": ""0"", ""SECURITY_CLASSIFICATION"": ""PUB"", ""TYPE_OF_TRANSFORMATION"": ""IX""}}"
PRY,producer_price_index_quarterly_imf,2020-Q2,quarterly,139.27878154397493,\N,derived,IMF_PPI,IMF|ACCESS_SHARING_LEVEL=PUBLIC_OPEN|FREQUENCY=M|IFS_FLAG=true|INDICATOR=PPI|METHODOLOGY=PPI|OVERLAP=OL|REFERENCE_PERIOD=2010=100|SCALE=0|SECURITY_CLASSIFICATION=PUB|TYPE_OF_TRANSFORMATION=IX|aggregation=quarterly_mean,\N,"{""aggregation_method"": ""quarterly_mean"", ""source_derivation_types"": [""O"", ""O"", ""O""], ""source_months"": [""2020-M04"", ""2020-M05"", ""2020-M06""], ""source_observation_count"": 3, ""source_series_dimensions"": {""ACCESS_SHARING_LEVEL"": ""PUBLIC_OPEN"", ""COUNTRY"": ""PRY"", ""FREQUENCY"": ""M"", ""IFS_FLAG"": ""true"", ""INDICATOR"": ""PPI"", ""METHODOLOGY"": ""PPI"", ""OVERLAP"": ""OL"", ""REFERENCE_PERIOD"": ""2010=100"", ""SCALE"": ""0"", ""SECURITY_CLASSIFICATION"": ""PUB"", ""TYPE_OF_TRANSFORMATION"": ""IX""}}"
PRY,producer_price_index_quarterly_imf,2020-Q3,quarterly,142.78781543974915,\N,derived,IMF_PPI,IMF|ACCESS_SHARING_LEVEL=PUBLIC_OPEN|FREQUENCY=M|IFS_FLAG=true|INDICATOR=PPI|METHODOLOGY=PPI|OVERLAP=OL|REFERENCE_PERIOD=2010=100|SCALE=0|SECURITY_CLASSIFICATION=PUB|TYPE_OF_TRANSFORMATION=IX|aggregation=quarterly_mean,\N,"{""aggregation_method"": ""quarterly_mean"", ""source_derivation_types"": [""O"", ""O"", ""O""], ""source_months"": [""2020-M07"", ""2020-M08"", ""2020-M09""], ""source_observation_count"": 3, ""source_series_dimensions"": {""ACCESS_SHARING_LEVEL"": ""PUBLIC_OPEN"", ""COUNTRY"": ""PRY"", ""FREQUENCY"": ""M"", ""IFS_FLAG"": ""true"", ""INDICATOR"": ""PPI"", ""METHODOLOGY"": ""PPI"", ""OVERLAP"": ""OL"", ""REFERENCE_PERIOD"": ""2010=100"", ""SCALE"": ""0"", ""SECURITY_CLASSIFICATION"": ""PUB"", ""TYPE_OF_TRANSFORMATION"": ""IX""}}"
PRY,producer_price_index_quarterly_imf,2020-Q4,quarterly,145.92354785724953,\N,derived,IMF_PPI,IMF|ACCESS_SHARING_LEVEL=PUBLIC_OPEN|FREQUENCY=M|IFS_FLAG=true|INDICATOR=PPI|METHODOLOGY=PPI|OVERLAP=OL|REFERENCE_PERIOD=2010=100|SCALE=0|SECURITY_CLASSIFICATION=PUB|TYPE_OF_TRANSFORMATION=IX|aggregation=quarterly_mean,\N,"{""aggregation_method"": ""quarterly_mean"", ""source_derivation_types"": [""O"", ""O"", ""O""], ""source_months"": [""2020-M10"", ""2020-M11"", ""2020-M12""], ""source_observation_count"": 3, ""source_series_dimensions"": {""ACCESS_SHARING_LEVEL"": ""PUBLIC_OPEN"", ""COUNTRY"": ""PRY"", ""FREQUENCY"": ""M"", ""IFS_FLAG"": ""true"", ""INDICATOR"": ""PPI"", ""METHODOLOGY"": ""PPI"", ""OVERLAP"": ""OL"", ""REFERENCE_PERIOD"": ""2010=100"", ""SCALE"": ""0"", ""SECURITY_CLASSIFICATION"": ""PUB"", ""TYPE_OF_TRANSFORMATION"": ""IX""}}"
PRY,producer_price_index_quarterly_imf,2021-Q1,quarterly,146.63282066596983,\N,derived,IMF_PPI,IMF|ACCESS_SHARING_LEVEL=PUBLIC_OPEN|FREQUENCY=M|IFS_FLAG=true|INDICATOR=PPI|METHODOLOGY=PPI|OVERLAP=OL|REFERENCE_PERIOD=2010=100|SCALE=0|SECURITY_CLASSIFICATION=PUB|TYPE_OF_TRANSFORMATION=IX|aggregation=quarterly_mean,\N,"{""aggregation_method"": ""quarterly_mean"", ""source_derivation_types"": [""O"", ""O"", ""O""], ""source_months"": [""2021-M01"", ""2021-M02"", ""2021-M03""], ""source_observation_count"": 3, ""source_series_dimensions"": {""ACCESS_SHARING_LEVEL"": ""PUBLIC_OPEN"", ""COUNTRY"": ""PRY"", ""FREQUENCY"": ""M"", ""IFS_FLAG"": ""true"", ""INDICATOR"": ""PPI"", ""METHODOLOGY"": ""PPI"", ""OVERLAP"": ""OL"", ""REFERENCE_PERIOD"": ""2010=100"", ""SCALE"": ""0"", ""SECURITY_CLASSIFICATION"": ""PUB"", ""TYPE_OF_TRANSFORMATION"": ""IX""}}"
PRY,producer_price_index_quarterly_imf,2021-Q2,quarterly,148.38733761385697,\N,derived,IMF_PPI,IMF|ACCESS_SHARING_LEVEL=PUBLIC_OPEN|FREQUENCY=M|IFS_FLAG=true|INDICATOR=PPI|METHODOLOGY=PPI|OVERLAP=OL|REFERENCE_PERIOD=2010=100|SCALE=0|SECURITY_CLASSIFICATION=PUB|TYPE_OF_TRANSFORMATION=IX|aggregation=quarterly_mean,\N,"{""aggregation_method"": ""quarterly_mean"", ""source_derivation_types"": [""O"", ""O"", ""O""], ""source_months"": [""2021-M04"", ""2021-M05"", ""2021-M06""], ""source_observation_count"": 3, ""source_series_dimensions"": {""ACCESS_SHARING_LEVEL"": ""PUBLIC_OPEN"", ""COUNTRY"": ""PRY"", ""FREQUENCY"": ""M"", ""IFS_FLAG"": ""true"", ""INDICATOR"": ""PPI"", ""METHODOLOGY"": ""PPI"", ""OVERLAP"": ""OL"", ""REFERENCE_PERIOD"": ""2010=100"", ""SCALE"": ""0"", ""SECURITY_CLASSIFICATION"": ""PUB"", ""TYPE_OF_TRANSFORMATION"": ""IX""}}"
PRY,producer_price_index_quarterly_imf,2021-Q3,quarterly,157.45856353591162,\N,derived,IMF_PPI,IMF|ACCESS_SHARING_LEVEL=PUBLIC_OPEN|FREQUENCY=M|IFS_FLAG=true|INDICATOR=PPI|METHODOLOGY=PPI|OVERLAP=OL|REFERENCE_PERIOD=2010=100|SCALE=0|SECURITY_CLASSIFICATION=PUB|TYPE_OF_TRANSFORMATION=IX|aggregation=quarterly_mean,\N,"{""aggregation_method"": ""quarterly_mean"", ""source_derivation_types"": [""O"", ""O"", ""O""], ""source_months"": [""2021-M07"", ""2021-M08"", ""2021-M09""], ""source_observation_count"": 3, ""source_series_dimensions"": {""ACCESS_SHARING_LEVEL"": ""PUBLIC_OPEN"", ""COUNTRY"": ""PRY"", ""FREQUENCY"": ""M"", ""IFS_FLAG"": ""true"", ""INDICATOR"": ""PPI"", ""METHODOLOGY"": ""PPI"", ""OVERLAP"": ""OL"", ""REFERENCE_PERIOD"": ""2010=100"", ""SCALE"": ""0"", ""SECURITY_CLASSIFICATION"": ""PUB"", ""TYPE_OF_TRANSFORMATION"": ""IX""}}"
PRY,producer_price_index_quarterly_imf,2021-Q4,quarterly,165.03658354487087,\N,derived,IMF_PPI,IMF|ACCESS_SHARING_LEVEL=PUBLIC_OPEN|FREQUENCY=M|IFS_FLAG=true|INDICATOR=PPI|METHODOLOGY=PPI|OVERLAP=OL|REFERENCE_PERIOD=2010=100|SCALE=0|SECURITY_CLASSIFICATION=PUB|TYPE_OF_TRANSFORMATION=IX|aggregation=quarterly_mean,\N,"{""aggregation_method"": ""quarterly_mean"", ""source_derivation_types"": [""O"", ""O"", ""O""], ""source_months"": [""2021-M10"", ""2021-M11"", ""2021-M12""], ""source_observation_count"": 3, ""source_series_dimensions"": {""ACCESS_SHARING_LEVEL"": ""PUBLIC_OPEN"", ""COUNTRY"": ""PRY"", ""FREQUENCY"": ""M"", ""IFS_FLAG"": ""true"", ""INDICATOR"": ""PPI"", ""METHODOLOGY"": ""PPI"", ""OVERLAP"": ""OL"", ""REFERENCE_PERIOD"": ""2010=100"", ""SCALE"": ""0"", ""SECURITY_CLASSIFICATION"": ""PUB"", ""TYPE_OF_TRANSFORMATION"": ""IX""}}"
PRY,producer_price_index_quarterly_imf,2022-Q1,quarterly,171.6066895624907,\N,derived,IMF_PPI,IMF|ACCESS_SHARING_LEVEL=PUBLIC_OPEN|FREQUENCY=M|IFS_FLAG=true|INDICATOR=PPI|METHODOLOGY=PPI|OVERLAP=OL|REFERENCE_PERIOD=2010=100|SCALE=0|SECURITY_CLASSIFICATION=PUB|TYPE_OF_TRANSFORMATION=IX|aggregation=quarterly_mean,\N,"{""aggregation_method"": ""quarterly_mean"", ""source_derivation_types"": [""O"", ""O"", ""O""], ""source_months"": [""2022-M01"", ""2022-M02"", ""2022-M03""], ""source_observation_count"": 3, ""source_series_dimensions"": {""ACCESS_SHARING_LEVEL"": ""PUBLIC_OPEN"", ""COUNTRY"": ""PRY"", ""FREQUENCY"": ""M"", ""IFS_FLAG"": ""true"", ""INDICATOR"": ""PPI"", ""METHODOLOGY"": ""PPI"", ""OVERLAP"": ""OL"", ""REFERENCE_PERIOD"": ""2010=100"", ""SCALE"": ""0"", ""SECURITY_CLASSIFICATION"": ""PUB"", ""TYPE_OF_TRANSFORMATION"": ""IX""}}"
PRY,producer_price_index_quarterly_imf,2022-Q2,quarterly,173.62251754516953,\N,derived,IMF_PPI,IMF|ACCESS_SHARING_LEVEL=PUBLIC_OPEN|FREQUENCY=M|IFS_FLAG=true|INDICATOR=PPI|METHODOLOGY=PPI|OVERLAP=OL|REFERENCE_PERIOD=2010=100|SCALE=0|SECURITY_CLASSIFICATION=PUB|TYPE_OF_TRANSFORMATION=IX|aggregation=quarterly_mean,\N,"{""aggregation_method"": ""quarterly_mean"", ""source_derivation_types"": [""O"", ""O"", ""O""], ""source_months"": [""2022-M04"", ""2022-M05"", ""2022-M06""], ""source_observation_count"": 3, ""source_series_dimensions"": {""ACCESS_SHARING_LEVEL"": ""PUBLIC_OPEN"", ""COUNTRY"": ""PRY"", ""FREQUENCY"": ""M"", ""IFS_FLAG"": ""true"", ""INDICATOR"": ""PPI"", ""METHODOLOGY"": ""PPI"", ""OVERLAP"": ""OL"", ""REFERENCE_PERIOD"": ""2010=100"", ""SCALE"": ""0"", ""SECURITY_CLASSIFICATION"": ""PUB"", ""TYPE_OF_TRANSFORMATION"": ""IX""}}"
PRY,producer_price_index_quarterly_imf,2022-Q3,quarterly,175.1903837539197,\N,derived,IMF_PPI,IMF|ACCESS_SHARING_LEVEL=PUBLIC_OPEN|FREQUENCY=M|IFS_FLAG=true|INDICATOR=PPI|METHODOLOGY=PPI|OVERLAP=OL|REFERENCE_PERIOD=2010=100|SCALE=0|SECURITY_CLASSIFICATION=PUB|TYPE_OF_TRANSFORMATION=IX|aggregation=quarterly_mean,\N,"{""aggregation_method"": ""quarterly_mean"", ""source_derivation_types"": [""O"", ""O"", ""O""], ""source_months"": [""2022-M07"", ""2022-M08"", ""2022-M09""], ""source_observation_count"": 3, ""source_series_dimensions"": {""ACCESS_SHARING_LEVEL"": ""PUBLIC_OPEN"", ""COUNTRY"": ""PRY"", ""FREQUENCY"": ""M"", ""IFS_FLAG"": ""true"", ""INDICATOR"": ""PPI"", ""METHODOLOGY"": ""PPI"", ""OVERLAP"": ""OL"", ""REFERENCE_PERIOD"": ""2010=100"", ""SCALE"": ""0"", ""SECURITY_CLASSIFICATION"": ""PUB"", ""TYPE_OF_TRANSFORMATION"": ""IX""}}"
PRY,producer_price_index_quarterly_imf,2022-Q4,quarterly,179.33403016275943,\N,derived,IMF_PPI,IMF|ACCESS_SHARING_LEVEL=PUBLIC_OPEN|FREQUENCY=M|IFS_FLAG=true|INDICATOR=PPI|METHODOLOGY=PPI|OVERLAP=OL|REFERENCE_PERIOD=2010=100|SCALE=0|SECURITY_CLASSIFICATION=PUB|TYPE_OF_TRANSFORMATION=IX|aggregation=quarterly_mean,\N,"{""aggregation_method"": ""quarterly_mean"", ""source_derivation_types"": [""O"", ""O"", ""O""], ""source_months"": [""2022-M10"", ""2022-M11"", ""2022-M12""], ""source_observation_count"": 3, ""source_series_dimensions"": {""ACCESS_SHARING_LEVEL"": ""PUBLIC_OPEN"", ""COUNTRY"": ""PRY"", ""FREQUENCY"": ""M"", ""IFS_FLAG"": ""true"", ""INDICATOR"": ""PPI"", ""METHODOLOGY"": ""PPI"", ""OVERLAP"": ""OL"", ""REFERENCE_PERIOD"": ""2010=100"", ""SCALE"": ""0"", ""SECURITY_CLASSIFICATION"": ""PUB"", ""TYPE_OF_TRANSFORMATION"": ""IX""}}"
PRY,producer_price_index_quarterly_imf,2023-Q1,quarterly,182.95505450201583,\N,derived,IMF_PPI,IMF|ACCESS_SHARING_LEVEL=PUBLIC_OPEN|FREQUENCY=M|IFS_FLAG=true|INDICATOR=PPI|METHODOLOGY=PPI|OVERLAP=OL|REFERENCE_PERIOD=2010=100|SCALE=0|SECURITY_CLASSIFICATION=PUB|TYPE_OF_TRANSFORMATION=IX|aggregation=quarterly_mean,\N,"{""aggregation_method"": ""quarterly_mean"", ""source_derivation_types"": [""O"", ""O"", ""O""], ""source_months"": [""2023-M01"", ""2023-M02"", ""2023-M03""], ""source_observation_count"": 3, ""source_series_dimensions"": {""ACCESS_SHARING_LEVEL"": ""PUBLIC_OPEN"", ""COUNTRY"": ""PRY"", ""FREQUENCY"": ""M"", ""IFS_FLAG"": ""true"", ""INDICATOR"": ""PPI"", ""METHODOLOGY"": ""PPI"", ""OVERLAP"": ""OL"", ""REFERENCE_PERIOD"": ""2010=100"", ""SCALE"": ""0"", ""SECURITY_CLASSIFICATION"": ""PUB"", ""TYPE_OF_TRANSFORMATION"": ""IX""}}"
ROU,producer_price_index_quarterly_imf,2020-Q1,quarterly,126.71846981470416,\N,derived,IMF_PPI,IMF|ACCESS_SHARING_LEVEL=PUBLIC_OPEN|FREQUENCY=M|IFS_FLAG=true|INDICATOR=PPI|METHODOLOGY=PPI|OVERLAP=OL|REFERENCE_PERIOD=2010=100|SCALE=0|SECURITY_CLASSIFICATION=PUB|TYPE_OF_TRANSFORMATION=IX|aggregation=quarterly_mean,\N,"{""aggregation_method"": ""quarterly_mean"", ""source_derivation_types"": [""O"", ""O"", ""O""], ""source_months"": [""2020-M01"", ""2020-M02"", ""2020-M03""], ""source_observation_count"": 3, ""source_series_dimensions"": {""ACCESS_SHARING_LEVEL"": ""PUBLIC_OPEN"", ""COUNTRY"": ""ROU"", ""FREQUENCY"": ""M"", ""IFS_FLAG"": ""true"", ""INDICATOR"": ""PPI"", ""METHODOLOGY"": ""PPI"", ""OVERLAP"": ""OL"", ""REFERENCE_PERIOD"": ""2010=100"", ""SCALE"": ""0"", ""SECURITY_CLASSIFICATION"": ""PUB"", ""TYPE_OF_TRANSFORMATION"": ""IX""}}"
ROU,producer_price_index_quarterly_imf,2020-Q2,quarterly,123.27555289898386,\N,derived,IMF_PPI,IMF|ACCESS_SHARING_LEVEL=PUBLIC_OPEN|FREQUENCY=M|IFS_FLAG=true|INDICATOR=PPI|METHODOLOGY=PPI|OVERLAP=OL|REFERENCE_PERIOD=2010=100|SCALE=0|SECURITY_CLASSIFICATION=PUB|TYPE_OF_TRANSFORMATION=IX|aggregation=quarterly_mean,\N,"{""aggregation_method"": ""quarterly_mean"", ""source_derivation_types"": [""O"", ""O"", ""O""], ""source_months"": [""2020-M04"", ""2020-M05"", ""2020-M06""], ""source_observation_count"": 3, ""source_series_dimensions"": {""ACCESS_SHARING_LEVEL"": ""PUBLIC_OPEN"", ""COUNTRY"": ""ROU"", ""FREQUENCY"": ""M"", ""IFS_FLAG"": ""true"", ""INDICATOR"": ""PPI"", ""METHODOLOGY"": ""PPI"", ""OVERLAP"": ""OL"", ""REFERENCE_PERIOD"": ""2010=100"", ""SCALE"": ""0"", ""SECURITY_CLASSIFICATION"": ""PUB"", ""TYPE_OF_TRANSFORMATION"": ""IX""}}"
ROU,producer_price_index_quarterly_imf,2020-Q3,quarterly,124.13628212791393,\N,derived,IMF_PPI,IMF|ACCESS_SHARING_LEVEL=PUBLIC_OPEN|FREQUENCY=M|IFS_FLAG=true|INDICATOR=PPI|METHODOLOGY=PPI|OVERLAP=OL|REFERENCE_PERIOD=2010=100|SCALE=0|SECURITY_CLASSIFICATION=PUB|TYPE_OF_TRANSFORMATION=IX|aggregation=quarterly_mean,\N,"{""aggregation_method"": ""quarterly_mean"", ""source_derivation_types"": [""O"", ""O"", ""O""], ""source_months"": [""2020-M07"", ""2020-M08"", ""2020-M09""], ""source_observation_count"": 3, ""source_series_dimensions"": {""ACCESS_SHARING_LEVEL"": ""PUBLIC_OPEN"", ""COUNTRY"": ""ROU"", ""FREQUENCY"": ""M"", ""IFS_FLAG"": ""true"", ""INDICATOR"": ""PPI"", ""METHODOLOGY"": ""PPI"", ""OVERLAP"": ""OL"", ""REFERENCE_PERIOD"": ""2010=100"", ""SCALE"": ""0"", ""SECURITY_CLASSIFICATION"": ""PUB"", ""TYPE_OF_TRANSFORMATION"": ""IX""}}"
ROU,producer_price_index_quarterly_imf,2020-Q4,quarterly,125.3317393903168,\N,derived,IMF_PPI,IMF|ACCESS_SHARING_LEVEL=PUBLIC_OPEN|FREQUENCY=M|IFS_FLAG=true|INDICATOR=PPI|METHODOLOGY=PPI|OVERLAP=OL|REFERENCE_PERIOD=2010=100|SCALE=0|SECURITY_CLASSIFICATION=PUB|TYPE_OF_TRANSFORMATION=IX|aggregation=quarterly_mean,\N,"{""aggregation_method"": ""quarterly_mean"", ""source_derivation_types"": [""O"", ""O"", ""O""], ""source_months"": [""2020-M10"", ""2020-M11"", ""2020-M12""], ""source_observation_count"": 3, ""source_series_dimensions"": {""ACCESS_SHARING_LEVEL"": ""PUBLIC_OPEN"", ""COUNTRY"": ""ROU"", ""FREQUENCY"": ""M"", ""IFS_FLAG"": ""true"", ""INDICATOR"": ""PPI"", ""METHODOLOGY"": ""PPI"", ""OVERLAP"": ""OL"", ""REFERENCE_PERIOD"": ""2010=100"", ""SCALE"": ""0"", ""SECURITY_CLASSIFICATION"": ""PUB"", ""TYPE_OF_TRANSFORMATION"": ""IX""}}"
ROU,producer_price_index_quarterly_imf,2021-Q1,quarterly,130.68738792588167,\N,derived,IMF_PPI,IMF|ACCESS_SHARING_LEVEL=PUBLIC_OPEN|FREQUENCY=M|IFS_FLAG=true|INDICATOR=PPI|METHODOLOGY=PPI|OVERLAP=OL|REFERENCE_PERIOD=2010=100|SCALE=0|SECURITY_CLASSIFICATION=PUB|TYPE_OF_TRANSFORMATION=IX|aggregation=quarterly_mean,\N,"{""aggregation_method"": ""quarterly_mean"", ""source_derivation_types"": [""O"", ""O"", ""O""], ""source_months"": [""2021-M01"", ""2021-M02"", ""2021-M03""], ""source_observation_count"": 3, ""source_series_dimensions"": {""ACCESS_SHARING_LEVEL"": ""PUBLIC_OPEN"", ""COUNTRY"": ""ROU"", ""FREQUENCY"": ""M"", ""IFS_FLAG"": ""true"", ""INDICATOR"": ""PPI"", ""METHODOLOGY"": ""PPI"", ""OVERLAP"": ""OL"", ""REFERENCE_PERIOD"": ""2010=100"", ""SCALE"": ""0"", ""SECURITY_CLASSIFICATION"": ""PUB"", ""TYPE_OF_TRANSFORMATION"": ""IX""}}"
ROU,producer_price_index_quarterly_imf,2021-Q2,quarterly,136.37776449491932,\N,derived,IMF_PPI,IMF|ACCESS_SHARING_LEVEL=PUBLIC_OPEN|FREQUENCY=M|IFS_FLAG=true|INDICATOR=PPI|METHODOLOGY=PPI|OVERLAP=OL|REFERENCE_PERIOD=2010=100|SCALE=0|SECURITY_CLASSIFICATION=PUB|TYPE_OF_TRANSFORMATION=IX|aggregation=quarterly_mean,\N,"{""aggregation_method"": ""quarterly_mean"", ""source_derivation_types"": [""O"", ""O"", ""O""], ""source_months"": [""2021-M04"", ""2021-M05"", ""2021-M06""], ""source_observation_count"": 3, ""source_series_dimensions"": {""ACCESS_SHARING_LEVEL"": ""PUBLIC_OPEN"", ""COUNTRY"": ""ROU"", ""FREQUENCY"": ""M"", ""IFS_FLAG"": ""true"", ""INDICATOR"": ""PPI"", ""METHODOLOGY"": ""PPI"", ""OVERLAP"": ""OL"", ""REFERENCE_PERIOD"": ""2010=100"", ""SCALE"": ""0"", ""SECURITY_CLASSIFICATION"": ""PUB"", ""TYPE_OF_TRANSFORMATION"": ""IX""}}"
ROU,producer_price_index_quarterly_imf,2021-Q3,quarterly,144.36341900777046,\N,derived,IMF_PPI,IMF|ACCESS_SHARING_LEVEL=PUBLIC_OPEN|FREQUENCY=M|IFS_FLAG=true|INDICATOR=PPI|METHODOLOGY=PPI|OVERLAP=OL|REFERENCE_PERIOD=2010=100|SCALE=0|SECURITY_CLASSIFICATION=PUB|TYPE_OF_TRANSFORMATION=IX|aggregation=quarterly_mean,\N,"{""aggregation_method"": ""quarterly_mean"", ""source_derivation_types"": [""O"", ""O"", ""O""], ""source_months"": [""2021-M07"", ""2021-M08"", ""2021-M09""], ""source_observation_count"": 3, ""source_series_dimensions"": {""ACCESS_SHARING_LEVEL"": ""PUBLIC_OPEN"", ""COUNTRY"": ""ROU"", ""FREQUENCY"": ""M"", ""IFS_FLAG"": ""true"", ""INDICATOR"": ""PPI"", ""METHODOLOGY"": ""PPI"", ""OVERLAP"": ""OL"", ""REFERENCE_PERIOD"": ""2010=100"", ""SCALE"": ""0"", ""SECURITY_CLASSIFICATION"": ""PUB"", ""TYPE_OF_TRANSFORMATION"": ""IX""}}"
ROU,producer_price_index_quarterly_imf,2021-Q4,quarterly,162.39091452480577,\N,derived,IMF_PPI,IMF|ACCESS_SHARING_LEVEL=PUBLIC_OPEN|FREQUENCY=M|IFS_FLAG=true|INDICATOR=PPI|METHODOLOGY=PPI|OVERLAP=OL|REFERENCE_PERIOD=2010=100|SCALE=0|SECURITY_CLASSIFICATION=PUB|TYPE_OF_TRANSFORMATION=IX|aggregation=quarterly_mean,\N,"{""aggregation_method"": ""quarterly_mean"", ""source_derivation_types"": [""O"", ""O"", ""O""], ""source_months"": [""2021-M10"", ""2021-M11"", ""2021-M12""], ""source_observation_count"": 3, ""source_series_dimensions"": {""ACCESS_SHARING_LEVEL"": ""PUBLIC_OPEN"", ""COUNTRY"": ""ROU"", ""FREQUENCY"": ""M"", ""IFS_FLAG"": ""true"", ""INDICATOR"": ""PPI"", ""METHODOLOGY"": ""PPI"", ""OVERLAP"": ""OL"", ""REFERENCE_PERIOD"": ""2010=100"", ""SCALE"": ""0"", ""SECURITY_CLASSIFICATION"": ""PUB"", ""TYPE_OF_TRANSFORMATION"": ""IX""}}"
ROU,producer_price_index_quarterly_imf,2022-Q1,quarterly,187.49551703526603,\N,derived,IMF_PPI,IMF|ACCESS_SHARING_LEVEL=PUBLIC_OPEN|FREQUENCY=M|IFS_FLAG=true|INDICATOR=PPI|METHODOLOGY=PPI|OVERLAP=OL|REFERENCE_PERIOD=2010=100|SCALE=0|SECURITY_CLASSIFICATION=PUB|TYPE_OF_TRANSFORMATION=IX|aggregation=quarterly_mean,\N,"{""aggregation_method"": ""quarterly_mean"", ""source_derivation_types"": [""O"", ""O"", ""O""], ""source_months"": [""2022-M01"", ""2022-M02"", ""2022-M03""], ""source_observation_count"": 3, ""source_series_dimensions"": {""ACCESS_SHARING_LEVEL"": ""PUBLIC_OPEN"", ""COUNTRY"": ""ROU"", ""FREQUENCY"": ""M"", ""IFS_FLAG"": ""true"", ""INDICATOR"": ""PPI"", ""METHODOLOGY"": ""PPI"", ""OVERLAP"": ""OL"", ""REFERENCE_PERIOD"": ""2010=100"", ""SCALE"": ""0"", ""SECURITY_CLASSIFICATION"": ""PUB"", ""TYPE_OF_TRANSFORMATION"": ""IX""}}"
ROU,producer_price_index_quarterly_imf,2022-Q2,quarterly,196.82008368200835,\N,derived,IMF_PPI,IMF|ACCESS_SHARING_LEVEL=PUBLIC_OPEN|FREQUENCY=M|IFS_FLAG=true|INDICATOR=PPI|METHODOLOGY=PPI|OVERLAP=OL|REFERENCE_PERIOD=2010=100|SCALE=0|SECURITY_CLASSIFICATION=PUB|TYPE_OF_TRANSFORMATION=IX|aggregation=quarterly_mean,\N,"{""aggregation_method"": ""quarterly_mean"", ""source_derivation_types"": [""O"", ""O"", ""O""], ""source_months"": [""2022-M04"", ""2022-M05"", ""2022-M06""], ""source_observation_count"": 3, ""source_series_dimensions"": {""ACCESS_SHARING_LEVEL"": ""PUBLIC_OPEN"", ""COUNTRY"": ""ROU"", ""FREQUENCY"": ""M"", ""IFS_FLAG"": ""true"", ""INDICATOR"": ""PPI"", ""METHODOLOGY"": ""PPI"", ""OVERLAP"": ""OL"", ""REFERENCE_PERIOD"": ""2010=100"", ""SCALE"": ""0"", ""SECURITY_CLASSIFICATION"": ""PUB"", ""TYPE_OF_TRANSFORMATION"": ""IX""}}"
ROU,producer_price_index_quarterly_imf,2022-Q3,quarterly,215.18230723251645,\N,derived,IMF_PPI,IMF|ACCESS_SHARING_LEVEL=PUBLIC_OPEN|FREQUENCY=M|IFS_FLAG=true|INDICATOR=PPI|METHODOLOGY=PPI|OVERLAP=OL|REFERENCE_PERIOD=2010=100|SCALE=0|SECURITY_CLASSIFICATION=PUB|TYPE_OF_TRANSFORMATION=IX|aggregation=quarterly_mean,\N,"{""aggregation_method"": ""quarterly_mean"", ""source_derivation_types"": [""O"", ""O"", ""O""], ""source_months"": [""2022-M07"", ""2022-M08"", ""2022-M09""], ""source_observation_count"": 3, ""source_series_dimensions"": {""ACCESS_SHARING_LEVEL"": ""PUBLIC_OPEN"", ""COUNTRY"": ""ROU"", ""FREQUENCY"": ""M"", ""IFS_FLAG"": ""true"", ""INDICATOR"": ""PPI"", ""METHODOLOGY"": ""PPI"", ""OVERLAP"": ""OL"", ""REFERENCE_PERIOD"": ""2010=100"", ""SCALE"": ""0"", ""SECURITY_CLASSIFICATION"": ""PUB"", ""TYPE_OF_TRANSFORMATION"": ""IX""}}"
ROU,producer_price_index_quarterly_imf,2022-Q4,quarterly,224.65032875074715,\N,derived,IMF_PPI,IMF|ACCESS_SHARING_LEVEL=PUBLIC_OPEN|FREQUENCY=M|IFS_FLAG=true|INDICATOR=PPI|METHODOLOGY=PPI|OVERLAP=OL|REFERENCE_PERIOD=2010=100|SCALE=0|SECURITY_CLASSIFICATION=PUB|TYPE_OF_TRANSFORMATION=IX|aggregation=quarterly_mean,\N,"{""aggregation_method"": ""quarterly_mean"", ""source_derivation_types"": [""O"", ""O"", ""O""], ""source_months"": [""2022-M10"", ""2022-M11"", ""2022-M12""], ""source_observation_count"": 3, ""source_series_dimensions"": {""ACCESS_SHARING_LEVEL"": ""PUBLIC_OPEN"", ""COUNTRY"": ""ROU"", ""FREQUENCY"": ""M"", ""IFS_FLAG"": ""true"", ""INDICATOR"": ""PPI"", ""METHODOLOGY"": ""PPI"", ""OVERLAP"": ""OL"", ""REFERENCE_PERIOD"": ""2010=100"", ""SCALE"": ""0"", ""SECURITY_CLASSIFICATION"": ""PUB"", ""TYPE_OF_TRANSFORMATION"": ""IX""}}"
ROU,producer_price_index_quarterly_imf,2023-Q1,quarterly,226.0848774656306,\N,derived,IMF_PPI,IMF|ACCESS_SHARING_LEVEL=PUBLIC_OPEN|FREQUENCY=M|IFS_FLAG=true|INDICATOR=PPI|METHODOLOGY=PPI|OVERLAP=OL|REFERENCE_PERIOD=2010=100|SCALE=0|SECURITY_CLASSIFICATION=PUB|TYPE_OF_TRANSFORMATION=IX|aggregation=quarterly_mean,\N,"{""aggregation_method"": ""quarterly_mean"", ""source_derivation_types"": [""O"", ""O"", ""O""], ""source_months"": [""2023-M01"", ""2023-M02"", ""2023-M03""], ""source_observation_count"": 3, ""source_series_dimensions"": {""ACCESS_SHARING_LEVEL"": ""PUBLIC_OPEN"", ""COUNTRY"": ""ROU"", ""FREQUENCY"": ""M"", ""IFS_FLAG"": ""true"", ""INDICATOR"": ""PPI"", ""METHODOLOGY"": ""PPI"", ""OVERLAP"": ""OL"", ""REFERENCE_PERIOD"": ""2010=100"", ""SCALE"": ""0"", ""SECURITY_CLASSIFICATION"": ""PUB"", ""TYPE_OF_TRANSFORMATION"": ""IX""}}"
ROU,producer_price_index_quarterly_imf,2023-Q2,quarterly,212.21757322175733,\N,derived,IMF_PPI,IMF|ACCESS_SHARING_LEVEL=PUBLIC_OPEN|FREQUENCY=M|IFS_FLAG=true|INDICATOR=PPI|METHODOLOGY=PPI|OVERLAP=OL|REFERENCE_PERIOD=2010=100|SCALE=0|SECURITY_CLASSIFICATION=PUB|TYPE_OF_TRANSFORMATION=IX|aggregation=quarterly_mean,\N,"{""aggregation_method"": ""quarterly_mean"", ""source_derivation_types"": [""O"", ""O"", ""O""], ""source_months"": [""2023-M04"", ""2023-M05"", ""2023-M06""], ""source_observation_count"": 3, ""source_series_dimensions"": {""ACCESS_SHARING_LEVEL"": ""PUBLIC_OPEN"", ""COUNTRY"": ""ROU"", ""FREQUENCY"": ""M"", ""IFS_FLAG"": ""true"", ""INDICATOR"": ""PPI"", ""METHODOLOGY"": ""PPI"", ""OVERLAP"": ""OL"", ""REFERENCE_PERIOD"": ""2010=100"", ""SCALE"": ""0"", ""SECURITY_CLASSIFICATION"": ""PUB"", ""TYPE_OF_TRANSFORMATION"": ""IX""}}"
ROU,producer_price_index_quarterly_imf,2023-Q3,quarterly,210.20920502092054,\N,derived,IMF_PPI,IMF|ACCESS_SHARING_LEVEL=PUBLIC_OPEN|FREQUENCY=M|IFS_FLAG=true|INDICATOR=PPI|METHODOLOGY=PPI|OVERLAP=OL|REFERENCE_PERIOD=2010=100|SCALE=0|SECURITY_CLASSIFICATION=PUB|TYPE_OF_TRANSFORMATION=IX|aggregation=quarterly_mean,\N,"{""aggregation_method"": ""quarterly_mean"", ""source_derivation_types"": [""O"", ""O"", ""O""], ""source_months"": [""2023-M07"", ""2023-M08"", ""2023-M09""], ""source_observation_count"": 3, ""source_series_dimensions"": {""ACCESS_SHARING_LEVEL"": ""PUBLIC_OPEN"", ""COUNTRY"": ""ROU"", ""FREQUENCY"": ""M"", ""IFS_FLAG"": ""true"", ""INDICATOR"": ""PPI"", ""METHODOLOGY"": ""PPI"", ""OVERLAP"": ""OL"", ""REFERENCE_PERIOD"": ""2010=100"", ""SCALE"": ""0"", ""SECURITY_CLASSIFICATION"": ""PUB"", ""TYPE_OF_TRANSFORMATION"": ""IX""}}"
ROU,producer_price_index_quarterly_imf,2023-Q4,quarterly,213.93903167961744,\N,derived,IMF_PPI,IMF|ACCESS_SHARING_LEVEL=PUBLIC_OPEN|FREQUENCY=M|IFS_FLAG=true|INDICATOR=PPI|METHODOLOGY=PPI|OVERLAP=OL|REFERENCE_PERIOD=2010=100|SCALE=0|SECURITY_CLASSIFICATION=PUB|TYPE_OF_TRANSFORMATION=IX|aggregation=quarterly_mean,\N,"{""aggregation_method"": ""quarterly_mean"", ""source_derivation_types"": [""O"", ""O"", ""O""], ""source_months"": [""2023-M10"", ""2023-M11"", ""2023-M12""], ""source_observation_count"": 3, ""source_series_dimensions"": {""ACCESS_SHARING_LEVEL"": ""PUBLIC_OPEN"", ""COUNTRY"": ""ROU"", ""FREQUENCY"": ""M"", ""IFS_FLAG"": ""true"", ""INDICATOR"": ""PPI"", ""METHODOLOGY"": ""PPI"", ""OVERLAP"": ""OL"", ""REFERENCE_PERIOD"": ""2010=100"", ""SCALE"": ""0"", ""SECURITY_CLASSIFICATION"": ""PUB"", ""TYPE_OF_TRANSFORMATION"": ""IX""}}"
ROU,producer_price_index_quarterly_imf,2024-Q1,quarterly,210.83084279736997,\N,derived,IMF_PPI,IMF|ACCESS_SHARING_LEVEL=PUBLIC_OPEN|FREQUENCY=M|IFS_FLAG=true|INDICATOR=PPI|METHODOLOGY=PPI|OVERLAP=OL|REFERENCE_PERIOD=2010=100|SCALE=0|SECURITY_CLASSIFICATION=PUB|TYPE_OF_TRANSFORMATION=IX|aggregation=quarterly_mean,\N,"{""aggregation_method"": ""quarterly_mean"", ""source_derivation_types"": [""O"", ""O"", ""O""], ""source_months"": [""2024-M01"", ""2024-M02"", ""2024-M03""], ""source_observation_count"": 3, ""source_series_dimensions"": {""ACCESS_SHARING_LEVEL"": ""PUBLIC_OPEN"", ""COUNTRY"": ""ROU"", ""FREQUENCY"": ""M"", ""IFS_FLAG"": ""true"", ""INDICATOR"": ""PPI"", ""METHODOLOGY"": ""PPI"", ""OVERLAP"": ""OL"", ""REFERENCE_PERIOD"": ""2010=100"", ""SCALE"": ""0"", ""SECURITY_CLASSIFICATION"": ""PUB"", ""TYPE_OF_TRANSFORMATION"": ""IX""}}"
ROU,producer_price_index_quarterly_imf,2024-Q2,quarterly,209.39629408248652,\N,derived,IMF_PPI,IMF|ACCESS_SHARING_LEVEL=PUBLIC_OPEN|FREQUENCY=M|IFS_FLAG=true|INDICATOR=PPI|METHODOLOGY=PPI|OVERLAP=OL|REFERENCE_PERIOD=2010=100|SCALE=0|SECURITY_CLASSIFICATION=PUB|TYPE_OF_TRANSFORMATION=IX|aggregation=quarterly_mean,\N,"{""aggregation_method"": ""quarterly_mean"", ""source_derivation_types"": [""O"", ""O"", ""O""], ""source_months"": [""2024-M04"", ""2024-M05"", ""2024-M06""], ""source_observation_count"": 3, ""source_series_dimensions"": {""ACCESS_SHARING_LEVEL"": ""PUBLIC_OPEN"", ""COUNTRY"": ""ROU"", ""FREQUENCY"": ""M"", ""IFS_FLAG"": ""true"", ""INDICATOR"": ""PPI"", ""METHODOLOGY"": ""PPI"", ""OVERLAP"": ""OL"", ""REFERENCE_PERIOD"": ""2010=100"", ""SCALE"": ""0"", ""SECURITY_CLASSIFICATION"": ""PUB"", ""TYPE_OF_TRANSFORMATION"": ""IX""}}"
ROU,producer_price_index_quarterly_imf,2024-Q3,quarterly,212.4088463837418,\N,derived,IMF_PPI,IMF|ACCESS_SHARING_LEVEL=PUBLIC_OPEN|FREQUENCY=M|IFS_FLAG=true|INDICATOR=PPI|METHODOLOGY=PPI|OVERLAP=OL|REFERENCE_PERIOD=2010=100|SCALE=0|SECURITY_CLASSIFICATION=PUB|TYPE_OF_TRANSFORMATION=IX|aggregation=quarterly_mean,\N,"{""aggregation_method"": ""quarterly_mean"", ""source_derivation_types"": [""O"", ""O"", ""O""], ""source_months"": [""2024-M07"", ""2024-M08"", ""2024-M09""], ""source_observation_count"": 3, ""source_series_dimensions"": {""ACCESS_SHARING_LEVEL"": ""PUBLIC_OPEN"", ""COUNTRY"": ""ROU"", ""FREQUENCY"": ""M"", ""IFS_FLAG"": ""true"", ""INDICATOR"": ""PPI"", ""METHODOLOGY"": ""PPI"", ""OVERLAP"": ""OL"", ""REFERENCE_PERIOD"": ""2010=100"", ""SCALE"": ""0"", ""SECURITY_CLASSIFICATION"": ""PUB"", ""TYPE_OF_TRANSFORMATION"": ""IX""}}"
ROU,producer_price_index_quarterly_imf,2024-Q4,quarterly,210.97429766885838,\N,derived,IMF_PPI,IMF|ACCESS_SHARING_LEVEL=PUBLIC_OPEN|FREQUENCY=M|IFS_FLAG=true|INDICATOR=PPI|METHODOLOGY=PPI|OVERLAP=OL|REFERENCE_PERIOD=2010=100|SCALE=0|SECURITY_CLASSIFICATION=PUB|TYPE_OF_TRANSFORMATION=IX|aggregation=quarterly_mean,\N,"{""aggregation_method"": ""quarterly_mean"", ""source_derivation_types"": [""O"", ""O"", ""O""], ""source_months"": [""2024-M10"", ""2024-M11"", ""2024-M12""], ""source_observation_count"": 3, ""source_series_dimensions"": {""ACCESS_SHARING_LEVEL"": ""PUBLIC_OPEN"", ""COUNTRY"": ""ROU"", ""FREQUENCY"": ""M"", ""IFS_FLAG"": ""true"", ""INDICATOR"": ""PPI"", ""METHODOLOGY"": ""PPI"", ""OVERLAP"": ""OL"", ""REFERENCE_PERIOD"": ""2010=100"", ""SCALE"": ""0"", ""SECURITY_CLASSIFICATION"": ""PUB"", ""TYPE_OF_TRANSFORMATION"": ""IX""}}"
RUS,producer_price_index_quarterly_imf,2020-Q1,quarterly,196.38985113674605,\N,derived,IMF_PPI,IMF|ACCESS_SHARING_LEVEL=PUBLIC_OPEN|FREQUENCY=M|IFS_FLAG=true|INDICATOR=PPI|METHODOLOGY=PPI|OVERLAP=OL|REFERENCE_PERIOD=2010=100|SCALE=0|SECURITY_CLASSIFICATION=PUB|TYPE_OF_TRANSFORMATION=IX|aggregation=quarterly_mean,\N,"{""aggregation_method"": ""quarterly_mean"", ""source_derivation_types"": [""O"", ""O"", ""O""], ""source_months"": [""2020-M01"", ""2020-M02"", ""2020-M03""], ""source_observation_count"": 3, ""source_series_dimensions"": {""ACCESS_SHARING_LEVEL"": ""PUBLIC_OPEN"", ""COUNTRY"": ""RUS"", ""FREQUENCY"": ""M"", ""IFS_FLAG"": ""true"", ""INDICATOR"": ""PPI"", ""METHODOLOGY"": ""PPI"", ""OVERLAP"": ""OL"", ""REFERENCE_PERIOD"": ""2010=100"", ""SCALE"": ""0"", ""SECURITY_CLASSIFICATION"": ""PUB"", ""TYPE_OF_TRANSFORMATION"": ""IX""}}"
RUS,producer_price_index_quarterly_imf,2020-Q2,quarterly,180.46003443908853,\N,derived,IMF_PPI,IMF|ACCESS_SHARING_LEVEL=PUBLIC_OPEN|FREQUENCY=M|IFS_FLAG=true|INDICATOR=PPI|METHODOLOGY=PPI|OVERLAP=OL|REFERENCE_PERIOD=2010=100|SCALE=0|SECURITY_CLASSIFICATION=PUB|TYPE_OF_TRANSFORMATION=IX|aggregation=quarterly_mean,\N,"{""aggregation_method"": ""quarterly_mean"", ""source_derivation_types"": [""O"", ""O"", ""O""], ""source_months"": [""2020-M04"", ""2020-M05"", ""2020-M06""], ""source_observation_count"": 3, ""source_series_dimensions"": {""ACCESS_SHARING_LEVEL"": ""PUBLIC_OPEN"", ""COUNTRY"": ""RUS"", ""FREQUENCY"": ""M"", ""IFS_FLAG"": ""true"", ""INDICATOR"": ""PPI"", ""METHODOLOGY"": ""PPI"", ""OVERLAP"": ""OL"", ""REFERENCE_PERIOD"": ""2010=100"", ""SCALE"": ""0"", ""SECURITY_CLASSIFICATION"": ""PUB"", ""TYPE_OF_TRANSFORMATION"": ""IX""}}"
RUS,producer_price_index_quarterly_imf,2020-Q3,quarterly,195.72272233371913,\N,derived,IMF_PPI,IMF|ACCESS_SHARING_LEVEL=PUBLIC_OPEN|FREQUENCY=M|IFS_FLAG=true|INDICATOR=PPI|METHODOLOGY=PPI|OVERLAP=OL|REFERENCE_PERIOD=2010=100|SCALE=0|SECURITY_CLASSIFICATION=PUB|TYPE_OF_TRANSFORMATION=IX|aggregation=quarterly_mean,\N,"{""aggregation_method"": ""quarterly_mean"", ""source_derivation_types"": [""O"", ""O"", ""O""], ""source_months"": [""2020-M07"", ""2020-M08"", ""2020-M09""], ""source_observation_count"": 3, ""source_series_dimensions"": {""ACCESS_SHARING_LEVEL"": ""PUBLIC_OPEN"", ""COUNTRY"": ""RUS"", ""FREQUENCY"": ""M"", ""IFS_FLAG"": ""true"", ""INDICATOR"": ""PPI"", ""METHODOLOGY"": ""PPI"", ""OVERLAP"": ""OL"", ""REFERENCE_PERIOD"": ""2010=100"", ""SCALE"": ""0"", ""SECURITY_CLASSIFICATION"": ""PUB"", ""TYPE_OF_TRANSFORMATION"": ""IX""}}"
RUS,producer_price_index_quarterly_imf,2020-Q4,quarterly,200.1826646361883,\N,derived,IMF_PPI,IMF|ACCESS_SHARING_LEVEL=PUBLIC_OPEN|FREQUENCY=M|IFS_FLAG=true|INDICATOR=PPI|METHODOLOGY=PPI|OVERLAP=OL|REFERENCE_PERIOD=2010=100|SCALE=0|SECURITY_CLASSIFICATION=PUB|TYPE_OF_TRANSFORMATION=IX|aggregation=quarterly_mean,\N,"{""aggregation_method"": ""quarterly_mean"", ""source_derivation_types"": [""O"", ""O"", ""O""], ""source_months"": [""2020-M10"", ""2020-M11"", ""2020-M12""], ""source_observation_count"": 3, ""source_series_dimensions"": {""ACCESS_SHARING_LEVEL"": ""PUBLIC_OPEN"", ""COUNTRY"": ""RUS"", ""FREQUENCY"": ""M"", ""IFS_FLAG"": ""true"", ""INDICATOR"": ""PPI"", ""METHODOLOGY"": ""PPI"", ""OVERLAP"": ""OL"", ""REFERENCE_PERIOD"": ""2010=100"", ""SCALE"": ""0"", ""SECURITY_CLASSIFICATION"": ""PUB"", ""TYPE_OF_TRANSFORMATION"": ""IX""}}"
RUS,producer_price_index_quarterly_imf,2021-Q1,quarterly,217.12502708057193,\N,derived,IMF_PPI,IMF|ACCESS_SHARING_LEVEL=PUBLIC_OPEN|FREQUENCY=M|IFS_FLAG=true|INDICATOR=PPI|METHODOLOGY=PPI|OVERLAP=OL|REFERENCE_PERIOD=2010=100|SCALE=0|SECURITY_CLASSIFICATION=PUB|TYPE_OF_TRANSFORMATION=IX|aggregation=quarterly_mean,\N,"{""aggregation_method"": ""quarterly_mean"", ""source_derivation_types"": [""O"", ""O"", ""O""], ""source_months"": [""2021-M01"", ""2021-M02"", ""2021-M03""], ""source_observation_count"": 3, ""source_series_dimensions"": {""ACCESS_SHARING_LEVEL"": ""PUBLIC_OPEN"", ""COUNTRY"": ""RUS"", ""FREQUENCY"": ""M"", ""IFS_FLAG"": ""true"", ""INDICATOR"": ""PPI"", ""METHODOLOGY"": ""PPI"", ""OVERLAP"": ""OL"", ""REFERENCE_PERIOD"": ""2010=100"", ""SCALE"": ""0"", ""SECURITY_CLASSIFICATION"": ""PUB"", ""TYPE_OF_TRANSFORMATION"": ""IX""}}"
RUS,producer_price_index_quarterly_imf,2021-Q2,quarterly,236.70881321206716,\N,derived,IMF_PPI,IMF|ACCESS_SHARING_LEVEL=PUBLIC_OPEN|FREQUENCY=M|IFS_FLAG=true|INDICATOR=PPI|METHODOLOGY=PPI|OVERLAP=OL|REFERENCE_PERIOD=2010=100|SCALE=0|SECURITY_CLASSIFICATION=PUB|TYPE_OF_TRANSFORMATION=IX|aggregation=quarterly_mean,\N,"{""aggregation_method"": ""quarterly_mean"", ""source_derivation_types"": [""O"", ""O"", ""O""], ""source_months"": [""2021-M04"", ""2021-M05"", ""2021-M06""], ""source_observation_count"": 3, ""source_series_dimensions"": {""ACCESS_SHARING_LEVEL"": ""PUBLIC_OPEN"", ""COUNTRY"": ""RUS"", ""FREQUENCY"": ""M"", ""IFS_FLAG"": ""true"", ""INDICATOR"": ""PPI"", ""METHODOLOGY"": ""PPI"", ""OVERLAP"": ""OL"", ""REFERENCE_PERIOD"": ""2010=100"", ""SCALE"": ""0"", ""SECURITY_CLASSIFICATION"": ""PUB"", ""TYPE_OF_TRANSFORMATION"": ""IX""}}"
RUS,producer_price_index_quarterly_imf,2021-Q3,quarterly,251.05038925683326,\N,derived,IMF_PPI,IMF|ACCESS_SHARING_LEVEL=PUBLIC_OPEN|FREQUENCY=M|IFS_FLAG=true|INDICATOR=PPI|METHODOLOGY=PPI|OVERLAP=OL|REFERENCE_PERIOD=2010=100|SCALE=0|SECURITY_CLASSIFICATION=PUB|TYPE_OF_TRANSFORMATION=IX|aggregation=quarterly_mean,\N,"{""aggregation_method"": ""quarterly_mean"", ""source_derivation_types"": [""O"", ""O"", ""O""], ""source_months"": [""2021-M07"", ""2021-M08"", ""2021-M09""], ""source_observation_count"": 3, ""source_series_dimensions"": {""ACCESS_SHARING_LEVEL"": ""PUBLIC_OPEN"", ""COUNTRY"": ""RUS"", ""FREQUENCY"": ""M"", ""IFS_FLAG"": ""true"", ""INDICATOR"": ""PPI"", ""METHODOLOGY"": ""PPI"", ""OVERLAP"": ""OL"", ""REFERENCE_PERIOD"": ""2010=100"", ""SCALE"": ""0"", ""SECURITY_CLASSIFICATION"": ""PUB"", ""TYPE_OF_TRANSFORMATION"": ""IX""}}"
RUS,producer_price_index_quarterly_imf,2021-Q4,quarterly,256.9461823840913,\N,derived,IMF_PPI,IMF|ACCESS_SHARING_LEVEL=PUBLIC_OPEN|FREQUENCY=M|IFS_FLAG=true|INDICATOR=PPI|METHODOLOGY=PPI|OVERLAP=OL|REFERENCE_PERIOD=2010=100|SCALE=0|SECURITY_CLASSIFICATION=PUB|TYPE_OF_TRANSFORMATION=IX|aggregation=quarterly_mean,\N,"{""aggregation_method"": ""quarterly_mean"", ""source_derivation_types"": [""O"", ""O"", ""O""], ""source_months"": [""2021-M10"", ""2021-M11"", ""2021-M12""], ""source_observation_count"": 3, ""source_series_dimensions"": {""ACCESS_SHARING_LEVEL"": ""PUBLIC_OPEN"", ""COUNTRY"": ""RUS"", ""FREQUENCY"": ""M"", ""IFS_FLAG"": ""true"", ""INDICATOR"": ""PPI"", ""METHODOLOGY"": ""PPI"", ""OVERLAP"": ""OL"", ""REFERENCE_PERIOD"": ""2010=100"", ""SCALE"": ""0"", ""SECURITY_CLASSIFICATION"": ""PUB"", ""TYPE_OF_TRANSFORMATION"": ""IX""}}"
RUS,producer_price_index_quarterly_imf,2022-Q1,quarterly,272.94711433486333,\N,derived,IMF_PPI,IMF|ACCESS_SHARING_LEVEL=PUBLIC_OPEN|FREQUENCY=M|IFS_FLAG=true|INDICATOR=PPI|METHODOLOGY=PPI|OVERLAP=OL|REFERENCE_PERIOD=2010=100|SCALE=0|SECURITY_CLASSIFICATION=PUB|TYPE_OF_TRANSFORMATION=IX|aggregation=quarterly_mean,\N,"{""aggregation_method"": ""quarterly_mean"", ""source_derivation_types"": [""O"", ""O"", ""O""], ""source_months"": [""2022-M01"", ""2022-M02"", ""2022-M03""], ""source_observation_count"": 3, ""source_series_dimensions"": {""ACCESS_SHARING_LEVEL"": ""PUBLIC_OPEN"", ""COUNTRY"": ""RUS"", ""FREQUENCY"": ""M"", ""IFS_FLAG"": ""true"", ""INDICATOR"": ""PPI"", ""METHODOLOGY"": ""PPI"", ""OVERLAP"": ""OL"", ""REFERENCE_PERIOD"": ""2010=100"", ""SCALE"": ""0"", ""SECURITY_CLASSIFICATION"": ""PUB"", ""TYPE_OF_TRANSFORMATION"": ""IX""}}"
RUS,producer_price_index_quarterly_imf,2022-Q2,quarterly,287.1058225859063,\N,derived,IMF_PPI,IMF|ACCESS_SHARING_LEVEL=PUBLIC_OPEN|FREQUENCY=M|IFS_FLAG=true|INDICATOR=PPI|METHODOLOGY=PPI|OVERLAP=OL|REFERENCE_PERIOD=2010=100|SCALE=0|SECURITY_CLASSIFICATION=PUB|TYPE_OF_TRANSFORMATION=IX|aggregation=quarterly_mean,\N,"{""aggregation_method"": ""quarterly_mean"", ""source_derivation_types"": [""O"", ""O"", ""O""], ""source_months"": [""2022-M04"", ""2022-M05"", ""2022-M06""], ""source_observation_count"": 3, ""source_series_dimensions"": {""ACCESS_SHARING_LEVEL"": ""PUBLIC_OPEN"", ""COUNTRY"": ""RUS"", ""FREQUENCY"": ""M"", ""IFS_FLAG"": ""true"", ""INDICATOR"": ""PPI"", ""METHODOLOGY"": ""PPI"", ""OVERLAP"": ""OL"", ""REFERENCE_PERIOD"": ""2010=100"", ""SCALE"": ""0"", ""SECURITY_CLASSIFICATION"": ""PUB"", ""TYPE_OF_TRANSFORMATION"": ""IX""}}"
RUS,producer_price_index_quarterly_imf,2022-Q3,quarterly,264.0644805767945,\N,derived,IMF_PPI,IMF|ACCESS_SHARING_LEVEL=PUBLIC_OPEN|FREQUENCY=M|IFS_FLAG=true|INDICATOR=PPI|METHODOLOGY=PPI|OVERLAP=OL|REFERENCE_PERIOD=2010=100|SCALE=0|SECURITY_CLASSIFICATION=PUB|TYPE_OF_TRANSFORMATION=IX|aggregation=quarterly_mean,\N,"{""aggregation_method"": ""quarterly_mean"", ""source_derivation_types"": [""O"", ""O"", ""O""], ""source_months"": [""2022-M07"", ""2022-M08"", ""2022-M09""], ""source_observation_count"": 3, ""source_series_dimensions"": {""ACCESS_SHARING_LEVEL"": ""PUBLIC_OPEN"", ""COUNTRY"": ""RUS"", ""FREQUENCY"": ""M"", ""IFS_FLAG"": ""true"", ""INDICATOR"": ""PPI"", ""METHODOLOGY"": ""PPI"", ""OVERLAP"": ""OL"", ""REFERENCE_PERIOD"": ""2010=100"", ""SCALE"": ""0"", ""SECURITY_CLASSIFICATION"": ""PUB"", ""TYPE_OF_TRANSFORMATION"": ""IX""}}"
RUS,producer_price_index_quarterly_imf,2022-Q4,quarterly,253.79340616267987,\N,derived,IMF_PPI,IMF|ACCESS_SHARING_LEVEL=PUBLIC_OPEN|FREQUENCY=M|IFS_FLAG=true|INDICATOR=PPI|METHODOLOGY=PPI|OVERLAP=OL|REFERENCE_PERIOD=2010=100|SCALE=0|SECURITY_CLASSIFICATION=PUB|TYPE_OF_TRANSFORMATION=IX|aggregation=quarterly_mean,\N,"{""aggregation_method"": ""quarterly_mean"", ""source_derivation_types"": [""O"", ""O"", ""O""], ""source_months"": [""2022-M10"", ""2022-M11"", ""2022-M12""], ""source_observation_count"": 3, ""source_series_dimensions"": {""ACCESS_SHARING_LEVEL"": ""PUBLIC_OPEN"", ""COUNTRY"": ""RUS"", ""FREQUENCY"": ""M"", ""IFS_FLAG"": ""true"", ""INDICATOR"": ""PPI"", ""METHODOLOGY"": ""PPI"", ""OVERLAP"": ""OL"", ""REFERENCE_PERIOD"": ""2010=100"", ""SCALE"": ""0"", ""SECURITY_CLASSIFICATION"": ""PUB"", ""TYPE_OF_TRANSFORMATION"": ""IX""}}"
RUS,producer_price_index_quarterly_imf,2023-Q1,quarterly,253.3362366783721,\N,derived,IMF_PPI,IMF|ACCESS_SHARING_LEVEL=PUBLIC_OPEN|FREQUENCY=M|IFS_FLAG=true|INDICATOR=PPI|METHODOLOGY=PPI|OVERLAP=OL|REFERENCE_PERIOD=2010=100|SCALE=0|SECURITY_CLASSIFICATION=PUB|TYPE_OF_TRANSFORMATION=IX|aggregation=quarterly_mean,\N,"{""aggregation_method"": ""quarterly_mean"", ""source_derivation_types"": [""O"", ""O"", ""O""], ""source_months"": [""2023-M01"", ""2023-M02"", ""2023-M03""], ""source_observation_count"": 3, ""source_series_dimensions"": {""ACCESS_SHARING_LEVEL"": ""PUBLIC_OPEN"", ""COUNTRY"": ""RUS"", ""FREQUENCY"": ""M"", ""IFS_FLAG"": ""true"", ""INDICATOR"": ""PPI"", ""METHODOLOGY"": ""PPI"", ""OVERLAP"": ""OL"", ""REFERENCE_PERIOD"": ""2010=100"", ""SCALE"": ""0"", ""SECURITY_CLASSIFICATION"": ""PUB"", ""TYPE_OF_TRANSFORMATION"": ""IX""}}"
RUS,producer_price_index_quarterly_imf,2023-Q2,quarterly,271.20648385386926,\N,derived,IMF_PPI,IMF|ACCESS_SHARING_LEVEL=PUBLIC_OPEN|FREQUENCY=M|IFS_FLAG=true|INDICATOR=PPI|METHODOLOGY=PPI|OVERLAP=OL|REFERENCE_PERIOD=2010=100|SCALE=0|SECURITY_CLASSIFICATION=PUB|TYPE_OF_TRANSFORMATION=IX|aggregation=quarterly_mean,\N,"{""aggregation_method"": ""quarterly_mean"", ""source_derivation_types"": [""O"", ""O"", ""O""], ""source_months"": [""2023-M04"", ""2023-M05"", ""2023-M06""], ""source_observation_count"": 3, ""source_series_dimensions"": {""ACCESS_SHARING_LEVEL"": ""PUBLIC_OPEN"", ""COUNTRY"": ""RUS"", ""FREQUENCY"": ""M"", ""IFS_FLAG"": ""true"", ""INDICATOR"": ""PPI"", ""METHODOLOGY"": ""PPI"", ""OVERLAP"": ""OL"", ""REFERENCE_PERIOD"": ""2010=100"", ""SCALE"": ""0"", ""SECURITY_CLASSIFICATION"": ""PUB"", ""TYPE_OF_TRANSFORMATION"": ""IX""}}"
RUS,producer_price_index_quarterly_imf,2023-Q3,quarterly,290.9595920165896,\N,derived,IMF_PPI,IMF|ACCESS_SHARING_LEVEL=PUBLIC_OPEN|FREQUENCY=M|IFS_FLAG=true|INDICATOR=PPI|METHODOLOGY=PPI|OVERLAP=OL|REFERENCE_PERIOD=2010=100|SCALE=0|SECURITY_CLASSIFICATION=PUB|TYPE_OF_TRANSFORMATION=IX|aggregation=quarterly_mean,\N,"{""aggregation_method"": ""quarterly_mean"", ""source_derivation_types"": [""O"", ""O"", ""O""], ""source_months"": [""2023-M07"", ""2023-M08"", ""2023-M09""], ""source_observation_count"": 3, ""source_series_dimensions"": {""ACCESS_SHARING_LEVEL"": ""PUBLIC_OPEN"", ""COUNTRY"": ""RUS"", ""FREQUENCY"": ""M"", ""IFS_FLAG"": ""true"", ""INDICATOR"": ""PPI"", ""METHODOLOGY"": ""PPI"", ""OVERLAP"": ""OL"", ""REFERENCE_PERIOD"": ""2010=100"", ""SCALE"": ""0"", ""SECURITY_CLASSIFICATION"": ""PUB"", ""TYPE_OF_TRANSFORMATION"": ""IX""}}"
RUS,producer_price_index_quarterly_imf,2023-Q4,quarterly,306.7370188861446,\N,derived,IMF_PPI,IMF|ACCESS_SHARING_LEVEL=PUBLIC_OPEN|FREQUENCY=M|IFS_FLAG=true|INDICATOR=PPI|METHODOLOGY=PPI|OVERLAP=OL|REFERENCE_PERIOD=2010=100|SCALE=0|SECURITY_CLASSIFICATION=PUB|TYPE_OF_TRANSFORMATION=IX|aggregation=quarterly_mean,\N,"{""aggregation_method"": ""quarterly_mean"", ""source_derivation_types"": [""O"", ""O"", ""O""], ""source_months"": [""2023-M10"", ""2023-M11"", ""2023-M12""], ""source_observation_count"": 3, ""source_series_dimensions"": {""ACCESS_SHARING_LEVEL"": ""PUBLIC_OPEN"", ""COUNTRY"": ""RUS"", ""FREQUENCY"": ""M"", ""IFS_FLAG"": ""true"", ""INDICATOR"": ""PPI"", ""METHODOLOGY"": ""PPI"", ""OVERLAP"": ""OL"", ""REFERENCE_PERIOD"": ""2010=100"", ""SCALE"": ""0"", ""SECURITY_CLASSIFICATION"": ""PUB"", ""TYPE_OF_TRANSFORMATION"": ""IX""}}"
RUS,producer_price_index_quarterly_imf,2024-Q1,quarterly,300.35019186833375,\N,derived,IMF_PPI,IMF|ACCESS_SHARING_LEVEL=PUBLIC_OPEN|FREQUENCY=M|IFS_FLAG=true|INDICATOR=PPI|METHODOLOGY=PPI|OVERLAP=OL|REFERENCE_PERIOD=2010=100|SCALE=0|SECURITY_CLASSIFICATION=PUB|TYPE_OF_TRANSFORMATION=IX|aggregation=quarterly_mean,\N,"{""aggregation_method"": ""quarterly_mean"", ""source_derivation_types"": [""O"", ""O"", ""O""], ""source_months"": [""2024-M01"", ""2024-M02"", ""2024-M03""], ""source_observation_count"": 3, ""source_series_dimensions"": {""ACCESS_SHARING_LEVEL"": ""PUBLIC_OPEN"", ""COUNTRY"": ""RUS"", ""FREQUENCY"": ""M"", ""IFS_FLAG"": ""true"", ""INDICATOR"": ""PPI"", ""METHODOLOGY"": ""PPI"", ""OVERLAP"": ""OL"", ""REFERENCE_PERIOD"": ""2010=100"", ""SCALE"": ""0"", ""SECURITY_CLASSIFICATION"": ""PUB"", ""TYPE_OF_TRANSFORMATION"": ""IX""}}"
RUS,producer_price_index_quarterly_imf,2024-Q2,quarterly,313.2085069195679,\N,derived,IMF_PPI,IMF|ACCESS_SHARING_LEVEL=PUBLIC_OPEN|FREQUENCY=M|IFS_FLAG=true|INDICATOR=PPI|METHODOLOGY=PPI|OVERLAP=OL|REFERENCE_PERIOD=2010=100|SCALE=0|SECURITY_CLASSIFICATION=PUB|TYPE_OF_TRANSFORMATION=IX|aggregation=quarterly_mean,\N,"{""aggregation_method"": ""quarterly_mean"", ""source_derivation_types"": [""O"", ""O"", ""O""], ""source_months"": [""2024-M04"", ""2024-M05"", ""2024-M06""], ""source_observation_count"": 3, ""source_series_dimensions"": {""ACCESS_SHARING_LEVEL"": ""PUBLIC_OPEN"", ""COUNTRY"": ""RUS"", ""FREQUENCY"": ""M"", ""IFS_FLAG"": ""true"", ""INDICATOR"": ""PPI"", ""METHODOLOGY"": ""PPI"", ""OVERLAP"": ""OL"", ""REFERENCE_PERIOD"": ""2010=100"", ""SCALE"": ""0"", ""SECURITY_CLASSIFICATION"": ""PUB"", ""TYPE_OF_TRANSFORMATION"": ""IX""}}"
RUS,producer_price_index_quarterly_imf,2024-Q3,quarterly,318.6606763250162,\N,derived,IMF_PPI,IMF|ACCESS_SHARING_LEVEL=PUBLIC_OPEN|FREQUENCY=M|IFS_FLAG=true|INDICATOR=PPI|METHODOLOGY=PPI|OVERLAP=OL|REFERENCE_PERIOD=2010=100|SCALE=0|SECURITY_CLASSIFICATION=PUB|TYPE_OF_TRANSFORMATION=IX|aggregation=quarterly_mean,\N,"{""aggregation_method"": ""quarterly_mean"", ""source_derivation_types"": [""O"", ""O"", ""O""], ""source_months"": [""2024-M07"", ""2024-M08"", ""2024-M09""], ""source_observation_count"": 3, ""source_series_dimensions"": {""ACCESS_SHARING_LEVEL"": ""PUBLIC_OPEN"", ""COUNTRY"": ""RUS"", ""FREQUENCY"": ""M"", ""IFS_FLAG"": ""true"", ""INDICATOR"": ""PPI"", ""METHODOLOGY"": ""PPI"", ""OVERLAP"": ""OL"", ""REFERENCE_PERIOD"": ""2010=100"", ""SCALE"": ""0"", ""SECURITY_CLASSIFICATION"": ""PUB"", ""TYPE_OF_TRANSFORMATION"": ""IX""}}"
RUS,producer_price_index_quarterly_imf,2024-Q4,quarterly,321.97938813702825,\N,derived,IMF_PPI,IMF|ACCESS_SHARING_LEVEL=PUBLIC_OPEN|FREQUENCY=M|IFS_FLAG=true|INDICATOR=PPI|METHODOLOGY=PPI|OVERLAP=OL|REFERENCE_PERIOD=2010=100|SCALE=0|SECURITY_CLASSIFICATION=PUB|TYPE_OF_TRANSFORMATION=IX|aggregation=quarterly_mean,\N,"{""aggregation_method"": ""quarterly_mean"", ""source_derivation_types"": [""O"", ""O"", ""O""], ""source_months"": [""2024-M10"", ""2024-M11"", ""2024-M12""], ""source_observation_count"": 3, ""source_series_dimensions"": {""ACCESS_SHARING_LEVEL"": ""PUBLIC_OPEN"", ""COUNTRY"": ""RUS"", ""FREQUENCY"": ""M"", ""IFS_FLAG"": ""true"", ""INDICATOR"": ""PPI"", ""METHODOLOGY"": ""PPI"", ""OVERLAP"": ""OL"", ""REFERENCE_PERIOD"": ""2010=100"", ""SCALE"": ""0"", ""SECURITY_CLASSIFICATION"": ""PUB"", ""TYPE_OF_TRANSFORMATION"": ""IX""}}"
SLV,producer_price_index_quarterly_imf,2020-Q1,quarterly,115.28486904712643,\N,derived,IMF_PPI,IMF|ACCESS_SHARING_LEVEL=PUBLIC_OPEN|FREQUENCY=M|IFS_FLAG=true|INDICATOR=PPI|METHODOLOGY=PPI|OVERLAP=OL|REFERENCE_PERIOD=2010=100|SCALE=0|SECURITY_CLASSIFICATION=PUB|TYPE_OF_TRANSFORMATION=IX|aggregation=quarterly_mean,\N,"{""aggregation_method"": ""quarterly_mean"", ""source_derivation_types"": [""O"", ""O"", ""O""], ""source_months"": [""2020-M01"", ""2020-M02"", ""2020-M03""], ""source_observation_count"": 3, ""source_series_dimensions"": {""ACCESS_SHARING_LEVEL"": ""PUBLIC_OPEN"", ""COUNTRY"": ""SLV"", ""FREQUENCY"": ""M"", ""IFS_FLAG"": ""true"", ""INDICATOR"": ""PPI"", ""METHODOLOGY"": ""PPI"", ""OVERLAP"": ""OL"", ""REFERENCE_PERIOD"": ""2010=100"", ""SCALE"": ""0"", ""SECURITY_CLASSIFICATION"": ""PUB"", ""TYPE_OF_TRANSFORMATION"": ""IX""}}"
SLV,producer_price_index_quarterly_imf,2020-Q2,quarterly,114.94062642227648,\N,derived,IMF_PPI,IMF|ACCESS_SHARING_LEVEL=PUBLIC_OPEN|FREQUENCY=M|IFS_FLAG=true|INDICATOR=PPI|METHODOLOGY=PPI|OVERLAP=OL|REFERENCE_PERIOD=2010=100|SCALE=0|SECURITY_CLASSIFICATION=PUB|TYPE_OF_TRANSFORMATION=IX|aggregation=quarterly_mean,\N,"{""aggregation_method"": ""quarterly_mean"", ""source_derivation_types"": [""O"", ""O"", ""O""], ""source_months"": [""2020-M04"", ""2020-M05"", ""2020-M06""], ""source_observation_count"": 3, ""source_series_dimensions"": {""ACCESS_SHARING_LEVEL"": ""PUBLIC_OPEN"", ""COUNTRY"": ""SLV"", ""FREQUENCY"": ""M"", ""IFS_FLAG"": ""true"", ""INDICATOR"": ""PPI"", ""METHODOLOGY"": ""PPI"", ""OVERLAP"": ""OL"", ""REFERENCE_PERIOD"": ""2010=100"", ""SCALE"": ""0"", ""SECURITY_CLASSIFICATION"": ""PUB"", ""TYPE_OF_TRANSFORMATION"": ""IX""}}"
SLV,producer_price_index_quarterly_imf,2020-Q3,quarterly,115.4603003847904,\N,derived,IMF_PPI,IMF|ACCESS_SHARING_LEVEL=PUBLIC_OPEN|FREQUENCY=M|IFS_FLAG=true|INDICATOR=PPI|METHODOLOGY=PPI|OVERLAP=OL|REFERENCE_PERIOD=2010=100|SCALE=0|SECURITY_CLASSIFICATION=PUB|TYPE_OF_TRANSFORMATION=IX|aggregation=quarterly_mean,\N,"{""aggregation_method"": ""quarterly_mean"", ""source_derivation_types"": [""O"", ""O"", ""O""], ""source_months"": [""2020-M07"", ""2020-M08"", ""2020-M09""], ""source_observation_count"": 3, ""source_series_dimensions"": {""ACCESS_SHARING_LEVEL"": ""PUBLIC_OPEN"", ""COUNTRY"": ""SLV"", ""FREQUENCY"": ""M"", ""IFS_FLAG"": ""true"", ""INDICATOR"": ""PPI"", ""METHODOLOGY"": ""PPI"", ""OVERLAP"": ""OL"", ""REFERENCE_PERIOD"": ""2010=100"", ""SCALE"": ""0"", ""SECURITY_CLASSIFICATION"": ""PUB"", ""TYPE_OF_TRANSFORMATION"": ""IX""}}"
SLV,producer_price_index_quarterly_imf,2020-Q4,quarterly,115.539740990525,\N,derived,IMF_PPI,IMF|ACCESS_SHARING_LEVEL=PUBLIC_OPEN|FREQUENCY=M|IFS_FLAG=true|INDICATOR=PPI|METHODOLOGY=PPI|OVERLAP=OL|REFERENCE_PERIOD=2010=100|SCALE=0|SECURITY_CLASSIFICATION=PUB|TYPE_OF_TRANSFORMATION=IX|aggregation=quarterly_mean,\N,"{""aggregation_method"": ""quarterly_mean"", ""source_derivation_types"": [""O"", ""O"", ""O""], ""source_months"": [""2020-M10"", ""2020-M11"", ""2020-M12""], ""source_observation_count"": 3, ""source_series_dimensions"": {""ACCESS_SHARING_LEVEL"": ""PUBLIC_OPEN"", ""COUNTRY"": ""SLV"", ""FREQUENCY"": ""M"", ""IFS_FLAG"": ""true"", ""INDICATOR"": ""PPI"", ""METHODOLOGY"": ""PPI"", ""OVERLAP"": ""OL"", ""REFERENCE_PERIOD"": ""2010=100"", ""SCALE"": ""0"", ""SECURITY_CLASSIFICATION"": ""PUB"", ""TYPE_OF_TRANSFORMATION"": ""IX""}}"
SLV,producer_price_index_quarterly_imf,2021-Q1,quarterly,116.48640820886256,\N,derived,IMF_PPI,IMF|ACCESS_SHARING_LEVEL=PUBLIC_OPEN|FREQUENCY=M|IFS_FLAG=true|INDICATOR=PPI|METHODOLOGY=PPI|OVERLAP=OL|REFERENCE_PERIOD=2010=100|SCALE=0|SECURITY_CLASSIFICATION=PUB|TYPE_OF_TRANSFORMATION=IX|aggregation=quarterly_mean,\N,"{""aggregation_method"": ""quarterly_mean"", ""source_derivation_types"": [""O"", ""O"", ""O""], ""source_months"": [""2021-M01"", ""2021-M02"", ""2021-M03""], ""source_observation_count"": 3, ""source_series_dimensions"": {""ACCESS_SHARING_LEVEL"": ""PUBLIC_OPEN"", ""COUNTRY"": ""SLV"", ""FREQUENCY"": ""M"", ""IFS_FLAG"": ""true"", ""INDICATOR"": ""PPI"", ""METHODOLOGY"": ""PPI"", ""OVERLAP"": ""OL"", ""REFERENCE_PERIOD"": ""2010=100"", ""SCALE"": ""0"", ""SECURITY_CLASSIFICATION"": ""PUB"", ""TYPE_OF_TRANSFORMATION"": ""IX""}}"
SLV,producer_price_index_quarterly_imf,2021-Q2,quarterly,117.9858496421035,\N,derived,IMF_PPI,IMF|ACCESS_SHARING_LEVEL=PUBLIC_OPEN|FREQUENCY=M|IFS_FLAG=true|INDICATOR=PPI|METHODOLOGY=PPI|OVERLAP=OL|REFERENCE_PERIOD=2010=100|SCALE=0|SECURITY_CLASSIFICATION=PUB|TYPE_OF_TRANSFORMATION=IX|aggregation=quarterly_mean,\N,"{""aggregation_method"": ""quarterly_mean"", ""source_derivation_types"": [""O"", ""O"", ""O""], ""source_months"": [""2021-M04"", ""2021-M05"", ""2021-M06""], ""source_observation_count"": 3, ""source_series_dimensions"": {""ACCESS_SHARING_LEVEL"": ""PUBLIC_OPEN"", ""COUNTRY"": ""SLV"", ""FREQUENCY"": ""M"", ""IFS_FLAG"": ""true"", ""INDICATOR"": ""PPI"", ""METHODOLOGY"": ""PPI"", ""OVERLAP"": ""OL"", ""REFERENCE_PERIOD"": ""2010=100"", ""SCALE"": ""0"", ""SECURITY_CLASSIFICATION"": ""PUB"", ""TYPE_OF_TRANSFORMATION"": ""IX""}}"
SLV,producer_price_index_quarterly_imf,2021-Q3,quarterly,119.5879018577516,\N,derived,IMF_PPI,IMF|ACCESS_SHARING_LEVEL=PUBLIC_OPEN|FREQUENCY=M|IFS_FLAG=true|INDICATOR=PPI|METHODOLOGY=PPI|OVERLAP=OL|REFERENCE_PERIOD=2010=100|SCALE=0|SECURITY_CLASSIFICATION=PUB|TYPE_OF_TRANSFORMATION=IX|aggregation=quarterly_mean,\N,"{""aggregation_method"": ""quarterly_mean"", ""source_derivation_types"": [""O"", ""O"", ""O""], ""source_months"": [""2021-M07"", ""2021-M08"", ""2021-M09""], ""source_observation_count"": 3, ""source_series_dimensions"": {""ACCESS_SHARING_LEVEL"": ""PUBLIC_OPEN"", ""COUNTRY"": ""SLV"", ""FREQUENCY"": ""M"", ""IFS_FLAG"": ""true"", ""INDICATOR"": ""PPI"", ""METHODOLOGY"": ""PPI"", ""OVERLAP"": ""OL"", ""REFERENCE_PERIOD"": ""2010=100"", ""SCALE"": ""0"", ""SECURITY_CLASSIFICATION"": ""PUB"", ""TYPE_OF_TRANSFORMATION"": ""IX""}}"
SLV,producer_price_index_quarterly_imf,2021-Q4,quarterly,121.4017956886921,\N,derived,IMF_PPI,IMF|ACCESS_SHARING_LEVEL=PUBLIC_OPEN|FREQUENCY=M|IFS_FLAG=true|INDICATOR=PPI|METHODOLOGY=PPI|OVERLAP=OL|REFERENCE_PERIOD=2010=100|SCALE=0|SECURITY_CLASSIFICATION=PUB|TYPE_OF_TRANSFORMATION=IX|aggregation=quarterly_mean,\N,"{""aggregation_method"": ""quarterly_mean"", ""source_derivation_types"": [""O"", ""O"", ""O""], ""source_months"": [""2021-M10"", ""2021-M11"", ""2021-M12""], ""source_observation_count"": 3, ""source_series_dimensions"": {""ACCESS_SHARING_LEVEL"": ""PUBLIC_OPEN"", ""COUNTRY"": ""SLV"", ""FREQUENCY"": ""M"", ""IFS_FLAG"": ""true"", ""INDICATOR"": ""PPI"", ""METHODOLOGY"": ""PPI"", ""OVERLAP"": ""OL"", ""REFERENCE_PERIOD"": ""2010=100"", ""SCALE"": ""0"", ""SECURITY_CLASSIFICATION"": ""PUB"", ""TYPE_OF_TRANSFORMATION"": ""IX""}}"
SLV,producer_price_index_quarterly_imf,2022-Q1,quarterly,122.60664487566714,\N,derived,IMF_PPI,IMF|ACCESS_SHARING_LEVEL=PUBLIC_OPEN|FREQUENCY=M|IFS_FLAG=true|INDICATOR=PPI|METHODOLOGY=PPI|OVERLAP=OL|REFERENCE_PERIOD=2010=100|SCALE=0|SECURITY_CLASSIFICATION=PUB|TYPE_OF_TRANSFORMATION=IX|aggregation=quarterly_mean,\N,"{""aggregation_method"": ""quarterly_mean"", ""source_derivation_types"": [""O"", ""O"", ""O""], ""source_months"": [""2022-M01"", ""2022-M02"", ""2022-M03""], ""source_observation_count"": 3, ""source_series_dimensions"": {""ACCESS_SHARING_LEVEL"": ""PUBLIC_OPEN"", ""COUNTRY"": ""SLV"", ""FREQUENCY"": ""M"", ""IFS_FLAG"": ""true"", ""INDICATOR"": ""PPI"", ""METHODOLOGY"": ""PPI"", ""OVERLAP"": ""OL"", ""REFERENCE_PERIOD"": ""2010=100"", ""SCALE"": ""0"", ""SECURITY_CLASSIFICATION"": ""PUB"", ""TYPE_OF_TRANSFORMATION"": ""IX""}}"
SLV,producer_price_index_quarterly_imf,2022-Q2,quarterly,124.84753196243116,\N,derived,IMF_PPI,IMF|ACCESS_SHARING_LEVEL=PUBLIC_OPEN|FREQUENCY=M|IFS_FLAG=true|INDICATOR=PPI|METHODOLOGY=PPI|OVERLAP=OL|REFERENCE_PERIOD=2010=100|SCALE=0|SECURITY_CLASSIFICATION=PUB|TYPE_OF_TRANSFORMATION=IX|aggregation=quarterly_mean,\N,"{""aggregation_method"": ""quarterly_mean"", ""source_derivation_types"": [""O"", ""O"", ""O""], ""source_months"": [""2022-M04"", ""2022-M05"", ""2022-M06""], ""source_observation_count"": 3, ""source_series_dimensions"": {""ACCESS_SHARING_LEVEL"": ""PUBLIC_OPEN"", ""COUNTRY"": ""SLV"", ""FREQUENCY"": ""M"", ""IFS_FLAG"": ""true"", ""INDICATOR"": ""PPI"", ""METHODOLOGY"": ""PPI"", ""OVERLAP"": ""OL"", ""REFERENCE_PERIOD"": ""2010=100"", ""SCALE"": ""0"", ""SECURITY_CLASSIFICATION"": ""PUB"", ""TYPE_OF_TRANSFORMATION"": ""IX""}}"
SLV,producer_price_index_quarterly_imf,2022-Q3,quarterly,126.80375687864615,\N,derived,IMF_PPI,IMF|ACCESS_SHARING_LEVEL=PUBLIC_OPEN|FREQUENCY=M|IFS_FLAG=true|INDICATOR=PPI|METHODOLOGY=PPI|OVERLAP=OL|REFERENCE_PERIOD=2010=100|SCALE=0|SECURITY_CLASSIFICATION=PUB|TYPE_OF_TRANSFORMATION=IX|aggregation=quarterly_mean,\N,"{""aggregation_method"": ""quarterly_mean"", ""source_derivation_types"": [""O"", ""O"", ""O""], ""source_months"": [""2022-M07"", ""2022-M08"", ""2022-M09""], ""source_observation_count"": 3, ""source_series_dimensions"": {""ACCESS_SHARING_LEVEL"": ""PUBLIC_OPEN"", ""COUNTRY"": ""SLV"", ""FREQUENCY"": ""M"", ""IFS_FLAG"": ""true"", ""INDICATOR"": ""PPI"", ""METHODOLOGY"": ""PPI"", ""OVERLAP"": ""OL"", ""REFERENCE_PERIOD"": ""2010=100"", ""SCALE"": ""0"", ""SECURITY_CLASSIFICATION"": ""PUB"", ""TYPE_OF_TRANSFORMATION"": ""IX""}}"
SLV,producer_price_index_quarterly_imf,2022-Q4,quarterly,127.37308121974426,\N,derived,IMF_PPI,IMF|ACCESS_SHARING_LEVEL=PUBLIC_OPEN|FREQUENCY=M|IFS_FLAG=true|INDICATOR=PPI|METHODOLOGY=PPI|OVERLAP=OL|REFERENCE_PERIOD=2010=100|SCALE=0|SECURITY_CLASSIFICATION=PUB|TYPE_OF_TRANSFORMATION=IX|aggregation=quarterly_mean,\N,"{""aggregation_method"": ""quarterly_mean"", ""source_derivation_types"": [""O"", ""O"", ""O""], ""source_months"": [""2022-M10"", ""2022-M11"", ""2022-M12""], ""source_observation_count"": 3, ""source_series_dimensions"": {""ACCESS_SHARING_LEVEL"": ""PUBLIC_OPEN"", ""COUNTRY"": ""SLV"", ""FREQUENCY"": ""M"", ""IFS_FLAG"": ""true"", ""INDICATOR"": ""PPI"", ""METHODOLOGY"": ""PPI"", ""OVERLAP"": ""OL"", ""REFERENCE_PERIOD"": ""2010=100"", ""SCALE"": ""0"", ""SECURITY_CLASSIFICATION"": ""PUB"", ""TYPE_OF_TRANSFORMATION"": ""IX""}}"
SLV,producer_price_index_quarterly_imf,2023-Q1,quarterly,128.75336174438326,\N,derived,IMF_PPI,IMF|ACCESS_SHARING_LEVEL=PUBLIC_OPEN|FREQUENCY=M|IFS_FLAG=true|INDICATOR=PPI|METHODOLOGY=PPI|OVERLAP=OL|REFERENCE_PERIOD=2010=100|SCALE=0|SECURITY_CLASSIFICATION=PUB|TYPE_OF_TRANSFORMATION=IX|aggregation=quarterly_mean,\N,"{""aggregation_method"": ""quarterly_mean"", ""source_derivation_types"": [""O"", ""O"", ""O""], ""source_months"": [""2023-M01"", ""2023-M02"", ""2023-M03""], ""source_observation_count"": 3, ""source_series_dimensions"": {""ACCESS_SHARING_LEVEL"": ""PUBLIC_OPEN"", ""COUNTRY"": ""SLV"", ""FREQUENCY"": ""M"", ""IFS_FLAG"": ""true"", ""INDICATOR"": ""PPI"", ""METHODOLOGY"": ""PPI"", ""OVERLAP"": ""OL"", ""REFERENCE_PERIOD"": ""2010=100"", ""SCALE"": ""0"", ""SECURITY_CLASSIFICATION"": ""PUB"", ""TYPE_OF_TRANSFORMATION"": ""IX""}}"
SLV,producer_price_index_quarterly_imf,2023-Q2,quarterly,129.7397492655881,\N,derived,IMF_PPI,IMF|ACCESS_SHARING_LEVEL=PUBLIC_OPEN|FREQUENCY=M|IFS_FLAG=true|INDICATOR=PPI|METHODOLOGY=PPI|OVERLAP=OL|REFERENCE_PERIOD=2010=100|SCALE=0|SECURITY_CLASSIFICATION=PUB|TYPE_OF_TRANSFORMATION=IX|aggregation=quarterly_mean,\N,"{""aggregation_method"": ""quarterly_mean"", ""source_derivation_types"": [""O"", ""O"", ""O""], ""source_months"": [""2023-M04"", ""2023-M05"", ""2023-M06""], ""source_observation_count"": 3, ""source_series_dimensions"": {""ACCESS_SHARING_LEVEL"": ""PUBLIC_OPEN"", ""COUNTRY"": ""SLV"", ""FREQUENCY"": ""M"", ""IFS_FLAG"": ""true"", ""INDICATOR"": ""PPI"", ""METHODOLOGY"": ""PPI"", ""OVERLAP"": ""OL"", ""REFERENCE_PERIOD"": ""2010=100"", ""SCALE"": ""0"", ""SECURITY_CLASSIFICATION"": ""PUB"", ""TYPE_OF_TRANSFORMATION"": ""IX""}}"
SRB,producer_price_index_quarterly_imf,2020-Q1,quarterly,132.41738718464995,\N,derived,IMF_PPI,IMF|ACCESS_SHARING_LEVEL=PUBLIC_OPEN|FREQUENCY=M|IFS_FLAG=true|INDICATOR=PPI|METHODOLOGY=PPI|OVERLAP=OL|REFERENCE_PERIOD=2010=100|SCALE=0|SECURITY_CLASSIFICATION=PUB|TYPE_OF_TRANSFORMATION=IX|aggregation=quarterly_mean,\N,"{""aggregation_method"": ""quarterly_mean"", ""source_derivation_types"": [""O"", ""O"", ""O""], ""source_months"": [""2020-M01"", ""2020-M02"", ""2020-M03""], ""source_observation_count"": 3, ""source_series_dimensions"": {""ACCESS_SHARING_LEVEL"": ""PUBLIC_OPEN"", ""COUNTRY"": ""SRB"", ""FREQUENCY"": ""M"", ""IFS_FLAG"": ""true"", ""INDICATOR"": ""PPI"", ""METHODOLOGY"": ""PPI"", ""OVERLAP"": ""OL"", ""REFERENCE_PERIOD"": ""2010=100"", ""SCALE"": ""0"", ""SECURITY_CLASSIFICATION"": ""PUB"", ""TYPE_OF_TRANSFORMATION"": ""IX""}}"
SRB,producer_price_index_quarterly_imf,2020-Q2,quarterly,129.71692526353186,\N,derived,IMF_PPI,IMF|ACCESS_SHARING_LEVEL=PUBLIC_OPEN|FREQUENCY=M|IFS_FLAG=true|INDICATOR=PPI|METHODOLOGY=PPI|OVERLAP=OL|REFERENCE_PERIOD=2010=100|SCALE=0|SECURITY_CLASSIFICATION=PUB|TYPE_OF_TRANSFORMATION=IX|aggregation=quarterly_mean,\N,"{""aggregation_method"": ""quarterly_mean"", ""source_derivation_types"": [""O"", ""O"", ""O""], ""source_months"": [""2020-M04"", ""2020-M05"", ""2020-M06""], ""source_observation_count"": 3, ""source_series_dimensions"": {""ACCESS_SHARING_LEVEL"": ""PUBLIC_OPEN"", ""COUNTRY"": ""SRB"", ""FREQUENCY"": ""M"", ""IFS_FLAG"": ""true"", ""INDICATOR"": ""PPI"", ""METHODOLOGY"": ""PPI"", ""OVERLAP"": ""OL"", ""REFERENCE_PERIOD"": ""2010=100"", ""SCALE"": ""0"", ""SECURITY_CLASSIFICATION"": ""PUB"", ""TYPE_OF_TRANSFORMATION"": ""IX""}}"
SRB,producer_price_index_quarterly_imf,2020-Q3,quarterly,130.4749496624422,\N,derived,IMF_PPI,IMF|ACCESS_SHARING_LEVEL=PUBLIC_OPEN|FREQUENCY=M|IFS_FLAG=true|INDICATOR=PPI|METHODOLOGY=PPI|OVERLAP=OL|REFERENCE_PERIOD=2010=100|SCALE=0|SECURITY_CLASSIFICATION=PUB|TYPE_OF_TRANSFORMATION=IX|aggregation=quarterly_mean,\N,"{""aggregation_method"": ""quarterly_mean"", ""source_derivation_types"": [""O"", ""O"", ""O""], ""source_months"": [""2020-M07"", ""2020-M08"", ""2020-M09""], ""source_observation_count"": 3, ""source_series_dimensions"": {""ACCESS_SHARING_LEVEL"": ""PUBLIC_OPEN"", ""COUNTRY"": ""SRB"", ""FREQUENCY"": ""M"", ""IFS_FLAG"": ""true"", ""INDICATOR"": ""PPI"", ""METHODOLOGY"": ""PPI"", ""OVERLAP"": ""OL"", ""REFERENCE_PERIOD"": ""2010=100"", ""SCALE"": ""0"", ""SECURITY_CLASSIFICATION"": ""PUB"", ""TYPE_OF_TRANSFORMATION"": ""IX""}}"
SRB,producer_price_index_quarterly_imf,2020-Q4,quarterly,130.80658533696547,\N,derived,IMF_PPI,IMF|ACCESS_SHARING_LEVEL=PUBLIC_OPEN|FREQUENCY=M|IFS_FLAG=true|INDICATOR=PPI|METHODOLOGY=PPI|OVERLAP=OL|REFERENCE_PERIOD=2010=100|SCALE=0|SECURITY_CLASSIFICATION=PUB|TYPE_OF_TRANSFORMATION=IX|aggregation=quarterly_mean,\N,"{""aggregation_method"": ""quarterly_mean"", ""source_derivation_types"": [""O"", ""O"", ""O""], ""source_months"": [""2020-M10"", ""2020-M11"", ""2020-M12""], ""source_observation_count"": 3, ""source_series_dimensions"": {""ACCESS_SHARING_LEVEL"": ""PUBLIC_OPEN"", ""COUNTRY"": ""SRB"", ""FREQUENCY"": ""M"", ""IFS_FLAG"": ""true"", ""INDICATOR"": ""PPI"", ""METHODOLOGY"": ""PPI"", ""OVERLAP"": ""OL"", ""REFERENCE_PERIOD"": ""2010=100"", ""SCALE"": ""0"", ""SECURITY_CLASSIFICATION"": ""PUB"", ""TYPE_OF_TRANSFORMATION"": ""IX""}}"
SRB,producer_price_index_quarterly_imf,2021-Q1,quarterly,135.21260215563188,\N,derived,IMF_PPI,IMF|ACCESS_SHARING_LEVEL=PUBLIC_OPEN|FREQUENCY=M|IFS_FLAG=true|INDICATOR=PPI|METHODOLOGY=PPI|OVERLAP=OL|REFERENCE_PERIOD=2010=100|SCALE=0|SECURITY_CLASSIFICATION=PUB|TYPE_OF_TRANSFORMATION=IX|aggregation=quarterly_mean,\N,"{""aggregation_method"": ""quarterly_mean"", ""source_derivation_types"": [""O"", ""O"", ""O""], ""source_months"": [""2021-M01"", ""2021-M02"", ""2021-M03""], ""source_observation_count"": 3, ""source_series_dimensions"": {""ACCESS_SHARING_LEVEL"": ""PUBLIC_OPEN"", ""COUNTRY"": ""SRB"", ""FREQUENCY"": ""M"", ""IFS_FLAG"": ""true"", ""INDICATOR"": ""PPI"", ""METHODOLOGY"": ""PPI"", ""OVERLAP"": ""OL"", ""REFERENCE_PERIOD"": ""2010=100"", ""SCALE"": ""0"", ""SECURITY_CLASSIFICATION"": ""PUB"", ""TYPE_OF_TRANSFORMATION"": ""IX""}}"
SRB,producer_price_index_quarterly_imf,2021-Q2,quarterly,140.4713964230723,\N,derived,IMF_PPI,IMF|ACCESS_SHARING_LEVEL=PUBLIC_OPEN|FREQUENCY=M|IFS_FLAG=true|INDICATOR=PPI|METHODOLOGY=PPI|OVERLAP=OL|REFERENCE_PERIOD=2010=100|SCALE=0|SECURITY_CLASSIFICATION=PUB|TYPE_OF_TRANSFORMATION=IX|aggregation=quarterly_mean,\N,"{""aggregation_method"": ""quarterly_mean"", ""source_derivation_types"": [""O"", ""O"", ""O""], ""source_months"": [""2021-M04"", ""2021-M05"", ""2021-M06""], ""source_observation_count"": 3, ""source_series_dimensions"": {""ACCESS_SHARING_LEVEL"": ""PUBLIC_OPEN"", ""COUNTRY"": ""SRB"", ""FREQUENCY"": ""M"", ""IFS_FLAG"": ""true"", ""INDICATOR"": ""PPI"", ""METHODOLOGY"": ""PPI"", ""OVERLAP"": ""OL"", ""REFERENCE_PERIOD"": ""2010=100"", ""SCALE"": ""0"", ""SECURITY_CLASSIFICATION"": ""PUB"", ""TYPE_OF_TRANSFORMATION"": ""IX""}}"
SRB,producer_price_index_quarterly_imf,2021-Q3,quarterly,144.02463579296455,\N,derived,IMF_PPI,IMF|ACCESS_SHARING_LEVEL=PUBLIC_OPEN|FREQUENCY=M|IFS_FLAG=true|INDICATOR=PPI|METHODOLOGY=PPI|OVERLAP=OL|REFERENCE_PERIOD=2010=100|SCALE=0|SECURITY_CLASSIFICATION=PUB|TYPE_OF_TRANSFORMATION=IX|aggregation=quarterly_mean,\N,"{""aggregation_method"": ""quarterly_mean"", ""source_derivation_types"": [""O"", ""O"", ""O""], ""source_months"": [""2021-M07"", ""2021-M08"", ""2021-M09""], ""source_observation_count"": 3, ""source_series_dimensions"": {""ACCESS_SHARING_LEVEL"": ""PUBLIC_OPEN"", ""COUNTRY"": ""SRB"", ""FREQUENCY"": ""M"", ""IFS_FLAG"": ""true"", ""INDICATOR"": ""PPI"", ""METHODOLOGY"": ""PPI"", ""OVERLAP"": ""OL"", ""REFERENCE_PERIOD"": ""2010=100"", ""SCALE"": ""0"", ""SECURITY_CLASSIFICATION"": ""PUB"", ""TYPE_OF_TRANSFORMATION"": ""IX""}}"
SRB,producer_price_index_quarterly_imf,2021-Q4,quarterly,148.85704133601794,\N,derived,IMF_PPI,IMF|ACCESS_SHARING_LEVEL=PUBLIC_OPEN|FREQUENCY=M|IFS_FLAG=true|INDICATOR=PPI|METHODOLOGY=PPI|OVERLAP=OL|REFERENCE_PERIOD=2010=100|SCALE=0|SECURITY_CLASSIFICATION=PUB|TYPE_OF_TRANSFORMATION=IX|aggregation=quarterly_mean,\N,"{""aggregation_method"": ""quarterly_mean"", ""source_derivation_types"": [""O"", ""O"", ""O""], ""source_months"": [""2021-M10"", ""2021-M11"", ""2021-M12""], ""source_observation_count"": 3, ""source_series_dimensions"": {""ACCESS_SHARING_LEVEL"": ""PUBLIC_OPEN"", ""COUNTRY"": ""SRB"", ""FREQUENCY"": ""M"", ""IFS_FLAG"": ""true"", ""INDICATOR"": ""PPI"", ""METHODOLOGY"": ""PPI"", ""OVERLAP"": ""OL"", ""REFERENCE_PERIOD"": ""2010=100"", ""SCALE"": ""0"", ""SECURITY_CLASSIFICATION"": ""PUB"", ""TYPE_OF_TRANSFORMATION"": ""IX""}}"
SRB,producer_price_index_quarterly_imf,2022-Q1,quarterly,154.8264834774369,\N,derived,IMF_PPI,IMF|ACCESS_SHARING_LEVEL=PUBLIC_OPEN|FREQUENCY=M|IFS_FLAG=true|INDICATOR=PPI|METHODOLOGY=PPI|OVERLAP=OL|REFERENCE_PERIOD=2010=100|SCALE=0|SECURITY_CLASSIFICATION=PUB|TYPE_OF_TRANSFORMATION=IX|aggregation=quarterly_mean,\N,"{""aggregation_method"": ""quarterly_mean"", ""source_derivation_types"": [""O"", ""O"", ""O""], ""source_months"": [""2022-M01"", ""2022-M02"", ""2022-M03""], ""source_observation_count"": 3, ""source_series_dimensions"": {""ACCESS_SHARING_LEVEL"": ""PUBLIC_OPEN"", ""COUNTRY"": ""SRB"", ""FREQUENCY"": ""M"", ""IFS_FLAG"": ""true"", ""INDICATOR"": ""PPI"", ""METHODOLOGY"": ""PPI"", ""OVERLAP"": ""OL"", ""REFERENCE_PERIOD"": ""2010=100"", ""SCALE"": ""0"", ""SECURITY_CLASSIFICATION"": ""PUB"", ""TYPE_OF_TRANSFORMATION"": ""IX""}}"
SRB,producer_price_index_quarterly_imf,2022-Q2,quarterly,164.5860476134075,\N,derived,IMF_PPI,IMF|ACCESS_SHARING_LEVEL=PUBLIC_OPEN|FREQUENCY=M|IFS_FLAG=true|INDICATOR=PPI|METHODOLOGY=PPI|OVERLAP=OL|REFERENCE_PERIOD=2010=100|SCALE=0|SECURITY_CLASSIFICATION=PUB|TYPE_OF_TRANSFORMATION=IX|aggregation=quarterly_mean,\N,"{""aggregation_method"": ""quarterly_mean"", ""source_derivation_types"": [""O"", ""O"", ""O""], ""source_months"": [""2022-M04"", ""2022-M05"", ""2022-M06""], ""source_observation_count"": 3, ""source_series_dimensions"": {""ACCESS_SHARING_LEVEL"": ""PUBLIC_OPEN"", ""COUNTRY"": ""SRB"", ""FREQUENCY"": ""M"", ""IFS_FLAG"": ""true"", ""INDICATOR"": ""PPI"", ""METHODOLOGY"": ""PPI"", ""OVERLAP"": ""OL"", ""REFERENCE_PERIOD"": ""2010=100"", ""SCALE"": ""0"", ""SECURITY_CLASSIFICATION"": ""PUB"", ""TYPE_OF_TRANSFORMATION"": ""IX""}}"
SRB,producer_price_index_quarterly_imf,2022-Q3,quarterly,167.38126258438942,\N,derived,IMF_PPI,IMF|ACCESS_SHARING_LEVEL=PUBLIC_OPEN|FREQUENCY=M|IFS_FLAG=true|INDICATOR=PPI|METHODOLOGY=PPI|OVERLAP=OL|REFERENCE_PERIOD=2010=100|SCALE=0|SECURITY_CLASSIFICATION=PUB|TYPE_OF_TRANSFORMATION=IX|aggregation=quarterly_mean,\N,"{""aggregation_method"": ""quarterly_mean"", ""source_derivation_types"": [""O"", ""O"", ""O""], ""source_months"": [""2022-M07"", ""2022-M08"", ""2022-M09""], ""source_observation_count"": 3, ""source_series_dimensions"": {""ACCESS_SHARING_LEVEL"": ""PUBLIC_OPEN"", ""COUNTRY"": ""SRB"", ""FREQUENCY"": ""M"", ""IFS_FLAG"": ""true"", ""INDICATOR"": ""PPI"", ""METHODOLOGY"": ""PPI"", ""OVERLAP"": ""OL"", ""REFERENCE_PERIOD"": ""2010=100"", ""SCALE"": ""0"", ""SECURITY_CLASSIFICATION"": ""PUB"", ""TYPE_OF_TRANSFORMATION"": ""IX""}}"
SRB,producer_price_index_quarterly_imf,2022-Q4,quarterly,169.4184531564609,\N,derived,IMF_PPI,IMF|ACCESS_SHARING_LEVEL=PUBLIC_OPEN|FREQUENCY=M|IFS_FLAG=true|INDICATOR=PPI|METHODOLOGY=PPI|OVERLAP=OL|REFERENCE_PERIOD=2010=100|SCALE=0|SECURITY_CLASSIFICATION=PUB|TYPE_OF_TRANSFORMATION=IX|aggregation=quarterly_mean,\N,"{""aggregation_method"": ""quarterly_mean"", ""source_derivation_types"": [""O"", ""O"", ""O""], ""source_months"": [""2022-M10"", ""2022-M11"", ""2022-M12""], ""source_observation_count"": 3, ""source_series_dimensions"": {""ACCESS_SHARING_LEVEL"": ""PUBLIC_OPEN"", ""COUNTRY"": ""SRB"", ""FREQUENCY"": ""M"", ""IFS_FLAG"": ""true"", ""INDICATOR"": ""PPI"", ""METHODOLOGY"": ""PPI"", ""OVERLAP"": ""OL"", ""REFERENCE_PERIOD"": ""2010=100"", ""SCALE"": ""0"", ""SECURITY_CLASSIFICATION"": ""PUB"", ""TYPE_OF_TRANSFORMATION"": ""IX""}}"
SRB,producer_price_index_quarterly_imf,2023-Q1,quarterly,169.56058273125663,\N,derived,IMF_PPI,IMF|ACCESS_SHARING_LEVEL=PUBLIC_OPEN|FREQUENCY=M|IFS_FLAG=true|INDICATOR=PPI|METHODOLOGY=PPI|OVERLAP=OL|REFERENCE_PERIOD=2010=100|SCALE=0|SECURITY_CLASSIFICATION=PUB|TYPE_OF_TRANSFORMATION=IX|aggregation=quarterly_mean,\N,"{""aggregation_method"": ""quarterly_mean"", ""source_derivation_types"": [""O"", ""O"", ""O""], ""source_months"": [""2023-M01"", ""2023-M02"", ""2023-M03""], ""source_observation_count"": 3, ""source_series_dimensions"": {""ACCESS_SHARING_LEVEL"": ""PUBLIC_OPEN"", ""COUNTRY"": ""SRB"", ""FREQUENCY"": ""M"", ""IFS_FLAG"": ""true"", ""INDICATOR"": ""PPI"", ""METHODOLOGY"": ""PPI"", ""OVERLAP"": ""OL"", ""REFERENCE_PERIOD"": ""2010=100"", ""SCALE"": ""0"", ""SECURITY_CLASSIFICATION"": ""PUB"", ""TYPE_OF_TRANSFORMATION"": ""IX""}}"
SRB,producer_price_index_quarterly_imf,2023-Q2,quarterly,169.22894705673332,\N,derived,IMF_PPI,IMF|ACCESS_SHARING_LEVEL=PUBLIC_OPEN|FREQUENCY=M|IFS_FLAG=true|INDICATOR=PPI|METHODOLOGY=PPI|OVERLAP=OL|REFERENCE_PERIOD=2010=100|SCALE=0|SECURITY_CLASSIFICATION=PUB|TYPE_OF_TRANSFORMATION=IX|aggregation=quarterly_mean,\N,"{""aggregation_method"": ""quarterly_mean"", ""source_derivation_types"": [""O"", ""O"", ""O""], ""source_months"": [""2023-M04"", ""2023-M05"", ""2023-M06""], ""source_observation_count"": 3, ""source_series_dimensions"": {""ACCESS_SHARING_LEVEL"": ""PUBLIC_OPEN"", ""COUNTRY"": ""SRB"", ""FREQUENCY"": ""M"", ""IFS_FLAG"": ""true"", ""INDICATOR"": ""PPI"", ""METHODOLOGY"": ""PPI"", ""OVERLAP"": ""OL"", ""REFERENCE_PERIOD"": ""2010=100"", ""SCALE"": ""0"", ""SECURITY_CLASSIFICATION"": ""PUB"", ""TYPE_OF_TRANSFORMATION"": ""IX""}}"
SRB,producer_price_index_quarterly_imf,2023-Q3,quarterly,169.65533578112039,\N,derived,IMF_PPI,IMF|ACCESS_SHARING_LEVEL=PUBLIC_OPEN|FREQUENCY=M|IFS_FLAG=true|INDICATOR=PPI|METHODOLOGY=PPI|OVERLAP=OL|REFERENCE_PERIOD=2010=100|SCALE=0|SECURITY_CLASSIFICATION=PUB|TYPE_OF_TRANSFORMATION=IX|aggregation=quarterly_mean,\N,"{""aggregation_method"": ""quarterly_mean"", ""source_derivation_types"": [""O"", ""O"", ""O""], ""source_months"": [""2023-M07"", ""2023-M08"", ""2023-M09""], ""source_observation_count"": 3, ""source_series_dimensions"": {""ACCESS_SHARING_LEVEL"": ""PUBLIC_OPEN"", ""COUNTRY"": ""SRB"", ""FREQUENCY"": ""M"", ""IFS_FLAG"": ""true"", ""INDICATOR"": ""PPI"", ""METHODOLOGY"": ""PPI"", ""OVERLAP"": ""OL"", ""REFERENCE_PERIOD"": ""2010=100"", ""SCALE"": ""0"", ""SECURITY_CLASSIFICATION"": ""PUB"", ""TYPE_OF_TRANSFORMATION"": ""IX""}}"
SRB,producer_price_index_quarterly_imf,2023-Q4,quarterly,170.1291010304394,\N,derived,IMF_PPI,IMF|ACCESS_SHARING_LEVEL=PUBLIC_OPEN|FREQUENCY=M|IFS_FLAG=true|INDICATOR=PPI|METHODOLOGY=PPI|OVERLAP=OL|REFERENCE_PERIOD=2010=100|SCALE=0|SECURITY_CLASSIFICATION=PUB|TYPE_OF_TRANSFORMATION=IX|aggregation=quarterly_mean,\N,"{""aggregation_method"": ""quarterly_mean"", ""source_derivation_types"": [""O"", ""O"", ""O""], ""source_months"": [""2023-M10"", ""2023-M11"", ""2023-M12""], ""source_observation_count"": 3, ""source_series_dimensions"": {""ACCESS_SHARING_LEVEL"": ""PUBLIC_OPEN"", ""COUNTRY"": ""SRB"", ""FREQUENCY"": ""M"", ""IFS_FLAG"": ""true"", ""INDICATOR"": ""PPI"", ""METHODOLOGY"": ""PPI"", ""OVERLAP"": ""OL"", ""REFERENCE_PERIOD"": ""2010=100"", ""SCALE"": ""0"", ""SECURITY_CLASSIFICATION"": ""PUB"", ""TYPE_OF_TRANSFORMATION"": ""IX""}}"
SRB,producer_price_index_quarterly_imf,2024-Q1,quarterly,171.0766315290773,\N,derived,IMF_PPI,IMF|ACCESS_SHARING_LEVEL=PUBLIC_OPEN|FREQUENCY=M|IFS_FLAG=true|INDICATOR=PPI|METHODOLOGY=PPI|OVERLAP=OL|REFERENCE_PERIOD=2010=100|SCALE=0|SECURITY_CLASSIFICATION=PUB|TYPE_OF_TRANSFORMATION=IX|aggregation=quarterly_mean,\N,"{""aggregation_method"": ""quarterly_mean"", ""source_derivation_types"": [""O"", ""O"", ""O""], ""source_months"": [""2024-M01"", ""2024-M02"", ""2024-M03""], ""source_observation_count"": 3, ""source_series_dimensions"": {""ACCESS_SHARING_LEVEL"": ""PUBLIC_OPEN"", ""COUNTRY"": ""SRB"", ""FREQUENCY"": ""M"", ""IFS_FLAG"": ""true"", ""INDICATOR"": ""PPI"", ""METHODOLOGY"": ""PPI"", ""OVERLAP"": ""OL"", ""REFERENCE_PERIOD"": ""2010=100"", ""SCALE"": ""0"", ""SECURITY_CLASSIFICATION"": ""PUB"", ""TYPE_OF_TRANSFORMATION"": ""IX""}}"
SRB,producer_price_index_quarterly_imf,2024-Q2,quarterly,172.35579770223845,\N,derived,IMF_PPI,IMF|ACCESS_SHARING_LEVEL=PUBLIC_OPEN|FREQUENCY=M|IFS_FLAG=true|INDICATOR=PPI|METHODOLOGY=PPI|OVERLAP=OL|REFERENCE_PERIOD=2010=100|SCALE=0|SECURITY_CLASSIFICATION=PUB|TYPE_OF_TRANSFORMATION=IX|aggregation=quarterly_mean,\N,"{""aggregation_method"": ""quarterly_mean"", ""source_derivation_types"": [""O"", ""O"", ""O""], ""source_months"": [""2024-M04"", ""2024-M05"", ""2024-M06""], ""source_observation_count"": 3, ""source_series_dimensions"": {""ACCESS_SHARING_LEVEL"": ""PUBLIC_OPEN"", ""COUNTRY"": ""SRB"", ""FREQUENCY"": ""M"", ""IFS_FLAG"": ""true"", ""INDICATOR"": ""PPI"", ""METHODOLOGY"": ""PPI"", ""OVERLAP"": ""OL"", ""REFERENCE_PERIOD"": ""2010=100"", ""SCALE"": ""0"", ""SECURITY_CLASSIFICATION"": ""PUB"", ""TYPE_OF_TRANSFORMATION"": ""IX""}}"
SRB,producer_price_index_quarterly_imf,2024-Q3,quarterly,171.36089067866865,\N,derived,IMF_PPI,IMF|ACCESS_SHARING_LEVEL=PUBLIC_OPEN|FREQUENCY=M|IFS_FLAG=true|INDICATOR=PPI|METHODOLOGY=PPI|OVERLAP=OL|REFERENCE_PERIOD=2010=100|SCALE=0|SECURITY_CLASSIFICATION=PUB|TYPE_OF_TRANSFORMATION=IX|aggregation=quarterly_mean,\N,"{""aggregation_method"": ""quarterly_mean"", ""source_derivation_types"": [""O"", ""O"", ""O""], ""source_months"": [""2024-M07"", ""2024-M08"", ""2024-M09""], ""source_observation_count"": 3, ""source_series_dimensions"": {""ACCESS_SHARING_LEVEL"": ""PUBLIC_OPEN"", ""COUNTRY"": ""SRB"", ""FREQUENCY"": ""M"", ""IFS_FLAG"": ""true"", ""INDICATOR"": ""PPI"", ""METHODOLOGY"": ""PPI"", ""OVERLAP"": ""OL"", ""REFERENCE_PERIOD"": ""2010=100"", ""SCALE"": ""0"", ""SECURITY_CLASSIFICATION"": ""PUB"", ""TYPE_OF_TRANSFORMATION"": ""IX""}}"
SRB,producer_price_index_quarterly_imf,2024-Q4,quarterly,171.83465592798765,\N,derived,IMF_PPI,IMF|ACCESS_SHARING_LEVEL=PUBLIC_OPEN|FREQUENCY=M|IFS_FLAG=true|INDICATOR=PPI|METHODOLOGY=PPI|OVERLAP=OL|REFERENCE_PERIOD=2010=100|SCALE=0|SECURITY_CLASSIFICATION=PUB|TYPE_OF_TRANSFORMATION=IX|aggregation=quarterly_mean,\N,"{""aggregation_method"": ""quarterly_mean"", ""source_derivation_types"": [""O"", ""O"", ""O""], ""source_months"": [""2024-M10"", ""2024-M11"", ""2024-M12""], ""source_observation_count"": 3, ""source_series_dimensions"": {""ACCESS_SHARING_LEVEL"": ""PUBLIC_OPEN"", ""COUNTRY"": ""SRB"", ""FREQUENCY"": ""M"", ""IFS_FLAG"": ""true"", ""INDICATOR"": ""PPI"", ""METHODOLOGY"": ""PPI"", ""OVERLAP"": ""OL"", ""REFERENCE_PERIOD"": ""2010=100"", ""SCALE"": ""0"", ""SECURITY_CLASSIFICATION"": ""PUB"", ""TYPE_OF_TRANSFORMATION"": ""IX""}}"
SVK,producer_price_index_quarterly_imf,2020-Q1,quarterly,102.80777537796973,\N,derived,IMF_PPI,IMF|ACCESS_SHARING_LEVEL=PUBLIC_OPEN|FREQUENCY=M|IFS_FLAG=true|INDICATOR=PPI|METHODOLOGY=PPI|OVERLAP=OL|REFERENCE_PERIOD=2010=100|SCALE=0|SECURITY_CLASSIFICATION=PUB|TYPE_OF_TRANSFORMATION=IX|aggregation=quarterly_mean,\N,"{""aggregation_method"": ""quarterly_mean"", ""source_derivation_types"": [""O"", ""O"", ""O""], ""source_months"": [""2020-M01"", ""2020-M02"", ""2020-M03""], ""source_observation_count"": 3, ""source_series_dimensions"": {""ACCESS_SHARING_LEVEL"": ""PUBLIC_OPEN"", ""COUNTRY"": ""SVK"", ""FREQUENCY"": ""M"", ""IFS_FLAG"": ""true"", ""INDICATOR"": ""PPI"", ""METHODOLOGY"": ""PPI"", ""OVERLAP"": ""OL"", ""REFERENCE_PERIOD"": ""2010=100"", ""SCALE"": ""0"", ""SECURITY_CLASSIFICATION"": ""PUB"", ""TYPE_OF_TRANSFORMATION"": ""IX""}}"
SVK,producer_price_index_quarterly_imf,2020-Q2,quarterly,100.64794816414685,\N,derived,IMF_PPI,IMF|ACCESS_SHARING_LEVEL=PUBLIC_OPEN|FREQUENCY=M|IFS_FLAG=true|INDICATOR=PPI|METHODOLOGY=PPI|OVERLAP=OL|REFERENCE_PERIOD=2010=100|SCALE=0|SECURITY_CLASSIFICATION=PUB|TYPE_OF_TRANSFORMATION=IX|aggregation=quarterly_mean,\N,"{""aggregation_method"": ""quarterly_mean"", ""source_derivation_types"": [""O"", ""O"", ""O""], ""source_months"": [""2020-M04"", ""2020-M05"", ""2020-M06""], ""source_observation_count"": 3, ""source_series_dimensions"": {""ACCESS_SHARING_LEVEL"": ""PUBLIC_OPEN"", ""COUNTRY"": ""SVK"", ""FREQUENCY"": ""M"", ""IFS_FLAG"": ""true"", ""INDICATOR"": ""PPI"", ""METHODOLOGY"": ""PPI"", ""OVERLAP"": ""OL"", ""REFERENCE_PERIOD"": ""2010=100"", ""SCALE"": ""0"", ""SECURITY_CLASSIFICATION"": ""PUB"", ""TYPE_OF_TRANSFORMATION"": ""IX""}}"
SVK,producer_price_index_quarterly_imf,2020-Q3,quarterly,100.43196544276456,\N,derived,IMF_PPI,IMF|ACCESS_SHARING_LEVEL=PUBLIC_OPEN|FREQUENCY=M|IFS_FLAG=true|INDICATOR=PPI|METHODOLOGY=PPI|OVERLAP=OL|REFERENCE_PERIOD=2010=100|SCALE=0|SECURITY_CLASSIFICATION=PUB|TYPE_OF_TRANSFORMATION=IX|aggregation=quarterly_mean,\N,"{""aggregation_method"": ""quarterly_mean"", ""source_derivation_types"": [""O"", ""O"", ""O""], ""source_months"": [""2020-M07"", ""2020-M08"", ""2020-M09""], ""source_observation_count"": 3, ""source_series_dimensions"": {""ACCESS_SHARING_LEVEL"": ""PUBLIC_OPEN"", ""COUNTRY"": ""SVK"", ""FREQUENCY"": ""M"", ""IFS_FLAG"": ""true"", ""INDICATOR"": ""PPI"", ""METHODOLOGY"": ""PPI"", ""OVERLAP"": ""OL"", ""REFERENCE_PERIOD"": ""2010=100"", ""SCALE"": ""0"", ""SECURITY_CLASSIFICATION"": ""PUB"", ""TYPE_OF_TRANSFORMATION"": ""IX""}}"
SVK,producer_price_index_quarterly_imf,2020-Q4,quarterly,100.61195104391646,\N,derived,IMF_PPI,IMF|ACCESS_SHARING_LEVEL=PUBLIC_OPEN|FREQUENCY=M|IFS_FLAG=true|INDICATOR=PPI|METHODOLOGY=PPI|OVERLAP=OL|REFERENCE_PERIOD=2010=100|SCALE=0|SECURITY_CLASSIFICATION=PUB|TYPE_OF_TRANSFORMATION=IX|aggregation=quarterly_mean,\N,"{""aggregation_method"": ""quarterly_mean"", ""source_derivation_types"": [""O"", ""O"", ""O""], ""source_months"": [""2020-M10"", ""2020-M11"", ""2020-M12""], ""source_observation_count"": 3, ""source_series_dimensions"": {""ACCESS_SHARING_LEVEL"": ""PUBLIC_OPEN"", ""COUNTRY"": ""SVK"", ""FREQUENCY"": ""M"", ""IFS_FLAG"": ""true"", ""INDICATOR"": ""PPI"", ""METHODOLOGY"": ""PPI"", ""OVERLAP"": ""OL"", ""REFERENCE_PERIOD"": ""2010=100"", ""SCALE"": ""0"", ""SECURITY_CLASSIFICATION"": ""PUB"", ""TYPE_OF_TRANSFORMATION"": ""IX""}}"
SVK,producer_price_index_quarterly_imf,2021-Q1,quarterly,101.94384449244059,\N,derived,IMF_PPI,IMF|ACCESS_SHARING_LEVEL=PUBLIC_OPEN|FREQUENCY=M|IFS_FLAG=true|INDICATOR=PPI|METHODOLOGY=PPI|OVERLAP=OL|REFERENCE_PERIOD=2010=100|SCALE=0|SECURITY_CLASSIFICATION=PUB|TYPE_OF_TRANSFORMATION=IX|aggregation=quarterly_mean,\N,"{""aggregation_method"": ""quarterly_mean"", ""source_derivation_types"": [""O"", ""O"", ""O""], ""source_months"": [""2021-M01"", ""2021-M02"", ""2021-M03""], ""source_observation_count"": 3, ""source_series_dimensions"": {""ACCESS_SHARING_LEVEL"": ""PUBLIC_OPEN"", ""COUNTRY"": ""SVK"", ""FREQUENCY"": ""M"", ""IFS_FLAG"": ""true"", ""INDICATOR"": ""PPI"", ""METHODOLOGY"": ""PPI"", ""OVERLAP"": ""OL"", ""REFERENCE_PERIOD"": ""2010=100"", ""SCALE"": ""0"", ""SECURITY_CLASSIFICATION"": ""PUB"", ""TYPE_OF_TRANSFORMATION"": ""IX""}}"
SVK,producer_price_index_quarterly_imf,2021-Q2,quarterly,104.93160547156226,\N,derived,IMF_PPI,IMF|ACCESS_SHARING_LEVEL=PUBLIC_OPEN|FREQUENCY=M|IFS_FLAG=true|INDICATOR=PPI|METHODOLOGY=PPI|OVERLAP=OL|REFERENCE_PERIOD=2010=100|SCALE=0|SECURITY_CLASSIFICATION=PUB|TYPE_OF_TRANSFORMATION=IX|aggregation=quarterly_mean,\N,"{""aggregation_method"": ""quarterly_mean"", ""source_derivation_types"": [""O"", ""O"", ""O""], ""source_months"": [""2021-M04"", ""2021-M05"", ""2021-M06""], ""source_observation_count"": 3, ""source_series_dimensions"": {""ACCESS_SHARING_LEVEL"": ""PUBLIC_OPEN"", ""COUNTRY"": ""SVK"", ""FREQUENCY"": ""M"", ""IFS_FLAG"": ""true"", ""INDICATOR"": ""PPI"", ""METHODOLOGY"": ""PPI"", ""OVERLAP"": ""OL"", ""REFERENCE_PERIOD"": ""2010=100"", ""SCALE"": ""0"", ""SECURITY_CLASSIFICATION"": ""PUB"", ""TYPE_OF_TRANSFORMATION"": ""IX""}}"
SVK,producer_price_index_quarterly_imf,2021-Q3,quarterly,109.7912167026638,\N,derived,IMF_PPI,IMF|ACCESS_SHARING_LEVEL=PUBLIC_OPEN|FREQUENCY=M|IFS_FLAG=true|INDICATOR=PPI|METHODOLOGY=PPI|OVERLAP=OL|REFERENCE_PERIOD=2010=100|SCALE=0|SECURITY_CLASSIFICATION=PUB|TYPE_OF_TRANSFORMATION=IX|aggregation=quarterly_mean,\N,"{""aggregation_method"": ""quarterly_mean"", ""source_derivation_types"": [""O"", ""O"", ""O""], ""source_months"": [""2021-M07"", ""2021-M08"", ""2021-M09""], ""source_observation_count"": 3, ""source_series_dimensions"": {""ACCESS_SHARING_LEVEL"": ""PUBLIC_OPEN"", ""COUNTRY"": ""SVK"", ""FREQUENCY"": ""M"", ""IFS_FLAG"": ""true"", ""INDICATOR"": ""PPI"", ""METHODOLOGY"": ""PPI"", ""OVERLAP"": ""OL"", ""REFERENCE_PERIOD"": ""2010=100"", ""SCALE"": ""0"", ""SECURITY_CLASSIFICATION"": ""PUB"", ""TYPE_OF_TRANSFORMATION"": ""IX""}}"
SVK,producer_price_index_quarterly_imf,2021-Q4,quarterly,115.26277897768178,\N,derived,IMF_PPI,IMF|ACCESS_SHARING_LEVEL=PUBLIC_OPEN|FREQUENCY=M|IFS_FLAG=true|INDICATOR=PPI|METHODOLOGY=PPI|OVERLAP=OL|REFERENCE_PERIOD=2010=100|SCALE=0|SECURITY_CLASSIFICATION=PUB|TYPE_OF_TRANSFORMATION=IX|aggregation=quarterly_mean,\N,"{""aggregation_method"": ""quarterly_mean"", ""source_derivation_types"": [""O"", ""O"", ""O""], ""source_months"": [""2021-M10"", ""2021-M11"", ""2021-M12""], ""source_observation_count"": 3, ""source_series_dimensions"": {""ACCESS_SHARING_LEVEL"": ""PUBLIC_OPEN"", ""COUNTRY"": ""SVK"", ""FREQUENCY"": ""M"", ""IFS_FLAG"": ""true"", ""INDICATOR"": ""PPI"", ""METHODOLOGY"": ""PPI"", ""OVERLAP"": ""OL"", ""REFERENCE_PERIOD"": ""2010=100"", ""SCALE"": ""0"", ""SECURITY_CLASSIFICATION"": ""PUB"", ""TYPE_OF_TRANSFORMATION"": ""IX""}}"
SVK,producer_price_index_quarterly_imf,2022-Q1,quarterly,128.22174226061915,\N,derived,IMF_PPI,IMF|ACCESS_SHARING_LEVEL=PUBLIC_OPEN|FREQUENCY=M|IFS_FLAG=true|INDICATOR=PPI|METHODOLOGY=PPI|OVERLAP=OL|REFERENCE_PERIOD=2010=100|SCALE=0|SECURITY_CLASSIFICATION=PUB|TYPE_OF_TRANSFORMATION=IX|aggregation=quarterly_mean,\N,"{""aggregation_method"": ""quarterly_mean"", ""source_derivation_types"": [""O"", ""O"", ""O""], ""source_months"": [""2022-M01"", ""2022-M02"", ""2022-M03""], ""source_observation_count"": 3, ""source_series_dimensions"": {""ACCESS_SHARING_LEVEL"": ""PUBLIC_OPEN"", ""COUNTRY"": ""SVK"", ""FREQUENCY"": ""M"", ""IFS_FLAG"": ""true"", ""INDICATOR"": ""PPI"", ""METHODOLOGY"": ""PPI"", ""OVERLAP"": ""OL"", ""REFERENCE_PERIOD"": ""2010=100"", ""SCALE"": ""0"", ""SECURITY_CLASSIFICATION"": ""PUB"", ""TYPE_OF_TRANSFORMATION"": ""IX""}}"
SVK,producer_price_index_quarterly_imf,2022-Q2,quarterly,138.76889848812093,\N,derived,IMF_PPI,IMF|ACCESS_SHARING_LEVEL=PUBLIC_OPEN|FREQUENCY=M|IFS_FLAG=true|INDICATOR=PPI|METHODOLOGY=PPI|OVERLAP=OL|REFERENCE_PERIOD=2010=100|SCALE=0|SECURITY_CLASSIFICATION=PUB|TYPE_OF_TRANSFORMATION=IX|aggregation=quarterly_mean,\N,"{""aggregation_method"": ""quarterly_mean"", ""source_derivation_types"": [""O"", ""O"", ""O""], ""source_months"": [""2022-M04"", ""2022-M05"", ""2022-M06""], ""source_observation_count"": 3, ""source_series_dimensions"": {""ACCESS_SHARING_LEVEL"": ""PUBLIC_OPEN"", ""COUNTRY"": ""SVK"", ""FREQUENCY"": ""M"", ""IFS_FLAG"": ""true"", ""INDICATOR"": ""PPI"", ""METHODOLOGY"": ""PPI"", ""OVERLAP"": ""OL"", ""REFERENCE_PERIOD"": ""2010=100"", ""SCALE"": ""0"", ""SECURITY_CLASSIFICATION"": ""PUB"", ""TYPE_OF_TRANSFORMATION"": ""IX""}}"
SVK,producer_price_index_quarterly_imf,2022-Q3,quarterly,146.11231101511876,\N,derived,IMF_PPI,IMF|ACCESS_SHARING_LEVEL=PUBLIC_OPEN|FREQUENCY=M|IFS_FLAG=true|INDICATOR=PPI|METHODOLOGY=PPI|OVERLAP=OL|REFERENCE_PERIOD=2010=100|SCALE=0|SECURITY_CLASSIFICATION=PUB|TYPE_OF_TRANSFORMATION=IX|aggregation=quarterly_mean,\N,"{""aggregation_method"": ""quarterly_mean"", ""source_derivation_types"": [""O"", ""O"", ""O""], ""source_months"": [""2022-M07"", ""2022-M08"", ""2022-M09""], ""source_observation_count"": 3, ""source_series_dimensions"": {""ACCESS_SHARING_LEVEL"": ""PUBLIC_OPEN"", ""COUNTRY"": ""SVK"", ""FREQUENCY"": ""M"", ""IFS_FLAG"": ""true"", ""INDICATOR"": ""PPI"", ""METHODOLOGY"": ""PPI"", ""OVERLAP"": ""OL"", ""REFERENCE_PERIOD"": ""2010=100"", ""SCALE"": ""0"", ""SECURITY_CLASSIFICATION"": ""PUB"", ""TYPE_OF_TRANSFORMATION"": ""IX""}}"
SVK,producer_price_index_quarterly_imf,2022-Q4,quarterly,146.29229661627065,\N,derived,IMF_PPI,IMF|ACCESS_SHARING_LEVEL=PUBLIC_OPEN|FREQUENCY=M|IFS_FLAG=true|INDICATOR=PPI|METHODOLOGY=PPI|OVERLAP=OL|REFERENCE_PERIOD=2010=100|SCALE=0|SECURITY_CLASSIFICATION=PUB|TYPE_OF_TRANSFORMATION=IX|aggregation=quarterly_mean,\N,"{""aggregation_method"": ""quarterly_mean"", ""source_derivation_types"": [""O"", ""O"", ""O""], ""source_months"": [""2022-M10"", ""2022-M11"", ""2022-M12""], ""source_observation_count"": 3, ""source_series_dimensions"": {""ACCESS_SHARING_LEVEL"": ""PUBLIC_OPEN"", ""COUNTRY"": ""SVK"", ""FREQUENCY"": ""M"", ""IFS_FLAG"": ""true"", ""INDICATOR"": ""PPI"", ""METHODOLOGY"": ""PPI"", ""OVERLAP"": ""OL"", ""REFERENCE_PERIOD"": ""2010=100"", ""SCALE"": ""0"", ""SECURITY_CLASSIFICATION"": ""PUB"", ""TYPE_OF_TRANSFORMATION"": ""IX""}}"
SVK,producer_price_index_quarterly_imf,2023-Q1,quarterly,154.60763138948883,\N,derived,IMF_PPI,IMF|ACCESS_SHARING_LEVEL=PUBLIC_OPEN|FREQUENCY=M|IFS_FLAG=true|INDICATOR=PPI|METHODOLOGY=PPI|OVERLAP=OL|REFERENCE_PERIOD=2010=100|SCALE=0|SECURITY_CLASSIFICATION=PUB|TYPE_OF_TRANSFORMATION=IX|aggregation=quarterly_mean,\N,"{""aggregation_method"": ""quarterly_mean"", ""source_derivation_types"": [""O"", ""O"", ""O""], ""source_months"": [""2023-M01"", ""2023-M02"", ""2023-M03""], ""source_observation_count"": 3, ""source_series_dimensions"": {""ACCESS_SHARING_LEVEL"": ""PUBLIC_OPEN"", ""COUNTRY"": ""SVK"", ""FREQUENCY"": ""M"", ""IFS_FLAG"": ""true"", ""INDICATOR"": ""PPI"", ""METHODOLOGY"": ""PPI"", ""OVERLAP"": ""OL"", ""REFERENCE_PERIOD"": ""2010=100"", ""SCALE"": ""0"", ""SECURITY_CLASSIFICATION"": ""PUB"", ""TYPE_OF_TRANSFORMATION"": ""IX""}}"
SVK,producer_price_index_quarterly_imf,2023-Q2,quarterly,152.05183585313173,\N,derived,IMF_PPI,IMF|ACCESS_SHARING_LEVEL=PUBLIC_OPEN|FREQUENCY=M|IFS_FLAG=true|INDICATOR=PPI|METHODOLOGY=PPI|OVERLAP=OL|REFERENCE_PERIOD=2010=100|SCALE=0|SECURITY_CLASSIFICATION=PUB|TYPE_OF_TRANSFORMATION=IX|aggregation=quarterly_mean,\N,"{""aggregation_method"": ""quarterly_mean"", ""source_derivation_types"": [""O"", ""O"", ""O""], ""source_months"": [""2023-M04"", ""2023-M05"", ""2023-M06""], ""source_observation_count"": 3, ""source_series_dimensions"": {""ACCESS_SHARING_LEVEL"": ""PUBLIC_OPEN"", ""COUNTRY"": ""SVK"", ""FREQUENCY"": ""M"", ""IFS_FLAG"": ""true"", ""INDICATOR"": ""PPI"", ""METHODOLOGY"": ""PPI"", ""OVERLAP"": ""OL"", ""REFERENCE_PERIOD"": ""2010=100"", ""SCALE"": ""0"", ""SECURITY_CLASSIFICATION"": ""PUB"", ""TYPE_OF_TRANSFORMATION"": ""IX""}}"
SVK,producer_price_index_quarterly_imf,2023-Q3,quarterly,151.5478761699064,\N,derived,IMF_PPI,IMF|ACCESS_SHARING_LEVEL=PUBLIC_OPEN|FREQUENCY=M|IFS_FLAG=true|INDICATOR=PPI|METHODOLOGY=PPI|OVERLAP=OL|REFERENCE_PERIOD=2010=100|SCALE=0|SECURITY_CLASSIFICATION=PUB|TYPE_OF_TRANSFORMATION=IX|aggregation=quarterly_mean,\N,"{""aggregation_method"": ""quarterly_mean"", ""source_derivation_types"": [""O"", ""O"", ""O""], ""source_months"": [""2023-M07"", ""2023-M08"", ""2023-M09""], ""source_observation_count"": 3, ""source_series_dimensions"": {""ACCESS_SHARING_LEVEL"": ""PUBLIC_OPEN"", ""COUNTRY"": ""SVK"", ""FREQUENCY"": ""M"", ""IFS_FLAG"": ""true"", ""INDICATOR"": ""PPI"", ""METHODOLOGY"": ""PPI"", ""OVERLAP"": ""OL"", ""REFERENCE_PERIOD"": ""2010=100"", ""SCALE"": ""0"", ""SECURITY_CLASSIFICATION"": ""PUB"", ""TYPE_OF_TRANSFORMATION"": ""IX""}}"
SVK,producer_price_index_quarterly_imf,2023-Q4,quarterly,150.46796256299493,\N,derived,IMF_PPI,IMF|ACCESS_SHARING_LEVEL=PUBLIC_OPEN|FREQUENCY=M|IFS_FLAG=true|INDICATOR=PPI|METHODOLOGY=PPI|OVERLAP=OL|REFERENCE_PERIOD=2010=100|SCALE=0|SECURITY_CLASSIFICATION=PUB|TYPE_OF_TRANSFORMATION=IX|aggregation=quarterly_mean,\N,"{""aggregation_method"": ""quarterly_mean"", ""source_derivation_types"": [""O"", ""O"", ""O""], ""source_months"": [""2023-M10"", ""2023-M11"", ""2023-M12""], ""source_observation_count"": 3, ""source_series_dimensions"": {""ACCESS_SHARING_LEVEL"": ""PUBLIC_OPEN"", ""COUNTRY"": ""SVK"", ""FREQUENCY"": ""M"", ""IFS_FLAG"": ""true"", ""INDICATOR"": ""PPI"", ""METHODOLOGY"": ""PPI"", ""OVERLAP"": ""OL"", ""REFERENCE_PERIOD"": ""2010=100"", ""SCALE"": ""0"", ""SECURITY_CLASSIFICATION"": ""PUB"", ""TYPE_OF_TRANSFORMATION"": ""IX""}}"
SVK,producer_price_index_quarterly_imf,2024-Q1,quarterly,133.1533477321814,\N,derived,IMF_PPI,IMF|ACCESS_SHARING_LEVEL=PUBLIC_OPEN|FREQUENCY=M|IFS_FLAG=true|INDICATOR=PPI|METHODOLOGY=PPI|OVERLAP=OL|REFERENCE_PERIOD=2010=100|SCALE=0|SECURITY_CLASSIFICATION=PUB|TYPE_OF_TRANSFORMATION=IX|aggregation=quarterly_mean,\N,"{""aggregation_method"": ""quarterly_mean"", ""source_derivation_types"": [""O"", ""O"", ""O""], ""source_months"": [""2024-M01"", ""2024-M02"", ""2024-M03""], ""source_observation_count"": 3, ""source_series_dimensions"": {""ACCESS_SHARING_LEVEL"": ""PUBLIC_OPEN"", ""COUNTRY"": ""SVK"", ""FREQUENCY"": ""M"", ""IFS_FLAG"": ""true"", ""INDICATOR"": ""PPI"", ""METHODOLOGY"": ""PPI"", ""OVERLAP"": ""OL"", ""REFERENCE_PERIOD"": ""2010=100"", ""SCALE"": ""0"", ""SECURITY_CLASSIFICATION"": ""PUB"", ""TYPE_OF_TRANSFORMATION"": ""IX""}}"
SVK,producer_price_index_quarterly_imf,2024-Q2,quarterly,132.5053995680345,\N,derived,IMF_PPI,IMF|ACCESS_SHARING_LEVEL=PUBLIC_OPEN|FREQUENCY=M|IFS_FLAG=true|INDICATOR=PPI|METHODOLOGY=PPI|OVERLAP=OL|REFERENCE_PERIOD=2010=100|SCALE=0|SECURITY_CLASSIFICATION=PUB|TYPE_OF_TRANSFORMATION=IX|aggregation=quarterly_mean,\N,"{""aggregation_method"": ""quarterly_mean"", ""source_derivation_types"": [""O"", ""O"", ""O""], ""source_months"": [""2024-M04"", ""2024-M05"", ""2024-M06""], ""source_observation_count"": 3, ""source_series_dimensions"": {""ACCESS_SHARING_LEVEL"": ""PUBLIC_OPEN"", ""COUNTRY"": ""SVK"", ""FREQUENCY"": ""M"", ""IFS_FLAG"": ""true"", ""INDICATOR"": ""PPI"", ""METHODOLOGY"": ""PPI"", ""OVERLAP"": ""OL"", ""REFERENCE_PERIOD"": ""2010=100"", ""SCALE"": ""0"", ""SECURITY_CLASSIFICATION"": ""PUB"", ""TYPE_OF_TRANSFORMATION"": ""IX""}}"
SVK,producer_price_index_quarterly_imf,2024-Q3,quarterly,134.16126709863207,\N,derived,IMF_PPI,IMF|ACCESS_SHARING_LEVEL=PUBLIC_OPEN|FREQUENCY=M|IFS_FLAG=true|INDICATOR=PPI|METHODOLOGY=PPI|OVERLAP=OL|REFERENCE_PERIOD=2010=100|SCALE=0|SECURITY_CLASSIFICATION=PUB|TYPE_OF_TRANSFORMATION=IX|aggregation=quarterly_mean,\N,"{""aggregation_method"": ""quarterly_mean"", ""source_derivation_types"": [""O"", ""O"", ""O""], ""source_months"": [""2024-M07"", ""2024-M08"", ""2024-M09""], ""source_observation_count"": 3, ""source_series_dimensions"": {""ACCESS_SHARING_LEVEL"": ""PUBLIC_OPEN"", ""COUNTRY"": ""SVK"", ""FREQUENCY"": ""M"", ""IFS_FLAG"": ""true"", ""INDICATOR"": ""PPI"", ""METHODOLOGY"": ""PPI"", ""OVERLAP"": ""OL"", ""REFERENCE_PERIOD"": ""2010=100"", ""SCALE"": ""0"", ""SECURITY_CLASSIFICATION"": ""PUB"", ""TYPE_OF_TRANSFORMATION"": ""IX""}}"
SVK,producer_price_index_quarterly_imf,2024-Q4,quarterly,133.51331893448526,\N,derived,IMF_PPI,IMF|ACCESS_SHARING_LEVEL=PUBLIC_OPEN|FREQUENCY=M|IFS_FLAG=true|INDICATOR=PPI|METHODOLOGY=PPI|OVERLAP=OL|REFERENCE_PERIOD=2010=100|SCALE=0|SECURITY_CLASSIFICATION=PUB|TYPE_OF_TRANSFORMATION=IX|aggregation=quarterly_mean,\N,"{""aggregation_method"": ""quarterly_mean"", ""source_derivation_types"": [""O"", ""O"", ""O""], ""source_months"": [""2024-M10"", ""2024-M11"", ""2024-M12""], ""source_observation_count"": 3, ""source_series_dimensions"": {""ACCESS_SHARING_LEVEL"": ""PUBLIC_OPEN"", ""COUNTRY"": ""SVK"", ""FREQUENCY"": ""M"", ""IFS_FLAG"": ""true"", ""INDICATOR"": ""PPI"", ""METHODOLOGY"": ""PPI"", ""OVERLAP"": ""OL"", ""REFERENCE_PERIOD"": ""2010=100"", ""SCALE"": ""0"", ""SECURITY_CLASSIFICATION"": ""PUB"", ""TYPE_OF_TRANSFORMATION"": ""IX""}}"
SVN,producer_price_index_quarterly_imf,2020-Q1,quarterly,108.18924567737031,\N,derived,IMF_PPI,IMF|ACCESS_SHARING_LEVEL=PUBLIC_OPEN|FREQUENCY=M|IFS_FLAG=true|INDICATOR=PPI|METHODOLOGY=PPI|OVERLAP=OL|REFERENCE_PERIOD=2010=100|SCALE=0|SECURITY_CLASSIFICATION=PUB|TYPE_OF_TRANSFORMATION=IX|aggregation=quarterly_mean,\N,"{""aggregation_method"": ""quarterly_mean"", ""source_derivation_types"": [""O"", ""O"", ""O""], ""source_months"": [""2020-M01"", ""2020-M02"", ""2020-M03""], ""source_observation_count"": 3, ""source_series_dimensions"": {""ACCESS_SHARING_LEVEL"": ""PUBLIC_OPEN"", ""COUNTRY"": ""SVN"", ""FREQUENCY"": ""M"", ""IFS_FLAG"": ""true"", ""INDICATOR"": ""PPI"", ""METHODOLOGY"": ""PPI"", ""OVERLAP"": ""OL"", ""REFERENCE_PERIOD"": ""2010=100"", ""SCALE"": ""0"", ""SECURITY_CLASSIFICATION"": ""PUB"", ""TYPE_OF_TRANSFORMATION"": ""IX""}}"
SVN,producer_price_index_quarterly_imf,2020-Q2,quarterly,107.7332319969599,\N,derived,IMF_PPI,IMF|ACCESS_SHARING_LEVEL=PUBLIC_OPEN|FREQUENCY=M|IFS_FLAG=true|INDICATOR=PPI|METHODOLOGY=PPI|OVERLAP=OL|REFERENCE_PERIOD=2010=100|SCALE=0|SECURITY_CLASSIFICATION=PUB|TYPE_OF_TRANSFORMATION=IX|aggregation=quarterly_mean,\N,"{""aggregation_method"": ""quarterly_mean"", ""source_derivation_types"": [""O"", ""O"", ""O""], ""source_months"": [""2020-M04"", ""2020-M05"", ""2020-M06""], ""source_observation_count"": 3, ""source_series_dimensions"": {""ACCESS_SHARING_LEVEL"": ""PUBLIC_OPEN"", ""COUNTRY"": ""SVN"", ""FREQUENCY"": ""M"", ""IFS_FLAG"": ""true"", ""INDICATOR"": ""PPI"", ""METHODOLOGY"": ""PPI"", ""OVERLAP"": ""OL"", ""REFERENCE_PERIOD"": ""2010=100"", ""SCALE"": ""0"", ""SECURITY_CLASSIFICATION"": ""PUB"", ""TYPE_OF_TRANSFORMATION"": ""IX""}}"
SVN,producer_price_index_quarterly_imf,2020-Q3,quarterly,107.9992399771993,\N,derived,IMF_PPI,IMF|ACCESS_SHARING_LEVEL=PUBLIC_OPEN|FREQUENCY=M|IFS_FLAG=true|INDICATOR=PPI|METHODOLOGY=PPI|OVERLAP=OL|REFERENCE_PERIOD=2010=100|SCALE=0|SECURITY_CLASSIFICATION=PUB|TYPE_OF_TRANSFORMATION=IX|aggregation=quarterly_mean,\N,"{""aggregation_method"": ""quarterly_mean"", ""source_derivation_types"": [""O"", ""O"", ""O""], ""source_months"": [""2020-M07"", ""2020-M08"", ""2020-M09""], ""source_observation_count"": 3, ""source_series_dimensions"": {""ACCESS_SHARING_LEVEL"": ""PUBLIC_OPEN"", ""COUNTRY"": ""SVN"", ""FREQUENCY"": ""M"", ""IFS_FLAG"": ""true"", ""INDICATOR"": ""PPI"", ""METHODOLOGY"": ""PPI"", ""OVERLAP"": ""OL"", ""REFERENCE_PERIOD"": ""2010=100"", ""SCALE"": ""0"", ""SECURITY_CLASSIFICATION"": ""PUB"", ""TYPE_OF_TRANSFORMATION"": ""IX""}}"
SVN,producer_price_index_quarterly_imf,2020-Q4,quarterly,108.18924567737031,\N,derived,IMF_PPI,IMF|ACCESS_SHARING_LEVEL=PUBLIC_OPEN|FREQUENCY=M|IFS_FLAG=true|INDICATOR=PPI|METHODOLOGY=PPI|OVERLAP=OL|REFERENCE_PERIOD=2010=100|SCALE=0|SECURITY_CLASSIFICATION=PUB|TYPE_OF_TRANSFORMATION=IX|aggregation=quarterly_mean,\N,"{""aggregation_method"": ""quarterly_mean"", ""source_derivation_types"": [""O"", ""O"", ""O""], ""source_months"": [""2020-M10"", ""2020-M11"", ""2020-M12""], ""source_observation_count"": 3, ""source_series_dimensions"": {""ACCESS_SHARING_LEVEL"": ""PUBLIC_OPEN"", ""COUNTRY"": ""SVN"", ""FREQUENCY"": ""M"", ""IFS_FLAG"": ""true"", ""INDICATOR"": ""PPI"", ""METHODOLOGY"": ""PPI"", ""OVERLAP"": ""OL"", ""REFERENCE_PERIOD"": ""2010=100"", ""SCALE"": ""0"", ""SECURITY_CLASSIFICATION"": ""PUB"", ""TYPE_OF_TRANSFORMATION"": ""IX""}}"
SVN,producer_price_index_quarterly_imf,2021-Q1,quarterly,109.4052821584648,\N,derived,IMF_PPI,IMF|ACCESS_SHARING_LEVEL=PUBLIC_OPEN|FREQUENCY=M|IFS_FLAG=true|INDICATOR=PPI|METHODOLOGY=PPI|OVERLAP=OL|REFERENCE_PERIOD=2010=100|SCALE=0|SECURITY_CLASSIFICATION=PUB|TYPE_OF_TRANSFORMATION=IX|aggregation=quarterly_mean,\N,"{""aggregation_method"": ""quarterly_mean"", ""source_derivation_types"": [""O"", ""O"", ""O""], ""source_months"": [""2021-M01"", ""2021-M02"", ""2021-M03""], ""source_observation_count"": 3, ""source_series_dimensions"": {""ACCESS_SHARING_LEVEL"": ""PUBLIC_OPEN"", ""COUNTRY"": ""SVN"", ""FREQUENCY"": ""M"", ""IFS_FLAG"": ""true"", ""INDICATOR"": ""PPI"", ""METHODOLOGY"": ""PPI"", ""OVERLAP"": ""OL"", ""REFERENCE_PERIOD"": ""2010=100"", ""SCALE"": ""0"", ""SECURITY_CLASSIFICATION"": ""PUB"", ""TYPE_OF_TRANSFORMATION"": ""IX""}}"
SVN,producer_price_index_quarterly_imf,2021-Q2,quarterly,111.60934828044843,\N,derived,IMF_PPI,IMF|ACCESS_SHARING_LEVEL=PUBLIC_OPEN|FREQUENCY=M|IFS_FLAG=true|INDICATOR=PPI|METHODOLOGY=PPI|OVERLAP=OL|REFERENCE_PERIOD=2010=100|SCALE=0|SECURITY_CLASSIFICATION=PUB|TYPE_OF_TRANSFORMATION=IX|aggregation=quarterly_mean,\N,"{""aggregation_method"": ""quarterly_mean"", ""source_derivation_types"": [""O"", ""O"", ""O""], ""source_months"": [""2021-M04"", ""2021-M05"", ""2021-M06""], ""source_observation_count"": 3, ""source_series_dimensions"": {""ACCESS_SHARING_LEVEL"": ""PUBLIC_OPEN"", ""COUNTRY"": ""SVN"", ""FREQUENCY"": ""M"", ""IFS_FLAG"": ""true"", ""INDICATOR"": ""PPI"", ""METHODOLOGY"": ""PPI"", ""OVERLAP"": ""OL"", ""REFERENCE_PERIOD"": ""2010=100"", ""SCALE"": ""0"", ""SECURITY_CLASSIFICATION"": ""PUB"", ""TYPE_OF_TRANSFORMATION"": ""IX""}}"
SVN,producer_price_index_quarterly_imf,2021-Q3,quarterly,116.13148394451837,\N,derived,IMF_PPI,IMF|ACCESS_SHARING_LEVEL=PUBLIC_OPEN|FREQUENCY=M|IFS_FLAG=true|INDICATOR=PPI|METHODOLOGY=PPI|OVERLAP=OL|REFERENCE_PERIOD=2010=100|SCALE=0|SECURITY_CLASSIFICATION=PUB|TYPE_OF_TRANSFORMATION=IX|aggregation=quarterly_mean,\N,"{""aggregation_method"": ""quarterly_mean"", ""source_derivation_types"": [""O"", ""O"", ""O""], ""source_months"": [""2021-M07"", ""2021-M08"", ""2021-M09""], ""source_observation_count"": 3, ""source_series_dimensions"": {""ACCESS_SHARING_LEVEL"": ""PUBLIC_OPEN"", ""COUNTRY"": ""SVN"", ""FREQUENCY"": ""M"", ""IFS_FLAG"": ""true"", ""INDICATOR"": ""PPI"", ""METHODOLOGY"": ""PPI"", ""OVERLAP"": ""OL"", ""REFERENCE_PERIOD"": ""2010=100"", ""SCALE"": ""0"", ""SECURITY_CLASSIFICATION"": ""PUB"", ""TYPE_OF_TRANSFORMATION"": ""IX""}}"
SVN,producer_price_index_quarterly_imf,2021-Q4,quarterly,118.90556716701504,\N,derived,IMF_PPI,IMF|ACCESS_SHARING_LEVEL=PUBLIC_OPEN|FREQUENCY=M|IFS_FLAG=true|INDICATOR=PPI|METHODOLOGY=PPI|OVERLAP=OL|REFERENCE_PERIOD=2010=100|SCALE=0|SECURITY_CLASSIFICATION=PUB|TYPE_OF_TRANSFORMATION=IX|aggregation=quarterly_mean,\N,"{""aggregation_method"": ""quarterly_mean"", ""source_derivation_types"": [""O"", ""O"", ""O""], ""source_months"": [""2021-M10"", ""2021-M11"", ""2021-M12""], ""source_observation_count"": 3, ""source_series_dimensions"": {""ACCESS_SHARING_LEVEL"": ""PUBLIC_OPEN"", ""COUNTRY"": ""SVN"", ""FREQUENCY"": ""M"", ""IFS_FLAG"": ""true"", ""INDICATOR"": ""PPI"", ""METHODOLOGY"": ""PPI"", ""OVERLAP"": ""OL"", ""REFERENCE_PERIOD"": ""2010=100"", ""SCALE"": ""0"", ""SECURITY_CLASSIFICATION"": ""PUB"", ""TYPE_OF_TRANSFORMATION"": ""IX""}}"
SVN,producer_price_index_quarterly_imf,2022-Q1,quarterly,126.42979289378684,\N,derived,IMF_PPI,IMF|ACCESS_SHARING_LEVEL=PUBLIC_OPEN|FREQUENCY=M|IFS_FLAG=true|INDICATOR=PPI|METHODOLOGY=PPI|OVERLAP=OL|REFERENCE_PERIOD=2010=100|SCALE=0|SECURITY_CLASSIFICATION=PUB|TYPE_OF_TRANSFORMATION=IX|aggregation=quarterly_mean,\N,"{""aggregation_method"": ""quarterly_mean"", ""source_derivation_types"": [""O"", ""O"", ""O""], ""source_months"": [""2022-M01"", ""2022-M02"", ""2022-M03""], ""source_observation_count"": 3, ""source_series_dimensions"": {""ACCESS_SHARING_LEVEL"": ""PUBLIC_OPEN"", ""COUNTRY"": ""SVN"", ""FREQUENCY"": ""M"", ""IFS_FLAG"": ""true"", ""INDICATOR"": ""PPI"", ""METHODOLOGY"": ""PPI"", ""OVERLAP"": ""OL"", ""REFERENCE_PERIOD"": ""2010=100"", ""SCALE"": ""0"", ""SECURITY_CLASSIFICATION"": ""PUB"", ""TYPE_OF_TRANSFORMATION"": ""IX""}}"
SVN,producer_price_index_quarterly_imf,2022-Q2,quarterly,135.8160744822345,\N,derived,IMF_PPI,IMF|ACCESS_SHARING_LEVEL=PUBLIC_OPEN|FREQUENCY=M|IFS_FLAG=true|INDICATOR=PPI|METHODOLOGY=PPI|OVERLAP=OL|REFERENCE_PERIOD=2010=100|SCALE=0|SECURITY_CLASSIFICATION=PUB|TYPE_OF_TRANSFORMATION=IX|aggregation=quarterly_mean,\N,"{""aggregation_method"": ""quarterly_mean"", ""source_derivation_types"": [""O"", ""O"", ""O""], ""source_months"": [""2022-M04"", ""2022-M05"", ""2022-M06""], ""source_observation_count"": 3, ""source_series_dimensions"": {""ACCESS_SHARING_LEVEL"": ""PUBLIC_OPEN"", ""COUNTRY"": ""SVN"", ""FREQUENCY"": ""M"", ""IFS_FLAG"": ""true"", ""INDICATOR"": ""PPI"", ""METHODOLOGY"": ""PPI"", ""OVERLAP"": ""OL"", ""REFERENCE_PERIOD"": ""2010=100"", ""SCALE"": ""0"", ""SECURITY_CLASSIFICATION"": ""PUB"", ""TYPE_OF_TRANSFORMATION"": ""IX""}}"
SVN,producer_price_index_quarterly_imf,2022-Q3,quarterly,140.60421812654383,\N,derived,IMF_PPI,IMF|ACCESS_SHARING_LEVEL=PUBLIC_OPEN|FREQUENCY=M|IFS_FLAG=true|INDICATOR=PPI|METHODOLOGY=PPI|OVERLAP=OL|REFERENCE_PERIOD=2010=100|SCALE=0|SECURITY_CLASSIFICATION=PUB|TYPE_OF_TRANSFORMATION=IX|aggregation=quarterly_mean,\N,"{""aggregation_method"": ""quarterly_mean"", ""source_derivation_types"": [""O"", ""O"", ""O""], ""source_months"": [""2022-M07"", ""2022-M08"", ""2022-M09""], ""source_observation_count"": 3, ""source_series_dimensions"": {""ACCESS_SHARING_LEVEL"": ""PUBLIC_OPEN"", ""COUNTRY"": ""SVN"", ""FREQUENCY"": ""M"", ""IFS_FLAG"": ""true"", ""INDICATOR"": ""PPI"", ""METHODOLOGY"": ""PPI"", ""OVERLAP"": ""OL"", ""REFERENCE_PERIOD"": ""2010=100"", ""SCALE"": ""0"", ""SECURITY_CLASSIFICATION"": ""PUB"", ""TYPE_OF_TRANSFORMATION"": ""IX""}}"
SVN,producer_price_index_quarterly_imf,2022-Q4,quarterly,142.42827284818551,\N,derived,IMF_PPI,IMF|ACCESS_SHARING_LEVEL=PUBLIC_OPEN|FREQUENCY=M|IFS_FLAG=true|INDICATOR=PPI|METHODOLOGY=PPI|OVERLAP=OL|REFERENCE_PERIOD=2010=100|SCALE=0|SECURITY_CLASSIFICATION=PUB|TYPE_OF_TRANSFORMATION=IX|aggregation=quarterly_mean,\N,"{""aggregation_method"": ""quarterly_mean"", ""source_derivation_types"": [""O"", ""O"", ""O""], ""source_months"": [""2022-M10"", ""2022-M11"", ""2022-M12""], ""source_observation_count"": 3, ""source_series_dimensions"": {""ACCESS_SHARING_LEVEL"": ""PUBLIC_OPEN"", ""COUNTRY"": ""SVN"", ""FREQUENCY"": ""M"", ""IFS_FLAG"": ""true"", ""INDICATOR"": ""PPI"", ""METHODOLOGY"": ""PPI"", ""OVERLAP"": ""OL"", ""REFERENCE_PERIOD"": ""2010=100"", ""SCALE"": ""0"", ""SECURITY_CLASSIFICATION"": ""PUB"", ""TYPE_OF_TRANSFORMATION"": ""IX""}}"
SVN,producer_price_index_quarterly_imf,2023-Q1,quarterly,146.00038001140035,\N,derived,IMF_PPI,IMF|ACCESS_SHARING_LEVEL=PUBLIC_OPEN|FREQUENCY=M|IFS_FLAG=true|INDICATOR=PPI|METHODOLOGY=PPI|OVERLAP=OL|REFERENCE_PERIOD=2010=100|SCALE=0|SECURITY_CLASSIFICATION=PUB|TYPE_OF_TRANSFORMATION=IX|aggregation=quarterly_mean,\N,"{""aggregation_method"": ""quarterly_mean"", ""source_derivation_types"": [""O"", ""O"", ""O""], ""source_months"": [""2023-M01"", ""2023-M02"", ""2023-M03""], ""source_observation_count"": 3, ""source_series_dimensions"": {""ACCESS_SHARING_LEVEL"": ""PUBLIC_OPEN"", ""COUNTRY"": ""SVN"", ""FREQUENCY"": ""M"", ""IFS_FLAG"": ""true"", ""INDICATOR"": ""PPI"", ""METHODOLOGY"": ""PPI"", ""OVERLAP"": ""OL"", ""REFERENCE_PERIOD"": ""2010=100"", ""SCALE"": ""0"", ""SECURITY_CLASSIFICATION"": ""PUB"", ""TYPE_OF_TRANSFORMATION"": ""IX""}}"
SVN,producer_price_index_quarterly_imf,2023-Q2,quarterly,145.46836405092156,\N,derived,IMF_PPI,IMF|ACCESS_SHARING_LEVEL=PUBLIC_OPEN|FREQUENCY=M|IFS_FLAG=true|INDICATOR=PPI|METHODOLOGY=PPI|OVERLAP=OL|REFERENCE_PERIOD=2010=100|SCALE=0|SECURITY_CLASSIFICATION=PUB|TYPE_OF_TRANSFORMATION=IX|aggregation=quarterly_mean,\N,"{""aggregation_method"": ""quarterly_mean"", ""source_derivation_types"": [""O"", ""O"", ""O""], ""source_months"": [""2023-M04"", ""2023-M05"", ""2023-M06""], ""source_observation_count"": 3, ""source_series_dimensions"": {""ACCESS_SHARING_LEVEL"": ""PUBLIC_OPEN"", ""COUNTRY"": ""SVN"", ""FREQUENCY"": ""M"", ""IFS_FLAG"": ""true"", ""INDICATOR"": ""PPI"", ""METHODOLOGY"": ""PPI"", ""OVERLAP"": ""OL"", ""REFERENCE_PERIOD"": ""2010=100"", ""SCALE"": ""0"", ""SECURITY_CLASSIFICATION"": ""PUB"", ""TYPE_OF_TRANSFORMATION"": ""IX""}}"
SVN,producer_price_index_quarterly_imf,2023-Q3,quarterly,143.9483184495535,\N,derived,IMF_PPI,IMF|ACCESS_SHARING_LEVEL=PUBLIC_OPEN|FREQUENCY=M|IFS_FLAG=true|INDICATOR=PPI|METHODOLOGY=PPI|OVERLAP=OL|REFERENCE_PERIOD=2010=100|SCALE=0|SECURITY_CLASSIFICATION=PUB|TYPE_OF_TRANSFORMATION=IX|aggregation=quarterly_mean,\N,"{""aggregation_method"": ""quarterly_mean"", ""source_derivation_types"": [""O"", ""O"", ""O""], ""source_months"": [""2023-M07"", ""2023-M08"", ""2023-M09""], ""source_observation_count"": 3, ""source_series_dimensions"": {""ACCESS_SHARING_LEVEL"": ""PUBLIC_OPEN"", ""COUNTRY"": ""SVN"", ""FREQUENCY"": ""M"", ""IFS_FLAG"": ""true"", ""INDICATOR"": ""PPI"", ""METHODOLOGY"": ""PPI"", ""OVERLAP"": ""OL"", ""REFERENCE_PERIOD"": ""2010=100"", ""SCALE"": ""0"", ""SECURITY_CLASSIFICATION"": ""PUB"", ""TYPE_OF_TRANSFORMATION"": ""IX""}}"
SVN,producer_price_index_quarterly_imf,2023-Q4,quarterly,143.0362910887327,\N,derived,IMF_PPI,IMF|ACCESS_SHARING_LEVEL=PUBLIC_OPEN|FREQUENCY=M|IFS_FLAG=true|INDICATOR=PPI|METHODOLOGY=PPI|OVERLAP=OL|REFERENCE_PERIOD=2010=100|SCALE=0|SECURITY_CLASSIFICATION=PUB|TYPE_OF_TRANSFORMATION=IX|aggregation=quarterly_mean,\N,"{""aggregation_method"": ""quarterly_mean"", ""source_derivation_types"": [""O"", ""O"", ""O""], ""source_months"": [""2023-M10"", ""2023-M11"", ""2023-M12""], ""source_observation_count"": 3, ""source_series_dimensions"": {""ACCESS_SHARING_LEVEL"": ""PUBLIC_OPEN"", ""COUNTRY"": ""SVN"", ""FREQUENCY"": ""M"", ""IFS_FLAG"": ""true"", ""INDICATOR"": ""PPI"", ""METHODOLOGY"": ""PPI"", ""OVERLAP"": ""OL"", ""REFERENCE_PERIOD"": ""2010=100"", ""SCALE"": ""0"", ""SECURITY_CLASSIFICATION"": ""PUB"", ""TYPE_OF_TRANSFORMATION"": ""IX""}}"
SVN,producer_price_index_quarterly_imf,2024-Q1,quarterly,142.16226486794608,\N,derived,IMF_PPI,IMF|ACCESS_SHARING_LEVEL=PUBLIC_OPEN|FREQUENCY=M|IFS_FLAG=true|INDICATOR=PPI|METHODOLOGY=PPI|OVERLAP=OL|REFERENCE_PERIOD=2010=100|SCALE=0|SECURITY_CLASSIFICATION=PUB|TYPE_OF_TRANSFORMATION=IX|aggregation=quarterly_mean,\N,"{""aggregation_method"": ""quarterly_mean"", ""source_derivation_types"": [""O"", ""O"", ""O""], ""source_months"": [""2024-M01"", ""2024-M02"", ""2024-M03""], ""source_observation_count"": 3, ""source_series_dimensions"": {""ACCESS_SHARING_LEVEL"": ""PUBLIC_OPEN"", ""COUNTRY"": ""SVN"", ""FREQUENCY"": ""M"", ""IFS_FLAG"": ""true"", ""INDICATOR"": ""PPI"", ""METHODOLOGY"": ""PPI"", ""OVERLAP"": ""OL"", ""REFERENCE_PERIOD"": ""2010=100"", ""SCALE"": ""0"", ""SECURITY_CLASSIFICATION"": ""PUB"", ""TYPE_OF_TRANSFORMATION"": ""IX""}}"
SVN,producer_price_index_quarterly_imf,2024-Q2,quarterly,141.93425802774087,\N,derived,IMF_PPI,IMF|ACCESS_SHARING_LEVEL=PUBLIC_OPEN|FREQUENCY=M|IFS_FLAG=true|INDICATOR=PPI|METHODOLOGY=PPI|OVERLAP=OL|REFERENCE_PERIOD=2010=100|SCALE=0|SECURITY_CLASSIFICATION=PUB|TYPE_OF_TRANSFORMATION=IX|aggregation=quarterly_mean,\N,"{""aggregation_method"": ""quarterly_mean"", ""source_derivation_types"": [""O"", ""O"", ""O""], ""source_months"": [""2024-M04"", ""2024-M05"", ""2024-M06""], ""source_observation_count"": 3, ""source_series_dimensions"": {""ACCESS_SHARING_LEVEL"": ""PUBLIC_OPEN"", ""COUNTRY"": ""SVN"", ""FREQUENCY"": ""M"", ""IFS_FLAG"": ""true"", ""INDICATOR"": ""PPI"", ""METHODOLOGY"": ""PPI"", ""OVERLAP"": ""OL"", ""REFERENCE_PERIOD"": ""2010=100"", ""SCALE"": ""0"", ""SECURITY_CLASSIFICATION"": ""PUB"", ""TYPE_OF_TRANSFORMATION"": ""IX""}}"
SVN,producer_price_index_quarterly_imf,2024-Q3,quarterly,142.1242637279119,\N,derived,IMF_PPI,IMF|ACCESS_SHARING_LEVEL=PUBLIC_OPEN|FREQUENCY=M|IFS_FLAG=true|INDICATOR=PPI|METHODOLOGY=PPI|OVERLAP=OL|REFERENCE_PERIOD=2010=100|SCALE=0|SECURITY_CLASSIFICATION=PUB|TYPE_OF_TRANSFORMATION=IX|aggregation=quarterly_mean,\N,"{""aggregation_method"": ""quarterly_mean"", ""source_derivation_types"": [""O"", ""O"", ""O""], ""source_months"": [""2024-M07"", ""2024-M08"", ""2024-M09""], ""source_observation_count"": 3, ""source_series_dimensions"": {""ACCESS_SHARING_LEVEL"": ""PUBLIC_OPEN"", ""COUNTRY"": ""SVN"", ""FREQUENCY"": ""M"", ""IFS_FLAG"": ""true"", ""INDICATOR"": ""PPI"", ""METHODOLOGY"": ""PPI"", ""OVERLAP"": ""OL"", ""REFERENCE_PERIOD"": ""2010=100"", ""SCALE"": ""0"", ""SECURITY_CLASSIFICATION"": ""PUB"", ""TYPE_OF_TRANSFORMATION"": ""IX""}}"
SVN,producer_price_index_quarterly_imf,2024-Q4,quarterly,142.16226486794608,\N,derived,IMF_PPI,IMF|ACCESS_SHARING_LEVEL=PUBLIC_OPEN|FREQUENCY=M|IFS_FLAG=true|INDICATOR=PPI|METHODOLOGY=PPI|OVERLAP=OL|REFERENCE_PERIOD=2010=100|SCALE=0|SECURITY_CLASSIFICATION=PUB|TYPE_OF_TRANSFORMATION=IX|aggregation=quarterly_mean,\N,"{""aggregation_method"": ""quarterly_mean"", ""source_derivation_types"": [""O"", ""O"", ""O""], ""source_months"": [""2024-M10"", ""2024-M11"", ""2024-M12""], ""source_observation_count"": 3, ""source_series_dimensions"": {""ACCESS_SHARING_LEVEL"": ""PUBLIC_OPEN"", ""COUNTRY"": ""SVN"", ""FREQUENCY"": ""M"", ""IFS_FLAG"": ""true"", ""INDICATOR"": ""PPI"", ""METHODOLOGY"": ""PPI"", ""OVERLAP"": ""OL"", ""REFERENCE_PERIOD"": ""2010=100"", ""SCALE"": ""0"", ""SECURITY_CLASSIFICATION"": ""PUB"", ""TYPE_OF_TRANSFORMATION"": ""IX""}}"
SWE,producer_price_index_quarterly_imf,2020-Q1,quarterly,109.92244979121101,\N,derived,IMF_PPI,IMF|ACCESS_SHARING_LEVEL=PUBLIC_OPEN|FREQUENCY=M|IFS_FLAG=true|INDICATOR=PPI|METHODOLOGY=PPI|OVERLAP=OL|REFERENCE_PERIOD=2010=100|SCALE=0|SECURITY_CLASSIFICATION=PUB|TYPE_OF_TRANSFORMATION=IX|aggregation=quarterly_mean,\N,"{""aggregation_method"": ""quarterly_mean"", ""source_derivation_types"": [""O"", ""O"", ""O""], ""source_months"": [""2020-M01"", ""2020-M02"", ""2020-M03""], ""source_observation_count"": 3, ""source_series_dimensions"": {""ACCESS_SHARING_LEVEL"": ""PUBLIC_OPEN"", ""COUNTRY"": ""SWE"", ""FREQUENCY"": ""M"", ""IFS_FLAG"": ""true"", ""INDICATOR"": ""PPI"", ""METHODOLOGY"": ""PPI"", ""OVERLAP"": ""OL"", ""REFERENCE_PERIOD"": ""2010=100"", ""SCALE"": ""0"", ""SECURITY_CLASSIFICATION"": ""PUB"", ""TYPE_OF_TRANSFORMATION"": ""IX""}}"
SWE,producer_price_index_quarterly_imf,2020-Q2,quarterly,108.05329091270634,\N,derived,IMF_PPI,IMF|ACCESS_SHARING_LEVEL=PUBLIC_OPEN|FREQUENCY=M|IFS_FLAG=true|INDICATOR=PPI|METHODOLOGY=PPI|OVERLAP=OL|REFERENCE_PERIOD=2010=100|SCALE=0|SECURITY_CLASSIFICATION=PUB|TYPE_OF_TRANSFORMATION=IX|aggregation=quarterly_mean,\N,"{""aggregation_method"": ""quarterly_mean"", ""source_derivation_types"": [""O"", ""O"", ""O""], ""source_months"": [""2020-M04"", ""2020-M05"", ""2020-M06""], ""source_observation_count"": 3, ""source_series_dimensions"": {""ACCESS_SHARING_LEVEL"": ""PUBLIC_OPEN"", ""COUNTRY"": ""SWE"", ""FREQUENCY"": ""M"", ""IFS_FLAG"": ""true"", ""INDICATOR"": ""PPI"", ""METHODOLOGY"": ""PPI"", ""OVERLAP"": ""OL"", ""REFERENCE_PERIOD"": ""2010=100"", ""SCALE"": ""0"", ""SECURITY_CLASSIFICATION"": ""PUB"", ""TYPE_OF_TRANSFORMATION"": ""IX""}}"
SWE,producer_price_index_quarterly_imf,2020-Q3,quarterly,106.78067210180954,\N,derived,IMF_PPI,IMF|ACCESS_SHARING_LEVEL=PUBLIC_OPEN|FREQUENCY=M|IFS_FLAG=true|INDICATOR=PPI|METHODOLOGY=PPI|OVERLAP=OL|REFERENCE_PERIOD=2010=100|SCALE=0|SECURITY_CLASSIFICATION=PUB|TYPE_OF_TRANSFORMATION=IX|aggregation=quarterly_mean,\N,"{""aggregation_method"": ""quarterly_mean"", ""source_derivation_types"": [""O"", ""O"", ""O""], ""source_months"": [""2020-M07"", ""2020-M08"", ""2020-M09""], ""source_observation_count"": 3, ""source_series_dimensions"": {""ACCESS_SHARING_LEVEL"": ""PUBLIC_OPEN"", ""COUNTRY"": ""SWE"", ""FREQUENCY"": ""M"", ""IFS_FLAG"": ""true"", ""INDICATOR"": ""PPI"", ""METHODOLOGY"": ""PPI"", ""OVERLAP"": ""OL"", ""REFERENCE_PERIOD"": ""2010=100"", ""SCALE"": ""0"", ""SECURITY_CLASSIFICATION"": ""PUB"", ""TYPE_OF_TRANSFORMATION"": ""IX""}}"
SWE,producer_price_index_quarterly_imf,2020-Q4,quarterly,107.8544442235037,\N,derived,IMF_PPI,IMF|ACCESS_SHARING_LEVEL=PUBLIC_OPEN|FREQUENCY=M|IFS_FLAG=true|INDICATOR=PPI|METHODOLOGY=PPI|OVERLAP=OL|REFERENCE_PERIOD=2010=100|SCALE=0|SECURITY_CLASSIFICATION=PUB|TYPE_OF_TRANSFORMATION=IX|aggregation=quarterly_mean,\N,"{""aggregation_method"": ""quarterly_mean"", ""source_derivation_types"": [""O"", ""O"", ""O""], ""source_months"": [""2020-M10"", ""2020-M11"", ""2020-M12""], ""source_observation_count"": 3, ""source_series_dimensions"": {""ACCESS_SHARING_LEVEL"": ""PUBLIC_OPEN"", ""COUNTRY"": ""SWE"", ""FREQUENCY"": ""M"", ""IFS_FLAG"": ""true"", ""INDICATOR"": ""PPI"", ""METHODOLOGY"": ""PPI"", ""OVERLAP"": ""OL"", ""REFERENCE_PERIOD"": ""2010=100"", ""SCALE"": ""0"", ""SECURITY_CLASSIFICATION"": ""PUB"", ""TYPE_OF_TRANSFORMATION"": ""IX""}}"
SWE,producer_price_index_quarterly_imf,2021-Q1,quarterly,111.11552992642676,\N,derived,IMF_PPI,IMF|ACCESS_SHARING_LEVEL=PUBLIC_OPEN|FREQUENCY=M|IFS_FLAG=true|INDICATOR=PPI|METHODOLOGY=PPI|OVERLAP=OL|REFERENCE_PERIOD=2010=100|SCALE=0|SECURITY_CLASSIFICATION=PUB|TYPE_OF_TRANSFORMATION=IX|aggregation=quarterly_mean,\N,"{""aggregation_method"": ""quarterly_mean"", ""source_derivation_types"": [""O"", ""O"", ""O""], ""source_months"": [""2021-M01"", ""2021-M02"", ""2021-M03""], ""source_observation_count"": 3, ""source_series_dimensions"": {""ACCESS_SHARING_LEVEL"": ""PUBLIC_OPEN"", ""COUNTRY"": ""SWE"", ""FREQUENCY"": ""M"", ""IFS_FLAG"": ""true"", ""INDICATOR"": ""PPI"", ""METHODOLOGY"": ""PPI"", ""OVERLAP"": ""OL"", ""REFERENCE_PERIOD"": ""2010=100"", ""SCALE"": ""0"", ""SECURITY_CLASSIFICATION"": ""PUB"", ""TYPE_OF_TRANSFORMATION"": ""IX""}}"
SWE,producer_price_index_quarterly_imf,2021-Q2,quarterly,115.84808112944927,\N,derived,IMF_PPI,IMF|ACCESS_SHARING_LEVEL=PUBLIC_OPEN|FREQUENCY=M|IFS_FLAG=true|INDICATOR=PPI|METHODOLOGY=PPI|OVERLAP=OL|REFERENCE_PERIOD=2010=100|SCALE=0|SECURITY_CLASSIFICATION=PUB|TYPE_OF_TRANSFORMATION=IX|aggregation=quarterly_mean,\N,"{""aggregation_method"": ""quarterly_mean"", ""source_derivation_types"": [""O"", ""O"", ""O""], ""source_months"": [""2021-M04"", ""2021-M05"", ""2021-M06""], ""source_observation_count"": 3, ""source_series_dimensions"": {""ACCESS_SHARING_LEVEL"": ""PUBLIC_OPEN"", ""COUNTRY"": ""SWE"", ""FREQUENCY"": ""M"", ""IFS_FLAG"": ""true"", ""INDICATOR"": ""PPI"", ""METHODOLOGY"": ""PPI"", ""OVERLAP"": ""OL"", ""REFERENCE_PERIOD"": ""2010=100"", ""SCALE"": ""0"", ""SECURITY_CLASSIFICATION"": ""PUB"", ""TYPE_OF_TRANSFORMATION"": ""IX""}}"
SWE,producer_price_index_quarterly_imf,2021-Q3,quarterly,122.9667926029032,\N,derived,IMF_PPI,IMF|ACCESS_SHARING_LEVEL=PUBLIC_OPEN|FREQUENCY=M|IFS_FLAG=true|INDICATOR=PPI|METHODOLOGY=PPI|OVERLAP=OL|REFERENCE_PERIOD=2010=100|SCALE=0|SECURITY_CLASSIFICATION=PUB|TYPE_OF_TRANSFORMATION=IX|aggregation=quarterly_mean,\N,"{""aggregation_method"": ""quarterly_mean"", ""source_derivation_types"": [""O"", ""O"", ""O""], ""source_months"": [""2021-M07"", ""2021-M08"", ""2021-M09""], ""source_observation_count"": 3, ""source_series_dimensions"": {""ACCESS_SHARING_LEVEL"": ""PUBLIC_OPEN"", ""COUNTRY"": ""SWE"", ""FREQUENCY"": ""M"", ""IFS_FLAG"": ""true"", ""INDICATOR"": ""PPI"", ""METHODOLOGY"": ""PPI"", ""OVERLAP"": ""OL"", ""REFERENCE_PERIOD"": ""2010=100"", ""SCALE"": ""0"", ""SECURITY_CLASSIFICATION"": ""PUB"", ""TYPE_OF_TRANSFORMATION"": ""IX""}}"
SWE,producer_price_index_quarterly_imf,2021-Q4,quarterly,127.34141976536092,\N,derived,IMF_PPI,IMF|ACCESS_SHARING_LEVEL=PUBLIC_OPEN|FREQUENCY=M|IFS_FLAG=true|INDICATOR=PPI|METHODOLOGY=PPI|OVERLAP=OL|REFERENCE_PERIOD=2010=100|SCALE=0|SECURITY_CLASSIFICATION=PUB|TYPE_OF_TRANSFORMATION=IX|aggregation=quarterly_mean,\N,"{""aggregation_method"": ""quarterly_mean"", ""source_derivation_types"": [""O"", ""O"", ""O""], ""source_months"": [""2021-M10"", ""2021-M11"", ""2021-M12""], ""source_observation_count"": 3, ""source_series_dimensions"": {""ACCESS_SHARING_LEVEL"": ""PUBLIC_OPEN"", ""COUNTRY"": ""SWE"", ""FREQUENCY"": ""M"", ""IFS_FLAG"": ""true"", ""INDICATOR"": ""PPI"", ""METHODOLOGY"": ""PPI"", ""OVERLAP"": ""OL"", ""REFERENCE_PERIOD"": ""2010=100"", ""SCALE"": ""0"", ""SECURITY_CLASSIFICATION"": ""PUB"", ""TYPE_OF_TRANSFORMATION"": ""IX""}}"
SWE,producer_price_index_quarterly_imf,2022-Q1,quarterly,134.49990057665545,\N,derived,IMF_PPI,IMF|ACCESS_SHARING_LEVEL=PUBLIC_OPEN|FREQUENCY=M|IFS_FLAG=true|INDICATOR=PPI|METHODOLOGY=PPI|OVERLAP=OL|REFERENCE_PERIOD=2010=100|SCALE=0|SECURITY_CLASSIFICATION=PUB|TYPE_OF_TRANSFORMATION=IX|aggregation=quarterly_mean,\N,"{""aggregation_method"": ""quarterly_mean"", ""source_derivation_types"": [""O"", ""O"", ""O""], ""source_months"": [""2022-M01"", ""2022-M02"", ""2022-M03""], ""source_observation_count"": 3, ""source_series_dimensions"": {""ACCESS_SHARING_LEVEL"": ""PUBLIC_OPEN"", ""COUNTRY"": ""SWE"", ""FREQUENCY"": ""M"", ""IFS_FLAG"": ""true"", ""INDICATOR"": ""PPI"", ""METHODOLOGY"": ""PPI"", ""OVERLAP"": ""OL"", ""REFERENCE_PERIOD"": ""2010=100"", ""SCALE"": ""0"", ""SECURITY_CLASSIFICATION"": ""PUB"", ""TYPE_OF_TRANSFORMATION"": ""IX""}}"
SWE,producer_price_index_quarterly_imf,2022-Q2,quarterly,144.4422350367867,\N,derived,IMF_PPI,IMF|ACCESS_SHARING_LEVEL=PUBLIC_OPEN|FREQUENCY=M|IFS_FLAG=true|INDICATOR=PPI|METHODOLOGY=PPI|OVERLAP=OL|REFERENCE_PERIOD=2010=100|SCALE=0|SECURITY_CLASSIFICATION=PUB|TYPE_OF_TRANSFORMATION=IX|aggregation=quarterly_mean,\N,"{""aggregation_method"": ""quarterly_mean"", ""source_derivation_types"": [""O"", ""O"", ""O""], ""source_months"": [""2022-M04"", ""2022-M05"", ""2022-M06""], ""source_observation_count"": 3, ""source_series_dimensions"": {""ACCESS_SHARING_LEVEL"": ""PUBLIC_OPEN"", ""COUNTRY"": ""SWE"", ""FREQUENCY"": ""M"", ""IFS_FLAG"": ""true"", ""INDICATOR"": ""PPI"", ""METHODOLOGY"": ""PPI"", ""OVERLAP"": ""OL"", ""REFERENCE_PERIOD"": ""2010=100"", ""SCALE"": ""0"", ""SECURITY_CLASSIFICATION"": ""PUB"", ""TYPE_OF_TRANSFORMATION"": ""IX""}}"
SWE,producer_price_index_quarterly_imf,2022-Q3,quarterly,149.13501690196864,\N,derived,IMF_PPI,IMF|ACCESS_SHARING_LEVEL=PUBLIC_OPEN|FREQUENCY=M|IFS_FLAG=true|INDICATOR=PPI|METHODOLOGY=PPI|OVERLAP=OL|REFERENCE_PERIOD=2010=100|SCALE=0|SECURITY_CLASSIFICATION=PUB|TYPE_OF_TRANSFORMATION=IX|aggregation=quarterly_mean,\N,"{""aggregation_method"": ""quarterly_mean"", ""source_derivation_types"": [""O"", ""O"", ""O""], ""source_months"": [""2022-M07"", ""2022-M08"", ""2022-M09""], ""source_observation_count"": 3, ""source_series_dimensions"": {""ACCESS_SHARING_LEVEL"": ""PUBLIC_OPEN"", ""COUNTRY"": ""SWE"", ""FREQUENCY"": ""M"", ""IFS_FLAG"": ""true"", ""INDICATOR"": ""PPI"", ""METHODOLOGY"": ""PPI"", ""OVERLAP"": ""OL"", ""REFERENCE_PERIOD"": ""2010=100"", ""SCALE"": ""0"", ""SECURITY_CLASSIFICATION"": ""PUB"", ""TYPE_OF_TRANSFORMATION"": ""IX""}}"
SWE,producer_price_index_quarterly_imf,2022-Q4,quarterly,151.95863988864588,\N,derived,IMF_PPI,IMF|ACCESS_SHARING_LEVEL=PUBLIC_OPEN|FREQUENCY=M|IFS_FLAG=true|INDICATOR=PPI|METHODOLOGY=PPI|OVERLAP=OL|REFERENCE_PERIOD=2010=100|SCALE=0|SECURITY_CLASSIFICATION=PUB|TYPE_OF_TRANSFORMATION=IX|aggregation=quarterly_mean,\N,"{""aggregation_method"": ""quarterly_mean"", ""source_derivation_types"": [""O"", ""O"", ""O""], ""source_months"": [""2022-M10"", ""2022-M11"", ""2022-M12""], ""source_observation_count"": 3, ""source_series_dimensions"": {""ACCESS_SHARING_LEVEL"": ""PUBLIC_OPEN"", ""COUNTRY"": ""SWE"", ""FREQUENCY"": ""M"", ""IFS_FLAG"": ""true"", ""INDICATOR"": ""PPI"", ""METHODOLOGY"": ""PPI"", ""OVERLAP"": ""OL"", ""REFERENCE_PERIOD"": ""2010=100"", ""SCALE"": ""0"", ""SECURITY_CLASSIFICATION"": ""PUB"", ""TYPE_OF_TRANSFORMATION"": ""IX""}}"
SWE,producer_price_index_quarterly_imf,2023-Q1,quarterly,145.83416186120508,\N,derived,IMF_PPI,IMF|ACCESS_SHARING_LEVEL=PUBLIC_OPEN|FREQUENCY=M|IFS_FLAG=true|INDICATOR=PPI|METHODOLOGY=PPI|OVERLAP=OL|REFERENCE_PERIOD=2010=100|SCALE=0|SECURITY_CLASSIFICATION=PUB|TYPE_OF_TRANSFORMATION=IX|aggregation=quarterly_mean,\N,"{""aggregation_method"": ""quarterly_mean"", ""source_derivation_types"": [""O"", ""O"", ""O""], ""source_months"": [""2023-M01"", ""2023-M02"", ""2023-M03""], ""source_observation_count"": 3, ""source_series_dimensions"": {""ACCESS_SHARING_LEVEL"": ""PUBLIC_OPEN"", ""COUNTRY"": ""SWE"", ""FREQUENCY"": ""M"", ""IFS_FLAG"": ""true"", ""INDICATOR"": ""PPI"", ""METHODOLOGY"": ""PPI"", ""OVERLAP"": ""OL"", ""REFERENCE_PERIOD"": ""2010=100"", ""SCALE"": ""0"", ""SECURITY_CLASSIFICATION"": ""PUB"", ""TYPE_OF_TRANSFORMATION"": ""IX""}}"
SWE,producer_price_index_quarterly_imf,2023-Q2,quarterly,142.89123086100622,\N,derived,IMF_PPI,IMF|ACCESS_SHARING_LEVEL=PUBLIC_OPEN|FREQUENCY=M|IFS_FLAG=true|INDICATOR=PPI|METHODOLOGY=PPI|OVERLAP=OL|REFERENCE_PERIOD=2010=100|SCALE=0|SECURITY_CLASSIFICATION=PUB|TYPE_OF_TRANSFORMATION=IX|aggregation=quarterly_mean,\N,"{""aggregation_method"": ""quarterly_mean"", ""source_derivation_types"": [""O"", ""O"", ""O""], ""source_months"": [""2023-M04"", ""2023-M05"", ""2023-M06""], ""source_observation_count"": 3, ""source_series_dimensions"": {""ACCESS_SHARING_LEVEL"": ""PUBLIC_OPEN"", ""COUNTRY"": ""SWE"", ""FREQUENCY"": ""M"", ""IFS_FLAG"": ""true"", ""INDICATOR"": ""PPI"", ""METHODOLOGY"": ""PPI"", ""OVERLAP"": ""OL"", ""REFERENCE_PERIOD"": ""2010=100"", ""SCALE"": ""0"", ""SECURITY_CLASSIFICATION"": ""PUB"", ""TYPE_OF_TRANSFORMATION"": ""IX""}}"
SWE,producer_price_index_quarterly_imf,2023-Q3,quarterly,142.7321535096441,\N,derived,IMF_PPI,IMF|ACCESS_SHARING_LEVEL=PUBLIC_OPEN|FREQUENCY=M|IFS_FLAG=true|INDICATOR=PPI|METHODOLOGY=PPI|OVERLAP=OL|REFERENCE_PERIOD=2010=100|SCALE=0|SECURITY_CLASSIFICATION=PUB|TYPE_OF_TRANSFORMATION=IX|aggregation=quarterly_mean,\N,"{""aggregation_method"": ""quarterly_mean"", ""source_derivation_types"": [""O"", ""O"", ""O""], ""source_months"": [""2023-M07"", ""2023-M08"", ""2023-M09""], ""source_observation_count"": 3, ""source_series_dimensions"": {""ACCESS_SHARING_LEVEL"": ""PUBLIC_OPEN"", ""COUNTRY"": ""SWE"", ""FREQUENCY"": ""M"", ""IFS_FLAG"": ""true"", ""INDICATOR"": ""PPI"", ""METHODOLOGY"": ""PPI"", ""OVERLAP"": ""OL"", ""REFERENCE_PERIOD"": ""2010=100"", ""SCALE"": ""0"", ""SECURITY_CLASSIFICATION"": ""PUB"", ""TYPE_OF_TRANSFORMATION"": ""IX""}}"
SWE,producer_price_index_quarterly_imf,2023-Q4,quarterly,143.84569496917882,\N,derived,IMF_PPI,IMF|ACCESS_SHARING_LEVEL=PUBLIC_OPEN|FREQUENCY=M|IFS_FLAG=true|INDICATOR=PPI|METHODOLOGY=PPI|OVERLAP=OL|REFERENCE_PERIOD=2010=100|SCALE=0|SECURITY_CLASSIFICATION=PUB|TYPE_OF_TRANSFORMATION=IX|aggregation=quarterly_mean,\N,"{""aggregation_method"": ""quarterly_mean"", ""source_derivation_types"": [""O"", ""O"", ""O""], ""source_months"": [""2023-M10"", ""2023-M11"", ""2023-M12""], ""source_observation_count"": 3, ""source_series_dimensions"": {""ACCESS_SHARING_LEVEL"": ""PUBLIC_OPEN"", ""COUNTRY"": ""SWE"", ""FREQUENCY"": ""M"", ""IFS_FLAG"": ""true"", ""INDICATOR"": ""PPI"", ""METHODOLOGY"": ""PPI"", ""OVERLAP"": ""OL"", ""REFERENCE_PERIOD"": ""2010=100"", ""SCALE"": ""0"", ""SECURITY_CLASSIFICATION"": ""PUB"", ""TYPE_OF_TRANSFORMATION"": ""IX""}}"
SWE,producer_price_index_quarterly_imf,2024-Q1,quarterly,143.64684827997618,\N,derived,IMF_PPI,IMF|ACCESS_SHARING_LEVEL=PUBLIC_OPEN|FREQUENCY=M|IFS_FLAG=true|INDICATOR=PPI|METHODOLOGY=PPI|OVERLAP=OL|REFERENCE_PERIOD=2010=100|SCALE=0|SECURITY_CLASSIFICATION=PUB|TYPE_OF_TRANSFORMATION=IX|aggregation=quarterly_mean,\N,"{""aggregation_method"": ""quarterly_mean"", ""source_derivation_types"": [""O"", ""O"", ""O""], ""source_months"": [""2024-M01"", ""2024-M02"", ""2024-M03""], ""source_observation_count"": 3, ""source_series_dimensions"": {""ACCESS_SHARING_LEVEL"": ""PUBLIC_OPEN"", ""COUNTRY"": ""SWE"", ""FREQUENCY"": ""M"", ""IFS_FLAG"": ""true"", ""INDICATOR"": ""PPI"", ""METHODOLOGY"": ""PPI"", ""OVERLAP"": ""OL"", ""REFERENCE_PERIOD"": ""2010=100"", ""SCALE"": ""0"", ""SECURITY_CLASSIFICATION"": ""PUB"", ""TYPE_OF_TRANSFORMATION"": ""IX""}}"
SWE,producer_price_index_quarterly_imf,2024-Q2,quarterly,144.6013123881488,\N,derived,IMF_PPI,IMF|ACCESS_SHARING_LEVEL=PUBLIC_OPEN|FREQUENCY=M|IFS_FLAG=true|INDICATOR=PPI|METHODOLOGY=PPI|OVERLAP=OL|REFERENCE_PERIOD=2010=100|SCALE=0|SECURITY_CLASSIFICATION=PUB|TYPE_OF_TRANSFORMATION=IX|aggregation=quarterly_mean,\N,"{""aggregation_method"": ""quarterly_mean"", ""source_derivation_types"": [""O"", ""O"", ""O""], ""source_months"": [""2024-M04"", ""2024-M05"", ""2024-M06""], ""source_observation_count"": 3, ""source_series_dimensions"": {""ACCESS_SHARING_LEVEL"": ""PUBLIC_OPEN"", ""COUNTRY"": ""SWE"", ""FREQUENCY"": ""M"", ""IFS_FLAG"": ""true"", ""INDICATOR"": ""PPI"", ""METHODOLOGY"": ""PPI"", ""OVERLAP"": ""OL"", ""REFERENCE_PERIOD"": ""2010=100"", ""SCALE"": ""0"", ""SECURITY_CLASSIFICATION"": ""PUB"", ""TYPE_OF_TRANSFORMATION"": ""IX""}}"
SWE,producer_price_index_quarterly_imf,2024-Q3,quarterly,141.85722807715254,\N,derived,IMF_PPI,IMF|ACCESS_SHARING_LEVEL=PUBLIC_OPEN|FREQUENCY=M|IFS_FLAG=true|INDICATOR=PPI|METHODOLOGY=PPI|OVERLAP=OL|REFERENCE_PERIOD=2010=100|SCALE=0|SECURITY_CLASSIFICATION=PUB|TYPE_OF_TRANSFORMATION=IX|aggregation=quarterly_mean,\N,"{""aggregation_method"": ""quarterly_mean"", ""source_derivation_types"": [""O"", ""O"", ""O""], ""source_months"": [""2024-M07"", ""2024-M08"", ""2024-M09""], ""source_observation_count"": 3, ""source_series_dimensions"": {""ACCESS_SHARING_LEVEL"": ""PUBLIC_OPEN"", ""COUNTRY"": ""SWE"", ""FREQUENCY"": ""M"", ""IFS_FLAG"": ""true"", ""INDICATOR"": ""PPI"", ""METHODOLOGY"": ""PPI"", ""OVERLAP"": ""OL"", ""REFERENCE_PERIOD"": ""2010=100"", ""SCALE"": ""0"", ""SECURITY_CLASSIFICATION"": ""PUB"", ""TYPE_OF_TRANSFORMATION"": ""IX""}}"
SWE,producer_price_index_quarterly_imf,2024-Q4,quarterly,144.12408033406246,\N,derived,IMF_PPI,IMF|ACCESS_SHARING_LEVEL=PUBLIC_OPEN|FREQUENCY=M|IFS_FLAG=true|INDICATOR=PPI|METHODOLOGY=PPI|OVERLAP=OL|REFERENCE_PERIOD=2010=100|SCALE=0|SECURITY_CLASSIFICATION=PUB|TYPE_OF_TRANSFORMATION=IX|aggregation=quarterly_mean,\N,"{""aggregation_method"": ""quarterly_mean"", ""source_derivation_types"": [""O"", ""O"", ""O""], ""source_months"": [""2024-M10"", ""2024-M11"", ""2024-M12""], ""source_observation_count"": 3, ""source_series_dimensions"": {""ACCESS_SHARING_LEVEL"": ""PUBLIC_OPEN"", ""COUNTRY"": ""SWE"", ""FREQUENCY"": ""M"", ""IFS_FLAG"": ""true"", ""INDICATOR"": ""PPI"", ""METHODOLOGY"": ""PPI"", ""OVERLAP"": ""OL"", ""REFERENCE_PERIOD"": ""2010=100"", ""SCALE"": ""0"", ""SECURITY_CLASSIFICATION"": ""PUB"", ""TYPE_OF_TRANSFORMATION"": ""IX""}}"
THA,producer_price_index_quarterly_imf,2020-Q1,quarterly,98.84195617762225,\N,derived,IMF_PPI,IMF|ACCESS_SHARING_LEVEL=PUBLIC_OPEN|FREQUENCY=M|IFS_FLAG=true|INDICATOR=PPI|METHODOLOGY=PPI|OVERLAP=OL|REFERENCE_PERIOD=2010=100|SCALE=0|SECURITY_CLASSIFICATION=PUB|TYPE_OF_TRANSFORMATION=IX|aggregation=quarterly_mean,\N,"{""aggregation_method"": ""quarterly_mean"", ""source_derivation_types"": [""O"", ""O"", ""O""], ""source_months"": [""2020-M01"", ""2020-M02"", ""2020-M03""], ""source_observation_count"": 3, ""source_series_dimensions"": {""ACCESS_SHARING_LEVEL"": ""PUBLIC_OPEN"", ""COUNTRY"": ""THA"", ""FREQUENCY"": ""M"", ""IFS_FLAG"": ""true"", ""INDICATOR"": ""PPI"", ""METHODOLOGY"": ""PPI"", ""OVERLAP"": ""OL"", ""REFERENCE_PERIOD"": ""2010=100"", ""SCALE"": ""0"", ""SECURITY_CLASSIFICATION"": ""PUB"", ""TYPE_OF_TRANSFORMATION"": ""IX""}}"
THA,producer_price_index_quarterly_imf,2020-Q2,quarterly,96.34258102141133,\N,derived,IMF_PPI,IMF|ACCESS_SHARING_LEVEL=PUBLIC_OPEN|FREQUENCY=M|IFS_FLAG=true|INDICATOR=PPI|METHODOLOGY=PPI|OVERLAP=OL|REFERENCE_PERIOD=2010=100|SCALE=0|SECURITY_CLASSIFICATION=PUB|TYPE_OF_TRANSFORMATION=IX|aggregation=quarterly_mean,\N,"{""aggregation_method"": ""quarterly_mean"", ""source_derivation_types"": [""O"", ""O"", ""O""], ""source_months"": [""2020-M04"", ""2020-M05"", ""2020-M06""], ""source_observation_count"": 3, ""source_series_dimensions"": {""ACCESS_SHARING_LEVEL"": ""PUBLIC_OPEN"", ""COUNTRY"": ""THA"", ""FREQUENCY"": ""M"", ""IFS_FLAG"": ""true"", ""INDICATOR"": ""PPI"", ""METHODOLOGY"": ""PPI"", ""OVERLAP"": ""OL"", ""REFERENCE_PERIOD"": ""2010=100"", ""SCALE"": ""0"", ""SECURITY_CLASSIFICATION"": ""PUB"", ""TYPE_OF_TRANSFORMATION"": ""IX""}}"
THA,producer_price_index_quarterly_imf,2020-Q3,quarterly,97.64225610264101,\N,derived,IMF_PPI,IMF|ACCESS_SHARING_LEVEL=PUBLIC_OPEN|FREQUENCY=M|IFS_FLAG=true|INDICATOR=PPI|METHODOLOGY=PPI|OVERLAP=OL|REFERENCE_PERIOD=2010=100|SCALE=0|SECURITY_CLASSIFICATION=PUB|TYPE_OF_TRANSFORMATION=IX|aggregation=quarterly_mean,\N,"{""aggregation_method"": ""quarterly_mean"", ""source_derivation_types"": [""O"", ""O"", ""O""], ""source_months"": [""2020-M07"", ""2020-M08"", ""2020-M09""], ""source_observation_count"": 3, ""source_series_dimensions"": {""ACCESS_SHARING_LEVEL"": ""PUBLIC_OPEN"", ""COUNTRY"": ""THA"", ""FREQUENCY"": ""M"", ""IFS_FLAG"": ""true"", ""INDICATOR"": ""PPI"", ""METHODOLOGY"": ""PPI"", ""OVERLAP"": ""OL"", ""REFERENCE_PERIOD"": ""2010=100"", ""SCALE"": ""0"", ""SECURITY_CLASSIFICATION"": ""PUB"", ""TYPE_OF_TRANSFORMATION"": ""IX""}}"
THA,producer_price_index_quarterly_imf,2020-Q4,quarterly,97.9421811213863,\N,derived,IMF_PPI,IMF|ACCESS_SHARING_LEVEL=PUBLIC_OPEN|FREQUENCY=M|IFS_FLAG=true|INDICATOR=PPI|METHODOLOGY=PPI|OVERLAP=OL|REFERENCE_PERIOD=2010=100|SCALE=0|SECURITY_CLASSIFICATION=PUB|TYPE_OF_TRANSFORMATION=IX|aggregation=quarterly_mean,\N,"{""aggregation_method"": ""quarterly_mean"", ""source_derivation_types"": [""O"", ""O"", ""O""], ""source_months"": [""2020-M10"", ""2020-M11"", ""2020-M12""], ""source_observation_count"": 3, ""source_series_dimensions"": {""ACCESS_SHARING_LEVEL"": ""PUBLIC_OPEN"", ""COUNTRY"": ""THA"", ""FREQUENCY"": ""M"", ""IFS_FLAG"": ""true"", ""INDICATOR"": ""PPI"", ""METHODOLOGY"": ""PPI"", ""OVERLAP"": ""OL"", ""REFERENCE_PERIOD"": ""2010=100"", ""SCALE"": ""0"", ""SECURITY_CLASSIFICATION"": ""PUB"", ""TYPE_OF_TRANSFORMATION"": ""IX""}}"
THA,producer_price_index_quarterly_imf,2021-Q1,quarterly,99.50845621927851,\N,derived,IMF_PPI,IMF|ACCESS_SHARING_LEVEL=PUBLIC_OPEN|FREQUENCY=M|IFS_FLAG=true|INDICATOR=PPI|METHODOLOGY=PPI|OVERLAP=OL|REFERENCE_PERIOD=2010=100|SCALE=0|SECURITY_CLASSIFICATION=PUB|TYPE_OF_TRANSFORMATION=IX|aggregation=quarterly_mean,\N,"{""aggregation_method"": ""quarterly_mean"", ""source_derivation_types"": [""O"", ""O"", ""O""], ""source_months"": [""2021-M01"", ""2021-M02"", ""2021-M03""], ""source_observation_count"": 3, ""source_series_dimensions"": {""ACCESS_SHARING_LEVEL"": ""PUBLIC_OPEN"", ""COUNTRY"": ""THA"", ""FREQUENCY"": ""M"", ""IFS_FLAG"": ""true"", ""INDICATOR"": ""PPI"", ""METHODOLOGY"": ""PPI"", ""OVERLAP"": ""OL"", ""REFERENCE_PERIOD"": ""2010=100"", ""SCALE"": ""0"", ""SECURITY_CLASSIFICATION"": ""PUB"", ""TYPE_OF_TRANSFORMATION"": ""IX""}}"
THA,producer_price_index_quarterly_imf,2021-Q2,quarterly,101.5746063484129,\N,derived,IMF_PPI,IMF|ACCESS_SHARING_LEVEL=PUBLIC_OPEN|FREQUENCY=M|IFS_FLAG=true|INDICATOR=PPI|METHODOLOGY=PPI|OVERLAP=OL|REFERENCE_PERIOD=2010=100|SCALE=0|SECURITY_CLASSIFICATION=PUB|TYPE_OF_TRANSFORMATION=IX|aggregation=quarterly_mean,\N,"{""aggregation_method"": ""quarterly_mean"", ""source_derivation_types"": [""O"", ""O"", ""O""], ""source_months"": [""2021-M04"", ""2021-M05"", ""2021-M06""], ""source_observation_count"": 3, ""source_series_dimensions"": {""ACCESS_SHARING_LEVEL"": ""PUBLIC_OPEN"", ""COUNTRY"": ""THA"", ""FREQUENCY"": ""M"", ""IFS_FLAG"": ""true"", ""INDICATOR"": ""PPI"", ""METHODOLOGY"": ""PPI"", ""OVERLAP"": ""OL"", ""REFERENCE_PERIOD"": ""2010=100"", ""SCALE"": ""0"", ""SECURITY_CLASSIFICATION"": ""PUB"", ""TYPE_OF_TRANSFORMATION"": ""IX""}}"
THA,producer_price_index_quarterly_imf,2021-Q3,quarterly,102.60768141298006,\N,derived,IMF_PPI,IMF|ACCESS_SHARING_LEVEL=PUBLIC_OPEN|FREQUENCY=M|IFS_FLAG=true|INDICATOR=PPI|METHODOLOGY=PPI|OVERLAP=OL|REFERENCE_PERIOD=2010=100|SCALE=0|SECURITY_CLASSIFICATION=PUB|TYPE_OF_TRANSFORMATION=IX|aggregation=quarterly_mean,\N,"{""aggregation_method"": ""quarterly_mean"", ""source_derivation_types"": [""O"", ""O"", ""O""], ""source_months"": [""2021-M07"", ""2021-M08"", ""2021-M09""], ""source_observation_count"": 3, ""source_series_dimensions"": {""ACCESS_SHARING_LEVEL"": ""PUBLIC_OPEN"", ""COUNTRY"": ""THA"", ""FREQUENCY"": ""M"", ""IFS_FLAG"": ""true"", ""INDICATOR"": ""PPI"", ""METHODOLOGY"": ""PPI"", ""OVERLAP"": ""OL"", ""REFERENCE_PERIOD"": ""2010=100"", ""SCALE"": ""0"", ""SECURITY_CLASSIFICATION"": ""PUB"", ""TYPE_OF_TRANSFORMATION"": ""IX""}}"
THA,producer_price_index_quarterly_imf,2021-Q4,quarterly,105.50695659418481,\N,derived,IMF_PPI,IMF|ACCESS_SHARING_LEVEL=PUBLIC_OPEN|FREQUENCY=M|IFS_FLAG=true|INDICATOR=PPI|METHODOLOGY=PPI|OVERLAP=OL|REFERENCE_PERIOD=2010=100|SCALE=0|SECURITY_CLASSIFICATION=PUB|TYPE_OF_TRANSFORMATION=IX|aggregation=quarterly_mean,\N,"{""aggregation_method"": ""quarterly_mean"", ""source_derivation_types"": [""O"", ""O"", ""O""], ""source_months"": [""2021-M10"", ""2021-M11"", ""2021-M12""], ""source_observation_count"": 3, ""source_series_dimensions"": {""ACCESS_SHARING_LEVEL"": ""PUBLIC_OPEN"", ""COUNTRY"": ""THA"", ""FREQUENCY"": ""M"", ""IFS_FLAG"": ""true"", ""INDICATOR"": ""PPI"", ""METHODOLOGY"": ""PPI"", ""OVERLAP"": ""OL"", ""REFERENCE_PERIOD"": ""2010=100"", ""SCALE"": ""0"", ""SECURITY_CLASSIFICATION"": ""PUB"", ""TYPE_OF_TRANSFORMATION"": ""IX""}}"
THA,producer_price_index_quarterly_imf,2022-Q1,quarterly,109.30600683162542,\N,derived,IMF_PPI,IMF|ACCESS_SHARING_LEVEL=PUBLIC_OPEN|FREQUENCY=M|IFS_FLAG=true|INDICATOR=PPI|METHODOLOGY=PPI|OVERLAP=OL|REFERENCE_PERIOD=2010=100|SCALE=0|SECURITY_CLASSIFICATION=PUB|TYPE_OF_TRANSFORMATION=IX|aggregation=quarterly_mean,\N,"{""aggregation_method"": ""quarterly_mean"", ""source_derivation_types"": [""O"", ""O"", ""O""], ""source_months"": [""2022-M01"", ""2022-M02"", ""2022-M03""], ""source_observation_count"": 3, ""source_series_dimensions"": {""ACCESS_SHARING_LEVEL"": ""PUBLIC_OPEN"", ""COUNTRY"": ""THA"", ""FREQUENCY"": ""M"", ""IFS_FLAG"": ""true"", ""INDICATOR"": ""PPI"", ""METHODOLOGY"": ""PPI"", ""OVERLAP"": ""OL"", ""REFERENCE_PERIOD"": ""2010=100"", ""SCALE"": ""0"", ""SECURITY_CLASSIFICATION"": ""PUB"", ""TYPE_OF_TRANSFORMATION"": ""IX""}}"
THA,producer_price_index_quarterly_imf,2022-Q2,quarterly,115.071232191952,\N,derived,IMF_PPI,IMF|ACCESS_SHARING_LEVEL=PUBLIC_OPEN|FREQUENCY=M|IFS_FLAG=true|INDICATOR=PPI|METHODOLOGY=PPI|OVERLAP=OL|REFERENCE_PERIOD=2010=100|SCALE=0|SECURITY_CLASSIFICATION=PUB|TYPE_OF_TRANSFORMATION=IX|aggregation=quarterly_mean,\N,"{""aggregation_method"": ""quarterly_mean"", ""source_derivation_types"": [""O"", ""O"", ""O""], ""source_months"": [""2022-M04"", ""2022-M05"", ""2022-M06""], ""source_observation_count"": 3, ""source_series_dimensions"": {""ACCESS_SHARING_LEVEL"": ""PUBLIC_OPEN"", ""COUNTRY"": ""THA"", ""FREQUENCY"": ""M"", ""IFS_FLAG"": ""true"", ""INDICATOR"": ""PPI"", ""METHODOLOGY"": ""PPI"", ""OVERLAP"": ""OL"", ""REFERENCE_PERIOD"": ""2010=100"", ""SCALE"": ""0"", ""SECURITY_CLASSIFICATION"": ""PUB"", ""TYPE_OF_TRANSFORMATION"": ""IX""}}"
THA,producer_price_index_quarterly_imf,2022-Q3,quarterly,114.03815712738488,\N,derived,IMF_PPI,IMF|ACCESS_SHARING_LEVEL=PUBLIC_OPEN|FREQUENCY=M|IFS_FLAG=true|INDICATOR=PPI|METHODOLOGY=PPI|OVERLAP=OL|REFERENCE_PERIOD=2010=100|SCALE=0|SECURITY_CLASSIFICATION=PUB|TYPE_OF_TRANSFORMATION=IX|aggregation=quarterly_mean,\N,"{""aggregation_method"": ""quarterly_mean"", ""source_derivation_types"": [""O"", ""O"", ""O""], ""source_months"": [""2022-M07"", ""2022-M08"", ""2022-M09""], ""source_observation_count"": 3, ""source_series_dimensions"": {""ACCESS_SHARING_LEVEL"": ""PUBLIC_OPEN"", ""COUNTRY"": ""THA"", ""FREQUENCY"": ""M"", ""IFS_FLAG"": ""true"", ""INDICATOR"": ""PPI"", ""METHODOLOGY"": ""PPI"", ""OVERLAP"": ""OL"", ""REFERENCE_PERIOD"": ""2010=100"", ""SCALE"": ""0"", ""SECURITY_CLASSIFICATION"": ""PUB"", ""TYPE_OF_TRANSFORMATION"": ""IX""}}"
THA,producer_price_index_quarterly_imf,2022-Q4,quarterly,113.23835707739742,\N,derived,IMF_PPI,IMF|ACCESS_SHARING_LEVEL=PUBLIC_OPEN|FREQUENCY=M|IFS_FLAG=true|INDICATOR=PPI|METHODOLOGY=PPI|OVERLAP=OL|REFERENCE_PERIOD=2010=100|SCALE=0|SECURITY_CLASSIFICATION=PUB|TYPE_OF_TRANSFORMATION=IX|aggregation=quarterly_mean,\N,"{""aggregation_method"": ""quarterly_mean"", ""source_derivation_types"": [""O"", ""O"", ""O""], ""source_months"": [""2022-M10"", ""2022-M11"", ""2022-M12""], ""source_observation_count"": 3, ""source_series_dimensions"": {""ACCESS_SHARING_LEVEL"": ""PUBLIC_OPEN"", ""COUNTRY"": ""THA"", ""FREQUENCY"": ""M"", ""IFS_FLAG"": ""true"", ""INDICATOR"": ""PPI"", ""METHODOLOGY"": ""PPI"", ""OVERLAP"": ""OL"", ""REFERENCE_PERIOD"": ""2010=100"", ""SCALE"": ""0"", ""SECURITY_CLASSIFICATION"": ""PUB"", ""TYPE_OF_TRANSFORMATION"": ""IX""}}"
THA,producer_price_index_quarterly_imf,2023-Q1,quarterly,110.10580688161303,\N,derived,IMF_PPI,IMF|ACCESS_SHARING_LEVEL=PUBLIC_OPEN|FREQUENCY=M|IFS_FLAG=true|INDICATOR=PPI|METHODOLOGY=PPI|OVERLAP=OL|REFERENCE_PERIOD=2010=100|SCALE=0|SECURITY_CLASSIFICATION=PUB|TYPE_OF_TRANSFORMATION=IX|aggregation=quarterly_mean,\N,"{""aggregation_method"": ""quarterly_mean"", ""source_derivation_types"": [""O"", ""O"", ""O""], ""source_months"": [""2023-M01"", ""2023-M02"", ""2023-M03""], ""source_observation_count"": 3, ""source_series_dimensions"": {""ACCESS_SHARING_LEVEL"": ""PUBLIC_OPEN"", ""COUNTRY"": ""THA"", ""FREQUENCY"": ""M"", ""IFS_FLAG"": ""true"", ""INDICATOR"": ""PPI"", ""METHODOLOGY"": ""PPI"", ""OVERLAP"": ""OL"", ""REFERENCE_PERIOD"": ""2010=100"", ""SCALE"": ""0"", ""SECURITY_CLASSIFICATION"": ""PUB"", ""TYPE_OF_TRANSFORMATION"": ""IX""}}"
THA,producer_price_index_quarterly_imf,2023-Q2,quarterly,109.27268182954269,\N,derived,IMF_PPI,IMF|ACCESS_SHARING_LEVEL=PUBLIC_OPEN|FREQUENCY=M|IFS_FLAG=true|INDICATOR=PPI|METHODOLOGY=PPI|OVERLAP=OL|REFERENCE_PERIOD=2010=100|SCALE=0|SECURITY_CLASSIFICATION=PUB|TYPE_OF_TRANSFORMATION=IX|aggregation=quarterly_mean,\N,"{""aggregation_method"": ""quarterly_mean"", ""source_derivation_types"": [""O"", ""O"", ""O""], ""source_months"": [""2023-M04"", ""2023-M05"", ""2023-M06""], ""source_observation_count"": 3, ""source_series_dimensions"": {""ACCESS_SHARING_LEVEL"": ""PUBLIC_OPEN"", ""COUNTRY"": ""THA"", ""FREQUENCY"": ""M"", ""IFS_FLAG"": ""true"", ""INDICATOR"": ""PPI"", ""METHODOLOGY"": ""PPI"", ""OVERLAP"": ""OL"", ""REFERENCE_PERIOD"": ""2010=100"", ""SCALE"": ""0"", ""SECURITY_CLASSIFICATION"": ""PUB"", ""TYPE_OF_TRANSFORMATION"": ""IX""}}"
THA,producer_price_index_quarterly_imf,2023-Q3,quarterly,110.2391068899443,\N,derived,IMF_PPI,IMF|ACCESS_SHARING_LEVEL=PUBLIC_OPEN|FREQUENCY=M|IFS_FLAG=true|INDICATOR=PPI|METHODOLOGY=PPI|OVERLAP=OL|REFERENCE_PERIOD=2010=100|SCALE=0|SECURITY_CLASSIFICATION=PUB|TYPE_OF_TRANSFORMATION=IX|aggregation=quarterly_mean,\N,"{""aggregation_method"": ""quarterly_mean"", ""source_derivation_types"": [""O"", ""O"", ""O""], ""source_months"": [""2023-M07"", ""2023-M08"", ""2023-M09""], ""source_observation_count"": 3, ""source_series_dimensions"": {""ACCESS_SHARING_LEVEL"": ""PUBLIC_OPEN"", ""COUNTRY"": ""THA"", ""FREQUENCY"": ""M"", ""IFS_FLAG"": ""true"", ""INDICATOR"": ""PPI"", ""METHODOLOGY"": ""PPI"", ""OVERLAP"": ""OL"", ""REFERENCE_PERIOD"": ""2010=100"", ""SCALE"": ""0"", ""SECURITY_CLASSIFICATION"": ""PUB"", ""TYPE_OF_TRANSFORMATION"": ""IX""}}"
THA,producer_price_index_quarterly_imf,2023-Q4,quarterly,111.23885695242866,\N,derived,IMF_PPI,IMF|ACCESS_SHARING_LEVEL=PUBLIC_OPEN|FREQUENCY=M|IFS_FLAG=true|INDICATOR=PPI|METHODOLOGY=PPI|OVERLAP=OL|REFERENCE_PERIOD=2010=100|SCALE=0|SECURITY_CLASSIFICATION=PUB|TYPE_OF_TRANSFORMATION=IX|aggregation=quarterly_mean,\N,"{""aggregation_method"": ""quarterly_mean"", ""source_derivation_types"": [""O"", ""O"", ""O""], ""source_months"": [""2023-M10"", ""2023-M11"", ""2023-M12""], ""source_observation_count"": 3, ""source_series_dimensions"": {""ACCESS_SHARING_LEVEL"": ""PUBLIC_OPEN"", ""COUNTRY"": ""THA"", ""FREQUENCY"": ""M"", ""IFS_FLAG"": ""true"", ""INDICATOR"": ""PPI"", ""METHODOLOGY"": ""PPI"", ""OVERLAP"": ""OL"", ""REFERENCE_PERIOD"": ""2010=100"", ""SCALE"": ""0"", ""SECURITY_CLASSIFICATION"": ""PUB"", ""TYPE_OF_TRANSFORMATION"": ""IX""}}"
THA,producer_price_index_quarterly_imf,2024-Q1,quarterly,111.40548196284273,\N,derived,IMF_PPI,IMF|ACCESS_SHARING_LEVEL=PUBLIC_OPEN|FREQUENCY=M|IFS_FLAG=true|INDICATOR=PPI|METHODOLOGY=PPI|OVERLAP=OL|REFERENCE_PERIOD=2010=100|SCALE=0|SECURITY_CLASSIFICATION=PUB|TYPE_OF_TRANSFORMATION=IX|aggregation=quarterly_mean,\N,"{""aggregation_method"": ""quarterly_mean"", ""source_derivation_types"": [""O"", ""O"", ""O""], ""source_months"": [""2024-M01"", ""2024-M02"", ""2024-M03""], ""source_observation_count"": 3, ""source_series_dimensions"": {""ACCESS_SHARING_LEVEL"": ""PUBLIC_OPEN"", ""COUNTRY"": ""THA"", ""FREQUENCY"": ""M"", ""IFS_FLAG"": ""true"", ""INDICATOR"": ""PPI"", ""METHODOLOGY"": ""PPI"", ""OVERLAP"": ""OL"", ""REFERENCE_PERIOD"": ""2010=100"", ""SCALE"": ""0"", ""SECURITY_CLASSIFICATION"": ""PUB"", ""TYPE_OF_TRANSFORMATION"": ""IX""}}"
THA,producer_price_index_quarterly_imf,2024-Q2,quarterly,113.63825710239121,\N,derived,IMF_PPI,IMF|ACCESS_SHARING_LEVEL=PUBLIC_OPEN|FREQUENCY=M|IFS_FLAG=true|INDICATOR=PPI|METHODOLOGY=PPI|OVERLAP=OL|REFERENCE_PERIOD=2010=100|SCALE=0|SECURITY_CLASSIFICATION=PUB|TYPE_OF_TRANSFORMATION=IX|aggregation=quarterly_mean,\N,"{""aggregation_method"": ""quarterly_mean"", ""source_derivation_types"": [""O"", ""O"", ""O""], ""source_months"": [""2024-M04"", ""2024-M05"", ""2024-M06""], ""source_observation_count"": 3, ""source_series_dimensions"": {""ACCESS_SHARING_LEVEL"": ""PUBLIC_OPEN"", ""COUNTRY"": ""THA"", ""FREQUENCY"": ""M"", ""IFS_FLAG"": ""true"", ""INDICATOR"": ""PPI"", ""METHODOLOGY"": ""PPI"", ""OVERLAP"": ""OL"", ""REFERENCE_PERIOD"": ""2010=100"", ""SCALE"": ""0"", ""SECURITY_CLASSIFICATION"": ""PUB"", ""TYPE_OF_TRANSFORMATION"": ""IX""}}"
THA,producer_price_index_quarterly_imf,2024-Q3,quarterly,112.07198200449898,\N,derived,IMF_PPI,IMF|ACCESS_SHARING_LEVEL=PUBLIC_OPEN|FREQUENCY=M|IFS_FLAG=true|INDICATOR=PPI|METHODOLOGY=PPI|OVERLAP=OL|REFERENCE_PERIOD=2010=100|SCALE=0|SECURITY_CLASSIFICATION=PUB|TYPE_OF_TRANSFORMATION=IX|aggregation=quarterly_mean,\N,"{""aggregation_method"": ""quarterly_mean"", ""source_derivation_types"": [""O"", ""O"", ""O""], ""source_months"": [""2024-M07"", ""2024-M08"", ""2024-M09""], ""source_observation_count"": 3, ""source_series_dimensions"": {""ACCESS_SHARING_LEVEL"": ""PUBLIC_OPEN"", ""COUNTRY"": ""THA"", ""FREQUENCY"": ""M"", ""IFS_FLAG"": ""true"", ""INDICATOR"": ""PPI"", ""METHODOLOGY"": ""PPI"", ""OVERLAP"": ""OL"", ""REFERENCE_PERIOD"": ""2010=100"", ""SCALE"": ""0"", ""SECURITY_CLASSIFICATION"": ""PUB"", ""TYPE_OF_TRANSFORMATION"": ""IX""}}"
THA,producer_price_index_quarterly_imf,2024-Q4,quarterly,111.00558193784896,\N,derived,IMF_PPI,IMF|ACCESS_SHARING_LEVEL=PUBLIC_OPEN|FREQUENCY=M|IFS_FLAG=true|INDICATOR=PPI|METHODOLOGY=PPI|OVERLAP=OL|REFERENCE_PERIOD=2010=100|SCALE=0|SECURITY_CLASSIFICATION=PUB|TYPE_OF_TRANSFORMATION=IX|aggregation=quarterly_mean,\N,"{""aggregation_method"": ""quarterly_mean"", ""source_derivation_types"": [""O"", ""O"", ""O""], ""source_months"": [""2024-M10"", ""2024-M11"", ""2024-M12""], ""source_observation_count"": 3, ""source_series_dimensions"": {""ACCESS_SHARING_LEVEL"": ""PUBLIC_OPEN"", ""COUNTRY"": ""THA"", ""FREQUENCY"": ""M"", ""IFS_FLAG"": ""true"", ""INDICATOR"": ""PPI"", ""METHODOLOGY"": ""PPI"", ""OVERLAP"": ""OL"", ""REFERENCE_PERIOD"": ""2010=100"", ""SCALE"": ""0"", ""SECURITY_CLASSIFICATION"": ""PUB"", ""TYPE_OF_TRANSFORMATION"": ""IX""}}"
TUR,producer_price_index_quarterly_imf,2020-Q1,quarterly,269.01428589192807,\N,derived,IMF_PPI,IMF|ACCESS_SHARING_LEVEL=PUBLIC_OPEN|FREQUENCY=M|IFS_FLAG=true|INDICATOR=PPI|METHODOLOGY=PPI|OVERLAP=OL|REFERENCE_PERIOD=2010=100|SCALE=0|SECURITY_CLASSIFICATION=PUB|TYPE_OF_TRANSFORMATION=IX|aggregation=quarterly_mean,\N,"{""aggregation_method"": ""quarterly_mean"", ""source_derivation_types"": [""O"", ""O"", ""O""], ""source_months"": [""2020-M01"", ""2020-M02"", ""2020-M03""], ""source_observation_count"": 3, ""source_series_dimensions"": {""ACCESS_SHARING_LEVEL"": ""PUBLIC_OPEN"", ""COUNTRY"": ""TUR"", ""FREQUENCY"": ""M"", ""IFS_FLAG"": ""true"", ""INDICATOR"": ""PPI"", ""METHODOLOGY"": ""PPI"", ""OVERLAP"": ""OL"", ""REFERENCE_PERIOD"": ""2010=100"", ""SCALE"": ""0"", ""SECURITY_CLASSIFICATION"": ""PUB"", ""TYPE_OF_TRANSFORMATION"": ""IX""}}"
UKR,producer_price_index_quarterly_imf,2020-Q1,quarterly,350.94816606492105,\N,derived,IMF_PPI,IMF|ACCESS_SHARING_LEVEL=PUBLIC_OPEN|FREQUENCY=M|IFS_FLAG=true|INDICATOR=PPI|METHODOLOGY=PPI|OVERLAP=OL|REFERENCE_PERIOD=2010=100|SCALE=0|SECURITY_CLASSIFICATION=PUB|TYPE_OF_TRANSFORMATION=IX|aggregation=quarterly_mean,\N,"{""aggregation_method"": ""quarterly_mean"", ""source_derivation_types"": [""O"", ""O"", ""O""], ""source_months"": [""2020-M01"", ""2020-M02"", ""2020-M03""], ""source_observation_count"": 3, ""source_series_dimensions"": {""ACCESS_SHARING_LEVEL"": ""PUBLIC_OPEN"", ""COUNTRY"": ""UKR"", ""FREQUENCY"": ""M"", ""IFS_FLAG"": ""true"", ""INDICATOR"": ""PPI"", ""METHODOLOGY"": ""PPI"", ""OVERLAP"": ""OL"", ""REFERENCE_PERIOD"": ""2010=100"", ""SCALE"": ""0"", ""SECURITY_CLASSIFICATION"": ""PUB"", ""TYPE_OF_TRANSFORMATION"": ""IX""}}"
UKR,producer_price_index_quarterly_imf,2020-Q2,quarterly,351.7480479248981,\N,derived,IMF_PPI,IMF|ACCESS_SHARING_LEVEL=PUBLIC_OPEN|FREQUENCY=M|IFS_FLAG=true|INDICATOR=PPI|METHODOLOGY=PPI|OVERLAP=OL|REFERENCE_PERIOD=2010=100|SCALE=0|SECURITY_CLASSIFICATION=PUB|TYPE_OF_TRANSFORMATION=IX|aggregation=quarterly_mean,\N,"{""aggregation_method"": ""quarterly_mean"", ""source_derivation_types"": [""O"", ""O"", ""O""], ""source_months"": [""2020-M04"", ""2020-M05"", ""2020-M06""], ""source_observation_count"": 3, ""source_series_dimensions"": {""ACCESS_SHARING_LEVEL"": ""PUBLIC_OPEN"", ""COUNTRY"": ""UKR"", ""FREQUENCY"": ""M"", ""IFS_FLAG"": ""true"", ""INDICATOR"": ""PPI"", ""METHODOLOGY"": ""PPI"", ""OVERLAP"": ""OL"", ""REFERENCE_PERIOD"": ""2010=100"", ""SCALE"": ""0"", ""SECURITY_CLASSIFICATION"": ""PUB"", ""TYPE_OF_TRANSFORMATION"": ""IX""}}"
UKR,producer_price_index_quarterly_imf,2020-Q3,quarterly,354.9809037756386,\N,derived,IMF_PPI,IMF|ACCESS_SHARING_LEVEL=PUBLIC_OPEN|FREQUENCY=M|IFS_FLAG=true|INDICATOR=PPI|METHODOLOGY=PPI|OVERLAP=OL|REFERENCE_PERIOD=2010=100|SCALE=0|SECURITY_CLASSIFICATION=PUB|TYPE_OF_TRANSFORMATION=IX|aggregation=quarterly_mean,\N,"{""aggregation_method"": ""quarterly_mean"", ""source_derivation_types"": [""O"", ""O"", ""O""], ""source_months"": [""2020-M07"", ""2020-M08"", ""2020-M09""], ""source_observation_count"": 3, ""source_series_dimensions"": {""ACCESS_SHARING_LEVEL"": ""PUBLIC_OPEN"", ""COUNTRY"": ""UKR"", ""FREQUENCY"": ""M"", ""IFS_FLAG"": ""true"", ""INDICATOR"": ""PPI"", ""METHODOLOGY"": ""PPI"", ""OVERLAP"": ""OL"", ""REFERENCE_PERIOD"": ""2010=100"", ""SCALE"": ""0"", ""SECURITY_CLASSIFICATION"": ""PUB"", ""TYPE_OF_TRANSFORMATION"": ""IX""}}"
UKR,producer_price_index_quarterly_imf,2020-Q4,quarterly,382.4435143015166,\N,derived,IMF_PPI,IMF|ACCESS_SHARING_LEVEL=PUBLIC_OPEN|FREQUENCY=M|IFS_FLAG=true|INDICATOR=PPI|METHODOLOGY=PPI|OVERLAP=OL|REFERENCE_PERIOD=2010=100|SCALE=0|SECURITY_CLASSIFICATION=PUB|TYPE_OF_TRANSFORMATION=IX|aggregation=quarterly_mean,\N,"{""aggregation_method"": ""quarterly_mean"", ""source_derivation_types"": [""O"", ""O"", ""O""], ""source_months"": [""2020-M10"", ""2020-M11"", ""2020-M12""], ""source_observation_count"": 3, ""source_series_dimensions"": {""ACCESS_SHARING_LEVEL"": ""PUBLIC_OPEN"", ""COUNTRY"": ""UKR"", ""FREQUENCY"": ""M"", ""IFS_FLAG"": ""true"", ""INDICATOR"": ""PPI"", ""METHODOLOGY"": ""PPI"", ""OVERLAP"": ""OL"", ""REFERENCE_PERIOD"": ""2010=100"", ""SCALE"": ""0"", ""SECURITY_CLASSIFICATION"": ""PUB"", ""TYPE_OF_TRANSFORMATION"": ""IX""}}"
UKR,producer_price_index_quarterly_imf,2021-Q1,quarterly,433.63595334004634,\N,derived,IMF_PPI,IMF|ACCESS_SHARING_LEVEL=PUBLIC_OPEN|FREQUENCY=M|IFS_FLAG=true|INDICATOR=PPI|METHODOLOGY=PPI|OVERLAP=OL|REFERENCE_PERIOD=2010=100|SCALE=0|SECURITY_CLASSIFICATION=PUB|TYPE_OF_TRANSFORMATION=IX|aggregation=quarterly_mean,\N,"{""aggregation_method"": ""quarterly_mean"", ""source_derivation_types"": [""O"", ""O"", ""O""], ""source_months"": [""2021-M01"", ""2021-M02"", ""2021-M03""], ""source_observation_count"": 3, ""source_series_dimensions"": {""ACCESS_SHARING_LEVEL"": ""PUBLIC_OPEN"", ""COUNTRY"": ""UKR"", ""FREQUENCY"": ""M"", ""IFS_FLAG"": ""true"", ""INDICATOR"": ""PPI"", ""METHODOLOGY"": ""PPI"", ""OVERLAP"": ""OL"", ""REFERENCE_PERIOD"": ""2010=100"", ""SCALE"": ""0"", ""SECURITY_CLASSIFICATION"": ""PUB"", ""TYPE_OF_TRANSFORMATION"": ""IX""}}"
UKR,producer_price_index_quarterly_imf,2021-Q2,quarterly,468.99739723319743,\N,derived,IMF_PPI,IMF|ACCESS_SHARING_LEVEL=PUBLIC_OPEN|FREQUENCY=M|IFS_FLAG=true|INDICATOR=PPI|METHODOLOGY=PPI|OVERLAP=OL|REFERENCE_PERIOD=2010=100|SCALE=0|SECURITY_CLASSIFICATION=PUB|TYPE_OF_TRANSFORMATION=IX|aggregation=quarterly_mean,\N,"{""aggregation_method"": ""quarterly_mean"", ""source_derivation_types"": [""O"", ""O"", ""O""], ""source_months"": [""2021-M04"", ""2021-M05"", ""2021-M06""], ""source_observation_count"": 3, ""source_series_dimensions"": {""ACCESS_SHARING_LEVEL"": ""PUBLIC_OPEN"", ""COUNTRY"": ""UKR"", ""FREQUENCY"": ""M"", ""IFS_FLAG"": ""true"", ""INDICATOR"": ""PPI"", ""METHODOLOGY"": ""PPI"", ""OVERLAP"": ""OL"", ""REFERENCE_PERIOD"": ""2010=100"", ""SCALE"": ""0"", ""SECURITY_CLASSIFICATION"": ""PUB"", ""TYPE_OF_TRANSFORMATION"": ""IX""}}"
UKR,producer_price_index_quarterly_imf,2021-Q3,quarterly,513.2241984077606,\N,derived,IMF_PPI,IMF|ACCESS_SHARING_LEVEL=PUBLIC_OPEN|FREQUENCY=M|IFS_FLAG=true|INDICATOR=PPI|METHODOLOGY=PPI|OVERLAP=OL|REFERENCE_PERIOD=2010=100|SCALE=0|SECURITY_CLASSIFICATION=PUB|TYPE_OF_TRANSFORMATION=IX|aggregation=quarterly_mean,\N,"{""aggregation_method"": ""quarterly_mean"", ""source_derivation_types"": [""O"", ""O"", ""O""], ""source_months"": [""2021-M07"", ""2021-M08"", ""2021-M09""], ""source_observation_count"": 3, ""source_series_dimensions"": {""ACCESS_SHARING_LEVEL"": ""PUBLIC_OPEN"", ""COUNTRY"": ""UKR"", ""FREQUENCY"": ""M"", ""IFS_FLAG"": ""true"", ""INDICATOR"": ""PPI"", ""METHODOLOGY"": ""PPI"", ""OVERLAP"": ""OL"", ""REFERENCE_PERIOD"": ""2010=100"", ""SCALE"": ""0"", ""SECURITY_CLASSIFICATION"": ""PUB"", ""TYPE_OF_TRANSFORMATION"": ""IX""}}"
UKR,producer_price_index_quarterly_imf,2021-Q4,quarterly,612.1762501690855,\N,derived,IMF_PPI,IMF|ACCESS_SHARING_LEVEL=PUBLIC_OPEN|FREQUENCY=M|IFS_FLAG=true|INDICATOR=PPI|METHODOLOGY=PPI|OVERLAP=OL|REFERENCE_PERIOD=2010=100|SCALE=0|SECURITY_CLASSIFICATION=PUB|TYPE_OF_TRANSFORMATION=IX|aggregation=quarterly_mean,\N,"{""aggregation_method"": ""quarterly_mean"", ""source_derivation_types"": [""O"", ""O"", ""O""], ""source_months"": [""2021-M10"", ""2021-M11"", ""2021-M12""], ""source_observation_count"": 3, ""source_series_dimensions"": {""ACCESS_SHARING_LEVEL"": ""PUBLIC_OPEN"", ""COUNTRY"": ""UKR"", ""FREQUENCY"": ""M"", ""IFS_FLAG"": ""true"", ""INDICATOR"": ""PPI"", ""METHODOLOGY"": ""PPI"", ""OVERLAP"": ""OL"", ""REFERENCE_PERIOD"": ""2010=100"", ""SCALE"": ""0"", ""SECURITY_CLASSIFICATION"": ""PUB"", ""TYPE_OF_TRANSFORMATION"": ""IX""}}"
URY,producer_price_index_quarterly_imf,2020-Q1,quarterly,210.15345690556083,\N,derived,IMF_PPI,IMF|ACCESS_SHARING_LEVEL=PUBLIC_OPEN|FREQUENCY=M|IFS_FLAG=true|INDICATOR=PPI|METHODOLOGY=PPI|OVERLAP=OL|REFERENCE_PERIOD=2010=100|SCALE=0|SECURITY_CLASSIFICATION=PUB|TYPE_OF_TRANSFORMATION=IX|aggregation=quarterly_mean,\N,"{""aggregation_method"": ""quarterly_mean"", ""source_derivation_types"": [""O"", ""O"", ""O""], ""source_months"": [""2020-M01"", ""2020-M02"", ""2020-M03""], ""source_observation_count"": 3, ""source_series_dimensions"": {""ACCESS_SHARING_LEVEL"": ""PUBLIC_OPEN"", ""COUNTRY"": ""URY"", ""FREQUENCY"": ""M"", ""IFS_FLAG"": ""true"", ""INDICATOR"": ""PPI"", ""METHODOLOGY"": ""PPI"", ""OVERLAP"": ""OL"", ""REFERENCE_PERIOD"": ""2010=100"", ""SCALE"": ""0"", ""SECURITY_CLASSIFICATION"": ""PUB"", ""TYPE_OF_TRANSFORMATION"": ""IX""}}"
URY,producer_price_index_quarterly_imf,2020-Q2,quarterly,218.48240313671263,\N,derived,IMF_PPI,IMF|ACCESS_SHARING_LEVEL=PUBLIC_OPEN|FREQUENCY=M|IFS_FLAG=true|INDICATOR=PPI|METHODOLOGY=PPI|OVERLAP=OL|REFERENCE_PERIOD=2010=100|SCALE=0|SECURITY_CLASSIFICATION=PUB|TYPE_OF_TRANSFORMATION=IX|aggregation=quarterly_mean,\N,"{""aggregation_method"": ""quarterly_mean"", ""source_derivation_types"": [""O"", ""O"", ""O""], ""source_months"": [""2020-M04"", ""2020-M05"", ""2020-M06""], ""source_observation_count"": 3, ""source_series_dimensions"": {""ACCESS_SHARING_LEVEL"": ""PUBLIC_OPEN"", ""COUNTRY"": ""URY"", ""FREQUENCY"": ""M"", ""IFS_FLAG"": ""true"", ""INDICATOR"": ""PPI"", ""METHODOLOGY"": ""PPI"", ""OVERLAP"": ""OL"", ""REFERENCE_PERIOD"": ""2010=100"", ""SCALE"": ""0"", ""SECURITY_CLASSIFICATION"": ""PUB"", ""TYPE_OF_TRANSFORMATION"": ""IX""}}"
URY,producer_price_index_quarterly_imf,2020-Q3,quarterly,220.73907611556817,\N,derived,IMF_PPI,IMF|ACCESS_SHARING_LEVEL=PUBLIC_OPEN|FREQUENCY=M|IFS_FLAG=true|INDICATOR=PPI|METHODOLOGY=PPI|OVERLAP=OL|REFERENCE_PERIOD=2010=100|SCALE=0|SECURITY_CLASSIFICATION=PUB|TYPE_OF_TRANSFORMATION=IX|aggregation=quarterly_mean,\N,"{""aggregation_method"": ""quarterly_mean"", ""source_derivation_types"": [""O"", ""O"", ""O""], ""source_months"": [""2020-M07"", ""2020-M08"", ""2020-M09""], ""source_observation_count"": 3, ""source_series_dimensions"": {""ACCESS_SHARING_LEVEL"": ""PUBLIC_OPEN"", ""COUNTRY"": ""URY"", ""FREQUENCY"": ""M"", ""IFS_FLAG"": ""true"", ""INDICATOR"": ""PPI"", ""METHODOLOGY"": ""PPI"", ""OVERLAP"": ""OL"", ""REFERENCE_PERIOD"": ""2010=100"", ""SCALE"": ""0"", ""SECURITY_CLASSIFICATION"": ""PUB"", ""TYPE_OF_TRANSFORMATION"": ""IX""}}"
URY,producer_price_index_quarterly_imf,2020-Q4,quarterly,219.38130072996148,\N,derived,IMF_PPI,IMF|ACCESS_SHARING_LEVEL=PUBLIC_OPEN|FREQUENCY=M|IFS_FLAG=true|INDICATOR=PPI|METHODOLOGY=PPI|OVERLAP=OL|REFERENCE_PERIOD=2010=100|SCALE=0|SECURITY_CLASSIFICATION=PUB|TYPE_OF_TRANSFORMATION=IX|aggregation=quarterly_mean,\N,"{""aggregation_method"": ""quarterly_mean"", ""source_derivation_types"": [""O"", ""O"", ""O""], ""source_months"": [""2020-M10"", ""2020-M11"", ""2020-M12""], ""source_observation_count"": 3, ""source_series_dimensions"": {""ACCESS_SHARING_LEVEL"": ""PUBLIC_OPEN"", ""COUNTRY"": ""URY"", ""FREQUENCY"": ""M"", ""IFS_FLAG"": ""true"", ""INDICATOR"": ""PPI"", ""METHODOLOGY"": ""PPI"", ""OVERLAP"": ""OL"", ""REFERENCE_PERIOD"": ""2010=100"", ""SCALE"": ""0"", ""SECURITY_CLASSIFICATION"": ""PUB"", ""TYPE_OF_TRANSFORMATION"": ""IX""}}"
URY,producer_price_index_quarterly_imf,2021-Q1,quarterly,227.578241020846,\N,derived,IMF_PPI,IMF|ACCESS_SHARING_LEVEL=PUBLIC_OPEN|FREQUENCY=M|IFS_FLAG=true|INDICATOR=PPI|METHODOLOGY=PPI|OVERLAP=OL|REFERENCE_PERIOD=2010=100|SCALE=0|SECURITY_CLASSIFICATION=PUB|TYPE_OF_TRANSFORMATION=IX|aggregation=quarterly_mean,\N,"{""aggregation_method"": ""quarterly_mean"", ""source_derivation_types"": [""O"", ""O"", ""O""], ""source_months"": [""2021-M01"", ""2021-M02"", ""2021-M03""], ""source_observation_count"": 3, ""source_series_dimensions"": {""ACCESS_SHARING_LEVEL"": ""PUBLIC_OPEN"", ""COUNTRY"": ""URY"", ""FREQUENCY"": ""M"", ""IFS_FLAG"": ""true"", ""INDICATOR"": ""PPI"", ""METHODOLOGY"": ""PPI"", ""OVERLAP"": ""OL"", ""REFERENCE_PERIOD"": ""2010=100"", ""SCALE"": ""0"", ""SECURITY_CLASSIFICATION"": ""PUB"", ""TYPE_OF_TRANSFORMATION"": ""IX""}}"
URY,producer_price_index_quarterly_imf,2021-Q2,quarterly,242.91607408047653,\N,derived,IMF_PPI,IMF|ACCESS_SHARING_LEVEL=PUBLIC_OPEN|FREQUENCY=M|IFS_FLAG=true|INDICATOR=PPI|METHODOLOGY=PPI|OVERLAP=OL|REFERENCE_PERIOD=2010=100|SCALE=0|SECURITY_CLASSIFICATION=PUB|TYPE_OF_TRANSFORMATION=IX|aggregation=quarterly_mean,\N,"{""aggregation_method"": ""quarterly_mean"", ""source_derivation_types"": [""O"", ""O"", ""O""], ""source_months"": [""2021-M04"", ""2021-M05"", ""2021-M06""], ""source_observation_count"": 3, ""source_series_dimensions"": {""ACCESS_SHARING_LEVEL"": ""PUBLIC_OPEN"", ""COUNTRY"": ""URY"", ""FREQUENCY"": ""M"", ""IFS_FLAG"": ""true"", ""INDICATOR"": ""PPI"", ""METHODOLOGY"": ""PPI"", ""OVERLAP"": ""OL"", ""REFERENCE_PERIOD"": ""2010=100"", ""SCALE"": ""0"", ""SECURITY_CLASSIFICATION"": ""PUB"", ""TYPE_OF_TRANSFORMATION"": ""IX""}}"
URY,producer_price_index_quarterly_imf,2021-Q3,quarterly,258.4047710718412,\N,derived,IMF_PPI,IMF|ACCESS_SHARING_LEVEL=PUBLIC_OPEN|FREQUENCY=M|IFS_FLAG=true|INDICATOR=PPI|METHODOLOGY=PPI|OVERLAP=OL|REFERENCE_PERIOD=2010=100|SCALE=0|SECURITY_CLASSIFICATION=PUB|TYPE_OF_TRANSFORMATION=IX|aggregation=quarterly_mean,\N,"{""aggregation_method"": ""quarterly_mean"", ""source_derivation_types"": [""O"", ""O"", ""O""], ""source_months"": [""2021-M07"", ""2021-M08"", ""2021-M09""], ""source_observation_count"": 3, ""source_series_dimensions"": {""ACCESS_SHARING_LEVEL"": ""PUBLIC_OPEN"", ""COUNTRY"": ""URY"", ""FREQUENCY"": ""M"", ""IFS_FLAG"": ""true"", ""INDICATOR"": ""PPI"", ""METHODOLOGY"": ""PPI"", ""OVERLAP"": ""OL"", ""REFERENCE_PERIOD"": ""2010=100"", ""SCALE"": ""0"", ""SECURITY_CLASSIFICATION"": ""PUB"", ""TYPE_OF_TRANSFORMATION"": ""IX""}}"
URY,producer_price_index_quarterly_imf,2021-Q4,quarterly,265.1465030212075,\N,derived,IMF_PPI,IMF|ACCESS_SHARING_LEVEL=PUBLIC_OPEN|FREQUENCY=M|IFS_FLAG=true|INDICATOR=PPI|METHODOLOGY=PPI|OVERLAP=OL|REFERENCE_PERIOD=2010=100|SCALE=0|SECURITY_CLASSIFICATION=PUB|TYPE_OF_TRANSFORMATION=IX|aggregation=quarterly_mean,\N,"{""aggregation_method"": ""quarterly_mean"", ""source_derivation_types"": [""O"", ""O"", ""O""], ""source_months"": [""2021-M10"", ""2021-M11"", ""2021-M12""], ""source_observation_count"": 3, ""source_series_dimensions"": {""ACCESS_SHARING_LEVEL"": ""PUBLIC_OPEN"", ""COUNTRY"": ""URY"", ""FREQUENCY"": ""M"", ""IFS_FLAG"": ""true"", ""INDICATOR"": ""PPI"", ""METHODOLOGY"": ""PPI"", ""OVERLAP"": ""OL"", ""REFERENCE_PERIOD"": ""2010=100"", ""SCALE"": ""0"", ""SECURITY_CLASSIFICATION"": ""PUB"", ""TYPE_OF_TRANSFORMATION"": ""IX""}}"
URY,producer_price_index_quarterly_imf,2022-Q1,quarterly,277.04903863531007,\N,derived,IMF_PPI,IMF|ACCESS_SHARING_LEVEL=PUBLIC_OPEN|FREQUENCY=M|IFS_FLAG=true|INDICATOR=PPI|METHODOLOGY=PPI|OVERLAP=OL|REFERENCE_PERIOD=2010=100|SCALE=0|SECURITY_CLASSIFICATION=PUB|TYPE_OF_TRANSFORMATION=IX|aggregation=quarterly_mean,\N,"{""aggregation_method"": ""quarterly_mean"", ""source_derivation_types"": [""O"", ""O"", ""O""], ""source_months"": [""2022-M01"", ""2022-M02"", ""2022-M03""], ""source_observation_count"": 3, ""source_series_dimensions"": {""ACCESS_SHARING_LEVEL"": ""PUBLIC_OPEN"", ""COUNTRY"": ""URY"", ""FREQUENCY"": ""M"", ""IFS_FLAG"": ""true"", ""INDICATOR"": ""PPI"", ""METHODOLOGY"": ""PPI"", ""OVERLAP"": ""OL"", ""REFERENCE_PERIOD"": ""2010=100"", ""SCALE"": ""0"", ""SECURITY_CLASSIFICATION"": ""PUB"", ""TYPE_OF_TRANSFORMATION"": ""IX""}}"
URY,producer_price_index_quarterly_imf,2022-Q2,quarterly,290.2684906535081,\N,derived,IMF_PPI,IMF|ACCESS_SHARING_LEVEL=PUBLIC_OPEN|FREQUENCY=M|IFS_FLAG=true|INDICATOR=PPI|METHODOLOGY=PPI|OVERLAP=OL|REFERENCE_PERIOD=2010=100|SCALE=0|SECURITY_CLASSIFICATION=PUB|TYPE_OF_TRANSFORMATION=IX|aggregation=quarterly_mean,\N,"{""aggregation_method"": ""quarterly_mean"", ""source_derivation_types"": [""O"", ""O"", ""O""], ""source_months"": [""2022-M04"", ""2022-M05"", ""2022-M06""], ""source_observation_count"": 3, ""source_series_dimensions"": {""ACCESS_SHARING_LEVEL"": ""PUBLIC_OPEN"", ""COUNTRY"": ""URY"", ""FREQUENCY"": ""M"", ""IFS_FLAG"": ""true"", ""INDICATOR"": ""PPI"", ""METHODOLOGY"": ""PPI"", ""OVERLAP"": ""OL"", ""REFERENCE_PERIOD"": ""2010=100"", ""SCALE"": ""0"", ""SECURITY_CLASSIFICATION"": ""PUB"", ""TYPE_OF_TRANSFORMATION"": ""IX""}}"
URY,producer_price_index_quarterly_imf,2022-Q3,quarterly,286.99034313686985,\N,derived,IMF_PPI,IMF|ACCESS_SHARING_LEVEL=PUBLIC_OPEN|FREQUENCY=M|IFS_FLAG=true|INDICATOR=PPI|METHODOLOGY=PPI|OVERLAP=OL|REFERENCE_PERIOD=2010=100|SCALE=0|SECURITY_CLASSIFICATION=PUB|TYPE_OF_TRANSFORMATION=IX|aggregation=quarterly_mean,\N,"{""aggregation_method"": ""quarterly_mean"", ""source_derivation_types"": [""O"", ""O"", ""O""], ""source_months"": [""2022-M07"", ""2022-M08"", ""2022-M09""], ""source_observation_count"": 3, ""source_series_dimensions"": {""ACCESS_SHARING_LEVEL"": ""PUBLIC_OPEN"", ""COUNTRY"": ""URY"", ""FREQUENCY"": ""M"", ""IFS_FLAG"": ""true"", ""INDICATOR"": ""PPI"", ""METHODOLOGY"": ""PPI"", ""OVERLAP"": ""OL"", ""REFERENCE_PERIOD"": ""2010=100"", ""SCALE"": ""0"", ""SECURITY_CLASSIFICATION"": ""PUB"", ""TYPE_OF_TRANSFORMATION"": ""IX""}}"
URY,producer_price_index_quarterly_imf,2022-Q4,quarterly,262.55981519168375,\N,derived,IMF_PPI,IMF|ACCESS_SHARING_LEVEL=PUBLIC_OPEN|FREQUENCY=M|IFS_FLAG=true|INDICATOR=PPI|METHODOLOGY=PPI|OVERLAP=OL|REFERENCE_PERIOD=2010=100|SCALE=0|SECURITY_CLASSIFICATION=PUB|TYPE_OF_TRANSFORMATION=IX|aggregation=quarterly_mean,\N,"{""aggregation_method"": ""quarterly_mean"", ""source_derivation_types"": [""O"", ""O"", ""O""], ""source_months"": [""2022-M10"", ""2022-M11"", ""2022-M12""], ""source_observation_count"": 3, ""source_series_dimensions"": {""ACCESS_SHARING_LEVEL"": ""PUBLIC_OPEN"", ""COUNTRY"": ""URY"", ""FREQUENCY"": ""M"", ""IFS_FLAG"": ""true"", ""INDICATOR"": ""PPI"", ""METHODOLOGY"": ""PPI"", ""OVERLAP"": ""OL"", ""REFERENCE_PERIOD"": ""2010=100"", ""SCALE"": ""0"", ""SECURITY_CLASSIFICATION"": ""PUB"", ""TYPE_OF_TRANSFORMATION"": ""IX""}}"
URY,producer_price_index_quarterly_imf,2023-Q1,quarterly,262.48438322581666,\N,derived,IMF_PPI,IMF|ACCESS_SHARING_LEVEL=PUBLIC_OPEN|FREQUENCY=M|IFS_FLAG=true|INDICATOR=PPI|METHODOLOGY=PPI|OVERLAP=OL|REFERENCE_PERIOD=2010=100|SCALE=0|SECURITY_CLASSIFICATION=PUB|TYPE_OF_TRANSFORMATION=IX|aggregation=quarterly_mean,\N,"{""aggregation_method"": ""quarterly_mean"", ""source_derivation_types"": [""O"", ""O"", ""O""], ""source_months"": [""2023-M01"", ""2023-M02"", ""2023-M03""], ""source_observation_count"": 3, ""source_series_dimensions"": {""ACCESS_SHARING_LEVEL"": ""PUBLIC_OPEN"", ""COUNTRY"": ""URY"", ""FREQUENCY"": ""M"", ""IFS_FLAG"": ""true"", ""INDICATOR"": ""PPI"", ""METHODOLOGY"": ""PPI"", ""OVERLAP"": ""OL"", ""REFERENCE_PERIOD"": ""2010=100"", ""SCALE"": ""0"", ""SECURITY_CLASSIFICATION"": ""PUB"", ""TYPE_OF_TRANSFORMATION"": ""IX""}}"
URY,producer_price_index_quarterly_imf,2023-Q2,quarterly,266.07368760165645,\N,derived,IMF_PPI,IMF|ACCESS_SHARING_LEVEL=PUBLIC_OPEN|FREQUENCY=M|IFS_FLAG=true|INDICATOR=PPI|METHODOLOGY=PPI|OVERLAP=OL|REFERENCE_PERIOD=2010=100|SCALE=0|SECURITY_CLASSIFICATION=PUB|TYPE_OF_TRANSFORMATION=IX|aggregation=quarterly_mean,\N,"{""aggregation_method"": ""quarterly_mean"", ""source_derivation_types"": [""O"", ""O"", ""O""], ""source_months"": [""2023-M04"", ""2023-M05"", ""2023-M06""], ""source_observation_count"": 3, ""source_series_dimensions"": {""ACCESS_SHARING_LEVEL"": ""PUBLIC_OPEN"", ""COUNTRY"": ""URY"", ""FREQUENCY"": ""M"", ""IFS_FLAG"": ""true"", ""INDICATOR"": ""PPI"", ""METHODOLOGY"": ""PPI"", ""OVERLAP"": ""OL"", ""REFERENCE_PERIOD"": ""2010=100"", ""SCALE"": ""0"", ""SECURITY_CLASSIFICATION"": ""PUB"", ""TYPE_OF_TRANSFORMATION"": ""IX""}}"
USA,producer_price_index_quarterly_imf,2020-Q1,quarterly,119.5457826186813,\N,derived,IMF_PPI,IMF|ACCESS_SHARING_LEVEL=PUBLIC_OPEN|FREQUENCY=M|IFS_FLAG=true|INDICATOR=PPI|METHODOLOGY=PPI|OVERLAP=OL|REFERENCE_PERIOD=2010=100|SCALE=0|SECURITY_CLASSIFICATION=PUB|TYPE_OF_TRANSFORMATION=IX|aggregation=quarterly_mean,\N,"{""aggregation_method"": ""quarterly_mean"", ""source_derivation_types"": [""O"", ""O"", ""O""], ""source_months"": [""2020-M01"", ""2020-M02"", ""2020-M03""], ""source_observation_count"": 3, ""source_series_dimensions"": {""ACCESS_SHARING_LEVEL"": ""PUBLIC_OPEN"", ""COUNTRY"": ""USA"", ""FREQUENCY"": ""M"", ""IFS_FLAG"": ""true"", ""INDICATOR"": ""PPI"", ""METHODOLOGY"": ""PPI"", ""OVERLAP"": ""OL"", ""REFERENCE_PERIOD"": ""2010=100"", ""SCALE"": ""0"", ""SECURITY_CLASSIFICATION"": ""PUB"", ""TYPE_OF_TRANSFORMATION"": ""IX""}}"
USA,producer_price_index_quarterly_imf,2020-Q2,quarterly,118.2679374036299,\N,derived,IMF_PPI,IMF|ACCESS_SHARING_LEVEL=PUBLIC_OPEN|FREQUENCY=M|IFS_FLAG=true|INDICATOR=PPI|METHODOLOGY=PPI|OVERLAP=OL|REFERENCE_PERIOD=2010=100|SCALE=0|SECURITY_CLASSIFICATION=PUB|TYPE_OF_TRANSFORMATION=IX|aggregation=quarterly_mean,\N,"{""aggregation_method"": ""quarterly_mean"", ""source_derivation_types"": [""O"", ""O"", ""O""], ""source_months"": [""2020-M04"", ""2020-M05"", ""2020-M06""], ""source_observation_count"": 3, ""source_series_dimensions"": {""ACCESS_SHARING_LEVEL"": ""PUBLIC_OPEN"", ""COUNTRY"": ""USA"", ""FREQUENCY"": ""M"", ""IFS_FLAG"": ""true"", ""INDICATOR"": ""PPI"", ""METHODOLOGY"": ""PPI"", ""OVERLAP"": ""OL"", ""REFERENCE_PERIOD"": ""2010=100"", ""SCALE"": ""0"", ""SECURITY_CLASSIFICATION"": ""PUB"", ""TYPE_OF_TRANSFORMATION"": ""IX""}}"
USA,producer_price_index_quarterly_imf,2020-Q3,quarterly,119.5794101243409,\N,derived,IMF_PPI,IMF|ACCESS_SHARING_LEVEL=PUBLIC_OPEN|FREQUENCY=M|IFS_FLAG=true|INDICATOR=PPI|METHODOLOGY=PPI|OVERLAP=OL|REFERENCE_PERIOD=2010=100|SCALE=0|SECURITY_CLASSIFICATION=PUB|TYPE_OF_TRANSFORMATION=IX|aggregation=quarterly_mean,\N,"{""aggregation_method"": ""quarterly_mean"", ""source_derivation_types"": [""O"", ""O"", ""O""], ""source_months"": [""2020-M07"", ""2020-M08"", ""2020-M09""], ""source_observation_count"": 3, ""source_series_dimensions"": {""ACCESS_SHARING_LEVEL"": ""PUBLIC_OPEN"", ""COUNTRY"": ""USA"", ""FREQUENCY"": ""M"", ""IFS_FLAG"": ""true"", ""INDICATOR"": ""PPI"", ""METHODOLOGY"": ""PPI"", ""OVERLAP"": ""OL"", ""REFERENCE_PERIOD"": ""2010=100"", ""SCALE"": ""0"", ""SECURITY_CLASSIFICATION"": ""PUB"", ""TYPE_OF_TRANSFORMATION"": ""IX""}}"
USA,producer_price_index_quarterly_imf,2020-Q4,quarterly,120.45372527148204,\N,derived,IMF_PPI,IMF|ACCESS_SHARING_LEVEL=PUBLIC_OPEN|FREQUENCY=M|IFS_FLAG=true|INDICATOR=PPI|METHODOLOGY=PPI|OVERLAP=OL|REFERENCE_PERIOD=2010=100|SCALE=0|SECURITY_CLASSIFICATION=PUB|TYPE_OF_TRANSFORMATION=IX|aggregation=quarterly_mean,\N,"{""aggregation_method"": ""quarterly_mean"", ""source_derivation_types"": [""O"", ""O"", ""O""], ""source_months"": [""2020-M10"", ""2020-M11"", ""2020-M12""], ""source_observation_count"": 3, ""source_series_dimensions"": {""ACCESS_SHARING_LEVEL"": ""PUBLIC_OPEN"", ""COUNTRY"": ""USA"", ""FREQUENCY"": ""M"", ""IFS_FLAG"": ""true"", ""INDICATOR"": ""PPI"", ""METHODOLOGY"": ""PPI"", ""OVERLAP"": ""OL"", ""REFERENCE_PERIOD"": ""2010=100"", ""SCALE"": ""0"", ""SECURITY_CLASSIFICATION"": ""PUB"", ""TYPE_OF_TRANSFORMATION"": ""IX""}}"
USA,producer_price_index_quarterly_imf,2021-Q1,quarterly,123.00941570158592,\N,derived,IMF_PPI,IMF|ACCESS_SHARING_LEVEL=PUBLIC_OPEN|FREQUENCY=M|IFS_FLAG=true|INDICATOR=PPI|METHODOLOGY=PPI|OVERLAP=OL|REFERENCE_PERIOD=2010=100|SCALE=0|SECURITY_CLASSIFICATION=PUB|TYPE_OF_TRANSFORMATION=IX|aggregation=quarterly_mean,\N,"{""aggregation_method"": ""quarterly_mean"", ""source_derivation_types"": [""O"", ""O"", ""O""], ""source_months"": [""2021-M01"", ""2021-M02"", ""2021-M03""], ""source_observation_count"": 3, ""source_series_dimensions"": {""ACCESS_SHARING_LEVEL"": ""PUBLIC_OPEN"", ""COUNTRY"": ""USA"", ""FREQUENCY"": ""M"", ""IFS_FLAG"": ""true"", ""INDICATOR"": ""PPI"", ""METHODOLOGY"": ""PPI"", ""OVERLAP"": ""OL"", ""REFERENCE_PERIOD"": ""2010=100"", ""SCALE"": ""0"", ""SECURITY_CLASSIFICATION"": ""PUB"", ""TYPE_OF_TRANSFORMATION"": ""IX""}}"
USA,producer_price_index_quarterly_imf,2021-Q2,quarterly,126.57393130146784,\N,derived,IMF_PPI,IMF|ACCESS_SHARING_LEVEL=PUBLIC_OPEN|FREQUENCY=M|IFS_FLAG=true|INDICATOR=PPI|METHODOLOGY=PPI|OVERLAP=OL|REFERENCE_PERIOD=2010=100|SCALE=0|SECURITY_CLASSIFICATION=PUB|TYPE_OF_TRANSFORMATION=IX|aggregation=quarterly_mean,\N,"{""aggregation_method"": ""quarterly_mean"", ""source_derivation_types"": [""O"", ""O"", ""O""], ""source_months"": [""2021-M04"", ""2021-M05"", ""2021-M06""], ""source_observation_count"": 3, ""source_series_dimensions"": {""ACCESS_SHARING_LEVEL"": ""PUBLIC_OPEN"", ""COUNTRY"": ""USA"", ""FREQUENCY"": ""M"", ""IFS_FLAG"": ""true"", ""INDICATOR"": ""PPI"", ""METHODOLOGY"": ""PPI"", ""OVERLAP"": ""OL"", ""REFERENCE_PERIOD"": ""2010=100"", ""SCALE"": ""0"", ""SECURITY_CLASSIFICATION"": ""PUB"", ""TYPE_OF_TRANSFORMATION"": ""IX""}}"
USA,producer_price_index_quarterly_imf,2021-Q3,quarterly,129.69960795249622,\N,derived,IMF_PPI,IMF|ACCESS_SHARING_LEVEL=PUBLIC_OPEN|FREQUENCY=M|IFS_FLAG=true|INDICATOR=PPI|METHODOLOGY=PPI|OVERLAP=OL|REFERENCE_PERIOD=2010=100|SCALE=0|SECURITY_CLASSIFICATION=PUB|TYPE_OF_TRANSFORMATION=IX|aggregation=quarterly_mean,\N,"{""aggregation_method"": ""quarterly_mean"", ""source_derivation_types"": [""O"", ""O"", ""O""], ""source_months"": [""2021-M07"", ""2021-M08"", ""2021-M09""], ""source_observation_count"": 3, ""source_series_dimensions"": {""ACCESS_SHARING_LEVEL"": ""PUBLIC_OPEN"", ""COUNTRY"": ""USA"", ""FREQUENCY"": ""M"", ""IFS_FLAG"": ""true"", ""INDICATOR"": ""PPI"", ""METHODOLOGY"": ""PPI"", ""OVERLAP"": ""OL"", ""REFERENCE_PERIOD"": ""2010=100"", ""SCALE"": ""0"", ""SECURITY_CLASSIFICATION"": ""PUB"", ""TYPE_OF_TRANSFORMATION"": ""IX""}}"
USA,producer_price_index_quarterly_imf,2021-Q4,quarterly,131.99838423936373,\N,derived,IMF_PPI,IMF|ACCESS_SHARING_LEVEL=PUBLIC_OPEN|FREQUENCY=M|IFS_FLAG=true|INDICATOR=PPI|METHODOLOGY=PPI|OVERLAP=OL|REFERENCE_PERIOD=2010=100|SCALE=0|SECURITY_CLASSIFICATION=PUB|TYPE_OF_TRANSFORMATION=IX|aggregation=quarterly_mean,\N,"{""aggregation_method"": ""quarterly_mean"", ""source_derivation_types"": [""O"", ""O"", ""O""], ""source_months"": [""2021-M10"", ""2021-M11"", ""2021-M12""], ""source_observation_count"": 3, ""source_series_dimensions"": {""ACCESS_SHARING_LEVEL"": ""PUBLIC_OPEN"", ""COUNTRY"": ""USA"", ""FREQUENCY"": ""M"", ""IFS_FLAG"": ""true"", ""INDICATOR"": ""PPI"", ""METHODOLOGY"": ""PPI"", ""OVERLAP"": ""OL"", ""REFERENCE_PERIOD"": ""2010=100"", ""SCALE"": ""0"", ""SECURITY_CLASSIFICATION"": ""PUB"", ""TYPE_OF_TRANSFORMATION"": ""IX""}}"
USA,producer_price_index_quarterly_imf,2022-Q1,quarterly,136.19005281979094,\N,derived,IMF_PPI,IMF|ACCESS_SHARING_LEVEL=PUBLIC_OPEN|FREQUENCY=M|IFS_FLAG=true|INDICATOR=PPI|METHODOLOGY=PPI|OVERLAP=OL|REFERENCE_PERIOD=2010=100|SCALE=0|SECURITY_CLASSIFICATION=PUB|TYPE_OF_TRANSFORMATION=IX|aggregation=quarterly_mean,\N,"{""aggregation_method"": ""quarterly_mean"", ""source_derivation_types"": [""O"", ""O"", ""O""], ""source_months"": [""2022-M01"", ""2022-M02"", ""2022-M03""], ""source_observation_count"": 3, ""source_series_dimensions"": {""ACCESS_SHARING_LEVEL"": ""PUBLIC_OPEN"", ""COUNTRY"": ""USA"", ""FREQUENCY"": ""M"", ""IFS_FLAG"": ""true"", ""INDICATOR"": ""PPI"", ""METHODOLOGY"": ""PPI"", ""OVERLAP"": ""OL"", ""REFERENCE_PERIOD"": ""2010=100"", ""SCALE"": ""0"", ""SECURITY_CLASSIFICATION"": ""PUB"", ""TYPE_OF_TRANSFORMATION"": ""IX""}}"
USA,producer_price_index_quarterly_imf,2022-Q2,quarterly,140.70320035432076,\N,derived,IMF_PPI,IMF|ACCESS_SHARING_LEVEL=PUBLIC_OPEN|FREQUENCY=M|IFS_FLAG=true|INDICATOR=PPI|METHODOLOGY=PPI|OVERLAP=OL|REFERENCE_PERIOD=2010=100|SCALE=0|SECURITY_CLASSIFICATION=PUB|TYPE_OF_TRANSFORMATION=IX|aggregation=quarterly_mean,\N,"{""aggregation_method"": ""quarterly_mean"", ""source_derivation_types"": [""O"", ""O"", ""O""], ""source_months"": [""2022-M04"", ""2022-M05"", ""2022-M06""], ""source_observation_count"": 3, ""source_series_dimensions"": {""ACCESS_SHARING_LEVEL"": ""PUBLIC_OPEN"", ""COUNTRY"": ""USA"", ""FREQUENCY"": ""M"", ""IFS_FLAG"": ""true"", ""INDICATOR"": ""PPI"", ""METHODOLOGY"": ""PPI"", ""OVERLAP"": ""OL"", ""REFERENCE_PERIOD"": ""2010=100"", ""SCALE"": ""0"", ""SECURITY_CLASSIFICATION"": ""PUB"", ""TYPE_OF_TRANSFORMATION"": ""IX""}}"
USA,producer_price_index_quarterly_imf,2022-Q3,quarterly,141.34145041173346,\N,derived,IMF_PPI,IMF|ACCESS_SHARING_LEVEL=PUBLIC_OPEN|FREQUENCY=M|IFS_FLAG=true|INDICATOR=PPI|METHODOLOGY=PPI|OVERLAP=OL|REFERENCE_PERIOD=2010=100|SCALE=0|SECURITY_CLASSIFICATION=PUB|TYPE_OF_TRANSFORMATION=IX|aggregation=quarterly_mean,\N,"{""aggregation_method"": ""quarterly_mean"", ""source_derivation_types"": [""O"", ""O"", ""O""], ""source_months"": [""2022-M07"", ""2022-M08"", ""2022-M09""], ""source_observation_count"": 3, ""source_series_dimensions"": {""ACCESS_SHARING_LEVEL"": ""PUBLIC_OPEN"", ""COUNTRY"": ""USA"", ""FREQUENCY"": ""M"", ""IFS_FLAG"": ""true"", ""INDICATOR"": ""PPI"", ""METHODOLOGY"": ""PPI"", ""OVERLAP"": ""OL"", ""REFERENCE_PERIOD"": ""2010=100"", ""SCALE"": ""0"", ""SECURITY_CLASSIFICATION"": ""PUB"", ""TYPE_OF_TRANSFORMATION"": ""IX""}}"
USA,producer_price_index_quarterly_imf,2022-Q4,quarterly,141.67436271775986,\N,derived,IMF_PPI,IMF|ACCESS_SHARING_LEVEL=PUBLIC_OPEN|FREQUENCY=M|IFS_FLAG=true|INDICATOR=PPI|METHODOLOGY=PPI|OVERLAP=OL|REFERENCE_PERIOD=2010=100|SCALE=0|SECURITY_CLASSIFICATION=PUB|TYPE_OF_TRANSFORMATION=IX|aggregation=quarterly_mean,\N,"{""aggregation_method"": ""quarterly_mean"", ""source_derivation_types"": [""O"", ""O"", ""O""], ""source_months"": [""2022-M10"", ""2022-M11"", ""2022-M12""], ""source_observation_count"": 3, ""source_series_dimensions"": {""ACCESS_SHARING_LEVEL"": ""PUBLIC_OPEN"", ""COUNTRY"": ""USA"", ""FREQUENCY"": ""M"", ""IFS_FLAG"": ""true"", ""INDICATOR"": ""PPI"", ""METHODOLOGY"": ""PPI"", ""OVERLAP"": ""OL"", ""REFERENCE_PERIOD"": ""2010=100"", ""SCALE"": ""0"", ""SECURITY_CLASSIFICATION"": ""PUB"", ""TYPE_OF_TRANSFORMATION"": ""IX""}}"
USA,producer_price_index_quarterly_imf,2023-Q1,quarterly,142.13136051966944,\N,derived,IMF_PPI,IMF|ACCESS_SHARING_LEVEL=PUBLIC_OPEN|FREQUENCY=M|IFS_FLAG=true|INDICATOR=PPI|METHODOLOGY=PPI|OVERLAP=OL|REFERENCE_PERIOD=2010=100|SCALE=0|SECURITY_CLASSIFICATION=PUB|TYPE_OF_TRANSFORMATION=IX|aggregation=quarterly_mean,\N,"{""aggregation_method"": ""quarterly_mean"", ""source_derivation_types"": [""O"", ""O"", ""O""], ""source_months"": [""2023-M01"", ""2023-M02"", ""2023-M03""], ""source_observation_count"": 3, ""source_series_dimensions"": {""ACCESS_SHARING_LEVEL"": ""PUBLIC_OPEN"", ""COUNTRY"": ""USA"", ""FREQUENCY"": ""M"", ""IFS_FLAG"": ""true"", ""INDICATOR"": ""PPI"", ""METHODOLOGY"": ""PPI"", ""OVERLAP"": ""OL"", ""REFERENCE_PERIOD"": ""2010=100"", ""SCALE"": ""0"", ""SECURITY_CLASSIFICATION"": ""PUB"", ""TYPE_OF_TRANSFORMATION"": ""IX""}}"
USA,producer_price_index_quarterly_imf,2023-Q2,quarterly,142.37751386109525,\N,derived,IMF_PPI,IMF|ACCESS_SHARING_LEVEL=PUBLIC_OPEN|FREQUENCY=M|IFS_FLAG=true|INDICATOR=PPI|METHODOLOGY=PPI|OVERLAP=OL|REFERENCE_PERIOD=2010=100|SCALE=0|SECURITY_CLASSIFICATION=PUB|TYPE_OF_TRANSFORMATION=IX|aggregation=quarterly_mean,\N,"{""aggregation_method"": ""quarterly_mean"", ""source_derivation_types"": [""O"", ""O"", ""O""], ""source_months"": [""2023-M04"", ""2023-M05"", ""2023-M06""], ""source_observation_count"": 3, ""source_series_dimensions"": {""ACCESS_SHARING_LEVEL"": ""PUBLIC_OPEN"", ""COUNTRY"": ""USA"", ""FREQUENCY"": ""M"", ""IFS_FLAG"": ""true"", ""INDICATOR"": ""PPI"", ""METHODOLOGY"": ""PPI"", ""OVERLAP"": ""OL"", ""REFERENCE_PERIOD"": ""2010=100"", ""SCALE"": ""0"", ""SECURITY_CLASSIFICATION"": ""PUB"", ""TYPE_OF_TRANSFORMATION"": ""IX""}}"
USA,producer_price_index_quarterly_imf,2023-Q3,quarterly,143.63316492241236,\N,derived,IMF_PPI,IMF|ACCESS_SHARING_LEVEL=PUBLIC_OPEN|FREQUENCY=M|IFS_FLAG=true|INDICATOR=PPI|METHODOLOGY=PPI|OVERLAP=OL|REFERENCE_PERIOD=2010=100|SCALE=0|SECURITY_CLASSIFICATION=PUB|TYPE_OF_TRANSFORMATION=IX|aggregation=quarterly_mean,\N,"{""aggregation_method"": ""quarterly_mean"", ""source_derivation_types"": [""O"", ""O"", ""O""], ""source_months"": [""2023-M07"", ""2023-M08"", ""2023-M09""], ""source_observation_count"": 3, ""source_series_dimensions"": {""ACCESS_SHARING_LEVEL"": ""PUBLIC_OPEN"", ""COUNTRY"": ""USA"", ""FREQUENCY"": ""M"", ""IFS_FLAG"": ""true"", ""INDICATOR"": ""PPI"", ""METHODOLOGY"": ""PPI"", ""OVERLAP"": ""OL"", ""REFERENCE_PERIOD"": ""2010=100"", ""SCALE"": ""0"", ""SECURITY_CLASSIFICATION"": ""PUB"", ""TYPE_OF_TRANSFORMATION"": ""IX""}}"
USA,producer_price_index_quarterly_imf,2023-Q4,quarterly,143.04939142416737,\N,derived,IMF_PPI,IMF|ACCESS_SHARING_LEVEL=PUBLIC_OPEN|FREQUENCY=M|IFS_FLAG=true|INDICATOR=PPI|METHODOLOGY=PPI|OVERLAP=OL|REFERENCE_PERIOD=2010=100|SCALE=0|SECURITY_CLASSIFICATION=PUB|TYPE_OF_TRANSFORMATION=IX|aggregation=quarterly_mean,\N,"{""aggregation_method"": ""quarterly_mean"", ""source_derivation_types"": [""O"", ""O"", ""O""], ""source_months"": [""2023-M10"", ""2023-M11"", ""2023-M12""], ""source_observation_count"": 3, ""source_series_dimensions"": {""ACCESS_SHARING_LEVEL"": ""PUBLIC_OPEN"", ""COUNTRY"": ""USA"", ""FREQUENCY"": ""M"", ""IFS_FLAG"": ""true"", ""INDICATOR"": ""PPI"", ""METHODOLOGY"": ""PPI"", ""OVERLAP"": ""OL"", ""REFERENCE_PERIOD"": ""2010=100"", ""SCALE"": ""0"", ""SECURITY_CLASSIFICATION"": ""PUB"", ""TYPE_OF_TRANSFORMATION"": ""IX""}}"
USA,producer_price_index_quarterly_imf,2024-Q1,quarterly,144.3393425412563,\N,derived,IMF_PPI,IMF|ACCESS_SHARING_LEVEL=PUBLIC_OPEN|FREQUENCY=M|IFS_FLAG=true|INDICATOR=PPI|METHODOLOGY=PPI|OVERLAP=OL|REFERENCE_PERIOD=2010=100|SCALE=0|SECURITY_CLASSIFICATION=PUB|TYPE_OF_TRANSFORMATION=IX|aggregation=quarterly_mean,\N,"{""aggregation_method"": ""quarterly_mean"", ""source_derivation_types"": [""O"", ""O"", ""O""], ""source_months"": [""2024-M01"", ""2024-M02"", ""2024-M03""], ""source_observation_count"": 3, ""source_series_dimensions"": {""ACCESS_SHARING_LEVEL"": ""PUBLIC_OPEN"", ""COUNTRY"": ""USA"", ""FREQUENCY"": ""M"", ""IFS_FLAG"": ""true"", ""INDICATOR"": ""PPI"", ""METHODOLOGY"": ""PPI"", ""OVERLAP"": ""OL"", ""REFERENCE_PERIOD"": ""2010=100"", ""SCALE"": ""0"", ""SECURITY_CLASSIFICATION"": ""PUB"", ""TYPE_OF_TRANSFORMATION"": ""IX""}}"
USA,producer_price_index_quarterly_imf,2024-Q2,quarterly,146.07384928316108,\N,derived,IMF_PPI,IMF|ACCESS_SHARING_LEVEL=PUBLIC_OPEN|FREQUENCY=M|IFS_FLAG=true|INDICATOR=PPI|METHODOLOGY=PPI|OVERLAP=OL|REFERENCE_PERIOD=2010=100|SCALE=0|SECURITY_CLASSIFICATION=PUB|TYPE_OF_TRANSFORMATION=IX|aggregation=quarterly_mean,\N,"{""aggregation_method"": ""quarterly_mean"", ""source_derivation_types"": [""O"", ""O"", ""O""], ""source_months"": [""2024-M04"", ""2024-M05"", ""2024-M06""], ""source_observation_count"": 3, ""source_series_dimensions"": {""ACCESS_SHARING_LEVEL"": ""PUBLIC_OPEN"", ""COUNTRY"": ""USA"", ""FREQUENCY"": ""M"", ""IFS_FLAG"": ""true"", ""INDICATOR"": ""PPI"", ""METHODOLOGY"": ""PPI"", ""OVERLAP"": ""OL"", ""REFERENCE_PERIOD"": ""2010=100"", ""SCALE"": ""0"", ""SECURITY_CLASSIFICATION"": ""PUB"", ""TYPE_OF_TRANSFORMATION"": ""IX""}}"
USA,producer_price_index_quarterly_imf,2024-Q3,quarterly,146.792132804043,\N,derived,IMF_PPI,IMF|ACCESS_SHARING_LEVEL=PUBLIC_OPEN|FREQUENCY=M|IFS_FLAG=true|INDICATOR=PPI|METHODOLOGY=PPI|OVERLAP=OL|REFERENCE_PERIOD=2010=100|SCALE=0|SECURITY_CLASSIFICATION=PUB|TYPE_OF_TRANSFORMATION=IX|aggregation=quarterly_mean,\N,"{""aggregation_method"": ""quarterly_mean"", ""source_derivation_types"": [""O"", ""O"", ""O""], ""source_months"": [""2024-M07"", ""2024-M08"", ""2024-M09""], ""source_observation_count"": 3, ""source_series_dimensions"": {""ACCESS_SHARING_LEVEL"": ""PUBLIC_OPEN"", ""COUNTRY"": ""USA"", ""FREQUENCY"": ""M"", ""IFS_FLAG"": ""true"", ""INDICATOR"": ""PPI"", ""METHODOLOGY"": ""PPI"", ""OVERLAP"": ""OL"", ""REFERENCE_PERIOD"": ""2010=100"", ""SCALE"": ""0"", ""SECURITY_CLASSIFICATION"": ""PUB"", ""TYPE_OF_TRANSFORMATION"": ""IX""}}"
USA,producer_price_index_quarterly_imf,2024-Q4,quarterly,147.4478691643986,\N,derived,IMF_PPI,IMF|ACCESS_SHARING_LEVEL=PUBLIC_OPEN|FREQUENCY=M|IFS_FLAG=true|INDICATOR=PPI|METHODOLOGY=PPI|OVERLAP=OL|REFERENCE_PERIOD=2010=100|SCALE=0|SECURITY_CLASSIFICATION=PUB|TYPE_OF_TRANSFORMATION=IX|aggregation=quarterly_mean,\N,"{""aggregation_method"": ""quarterly_mean"", ""source_derivation_types"": [""O"", ""O"", ""O""], ""source_months"": [""2024-M10"", ""2024-M11"", ""2024-M12""], ""source_observation_count"": 3, ""source_series_dimensions"": {""ACCESS_SHARING_LEVEL"": ""PUBLIC_OPEN"", ""COUNTRY"": ""USA"", ""FREQUENCY"": ""M"", ""IFS_FLAG"": ""true"", ""INDICATOR"": ""PPI"", ""METHODOLOGY"": ""PPI"", ""OVERLAP"": ""OL"", ""REFERENCE_PERIOD"": ""2010=100"", ""SCALE"": ""0"", ""SECURITY_CLASSIFICATION"": ""PUB"", ""TYPE_OF_TRANSFORMATION"": ""IX""}}"
UZB,producer_price_index_quarterly_imf,2020-Q1,quarterly,567.9310033175506,\N,derived,IMF_PPI,IMF|ACCESS_SHARING_LEVEL=PUBLIC_OPEN|FREQUENCY=M|IFS_FLAG=true|INDICATOR=PPI|METHODOLOGY=PPI|OVERLAP=OL|REFERENCE_PERIOD=2010=100|SCALE=0|SECURITY_CLASSIFICATION=PUB|TYPE_OF_TRANSFORMATION=IX|aggregation=quarterly_mean,\N,"{""aggregation_method"": ""quarterly_mean"", ""source_derivation_types"": [""O"", ""O"", ""O""], ""source_months"": [""2020-M01"", ""2020-M02"", ""2020-M03""], ""source_observation_count"": 3, ""source_series_dimensions"": {""ACCESS_SHARING_LEVEL"": ""PUBLIC_OPEN"", ""COUNTRY"": ""UZB"", ""FREQUENCY"": ""M"", ""IFS_FLAG"": ""true"", ""INDICATOR"": ""PPI"", ""METHODOLOGY"": ""PPI"", ""OVERLAP"": ""OL"", ""REFERENCE_PERIOD"": ""2010=100"", ""SCALE"": ""0"", ""SECURITY_CLASSIFICATION"": ""PUB"", ""TYPE_OF_TRANSFORMATION"": ""IX""}}"
UZB,producer_price_index_quarterly_imf,2020-Q2,quarterly,575.2763264833296,\N,derived,IMF_PPI,IMF|ACCESS_SHARING_LEVEL=PUBLIC_OPEN|FREQUENCY=M|IFS_FLAG=true|INDICATOR=PPI|METHODOLOGY=PPI|OVERLAP=OL|REFERENCE_PERIOD=2010=100|SCALE=0|SECURITY_CLASSIFICATION=PUB|TYPE_OF_TRANSFORMATION=IX|aggregation=quarterly_mean,\N,"{""aggregation_method"": ""quarterly_mean"", ""source_derivation_types"": [""O"", ""O"", ""O""], ""source_months"": [""2020-M04"", ""2020-M05"", ""2020-M06""], ""source_observation_count"": 3, ""source_series_dimensions"": {""ACCESS_SHARING_LEVEL"": ""PUBLIC_OPEN"", ""COUNTRY"": ""UZB"", ""FREQUENCY"": ""M"", ""IFS_FLAG"": ""true"", ""INDICATOR"": ""PPI"", ""METHODOLOGY"": ""PPI"", ""OVERLAP"": ""OL"", ""REFERENCE_PERIOD"": ""2010=100"", ""SCALE"": ""0"", ""SECURITY_CLASSIFICATION"": ""PUB"", ""TYPE_OF_TRANSFORMATION"": ""IX""}}"
UZB,producer_price_index_quarterly_imf,2020-Q3,quarterly,594.0137857985277,\N,derived,IMF_PPI,IMF|ACCESS_SHARING_LEVEL=PUBLIC_OPEN|FREQUENCY=M|IFS_FLAG=true|INDICATOR=PPI|METHODOLOGY=PPI|OVERLAP=OL|REFERENCE_PERIOD=2010=100|SCALE=0|SECURITY_CLASSIFICATION=PUB|TYPE_OF_TRANSFORMATION=IX|aggregation=quarterly_mean,\N,"{""aggregation_method"": ""quarterly_mean"", ""source_derivation_types"": [""O"", ""O"", ""O""], ""source_months"": [""2020-M07"", ""2020-M08"", ""2020-M09""], ""source_observation_count"": 3, ""source_series_dimensions"": {""ACCESS_SHARING_LEVEL"": ""PUBLIC_OPEN"", ""COUNTRY"": ""UZB"", ""FREQUENCY"": ""M"", ""IFS_FLAG"": ""true"", ""INDICATOR"": ""PPI"", ""METHODOLOGY"": ""PPI"", ""OVERLAP"": ""OL"", ""REFERENCE_PERIOD"": ""2010=100"", ""SCALE"": ""0"", ""SECURITY_CLASSIFICATION"": ""PUB"", ""TYPE_OF_TRANSFORMATION"": ""IX""}}"
UZB,producer_price_index_quarterly_imf,2020-Q4,quarterly,602.8100000000006,\N,derived,IMF_PPI,IMF|ACCESS_SHARING_LEVEL=PUBLIC_OPEN|FREQUENCY=M|IFS_FLAG=true|INDICATOR=PPI|METHODOLOGY=PPI|OVERLAP=OL|REFERENCE_PERIOD=2010=100|SCALE=0|SECURITY_CLASSIFICATION=PUB|TYPE_OF_TRANSFORMATION=IX|aggregation=quarterly_mean,\N,"{""aggregation_method"": ""quarterly_mean"", ""source_derivation_types"": [""O"", ""O"", ""O""], ""source_months"": [""2020-M10"", ""2020-M11"", ""2020-M12""], ""source_observation_count"": 3, ""source_series_dimensions"": {""ACCESS_SHARING_LEVEL"": ""PUBLIC_OPEN"", ""COUNTRY"": ""UZB"", ""FREQUENCY"": ""M"", ""IFS_FLAG"": ""true"", ""INDICATOR"": ""PPI"", ""METHODOLOGY"": ""PPI"", ""OVERLAP"": ""OL"", ""REFERENCE_PERIOD"": ""2010=100"", ""SCALE"": ""0"", ""SECURITY_CLASSIFICATION"": ""PUB"", ""TYPE_OF_TRANSFORMATION"": ""IX""}}"
UZB,producer_price_index_quarterly_imf,2021-Q1,quarterly,611.077671938007,\N,derived,IMF_PPI,IMF|ACCESS_SHARING_LEVEL=PUBLIC_OPEN|FREQUENCY=M|IFS_FLAG=true|INDICATOR=PPI|METHODOLOGY=PPI|OVERLAP=OL|REFERENCE_PERIOD=2010=100|SCALE=0|SECURITY_CLASSIFICATION=PUB|TYPE_OF_TRANSFORMATION=IX|aggregation=quarterly_mean,\N,"{""aggregation_method"": ""quarterly_mean"", ""source_derivation_types"": [""O"", ""O"", ""O""], ""source_months"": [""2021-M01"", ""2021-M02"", ""2021-M03""], ""source_observation_count"": 3, ""source_series_dimensions"": {""ACCESS_SHARING_LEVEL"": ""PUBLIC_OPEN"", ""COUNTRY"": ""UZB"", ""FREQUENCY"": ""M"", ""IFS_FLAG"": ""true"", ""INDICATOR"": ""PPI"", ""METHODOLOGY"": ""PPI"", ""OVERLAP"": ""OL"", ""REFERENCE_PERIOD"": ""2010=100"", ""SCALE"": ""0"", ""SECURITY_CLASSIFICATION"": ""PUB"", ""TYPE_OF_TRANSFORMATION"": ""IX""}}"
UZB,producer_price_index_quarterly_imf,2021-Q2,quarterly,628.9728648485466,\N,derived,IMF_PPI,IMF|ACCESS_SHARING_LEVEL=PUBLIC_OPEN|FREQUENCY=M|IFS_FLAG=true|INDICATOR=PPI|METHODOLOGY=PPI|OVERLAP=OL|REFERENCE_PERIOD=2010=100|SCALE=0|SECURITY_CLASSIFICATION=PUB|TYPE_OF_TRANSFORMATION=IX|aggregation=quarterly_mean,\N,"{""aggregation_method"": ""quarterly_mean"", ""source_derivation_types"": [""O"", ""O"", ""O""], ""source_months"": [""2021-M04"", ""2021-M05"", ""2021-M06""], ""source_observation_count"": 3, ""source_series_dimensions"": {""ACCESS_SHARING_LEVEL"": ""PUBLIC_OPEN"", ""COUNTRY"": ""UZB"", ""FREQUENCY"": ""M"", ""IFS_FLAG"": ""true"", ""INDICATOR"": ""PPI"", ""METHODOLOGY"": ""PPI"", ""OVERLAP"": ""OL"", ""REFERENCE_PERIOD"": ""2010=100"", ""SCALE"": ""0"", ""SECURITY_CLASSIFICATION"": ""PUB"", ""TYPE_OF_TRANSFORMATION"": ""IX""}}"
UZB,producer_price_index_quarterly_imf,2021-Q3,quarterly,644.0808563591153,\N,derived,IMF_PPI,IMF|ACCESS_SHARING_LEVEL=PUBLIC_OPEN|FREQUENCY=M|IFS_FLAG=true|INDICATOR=PPI|METHODOLOGY=PPI|OVERLAP=OL|REFERENCE_PERIOD=2010=100|SCALE=0|SECURITY_CLASSIFICATION=PUB|TYPE_OF_TRANSFORMATION=IX|aggregation=quarterly_mean,\N,"{""aggregation_method"": ""quarterly_mean"", ""source_derivation_types"": [""O"", ""O"", ""O""], ""source_months"": [""2021-M07"", ""2021-M08"", ""2021-M09""], ""source_observation_count"": 3, ""source_series_dimensions"": {""ACCESS_SHARING_LEVEL"": ""PUBLIC_OPEN"", ""COUNTRY"": ""UZB"", ""FREQUENCY"": ""M"", ""IFS_FLAG"": ""true"", ""INDICATOR"": ""PPI"", ""METHODOLOGY"": ""PPI"", ""OVERLAP"": ""OL"", ""REFERENCE_PERIOD"": ""2010=100"", ""SCALE"": ""0"", ""SECURITY_CLASSIFICATION"": ""PUB"", ""TYPE_OF_TRANSFORMATION"": ""IX""}}"
UZB,producer_price_index_quarterly_imf,2021-Q4,quarterly,673.9986911051477,\N,derived,IMF_PPI,IMF|ACCESS_SHARING_LEVEL=PUBLIC_OPEN|FREQUENCY=M|IFS_FLAG=true|INDICATOR=PPI|METHODOLOGY=PPI|OVERLAP=OL|REFERENCE_PERIOD=2010=100|SCALE=0|SECURITY_CLASSIFICATION=PUB|TYPE_OF_TRANSFORMATION=IX|aggregation=quarterly_mean,\N,"{""aggregation_method"": ""quarterly_mean"", ""source_derivation_types"": [""O"", ""O"", ""O""], ""source_months"": [""2021-M10"", ""2021-M11"", ""2021-M12""], ""source_observation_count"": 3, ""source_series_dimensions"": {""ACCESS_SHARING_LEVEL"": ""PUBLIC_OPEN"", ""COUNTRY"": ""UZB"", ""FREQUENCY"": ""M"", ""IFS_FLAG"": ""true"", ""INDICATOR"": ""PPI"", ""METHODOLOGY"": ""PPI"", ""OVERLAP"": ""OL"", ""REFERENCE_PERIOD"": ""2010=100"", ""SCALE"": ""0"", ""SECURITY_CLASSIFICATION"": ""PUB"", ""TYPE_OF_TRANSFORMATION"": ""IX""}}"
UZB,producer_price_index_quarterly_imf,2022-Q1,quarterly,700.0087115921705,\N,derived,IMF_PPI,IMF|ACCESS_SHARING_LEVEL=PUBLIC_OPEN|FREQUENCY=M|IFS_FLAG=true|INDICATOR=PPI|METHODOLOGY=PPI|OVERLAP=OL|REFERENCE_PERIOD=2010=100|SCALE=0|SECURITY_CLASSIFICATION=PUB|TYPE_OF_TRANSFORMATION=IX|aggregation=quarterly_mean,\N,"{""aggregation_method"": ""quarterly_mean"", ""source_derivation_types"": [""O"", ""O"", ""O""], ""source_months"": [""2022-M01"", ""2022-M02"", ""2022-M03""], ""source_observation_count"": 3, ""source_series_dimensions"": {""ACCESS_SHARING_LEVEL"": ""PUBLIC_OPEN"", ""COUNTRY"": ""UZB"", ""FREQUENCY"": ""M"", ""IFS_FLAG"": ""true"", ""INDICATOR"": ""PPI"", ""METHODOLOGY"": ""PPI"", ""OVERLAP"": ""OL"", ""REFERENCE_PERIOD"": ""2010=100"", ""SCALE"": ""0"", ""SECURITY_CLASSIFICATION"": ""PUB"", ""TYPE_OF_TRANSFORMATION"": ""IX""}}"
UZB,producer_price_index_quarterly_imf,2022-Q2,quarterly,736.3282514519457,\N,derived,IMF_PPI,IMF|ACCESS_SHARING_LEVEL=PUBLIC_OPEN|FREQUENCY=M|IFS_FLAG=true|INDICATOR=PPI|METHODOLOGY=PPI|OVERLAP=OL|REFERENCE_PERIOD=2010=100|SCALE=0|SECURITY_CLASSIFICATION=PUB|TYPE_OF_TRANSFORMATION=IX|aggregation=quarterly_mean,\N,"{""aggregation_method"": ""quarterly_mean"", ""source_derivation_types"": [""O"", ""O"", ""O""], ""source_months"": [""2022-M04"", ""2022-M05"", ""2022-M06""], ""source_observation_count"": 3, ""source_series_dimensions"": {""ACCESS_SHARING_LEVEL"": ""PUBLIC_OPEN"", ""COUNTRY"": ""UZB"", ""FREQUENCY"": ""M"", ""IFS_FLAG"": ""true"", ""INDICATOR"": ""PPI"", ""METHODOLOGY"": ""PPI"", ""OVERLAP"": ""OL"", ""REFERENCE_PERIOD"": ""2010=100"", ""SCALE"": ""0"", ""SECURITY_CLASSIFICATION"": ""PUB"", ""TYPE_OF_TRANSFORMATION"": ""IX""}}"
UZB,producer_price_index_quarterly_imf,2022-Q3,quarterly,762.2315248370378,\N,derived,IMF_PPI,IMF|ACCESS_SHARING_LEVEL=PUBLIC_OPEN|FREQUENCY=M|IFS_FLAG=true|INDICATOR=PPI|METHODOLOGY=PPI|OVERLAP=OL|REFERENCE_PERIOD=2010=100|SCALE=0|SECURITY_CLASSIFICATION=PUB|TYPE_OF_TRANSFORMATION=IX|aggregation=quarterly_mean,\N,"{""aggregation_method"": ""quarterly_mean"", ""source_derivation_types"": [""O"", ""O"", ""O""], ""source_months"": [""2022-M07"", ""2022-M08"", ""2022-M09""], ""source_observation_count"": 3, ""source_series_dimensions"": {""ACCESS_SHARING_LEVEL"": ""PUBLIC_OPEN"", ""COUNTRY"": ""UZB"", ""FREQUENCY"": ""M"", ""IFS_FLAG"": ""true"", ""INDICATOR"": ""PPI"", ""METHODOLOGY"": ""PPI"", ""OVERLAP"": ""OL"", ""REFERENCE_PERIOD"": ""2010=100"", ""SCALE"": ""0"", ""SECURITY_CLASSIFICATION"": ""PUB"", ""TYPE_OF_TRANSFORMATION"": ""IX""}}"
UZB,producer_price_index_quarterly_imf,2022-Q4,quarterly,787.2933470100305,\N,derived,IMF_PPI,IMF|ACCESS_SHARING_LEVEL=PUBLIC_OPEN|FREQUENCY=M|IFS_FLAG=true|INDICATOR=PPI|METHODOLOGY=PPI|OVERLAP=OL|REFERENCE_PERIOD=2010=100|SCALE=0|SECURITY_CLASSIFICATION=PUB|TYPE_OF_TRANSFORMATION=IX|aggregation=quarterly_mean,\N,"{""aggregation_method"": ""quarterly_mean"", ""source_derivation_types"": [""O"", ""O"", ""O""], ""source_months"": [""2022-M10"", ""2022-M11"", ""2022-M12""], ""source_observation_count"": 3, ""source_series_dimensions"": {""ACCESS_SHARING_LEVEL"": ""PUBLIC_OPEN"", ""COUNTRY"": ""UZB"", ""FREQUENCY"": ""M"", ""IFS_FLAG"": ""true"", ""INDICATOR"": ""PPI"", ""METHODOLOGY"": ""PPI"", ""OVERLAP"": ""OL"", ""REFERENCE_PERIOD"": ""2010=100"", ""SCALE"": ""0"", ""SECURITY_CLASSIFICATION"": ""PUB"", ""TYPE_OF_TRANSFORMATION"": ""IX""}}"
UZB,producer_price_index_quarterly_imf,2023-Q1,quarterly,811.6940133325041,\N,derived,IMF_PPI,IMF|ACCESS_SHARING_LEVEL=PUBLIC_OPEN|FREQUENCY=M|IFS_FLAG=true|INDICATOR=PPI|METHODOLOGY=PPI|OVERLAP=OL|REFERENCE_PERIOD=2010=100|SCALE=0|SECURITY_CLASSIFICATION=PUB|TYPE_OF_TRANSFORMATION=IX|aggregation=quarterly_mean,\N,"{""aggregation_method"": ""quarterly_mean"", ""source_derivation_types"": [""O"", ""O"", ""O""], ""source_months"": [""2023-M01"", ""2023-M02"", ""2023-M03""], ""source_observation_count"": 3, ""source_series_dimensions"": {""ACCESS_SHARING_LEVEL"": ""PUBLIC_OPEN"", ""COUNTRY"": ""UZB"", ""FREQUENCY"": ""M"", ""IFS_FLAG"": ""true"", ""INDICATOR"": ""PPI"", ""METHODOLOGY"": ""PPI"", ""OVERLAP"": ""OL"", ""REFERENCE_PERIOD"": ""2010=100"", ""SCALE"": ""0"", ""SECURITY_CLASSIFICATION"": ""PUB"", ""TYPE_OF_TRANSFORMATION"": ""IX""}}"
UZB,producer_price_index_quarterly_imf,2023-Q2,quarterly,819.0308473326937,\N,derived,IMF_PPI,IMF|ACCESS_SHARING_LEVEL=PUBLIC_OPEN|FREQUENCY=M|IFS_FLAG=true|INDICATOR=PPI|METHODOLOGY=PPI|OVERLAP=OL|REFERENCE_PERIOD=2010=100|SCALE=0|SECURITY_CLASSIFICATION=PUB|TYPE_OF_TRANSFORMATION=IX|aggregation=quarterly_mean,\N,"{""aggregation_method"": ""quarterly_mean"", ""source_derivation_types"": [""O"", ""O"", ""O""], ""source_months"": [""2023-M04"", ""2023-M05"", ""2023-M06""], ""source_observation_count"": 3, ""source_series_dimensions"": {""ACCESS_SHARING_LEVEL"": ""PUBLIC_OPEN"", ""COUNTRY"": ""UZB"", ""FREQUENCY"": ""M"", ""IFS_FLAG"": ""true"", ""INDICATOR"": ""PPI"", ""METHODOLOGY"": ""PPI"", ""OVERLAP"": ""OL"", ""REFERENCE_PERIOD"": ""2010=100"", ""SCALE"": ""0"", ""SECURITY_CLASSIFICATION"": ""PUB"", ""TYPE_OF_TRANSFORMATION"": ""IX""}}"
UZB,producer_price_index_quarterly_imf,2023-Q3,quarterly,826.0385320731975,\N,derived,IMF_PPI,IMF|ACCESS_SHARING_LEVEL=PUBLIC_OPEN|FREQUENCY=M|IFS_FLAG=true|INDICATOR=PPI|METHODOLOGY=PPI|OVERLAP=OL|REFERENCE_PERIOD=2010=100|SCALE=0|SECURITY_CLASSIFICATION=PUB|TYPE_OF_TRANSFORMATION=IX|aggregation=quarterly_mean,\N,"{""aggregation_method"": ""quarterly_mean"", ""source_derivation_types"": [""O"", ""O"", ""O""], ""source_months"": [""2023-M07"", ""2023-M08"", ""2023-M09""], ""source_observation_count"": 3, ""source_series_dimensions"": {""ACCESS_SHARING_LEVEL"": ""PUBLIC_OPEN"", ""COUNTRY"": ""UZB"", ""FREQUENCY"": ""M"", ""IFS_FLAG"": ""true"", ""INDICATOR"": ""PPI"", ""METHODOLOGY"": ""PPI"", ""OVERLAP"": ""OL"", ""REFERENCE_PERIOD"": ""2010=100"", ""SCALE"": ""0"", ""SECURITY_CLASSIFICATION"": ""PUB"", ""TYPE_OF_TRANSFORMATION"": ""IX""}}"
UZB,producer_price_index_quarterly_imf,2023-Q4,quarterly,902.0214057990912,\N,derived,IMF_PPI,IMF|ACCESS_SHARING_LEVEL=PUBLIC_OPEN|FREQUENCY=M|IFS_FLAG=true|INDICATOR=PPI|METHODOLOGY=PPI|OVERLAP=OL|REFERENCE_PERIOD=2010=100|SCALE=0|SECURITY_CLASSIFICATION=PUB|TYPE_OF_TRANSFORMATION=IX|aggregation=quarterly_mean,\N,"{""aggregation_method"": ""quarterly_mean"", ""source_derivation_types"": [""O"", ""O"", ""O""], ""source_months"": [""2023-M10"", ""2023-M11"", ""2023-M12""], ""source_observation_count"": 3, ""source_series_dimensions"": {""ACCESS_SHARING_LEVEL"": ""PUBLIC_OPEN"", ""COUNTRY"": ""UZB"", ""FREQUENCY"": ""M"", ""IFS_FLAG"": ""true"", ""INDICATOR"": ""PPI"", ""METHODOLOGY"": ""PPI"", ""OVERLAP"": ""OL"", ""REFERENCE_PERIOD"": ""2010=100"", ""SCALE"": ""0"", ""SECURITY_CLASSIFICATION"": ""PUB"", ""TYPE_OF_TRANSFORMATION"": ""IX""}}"
UZB,producer_price_index_quarterly_imf,2024-Q1,quarterly,927.8301816323343,\N,derived,IMF_PPI,IMF|ACCESS_SHARING_LEVEL=PUBLIC_OPEN|FREQUENCY=M|IFS_FLAG=true|INDICATOR=PPI|METHODOLOGY=PPI|OVERLAP=OL|REFERENCE_PERIOD=2010=100|SCALE=0|SECURITY_CLASSIFICATION=PUB|TYPE_OF_TRANSFORMATION=IX|aggregation=quarterly_mean,\N,"{""aggregation_method"": ""quarterly_mean"", ""source_derivation_types"": [""O"", ""O"", ""O""], ""source_months"": [""2024-M01"", ""2024-M02"", ""2024-M03""], ""source_observation_count"": 3, ""source_series_dimensions"": {""ACCESS_SHARING_LEVEL"": ""PUBLIC_OPEN"", ""COUNTRY"": ""UZB"", ""FREQUENCY"": ""M"", ""IFS_FLAG"": ""true"", ""INDICATOR"": ""PPI"", ""METHODOLOGY"": ""PPI"", ""OVERLAP"": ""OL"", ""REFERENCE_PERIOD"": ""2010=100"", ""SCALE"": ""0"", ""SECURITY_CLASSIFICATION"": ""PUB"", ""TYPE_OF_TRANSFORMATION"": ""IX""}}"
UZB,producer_price_index_quarterly_imf,2024-Q2,quarterly,976.0445187730447,\N,derived,IMF_PPI,IMF|ACCESS_SHARING_LEVEL=PUBLIC_OPEN|FREQUENCY=M|IFS_FLAG=true|INDICATOR=PPI|METHODOLOGY=PPI|OVERLAP=OL|REFERENCE_PERIOD=2010=100|SCALE=0|SECURITY_CLASSIFICATION=PUB|TYPE_OF_TRANSFORMATION=IX|aggregation=quarterly_mean,\N,"{""aggregation_method"": ""quarterly_mean"", ""source_derivation_types"": [""O"", ""O"", ""O""], ""source_months"": [""2024-M04"", ""2024-M05"", ""2024-M06""], ""source_observation_count"": 3, ""source_series_dimensions"": {""ACCESS_SHARING_LEVEL"": ""PUBLIC_OPEN"", ""COUNTRY"": ""UZB"", ""FREQUENCY"": ""M"", ""IFS_FLAG"": ""true"", ""INDICATOR"": ""PPI"", ""METHODOLOGY"": ""PPI"", ""OVERLAP"": ""OL"", ""REFERENCE_PERIOD"": ""2010=100"", ""SCALE"": ""0"", ""SECURITY_CLASSIFICATION"": ""PUB"", ""TYPE_OF_TRANSFORMATION"": ""IX""}}"
UZB,producer_price_index_quarterly_imf,2024-Q3,quarterly,996.8918053458037,\N,derived,IMF_PPI,IMF|ACCESS_SHARING_LEVEL=PUBLIC_OPEN|FREQUENCY=M|IFS_FLAG=true|INDICATOR=PPI|METHODOLOGY=PPI|OVERLAP=OL|REFERENCE_PERIOD=2010=100|SCALE=0|SECURITY_CLASSIFICATION=PUB|TYPE_OF_TRANSFORMATION=IX|aggregation=quarterly_mean,\N,"{""aggregation_method"": ""quarterly_mean"", ""source_derivation_types"": [""O"", ""O"", ""O""], ""source_months"": [""2024-M07"", ""2024-M08"", ""2024-M09""], ""source_observation_count"": 3, ""source_series_dimensions"": {""ACCESS_SHARING_LEVEL"": ""PUBLIC_OPEN"", ""COUNTRY"": ""UZB"", ""FREQUENCY"": ""M"", ""IFS_FLAG"": ""true"", ""INDICATOR"": ""PPI"", ""METHODOLOGY"": ""PPI"", ""OVERLAP"": ""OL"", ""REFERENCE_PERIOD"": ""2010=100"", ""SCALE"": ""0"", ""SECURITY_CLASSIFICATION"": ""PUB"", ""TYPE_OF_TRANSFORMATION"": ""IX""}}"
UZB,producer_price_index_quarterly_imf,2024-Q4,quarterly,1021.6668104107276,\N,derived,IMF_PPI,IMF|ACCESS_SHARING_LEVEL=PUBLIC_OPEN|FREQUENCY=M|IFS_FLAG=true|INDICATOR=PPI|METHODOLOGY=PPI|OVERLAP=OL|REFERENCE_PERIOD=2010=100|SCALE=0|SECURITY_CLASSIFICATION=PUB|TYPE_OF_TRANSFORMATION=IX|aggregation=quarterly_mean,\N,"{""aggregation_method"": ""quarterly_mean"", ""source_derivation_types"": [""O"", ""O"", ""O""], ""source_months"": [""2024-M10"", ""2024-M11"", ""2024-M12""], ""source_observation_count"": 3, ""source_series_dimensions"": {""ACCESS_SHARING_LEVEL"": ""PUBLIC_OPEN"", ""COUNTRY"": ""UZB"", ""FREQUENCY"": ""M"", ""IFS_FLAG"": ""true"", ""INDICATOR"": ""PPI"", ""METHODOLOGY"": ""PPI"", ""OVERLAP"": ""OL"", ""REFERENCE_PERIOD"": ""2010=100"", ""SCALE"": ""0"", ""SECURITY_CLASSIFICATION"": ""PUB"", ""TYPE_OF_TRANSFORMATION"": ""IX""}}"
ZAF,producer_price_index_quarterly_imf,2020-Q1,quarterly,169.08440069764123,\N,derived,IMF_PPI,IMF|ACCESS_SHARING_LEVEL=PUBLIC_OPEN|FREQUENCY=M|IFS_FLAG=true|INDICATOR=PPI|METHODOLOGY=PPI|OVERLAP=OL|REFERENCE_PERIOD=2010=100|SCALE=0|SECURITY_CLASSIFICATION=PUB|TYPE_OF_TRANSFORMATION=IX|aggregation=quarterly_mean,\N,"{""aggregation_method"": ""quarterly_mean"", ""source_derivation_types"": [""O"", ""O"", ""O""], ""source_months"": [""2020-M01"", ""2020-M02"", ""2020-M03""], ""source_observation_count"": 3, ""source_series_dimensions"": {""ACCESS_SHARING_LEVEL"": ""PUBLIC_OPEN"", ""COUNTRY"": ""ZAF"", ""FREQUENCY"": ""M"", ""IFS_FLAG"": ""true"", ""INDICATOR"": ""PPI"", ""METHODOLOGY"": ""PPI"", ""OVERLAP"": ""OL"", ""REFERENCE_PERIOD"": ""2010=100"", ""SCALE"": ""0"", ""SECURITY_CLASSIFICATION"": ""PUB"", ""TYPE_OF_TRANSFORMATION"": ""IX""}}"
ZAF,producer_price_index_quarterly_imf,2020-Q2,quarterly,168.05548953720935,\N,derived,IMF_PPI,IMF|ACCESS_SHARING_LEVEL=PUBLIC_OPEN|FREQUENCY=M|IFS_FLAG=true|INDICATOR=PPI|METHODOLOGY=PPI|OVERLAP=OL|REFERENCE_PERIOD=2010=100|SCALE=0|SECURITY_CLASSIFICATION=PUB|TYPE_OF_TRANSFORMATION=IX|aggregation=quarterly_mean,\N,"{""aggregation_method"": ""quarterly_mean"", ""source_derivation_types"": [""O"", ""O"", ""O""], ""source_months"": [""2020-M04"", ""2020-M05"", ""2020-M06""], ""source_observation_count"": 3, ""source_series_dimensions"": {""ACCESS_SHARING_LEVEL"": ""PUBLIC_OPEN"", ""COUNTRY"": ""ZAF"", ""FREQUENCY"": ""M"", ""IFS_FLAG"": ""true"", ""INDICATOR"": ""PPI"", ""METHODOLOGY"": ""PPI"", ""OVERLAP"": ""OL"", ""REFERENCE_PERIOD"": ""2010=100"", ""SCALE"": ""0"", ""SECURITY_CLASSIFICATION"": ""PUB"", ""TYPE_OF_TRANSFORMATION"": ""IX""}}"
ZAF,producer_price_index_quarterly_imf,2020-Q3,quarterly,171.4851934053157,\N,derived,IMF_PPI,IMF|ACCESS_SHARING_LEVEL=PUBLIC_OPEN|FREQUENCY=M|IFS_FLAG=true|INDICATOR=PPI|METHODOLOGY=PPI|OVERLAP=OL|REFERENCE_PERIOD=2010=100|SCALE=0|SECURITY_CLASSIFICATION=PUB|TYPE_OF_TRANSFORMATION=IX|aggregation=quarterly_mean,\N,"{""aggregation_method"": ""quarterly_mean"", ""source_derivation_types"": [""O"", ""O"", ""O""], ""source_months"": [""2020-M07"", ""2020-M08"", ""2020-M09""], ""source_observation_count"": 3, ""source_series_dimensions"": {""ACCESS_SHARING_LEVEL"": ""PUBLIC_OPEN"", ""COUNTRY"": ""ZAF"", ""FREQUENCY"": ""M"", ""IFS_FLAG"": ""true"", ""INDICATOR"": ""PPI"", ""METHODOLOGY"": ""PPI"", ""OVERLAP"": ""OL"", ""REFERENCE_PERIOD"": ""2010=100"", ""SCALE"": ""0"", ""SECURITY_CLASSIFICATION"": ""PUB"", ""TYPE_OF_TRANSFORMATION"": ""IX""}}"
